# Blender 4.4.1
# www.blender.org
mtllib Clear.mtl
o テキスト
v -14.119122 3.094586 -1.221227
v -14.137173 3.110459 -1.221126
v -14.156017 3.124919 -1.220993
v -14.175650 3.137967 -1.220828
v -14.196075 3.149603 -1.220630
v -14.217291 3.159826 -1.220400
v -14.239300 3.168637 -1.220137
v -14.262096 3.176035 -1.219843
v -14.285686 3.182021 -1.219515
v -14.310064 3.186595 -1.219156
v -14.335238 3.189756 -1.218764
v -14.361197 3.191505 -1.218339
v -14.387947 3.191841 -1.217882
v -14.413498 3.190792 -1.217428
v -14.438288 3.188351 -1.216968
v -14.462317 3.184520 -1.216503
v -14.485580 3.179297 -1.216033
v -14.508083 3.172683 -1.215557
v -14.529825 3.164677 -1.215076
v -14.550802 3.155281 -1.214589
v -14.571016 3.144493 -1.214098
v -14.590471 3.132313 -1.213601
v -14.609159 3.118743 -1.213098
v -14.627089 3.103781 -1.212591
v -14.644255 3.087428 -1.212078
v -14.660324 3.069942 -1.211569
v -14.674963 3.051580 -1.211072
v -14.688171 3.032342 -1.210589
v -14.699949 3.012229 -1.210119
v -14.710299 2.991241 -1.209663
v -14.719215 2.969376 -1.209219
v -14.726704 2.946637 -1.208788
v -14.732759 2.923021 -1.208370
v -14.737383 2.898531 -1.207965
v -14.740578 2.873164 -1.207574
v -14.742344 2.846923 -1.207195
v -14.742676 2.819805 -1.206830
v -14.741564 2.793079 -1.206494
v -14.738976 2.767200 -1.206195
v -14.734911 2.742170 -1.205933
v -14.729376 2.717986 -1.205708
v -14.722364 2.694650 -1.205519
v -14.713882 2.672162 -1.205367
v -14.703922 2.650522 -1.205251
v -14.692490 2.629729 -1.205173
v -14.679583 2.609783 -1.205131
v -14.665201 2.590685 -1.205125
v -14.649345 2.572435 -1.205156
v -14.632015 2.555032 -1.205224
v -14.613621 2.538775 -1.205326
v -14.594570 2.523963 -1.205458
v -14.574865 2.510595 -1.205620
v -14.554504 2.498671 -1.205813
v -14.533487 2.488192 -1.206036
v -14.511812 2.479157 -1.206290
v -14.489483 2.471566 -1.206574
v -14.466499 2.465420 -1.206889
v -14.442862 2.460719 -1.207234
v -14.418568 2.457461 -1.207610
v -14.393618 2.455648 -1.208016
v -14.368015 2.455279 -1.208453
v -14.341314 2.456361 -1.208927
v -14.315514 2.458866 -1.209405
v -14.290609 2.462794 -1.209887
v -14.266602 2.468145 -1.210372
v -14.243494 2.474919 -1.210860
v -14.221285 2.483117 -1.211352
v -14.199974 2.492738 -1.211847
v -14.179558 2.503782 -1.212346
v -14.160040 2.516249 -1.212847
v -14.141420 2.530139 -1.213353
v -14.123699 2.545453 -1.213862
v -14.106878 2.562190 -1.214374
v -14.091202 2.580042 -1.214881
v -14.076921 2.598703 -1.215375
v -14.064037 2.618173 -1.215855
v -14.052547 2.638451 -1.216322
v -14.042456 2.659537 -1.216776
v -14.033760 2.681432 -1.217217
v -14.026459 2.704136 -1.217644
v -14.020552 2.727648 -1.218058
v -14.016043 2.751968 -1.218458
v -14.012930 2.777097 -1.218845
v -14.011213 2.803034 -1.219219
v -14.010891 2.829779 -1.219579
v -14.011993 2.856877 -1.219920
v -14.014532 2.883060 -1.220224
v -14.018515 2.908329 -1.220490
v -14.023935 2.932683 -1.220720
v -14.030796 2.956122 -1.220913
v -14.039093 2.978646 -1.221068
v -14.048834 3.000256 -1.221187
v -14.060011 3.020951 -1.221269
v -14.072630 3.040732 -1.221314
v -14.086687 3.059598 -1.221322
v -14.102186 3.077549 -1.221293
v -14.570274 3.539534 -1.219352
v -14.378077 3.532427 -1.222572
v -14.601809 5.815263 -1.249005
v -15.365604 5.834034 -1.236085
v -15.384785 5.814318 -1.235492
v -12.602062 3.115263 -1.247658
v -12.620113 3.131136 -1.247558
v -12.638958 3.145597 -1.247425
v -12.658592 3.158645 -1.247259
v -12.679016 3.170280 -1.247062
v -12.700233 3.180504 -1.246831
v -12.722240 3.189314 -1.246569
v -12.745037 3.196713 -1.246274
v -12.768627 3.202699 -1.245947
v -12.793005 3.207272 -1.245587
v -12.818178 3.210433 -1.245195
v -12.844139 3.212182 -1.244771
v -12.870892 3.212518 -1.244314
v -12.896442 3.211469 -1.243859
v -12.921234 3.209029 -1.243400
v -12.945261 3.205197 -1.242934
v -12.968525 3.199974 -1.242464
v -12.991028 3.193360 -1.241988
v -13.012770 3.185354 -1.241507
v -13.033747 3.175958 -1.241021
v -13.053961 3.165170 -1.240529
v -13.073416 3.152991 -1.240032
v -13.092104 3.139420 -1.239530
v -13.110033 3.124458 -1.239022
v -13.127199 3.108105 -1.238509
v -13.143269 3.090619 -1.238000
v -13.157907 3.072257 -1.237504
v -13.171116 3.053019 -1.237021
v -13.182894 3.032906 -1.236551
v -13.193243 3.011918 -1.236094
v -13.202160 2.990053 -1.235650
v -13.209648 2.967314 -1.235219
v -13.215704 2.943699 -1.234802
v -13.220327 2.919208 -1.234397
v -13.223522 2.893842 -1.234005
v -13.225288 2.867600 -1.233627
v -13.225620 2.840482 -1.233261
v -13.224508 2.813756 -1.232926
v -13.221920 2.787878 -1.232627
v -13.217855 2.762847 -1.232365
v -13.212320 2.738663 -1.232139
v -13.205311 2.715328 -1.231951
v -13.196827 2.692840 -1.231798
v -13.186867 2.671199 -1.231683
v -13.175434 2.650406 -1.231604
v -13.162527 2.630460 -1.231562
v -13.148146 2.611362 -1.231557
v -13.132290 2.593112 -1.231588
v -13.114960 2.575709 -1.231656
v -13.096565 2.559453 -1.231757
v -13.077515 2.544640 -1.231889
v -13.057810 2.531272 -1.232051
v -13.037449 2.519349 -1.232244
v -13.016432 2.508869 -1.232468
v -12.994757 2.499834 -1.232722
v -12.972427 2.492244 -1.233006
v -12.949444 2.486098 -1.233320
v -12.925806 2.481396 -1.233666
v -12.901512 2.478138 -1.234041
v -12.876562 2.476325 -1.234447
v -12.850960 2.475956 -1.234884
v -12.824259 2.477038 -1.235359
v -12.798458 2.479543 -1.235837
v -12.773554 2.483471 -1.236318
v -12.749546 2.488822 -1.236803
v -12.726439 2.495597 -1.237292
v -12.704229 2.503794 -1.237783
v -12.682919 2.513415 -1.238279
v -12.662502 2.524459 -1.238777
v -12.642984 2.536926 -1.239279
v -12.624365 2.550817 -1.239784
v -12.606644 2.566130 -1.240293
v -12.589823 2.582867 -1.240805
v -12.574146 2.600719 -1.241312
v -12.559866 2.619380 -1.241806
v -12.546982 2.638850 -1.242287
v -12.535492 2.659128 -1.242754
v -12.525400 2.680215 -1.243208
v -12.516705 2.702110 -1.243648
v -12.509403 2.724813 -1.244075
v -12.503496 2.748325 -1.244489
v -12.498987 2.772645 -1.244889
v -12.495874 2.797774 -1.245277
v -12.494158 2.823711 -1.245650
v -12.493835 2.850456 -1.246011
v -12.494938 2.877554 -1.246351
v -12.497477 2.903738 -1.246655
v -12.501459 2.929006 -1.246922
v -12.506880 2.953360 -1.247151
v -12.513741 2.976799 -1.247344
v -12.522038 2.999323 -1.247500
v -12.531778 3.020933 -1.247619
v -12.542955 3.041629 -1.247700
v -12.555574 3.061409 -1.247745
v -12.569632 3.080275 -1.247753
v -12.585131 3.098226 -1.247724
v -13.053219 3.560211 -1.245784
v -12.861021 3.553104 -1.249003
v -13.084753 5.835940 -1.275436
v -13.848549 5.854711 -1.262516
v -13.867729 5.834995 -1.261924
v -10.911957 2.580202 -1.269700
v -10.233322 2.565134 -1.281201
v -10.635592 4.395655 -1.298554
v -10.638931 4.412480 -1.298719
v -10.641989 4.428194 -1.298875
v -10.644756 4.442798 -1.299021
v -10.647240 4.456291 -1.299158
v -10.649437 4.468673 -1.299284
v -10.651350 4.479945 -1.299401
v -10.652975 4.490106 -1.299507
v -10.654318 4.499156 -1.299604
v -10.655375 4.507096 -1.299691
v -10.656145 4.513925 -1.299769
v -10.656628 4.519643 -1.299836
v -10.656826 4.524251 -1.299894
v -10.656757 4.531015 -1.299985
v -10.656366 4.537530 -1.300078
v -10.655651 4.543797 -1.300174
v -10.654612 4.549814 -1.300271
v -10.653248 4.555583 -1.300371
v -10.651560 4.561103 -1.300474
v -10.649548 4.566374 -1.300578
v -10.647211 4.571396 -1.300685
v -10.644550 4.576169 -1.300795
v -10.641563 4.580694 -1.300906
v -10.638254 4.584970 -1.301020
v -10.634623 4.588996 -1.301136
v -10.630665 4.592815 -1.301255
v -10.626383 4.596471 -1.301377
v -10.621778 4.599962 -1.301503
v -10.616854 4.603288 -1.301632
v -10.611601 4.606450 -1.301764
v -10.606030 4.609448 -1.301900
v -10.600132 4.612281 -1.302040
v -10.593912 4.614949 -1.302182
v -10.587368 4.617454 -1.302328
v -10.580503 4.619793 -1.302478
v -10.573313 4.621968 -1.302631
v -10.565804 4.623979 -1.302787
v -10.557968 4.625850 -1.302947
v -10.549812 4.627608 -1.303111
v -10.541330 4.629251 -1.303279
v -10.532528 4.630782 -1.303451
v -10.523403 4.632198 -1.303627
v -10.513956 4.633501 -1.303807
v -10.504187 4.634689 -1.303991
v -10.494095 4.635764 -1.304179
v -10.483681 4.636725 -1.304372
v -10.472944 4.637572 -1.304568
v -10.461885 4.638306 -1.304769
v -10.450510 4.638925 -1.304973
v -10.438824 4.639473 -1.305182
v -10.426849 4.639991 -1.305395
v -10.414589 4.640479 -1.305613
v -10.402040 4.640937 -1.305835
v -10.389204 4.641365 -1.306062
v -10.376081 4.641764 -1.306294
v -10.362669 4.642132 -1.306530
v -10.348970 4.642471 -1.306771
v -10.334984 4.642779 -1.307016
v -10.320711 4.643059 -1.307266
v -10.306149 4.643308 -1.307520
v -10.291302 4.643527 -1.307779
v -10.307438 4.755169 -1.308982
v -10.378408 4.772069 -1.307983
v -10.446556 4.787454 -1.307012
v -10.511879 4.801323 -1.306070
v -10.574377 4.813677 -1.305156
v -10.634052 4.824516 -1.304271
v -10.690903 4.833840 -1.303414
v -10.744928 4.841649 -1.302587
v -10.796131 4.847942 -1.301787
v -10.844509 4.852720 -1.301016
v -10.890062 4.855984 -1.300274
v -10.932793 4.857732 -1.299561
v -10.972698 4.857965 -1.298876
v -11.000196 4.857168 -1.298391
v -11.026772 4.855538 -1.297911
v -11.052422 4.853078 -1.297436
v -11.077147 4.849786 -1.296966
v -11.100948 4.845662 -1.296501
v -11.123831 4.840706 -1.296041
v -11.145788 4.834918 -1.295586
v -11.166822 4.828299 -1.295135
v -11.186932 4.820848 -1.294689
v -11.206116 4.812565 -1.294249
v -11.224379 4.803450 -1.293813
v -11.241720 4.793503 -1.293382
v -11.257881 4.782745 -1.292961
v -11.272615 4.771196 -1.292553
v -11.285919 4.758855 -1.292160
v -11.297794 4.745724 -1.291781
v -11.308241 4.731802 -1.291416
v -11.317257 4.717088 -1.291066
v -11.324844 4.701583 -1.290729
v -11.331001 4.685287 -1.290407
v -11.335730 4.668200 -1.290098
v -11.339027 4.650322 -1.289804
v -11.340899 4.631653 -1.289524
v -11.341335 4.612193 -1.289259
v -11.341267 4.608479 -1.289211
v -11.341160 4.604630 -1.289161
v -11.341022 4.600646 -1.289111
v -11.340847 4.596528 -1.289059
v -11.340635 4.592275 -1.289006
v -11.340389 4.587888 -1.288952
v -11.340107 4.583365 -1.288897
v -11.339790 4.578709 -1.288841
v -11.339437 4.573917 -1.288784
v -11.339046 4.568992 -1.288725
v -11.338621 4.563931 -1.288665
v -11.338163 4.558736 -1.288604
v -11.413397 4.605485 -1.287927
v -11.488607 4.648081 -1.287196
v -11.563791 4.686522 -1.286409
v -11.638958 4.720809 -1.285568
v -11.714098 4.750942 -1.284672
v -11.789213 4.776921 -1.283722
v -11.864305 4.798747 -1.282717
v -11.939375 4.816418 -1.281657
v -12.014420 4.829935 -1.280542
v -12.089439 4.839298 -1.279373
v -12.164434 4.844508 -1.278149
v -12.239408 4.845563 -1.276871
v -12.256124 4.823449 -1.276289
v -12.240705 4.759757 -1.275710
v -12.225378 4.695523 -1.275122
v -12.210144 4.630748 -1.274525
v -12.195005 4.565432 -1.273919
v -12.179958 4.499573 -1.273305
v -12.165007 4.433172 -1.272681
v -12.150146 4.366230 -1.272049
v -12.135382 4.298747 -1.271409
v -12.120712 4.230721 -1.270759
v -12.106133 4.162154 -1.270100
v -12.091650 4.093045 -1.269433
v -12.077257 4.023395 -1.268757
v -11.926189 4.001136 -1.271066
v -11.919355 4.044233 -1.271756
v -11.912222 4.084987 -1.272420
v -11.904781 4.123398 -1.273058
v -11.897039 4.159465 -1.273670
v -11.888996 4.193189 -1.274256
v -11.880650 4.224570 -1.274816
v -11.872002 4.253608 -1.275351
v -11.863050 4.280302 -1.275859
v -11.853794 4.304653 -1.276342
v -11.844236 4.326661 -1.276799
v -11.834379 4.346326 -1.277230
v -11.824217 4.363647 -1.277635
v -11.813507 4.379136 -1.278025
v -11.802000 4.393301 -1.278411
v -11.789700 4.406142 -1.278794
v -11.776606 4.417661 -1.279172
v -11.762712 4.427856 -1.279547
v -11.748028 4.436728 -1.279918
v -11.732546 4.444276 -1.280285
v -11.716270 4.450501 -1.280648
v -11.699196 4.455403 -1.281008
v -11.681330 4.458982 -1.281363
v -11.662668 4.461238 -1.281715
v -11.643211 4.462171 -1.282063
v -11.621134 4.461728 -1.282438
v -11.597857 4.459816 -1.282814
v -11.573374 4.456435 -1.283191
v -11.547689 4.451583 -1.283570
v -11.520805 4.445262 -1.283949
v -11.492716 4.437471 -1.284330
v -11.463425 4.428211 -1.284712
v -11.432932 4.417481 -1.285096
v -11.401236 4.405281 -1.285480
v -11.368338 4.391612 -1.285866
v -11.334238 4.376473 -1.286253
v -11.298931 4.359864 -1.286642
v -9.769266 4.874367 -1.319843
v -9.810226 4.847059 -1.318774
v -9.794516 4.796679 -1.318377
v -9.778740 4.744002 -1.317950
v -9.762899 4.689030 -1.317494
v -9.746992 4.631762 -1.317008
v -9.731020 4.572198 -1.316493
v -9.714983 4.510338 -1.315949
v -9.698877 4.446183 -1.315375
v -9.682711 4.379731 -1.314772
v -9.666475 4.310984 -1.314140
v -9.650173 4.239942 -1.313478
v -9.633808 4.166603 -1.312787
v -9.617376 4.090968 -1.312067
v -9.383577 3.012007 -1.301781
v -9.381510 3.002848 -1.301696
v -9.379614 2.993958 -1.301610
v -9.377890 2.985335 -1.301526
v -9.376337 2.976979 -1.301442
v -9.374958 2.968892 -1.301358
v -9.373755 2.961073 -1.301275
v -9.372721 2.953522 -1.301193
v -9.371859 2.946238 -1.301111
v -9.371170 2.939222 -1.301030
v -9.370651 2.932474 -1.300949
v -9.370308 2.925994 -1.300869
v -9.370142 2.919782 -1.300789
v -9.370169 2.911414 -1.300678
v -9.370487 2.903329 -1.300565
v -9.371098 2.895527 -1.300451
v -9.372000 2.888008 -1.300336
v -9.373188 2.880772 -1.300219
v -9.374672 2.873820 -1.300102
v -9.376446 2.867151 -1.299982
v -9.378510 2.860764 -1.299862
v -9.380865 2.854661 -1.299740
v -9.383511 2.848841 -1.299618
v -9.386448 2.843304 -1.299494
v -9.389679 2.838050 -1.299368
v -9.393221 2.833020 -1.299240
v -9.397104 2.828155 -1.299109
v -9.401329 2.823453 -1.298974
v -9.405893 2.818916 -1.298835
v -9.410797 2.814542 -1.298692
v -9.416042 2.810333 -1.298546
v -9.421627 2.806289 -1.298396
v -9.427549 2.802408 -1.298242
v -9.433813 2.798692 -1.298085
v -9.440418 2.795140 -1.297924
v -9.447361 2.791753 -1.297759
v -9.454645 2.788529 -1.297591
v -9.462288 2.785478 -1.297419
v -9.470304 2.782608 -1.297242
v -9.478691 2.779918 -1.297062
v -9.487455 2.777409 -1.296878
v -9.496592 2.775081 -1.296689
v -9.506104 2.772933 -1.296497
v -9.515987 2.770966 -1.296300
v -9.526247 2.769180 -1.296100
v -9.536880 2.767574 -1.295895
v -9.547888 2.766149 -1.295686
v -9.559269 2.764904 -1.295473
v -9.571022 2.763841 -1.295257
v -9.583193 2.762898 -1.295034
v -9.595821 2.762017 -1.294805
v -9.608906 2.761197 -1.294568
v -9.622446 2.760438 -1.294325
v -9.636442 2.759741 -1.294074
v -9.650898 2.759104 -1.293817
v -9.665808 2.758530 -1.293552
v -9.681177 2.758016 -1.293280
v -9.697001 2.757564 -1.293001
v -9.713282 2.757173 -1.292715
v -9.730021 2.756844 -1.292422
v -9.747215 2.756576 -1.292122
v -9.728615 2.642535 -1.290930
v -9.658930 2.627172 -1.291927
v -9.592171 2.613187 -1.292893
v -9.528334 2.600581 -1.293826
v -9.467422 2.589353 -1.294728
v -9.409431 2.579504 -1.295597
v -9.354368 2.571034 -1.296434
v -9.302225 2.563943 -1.297239
v -9.253006 2.558230 -1.298012
v -9.206711 2.553897 -1.298752
v -9.163342 2.550941 -1.299461
v -9.122892 2.549365 -1.300137
v -9.085367 2.549167 -1.300782
v -9.055534 2.550139 -1.301309
v -9.026814 2.552228 -1.301832
v -8.999208 2.555433 -1.302351
v -8.972713 2.559754 -1.302865
v -8.947332 2.565192 -1.303374
v -8.923065 2.571745 -1.303880
v -8.899910 2.579416 -1.304381
v -8.877869 2.588202 -1.304878
v -8.856941 2.598104 -1.305370
v -8.837126 2.609123 -1.305858
v -8.818422 2.621259 -1.306341
v -8.800833 2.634510 -1.306820
v -8.784525 2.648808 -1.307291
v -8.769665 2.664083 -1.307750
v -8.756254 2.680334 -1.308197
v -8.744291 2.697562 -1.308632
v -8.733778 2.715766 -1.309054
v -8.724716 2.734947 -1.309465
v -8.717100 2.755105 -1.309864
v -8.710934 2.776239 -1.310251
v -8.706215 2.798350 -1.310626
v -8.702948 2.821438 -1.310988
v -8.701126 2.845502 -1.311339
v -8.700758 2.870542 -1.311678
v -8.701433 2.919169 -1.312311
v -8.628942 2.858400 -1.312755
v -8.559935 2.802953 -1.313209
v -8.494415 2.752829 -1.313673
v -8.432379 2.708028 -1.314149
v -8.373827 2.668549 -1.314634
v -8.318760 2.634393 -1.315130
v -8.267178 2.605560 -1.315637
v -8.219080 2.582050 -1.316155
v -8.174467 2.563862 -1.316683
v -8.133339 2.550997 -1.317221
v -8.095697 2.543455 -1.317770
v -8.061539 2.541235 -1.318329
v -8.007235 2.543741 -1.319299
v -7.954529 2.549753 -1.320287
v -7.903427 2.559273 -1.321295
v -7.853930 2.572301 -1.322321
v -7.806034 2.588837 -1.323367
v -7.759739 2.608880 -1.324431
v -7.715044 2.632431 -1.325514
v -7.671953 2.659489 -1.326616
v -7.630465 2.690055 -1.327737
v -7.590580 2.724128 -1.328876
v -7.552296 2.761710 -1.330035
v -7.515614 2.802799 -1.331213
v -7.481266 2.846575 -1.332386
v -7.449982 2.892217 -1.333531
v -7.421762 2.939726 -1.334648
v -7.396610 2.989102 -1.335737
v -7.374525 3.040344 -1.336798
v -7.355503 3.093452 -1.337830
v -7.339548 3.148427 -1.338835
v -7.326658 3.205269 -1.339811
v -7.316832 3.263977 -1.340760
v -7.310072 3.324552 -1.341680
v -7.306379 3.386993 -1.342572
v -7.305752 3.451300 -1.343436
v -7.310066 3.552448 -1.344704
v -7.320168 3.650849 -1.345836
v -7.336060 3.746502 -1.346831
v -7.357738 3.839408 -1.347690
v -7.385202 3.929568 -1.348413
v -7.418457 4.016980 -1.348999
v -7.457499 4.101645 -1.349449
v -7.502327 4.183563 -1.349763
v -7.552942 4.262734 -1.349941
v -7.609348 4.339158 -1.349983
v -7.671539 4.412834 -1.349888
v -7.739515 4.483764 -1.349657
v -7.811876 4.550361 -1.349293
v -7.887213 4.611041 -1.348799
v -7.965521 4.665804 -1.348176
v -8.046804 4.714649 -1.347422
v -8.131063 4.757577 -1.346539
v -8.218294 4.794587 -1.345526
v -8.308502 4.825680 -1.344383
v -8.401684 4.850856 -1.343111
v -8.497839 4.870114 -1.341709
v -8.596972 4.883455 -1.340176
v -8.699076 4.890879 -1.338514
v -8.804155 4.892385 -1.336722
v -8.851456 4.891115 -1.335890
v -8.899343 4.888588 -1.335031
v -8.947823 4.884803 -1.334145
v -8.996893 4.879761 -1.333232
v -9.046553 4.873460 -1.332292
v -9.096804 4.865902 -1.331325
v -9.147642 4.857086 -1.330332
v -9.199074 4.847013 -1.329311
v -9.251097 4.835681 -1.328264
v -9.303711 4.823092 -1.327190
v -9.356911 4.809246 -1.326089
v -9.410706 4.794142 -1.324961
v -9.440746 4.799153 -1.324509
v -9.470760 4.804469 -1.324062
v -9.500744 4.810089 -1.323620
v -9.530697 4.816013 -1.323182
v -9.560623 4.822242 -1.322749
v -9.590515 4.828775 -1.322320
v -9.620382 4.835613 -1.321896
v -9.650217 4.842755 -1.321476
v -9.680025 4.850202 -1.321061
v -9.709801 4.857953 -1.320650
v -9.739548 4.866008 -1.320245
v -8.738873 3.164270 -1.314918
v -9.055489 4.604440 -1.328568
v -9.033489 4.614450 -1.329080
v -9.010973 4.623623 -1.329590
v -8.987936 4.631958 -1.330098
v -8.964382 4.639456 -1.330604
v -8.940310 4.646117 -1.331107
v -8.915720 4.651941 -1.331609
v -8.890612 4.656927 -1.332108
v -8.864983 4.661076 -1.332605
v -8.838840 4.664388 -1.333099
v -8.812176 4.666862 -1.333592
v -8.784994 4.668499 -1.334082
v -8.757296 4.669299 -1.334570
v -8.704956 4.667479 -1.335449
v -8.654100 4.660573 -1.336234
v -8.604727 4.648581 -1.336926
v -8.556835 4.631501 -1.337525
v -8.510429 4.609335 -1.338031
v -8.465506 4.582084 -1.338444
v -8.422064 4.549745 -1.338764
v -8.380108 4.512321 -1.338991
v -8.339632 4.469809 -1.339125
v -8.300640 4.422211 -1.339165
v -8.263134 4.369527 -1.339113
v -8.227108 4.311756 -1.338968
v -8.193254 4.251051 -1.338746
v -8.162260 4.189564 -1.338464
v -8.134125 4.127295 -1.338123
v -8.108850 4.064244 -1.337722
v -8.086435 4.000411 -1.337262
v -8.066879 3.935796 -1.336742
v -8.050186 3.870399 -1.336162
v -8.036348 3.804220 -1.335522
v -8.025375 3.737259 -1.334823
v -8.017260 3.669516 -1.334064
v -8.012005 3.600991 -1.333245
v -8.009607 3.531683 -1.332367
v -8.009579 3.491162 -1.331830
v -8.010624 3.451454 -1.331285
v -8.012743 3.412559 -1.330732
v -8.015942 3.374476 -1.330172
v -8.020212 3.337206 -1.329604
v -8.025557 3.300750 -1.329028
v -8.031979 3.265105 -1.328444
v -8.039474 3.230274 -1.327853
v -8.048048 3.196256 -1.327253
v -8.057692 3.163050 -1.326647
v -8.068415 3.130657 -1.326032
v -8.080212 3.099078 -1.325409
v -8.092724 3.069194 -1.324797
v -8.105591 3.041888 -1.324213
v -8.118816 3.017162 -1.323657
v -8.132397 2.995015 -1.323129
v -8.146336 2.975447 -1.322629
v -8.160629 2.958457 -1.322157
v -8.175282 2.944047 -1.321713
v -8.190290 2.932215 -1.321297
v -8.205654 2.922963 -1.320910
v -8.221375 2.916289 -1.320550
v -8.237453 2.912194 -1.320219
v -8.253893 2.910678 -1.319915
v -8.278061 2.912156 -1.319518
v -8.305182 2.917207 -1.319117
v -8.335258 2.925832 -1.318713
v -8.368288 2.938030 -1.318305
v -8.404270 2.953803 -1.317894
v -8.443207 2.973148 -1.317480
v -8.485100 2.996068 -1.317062
v -8.529945 3.022561 -1.316640
v -8.577744 3.052628 -1.316215
v -8.628496 3.086268 -1.315786
v -8.682205 3.123482 -1.315354
v -5.975374 2.905257 -1.359129
v -6.032982 2.905840 -1.358144
v -6.090727 2.909156 -1.357192
v -6.148615 2.915207 -1.356274
v -6.206640 2.923991 -1.355390
v -6.264803 2.935509 -1.354540
v -6.323107 2.949761 -1.353724
v -6.381552 2.966747 -1.352942
v -6.440134 2.986467 -1.352193
v -6.498852 3.008921 -1.351479
v -6.557713 3.034108 -1.350798
v -6.616713 3.062030 -1.350152
v -6.675850 3.092685 -1.349539
v -6.756826 2.969992 -1.346514
v -6.677826 2.906204 -1.347030
v -6.597486 2.848074 -1.347644
v -6.515806 2.795604 -1.348356
v -6.432783 2.748792 -1.349167
v -6.348423 2.707639 -1.350075
v -6.262724 2.672144 -1.351082
v -6.175684 2.642308 -1.352186
v -6.087301 2.618131 -1.353390
v -5.997581 2.599612 -1.354691
v -5.906521 2.586752 -1.356090
v -5.814121 2.579551 -1.357588
v -5.720379 2.578009 -1.359184
v -5.647840 2.580669 -1.360470
v -5.577707 2.586641 -1.361758
v -5.509987 2.595923 -1.363049
v -5.444677 2.608516 -1.364342
v -5.381775 2.624420 -1.365638
v -5.321285 2.643635 -1.366936
v -5.263203 2.666161 -1.368236
v -5.207533 2.691998 -1.369539
v -5.154272 2.721145 -1.370844
v -5.103422 2.753604 -1.372151
v -5.054981 2.789373 -1.373461
v -5.008949 2.828453 -1.374773
v -4.966032 2.870395 -1.376070
v -4.926929 2.914751 -1.377333
v -4.891644 2.961521 -1.378561
v -4.860172 3.010704 -1.379757
v -4.832518 3.062300 -1.380918
v -4.808680 3.116310 -1.382046
v -4.788658 3.172734 -1.383140
v -4.772453 3.231571 -1.384200
v -4.760061 3.292822 -1.385226
v -4.751488 3.356487 -1.386219
v -4.746731 3.422565 -1.387178
v -4.745787 3.491056 -1.388103
v -4.750271 3.592944 -1.389377
v -4.760864 3.691946 -1.390508
v -4.777561 3.788062 -1.391496
v -4.800367 3.881290 -1.392340
v -4.829279 3.971632 -1.393040
v -4.864296 4.059088 -1.393597
v -4.905420 4.143657 -1.394010
v -4.952652 4.225340 -1.394279
v -5.005991 4.304136 -1.394405
v -5.065434 4.380045 -1.394387
v -5.130985 4.453068 -1.394226
v -5.202646 4.523205 -1.393921
v -5.278620 4.588976 -1.393484
v -5.357111 4.648903 -1.392926
v -5.438122 4.702988 -1.392247
v -5.521652 4.751228 -1.391446
v -5.607702 4.793625 -1.390525
v -5.696270 4.830178 -1.389483
v -5.787359 4.860888 -1.388320
v -5.880966 4.885753 -1.387036
v -5.977095 4.904776 -1.385631
v -6.075741 4.917954 -1.384105
v -6.176907 4.925289 -1.382458
v -6.280592 4.926781 -1.380690
v -6.337814 4.925115 -1.379681
v -6.392782 4.921705 -1.378689
v -6.445499 4.916553 -1.377711
v -6.495960 4.909660 -1.376750
v -6.544168 4.901023 -1.375804
v -6.590126 4.890645 -1.374874
v -6.633827 4.878523 -1.373959
v -6.675276 4.864659 -1.373061
v -6.714474 4.849053 -1.372178
v -6.751417 4.831704 -1.371311
v -6.786106 4.812613 -1.370459
v -6.818544 4.791780 -1.369624
v -6.848528 4.769290 -1.368808
v -6.875854 4.745234 -1.368018
v -6.900524 4.719608 -1.367252
v -6.922541 4.692415 -1.366512
v -6.941898 4.663653 -1.365797
v -6.958601 4.633324 -1.365106
v -6.972649 4.601426 -1.364441
v -6.984039 4.567961 -1.363800
v -6.992771 4.532927 -1.363185
v -6.998852 4.496325 -1.362594
v -7.002274 4.458155 -1.362029
v -7.003038 4.418417 -1.361488
v -6.999647 4.368501 -1.360885
v -6.990870 4.320061 -1.360393
v -6.976707 4.273096 -1.360014
v -6.957165 4.227605 -1.359747
v -6.932240 4.183590 -1.359593
v -6.901930 4.141050 -1.359551
v -6.866238 4.099985 -1.359622
v -6.825161 4.060395 -1.359805
v -6.778704 4.022280 -1.360100
v -6.726862 3.985640 -1.360508
v -6.669634 3.950475 -1.361028
v -6.607027 3.916785 -1.361660
v -6.539175 3.885024 -1.362409
v -6.466225 3.855646 -1.363277
v -6.388174 3.828652 -1.364264
v -6.305021 3.804040 -1.365371
v -6.216770 3.781812 -1.366598
v -6.123417 3.761966 -1.367944
v -6.024965 3.744504 -1.369410
v -5.921412 3.729425 -1.370996
v -5.812757 3.716729 -1.372700
v -5.699003 3.706416 -1.374525
v -5.580147 3.698486 -1.376469
v -5.456192 3.692939 -1.378533
v -5.455280 3.683275 -1.378420
v -5.454439 3.673711 -1.378308
v -5.453665 3.664248 -1.378196
v -5.452961 3.654885 -1.378083
v -5.452328 3.645622 -1.377972
v -5.451759 3.636460 -1.377860
v -5.451263 3.627398 -1.377748
v -5.450834 3.618437 -1.377637
v -5.450478 3.609576 -1.377525
v -5.450186 3.600816 -1.377414
v -5.449965 3.592155 -1.377303
v -5.449812 3.583595 -1.377192
v -5.449997 3.529967 -1.376477
v -5.452072 3.478491 -1.375758
v -5.456032 3.429168 -1.375036
v -5.461880 3.381997 -1.374309
v -5.469614 3.336980 -1.373578
v -5.479237 3.294115 -1.372843
v -5.490746 3.253403 -1.372105
v -5.504143 3.214844 -1.371362
v -5.519428 3.178437 -1.370615
v -5.536600 3.144183 -1.369865
v -5.555656 3.112082 -1.369110
v -5.576605 3.082134 -1.368352
v -5.599440 3.054440 -1.367591
v -5.624163 3.029101 -1.366828
v -5.650780 3.006117 -1.366064
v -5.679285 2.985489 -1.365299
v -5.709681 2.967216 -1.364532
v -5.741966 2.951299 -1.363765
v -5.776144 2.937737 -1.362995
v -5.812208 2.926530 -1.362225
v -5.850164 2.917679 -1.361453
v -5.890011 2.911183 -1.360680
v -5.931747 2.907042 -1.359905
v -5.736750 4.461210 -1.383890
v -5.706999 4.423610 -1.383904
v -5.678740 4.384149 -1.383867
v -5.651978 4.342827 -1.383780
v -5.626707 4.299644 -1.383643
v -5.602934 4.254600 -1.383455
v -5.580652 4.207695 -1.383217
v -5.559866 4.158928 -1.382928
v -5.540571 4.108301 -1.382589
v -5.522772 4.055813 -1.382200
v -5.506466 4.001463 -1.381760
v -5.491655 3.945252 -1.381269
v -5.478336 3.887181 -1.380728
v -5.612909 3.901001 -1.378591
v -5.735874 3.920350 -1.376728
v -5.847229 3.945227 -1.375138
v -5.946978 3.975633 -1.373822
v -6.035114 4.011567 -1.372779
v -6.111645 4.053030 -1.372010
v -6.176565 4.100021 -1.371514
v -6.229877 4.152541 -1.371291
v -6.271580 4.210588 -1.371342
v -6.301674 4.274165 -1.371667
v -6.320160 4.343270 -1.372265
v -6.327038 4.417903 -1.373137
v -6.326916 4.438938 -1.373418
v -6.325954 4.459089 -1.373702
v -6.324154 4.478357 -1.373989
v -6.321512 4.496741 -1.374279
v -6.318031 4.514242 -1.374571
v -6.313709 4.530859 -1.374866
v -6.308550 4.546593 -1.375164
v -6.302549 4.561442 -1.375464
v -6.295710 4.575408 -1.375767
v -6.288031 4.588491 -1.376073
v -6.279512 4.600690 -1.376382
v -6.270151 4.612006 -1.376693
v -6.260139 4.622436 -1.377005
v -6.249659 4.631976 -1.377312
v -6.238710 4.640628 -1.377615
v -6.227291 4.648392 -1.377915
v -6.215406 4.655266 -1.378211
v -6.203053 4.661252 -1.378504
v -6.190231 4.666350 -1.378793
v -6.176941 4.670559 -1.379078
v -6.163183 4.673879 -1.379359
v -6.148954 4.676311 -1.379636
v -6.134260 4.677853 -1.379910
v -6.119097 4.678507 -1.380180
v -6.085983 4.677413 -1.380737
v -6.053099 4.673226 -1.381248
v -6.020439 4.665946 -1.381715
v -5.988010 4.655571 -1.382136
v -5.955807 4.642103 -1.382513
v -5.923830 4.625542 -1.382844
v -5.892080 4.605887 -1.383131
v -5.860559 4.583139 -1.383373
v -5.829266 4.557297 -1.383569
v -5.798201 4.528362 -1.383721
v -5.767361 4.496333 -1.383828
v -3.882607 5.951636 -1.435635
v -3.479839 6.015490 -1.443427
v -3.483721 6.120004 -1.444747
v -3.590603 6.135249 -1.443106
v -3.695227 6.150693 -1.441507
v -3.797586 6.166338 -1.439950
v -3.897688 6.182182 -1.438434
v -3.995533 6.198225 -1.436960
v -4.091114 6.214468 -1.435528
v -4.184437 6.230911 -1.434137
v -4.275499 6.247554 -1.432787
v -4.364302 6.264397 -1.431480
v -4.450844 6.281438 -1.430214
v -4.535126 6.298680 -1.428989
v -4.617149 6.316121 -1.427806
v -4.645918 6.286548 -1.426918
v -4.642023 6.271022 -1.426779
v -4.638056 6.255143 -1.426637
v -4.634012 6.238910 -1.426491
v -4.629898 6.222323 -1.426342
v -4.625713 6.205383 -1.426189
v -4.621454 6.188089 -1.426033
v -4.617123 6.170442 -1.425874
v -4.612720 6.152441 -1.425711
v -4.608244 6.134086 -1.425545
v -4.603695 6.115377 -1.425375
v -4.599073 6.096315 -1.425201
v -4.594383 6.076900 -1.425025
v -4.589626 6.057156 -1.424845
v -4.584814 6.037108 -1.424662
v -4.579947 6.016758 -1.424476
v -4.575026 5.996104 -1.424286
v -4.570051 5.975147 -1.424094
v -4.565018 5.953887 -1.423899
v -4.559933 5.932323 -1.423700
v -4.554794 5.910457 -1.423499
v -4.549597 5.888287 -1.423294
v -4.544346 5.865813 -1.423087
v -4.539040 5.843037 -1.422876
v -4.533678 5.819957 -1.422662
v -4.528271 5.796599 -1.422445
v -4.522827 5.772989 -1.422226
v -4.517345 5.749125 -1.422004
v -4.511827 5.725009 -1.421779
v -4.506273 5.700641 -1.421551
v -4.500679 5.676019 -1.421321
v -4.495049 5.651145 -1.421088
v -4.489380 5.626018 -1.420852
v -4.483677 5.600637 -1.420614
v -4.477934 5.575005 -1.420373
v -4.472155 5.549119 -1.420129
v -4.466339 5.522980 -1.419883
v -4.460480 5.496648 -1.419634
v -4.454565 5.470181 -1.419385
v -4.448599 5.443581 -1.419135
v -4.442579 5.416845 -1.418884
v -4.436508 5.389976 -1.418632
v -4.430386 5.362972 -1.418379
v -4.424210 5.335834 -1.418126
v -4.417978 5.308560 -1.417871
v -4.411697 5.281154 -1.417616
v -4.405365 5.253612 -1.417360
v -4.398977 5.225936 -1.417103
v -4.392536 5.198126 -1.416844
v -3.927944 3.081503 -1.396770
v -3.926283 3.073808 -1.396696
v -3.924759 3.066077 -1.396620
v -3.923367 3.058311 -1.396541
v -3.922110 3.050509 -1.396459
v -3.920988 3.042672 -1.396374
v -3.920002 3.034799 -1.396287
v -3.919149 3.026890 -1.396197
v -3.918432 3.018946 -1.396104
v -3.917849 3.010966 -1.396008
v -3.917400 3.002951 -1.395909
v -3.917086 2.994900 -1.395808
v -3.916906 2.986813 -1.395704
v -3.917177 2.974135 -1.395531
v -3.918352 2.962037 -1.395350
v -3.920429 2.950516 -1.395161
v -3.923410 2.939575 -1.394965
v -3.927294 2.929212 -1.394760
v -3.932079 2.919428 -1.394548
v -3.937769 2.910223 -1.394328
v -3.944363 2.901597 -1.394099
v -3.951857 2.893549 -1.393863
v -3.960257 2.886080 -1.393620
v -3.969557 2.879190 -1.393368
v -3.979765 2.872878 -1.393108
v -3.991732 2.867066 -1.392825
v -4.006323 2.861674 -1.392501
v -4.023539 2.856703 -1.392139
v -4.043377 2.852151 -1.391736
v -4.065838 2.848020 -1.391294
v -4.090919 2.844309 -1.390812
v -4.118628 2.841019 -1.390291
v -4.148956 2.838148 -1.389730
v -4.181911 2.835698 -1.389129
v -4.217489 2.833668 -1.388489
v -4.255690 2.832058 -1.387809
v -4.296511 2.830868 -1.387089
v -4.280342 2.716794 -1.385854
v -4.211197 2.701423 -1.386842
v -4.144438 2.687438 -1.387808
v -4.080061 2.674840 -1.388751
v -4.018068 2.663627 -1.389671
v -3.958456 2.653800 -1.390568
v -3.901232 2.645360 -1.391443
v -3.846388 2.638305 -1.392295
v -3.793928 2.632637 -1.393124
v -3.743851 2.628355 -1.393931
v -3.696159 2.625458 -1.394715
v -3.650848 2.623948 -1.395476
v -3.607922 2.623824 -1.396215
v -3.575809 2.624768 -1.396781
v -3.545111 2.626707 -1.397336
v -3.515827 2.629639 -1.397880
v -3.487961 2.633565 -1.398412
v -3.461508 2.638485 -1.398934
v -3.436472 2.644399 -1.399444
v -3.412849 2.651307 -1.399943
v -3.390646 2.659209 -1.400430
v -3.369854 2.668105 -1.400907
v -3.350479 2.677995 -1.401372
v -3.332518 2.688879 -1.401826
v -3.315973 2.700757 -1.402269
v -3.300812 2.713629 -1.402701
v -3.286997 2.727496 -1.403124
v -3.274530 2.742358 -1.403536
v -3.263409 2.758215 -1.403938
v -3.253639 2.775067 -1.404330
v -3.245214 2.792913 -1.404712
v -3.238140 2.811755 -1.405084
v -3.232410 2.831592 -1.405446
v -3.228031 2.852423 -1.405798
v -3.224998 2.874249 -1.406140
v -3.223312 2.897070 -1.406472
v -3.222977 2.920886 -1.406794
v -3.223251 2.928701 -1.406892
v -3.223881 2.937558 -1.406999
v -3.224863 2.947458 -1.407114
v -3.226194 2.958400 -1.407236
v -3.227882 2.970384 -1.407366
v -3.229919 2.983410 -1.407503
v -3.232309 2.997478 -1.407649
v -3.235052 3.012589 -1.407802
v -3.238148 3.028742 -1.407963
v -3.241594 3.045937 -1.408132
v -3.245394 3.064174 -1.408308
v -3.249544 3.083454 -1.408493
v -3.144201 6.010337 -1.449146
v -2.835806 5.163413 -1.443225
v -2.699358 5.143386 -1.445312
v -2.631229 5.842239 -1.455760
v -2.603382 5.851941 -1.456369
v -2.574682 5.860843 -1.456982
v -2.545124 5.868947 -1.457599
v -2.514711 5.876251 -1.458220
v -2.483444 5.882757 -1.458845
v -2.451323 5.888464 -1.459475
v -2.418343 5.893372 -1.460109
v -2.384508 5.897480 -1.460747
v -2.349817 5.900790 -1.461389
v -2.314274 5.903301 -1.462035
v -2.277874 5.905013 -1.462685
v -2.240618 5.905927 -1.463340
v -2.137487 5.903667 -1.465088
v -2.037176 5.894041 -1.466690
v -1.939684 5.877048 -1.468145
v -1.845013 5.852685 -1.469454
v -1.753159 5.820956 -1.470617
v -1.664124 5.781859 -1.471633
v -1.577908 5.735394 -1.472503
v -1.494511 5.681562 -1.473227
v -1.413935 5.620363 -1.473804
v -1.336176 5.551796 -1.474235
v -1.261238 5.475862 -1.474520
v -1.189117 5.392559 -1.474658
v -1.121281 5.304048 -1.474653
v -1.059196 5.212486 -1.474509
v -1.002861 5.117873 -1.474224
v -0.952274 5.020210 -1.473801
v -0.907438 4.919497 -1.473238
v -0.868354 4.815732 -1.472535
v -0.835017 4.708918 -1.471692
v -0.807429 4.599052 -1.470710
v -0.785594 4.486136 -1.469588
v -0.769506 4.370170 -1.468327
v -0.759170 4.251153 -1.466926
v -0.754580 4.129086 -1.465385
v -0.755457 4.038718 -1.464171
v -0.760633 3.951584 -1.462926
v -0.770109 3.867684 -1.461649
v -0.783885 3.787019 -1.460341
v -0.801960 3.709589 -1.459002
v -0.824336 3.635393 -1.457632
v -0.851013 3.564431 -1.456230
v -0.881990 3.496704 -1.454797
v -0.917268 3.432212 -1.453333
v -0.956844 3.370953 -1.451838
v -1.000723 3.312929 -1.450312
v -1.048899 3.258140 -1.448754
v -1.100811 3.207133 -1.447182
v -1.155890 3.160457 -1.445613
v -1.214134 3.118112 -1.444047
v -1.275547 3.080097 -1.442484
v -1.340128 3.046413 -1.440923
v -1.407875 3.017059 -1.439366
v -1.478788 2.992037 -1.437811
v -1.552870 2.971344 -1.436259
v -1.630117 2.954983 -1.434710
v -1.710531 2.942953 -1.433164
v -1.794115 2.935253 -1.431621
v -1.880863 2.931883 -1.430080
v -1.936945 2.932132 -1.429116
v -1.993361 2.934403 -1.428174
v -2.050108 2.938696 -1.427252
v -2.107187 2.945010 -1.426352
v -2.164600 2.953347 -1.425473
v -2.222343 2.963706 -1.424615
v -2.280416 2.976086 -1.423778
v -2.338823 2.990489 -1.422962
v -2.397562 3.006914 -1.422167
v -2.456633 3.025360 -1.421393
v -2.516035 3.045829 -1.420640
v -2.575771 3.068319 -1.419909
v -2.624838 2.924175 -1.417150
v -2.536364 2.874887 -1.418022
v -2.446632 2.830007 -1.418973
v -2.355644 2.789536 -1.420005
v -2.263401 2.753472 -1.421117
v -2.169901 2.721815 -1.422309
v -2.075146 2.694567 -1.423581
v -1.979136 2.671727 -1.424934
v -1.881866 2.653294 -1.426366
v -1.783344 2.639269 -1.427879
v -1.683563 2.629653 -1.429472
v -1.582527 2.624444 -1.431145
v -1.480234 2.623642 -1.432898
v -1.366726 2.627917 -1.434912
v -1.257156 2.637592 -1.436929
v -1.151531 2.652668 -1.438950
v -1.049847 2.673146 -1.440975
v -0.952103 2.699024 -1.443004
v -0.858301 2.730303 -1.445036
v -0.768441 2.766983 -1.447073
v -0.682523 2.809064 -1.449112
v -0.600547 2.856546 -1.451156
v -0.522513 2.909428 -1.453203
v -0.448421 2.967712 -1.455254
v -0.378272 3.031397 -1.457308
v -0.312997 3.099557 -1.459338
v -0.253529 3.171270 -1.461315
v -0.199868 3.246534 -1.463239
v -0.152016 3.325350 -1.465110
v -0.109969 3.407717 -1.466928
v -0.073731 3.493636 -1.468693
v -0.043302 3.583107 -1.470404
v -0.018679 3.676130 -1.472063
v 0.000136 3.772704 -1.473669
v 0.013145 3.872829 -1.475222
v 0.020347 3.976507 -1.476722
v 0.021739 4.083735 -1.478169
v 0.015150 4.234544 -1.480056
v -0.000375 4.380620 -1.481727
v -0.024835 4.521964 -1.483181
v -0.058229 4.658576 -1.484417
v -0.100558 4.790455 -1.485438
v -0.151822 4.917603 -1.486241
v -0.212021 5.040019 -1.486827
v -0.281155 5.157702 -1.487197
v -0.359223 5.270654 -1.487349
v -0.446227 5.378873 -1.487285
v -0.542166 5.482361 -1.487004
v -0.647040 5.581116 -1.486506
v -0.758613 5.673397 -1.485807
v -0.874646 5.757460 -1.484922
v -0.995144 5.833306 -1.483851
v -1.120104 5.900934 -1.482593
v -1.249525 5.960345 -1.481150
v -1.383410 6.011538 -1.479521
v -1.521755 6.054514 -1.477706
v -1.664562 6.089272 -1.475705
v -1.811834 6.115813 -1.473518
v -1.963568 6.134137 -1.471145
v -2.119764 6.144243 -1.468586
v -2.280420 6.146132 -1.465841
v -2.350983 6.144478 -1.464602
v -2.421661 6.141438 -1.463343
v -2.492455 6.137011 -1.462064
v -2.563366 6.131197 -1.460764
v -2.634392 6.123998 -1.459444
v -2.705532 6.115412 -1.458103
v -2.776789 6.105439 -1.456742
v -2.848162 6.094081 -1.455361
v -2.919653 6.081336 -1.453959
v -2.991257 6.067204 -1.452537
v -3.062979 6.051687 -1.451095
v -3.134815 6.034782 -1.449632
v 2.611553 3.022296 -1.508738
v 2.553946 3.022878 -1.507753
v 2.496199 3.026195 -1.506801
v 2.438313 3.032245 -1.505883
v 2.380288 3.041030 -1.504999
v 2.322124 3.052548 -1.504149
v 2.263819 3.066800 -1.503333
v 2.205377 3.083786 -1.502551
v 2.146794 3.103506 -1.501802
v 2.088074 3.125959 -1.501088
v 2.029215 3.151147 -1.500407
v 1.970214 3.179068 -1.499760
v 1.911075 3.209723 -1.499147
v 1.830100 3.087030 -1.496123
v 1.909100 3.023242 -1.496639
v 1.989439 2.965113 -1.497253
v 2.071120 2.912642 -1.497965
v 2.154140 2.865830 -1.498775
v 2.238503 2.824677 -1.499684
v 2.324203 2.789183 -1.500690
v 2.411243 2.759347 -1.501795
v 2.499624 2.735169 -1.502998
v 2.589344 2.716651 -1.504300
v 2.680405 2.703791 -1.505699
v 2.772805 2.696590 -1.507197
v 2.866546 2.695047 -1.508792
v 2.939087 2.697708 -1.510078
v 3.009217 2.703679 -1.511367
v 3.076939 2.712962 -1.512658
v 3.142249 2.725555 -1.513951
v 3.205150 2.741459 -1.515246
v 3.265640 2.760674 -1.516544
v 3.323722 2.783200 -1.517845
v 3.379394 2.809036 -1.519147
v 3.432654 2.838184 -1.520452
v 3.483504 2.870642 -1.521760
v 3.531946 2.906411 -1.523070
v 3.577977 2.945492 -1.524382
v 3.620894 2.987434 -1.525679
v 3.659997 3.031790 -1.526941
v 3.695284 3.078559 -1.528170
v 3.726754 3.127742 -1.529366
v 3.754408 3.179339 -1.530527
v 3.778246 3.233349 -1.531655
v 3.798268 3.289773 -1.532749
v 3.814474 3.348610 -1.533809
v 3.826865 3.409861 -1.534835
v 3.835439 3.473525 -1.535828
v 3.840198 3.539603 -1.536786
v 3.841139 3.608094 -1.537712
v 3.836654 3.709983 -1.538986
v 3.826062 3.808985 -1.540117
v 3.809363 3.905100 -1.541105
v 3.786559 3.998329 -1.541948
v 3.757648 4.088671 -1.542649
v 3.722630 4.176126 -1.543205
v 3.681504 4.260696 -1.543618
v 3.634272 4.342378 -1.543888
v 3.580934 4.421174 -1.544014
v 3.521488 4.497084 -1.543996
v 3.455936 4.570107 -1.543835
v 3.384278 4.640243 -1.543530
v 3.308307 4.706015 -1.543093
v 3.229816 4.765942 -1.542535
v 3.148807 4.820026 -1.541855
v 3.065276 4.868266 -1.541055
v 2.979226 4.910663 -1.540134
v 2.890657 4.947216 -1.539092
v 2.799569 4.977926 -1.537929
v 2.705961 5.002791 -1.536645
v 2.609834 5.021814 -1.535240
v 2.511186 5.034993 -1.533714
v 2.410019 5.042328 -1.532067
v 2.306334 5.043819 -1.530299
v 2.249113 5.042153 -1.529290
v 2.194143 5.038744 -1.528297
v 2.141427 5.033592 -1.527320
v 2.090964 5.026698 -1.526358
v 2.042756 5.018062 -1.525413
v 1.996800 5.007683 -1.524482
v 1.953098 4.995562 -1.523568
v 1.911648 4.981698 -1.522670
v 1.872451 4.966092 -1.521787
v 1.835508 4.948743 -1.520919
v 1.800818 4.929651 -1.520068
v 1.768381 4.908818 -1.519232
v 1.738400 4.886329 -1.518417
v 1.711073 4.862272 -1.517627
v 1.686401 4.836647 -1.516861
v 1.664387 4.809453 -1.516121
v 1.645029 4.780692 -1.515405
v 1.628326 4.750362 -1.514715
v 1.614280 4.718465 -1.514049
v 1.602888 4.684999 -1.513409
v 1.594155 4.649965 -1.512794
v 1.588076 4.613363 -1.512203
v 1.584654 4.575193 -1.511638
v 1.583886 4.535455 -1.511097
v 1.587280 4.485539 -1.510493
v 1.596056 4.437099 -1.510002
v 1.610216 4.390134 -1.509623
v 1.629760 4.344644 -1.509356
v 1.654688 4.300629 -1.509202
v 1.684998 4.258089 -1.509160
v 1.720689 4.217023 -1.509231
v 1.761765 4.177433 -1.509413
v 1.808224 4.139318 -1.509709
v 1.860066 4.102678 -1.510116
v 1.917292 4.067513 -1.510637
v 1.979899 4.033823 -1.511269
v 2.047750 4.002063 -1.512017
v 2.120701 3.972685 -1.512885
v 2.198753 3.945690 -1.513873
v 2.281905 3.921079 -1.514980
v 2.370157 3.898850 -1.516207
v 2.463511 3.879005 -1.517553
v 2.561963 3.861543 -1.519019
v 2.665517 3.846463 -1.520604
v 2.774171 3.833767 -1.522309
v 2.887926 3.823454 -1.524134
v 3.006781 3.815524 -1.526078
v 3.130735 3.809978 -1.528141
v 3.131646 3.800313 -1.528029
v 3.132487 3.790750 -1.527917
v 3.133261 3.781287 -1.527804
v 3.133965 3.771924 -1.527692
v 3.134600 3.762661 -1.527580
v 3.135165 3.753499 -1.527468
v 3.135662 3.744437 -1.527357
v 3.136090 3.735476 -1.527245
v 3.136450 3.726615 -1.527134
v 3.136740 3.717854 -1.527023
v 3.136961 3.709194 -1.526912
v 3.137113 3.700634 -1.526801
v 3.136928 3.647005 -1.526086
v 3.134855 3.595529 -1.525367
v 3.130896 3.546206 -1.524644
v 3.125049 3.499036 -1.523918
v 3.117313 3.454018 -1.523187
v 3.107692 3.411154 -1.522452
v 3.096182 3.370441 -1.521714
v 3.082787 3.331882 -1.520971
v 3.067501 3.295475 -1.520224
v 3.050331 3.261222 -1.519474
v 3.031272 3.229121 -1.518719
v 3.010322 3.199172 -1.517961
v 2.987488 3.171478 -1.517199
v 2.962763 3.146139 -1.516437
v 2.936148 3.123156 -1.515673
v 2.907642 3.102528 -1.514908
v 2.877247 3.084255 -1.514141
v 2.844961 3.068337 -1.513373
v 2.810785 3.054775 -1.512604
v 2.774720 3.043569 -1.511834
v 2.736764 3.034717 -1.511062
v 2.696918 3.028221 -1.510289
v 2.655182 3.024081 -1.509514
v 2.850177 4.578248 -1.533498
v 2.879929 4.540648 -1.533512
v 2.908186 4.501187 -1.533476
v 2.934949 4.459866 -1.533389
v 2.960218 4.416683 -1.533252
v 2.983994 4.371638 -1.533064
v 3.006275 4.324733 -1.532826
v 3.027063 4.275967 -1.532537
v 3.046356 4.225340 -1.532198
v 3.064156 4.172851 -1.531808
v 3.080462 4.118502 -1.531368
v 3.095272 4.062291 -1.530878
v 3.108590 4.004219 -1.530337
v 2.974017 4.018040 -1.528200
v 2.851052 4.037389 -1.526337
v 2.739697 4.062266 -1.524747
v 2.639950 4.092672 -1.523430
v 2.551811 4.128606 -1.522388
v 2.475282 4.170069 -1.521618
v 2.410360 4.217060 -1.521122
v 2.357049 4.269579 -1.520900
v 2.315345 4.327627 -1.520951
v 2.285251 4.391203 -1.521276
v 2.266765 4.460309 -1.521874
v 2.259889 4.534942 -1.522746
v 2.260012 4.555976 -1.523027
v 2.260973 4.576128 -1.523311
v 2.262774 4.595396 -1.523598
v 2.265415 4.613780 -1.523887
v 2.268896 4.631280 -1.524180
v 2.273216 4.647898 -1.524475
v 2.278378 4.663631 -1.524772
v 2.284377 4.678481 -1.525073
v 2.291217 4.692447 -1.525376
v 2.298896 4.705530 -1.525682
v 2.307415 4.717729 -1.525991
v 2.316774 4.729044 -1.526302
v 2.326787 4.739474 -1.526613
v 2.337268 4.749014 -1.526921
v 2.348217 4.757667 -1.527224
v 2.359635 4.765430 -1.527524
v 2.371520 4.772305 -1.527820
v 2.383874 4.778291 -1.528113
v 2.396696 4.783389 -1.528401
v 2.409987 4.787597 -1.528686
v 2.423745 4.790917 -1.528968
v 2.437973 4.793349 -1.529245
v 2.452667 4.794892 -1.529519
v 2.467831 4.795546 -1.529789
v 2.500943 4.794452 -1.530346
v 2.533829 4.790265 -1.530857
v 2.566486 4.782984 -1.531324
v 2.598917 4.772610 -1.531745
v 2.631120 4.759142 -1.532122
v 2.663095 4.742580 -1.532453
v 2.694845 4.722926 -1.532740
v 2.726365 4.700177 -1.532981
v 2.757660 4.674335 -1.533178
v 2.788727 4.645400 -1.533330
v 2.819566 4.613371 -1.533437
v 7.635509 2.833001 -1.592849
v 8.314144 2.817933 -1.604350
v 7.911875 4.648454 -1.621704
v 7.908549 4.664165 -1.621855
v 7.905508 4.678967 -1.621999
v 7.902748 4.692862 -1.622136
v 7.900272 4.705849 -1.622265
v 7.898078 4.717927 -1.622388
v 7.896167 4.729097 -1.622503
v 7.894539 4.739360 -1.622611
v 7.893194 4.748714 -1.622712
v 7.892131 4.757160 -1.622806
v 7.891352 4.764698 -1.622892
v 7.890854 4.771328 -1.622972
v 7.890639 4.777050 -1.623044
v 7.890707 4.783814 -1.623135
v 7.891098 4.790329 -1.623228
v 7.891813 4.796596 -1.623323
v 7.892852 4.802614 -1.623421
v 7.894216 4.808383 -1.623521
v 7.895905 4.813902 -1.623624
v 7.897917 4.819173 -1.623728
v 7.900254 4.824195 -1.623835
v 7.902915 4.828969 -1.623944
v 7.905901 4.833493 -1.624056
v 7.909211 4.837769 -1.624170
v 7.912843 4.841795 -1.624286
v 7.916800 4.845615 -1.624405
v 7.921081 4.849270 -1.624527
v 7.925684 4.852761 -1.624653
v 7.930611 4.856088 -1.624782
v 7.935860 4.859250 -1.624914
v 7.941433 4.862247 -1.625050
v 7.947329 4.865080 -1.625189
v 7.953548 4.867749 -1.625332
v 7.960090 4.870253 -1.625478
v 7.966956 4.872592 -1.625627
v 7.974144 4.874767 -1.625780
v 7.981660 4.876778 -1.625937
v 7.989495 4.878650 -1.626096
v 7.997652 4.880407 -1.626260
v 8.006130 4.882051 -1.626428
v 8.014933 4.883581 -1.626601
v 8.024057 4.884997 -1.626777
v 8.033504 4.886300 -1.626957
v 8.043272 4.887488 -1.627141
v 8.053364 4.888563 -1.627329
v 8.063778 4.889524 -1.627522
v 8.074514 4.890371 -1.627718
v 8.085573 4.891105 -1.627918
v 8.096955 4.891725 -1.628123
v 8.108643 4.892272 -1.628332
v 8.120615 4.892790 -1.628545
v 8.132876 4.893278 -1.628763
v 8.145425 4.893736 -1.628985
v 8.158261 4.894164 -1.629212
v 8.171385 4.894563 -1.629444
v 8.184796 4.894931 -1.629680
v 8.198496 4.895270 -1.629921
v 8.212481 4.895579 -1.630166
v 8.226755 4.895858 -1.630416
v 8.241316 4.896107 -1.630670
v 8.256165 4.896326 -1.630929
v 8.240027 5.007969 -1.632132
v 8.169056 5.024868 -1.631133
v 8.100909 5.040253 -1.630162
v 8.035587 5.054122 -1.629220
v 7.973088 5.066477 -1.628306
v 7.913413 5.077315 -1.627421
v 7.856563 5.086639 -1.626564
v 7.802536 5.094448 -1.625736
v 7.751334 5.100741 -1.624937
v 7.702956 5.105520 -1.624166
v 7.657402 5.108783 -1.623424
v 7.614672 5.110531 -1.622711
v 7.574766 5.110764 -1.622026
v 7.547261 5.109967 -1.621541
v 7.520661 5.108337 -1.621060
v 7.494968 5.105876 -1.620585
v 7.470183 5.102583 -1.620114
v 7.446304 5.098458 -1.619647
v 7.423331 5.093501 -1.619185
v 7.401265 5.087712 -1.618728
v 7.380105 5.081091 -1.618276
v 7.359852 5.073638 -1.617827
v 7.340505 5.065352 -1.617384
v 7.322065 5.056235 -1.616945
v 7.304532 5.046286 -1.616511
v 7.288175 5.035525 -1.616086
v 7.273263 5.023973 -1.615675
v 7.259799 5.011631 -1.615280
v 7.247780 4.998497 -1.614898
v 7.237208 4.984573 -1.614531
v 7.228083 4.969858 -1.614178
v 7.220403 4.954352 -1.613840
v 7.214170 4.938055 -1.613517
v 7.209383 4.920967 -1.613207
v 7.206042 4.903089 -1.612912
v 7.204148 4.884419 -1.612632
v 7.203700 4.864959 -1.612366
v 7.203720 4.864098 -1.612355
v 7.203758 4.863135 -1.612343
v 7.203816 4.862072 -1.612330
v 7.203891 4.860908 -1.612316
v 7.203985 4.859643 -1.612301
v 7.204097 4.858276 -1.612284
v 7.204226 4.856809 -1.612267
v 7.204375 4.855240 -1.612249
v 7.204542 4.853571 -1.612229
v 7.204727 4.851800 -1.612209
v 7.204930 4.849928 -1.612188
v 7.205151 4.847956 -1.612166
v 7.205391 4.845882 -1.612142
v 7.205649 4.843707 -1.612118
v 7.205926 4.841431 -1.612092
v 7.206221 4.839054 -1.612066
v 7.206533 4.836576 -1.612038
v 7.206864 4.833996 -1.612010
v 7.207214 4.831316 -1.611980
v 7.207582 4.828535 -1.611950
v 7.207968 4.825652 -1.611918
v 7.208372 4.822669 -1.611886
v 7.208795 4.819584 -1.611852
v 7.209236 4.816398 -1.611817
v 7.130151 4.861930 -1.611058
v 7.052270 4.903425 -1.610265
v 6.975594 4.940883 -1.609441
v 6.900122 4.974305 -1.608583
v 6.825853 5.003690 -1.607692
v 6.752789 5.029038 -1.606769
v 6.680929 5.050350 -1.605812
v 6.610273 5.067626 -1.604823
v 6.540822 5.080864 -1.603802
v 6.472575 5.090067 -1.602747
v 6.405532 5.095233 -1.601660
v 6.339693 5.096362 -1.600539
v 6.274841 5.093283 -1.599380
v 6.214002 5.085867 -1.598233
v 6.157173 5.074116 -1.597097
v 6.104357 5.058028 -1.595973
v 6.055551 5.037604 -1.594861
v 6.010756 5.012845 -1.593760
v 5.969974 4.983749 -1.592670
v 5.933203 4.950317 -1.591593
v 5.900442 4.912549 -1.590527
v 5.871695 4.870446 -1.589472
v 5.846957 4.824006 -1.588430
v 5.826232 4.773230 -1.587399
v 5.739159 4.822537 -1.586552
v 5.653631 4.867474 -1.585673
v 5.569651 4.908041 -1.584764
v 5.487217 4.944239 -1.583822
v 5.406328 4.976067 -1.582850
v 5.326988 5.003526 -1.581846
v 5.249193 5.026614 -1.580812
v 5.172945 5.045333 -1.579745
v 5.098243 5.059683 -1.578648
v 5.025088 5.069662 -1.577519
v 4.953479 5.075273 -1.576358
v 4.883416 5.076513 -1.575167
v 4.840084 5.074951 -1.574399
v 4.798414 5.071470 -1.573634
v 4.758409 5.066070 -1.572873
v 4.720068 5.058750 -1.572115
v 4.683393 5.049511 -1.571360
v 4.648381 5.038352 -1.570608
v 4.615035 5.025274 -1.569860
v 4.583352 5.010277 -1.569114
v 4.553335 4.993361 -1.568372
v 4.524982 4.974524 -1.567634
v 4.498294 4.953770 -1.566898
v 4.473269 4.931094 -1.566166
v 4.450109 4.906790 -1.565444
v 4.429010 4.881146 -1.564740
v 4.409973 4.854162 -1.564053
v 4.392998 4.825839 -1.563385
v 4.378084 4.796175 -1.562734
v 4.365233 4.765172 -1.562101
v 4.354443 4.732829 -1.561486
v 4.345716 4.699146 -1.560889
v 4.339048 4.664124 -1.560309
v 4.334445 4.627761 -1.559747
v 4.331903 4.590059 -1.559203
v 4.331422 4.551017 -1.558677
v 4.331851 4.533494 -1.558451
v 4.332653 4.515773 -1.558230
v 4.333830 4.497854 -1.558013
v 4.335381 4.479739 -1.557799
v 4.337307 4.461425 -1.557589
v 4.339606 4.442914 -1.557383
v 4.342280 4.424205 -1.557181
v 4.345328 4.405299 -1.556983
v 4.348751 4.386195 -1.556788
v 4.352548 4.366894 -1.556598
v 4.356718 4.347395 -1.556411
v 4.361264 4.327699 -1.556228
v 4.620352 3.178560 -1.545447
v 4.621190 3.175338 -1.545419
v 4.621995 3.172132 -1.545390
v 4.622766 3.168942 -1.545361
v 4.623502 3.165769 -1.545332
v 4.624204 3.162612 -1.545302
v 4.624873 3.159472 -1.545272
v 4.625506 3.156348 -1.545241
v 4.626106 3.153240 -1.545210
v 4.626673 3.150149 -1.545179
v 4.627205 3.147074 -1.545148
v 4.627704 3.144016 -1.545116
v 4.628168 3.140974 -1.545083
v 4.628598 3.137949 -1.545051
v 4.628994 3.134940 -1.545017
v 4.629356 3.131947 -1.544984
v 4.629685 3.128971 -1.544950
v 4.629980 3.126011 -1.544916
v 4.630239 3.123068 -1.544881
v 4.630466 3.120141 -1.544847
v 4.630658 3.117231 -1.544811
v 4.630816 3.114336 -1.544775
v 4.630940 3.111459 -1.544739
v 4.631031 3.108598 -1.544703
v 4.631087 3.105753 -1.544666
v 4.631035 3.097393 -1.544554
v 4.630640 3.089332 -1.544441
v 4.629903 3.081571 -1.544325
v 4.628824 3.074109 -1.544207
v 4.627403 3.066946 -1.544088
v 4.625642 3.060083 -1.543966
v 4.623537 3.053519 -1.543843
v 4.621091 3.047254 -1.543718
v 4.618302 3.041288 -1.543590
v 4.615173 3.035622 -1.543461
v 4.611701 3.030255 -1.543330
v 4.607887 3.025187 -1.543197
v 4.603741 3.020377 -1.543062
v 4.599271 3.015782 -1.542924
v 4.594477 3.011402 -1.542783
v 4.589358 3.007237 -1.542640
v 4.583917 3.003287 -1.542493
v 4.578151 2.999552 -1.542344
v 4.572062 2.996033 -1.542193
v 4.565648 2.992728 -1.542038
v 4.558911 2.989639 -1.541881
v 4.551850 2.986765 -1.541721
v 4.544465 2.984106 -1.541559
v 4.536757 2.981662 -1.541393
v 4.528726 2.979391 -1.541225
v 4.520370 2.977250 -1.541052
v 4.511693 2.975240 -1.540876
v 4.502693 2.973361 -1.540696
v 4.493371 2.971613 -1.540512
v 4.483726 2.969996 -1.540324
v 4.473758 2.968509 -1.540133
v 4.463467 2.967153 -1.539937
v 4.452853 2.965927 -1.539738
v 4.441917 2.964833 -1.539535
v 4.430659 2.963869 -1.539328
v 4.419080 2.963035 -1.539117
v 4.407203 2.962291 -1.538902
v 4.395055 2.961593 -1.538684
v 4.382635 2.960943 -1.538461
v 4.369946 2.960339 -1.538234
v 4.356983 2.959782 -1.538003
v 4.343752 2.959273 -1.537768
v 4.330249 2.958810 -1.537529
v 4.316476 2.958394 -1.537286
v 4.302431 2.958025 -1.537039
v 4.288116 2.957704 -1.536788
v 4.273529 2.957429 -1.536533
v 4.258673 2.957201 -1.536274
v 4.269948 2.845492 -1.534986
v 4.330558 2.828063 -1.535800
v 4.390303 2.812210 -1.536620
v 4.449180 2.797931 -1.537445
v 4.507192 2.785229 -1.538277
v 4.564338 2.774102 -1.539115
v 4.620618 2.764551 -1.539958
v 4.676032 2.756576 -1.540808
v 4.730578 2.750176 -1.541664
v 4.784260 2.745352 -1.542525
v 4.837075 2.742103 -1.543393
v 4.889024 2.740430 -1.544266
v 4.940106 2.740332 -1.545146
v 4.971055 2.741244 -1.545691
v 5.000690 2.743117 -1.546227
v 5.029011 2.745952 -1.546753
v 5.056019 2.749748 -1.547269
v 5.081713 2.754506 -1.547775
v 5.106094 2.760225 -1.548272
v 5.129161 2.766906 -1.548758
v 5.150916 2.774549 -1.549234
v 5.171356 2.783153 -1.549701
v 5.190481 2.792718 -1.550158
v 5.208294 2.803246 -1.550605
v 5.224792 2.814734 -1.551041
v 5.239960 2.827320 -1.551470
v 5.253776 2.841136 -1.551891
v 5.266239 2.856184 -1.552306
v 5.277353 2.872463 -1.552714
v 5.287116 2.889973 -1.553114
v 5.295527 2.908715 -1.553508
v 5.302588 2.928687 -1.553895
v 5.308296 2.949892 -1.554275
v 5.312654 2.972327 -1.554647
v 5.315661 2.995993 -1.555013
v 5.317318 3.020891 -1.555372
v 5.317622 3.047020 -1.555724
v 5.317311 3.059749 -1.555888
v 5.316725 3.072812 -1.556051
v 5.315865 3.086209 -1.556214
v 5.314728 3.099940 -1.556376
v 5.313317 3.114005 -1.556539
v 5.311632 3.128403 -1.556701
v 5.309671 3.143137 -1.556862
v 5.307436 3.158203 -1.557024
v 5.304927 3.173604 -1.557185
v 5.302142 3.189339 -1.557346
v 5.299083 3.205408 -1.557506
v 5.295749 3.221811 -1.557666
v 5.062860 4.235126 -1.567096
v 5.058300 4.255853 -1.567293
v 5.054119 4.276010 -1.567488
v 5.050319 4.295598 -1.567683
v 5.046898 4.314618 -1.567876
v 5.043856 4.333068 -1.568068
v 5.041193 4.350949 -1.568260
v 5.038911 4.368261 -1.568450
v 5.037007 4.385005 -1.568640
v 5.035482 4.401179 -1.568828
v 5.034337 4.416784 -1.569015
v 5.033572 4.431821 -1.569201
v 5.033185 4.446288 -1.569387
v 5.033312 4.470076 -1.569705
v 5.034365 4.492812 -1.570024
v 5.036344 4.514497 -1.570346
v 5.039248 4.535131 -1.570670
v 5.043080 4.554714 -1.570996
v 5.047839 4.573245 -1.571324
v 5.053524 4.590725 -1.571654
v 5.060136 4.607154 -1.571986
v 5.067674 4.622531 -1.572320
v 5.076138 4.636857 -1.572656
v 5.085528 4.650132 -1.572994
v 5.095845 4.662355 -1.573334
v 5.107038 4.673578 -1.573676
v 5.119054 4.683849 -1.574019
v 5.131894 4.693169 -1.574365
v 5.145557 4.701537 -1.574711
v 5.160045 4.708953 -1.575059
v 5.175356 4.715419 -1.575409
v 5.191491 4.720933 -1.575760
v 5.208449 4.725496 -1.576113
v 5.226232 4.729107 -1.576468
v 5.244837 4.731767 -1.576824
v 5.264267 4.733476 -1.577182
v 5.284517 4.734233 -1.577541
v 5.316678 4.733574 -1.578087
v 5.350760 4.730745 -1.578637
v 5.386764 4.725748 -1.579191
v 5.424687 4.718581 -1.579750
v 5.464535 4.709245 -1.580313
v 5.506302 4.697740 -1.580881
v 5.549991 4.684065 -1.581453
v 5.595601 4.668221 -1.582029
v 5.643132 4.650209 -1.582609
v 5.692585 4.630027 -1.583194
v 5.743959 4.607676 -1.583783
v 5.797254 4.583155 -1.584377
v 5.797689 4.565176 -1.584146
v 5.798499 4.546898 -1.583917
v 5.799686 4.528321 -1.583691
v 5.801248 4.509445 -1.583468
v 5.803185 4.490270 -1.583247
v 5.805498 4.470797 -1.583028
v 5.808187 4.451024 -1.582812
v 5.811252 4.430953 -1.582599
v 5.814692 4.410583 -1.582388
v 5.818508 4.389914 -1.582179
v 5.822699 4.368947 -1.581973
v 5.827266 4.347681 -1.581770
v 6.164644 2.812954 -1.567223
v 6.848144 2.797952 -1.578809
v 6.528861 4.255108 -1.592638
v 6.524286 4.276948 -1.592849
v 6.520093 4.298018 -1.593057
v 6.516282 4.318315 -1.593260
v 6.512855 4.337841 -1.593460
v 6.509808 4.356595 -1.593657
v 6.507144 4.374578 -1.593849
v 6.504863 4.391788 -1.594038
v 6.502962 4.408228 -1.594224
v 6.501446 4.423896 -1.594405
v 6.500310 4.438792 -1.594583
v 6.499557 4.452917 -1.594758
v 6.499186 4.466269 -1.594929
v 6.499287 4.490057 -1.595246
v 6.500263 4.512792 -1.595565
v 6.502116 4.534475 -1.595884
v 6.504845 4.555107 -1.596205
v 6.508449 4.574687 -1.596527
v 6.512929 4.593214 -1.596850
v 6.518284 4.610690 -1.597174
v 6.524516 4.627113 -1.597500
v 6.531623 4.642485 -1.597826
v 6.539606 4.656804 -1.598154
v 6.548466 4.670072 -1.598483
v 6.558200 4.682287 -1.598813
v 6.568810 4.693501 -1.599144
v 6.580293 4.703765 -1.599478
v 6.592651 4.713078 -1.599815
v 6.605885 4.721441 -1.600154
v 6.619991 4.728852 -1.600496
v 6.634974 4.735313 -1.600840
v 6.650829 4.740824 -1.601186
v 6.667560 4.745383 -1.601535
v 6.685164 4.748992 -1.601887
v 6.703643 4.751651 -1.602241
v 6.722997 4.753358 -1.602597
v 6.743224 4.754115 -1.602956
v 6.774963 4.753467 -1.603494
v 6.808589 4.750683 -1.604037
v 6.844102 4.745763 -1.604584
v 6.881501 4.738707 -1.605136
v 6.920790 4.729515 -1.605691
v 6.961963 4.718187 -1.606251
v 7.005025 4.704724 -1.606814
v 7.049973 4.689125 -1.607382
v 7.096808 4.671389 -1.607955
v 7.145531 4.651518 -1.608531
v 7.196140 4.629511 -1.609112
v 7.248634 4.605369 -1.609696
v 8.778198 5.127166 -1.642993
v 8.737240 5.099858 -1.641924
v 8.752951 5.049478 -1.641527
v 8.768725 4.996801 -1.641100
v 8.784567 4.941829 -1.640643
v 8.800474 4.884561 -1.640158
v 8.816446 4.824997 -1.639643
v 8.832485 4.763137 -1.639099
v 8.848588 4.698982 -1.638525
v 8.864758 4.632530 -1.637922
v 8.880992 4.563784 -1.637290
v 8.897292 4.492741 -1.636628
v 8.913658 4.419402 -1.635937
v 8.930090 4.343767 -1.635217
v 9.163888 3.264806 -1.624931
v 9.165956 3.255648 -1.624846
v 9.167852 3.246757 -1.624760
v 9.169577 3.238134 -1.624676
v 9.171128 3.229779 -1.624591
v 9.172506 3.221692 -1.624508
v 9.173713 3.213872 -1.624425
v 9.174746 3.206321 -1.624342
v 9.175608 3.199037 -1.624261
v 9.176295 3.192021 -1.624179
v 9.176811 3.185273 -1.624099
v 9.177154 3.178793 -1.624019
v 9.177324 3.172581 -1.623939
v 9.177296 3.164213 -1.623828
v 9.176977 3.156128 -1.623715
v 9.176368 3.148326 -1.623601
v 9.175467 3.140807 -1.623486
v 9.174276 3.133572 -1.623369
v 9.172794 3.126619 -1.623251
v 9.171021 3.119950 -1.623132
v 9.168955 3.113564 -1.623012
v 9.166600 3.107460 -1.622890
v 9.163954 3.101640 -1.622767
v 9.161016 3.096103 -1.622643
v 9.157787 3.090850 -1.622518
v 9.154243 3.085820 -1.622390
v 9.150360 3.080954 -1.622259
v 9.146135 3.076252 -1.622123
v 9.141572 3.071715 -1.621984
v 9.136668 3.067342 -1.621842
v 9.131424 3.063133 -1.621696
v 9.125840 3.059088 -1.621546
v 9.119916 3.055208 -1.621392
v 9.113652 3.051491 -1.621235
v 9.107048 3.047940 -1.621074
v 9.100103 3.044552 -1.620909
v 9.092819 3.041328 -1.620741
v 9.085178 3.038277 -1.620568
v 9.077164 3.035407 -1.620392
v 9.068775 3.032717 -1.620212
v 9.060011 3.030208 -1.620027
v 9.050875 3.027880 -1.619839
v 9.041364 3.025732 -1.619646
v 9.031479 3.023765 -1.619450
v 9.021219 3.021979 -1.619249
v 9.010587 3.020373 -1.619045
v 8.999579 3.018948 -1.618836
v 8.988199 3.017704 -1.618623
v 8.976443 3.016640 -1.618407
v 8.964273 3.015697 -1.618184
v 8.951645 3.014816 -1.617955
v 8.938561 3.013996 -1.617718
v 8.925021 3.013237 -1.617475
v 8.911023 3.012540 -1.617224
v 8.896568 3.011904 -1.616966
v 8.881658 3.011329 -1.616702
v 8.866289 3.010816 -1.616430
v 8.850466 3.010364 -1.616151
v 8.834184 3.009973 -1.615865
v 8.817446 3.009643 -1.615572
v 8.800251 3.009375 -1.615272
v 8.818851 2.895334 -1.614080
v 8.888535 2.879971 -1.615077
v 8.955296 2.865986 -1.616043
v 9.019132 2.853380 -1.616976
v 9.080044 2.842153 -1.617877
v 9.138033 2.832304 -1.618747
v 9.193099 2.823834 -1.619584
v 9.245241 2.816742 -1.620389
v 9.294459 2.811030 -1.621161
v 9.340754 2.806696 -1.621902
v 9.384126 2.803741 -1.622611
v 9.424574 2.802164 -1.623287
v 9.462098 2.801966 -1.623932
v 9.491931 2.802939 -1.624459
v 9.520651 2.805027 -1.624982
v 9.548259 2.808232 -1.625500
v 9.574753 2.812553 -1.626014
v 9.600134 2.817991 -1.626524
v 9.624401 2.824545 -1.627030
v 9.647556 2.832215 -1.627531
v 9.669598 2.841001 -1.628027
v 9.690526 2.850904 -1.628520
v 9.710341 2.861923 -1.629007
v 9.729044 2.874058 -1.629491
v 9.746634 2.887310 -1.629970
v 9.762941 2.901608 -1.630441
v 9.777802 2.916882 -1.630900
v 9.791211 2.933133 -1.631347
v 9.803173 2.950361 -1.631781
v 9.813686 2.968565 -1.632204
v 9.822750 2.987747 -1.632615
v 9.830364 3.007904 -1.633014
v 9.836531 3.029038 -1.633401
v 9.841248 3.051149 -1.633775
v 9.844517 3.074237 -1.634138
v 9.846336 3.098301 -1.634489
v 9.846707 3.123342 -1.634827
v 9.846033 3.171968 -1.635461
v 9.918525 3.111199 -1.635905
v 9.987531 3.055752 -1.636359
v 10.053053 3.005628 -1.636823
v 10.115088 2.960827 -1.637298
v 10.173640 2.921349 -1.637784
v 10.228707 2.887193 -1.638280
v 10.280289 2.858360 -1.638787
v 10.328386 2.834849 -1.639305
v 10.372999 2.816662 -1.639832
v 10.414127 2.803797 -1.640371
v 10.451771 2.796254 -1.640920
v 10.485928 2.794035 -1.641479
v 10.540234 2.796540 -1.642449
v 10.592937 2.802552 -1.643437
v 10.644038 2.812073 -1.644445
v 10.693537 2.825100 -1.645471
v 10.741434 2.841636 -1.646516
v 10.787729 2.861679 -1.647581
v 10.832422 2.885230 -1.648664
v 10.875513 2.912288 -1.649766
v 10.917002 2.942854 -1.650887
v 10.956886 2.976928 -1.652026
v 10.995172 3.014509 -1.653185
v 11.031854 3.055598 -1.654363
v 11.066202 3.099374 -1.655536
v 11.097485 3.145017 -1.656681
v 11.125702 3.192526 -1.657798
v 11.150854 3.241901 -1.658887
v 11.172941 3.293143 -1.659947
v 11.191962 3.346252 -1.660980
v 11.207918 3.401227 -1.661985
v 11.220808 3.458068 -1.662961
v 11.230633 3.516777 -1.663910
v 11.237392 3.577351 -1.664830
v 11.241087 3.639792 -1.665722
v 11.241714 3.704100 -1.666586
v 11.237400 3.805247 -1.667854
v 11.227299 3.903648 -1.668985
v 11.211409 3.999301 -1.669981
v 11.189731 4.092208 -1.670840
v 11.162265 4.182367 -1.671562
v 11.129012 4.269779 -1.672149
v 11.089972 4.354445 -1.672599
v 11.045142 4.436362 -1.672913
v 10.994526 4.515533 -1.673091
v 10.938122 4.591957 -1.673133
v 10.875931 4.665634 -1.673038
v 10.807951 4.736563 -1.672807
v 10.735590 4.803161 -1.672443
v 10.660255 4.863841 -1.671949
v 10.581945 4.918603 -1.671326
v 10.500662 4.967448 -1.670572
v 10.416403 5.010376 -1.669689
v 10.329170 5.047387 -1.668676
v 10.238962 5.078480 -1.667533
v 10.145781 5.103656 -1.666261
v 10.049625 5.122913 -1.664858
v 9.950495 5.136254 -1.663326
v 9.848390 5.143678 -1.661664
v 9.743310 5.145185 -1.659872
v 9.696012 5.143915 -1.659040
v 9.648123 5.141388 -1.658181
v 9.599644 5.137603 -1.657295
v 9.550575 5.132560 -1.656382
v 9.500914 5.126260 -1.655442
v 9.450664 5.118701 -1.654475
v 9.399822 5.109886 -1.653482
v 9.348391 5.099812 -1.652461
v 9.296370 5.088481 -1.651414
v 9.243757 5.075892 -1.650340
v 9.190554 5.062045 -1.649239
v 9.136762 5.046941 -1.648111
v 9.106719 5.051952 -1.647659
v 9.076706 5.057268 -1.647212
v 9.046722 5.062888 -1.646770
v 9.016768 5.068812 -1.646332
v 8.986843 5.075042 -1.645899
v 8.956949 5.081574 -1.645470
v 8.927083 5.088412 -1.645046
v 8.897247 5.095554 -1.644626
v 8.867441 5.103001 -1.644211
v 8.837664 5.110752 -1.643800
v 8.807917 5.118807 -1.643394
v 9.808594 3.417069 -1.638068
v 9.491978 4.857239 -1.651718
v 9.513977 4.867249 -1.652230
v 9.536495 4.876422 -1.652740
v 9.559530 4.884758 -1.653248
v 9.583084 4.892256 -1.653754
v 9.607157 4.898916 -1.654257
v 9.631747 4.904740 -1.654758
v 9.656856 4.909726 -1.655257
v 9.682482 4.913875 -1.655754
v 9.708628 4.917187 -1.656249
v 9.735291 4.919661 -1.656742
v 9.762471 4.921298 -1.657232
v 9.790171 4.922098 -1.657720
v 9.842510 4.920279 -1.658599
v 9.893366 4.913372 -1.659384
v 9.942739 4.901380 -1.660076
v 9.990629 4.884300 -1.660675
v 10.037036 4.862135 -1.661181
v 10.081961 4.834883 -1.661594
v 10.125401 4.802545 -1.661914
v 10.167358 4.765120 -1.662141
v 10.207833 4.722608 -1.662274
v 10.246825 4.675011 -1.662315
v 10.284334 4.622326 -1.662263
v 10.320359 4.564555 -1.662117
v 10.354214 4.503850 -1.661896
v 10.385206 4.442364 -1.661614
v 10.413342 4.380095 -1.661273
v 10.438616 4.317043 -1.660872
v 10.461031 4.253211 -1.660412
v 10.480585 4.188595 -1.659891
v 10.497280 4.123199 -1.659312
v 10.511116 4.057019 -1.658672
v 10.522091 3.990058 -1.657973
v 10.530207 3.922315 -1.657214
v 10.535462 3.853790 -1.656395
v 10.537857 3.784482 -1.655517
v 10.537888 3.743962 -1.654980
v 10.536841 3.704253 -1.654435
v 10.534720 3.665358 -1.653882
v 10.531525 3.627275 -1.653322
v 10.527254 3.590006 -1.652754
v 10.521908 3.553549 -1.652178
v 10.515488 3.517905 -1.651594
v 10.507992 3.483073 -1.651003
v 10.499420 3.449055 -1.650403
v 10.489774 3.415850 -1.649796
v 10.479052 3.383457 -1.649182
v 10.467255 3.351877 -1.648559
v 10.454742 3.321993 -1.647947
v 10.441874 3.294688 -1.647363
v 10.428648 3.269962 -1.646807
v 10.415066 3.247814 -1.646279
v 10.401127 3.228246 -1.645779
v 10.386831 3.211257 -1.645307
v 10.372180 3.196846 -1.644863
v 10.357171 3.185014 -1.644447
v 10.341806 3.175762 -1.644059
v 10.326084 3.169088 -1.643700
v 10.310007 3.164993 -1.643368
v 10.293572 3.163477 -1.643065
v 10.269404 3.164955 -1.642668
v 10.242283 3.170006 -1.642267
v 10.212206 3.178631 -1.641863
v 10.179176 3.190830 -1.641455
v 10.143192 3.206602 -1.641044
v 10.104255 3.225948 -1.640630
v 10.062363 3.248867 -1.640211
v 10.017517 3.275360 -1.639790
v 9.969717 3.305427 -1.639364
v 9.918964 3.339067 -1.638936
v 9.865255 3.376281 -1.638503
v 11.513342 6.212549 -1.704554
v 11.811744 5.384943 -1.698718
v 11.953022 5.367414 -1.700921
v 12.011829 6.036959 -1.710819
v 12.045463 6.048293 -1.711549
v 12.080222 6.058696 -1.712287
v 12.116110 6.068170 -1.713031
v 12.153124 6.076713 -1.713783
v 12.191267 6.084325 -1.714541
v 12.230536 6.091007 -1.715307
v 12.270933 6.096759 -1.716080
v 12.312457 6.101582 -1.716860
v 12.355109 6.105473 -1.717647
v 12.398889 6.108434 -1.718441
v 12.443795 6.110464 -1.719242
v 12.489829 6.111564 -1.720051
v 12.595619 6.109333 -1.721845
v 12.698236 6.099712 -1.723487
v 12.797679 6.082703 -1.724976
v 12.893949 6.058304 -1.726312
v 12.987044 6.026515 -1.727495
v 13.076967 5.987338 -1.728526
v 13.163715 5.940771 -1.729404
v 13.247292 5.886815 -1.730129
v 13.327693 5.825469 -1.730701
v 13.404922 5.756734 -1.731120
v 13.478976 5.680610 -1.731387
v 13.549857 5.597097 -1.731501
v 13.616335 5.508424 -1.731471
v 13.677179 5.416820 -1.731304
v 13.732390 5.322285 -1.731002
v 13.781968 5.224819 -1.730564
v 13.825913 5.124422 -1.729989
v 13.864225 5.021095 -1.729279
v 13.896903 4.914837 -1.728432
v 13.923948 4.805648 -1.727450
v 13.945360 4.693529 -1.726331
v 13.961140 4.578479 -1.725077
v 13.971285 4.460498 -1.723686
v 13.975798 4.339586 -1.722160
v 13.975180 4.248909 -1.720946
v 13.970777 4.160848 -1.719701
v 13.962588 4.075404 -1.718426
v 13.950616 3.992577 -1.717121
v 13.934857 3.912366 -1.715785
v 13.915315 3.834772 -1.714418
v 13.891986 3.759795 -1.713021
v 13.864873 3.687434 -1.711594
v 13.833975 3.617690 -1.710135
v 13.799292 3.550563 -1.708647
v 13.760823 3.486052 -1.707127
v 13.718571 3.424158 -1.705578
v 13.673208 3.366054 -1.704024
v 13.625413 3.312917 -1.702495
v 13.575185 3.264745 -1.700990
v 13.522524 3.221538 -1.699509
v 13.467430 3.183297 -1.698051
v 13.409904 3.150021 -1.696618
v 13.349943 3.121711 -1.695209
v 13.287551 3.098367 -1.693823
v 13.222726 3.079988 -1.692461
v 13.155467 3.066575 -1.691124
v 13.085776 3.058127 -1.689810
v 13.013653 3.054644 -1.688520
v 12.996615 3.054530 -1.688225
v 12.979542 3.054652 -1.687932
v 12.962431 3.055010 -1.687642
v 12.945283 3.055604 -1.687354
v 12.928099 3.056433 -1.687069
v 12.910876 3.057499 -1.686786
v 12.893618 3.058800 -1.686506
v 12.876321 3.060338 -1.686228
v 12.858988 3.062111 -1.685953
v 12.841618 3.064121 -1.685680
v 12.824210 3.066366 -1.685410
v 12.806767 3.068847 -1.685142
v 12.676212 3.716356 -1.691482
v 12.671538 3.736785 -1.691673
v 12.667005 3.756862 -1.691861
v 12.662611 3.776586 -1.692047
v 12.658358 3.795957 -1.692231
v 12.654244 3.814975 -1.692412
v 12.650270 3.833641 -1.692591
v 12.646437 3.851954 -1.692768
v 12.642743 3.869914 -1.692943
v 12.639189 3.887521 -1.693115
v 12.635776 3.904776 -1.693285
v 12.632502 3.921678 -1.693453
v 12.629368 3.938227 -1.693619
v 12.626323 3.954490 -1.693782
v 12.623314 3.970535 -1.693943
v 12.620342 3.986360 -1.694102
v 12.617407 4.001966 -1.694258
v 12.614510 4.017353 -1.694412
v 12.611648 4.032521 -1.694564
v 12.608824 4.047471 -1.694714
v 12.606035 4.062201 -1.694861
v 12.603285 4.076712 -1.695006
v 12.600571 4.091003 -1.695149
v 12.597893 4.105077 -1.695290
v 12.595253 4.118930 -1.695428
v 12.593924 4.129518 -1.695546
v 12.593483 4.139441 -1.695670
v 12.593928 4.148702 -1.695800
v 12.595262 4.157299 -1.695938
v 12.597482 4.165233 -1.696081
v 12.600590 4.172503 -1.696231
v 12.604584 4.179110 -1.696388
v 12.609467 4.185053 -1.696551
v 12.615236 4.190333 -1.696720
v 12.621893 4.194949 -1.696896
v 12.629436 4.198903 -1.697079
v 12.637869 4.202192 -1.697268
v 12.930727 4.301024 -1.703629
v 12.912260 4.405339 -1.704694
v 12.879155 4.404094 -1.704107
v 12.846269 4.402886 -1.703524
v 12.813601 4.401715 -1.702945
v 12.781153 4.400580 -1.702371
v 12.748924 4.399482 -1.701800
v 12.716913 4.398421 -1.701234
v 12.685122 4.397397 -1.700673
v 12.653549 4.396409 -1.700115
v 12.622196 4.395458 -1.699562
v 12.591063 4.394544 -1.699013
v 12.560146 4.393667 -1.698468
v 12.529450 4.392826 -1.697928
v 12.498957 4.392022 -1.697392
v 12.468648 4.391254 -1.696859
v 12.438524 4.390523 -1.696330
v 12.408586 4.389828 -1.695804
v 12.378833 4.389169 -1.695282
v 12.349265 4.388546 -1.694764
v 12.319882 4.387960 -1.694250
v 12.290685 4.387410 -1.693739
v 12.261673 4.386897 -1.693232
v 12.232845 4.386419 -1.692729
v 12.204205 4.385978 -1.692229
v 12.175748 4.385573 -1.691733
v 12.145839 4.385183 -1.691212
v 12.116081 4.384828 -1.690695
v 12.086475 4.384509 -1.690180
v 12.057022 4.384225 -1.689668
v 12.027719 4.383978 -1.689160
v 11.998568 4.383767 -1.688654
v 11.969567 4.383591 -1.688152
v 11.940720 4.383451 -1.687653
v 11.912023 4.383347 -1.687157
v 11.883476 4.383279 -1.686663
v 11.855083 4.383246 -1.686173
v 11.826839 4.383250 -1.685686
v 11.798732 4.383289 -1.685202
v 11.770741 4.383363 -1.684721
v 11.742869 4.383473 -1.684242
v 11.715115 4.383618 -1.683765
v 11.687477 4.383799 -1.683291
v 11.659958 4.384015 -1.682819
v 11.632557 4.384266 -1.682350
v 11.605272 4.384553 -1.681884
v 11.578107 4.384875 -1.681419
v 11.551058 4.385233 -1.680958
v 11.524128 4.385625 -1.680499
v 11.497314 4.386054 -1.680042
v 11.508488 4.281639 -1.678849
v 11.777029 4.205050 -1.682463
v 11.788406 4.201726 -1.682615
v 11.798945 4.197918 -1.682746
v 11.808647 4.193626 -1.682857
v 11.817512 4.188849 -1.682946
v 11.825538 4.183589 -1.683015
v 11.832726 4.177844 -1.683062
v 11.839077 4.171614 -1.683089
v 11.844591 4.164901 -1.683095
v 11.849267 4.157702 -1.683080
v 11.853106 4.150021 -1.683045
v 11.856106 4.141854 -1.682988
v 11.858269 4.133204 -1.682911
v 11.862123 4.117019 -1.682762
v 11.865946 4.100783 -1.682613
v 11.869734 4.084496 -1.682462
v 11.873489 4.068158 -1.682310
v 11.877213 4.051768 -1.682157
v 11.880901 4.035328 -1.682002
v 11.884558 4.018836 -1.681846
v 11.888182 4.002294 -1.681689
v 11.891771 3.985700 -1.681531
v 11.895329 3.969056 -1.681371
v 11.898853 3.952360 -1.681211
v 11.902345 3.935613 -1.681049
v 11.905854 3.918714 -1.680885
v 11.909435 3.901563 -1.680719
v 11.913088 3.884160 -1.680551
v 11.916811 3.866504 -1.680381
v 11.920606 3.848596 -1.680209
v 11.924471 3.830436 -1.680035
v 11.928408 3.812023 -1.679858
v 11.932415 3.793358 -1.679680
v 11.936493 3.774440 -1.679499
v 11.940642 3.755270 -1.679316
v 11.944863 3.735848 -1.679131
v 11.949155 3.716174 -1.678944
v 12.108137 2.947462 -1.671485
v 12.127822 2.930708 -1.671602
v 12.214026 2.912462 -1.672847
v 12.299464 2.895895 -1.674100
v 12.384136 2.881006 -1.675362
v 12.468042 2.867795 -1.676634
v 12.551182 2.856263 -1.677914
v 12.633554 2.846409 -1.679204
v 12.715162 2.838233 -1.680502
v 12.796002 2.831735 -1.681810
v 12.876077 2.826916 -1.683127
v 12.955385 2.823775 -1.684452
v 13.033927 2.822313 -1.685787
v 13.111703 2.822528 -1.687131
v 13.238983 2.826864 -1.689383
v 13.361497 2.836336 -1.691621
v 13.479246 2.850944 -1.693845
v 13.592230 2.870689 -1.696055
v 13.700447 2.895570 -1.698251
v 13.803900 2.925587 -1.700433
v 13.902586 2.960741 -1.702601
v 13.996507 3.001031 -1.704755
v 14.085663 3.046458 -1.706895
v 14.170053 3.097020 -1.709021
v 14.249677 3.152720 -1.711133
v 14.324535 3.213555 -1.713231
v 14.393927 3.278994 -1.715296
v 14.457149 3.348504 -1.717308
v 14.514201 3.422083 -1.719268
v 14.565084 3.499732 -1.721176
v 14.609798 3.581452 -1.723031
v 14.648343 3.667243 -1.724834
v 14.680718 3.757103 -1.726585
v 14.706925 3.851033 -1.728283
v 14.726962 3.949034 -1.729929
v 14.740830 4.051105 -1.731522
v 14.748528 4.157247 -1.733063
v 14.750058 4.267458 -1.734552
v 14.743413 4.420984 -1.736475
v 14.727803 4.569541 -1.738177
v 14.703228 4.713130 -1.739658
v 14.669687 4.851749 -1.740919
v 14.627182 4.985400 -1.741960
v 14.575710 5.114081 -1.742780
v 14.515274 5.237794 -1.743379
v 14.445871 5.356538 -1.743758
v 14.367504 5.470313 -1.743917
v 14.280171 5.579119 -1.743855
v 14.183873 5.682956 -1.743572
v 14.078610 5.781825 -1.743069
v 13.966278 5.874095 -1.742357
v 13.848775 5.958138 -1.741446
v 13.726100 6.033954 -1.740337
v 13.598254 6.101543 -1.739029
v 13.465237 6.160905 -1.737523
v 13.327047 6.212039 -1.735819
v 13.183687 6.254947 -1.733917
v 13.035155 6.289627 -1.731816
v 12.881452 6.316081 -1.729517
v 12.722577 6.334307 -1.727019
v 12.558531 6.344306 -1.724324
v 12.389314 6.346078 -1.721429
v 12.324627 6.344504 -1.720293
v 12.258608 6.341527 -1.719115
v 12.191258 6.337147 -1.717896
v 12.122578 6.331365 -1.716635
v 12.052565 6.324179 -1.715333
v 11.981221 6.315590 -1.713989
v 11.908545 6.305598 -1.712603
v 11.834538 6.294204 -1.711176
v 11.759199 6.281406 -1.709707
v 11.682529 6.267206 -1.708196
v 11.604528 6.251603 -1.706645
v 11.525195 6.234596 -1.705051
v -14.059746 3.140279 2.222370
v -14.077797 3.156152 2.222471
v -14.096642 3.170612 2.222604
v -14.116274 3.183660 2.222769
v -14.136700 3.195296 2.222967
v -14.157915 3.205519 2.223197
v -14.179924 3.214330 2.223459
v -14.202721 3.221728 2.223754
v -14.226311 3.227715 2.224082
v -14.250689 3.232288 2.224441
v -14.275862 3.235449 2.224833
v -14.301821 3.237198 2.225258
v -14.328571 3.237534 2.225714
v -14.354122 3.236485 2.226169
v -14.378912 3.234044 2.226629
v -14.402941 3.230213 2.227094
v -14.426205 3.224990 2.227564
v -14.448708 3.218376 2.228040
v -14.470449 3.210370 2.228521
v -14.491426 3.200974 2.229007
v -14.511641 3.190186 2.229499
v -14.531096 3.178006 2.229996
v -14.549784 3.164436 2.230499
v -14.567713 3.149474 2.231006
v -14.584879 3.133121 2.231519
v -14.600948 3.115634 2.232028
v -14.615587 3.097273 2.232524
v -14.628796 3.078035 2.233007
v -14.640574 3.057922 2.233477
v -14.650923 3.036933 2.233934
v -14.659840 3.015069 2.234378
v -14.667328 2.992330 2.234809
v -14.673384 2.968714 2.235227
v -14.678007 2.944224 2.235631
v -14.681202 2.918857 2.236023
v -14.682968 2.892616 2.236402
v -14.683300 2.865498 2.236767
v -14.682188 2.838772 2.237103
v -14.679600 2.812893 2.237401
v -14.675535 2.787863 2.237664
v -14.670000 2.763679 2.237889
v -14.662989 2.740343 2.238078
v -14.654507 2.717855 2.238230
v -14.644547 2.696215 2.238345
v -14.633114 2.675421 2.238424
v -14.620207 2.655476 2.238466
v -14.605825 2.636378 2.238472
v -14.589970 2.618128 2.238441
v -14.572639 2.600725 2.238373
v -14.554245 2.584468 2.238271
v -14.535194 2.569656 2.238139
v -14.515490 2.556288 2.237977
v -14.495129 2.544364 2.237784
v -14.474112 2.533885 2.237561
v -14.452436 2.524850 2.237307
v -14.430107 2.517260 2.237022
v -14.407124 2.511113 2.236708
v -14.383486 2.506412 2.236362
v -14.359192 2.503154 2.235987
v -14.334242 2.501341 2.235581
v -14.308640 2.500972 2.235144
v -14.281939 2.502054 2.234669
v -14.256138 2.504559 2.234191
v -14.231234 2.508487 2.233710
v -14.207226 2.513838 2.233225
v -14.184118 2.520612 2.232737
v -14.161909 2.528810 2.232245
v -14.140598 2.538431 2.231750
v -14.120182 2.549475 2.231251
v -14.100664 2.561942 2.230749
v -14.082045 2.575832 2.230244
v -14.064323 2.591146 2.229735
v -14.047503 2.607882 2.229223
v -14.031826 2.625735 2.228716
v -14.017546 2.644396 2.228222
v -14.004662 2.663866 2.227742
v -13.993172 2.684144 2.227274
v -13.983080 2.705230 2.226821
v -13.974384 2.727125 2.226380
v -13.967083 2.749829 2.225953
v -13.961176 2.773340 2.225539
v -13.956667 2.797661 2.225139
v -13.953554 2.822789 2.224752
v -13.951838 2.848727 2.224378
v -13.951515 2.875472 2.224017
v -13.952618 2.902570 2.223677
v -13.955156 2.928753 2.223373
v -13.959139 2.954022 2.223107
v -13.964560 2.978375 2.222877
v -13.971420 3.001815 2.222684
v -13.979717 3.024339 2.222528
v -13.989458 3.045949 2.222410
v -14.000635 3.066644 2.222328
v -14.013254 3.086425 2.222283
v -14.027311 3.105291 2.222275
v -14.042810 3.123242 2.222304
v -14.510899 3.585227 2.224245
v -14.318701 3.578120 2.221025
v -14.542433 5.860956 2.194592
v -15.306229 5.879726 2.207512
v -15.325409 5.860011 2.208104
v -12.542686 3.160956 2.195938
v -12.560738 3.176829 2.196039
v -12.579582 3.191289 2.196172
v -12.599216 3.204338 2.196337
v -12.619640 3.215973 2.196535
v -12.640858 3.226197 2.196765
v -12.662865 3.235007 2.197028
v -12.685661 3.242406 2.197323
v -12.709251 3.248392 2.197650
v -12.733629 3.252965 2.198010
v -12.758802 3.256126 2.198402
v -12.784763 3.257875 2.198826
v -12.811516 3.258211 2.199283
v -12.837067 3.257162 2.199738
v -12.861858 3.254722 2.200197
v -12.885885 3.250890 2.200662
v -12.909149 3.245667 2.201133
v -12.931652 3.239053 2.201609
v -12.953394 3.231047 2.202090
v -12.974371 3.221651 2.202576
v -12.994585 3.210863 2.203068
v -13.014040 3.198684 2.203565
v -13.032728 3.185113 2.204067
v -13.050657 3.170151 2.204575
v -13.067823 3.153798 2.205088
v -13.083893 3.136312 2.205597
v -13.098532 3.117950 2.206093
v -13.111740 3.098712 2.206576
v -13.123518 3.078599 2.207046
v -13.133867 3.057611 2.207503
v -13.142784 3.035746 2.207947
v -13.150272 3.013007 2.208377
v -13.156328 2.989392 2.208795
v -13.160952 2.964901 2.209200
v -13.164146 2.939535 2.209592
v -13.165913 2.913293 2.209970
v -13.166245 2.886175 2.210336
v -13.165133 2.859449 2.210671
v -13.162544 2.833571 2.210970
v -13.158480 2.808540 2.211232
v -13.152945 2.784356 2.211457
v -13.145935 2.761021 2.211646
v -13.137451 2.738533 2.211798
v -13.127491 2.716892 2.211914
v -13.116058 2.696099 2.211993
v -13.103151 2.676153 2.212035
v -13.088770 2.657055 2.212040
v -13.072914 2.638805 2.212009
v -13.055584 2.621402 2.211941
v -13.037189 2.605145 2.211840
v -13.018139 2.590333 2.211708
v -12.998434 2.576965 2.211545
v -12.978073 2.565042 2.211352
v -12.957056 2.554562 2.211129
v -12.935381 2.545527 2.210875
v -12.913052 2.537937 2.210591
v -12.890068 2.531790 2.210276
v -12.866430 2.527089 2.209931
v -12.842136 2.523831 2.209556
v -12.817186 2.522018 2.209149
v -12.791584 2.521649 2.208713
v -12.764883 2.522731 2.208238
v -12.739082 2.525236 2.207760
v -12.714178 2.529164 2.207278
v -12.690170 2.534515 2.206794
v -12.667063 2.541290 2.206305
v -12.644854 2.549487 2.205813
v -12.623543 2.559108 2.205318
v -12.603127 2.570152 2.204820
v -12.583609 2.582619 2.204318
v -12.564989 2.596509 2.203813
v -12.547268 2.611823 2.203304
v -12.530447 2.628560 2.202792
v -12.514771 2.646412 2.202285
v -12.500490 2.665074 2.201791
v -12.487606 2.684543 2.201310
v -12.476116 2.704821 2.200843
v -12.466024 2.725908 2.200389
v -12.457329 2.747802 2.199949
v -12.450027 2.770506 2.199522
v -12.444120 2.794018 2.199108
v -12.439611 2.818338 2.198707
v -12.436499 2.843467 2.198320
v -12.434782 2.869404 2.197947
v -12.434460 2.896150 2.197586
v -12.435562 2.923247 2.197246
v -12.438101 2.949430 2.196942
v -12.442083 2.974699 2.196675
v -12.447504 2.999053 2.196445
v -12.454365 3.022492 2.196253
v -12.462662 3.045017 2.196097
v -12.472403 3.066626 2.195978
v -12.483580 3.087322 2.195896
v -12.496199 3.107102 2.195851
v -12.510256 3.125968 2.195843
v -12.525755 3.143919 2.195873
v -12.993843 3.605904 2.197813
v -12.801645 3.598797 2.194594
v -13.025377 5.881633 2.168160
v -13.789173 5.900404 2.181081
v -13.808353 5.880689 2.181673
v -10.852581 2.625895 2.173897
v -10.173946 2.610827 2.162396
v -10.576216 4.441348 2.145043
v -10.579556 4.458173 2.144877
v -10.582613 4.473887 2.144722
v -10.585381 4.488491 2.144576
v -10.587864 4.501984 2.144439
v -10.590061 4.514366 2.144313
v -10.591974 4.525638 2.144196
v -10.593599 4.535799 2.144089
v -10.594942 4.544849 2.143992
v -10.595999 4.552789 2.143905
v -10.596769 4.559618 2.143828
v -10.597252 4.565336 2.143760
v -10.597450 4.569943 2.143703
v -10.597382 4.576708 2.143612
v -10.596991 4.583223 2.143519
v -10.596275 4.589490 2.143423
v -10.595236 4.595508 2.143325
v -10.593872 4.601276 2.143225
v -10.592184 4.606796 2.143123
v -10.590172 4.612067 2.143018
v -10.587835 4.617089 2.142911
v -10.585175 4.621862 2.142802
v -10.582188 4.626387 2.142691
v -10.578878 4.630662 2.142577
v -10.575247 4.634688 2.142461
v -10.571289 4.638508 2.142342
v -10.567007 4.642164 2.142220
v -10.562403 4.645655 2.142094
v -10.557478 4.648981 2.141965
v -10.552225 4.652143 2.141832
v -10.546654 4.655141 2.141696
v -10.540756 4.657974 2.141557
v -10.534536 4.660642 2.141415
v -10.527992 4.663146 2.141268
v -10.521128 4.665486 2.141119
v -10.513937 4.667661 2.140966
v -10.506428 4.669672 2.140810
v -10.498592 4.671543 2.140650
v -10.490437 4.673301 2.140486
v -10.481955 4.674945 2.140318
v -10.473152 4.676475 2.140146
v -10.464027 4.677891 2.139970
v -10.454580 4.679193 2.139790
v -10.444811 4.680382 2.139606
v -10.434719 4.681457 2.139417
v -10.424305 4.682418 2.139225
v -10.413568 4.683265 2.139029
v -10.402510 4.683999 2.138828
v -10.391134 4.684618 2.138624
v -10.379448 4.685166 2.138415
v -10.367474 4.685683 2.138202
v -10.355213 4.686172 2.137984
v -10.342665 4.686630 2.137762
v -10.329828 4.687058 2.137535
v -10.316706 4.687457 2.137303
v -10.303293 4.687825 2.137067
v -10.289595 4.688164 2.136826
v -10.275608 4.688473 2.136581
v -10.261335 4.688751 2.136331
v -10.246773 4.689001 2.136077
v -10.231926 4.689220 2.135818
v -10.248062 4.800862 2.134615
v -10.319033 4.817762 2.135614
v -10.387180 4.833147 2.136585
v -10.452503 4.847016 2.137527
v -10.515001 4.859370 2.138441
v -10.574677 4.870209 2.139326
v -10.631527 4.879533 2.140182
v -10.685553 4.887341 2.141010
v -10.736755 4.893635 2.141810
v -10.785133 4.898413 2.142581
v -10.830687 4.901677 2.143322
v -10.873417 4.903425 2.144036
v -10.913322 4.903657 2.144721
v -10.940821 4.902861 2.145206
v -10.967396 4.901232 2.145686
v -10.993046 4.898771 2.146160
v -11.017771 4.895479 2.146631
v -11.041573 4.891355 2.147096
v -11.064455 4.886399 2.147556
v -11.086412 4.880611 2.148011
v -11.107447 4.873992 2.148462
v -11.127556 4.866540 2.148907
v -11.146740 4.858257 2.149348
v -11.165003 4.849143 2.149784
v -11.182344 4.839196 2.150215
v -11.198505 4.828438 2.150636
v -11.213240 4.816889 2.151043
v -11.226543 4.804548 2.151437
v -11.238419 4.791417 2.151816
v -11.248865 4.777494 2.152180
v -11.257881 4.762781 2.152531
v -11.265469 4.747276 2.152868
v -11.271626 4.730980 2.153190
v -11.276354 4.713893 2.153498
v -11.279652 4.696015 2.153792
v -11.281523 4.677346 2.154073
v -11.281960 4.657886 2.154338
v -11.281891 4.654171 2.154386
v -11.281784 4.650322 2.154436
v -11.281647 4.646338 2.154486
v -11.281471 4.642220 2.154538
v -11.281260 4.637968 2.154590
v -11.281013 4.633580 2.154644
v -11.280731 4.629058 2.154700
v -11.280415 4.624402 2.154756
v -11.280062 4.619611 2.154813
v -11.279671 4.614685 2.154872
v -11.279245 4.609624 2.154932
v -11.278788 4.604429 2.154993
v -11.354021 4.651178 2.155670
v -11.429232 4.693774 2.156401
v -11.504416 4.732215 2.157187
v -11.579582 4.766502 2.158029
v -11.654722 4.796635 2.158924
v -11.729837 4.822615 2.159875
v -11.804930 4.844440 2.160880
v -11.879999 4.862111 2.161940
v -11.955044 4.875628 2.163054
v -12.030064 4.884991 2.164224
v -12.105059 4.890201 2.165447
v -12.180033 4.891256 2.166726
v -12.196749 4.869142 2.167308
v -12.181330 4.805450 2.167887
v -12.166002 4.741217 2.168475
v -12.150768 4.676441 2.169072
v -12.135630 4.611124 2.169678
v -12.120583 4.545265 2.170292
v -12.105631 4.478865 2.170915
v -12.090771 4.411923 2.171547
v -12.076006 4.344440 2.172188
v -12.061337 4.276414 2.172838
v -12.046757 4.207847 2.173496
v -12.032274 4.138739 2.174164
v -12.017881 4.069088 2.174840
v -11.866814 4.046829 2.172530
v -11.859980 4.089926 2.171841
v -11.852846 4.130680 2.171177
v -11.845406 4.169091 2.170539
v -11.837664 4.205158 2.169927
v -11.829620 4.238882 2.169341
v -11.821274 4.270263 2.168780
v -11.812626 4.299301 2.168246
v -11.803675 4.325995 2.167737
v -11.794418 4.350346 2.167255
v -11.784861 4.372354 2.166798
v -11.775003 4.392019 2.166367
v -11.764841 4.409340 2.165962
v -11.754131 4.424829 2.165572
v -11.742624 4.438994 2.165185
v -11.730324 4.451836 2.164803
v -11.717230 4.463354 2.164424
v -11.703337 4.473549 2.164050
v -11.688652 4.482420 2.163679
v -11.673170 4.489969 2.163311
v -11.656895 4.496194 2.162948
v -11.639820 4.501097 2.162589
v -11.621954 4.504675 2.162233
v -11.603292 4.506931 2.161882
v -11.583836 4.507864 2.161534
v -11.561758 4.507421 2.161159
v -11.538481 4.505509 2.160783
v -11.513998 4.502128 2.160406
v -11.488314 4.497276 2.160027
v -11.461430 4.490955 2.159648
v -11.433340 4.483165 2.159267
v -11.404049 4.473904 2.158885
v -11.373556 4.463174 2.158501
v -11.341860 4.450974 2.158117
v -11.308962 4.437305 2.157731
v -11.274862 4.422166 2.157344
v -11.239555 4.405557 2.156955
v -9.709890 4.920060 2.123754
v -9.750851 4.892752 2.124822
v -9.735140 4.842371 2.125220
v -9.719364 4.789695 2.125647
v -9.703524 4.734723 2.126103
v -9.687616 4.677454 2.126589
v -9.671644 4.617890 2.127104
v -9.655607 4.556031 2.127648
v -9.639502 4.491876 2.128222
v -9.623335 4.425424 2.128825
v -9.607100 4.356677 2.129457
v -9.590797 4.285634 2.130119
v -9.574432 4.212296 2.130810
v -9.558001 4.136661 2.131530
v -9.324202 3.057700 2.141815
v -9.322134 3.048541 2.141901
v -9.320238 3.039650 2.141987
v -9.318514 3.031028 2.142071
v -9.316961 3.022673 2.142155
v -9.315582 3.014585 2.142239
v -9.314379 3.006766 2.142322
v -9.313345 2.999215 2.142404
v -9.312483 2.991931 2.142486
v -9.311794 2.984915 2.142567
v -9.311275 2.978167 2.142648
v -9.310932 2.971687 2.142728
v -9.310766 2.965475 2.142807
v -9.310793 2.957107 2.142919
v -9.311111 2.949022 2.143032
v -9.311722 2.941220 2.143146
v -9.312624 2.933701 2.143261
v -9.313812 2.926466 2.143378
v -9.315296 2.919513 2.143495
v -9.317070 2.912843 2.143615
v -9.319134 2.906457 2.143735
v -9.321489 2.900354 2.143857
v -9.324135 2.894534 2.143979
v -9.327072 2.888997 2.144103
v -9.330303 2.883743 2.144229
v -9.333845 2.878713 2.144357
v -9.337729 2.873847 2.144488
v -9.341953 2.869146 2.144623
v -9.346518 2.864609 2.144762
v -9.351421 2.860235 2.144905
v -9.356667 2.856026 2.145051
v -9.362251 2.851982 2.145201
v -9.368174 2.848101 2.145355
v -9.374437 2.844385 2.145512
v -9.381042 2.840833 2.145673
v -9.387985 2.837445 2.145838
v -9.395269 2.834222 2.146006
v -9.402912 2.831171 2.146178
v -9.410929 2.828301 2.146355
v -9.419315 2.825611 2.146535
v -9.428080 2.823102 2.146719
v -9.437216 2.820774 2.146908
v -9.446728 2.818626 2.147100
v -9.456612 2.816659 2.147297
v -9.466871 2.814873 2.147497
v -9.477505 2.813267 2.147702
v -9.488512 2.811842 2.147911
v -9.499893 2.810597 2.148124
v -9.511646 2.809534 2.148340
v -9.523817 2.808591 2.148562
v -9.536446 2.807710 2.148792
v -9.549530 2.806890 2.149029
v -9.563070 2.806131 2.149272
v -9.577066 2.805434 2.149523
v -9.591522 2.804797 2.149780
v -9.606432 2.804223 2.150045
v -9.621801 2.803709 2.150317
v -9.637625 2.803257 2.150596
v -9.653906 2.802866 2.150882
v -9.670645 2.802537 2.151175
v -9.687840 2.802269 2.151474
v -9.669239 2.688228 2.152667
v -9.599554 2.672864 2.151670
v -9.532795 2.658880 2.150704
v -9.468958 2.646274 2.149770
v -9.408047 2.635046 2.148869
v -9.350056 2.625197 2.148000
v -9.294992 2.616727 2.147163
v -9.242849 2.609636 2.146358
v -9.193630 2.603924 2.145585
v -9.147335 2.599590 2.144845
v -9.103966 2.596634 2.144136
v -9.063517 2.595058 2.143459
v -9.025991 2.594860 2.142815
v -8.996159 2.595832 2.142288
v -8.967438 2.597921 2.141765
v -8.939833 2.601126 2.141246
v -8.913338 2.605447 2.140732
v -8.887957 2.610885 2.140222
v -8.863689 2.617438 2.139717
v -8.840534 2.625108 2.139216
v -8.818493 2.633895 2.138719
v -8.797565 2.643798 2.138227
v -8.777750 2.654817 2.137739
v -8.759047 2.666952 2.137256
v -8.741457 2.680203 2.136777
v -8.725149 2.694501 2.136306
v -8.710289 2.709776 2.135847
v -8.696878 2.726027 2.135400
v -8.684916 2.743255 2.134965
v -8.674402 2.761459 2.134542
v -8.665340 2.780640 2.134131
v -8.657724 2.800798 2.133733
v -8.651558 2.821932 2.133346
v -8.646839 2.844043 2.132971
v -8.643572 2.867131 2.132609
v -8.641750 2.891195 2.132258
v -8.641382 2.916235 2.131919
v -8.642057 2.964862 2.131286
v -8.569567 2.904093 2.130842
v -8.500559 2.848646 2.130388
v -8.435040 2.798522 2.129923
v -8.373003 2.753721 2.129448
v -8.314451 2.714242 2.128963
v -8.259384 2.680086 2.128466
v -8.207802 2.651253 2.127959
v -8.159704 2.627743 2.127442
v -8.115091 2.609555 2.126914
v -8.073963 2.596690 2.126376
v -8.036322 2.589148 2.125827
v -8.002163 2.586928 2.125268
v -7.947859 2.589433 2.124298
v -7.895153 2.595446 2.123309
v -7.844051 2.604966 2.122302
v -7.794554 2.617994 2.121276
v -7.746658 2.634530 2.120230
v -7.700363 2.654572 2.119166
v -7.655668 2.678123 2.118083
v -7.612577 2.705182 2.116981
v -7.571089 2.735748 2.115860
v -7.531204 2.769821 2.114720
v -7.492920 2.807403 2.113562
v -7.456238 2.848492 2.112384
v -7.421890 2.892268 2.111211
v -7.390606 2.937910 2.110066
v -7.362387 2.985420 2.108949
v -7.337234 3.034795 2.107860
v -7.315149 3.086037 2.106799
v -7.296127 3.139145 2.105767
v -7.280172 3.194120 2.104762
v -7.267282 3.250962 2.103786
v -7.257456 3.309670 2.102837
v -7.250696 3.370245 2.101917
v -7.247004 3.432686 2.101025
v -7.246376 3.496993 2.100161
v -7.250690 3.598141 2.098893
v -7.260792 3.696542 2.097761
v -7.276684 3.792195 2.096766
v -7.298363 3.885101 2.095907
v -7.325827 3.975261 2.095184
v -7.359081 4.062673 2.094598
v -7.398123 4.147338 2.094147
v -7.442951 4.229256 2.093833
v -7.493567 4.308427 2.093656
v -7.549973 4.384851 2.093614
v -7.612164 4.458528 2.093709
v -7.680140 4.529457 2.093940
v -7.752501 4.596054 2.094304
v -7.827837 4.656734 2.094798
v -7.906145 4.711497 2.095421
v -7.987429 4.760342 2.096174
v -8.071688 4.803270 2.097058
v -8.158918 4.840281 2.098071
v -8.249126 4.871373 2.099213
v -8.342308 4.896549 2.100486
v -8.438463 4.915807 2.101888
v -8.537596 4.929148 2.103420
v -8.639700 4.936572 2.105083
v -8.744780 4.938078 2.106874
v -8.792080 4.936809 2.107707
v -8.839968 4.934281 2.108566
v -8.888447 4.930496 2.109452
v -8.937517 4.925453 2.110365
v -8.987177 4.919153 2.111305
v -9.037428 4.911595 2.112272
v -9.088266 4.902780 2.113265
v -9.139698 4.892706 2.114285
v -9.191721 4.881374 2.115333
v -9.244335 4.868785 2.116407
v -9.297535 4.854939 2.117508
v -9.351330 4.839834 2.118636
v -9.381371 4.844846 2.119087
v -9.411385 4.850162 2.119534
v -9.441368 4.855782 2.119977
v -9.471321 4.861706 2.120415
v -9.501247 4.867935 2.120848
v -9.531139 4.874468 2.121277
v -9.561007 4.881306 2.121701
v -9.590841 4.888448 2.122121
v -9.620649 4.895895 2.122536
v -9.650425 4.903646 2.122946
v -9.680172 4.911700 2.123352
v -8.679497 3.209963 2.128679
v -8.996113 4.650133 2.115029
v -8.974113 4.660143 2.114516
v -8.951597 4.669316 2.114007
v -8.928560 4.677651 2.113499
v -8.905006 4.685149 2.112993
v -8.880934 4.691810 2.112490
v -8.856344 4.697634 2.111988
v -8.831236 4.702620 2.111489
v -8.805607 4.706769 2.110992
v -8.779465 4.710081 2.110497
v -8.752800 4.712555 2.110005
v -8.725618 4.714192 2.109515
v -8.697920 4.714992 2.109026
v -8.645580 4.713172 2.108148
v -8.594725 4.706266 2.107363
v -8.545351 4.694273 2.106671
v -8.497459 4.677194 2.106072
v -8.451054 4.655028 2.105566
v -8.406130 4.627777 2.105153
v -8.362688 4.595438 2.104833
v -8.320732 4.558013 2.104606
v -8.280256 4.515502 2.104472
v -8.241264 4.467904 2.104431
v -8.203758 4.415220 2.104484
v -8.167732 4.357449 2.104629
v -8.133879 4.296744 2.104851
v -8.102884 4.235257 2.105132
v -8.074749 4.172988 2.105474
v -8.049475 4.109937 2.105874
v -8.027060 4.046104 2.106335
v -8.007504 3.981489 2.106855
v -7.990810 3.916092 2.107435
v -7.976973 3.849913 2.108075
v -7.966000 3.782952 2.108774
v -7.957884 3.715209 2.109533
v -7.952629 3.646683 2.110352
v -7.950232 3.577376 2.111230
v -7.950203 3.536855 2.111767
v -7.951248 3.497147 2.112312
v -7.953367 3.458251 2.112864
v -7.956566 3.420169 2.113425
v -7.960836 3.382899 2.113993
v -7.966181 3.346442 2.114569
v -7.972603 3.310798 2.115153
v -7.980099 3.275967 2.115744
v -7.988672 3.241949 2.116343
v -7.998316 3.208743 2.116950
v -8.009039 3.176351 2.117565
v -8.020836 3.144771 2.118187
v -8.033348 3.114887 2.118800
v -8.046215 3.087581 2.119384
v -8.059441 3.062855 2.119940
v -8.073021 3.040708 2.120468
v -8.086960 3.021140 2.120968
v -8.101254 3.004150 2.121440
v -8.115906 2.989740 2.121884
v -8.130915 2.977908 2.122299
v -8.146278 2.968656 2.122687
v -8.161999 2.961982 2.123047
v -8.178078 2.957887 2.123378
v -8.194517 2.956371 2.123682
v -8.218685 2.957849 2.124079
v -8.245806 2.962900 2.124480
v -8.275883 2.971525 2.124884
v -8.308912 2.983723 2.125291
v -8.344894 2.999496 2.125702
v -8.383831 3.018841 2.126117
v -8.425724 3.041761 2.126535
v -8.470570 3.068254 2.126957
v -8.518368 3.098321 2.127382
v -8.569120 3.131961 2.127811
v -8.622829 3.169175 2.128243
v -5.915998 2.950950 2.084468
v -5.973606 2.951533 2.085453
v -6.031351 2.954849 2.086405
v -6.089239 2.960900 2.087322
v -6.147264 2.969684 2.088207
v -6.205427 2.981202 2.089056
v -6.263731 2.995454 2.089873
v -6.322176 3.012440 2.090655
v -6.380758 3.032160 2.091403
v -6.439476 3.054614 2.092118
v -6.498337 3.079801 2.092798
v -6.557337 3.107723 2.093445
v -6.616474 3.138378 2.094058
v -6.697451 3.015685 2.097082
v -6.618450 2.951897 2.096567
v -6.538111 2.893767 2.095953
v -6.456430 2.841297 2.095241
v -6.373407 2.794485 2.094430
v -6.289047 2.753332 2.093522
v -6.203348 2.717837 2.092515
v -6.116308 2.688001 2.091410
v -6.027925 2.663824 2.090207
v -5.938206 2.645305 2.088906
v -5.847145 2.632446 2.087507
v -5.754745 2.625244 2.086009
v -5.661003 2.623702 2.084413
v -5.588465 2.626362 2.083127
v -5.518332 2.632334 2.081839
v -5.450611 2.641616 2.080548
v -5.385302 2.654209 2.079255
v -5.322399 2.670113 2.077959
v -5.261909 2.689328 2.076661
v -5.203827 2.711854 2.075361
v -5.148157 2.737691 2.074058
v -5.094896 2.766838 2.072753
v -5.044046 2.799297 2.071446
v -4.995605 2.835066 2.070136
v -4.949574 2.874146 2.068824
v -4.906656 2.916088 2.067527
v -4.867554 2.960444 2.066264
v -4.832268 3.007214 2.065035
v -4.800797 3.056397 2.063840
v -4.773142 3.107993 2.062679
v -4.749304 3.162003 2.061551
v -4.729282 3.218427 2.060457
v -4.713078 3.277264 2.059397
v -4.700686 3.338515 2.058371
v -4.692112 3.402179 2.057378
v -4.687355 3.468257 2.056419
v -4.686411 3.536749 2.055494
v -4.690895 3.638637 2.054219
v -4.701488 3.737639 2.053088
v -4.718185 3.833755 2.052101
v -4.740992 3.926983 2.051257
v -4.769903 4.017325 2.050557
v -4.804920 4.104781 2.050000
v -4.846045 4.189350 2.049587
v -4.893276 4.271032 2.049318
v -4.946615 4.349829 2.049192
v -5.006058 4.425738 2.049210
v -5.071609 4.498761 2.049371
v -5.143270 4.568897 2.049676
v -5.219244 4.634669 2.050113
v -5.297735 4.694596 2.050671
v -5.378746 4.748681 2.051350
v -5.462276 4.796921 2.052150
v -5.548326 4.839317 2.053071
v -5.636894 4.875871 2.054114
v -5.727983 4.906580 2.055277
v -5.821590 4.931446 2.056561
v -5.917719 4.950469 2.057966
v -6.016365 4.963647 2.059492
v -6.117531 4.970983 2.061139
v -6.221216 4.972474 2.062907
v -6.278439 4.970807 2.063915
v -6.333406 4.967399 2.064908
v -6.386124 4.962247 2.065886
v -6.436584 4.955353 2.066847
v -6.484793 4.946716 2.067793
v -6.530750 4.936337 2.068723
v -6.574451 4.924216 2.069637
v -6.615900 4.910352 2.070536
v -6.655098 4.894746 2.071419
v -6.692041 4.877397 2.072286
v -6.726730 4.858306 2.073138
v -6.759169 4.837472 2.073973
v -6.789152 4.814983 2.074789
v -6.816479 4.790926 2.075579
v -6.841148 4.765301 2.076344
v -6.863165 4.738108 2.077085
v -6.882523 4.709346 2.077800
v -6.899225 4.679017 2.078491
v -6.913273 4.647119 2.079156
v -6.924664 4.613653 2.079797
v -6.933395 4.578619 2.080412
v -6.939476 4.542018 2.081002
v -6.942898 4.503848 2.081568
v -6.943663 4.464109 2.082108
v -6.940271 4.414194 2.082712
v -6.931494 4.365754 2.083204
v -6.917332 4.318789 2.083583
v -6.897789 4.273298 2.083849
v -6.872864 4.229283 2.084004
v -6.842554 4.186743 2.084046
v -6.806862 4.145678 2.083975
v -6.765785 4.106088 2.083792
v -6.719328 4.067973 2.083497
v -6.667486 4.031333 2.083089
v -6.610258 3.996168 2.082569
v -6.547651 3.962478 2.081937
v -6.479799 3.930717 2.081188
v -6.406849 3.901339 2.080320
v -6.328798 3.874345 2.079333
v -6.245646 3.849733 2.078225
v -6.157394 3.827505 2.076999
v -6.064041 3.807659 2.075653
v -5.965590 3.790197 2.074187
v -5.862036 3.775118 2.072601
v -5.753382 3.762422 2.070896
v -5.639627 3.752109 2.069072
v -5.520771 3.744179 2.067128
v -5.396816 3.738632 2.065064
v -5.395905 3.728968 2.065177
v -5.395063 3.719404 2.065289
v -5.394289 3.709941 2.065401
v -5.393585 3.700578 2.065513
v -5.392952 3.691315 2.065625
v -5.392384 3.682153 2.065737
v -5.391888 3.673091 2.065849
v -5.391459 3.664130 2.065960
v -5.391102 3.655269 2.066072
v -5.390810 3.646508 2.066183
v -5.390589 3.637848 2.066294
v -5.390436 3.629288 2.066405
v -5.390621 3.575660 2.067120
v -5.392696 3.524184 2.067839
v -5.396656 3.474861 2.068561
v -5.402504 3.427690 2.069288
v -5.410238 3.382673 2.070019
v -5.419861 3.339808 2.070753
v -5.431370 3.299096 2.071492
v -5.444767 3.260536 2.072235
v -5.460052 3.224130 2.072981
v -5.477224 3.189876 2.073732
v -5.496281 3.157775 2.074486
v -5.517229 3.127827 2.075245
v -5.540064 3.100132 2.076006
v -5.564787 3.074794 2.076769
v -5.591404 3.051810 2.077533
v -5.619909 3.031182 2.078298
v -5.650305 3.012909 2.079064
v -5.682590 2.996992 2.079832
v -5.716768 2.983430 2.080601
v -5.752832 2.972223 2.081372
v -5.790789 2.963372 2.082144
v -5.830635 2.956876 2.082917
v -5.872372 2.952735 2.083692
v -5.677374 4.506903 2.059707
v -5.647623 4.469303 2.059693
v -5.619364 4.429842 2.059730
v -5.592602 4.388520 2.059817
v -5.567331 4.345337 2.059954
v -5.543558 4.300293 2.060142
v -5.521276 4.253387 2.060380
v -5.500490 4.204621 2.060668
v -5.481195 4.153994 2.061007
v -5.463396 4.101505 2.061397
v -5.447090 4.047156 2.061837
v -5.432280 3.990945 2.062328
v -5.418961 3.932874 2.062869
v -5.553534 3.946694 2.065006
v -5.676498 3.966043 2.066869
v -5.787853 3.990920 2.068459
v -5.887602 4.021326 2.069775
v -5.975739 4.057261 2.070818
v -6.052269 4.098723 2.071587
v -6.117189 4.145714 2.072083
v -6.170502 4.198234 2.072305
v -6.212204 4.256282 2.072254
v -6.242298 4.319858 2.071930
v -6.260784 4.388963 2.071332
v -6.267662 4.463596 2.070460
v -6.267540 4.484631 2.070179
v -6.266579 4.504782 2.069895
v -6.264778 4.524050 2.069608
v -6.262136 4.542434 2.069318
v -6.258656 4.559935 2.069026
v -6.254333 4.576552 2.068731
v -6.249174 4.592285 2.068433
v -6.243174 4.607135 2.068133
v -6.236334 4.621101 2.067830
v -6.228655 4.634184 2.067523
v -6.220137 4.646383 2.067215
v -6.210775 4.657699 2.066903
v -6.200764 4.668128 2.066592
v -6.190283 4.677669 2.066285
v -6.179335 4.686321 2.065981
v -6.167915 4.694085 2.065681
v -6.156031 4.700959 2.065385
v -6.143677 4.706945 2.065093
v -6.130856 4.712043 2.064804
v -6.117565 4.716251 2.064519
v -6.103807 4.719572 2.064238
v -6.089579 4.722003 2.063960
v -6.074884 4.723546 2.063687
v -6.059721 4.724200 2.063416
v -6.026608 4.723106 2.062860
v -5.993723 4.718919 2.062349
v -5.961063 4.711638 2.061882
v -5.928635 4.701264 2.061460
v -5.896431 4.687796 2.061084
v -5.864454 4.671235 2.060752
v -5.832705 4.651580 2.060466
v -5.801184 4.628832 2.060224
v -5.769890 4.602990 2.060028
v -5.738825 4.574055 2.059876
v -5.707985 4.542026 2.059769
v -3.823231 5.997330 2.007962
v -3.420464 6.061182 2.000170
v -3.424345 6.165697 1.998850
v -3.531227 6.180942 2.000491
v -3.635851 6.196386 2.002090
v -3.738211 6.212031 2.003647
v -3.838312 6.227875 2.005163
v -3.936157 6.243918 2.006637
v -4.031738 6.260161 2.008069
v -4.125061 6.276604 2.009460
v -4.216124 6.293247 2.010809
v -4.304926 6.310089 2.012117
v -4.391468 6.327131 2.013383
v -4.475750 6.344373 2.014608
v -4.557774 6.361814 2.015790
v -4.586542 6.332241 2.016679
v -4.582647 6.316715 2.016818
v -4.578680 6.300836 2.016960
v -4.574636 6.284603 2.017106
v -4.570522 6.268017 2.017255
v -4.566338 6.251076 2.017407
v -4.562078 6.233782 2.017564
v -4.557747 6.216135 2.017723
v -4.553345 6.198133 2.017886
v -4.548868 6.179779 2.018052
v -4.544319 6.161070 2.018222
v -4.539698 6.142009 2.018395
v -4.535007 6.122593 2.018572
v -4.530251 6.102849 2.018752
v -4.525438 6.082801 2.018935
v -4.520571 6.062450 2.019121
v -4.515650 6.041797 2.019310
v -4.510675 6.020840 2.019503
v -4.505642 5.999579 2.019698
v -4.500557 5.978016 2.019897
v -4.495419 5.956149 2.020098
v -4.490221 5.933980 2.020303
v -4.484970 5.911507 2.020510
v -4.479664 5.888730 2.020721
v -4.474302 5.865650 2.020935
v -4.468895 5.842293 2.021152
v -4.463451 5.818682 2.021371
v -4.457970 5.794819 2.021593
v -4.452452 5.770702 2.021818
v -4.446898 5.746334 2.022046
v -4.441303 5.721712 2.022276
v -4.435673 5.696837 2.022509
v -4.430004 5.671710 2.022744
v -4.424301 5.646330 2.022983
v -4.418558 5.620697 2.023224
v -4.412779 5.594811 2.023468
v -4.406963 5.568673 2.023714
v -4.401104 5.542341 2.023963
v -4.395189 5.515874 2.024212
v -4.389223 5.489274 2.024462
v -4.383204 5.462538 2.024713
v -4.377132 5.435669 2.024965
v -4.371010 5.408665 2.025218
v -4.364834 5.381526 2.025471
v -4.358603 5.354254 2.025726
v -4.352322 5.326847 2.025981
v -4.345989 5.299305 2.026237
v -4.339602 5.271629 2.026494
v -4.333160 5.243819 2.026752
v -3.868568 3.127196 2.046827
v -3.866907 3.119501 2.046901
v -3.865383 3.111770 2.046977
v -3.863991 3.104004 2.047056
v -3.862734 3.096202 2.047138
v -3.861612 3.088365 2.047223
v -3.860626 3.080492 2.047310
v -3.859774 3.072583 2.047400
v -3.859056 3.064639 2.047493
v -3.858473 3.056659 2.047589
v -3.858025 3.048644 2.047688
v -3.857710 3.040593 2.047789
v -3.857531 3.032506 2.047893
v -3.857801 3.019829 2.048066
v -3.858976 3.007730 2.048247
v -3.861053 2.996209 2.048436
v -3.864035 2.985268 2.048632
v -3.867918 2.974905 2.048837
v -3.872704 2.965121 2.049049
v -3.878393 2.955916 2.049269
v -3.884987 2.947289 2.049497
v -3.892481 2.939242 2.049733
v -3.900881 2.931773 2.049977
v -3.910181 2.924883 2.050229
v -3.920389 2.918571 2.050489
v -3.932356 2.912759 2.050772
v -3.946947 2.907367 2.051095
v -3.964163 2.902396 2.051458
v -3.984001 2.897844 2.051861
v -4.006462 2.893713 2.052303
v -4.031544 2.890002 2.052784
v -4.059252 2.886712 2.053306
v -4.089581 2.883841 2.053867
v -4.122536 2.881391 2.054468
v -4.158113 2.879361 2.055108
v -4.196314 2.877751 2.055788
v -4.237135 2.876561 2.056508
v -4.220966 2.762487 2.057743
v -4.151821 2.747116 2.056754
v -4.085062 2.733131 2.055789
v -4.020685 2.720533 2.054846
v -3.958693 2.709320 2.053926
v -3.899080 2.699493 2.053029
v -3.841856 2.691053 2.052154
v -3.787012 2.683998 2.051302
v -3.734552 2.678330 2.050472
v -3.684475 2.674047 2.049666
v -3.636784 2.671151 2.048882
v -3.591473 2.669641 2.048121
v -3.548546 2.669517 2.047382
v -3.516434 2.670461 2.046816
v -3.485735 2.672400 2.046261
v -3.456451 2.675332 2.045717
v -3.428585 2.679258 2.045185
v -3.402132 2.684178 2.044663
v -3.377096 2.690092 2.044153
v -3.353474 2.697000 2.043654
v -3.331270 2.704902 2.043166
v -3.310478 2.713798 2.042690
v -3.291103 2.723688 2.042225
v -3.273142 2.734572 2.041770
v -3.256598 2.746450 2.041328
v -3.241436 2.759322 2.040895
v -3.227621 2.773189 2.040473
v -3.215155 2.788051 2.040061
v -3.204033 2.803908 2.039659
v -3.194263 2.820760 2.039267
v -3.185839 2.838607 2.038885
v -3.178764 2.857448 2.038513
v -3.173035 2.877285 2.038151
v -3.168655 2.898116 2.037799
v -3.165623 2.919942 2.037457
v -3.163937 2.942763 2.037125
v -3.163601 2.966579 2.036803
v -3.163876 2.974394 2.036704
v -3.164505 2.983251 2.036598
v -3.165487 2.993151 2.036483
v -3.166819 3.004092 2.036361
v -3.168507 3.016077 2.036231
v -3.170544 3.029103 2.036093
v -3.172934 3.043171 2.035948
v -3.175676 3.058282 2.035795
v -3.178772 3.074435 2.035634
v -3.182219 3.091630 2.035465
v -3.186018 3.109867 2.035289
v -3.190168 3.129147 2.035104
v -3.084826 6.056030 1.994451
v -2.776430 5.209105 2.000372
v -2.639982 5.189079 1.998285
v -2.571854 5.887932 1.987837
v -2.544006 5.897634 1.987228
v -2.515306 5.906536 1.986615
v -2.485748 5.914639 1.985998
v -2.455336 5.921944 1.985377
v -2.424068 5.928450 1.984751
v -2.391947 5.934156 1.984122
v -2.358967 5.939064 1.983488
v -2.325132 5.943173 1.982850
v -2.290442 5.946483 1.982208
v -2.254898 5.948994 1.981562
v -2.218498 5.950706 1.980912
v -2.181242 5.951620 1.980257
v -2.078112 5.949361 1.978509
v -1.977800 5.939734 1.976907
v -1.880308 5.922740 1.975452
v -1.785637 5.898378 1.974143
v -1.693783 5.866649 1.972980
v -1.604748 5.827552 1.971963
v -1.518532 5.781088 1.971093
v -1.435135 5.727256 1.970370
v -1.354559 5.666057 1.969793
v -1.276800 5.597489 1.969362
v -1.201862 5.521554 1.969077
v -1.129742 5.438252 1.968939
v -1.061905 5.349741 1.968944
v -0.999821 5.258179 1.969088
v -0.943485 5.163566 1.969372
v -0.892900 5.065903 1.969796
v -0.848064 4.965189 1.970359
v -0.808980 4.861425 1.971062
v -0.775643 4.754611 1.971905
v -0.748055 4.644745 1.972887
v -0.726220 4.531830 1.974009
v -0.710133 4.415863 1.975270
v -0.699796 4.296846 1.976671
v -0.695207 4.174779 1.978212
v -0.696083 4.084411 1.979426
v -0.701259 3.997277 1.980671
v -0.710735 3.913377 1.981948
v -0.724511 3.832712 1.983256
v -0.742586 3.755282 1.984595
v -0.764962 3.681086 1.985965
v -0.791639 3.610124 1.987367
v -0.822617 3.542397 1.988800
v -0.857894 3.477905 1.990264
v -0.897470 3.416646 1.991759
v -0.941347 3.358623 1.993285
v -0.989523 3.303833 1.994843
v -1.041435 3.252826 1.996415
v -1.096514 3.206150 1.997984
v -1.154758 3.163805 1.999550
v -1.216171 3.125790 2.001113
v -1.280752 3.092106 2.002674
v -1.348499 3.062752 2.004231
v -1.419413 3.037730 2.005786
v -1.493494 3.017038 2.007338
v -1.570742 3.000676 2.008887
v -1.651155 2.988646 2.010433
v -1.734739 2.980946 2.011976
v -1.821487 2.977576 2.013517
v -1.877569 2.977825 2.014480
v -1.933985 2.980096 2.015423
v -1.990732 2.984389 2.016345
v -2.047812 2.990703 2.017245
v -2.105225 2.999040 2.018124
v -2.162968 3.009399 2.018982
v -2.221041 3.021780 2.019819
v -2.279448 3.036182 2.020635
v -2.338186 3.052607 2.021430
v -2.397257 3.071053 2.022204
v -2.456659 3.091522 2.022956
v -2.516396 3.114012 2.023688
v -2.565462 2.969868 2.026447
v -2.476988 2.920580 2.025575
v -2.387257 2.875700 2.024623
v -2.296268 2.835228 2.023592
v -2.204025 2.799165 2.022480
v -2.110525 2.767508 2.021288
v -2.015770 2.740260 2.020015
v -1.919760 2.717420 2.018663
v -1.822491 2.698987 2.017231
v -1.723969 2.684962 2.015718
v -1.624187 2.675345 2.014125
v -1.523151 2.670136 2.012452
v -1.420858 2.669335 2.010699
v -1.307350 2.673610 2.008685
v -1.197781 2.683285 2.006668
v -1.092155 2.698361 2.004647
v -0.990471 2.718839 2.002621
v -0.892728 2.744717 2.000593
v -0.798927 2.775996 1.998560
v -0.709067 2.812676 1.996524
v -0.623149 2.854757 1.994485
v -0.541173 2.902239 1.992441
v -0.463140 2.955121 1.990394
v -0.389048 3.013405 1.988343
v -0.318898 3.077090 1.986289
v -0.253623 3.145250 1.984259
v -0.194155 3.216963 1.982282
v -0.140494 3.292227 1.980358
v -0.092642 3.371043 1.978487
v -0.050595 3.453410 1.976669
v -0.014358 3.539329 1.974904
v 0.016072 3.628800 1.973192
v 0.040695 3.721823 1.971534
v 0.059510 3.818397 1.969928
v 0.072519 3.918522 1.968375
v 0.079720 4.022200 1.966875
v 0.081113 4.129429 1.965428
v 0.074524 4.280237 1.963541
v 0.058999 4.426312 1.961870
v 0.034539 4.567657 1.960416
v 0.001144 4.704268 1.959179
v -0.041184 4.836148 1.958159
v -0.092448 4.963296 1.957356
v -0.152647 5.085711 1.956770
v -0.221781 5.203395 1.956400
v -0.299850 5.316347 1.956248
v -0.386853 5.424566 1.956312
v -0.482792 5.528054 1.956593
v -0.587667 5.626809 1.957091
v -0.699239 5.719090 1.957790
v -0.815272 5.803153 1.958675
v -0.935768 5.878999 1.959746
v -1.060728 5.946627 1.961004
v -1.190149 6.006038 1.962447
v -1.324034 6.057231 1.964076
v -1.462379 6.100206 1.965891
v -1.605186 6.134965 1.967892
v -1.752459 6.161506 1.970079
v -1.904192 6.179830 1.972452
v -2.060389 6.189936 1.975011
v -2.221045 6.191824 1.977756
v -2.291607 6.190170 1.978995
v -2.362286 6.187130 1.980254
v -2.433079 6.182703 1.981533
v -2.503990 6.176890 1.982833
v -2.575016 6.169691 1.984153
v -2.646156 6.161104 1.985494
v -2.717413 6.151132 1.986854
v -2.788786 6.139773 1.988236
v -2.860277 6.127028 1.989638
v -2.931881 6.112897 1.991060
v -3.003603 6.097380 1.992502
v -3.075439 6.080476 1.993965
v 2.670927 3.067989 1.934859
v 2.613319 3.068571 1.935844
v 2.555573 3.071888 1.936796
v 2.497687 3.077938 1.937714
v 2.439662 3.086723 1.938598
v 2.381497 3.098241 1.939448
v 2.323193 3.112493 1.940264
v 2.264750 3.129479 1.941046
v 2.206168 3.149199 1.941795
v 2.147448 3.171652 1.942509
v 2.088589 3.196840 1.943190
v 2.029588 3.224761 1.943837
v 1.970448 3.255416 1.944449
v 1.889474 3.132723 1.947474
v 1.968473 3.068935 1.946958
v 2.048813 3.010806 1.946344
v 2.130494 2.958335 1.945632
v 2.213514 2.911523 1.944822
v 2.297876 2.870370 1.943913
v 2.383576 2.834876 1.942906
v 2.470617 2.805040 1.941802
v 2.558998 2.780863 1.940598
v 2.648718 2.762344 1.939297
v 2.739779 2.749484 1.937898
v 2.832179 2.742283 1.936400
v 2.925920 2.740740 1.934804
v 2.998461 2.743401 1.933518
v 3.068591 2.749372 1.932230
v 3.136312 2.758655 1.930939
v 3.201623 2.771248 1.929646
v 3.264524 2.787152 1.928350
v 3.325014 2.806367 1.927052
v 3.383096 2.828893 1.925752
v 3.438767 2.854729 1.924449
v 3.492028 2.883877 1.923144
v 3.542878 2.916335 1.921837
v 3.591320 2.952104 1.920527
v 3.637351 2.991184 1.919215
v 3.680268 3.033127 1.917918
v 3.719371 3.077483 1.916656
v 3.754658 3.124252 1.915426
v 3.786128 3.173435 1.914231
v 3.813782 3.225032 1.913070
v 3.837620 3.279042 1.911942
v 3.857642 3.335466 1.910848
v 3.873848 3.394303 1.909788
v 3.886239 3.455554 1.908762
v 3.894813 3.519218 1.907769
v 3.899571 3.585296 1.906810
v 3.900513 3.653787 1.905885
v 3.896028 3.755676 1.904611
v 3.885436 3.854678 1.903480
v 3.868737 3.950793 1.902492
v 3.845933 4.044022 1.901648
v 3.817021 4.134364 1.900948
v 3.782003 4.221819 1.900391
v 3.740878 4.306389 1.899978
v 3.693645 4.388071 1.899709
v 3.640307 4.466867 1.899583
v 3.580862 4.542777 1.899601
v 3.515310 4.615799 1.899762
v 3.443652 4.685936 1.900067
v 3.367681 4.751707 1.900504
v 3.289190 4.811635 1.901062
v 3.208180 4.865719 1.901742
v 3.124650 4.913960 1.902542
v 3.038600 4.956356 1.903463
v 2.950031 4.992909 1.904505
v 2.858943 5.023619 1.905668
v 2.765335 5.048485 1.906952
v 2.669208 5.067507 1.908357
v 2.570560 5.080686 1.909883
v 2.469393 5.088021 1.911530
v 2.365707 5.089512 1.913298
v 2.308487 5.087846 1.914307
v 2.253517 5.084437 1.915300
v 2.200801 5.079285 1.916277
v 2.150338 5.072392 1.917238
v 2.102130 5.063755 1.918184
v 2.056174 5.053376 1.919114
v 2.012472 5.041255 1.920029
v 1.971022 5.027390 1.920927
v 1.931825 5.011785 1.921810
v 1.894882 4.994436 1.922677
v 1.860192 4.975345 1.923529
v 1.827755 4.954511 1.924365
v 1.797773 4.932022 1.925180
v 1.770447 4.907965 1.925970
v 1.745775 4.882339 1.926736
v 1.723761 4.855146 1.927476
v 1.704403 4.826385 1.928192
v 1.687700 4.796056 1.928882
v 1.673654 4.764158 1.929547
v 1.662262 4.730692 1.930188
v 1.653529 4.695658 1.930803
v 1.647449 4.659056 1.931394
v 1.644028 4.620886 1.931959
v 1.643260 4.581148 1.932500
v 1.646654 4.531233 1.933104
v 1.655430 4.482792 1.933595
v 1.669590 4.435827 1.933974
v 1.689134 4.390337 1.934241
v 1.714062 4.346322 1.934395
v 1.744371 4.303782 1.934437
v 1.780063 4.262716 1.934366
v 1.821138 4.223126 1.934183
v 1.867598 4.185011 1.933888
v 1.919440 4.148371 1.933480
v 1.976665 4.113206 1.932960
v 2.039273 4.079516 1.932328
v 2.107124 4.047756 1.931579
v 2.180075 4.018378 1.930711
v 2.258127 3.991383 1.929724
v 2.341279 3.966772 1.928617
v 2.429531 3.944543 1.927390
v 2.522884 3.924698 1.926044
v 2.621337 3.907236 1.924578
v 2.724891 3.892156 1.922992
v 2.833545 3.879460 1.921288
v 2.947300 3.869147 1.919463
v 3.066154 3.861217 1.917519
v 3.190109 3.855670 1.915455
v 3.191020 3.846006 1.915568
v 3.191861 3.836443 1.915680
v 3.192635 3.826980 1.915792
v 3.193338 3.817616 1.915905
v 3.193974 3.808354 1.916017
v 3.194539 3.799192 1.916128
v 3.195036 3.790130 1.916240
v 3.195464 3.781169 1.916352
v 3.195824 3.772308 1.916463
v 3.196114 3.763547 1.916574
v 3.196335 3.754887 1.916685
v 3.196486 3.746327 1.916796
v 3.196301 3.692698 1.917511
v 3.194229 3.641222 1.918230
v 3.190269 3.591899 1.918952
v 3.184422 3.544729 1.919679
v 3.176687 3.499711 1.920410
v 3.167066 3.456846 1.921145
v 3.155556 3.416134 1.921883
v 3.142160 3.377575 1.922626
v 3.126875 3.341168 1.923373
v 3.109705 3.306915 1.924123
v 3.090646 3.274814 1.924878
v 3.069695 3.244865 1.925636
v 3.046862 3.217171 1.926397
v 3.022137 3.191832 1.927160
v 2.995522 3.168849 1.927924
v 2.967016 3.148221 1.928689
v 2.936621 3.129948 1.929456
v 2.904335 3.114030 1.930223
v 2.870159 3.100468 1.930993
v 2.834094 3.089262 1.931763
v 2.796138 3.080410 1.932535
v 2.756291 3.073914 1.933308
v 2.714556 3.069774 1.934083
v 2.909551 4.623941 1.910099
v 2.939302 4.586341 1.910084
v 2.967560 4.546881 1.910121
v 2.994323 4.505558 1.910208
v 3.019592 4.462376 1.910345
v 3.043367 4.417331 1.910533
v 3.065649 4.370426 1.910771
v 3.086437 4.321660 1.911060
v 3.105730 4.271032 1.911399
v 3.123529 4.218544 1.911788
v 3.139835 4.164195 1.912228
v 3.154646 4.107984 1.912719
v 3.167964 4.049912 1.913260
v 3.033391 4.063733 1.915397
v 2.910426 4.083082 1.917260
v 2.799070 4.107959 1.918850
v 2.699324 4.138365 1.920166
v 2.611185 4.174299 1.921209
v 2.534656 4.215762 1.921979
v 2.469734 4.262753 1.922475
v 2.416423 4.315272 1.922697
v 2.374719 4.373320 1.922646
v 2.344625 4.436896 1.922321
v 2.326138 4.506001 1.921723
v 2.319263 4.580635 1.920851
v 2.319386 4.601669 1.920570
v 2.320347 4.621821 1.920286
v 2.322148 4.641088 1.919999
v 2.324789 4.659473 1.919710
v 2.328270 4.676973 1.919417
v 2.332590 4.693591 1.919122
v 2.337751 4.709324 1.918825
v 2.343751 4.724174 1.918524
v 2.350591 4.738140 1.918221
v 2.358270 4.751223 1.917915
v 2.366789 4.763422 1.917606
v 2.376148 4.774737 1.917295
v 2.386161 4.785167 1.916983
v 2.396642 4.794707 1.916676
v 2.407591 4.803360 1.916373
v 2.419009 4.811123 1.916073
v 2.430894 4.817998 1.915777
v 2.443248 4.823984 1.915484
v 2.456070 4.829082 1.915195
v 2.469361 4.833290 1.914910
v 2.483119 4.836610 1.914629
v 2.497347 4.839042 1.914352
v 2.512041 4.840585 1.914078
v 2.527205 4.841239 1.913808
v 2.560317 4.840145 1.913251
v 2.593203 4.835958 1.912740
v 2.625860 4.828677 1.912273
v 2.658291 4.818303 1.911852
v 2.690494 4.804835 1.911475
v 2.722469 4.788273 1.911144
v 2.754219 4.768619 1.910857
v 2.785739 4.745871 1.910615
v 2.817034 4.720029 1.910419
v 2.848101 4.691093 1.910267
v 2.878940 4.659064 1.910160
v 7.694883 2.878694 1.850747
v 8.373519 2.863626 1.839246
v 7.971250 4.694147 1.821893
v 7.967924 4.709858 1.821742
v 7.964882 4.724660 1.821598
v 7.962123 4.738555 1.821461
v 7.959647 4.751542 1.821332
v 7.957453 4.763620 1.821209
v 7.955542 4.774790 1.821094
v 7.953914 4.785052 1.820986
v 7.952569 4.794407 1.820885
v 7.951506 4.802853 1.820791
v 7.950727 4.810391 1.820705
v 7.950229 4.817021 1.820625
v 7.950014 4.822742 1.820553
v 7.950081 4.829507 1.820462
v 7.950472 4.836022 1.820369
v 7.951188 4.842289 1.820273
v 7.952227 4.848307 1.820176
v 7.953591 4.854075 1.820076
v 7.955279 4.859595 1.819973
v 7.957292 4.864866 1.819869
v 7.959629 4.869888 1.819762
v 7.962290 4.874662 1.819652
v 7.965276 4.879186 1.819541
v 7.968585 4.883461 1.819427
v 7.972218 4.887488 1.819311
v 7.976175 4.891308 1.819192
v 7.980455 4.894963 1.819070
v 7.985059 4.898454 1.818944
v 7.989985 4.901780 1.818815
v 7.995235 4.904943 1.818683
v 8.000808 4.907940 1.818547
v 8.006703 4.910773 1.818408
v 8.012922 4.913442 1.818265
v 8.019464 4.915946 1.818119
v 8.026331 4.918285 1.817969
v 8.033519 4.920460 1.817817
v 8.041035 4.922471 1.817660
v 8.048870 4.924343 1.817500
v 8.057026 4.926100 1.817336
v 8.065506 4.927744 1.817168
v 8.074307 4.929274 1.816996
v 8.083431 4.930690 1.816820
v 8.092878 4.931993 1.816640
v 8.102648 4.933181 1.816456
v 8.112740 4.934256 1.816268
v 8.123153 4.935217 1.816075
v 8.133890 4.936064 1.815879
v 8.144949 4.936798 1.815679
v 8.156330 4.937417 1.815474
v 8.168016 4.937965 1.815265
v 8.179991 4.938483 1.815052
v 8.192251 4.938971 1.814834
v 8.204800 4.939429 1.814612
v 8.217636 4.939857 1.814385
v 8.230761 4.940256 1.814153
v 8.244171 4.940624 1.813917
v 8.257870 4.940963 1.813676
v 8.271856 4.941272 1.813431
v 8.286130 4.941551 1.813181
v 8.300691 4.941800 1.812927
v 8.315539 4.942019 1.812668
v 8.299402 5.053661 1.811465
v 8.228432 5.070561 1.812464
v 8.160284 5.085946 1.813435
v 8.094961 5.099815 1.814377
v 8.032463 5.112169 1.815291
v 7.972788 5.123008 1.816176
v 7.915937 5.132332 1.817033
v 7.861911 5.140141 1.817860
v 7.810709 5.146434 1.818660
v 7.762331 5.151213 1.819431
v 7.716777 5.154476 1.820173
v 7.674047 5.156224 1.820886
v 7.634140 5.156457 1.821571
v 7.606636 5.155660 1.822056
v 7.580036 5.154030 1.822536
v 7.554343 5.151569 1.823012
v 7.529558 5.148276 1.823483
v 7.505679 5.144151 1.823949
v 7.482706 5.139194 1.824411
v 7.460639 5.133405 1.824869
v 7.439480 5.126783 1.825321
v 7.419227 5.119330 1.825769
v 7.399880 5.111045 1.826213
v 7.381440 5.101928 1.826652
v 7.363906 5.091979 1.827086
v 7.347549 5.081218 1.827511
v 7.332638 5.069666 1.827921
v 7.319173 5.057324 1.828317
v 7.307155 5.044190 1.828699
v 7.296583 5.030266 1.829066
v 7.287457 5.015551 1.829418
v 7.279778 5.000045 1.829757
v 7.273544 4.983748 1.830080
v 7.268757 4.966660 1.830390
v 7.265417 4.948782 1.830684
v 7.263523 4.930112 1.830965
v 7.263074 4.910652 1.831231
v 7.263095 4.909791 1.831242
v 7.263133 4.908829 1.831254
v 7.263191 4.907765 1.831267
v 7.263266 4.906601 1.831281
v 7.263360 4.905335 1.831296
v 7.263472 4.903969 1.831313
v 7.263601 4.902502 1.831330
v 7.263750 4.900933 1.831348
v 7.263916 4.899263 1.831367
v 7.264102 4.897493 1.831388
v 7.264305 4.895621 1.831409
v 7.264526 4.893649 1.831431
v 7.264766 4.891575 1.831455
v 7.265024 4.889400 1.831479
v 7.265301 4.887124 1.831505
v 7.265595 4.884747 1.831531
v 7.265908 4.882268 1.831558
v 7.266239 4.879689 1.831587
v 7.266589 4.877008 1.831617
v 7.266957 4.874228 1.831647
v 7.267343 4.871345 1.831679
v 7.267747 4.868361 1.831711
v 7.268170 4.865277 1.831745
v 7.268610 4.862091 1.831780
v 7.189526 4.907623 1.832539
v 7.111645 4.949118 1.833331
v 7.034967 4.986576 1.834156
v 6.959496 5.019998 1.835014
v 6.885227 5.049383 1.835905
v 6.812163 5.074731 1.836828
v 6.740303 5.096043 1.837784
v 6.669647 5.113318 1.838773
v 6.600196 5.126557 1.839795
v 6.531949 5.135759 1.840850
v 6.464906 5.140925 1.841937
v 6.399067 5.142055 1.843058
v 6.334215 5.138975 1.844216
v 6.273376 5.131560 1.845364
v 6.216547 5.119808 1.846500
v 6.163731 5.103721 1.847624
v 6.114924 5.083298 1.848736
v 6.070130 5.058537 1.849837
v 6.029347 5.029442 1.850926
v 5.992577 4.996011 1.852004
v 5.959816 4.958242 1.853070
v 5.931068 4.916139 1.854124
v 5.906331 4.869699 1.855167
v 5.885606 4.818923 1.856198
v 5.798532 4.868230 1.857045
v 5.713005 4.913167 1.857924
v 5.629025 4.953734 1.858833
v 5.546591 4.989932 1.859774
v 5.465702 5.021760 1.860747
v 5.386362 5.049218 1.861750
v 5.308567 5.072307 1.862785
v 5.232319 5.091026 1.863852
v 5.157617 5.105375 1.864949
v 5.084462 5.115355 1.866078
v 5.012853 5.120965 1.867238
v 4.942790 5.122206 1.868430
v 4.899458 5.120644 1.869198
v 4.857788 5.117163 1.869962
v 4.817782 5.111763 1.870724
v 4.779442 5.104443 1.871482
v 4.742766 5.095204 1.872237
v 4.707755 5.084045 1.872989
v 4.674409 5.070968 1.873737
v 4.642726 5.055970 1.874483
v 4.612709 5.039054 1.875225
v 4.584356 5.020217 1.875963
v 4.557668 4.999462 1.876699
v 4.532643 4.976788 1.877431
v 4.509482 4.952483 1.878153
v 4.488384 4.926839 1.878857
v 4.469347 4.899855 1.879543
v 4.452372 4.871531 1.880212
v 4.437458 4.841868 1.880863
v 4.424607 4.810865 1.881496
v 4.413816 4.778522 1.882111
v 4.405089 4.744839 1.882708
v 4.398422 4.709816 1.883288
v 4.393819 4.673454 1.883850
v 4.391276 4.635752 1.884394
v 4.390796 4.596710 1.884920
v 4.391225 4.579187 1.885145
v 4.392027 4.561466 1.885367
v 4.393204 4.543548 1.885584
v 4.394754 4.525432 1.885798
v 4.396681 4.507118 1.886008
v 4.398980 4.488607 1.886214
v 4.401654 4.469898 1.886416
v 4.404702 4.450992 1.886614
v 4.408125 4.431889 1.886809
v 4.411922 4.412587 1.886999
v 4.416092 4.393088 1.887186
v 4.420638 4.373392 1.887369
v 4.679726 3.224253 1.898150
v 4.680564 3.221031 1.898178
v 4.681369 3.217825 1.898207
v 4.682139 3.214635 1.898236
v 4.682876 3.211462 1.898265
v 4.683578 3.208305 1.898295
v 4.684247 3.205165 1.898325
v 4.684880 3.202041 1.898355
v 4.685480 3.198933 1.898386
v 4.686047 3.195842 1.898418
v 4.686579 3.192767 1.898449
v 4.687078 3.189709 1.898481
v 4.687542 3.186667 1.898514
v 4.687972 3.183642 1.898546
v 4.688368 3.180633 1.898579
v 4.688730 3.177640 1.898613
v 4.689059 3.174664 1.898647
v 4.689354 3.171704 1.898681
v 4.689613 3.168761 1.898715
v 4.689839 3.165834 1.898750
v 4.690032 3.162924 1.898786
v 4.690189 3.160029 1.898821
v 4.690314 3.157152 1.898857
v 4.690405 3.154291 1.898894
v 4.690461 3.151446 1.898931
v 4.690409 3.143086 1.899042
v 4.690014 3.135025 1.899156
v 4.689277 3.127264 1.899272
v 4.688198 3.119802 1.899390
v 4.686777 3.112639 1.899509
v 4.685016 3.105776 1.899630
v 4.682911 3.099211 1.899754
v 4.680465 3.092947 1.899879
v 4.677676 3.086981 1.900006
v 4.674547 3.081315 1.900136
v 4.671075 3.075948 1.900267
v 4.667261 3.070880 1.900400
v 4.663115 3.066070 1.900535
v 4.658645 3.061475 1.900673
v 4.653851 3.057095 1.900814
v 4.648732 3.052930 1.900957
v 4.643291 3.048980 1.901103
v 4.637525 3.045245 1.901253
v 4.631435 3.041726 1.901404
v 4.625022 3.038421 1.901559
v 4.618285 3.035332 1.901716
v 4.611224 3.032458 1.901876
v 4.603839 3.029799 1.902038
v 4.596130 3.027355 1.902204
v 4.588099 3.025084 1.902372
v 4.579744 3.022943 1.902545
v 4.571067 3.020934 1.902721
v 4.562067 3.019055 1.902901
v 4.552745 3.017306 1.903085
v 4.543099 3.015689 1.903273
v 4.533132 3.014202 1.903464
v 4.522840 3.012846 1.903660
v 4.512227 3.011620 1.903859
v 4.501291 3.010525 1.904062
v 4.490033 3.009562 1.904269
v 4.478454 3.008728 1.904480
v 4.466577 3.007984 1.904694
v 4.454429 3.007286 1.904913
v 4.442009 3.006635 1.905136
v 4.429319 3.006032 1.905363
v 4.416357 3.005475 1.905594
v 4.403126 3.004966 1.905828
v 4.389623 3.004503 1.906067
v 4.375850 3.004087 1.906310
v 4.361805 3.003719 1.906557
v 4.347489 3.003397 1.906808
v 4.332903 3.003122 1.907064
v 4.318047 3.002894 1.907323
v 4.329322 2.891185 1.908611
v 4.389932 2.873756 1.907797
v 4.449677 2.857903 1.906977
v 4.508554 2.843625 1.906152
v 4.566566 2.830922 1.905320
v 4.623712 2.819795 1.904482
v 4.679992 2.810244 1.903638
v 4.735406 2.802269 1.902789
v 4.789952 2.795869 1.901933
v 4.843634 2.791044 1.901072
v 4.896449 2.787796 1.900204
v 4.948398 2.786123 1.899331
v 4.999480 2.786025 1.898451
v 5.030429 2.786937 1.897905
v 5.060063 2.788810 1.897370
v 5.088385 2.791645 1.896844
v 5.115393 2.795441 1.896328
v 5.141087 2.800199 1.895822
v 5.165468 2.805918 1.895325
v 5.188535 2.812599 1.894839
v 5.210290 2.820242 1.894362
v 5.230730 2.828846 1.893896
v 5.249855 2.838411 1.893439
v 5.267668 2.848939 1.892992
v 5.284166 2.860427 1.892555
v 5.299334 2.873013 1.892127
v 5.313149 2.886829 1.891705
v 5.325613 2.901877 1.891291
v 5.336727 2.918156 1.890883
v 5.346490 2.935666 1.890483
v 5.354900 2.954408 1.890089
v 5.361961 2.974380 1.889702
v 5.367670 2.995584 1.889322
v 5.372028 3.018020 1.888949
v 5.375035 3.041686 1.888584
v 5.376692 3.066584 1.888225
v 5.376996 3.092713 1.887873
v 5.376685 3.105442 1.887709
v 5.376099 3.118505 1.887546
v 5.375238 3.131902 1.887383
v 5.374102 3.145633 1.887220
v 5.372691 3.159698 1.887058
v 5.371006 3.174097 1.886896
v 5.369045 3.188829 1.886734
v 5.366810 3.203896 1.886573
v 5.364301 3.219297 1.886412
v 5.361516 3.235032 1.886251
v 5.358457 3.251101 1.886091
v 5.355123 3.267504 1.885931
v 5.122233 4.280819 1.876500
v 5.117674 4.301546 1.876304
v 5.113493 4.321703 1.876109
v 5.109693 4.341291 1.875914
v 5.106272 4.360311 1.875721
v 5.103230 4.378761 1.875528
v 5.100567 4.396642 1.875337
v 5.098285 4.413955 1.875147
v 5.096381 4.430697 1.874957
v 5.094856 4.446872 1.874769
v 5.093711 4.462477 1.874582
v 5.092946 4.477513 1.874395
v 5.092559 4.491981 1.874210
v 5.092686 4.515769 1.873892
v 5.093739 4.538505 1.873572
v 5.095717 4.560190 1.873251
v 5.098622 4.580824 1.872927
v 5.102454 4.600407 1.872601
v 5.107213 4.618938 1.872273
v 5.112898 4.636418 1.871943
v 5.119510 4.652846 1.871611
v 5.127048 4.668224 1.871277
v 5.135511 4.682550 1.870941
v 5.144902 4.695825 1.870603
v 5.155219 4.708049 1.870263
v 5.166411 4.719271 1.869921
v 5.178428 4.729542 1.869577
v 5.191268 4.738862 1.869232
v 5.204931 4.747230 1.868886
v 5.219419 4.754646 1.868537
v 5.234730 4.761112 1.868188
v 5.250865 4.766626 1.867836
v 5.267823 4.771189 1.867483
v 5.285605 4.774800 1.867129
v 5.304211 4.777460 1.866773
v 5.323641 4.779169 1.866415
v 5.343891 4.779926 1.866056
v 5.376052 4.779267 1.865510
v 5.410133 4.776439 1.864960
v 5.446137 4.771441 1.864406
v 5.484061 4.764274 1.863847
v 5.523909 4.754938 1.863284
v 5.565676 4.743433 1.862716
v 5.609365 4.729758 1.862144
v 5.654975 4.713915 1.861568
v 5.702506 4.695902 1.860988
v 5.751959 4.675720 1.860403
v 5.803333 4.653369 1.859813
v 5.856627 4.628848 1.859220
v 5.857063 4.610869 1.859451
v 5.857873 4.592591 1.859680
v 5.859060 4.574014 1.859906
v 5.860621 4.555138 1.860129
v 5.862559 4.535963 1.860350
v 5.864872 4.516490 1.860569
v 5.867561 4.496717 1.860785
v 5.870625 4.476646 1.860998
v 5.874066 4.456276 1.861209
v 5.877882 4.435607 1.861418
v 5.882072 4.414639 1.861624
v 5.886640 4.393373 1.861827
v 6.224018 2.858647 1.876374
v 6.907517 2.843645 1.864788
v 6.588235 4.300801 1.850958
v 6.583660 4.322641 1.850747
v 6.579467 4.343710 1.850540
v 6.575656 4.364008 1.850337
v 6.572228 4.383534 1.850137
v 6.569181 4.402288 1.849940
v 6.566518 4.420270 1.849748
v 6.564237 4.437482 1.849559
v 6.562336 4.453921 1.849373
v 6.560820 4.469589 1.849191
v 6.559684 4.484485 1.849013
v 6.558930 4.498610 1.848839
v 6.558559 4.511962 1.848668
v 6.558661 4.535749 1.848351
v 6.559637 4.558485 1.848032
v 6.561490 4.580168 1.847713
v 6.564219 4.600800 1.847392
v 6.567822 4.620379 1.847070
v 6.572303 4.638907 1.846747
v 6.577658 4.656383 1.846423
v 6.583890 4.672806 1.846097
v 6.590997 4.688178 1.845771
v 6.598980 4.702497 1.845443
v 6.607840 4.715765 1.845114
v 6.617574 4.727980 1.844784
v 6.628183 4.739195 1.844453
v 6.639667 4.749458 1.844118
v 6.652025 4.758771 1.843782
v 6.665258 4.767134 1.843443
v 6.679365 4.774545 1.843101
v 6.694347 4.781006 1.842757
v 6.710203 4.786517 1.842410
v 6.726933 4.791076 1.842062
v 6.744538 4.794685 1.841710
v 6.763017 4.797343 1.841356
v 6.782371 4.799051 1.841000
v 6.802598 4.799809 1.840641
v 6.834337 4.799160 1.840102
v 6.867963 4.796376 1.839560
v 6.903476 4.791456 1.839013
v 6.940875 4.784400 1.838461
v 6.980164 4.775208 1.837906
v 7.021337 4.763881 1.837346
v 7.064399 4.750417 1.836782
v 7.109347 4.734818 1.836214
v 7.156183 4.717082 1.835642
v 7.204906 4.697211 1.835066
v 7.255515 4.675204 1.834485
v 7.308009 4.651062 1.833900
v 8.837574 5.172859 1.800604
v 8.796615 5.145552 1.801673
v 8.812325 5.095171 1.802070
v 8.828100 5.042494 1.802497
v 8.843942 4.987522 1.802953
v 8.859848 4.930254 1.803439
v 8.875821 4.870690 1.803954
v 8.891859 4.808830 1.804498
v 8.907963 4.744675 1.805072
v 8.924131 4.678224 1.805675
v 8.940367 4.609477 1.806307
v 8.956667 4.538434 1.806969
v 8.973033 4.465095 1.807660
v 8.989465 4.389461 1.808380
v 9.223263 3.310499 1.818666
v 9.225332 3.301341 1.818751
v 9.227228 3.292450 1.818837
v 9.228951 3.283827 1.818921
v 9.230503 3.275472 1.819005
v 9.231882 3.267385 1.819089
v 9.233088 3.259565 1.819172
v 9.234121 3.252014 1.819254
v 9.234982 3.244730 1.819336
v 9.235670 3.237714 1.819417
v 9.236185 3.230967 1.819498
v 9.236528 3.224486 1.819578
v 9.236699 3.218274 1.819658
v 9.236671 3.209906 1.819769
v 9.236353 3.201821 1.819882
v 9.235743 3.194019 1.819996
v 9.234842 3.186500 1.820111
v 9.233650 3.179265 1.820228
v 9.232168 3.172312 1.820346
v 9.230394 3.165643 1.820465
v 9.228331 3.159256 1.820585
v 9.225975 3.153153 1.820707
v 9.223329 3.147333 1.820829
v 9.220390 3.141797 1.820954
v 9.217163 3.136543 1.821079
v 9.213619 3.131513 1.821207
v 9.209734 3.126647 1.821338
v 9.205511 3.121945 1.821473
v 9.200947 3.117408 1.821612
v 9.196043 3.113034 1.821755
v 9.190800 3.108826 1.821901
v 9.185215 3.104781 1.822051
v 9.179291 3.100901 1.822205
v 9.173027 3.097184 1.822362
v 9.166423 3.093632 1.822523
v 9.159479 3.090245 1.822688
v 9.152195 3.087021 1.822856
v 9.144554 3.083970 1.823028
v 9.136539 3.081100 1.823205
v 9.128149 3.078410 1.823385
v 9.119387 3.075901 1.823569
v 9.110250 3.073573 1.823758
v 9.100739 3.071425 1.823950
v 9.090854 3.069458 1.824147
v 9.080595 3.067672 1.824347
v 9.069962 3.066066 1.824552
v 9.058954 3.064641 1.824761
v 9.047573 3.063397 1.824974
v 9.035818 3.062333 1.825190
v 9.023647 3.061390 1.825413
v 9.011021 3.060509 1.825642
v 8.997936 3.059689 1.825879
v 8.984396 3.058930 1.826122
v 8.970398 3.058233 1.826373
v 8.955944 3.057597 1.826630
v 8.941032 3.057022 1.826895
v 8.925665 3.056509 1.827167
v 8.909840 3.056056 1.827446
v 8.893559 3.055666 1.827732
v 8.876820 3.055336 1.828025
v 8.859625 3.055068 1.828325
v 8.878226 2.941027 1.829517
v 8.947910 2.925664 1.828520
v 9.014669 2.911679 1.827554
v 9.078506 2.899073 1.826621
v 9.139420 2.887846 1.825719
v 9.197409 2.877997 1.824850
v 9.252474 2.869527 1.824013
v 9.304616 2.862435 1.823208
v 9.353834 2.856723 1.822435
v 9.400129 2.852389 1.821695
v 9.443501 2.849434 1.820986
v 9.483948 2.847857 1.820310
v 9.521473 2.847659 1.819665
v 9.551306 2.848632 1.819138
v 9.580027 2.850720 1.818615
v 9.607634 2.853925 1.818097
v 9.634128 2.858246 1.817582
v 9.659508 2.863684 1.817073
v 9.683776 2.870238 1.816567
v 9.706930 2.877908 1.816066
v 9.728972 2.886694 1.815570
v 9.749901 2.896597 1.815077
v 9.769716 2.907616 1.814589
v 9.788419 2.919751 1.814106
v 9.806007 2.933002 1.813627
v 9.822316 2.947300 1.813156
v 9.837175 2.962575 1.812697
v 9.850586 2.978826 1.812250
v 9.862547 2.996054 1.811815
v 9.873060 3.014258 1.811393
v 9.882124 3.033440 1.810982
v 9.889739 3.053597 1.810583
v 9.895905 3.074731 1.810196
v 9.900622 3.096842 1.809821
v 9.903892 3.119930 1.809459
v 9.905710 3.143994 1.809108
v 9.906082 3.169034 1.808769
v 9.905409 3.217661 1.808136
v 9.977900 3.156892 1.807692
v 10.046906 3.101445 1.807238
v 10.112427 3.051321 1.806774
v 10.174463 3.006520 1.806298
v 10.233015 2.967041 1.805813
v 10.288082 2.932886 1.805316
v 10.339664 2.904053 1.804810
v 10.387762 2.880542 1.804292
v 10.432375 2.862355 1.803764
v 10.473502 2.849490 1.803226
v 10.511145 2.841947 1.802677
v 10.545303 2.839728 1.802118
v 10.599607 2.842233 1.801148
v 10.652311 2.848245 1.800159
v 10.703413 2.857765 1.799152
v 10.752913 2.870793 1.798126
v 10.800810 2.887329 1.797081
v 10.847104 2.907372 1.796016
v 10.891796 2.930923 1.794933
v 10.934887 2.957981 1.793831
v 10.976376 2.988547 1.792710
v 11.016262 3.022621 1.791570
v 11.054546 3.060202 1.790412
v 11.091228 3.101291 1.789234
v 11.125576 3.145067 1.788061
v 11.156859 3.190710 1.786916
v 11.185077 3.238219 1.785799
v 11.210229 3.287594 1.784710
v 11.232315 3.338836 1.783649
v 11.251336 3.391945 1.782617
v 11.267292 3.446920 1.781612
v 11.280183 3.503761 1.780636
v 11.290007 3.562469 1.779687
v 11.296766 3.623044 1.778767
v 11.300461 3.685485 1.777875
v 11.301089 3.749793 1.777011
v 11.296775 3.850940 1.775743
v 11.286673 3.949341 1.774611
v 11.270782 4.044994 1.773616
v 11.249104 4.137901 1.772757
v 11.221640 4.228060 1.772034
v 11.188387 4.315472 1.771448
v 11.149345 4.400137 1.770998
v 11.104517 4.482055 1.770684
v 11.053901 4.561226 1.770506
v 10.997497 4.637650 1.770464
v 10.935305 4.711327 1.770559
v 10.867325 4.782256 1.770790
v 10.794964 4.848854 1.771154
v 10.719629 4.909534 1.771648
v 10.641319 4.964296 1.772271
v 10.560036 5.013142 1.773025
v 10.475778 5.056069 1.773908
v 10.388545 5.093080 1.774921
v 10.298338 5.124173 1.776064
v 10.205156 5.149348 1.777336
v 10.108999 5.168607 1.778738
v 10.009869 5.181948 1.780271
v 9.907764 5.189371 1.781933
v 9.802685 5.190877 1.783724
v 9.755386 5.189608 1.784557
v 9.707499 5.187080 1.785416
v 9.659019 5.183295 1.786302
v 9.609949 5.178253 1.787215
v 9.560289 5.171952 1.788155
v 9.510038 5.164394 1.789122
v 9.459198 5.155579 1.790115
v 9.407766 5.145505 1.791136
v 9.355743 5.134174 1.792183
v 9.303131 5.121585 1.793257
v 9.249928 5.107738 1.794358
v 9.196136 5.092634 1.795486
v 9.166094 5.097645 1.795938
v 9.136081 5.102961 1.796385
v 9.106096 5.108581 1.796827
v 9.076143 5.114505 1.797265
v 9.046219 5.120734 1.797698
v 9.016323 5.127268 1.798127
v 8.986458 5.134105 1.798551
v 8.956622 5.141248 1.798971
v 8.926816 5.148694 1.799386
v 8.897039 5.156445 1.799796
v 8.867291 5.164500 1.800202
v 9.867968 3.462762 1.805529
v 9.551353 4.902932 1.791879
v 9.573353 4.912942 1.791367
v 9.595869 4.922115 1.790857
v 9.618906 4.930450 1.790349
v 9.642460 4.937948 1.789843
v 9.666531 4.944610 1.789340
v 9.691122 4.950433 1.788839
v 9.716230 4.955420 1.788339
v 9.741858 4.959568 1.787843
v 9.768002 4.962880 1.787348
v 9.794664 4.965354 1.786855
v 9.821846 4.966991 1.786365
v 9.849545 4.967791 1.785877
v 9.901884 4.965971 1.784998
v 9.952742 4.959065 1.784213
v 10.002114 4.947073 1.783521
v 10.050005 4.929994 1.782922
v 10.096411 4.907828 1.782416
v 10.141335 4.880576 1.782003
v 10.184776 4.848238 1.781683
v 10.226734 4.810812 1.781456
v 10.267208 4.768301 1.781322
v 10.306200 4.720703 1.781282
v 10.343708 4.668019 1.781334
v 10.379734 4.610249 1.781479
v 10.413588 4.549543 1.781701
v 10.444582 4.488056 1.781983
v 10.472716 4.425787 1.782324
v 10.497992 4.362737 1.782725
v 10.520405 4.298903 1.783185
v 10.539960 4.234288 1.783705
v 10.556656 4.168891 1.784285
v 10.570490 4.102712 1.784925
v 10.581466 4.035751 1.785624
v 10.589581 3.968008 1.786383
v 10.594837 3.899483 1.787202
v 10.597233 3.830175 1.788080
v 10.597261 3.789654 1.788617
v 10.596216 3.749946 1.789162
v 10.594095 3.711051 1.789715
v 10.590899 3.672968 1.790275
v 10.586630 3.635699 1.790843
v 10.581284 3.599242 1.791419
v 10.574862 3.563598 1.792003
v 10.567366 3.528766 1.792594
v 10.558794 3.494748 1.793193
v 10.549149 3.461543 1.793800
v 10.538427 3.429150 1.794415
v 10.526630 3.397570 1.795038
v 10.514118 3.367686 1.795650
v 10.501249 3.340381 1.796234
v 10.488024 3.315655 1.796790
v 10.474442 3.293507 1.797318
v 10.460503 3.273939 1.797818
v 10.446207 3.256949 1.798290
v 10.431555 3.242539 1.798734
v 10.416546 3.230708 1.799150
v 10.401181 3.221455 1.799537
v 10.385460 3.214781 1.799897
v 10.369381 3.210686 1.800229
v 10.352947 3.209170 1.800532
v 10.328779 3.210648 1.800929
v 10.301657 3.215699 1.801330
v 10.271581 3.224324 1.801734
v 10.238551 3.236522 1.802142
v 10.202567 3.252295 1.802553
v 10.163630 3.271641 1.802967
v 10.121738 3.294560 1.803385
v 10.076893 3.321053 1.803807
v 10.029093 3.351120 1.804232
v 9.978338 3.384760 1.804661
v 9.924630 3.421974 1.805093
v 11.572717 6.258242 1.739043
v 11.871119 5.430636 1.744879
v 12.012396 5.413107 1.742676
v 12.071204 6.082652 1.732778
v 12.104836 6.093986 1.732047
v 12.139597 6.104389 1.731310
v 12.175484 6.113862 1.730566
v 12.212499 6.122405 1.729814
v 12.250641 6.130018 1.729055
v 12.289910 6.136701 1.728290
v 12.330307 6.142452 1.727517
v 12.371832 6.147274 1.726737
v 12.414483 6.151165 1.725950
v 12.458262 6.154127 1.725156
v 12.503169 6.156157 1.724355
v 12.549203 6.157257 1.723546
v 12.654993 6.155025 1.721752
v 12.757610 6.145405 1.720110
v 12.857054 6.128395 1.718621
v 12.953323 6.103996 1.717285
v 13.046419 6.072208 1.716102
v 13.136341 6.033031 1.715071
v 13.223090 5.986464 1.714193
v 13.306665 5.932508 1.713468
v 13.387068 5.871162 1.712896
v 13.464296 5.802427 1.712476
v 13.538350 5.726303 1.712210
v 13.609232 5.642790 1.712096
v 13.675709 5.554116 1.712126
v 13.736553 5.462512 1.712292
v 13.791765 5.367977 1.712595
v 13.841343 5.270512 1.713033
v 13.885288 5.170115 1.713608
v 13.923599 5.066788 1.714318
v 13.956278 4.960530 1.715165
v 13.983323 4.851341 1.716147
v 14.004735 4.739222 1.717266
v 14.020514 4.624172 1.718520
v 14.030660 4.506191 1.719911
v 14.035172 4.385279 1.721437
v 14.034554 4.294602 1.722651
v 14.030151 4.206541 1.723896
v 14.021963 4.121097 1.725170
v 14.009990 4.038270 1.726476
v 13.994232 3.958059 1.727812
v 13.974689 3.880465 1.729179
v 13.951361 3.805488 1.730576
v 13.924248 3.733127 1.732003
v 13.893350 3.663383 1.733461
v 13.858666 3.596256 1.734950
v 13.820198 3.531745 1.736470
v 13.777945 3.469851 1.738019
v 13.732583 3.411747 1.739572
v 13.684788 3.358610 1.741102
v 13.634560 3.310438 1.742607
v 13.581899 3.267231 1.744088
v 13.526805 3.228990 1.745545
v 13.469277 3.195714 1.746979
v 13.409318 3.167404 1.748388
v 13.346926 3.144060 1.749774
v 13.282101 3.125681 1.751135
v 13.214842 3.112267 1.752473
v 13.145151 3.103820 1.753787
v 13.073027 3.100337 1.755077
v 13.055990 3.100223 1.755372
v 13.038916 3.100345 1.755665
v 13.021805 3.100703 1.755955
v 13.004658 3.101297 1.756243
v 12.987473 3.102126 1.756528
v 12.970250 3.103192 1.756811
v 12.952991 3.104493 1.757091
v 12.935696 3.106031 1.757369
v 12.918362 3.107804 1.757644
v 12.900992 3.109813 1.757917
v 12.883585 3.112059 1.758187
v 12.866140 3.114540 1.758455
v 12.735586 3.762049 1.752114
v 12.730913 3.782478 1.751924
v 12.726379 3.802555 1.751736
v 12.721986 3.822279 1.751550
v 12.717731 3.841650 1.751366
v 12.713618 3.860668 1.751185
v 12.709644 3.879333 1.751006
v 12.705811 3.897646 1.750829
v 12.702117 3.915606 1.750654
v 12.698564 3.933214 1.750482
v 12.695150 3.950469 1.750311
v 12.691875 3.967371 1.750144
v 12.688743 3.983920 1.749978
v 12.685698 4.000183 1.749815
v 12.682689 4.016228 1.749654
v 12.679716 4.032053 1.749495
v 12.676782 4.047659 1.749339
v 12.673883 4.063046 1.749184
v 12.671022 4.078214 1.749032
v 12.668198 4.093163 1.748883
v 12.665410 4.107893 1.748735
v 12.662659 4.122404 1.748590
v 12.659945 4.136696 1.748447
v 12.657268 4.150769 1.748307
v 12.654627 4.164623 1.748169
v 12.653298 4.175210 1.748051
v 12.652857 4.185134 1.747927
v 12.653303 4.194395 1.747796
v 12.654635 4.202991 1.747659
v 12.656857 4.210925 1.747516
v 12.659964 4.218195 1.747366
v 12.663959 4.224802 1.747209
v 12.668840 4.230746 1.747046
v 12.674610 4.236026 1.746877
v 12.681267 4.240643 1.746701
v 12.688811 4.244596 1.746518
v 12.697243 4.247885 1.746329
v 12.990102 4.346717 1.739968
v 12.971635 4.451032 1.738902
v 12.938529 4.449787 1.739490
v 12.905643 4.448579 1.740073
v 12.872975 4.447408 1.740652
v 12.840528 4.446273 1.741226
v 12.808298 4.445175 1.741796
v 12.776287 4.444114 1.742362
v 12.744496 4.443089 1.742924
v 12.712924 4.442102 1.743482
v 12.681570 4.441151 1.744035
v 12.650436 4.440237 1.744584
v 12.619521 4.439360 1.745128
v 12.588825 4.438519 1.745669
v 12.558331 4.437715 1.746205
v 12.528022 4.436947 1.746738
v 12.497898 4.436216 1.747267
v 12.467960 4.435521 1.747793
v 12.438208 4.434862 1.748314
v 12.408640 4.434239 1.748832
v 12.379256 4.433653 1.749347
v 12.350060 4.433104 1.749858
v 12.321047 4.432590 1.750365
v 12.292220 4.432112 1.750868
v 12.263578 4.431671 1.751368
v 12.235123 4.431266 1.751864
v 12.205214 4.430876 1.752385
v 12.175456 4.430521 1.752902
v 12.145850 4.430202 1.753417
v 12.116396 4.429918 1.753929
v 12.087093 4.429671 1.754437
v 12.057941 4.429460 1.754943
v 12.028942 4.429284 1.755445
v 12.000093 4.429144 1.755944
v 11.971396 4.429040 1.756440
v 11.942851 4.428971 1.756933
v 11.914457 4.428939 1.757423
v 11.886214 4.428943 1.757910
v 11.858107 4.428982 1.758394
v 11.830116 4.429056 1.758876
v 11.802243 4.429166 1.759355
v 11.774488 4.429311 1.759832
v 11.746852 4.429492 1.760306
v 11.719333 4.429708 1.760778
v 11.691931 4.429959 1.761247
v 11.664647 4.430246 1.761713
v 11.637481 4.430568 1.762177
v 11.610433 4.430925 1.762639
v 11.583502 4.431318 1.763098
v 11.556688 4.431746 1.763555
v 11.567862 4.327332 1.764748
v 11.836403 4.250743 1.761134
v 11.847780 4.247419 1.760982
v 11.858320 4.243611 1.760850
v 11.868021 4.239319 1.760740
v 11.876885 4.234542 1.760651
v 11.884912 4.229281 1.760582
v 11.892100 4.223536 1.760534
v 11.898452 4.217307 1.760507
v 11.903965 4.210594 1.760502
v 11.908642 4.203396 1.760516
v 11.912479 4.195714 1.760552
v 11.915481 4.187547 1.760609
v 11.917643 4.178896 1.760686
v 11.921497 4.162712 1.760835
v 11.925320 4.146476 1.760984
v 11.929108 4.130188 1.761135
v 11.932863 4.113851 1.761287
v 11.936586 4.097461 1.761440
v 11.940276 4.081021 1.761595
v 11.943933 4.064529 1.761751
v 11.947556 4.047987 1.761908
v 11.951146 4.031393 1.762066
v 11.954703 4.014749 1.762225
v 11.958227 3.998053 1.762386
v 11.961719 3.981306 1.762548
v 11.965229 3.964407 1.762712
v 11.968810 3.947256 1.762878
v 11.972463 3.929853 1.763046
v 11.976186 3.912197 1.763216
v 11.979980 3.894289 1.763388
v 11.983846 3.876128 1.763562
v 11.987782 3.857716 1.763739
v 11.991789 3.839051 1.763917
v 11.995868 3.820133 1.764098
v 12.000017 3.800963 1.764281
v 12.004238 3.781541 1.764466
v 12.008530 3.761867 1.764653
v 12.167511 2.993155 1.772112
v 12.187197 2.976401 1.771994
v 12.273400 2.958155 1.770750
v 12.358839 2.941588 1.769497
v 12.443511 2.926699 1.768235
v 12.527416 2.913488 1.766963
v 12.610556 2.901956 1.765683
v 12.692929 2.892102 1.764393
v 12.774536 2.883926 1.763095
v 12.855377 2.877428 1.761787
v 12.935452 2.872609 1.760470
v 13.014759 2.869468 1.759145
v 13.093301 2.868006 1.757810
v 13.171077 2.868221 1.756466
v 13.298357 2.872557 1.754214
v 13.420872 2.882029 1.751976
v 13.538621 2.896637 1.749752
v 13.651604 2.916382 1.747542
v 13.759822 2.941262 1.745346
v 13.863274 2.971280 1.743164
v 13.961961 3.006434 1.740996
v 14.055882 3.046724 1.738842
v 14.145037 3.092150 1.736701
v 14.229426 3.142713 1.734576
v 14.309052 3.198413 1.732464
v 14.383909 3.259248 1.730366
v 14.453300 3.324687 1.728301
v 14.516522 3.394197 1.726289
v 14.573575 3.467776 1.724329
v 14.624458 3.545425 1.722421
v 14.669173 3.627145 1.720566
v 14.707718 3.712935 1.718763
v 14.740093 3.802796 1.717012
v 14.766299 3.896726 1.715314
v 14.786337 3.994727 1.713668
v 14.800204 4.096798 1.712075
v 14.807903 4.202940 1.710533
v 14.809432 4.313151 1.709045
v 14.802788 4.466677 1.707122
v 14.787178 4.615234 1.705420
v 14.762603 4.758822 1.703938
v 14.729062 4.897442 1.702677
v 14.686556 5.031093 1.701637
v 14.635085 5.159774 1.700817
v 14.574648 5.283487 1.700217
v 14.505246 5.402231 1.699838
v 14.426879 5.516006 1.699680
v 14.339546 5.624812 1.699742
v 14.243248 5.728649 1.700025
v 14.137984 5.827518 1.700528
v 14.025653 5.919788 1.701240
v 13.908150 6.003831 1.702151
v 13.785475 6.079647 1.703260
v 13.657629 6.147236 1.704568
v 13.524611 6.206598 1.706073
v 13.386422 6.257732 1.707778
v 13.243061 6.300640 1.709680
v 13.094530 6.335320 1.711781
v 12.940826 6.361773 1.714080
v 12.781952 6.380000 1.716578
v 12.617905 6.389999 1.719273
v 12.448688 6.391771 1.722167
v 12.384001 6.390197 1.723304
v 12.317983 6.387220 1.724481
v 12.250633 6.382840 1.725701
v 12.181952 6.377057 1.726962
v 12.111939 6.369872 1.728264
v 12.040595 6.361283 1.729608
v 11.967919 6.351291 1.730994
v 11.893912 6.339897 1.732421
v 11.818574 6.327099 1.733890
v 11.741904 6.312899 1.735400
v 11.663902 6.297296 1.736952
v 11.584570 6.280290 1.738546
v 11.572717 6.258242 1.739043
v 11.513342 6.212549 -1.704554
v 11.871119 5.430636 1.744879
v 11.811744 5.384943 -1.698718
v 12.012396 5.413107 1.742676
v 11.953022 5.367414 -1.700921
v 12.071204 6.082652 1.732778
v 12.011829 6.036959 -1.710819
v 12.104836 6.093986 1.732047
v 12.045463 6.048293 -1.711549
v 12.139597 6.104389 1.731310
v 12.080222 6.058696 -1.712287
v 12.175484 6.113862 1.730566
v 12.116110 6.068170 -1.713031
v 12.212499 6.122405 1.729814
v 12.153124 6.076713 -1.713783
v 12.250641 6.130018 1.729055
v 12.191267 6.084325 -1.714541
v 12.289910 6.136701 1.728290
v 12.230536 6.091007 -1.715307
v 12.330307 6.142452 1.727517
v 12.270933 6.096759 -1.716080
v 12.371832 6.147274 1.726737
v 12.312457 6.101582 -1.716860
v 12.414483 6.151165 1.725950
v 12.355109 6.105473 -1.717647
v 12.458262 6.154127 1.725156
v 12.398889 6.108434 -1.718441
v 12.503169 6.156157 1.724355
v 12.443795 6.110464 -1.719242
v 12.549203 6.157257 1.723546
v 12.489829 6.111564 -1.720051
v 12.654993 6.155025 1.721752
v 12.595619 6.109333 -1.721845
v 12.757610 6.145405 1.720110
v 12.698236 6.099712 -1.723487
v 12.857054 6.128395 1.718621
v 12.797679 6.082703 -1.724976
v 12.953323 6.103996 1.717285
v 12.893949 6.058304 -1.726312
v 13.046419 6.072208 1.716102
v 12.987044 6.026515 -1.727495
v 13.136341 6.033031 1.715071
v 13.076967 5.987338 -1.728526
v 13.223090 5.986464 1.714193
v 13.163715 5.940771 -1.729404
v 13.306665 5.932508 1.713468
v 13.247292 5.886815 -1.730129
v 13.387068 5.871162 1.712896
v 13.327693 5.825469 -1.730701
v 13.464296 5.802427 1.712476
v 13.404922 5.756734 -1.731120
v 13.538350 5.726303 1.712210
v 13.478976 5.680610 -1.731387
v 13.609232 5.642790 1.712096
v 13.549857 5.597097 -1.731501
v 13.675709 5.554116 1.712126
v 13.616335 5.508424 -1.731471
v 13.736553 5.462512 1.712292
v 13.677179 5.416820 -1.731304
v 13.791765 5.367977 1.712595
v 13.732390 5.322285 -1.731002
v 13.841343 5.270512 1.713033
v 13.781968 5.224819 -1.730564
v 13.885288 5.170115 1.713608
v 13.825913 5.124422 -1.729989
v 13.923599 5.066788 1.714318
v 13.864225 5.021095 -1.729279
v 13.956278 4.960530 1.715165
v 13.896903 4.914837 -1.728432
v 13.983323 4.851341 1.716147
v 13.923948 4.805648 -1.727450
v 14.004735 4.739222 1.717266
v 13.945360 4.693529 -1.726331
v 14.020514 4.624172 1.718520
v 13.961140 4.578479 -1.725077
v 14.030660 4.506191 1.719911
v 13.971285 4.460498 -1.723686
v 14.035172 4.385279 1.721437
v 13.975798 4.339586 -1.722160
v 14.034554 4.294602 1.722651
v 13.975180 4.248909 -1.720946
v 14.030151 4.206541 1.723896
v 13.970777 4.160848 -1.719701
v 14.021963 4.121097 1.725170
v 13.962588 4.075404 -1.718426
v 14.009990 4.038270 1.726476
v 13.950616 3.992577 -1.717121
v 13.994232 3.958059 1.727812
v 13.934857 3.912366 -1.715785
v 13.974689 3.880465 1.729179
v 13.915315 3.834772 -1.714418
v 13.951361 3.805488 1.730576
v 13.891986 3.759795 -1.713021
v 13.924248 3.733127 1.732003
v 13.864873 3.687434 -1.711594
v 13.893350 3.663383 1.733461
v 13.833975 3.617690 -1.710135
v 13.858666 3.596256 1.734950
v 13.799292 3.550563 -1.708647
v 13.820198 3.531745 1.736470
v 13.760823 3.486052 -1.707127
v 13.777945 3.469851 1.738019
v 13.718571 3.424158 -1.705578
v 13.732583 3.411747 1.739572
v 13.673208 3.366054 -1.704024
v 13.684788 3.358610 1.741102
v 13.625413 3.312917 -1.702495
v 13.634560 3.310438 1.742607
v 13.575185 3.264745 -1.700990
v 13.581899 3.267231 1.744088
v 13.522524 3.221538 -1.699509
v 13.526805 3.228990 1.745545
v 13.467430 3.183297 -1.698051
v 13.469277 3.195714 1.746979
v 13.409904 3.150021 -1.696618
v 13.409318 3.167404 1.748388
v 13.349943 3.121711 -1.695209
v 13.346926 3.144060 1.749774
v 13.287551 3.098367 -1.693823
v 13.282101 3.125681 1.751135
v 13.222726 3.079988 -1.692461
v 13.214842 3.112267 1.752473
v 13.155467 3.066575 -1.691124
v 13.145151 3.103820 1.753787
v 13.085776 3.058127 -1.689810
v 13.073027 3.100337 1.755077
v 13.013653 3.054644 -1.688520
v 13.055990 3.100223 1.755372
v 12.996615 3.054530 -1.688225
v 13.038916 3.100345 1.755665
v 12.979542 3.054652 -1.687932
v 13.021805 3.100703 1.755955
v 12.962431 3.055010 -1.687642
v 13.004658 3.101297 1.756243
v 12.945283 3.055604 -1.687354
v 12.987473 3.102126 1.756528
v 12.928099 3.056433 -1.687069
v 12.970250 3.103192 1.756811
v 12.910876 3.057499 -1.686786
v 12.952991 3.104493 1.757091
v 12.893618 3.058800 -1.686506
v 12.935696 3.106031 1.757369
v 12.876321 3.060338 -1.686228
v 12.918362 3.107804 1.757644
v 12.858988 3.062111 -1.685953
v 12.900992 3.109813 1.757917
v 12.841618 3.064121 -1.685680
v 12.883585 3.112059 1.758187
v 12.824210 3.066366 -1.685410
v 12.866140 3.114540 1.758455
v 12.806767 3.068847 -1.685142
v 12.735586 3.762049 1.752114
v 12.676212 3.716356 -1.691482
v 12.730913 3.782478 1.751924
v 12.671538 3.736785 -1.691673
v 12.726379 3.802555 1.751736
v 12.667005 3.756862 -1.691861
v 12.721986 3.822279 1.751550
v 12.662611 3.776586 -1.692047
v 12.717731 3.841650 1.751366
v 12.658358 3.795957 -1.692231
v 12.713618 3.860668 1.751185
v 12.654244 3.814975 -1.692412
v 12.709644 3.879333 1.751006
v 12.650270 3.833641 -1.692591
v 12.705811 3.897646 1.750829
v 12.646437 3.851954 -1.692768
v 12.702117 3.915606 1.750654
v 12.642743 3.869914 -1.692943
v 12.698564 3.933214 1.750482
v 12.639189 3.887521 -1.693115
v 12.695150 3.950469 1.750311
v 12.635776 3.904776 -1.693285
v 12.691875 3.967371 1.750144
v 12.632502 3.921678 -1.693453
v 12.688743 3.983920 1.749978
v 12.629368 3.938227 -1.693619
v 12.685698 4.000183 1.749815
v 12.626323 3.954490 -1.693782
v 12.682689 4.016228 1.749654
v 12.623314 3.970535 -1.693943
v 12.679716 4.032053 1.749495
v 12.620342 3.986360 -1.694102
v 12.676782 4.047659 1.749339
v 12.617407 4.001966 -1.694258
v 12.673883 4.063046 1.749184
v 12.614510 4.017353 -1.694412
v 12.671022 4.078214 1.749032
v 12.611648 4.032521 -1.694564
v 12.668198 4.093163 1.748883
v 12.608824 4.047471 -1.694714
v 12.665410 4.107893 1.748735
v 12.606035 4.062201 -1.694861
v 12.662659 4.122404 1.748590
v 12.603285 4.076712 -1.695006
v 12.659945 4.136696 1.748447
v 12.600571 4.091003 -1.695149
v 12.657268 4.150769 1.748307
v 12.597893 4.105077 -1.695290
v 12.654627 4.164623 1.748169
v 12.595253 4.118930 -1.695428
v 12.653298 4.175210 1.748051
v 12.593924 4.129518 -1.695546
v 12.652857 4.185134 1.747927
v 12.593483 4.139441 -1.695670
v 12.653303 4.194395 1.747796
v 12.593928 4.148702 -1.695800
v 12.654635 4.202991 1.747659
v 12.595262 4.157299 -1.695938
v 12.656857 4.210925 1.747516
v 12.597482 4.165233 -1.696081
v 12.659964 4.218195 1.747366
v 12.600590 4.172503 -1.696231
v 12.663959 4.224802 1.747209
v 12.604584 4.179110 -1.696388
v 12.668840 4.230746 1.747046
v 12.609467 4.185053 -1.696551
v 12.674610 4.236026 1.746877
v 12.615236 4.190333 -1.696720
v 12.681267 4.240643 1.746701
v 12.621893 4.194949 -1.696896
v 12.688811 4.244596 1.746518
v 12.629436 4.198903 -1.697079
v 12.697243 4.247885 1.746329
v 12.637869 4.202192 -1.697268
v 12.990102 4.346717 1.739968
v 12.930727 4.301024 -1.703629
v 12.971635 4.451032 1.738902
v 12.912260 4.405339 -1.704694
v 12.938529 4.449787 1.739490
v 12.879155 4.404094 -1.704107
v 12.905643 4.448579 1.740073
v 12.846269 4.402886 -1.703524
v 12.872975 4.447408 1.740652
v 12.813601 4.401715 -1.702945
v 12.840528 4.446273 1.741226
v 12.781153 4.400580 -1.702371
v 12.808298 4.445175 1.741796
v 12.748924 4.399482 -1.701800
v 12.776287 4.444114 1.742362
v 12.716913 4.398421 -1.701234
v 12.744496 4.443089 1.742924
v 12.685122 4.397397 -1.700673
v 12.712924 4.442102 1.743482
v 12.653549 4.396409 -1.700115
v 12.681570 4.441151 1.744035
v 12.622196 4.395458 -1.699562
v 12.650436 4.440237 1.744584
v 12.591063 4.394544 -1.699013
v 12.619521 4.439360 1.745128
v 12.560146 4.393667 -1.698468
v 12.588825 4.438519 1.745669
v 12.529450 4.392826 -1.697928
v 12.558331 4.437715 1.746205
v 12.498957 4.392022 -1.697392
v 12.528022 4.436947 1.746738
v 12.468648 4.391254 -1.696859
v 12.497898 4.436216 1.747267
v 12.438524 4.390523 -1.696330
v 12.467960 4.435521 1.747793
v 12.408586 4.389828 -1.695804
v 12.438208 4.434862 1.748314
v 12.378833 4.389169 -1.695282
v 12.408640 4.434239 1.748832
v 12.349265 4.388546 -1.694764
v 12.379256 4.433653 1.749347
v 12.319882 4.387960 -1.694250
v 12.350060 4.433104 1.749858
v 12.290685 4.387410 -1.693739
v 12.321047 4.432590 1.750365
v 12.261673 4.386897 -1.693232
v 12.292220 4.432112 1.750868
v 12.232845 4.386419 -1.692729
v 12.263578 4.431671 1.751368
v 12.204205 4.385978 -1.692229
v 12.235123 4.431266 1.751864
v 12.175748 4.385573 -1.691733
v 12.205214 4.430876 1.752385
v 12.145839 4.385183 -1.691212
v 12.175456 4.430521 1.752902
v 12.116081 4.384828 -1.690695
v 12.145850 4.430202 1.753417
v 12.086475 4.384509 -1.690180
v 12.116396 4.429918 1.753929
v 12.057022 4.384225 -1.689668
v 12.087093 4.429671 1.754437
v 12.027719 4.383978 -1.689160
v 12.057941 4.429460 1.754943
v 11.998568 4.383767 -1.688654
v 12.028942 4.429284 1.755445
v 11.969567 4.383591 -1.688152
v 12.000093 4.429144 1.755944
v 11.940720 4.383451 -1.687653
v 11.971396 4.429040 1.756440
v 11.912023 4.383347 -1.687157
v 11.942851 4.428971 1.756933
v 11.883476 4.383279 -1.686663
v 11.914457 4.428939 1.757423
v 11.855083 4.383246 -1.686173
v 11.886214 4.428943 1.757910
v 11.826839 4.383250 -1.685686
v 11.858107 4.428982 1.758394
v 11.798732 4.383289 -1.685202
v 11.830116 4.429056 1.758876
v 11.770741 4.383363 -1.684721
v 11.802243 4.429166 1.759355
v 11.742869 4.383473 -1.684242
v 11.774488 4.429311 1.759832
v 11.715115 4.383618 -1.683765
v 11.746852 4.429492 1.760306
v 11.687477 4.383799 -1.683291
v 11.719333 4.429708 1.760778
v 11.659958 4.384015 -1.682819
v 11.691931 4.429959 1.761247
v 11.632557 4.384266 -1.682350
v 11.664647 4.430246 1.761713
v 11.605272 4.384553 -1.681884
v 11.637481 4.430568 1.762177
v 11.578107 4.384875 -1.681419
v 11.610433 4.430925 1.762639
v 11.551058 4.385233 -1.680958
v 11.583502 4.431318 1.763098
v 11.524128 4.385625 -1.680499
v 11.556688 4.431746 1.763555
v 11.497314 4.386054 -1.680042
v 11.567862 4.327332 1.764748
v 11.508488 4.281639 -1.678849
v 11.836403 4.250743 1.761134
v 11.777029 4.205050 -1.682463
v 11.847780 4.247419 1.760982
v 11.788406 4.201726 -1.682615
v 11.858320 4.243611 1.760850
v 11.798945 4.197918 -1.682746
v 11.868021 4.239319 1.760740
v 11.808647 4.193626 -1.682857
v 11.876885 4.234542 1.760651
v 11.817512 4.188849 -1.682946
v 11.884912 4.229281 1.760582
v 11.825538 4.183589 -1.683015
v 11.892100 4.223536 1.760534
v 11.832726 4.177844 -1.683062
v 11.898452 4.217307 1.760507
v 11.839077 4.171614 -1.683089
v 11.903965 4.210594 1.760502
v 11.844591 4.164901 -1.683095
v 11.908642 4.203396 1.760516
v 11.849267 4.157702 -1.683080
v 11.912479 4.195714 1.760552
v 11.853106 4.150021 -1.683045
v 11.915481 4.187547 1.760609
v 11.856106 4.141854 -1.682988
v 11.917643 4.178896 1.760686
v 11.858269 4.133204 -1.682911
v 11.921497 4.162712 1.760835
v 11.862123 4.117019 -1.682762
v 11.925320 4.146476 1.760984
v 11.865946 4.100783 -1.682613
v 11.929108 4.130188 1.761135
v 11.869734 4.084496 -1.682462
v 11.932863 4.113851 1.761287
v 11.873489 4.068158 -1.682310
v 11.936586 4.097461 1.761440
v 11.877213 4.051768 -1.682157
v 11.940276 4.081021 1.761595
v 11.880901 4.035328 -1.682002
v 11.943933 4.064529 1.761751
v 11.884558 4.018836 -1.681846
v 11.947556 4.047987 1.761908
v 11.888182 4.002294 -1.681689
v 11.951146 4.031393 1.762066
v 11.891771 3.985700 -1.681531
v 11.954703 4.014749 1.762225
v 11.895329 3.969056 -1.681371
v 11.958227 3.998053 1.762386
v 11.898853 3.952360 -1.681211
v 11.961719 3.981306 1.762548
v 11.902345 3.935613 -1.681049
v 11.965229 3.964407 1.762712
v 11.905854 3.918714 -1.680885
v 11.968810 3.947256 1.762878
v 11.909435 3.901563 -1.680719
v 11.972463 3.929853 1.763046
v 11.913088 3.884160 -1.680551
v 11.976186 3.912197 1.763216
v 11.916811 3.866504 -1.680381
v 11.979980 3.894289 1.763388
v 11.920606 3.848596 -1.680209
v 11.983846 3.876128 1.763562
v 11.924471 3.830436 -1.680035
v 11.987782 3.857716 1.763739
v 11.928408 3.812023 -1.679858
v 11.991789 3.839051 1.763917
v 11.932415 3.793358 -1.679680
v 11.995868 3.820133 1.764098
v 11.936493 3.774440 -1.679499
v 12.000017 3.800963 1.764281
v 11.940642 3.755270 -1.679316
v 12.004238 3.781541 1.764466
v 11.944863 3.735848 -1.679131
v 12.008530 3.761867 1.764653
v 11.949155 3.716174 -1.678944
v 12.167511 2.993155 1.772112
v 12.108137 2.947462 -1.671485
v 12.187197 2.976401 1.771994
v 12.127822 2.930708 -1.671602
v 12.273400 2.958155 1.770750
v 12.214026 2.912462 -1.672847
v 12.358839 2.941588 1.769497
v 12.299464 2.895895 -1.674100
v 12.443511 2.926699 1.768235
v 12.384136 2.881006 -1.675362
v 12.527416 2.913488 1.766963
v 12.468042 2.867795 -1.676634
v 12.610556 2.901956 1.765683
v 12.551182 2.856263 -1.677914
v 12.692929 2.892102 1.764393
v 12.633554 2.846409 -1.679204
v 12.774536 2.883926 1.763095
v 12.715162 2.838233 -1.680502
v 12.855377 2.877428 1.761787
v 12.796002 2.831735 -1.681810
v 12.935452 2.872609 1.760470
v 12.876077 2.826916 -1.683127
v 13.014759 2.869468 1.759145
v 12.955385 2.823775 -1.684452
v 13.093301 2.868006 1.757810
v 13.033927 2.822313 -1.685787
v 13.171077 2.868221 1.756466
v 13.111703 2.822528 -1.687131
v 13.298357 2.872557 1.754214
v 13.238983 2.826864 -1.689383
v 13.420872 2.882029 1.751976
v 13.361497 2.836336 -1.691621
v 13.538621 2.896637 1.749752
v 13.479246 2.850944 -1.693845
v 13.651604 2.916382 1.747542
v 13.592230 2.870689 -1.696055
v 13.759822 2.941262 1.745346
v 13.700447 2.895570 -1.698251
v 13.863274 2.971280 1.743164
v 13.803900 2.925587 -1.700433
v 13.961961 3.006434 1.740996
v 13.902586 2.960741 -1.702601
v 14.055882 3.046724 1.738842
v 13.996507 3.001031 -1.704755
v 14.145037 3.092150 1.736701
v 14.085663 3.046458 -1.706895
v 14.229426 3.142713 1.734576
v 14.170053 3.097020 -1.709021
v 14.309052 3.198413 1.732464
v 14.249677 3.152720 -1.711133
v 14.383909 3.259248 1.730366
v 14.324535 3.213555 -1.713231
v 14.453300 3.324687 1.728301
v 14.393927 3.278994 -1.715296
v 14.516522 3.394197 1.726289
v 14.457149 3.348504 -1.717308
v 14.573575 3.467776 1.724329
v 14.514201 3.422083 -1.719268
v 14.624458 3.545425 1.722421
v 14.565084 3.499732 -1.721176
v 14.669173 3.627145 1.720566
v 14.609798 3.581452 -1.723031
v 14.707718 3.712935 1.718763
v 14.648343 3.667243 -1.724834
v 14.740093 3.802796 1.717012
v 14.680718 3.757103 -1.726585
v 14.766299 3.896726 1.715314
v 14.706925 3.851033 -1.728283
v 14.786337 3.994727 1.713668
v 14.726962 3.949034 -1.729929
v 14.800204 4.096798 1.712075
v 14.740830 4.051105 -1.731522
v 14.807903 4.202940 1.710533
v 14.748528 4.157247 -1.733063
v 14.809432 4.313151 1.709045
v 14.750058 4.267458 -1.734552
v 14.802788 4.466677 1.707122
v 14.743413 4.420984 -1.736475
v 14.787178 4.615234 1.705420
v 14.727803 4.569541 -1.738177
v 14.762603 4.758822 1.703938
v 14.703228 4.713130 -1.739658
v 14.729062 4.897442 1.702677
v 14.669687 4.851749 -1.740919
v 14.686556 5.031093 1.701637
v 14.627182 4.985400 -1.741960
v 14.635085 5.159774 1.700817
v 14.575710 5.114081 -1.742780
v 14.574648 5.283487 1.700217
v 14.515274 5.237794 -1.743379
v 14.505246 5.402231 1.699838
v 14.445871 5.356538 -1.743758
v 14.426879 5.516006 1.699680
v 14.367504 5.470313 -1.743917
v 14.339546 5.624812 1.699742
v 14.280171 5.579119 -1.743855
v 14.243248 5.728649 1.700025
v 14.183873 5.682956 -1.743572
v 14.137984 5.827518 1.700528
v 14.078610 5.781825 -1.743069
v 14.025653 5.919788 1.701240
v 13.966278 5.874095 -1.742357
v 13.908150 6.003831 1.702151
v 13.848775 5.958138 -1.741446
v 13.785475 6.079647 1.703260
v 13.726100 6.033954 -1.740337
v 13.657629 6.147236 1.704568
v 13.598254 6.101543 -1.739029
v 13.524611 6.206598 1.706073
v 13.465237 6.160905 -1.737523
v 13.386422 6.257732 1.707778
v 13.327047 6.212039 -1.735819
v 13.243061 6.300640 1.709680
v 13.183687 6.254947 -1.733917
v 13.094530 6.335320 1.711781
v 13.035155 6.289627 -1.731816
v 12.940826 6.361773 1.714080
v 12.881452 6.316081 -1.729517
v 12.781952 6.380000 1.716578
v 12.722577 6.334307 -1.727019
v 12.617905 6.389999 1.719273
v 12.558531 6.344306 -1.724324
v 12.448688 6.391771 1.722167
v 12.389314 6.346078 -1.721429
v 12.384001 6.390197 1.723304
v 12.324627 6.344504 -1.720293
v 12.317983 6.387220 1.724481
v 12.258608 6.341527 -1.719115
v 12.250633 6.382840 1.725701
v 12.191258 6.337147 -1.717896
v 12.181952 6.377057 1.726962
v 12.122578 6.331365 -1.716635
v 12.111939 6.369872 1.728264
v 12.052565 6.324179 -1.715333
v 12.040595 6.361283 1.729608
v 11.981221 6.315590 -1.713989
v 11.967919 6.351291 1.730994
v 11.908545 6.305598 -1.712603
v 11.893912 6.339897 1.732421
v 11.834538 6.294204 -1.711176
v 11.818574 6.327099 1.733890
v 11.759199 6.281406 -1.709707
v 11.741904 6.312899 1.735400
v 11.682529 6.267206 -1.708196
v 11.663902 6.297296 1.736952
v 11.604528 6.251603 -1.706645
v 11.584570 6.280290 1.738546
v 11.525195 6.234596 -1.705051
v 8.837574 5.172859 1.800604
v 8.778198 5.127166 -1.642993
v 8.796615 5.145552 1.801673
v 8.737240 5.099858 -1.641924
v 8.812325 5.095171 1.802070
v 8.752951 5.049478 -1.641527
v 8.828100 5.042494 1.802497
v 8.768725 4.996801 -1.641100
v 8.843942 4.987522 1.802953
v 8.784567 4.941829 -1.640643
v 8.859848 4.930254 1.803439
v 8.800474 4.884561 -1.640158
v 8.875821 4.870690 1.803954
v 8.816446 4.824997 -1.639643
v 8.891859 4.808830 1.804498
v 8.832485 4.763137 -1.639099
v 8.907963 4.744675 1.805072
v 8.848588 4.698982 -1.638525
v 8.924131 4.678224 1.805675
v 8.864758 4.632530 -1.637922
v 8.940367 4.609477 1.806307
v 8.880992 4.563784 -1.637290
v 8.956667 4.538434 1.806969
v 8.897292 4.492741 -1.636628
v 8.973033 4.465095 1.807660
v 8.913658 4.419402 -1.635937
v 8.989465 4.389461 1.808380
v 8.930090 4.343767 -1.635217
v 9.223263 3.310499 1.818666
v 9.163888 3.264806 -1.624931
v 9.225332 3.301341 1.818751
v 9.165956 3.255648 -1.624846
v 9.227228 3.292450 1.818837
v 9.167852 3.246757 -1.624760
v 9.228951 3.283827 1.818921
v 9.169577 3.238134 -1.624676
v 9.230503 3.275472 1.819005
v 9.171128 3.229779 -1.624591
v 9.231882 3.267385 1.819089
v 9.172506 3.221692 -1.624508
v 9.233088 3.259565 1.819172
v 9.173713 3.213872 -1.624425
v 9.234121 3.252014 1.819254
v 9.174746 3.206321 -1.624342
v 9.234982 3.244730 1.819336
v 9.175608 3.199037 -1.624261
v 9.235670 3.237714 1.819417
v 9.176295 3.192021 -1.624179
v 9.236185 3.230967 1.819498
v 9.176811 3.185273 -1.624099
v 9.236528 3.224486 1.819578
v 9.177154 3.178793 -1.624019
v 9.236699 3.218274 1.819658
v 9.177324 3.172581 -1.623939
v 9.236671 3.209906 1.819769
v 9.177296 3.164213 -1.623828
v 9.236353 3.201821 1.819882
v 9.176977 3.156128 -1.623715
v 9.235743 3.194019 1.819996
v 9.176368 3.148326 -1.623601
v 9.234842 3.186500 1.820111
v 9.175467 3.140807 -1.623486
v 9.233650 3.179265 1.820228
v 9.174276 3.133572 -1.623369
v 9.232168 3.172312 1.820346
v 9.172794 3.126619 -1.623251
v 9.230394 3.165643 1.820465
v 9.171021 3.119950 -1.623132
v 9.228331 3.159256 1.820585
v 9.168955 3.113564 -1.623012
v 9.225975 3.153153 1.820707
v 9.166600 3.107460 -1.622890
v 9.223329 3.147333 1.820829
v 9.163954 3.101640 -1.622767
v 9.220390 3.141797 1.820954
v 9.161016 3.096103 -1.622643
v 9.217163 3.136543 1.821079
v 9.157787 3.090850 -1.622518
v 9.213619 3.131513 1.821207
v 9.154243 3.085820 -1.622390
v 9.209734 3.126647 1.821338
v 9.150360 3.080954 -1.622259
v 9.205511 3.121945 1.821473
v 9.146135 3.076252 -1.622123
v 9.200947 3.117408 1.821612
v 9.141572 3.071715 -1.621984
v 9.196043 3.113034 1.821755
v 9.136668 3.067342 -1.621842
v 9.190800 3.108826 1.821901
v 9.131424 3.063133 -1.621696
v 9.185215 3.104781 1.822051
v 9.125840 3.059088 -1.621546
v 9.179291 3.100901 1.822205
v 9.119916 3.055208 -1.621392
v 9.173027 3.097184 1.822362
v 9.113652 3.051491 -1.621235
v 9.166423 3.093632 1.822523
v 9.107048 3.047940 -1.621074
v 9.159479 3.090245 1.822688
v 9.100103 3.044552 -1.620909
v 9.152195 3.087021 1.822856
v 9.092819 3.041328 -1.620741
v 9.144554 3.083970 1.823028
v 9.085178 3.038277 -1.620568
v 9.136539 3.081100 1.823205
v 9.077164 3.035407 -1.620392
v 9.128149 3.078410 1.823385
v 9.068775 3.032717 -1.620212
v 9.119387 3.075901 1.823569
v 9.060011 3.030208 -1.620027
v 9.110250 3.073573 1.823758
v 9.050875 3.027880 -1.619839
v 9.100739 3.071425 1.823950
v 9.041364 3.025732 -1.619646
v 9.090854 3.069458 1.824147
v 9.031479 3.023765 -1.619450
v 9.080595 3.067672 1.824347
v 9.021219 3.021979 -1.619249
v 9.069962 3.066066 1.824552
v 9.010587 3.020373 -1.619045
v 9.058954 3.064641 1.824761
v 8.999579 3.018948 -1.618836
v 9.047573 3.063397 1.824974
v 8.988199 3.017704 -1.618623
v 9.035818 3.062333 1.825190
v 8.976443 3.016640 -1.618407
v 9.023647 3.061390 1.825413
v 8.964273 3.015697 -1.618184
v 9.011021 3.060509 1.825642
v 8.951645 3.014816 -1.617955
v 8.997936 3.059689 1.825879
v 8.938561 3.013996 -1.617718
v 8.984396 3.058930 1.826122
v 8.925021 3.013237 -1.617475
v 8.970398 3.058233 1.826373
v 8.911023 3.012540 -1.617224
v 8.955944 3.057597 1.826630
v 8.896568 3.011904 -1.616966
v 8.941032 3.057022 1.826895
v 8.881658 3.011329 -1.616702
v 8.925665 3.056509 1.827167
v 8.866289 3.010816 -1.616430
v 8.909840 3.056056 1.827446
v 8.850466 3.010364 -1.616151
v 8.893559 3.055666 1.827732
v 8.834184 3.009973 -1.615865
v 8.876820 3.055336 1.828025
v 8.817446 3.009643 -1.615572
v 8.859625 3.055068 1.828325
v 8.800251 3.009375 -1.615272
v 8.878226 2.941027 1.829517
v 8.818851 2.895334 -1.614080
v 8.947910 2.925664 1.828520
v 8.888535 2.879971 -1.615077
v 9.014669 2.911679 1.827554
v 8.955296 2.865986 -1.616043
v 9.078506 2.899073 1.826621
v 9.019132 2.853380 -1.616976
v 9.139420 2.887846 1.825719
v 9.080044 2.842153 -1.617877
v 9.197409 2.877997 1.824850
v 9.138033 2.832304 -1.618747
v 9.252474 2.869527 1.824013
v 9.193099 2.823834 -1.619584
v 9.304616 2.862435 1.823208
v 9.245241 2.816742 -1.620389
v 9.353834 2.856723 1.822435
v 9.294459 2.811030 -1.621161
v 9.400129 2.852389 1.821695
v 9.340754 2.806696 -1.621902
v 9.443501 2.849434 1.820986
v 9.384126 2.803741 -1.622611
v 9.483948 2.847857 1.820310
v 9.424574 2.802164 -1.623287
v 9.521473 2.847659 1.819665
v 9.462098 2.801966 -1.623932
v 9.551306 2.848632 1.819138
v 9.491931 2.802939 -1.624459
v 9.580027 2.850720 1.818615
v 9.520651 2.805027 -1.624982
v 9.607634 2.853925 1.818097
v 9.548259 2.808232 -1.625500
v 9.634128 2.858246 1.817582
v 9.574753 2.812553 -1.626014
v 9.659508 2.863684 1.817073
v 9.600134 2.817991 -1.626524
v 9.683776 2.870238 1.816567
v 9.624401 2.824545 -1.627030
v 9.706930 2.877908 1.816066
v 9.647556 2.832215 -1.627531
v 9.728972 2.886694 1.815570
v 9.669598 2.841001 -1.628027
v 9.749901 2.896597 1.815077
v 9.690526 2.850904 -1.628520
v 9.769716 2.907616 1.814589
v 9.710341 2.861923 -1.629007
v 9.788419 2.919751 1.814106
v 9.729044 2.874058 -1.629491
v 9.806007 2.933002 1.813627
v 9.746634 2.887310 -1.629970
v 9.822316 2.947300 1.813156
v 9.762941 2.901608 -1.630441
v 9.837175 2.962575 1.812697
v 9.777802 2.916882 -1.630900
v 9.850586 2.978826 1.812250
v 9.791211 2.933133 -1.631347
v 9.862547 2.996054 1.811815
v 9.803173 2.950361 -1.631781
v 9.873060 3.014258 1.811393
v 9.813686 2.968565 -1.632204
v 9.882124 3.033440 1.810982
v 9.822750 2.987747 -1.632615
v 9.889739 3.053597 1.810583
v 9.830364 3.007904 -1.633014
v 9.895905 3.074731 1.810196
v 9.836531 3.029038 -1.633401
v 9.900622 3.096842 1.809821
v 9.841248 3.051149 -1.633775
v 9.903892 3.119930 1.809459
v 9.844517 3.074237 -1.634138
v 9.905710 3.143994 1.809108
v 9.846336 3.098301 -1.634489
v 9.906082 3.169034 1.808769
v 9.846707 3.123342 -1.634827
v 9.905409 3.217661 1.808136
v 9.846033 3.171968 -1.635461
v 9.977900 3.156892 1.807692
v 9.918525 3.111199 -1.635905
v 10.046906 3.101445 1.807238
v 9.987531 3.055752 -1.636359
v 10.112427 3.051321 1.806774
v 10.053053 3.005628 -1.636823
v 10.174463 3.006520 1.806298
v 10.115088 2.960827 -1.637298
v 10.233015 2.967041 1.805813
v 10.173640 2.921349 -1.637784
v 10.288082 2.932886 1.805316
v 10.228707 2.887193 -1.638280
v 10.339664 2.904053 1.804810
v 10.280289 2.858360 -1.638787
v 10.387762 2.880542 1.804292
v 10.328386 2.834849 -1.639305
v 10.432375 2.862355 1.803764
v 10.372999 2.816662 -1.639832
v 10.473502 2.849490 1.803226
v 10.414127 2.803797 -1.640371
v 10.511145 2.841947 1.802677
v 10.451771 2.796254 -1.640920
v 10.545303 2.839728 1.802118
v 10.485928 2.794035 -1.641479
v 10.599607 2.842233 1.801148
v 10.540234 2.796540 -1.642449
v 10.652311 2.848245 1.800159
v 10.592937 2.802552 -1.643437
v 10.703413 2.857765 1.799152
v 10.644038 2.812073 -1.644445
v 10.752913 2.870793 1.798126
v 10.693537 2.825100 -1.645471
v 10.800810 2.887329 1.797081
v 10.741434 2.841636 -1.646516
v 10.847104 2.907372 1.796016
v 10.787729 2.861679 -1.647581
v 10.891796 2.930923 1.794933
v 10.832422 2.885230 -1.648664
v 10.934887 2.957981 1.793831
v 10.875513 2.912288 -1.649766
v 10.976376 2.988547 1.792710
v 10.917002 2.942854 -1.650887
v 11.016262 3.022621 1.791570
v 10.956886 2.976928 -1.652026
v 11.054546 3.060202 1.790412
v 10.995172 3.014509 -1.653185
v 11.091228 3.101291 1.789234
v 11.031854 3.055598 -1.654363
v 11.125576 3.145067 1.788061
v 11.066202 3.099374 -1.655536
v 11.156859 3.190710 1.786916
v 11.097485 3.145017 -1.656681
v 11.185077 3.238219 1.785799
v 11.125702 3.192526 -1.657798
v 11.210229 3.287594 1.784710
v 11.150854 3.241901 -1.658887
v 11.232315 3.338836 1.783649
v 11.172941 3.293143 -1.659947
v 11.251336 3.391945 1.782617
v 11.191962 3.346252 -1.660980
v 11.267292 3.446920 1.781612
v 11.207918 3.401227 -1.661985
v 11.280183 3.503761 1.780636
v 11.220808 3.458068 -1.662961
v 11.290007 3.562469 1.779687
v 11.230633 3.516777 -1.663910
v 11.296766 3.623044 1.778767
v 11.237392 3.577351 -1.664830
v 11.300461 3.685485 1.777875
v 11.241087 3.639792 -1.665722
v 11.301089 3.749793 1.777011
v 11.241714 3.704100 -1.666586
v 11.296775 3.850940 1.775743
v 11.237400 3.805247 -1.667854
v 11.286673 3.949341 1.774611
v 11.227299 3.903648 -1.668985
v 11.270782 4.044994 1.773616
v 11.211409 3.999301 -1.669981
v 11.249104 4.137901 1.772757
v 11.189731 4.092208 -1.670840
v 11.221640 4.228060 1.772034
v 11.162265 4.182367 -1.671562
v 11.188387 4.315472 1.771448
v 11.129012 4.269779 -1.672149
v 11.149345 4.400137 1.770998
v 11.089972 4.354445 -1.672599
v 11.104517 4.482055 1.770684
v 11.045142 4.436362 -1.672913
v 11.053901 4.561226 1.770506
v 10.994526 4.515533 -1.673091
v 10.997497 4.637650 1.770464
v 10.938122 4.591957 -1.673133
v 10.935305 4.711327 1.770559
v 10.875931 4.665634 -1.673038
v 10.867325 4.782256 1.770790
v 10.807951 4.736563 -1.672807
v 10.794964 4.848854 1.771154
v 10.735590 4.803161 -1.672443
v 10.719629 4.909534 1.771648
v 10.660255 4.863841 -1.671949
v 10.641319 4.964296 1.772271
v 10.581945 4.918603 -1.671326
v 10.560036 5.013142 1.773025
v 10.500662 4.967448 -1.670572
v 10.475778 5.056069 1.773908
v 10.416403 5.010376 -1.669689
v 10.388545 5.093080 1.774921
v 10.329170 5.047387 -1.668676
v 10.298338 5.124173 1.776064
v 10.238962 5.078480 -1.667533
v 10.205156 5.149348 1.777336
v 10.145781 5.103656 -1.666261
v 10.108999 5.168607 1.778738
v 10.049625 5.122913 -1.664858
v 10.009869 5.181948 1.780271
v 9.950495 5.136254 -1.663326
v 9.907764 5.189371 1.781933
v 9.848390 5.143678 -1.661664
v 9.802685 5.190877 1.783724
v 9.743310 5.145185 -1.659872
v 9.755386 5.189608 1.784557
v 9.696012 5.143915 -1.659040
v 9.707499 5.187080 1.785416
v 9.648123 5.141388 -1.658181
v 9.659019 5.183295 1.786302
v 9.599644 5.137603 -1.657295
v 9.609949 5.178253 1.787215
v 9.550575 5.132560 -1.656382
v 9.560289 5.171952 1.788155
v 9.500914 5.126260 -1.655442
v 9.510038 5.164394 1.789122
v 9.450664 5.118701 -1.654475
v 9.459198 5.155579 1.790115
v 9.399822 5.109886 -1.653482
v 9.407766 5.145505 1.791136
v 9.348391 5.099812 -1.652461
v 9.355743 5.134174 1.792183
v 9.296370 5.088481 -1.651414
v 9.303131 5.121585 1.793257
v 9.243757 5.075892 -1.650340
v 9.249928 5.107738 1.794358
v 9.190554 5.062045 -1.649239
v 9.196136 5.092634 1.795486
v 9.136762 5.046941 -1.648111
v 9.166094 5.097645 1.795938
v 9.106719 5.051952 -1.647659
v 9.136081 5.102961 1.796385
v 9.076706 5.057268 -1.647212
v 9.106096 5.108581 1.796827
v 9.046722 5.062888 -1.646770
v 9.076143 5.114505 1.797265
v 9.016768 5.068812 -1.646332
v 9.046219 5.120734 1.797698
v 8.986843 5.075042 -1.645899
v 9.016323 5.127268 1.798127
v 8.956949 5.081574 -1.645470
v 8.986458 5.134105 1.798551
v 8.927083 5.088412 -1.645046
v 8.956622 5.141248 1.798971
v 8.897247 5.095554 -1.644626
v 8.926816 5.148694 1.799386
v 8.867441 5.103001 -1.644211
v 8.897039 5.156445 1.799796
v 8.837664 5.110752 -1.643800
v 8.867291 5.164500 1.800202
v 8.807917 5.118807 -1.643394
v 9.867968 3.462762 1.805529
v 9.808594 3.417069 -1.638068
v 9.551353 4.902932 1.791879
v 9.491978 4.857239 -1.651718
v 9.573353 4.912942 1.791367
v 9.513977 4.867249 -1.652230
v 9.595869 4.922115 1.790857
v 9.536495 4.876422 -1.652740
v 9.618906 4.930450 1.790349
v 9.559530 4.884758 -1.653248
v 9.642460 4.937948 1.789843
v 9.583084 4.892256 -1.653754
v 9.666531 4.944610 1.789340
v 9.607157 4.898916 -1.654257
v 9.691122 4.950433 1.788839
v 9.631747 4.904740 -1.654758
v 9.716230 4.955420 1.788339
v 9.656856 4.909726 -1.655257
v 9.741858 4.959568 1.787843
v 9.682482 4.913875 -1.655754
v 9.768002 4.962880 1.787348
v 9.708628 4.917187 -1.656249
v 9.794664 4.965354 1.786855
v 9.735291 4.919661 -1.656742
v 9.821846 4.966991 1.786365
v 9.762471 4.921298 -1.657232
v 9.849545 4.967791 1.785877
v 9.790171 4.922098 -1.657720
v 9.901884 4.965971 1.784998
v 9.842510 4.920279 -1.658599
v 9.952742 4.959065 1.784213
v 9.893366 4.913372 -1.659384
v 10.002114 4.947073 1.783521
v 9.942739 4.901380 -1.660076
v 10.050005 4.929994 1.782922
v 9.990629 4.884300 -1.660675
v 10.096411 4.907828 1.782416
v 10.037036 4.862135 -1.661181
v 10.141335 4.880576 1.782003
v 10.081961 4.834883 -1.661594
v 10.184776 4.848238 1.781683
v 10.125401 4.802545 -1.661914
v 10.226734 4.810812 1.781456
v 10.167358 4.765120 -1.662141
v 10.267208 4.768301 1.781322
v 10.207833 4.722608 -1.662274
v 10.306200 4.720703 1.781282
v 10.246825 4.675011 -1.662315
v 10.343708 4.668019 1.781334
v 10.284334 4.622326 -1.662263
v 10.379734 4.610249 1.781479
v 10.320359 4.564555 -1.662117
v 10.413588 4.549543 1.781701
v 10.354214 4.503850 -1.661896
v 10.444582 4.488056 1.781983
v 10.385206 4.442364 -1.661614
v 10.472716 4.425787 1.782324
v 10.413342 4.380095 -1.661273
v 10.497992 4.362737 1.782725
v 10.438616 4.317043 -1.660872
v 10.520405 4.298903 1.783185
v 10.461031 4.253211 -1.660412
v 10.539960 4.234288 1.783705
v 10.480585 4.188595 -1.659891
v 10.556656 4.168891 1.784285
v 10.497280 4.123199 -1.659312
v 10.570490 4.102712 1.784925
v 10.511116 4.057019 -1.658672
v 10.581466 4.035751 1.785624
v 10.522091 3.990058 -1.657973
v 10.589581 3.968008 1.786383
v 10.530207 3.922315 -1.657214
v 10.594837 3.899483 1.787202
v 10.535462 3.853790 -1.656395
v 10.597233 3.830175 1.788080
v 10.537857 3.784482 -1.655517
v 10.597261 3.789654 1.788617
v 10.537888 3.743962 -1.654980
v 10.596216 3.749946 1.789162
v 10.536841 3.704253 -1.654435
v 10.594095 3.711051 1.789715
v 10.534720 3.665358 -1.653882
v 10.590899 3.672968 1.790275
v 10.531525 3.627275 -1.653322
v 10.586630 3.635699 1.790843
v 10.527254 3.590006 -1.652754
v 10.581284 3.599242 1.791419
v 10.521908 3.553549 -1.652178
v 10.574862 3.563598 1.792003
v 10.515488 3.517905 -1.651594
v 10.567366 3.528766 1.792594
v 10.507992 3.483073 -1.651003
v 10.558794 3.494748 1.793193
v 10.499420 3.449055 -1.650403
v 10.549149 3.461543 1.793800
v 10.489774 3.415850 -1.649796
v 10.538427 3.429150 1.794415
v 10.479052 3.383457 -1.649182
v 10.526630 3.397570 1.795038
v 10.467255 3.351877 -1.648559
v 10.514118 3.367686 1.795650
v 10.454742 3.321993 -1.647947
v 10.501249 3.340381 1.796234
v 10.441874 3.294688 -1.647363
v 10.488024 3.315655 1.796790
v 10.428648 3.269962 -1.646807
v 10.474442 3.293507 1.797318
v 10.415066 3.247814 -1.646279
v 10.460503 3.273939 1.797818
v 10.401127 3.228246 -1.645779
v 10.446207 3.256949 1.798290
v 10.386831 3.211257 -1.645307
v 10.431555 3.242539 1.798734
v 10.372180 3.196846 -1.644863
v 10.416546 3.230708 1.799150
v 10.357171 3.185014 -1.644447
v 10.401181 3.221455 1.799537
v 10.341806 3.175762 -1.644059
v 10.385460 3.214781 1.799897
v 10.326084 3.169088 -1.643700
v 10.369381 3.210686 1.800229
v 10.310007 3.164993 -1.643368
v 10.352947 3.209170 1.800532
v 10.293572 3.163477 -1.643065
v 10.328779 3.210648 1.800929
v 10.269404 3.164955 -1.642668
v 10.301657 3.215699 1.801330
v 10.242283 3.170006 -1.642267
v 10.271581 3.224324 1.801734
v 10.212206 3.178631 -1.641863
v 10.238551 3.236522 1.802142
v 10.179176 3.190830 -1.641455
v 10.202567 3.252295 1.802553
v 10.143192 3.206602 -1.641044
v 10.163630 3.271641 1.802967
v 10.104255 3.225948 -1.640630
v 10.121738 3.294560 1.803385
v 10.062363 3.248867 -1.640211
v 10.076893 3.321053 1.803807
v 10.017517 3.275360 -1.639790
v 10.029093 3.351120 1.804232
v 9.969717 3.305427 -1.639364
v 9.978338 3.384760 1.804661
v 9.918964 3.339067 -1.638936
v 9.924630 3.421974 1.805093
v 9.865255 3.376281 -1.638503
v 7.694883 2.878694 1.850747
v 7.635509 2.833001 -1.592849
v 8.373519 2.863626 1.839246
v 8.314144 2.817933 -1.604350
v 7.971250 4.694147 1.821893
v 7.911875 4.648454 -1.621704
v 7.967924 4.709858 1.821742
v 7.908549 4.664165 -1.621855
v 7.964882 4.724660 1.821598
v 7.905508 4.678967 -1.621999
v 7.962123 4.738555 1.821461
v 7.902748 4.692862 -1.622136
v 7.959647 4.751542 1.821332
v 7.900272 4.705849 -1.622265
v 7.957453 4.763620 1.821209
v 7.898078 4.717927 -1.622388
v 7.955542 4.774790 1.821094
v 7.896167 4.729097 -1.622503
v 7.953914 4.785052 1.820986
v 7.894539 4.739360 -1.622611
v 7.952569 4.794407 1.820885
v 7.893194 4.748714 -1.622712
v 7.951506 4.802853 1.820791
v 7.892131 4.757160 -1.622806
v 7.950727 4.810391 1.820705
v 7.891352 4.764698 -1.622892
v 7.950229 4.817021 1.820625
v 7.890854 4.771328 -1.622972
v 7.950014 4.822742 1.820553
v 7.890639 4.777050 -1.623044
v 7.950081 4.829507 1.820462
v 7.890707 4.783814 -1.623135
v 7.950472 4.836022 1.820369
v 7.891098 4.790329 -1.623228
v 7.951188 4.842289 1.820273
v 7.891813 4.796596 -1.623323
v 7.952227 4.848307 1.820176
v 7.892852 4.802614 -1.623421
v 7.953591 4.854075 1.820076
v 7.894216 4.808383 -1.623521
v 7.955279 4.859595 1.819973
v 7.895905 4.813902 -1.623624
v 7.957292 4.864866 1.819869
v 7.897917 4.819173 -1.623728
v 7.959629 4.869888 1.819762
v 7.900254 4.824195 -1.623835
v 7.962290 4.874662 1.819652
v 7.902915 4.828969 -1.623944
v 7.965276 4.879186 1.819541
v 7.905901 4.833493 -1.624056
v 7.968585 4.883461 1.819427
v 7.909211 4.837769 -1.624170
v 7.972218 4.887488 1.819311
v 7.912843 4.841795 -1.624286
v 7.976175 4.891308 1.819192
v 7.916800 4.845615 -1.624405
v 7.980455 4.894963 1.819070
v 7.921081 4.849270 -1.624527
v 7.985059 4.898454 1.818944
v 7.925684 4.852761 -1.624653
v 7.989985 4.901780 1.818815
v 7.930611 4.856088 -1.624782
v 7.995235 4.904943 1.818683
v 7.935860 4.859250 -1.624914
v 8.000808 4.907940 1.818547
v 7.941433 4.862247 -1.625050
v 8.006703 4.910773 1.818408
v 7.947329 4.865080 -1.625189
v 8.012922 4.913442 1.818265
v 7.953548 4.867749 -1.625332
v 8.019464 4.915946 1.818119
v 7.960090 4.870253 -1.625478
v 8.026331 4.918285 1.817969
v 7.966956 4.872592 -1.625627
v 8.033519 4.920460 1.817817
v 7.974144 4.874767 -1.625780
v 8.041035 4.922471 1.817660
v 7.981660 4.876778 -1.625937
v 8.048870 4.924343 1.817500
v 7.989495 4.878650 -1.626096
v 8.057026 4.926100 1.817336
v 7.997652 4.880407 -1.626260
v 8.065506 4.927744 1.817168
v 8.006130 4.882051 -1.626428
v 8.074307 4.929274 1.816996
v 8.014933 4.883581 -1.626601
v 8.083431 4.930690 1.816820
v 8.024057 4.884997 -1.626777
v 8.092878 4.931993 1.816640
v 8.033504 4.886300 -1.626957
v 8.102648 4.933181 1.816456
v 8.043272 4.887488 -1.627141
v 8.112740 4.934256 1.816268
v 8.053364 4.888563 -1.627329
v 8.123153 4.935217 1.816075
v 8.063778 4.889524 -1.627522
v 8.133890 4.936064 1.815879
v 8.074514 4.890371 -1.627718
v 8.144949 4.936798 1.815679
v 8.085573 4.891105 -1.627918
v 8.156330 4.937417 1.815474
v 8.096955 4.891725 -1.628123
v 8.168016 4.937965 1.815265
v 8.108643 4.892272 -1.628332
v 8.179991 4.938483 1.815052
v 8.120615 4.892790 -1.628545
v 8.192251 4.938971 1.814834
v 8.132876 4.893278 -1.628763
v 8.204800 4.939429 1.814612
v 8.145425 4.893736 -1.628985
v 8.217636 4.939857 1.814385
v 8.158261 4.894164 -1.629212
v 8.230761 4.940256 1.814153
v 8.171385 4.894563 -1.629444
v 8.244171 4.940624 1.813917
v 8.184796 4.894931 -1.629680
v 8.257870 4.940963 1.813676
v 8.198496 4.895270 -1.629921
v 8.271856 4.941272 1.813431
v 8.212481 4.895579 -1.630166
v 8.286130 4.941551 1.813181
v 8.226755 4.895858 -1.630416
v 8.300691 4.941800 1.812927
v 8.241316 4.896107 -1.630670
v 8.315539 4.942019 1.812668
v 8.256165 4.896326 -1.630929
v 8.299402 5.053661 1.811465
v 8.240027 5.007969 -1.632132
v 8.228432 5.070561 1.812464
v 8.169056 5.024868 -1.631133
v 8.160284 5.085946 1.813435
v 8.100909 5.040253 -1.630162
v 8.094961 5.099815 1.814377
v 8.035587 5.054122 -1.629220
v 8.032463 5.112169 1.815291
v 7.973088 5.066477 -1.628306
v 7.972788 5.123008 1.816176
v 7.913413 5.077315 -1.627421
v 7.915937 5.132332 1.817033
v 7.856563 5.086639 -1.626564
v 7.861911 5.140141 1.817860
v 7.802536 5.094448 -1.625736
v 7.810709 5.146434 1.818660
v 7.751334 5.100741 -1.624937
v 7.762331 5.151213 1.819431
v 7.702956 5.105520 -1.624166
v 7.716777 5.154476 1.820173
v 7.657402 5.108783 -1.623424
v 7.674047 5.156224 1.820886
v 7.614672 5.110531 -1.622711
v 7.634140 5.156457 1.821571
v 7.574766 5.110764 -1.622026
v 7.606636 5.155660 1.822056
v 7.547261 5.109967 -1.621541
v 7.580036 5.154030 1.822536
v 7.520661 5.108337 -1.621060
v 7.554343 5.151569 1.823012
v 7.494968 5.105876 -1.620585
v 7.529558 5.148276 1.823483
v 7.470183 5.102583 -1.620114
v 7.505679 5.144151 1.823949
v 7.446304 5.098458 -1.619647
v 7.482706 5.139194 1.824411
v 7.423331 5.093501 -1.619185
v 7.460639 5.133405 1.824869
v 7.401265 5.087712 -1.618728
v 7.439480 5.126783 1.825321
v 7.380105 5.081091 -1.618276
v 7.419227 5.119330 1.825769
v 7.359852 5.073638 -1.617827
v 7.399880 5.111045 1.826213
v 7.340505 5.065352 -1.617384
v 7.381440 5.101928 1.826652
v 7.322065 5.056235 -1.616945
v 7.363906 5.091979 1.827086
v 7.304532 5.046286 -1.616511
v 7.347549 5.081218 1.827511
v 7.288175 5.035525 -1.616086
v 7.332638 5.069666 1.827921
v 7.273263 5.023973 -1.615675
v 7.319173 5.057324 1.828317
v 7.259799 5.011631 -1.615280
v 7.307155 5.044190 1.828699
v 7.247780 4.998497 -1.614898
v 7.296583 5.030266 1.829066
v 7.237208 4.984573 -1.614531
v 7.287457 5.015551 1.829418
v 7.228083 4.969858 -1.614178
v 7.279778 5.000045 1.829757
v 7.220403 4.954352 -1.613840
v 7.273544 4.983748 1.830080
v 7.214170 4.938055 -1.613517
v 7.268757 4.966660 1.830390
v 7.209383 4.920967 -1.613207
v 7.265417 4.948782 1.830684
v 7.206042 4.903089 -1.612912
v 7.263523 4.930112 1.830965
v 7.204148 4.884419 -1.612632
v 7.263074 4.910652 1.831231
v 7.203700 4.864959 -1.612366
v 7.263095 4.909791 1.831242
v 7.203720 4.864098 -1.612355
v 7.263133 4.908829 1.831254
v 7.203758 4.863135 -1.612343
v 7.263191 4.907765 1.831267
v 7.203816 4.862072 -1.612330
v 7.263266 4.906601 1.831281
v 7.203891 4.860908 -1.612316
v 7.263360 4.905335 1.831296
v 7.203985 4.859643 -1.612301
v 7.263472 4.903969 1.831313
v 7.204097 4.858276 -1.612284
v 7.263601 4.902502 1.831330
v 7.204226 4.856809 -1.612267
v 7.263750 4.900933 1.831348
v 7.204375 4.855240 -1.612249
v 7.263916 4.899263 1.831367
v 7.204542 4.853571 -1.612229
v 7.264102 4.897493 1.831388
v 7.204727 4.851800 -1.612209
v 7.264305 4.895621 1.831409
v 7.204930 4.849928 -1.612188
v 7.264526 4.893649 1.831431
v 7.205151 4.847956 -1.612166
v 7.264766 4.891575 1.831455
v 7.205391 4.845882 -1.612142
v 7.265024 4.889400 1.831479
v 7.205649 4.843707 -1.612118
v 7.265301 4.887124 1.831505
v 7.205926 4.841431 -1.612092
v 7.265595 4.884747 1.831531
v 7.206221 4.839054 -1.612066
v 7.265908 4.882268 1.831558
v 7.206533 4.836576 -1.612038
v 7.266239 4.879689 1.831587
v 7.206864 4.833996 -1.612010
v 7.266589 4.877008 1.831617
v 7.207214 4.831316 -1.611980
v 7.266957 4.874228 1.831647
v 7.207582 4.828535 -1.611950
v 7.267343 4.871345 1.831679
v 7.207968 4.825652 -1.611918
v 7.267747 4.868361 1.831711
v 7.208372 4.822669 -1.611886
v 7.268170 4.865277 1.831745
v 7.208795 4.819584 -1.611852
v 7.268610 4.862091 1.831780
v 7.209236 4.816398 -1.611817
v 7.189526 4.907623 1.832539
v 7.130151 4.861930 -1.611058
v 7.111645 4.949118 1.833331
v 7.052270 4.903425 -1.610265
v 7.034967 4.986576 1.834156
v 6.975594 4.940883 -1.609441
v 6.959496 5.019998 1.835014
v 6.900122 4.974305 -1.608583
v 6.885227 5.049383 1.835905
v 6.825853 5.003690 -1.607692
v 6.812163 5.074731 1.836828
v 6.752789 5.029038 -1.606769
v 6.740303 5.096043 1.837784
v 6.680929 5.050350 -1.605812
v 6.669647 5.113318 1.838773
v 6.610273 5.067626 -1.604823
v 6.600196 5.126557 1.839795
v 6.540822 5.080864 -1.603802
v 6.531949 5.135759 1.840850
v 6.472575 5.090067 -1.602747
v 6.464906 5.140925 1.841937
v 6.405532 5.095233 -1.601660
v 6.399067 5.142055 1.843058
v 6.339693 5.096362 -1.600539
v 6.334215 5.138975 1.844216
v 6.274841 5.093283 -1.599380
v 6.273376 5.131560 1.845364
v 6.214002 5.085867 -1.598233
v 6.216547 5.119808 1.846500
v 6.157173 5.074116 -1.597097
v 6.163731 5.103721 1.847624
v 6.104357 5.058028 -1.595973
v 6.114924 5.083298 1.848736
v 6.055551 5.037604 -1.594861
v 6.070130 5.058537 1.849837
v 6.010756 5.012845 -1.593760
v 6.029347 5.029442 1.850926
v 5.969974 4.983749 -1.592670
v 5.992577 4.996011 1.852004
v 5.933203 4.950317 -1.591593
v 5.959816 4.958242 1.853070
v 5.900442 4.912549 -1.590527
v 5.931068 4.916139 1.854124
v 5.871695 4.870446 -1.589472
v 5.906331 4.869699 1.855167
v 5.846957 4.824006 -1.588430
v 5.885606 4.818923 1.856198
v 5.826232 4.773230 -1.587399
v 5.798532 4.868230 1.857045
v 5.739159 4.822537 -1.586552
v 5.713005 4.913167 1.857924
v 5.653631 4.867474 -1.585673
v 5.629025 4.953734 1.858833
v 5.569651 4.908041 -1.584764
v 5.546591 4.989932 1.859774
v 5.487217 4.944239 -1.583822
v 5.465702 5.021760 1.860747
v 5.406328 4.976067 -1.582850
v 5.386362 5.049218 1.861750
v 5.326988 5.003526 -1.581846
v 5.308567 5.072307 1.862785
v 5.249193 5.026614 -1.580812
v 5.232319 5.091026 1.863852
v 5.172945 5.045333 -1.579745
v 5.157617 5.105375 1.864949
v 5.098243 5.059683 -1.578648
v 5.084462 5.115355 1.866078
v 5.025088 5.069662 -1.577519
v 5.012853 5.120965 1.867238
v 4.953479 5.075273 -1.576358
v 4.942790 5.122206 1.868430
v 4.883416 5.076513 -1.575167
v 4.899458 5.120644 1.869198
v 4.840084 5.074951 -1.574399
v 4.857788 5.117163 1.869962
v 4.798414 5.071470 -1.573634
v 4.817782 5.111763 1.870724
v 4.758409 5.066070 -1.572873
v 4.779442 5.104443 1.871482
v 4.720068 5.058750 -1.572115
v 4.742766 5.095204 1.872237
v 4.683393 5.049511 -1.571360
v 4.707755 5.084045 1.872989
v 4.648381 5.038352 -1.570608
v 4.674409 5.070968 1.873737
v 4.615035 5.025274 -1.569860
v 4.642726 5.055970 1.874483
v 4.583352 5.010277 -1.569114
v 4.612709 5.039054 1.875225
v 4.553335 4.993361 -1.568372
v 4.584356 5.020217 1.875963
v 4.524982 4.974524 -1.567634
v 4.557668 4.999462 1.876699
v 4.498294 4.953770 -1.566898
v 4.532643 4.976788 1.877431
v 4.473269 4.931094 -1.566166
v 4.509482 4.952483 1.878153
v 4.450109 4.906790 -1.565444
v 4.488384 4.926839 1.878857
v 4.429010 4.881146 -1.564740
v 4.469347 4.899855 1.879543
v 4.409973 4.854162 -1.564053
v 4.452372 4.871531 1.880212
v 4.392998 4.825839 -1.563385
v 4.437458 4.841868 1.880863
v 4.378084 4.796175 -1.562734
v 4.424607 4.810865 1.881496
v 4.365233 4.765172 -1.562101
v 4.413816 4.778522 1.882111
v 4.354443 4.732829 -1.561486
v 4.405089 4.744839 1.882708
v 4.345716 4.699146 -1.560889
v 4.398422 4.709816 1.883288
v 4.339048 4.664124 -1.560309
v 4.393819 4.673454 1.883850
v 4.334445 4.627761 -1.559747
v 4.391276 4.635752 1.884394
v 4.331903 4.590059 -1.559203
v 4.390796 4.596710 1.884920
v 4.331422 4.551017 -1.558677
v 4.391225 4.579187 1.885145
v 4.331851 4.533494 -1.558451
v 4.392027 4.561466 1.885367
v 4.332653 4.515773 -1.558230
v 4.393204 4.543548 1.885584
v 4.333830 4.497854 -1.558013
v 4.394754 4.525432 1.885798
v 4.335381 4.479739 -1.557799
v 4.396681 4.507118 1.886008
v 4.337307 4.461425 -1.557589
v 4.398980 4.488607 1.886214
v 4.339606 4.442914 -1.557383
v 4.401654 4.469898 1.886416
v 4.342280 4.424205 -1.557181
v 4.404702 4.450992 1.886614
v 4.345328 4.405299 -1.556983
v 4.408125 4.431889 1.886809
v 4.348751 4.386195 -1.556788
v 4.411922 4.412587 1.886999
v 4.352548 4.366894 -1.556598
v 4.416092 4.393088 1.887186
v 4.356718 4.347395 -1.556411
v 4.420638 4.373392 1.887369
v 4.361264 4.327699 -1.556228
v 4.679726 3.224253 1.898150
v 4.620352 3.178560 -1.545447
v 4.680564 3.221031 1.898178
v 4.621190 3.175338 -1.545419
v 4.681369 3.217825 1.898207
v 4.621995 3.172132 -1.545390
v 4.682139 3.214635 1.898236
v 4.622766 3.168942 -1.545361
v 4.682876 3.211462 1.898265
v 4.623502 3.165769 -1.545332
v 4.683578 3.208305 1.898295
v 4.624204 3.162612 -1.545302
v 4.684247 3.205165 1.898325
v 4.624873 3.159472 -1.545272
v 4.684880 3.202041 1.898355
v 4.625506 3.156348 -1.545241
v 4.685480 3.198933 1.898386
v 4.626106 3.153240 -1.545210
v 4.686047 3.195842 1.898418
v 4.626673 3.150149 -1.545179
v 4.686579 3.192767 1.898449
v 4.627205 3.147074 -1.545148
v 4.687078 3.189709 1.898481
v 4.627704 3.144016 -1.545116
v 4.687542 3.186667 1.898514
v 4.628168 3.140974 -1.545083
v 4.687972 3.183642 1.898546
v 4.628598 3.137949 -1.545051
v 4.688368 3.180633 1.898579
v 4.628994 3.134940 -1.545017
v 4.688730 3.177640 1.898613
v 4.629356 3.131947 -1.544984
v 4.689059 3.174664 1.898647
v 4.629685 3.128971 -1.544950
v 4.689354 3.171704 1.898681
v 4.629980 3.126011 -1.544916
v 4.689613 3.168761 1.898715
v 4.630239 3.123068 -1.544881
v 4.689839 3.165834 1.898750
v 4.630466 3.120141 -1.544847
v 4.690032 3.162924 1.898786
v 4.630658 3.117231 -1.544811
v 4.690189 3.160029 1.898821
v 4.630816 3.114336 -1.544775
v 4.690314 3.157152 1.898857
v 4.630940 3.111459 -1.544739
v 4.690405 3.154291 1.898894
v 4.631031 3.108598 -1.544703
v 4.690461 3.151446 1.898931
v 4.631087 3.105753 -1.544666
v 4.690409 3.143086 1.899042
v 4.631035 3.097393 -1.544554
v 4.690014 3.135025 1.899156
v 4.630640 3.089332 -1.544441
v 4.689277 3.127264 1.899272
v 4.629903 3.081571 -1.544325
v 4.688198 3.119802 1.899390
v 4.628824 3.074109 -1.544207
v 4.686777 3.112639 1.899509
v 4.627403 3.066946 -1.544088
v 4.685016 3.105776 1.899630
v 4.625642 3.060083 -1.543966
v 4.682911 3.099211 1.899754
v 4.623537 3.053519 -1.543843
v 4.680465 3.092947 1.899879
v 4.621091 3.047254 -1.543718
v 4.677676 3.086981 1.900006
v 4.618302 3.041288 -1.543590
v 4.674547 3.081315 1.900136
v 4.615173 3.035622 -1.543461
v 4.671075 3.075948 1.900267
v 4.611701 3.030255 -1.543330
v 4.667261 3.070880 1.900400
v 4.607887 3.025187 -1.543197
v 4.663115 3.066070 1.900535
v 4.603741 3.020377 -1.543062
v 4.658645 3.061475 1.900673
v 4.599271 3.015782 -1.542924
v 4.653851 3.057095 1.900814
v 4.594477 3.011402 -1.542783
v 4.648732 3.052930 1.900957
v 4.589358 3.007237 -1.542640
v 4.643291 3.048980 1.901103
v 4.583917 3.003287 -1.542493
v 4.637525 3.045245 1.901253
v 4.578151 2.999552 -1.542344
v 4.631435 3.041726 1.901404
v 4.572062 2.996033 -1.542193
v 4.625022 3.038421 1.901559
v 4.565648 2.992728 -1.542038
v 4.618285 3.035332 1.901716
v 4.558911 2.989639 -1.541881
v 4.611224 3.032458 1.901876
v 4.551850 2.986765 -1.541721
v 4.603839 3.029799 1.902038
v 4.544465 2.984106 -1.541559
v 4.596130 3.027355 1.902204
v 4.536757 2.981662 -1.541393
v 4.588099 3.025084 1.902372
v 4.528726 2.979391 -1.541225
v 4.579744 3.022943 1.902545
v 4.520370 2.977250 -1.541052
v 4.571067 3.020934 1.902721
v 4.511693 2.975240 -1.540876
v 4.562067 3.019055 1.902901
v 4.502693 2.973361 -1.540696
v 4.552745 3.017306 1.903085
v 4.493371 2.971613 -1.540512
v 4.543099 3.015689 1.903273
v 4.483726 2.969996 -1.540324
v 4.533132 3.014202 1.903464
v 4.473758 2.968509 -1.540133
v 4.522840 3.012846 1.903660
v 4.463467 2.967153 -1.539937
v 4.512227 3.011620 1.903859
v 4.452853 2.965927 -1.539738
v 4.501291 3.010525 1.904062
v 4.441917 2.964833 -1.539535
v 4.490033 3.009562 1.904269
v 4.430659 2.963869 -1.539328
v 4.478454 3.008728 1.904480
v 4.419080 2.963035 -1.539117
v 4.466577 3.007984 1.904694
v 4.407203 2.962291 -1.538902
v 4.454429 3.007286 1.904913
v 4.395055 2.961593 -1.538684
v 4.442009 3.006635 1.905136
v 4.382635 2.960943 -1.538461
v 4.429319 3.006032 1.905363
v 4.369946 2.960339 -1.538234
v 4.416357 3.005475 1.905594
v 4.356983 2.959782 -1.538003
v 4.403126 3.004966 1.905828
v 4.343752 2.959273 -1.537768
v 4.389623 3.004503 1.906067
v 4.330249 2.958810 -1.537529
v 4.375850 3.004087 1.906310
v 4.316476 2.958394 -1.537286
v 4.361805 3.003719 1.906557
v 4.302431 2.958025 -1.537039
v 4.347489 3.003397 1.906808
v 4.288116 2.957704 -1.536788
v 4.332903 3.003122 1.907064
v 4.273529 2.957429 -1.536533
v 4.318047 3.002894 1.907323
v 4.258673 2.957201 -1.536274
v 4.329322 2.891185 1.908611
v 4.269948 2.845492 -1.534986
v 4.389932 2.873756 1.907797
v 4.330558 2.828063 -1.535800
v 4.449677 2.857903 1.906977
v 4.390303 2.812210 -1.536620
v 4.508554 2.843625 1.906152
v 4.449180 2.797931 -1.537445
v 4.566566 2.830922 1.905320
v 4.507192 2.785229 -1.538277
v 4.623712 2.819795 1.904482
v 4.564338 2.774102 -1.539115
v 4.679992 2.810244 1.903638
v 4.620618 2.764551 -1.539958
v 4.735406 2.802269 1.902789
v 4.676032 2.756576 -1.540808
v 4.789952 2.795869 1.901933
v 4.730578 2.750176 -1.541664
v 4.843634 2.791044 1.901072
v 4.784260 2.745352 -1.542525
v 4.896449 2.787796 1.900204
v 4.837075 2.742103 -1.543393
v 4.948398 2.786123 1.899331
v 4.889024 2.740430 -1.544266
v 4.999480 2.786025 1.898451
v 4.940106 2.740332 -1.545146
v 5.030429 2.786937 1.897905
v 4.971055 2.741244 -1.545691
v 5.060063 2.788810 1.897370
v 5.000690 2.743117 -1.546227
v 5.088385 2.791645 1.896844
v 5.029011 2.745952 -1.546753
v 5.115393 2.795441 1.896328
v 5.056019 2.749748 -1.547269
v 5.141087 2.800199 1.895822
v 5.081713 2.754506 -1.547775
v 5.165468 2.805918 1.895325
v 5.106094 2.760225 -1.548272
v 5.188535 2.812599 1.894839
v 5.129161 2.766906 -1.548758
v 5.210290 2.820242 1.894362
v 5.150916 2.774549 -1.549234
v 5.230730 2.828846 1.893896
v 5.171356 2.783153 -1.549701
v 5.249855 2.838411 1.893439
v 5.190481 2.792718 -1.550158
v 5.267668 2.848939 1.892992
v 5.208294 2.803246 -1.550605
v 5.284166 2.860427 1.892555
v 5.224792 2.814734 -1.551041
v 5.299334 2.873013 1.892127
v 5.239960 2.827320 -1.551470
v 5.313149 2.886829 1.891705
v 5.253776 2.841136 -1.551891
v 5.325613 2.901877 1.891291
v 5.266239 2.856184 -1.552306
v 5.336727 2.918156 1.890883
v 5.277353 2.872463 -1.552714
v 5.346490 2.935666 1.890483
v 5.287116 2.889973 -1.553114
v 5.354900 2.954408 1.890089
v 5.295527 2.908715 -1.553508
v 5.361961 2.974380 1.889702
v 5.302588 2.928687 -1.553895
v 5.367670 2.995584 1.889322
v 5.308296 2.949892 -1.554275
v 5.372028 3.018020 1.888949
v 5.312654 2.972327 -1.554647
v 5.375035 3.041686 1.888584
v 5.315661 2.995993 -1.555013
v 5.376692 3.066584 1.888225
v 5.317318 3.020891 -1.555372
v 5.376996 3.092713 1.887873
v 5.317622 3.047020 -1.555724
v 5.376685 3.105442 1.887709
v 5.317311 3.059749 -1.555888
v 5.376099 3.118505 1.887546
v 5.316725 3.072812 -1.556051
v 5.375238 3.131902 1.887383
v 5.315865 3.086209 -1.556214
v 5.374102 3.145633 1.887220
v 5.314728 3.099940 -1.556376
v 5.372691 3.159698 1.887058
v 5.313317 3.114005 -1.556539
v 5.371006 3.174097 1.886896
v 5.311632 3.128403 -1.556701
v 5.369045 3.188829 1.886734
v 5.309671 3.143137 -1.556862
v 5.366810 3.203896 1.886573
v 5.307436 3.158203 -1.557024
v 5.364301 3.219297 1.886412
v 5.304927 3.173604 -1.557185
v 5.361516 3.235032 1.886251
v 5.302142 3.189339 -1.557346
v 5.358457 3.251101 1.886091
v 5.299083 3.205408 -1.557506
v 5.355123 3.267504 1.885931
v 5.295749 3.221811 -1.557666
v 5.122233 4.280819 1.876500
v 5.062860 4.235126 -1.567096
v 5.117674 4.301546 1.876304
v 5.058300 4.255853 -1.567293
v 5.113493 4.321703 1.876109
v 5.054119 4.276010 -1.567488
v 5.109693 4.341291 1.875914
v 5.050319 4.295598 -1.567683
v 5.106272 4.360311 1.875721
v 5.046898 4.314618 -1.567876
v 5.103230 4.378761 1.875528
v 5.043856 4.333068 -1.568068
v 5.100567 4.396642 1.875337
v 5.041193 4.350949 -1.568260
v 5.098285 4.413955 1.875147
v 5.038911 4.368261 -1.568450
v 5.096381 4.430697 1.874957
v 5.037007 4.385005 -1.568640
v 5.094856 4.446872 1.874769
v 5.035482 4.401179 -1.568828
v 5.093711 4.462477 1.874582
v 5.034337 4.416784 -1.569015
v 5.092946 4.477513 1.874395
v 5.033572 4.431821 -1.569201
v 5.092559 4.491981 1.874210
v 5.033185 4.446288 -1.569387
v 5.092686 4.515769 1.873892
v 5.033312 4.470076 -1.569705
v 5.093739 4.538505 1.873572
v 5.034365 4.492812 -1.570024
v 5.095717 4.560190 1.873251
v 5.036344 4.514497 -1.570346
v 5.098622 4.580824 1.872927
v 5.039248 4.535131 -1.570670
v 5.102454 4.600407 1.872601
v 5.043080 4.554714 -1.570996
v 5.107213 4.618938 1.872273
v 5.047839 4.573245 -1.571324
v 5.112898 4.636418 1.871943
v 5.053524 4.590725 -1.571654
v 5.119510 4.652846 1.871611
v 5.060136 4.607154 -1.571986
v 5.127048 4.668224 1.871277
v 5.067674 4.622531 -1.572320
v 5.135511 4.682550 1.870941
v 5.076138 4.636857 -1.572656
v 5.144902 4.695825 1.870603
v 5.085528 4.650132 -1.572994
v 5.155219 4.708049 1.870263
v 5.095845 4.662355 -1.573334
v 5.166411 4.719271 1.869921
v 5.107038 4.673578 -1.573676
v 5.178428 4.729542 1.869577
v 5.119054 4.683849 -1.574019
v 5.191268 4.738862 1.869232
v 5.131894 4.693169 -1.574365
v 5.204931 4.747230 1.868886
v 5.145557 4.701537 -1.574711
v 5.219419 4.754646 1.868537
v 5.160045 4.708953 -1.575059
v 5.234730 4.761112 1.868188
v 5.175356 4.715419 -1.575409
v 5.250865 4.766626 1.867836
v 5.191491 4.720933 -1.575760
v 5.267823 4.771189 1.867483
v 5.208449 4.725496 -1.576113
v 5.285605 4.774800 1.867129
v 5.226232 4.729107 -1.576468
v 5.304211 4.777460 1.866773
v 5.244837 4.731767 -1.576824
v 5.323641 4.779169 1.866415
v 5.264267 4.733476 -1.577182
v 5.343891 4.779926 1.866056
v 5.284517 4.734233 -1.577541
v 5.376052 4.779267 1.865510
v 5.316678 4.733574 -1.578087
v 5.410133 4.776439 1.864960
v 5.350760 4.730745 -1.578637
v 5.446137 4.771441 1.864406
v 5.386764 4.725748 -1.579191
v 5.484061 4.764274 1.863847
v 5.424687 4.718581 -1.579750
v 5.523909 4.754938 1.863284
v 5.464535 4.709245 -1.580313
v 5.565676 4.743433 1.862716
v 5.506302 4.697740 -1.580881
v 5.609365 4.729758 1.862144
v 5.549991 4.684065 -1.581453
v 5.654975 4.713915 1.861568
v 5.595601 4.668221 -1.582029
v 5.702506 4.695902 1.860988
v 5.643132 4.650209 -1.582609
v 5.751959 4.675720 1.860403
v 5.692585 4.630027 -1.583194
v 5.803333 4.653369 1.859813
v 5.743959 4.607676 -1.583783
v 5.856627 4.628848 1.859220
v 5.797254 4.583155 -1.584377
v 5.857063 4.610869 1.859451
v 5.797689 4.565176 -1.584146
v 5.857873 4.592591 1.859680
v 5.798499 4.546898 -1.583917
v 5.859060 4.574014 1.859906
v 5.799686 4.528321 -1.583691
v 5.860621 4.555138 1.860129
v 5.801248 4.509445 -1.583468
v 5.862559 4.535963 1.860350
v 5.803185 4.490270 -1.583247
v 5.864872 4.516490 1.860569
v 5.805498 4.470797 -1.583028
v 5.867561 4.496717 1.860785
v 5.808187 4.451024 -1.582812
v 5.870625 4.476646 1.860998
v 5.811252 4.430953 -1.582599
v 5.874066 4.456276 1.861209
v 5.814692 4.410583 -1.582388
v 5.877882 4.435607 1.861418
v 5.818508 4.389914 -1.582179
v 5.882072 4.414639 1.861624
v 5.822699 4.368947 -1.581973
v 5.886640 4.393373 1.861827
v 5.827266 4.347681 -1.581770
v 6.224018 2.858647 1.876374
v 6.164644 2.812954 -1.567223
v 6.907517 2.843645 1.864788
v 6.848144 2.797952 -1.578809
v 6.588235 4.300801 1.850958
v 6.528861 4.255108 -1.592638
v 6.583660 4.322641 1.850747
v 6.524286 4.276948 -1.592849
v 6.579467 4.343710 1.850540
v 6.520093 4.298018 -1.593057
v 6.575656 4.364008 1.850337
v 6.516282 4.318315 -1.593260
v 6.572228 4.383534 1.850137
v 6.512855 4.337841 -1.593460
v 6.569181 4.402288 1.849940
v 6.509808 4.356595 -1.593657
v 6.566518 4.420270 1.849748
v 6.507144 4.374578 -1.593849
v 6.564237 4.437482 1.849559
v 6.504863 4.391788 -1.594038
v 6.562336 4.453921 1.849373
v 6.502962 4.408228 -1.594224
v 6.560820 4.469589 1.849191
v 6.501446 4.423896 -1.594405
v 6.559684 4.484485 1.849013
v 6.500310 4.438792 -1.594583
v 6.558930 4.498610 1.848839
v 6.499557 4.452917 -1.594758
v 6.558559 4.511962 1.848668
v 6.499186 4.466269 -1.594929
v 6.558661 4.535749 1.848351
v 6.499287 4.490057 -1.595246
v 6.559637 4.558485 1.848032
v 6.500263 4.512792 -1.595565
v 6.561490 4.580168 1.847713
v 6.502116 4.534475 -1.595884
v 6.564219 4.600800 1.847392
v 6.504845 4.555107 -1.596205
v 6.567822 4.620379 1.847070
v 6.508449 4.574687 -1.596527
v 6.572303 4.638907 1.846747
v 6.512929 4.593214 -1.596850
v 6.577658 4.656383 1.846423
v 6.518284 4.610690 -1.597174
v 6.583890 4.672806 1.846097
v 6.524516 4.627113 -1.597500
v 6.590997 4.688178 1.845771
v 6.531623 4.642485 -1.597826
v 6.598980 4.702497 1.845443
v 6.539606 4.656804 -1.598154
v 6.607840 4.715765 1.845114
v 6.548466 4.670072 -1.598483
v 6.617574 4.727980 1.844784
v 6.558200 4.682287 -1.598813
v 6.628183 4.739195 1.844453
v 6.568810 4.693501 -1.599144
v 6.639667 4.749458 1.844118
v 6.580293 4.703765 -1.599478
v 6.652025 4.758771 1.843782
v 6.592651 4.713078 -1.599815
v 6.665258 4.767134 1.843443
v 6.605885 4.721441 -1.600154
v 6.679365 4.774545 1.843101
v 6.619991 4.728852 -1.600496
v 6.694347 4.781006 1.842757
v 6.634974 4.735313 -1.600840
v 6.710203 4.786517 1.842410
v 6.650829 4.740824 -1.601186
v 6.726933 4.791076 1.842062
v 6.667560 4.745383 -1.601535
v 6.744538 4.794685 1.841710
v 6.685164 4.748992 -1.601887
v 6.763017 4.797343 1.841356
v 6.703643 4.751651 -1.602241
v 6.782371 4.799051 1.841000
v 6.722997 4.753358 -1.602597
v 6.802598 4.799809 1.840641
v 6.743224 4.754115 -1.602956
v 6.834337 4.799160 1.840102
v 6.774963 4.753467 -1.603494
v 6.867963 4.796376 1.839560
v 6.808589 4.750683 -1.604037
v 6.903476 4.791456 1.839013
v 6.844102 4.745763 -1.604584
v 6.940875 4.784400 1.838461
v 6.881501 4.738707 -1.605136
v 6.980164 4.775208 1.837906
v 6.920790 4.729515 -1.605691
v 7.021337 4.763881 1.837346
v 6.961963 4.718187 -1.606251
v 7.064399 4.750417 1.836782
v 7.005025 4.704724 -1.606814
v 7.109347 4.734818 1.836214
v 7.049973 4.689125 -1.607382
v 7.156183 4.717082 1.835642
v 7.096808 4.671389 -1.607955
v 7.204906 4.697211 1.835066
v 7.145531 4.651518 -1.608531
v 7.255515 4.675204 1.834485
v 7.196140 4.629511 -1.609112
v 7.308009 4.651062 1.833900
v 7.248634 4.605369 -1.609696
v 2.670927 3.067989 1.934859
v 2.611553 3.022296 -1.508738
v 2.613319 3.068571 1.935844
v 2.553946 3.022878 -1.507753
v 2.555573 3.071888 1.936796
v 2.496199 3.026195 -1.506801
v 2.497687 3.077938 1.937714
v 2.438313 3.032245 -1.505883
v 2.439662 3.086723 1.938598
v 2.380288 3.041030 -1.504999
v 2.381497 3.098241 1.939448
v 2.322124 3.052548 -1.504149
v 2.323193 3.112493 1.940264
v 2.263819 3.066800 -1.503333
v 2.264750 3.129479 1.941046
v 2.205377 3.083786 -1.502551
v 2.206168 3.149199 1.941795
v 2.146794 3.103506 -1.501802
v 2.147448 3.171652 1.942509
v 2.088074 3.125959 -1.501088
v 2.088589 3.196840 1.943190
v 2.029215 3.151147 -1.500407
v 2.029588 3.224761 1.943837
v 1.970214 3.179068 -1.499760
v 1.970448 3.255416 1.944449
v 1.911075 3.209723 -1.499147
v 1.889474 3.132723 1.947474
v 1.830100 3.087030 -1.496123
v 1.968473 3.068935 1.946958
v 1.909100 3.023242 -1.496639
v 2.048813 3.010806 1.946344
v 1.989439 2.965113 -1.497253
v 2.130494 2.958335 1.945632
v 2.071120 2.912642 -1.497965
v 2.213514 2.911523 1.944822
v 2.154140 2.865830 -1.498775
v 2.297876 2.870370 1.943913
v 2.238503 2.824677 -1.499684
v 2.383576 2.834876 1.942906
v 2.324203 2.789183 -1.500690
v 2.470617 2.805040 1.941802
v 2.411243 2.759347 -1.501795
v 2.558998 2.780863 1.940598
v 2.499624 2.735169 -1.502998
v 2.648718 2.762344 1.939297
v 2.589344 2.716651 -1.504300
v 2.739779 2.749484 1.937898
v 2.680405 2.703791 -1.505699
v 2.832179 2.742283 1.936400
v 2.772805 2.696590 -1.507197
v 2.925920 2.740740 1.934804
v 2.866546 2.695047 -1.508792
v 2.998461 2.743401 1.933518
v 2.939087 2.697708 -1.510078
v 3.068591 2.749372 1.932230
v 3.009217 2.703679 -1.511367
v 3.136312 2.758655 1.930939
v 3.076939 2.712962 -1.512658
v 3.201623 2.771248 1.929646
v 3.142249 2.725555 -1.513951
v 3.264524 2.787152 1.928350
v 3.205150 2.741459 -1.515246
v 3.325014 2.806367 1.927052
v 3.265640 2.760674 -1.516544
v 3.383096 2.828893 1.925752
v 3.323722 2.783200 -1.517845
v 3.438767 2.854729 1.924449
v 3.379394 2.809036 -1.519147
v 3.492028 2.883877 1.923144
v 3.432654 2.838184 -1.520452
v 3.542878 2.916335 1.921837
v 3.483504 2.870642 -1.521760
v 3.591320 2.952104 1.920527
v 3.531946 2.906411 -1.523070
v 3.637351 2.991184 1.919215
v 3.577977 2.945492 -1.524382
v 3.680268 3.033127 1.917918
v 3.620894 2.987434 -1.525679
v 3.719371 3.077483 1.916656
v 3.659997 3.031790 -1.526941
v 3.754658 3.124252 1.915426
v 3.695284 3.078559 -1.528170
v 3.786128 3.173435 1.914231
v 3.726754 3.127742 -1.529366
v 3.813782 3.225032 1.913070
v 3.754408 3.179339 -1.530527
v 3.837620 3.279042 1.911942
v 3.778246 3.233349 -1.531655
v 3.857642 3.335466 1.910848
v 3.798268 3.289773 -1.532749
v 3.873848 3.394303 1.909788
v 3.814474 3.348610 -1.533809
v 3.886239 3.455554 1.908762
v 3.826865 3.409861 -1.534835
v 3.894813 3.519218 1.907769
v 3.835439 3.473525 -1.535828
v 3.899571 3.585296 1.906810
v 3.840198 3.539603 -1.536786
v 3.900513 3.653787 1.905885
v 3.841139 3.608094 -1.537712
v 3.896028 3.755676 1.904611
v 3.836654 3.709983 -1.538986
v 3.885436 3.854678 1.903480
v 3.826062 3.808985 -1.540117
v 3.868737 3.950793 1.902492
v 3.809363 3.905100 -1.541105
v 3.845933 4.044022 1.901648
v 3.786559 3.998329 -1.541948
v 3.817021 4.134364 1.900948
v 3.757648 4.088671 -1.542649
v 3.782003 4.221819 1.900391
v 3.722630 4.176126 -1.543205
v 3.740878 4.306389 1.899978
v 3.681504 4.260696 -1.543618
v 3.693645 4.388071 1.899709
v 3.634272 4.342378 -1.543888
v 3.640307 4.466867 1.899583
v 3.580934 4.421174 -1.544014
v 3.580862 4.542777 1.899601
v 3.521488 4.497084 -1.543996
v 3.515310 4.615799 1.899762
v 3.455936 4.570107 -1.543835
v 3.443652 4.685936 1.900067
v 3.384278 4.640243 -1.543530
v 3.367681 4.751707 1.900504
v 3.308307 4.706015 -1.543093
v 3.289190 4.811635 1.901062
v 3.229816 4.765942 -1.542535
v 3.208180 4.865719 1.901742
v 3.148807 4.820026 -1.541855
v 3.124650 4.913960 1.902542
v 3.065276 4.868266 -1.541055
v 3.038600 4.956356 1.903463
v 2.979226 4.910663 -1.540134
v 2.950031 4.992909 1.904505
v 2.890657 4.947216 -1.539092
v 2.858943 5.023619 1.905668
v 2.799569 4.977926 -1.537929
v 2.765335 5.048485 1.906952
v 2.705961 5.002791 -1.536645
v 2.669208 5.067507 1.908357
v 2.609834 5.021814 -1.535240
v 2.570560 5.080686 1.909883
v 2.511186 5.034993 -1.533714
v 2.469393 5.088021 1.911530
v 2.410019 5.042328 -1.532067
v 2.365707 5.089512 1.913298
v 2.306334 5.043819 -1.530299
v 2.308487 5.087846 1.914307
v 2.249113 5.042153 -1.529290
v 2.253517 5.084437 1.915300
v 2.194143 5.038744 -1.528297
v 2.200801 5.079285 1.916277
v 2.141427 5.033592 -1.527320
v 2.150338 5.072392 1.917238
v 2.090964 5.026698 -1.526358
v 2.102130 5.063755 1.918184
v 2.042756 5.018062 -1.525413
v 2.056174 5.053376 1.919114
v 1.996800 5.007683 -1.524482
v 2.012472 5.041255 1.920029
v 1.953098 4.995562 -1.523568
v 1.971022 5.027390 1.920927
v 1.911648 4.981698 -1.522670
v 1.931825 5.011785 1.921810
v 1.872451 4.966092 -1.521787
v 1.894882 4.994436 1.922677
v 1.835508 4.948743 -1.520919
v 1.860192 4.975345 1.923529
v 1.800818 4.929651 -1.520068
v 1.827755 4.954511 1.924365
v 1.768381 4.908818 -1.519232
v 1.797773 4.932022 1.925180
v 1.738400 4.886329 -1.518417
v 1.770447 4.907965 1.925970
v 1.711073 4.862272 -1.517627
v 1.745775 4.882339 1.926736
v 1.686401 4.836647 -1.516861
v 1.723761 4.855146 1.927476
v 1.664387 4.809453 -1.516121
v 1.704403 4.826385 1.928192
v 1.645029 4.780692 -1.515405
v 1.687700 4.796056 1.928882
v 1.628326 4.750362 -1.514715
v 1.673654 4.764158 1.929547
v 1.614280 4.718465 -1.514049
v 1.662262 4.730692 1.930188
v 1.602888 4.684999 -1.513409
v 1.653529 4.695658 1.930803
v 1.594155 4.649965 -1.512794
v 1.647449 4.659056 1.931394
v 1.588076 4.613363 -1.512203
v 1.644028 4.620886 1.931959
v 1.584654 4.575193 -1.511638
v 1.643260 4.581148 1.932500
v 1.583886 4.535455 -1.511097
v 1.646654 4.531233 1.933104
v 1.587280 4.485539 -1.510493
v 1.655430 4.482792 1.933595
v 1.596056 4.437099 -1.510002
v 1.669590 4.435827 1.933974
v 1.610216 4.390134 -1.509623
v 1.689134 4.390337 1.934241
v 1.629760 4.344644 -1.509356
v 1.714062 4.346322 1.934395
v 1.654688 4.300629 -1.509202
v 1.744371 4.303782 1.934437
v 1.684998 4.258089 -1.509160
v 1.780063 4.262716 1.934366
v 1.720689 4.217023 -1.509231
v 1.821138 4.223126 1.934183
v 1.761765 4.177433 -1.509413
v 1.867598 4.185011 1.933888
v 1.808224 4.139318 -1.509709
v 1.919440 4.148371 1.933480
v 1.860066 4.102678 -1.510116
v 1.976665 4.113206 1.932960
v 1.917292 4.067513 -1.510637
v 2.039273 4.079516 1.932328
v 1.979899 4.033823 -1.511269
v 2.107124 4.047756 1.931579
v 2.047750 4.002063 -1.512017
v 2.180075 4.018378 1.930711
v 2.120701 3.972685 -1.512885
v 2.258127 3.991383 1.929724
v 2.198753 3.945690 -1.513873
v 2.341279 3.966772 1.928617
v 2.281905 3.921079 -1.514980
v 2.429531 3.944543 1.927390
v 2.370157 3.898850 -1.516207
v 2.522884 3.924698 1.926044
v 2.463511 3.879005 -1.517553
v 2.621337 3.907236 1.924578
v 2.561963 3.861543 -1.519019
v 2.724891 3.892156 1.922992
v 2.665517 3.846463 -1.520604
v 2.833545 3.879460 1.921288
v 2.774171 3.833767 -1.522309
v 2.947300 3.869147 1.919463
v 2.887926 3.823454 -1.524134
v 3.066154 3.861217 1.917519
v 3.006781 3.815524 -1.526078
v 3.190109 3.855670 1.915455
v 3.130735 3.809978 -1.528141
v 3.191020 3.846006 1.915568
v 3.131646 3.800313 -1.528029
v 3.191861 3.836443 1.915680
v 3.132487 3.790750 -1.527917
v 3.192635 3.826980 1.915792
v 3.133261 3.781287 -1.527804
v 3.193338 3.817616 1.915905
v 3.133965 3.771924 -1.527692
v 3.193974 3.808354 1.916017
v 3.134600 3.762661 -1.527580
v 3.194539 3.799192 1.916128
v 3.135165 3.753499 -1.527468
v 3.195036 3.790130 1.916240
v 3.135662 3.744437 -1.527357
v 3.195464 3.781169 1.916352
v 3.136090 3.735476 -1.527245
v 3.195824 3.772308 1.916463
v 3.136450 3.726615 -1.527134
v 3.196114 3.763547 1.916574
v 3.136740 3.717854 -1.527023
v 3.196335 3.754887 1.916685
v 3.136961 3.709194 -1.526912
v 3.196486 3.746327 1.916796
v 3.137113 3.700634 -1.526801
v 3.196301 3.692698 1.917511
v 3.136928 3.647005 -1.526086
v 3.194229 3.641222 1.918230
v 3.134855 3.595529 -1.525367
v 3.190269 3.591899 1.918952
v 3.130896 3.546206 -1.524644
v 3.184422 3.544729 1.919679
v 3.125049 3.499036 -1.523918
v 3.176687 3.499711 1.920410
v 3.117313 3.454018 -1.523187
v 3.167066 3.456846 1.921145
v 3.107692 3.411154 -1.522452
v 3.155556 3.416134 1.921883
v 3.096182 3.370441 -1.521714
v 3.142160 3.377575 1.922626
v 3.082787 3.331882 -1.520971
v 3.126875 3.341168 1.923373
v 3.067501 3.295475 -1.520224
v 3.109705 3.306915 1.924123
v 3.050331 3.261222 -1.519474
v 3.090646 3.274814 1.924878
v 3.031272 3.229121 -1.518719
v 3.069695 3.244865 1.925636
v 3.010322 3.199172 -1.517961
v 3.046862 3.217171 1.926397
v 2.987488 3.171478 -1.517199
v 3.022137 3.191832 1.927160
v 2.962763 3.146139 -1.516437
v 2.995522 3.168849 1.927924
v 2.936148 3.123156 -1.515673
v 2.967016 3.148221 1.928689
v 2.907642 3.102528 -1.514908
v 2.936621 3.129948 1.929456
v 2.877247 3.084255 -1.514141
v 2.904335 3.114030 1.930223
v 2.844961 3.068337 -1.513373
v 2.870159 3.100468 1.930993
v 2.810785 3.054775 -1.512604
v 2.834094 3.089262 1.931763
v 2.774720 3.043569 -1.511834
v 2.796138 3.080410 1.932535
v 2.736764 3.034717 -1.511062
v 2.756291 3.073914 1.933308
v 2.696918 3.028221 -1.510289
v 2.714556 3.069774 1.934083
v 2.655182 3.024081 -1.509514
v 2.909551 4.623941 1.910099
v 2.850177 4.578248 -1.533498
v 2.939302 4.586341 1.910084
v 2.879929 4.540648 -1.533512
v 2.967560 4.546881 1.910121
v 2.908186 4.501187 -1.533476
v 2.994323 4.505558 1.910208
v 2.934949 4.459866 -1.533389
v 3.019592 4.462376 1.910345
v 2.960218 4.416683 -1.533252
v 3.043367 4.417331 1.910533
v 2.983994 4.371638 -1.533064
v 3.065649 4.370426 1.910771
v 3.006275 4.324733 -1.532826
v 3.086437 4.321660 1.911060
v 3.027063 4.275967 -1.532537
v 3.105730 4.271032 1.911399
v 3.046356 4.225340 -1.532198
v 3.123529 4.218544 1.911788
v 3.064156 4.172851 -1.531808
v 3.139835 4.164195 1.912228
v 3.080462 4.118502 -1.531368
v 3.154646 4.107984 1.912719
v 3.095272 4.062291 -1.530878
v 3.167964 4.049912 1.913260
v 3.108590 4.004219 -1.530337
v 3.033391 4.063733 1.915397
v 2.974017 4.018040 -1.528200
v 2.910426 4.083082 1.917260
v 2.851052 4.037389 -1.526337
v 2.799070 4.107959 1.918850
v 2.739697 4.062266 -1.524747
v 2.699324 4.138365 1.920166
v 2.639950 4.092672 -1.523430
v 2.611185 4.174299 1.921209
v 2.551811 4.128606 -1.522388
v 2.534656 4.215762 1.921979
v 2.475282 4.170069 -1.521618
v 2.469734 4.262753 1.922475
v 2.410360 4.217060 -1.521122
v 2.416423 4.315272 1.922697
v 2.357049 4.269579 -1.520900
v 2.374719 4.373320 1.922646
v 2.315345 4.327627 -1.520951
v 2.344625 4.436896 1.922321
v 2.285251 4.391203 -1.521276
v 2.326138 4.506001 1.921723
v 2.266765 4.460309 -1.521874
v 2.319263 4.580635 1.920851
v 2.259889 4.534942 -1.522746
v 2.319386 4.601669 1.920570
v 2.260012 4.555976 -1.523027
v 2.320347 4.621821 1.920286
v 2.260973 4.576128 -1.523311
v 2.322148 4.641088 1.919999
v 2.262774 4.595396 -1.523598
v 2.324789 4.659473 1.919710
v 2.265415 4.613780 -1.523887
v 2.328270 4.676973 1.919417
v 2.268896 4.631280 -1.524180
v 2.332590 4.693591 1.919122
v 2.273216 4.647898 -1.524475
v 2.337751 4.709324 1.918825
v 2.278378 4.663631 -1.524772
v 2.343751 4.724174 1.918524
v 2.284377 4.678481 -1.525073
v 2.350591 4.738140 1.918221
v 2.291217 4.692447 -1.525376
v 2.358270 4.751223 1.917915
v 2.298896 4.705530 -1.525682
v 2.366789 4.763422 1.917606
v 2.307415 4.717729 -1.525991
v 2.376148 4.774737 1.917295
v 2.316774 4.729044 -1.526302
v 2.386161 4.785167 1.916983
v 2.326787 4.739474 -1.526613
v 2.396642 4.794707 1.916676
v 2.337268 4.749014 -1.526921
v 2.407591 4.803360 1.916373
v 2.348217 4.757667 -1.527224
v 2.419009 4.811123 1.916073
v 2.359635 4.765430 -1.527524
v 2.430894 4.817998 1.915777
v 2.371520 4.772305 -1.527820
v 2.443248 4.823984 1.915484
v 2.383874 4.778291 -1.528113
v 2.456070 4.829082 1.915195
v 2.396696 4.783389 -1.528401
v 2.469361 4.833290 1.914910
v 2.409987 4.787597 -1.528686
v 2.483119 4.836610 1.914629
v 2.423745 4.790917 -1.528968
v 2.497347 4.839042 1.914352
v 2.437973 4.793349 -1.529245
v 2.512041 4.840585 1.914078
v 2.452667 4.794892 -1.529519
v 2.527205 4.841239 1.913808
v 2.467831 4.795546 -1.529789
v 2.560317 4.840145 1.913251
v 2.500943 4.794452 -1.530346
v 2.593203 4.835958 1.912740
v 2.533829 4.790265 -1.530857
v 2.625860 4.828677 1.912273
v 2.566486 4.782984 -1.531324
v 2.658291 4.818303 1.911852
v 2.598917 4.772610 -1.531745
v 2.690494 4.804835 1.911475
v 2.631120 4.759142 -1.532122
v 2.722469 4.788273 1.911144
v 2.663095 4.742580 -1.532453
v 2.754219 4.768619 1.910857
v 2.694845 4.722926 -1.532740
v 2.785739 4.745871 1.910615
v 2.726365 4.700177 -1.532981
v 2.817034 4.720029 1.910419
v 2.757660 4.674335 -1.533178
v 2.848101 4.691093 1.910267
v 2.788727 4.645400 -1.533330
v 2.878940 4.659064 1.910160
v 2.819566 4.613371 -1.533437
v -3.084826 6.056030 1.994451
v -3.144201 6.010337 -1.449146
v -2.776430 5.209105 2.000372
v -2.835806 5.163413 -1.443225
v -2.639982 5.189079 1.998285
v -2.699358 5.143386 -1.445312
v -2.571854 5.887932 1.987837
v -2.631229 5.842239 -1.455760
v -2.544006 5.897634 1.987228
v -2.603382 5.851941 -1.456369
v -2.515306 5.906536 1.986615
v -2.574682 5.860843 -1.456982
v -2.485748 5.914639 1.985998
v -2.545124 5.868947 -1.457599
v -2.455336 5.921944 1.985377
v -2.514711 5.876251 -1.458220
v -2.424068 5.928450 1.984751
v -2.483444 5.882757 -1.458845
v -2.391947 5.934156 1.984122
v -2.451323 5.888464 -1.459475
v -2.358967 5.939064 1.983488
v -2.418343 5.893372 -1.460109
v -2.325132 5.943173 1.982850
v -2.384508 5.897480 -1.460747
v -2.290442 5.946483 1.982208
v -2.349817 5.900790 -1.461389
v -2.254898 5.948994 1.981562
v -2.314274 5.903301 -1.462035
v -2.218498 5.950706 1.980912
v -2.277874 5.905013 -1.462685
v -2.181242 5.951620 1.980257
v -2.240618 5.905927 -1.463340
v -2.078112 5.949361 1.978509
v -2.137487 5.903667 -1.465088
v -1.977800 5.939734 1.976907
v -2.037176 5.894041 -1.466690
v -1.880308 5.922740 1.975452
v -1.939684 5.877048 -1.468145
v -1.785637 5.898378 1.974143
v -1.845013 5.852685 -1.469454
v -1.693783 5.866649 1.972980
v -1.753159 5.820956 -1.470617
v -1.604748 5.827552 1.971963
v -1.664124 5.781859 -1.471633
v -1.518532 5.781088 1.971093
v -1.577908 5.735394 -1.472503
v -1.435135 5.727256 1.970370
v -1.494511 5.681562 -1.473227
v -1.354559 5.666057 1.969793
v -1.413935 5.620363 -1.473804
v -1.276800 5.597489 1.969362
v -1.336176 5.551796 -1.474235
v -1.201862 5.521554 1.969077
v -1.261238 5.475862 -1.474520
v -1.129742 5.438252 1.968939
v -1.189117 5.392559 -1.474658
v -1.061905 5.349741 1.968944
v -1.121281 5.304048 -1.474653
v -0.999821 5.258179 1.969088
v -1.059196 5.212486 -1.474509
v -0.943485 5.163566 1.969372
v -1.002861 5.117873 -1.474224
v -0.892900 5.065903 1.969796
v -0.952274 5.020210 -1.473801
v -0.848064 4.965189 1.970359
v -0.907438 4.919497 -1.473238
v -0.808980 4.861425 1.971062
v -0.868354 4.815732 -1.472535
v -0.775643 4.754611 1.971905
v -0.835017 4.708918 -1.471692
v -0.748055 4.644745 1.972887
v -0.807429 4.599052 -1.470710
v -0.726220 4.531830 1.974009
v -0.785594 4.486136 -1.469588
v -0.710133 4.415863 1.975270
v -0.769506 4.370170 -1.468327
v -0.699796 4.296846 1.976671
v -0.759170 4.251153 -1.466926
v -0.695207 4.174779 1.978212
v -0.754580 4.129086 -1.465385
v -0.696083 4.084411 1.979426
v -0.755457 4.038718 -1.464171
v -0.701259 3.997277 1.980671
v -0.760633 3.951584 -1.462926
v -0.710735 3.913377 1.981948
v -0.770109 3.867684 -1.461649
v -0.724511 3.832712 1.983256
v -0.783885 3.787019 -1.460341
v -0.742586 3.755282 1.984595
v -0.801960 3.709589 -1.459002
v -0.764962 3.681086 1.985965
v -0.824336 3.635393 -1.457632
v -0.791639 3.610124 1.987367
v -0.851013 3.564431 -1.456230
v -0.822617 3.542397 1.988800
v -0.881990 3.496704 -1.454797
v -0.857894 3.477905 1.990264
v -0.917268 3.432212 -1.453333
v -0.897470 3.416646 1.991759
v -0.956844 3.370953 -1.451838
v -0.941347 3.358623 1.993285
v -1.000723 3.312929 -1.450312
v -0.989523 3.303833 1.994843
v -1.048899 3.258140 -1.448754
v -1.041435 3.252826 1.996415
v -1.100811 3.207133 -1.447182
v -1.096514 3.206150 1.997984
v -1.155890 3.160457 -1.445613
v -1.154758 3.163805 1.999550
v -1.214134 3.118112 -1.444047
v -1.216171 3.125790 2.001113
v -1.275547 3.080097 -1.442484
v -1.280752 3.092106 2.002674
v -1.340128 3.046413 -1.440923
v -1.348499 3.062752 2.004231
v -1.407875 3.017059 -1.439366
v -1.419413 3.037730 2.005786
v -1.478788 2.992037 -1.437811
v -1.493494 3.017038 2.007338
v -1.552870 2.971344 -1.436259
v -1.570742 3.000676 2.008887
v -1.630117 2.954983 -1.434710
v -1.651155 2.988646 2.010433
v -1.710531 2.942953 -1.433164
v -1.734739 2.980946 2.011976
v -1.794115 2.935253 -1.431621
v -1.821487 2.977576 2.013517
v -1.880863 2.931883 -1.430080
v -1.877569 2.977825 2.014480
v -1.936945 2.932132 -1.429116
v -1.933985 2.980096 2.015423
v -1.993361 2.934403 -1.428174
v -1.990732 2.984389 2.016345
v -2.050108 2.938696 -1.427252
v -2.047812 2.990703 2.017245
v -2.107187 2.945010 -1.426352
v -2.105225 2.999040 2.018124
v -2.164600 2.953347 -1.425473
v -2.162968 3.009399 2.018982
v -2.222343 2.963706 -1.424615
v -2.221041 3.021780 2.019819
v -2.280416 2.976086 -1.423778
v -2.279448 3.036182 2.020635
v -2.338823 2.990489 -1.422962
v -2.338186 3.052607 2.021430
v -2.397562 3.006914 -1.422167
v -2.397257 3.071053 2.022204
v -2.456633 3.025360 -1.421393
v -2.456659 3.091522 2.022956
v -2.516035 3.045829 -1.420640
v -2.516396 3.114012 2.023688
v -2.575771 3.068319 -1.419909
v -2.565462 2.969868 2.026447
v -2.624838 2.924175 -1.417150
v -2.476988 2.920580 2.025575
v -2.536364 2.874887 -1.418022
v -2.387257 2.875700 2.024623
v -2.446632 2.830007 -1.418973
v -2.296268 2.835228 2.023592
v -2.355644 2.789536 -1.420005
v -2.204025 2.799165 2.022480
v -2.263401 2.753472 -1.421117
v -2.110525 2.767508 2.021288
v -2.169901 2.721815 -1.422309
v -2.015770 2.740260 2.020015
v -2.075146 2.694567 -1.423581
v -1.919760 2.717420 2.018663
v -1.979136 2.671727 -1.424934
v -1.822491 2.698987 2.017231
v -1.881866 2.653294 -1.426366
v -1.723969 2.684962 2.015718
v -1.783344 2.639269 -1.427879
v -1.624187 2.675345 2.014125
v -1.683563 2.629653 -1.429472
v -1.523151 2.670136 2.012452
v -1.582527 2.624444 -1.431145
v -1.420858 2.669335 2.010699
v -1.480234 2.623642 -1.432898
v -1.307350 2.673610 2.008685
v -1.366726 2.627917 -1.434912
v -1.197781 2.683285 2.006668
v -1.257156 2.637592 -1.436929
v -1.092155 2.698361 2.004647
v -1.151531 2.652668 -1.438950
v -0.990471 2.718839 2.002621
v -1.049847 2.673146 -1.440975
v -0.892728 2.744717 2.000593
v -0.952103 2.699024 -1.443004
v -0.798927 2.775996 1.998560
v -0.858301 2.730303 -1.445036
v -0.709067 2.812676 1.996524
v -0.768441 2.766983 -1.447073
v -0.623149 2.854757 1.994485
v -0.682523 2.809064 -1.449112
v -0.541173 2.902239 1.992441
v -0.600547 2.856546 -1.451156
v -0.463140 2.955121 1.990394
v -0.522513 2.909428 -1.453203
v -0.389048 3.013405 1.988343
v -0.448421 2.967712 -1.455254
v -0.318898 3.077090 1.986289
v -0.378272 3.031397 -1.457308
v -0.253623 3.145250 1.984259
v -0.312997 3.099557 -1.459338
v -0.194155 3.216963 1.982282
v -0.253529 3.171270 -1.461315
v -0.140494 3.292227 1.980358
v -0.199868 3.246534 -1.463239
v -0.092642 3.371043 1.978487
v -0.152016 3.325350 -1.465110
v -0.050595 3.453410 1.976669
v -0.109969 3.407717 -1.466928
v -0.014358 3.539329 1.974904
v -0.073731 3.493636 -1.468693
v 0.016072 3.628800 1.973192
v -0.043302 3.583107 -1.470404
v 0.040695 3.721823 1.971534
v -0.018679 3.676130 -1.472063
v 0.059510 3.818397 1.969928
v 0.000136 3.772704 -1.473669
v 0.072519 3.918522 1.968375
v 0.013145 3.872829 -1.475222
v 0.079720 4.022200 1.966875
v 0.020347 3.976507 -1.476722
v 0.081113 4.129429 1.965428
v 0.021739 4.083735 -1.478169
v 0.074524 4.280237 1.963541
v 0.015150 4.234544 -1.480056
v 0.058999 4.426312 1.961870
v -0.000375 4.380620 -1.481727
v 0.034539 4.567657 1.960416
v -0.024835 4.521964 -1.483181
v 0.001144 4.704268 1.959179
v -0.058229 4.658576 -1.484417
v -0.041184 4.836148 1.958159
v -0.100558 4.790455 -1.485438
v -0.092448 4.963296 1.957356
v -0.151822 4.917603 -1.486241
v -0.152647 5.085711 1.956770
v -0.212021 5.040019 -1.486827
v -0.221781 5.203395 1.956400
v -0.281155 5.157702 -1.487197
v -0.299850 5.316347 1.956248
v -0.359223 5.270654 -1.487349
v -0.386853 5.424566 1.956312
v -0.446227 5.378873 -1.487285
v -0.482792 5.528054 1.956593
v -0.542166 5.482361 -1.487004
v -0.587667 5.626809 1.957091
v -0.647040 5.581116 -1.486506
v -0.699239 5.719090 1.957790
v -0.758613 5.673397 -1.485807
v -0.815272 5.803153 1.958675
v -0.874646 5.757460 -1.484922
v -0.935768 5.878999 1.959746
v -0.995144 5.833306 -1.483851
v -1.060728 5.946627 1.961004
v -1.120104 5.900934 -1.482593
v -1.190149 6.006038 1.962447
v -1.249525 5.960345 -1.481150
v -1.324034 6.057231 1.964076
v -1.383410 6.011538 -1.479521
v -1.462379 6.100206 1.965891
v -1.521755 6.054514 -1.477706
v -1.605186 6.134965 1.967892
v -1.664562 6.089272 -1.475705
v -1.752459 6.161506 1.970079
v -1.811834 6.115813 -1.473518
v -1.904192 6.179830 1.972452
v -1.963568 6.134137 -1.471145
v -2.060389 6.189936 1.975011
v -2.119764 6.144243 -1.468586
v -2.221045 6.191824 1.977756
v -2.280420 6.146132 -1.465841
v -2.291607 6.190170 1.978995
v -2.350983 6.144478 -1.464602
v -2.362286 6.187130 1.980254
v -2.421661 6.141438 -1.463343
v -2.433079 6.182703 1.981533
v -2.492455 6.137011 -1.462064
v -2.503990 6.176890 1.982833
v -2.563366 6.131197 -1.460764
v -2.575016 6.169691 1.984153
v -2.634392 6.123998 -1.459444
v -2.646156 6.161104 1.985494
v -2.705532 6.115412 -1.458103
v -2.717413 6.151132 1.986854
v -2.776789 6.105439 -1.456742
v -2.788786 6.139773 1.988236
v -2.848162 6.094081 -1.455361
v -2.860277 6.127028 1.989638
v -2.919653 6.081336 -1.453959
v -2.931881 6.112897 1.991060
v -2.991257 6.067204 -1.452537
v -3.003603 6.097380 1.992502
v -3.062979 6.051687 -1.451095
v -3.075439 6.080476 1.993965
v -3.134815 6.034782 -1.449632
v -3.823231 5.997330 2.007962
v -3.882607 5.951636 -1.435635
v -3.420464 6.061182 2.000170
v -3.479839 6.015490 -1.443427
v -3.424345 6.165697 1.998850
v -3.483721 6.120004 -1.444747
v -3.531227 6.180942 2.000491
v -3.590603 6.135249 -1.443106
v -3.635851 6.196386 2.002090
v -3.695227 6.150693 -1.441507
v -3.738211 6.212031 2.003647
v -3.797586 6.166338 -1.439950
v -3.838312 6.227875 2.005163
v -3.897688 6.182182 -1.438434
v -3.936157 6.243918 2.006637
v -3.995533 6.198225 -1.436960
v -4.031738 6.260161 2.008069
v -4.091114 6.214468 -1.435528
v -4.125061 6.276604 2.009460
v -4.184437 6.230911 -1.434137
v -4.216124 6.293247 2.010809
v -4.275499 6.247554 -1.432787
v -4.304926 6.310089 2.012117
v -4.364302 6.264397 -1.431480
v -4.391468 6.327131 2.013383
v -4.450844 6.281438 -1.430214
v -4.475750 6.344373 2.014608
v -4.535126 6.298680 -1.428989
v -4.557774 6.361814 2.015790
v -4.617149 6.316121 -1.427806
v -4.586542 6.332241 2.016679
v -4.645918 6.286548 -1.426918
v -4.582647 6.316715 2.016818
v -4.642023 6.271022 -1.426779
v -4.578680 6.300836 2.016960
v -4.638056 6.255143 -1.426637
v -4.574636 6.284603 2.017106
v -4.634012 6.238910 -1.426491
v -4.570522 6.268017 2.017255
v -4.629898 6.222323 -1.426342
v -4.566338 6.251076 2.017407
v -4.625713 6.205383 -1.426189
v -4.562078 6.233782 2.017564
v -4.621454 6.188089 -1.426033
v -4.557747 6.216135 2.017723
v -4.617123 6.170442 -1.425874
v -4.553345 6.198133 2.017886
v -4.612720 6.152441 -1.425711
v -4.548868 6.179779 2.018052
v -4.608244 6.134086 -1.425545
v -4.544319 6.161070 2.018222
v -4.603695 6.115377 -1.425375
v -4.539698 6.142009 2.018395
v -4.599073 6.096315 -1.425201
v -4.535007 6.122593 2.018572
v -4.594383 6.076900 -1.425025
v -4.530251 6.102849 2.018752
v -4.589626 6.057156 -1.424845
v -4.525438 6.082801 2.018935
v -4.584814 6.037108 -1.424662
v -4.520571 6.062450 2.019121
v -4.579947 6.016758 -1.424476
v -4.515650 6.041797 2.019310
v -4.575026 5.996104 -1.424286
v -4.510675 6.020840 2.019503
v -4.570051 5.975147 -1.424094
v -4.505642 5.999579 2.019698
v -4.565018 5.953887 -1.423899
v -4.500557 5.978016 2.019897
v -4.559933 5.932323 -1.423700
v -4.495419 5.956149 2.020098
v -4.554794 5.910457 -1.423499
v -4.490221 5.933980 2.020303
v -4.549597 5.888287 -1.423294
v -4.484970 5.911507 2.020510
v -4.544346 5.865813 -1.423087
v -4.479664 5.888730 2.020721
v -4.539040 5.843037 -1.422876
v -4.474302 5.865650 2.020935
v -4.533678 5.819957 -1.422662
v -4.468895 5.842293 2.021152
v -4.528271 5.796599 -1.422445
v -4.463451 5.818682 2.021371
v -4.522827 5.772989 -1.422226
v -4.457970 5.794819 2.021593
v -4.517345 5.749125 -1.422004
v -4.452452 5.770702 2.021818
v -4.511827 5.725009 -1.421779
v -4.446898 5.746334 2.022046
v -4.506273 5.700641 -1.421551
v -4.441303 5.721712 2.022276
v -4.500679 5.676019 -1.421321
v -4.435673 5.696837 2.022509
v -4.495049 5.651145 -1.421088
v -4.430004 5.671710 2.022744
v -4.489380 5.626018 -1.420852
v -4.424301 5.646330 2.022983
v -4.483677 5.600637 -1.420614
v -4.418558 5.620697 2.023224
v -4.477934 5.575005 -1.420373
v -4.412779 5.594811 2.023468
v -4.472155 5.549119 -1.420129
v -4.406963 5.568673 2.023714
v -4.466339 5.522980 -1.419883
v -4.401104 5.542341 2.023963
v -4.460480 5.496648 -1.419634
v -4.395189 5.515874 2.024212
v -4.454565 5.470181 -1.419385
v -4.389223 5.489274 2.024462
v -4.448599 5.443581 -1.419135
v -4.383204 5.462538 2.024713
v -4.442579 5.416845 -1.418884
v -4.377132 5.435669 2.024965
v -4.436508 5.389976 -1.418632
v -4.371010 5.408665 2.025218
v -4.430386 5.362972 -1.418379
v -4.364834 5.381526 2.025471
v -4.424210 5.335834 -1.418126
v -4.358603 5.354254 2.025726
v -4.417978 5.308560 -1.417871
v -4.352322 5.326847 2.025981
v -4.411697 5.281154 -1.417616
v -4.345989 5.299305 2.026237
v -4.405365 5.253612 -1.417360
v -4.339602 5.271629 2.026494
v -4.398977 5.225936 -1.417103
v -4.333160 5.243819 2.026752
v -4.392536 5.198126 -1.416844
v -3.868568 3.127196 2.046827
v -3.927944 3.081503 -1.396770
v -3.866907 3.119501 2.046901
v -3.926283 3.073808 -1.396696
v -3.865383 3.111770 2.046977
v -3.924759 3.066077 -1.396620
v -3.863991 3.104004 2.047056
v -3.923367 3.058311 -1.396541
v -3.862734 3.096202 2.047138
v -3.922110 3.050509 -1.396459
v -3.861612 3.088365 2.047223
v -3.920988 3.042672 -1.396374
v -3.860626 3.080492 2.047310
v -3.920002 3.034799 -1.396287
v -3.859774 3.072583 2.047400
v -3.919149 3.026890 -1.396197
v -3.859056 3.064639 2.047493
v -3.918432 3.018946 -1.396104
v -3.858473 3.056659 2.047589
v -3.917849 3.010966 -1.396008
v -3.858025 3.048644 2.047688
v -3.917400 3.002951 -1.395909
v -3.857710 3.040593 2.047789
v -3.917086 2.994900 -1.395808
v -3.857531 3.032506 2.047893
v -3.916906 2.986813 -1.395704
v -3.857801 3.019829 2.048066
v -3.917177 2.974135 -1.395531
v -3.858976 3.007730 2.048247
v -3.918352 2.962037 -1.395350
v -3.861053 2.996209 2.048436
v -3.920429 2.950516 -1.395161
v -3.864035 2.985268 2.048632
v -3.923410 2.939575 -1.394965
v -3.867918 2.974905 2.048837
v -3.927294 2.929212 -1.394760
v -3.872704 2.965121 2.049049
v -3.932079 2.919428 -1.394548
v -3.878393 2.955916 2.049269
v -3.937769 2.910223 -1.394328
v -3.884987 2.947289 2.049497
v -3.944363 2.901597 -1.394099
v -3.892481 2.939242 2.049733
v -3.951857 2.893549 -1.393863
v -3.900881 2.931773 2.049977
v -3.960257 2.886080 -1.393620
v -3.910181 2.924883 2.050229
v -3.969557 2.879190 -1.393368
v -3.920389 2.918571 2.050489
v -3.979765 2.872878 -1.393108
v -3.932356 2.912759 2.050772
v -3.991732 2.867066 -1.392825
v -3.946947 2.907367 2.051095
v -4.006323 2.861674 -1.392501
v -3.964163 2.902396 2.051458
v -4.023539 2.856703 -1.392139
v -3.984001 2.897844 2.051861
v -4.043377 2.852151 -1.391736
v -4.006462 2.893713 2.052303
v -4.065838 2.848020 -1.391294
v -4.031544 2.890002 2.052784
v -4.090919 2.844309 -1.390812
v -4.059252 2.886712 2.053306
v -4.118628 2.841019 -1.390291
v -4.089581 2.883841 2.053867
v -4.148956 2.838148 -1.389730
v -4.122536 2.881391 2.054468
v -4.181911 2.835698 -1.389129
v -4.158113 2.879361 2.055108
v -4.217489 2.833668 -1.388489
v -4.196314 2.877751 2.055788
v -4.255690 2.832058 -1.387809
v -4.237135 2.876561 2.056508
v -4.296511 2.830868 -1.387089
v -4.220966 2.762487 2.057743
v -4.280342 2.716794 -1.385854
v -4.151821 2.747116 2.056754
v -4.211197 2.701423 -1.386842
v -4.085062 2.733131 2.055789
v -4.144438 2.687438 -1.387808
v -4.020685 2.720533 2.054846
v -4.080061 2.674840 -1.388751
v -3.958693 2.709320 2.053926
v -4.018068 2.663627 -1.389671
v -3.899080 2.699493 2.053029
v -3.958456 2.653800 -1.390568
v -3.841856 2.691053 2.052154
v -3.901232 2.645360 -1.391443
v -3.787012 2.683998 2.051302
v -3.846388 2.638305 -1.392295
v -3.734552 2.678330 2.050472
v -3.793928 2.632637 -1.393124
v -3.684475 2.674047 2.049666
v -3.743851 2.628355 -1.393931
v -3.636784 2.671151 2.048882
v -3.696159 2.625458 -1.394715
v -3.591473 2.669641 2.048121
v -3.650848 2.623948 -1.395476
v -3.548546 2.669517 2.047382
v -3.607922 2.623824 -1.396215
v -3.516434 2.670461 2.046816
v -3.575809 2.624768 -1.396781
v -3.485735 2.672400 2.046261
v -3.545111 2.626707 -1.397336
v -3.456451 2.675332 2.045717
v -3.515827 2.629639 -1.397880
v -3.428585 2.679258 2.045185
v -3.487961 2.633565 -1.398412
v -3.402132 2.684178 2.044663
v -3.461508 2.638485 -1.398934
v -3.377096 2.690092 2.044153
v -3.436472 2.644399 -1.399444
v -3.353474 2.697000 2.043654
v -3.412849 2.651307 -1.399943
v -3.331270 2.704902 2.043166
v -3.390646 2.659209 -1.400430
v -3.310478 2.713798 2.042690
v -3.369854 2.668105 -1.400907
v -3.291103 2.723688 2.042225
v -3.350479 2.677995 -1.401372
v -3.273142 2.734572 2.041770
v -3.332518 2.688879 -1.401826
v -3.256598 2.746450 2.041328
v -3.315973 2.700757 -1.402269
v -3.241436 2.759322 2.040895
v -3.300812 2.713629 -1.402701
v -3.227621 2.773189 2.040473
v -3.286997 2.727496 -1.403124
v -3.215155 2.788051 2.040061
v -3.274530 2.742358 -1.403536
v -3.204033 2.803908 2.039659
v -3.263409 2.758215 -1.403938
v -3.194263 2.820760 2.039267
v -3.253639 2.775067 -1.404330
v -3.185839 2.838607 2.038885
v -3.245214 2.792913 -1.404712
v -3.178764 2.857448 2.038513
v -3.238140 2.811755 -1.405084
v -3.173035 2.877285 2.038151
v -3.232410 2.831592 -1.405446
v -3.168655 2.898116 2.037799
v -3.228031 2.852423 -1.405798
v -3.165623 2.919942 2.037457
v -3.224998 2.874249 -1.406140
v -3.163937 2.942763 2.037125
v -3.223312 2.897070 -1.406472
v -3.163601 2.966579 2.036803
v -3.222977 2.920886 -1.406794
v -3.163876 2.974394 2.036704
v -3.223251 2.928701 -1.406892
v -3.164505 2.983251 2.036598
v -3.223881 2.937558 -1.406999
v -3.165487 2.993151 2.036483
v -3.224863 2.947458 -1.407114
v -3.166819 3.004092 2.036361
v -3.226194 2.958400 -1.407236
v -3.168507 3.016077 2.036231
v -3.227882 2.970384 -1.407366
v -3.170544 3.029103 2.036093
v -3.229919 2.983410 -1.407503
v -3.172934 3.043171 2.035948
v -3.232309 2.997478 -1.407649
v -3.175676 3.058282 2.035795
v -3.235052 3.012589 -1.407802
v -3.178772 3.074435 2.035634
v -3.238148 3.028742 -1.407963
v -3.182219 3.091630 2.035465
v -3.241594 3.045937 -1.408132
v -3.186018 3.109867 2.035289
v -3.245394 3.064174 -1.408308
v -3.190168 3.129147 2.035104
v -3.249544 3.083454 -1.408493
v -5.915998 2.950950 2.084468
v -5.975374 2.905257 -1.359129
v -5.973606 2.951533 2.085453
v -6.032982 2.905840 -1.358144
v -6.031351 2.954849 2.086405
v -6.090727 2.909156 -1.357192
v -6.089239 2.960900 2.087322
v -6.148615 2.915207 -1.356274
v -6.147264 2.969684 2.088207
v -6.206640 2.923991 -1.355390
v -6.205427 2.981202 2.089056
v -6.264803 2.935509 -1.354540
v -6.263731 2.995454 2.089873
v -6.323107 2.949761 -1.353724
v -6.322176 3.012440 2.090655
v -6.381552 2.966747 -1.352942
v -6.380758 3.032160 2.091403
v -6.440134 2.986467 -1.352193
v -6.439476 3.054614 2.092118
v -6.498852 3.008921 -1.351479
v -6.498337 3.079801 2.092798
v -6.557713 3.034108 -1.350798
v -6.557337 3.107723 2.093445
v -6.616713 3.062030 -1.350152
v -6.616474 3.138378 2.094058
v -6.675850 3.092685 -1.349539
v -6.697451 3.015685 2.097082
v -6.756826 2.969992 -1.346514
v -6.618450 2.951897 2.096567
v -6.677826 2.906204 -1.347030
v -6.538111 2.893767 2.095953
v -6.597486 2.848074 -1.347644
v -6.456430 2.841297 2.095241
v -6.515806 2.795604 -1.348356
v -6.373407 2.794485 2.094430
v -6.432783 2.748792 -1.349167
v -6.289047 2.753332 2.093522
v -6.348423 2.707639 -1.350075
v -6.203348 2.717837 2.092515
v -6.262724 2.672144 -1.351082
v -6.116308 2.688001 2.091410
v -6.175684 2.642308 -1.352186
v -6.027925 2.663824 2.090207
v -6.087301 2.618131 -1.353390
v -5.938206 2.645305 2.088906
v -5.997581 2.599612 -1.354691
v -5.847145 2.632446 2.087507
v -5.906521 2.586752 -1.356090
v -5.754745 2.625244 2.086009
v -5.814121 2.579551 -1.357588
v -5.661003 2.623702 2.084413
v -5.720379 2.578009 -1.359184
v -5.588465 2.626362 2.083127
v -5.647840 2.580669 -1.360470
v -5.518332 2.632334 2.081839
v -5.577707 2.586641 -1.361758
v -5.450611 2.641616 2.080548
v -5.509987 2.595923 -1.363049
v -5.385302 2.654209 2.079255
v -5.444677 2.608516 -1.364342
v -5.322399 2.670113 2.077959
v -5.381775 2.624420 -1.365638
v -5.261909 2.689328 2.076661
v -5.321285 2.643635 -1.366936
v -5.203827 2.711854 2.075361
v -5.263203 2.666161 -1.368236
v -5.148157 2.737691 2.074058
v -5.207533 2.691998 -1.369539
v -5.094896 2.766838 2.072753
v -5.154272 2.721145 -1.370844
v -5.044046 2.799297 2.071446
v -5.103422 2.753604 -1.372151
v -4.995605 2.835066 2.070136
v -5.054981 2.789373 -1.373461
v -4.949574 2.874146 2.068824
v -5.008949 2.828453 -1.374773
v -4.906656 2.916088 2.067527
v -4.966032 2.870395 -1.376070
v -4.867554 2.960444 2.066264
v -4.926929 2.914751 -1.377333
v -4.832268 3.007214 2.065035
v -4.891644 2.961521 -1.378561
v -4.800797 3.056397 2.063840
v -4.860172 3.010704 -1.379757
v -4.773142 3.107993 2.062679
v -4.832518 3.062300 -1.380918
v -4.749304 3.162003 2.061551
v -4.808680 3.116310 -1.382046
v -4.729282 3.218427 2.060457
v -4.788658 3.172734 -1.383140
v -4.713078 3.277264 2.059397
v -4.772453 3.231571 -1.384200
v -4.700686 3.338515 2.058371
v -4.760061 3.292822 -1.385226
v -4.692112 3.402179 2.057378
v -4.751488 3.356487 -1.386219
v -4.687355 3.468257 2.056419
v -4.746731 3.422565 -1.387178
v -4.686411 3.536749 2.055494
v -4.745787 3.491056 -1.388103
v -4.690895 3.638637 2.054219
v -4.750271 3.592944 -1.389377
v -4.701488 3.737639 2.053088
v -4.760864 3.691946 -1.390508
v -4.718185 3.833755 2.052101
v -4.777561 3.788062 -1.391496
v -4.740992 3.926983 2.051257
v -4.800367 3.881290 -1.392340
v -4.769903 4.017325 2.050557
v -4.829279 3.971632 -1.393040
v -4.804920 4.104781 2.050000
v -4.864296 4.059088 -1.393597
v -4.846045 4.189350 2.049587
v -4.905420 4.143657 -1.394010
v -4.893276 4.271032 2.049318
v -4.952652 4.225340 -1.394279
v -4.946615 4.349829 2.049192
v -5.005991 4.304136 -1.394405
v -5.006058 4.425738 2.049210
v -5.065434 4.380045 -1.394387
v -5.071609 4.498761 2.049371
v -5.130985 4.453068 -1.394226
v -5.143270 4.568897 2.049676
v -5.202646 4.523205 -1.393921
v -5.219244 4.634669 2.050113
v -5.278620 4.588976 -1.393484
v -5.297735 4.694596 2.050671
v -5.357111 4.648903 -1.392926
v -5.378746 4.748681 2.051350
v -5.438122 4.702988 -1.392247
v -5.462276 4.796921 2.052150
v -5.521652 4.751228 -1.391446
v -5.548326 4.839317 2.053071
v -5.607702 4.793625 -1.390525
v -5.636894 4.875871 2.054114
v -5.696270 4.830178 -1.389483
v -5.727983 4.906580 2.055277
v -5.787359 4.860888 -1.388320
v -5.821590 4.931446 2.056561
v -5.880966 4.885753 -1.387036
v -5.917719 4.950469 2.057966
v -5.977095 4.904776 -1.385631
v -6.016365 4.963647 2.059492
v -6.075741 4.917954 -1.384105
v -6.117531 4.970983 2.061139
v -6.176907 4.925289 -1.382458
v -6.221216 4.972474 2.062907
v -6.280592 4.926781 -1.380690
v -6.278439 4.970807 2.063915
v -6.337814 4.925115 -1.379681
v -6.333406 4.967399 2.064908
v -6.392782 4.921705 -1.378689
v -6.386124 4.962247 2.065886
v -6.445499 4.916553 -1.377711
v -6.436584 4.955353 2.066847
v -6.495960 4.909660 -1.376750
v -6.484793 4.946716 2.067793
v -6.544168 4.901023 -1.375804
v -6.530750 4.936337 2.068723
v -6.590126 4.890645 -1.374874
v -6.574451 4.924216 2.069637
v -6.633827 4.878523 -1.373959
v -6.615900 4.910352 2.070536
v -6.675276 4.864659 -1.373061
v -6.655098 4.894746 2.071419
v -6.714474 4.849053 -1.372178
v -6.692041 4.877397 2.072286
v -6.751417 4.831704 -1.371311
v -6.726730 4.858306 2.073138
v -6.786106 4.812613 -1.370459
v -6.759169 4.837472 2.073973
v -6.818544 4.791780 -1.369624
v -6.789152 4.814983 2.074789
v -6.848528 4.769290 -1.368808
v -6.816479 4.790926 2.075579
v -6.875854 4.745234 -1.368018
v -6.841148 4.765301 2.076344
v -6.900524 4.719608 -1.367252
v -6.863165 4.738108 2.077085
v -6.922541 4.692415 -1.366512
v -6.882523 4.709346 2.077800
v -6.941898 4.663653 -1.365797
v -6.899225 4.679017 2.078491
v -6.958601 4.633324 -1.365106
v -6.913273 4.647119 2.079156
v -6.972649 4.601426 -1.364441
v -6.924664 4.613653 2.079797
v -6.984039 4.567961 -1.363800
v -6.933395 4.578619 2.080412
v -6.992771 4.532927 -1.363185
v -6.939476 4.542018 2.081002
v -6.998852 4.496325 -1.362594
v -6.942898 4.503848 2.081568
v -7.002274 4.458155 -1.362029
v -6.943663 4.464109 2.082108
v -7.003038 4.418417 -1.361488
v -6.940271 4.414194 2.082712
v -6.999647 4.368501 -1.360885
v -6.931494 4.365754 2.083204
v -6.990870 4.320061 -1.360393
v -6.917332 4.318789 2.083583
v -6.976707 4.273096 -1.360014
v -6.897789 4.273298 2.083849
v -6.957165 4.227605 -1.359747
v -6.872864 4.229283 2.084004
v -6.932240 4.183590 -1.359593
v -6.842554 4.186743 2.084046
v -6.901930 4.141050 -1.359551
v -6.806862 4.145678 2.083975
v -6.866238 4.099985 -1.359622
v -6.765785 4.106088 2.083792
v -6.825161 4.060395 -1.359805
v -6.719328 4.067973 2.083497
v -6.778704 4.022280 -1.360100
v -6.667486 4.031333 2.083089
v -6.726862 3.985640 -1.360508
v -6.610258 3.996168 2.082569
v -6.669634 3.950475 -1.361028
v -6.547651 3.962478 2.081937
v -6.607027 3.916785 -1.361660
v -6.479799 3.930717 2.081188
v -6.539175 3.885024 -1.362409
v -6.406849 3.901339 2.080320
v -6.466225 3.855646 -1.363277
v -6.328798 3.874345 2.079333
v -6.388174 3.828652 -1.364264
v -6.245646 3.849733 2.078225
v -6.305021 3.804040 -1.365371
v -6.157394 3.827505 2.076999
v -6.216770 3.781812 -1.366598
v -6.064041 3.807659 2.075653
v -6.123417 3.761966 -1.367944
v -5.965590 3.790197 2.074187
v -6.024965 3.744504 -1.369410
v -5.862036 3.775118 2.072601
v -5.921412 3.729425 -1.370996
v -5.753382 3.762422 2.070896
v -5.812757 3.716729 -1.372700
v -5.639627 3.752109 2.069072
v -5.699003 3.706416 -1.374525
v -5.520771 3.744179 2.067128
v -5.580147 3.698486 -1.376469
v -5.396816 3.738632 2.065064
v -5.456192 3.692939 -1.378533
v -5.395905 3.728968 2.065177
v -5.455280 3.683275 -1.378420
v -5.395063 3.719404 2.065289
v -5.454439 3.673711 -1.378308
v -5.394289 3.709941 2.065401
v -5.453665 3.664248 -1.378196
v -5.393585 3.700578 2.065513
v -5.452961 3.654885 -1.378083
v -5.392952 3.691315 2.065625
v -5.452328 3.645622 -1.377972
v -5.392384 3.682153 2.065737
v -5.451759 3.636460 -1.377860
v -5.391888 3.673091 2.065849
v -5.451263 3.627398 -1.377748
v -5.391459 3.664130 2.065960
v -5.450834 3.618437 -1.377637
v -5.391102 3.655269 2.066072
v -5.450478 3.609576 -1.377525
v -5.390810 3.646508 2.066183
v -5.450186 3.600816 -1.377414
v -5.390589 3.637848 2.066294
v -5.449965 3.592155 -1.377303
v -5.390436 3.629288 2.066405
v -5.449812 3.583595 -1.377192
v -5.390621 3.575660 2.067120
v -5.449997 3.529967 -1.376477
v -5.392696 3.524184 2.067839
v -5.452072 3.478491 -1.375758
v -5.396656 3.474861 2.068561
v -5.456032 3.429168 -1.375036
v -5.402504 3.427690 2.069288
v -5.461880 3.381997 -1.374309
v -5.410238 3.382673 2.070019
v -5.469614 3.336980 -1.373578
v -5.419861 3.339808 2.070753
v -5.479237 3.294115 -1.372843
v -5.431370 3.299096 2.071492
v -5.490746 3.253403 -1.372105
v -5.444767 3.260536 2.072235
v -5.504143 3.214844 -1.371362
v -5.460052 3.224130 2.072981
v -5.519428 3.178437 -1.370615
v -5.477224 3.189876 2.073732
v -5.536600 3.144183 -1.369865
v -5.496281 3.157775 2.074486
v -5.555656 3.112082 -1.369110
v -5.517229 3.127827 2.075245
v -5.576605 3.082134 -1.368352
v -5.540064 3.100132 2.076006
v -5.599440 3.054440 -1.367591
v -5.564787 3.074794 2.076769
v -5.624163 3.029101 -1.366828
v -5.591404 3.051810 2.077533
v -5.650780 3.006117 -1.366064
v -5.619909 3.031182 2.078298
v -5.679285 2.985489 -1.365299
v -5.650305 3.012909 2.079064
v -5.709681 2.967216 -1.364532
v -5.682590 2.996992 2.079832
v -5.741966 2.951299 -1.363765
v -5.716768 2.983430 2.080601
v -5.776144 2.937737 -1.362995
v -5.752832 2.972223 2.081372
v -5.812208 2.926530 -1.362225
v -5.790789 2.963372 2.082144
v -5.850164 2.917679 -1.361453
v -5.830635 2.956876 2.082917
v -5.890011 2.911183 -1.360680
v -5.872372 2.952735 2.083692
v -5.931747 2.907042 -1.359905
v -5.677374 4.506903 2.059707
v -5.736750 4.461210 -1.383890
v -5.647623 4.469303 2.059693
v -5.706999 4.423610 -1.383904
v -5.619364 4.429842 2.059730
v -5.678740 4.384149 -1.383867
v -5.592602 4.388520 2.059817
v -5.651978 4.342827 -1.383780
v -5.567331 4.345337 2.059954
v -5.626707 4.299644 -1.383643
v -5.543558 4.300293 2.060142
v -5.602934 4.254600 -1.383455
v -5.521276 4.253387 2.060380
v -5.580652 4.207695 -1.383217
v -5.500490 4.204621 2.060668
v -5.559866 4.158928 -1.382928
v -5.481195 4.153994 2.061007
v -5.540571 4.108301 -1.382589
v -5.463396 4.101505 2.061397
v -5.522772 4.055813 -1.382200
v -5.447090 4.047156 2.061837
v -5.506466 4.001463 -1.381760
v -5.432280 3.990945 2.062328
v -5.491655 3.945252 -1.381269
v -5.418961 3.932874 2.062869
v -5.478336 3.887181 -1.380728
v -5.553534 3.946694 2.065006
v -5.612909 3.901001 -1.378591
v -5.676498 3.966043 2.066869
v -5.735874 3.920350 -1.376728
v -5.787853 3.990920 2.068459
v -5.847229 3.945227 -1.375138
v -5.887602 4.021326 2.069775
v -5.946978 3.975633 -1.373822
v -5.975739 4.057261 2.070818
v -6.035114 4.011567 -1.372779
v -6.052269 4.098723 2.071587
v -6.111645 4.053030 -1.372010
v -6.117189 4.145714 2.072083
v -6.176565 4.100021 -1.371514
v -6.170502 4.198234 2.072305
v -6.229877 4.152541 -1.371291
v -6.212204 4.256282 2.072254
v -6.271580 4.210588 -1.371342
v -6.242298 4.319858 2.071930
v -6.301674 4.274165 -1.371667
v -6.260784 4.388963 2.071332
v -6.320160 4.343270 -1.372265
v -6.267662 4.463596 2.070460
v -6.327038 4.417903 -1.373137
v -6.267540 4.484631 2.070179
v -6.326916 4.438938 -1.373418
v -6.266579 4.504782 2.069895
v -6.325954 4.459089 -1.373702
v -6.264778 4.524050 2.069608
v -6.324154 4.478357 -1.373989
v -6.262136 4.542434 2.069318
v -6.321512 4.496741 -1.374279
v -6.258656 4.559935 2.069026
v -6.318031 4.514242 -1.374571
v -6.254333 4.576552 2.068731
v -6.313709 4.530859 -1.374866
v -6.249174 4.592285 2.068433
v -6.308550 4.546593 -1.375164
v -6.243174 4.607135 2.068133
v -6.302549 4.561442 -1.375464
v -6.236334 4.621101 2.067830
v -6.295710 4.575408 -1.375767
v -6.228655 4.634184 2.067523
v -6.288031 4.588491 -1.376073
v -6.220137 4.646383 2.067215
v -6.279512 4.600690 -1.376382
v -6.210775 4.657699 2.066903
v -6.270151 4.612006 -1.376693
v -6.200764 4.668128 2.066592
v -6.260139 4.622436 -1.377005
v -6.190283 4.677669 2.066285
v -6.249659 4.631976 -1.377312
v -6.179335 4.686321 2.065981
v -6.238710 4.640628 -1.377615
v -6.167915 4.694085 2.065681
v -6.227291 4.648392 -1.377915
v -6.156031 4.700959 2.065385
v -6.215406 4.655266 -1.378211
v -6.143677 4.706945 2.065093
v -6.203053 4.661252 -1.378504
v -6.130856 4.712043 2.064804
v -6.190231 4.666350 -1.378793
v -6.117565 4.716251 2.064519
v -6.176941 4.670559 -1.379078
v -6.103807 4.719572 2.064238
v -6.163183 4.673879 -1.379359
v -6.089579 4.722003 2.063960
v -6.148954 4.676311 -1.379636
v -6.074884 4.723546 2.063687
v -6.134260 4.677853 -1.379910
v -6.059721 4.724200 2.063416
v -6.119097 4.678507 -1.380180
v -6.026608 4.723106 2.062860
v -6.085983 4.677413 -1.380737
v -5.993723 4.718919 2.062349
v -6.053099 4.673226 -1.381248
v -5.961063 4.711638 2.061882
v -6.020439 4.665946 -1.381715
v -5.928635 4.701264 2.061460
v -5.988010 4.655571 -1.382136
v -5.896431 4.687796 2.061084
v -5.955807 4.642103 -1.382513
v -5.864454 4.671235 2.060752
v -5.923830 4.625542 -1.382844
v -5.832705 4.651580 2.060466
v -5.892080 4.605887 -1.383131
v -5.801184 4.628832 2.060224
v -5.860559 4.583139 -1.383373
v -5.769890 4.602990 2.060028
v -5.829266 4.557297 -1.383569
v -5.738825 4.574055 2.059876
v -5.798201 4.528362 -1.383721
v -5.707985 4.542026 2.059769
v -5.767361 4.496333 -1.383828
v -9.709890 4.920060 2.123754
v -9.769266 4.874367 -1.319843
v -9.750851 4.892752 2.124822
v -9.810226 4.847059 -1.318774
v -9.735140 4.842371 2.125220
v -9.794516 4.796679 -1.318377
v -9.719364 4.789695 2.125647
v -9.778740 4.744002 -1.317950
v -9.703524 4.734723 2.126103
v -9.762899 4.689030 -1.317494
v -9.687616 4.677454 2.126589
v -9.746992 4.631762 -1.317008
v -9.671644 4.617890 2.127104
v -9.731020 4.572198 -1.316493
v -9.655607 4.556031 2.127648
v -9.714983 4.510338 -1.315949
v -9.639502 4.491876 2.128222
v -9.698877 4.446183 -1.315375
v -9.623335 4.425424 2.128825
v -9.682711 4.379731 -1.314772
v -9.607100 4.356677 2.129457
v -9.666475 4.310984 -1.314140
v -9.590797 4.285634 2.130119
v -9.650173 4.239942 -1.313478
v -9.574432 4.212296 2.130810
v -9.633808 4.166603 -1.312787
v -9.558001 4.136661 2.131530
v -9.617376 4.090968 -1.312067
v -9.324202 3.057700 2.141815
v -9.383577 3.012007 -1.301781
v -9.322134 3.048541 2.141901
v -9.381510 3.002848 -1.301696
v -9.320238 3.039650 2.141987
v -9.379614 2.993958 -1.301610
v -9.318514 3.031028 2.142071
v -9.377890 2.985335 -1.301526
v -9.316961 3.022673 2.142155
v -9.376337 2.976979 -1.301442
v -9.315582 3.014585 2.142239
v -9.374958 2.968892 -1.301358
v -9.314379 3.006766 2.142322
v -9.373755 2.961073 -1.301275
v -9.313345 2.999215 2.142404
v -9.372721 2.953522 -1.301193
v -9.312483 2.991931 2.142486
v -9.371859 2.946238 -1.301111
v -9.311794 2.984915 2.142567
v -9.371170 2.939222 -1.301030
v -9.311275 2.978167 2.142648
v -9.370651 2.932474 -1.300949
v -9.310932 2.971687 2.142728
v -9.370308 2.925994 -1.300869
v -9.310766 2.965475 2.142807
v -9.370142 2.919782 -1.300789
v -9.310793 2.957107 2.142919
v -9.370169 2.911414 -1.300678
v -9.311111 2.949022 2.143032
v -9.370487 2.903329 -1.300565
v -9.311722 2.941220 2.143146
v -9.371098 2.895527 -1.300451
v -9.312624 2.933701 2.143261
v -9.372000 2.888008 -1.300336
v -9.313812 2.926466 2.143378
v -9.373188 2.880772 -1.300219
v -9.315296 2.919513 2.143495
v -9.374672 2.873820 -1.300102
v -9.317070 2.912843 2.143615
v -9.376446 2.867151 -1.299982
v -9.319134 2.906457 2.143735
v -9.378510 2.860764 -1.299862
v -9.321489 2.900354 2.143857
v -9.380865 2.854661 -1.299740
v -9.324135 2.894534 2.143979
v -9.383511 2.848841 -1.299618
v -9.327072 2.888997 2.144103
v -9.386448 2.843304 -1.299494
v -9.330303 2.883743 2.144229
v -9.389679 2.838050 -1.299368
v -9.333845 2.878713 2.144357
v -9.393221 2.833020 -1.299240
v -9.337729 2.873847 2.144488
v -9.397104 2.828155 -1.299109
v -9.341953 2.869146 2.144623
v -9.401329 2.823453 -1.298974
v -9.346518 2.864609 2.144762
v -9.405893 2.818916 -1.298835
v -9.351421 2.860235 2.144905
v -9.410797 2.814542 -1.298692
v -9.356667 2.856026 2.145051
v -9.416042 2.810333 -1.298546
v -9.362251 2.851982 2.145201
v -9.421627 2.806289 -1.298396
v -9.368174 2.848101 2.145355
v -9.427549 2.802408 -1.298242
v -9.374437 2.844385 2.145512
v -9.433813 2.798692 -1.298085
v -9.381042 2.840833 2.145673
v -9.440418 2.795140 -1.297924
v -9.387985 2.837445 2.145838
v -9.447361 2.791753 -1.297759
v -9.395269 2.834222 2.146006
v -9.454645 2.788529 -1.297591
v -9.402912 2.831171 2.146178
v -9.462288 2.785478 -1.297419
v -9.410929 2.828301 2.146355
v -9.470304 2.782608 -1.297242
v -9.419315 2.825611 2.146535
v -9.478691 2.779918 -1.297062
v -9.428080 2.823102 2.146719
v -9.487455 2.777409 -1.296878
v -9.437216 2.820774 2.146908
v -9.496592 2.775081 -1.296689
v -9.446728 2.818626 2.147100
v -9.506104 2.772933 -1.296497
v -9.456612 2.816659 2.147297
v -9.515987 2.770966 -1.296300
v -9.466871 2.814873 2.147497
v -9.526247 2.769180 -1.296100
v -9.477505 2.813267 2.147702
v -9.536880 2.767574 -1.295895
v -9.488512 2.811842 2.147911
v -9.547888 2.766149 -1.295686
v -9.499893 2.810597 2.148124
v -9.559269 2.764904 -1.295473
v -9.511646 2.809534 2.148340
v -9.571022 2.763841 -1.295257
v -9.523817 2.808591 2.148562
v -9.583193 2.762898 -1.295034
v -9.536446 2.807710 2.148792
v -9.595821 2.762017 -1.294805
v -9.549530 2.806890 2.149029
v -9.608906 2.761197 -1.294568
v -9.563070 2.806131 2.149272
v -9.622446 2.760438 -1.294325
v -9.577066 2.805434 2.149523
v -9.636442 2.759741 -1.294074
v -9.591522 2.804797 2.149780
v -9.650898 2.759104 -1.293817
v -9.606432 2.804223 2.150045
v -9.665808 2.758530 -1.293552
v -9.621801 2.803709 2.150317
v -9.681177 2.758016 -1.293280
v -9.637625 2.803257 2.150596
v -9.697001 2.757564 -1.293001
v -9.653906 2.802866 2.150882
v -9.713282 2.757173 -1.292715
v -9.670645 2.802537 2.151175
v -9.730021 2.756844 -1.292422
v -9.687840 2.802269 2.151474
v -9.747215 2.756576 -1.292122
v -9.669239 2.688228 2.152667
v -9.728615 2.642535 -1.290930
v -9.599554 2.672864 2.151670
v -9.658930 2.627172 -1.291927
v -9.532795 2.658880 2.150704
v -9.592171 2.613187 -1.292893
v -9.468958 2.646274 2.149770
v -9.528334 2.600581 -1.293826
v -9.408047 2.635046 2.148869
v -9.467422 2.589353 -1.294728
v -9.350056 2.625197 2.148000
v -9.409431 2.579504 -1.295597
v -9.294992 2.616727 2.147163
v -9.354368 2.571034 -1.296434
v -9.242849 2.609636 2.146358
v -9.302225 2.563943 -1.297239
v -9.193630 2.603924 2.145585
v -9.253006 2.558230 -1.298012
v -9.147335 2.599590 2.144845
v -9.206711 2.553897 -1.298752
v -9.103966 2.596634 2.144136
v -9.163342 2.550941 -1.299461
v -9.063517 2.595058 2.143459
v -9.122892 2.549365 -1.300137
v -9.025991 2.594860 2.142815
v -9.085367 2.549167 -1.300782
v -8.996159 2.595832 2.142288
v -9.055534 2.550139 -1.301309
v -8.967438 2.597921 2.141765
v -9.026814 2.552228 -1.301832
v -8.939833 2.601126 2.141246
v -8.999208 2.555433 -1.302351
v -8.913338 2.605447 2.140732
v -8.972713 2.559754 -1.302865
v -8.887957 2.610885 2.140222
v -8.947332 2.565192 -1.303374
v -8.863689 2.617438 2.139717
v -8.923065 2.571745 -1.303880
v -8.840534 2.625108 2.139216
v -8.899910 2.579416 -1.304381
v -8.818493 2.633895 2.138719
v -8.877869 2.588202 -1.304878
v -8.797565 2.643798 2.138227
v -8.856941 2.598104 -1.305370
v -8.777750 2.654817 2.137739
v -8.837126 2.609123 -1.305858
v -8.759047 2.666952 2.137256
v -8.818422 2.621259 -1.306341
v -8.741457 2.680203 2.136777
v -8.800833 2.634510 -1.306820
v -8.725149 2.694501 2.136306
v -8.784525 2.648808 -1.307291
v -8.710289 2.709776 2.135847
v -8.769665 2.664083 -1.307750
v -8.696878 2.726027 2.135400
v -8.756254 2.680334 -1.308197
v -8.684916 2.743255 2.134965
v -8.744291 2.697562 -1.308632
v -8.674402 2.761459 2.134542
v -8.733778 2.715766 -1.309054
v -8.665340 2.780640 2.134131
v -8.724716 2.734947 -1.309465
v -8.657724 2.800798 2.133733
v -8.717100 2.755105 -1.309864
v -8.651558 2.821932 2.133346
v -8.710934 2.776239 -1.310251
v -8.646839 2.844043 2.132971
v -8.706215 2.798350 -1.310626
v -8.643572 2.867131 2.132609
v -8.702948 2.821438 -1.310988
v -8.641750 2.891195 2.132258
v -8.701126 2.845502 -1.311339
v -8.641382 2.916235 2.131919
v -8.700758 2.870542 -1.311678
v -8.642057 2.964862 2.131286
v -8.701433 2.919169 -1.312311
v -8.569567 2.904093 2.130842
v -8.628942 2.858400 -1.312755
v -8.500559 2.848646 2.130388
v -8.559935 2.802953 -1.313209
v -8.435040 2.798522 2.129923
v -8.494415 2.752829 -1.313673
v -8.373003 2.753721 2.129448
v -8.432379 2.708028 -1.314149
v -8.314451 2.714242 2.128963
v -8.373827 2.668549 -1.314634
v -8.259384 2.680086 2.128466
v -8.318760 2.634393 -1.315130
v -8.207802 2.651253 2.127959
v -8.267178 2.605560 -1.315637
v -8.159704 2.627743 2.127442
v -8.219080 2.582050 -1.316155
v -8.115091 2.609555 2.126914
v -8.174467 2.563862 -1.316683
v -8.073963 2.596690 2.126376
v -8.133339 2.550997 -1.317221
v -8.036322 2.589148 2.125827
v -8.095697 2.543455 -1.317770
v -8.002163 2.586928 2.125268
v -8.061539 2.541235 -1.318329
v -7.947859 2.589433 2.124298
v -8.007235 2.543741 -1.319299
v -7.895153 2.595446 2.123309
v -7.954529 2.549753 -1.320287
v -7.844051 2.604966 2.122302
v -7.903427 2.559273 -1.321295
v -7.794554 2.617994 2.121276
v -7.853930 2.572301 -1.322321
v -7.746658 2.634530 2.120230
v -7.806034 2.588837 -1.323367
v -7.700363 2.654572 2.119166
v -7.759739 2.608880 -1.324431
v -7.655668 2.678123 2.118083
v -7.715044 2.632431 -1.325514
v -7.612577 2.705182 2.116981
v -7.671953 2.659489 -1.326616
v -7.571089 2.735748 2.115860
v -7.630465 2.690055 -1.327737
v -7.531204 2.769821 2.114720
v -7.590580 2.724128 -1.328876
v -7.492920 2.807403 2.113562
v -7.552296 2.761710 -1.330035
v -7.456238 2.848492 2.112384
v -7.515614 2.802799 -1.331213
v -7.421890 2.892268 2.111211
v -7.481266 2.846575 -1.332386
v -7.390606 2.937910 2.110066
v -7.449982 2.892217 -1.333531
v -7.362387 2.985420 2.108949
v -7.421762 2.939726 -1.334648
v -7.337234 3.034795 2.107860
v -7.396610 2.989102 -1.335737
v -7.315149 3.086037 2.106799
v -7.374525 3.040344 -1.336798
v -7.296127 3.139145 2.105767
v -7.355503 3.093452 -1.337830
v -7.280172 3.194120 2.104762
v -7.339548 3.148427 -1.338835
v -7.267282 3.250962 2.103786
v -7.326658 3.205269 -1.339811
v -7.257456 3.309670 2.102837
v -7.316832 3.263977 -1.340760
v -7.250696 3.370245 2.101917
v -7.310072 3.324552 -1.341680
v -7.247004 3.432686 2.101025
v -7.306379 3.386993 -1.342572
v -7.246376 3.496993 2.100161
v -7.305752 3.451300 -1.343436
v -7.250690 3.598141 2.098893
v -7.310066 3.552448 -1.344704
v -7.260792 3.696542 2.097761
v -7.320168 3.650849 -1.345836
v -7.276684 3.792195 2.096766
v -7.336060 3.746502 -1.346831
v -7.298363 3.885101 2.095907
v -7.357738 3.839408 -1.347690
v -7.325827 3.975261 2.095184
v -7.385202 3.929568 -1.348413
v -7.359081 4.062673 2.094598
v -7.418457 4.016980 -1.348999
v -7.398123 4.147338 2.094147
v -7.457499 4.101645 -1.349449
v -7.442951 4.229256 2.093833
v -7.502327 4.183563 -1.349763
v -7.493567 4.308427 2.093656
v -7.552942 4.262734 -1.349941
v -7.549973 4.384851 2.093614
v -7.609348 4.339158 -1.349983
v -7.612164 4.458528 2.093709
v -7.671539 4.412834 -1.349888
v -7.680140 4.529457 2.093940
v -7.739515 4.483764 -1.349657
v -7.752501 4.596054 2.094304
v -7.811876 4.550361 -1.349293
v -7.827837 4.656734 2.094798
v -7.887213 4.611041 -1.348799
v -7.906145 4.711497 2.095421
v -7.965521 4.665804 -1.348176
v -7.987429 4.760342 2.096174
v -8.046804 4.714649 -1.347422
v -8.071688 4.803270 2.097058
v -8.131063 4.757577 -1.346539
v -8.158918 4.840281 2.098071
v -8.218294 4.794587 -1.345526
v -8.249126 4.871373 2.099213
v -8.308502 4.825680 -1.344383
v -8.342308 4.896549 2.100486
v -8.401684 4.850856 -1.343111
v -8.438463 4.915807 2.101888
v -8.497839 4.870114 -1.341709
v -8.537596 4.929148 2.103420
v -8.596972 4.883455 -1.340176
v -8.639700 4.936572 2.105083
v -8.699076 4.890879 -1.338514
v -8.744780 4.938078 2.106874
v -8.804155 4.892385 -1.336722
v -8.792080 4.936809 2.107707
v -8.851456 4.891115 -1.335890
v -8.839968 4.934281 2.108566
v -8.899343 4.888588 -1.335031
v -8.888447 4.930496 2.109452
v -8.947823 4.884803 -1.334145
v -8.937517 4.925453 2.110365
v -8.996893 4.879761 -1.333232
v -8.987177 4.919153 2.111305
v -9.046553 4.873460 -1.332292
v -9.037428 4.911595 2.112272
v -9.096804 4.865902 -1.331325
v -9.088266 4.902780 2.113265
v -9.147642 4.857086 -1.330332
v -9.139698 4.892706 2.114285
v -9.199074 4.847013 -1.329311
v -9.191721 4.881374 2.115333
v -9.251097 4.835681 -1.328264
v -9.244335 4.868785 2.116407
v -9.303711 4.823092 -1.327190
v -9.297535 4.854939 2.117508
v -9.356911 4.809246 -1.326089
v -9.351330 4.839834 2.118636
v -9.410706 4.794142 -1.324961
v -9.381371 4.844846 2.119087
v -9.440746 4.799153 -1.324509
v -9.411385 4.850162 2.119534
v -9.470760 4.804469 -1.324062
v -9.441368 4.855782 2.119977
v -9.500744 4.810089 -1.323620
v -9.471321 4.861706 2.120415
v -9.530697 4.816013 -1.323182
v -9.501247 4.867935 2.120848
v -9.560623 4.822242 -1.322749
v -9.531139 4.874468 2.121277
v -9.590515 4.828775 -1.322320
v -9.561007 4.881306 2.121701
v -9.620382 4.835613 -1.321896
v -9.590841 4.888448 2.122121
v -9.650217 4.842755 -1.321476
v -9.620649 4.895895 2.122536
v -9.680025 4.850202 -1.321061
v -9.650425 4.903646 2.122946
v -9.709801 4.857953 -1.320650
v -9.680172 4.911700 2.123352
v -9.739548 4.866008 -1.320245
v -8.679497 3.209963 2.128679
v -8.738873 3.164270 -1.314918
v -8.996113 4.650133 2.115029
v -9.055489 4.604440 -1.328568
v -8.974113 4.660143 2.114516
v -9.033489 4.614450 -1.329080
v -8.951597 4.669316 2.114007
v -9.010973 4.623623 -1.329590
v -8.928560 4.677651 2.113499
v -8.987936 4.631958 -1.330098
v -8.905006 4.685149 2.112993
v -8.964382 4.639456 -1.330604
v -8.880934 4.691810 2.112490
v -8.940310 4.646117 -1.331107
v -8.856344 4.697634 2.111988
v -8.915720 4.651941 -1.331609
v -8.831236 4.702620 2.111489
v -8.890612 4.656927 -1.332108
v -8.805607 4.706769 2.110992
v -8.864983 4.661076 -1.332605
v -8.779465 4.710081 2.110497
v -8.838840 4.664388 -1.333099
v -8.752800 4.712555 2.110005
v -8.812176 4.666862 -1.333592
v -8.725618 4.714192 2.109515
v -8.784994 4.668499 -1.334082
v -8.697920 4.714992 2.109026
v -8.757296 4.669299 -1.334570
v -8.645580 4.713172 2.108148
v -8.704956 4.667479 -1.335449
v -8.594725 4.706266 2.107363
v -8.654100 4.660573 -1.336234
v -8.545351 4.694273 2.106671
v -8.604727 4.648581 -1.336926
v -8.497459 4.677194 2.106072
v -8.556835 4.631501 -1.337525
v -8.451054 4.655028 2.105566
v -8.510429 4.609335 -1.338031
v -8.406130 4.627777 2.105153
v -8.465506 4.582084 -1.338444
v -8.362688 4.595438 2.104833
v -8.422064 4.549745 -1.338764
v -8.320732 4.558013 2.104606
v -8.380108 4.512321 -1.338991
v -8.280256 4.515502 2.104472
v -8.339632 4.469809 -1.339125
v -8.241264 4.467904 2.104431
v -8.300640 4.422211 -1.339165
v -8.203758 4.415220 2.104484
v -8.263134 4.369527 -1.339113
v -8.167732 4.357449 2.104629
v -8.227108 4.311756 -1.338968
v -8.133879 4.296744 2.104851
v -8.193254 4.251051 -1.338746
v -8.102884 4.235257 2.105132
v -8.162260 4.189564 -1.338464
v -8.074749 4.172988 2.105474
v -8.134125 4.127295 -1.338123
v -8.049475 4.109937 2.105874
v -8.108850 4.064244 -1.337722
v -8.027060 4.046104 2.106335
v -8.086435 4.000411 -1.337262
v -8.007504 3.981489 2.106855
v -8.066879 3.935796 -1.336742
v -7.990810 3.916092 2.107435
v -8.050186 3.870399 -1.336162
v -7.976973 3.849913 2.108075
v -8.036348 3.804220 -1.335522
v -7.966000 3.782952 2.108774
v -8.025375 3.737259 -1.334823
v -7.957884 3.715209 2.109533
v -8.017260 3.669516 -1.334064
v -7.952629 3.646683 2.110352
v -8.012005 3.600991 -1.333245
v -7.950232 3.577376 2.111230
v -8.009607 3.531683 -1.332367
v -7.950203 3.536855 2.111767
v -8.009579 3.491162 -1.331830
v -7.951248 3.497147 2.112312
v -8.010624 3.451454 -1.331285
v -7.953367 3.458251 2.112864
v -8.012743 3.412559 -1.330732
v -7.956566 3.420169 2.113425
v -8.015942 3.374476 -1.330172
v -7.960836 3.382899 2.113993
v -8.020212 3.337206 -1.329604
v -7.966181 3.346442 2.114569
v -8.025557 3.300750 -1.329028
v -7.972603 3.310798 2.115153
v -8.031979 3.265105 -1.328444
v -7.980099 3.275967 2.115744
v -8.039474 3.230274 -1.327853
v -7.988672 3.241949 2.116343
v -8.048048 3.196256 -1.327253
v -7.998316 3.208743 2.116950
v -8.057692 3.163050 -1.326647
v -8.009039 3.176351 2.117565
v -8.068415 3.130657 -1.326032
v -8.020836 3.144771 2.118187
v -8.080212 3.099078 -1.325409
v -8.033348 3.114887 2.118800
v -8.092724 3.069194 -1.324797
v -8.046215 3.087581 2.119384
v -8.105591 3.041888 -1.324213
v -8.059441 3.062855 2.119940
v -8.118816 3.017162 -1.323657
v -8.073021 3.040708 2.120468
v -8.132397 2.995015 -1.323129
v -8.086960 3.021140 2.120968
v -8.146336 2.975447 -1.322629
v -8.101254 3.004150 2.121440
v -8.160629 2.958457 -1.322157
v -8.115906 2.989740 2.121884
v -8.175282 2.944047 -1.321713
v -8.130915 2.977908 2.122299
v -8.190290 2.932215 -1.321297
v -8.146278 2.968656 2.122687
v -8.205654 2.922963 -1.320910
v -8.161999 2.961982 2.123047
v -8.221375 2.916289 -1.320550
v -8.178078 2.957887 2.123378
v -8.237453 2.912194 -1.320219
v -8.194517 2.956371 2.123682
v -8.253893 2.910678 -1.319915
v -8.218685 2.957849 2.124079
v -8.278061 2.912156 -1.319518
v -8.245806 2.962900 2.124480
v -8.305182 2.917207 -1.319117
v -8.275883 2.971525 2.124884
v -8.335258 2.925832 -1.318713
v -8.308912 2.983723 2.125291
v -8.368288 2.938030 -1.318305
v -8.344894 2.999496 2.125702
v -8.404270 2.953803 -1.317894
v -8.383831 3.018841 2.126117
v -8.443207 2.973148 -1.317480
v -8.425724 3.041761 2.126535
v -8.485100 2.996068 -1.317062
v -8.470570 3.068254 2.126957
v -8.529945 3.022561 -1.316640
v -8.518368 3.098321 2.127382
v -8.577744 3.052628 -1.316215
v -8.569120 3.131961 2.127811
v -8.628496 3.086268 -1.315786
v -8.622829 3.169175 2.128243
v -8.682205 3.123482 -1.315354
v -10.852581 2.625895 2.173897
v -10.911957 2.580202 -1.269700
v -10.173946 2.610827 2.162396
v -10.233322 2.565134 -1.281201
v -10.576216 4.441348 2.145043
v -10.635592 4.395655 -1.298554
v -10.579556 4.458173 2.144877
v -10.638931 4.412480 -1.298719
v -10.582613 4.473887 2.144722
v -10.641989 4.428194 -1.298875
v -10.585381 4.488491 2.144576
v -10.644756 4.442798 -1.299021
v -10.587864 4.501984 2.144439
v -10.647240 4.456291 -1.299158
v -10.590061 4.514366 2.144313
v -10.649437 4.468673 -1.299284
v -10.591974 4.525638 2.144196
v -10.651350 4.479945 -1.299401
v -10.593599 4.535799 2.144089
v -10.652975 4.490106 -1.299507
v -10.594942 4.544849 2.143992
v -10.654318 4.499156 -1.299604
v -10.595999 4.552789 2.143905
v -10.655375 4.507096 -1.299691
v -10.596769 4.559618 2.143828
v -10.656145 4.513925 -1.299769
v -10.597252 4.565336 2.143760
v -10.656628 4.519643 -1.299836
v -10.597450 4.569943 2.143703
v -10.656826 4.524251 -1.299894
v -10.597382 4.576708 2.143612
v -10.656757 4.531015 -1.299985
v -10.596991 4.583223 2.143519
v -10.656366 4.537530 -1.300078
v -10.596275 4.589490 2.143423
v -10.655651 4.543797 -1.300174
v -10.595236 4.595508 2.143325
v -10.654612 4.549814 -1.300271
v -10.593872 4.601276 2.143225
v -10.653248 4.555583 -1.300371
v -10.592184 4.606796 2.143123
v -10.651560 4.561103 -1.300474
v -10.590172 4.612067 2.143018
v -10.649548 4.566374 -1.300578
v -10.587835 4.617089 2.142911
v -10.647211 4.571396 -1.300685
v -10.585175 4.621862 2.142802
v -10.644550 4.576169 -1.300795
v -10.582188 4.626387 2.142691
v -10.641563 4.580694 -1.300906
v -10.578878 4.630662 2.142577
v -10.638254 4.584970 -1.301020
v -10.575247 4.634688 2.142461
v -10.634623 4.588996 -1.301136
v -10.571289 4.638508 2.142342
v -10.630665 4.592815 -1.301255
v -10.567007 4.642164 2.142220
v -10.626383 4.596471 -1.301377
v -10.562403 4.645655 2.142094
v -10.621778 4.599962 -1.301503
v -10.557478 4.648981 2.141965
v -10.616854 4.603288 -1.301632
v -10.552225 4.652143 2.141832
v -10.611601 4.606450 -1.301764
v -10.546654 4.655141 2.141696
v -10.606030 4.609448 -1.301900
v -10.540756 4.657974 2.141557
v -10.600132 4.612281 -1.302040
v -10.534536 4.660642 2.141415
v -10.593912 4.614949 -1.302182
v -10.527992 4.663146 2.141268
v -10.587368 4.617454 -1.302328
v -10.521128 4.665486 2.141119
v -10.580503 4.619793 -1.302478
v -10.513937 4.667661 2.140966
v -10.573313 4.621968 -1.302631
v -10.506428 4.669672 2.140810
v -10.565804 4.623979 -1.302787
v -10.498592 4.671543 2.140650
v -10.557968 4.625850 -1.302947
v -10.490437 4.673301 2.140486
v -10.549812 4.627608 -1.303111
v -10.481955 4.674945 2.140318
v -10.541330 4.629251 -1.303279
v -10.473152 4.676475 2.140146
v -10.532528 4.630782 -1.303451
v -10.464027 4.677891 2.139970
v -10.523403 4.632198 -1.303627
v -10.454580 4.679193 2.139790
v -10.513956 4.633501 -1.303807
v -10.444811 4.680382 2.139606
v -10.504187 4.634689 -1.303991
v -10.434719 4.681457 2.139417
v -10.494095 4.635764 -1.304179
v -10.424305 4.682418 2.139225
v -10.483681 4.636725 -1.304372
v -10.413568 4.683265 2.139029
v -10.472944 4.637572 -1.304568
v -10.402510 4.683999 2.138828
v -10.461885 4.638306 -1.304769
v -10.391134 4.684618 2.138624
v -10.450510 4.638925 -1.304973
v -10.379448 4.685166 2.138415
v -10.438824 4.639473 -1.305182
v -10.367474 4.685683 2.138202
v -10.426849 4.639991 -1.305395
v -10.355213 4.686172 2.137984
v -10.414589 4.640479 -1.305613
v -10.342665 4.686630 2.137762
v -10.402040 4.640937 -1.305835
v -10.329828 4.687058 2.137535
v -10.389204 4.641365 -1.306062
v -10.316706 4.687457 2.137303
v -10.376081 4.641764 -1.306294
v -10.303293 4.687825 2.137067
v -10.362669 4.642132 -1.306530
v -10.289595 4.688164 2.136826
v -10.348970 4.642471 -1.306771
v -10.275608 4.688473 2.136581
v -10.334984 4.642779 -1.307016
v -10.261335 4.688751 2.136331
v -10.320711 4.643059 -1.307266
v -10.246773 4.689001 2.136077
v -10.306149 4.643308 -1.307520
v -10.231926 4.689220 2.135818
v -10.291302 4.643527 -1.307779
v -10.248062 4.800862 2.134615
v -10.307438 4.755169 -1.308982
v -10.319033 4.817762 2.135614
v -10.378408 4.772069 -1.307983
v -10.387180 4.833147 2.136585
v -10.446556 4.787454 -1.307012
v -10.452503 4.847016 2.137527
v -10.511879 4.801323 -1.306070
v -10.515001 4.859370 2.138441
v -10.574377 4.813677 -1.305156
v -10.574677 4.870209 2.139326
v -10.634052 4.824516 -1.304271
v -10.631527 4.879533 2.140182
v -10.690903 4.833840 -1.303414
v -10.685553 4.887341 2.141010
v -10.744928 4.841649 -1.302587
v -10.736755 4.893635 2.141810
v -10.796131 4.847942 -1.301787
v -10.785133 4.898413 2.142581
v -10.844509 4.852720 -1.301016
v -10.830687 4.901677 2.143322
v -10.890062 4.855984 -1.300274
v -10.873417 4.903425 2.144036
v -10.932793 4.857732 -1.299561
v -10.913322 4.903657 2.144721
v -10.972698 4.857965 -1.298876
v -10.940821 4.902861 2.145206
v -11.000196 4.857168 -1.298391
v -10.967396 4.901232 2.145686
v -11.026772 4.855538 -1.297911
v -10.993046 4.898771 2.146160
v -11.052422 4.853078 -1.297436
v -11.017771 4.895479 2.146631
v -11.077147 4.849786 -1.296966
v -11.041573 4.891355 2.147096
v -11.100948 4.845662 -1.296501
v -11.064455 4.886399 2.147556
v -11.123831 4.840706 -1.296041
v -11.086412 4.880611 2.148011
v -11.145788 4.834918 -1.295586
v -11.107447 4.873992 2.148462
v -11.166822 4.828299 -1.295135
v -11.127556 4.866540 2.148907
v -11.186932 4.820848 -1.294689
v -11.146740 4.858257 2.149348
v -11.206116 4.812565 -1.294249
v -11.165003 4.849143 2.149784
v -11.224379 4.803450 -1.293813
v -11.182344 4.839196 2.150215
v -11.241720 4.793503 -1.293382
v -11.198505 4.828438 2.150636
v -11.257881 4.782745 -1.292961
v -11.213240 4.816889 2.151043
v -11.272615 4.771196 -1.292553
v -11.226543 4.804548 2.151437
v -11.285919 4.758855 -1.292160
v -11.238419 4.791417 2.151816
v -11.297794 4.745724 -1.291781
v -11.248865 4.777494 2.152180
v -11.308241 4.731802 -1.291416
v -11.257881 4.762781 2.152531
v -11.317257 4.717088 -1.291066
v -11.265469 4.747276 2.152868
v -11.324844 4.701583 -1.290729
v -11.271626 4.730980 2.153190
v -11.331001 4.685287 -1.290407
v -11.276354 4.713893 2.153498
v -11.335730 4.668200 -1.290098
v -11.279652 4.696015 2.153792
v -11.339027 4.650322 -1.289804
v -11.281523 4.677346 2.154073
v -11.340899 4.631653 -1.289524
v -11.281960 4.657886 2.154338
v -11.341335 4.612193 -1.289259
v -11.281891 4.654171 2.154386
v -11.341267 4.608479 -1.289211
v -11.281784 4.650322 2.154436
v -11.341160 4.604630 -1.289161
v -11.281647 4.646338 2.154486
v -11.341022 4.600646 -1.289111
v -11.281471 4.642220 2.154538
v -11.340847 4.596528 -1.289059
v -11.281260 4.637968 2.154590
v -11.340635 4.592275 -1.289006
v -11.281013 4.633580 2.154644
v -11.340389 4.587888 -1.288952
v -11.280731 4.629058 2.154700
v -11.340107 4.583365 -1.288897
v -11.280415 4.624402 2.154756
v -11.339790 4.578709 -1.288841
v -11.280062 4.619611 2.154813
v -11.339437 4.573917 -1.288784
v -11.279671 4.614685 2.154872
v -11.339046 4.568992 -1.288725
v -11.279245 4.609624 2.154932
v -11.338621 4.563931 -1.288665
v -11.278788 4.604429 2.154993
v -11.338163 4.558736 -1.288604
v -11.354021 4.651178 2.155670
v -11.413397 4.605485 -1.287927
v -11.429232 4.693774 2.156401
v -11.488607 4.648081 -1.287196
v -11.504416 4.732215 2.157187
v -11.563791 4.686522 -1.286409
v -11.579582 4.766502 2.158029
v -11.638958 4.720809 -1.285568
v -11.654722 4.796635 2.158924
v -11.714098 4.750942 -1.284672
v -11.729837 4.822615 2.159875
v -11.789213 4.776921 -1.283722
v -11.804930 4.844440 2.160880
v -11.864305 4.798747 -1.282717
v -11.879999 4.862111 2.161940
v -11.939375 4.816418 -1.281657
v -11.955044 4.875628 2.163054
v -12.014420 4.829935 -1.280542
v -12.030064 4.884991 2.164224
v -12.089439 4.839298 -1.279373
v -12.105059 4.890201 2.165447
v -12.164434 4.844508 -1.278149
v -12.180033 4.891256 2.166726
v -12.239408 4.845563 -1.276871
v -12.196749 4.869142 2.167308
v -12.256124 4.823449 -1.276289
v -12.181330 4.805450 2.167887
v -12.240705 4.759757 -1.275710
v -12.166002 4.741217 2.168475
v -12.225378 4.695523 -1.275122
v -12.150768 4.676441 2.169072
v -12.210144 4.630748 -1.274525
v -12.135630 4.611124 2.169678
v -12.195005 4.565432 -1.273919
v -12.120583 4.545265 2.170292
v -12.179958 4.499573 -1.273305
v -12.105631 4.478865 2.170915
v -12.165007 4.433172 -1.272681
v -12.090771 4.411923 2.171547
v -12.150146 4.366230 -1.272049
v -12.076006 4.344440 2.172188
v -12.135382 4.298747 -1.271409
v -12.061337 4.276414 2.172838
v -12.120712 4.230721 -1.270759
v -12.046757 4.207847 2.173496
v -12.106133 4.162154 -1.270100
v -12.032274 4.138739 2.174164
v -12.091650 4.093045 -1.269433
v -12.017881 4.069088 2.174840
v -12.077257 4.023395 -1.268757
v -11.866814 4.046829 2.172530
v -11.926189 4.001136 -1.271066
v -11.859980 4.089926 2.171841
v -11.919355 4.044233 -1.271756
v -11.852846 4.130680 2.171177
v -11.912222 4.084987 -1.272420
v -11.845406 4.169091 2.170539
v -11.904781 4.123398 -1.273058
v -11.837664 4.205158 2.169927
v -11.897039 4.159465 -1.273670
v -11.829620 4.238882 2.169341
v -11.888996 4.193189 -1.274256
v -11.821274 4.270263 2.168780
v -11.880650 4.224570 -1.274816
v -11.812626 4.299301 2.168246
v -11.872002 4.253608 -1.275351
v -11.803675 4.325995 2.167737
v -11.863050 4.280302 -1.275859
v -11.794418 4.350346 2.167255
v -11.853794 4.304653 -1.276342
v -11.784861 4.372354 2.166798
v -11.844236 4.326661 -1.276799
v -11.775003 4.392019 2.166367
v -11.834379 4.346326 -1.277230
v -11.764841 4.409340 2.165962
v -11.824217 4.363647 -1.277635
v -11.754131 4.424829 2.165572
v -11.813507 4.379136 -1.278025
v -11.742624 4.438994 2.165185
v -11.802000 4.393301 -1.278411
v -11.730324 4.451836 2.164803
v -11.789700 4.406142 -1.278794
v -11.717230 4.463354 2.164424
v -11.776606 4.417661 -1.279172
v -11.703337 4.473549 2.164050
v -11.762712 4.427856 -1.279547
v -11.688652 4.482420 2.163679
v -11.748028 4.436728 -1.279918
v -11.673170 4.489969 2.163311
v -11.732546 4.444276 -1.280285
v -11.656895 4.496194 2.162948
v -11.716270 4.450501 -1.280648
v -11.639820 4.501097 2.162589
v -11.699196 4.455403 -1.281008
v -11.621954 4.504675 2.162233
v -11.681330 4.458982 -1.281363
v -11.603292 4.506931 2.161882
v -11.662668 4.461238 -1.281715
v -11.583836 4.507864 2.161534
v -11.643211 4.462171 -1.282063
v -11.561758 4.507421 2.161159
v -11.621134 4.461728 -1.282438
v -11.538481 4.505509 2.160783
v -11.597857 4.459816 -1.282814
v -11.513998 4.502128 2.160406
v -11.573374 4.456435 -1.283191
v -11.488314 4.497276 2.160027
v -11.547689 4.451583 -1.283570
v -11.461430 4.490955 2.159648
v -11.520805 4.445262 -1.283949
v -11.433340 4.483165 2.159267
v -11.492716 4.437471 -1.284330
v -11.404049 4.473904 2.158885
v -11.463425 4.428211 -1.284712
v -11.373556 4.463174 2.158501
v -11.432932 4.417481 -1.285096
v -11.341860 4.450974 2.158117
v -11.401236 4.405281 -1.285480
v -11.308962 4.437305 2.157731
v -11.368338 4.391612 -1.285866
v -11.274862 4.422166 2.157344
v -11.334238 4.376473 -1.286253
v -11.239555 4.405557 2.156955
v -11.298931 4.359864 -1.286642
v -12.993843 3.605904 2.197813
v -13.053219 3.560211 -1.245784
v -12.801645 3.598797 2.194594
v -12.861021 3.553104 -1.249003
v -13.025377 5.881633 2.168160
v -13.084753 5.835940 -1.275436
v -13.789173 5.900404 2.181081
v -13.848549 5.854711 -1.262516
v -13.808353 5.880689 2.181673
v -13.867729 5.834995 -1.261924
v -12.542686 3.160956 2.195938
v -12.602062 3.115263 -1.247658
v -12.560738 3.176829 2.196039
v -12.620113 3.131136 -1.247558
v -12.579582 3.191289 2.196172
v -12.638958 3.145597 -1.247425
v -12.599216 3.204338 2.196337
v -12.658592 3.158645 -1.247259
v -12.619640 3.215973 2.196535
v -12.679016 3.170280 -1.247062
v -12.640858 3.226197 2.196765
v -12.700233 3.180504 -1.246831
v -12.662865 3.235007 2.197028
v -12.722240 3.189314 -1.246569
v -12.685661 3.242406 2.197323
v -12.745037 3.196713 -1.246274
v -12.709251 3.248392 2.197650
v -12.768627 3.202699 -1.245947
v -12.733629 3.252965 2.198010
v -12.793005 3.207272 -1.245587
v -12.758802 3.256126 2.198402
v -12.818178 3.210433 -1.245195
v -12.784763 3.257875 2.198826
v -12.844139 3.212182 -1.244771
v -12.811516 3.258211 2.199283
v -12.870892 3.212518 -1.244314
v -12.837067 3.257162 2.199738
v -12.896442 3.211469 -1.243859
v -12.861858 3.254722 2.200197
v -12.921234 3.209029 -1.243400
v -12.885885 3.250890 2.200662
v -12.945261 3.205197 -1.242934
v -12.909149 3.245667 2.201133
v -12.968525 3.199974 -1.242464
v -12.931652 3.239053 2.201609
v -12.991028 3.193360 -1.241988
v -12.953394 3.231047 2.202090
v -13.012770 3.185354 -1.241507
v -12.974371 3.221651 2.202576
v -13.033747 3.175958 -1.241021
v -12.994585 3.210863 2.203068
v -13.053961 3.165170 -1.240529
v -13.014040 3.198684 2.203565
v -13.073416 3.152991 -1.240032
v -13.032728 3.185113 2.204067
v -13.092104 3.139420 -1.239530
v -13.050657 3.170151 2.204575
v -13.110033 3.124458 -1.239022
v -13.067823 3.153798 2.205088
v -13.127199 3.108105 -1.238509
v -13.083893 3.136312 2.205597
v -13.143269 3.090619 -1.238000
v -13.098532 3.117950 2.206093
v -13.157907 3.072257 -1.237504
v -13.111740 3.098712 2.206576
v -13.171116 3.053019 -1.237021
v -13.123518 3.078599 2.207046
v -13.182894 3.032906 -1.236551
v -13.133867 3.057611 2.207503
v -13.193243 3.011918 -1.236094
v -13.142784 3.035746 2.207947
v -13.202160 2.990053 -1.235650
v -13.150272 3.013007 2.208377
v -13.209648 2.967314 -1.235219
v -13.156328 2.989392 2.208795
v -13.215704 2.943699 -1.234802
v -13.160952 2.964901 2.209200
v -13.220327 2.919208 -1.234397
v -13.164146 2.939535 2.209592
v -13.223522 2.893842 -1.234005
v -13.165913 2.913293 2.209970
v -13.225288 2.867600 -1.233627
v -13.166245 2.886175 2.210336
v -13.225620 2.840482 -1.233261
v -13.165133 2.859449 2.210671
v -13.224508 2.813756 -1.232926
v -13.162544 2.833571 2.210970
v -13.221920 2.787878 -1.232627
v -13.158480 2.808540 2.211232
v -13.217855 2.762847 -1.232365
v -13.152945 2.784356 2.211457
v -13.212320 2.738663 -1.232139
v -13.145935 2.761021 2.211646
v -13.205311 2.715328 -1.231951
v -13.137451 2.738533 2.211798
v -13.196827 2.692840 -1.231798
v -13.127491 2.716892 2.211914
v -13.186867 2.671199 -1.231683
v -13.116058 2.696099 2.211993
v -13.175434 2.650406 -1.231604
v -13.103151 2.676153 2.212035
v -13.162527 2.630460 -1.231562
v -13.088770 2.657055 2.212040
v -13.148146 2.611362 -1.231557
v -13.072914 2.638805 2.212009
v -13.132290 2.593112 -1.231588
v -13.055584 2.621402 2.211941
v -13.114960 2.575709 -1.231656
v -13.037189 2.605145 2.211840
v -13.096565 2.559453 -1.231757
v -13.018139 2.590333 2.211708
v -13.077515 2.544640 -1.231889
v -12.998434 2.576965 2.211545
v -13.057810 2.531272 -1.232051
v -12.978073 2.565042 2.211352
v -13.037449 2.519349 -1.232244
v -12.957056 2.554562 2.211129
v -13.016432 2.508869 -1.232468
v -12.935381 2.545527 2.210875
v -12.994757 2.499834 -1.232722
v -12.913052 2.537937 2.210591
v -12.972427 2.492244 -1.233006
v -12.890068 2.531790 2.210276
v -12.949444 2.486098 -1.233320
v -12.866430 2.527089 2.209931
v -12.925806 2.481396 -1.233666
v -12.842136 2.523831 2.209556
v -12.901512 2.478138 -1.234041
v -12.817186 2.522018 2.209149
v -12.876562 2.476325 -1.234447
v -12.791584 2.521649 2.208713
v -12.850960 2.475956 -1.234884
v -12.764883 2.522731 2.208238
v -12.824259 2.477038 -1.235359
v -12.739082 2.525236 2.207760
v -12.798458 2.479543 -1.235837
v -12.714178 2.529164 2.207278
v -12.773554 2.483471 -1.236318
v -12.690170 2.534515 2.206794
v -12.749546 2.488822 -1.236803
v -12.667063 2.541290 2.206305
v -12.726439 2.495597 -1.237292
v -12.644854 2.549487 2.205813
v -12.704229 2.503794 -1.237783
v -12.623543 2.559108 2.205318
v -12.682919 2.513415 -1.238279
v -12.603127 2.570152 2.204820
v -12.662502 2.524459 -1.238777
v -12.583609 2.582619 2.204318
v -12.642984 2.536926 -1.239279
v -12.564989 2.596509 2.203813
v -12.624365 2.550817 -1.239784
v -12.547268 2.611823 2.203304
v -12.606644 2.566130 -1.240293
v -12.530447 2.628560 2.202792
v -12.589823 2.582867 -1.240805
v -12.514771 2.646412 2.202285
v -12.574146 2.600719 -1.241312
v -12.500490 2.665074 2.201791
v -12.559866 2.619380 -1.241806
v -12.487606 2.684543 2.201310
v -12.546982 2.638850 -1.242287
v -12.476116 2.704821 2.200843
v -12.535492 2.659128 -1.242754
v -12.466024 2.725908 2.200389
v -12.525400 2.680215 -1.243208
v -12.457329 2.747802 2.199949
v -12.516705 2.702110 -1.243648
v -12.450027 2.770506 2.199522
v -12.509403 2.724813 -1.244075
v -12.444120 2.794018 2.199108
v -12.503496 2.748325 -1.244489
v -12.439611 2.818338 2.198707
v -12.498987 2.772645 -1.244889
v -12.436499 2.843467 2.198320
v -12.495874 2.797774 -1.245277
v -12.434782 2.869404 2.197947
v -12.494158 2.823711 -1.245650
v -12.434460 2.896150 2.197586
v -12.493835 2.850456 -1.246011
v -12.435562 2.923247 2.197246
v -12.494938 2.877554 -1.246351
v -12.438101 2.949430 2.196942
v -12.497477 2.903738 -1.246655
v -12.442083 2.974699 2.196675
v -12.501459 2.929006 -1.246922
v -12.447504 2.999053 2.196445
v -12.506880 2.953360 -1.247151
v -12.454365 3.022492 2.196253
v -12.513741 2.976799 -1.247344
v -12.462662 3.045017 2.196097
v -12.522038 2.999323 -1.247500
v -12.472403 3.066626 2.195978
v -12.531778 3.020933 -1.247619
v -12.483580 3.087322 2.195896
v -12.542955 3.041629 -1.247700
v -12.496199 3.107102 2.195851
v -12.555574 3.061409 -1.247745
v -12.510256 3.125968 2.195843
v -12.569632 3.080275 -1.247753
v -12.525755 3.143919 2.195873
v -12.585131 3.098226 -1.247724
v -14.510899 3.585227 2.224245
v -14.570274 3.539534 -1.219352
v -14.318701 3.578120 2.221025
v -14.378077 3.532427 -1.222572
v -14.542433 5.860956 2.194592
v -14.601809 5.815263 -1.249005
v -15.306229 5.879726 2.207512
v -15.365604 5.834034 -1.236085
v -15.325409 5.860011 2.208104
v -15.384785 5.814318 -1.235492
v -14.059746 3.140279 2.222370
v -14.119122 3.094586 -1.221227
v -14.077797 3.156152 2.222471
v -14.137173 3.110459 -1.221126
v -14.096642 3.170612 2.222604
v -14.156017 3.124919 -1.220993
v -14.116274 3.183660 2.222769
v -14.175650 3.137967 -1.220828
v -14.136700 3.195296 2.222967
v -14.196075 3.149603 -1.220630
v -14.157915 3.205519 2.223197
v -14.217291 3.159826 -1.220400
v -14.179924 3.214330 2.223459
v -14.239300 3.168637 -1.220137
v -14.202721 3.221728 2.223754
v -14.262096 3.176035 -1.219843
v -14.226311 3.227715 2.224082
v -14.285686 3.182021 -1.219515
v -14.250689 3.232288 2.224441
v -14.310064 3.186595 -1.219156
v -14.275862 3.235449 2.224833
v -14.335238 3.189756 -1.218764
v -14.301821 3.237198 2.225258
v -14.361197 3.191505 -1.218339
v -14.328571 3.237534 2.225714
v -14.387947 3.191841 -1.217882
v -14.354122 3.236485 2.226169
v -14.413498 3.190792 -1.217428
v -14.378912 3.234044 2.226629
v -14.438288 3.188351 -1.216968
v -14.402941 3.230213 2.227094
v -14.462317 3.184520 -1.216503
v -14.426205 3.224990 2.227564
v -14.485580 3.179297 -1.216033
v -14.448708 3.218376 2.228040
v -14.508083 3.172683 -1.215557
v -14.470449 3.210370 2.228521
v -14.529825 3.164677 -1.215076
v -14.491426 3.200974 2.229007
v -14.550802 3.155281 -1.214589
v -14.511641 3.190186 2.229499
v -14.571016 3.144493 -1.214098
v -14.531096 3.178006 2.229996
v -14.590471 3.132313 -1.213601
v -14.549784 3.164436 2.230499
v -14.609159 3.118743 -1.213098
v -14.567713 3.149474 2.231006
v -14.627089 3.103781 -1.212591
v -14.584879 3.133121 2.231519
v -14.644255 3.087428 -1.212078
v -14.600948 3.115634 2.232028
v -14.660324 3.069942 -1.211569
v -14.615587 3.097273 2.232524
v -14.674963 3.051580 -1.211072
v -14.628796 3.078035 2.233007
v -14.688171 3.032342 -1.210589
v -14.640574 3.057922 2.233477
v -14.699949 3.012229 -1.210119
v -14.650923 3.036933 2.233934
v -14.710299 2.991241 -1.209663
v -14.659840 3.015069 2.234378
v -14.719215 2.969376 -1.209219
v -14.667328 2.992330 2.234809
v -14.726704 2.946637 -1.208788
v -14.673384 2.968714 2.235227
v -14.732759 2.923021 -1.208370
v -14.678007 2.944224 2.235631
v -14.737383 2.898531 -1.207965
v -14.681202 2.918857 2.236023
v -14.740578 2.873164 -1.207574
v -14.682968 2.892616 2.236402
v -14.742344 2.846923 -1.207195
v -14.683300 2.865498 2.236767
v -14.742676 2.819805 -1.206830
v -14.682188 2.838772 2.237103
v -14.741564 2.793079 -1.206494
v -14.679600 2.812893 2.237401
v -14.738976 2.767200 -1.206195
v -14.675535 2.787863 2.237664
v -14.734911 2.742170 -1.205933
v -14.670000 2.763679 2.237889
v -14.729376 2.717986 -1.205708
v -14.662989 2.740343 2.238078
v -14.722364 2.694650 -1.205519
v -14.654507 2.717855 2.238230
v -14.713882 2.672162 -1.205367
v -14.644547 2.696215 2.238345
v -14.703922 2.650522 -1.205251
v -14.633114 2.675421 2.238424
v -14.692490 2.629729 -1.205173
v -14.620207 2.655476 2.238466
v -14.679583 2.609783 -1.205131
v -14.605825 2.636378 2.238472
v -14.665201 2.590685 -1.205125
v -14.589970 2.618128 2.238441
v -14.649345 2.572435 -1.205156
v -14.572639 2.600725 2.238373
v -14.632015 2.555032 -1.205224
v -14.554245 2.584468 2.238271
v -14.613621 2.538775 -1.205326
v -14.535194 2.569656 2.238139
v -14.594570 2.523963 -1.205458
v -14.515490 2.556288 2.237977
v -14.574865 2.510595 -1.205620
v -14.495129 2.544364 2.237784
v -14.554504 2.498671 -1.205813
v -14.474112 2.533885 2.237561
v -14.533487 2.488192 -1.206036
v -14.452436 2.524850 2.237307
v -14.511812 2.479157 -1.206290
v -14.430107 2.517260 2.237022
v -14.489483 2.471566 -1.206574
v -14.407124 2.511113 2.236708
v -14.466499 2.465420 -1.206889
v -14.383486 2.506412 2.236362
v -14.442862 2.460719 -1.207234
v -14.359192 2.503154 2.235987
v -14.418568 2.457461 -1.207610
v -14.334242 2.501341 2.235581
v -14.393618 2.455648 -1.208016
v -14.308640 2.500972 2.235144
v -14.368015 2.455279 -1.208453
v -14.281939 2.502054 2.234669
v -14.341314 2.456361 -1.208927
v -14.256138 2.504559 2.234191
v -14.315514 2.458866 -1.209405
v -14.231234 2.508487 2.233710
v -14.290609 2.462794 -1.209887
v -14.207226 2.513838 2.233225
v -14.266602 2.468145 -1.210372
v -14.184118 2.520612 2.232737
v -14.243494 2.474919 -1.210860
v -14.161909 2.528810 2.232245
v -14.221285 2.483117 -1.211352
v -14.140598 2.538431 2.231750
v -14.199974 2.492738 -1.211847
v -14.120182 2.549475 2.231251
v -14.179558 2.503782 -1.212346
v -14.100664 2.561942 2.230749
v -14.160040 2.516249 -1.212847
v -14.082045 2.575832 2.230244
v -14.141420 2.530139 -1.213353
v -14.064323 2.591146 2.229735
v -14.123699 2.545453 -1.213862
v -14.047503 2.607882 2.229223
v -14.106878 2.562190 -1.214374
v -14.031826 2.625735 2.228716
v -14.091202 2.580042 -1.214881
v -14.017546 2.644396 2.228222
v -14.076921 2.598703 -1.215375
v -14.004662 2.663866 2.227742
v -14.064037 2.618173 -1.215855
v -13.993172 2.684144 2.227274
v -14.052547 2.638451 -1.216322
v -13.983080 2.705230 2.226821
v -14.042456 2.659537 -1.216776
v -13.974384 2.727125 2.226380
v -14.033760 2.681432 -1.217217
v -13.967083 2.749829 2.225953
v -14.026459 2.704136 -1.217644
v -13.961176 2.773340 2.225539
v -14.020552 2.727648 -1.218058
v -13.956667 2.797661 2.225139
v -14.016043 2.751968 -1.218458
v -13.953554 2.822789 2.224752
v -14.012930 2.777097 -1.218845
v -13.951838 2.848727 2.224378
v -14.011213 2.803034 -1.219219
v -13.951515 2.875472 2.224017
v -14.010891 2.829779 -1.219579
v -13.952618 2.902570 2.223677
v -14.011993 2.856877 -1.219920
v -13.955156 2.928753 2.223373
v -14.014532 2.883060 -1.220224
v -13.959139 2.954022 2.223107
v -14.018515 2.908329 -1.220490
v -13.964560 2.978375 2.222877
v -14.023935 2.932683 -1.220720
v -13.971420 3.001815 2.222684
v -14.030796 2.956122 -1.220913
v -13.979717 3.024339 2.222528
v -14.039093 2.978646 -1.221068
v -13.989458 3.045949 2.222410
v -14.048834 3.000256 -1.221187
v -14.000635 3.066644 2.222328
v -14.060011 3.020951 -1.221269
v -14.013254 3.086425 2.222283
v -14.072630 3.040732 -1.221314
v -14.027311 3.105291 2.222275
v -14.086687 3.059598 -1.221322
v -14.042810 3.123242 2.222304
v -14.102186 3.077549 -1.221293
vn -0.0172 -0.0133 -0.9998
vn -0.0173 -0.0133 -0.9998
vn 0.0172 0.0133 0.9998
vn 0.0173 0.0133 0.9998
vn -0.9971 0.0737 0.0162
vn -0.6240 -0.7811 0.0211
vn 0.6287 -0.7777 -0.0005
vn 0.7858 -0.6184 -0.0053
vn 0.3032 -0.9529 0.0074
vn 0.2712 -0.9625 0.0081
vn 0.2402 -0.9707 0.0087
vn 0.2105 -0.9775 0.0093
vn 0.1819 -0.9833 0.0099
vn 0.1546 -0.9879 0.0104
vn 0.1284 -0.9917 0.0109
vn 0.1033 -0.9946 0.0114
vn 0.0794 -0.9968 0.0119
vn 0.0565 -0.9983 0.0123
vn 0.0347 -0.9993 0.0127
vn 0.0016 -0.9999 0.0132
vn -0.0570 -0.9983 0.0142
vn -0.1308 -0.9913 0.0154
vn -0.2070 -0.9782 0.0165
vn -0.2844 -0.9585 0.0176
vn -0.3613 -0.9323 0.0186
vn -0.4363 -0.8996 0.0195
vn -0.5078 -0.8612 0.0202
vn -0.5747 -0.8181 0.0208
vn -0.6359 -0.7714 0.0212
vn -0.6910 -0.7225 0.0215
vn -0.7398 -0.6725 0.0217
vn -0.7814 -0.6236 0.0217
vn -0.8167 -0.5766 0.0217
vn -0.8484 -0.5289 0.0216
vn -0.8776 -0.4789 0.0215
vn -0.9039 -0.4272 0.0213
vn -0.9271 -0.3743 0.0210
vn -0.9469 -0.3207 0.0206
vn -0.9635 -0.2671 0.0202
vn -0.9767 -0.2139 0.0197
vn -0.9867 -0.1616 0.0192
vn -0.9937 -0.1106 0.0186
vn -0.9980 -0.0613 0.0180
vn -0.9997 -0.0150 0.0174
vn -0.9994 0.0286 0.0169
vn -0.9972 0.0729 0.0162
vn -0.9927 0.1195 0.0155
vn -0.9856 0.1682 0.0148
vn -0.9757 0.2188 0.0139
vn -0.9625 0.2710 0.0130
vn -0.9459 0.3243 0.0120
vn -0.9256 0.3783 0.0109
vn -0.9016 0.4324 0.0098
vn -0.8739 0.4860 0.0086
vn -0.8427 0.5384 0.0074
vn -0.8074 0.5900 0.0061
vn -0.7663 0.6425 0.0047
vn -0.7183 0.6958 0.0032
vn -0.6637 0.7480 0.0015
vn -0.6027 0.7979 -0.0002
vn -0.5359 0.8443 -0.0020
vn -0.4643 0.8857 -0.0037
vn -0.3891 0.9212 -0.0055
vn -0.3120 0.9501 -0.0072
vn -0.2345 0.9721 -0.0089
vn -0.1583 0.9873 -0.0104
vn -0.0845 0.9964 -0.0118
vn -0.0277 0.9995 -0.0128
vn -0.0000 0.9999 -0.0133
vn 0.0138 0.9998 -0.0135
vn 0.0275 0.9995 -0.0137
vn 0.0412 0.9991 -0.0140
vn 0.0548 0.9984 -0.0142
vn 0.0682 0.9976 -0.0144
vn 0.0816 0.9966 -0.0146
vn 0.0949 0.9954 -0.0148
vn 0.1081 0.9940 -0.0151
vn 0.1212 0.9925 -0.0153
vn 0.1341 0.9908 -0.0155
vn 0.6862 0.7271 -0.0215
vn 0.9775 0.2101 -0.0196
vn 0.9750 0.2214 -0.0197
vn 0.9756 0.2186 -0.0197
vn 0.9763 0.2157 -0.0197
vn 0.9769 0.2127 -0.0197
vn 0.9776 0.2096 -0.0196
vn 0.9783 0.2063 -0.0196
vn 0.9790 0.2030 -0.0196
vn 0.9797 0.1994 -0.0195
vn 0.9805 0.1957 -0.0195
vn 0.9812 0.1919 -0.0195
vn 0.9820 0.1879 -0.0194
vn 0.9826 0.1848 -0.0194
vn 0.9827 0.1840 -0.0194
vn 0.9827 0.1842 -0.0194
vn 0.9826 0.1845 -0.0194
vn 0.9826 0.1847 -0.0194
vn 0.9825 0.1850 -0.0194
vn 0.9825 0.1853 -0.0194
vn 0.9824 0.1856 -0.0194
vn 0.9824 0.1859 -0.0194
vn 0.9823 0.1862 -0.0194
vn 0.9823 0.1865 -0.0194
vn 0.9822 0.1868 -0.0194
vn 0.9876 0.1557 -0.0191
vn 0.9963 0.0843 -0.0183
vn 0.9998 -0.0021 -0.0172
vn 0.9948 -0.1010 -0.0158
vn 0.9772 -0.2120 -0.0140
vn 0.9431 -0.3322 -0.0119
vn 0.8897 -0.4565 -0.0093
vn 0.8162 -0.5777 -0.0064
vn 0.7257 -0.6880 -0.0034
vn 0.6239 -0.7815 -0.0004
vn 0.5180 -0.8554 0.0024
vn 0.4145 -0.9100 0.0049
vn 0.3418 -0.9397 0.0066
vn 0.8602 -0.5100 -0.0081
vn 0.6278 0.7781 -0.0211
vn -0.0374 0.9992 -0.0126
vn -0.0365 0.9993 -0.0126
vn -0.0356 0.9993 -0.0126
vn -0.0347 0.9993 -0.0127
vn -0.0338 0.9993 -0.0127
vn -0.0329 0.9994 -0.0127
vn -0.0320 0.9994 -0.0127
vn -0.0310 0.9994 -0.0127
vn -0.0301 0.9995 -0.0127
vn -0.0291 0.9995 -0.0128
vn -0.0281 0.9995 -0.0128
vn -0.0271 0.9996 -0.0128
vn -0.0261 0.9996 -0.0128
vn -0.0250 0.9996 -0.0128
vn -0.0240 0.9996 -0.0129
vn -0.0229 0.9997 -0.0129
vn -0.0218 0.9997 -0.0129
vn -0.0207 0.9997 -0.0129
vn -0.0196 0.9997 -0.0129
vn -0.0185 0.9997 -0.0129
vn -0.0174 0.9998 -0.0130
vn -0.0162 0.9998 -0.0130
vn -0.0150 0.9998 -0.0130
vn -0.0139 0.9998 -0.0130
vn -0.0127 0.9998 -0.0130
vn -0.0116 0.9998 -0.0131
vn -0.0104 0.9999 -0.0131
vn -0.0093 0.9999 -0.0131
vn -0.0081 0.9999 -0.0131
vn -0.0069 0.9999 -0.0131
vn -0.0057 0.9999 -0.0132
vn -0.0045 0.9999 -0.0132
vn -0.0032 0.9999 -0.0132
vn -0.0020 0.9999 -0.0132
vn -0.0007 0.9999 -0.0133
vn 0.0005 0.9999 -0.0133
vn 0.0018 0.9999 -0.0133
vn 0.0031 0.9999 -0.0133
vn 0.0044 0.9999 -0.0133
vn 0.0057 0.9999 -0.0134
vn 0.0070 0.9999 -0.0134
vn 0.0083 0.9999 -0.0134
vn 0.0096 0.9999 -0.0134
vn 0.0110 0.9998 -0.0135
vn 0.0123 0.9998 -0.0135
vn 0.0137 0.9998 -0.0135
vn 0.0150 0.9998 -0.0135
vn -0.7384 0.6744 0.0038
vn -0.7648 -0.6439 0.0217
vn -0.2771 -0.9607 0.0175
vn -0.3100 -0.9506 0.0180
vn -0.3722 -0.9280 0.0187
vn -0.4396 -0.8980 0.0195
vn -0.5115 -0.8590 0.0202
vn -0.5867 -0.8096 0.0209
vn -0.6629 -0.7484 0.0214
vn -0.7374 -0.6751 0.0217
vn -0.8068 -0.5905 0.0217
vn -0.8678 -0.4965 0.0216
vn -0.9179 -0.3964 0.0211
vn -0.9556 -0.2939 0.0204
vn -0.9713 -0.2369 0.0199
vn -0.9729 -0.2302 0.0198
vn -0.9735 -0.2276 0.0198
vn -0.9741 -0.2251 0.0198
vn -0.9747 -0.2226 0.0198
vn -0.9753 -0.2200 0.0197
vn -0.9759 -0.2175 0.0197
vn -0.9764 -0.2150 0.0197
vn -0.9770 -0.2125 0.0197
vn -0.9775 -0.2100 0.0196
vn -0.9780 -0.2075 0.0196
vn -0.9785 -0.2051 0.0196
vn -0.9789 -0.2035 0.0196
vn -0.9788 -0.2037 0.0196
vn -0.9786 -0.2047 0.0196
vn -0.9784 -0.2056 0.0196
vn -0.9782 -0.2066 0.0196
vn -0.9778 -0.2084 0.0196
vn -0.9777 -0.2093 0.0196
vn -0.9775 -0.2101 0.0196
vn -0.9773 -0.2109 0.0196
vn -0.9771 -0.2117 0.0197
vn -0.9780 -0.2076 0.0196
vn -0.8602 -0.5095 0.0216
vn -0.4409 -0.8974 0.0195
vn -0.1985 -0.9800 0.0164
vn -0.1815 -0.9833 0.0162
vn -0.1641 -0.9863 0.0159
vn -0.1462 -0.9891 0.0156
vn -0.1278 -0.9917 0.0154
vn -0.1090 -0.9939 0.0151
vn -0.0897 -0.9959 0.0148
vn -0.0699 -0.9975 0.0144
vn -0.0496 -0.9987 0.0141
vn -0.0289 -0.9995 0.0138
vn -0.0077 -0.9999 0.0134
vn 0.0186 -0.9997 0.0129
vn 0.0558 -0.9984 0.0123
vn 0.1003 -0.9949 0.0115
vn 0.1479 -0.9890 0.0106
vn 0.1984 -0.9801 0.0096
vn 0.2516 -0.9678 0.0085
vn 0.3074 -0.9516 0.0073
vn 0.3652 -0.9309 0.0061
vn 0.4244 -0.9054 0.0047
vn 0.4843 -0.8749 0.0033
vn 0.5440 -0.8391 0.0018
vn 0.6023 -0.7982 0.0002
vn 0.6588 -0.7523 -0.0014
vn 0.7134 -0.7007 -0.0030
vn 0.7655 -0.6434 -0.0047
vn 0.8139 -0.5810 -0.0063
vn 0.8574 -0.5146 -0.0080
vn 0.8953 -0.4454 -0.0095
vn 0.9270 -0.3748 -0.0110
vn 0.9525 -0.3042 -0.0124
vn 0.9719 -0.2349 -0.0136
vn 0.9857 -0.1678 -0.0148
vn 0.9945 -0.1038 -0.0158
vn 0.9989 -0.0434 -0.0166
vn 0.9997 0.0145 -0.0174
vn 0.9971 0.0737 -0.0182
vn 0.9905 0.1364 -0.0189
vn 0.9792 0.2018 -0.0196
vn 0.9629 0.2691 -0.0202
vn 0.9412 0.3373 -0.0207
vn 0.9140 0.4053 -0.0211
vn 0.8814 0.4719 -0.0215
vn 0.8439 0.5361 -0.0217
vn 0.8021 0.5969 -0.0217
vn 0.7568 0.6533 -0.0217
vn 0.7091 0.7047 -0.0216
vn 0.6598 0.7511 -0.0213
vn 0.6084 0.7934 -0.0210
vn 0.5538 0.8324 -0.0206
vn 0.4966 0.8678 -0.0201
vn 0.4374 0.8990 -0.0195
vn 0.3772 0.9259 -0.0188
vn 0.3168 0.9483 -0.0180
vn 0.2569 0.9663 -0.0173
vn 0.1983 0.9800 -0.0164
vn 0.1416 0.9898 -0.0156
vn 0.0872 0.9961 -0.0147
vn 0.0354 0.9993 -0.0139
vn -0.0072 0.9999 -0.0131
vn -0.0349 0.9993 -0.0127
vn -0.0552 0.9984 -0.0123
vn -0.0746 0.9971 -0.0119
vn -0.0932 0.9956 -0.0116
vn -0.1110 0.9938 -0.0113
vn -0.1281 0.9917 -0.0110
vn -0.1444 0.9895 -0.0106
vn -0.1600 0.9871 -0.0103
vn -0.1750 0.9845 -0.0100
vn -0.1893 0.9819 -0.0098
vn -0.2031 0.9791 -0.0095
vn -0.6007 0.7995 -0.0003
vn -0.1564 0.9876 -0.0104
vn -0.9426 0.3338 0.0118
vn -0.9562 -0.2921 0.0204
vn -0.9593 -0.2817 0.0203
vn -0.9621 -0.2721 0.0202
vn -0.9646 -0.2631 0.0201
vn -0.9668 -0.2548 0.0201
vn -0.9688 -0.2470 0.0200
vn -0.9706 -0.2397 0.0199
vn -0.9723 -0.2329 0.0199
vn -0.9738 -0.2265 0.0198
vn -0.9752 -0.2205 0.0197
vn -0.9765 -0.2148 0.0197
vn -0.9771 -0.2118 0.0197
vn -0.9762 -0.2158 0.0197
vn -0.9766 -0.2143 0.0197
vn -0.9792 -0.2021 0.0196
vn -0.9818 -0.1891 0.0194
vn -0.9844 -0.1751 0.0193
vn -0.9869 -0.1600 0.0191
vn -0.9894 -0.1438 0.0190
vn -0.9918 -0.1263 0.0188
vn -0.9941 -0.1073 0.0186
vn -0.9961 -0.0867 0.0183
vn -0.9978 -0.0643 0.0181
vn -0.9990 -0.0399 0.0178
vn -0.9998 -0.0118 0.0174
vn -0.9996 0.0216 0.0169
vn -0.9981 0.0589 0.0164
vn -0.9950 0.0987 0.0158
vn -0.9899 0.1410 0.0152
vn -0.9825 0.1858 0.0145
vn -0.9724 0.2330 0.0137
vn -0.9592 0.2826 0.0128
vn -0.9425 0.3341 0.0118
vn -0.9219 0.3873 0.0108
vn -0.8971 0.4417 0.0096
vn -0.8680 0.4965 0.0084
vn -0.8351 0.5501 0.0071
vn -0.7998 0.6003 0.0058
vn -0.7630 0.6464 0.0046
vn -0.7247 0.6891 0.0034
vn -0.6855 0.7280 0.0022
vn -0.6459 0.7634 0.0010
vn -0.6065 0.7951 -0.0001
vn -0.5675 0.8234 -0.0011
vn -0.5292 0.8485 -0.0021
vn -0.4921 0.8705 -0.0031
vn -0.4562 0.8898 -0.0039
vn -0.4217 0.9067 -0.0048
vn -0.3879 0.9217 -0.0055
vn -0.3542 0.9352 -0.0063
vn -0.3214 0.9469 -0.0070
vn -0.2905 0.9569 -0.0077
vn -0.2613 0.9652 -0.0083
vn -0.2338 0.9722 -0.0089
vn -0.2079 0.9781 -0.0094
vn -0.1836 0.9830 -0.0099
vn -0.1606 0.9870 -0.0103
vn -0.1391 0.9902 -0.0107
vn -0.1187 0.9929 -0.0111
vn -0.0996 0.9950 -0.0115
vn -0.0839 0.9964 -0.0118
vn -0.0736 0.9972 -0.0120
vn -0.0663 0.9977 -0.0121
vn -0.0595 0.9982 -0.0122
vn -0.0531 0.9985 -0.0123
vn -0.0471 0.9988 -0.0124
vn -0.0415 0.9991 -0.0125
vn -0.0362 0.9993 -0.0126
vn -0.0312 0.9994 -0.0127
vn -0.0265 0.9996 -0.0128
vn -0.0221 0.9997 -0.0129
vn -0.0179 0.9998 -0.0130
vn -0.7669 0.6418 0.0047
vn -0.7262 -0.6871 0.0216
vn -0.2099 -0.9776 0.0166
vn -0.1991 -0.9798 0.0164
vn -0.1872 -0.9822 0.0163
vn -0.1741 -0.9846 0.0161
vn -0.1595 -0.9871 0.0158
vn -0.1431 -0.9896 0.0156
vn -0.1248 -0.9921 0.0153
vn -0.1040 -0.9945 0.0150
vn -0.0804 -0.9967 0.0146
vn -0.0532 -0.9985 0.0142
vn -0.0219 -0.9997 0.0136
vn 0.0139 -0.9998 0.0130
vn 0.0528 -0.9985 0.0123
vn 0.0942 -0.9955 0.0116
vn 0.1384 -0.9903 0.0108
vn 0.1855 -0.9826 0.0098
vn 0.2353 -0.9719 0.0088
vn 0.2878 -0.9576 0.0077
vn 0.3426 -0.9394 0.0066
vn 0.3993 -0.9168 0.0053
vn 0.4572 -0.8894 0.0039
vn 0.5155 -0.8569 0.0025
vn 0.5734 -0.8193 0.0010
vn 0.6309 -0.7759 -0.0006
vn 0.6885 -0.7252 -0.0022
vn 0.7446 -0.6675 -0.0040
vn 0.7970 -0.6040 -0.0057
vn 0.8443 -0.5358 -0.0074
vn 0.8857 -0.4642 -0.0091
vn 0.9204 -0.3908 -0.0107
vn 0.9483 -0.3172 -0.0121
vn 0.9695 -0.2447 -0.0135
vn 0.9845 -0.1747 -0.0147
vn 0.9940 -0.1081 -0.0157
vn 0.9988 -0.0454 -0.0166
vn 0.9999 -0.0007 -0.0172
vn 0.4291 -0.9032 0.0046
vn -0.6342 -0.7729 0.0212
vn -0.6168 -0.7868 0.0211
vn -0.5964 -0.8024 0.0209
vn -0.5721 -0.8199 0.0207
vn -0.5429 -0.8395 0.0205
vn -0.5074 -0.8615 0.0202
vn -0.4635 -0.8859 0.0197
vn -0.4083 -0.9126 0.0191
vn -0.3381 -0.9409 0.0183
vn -0.2476 -0.9687 0.0171
vn -0.1307 -0.9913 0.0154
vn -0.0092 -0.9999 0.0134
vn 0.0800 -0.9967 0.0118
vn 0.1485 -0.9889 0.0106
vn 0.2192 -0.9756 0.0092
vn 0.2908 -0.9568 0.0077
vn 0.3622 -0.9321 0.0061
vn 0.4321 -0.9018 0.0045
vn 0.4994 -0.8664 0.0029
vn 0.5629 -0.8265 0.0013
vn 0.6217 -0.7832 -0.0003
vn 0.6754 -0.7374 -0.0019
vn 0.7236 -0.6902 -0.0033
vn 0.7667 -0.6420 -0.0047
vn 0.8061 -0.5917 -0.0060
vn 0.8427 -0.5384 -0.0074
vn 0.8758 -0.4827 -0.0087
vn 0.9050 -0.4252 -0.0100
vn 0.9302 -0.3669 -0.0112
vn 0.9512 -0.3083 -0.0123
vn 0.9681 -0.2503 -0.0134
vn 0.9810 -0.1934 -0.0143
vn 0.9903 -0.1382 -0.0152
vn 0.9962 -0.0852 -0.0160
vn 0.9993 -0.0347 -0.0168
vn 0.9997 0.0162 -0.0175
vn 0.9972 0.0722 -0.0182
vn 0.9910 0.1328 -0.0188
vn 0.9805 0.1954 -0.0195
vn 0.9656 0.2592 -0.0201
vn 0.9460 0.3235 -0.0206
vn 0.9218 0.3872 -0.0210
vn 0.8930 0.4495 -0.0214
vn 0.8602 0.5095 -0.0216
vn 0.8238 0.5664 -0.0217
vn 0.7846 0.6196 -0.0217
vn 0.7432 0.6687 -0.0217
vn 0.6997 0.7141 -0.0215
vn 0.6524 0.7576 -0.0213
vn 0.6003 0.7995 -0.0210
vn 0.5442 0.8387 -0.0205
vn 0.4846 0.8745 -0.0200
vn 0.4223 0.9063 -0.0193
vn 0.3582 0.9335 -0.0186
vn 0.2933 0.9559 -0.0177
vn 0.2285 0.9734 -0.0169
vn 0.1647 0.9862 -0.0159
vn 0.1027 0.9946 -0.0150
vn 0.0432 0.9990 -0.0140
vn -0.0065 0.9999 -0.0132
vn -0.0400 0.9991 -0.0126
vn -0.0655 0.9978 -0.0121
vn -0.0902 0.9959 -0.0117
vn -0.1143 0.9934 -0.0112
vn -0.1375 0.9904 -0.0108
vn -0.1817 0.9833 -0.0099
vn -0.2027 0.9792 -0.0095
vn -0.2229 0.9748 -0.0091
vn -0.2425 0.9701 -0.0087
vn -0.0544 0.9984 -0.0123
vn 0.1692 0.9854 -0.0160
vn 0.1791 0.9837 -0.0161
vn 0.1889 0.9819 -0.0163
vn 0.1987 0.9799 -0.0164
vn 0.2084 0.9779 -0.0166
vn 0.2181 0.9758 -0.0167
vn 0.2277 0.9736 -0.0168
vn 0.2373 0.9713 -0.0170
vn 0.2469 0.9689 -0.0171
vn 0.2564 0.9664 -0.0172
vn 0.2658 0.9639 -0.0174
vn 0.8354 0.5492 -0.0217
vn 0.8943 -0.4473 -0.0095
vn 0.3959 -0.9183 0.0054
vn 0.3589 -0.9333 0.0062
vn 0.3220 -0.9467 0.0070
vn 0.2852 -0.9584 0.0078
vn 0.2488 -0.9685 0.0086
vn 0.2128 -0.9770 0.0093
vn 0.1775 -0.9841 0.0100
vn 0.1430 -0.9897 0.0107
vn 0.1092 -0.9940 0.0113
vn 0.0765 -0.9970 0.0119
vn 0.0447 -0.9989 0.0125
vn -0.0027 -0.9999 0.0133
vn -0.0845 -0.9963 0.0147
vn -0.1853 -0.9825 0.0162
vn -0.2861 -0.9580 0.0176
vn -0.3837 -0.9233 0.0189
vn -0.4752 -0.8797 0.0199
vn -0.5583 -0.8294 0.0206
vn -0.6318 -0.7749 0.0212
vn -0.6953 -0.7184 0.0215
vn -0.7492 -0.6620 0.0217
vn -0.7944 -0.6070 0.0218
vn -0.8318 -0.5547 0.0217
vn -0.8610 -0.5081 0.0216
vn -0.8832 -0.4685 0.0214
vn -0.9022 -0.4308 0.0213
vn -0.9198 -0.3918 0.0211
vn -0.9359 -0.3516 0.0208
vn -0.9504 -0.3104 0.0205
vn -0.9631 -0.2684 0.0202
vn -0.9740 -0.2258 0.0198
vn -0.9829 -0.1830 0.0194
vn -0.9899 -0.1402 0.0189
vn -0.9951 -0.0975 0.0185
vn -0.9983 -0.0553 0.0179
vn -0.9997 -0.0174 0.0175
vn -0.9998 0.0130 0.0171
vn -0.9990 0.0406 0.0167
vn -0.9975 0.0693 0.0163
vn -0.9950 0.0990 0.0158
vn -0.9914 0.1297 0.0154
vn -0.9868 0.1614 0.0149
vn -0.9809 0.1941 0.0143
vn -0.9737 0.2276 0.0138
vn -0.9650 0.2619 0.0132
vn -0.9548 0.2968 0.0125
vn -0.9431 0.3323 0.0119
vn -0.9296 0.3683 0.0111
vn -0.9136 0.4065 0.0104
vn -0.8933 0.4493 0.0094
vn -0.8674 0.4976 0.0084
vn -0.8339 0.5519 0.0071
vn -0.7904 0.6126 0.0055
vn -0.7339 0.6792 0.0036
vn -0.6611 0.7503 0.0014
vn -0.5686 0.8226 -0.0011
vn -0.4545 0.8907 -0.0040
vn -0.3198 0.9474 -0.0071
vn -0.1700 0.9854 -0.0101
vn -0.0157 0.9998 -0.0130
vn 0.1220 0.9924 -0.0153
vn 0.2294 0.9732 -0.0169
vn 0.3110 0.9502 -0.0180
vn 0.3739 0.9273 -0.0188
vn 0.4231 0.9059 -0.0193
vn 0.4623 0.8865 -0.0197
vn 0.4941 0.8692 -0.0201
vn 0.5203 0.8537 -0.0203
vn 0.5423 0.8400 -0.0205
vn 0.5608 0.8277 -0.0207
vn 0.5767 0.8167 -0.0208
vn -0.6356 -0.7717 0.0212
vn 0.7723 -0.6353 -0.0049
vn 0.9774 0.2106 -0.0196
vn 0.9788 0.2040 -0.0196
vn 0.9800 0.1978 -0.0195
vn 0.9814 0.1908 -0.0195
vn 0.9830 0.1828 -0.0194
vn 0.9847 0.1734 -0.0193
vn 0.9865 0.1625 -0.0192
vn 0.9886 0.1493 -0.0190
vn 0.9909 0.1334 -0.0189
vn 0.9933 0.1137 -0.0186
vn 0.9959 0.0886 -0.0183
vn 0.9983 0.0559 -0.0180
vn 0.9998 0.0136 -0.0174
vn 0.9992 -0.0351 -0.0168
vn 0.9961 -0.0869 -0.0160
vn 0.9897 -0.1421 -0.0152
vn 0.9796 -0.2005 -0.0142
vn 0.9651 -0.2616 -0.0132
vn 0.9457 -0.3250 -0.0120
vn 0.9209 -0.3897 -0.0107
vn 0.8905 -0.4549 -0.0093
vn 0.8545 -0.5194 -0.0078
vn 0.8132 -0.5820 -0.0063
vn 0.7671 -0.6415 -0.0047
vn 0.7189 -0.6951 -0.0032
vn 0.6723 -0.7403 -0.0018
vn 0.6271 -0.7789 -0.0005
vn 0.5821 -0.8131 0.0008
vn 0.5380 -0.8430 0.0019
vn 0.4950 -0.8689 0.0030
vn 0.4536 -0.8912 0.0040
vn 0.4139 -0.9103 0.0049
vn 0.3761 -0.9266 0.0058
vn 0.3402 -0.9403 0.0066
vn 0.3063 -0.9519 0.0074
vn 0.2742 -0.9616 0.0080
vn 0.2456 -0.9693 0.0086
vn 0.2217 -0.9751 0.0091
vn 0.2007 -0.9796 0.0095
vn 0.1810 -0.9834 0.0099
vn 0.1625 -0.9867 0.0103
vn 0.1452 -0.9893 0.0106
vn 0.1289 -0.9916 0.0109
vn 0.1135 -0.9935 0.0112
vn 0.0991 -0.9950 0.0115
vn 0.0855 -0.9963 0.0117
vn 0.0726 -0.9973 0.0120
vn 0.0605 -0.9981 0.0122
vn 0.0508 -0.9986 0.0124
vn 0.0452 -0.9989 0.0125
vn 0.0417 -0.9991 0.0125
vn 0.0383 -0.9992 0.0126
vn 0.0351 -0.9993 0.0127
vn 0.0321 -0.9994 0.0127
vn 0.0291 -0.9995 0.0128
vn 0.0263 -0.9996 0.0128
vn 0.0236 -0.9996 0.0129
vn 0.0210 -0.9997 0.0129
vn 0.0162 -0.9998 0.0130
vn 0.7608 -0.6490 -0.0045
vn 0.7381 0.6744 -0.0217
vn 0.2257 0.9741 -0.0168
vn 0.2137 0.9768 -0.0166
vn 0.2006 0.9795 -0.0165
vn 0.1861 0.9824 -0.0162
vn 0.1700 0.9853 -0.0160
vn 0.1522 0.9882 -0.0157
vn 0.1323 0.9911 -0.0154
vn 0.1099 0.9938 -0.0151
vn 0.0846 0.9963 -0.0147
vn 0.0559 0.9983 -0.0142
vn 0.0231 0.9996 -0.0137
vn -0.0118 0.9998 -0.0131
vn -0.0453 0.9989 -0.0125
vn -0.0785 0.9968 -0.0119
vn -0.1137 0.9934 -0.0112
vn -0.1512 0.9884 -0.0105
vn -0.1908 0.9816 -0.0097
vn -0.2326 0.9725 -0.0089
vn -0.2764 0.9610 -0.0080
vn -0.3222 0.9466 -0.0070
vn -0.3697 0.9291 -0.0060
vn -0.4187 0.9081 -0.0048
vn -0.4686 0.8834 -0.0036
vn -0.5219 0.8530 -0.0023
vn -0.5815 0.8136 -0.0008
vn -0.6446 0.7645 0.0010
vn -0.7074 0.7068 0.0028
vn -0.7678 0.6406 0.0047
vn -0.8240 0.5666 0.0067
vn -0.8739 0.4861 0.0086
vn -0.9160 0.4012 0.0105
vn -0.9493 0.3140 0.0122
vn -0.9738 0.2271 0.0138
vn -0.9897 0.1426 0.0152
vn -0.9979 0.0623 0.0164
vn -0.9999 -0.0001 0.0172
vn -0.9993 -0.0317 0.0177
vn -0.9988 -0.0466 0.0178
vn -0.9981 -0.0588 0.0180
vn -0.9975 -0.0689 0.0181
vn -0.9968 -0.0774 0.0182
vn -0.9962 -0.0847 0.0183
vn -0.9957 -0.0911 0.0184
vn -0.9952 -0.0966 0.0184
vn -0.9947 -0.1014 0.0185
vn -0.9942 -0.1057 0.0185
vn -0.9938 -0.1094 0.0186
vn -0.9934 -0.1129 0.0186
vn -0.9931 -0.1162 0.0187
vn -0.9927 -0.1190 0.0187
vn -0.9924 -0.1216 0.0187
vn -0.9921 -0.1239 0.0187
vn -0.9918 -0.1260 0.0188
vn -0.9916 -0.1282 0.0188
vn -0.9913 -0.1300 0.0188
vn -0.9911 -0.1317 0.0188
vn -0.9909 -0.1331 0.0189
vn -0.9907 -0.1348 0.0189
vn -0.9905 -0.1363 0.0189
vn -0.5589 0.8293 -0.0014
vn 0.4844 0.8746 -0.0200
vn 0.4544 0.8906 -0.0197
vn 0.4217 0.9065 -0.0193
vn 0.3862 0.9222 -0.0189
vn 0.3477 0.9374 -0.0184
vn 0.3059 0.9519 -0.0179
vn 0.2607 0.9653 -0.0173
vn 0.2122 0.9771 -0.0166
vn 0.1602 0.9869 -0.0159
vn 0.1050 0.9944 -0.0150
vn 0.0468 0.9988 -0.0141
vn -0.0154 0.9998 -0.0130
vn -0.1621 0.9867 -0.0103
vn -0.2474 0.9689 -0.0086
vn -0.3393 0.9407 -0.0066
vn -0.4356 0.9001 -0.0044
vn -0.5332 0.8460 -0.0020
vn -0.6278 0.7784 0.0005
vn -0.7153 0.6988 0.0031
vn -0.7919 0.6107 0.0056
vn -0.8554 0.5179 0.0079
vn -0.9053 0.4247 0.0100
vn -0.3279 0.9447 -0.0069
vn 0.4787 0.8777 -0.0199
vn 0.4499 0.8929 -0.0196
vn 0.4183 0.9081 -0.0193
vn 0.3839 0.9232 -0.0189
vn 0.3464 0.9379 -0.0184
vn 0.3056 0.9520 -0.0179
vn 0.2613 0.9651 -0.0173
vn 0.2133 0.9768 -0.0166
vn 0.1617 0.9867 -0.0159
vn 0.1064 0.9942 -0.0150
vn 0.0477 0.9988 -0.0141
vn -0.0094 0.9999 -0.0131
vn -0.0599 0.9981 -0.0122
vn -0.1088 0.9940 -0.0113
vn -0.1609 0.9869 -0.0103
vn -0.2162 0.9763 -0.0092
vn -0.2742 0.9616 -0.0080
vn -0.3347 0.9423 -0.0067
vn -0.3968 0.9179 -0.0053
vn -0.4598 0.8880 -0.0039
vn -0.5226 0.8526 -0.0023
vn -0.5840 0.8117 -0.0007
vn -0.6431 0.7658 0.0009
vn -0.6981 0.7160 0.0025
vn -0.7485 0.6631 0.0041
vn -0.7951 0.6064 0.0057
vn -0.8379 0.5458 0.0072
vn -0.8761 0.4821 0.0087
vn -0.9091 0.4165 0.0101
vn -0.9366 0.3501 0.0115
vn -0.9587 0.2840 0.0128
vn -0.9756 0.2192 0.0139
vn -0.9875 0.1566 0.0149
vn -0.9952 0.0967 0.0159
vn -0.9991 0.0400 0.0167
vn -0.9998 -0.0058 0.0173
vn -0.9992 -0.0346 0.0177
vn -0.9983 -0.0552 0.0179
vn -0.9970 -0.0752 0.0182
vn -0.9953 -0.0947 0.0184
vn -0.9933 -0.1137 0.0186
vn -0.9910 -0.1322 0.0188
vn -0.9885 -0.1501 0.0190
vn -0.9857 -0.1675 0.0192
vn -0.9826 -0.1845 0.0194
vn -0.9794 -0.2009 0.0196
vn -0.9760 -0.2168 0.0197
vn -0.9748 -0.2222 0.0198
vn -0.9716 -0.2356 0.0199
vn -0.9687 -0.2473 0.0200
vn -0.9709 -0.2388 0.0199
vn -0.9750 -0.2215 0.0197
vn -0.9770 -0.2124 0.0197
vn -0.9789 -0.2034 0.0196
vn -0.9808 -0.1941 0.0195
vn -0.9826 -0.1846 0.0194
vn -0.9844 -0.1752 0.0193
vn -0.9860 -0.1656 0.0192
vn -0.9876 -0.1556 0.0191
vn -0.9892 -0.1456 0.0190
vn -0.9906 -0.1354 0.0189
vn -0.9920 -0.1251 0.0188
vn -0.9932 -0.1148 0.0186
vn -0.9944 -0.1041 0.0185
vn -0.9955 -0.0933 0.0184
vn -0.9964 -0.0824 0.0183
vn -0.9973 -0.0713 0.0181
vn -0.9980 -0.0600 0.0180
vn -0.9987 -0.0486 0.0179
vn -0.9992 -0.0371 0.0177
vn -0.9995 -0.0254 0.0176
vn -0.9998 -0.0065 0.0173
vn -0.9995 0.0279 0.0169
vn -0.9973 0.0719 0.0162
vn -0.9928 0.1190 0.0155
vn -0.9855 0.1691 0.0147
vn -0.9750 0.2220 0.0139
vn -0.9607 0.2773 0.0129
vn -0.9422 0.3348 0.0118
vn -0.9191 0.3939 0.0106
vn -0.8910 0.4539 0.0093
vn -0.8579 0.5138 0.0080
vn -0.8197 0.5727 0.0065
vn -0.7786 0.6275 0.0051
vn -0.7374 0.6754 0.0038
vn -0.6959 0.7181 0.0025
vn -0.6531 0.7573 0.0012
vn -0.6095 0.7928 -0.0000
vn -0.5657 0.8246 -0.0012
vn -0.5223 0.8528 -0.0023
vn -0.4794 0.8776 -0.0034
vn -0.4376 0.8992 -0.0044
vn -0.3971 0.9178 -0.0053
vn -0.3581 0.9337 -0.0062
vn -0.3207 0.9472 -0.0070
vn -0.2873 0.9578 -0.0078
vn -0.2603 0.9655 -0.0083
vn -0.2371 0.9715 -0.0088
vn -0.2152 0.9765 -0.0092
vn -0.1945 0.9808 -0.0097
vn -0.1567 0.9876 -0.0104
vn -0.1393 0.9902 -0.0107
vn -0.1229 0.9924 -0.0110
vn -0.1074 0.9942 -0.0113
vn -0.0927 0.9956 -0.0116
vn -0.0788 0.9968 -0.0119
vn -0.0674 0.9977 -0.0121
vn -0.0602 0.9981 -0.0122
vn -0.0550 0.9984 -0.0123
vn -0.0501 0.9987 -0.0124
vn -0.0454 0.9989 -0.0125
vn -0.0409 0.9991 -0.0126
vn -0.0366 0.9993 -0.0126
vn -0.0324 0.9994 -0.0127
vn -0.0284 0.9995 -0.0128
vn -0.0246 0.9996 -0.0128
vn -0.0209 0.9997 -0.0129
vn -0.0173 0.9998 -0.0130
vn -0.7468 0.6650 0.0041
vn -0.7674 -0.6408 0.0217
vn -0.2662 -0.9638 0.0174
vn -0.2458 -0.9692 0.0171
vn -0.2245 -0.9743 0.0168
vn -0.2023 -0.9792 0.0165
vn -0.1790 -0.9837 0.0161
vn -0.1546 -0.9878 0.0158
vn -0.1293 -0.9915 0.0154
vn -0.1028 -0.9946 0.0150
vn -0.0752 -0.9971 0.0145
vn -0.0466 -0.9988 0.0141
vn -0.0168 -0.9998 0.0136
vn 0.0140 -0.9998 0.0130
vn 0.0465 -0.9988 0.0125
vn 0.0816 -0.9966 0.0118
vn 0.1196 -0.9928 0.0111
vn 0.1609 -0.9869 0.0103
vn 0.2055 -0.9786 0.0094
vn 0.2535 -0.9673 0.0085
vn 0.3051 -0.9523 0.0074
vn 0.3600 -0.9329 0.0062
vn 0.4179 -0.9085 0.0048
vn 0.4784 -0.8781 0.0034
vn 0.5405 -0.8413 0.0018
vn 0.6056 -0.7958 0.0001
vn 0.6735 -0.7391 -0.0018
vn 0.7394 -0.6733 -0.0038
vn 0.7988 -0.6016 -0.0058
vn 0.8504 -0.5261 -0.0077
vn 0.8936 -0.4488 -0.0095
vn 0.9282 -0.3719 -0.0111
vn 0.9548 -0.2971 -0.0125
vn 0.9741 -0.2257 -0.0138
vn 0.9872 -0.1587 -0.0149
vn 0.9952 -0.0965 -0.0159
vn 0.9991 -0.0393 -0.0167
vn 0.9998 0.0062 -0.0173
vn 0.9993 0.0344 -0.0177
vn 0.9984 0.0543 -0.0179
vn 0.9972 0.0731 -0.0182
vn 0.9957 0.0909 -0.0184
vn 0.9940 0.1078 -0.0186
vn 0.9921 0.1239 -0.0187
vn 0.9901 0.1391 -0.0189
vn 0.9880 0.1535 -0.0191
vn 0.9857 0.1673 -0.0192
vn 0.9834 0.1805 -0.0194
vn 0.9810 0.1929 -0.0195
vn 0.9772 0.2114 -0.0197
vn 0.9755 0.2192 -0.0197
vn 0.9778 0.2087 -0.0196
vn 0.9803 0.1965 -0.0195
vn 0.9828 0.1836 -0.0194
vn 0.9853 0.1696 -0.0192
vn 0.9878 0.1547 -0.0191
vn 0.9901 0.1388 -0.0189
vn 0.9924 0.1216 -0.0187
vn 0.9945 0.1032 -0.0185
vn 0.9964 0.0833 -0.0183
vn 0.9979 0.0618 -0.0180
vn 0.9991 0.0386 -0.0177
vn 0.9998 0.0105 -0.0174
vn 0.9995 -0.0260 -0.0169
vn 0.9975 -0.0688 -0.0163
vn 0.9932 -0.1154 -0.0156
vn 0.9860 -0.1660 -0.0148
vn 0.9752 -0.2207 -0.0139
vn 0.9601 -0.2793 -0.0128
vn 0.9397 -0.3417 -0.0117
vn 0.9133 -0.4072 -0.0103
vn 0.8800 -0.4749 -0.0089
vn 0.8393 -0.5437 -0.0073
vn 0.7909 -0.6119 -0.0055
vn 0.7367 -0.6762 -0.0037
vn 0.6794 -0.7338 -0.0020
vn 0.6191 -0.7853 -0.0003
vn 0.5553 -0.8317 0.0015
vn 0.4894 -0.8721 0.0031
vn 0.4227 -0.9062 0.0047
vn 0.3565 -0.9343 0.0062
vn 0.2919 -0.9564 0.0077
vn 0.2297 -0.9732 0.0090
vn 0.1705 -0.9853 0.0101
vn 0.1148 -0.9933 0.0112
vn 0.0627 -0.9980 0.0122
vn 0.0087 -0.9999 0.0131
vn -0.0514 -0.9986 0.0141
vn -0.1099 -0.9938 0.0151
vn -0.1614 -0.9868 0.0159
vn -0.2067 -0.9783 0.0165
vn -0.2466 -0.9690 0.0171
vn -0.2819 -0.9593 0.0176
vn -0.3132 -0.9495 0.0180
vn -0.3410 -0.9399 0.0184
vn -0.3659 -0.9305 0.0187
vn -0.3882 -0.9214 0.0189
vn -0.4082 -0.9127 0.0191
vn -0.8353 -0.5494 0.0217
vn -0.9993 -0.0340 0.0177
vn -0.9984 -0.0538 0.0179
vn -0.9972 -0.0729 0.0182
vn -0.9957 -0.0913 0.0184
vn -0.9939 -0.1090 0.0186
vn -0.9918 -0.1261 0.0188
vn -0.9896 -0.1426 0.0190
vn -0.9872 -0.1585 0.0191
vn -0.9846 -0.1738 0.0193
vn -0.9819 -0.1885 0.0194
vn -0.9790 -0.2028 0.0196
vn -0.9770 -0.2121 0.0197
vn -0.6349 -0.7723 0.0212
vn 0.7722 -0.6354 -0.0049
vn 0.9777 0.2093 -0.0196
vn 0.9796 0.1999 -0.0195
vn 0.9817 0.1896 -0.0194
vn 0.9837 0.1785 -0.0193
vn 0.9859 0.1664 -0.0192
vn 0.9880 0.1532 -0.0191
vn 0.9922 0.1229 -0.0187
vn 0.9943 0.1054 -0.0185
vn 0.9961 0.0860 -0.0183
vn 0.9978 0.0644 -0.0181
vn 0.9990 0.0403 -0.0178
vn 0.9998 0.0115 -0.0174
vn 0.9996 -0.0238 -0.0169
vn 0.9978 -0.0643 -0.0164
vn 0.9940 -0.1084 -0.0157
vn 0.9876 -0.1563 -0.0150
vn 0.9780 -0.2083 -0.0141
vn 0.9643 -0.2643 -0.0131
vn 0.9459 -0.3242 -0.0120
vn 0.9218 -0.3876 -0.0107
vn 0.8911 -0.4538 -0.0093
vn 0.8531 -0.5217 -0.0078
vn 0.8075 -0.5899 -0.0061
vn 0.7549 -0.6559 -0.0043
vn 0.6970 -0.7171 -0.0025
vn 0.6346 -0.7728 -0.0007
vn 0.5685 -0.8227 0.0011
vn 0.5001 -0.8660 0.0029
vn 0.4309 -0.9024 0.0045
vn 0.3625 -0.9320 0.0061
vn 0.2959 -0.9552 0.0076
vn 0.2322 -0.9726 0.0089
vn 0.1719 -0.9851 0.0101
vn 0.1154 -0.9933 0.0112
vn 0.0629 -0.9979 0.0122
vn -0.0513 -0.9986 0.0141
vn -0.1097 -0.9939 0.0151
vn -0.1611 -0.9868 0.0159
vn -0.2064 -0.9783 0.0165
vn -0.2463 -0.9690 0.0171
vn -0.2816 -0.9594 0.0176
vn -0.3129 -0.9496 0.0180
vn -0.3408 -0.9400 0.0183
vn -0.3657 -0.9306 0.0187
vn -0.3880 -0.9215 0.0189
vn -0.4081 -0.9128 0.0191
vn -0.7791 -0.6266 0.0217
vn -0.0156 0.9998 -0.0130
vn 0.0335 0.9993 -0.0138
vn 0.0804 0.9967 -0.0146
vn 0.1266 0.9918 -0.0153
vn 0.1718 0.9850 -0.0160
vn 0.2157 0.9763 -0.0167
vn 0.2581 0.9660 -0.0173
vn 0.2989 0.9541 -0.0178
vn 0.3379 0.9410 -0.0183
vn 0.3751 0.9268 -0.0188
vn 0.4104 0.9117 -0.0192
vn 0.4438 0.8959 -0.0195
vn -0.2519 0.9677 -0.0085
vn -0.9880 -0.1533 0.0191
vn -0.6072 -0.7943 0.0210
vn -0.5633 -0.8260 0.0207
vn -0.5158 -0.8565 0.0203
vn -0.4648 -0.8852 0.0198
vn -0.4105 -0.9117 0.0192
vn -0.3534 -0.9353 0.0185
vn -0.2939 -0.9557 0.0177
vn -0.2329 -0.9724 0.0169
vn -0.1708 -0.9852 0.0160
vn -0.1086 -0.9940 0.0151
vn -0.0469 -0.9988 0.0141
vn 0.0103 -0.9999 0.0131
vn 0.0610 -0.9981 0.0122
vn 0.1106 -0.9938 0.0113
vn 0.1628 -0.9866 0.0103
vn 0.2175 -0.9760 0.0092
vn 0.3325 -0.9431 0.0068
vn 0.3916 -0.9201 0.0055
vn 0.4508 -0.8926 0.0041
vn 0.5094 -0.8605 0.0026
vn 0.5664 -0.8241 0.0012
vn 0.6210 -0.7838 -0.0003
vn 0.6735 -0.7392 -0.0018
vn 0.7250 -0.6888 -0.0034
vn 0.7747 -0.6323 -0.0050
vn 0.8208 -0.5712 -0.0066
vn 0.8624 -0.5062 -0.0082
vn 0.8987 -0.4386 -0.0097
vn 0.9292 -0.3695 -0.0111
vn 0.9537 -0.3004 -0.0125
vn 0.9726 -0.2323 -0.0137
vn 0.9860 -0.1662 -0.0148
vn 0.9946 -0.1029 -0.0158
vn 0.9989 -0.0430 -0.0167
vn 0.9997 0.0149 -0.0174
vn 0.9970 0.0750 -0.0182
vn 0.9902 0.1386 -0.0189
vn 0.9787 0.2043 -0.0196
vn 0.9623 0.2712 -0.0202
vn 0.9408 0.3383 -0.0207
vn 0.9143 0.4046 -0.0211
vn 0.8829 0.4691 -0.0214
vn 0.8473 0.5307 -0.0217
vn 0.8080 0.5888 -0.0217
vn 0.7660 0.6425 -0.0217
vn 0.7220 0.6916 -0.0216
vn 0.6771 0.7356 -0.0214
vn 0.6308 0.7757 -0.0212
vn 0.5811 0.8136 -0.0208
vn 0.5277 0.8492 -0.0204
vn 0.4710 0.8819 -0.0198
vn 0.4117 0.9111 -0.0192
vn 0.3504 0.9364 -0.0185
vn 0.2880 0.9575 -0.0177
vn 0.2253 0.9741 -0.0168
vn 0.1631 0.9865 -0.0159
vn 0.1022 0.9947 -0.0150
vn 0.0431 0.9990 -0.0140
vn -0.0076 0.9999 -0.0131
vn -0.0457 0.9989 -0.0125
vn -0.0798 0.9967 -0.0118
vn -0.1165 0.9931 -0.0112
vn -0.1561 0.9877 -0.0104
vn -0.1985 0.9800 -0.0096
vn -0.2440 0.9697 -0.0087
vn -0.2925 0.9562 -0.0076
vn -0.3438 0.9390 -0.0065
vn -0.3978 0.9175 -0.0053
vn -0.4539 0.8910 -0.0040
vn -0.5116 0.8592 -0.0026
vn -0.5706 0.8212 -0.0011
vn -0.6309 0.7759 0.0006
vn -0.6911 0.7227 0.0023
vn -0.7494 0.6621 0.0041
vn -0.8041 0.5945 0.0060
vn -0.8535 0.5210 0.0078
vn -0.8963 0.4433 0.0096
vn -0.9317 0.3631 0.0112
vn -0.9592 0.2825 0.0128
vn -0.9790 0.2032 0.0142
vn -0.9918 0.1269 0.0154
vn -0.9984 0.0546 0.0165
vn -0.9996 -0.0241 0.0176
vn -0.9922 -0.1230 0.0187
vn -0.9721 -0.2336 0.0199
vn -0.9395 -0.3420 0.0207
vn -0.8957 -0.4442 0.0213
vn -0.8432 -0.5371 0.0217
vn -0.7853 -0.6187 0.0218
vn -0.7249 -0.6886 0.0216
vn -0.6644 -0.7470 0.0214
vn -0.6059 -0.7953 0.0210
vn -0.5504 -0.8346 0.0206
vn -0.4987 -0.8666 0.0201
vn -0.4488 -0.8934 0.0196
vn -0.3986 -0.9169 0.0190
vn -0.3501 -0.9365 0.0185
vn -0.3052 -0.9521 0.0179
vn -0.2638 -0.9644 0.0173
vn -0.2259 -0.9740 0.0168
vn -0.1911 -0.9814 0.0163
vn -0.1591 -0.9871 0.0158
vn -0.1298 -0.9914 0.0154
vn -0.1029 -0.9946 0.0150
vn -0.0782 -0.9968 0.0146
vn -0.0554 -0.9984 0.0142
vn -0.6893 -0.7242 0.0215
vn -0.9957 -0.0906 0.0184
vn -0.9963 -0.0843 0.0183
vn -0.9968 -0.0779 0.0182
vn -0.9973 -0.0714 0.0181
vn -0.9977 -0.0648 0.0181
vn -0.9982 -0.0580 0.0180
vn -0.9985 -0.0510 0.0179
vn -0.9989 -0.0439 0.0178
vn -0.9992 -0.0365 0.0177
vn -0.9994 -0.0290 0.0176
vn -0.9996 -0.0214 0.0175
vn -0.9998 -0.0069 0.0173
vn -0.9996 0.0221 0.0169
vn -0.9980 0.0604 0.0164
vn -0.9947 0.1018 0.0158
vn -0.9891 0.1464 0.0151
vn -0.9808 0.1944 0.0143
vn -0.9692 0.2458 0.0134
vn -0.9537 0.3004 0.0125
vn -0.9337 0.3580 0.0113
vn -0.9084 0.4180 0.0101
vn -0.8774 0.4798 0.0088
vn -0.8401 0.5423 0.0073
vn -0.7960 0.6052 0.0057
vn -0.7442 0.6679 0.0040
vn -0.6852 0.7283 0.0022
vn -0.6205 0.7842 0.0003
vn -0.5513 0.8343 -0.0016
vn -0.4792 0.8777 -0.0034
vn -0.4059 0.9139 -0.0051
vn -0.3332 0.9428 -0.0068
vn -0.2622 0.9650 -0.0083
vn -0.1943 0.9809 -0.0097
vn -0.1301 0.9914 -0.0109
vn -0.0700 0.9975 -0.0120
vn -0.7691 -0.6388 0.0217
vn -0.7987 -0.6014 0.0218
vn -0.8262 -0.5629 0.0217
vn -0.8513 -0.5243 0.0216
vn -0.8738 -0.4859 0.0215
vn -0.8938 -0.4479 0.0214
vn -0.9116 -0.4105 0.0212
vn -0.9272 -0.3740 0.0209
vn -0.9407 -0.3385 0.0207
vn -0.9524 -0.3041 0.0205
vn -0.9624 -0.2709 0.0202
vn -0.9708 -0.2390 0.0199
vn -0.7492 0.6623 0.0041
vn 0.1286 0.9916 -0.0154
vn 0.1866 0.9823 -0.0163
vn 0.2547 0.9669 -0.0172
vn 0.3346 0.9422 -0.0183
vn 0.4273 0.9039 -0.0194
vn 0.5322 0.8463 -0.0204
vn 0.6457 0.7633 -0.0213
vn 0.7595 0.6501 -0.0217
vn 0.8613 0.5076 -0.0216
vn 0.9386 0.3443 -0.0208
vn 0.9843 0.1755 -0.0193
vn 0.9989 0.0428 -0.0178
vn 0.9995 -0.0270 -0.0169
vn 0.9974 -0.0706 -0.0163
vn 0.9929 -0.1179 -0.0156
vn 0.9855 -0.1689 -0.0148
vn 0.9746 -0.2237 -0.0138
vn 0.9593 -0.2820 -0.0128
vn 0.9391 -0.3435 -0.0116
vn 0.9131 -0.4076 -0.0103
vn 0.8807 -0.4735 -0.0089
vn 0.8417 -0.5399 -0.0073
vn 0.7958 -0.6055 -0.0057
vn 0.7464 -0.6655 -0.0040
vn 0.6976 -0.7165 -0.0025
vn 0.6470 -0.7625 -0.0010
vn 0.5915 -0.8063 0.0005
vn 0.5319 -0.8468 0.0021
vn 0.4688 -0.8833 0.0036
vn 0.4031 -0.9151 0.0052
vn 0.3360 -0.9418 0.0067
vn 0.2686 -0.9632 0.0082
vn 0.2018 -0.9794 0.0095
vn 0.1367 -0.9906 0.0108
vn 0.0740 -0.9972 0.0120
vn 0.0053 -0.9999 0.0132
vn -0.0795 -0.9967 0.0146
vn -0.1719 -0.9850 0.0160
vn -0.2611 -0.9651 0.0173
vn -0.3453 -0.9383 0.0184
vn -0.4230 -0.9059 0.0193
vn -0.4933 -0.8697 0.0200
vn -0.5559 -0.8310 0.0206
vn -0.6111 -0.7913 0.0210
vn -0.6592 -0.7516 0.0213
vn -0.7010 -0.7128 0.0215
vn -0.7371 -0.6754 0.0217
vn -0.9998 0.0089 0.0171
vn -0.6314 -0.7751 0.0212
vn 0.6162 -0.7876 -0.0002
vn 0.7860 -0.6182 -0.0053
vn 0.3128 -0.9498 0.0072
vn 0.2805 -0.9598 0.0079
vn 0.2492 -0.9684 0.0086
vn 0.2188 -0.9757 0.0092
vn 0.1895 -0.9818 0.0098
vn 0.1613 -0.9869 0.0103
vn 0.1341 -0.9909 0.0108
vn 0.1080 -0.9941 0.0113
vn 0.0829 -0.9965 0.0118
vn 0.0589 -0.9982 0.0122
vn 0.0360 -0.9993 0.0126
vn 0.0015 -0.9999 0.0132
vn -0.0585 -0.9982 0.0143
vn -0.1335 -0.9909 0.0155
vn -0.2104 -0.9775 0.0166
vn -0.2878 -0.9575 0.0177
vn -0.3643 -0.9311 0.0186
vn -0.4383 -0.8986 0.0195
vn -0.5085 -0.8608 0.0202
vn -0.5738 -0.8188 0.0208
vn -0.6333 -0.7736 0.0212
vn -0.6868 -0.7266 0.0215
vn -0.7341 -0.6787 0.0217
vn -0.7750 -0.6316 0.0217
vn -0.8108 -0.5849 0.0217
vn -0.8436 -0.5365 0.0217
vn -0.8738 -0.4858 0.0215
vn -0.9010 -0.4333 0.0213
vn -0.9249 -0.3796 0.0210
vn -0.9454 -0.3251 0.0206
vn -0.9625 -0.2706 0.0202
vn -0.9761 -0.2166 0.0197
vn -0.9864 -0.1635 0.0192
vn -0.9936 -0.1118 0.0186
vn -0.9979 -0.0618 0.0180
vn -0.9998 -0.0137 0.0174
vn -0.9993 0.0347 0.0168
vn -0.9962 0.0860 0.0160
vn -0.9900 0.1406 0.0152
vn -0.9801 0.1981 0.0143
vn -0.9660 0.2584 0.0132
vn -0.9471 0.3207 0.0121
vn -0.9231 0.3843 0.0108
vn -0.8938 0.4484 0.0095
vn -0.8591 0.5117 0.0080
vn -0.8192 0.5734 0.0065
vn -0.7747 0.6323 0.0050
vn -0.7263 0.6873 0.0034
vn -0.6741 0.7386 0.0018
vn -0.6177 0.7864 0.0002
vn -0.5576 0.8301 -0.0014
vn -0.4948 0.8690 -0.0030
vn -0.4304 0.9026 -0.0046
vn -0.3655 0.9308 -0.0060
vn -0.3012 0.9535 -0.0075
vn -0.2384 0.9711 -0.0088
vn -0.1778 0.9840 -0.0100
vn -0.1201 0.9927 -0.0111
vn 0.0221 0.9997 -0.0136
vn 0.0576 0.9982 -0.0142
vn 0.0925 0.9956 -0.0148
vn 0.1599 0.9870 -0.0159
vn 0.1923 0.9812 -0.0163
vn 0.2237 0.9745 -0.0168
vn 0.2541 0.9670 -0.0172
vn 0.2835 0.9588 -0.0176
vn 0.3117 0.9500 -0.0180
vn 0.3388 0.9407 -0.0183
vn -0.4272 0.9042 -0.0046
vn -0.9332 -0.3589 0.0209
vn -0.4669 -0.8841 0.0198
vn -0.4267 -0.9042 0.0194
vn -0.3851 -0.9227 0.0189
vn -0.3422 -0.9394 0.0184
vn -0.2983 -0.9543 0.0178
vn -0.2537 -0.9671 0.0172
vn -0.2086 -0.9779 0.0166
vn -0.1633 -0.9864 0.0159
vn -0.1182 -0.9929 0.0152
vn -0.0735 -0.9972 0.0145
vn -0.0294 -0.9995 0.0138
vn 0.0151 -0.9998 0.0130
vn 0.0630 -0.9979 0.0122
vn 0.1149 -0.9933 0.0112
vn 0.1696 -0.9855 0.0102
vn 0.2269 -0.9739 0.0090
vn 0.2864 -0.9581 0.0078
vn 0.3474 -0.9377 0.0065
vn 0.4092 -0.9124 0.0051
vn 0.4709 -0.8822 0.0036
vn 0.5315 -0.8471 0.0021
vn 0.5900 -0.8074 0.0005
vn 0.6456 -0.7637 -0.0010
vn 0.7924 -0.6099 -0.0056
vn 0.8350 -0.5502 -0.0071
vn 0.8732 -0.4873 -0.0086
vn 0.9065 -0.4221 -0.0100
vn 0.9345 -0.3557 -0.0114
vn 0.9572 -0.2893 -0.0127
vn 0.9745 -0.2239 -0.0138
vn 0.9870 -0.1603 -0.0149
vn 0.9949 -0.0993 -0.0158
vn 0.9990 -0.0414 -0.0167
vn 0.9997 0.0151 -0.0174
vn 0.9971 0.0745 -0.0182
vn 0.9903 0.1379 -0.0189
vn 0.9788 0.2039 -0.0196
vn 0.9622 0.2715 -0.0202
vn 0.9403 0.3398 -0.0207
vn 0.9129 0.4077 -0.0211
vn 0.8802 0.4741 -0.0215
vn 0.8428 0.5378 -0.0217
vn 0.8013 0.5978 -0.0217
vn 0.7566 0.6535 -0.0217
vn 0.7097 0.7042 -0.0216
vn 0.6616 0.7496 -0.0214
vn 0.6121 0.7905 -0.0210
vn 0.5598 0.8284 -0.0206
vn 0.5044 0.8633 -0.0202
vn 0.4466 0.8945 -0.0196
vn 0.3871 0.9218 -0.0189
vn 0.3268 0.9449 -0.0182
vn 0.2664 0.9637 -0.0174
vn 0.2068 0.9783 -0.0165
vn 0.1484 0.9888 -0.0157
vn 0.0920 0.9956 -0.0148
vn 0.0379 0.9992 -0.0139
vn -0.0061 0.9999 -0.0132
vn -0.0334 0.9994 -0.0127
vn -0.0529 0.9985 -0.0123
vn -0.0723 0.9973 -0.0120
vn -0.0915 0.9957 -0.0116
vn -0.1105 0.9938 -0.0113
vn -0.1294 0.9915 -0.0109
vn -0.1481 0.9889 -0.0106
vn -0.1665 0.9860 -0.0102
vn -0.1848 0.9827 -0.0099
vn -0.2204 0.9754 -0.0091
vn -0.6576 0.7534 0.0013
vn 0.8263 -0.5632 -0.0068
vn 0.7723 -0.6352 -0.0049
vn 0.7429 0.6690 -0.0217
vn 0.1434 0.9895 -0.0156
vn 0.1483 0.9888 -0.0157
vn 0.1535 0.9880 -0.0158
vn 0.1588 0.9872 -0.0158
vn 0.1644 0.9863 -0.0159
vn 0.1703 0.9853 -0.0160
vn 0.1764 0.9842 -0.0161
vn 0.1828 0.9830 -0.0162
vn 0.1895 0.9817 -0.0163
vn 0.1966 0.9804 -0.0164
vn 0.2039 0.9788 -0.0165
vn -0.2907 0.9568 -0.0077
vn -0.9655 0.2600 0.0132
vn -0.9699 -0.2427 0.0199
vn -0.9701 -0.2418 0.0199
vn -0.9703 -0.2409 0.0199
vn -0.9706 -0.2401 0.0199
vn -0.9708 -0.2393 0.0199
vn -0.9709 -0.2385 0.0199
vn -0.9711 -0.2378 0.0199
vn -0.9713 -0.2371 0.0199
vn -0.9715 -0.2364 0.0199
vn -0.9716 -0.2357 0.0199
vn -0.9718 -0.2350 0.0199
vn -0.9720 -0.2343 0.0199
vn -0.9723 -0.2328 0.0199
vn -0.9725 -0.2320 0.0198
vn -0.9727 -0.2312 0.0198
vn -0.9729 -0.2304 0.0198
vn -0.9731 -0.2297 0.0198
vn -0.9732 -0.2290 0.0198
vn -0.9734 -0.2283 0.0198
vn -0.9737 -0.2269 0.0198
vn -0.9738 -0.2264 0.0198
vn -0.9740 -0.2257 0.0198
vn -0.9742 -0.2249 0.0198
vn -0.9744 -0.2241 0.0198
vn -0.9746 -0.2232 0.0198
vn -0.9747 -0.2224 0.0198
vn -0.9749 -0.2217 0.0198
vn -0.9751 -0.2210 0.0197
vn -0.9753 -0.2202 0.0197
vn -0.9754 -0.2194 0.0197
vn -0.9756 -0.2187 0.0197
vn -0.9757 -0.2180 0.0197
vn -0.9759 -0.2173 0.0197
vn -0.9760 -0.2170 0.0197
vn -0.9759 -0.2174 0.0197
vn -0.9757 -0.2182 0.0197
vn -0.9755 -0.2190 0.0197
vn -0.9753 -0.2198 0.0197
vn -0.9752 -0.2206 0.0197
vn -0.9750 -0.2213 0.0197
vn -0.9748 -0.2221 0.0198
vn -0.9747 -0.2228 0.0198
vn -0.9745 -0.2235 0.0198
vn -0.9743 -0.2243 0.0198
vn -0.9742 -0.2250 0.0198
vn -0.9754 -0.2198 0.0197
vn -0.9826 -0.1848 0.0194
vn -0.9857 -0.1674 0.0192
vn -0.9885 -0.1500 0.0190
vn -0.9910 -0.1328 0.0188
vn -0.9931 -0.1156 0.0187
vn -0.9950 -0.0984 0.0185
vn -0.9965 -0.0813 0.0183
vn -0.9978 -0.0641 0.0181
vn -0.9987 -0.0472 0.0178
vn -0.9994 -0.0304 0.0176
vn -0.9981 0.0594 0.0164
vn -0.9904 0.1374 0.0153
vn -0.9753 0.2205 0.0139
vn -0.9515 0.3074 0.0123
vn -0.9183 0.3958 0.0106
vn -0.8754 0.4833 0.0087
vn -0.8235 0.5673 0.0067
vn -0.7640 0.6452 0.0046
vn -0.6989 0.7152 0.0026
vn -0.6305 0.7762 0.0006
vn -0.5611 0.8277 -0.0013
vn -0.4821 0.8761 -0.0033
vn -0.3923 0.9198 -0.0054
vn -0.3124 0.9499 -0.0072
vn -0.2508 0.9680 -0.0085
vn -0.2025 0.9792 -0.0095
vn -0.1638 0.9864 -0.0103
vn -0.1324 0.9911 -0.0109
vn -0.1063 0.9943 -0.0114
vn -0.0844 0.9964 -0.0118
vn -0.0658 0.9978 -0.0121
vn -0.0498 0.9987 -0.0124
vn -0.0358 0.9993 -0.0126
vn -0.7645 0.6446 0.0046
vn -0.7339 -0.6789 0.0217
vn -0.2108 -0.9774 0.0166
vn -0.1983 -0.9800 0.0164
vn -0.1848 -0.9826 0.0162
vn -0.1701 -0.9853 0.0160
vn -0.1540 -0.9879 0.0158
vn -0.1365 -0.9905 0.0155
vn -0.1173 -0.9930 0.0152
vn -0.0961 -0.9953 0.0149
vn -0.0727 -0.9973 0.0145
vn -0.0467 -0.9988 0.0141
vn -0.0179 -0.9997 0.0136
vn 0.0135 -0.9998 0.0130
vn 0.0464 -0.9988 0.0125
vn 0.0815 -0.9966 0.0118
vn 0.1198 -0.9927 0.0111
vn 0.1614 -0.9868 0.0103
vn 0.2066 -0.9784 0.0094
vn 0.2555 -0.9668 0.0084
vn 0.3082 -0.9513 0.0073
vn 0.3646 -0.9311 0.0061
vn 0.4243 -0.9055 0.0047
vn 0.4868 -0.8735 0.0032
vn 0.5512 -0.8344 0.0016
vn 0.6157 -0.7880 -0.0002
vn 0.6784 -0.7347 -0.0019
vn 0.7379 -0.6749 -0.0038
vn 0.7931 -0.6091 -0.0056
vn 0.8426 -0.5385 -0.0074
vn 0.8854 -0.4648 -0.0091
vn 0.9490 -0.3149 -0.0122
vn 0.9702 -0.2420 -0.0135
vn 0.9850 -0.1720 -0.0147
vn 0.9943 -0.1059 -0.0157
vn 0.9989 -0.0442 -0.0166
vn 0.9998 0.0104 -0.0174
vn 0.9984 0.0530 -0.0179
vn 0.9963 0.0845 -0.0183
vn 0.9938 0.1095 -0.0186
vn 0.9914 0.1299 -0.0188
vn 0.9890 0.1467 -0.0190
vn 0.9868 0.1608 -0.0191
vn 0.9848 0.1729 -0.0193
vn 0.9829 0.1832 -0.0194
vn 0.9812 0.1921 -0.0195
vn 0.9796 0.2000 -0.0195
vn 0.9781 0.2070 -0.0196
vn 0.9769 0.2128 -0.0197
vn 0.8208 -0.5711 -0.0066
vn -0.9984 0.0545 0.0165
vn -0.8433 -0.5371 0.0217
vn -0.7249 -0.6885 0.0216
vn -0.3987 -0.9169 0.0190
vn -0.9968 -0.0780 0.0182
vn -0.9973 -0.0715 0.0181
vn -0.9977 -0.0647 0.0181
vn -0.9989 -0.0438 0.0178
vn -0.9994 -0.0292 0.0176
vn -0.9808 0.1945 0.0143
vn -0.8773 0.4798 0.0088
vn -0.8939 -0.4479 0.0214
vn 0.9855 -0.1690 -0.0148
vn 0.6977 -0.7164 -0.0025
vn -0.4932 -0.8697 0.0200
vn -0.9668 -0.2548 0.0200
vn -0.9762 -0.2159 0.0197
vn -0.9766 -0.2144 0.0197
vn -0.9792 -0.2020 0.0196
vn -0.9818 -0.1890 0.0194
vn -0.9869 -0.1601 0.0191
vn -0.9894 -0.1439 0.0190
vn -0.9940 -0.1073 0.0186
vn -0.9991 -0.0397 0.0178
vn -0.9998 -0.0116 0.0174
vn -0.9899 0.1409 0.0152
vn -0.9825 0.1857 0.0145
vn -0.9424 0.3343 0.0118
vn -0.8972 0.4415 0.0096
vn -0.8350 0.5502 0.0071
vn -0.7998 0.6002 0.0058
vn -0.6855 0.7281 0.0022
vn -0.6064 0.7951 -0.0001
vn -0.5674 0.8234 -0.0011
vn -0.5293 0.8484 -0.0021
vn -0.3541 0.9352 -0.0063
vn -0.1835 0.9830 -0.0099
vn -0.1188 0.9929 -0.0111
vn -0.1873 -0.9822 0.0163
vn 0.0941 -0.9955 0.0116
vn 0.2354 -0.9719 0.0088
vn 0.2879 -0.9576 0.0077
vn 0.7969 -0.6040 -0.0057
vn 0.9695 -0.2448 -0.0135
vn 0.9845 -0.1748 -0.0147
vn 0.9988 -0.0453 -0.0166
vn 0.6754 -0.7375 -0.0019
vn 0.9302 -0.3668 -0.0112
vn 0.9903 -0.1383 -0.0152
vn 0.9993 -0.0346 -0.0168
vn 0.9656 0.2593 -0.0201
vn 0.8354 0.5493 -0.0217
vn 0.3590 -0.9333 0.0062
vn -0.6318 -0.7748 0.0212
vn -0.9899 -0.1401 0.0189
vn -0.8674 0.4975 0.0084
vn -0.7340 0.6792 0.0036
vn 0.5766 0.8167 -0.0208
vn -0.6359 -0.7715 0.0212
vn 0.9787 0.2044 -0.0196
vn 0.9811 0.1926 -0.0195
vn 0.9819 0.1884 -0.0194
vn 0.9828 0.1834 -0.0194
vn 0.9839 0.1776 -0.0193
vn 0.9851 0.1707 -0.0193
vn 0.9865 0.1626 -0.0192
vn 0.9881 0.1523 -0.0191
vn 0.9901 0.1389 -0.0189
vn 0.9950 0.0981 -0.0185
vn 0.9978 0.0633 -0.0180
vn 0.9997 0.0161 -0.0175
vn 0.9961 -0.0870 -0.0160
vn 0.9898 -0.1420 -0.0152
vn 0.9796 -0.2004 -0.0142
vn 0.9650 -0.2618 -0.0132
vn 0.9457 -0.3249 -0.0120
vn 0.7672 -0.6414 -0.0047
vn 0.7188 -0.6952 -0.0032
vn 0.6721 -0.7405 -0.0018
vn 0.6271 -0.7790 -0.0005
vn 0.5379 -0.8430 0.0019
vn 0.4535 -0.8912 0.0040
vn 0.4138 -0.9103 0.0049
vn 0.3760 -0.9266 0.0058
vn 0.2743 -0.9616 0.0080
vn 0.2457 -0.9693 0.0086
vn 0.2216 -0.9751 0.0091
vn -0.0786 0.9968 -0.0119
vn -0.1140 0.9934 -0.0112
vn -0.1516 0.9884 -0.0105
vn -0.1914 0.9815 -0.0097
vn -0.2335 0.9723 -0.0089
vn -0.2778 0.9606 -0.0080
vn -0.3241 0.9460 -0.0070
vn -0.3721 0.9282 -0.0059
vn -0.4723 0.8814 -0.0036
vn -0.5262 0.8504 -0.0022
vn -0.5860 0.8103 -0.0006
vn -0.6490 0.7608 0.0011
vn -0.7115 0.7027 0.0029
vn -0.7715 0.6362 0.0049
vn -0.8271 0.5620 0.0068
vn -0.8763 0.4816 0.0087
vn -0.9177 0.3971 0.0106
vn -0.9505 0.3106 0.0123
vn -0.9744 0.2245 0.0138
vn -0.9980 0.0614 0.0164
vn -0.9998 0.0020 0.0172
vn -0.9996 -0.0229 0.0175
vn -0.9994 -0.0308 0.0176
vn -0.9991 -0.0389 0.0177
vn -0.9988 -0.0462 0.0178
vn -0.9985 -0.0523 0.0179
vn -0.9981 -0.0587 0.0180
vn -0.9977 -0.0650 0.0181
vn -0.9974 -0.0703 0.0181
vn -0.9969 -0.0760 0.0182
vn -0.9962 -0.0855 0.0183
vn -0.5238 0.8518 -0.0023
vn 0.5102 0.8598 -0.0202
vn 0.4739 0.8804 -0.0199
vn 0.4350 0.9002 -0.0194
vn 0.3935 0.9191 -0.0190
vn 0.3494 0.9368 -0.0185
vn 0.3028 0.9529 -0.0179
vn 0.2539 0.9671 -0.0172
vn 0.2030 0.9790 -0.0165
vn 0.1504 0.9885 -0.0157
vn 0.0964 0.9952 -0.0149
vn 0.0415 0.9990 -0.0140
vn -0.4393 0.8983 -0.0043
vn -0.9790 0.2036 0.0142
vn -0.9722 -0.2335 0.0199
vn -0.9729 -0.2303 0.0198
vn -0.9737 -0.2271 0.0198
vn -0.9744 -0.2240 0.0198
vn -0.9758 -0.2180 0.0197
vn -0.9771 -0.2121 0.0197
vn -0.9777 -0.2092 0.0196
vn -0.9783 -0.2063 0.0196
vn -0.6863 -0.7270 0.0215
vn 0.5921 -0.8059 0.0005
vn 0.9862 -0.1648 -0.0148
vn 0.9833 -0.1815 -0.0145
vn 0.9796 -0.2002 -0.0142
vn 0.9751 -0.2212 -0.0139
vn 0.9624 -0.2715 -0.0130
vn 0.9533 -0.3019 -0.0124
vn 0.9415 -0.3368 -0.0118
vn 0.9261 -0.3771 -0.0110
vn 0.9058 -0.4236 -0.0100
vn 0.8786 -0.4775 -0.0088
vn 0.8430 -0.5379 -0.0074
vn 0.7999 -0.6002 -0.0058
vn 0.7497 -0.6617 -0.0041
vn 0.6919 -0.7220 -0.0023
vn 0.6267 -0.7793 -0.0005
vn 0.5549 -0.8319 0.0015
vn 0.4782 -0.8782 0.0034
vn 0.3982 -0.9173 0.0053
vn 0.3170 -0.9484 0.0071
vn 0.2365 -0.9716 0.0088
vn 0.1585 -0.9873 0.0104
vn 0.0842 -0.9964 0.0118
vn 0.0142 -0.9998 0.0130
vn -0.0507 -0.9986 0.0141
vn -0.1091 -0.9939 0.0151
vn -0.1610 -0.9868 0.0159
vn -0.2479 -0.9686 0.0171
vn -0.2841 -0.9586 0.0176
vn -0.3165 -0.9484 0.0180
vn -0.3454 -0.9383 0.0184
vn -0.3712 -0.9284 0.0187
vn -0.3945 -0.9187 0.0190
vn -0.4155 -0.9094 0.0192
vn -0.7820 -0.6229 0.0217
vn -0.5905 -0.8067 0.0209
vn 0.7282 -0.6853 -0.0035
vn 0.6806 0.7323 -0.0215
vn -0.3778 0.9259 -0.0058
vn -0.9771 0.2124 0.0140
vn 0.6850 0.7283 -0.0215
vn 0.6347 0.7725 -0.0212
vn 0.5813 0.8135 -0.0208
vn 0.5243 0.8513 -0.0203
vn 0.4646 0.8853 -0.0198
vn 0.4029 0.9151 -0.0191
vn 0.3401 0.9402 -0.0183
vn 0.2772 0.9606 -0.0175
vn 0.2150 0.9765 -0.0167
vn 0.1543 0.9879 -0.0158
vn 0.0957 0.9953 -0.0149
vn 0.0397 0.9991 -0.0139
vn -0.0145 0.9998 -0.0130
vn -0.0697 0.9975 -0.0120
vn -0.1280 0.9917 -0.0110
vn -0.1885 0.9820 -0.0098
vn -0.3141 0.9494 -0.0072
vn -0.3775 0.9260 -0.0058
vn -0.4401 0.8979 -0.0043
vn -0.5011 0.8654 -0.0028
vn -0.5594 0.8289 -0.0014
vn -0.6145 0.7889 0.0001
vn -0.6656 0.7463 0.0016
vn -0.7134 0.7008 0.0030
vn -0.7595 0.6505 0.0045
vn -0.8035 0.5952 0.0060
vn -0.8441 0.5362 0.0074
vn -0.8804 0.4742 0.0089
vn -0.9119 0.4103 0.0103
vn -0.9383 0.3455 0.0116
vn -0.9596 0.2809 0.0128
vn -0.9760 0.2173 0.0139
vn -0.9877 0.1555 0.0150
vn -0.9952 0.0963 0.0159
vn -0.9997 -0.0144 0.0174
vn -0.9914 -0.1297 0.0188
vn -0.9813 -0.1916 0.0195
vn -0.9666 -0.2554 0.0201
vn -0.9471 -0.3203 0.0206
vn -0.9224 -0.3856 0.0210
vn -0.8928 -0.4500 0.0214
vn -0.8583 -0.5127 0.0216
vn -0.8195 -0.5727 0.0217
vn -0.7771 -0.6290 0.0217
vn -0.7320 -0.6810 0.0217
vn -0.6855 -0.7277 0.0215
vn -0.6381 -0.7696 0.0212
vn -0.5877 -0.8088 0.0209
vn -0.5334 -0.8456 0.0204
vn -0.4758 -0.8793 0.0199
vn -0.3533 -0.9353 0.0185
vn -0.2900 -0.9569 0.0177
vn -0.2266 -0.9739 0.0168
vn -0.1638 -0.9864 0.0159
vn -0.1025 -0.9946 0.0150
vn -0.0432 -0.9990 0.0140
vn 0.0133 -0.9998 0.0130
vn 0.0688 -0.9976 0.0121
vn 0.1265 -0.9919 0.0110
vn 0.1870 -0.9823 0.0098
vn 0.2497 -0.9683 0.0085
vn 0.3141 -0.9494 0.0072
vn 0.3792 -0.9253 0.0057
vn 0.4440 -0.8960 0.0042
vn 0.5074 -0.8617 0.0027
vn 0.6263 -0.7796 -0.0005
vn 0.6800 -0.7332 -0.0020
vn 0.7287 -0.6848 -0.0035
vn 0.7731 -0.6342 -0.0049
vn 0.8144 -0.5802 -0.0063
vn 0.8524 -0.5228 -0.0078
vn 0.8864 -0.4627 -0.0091
vn 0.9161 -0.4008 -0.0105
vn 0.9411 -0.3380 -0.0117
vn 0.9613 -0.2752 -0.0129
vn 0.9769 -0.2132 -0.0140
vn 0.9881 -0.1529 -0.0150
vn 0.9954 -0.0948 -0.0159
vn 0.9997 0.0141 -0.0174
vn 0.9975 0.0684 -0.0181
vn 0.9919 0.1259 -0.0188
vn 0.9823 0.1863 -0.0194
vn 0.9683 0.2490 -0.0200
vn 0.9494 0.3133 -0.0205
vn 0.9254 0.3783 -0.0210
vn 0.8962 0.4432 -0.0213
vn 0.8619 0.5067 -0.0216
vn 0.8228 0.5678 -0.0217
vn 0.7797 0.6258 -0.0217
vn 0.7333 0.6795 -0.0217
vn -0.4402 0.8979 -0.0043
vn -0.6656 0.7464 0.0016
vn -0.7595 0.6504 0.0045
vn -0.8036 0.5952 0.0060
vn -0.9383 0.3456 0.0116
vn -0.8195 -0.5726 0.0217
vn -0.6856 -0.7277 0.0215
vn -0.4758 -0.8794 0.0199
vn -0.2266 -0.9738 0.0168
vn 0.7732 -0.6342 -0.0049
vn 0.8145 -0.5802 -0.0063
vn 0.8524 -0.5229 -0.0078
vn 0.8864 -0.4628 -0.0091
vn 0.9769 -0.2133 -0.0140
vn 0.9954 -0.0947 -0.0159
vn 0.8618 0.5067 -0.0216
vn 0.8228 0.5679 -0.0217
vn 0.7797 0.6257 -0.0217
vn 0.7333 0.6796 -0.0217
vt 0.980000 0.000000
vt 1.000000 0.000000
vt 0.990000 0.000000
vt 0.960000 0.000000
vt 0.970000 0.000000
vt 0.110000 0.000000
vt 0.130000 0.000000
vt 0.120000 0.000000
vt 0.100000 0.000000
vt 0.140000 0.000000
vt 0.090000 0.000000
vt 0.150000 0.000000
vt 0.080000 0.000000
vt 0.160000 0.000000
vt 0.070000 0.000000
vt 0.170000 0.000000
vt 0.060000 0.000000
vt 0.180000 0.000000
vt 0.050000 0.000000
vt 0.190000 0.000000
vt 0.040000 0.000000
vt 0.200000 0.000000
vt 0.030000 0.000000
vt 0.210000 0.000000
vt 0.020000 0.000000
vt 0.220000 0.000000
vt 0.010000 0.000000
vt 0.230000 0.000000
vt 0.000000 0.000000
vt 0.240000 0.000000
vt 0.950000 0.000000
vt 0.250000 0.000000
vt 0.940000 0.000000
vt 0.260000 0.000000
vt 0.930000 0.000000
vt 0.270000 0.000000
vt 0.920000 0.000000
vt 0.280000 0.000000
vt 0.910000 0.000000
vt 0.290000 0.000000
vt 0.900000 0.000000
vt 0.300000 0.000000
vt 0.890000 0.000000
vt 0.310000 0.000000
vt 0.880000 0.000000
vt 0.320000 0.000000
vt 0.870000 0.000000
vt 0.330000 0.000000
vt 0.860000 0.000000
vt 0.340000 0.000000
vt 0.850000 0.000000
vt 0.350000 0.000000
vt 0.840000 0.000000
vt 0.360000 0.000000
vt 0.830000 0.000000
vt 0.370000 0.000000
vt 0.820000 0.000000
vt 0.380000 0.000000
vt 0.810000 0.000000
vt 0.390000 0.000000
vt 0.800000 0.000000
vt 0.400000 0.000000
vt 0.790000 0.000000
vt 0.410000 0.000000
vt 0.780000 0.000000
vt 0.420000 0.000000
vt 0.770000 0.000000
vt 0.430000 0.000000
vt 0.760000 0.000000
vt 0.440000 0.000000
vt 0.750000 0.000000
vt 0.450000 0.000000
vt 0.740000 0.000000
vt 0.460000 0.000000
vt 0.730000 0.000000
vt 0.470000 0.000000
vt 0.720000 0.000000
vt 0.480000 0.000000
vt 0.710000 0.000000
vt 0.490000 0.000000
vt 0.700000 0.000000
vt 0.500000 0.000000
vt 0.690000 0.000000
vt 0.510000 0.000000
vt 0.680000 0.000000
vt 0.520000 0.000000
vt 0.670000 0.000000
vt 0.530000 0.000000
vt 0.660000 0.000000
vt 0.540000 0.000000
vt 0.650000 0.000000
vt 0.550000 0.000000
vt 0.640000 0.000000
vt 0.560000 0.000000
vt 0.630000 0.000000
vt 0.570000 0.000000
vt 0.620000 0.000000
vt 0.580000 0.000000
vt 0.610000 0.000000
vt 0.590000 0.000000
vt 0.600000 0.000000
vt 0.705202 0.000000
vt 0.716763 0.000000
vt 0.710983 0.000000
vt 0.699422 0.000000
vt 0.427746 0.000000
vt 0.439306 0.000000
vt 0.433526 0.000000
vt 0.445087 0.000000
vt 0.421965 0.000000
vt 0.450867 0.000000
vt 0.416185 0.000000
vt 0.693642 0.000000
vt 0.456647 0.000000
vt 0.462428 0.000000
vt 0.410405 0.000000
vt 0.468208 0.000000
vt 0.404624 0.000000
vt 0.687861 0.000000
vt 0.473988 0.000000
vt 0.722543 0.000000
vt 0.398844 0.000000
vt 0.479769 0.000000
vt 0.485549 0.000000
vt 0.393064 0.000000
vt 0.682081 0.000000
vt 0.491329 0.000000
vt 0.387283 0.000000
vt 0.497110 0.000000
vt 0.676301 0.000000
vt 0.381503 0.000000
vt 0.502890 0.000000
vt 0.508671 0.000000
vt 0.375723 0.000000
vt 0.670520 0.000000
vt 0.514451 0.000000
vt 0.369942 0.000000
vt 0.728324 0.000000
vt 0.520231 0.000000
vt 0.364162 0.000000
vt 0.526012 0.000000
vt 0.664740 0.000000
vt 0.531792 0.000000
vt 0.358382 0.000000
vt 0.537572 0.000000
vt 0.658960 0.000000
vt 0.543353 0.000000
vt 0.734104 0.000000
vt 0.549133 0.000000
vt 0.653179 0.000000
vt 0.554913 0.000000
vt 0.560694 0.000000
vt 0.566474 0.000000
vt 0.647399 0.000000
vt 0.739884 0.000000
vt 0.352601 0.000000
vt 0.346821 0.000000
vt 0.341040 0.000000
vt 0.335260 0.000000
vt 0.329480 0.000000
vt 0.323699 0.000000
vt 0.317919 0.000000
vt 0.572254 0.000000
vt 0.312139 0.000000
vt 0.306358 0.000000
vt 0.300578 0.000000
vt 0.294798 0.000000
vt 0.289017 0.000000
vt 0.283237 0.000000
vt 0.277457 0.000000
vt 0.271676 0.000000
vt 0.265896 0.000000
vt 0.260116 0.000000
vt 0.254335 0.000000
vt 0.248555 0.000000
vt 0.242775 0.000000
vt 0.236994 0.000000
vt 0.231214 0.000000
vt 0.225434 0.000000
vt 0.219653 0.000000
vt 0.213873 0.000000
vt 0.578035 0.000000
vt 0.208092 0.000000
vt 0.202312 0.000000
vt 0.583815 0.000000
vt 0.196532 0.000000
vt 0.641618 0.000000
vt 0.190751 0.000000
vt 0.589595 0.000000
vt 0.184971 0.000000
vt 0.595376 0.000000
vt 0.179191 0.000000
vt 0.601156 0.000000
vt 0.173410 0.000000
vt 0.167630 0.000000
vt 0.606936 0.000000
vt 0.161850 0.000000
vt 0.612717 0.000000
vt 0.156069 0.000000
vt 0.618497 0.000000
vt 0.150289 0.000000
vt 0.144509 0.000000
vt 0.624277 0.000000
vt 0.745665 0.000000
vt 0.138728 0.000000
vt 0.630058 0.000000
vt 0.132948 0.000000
vt 0.635838 0.000000
vt 0.127168 0.000000
vt 0.121387 0.000000
vt 0.115607 0.000000
vt 0.109827 0.000000
vt 0.104046 0.000000
vt 0.098266 0.000000
vt 0.092486 0.000000
vt 0.086705 0.000000
vt 0.080925 0.000000
vt 0.075145 0.000000
vt 0.751445 0.000000
vt 0.069364 0.000000
vt 0.924855 0.000000
vt 0.063584 0.000000
vt 0.930636 0.000000
vt 0.057803 0.000000
vt 0.052023 0.000000
vt 0.046243 0.000000
vt 0.040462 0.000000
vt 0.936416 0.000000
vt 0.919075 0.000000
vt 0.942197 0.000000
vt 0.913295 0.000000
vt 0.947977 0.000000
vt 0.907514 0.000000
vt 0.953757 0.000000
vt 0.034682 0.000000
vt 0.901734 0.000000
vt 0.959538 0.000000
vt 0.895954 0.000000
vt 0.965318 0.000000
vt 0.028902 0.000000
vt 0.757225 0.000000
vt 0.890173 0.000000
vt 0.971098 0.000000
vt 0.884393 0.000000
vt 0.023121 0.000000
vt 0.976879 0.000000
vt 0.878613 0.000000
vt 0.982659 0.000000
vt 0.017341 0.000000
vt 0.872832 0.000000
vt 0.988439 0.000000
vt 0.011561 0.000000
vt 0.867052 0.000000
vt 0.994220 0.000000
vt 0.005780 0.000000
vt 0.861272 0.000000
vt 0.763006 0.000000
vt 0.855491 0.000000
vt 0.849711 0.000000
vt 0.843931 0.000000
vt 0.838150 0.000000
vt 0.768786 0.000000
vt 0.832370 0.000000
vt 0.826590 0.000000
vt 0.774566 0.000000
vt 0.820809 0.000000
vt 0.815029 0.000000
vt 0.780347 0.000000
vt 0.809249 0.000000
vt 0.803468 0.000000
vt 0.786127 0.000000
vt 0.797688 0.000000
vt 0.791907 0.000000
vt 0.638060 0.000000
vt 0.645522 0.000000
vt 0.641791 0.000000
vt 0.649254 0.000000
vt 0.652985 0.000000
vt 0.634328 0.000000
vt 0.727612 0.000000
vt 0.003731 0.000000
vt 0.656716 0.000000
vt 0.660448 0.000000
vt 0.630597 0.000000
vt 0.723881 0.000000
vt 0.664179 0.000000
vt 0.720149 0.000000
vt 0.667910 0.000000
vt 0.626866 0.000000
vt 0.716418 0.000000
vt 0.671642 0.000000
vt 0.007463 0.000000
vt 0.712687 0.000000
vt 0.675373 0.000000
vt 0.708955 0.000000
vt 0.623134 0.000000
vt 0.679105 0.000000
vt 0.705224 0.000000
vt 0.701493 0.000000
vt 0.682836 0.000000
vt 0.697761 0.000000
vt 0.694030 0.000000
vt 0.619403 0.000000
vt 0.686567 0.000000
vt 0.690298 0.000000
vt 0.011194 0.000000
vt 0.615672 0.000000
vt 0.014925 0.000000
vt 0.611940 0.000000
vt 0.608209 0.000000
vt 0.779851 0.000000
vt 0.776119 0.000000
vt 0.018657 0.000000
vt 0.783582 0.000000
vt 0.772388 0.000000
vt 0.768657 0.000000
vt 0.787313 0.000000
vt 0.764925 0.000000
vt 0.761194 0.000000
vt 0.791045 0.000000
vt 0.757463 0.000000
vt 0.604478 0.000000
vt 0.753731 0.000000
vt 0.794776 0.000000
vt 0.022388 0.000000
vt 0.746269 0.000000
vt 0.742537 0.000000
vt 0.798507 0.000000
vt 0.738806 0.000000
vt 0.735075 0.000000
vt 0.731343 0.000000
vt 0.802239 0.000000
vt 0.600746 0.000000
vt 0.026119 0.000000
vt 0.805970 0.000000
vt 0.809702 0.000000
vt 0.597015 0.000000
vt 0.029851 0.000000
vt 0.813433 0.000000
vt 0.593284 0.000000
vt 0.817164 0.000000
vt 0.033582 0.000000
vt 0.820895 0.000000
vt 0.589552 0.000000
vt 0.037313 0.000000
vt 0.824627 0.000000
vt 0.585821 0.000000
vt 0.041045 0.000000
vt 0.828358 0.000000
vt 0.044776 0.000000
vt 0.582090 0.000000
vt 0.832090 0.000000
vt 0.835821 0.000000
vt 0.048507 0.000000
vt 0.578358 0.000000
vt 0.839552 0.000000
vt 0.052239 0.000000
vt 0.574627 0.000000
vt 0.843284 0.000000
vt 0.570895 0.000000
vt 0.847015 0.000000
vt 0.850746 0.000000
vt 0.567164 0.000000
vt 0.854478 0.000000
vt 0.563433 0.000000
vt 0.858209 0.000000
vt 0.861940 0.000000
vt 0.559702 0.000000
vt 0.865672 0.000000
vt 0.555970 0.000000
vt 0.869403 0.000000
vt 0.552239 0.000000
vt 0.873134 0.000000
vt 0.876866 0.000000
vt 0.880597 0.000000
vt 0.548507 0.000000
vt 0.884328 0.000000
vt 0.544776 0.000000
vt 0.888060 0.000000
vt 0.891791 0.000000
vt 0.541045 0.000000
vt 0.895522 0.000000
vt 0.899254 0.000000
vt 0.537313 0.000000
vt 0.902985 0.000000
vt 0.906716 0.000000
vt 0.533582 0.000000
vt 0.910448 0.000000
vt 0.529851 0.000000
vt 0.996269 0.000000
vt 0.914179 0.000000
vt 0.917910 0.000000
vt 0.992537 0.000000
vt 0.526119 0.000000
vt 0.921642 0.000000
vt 0.988806 0.000000
vt 0.925373 0.000000
vt 0.522388 0.000000
vt 0.055970 0.000000
vt 0.985075 0.000000
vt 0.059701 0.000000
vt 0.929105 0.000000
vt 0.063433 0.000000
vt 0.067164 0.000000
vt 0.981343 0.000000
vt 0.932836 0.000000
vt 0.070896 0.000000
vt 0.074627 0.000000
vt 0.518657 0.000000
vt 0.078358 0.000000
vt 0.977612 0.000000
vt 0.936567 0.000000
vt 0.082090 0.000000
vt 0.085821 0.000000
vt 0.940298 0.000000
vt 0.973881 0.000000
vt 0.089552 0.000000
vt 0.093284 0.000000
vt 0.944030 0.000000
vt 0.097015 0.000000
vt 0.970149 0.000000
vt 0.100746 0.000000
vt 0.947761 0.000000
vt 0.514925 0.000000
vt 0.966418 0.000000
vt 0.417910 0.000000
vt 0.104478 0.000000
vt 0.421642 0.000000
vt 0.414179 0.000000
vt 0.951493 0.000000
vt 0.108209 0.000000
vt 0.962687 0.000000
vt 0.955224 0.000000
vt 0.958955 0.000000
vt 0.111940 0.000000
vt 0.115672 0.000000
vt 0.119403 0.000000
vt 0.123134 0.000000
vt 0.126866 0.000000
vt 0.511194 0.000000
vt 0.410448 0.000000
vt 0.130597 0.000000
vt 0.134328 0.000000
vt 0.138060 0.000000
vt 0.425373 0.000000
vt 0.141791 0.000000
vt 0.145522 0.000000
vt 0.406716 0.000000
vt 0.149254 0.000000
vt 0.152985 0.000000
vt 0.156716 0.000000
vt 0.507463 0.000000
vt 0.160448 0.000000
vt 0.164179 0.000000
vt 0.402985 0.000000
vt 0.167910 0.000000
vt 0.171642 0.000000
vt 0.175373 0.000000
vt 0.179104 0.000000
vt 0.182836 0.000000
vt 0.186567 0.000000
vt 0.429104 0.000000
vt 0.190299 0.000000
vt 0.399254 0.000000
vt 0.194030 0.000000
vt 0.197761 0.000000
vt 0.201493 0.000000
vt 0.205224 0.000000
vt 0.503731 0.000000
vt 0.208955 0.000000
vt 0.212687 0.000000
vt 0.216418 0.000000
vt 0.220149 0.000000
vt 0.223881 0.000000
vt 0.227612 0.000000
vt 0.231343 0.000000
vt 0.395522 0.000000
vt 0.235075 0.000000
vt 0.238806 0.000000
vt 0.242537 0.000000
vt 0.246269 0.000000
vt 0.253731 0.000000
vt 0.257463 0.000000
vt 0.261194 0.000000
vt 0.264925 0.000000
vt 0.268657 0.000000
vt 0.272388 0.000000
vt 0.276119 0.000000
vt 0.279851 0.000000
vt 0.391791 0.000000
vt 0.432836 0.000000
vt 0.388060 0.000000
vt 0.384328 0.000000
vt 0.496269 0.000000
vt 0.436567 0.000000
vt 0.380597 0.000000
vt 0.376866 0.000000
vt 0.492537 0.000000
vt 0.373134 0.000000
vt 0.440298 0.000000
vt 0.283582 0.000000
vt 0.369403 0.000000
vt 0.488806 0.000000
vt 0.287313 0.000000
vt 0.365672 0.000000
vt 0.444030 0.000000
vt 0.291045 0.000000
vt 0.361940 0.000000
vt 0.485075 0.000000
vt 0.294776 0.000000
vt 0.358209 0.000000
vt 0.354478 0.000000
vt 0.298507 0.000000
vt 0.447761 0.000000
vt 0.481343 0.000000
vt 0.350746 0.000000
vt 0.302239 0.000000
vt 0.347015 0.000000
vt 0.305970 0.000000
vt 0.477612 0.000000
vt 0.451493 0.000000
vt 0.343284 0.000000
vt 0.309702 0.000000
vt 0.339552 0.000000
vt 0.313433 0.000000
vt 0.335821 0.000000
vt 0.317164 0.000000
vt 0.473881 0.000000
vt 0.332090 0.000000
vt 0.320896 0.000000
vt 0.455224 0.000000
vt 0.328358 0.000000
vt 0.324627 0.000000
vt 0.470149 0.000000
vt 0.458955 0.000000
vt 0.466418 0.000000
vt 0.462687 0.000000
vt 0.333333 0.000000
vt 0.342593 0.000000
vt 0.337963 0.000000
vt 0.347222 0.000000
vt 0.328704 0.000000
vt 0.351852 0.000000
vt 0.356481 0.000000
vt 0.324074 0.000000
vt 0.361111 0.000000
vt 0.365741 0.000000
vt 0.319444 0.000000
vt 0.370370 0.000000
vt 0.375000 0.000000
vt 0.314815 0.000000
vt 0.379630 0.000000
vt 0.384259 0.000000
vt 0.310185 0.000000
vt 0.388889 0.000000
vt 0.305556 0.000000
vt 0.393519 0.000000
vt 0.398148 0.000000
vt 0.300926 0.000000
vt 0.402778 0.000000
vt 0.407407 0.000000
vt 0.296296 0.000000
vt 0.412037 0.000000
vt 0.416667 0.000000
vt 0.291667 0.000000
vt 0.953704 0.000000
vt 0.949074 0.000000
vt 0.944444 0.000000
vt 0.939815 0.000000
vt 0.958333 0.000000
vt 0.935185 0.000000
vt 0.421296 0.000000
vt 0.930556 0.000000
vt 0.962963 0.000000
vt 0.925926 0.000000
vt 0.921296 0.000000
vt 0.967593 0.000000
vt 0.916667 0.000000
vt 0.912037 0.000000
vt 0.972222 0.000000
vt 0.907407 0.000000
vt 0.425926 0.000000
vt 0.902778 0.000000
vt 0.976852 0.000000
vt 0.287037 0.000000
vt 0.898148 0.000000
vt 0.893519 0.000000
vt 0.981481 0.000000
vt 0.888889 0.000000
vt 0.430556 0.000000
vt 0.884259 0.000000
vt 0.986111 0.000000
vt 0.879630 0.000000
vt 0.435185 0.000000
vt 0.990741 0.000000
vt 0.875000 0.000000
vt 0.282407 0.000000
vt 0.870370 0.000000
vt 0.995370 0.000000
vt 0.865741 0.000000
vt 0.439815 0.000000
vt 0.861111 0.000000
vt 0.856481 0.000000
vt 0.277778 0.000000
vt 0.444444 0.000000
vt 0.851852 0.000000
vt 0.726852 0.000000
vt 0.847222 0.000000
vt 0.449074 0.000000
vt 0.842593 0.000000
vt 0.731481 0.000000
vt 0.837963 0.000000
vt 0.273148 0.000000
vt 0.453704 0.000000
vt 0.833333 0.000000
vt 0.736111 0.000000
vt 0.458333 0.000000
vt 0.740741 0.000000
vt 0.268519 0.000000
vt 0.828704 0.000000
vt 0.745370 0.000000
vt 0.462963 0.000000
vt 0.263889 0.000000
vt 0.467593 0.000000
vt 0.824074 0.000000
vt 0.754630 0.000000
vt 0.472222 0.000000
vt 0.819444 0.000000
vt 0.259259 0.000000
vt 0.759259 0.000000
vt 0.476852 0.000000
vt 0.814815 0.000000
vt 0.481481 0.000000
vt 0.763889 0.000000
vt 0.254630 0.000000
vt 0.486111 0.000000
vt 0.810185 0.000000
vt 0.768519 0.000000
vt 0.490741 0.000000
vt 0.805556 0.000000
vt 0.773148 0.000000
vt 0.495370 0.000000
vt 0.800926 0.000000
vt 0.777778 0.000000
vt 0.796296 0.000000
vt 0.504630 0.000000
vt 0.245370 0.000000
vt 0.791667 0.000000
vt 0.782407 0.000000
vt 0.509259 0.000000
vt 0.787037 0.000000
vt 0.513889 0.000000
vt 0.240741 0.000000
vt 0.518519 0.000000
vt 0.523148 0.000000
vt 0.527778 0.000000
vt 0.532407 0.000000
vt 0.236111 0.000000
vt 0.537037 0.000000
vt 0.541667 0.000000
vt 0.546296 0.000000
vt 0.550926 0.000000
vt 0.555556 0.000000
vt 0.560185 0.000000
vt 0.564815 0.000000
vt 0.569444 0.000000
vt 0.231481 0.000000
vt 0.574074 0.000000
vt 0.578704 0.000000
vt 0.583333 0.000000
vt 0.587963 0.000000
vt 0.592593 0.000000
vt 0.597222 0.000000
vt 0.601852 0.000000
vt 0.606481 0.000000
vt 0.611111 0.000000
vt 0.615741 0.000000
vt 0.620370 0.000000
vt 0.226852 0.000000
vt 0.625000 0.000000
vt 0.222222 0.000000
vt 0.629630 0.000000
vt 0.634259 0.000000
vt 0.217593 0.000000
vt 0.638889 0.000000
vt 0.212963 0.000000
vt 0.643519 0.000000
vt 0.648148 0.000000
vt 0.208333 0.000000
vt 0.652778 0.000000
vt 0.203704 0.000000
vt 0.657407 0.000000
vt 0.662037 0.000000
vt 0.199074 0.000000
vt 0.666667 0.000000
vt 0.671296 0.000000
vt 0.050926 0.000000
vt 0.060185 0.000000
vt 0.055556 0.000000
vt 0.194444 0.000000
vt 0.675926 0.000000
vt 0.046296 0.000000
vt 0.680556 0.000000
vt 0.189815 0.000000
vt 0.041667 0.000000
vt 0.685185 0.000000
vt 0.037037 0.000000
vt 0.689815 0.000000
vt 0.185185 0.000000
vt 0.032407 0.000000
vt 0.694444 0.000000
vt 0.064815 0.000000
vt 0.027778 0.000000
vt 0.699074 0.000000
vt 0.023148 0.000000
vt 0.703704 0.000000
vt 0.180556 0.000000
vt 0.018519 0.000000
vt 0.708333 0.000000
vt 0.013889 0.000000
vt 0.712963 0.000000
vt 0.009259 0.000000
vt 0.717593 0.000000
vt 0.069444 0.000000
vt 0.004630 0.000000
vt 0.722222 0.000000
vt 0.175926 0.000000
vt 0.171296 0.000000
vt 0.074074 0.000000
vt 0.166667 0.000000
vt 0.078704 0.000000
vt 0.162037 0.000000
vt 0.083333 0.000000
vt 0.157407 0.000000
vt 0.087963 0.000000
vt 0.152778 0.000000
vt 0.148148 0.000000
vt 0.092593 0.000000
vt 0.143519 0.000000
vt 0.097222 0.000000
vt 0.138889 0.000000
vt 0.101852 0.000000
vt 0.134259 0.000000
vt 0.129630 0.000000
vt 0.106481 0.000000
vt 0.125000 0.000000
vt 0.111111 0.000000
vt 0.120370 0.000000
vt 0.115741 0.000000
vt 0.087248 0.000000
vt 0.100671 0.000000
vt 0.093960 0.000000
vt 0.080537 0.000000
vt 0.107383 0.000000
vt 0.073826 0.000000
vt 0.114094 0.000000
vt 0.067114 0.000000
vt 0.120805 0.000000
vt 0.060403 0.000000
vt 0.127517 0.000000
vt 0.053691 0.000000
vt 0.134228 0.000000
vt 0.046980 0.000000
vt 0.140940 0.000000
vt 0.040268 0.000000
vt 0.147651 0.000000
vt 0.033557 0.000000
vt 0.154362 0.000000
vt 0.026846 0.000000
vt 0.161074 0.000000
vt 0.020134 0.000000
vt 0.167785 0.000000
vt 0.013423 0.000000
vt 0.174497 0.000000
vt 0.006711 0.000000
vt 0.181208 0.000000
vt 0.187919 0.000000
vt 0.194631 0.000000
vt 0.201342 0.000000
vt 0.208054 0.000000
vt 0.214765 0.000000
vt 0.221477 0.000000
vt 0.228188 0.000000
vt 0.234899 0.000000
vt 0.241611 0.000000
vt 0.248322 0.000000
vt 0.255034 0.000000
vt 0.261745 0.000000
vt 0.268456 0.000000
vt 0.275168 0.000000
vt 0.281879 0.000000
vt 0.288591 0.000000
vt 0.295302 0.000000
vt 0.302013 0.000000
vt 0.308725 0.000000
vt 0.315436 0.000000
vt 0.322148 0.000000
vt 0.328859 0.000000
vt 0.335570 0.000000
vt 0.342282 0.000000
vt 0.348993 0.000000
vt 0.355705 0.000000
vt 0.362416 0.000000
vt 0.369128 0.000000
vt 0.375839 0.000000
vt 0.382550 0.000000
vt 0.389262 0.000000
vt 0.395973 0.000000
vt 0.402685 0.000000
vt 0.409396 0.000000
vt 0.416107 0.000000
vt 0.422819 0.000000
vt 0.429530 0.000000
vt 0.436242 0.000000
vt 0.993289 0.000000
vt 0.442953 0.000000
vt 0.449664 0.000000
vt 0.456376 0.000000
vt 0.986577 0.000000
vt 0.463087 0.000000
vt 0.469799 0.000000
vt 0.979866 0.000000
vt 0.476510 0.000000
vt 0.483221 0.000000
vt 0.973154 0.000000
vt 0.489933 0.000000
vt 0.496644 0.000000
vt 0.966443 0.000000
vt 0.503356 0.000000
vt 0.510067 0.000000
vt 0.959732 0.000000
vt 0.516779 0.000000
vt 0.523490 0.000000
vt 0.953020 0.000000
vt 0.530201 0.000000
vt 0.946309 0.000000
vt 0.536913 0.000000
vt 0.939597 0.000000
vt 0.543624 0.000000
vt 0.932886 0.000000
vt 0.550336 0.000000
vt 0.926175 0.000000
vt 0.557047 0.000000
vt 0.919463 0.000000
vt 0.912752 0.000000
vt 0.563758 0.000000
vt 0.570470 0.000000
vt 0.577181 0.000000
vt 0.906040 0.000000
vt 0.583893 0.000000
vt 0.590604 0.000000
vt 0.597315 0.000000
vt 0.604027 0.000000
vt 0.899329 0.000000
vt 0.610738 0.000000
vt 0.617450 0.000000
vt 0.624161 0.000000
vt 0.630872 0.000000
vt 0.637584 0.000000
vt 0.644295 0.000000
vt 0.892617 0.000000
vt 0.651007 0.000000
vt 0.657718 0.000000
vt 0.664430 0.000000
vt 0.671141 0.000000
vt 0.677852 0.000000
vt 0.885906 0.000000
vt 0.879195 0.000000
vt 0.872483 0.000000
vt 0.865772 0.000000
vt 0.859060 0.000000
vt 0.852349 0.000000
vt 0.684564 0.000000
vt 0.845638 0.000000
vt 0.691275 0.000000
vt 0.838926 0.000000
vt 0.832215 0.000000
vt 0.697987 0.000000
vt 0.825503 0.000000
vt 0.704698 0.000000
vt 0.818792 0.000000
vt 0.711409 0.000000
vt 0.812081 0.000000
vt 0.718121 0.000000
vt 0.805369 0.000000
vt 0.724832 0.000000
vt 0.798658 0.000000
vt 0.791946 0.000000
vt 0.731544 0.000000
vt 0.785235 0.000000
vt 0.738255 0.000000
vt 0.778524 0.000000
vt 0.744966 0.000000
vt 0.771812 0.000000
vt 0.751678 0.000000
vt 0.765101 0.000000
vt 0.758389 0.000000
vt 0.912162 0.000000
vt 0.925676 0.000000
vt 0.918919 0.000000
vt 0.932432 0.000000
vt 0.939189 0.000000
vt 0.905405 0.000000
vt 0.945946 0.000000
vt 0.952703 0.000000
vt 0.898649 0.000000
vt 0.959459 0.000000
vt 0.966216 0.000000
vt 0.972973 0.000000
vt 0.891892 0.000000
vt 0.979730 0.000000
vt 0.986486 0.000000
vt 0.885135 0.000000
vt 0.993243 0.000000
vt 0.878378 0.000000
vt 0.074324 0.000000
vt 0.067568 0.000000
vt 0.060811 0.000000
vt 0.054054 0.000000
vt 0.047297 0.000000
vt 0.040541 0.000000
vt 0.033784 0.000000
vt 0.027027 0.000000
vt 0.020270 0.000000
vt 0.006757 0.000000
vt 0.871622 0.000000
vt 0.087838 0.000000
vt 0.081081 0.000000
vt 0.864865 0.000000
vt 0.101351 0.000000
vt 0.094595 0.000000
vt 0.108108 0.000000
vt 0.114865 0.000000
vt 0.121622 0.000000
vt 0.858108 0.000000
vt 0.128378 0.000000
vt 0.013514 0.000000
vt 0.135135 0.000000
vt 0.851351 0.000000
vt 0.141892 0.000000
vt 0.148649 0.000000
vt 0.844595 0.000000
vt 0.155405 0.000000
vt 0.162162 0.000000
vt 0.837838 0.000000
vt 0.168919 0.000000
vt 0.831081 0.000000
vt 0.175676 0.000000
vt 0.182432 0.000000
vt 0.824324 0.000000
vt 0.189189 0.000000
vt 0.817568 0.000000
vt 0.195946 0.000000
vt 0.810811 0.000000
vt 0.202703 0.000000
vt 0.804054 0.000000
vt 0.209459 0.000000
vt 0.797297 0.000000
vt 0.216216 0.000000
vt 0.222973 0.000000
vt 0.790541 0.000000
vt 0.229730 0.000000
vt 0.783784 0.000000
vt 0.236486 0.000000
vt 0.777027 0.000000
vt 0.243243 0.000000
vt 0.770270 0.000000
vt 0.256757 0.000000
vt 0.763514 0.000000
vt 0.263514 0.000000
vt 0.756757 0.000000
vt 0.270270 0.000000
vt 0.277027 0.000000
vt 0.743243 0.000000
vt 0.283784 0.000000
vt 0.290541 0.000000
vt 0.736486 0.000000
vt 0.297297 0.000000
vt 0.729730 0.000000
vt 0.304054 0.000000
vt 0.722973 0.000000
vt 0.310811 0.000000
vt 0.716216 0.000000
vt 0.317568 0.000000
vt 0.324324 0.000000
vt 0.709459 0.000000
vt 0.331081 0.000000
vt 0.702703 0.000000
vt 0.337838 0.000000
vt 0.695946 0.000000
vt 0.344595 0.000000
vt 0.351351 0.000000
vt 0.689189 0.000000
vt 0.358108 0.000000
vt 0.364865 0.000000
vt 0.682432 0.000000
vt 0.371622 0.000000
vt 0.675676 0.000000
vt 0.513514 0.000000
vt 0.506757 0.000000
vt 0.378378 0.000000
vt 0.493243 0.000000
vt 0.385135 0.000000
vt 0.486486 0.000000
vt 0.479730 0.000000
vt 0.668919 0.000000
vt 0.391892 0.000000
vt 0.472973 0.000000
vt 0.398649 0.000000
vt 0.466216 0.000000
vt 0.459459 0.000000
vt 0.405405 0.000000
vt 0.452703 0.000000
vt 0.412162 0.000000
vt 0.662162 0.000000
vt 0.445946 0.000000
vt 0.439189 0.000000
vt 0.418919 0.000000
vt 0.432432 0.000000
vt 0.520270 0.000000
vt 0.425676 0.000000
vt 0.655405 0.000000
vt 0.527027 0.000000
vt 0.648649 0.000000
vt 0.533784 0.000000
vt 0.540541 0.000000
vt 0.641892 0.000000
vt 0.547297 0.000000
vt 0.635135 0.000000
vt 0.554054 0.000000
vt 0.628378 0.000000
vt 0.560811 0.000000
vt 0.621622 0.000000
vt 0.567568 0.000000
vt 0.614865 0.000000
vt 0.574324 0.000000
vt 0.608108 0.000000
vt 0.581081 0.000000
vt 0.601351 0.000000
vt 0.587838 0.000000
vt 0.594595 0.000000
vt 0.312354 0.000000
vt 0.317016 0.000000
vt 0.314685 0.000000
vt 0.368298 0.000000
vt 0.372960 0.000000
vt 0.370629 0.000000
vt 0.375291 0.000000
vt 0.310023 0.000000
vt 0.319347 0.000000
vt 0.365967 0.000000
vt 0.172494 0.000000
vt 0.177156 0.000000
vt 0.174825 0.000000
vt 0.179487 0.000000
vt 0.170163 0.000000
vt 0.377622 0.000000
vt 0.181818 0.000000
vt 0.167832 0.000000
vt 0.184149 0.000000
vt 0.307692 0.000000
vt 0.379953 0.000000
vt 0.321678 0.000000
vt 0.363636 0.000000
vt 0.186480 0.000000
vt 0.165501 0.000000
vt 0.188811 0.000000
vt 0.163170 0.000000
vt 0.382284 0.000000
vt 0.191142 0.000000
vt 0.305361 0.000000
vt 0.324009 0.000000
vt 0.361305 0.000000
vt 0.160839 0.000000
vt 0.193473 0.000000
vt 0.384615 0.000000
vt 0.195804 0.000000
vt 0.158508 0.000000
vt 0.303030 0.000000
vt 0.386946 0.000000
vt 0.326340 0.000000
vt 0.358974 0.000000
vt 0.198135 0.000000
vt 0.156177 0.000000
vt 0.200466 0.000000
vt 0.389277 0.000000
vt 0.300699 0.000000
vt 0.153846 0.000000
vt 0.202797 0.000000
vt 0.328671 0.000000
vt 0.356643 0.000000
vt 0.391608 0.000000
vt 0.205128 0.000000
vt 0.151515 0.000000
vt 0.298368 0.000000
vt 0.207459 0.000000
vt 0.393939 0.000000
vt 0.354312 0.000000
vt 0.331002 0.000000
vt 0.149184 0.000000
vt 0.209790 0.000000
vt 0.146853 0.000000
vt 0.396270 0.000000
vt 0.212121 0.000000
vt 0.296037 0.000000
vt 0.351981 0.000000
vt 0.214452 0.000000
vt 0.144522 0.000000
vt 0.398601 0.000000
vt 0.216783 0.000000
vt 0.293706 0.000000
vt 0.219114 0.000000
vt 0.400932 0.000000
vt 0.349650 0.000000
vt 0.335664 0.000000
vt 0.221445 0.000000
vt 0.403263 0.000000
vt 0.291375 0.000000
vt 0.223776 0.000000
vt 0.347319 0.000000
vt 0.337995 0.000000
vt 0.226107 0.000000
vt 0.405594 0.000000
vt 0.289044 0.000000
vt 0.228438 0.000000
vt 0.407925 0.000000
vt 0.344988 0.000000
vt 0.340326 0.000000
vt 0.142191 0.000000
vt 0.139860 0.000000
vt 0.137529 0.000000
vt 0.135198 0.000000
vt 0.132867 0.000000
vt 0.130536 0.000000
vt 0.128205 0.000000
vt 0.230769 0.000000
vt 0.125874 0.000000
vt 0.123543 0.000000
vt 0.121212 0.000000
vt 0.118881 0.000000
vt 0.116550 0.000000
vt 0.114219 0.000000
vt 0.111888 0.000000
vt 0.109557 0.000000
vt 0.107226 0.000000
vt 0.104895 0.000000
vt 0.102564 0.000000
vt 0.100233 0.000000
vt 0.097902 0.000000
vt 0.095571 0.000000
vt 0.093240 0.000000
vt 0.090909 0.000000
vt 0.088578 0.000000
vt 0.086247 0.000000
vt 0.233100 0.000000
vt 0.083916 0.000000
vt 0.410256 0.000000
vt 0.235431 0.000000
vt 0.237762 0.000000
vt 0.286713 0.000000
vt 0.081585 0.000000
vt 0.240093 0.000000
vt 0.242424 0.000000
vt 0.079254 0.000000
vt 0.244755 0.000000
vt 0.247086 0.000000
vt 0.076923 0.000000
vt 0.249417 0.000000
vt 0.251748 0.000000
vt 0.074592 0.000000
vt 0.254079 0.000000
vt 0.072261 0.000000
vt 0.256410 0.000000
vt 0.258741 0.000000
vt 0.069930 0.000000
vt 0.261072 0.000000
vt 0.067599 0.000000
vt 0.263403 0.000000
vt 0.265734 0.000000
vt 0.065268 0.000000
vt 0.342657 0.000000
vt 0.268065 0.000000
vt 0.062937 0.000000
vt 0.270396 0.000000
vt 0.272727 0.000000
vt 0.060606 0.000000
vt 0.412587 0.000000
vt 0.275058 0.000000
vt 0.058275 0.000000
vt 0.277389 0.000000
vt 0.279720 0.000000
vt 0.055944 0.000000
vt 0.282051 0.000000
vt 0.053613 0.000000
vt 0.284382 0.000000
vt 0.051282 0.000000
vt 0.048951 0.000000
vt 0.046620 0.000000
vt 0.044289 0.000000
vt 0.414918 0.000000
vt 0.041958 0.000000
vt 0.039627 0.000000
vt 0.037296 0.000000
vt 0.034965 0.000000
vt 0.032634 0.000000
vt 0.825175 0.000000
vt 0.417249 0.000000
vt 0.030303 0.000000
vt 0.027972 0.000000
vt 0.972028 0.000000
vt 0.974359 0.000000
vt 0.969697 0.000000
vt 0.827506 0.000000
vt 0.822844 0.000000
vt 0.967366 0.000000
vt 0.820513 0.000000
vt 0.976690 0.000000
vt 0.829837 0.000000
vt 0.965035 0.000000
vt 0.818182 0.000000
vt 0.979021 0.000000
vt 0.962704 0.000000
vt 0.815851 0.000000
vt 0.832168 0.000000
vt 0.025641 0.000000
vt 0.960373 0.000000
vt 0.813520 0.000000
vt 0.981352 0.000000
vt 0.834499 0.000000
vt 0.958042 0.000000
vt 0.811189 0.000000
vt 0.023310 0.000000
vt 0.983683 0.000000
vt 0.955711 0.000000
vt 0.808858 0.000000
vt 0.836830 0.000000
vt 0.020979 0.000000
vt 0.419580 0.000000
vt 0.953380 0.000000
vt 0.806527 0.000000
vt 0.986014 0.000000
vt 0.839161 0.000000
vt 0.018648 0.000000
vt 0.951049 0.000000
vt 0.804196 0.000000
vt 0.988345 0.000000
vt 0.948718 0.000000
vt 0.801865 0.000000
vt 0.841492 0.000000
vt 0.016317 0.000000
vt 0.946387 0.000000
vt 0.799534 0.000000
vt 0.013986 0.000000
vt 0.990676 0.000000
vt 0.843823 0.000000
vt 0.421911 0.000000
vt 0.944056 0.000000
vt 0.797203 0.000000
vt 0.011655 0.000000
vt 0.993007 0.000000
vt 0.941725 0.000000
vt 0.794872 0.000000
vt 0.846154 0.000000
vt 0.009324 0.000000
vt 0.939394 0.000000
vt 0.792541 0.000000
vt 0.995338 0.000000
vt 0.848485 0.000000
vt 0.006993 0.000000
vt 0.424242 0.000000
vt 0.937063 0.000000
vt 0.790210 0.000000
vt 0.004662 0.000000
vt 0.997669 0.000000
vt 0.934732 0.000000
vt 0.787879 0.000000
vt 0.850816 0.000000
vt 0.002331 0.000000
vt 0.932401 0.000000
vt 0.785548 0.000000
vt 0.426573 0.000000
vt 0.853147 0.000000
vt 0.930070 0.000000
vt 0.783217 0.000000
vt 0.927739 0.000000
vt 0.780886 0.000000
vt 0.855478 0.000000
vt 0.428904 0.000000
vt 0.857809 0.000000
vt 0.925408 0.000000
vt 0.778555 0.000000
vt 0.431235 0.000000
vt 0.860140 0.000000
vt 0.923077 0.000000
vt 0.776224 0.000000
vt 0.433566 0.000000
vt 0.862471 0.000000
vt 0.920746 0.000000
vt 0.773893 0.000000
vt 0.435897 0.000000
vt 0.864802 0.000000
vt 0.918415 0.000000
vt 0.771562 0.000000
vt 0.438228 0.000000
vt 0.867133 0.000000
vt 0.440559 0.000000
vt 0.916084 0.000000
vt 0.769231 0.000000
vt 0.869464 0.000000
vt 0.442890 0.000000
vt 0.913753 0.000000
vt 0.766900 0.000000
vt 0.871795 0.000000
vt 0.445221 0.000000
vt 0.911422 0.000000
vt 0.764569 0.000000
vt 0.874126 0.000000
vt 0.909091 0.000000
vt 0.762238 0.000000
vt 0.447552 0.000000
vt 0.906760 0.000000
vt 0.759907 0.000000
vt 0.876457 0.000000
vt 0.449883 0.000000
vt 0.904429 0.000000
vt 0.757576 0.000000
vt 0.878788 0.000000
vt 0.452214 0.000000
vt 0.902098 0.000000
vt 0.755245 0.000000
vt 0.881119 0.000000
vt 0.454545 0.000000
vt 0.899767 0.000000
vt 0.752914 0.000000
vt 0.883450 0.000000
vt 0.456876 0.000000
vt 0.897436 0.000000
vt 0.750583 0.000000
vt 0.895105 0.000000
vt 0.748252 0.000000
vt 0.892774 0.000000
vt 0.745921 0.000000
vt 0.890443 0.000000
vt 0.743590 0.000000
vt 0.888112 0.000000
vt 0.741259 0.000000
vt 0.885781 0.000000
vt 0.738928 0.000000
vt 0.736597 0.000000
vt 0.734266 0.000000
vt 0.731935 0.000000
vt 0.459207 0.000000
vt 0.461538 0.000000
vt 0.463869 0.000000
vt 0.466200 0.000000
vt 0.468531 0.000000
vt 0.729604 0.000000
vt 0.470862 0.000000
vt 0.473193 0.000000
vt 0.475524 0.000000
vt 0.477855 0.000000
vt 0.480186 0.000000
vt 0.727273 0.000000
vt 0.482517 0.000000
vt 0.484848 0.000000
vt 0.487179 0.000000
vt 0.489510 0.000000
vt 0.491841 0.000000
vt 0.724942 0.000000
vt 0.494172 0.000000
vt 0.496504 0.000000
vt 0.498834 0.000000
vt 0.501166 0.000000
vt 0.503497 0.000000
vt 0.722611 0.000000
vt 0.505827 0.000000
vt 0.508159 0.000000
vt 0.510490 0.000000
vt 0.512821 0.000000
vt 0.515152 0.000000
vt 0.720280 0.000000
vt 0.517483 0.000000
vt 0.717949 0.000000
vt 0.519814 0.000000
vt 0.522144 0.000000
vt 0.715618 0.000000
vt 0.524476 0.000000
vt 0.526807 0.000000
vt 0.713287 0.000000
vt 0.529138 0.000000
vt 0.531469 0.000000
vt 0.710956 0.000000
vt 0.533800 0.000000
vt 0.536131 0.000000
vt 0.708625 0.000000
vt 0.538462 0.000000
vt 0.540793 0.000000
vt 0.543124 0.000000
vt 0.545455 0.000000
vt 0.547786 0.000000
vt 0.550117 0.000000
vt 0.706294 0.000000
vt 0.552448 0.000000
vt 0.554779 0.000000
vt 0.557110 0.000000
vt 0.559441 0.000000
vt 0.561772 0.000000
vt 0.564103 0.000000
vt 0.566434 0.000000
vt 0.703963 0.000000
vt 0.568765 0.000000
vt 0.571096 0.000000
vt 0.573427 0.000000
vt 0.575758 0.000000
vt 0.578089 0.000000
vt 0.580420 0.000000
vt 0.582751 0.000000
vt 0.585082 0.000000
vt 0.587413 0.000000
vt 0.589744 0.000000
vt 0.592075 0.000000
vt 0.594406 0.000000
vt 0.596737 0.000000
vt 0.599068 0.000000
vt 0.601399 0.000000
vt 0.603730 0.000000
vt 0.606061 0.000000
vt 0.608392 0.000000
vt 0.610723 0.000000
vt 0.613054 0.000000
vt 0.701632 0.000000
vt 0.615385 0.000000
vt 0.617716 0.000000
vt 0.620047 0.000000
vt 0.622378 0.000000
vt 0.624709 0.000000
vt 0.627040 0.000000
vt 0.699301 0.000000
vt 0.696970 0.000000
vt 0.694639 0.000000
vt 0.692308 0.000000
vt 0.689977 0.000000
vt 0.629371 0.000000
vt 0.687646 0.000000
vt 0.685315 0.000000
vt 0.631702 0.000000
vt 0.682984 0.000000
vt 0.634033 0.000000
vt 0.680653 0.000000
vt 0.636364 0.000000
vt 0.678322 0.000000
vt 0.638695 0.000000
vt 0.675991 0.000000
vt 0.673660 0.000000
vt 0.641026 0.000000
vt 0.671329 0.000000
vt 0.643357 0.000000
vt 0.668998 0.000000
vt 0.645688 0.000000
vt 0.648019 0.000000
vt 0.664336 0.000000
vt 0.662005 0.000000
vt 0.650350 0.000000
vt 0.659674 0.000000
vt 0.652681 0.000000
vt 0.657343 0.000000
vt 0.655012 0.000000
vt 0.952555 0.000000
vt 0.959854 0.000000
vt 0.956204 0.000000
vt 0.963504 0.000000
vt 0.967153 0.000000
vt 0.948905 0.000000
vt 0.970803 0.000000
vt 0.974453 0.000000
vt 0.945255 0.000000
vt 0.978102 0.000000
vt 0.981752 0.000000
vt 0.985401 0.000000
vt 0.941606 0.000000
vt 0.989051 0.000000
vt 0.992701 0.000000
vt 0.937956 0.000000
vt 0.996350 0.000000
vt 0.934307 0.000000
vt 0.040146 0.000000
vt 0.036496 0.000000
vt 0.032847 0.000000
vt 0.029197 0.000000
vt 0.025547 0.000000
vt 0.021898 0.000000
vt 0.018248 0.000000
vt 0.014599 0.000000
vt 0.010949 0.000000
vt 0.003650 0.000000
vt 0.930657 0.000000
vt 0.047445 0.000000
vt 0.043796 0.000000
vt 0.927007 0.000000
vt 0.054745 0.000000
vt 0.051095 0.000000
vt 0.058394 0.000000
vt 0.062044 0.000000
vt 0.065693 0.000000
vt 0.923358 0.000000
vt 0.069343 0.000000
vt 0.072993 0.000000
vt 0.007299 0.000000
vt 0.076642 0.000000
vt 0.919708 0.000000
vt 0.080292 0.000000
vt 0.916058 0.000000
vt 0.083942 0.000000
vt 0.087591 0.000000
vt 0.912409 0.000000
vt 0.091241 0.000000
vt 0.908759 0.000000
vt 0.094891 0.000000
vt 0.098540 0.000000
vt 0.905109 0.000000
vt 0.102190 0.000000
vt 0.901460 0.000000
vt 0.105839 0.000000
vt 0.897810 0.000000
vt 0.109489 0.000000
vt 0.894161 0.000000
vt 0.113139 0.000000
vt 0.890511 0.000000
vt 0.116788 0.000000
vt 0.120438 0.000000
vt 0.886861 0.000000
vt 0.124088 0.000000
vt 0.883212 0.000000
vt 0.127737 0.000000
vt 0.879562 0.000000
vt 0.131387 0.000000
vt 0.875912 0.000000
vt 0.135036 0.000000
vt 0.138686 0.000000
vt 0.872263 0.000000
vt 0.142336 0.000000
vt 0.412409 0.000000
vt 0.419708 0.000000
vt 0.416058 0.000000
vt 0.587591 0.000000
vt 0.594891 0.000000
vt 0.591241 0.000000
vt 0.583942 0.000000
vt 0.423358 0.000000
vt 0.580292 0.000000
vt 0.427007 0.000000
vt 0.576642 0.000000
vt 0.430657 0.000000
vt 0.572993 0.000000
vt 0.434307 0.000000
vt 0.569343 0.000000
vt 0.437956 0.000000
vt 0.565693 0.000000
vt 0.441606 0.000000
vt 0.562044 0.000000
vt 0.445255 0.000000
vt 0.558394 0.000000
vt 0.448905 0.000000
vt 0.554745 0.000000
vt 0.452555 0.000000
vt 0.551095 0.000000
vt 0.456204 0.000000
vt 0.547445 0.000000
vt 0.459854 0.000000
vt 0.463504 0.000000
vt 0.543796 0.000000
vt 0.467153 0.000000
vt 0.540146 0.000000
vt 0.470803 0.000000
vt 0.536496 0.000000
vt 0.474453 0.000000
vt 0.532847 0.000000
vt 0.478102 0.000000
vt 0.529197 0.000000
vt 0.481752 0.000000
vt 0.525547 0.000000
vt 0.485401 0.000000
vt 0.521898 0.000000
vt 0.489051 0.000000
vt 0.518248 0.000000
vt 0.868613 0.000000
vt 0.492701 0.000000
vt 0.514599 0.000000
vt 0.496350 0.000000
vt 0.510949 0.000000
vt 0.507299 0.000000
vt 0.503650 0.000000
vt 0.145985 0.000000
vt 0.408759 0.000000
vt 0.598540 0.000000
vt 0.864964 0.000000
vt 0.149635 0.000000
vt 0.602190 0.000000
vt 0.605839 0.000000
vt 0.609489 0.000000
vt 0.613139 0.000000
vt 0.405109 0.000000
vt 0.616788 0.000000
vt 0.401460 0.000000
vt 0.397810 0.000000
vt 0.620438 0.000000
vt 0.394161 0.000000
vt 0.624088 0.000000
vt 0.390511 0.000000
vt 0.627737 0.000000
vt 0.386861 0.000000
vt 0.631387 0.000000
vt 0.383212 0.000000
vt 0.635036 0.000000
vt 0.379562 0.000000
vt 0.638686 0.000000
vt 0.375912 0.000000
vt 0.642336 0.000000
vt 0.372263 0.000000
vt 0.645985 0.000000
vt 0.153285 0.000000
vt 0.368613 0.000000
vt 0.364964 0.000000
vt 0.861314 0.000000
vt 0.649635 0.000000
vt 0.361314 0.000000
vt 0.653285 0.000000
vt 0.357664 0.000000
vt 0.656934 0.000000
vt 0.354015 0.000000
vt 0.660584 0.000000
vt 0.350365 0.000000
vt 0.346715 0.000000
vt 0.664234 0.000000
vt 0.156934 0.000000
vt 0.343066 0.000000
vt 0.667883 0.000000
vt 0.339416 0.000000
vt 0.671533 0.000000
vt 0.857664 0.000000
vt 0.335766 0.000000
vt 0.675182 0.000000
vt 0.332117 0.000000
vt 0.678832 0.000000
vt 0.328467 0.000000
vt 0.682482 0.000000
vt 0.160584 0.000000
vt 0.324818 0.000000
vt 0.686131 0.000000
vt 0.321168 0.000000
vt 0.689781 0.000000
vt 0.317518 0.000000
vt 0.693431 0.000000
vt 0.313869 0.000000
vt 0.854015 0.000000
vt 0.697080 0.000000
vt 0.310219 0.000000
vt 0.164234 0.000000
vt 0.700730 0.000000
vt 0.306569 0.000000
vt 0.704380 0.000000
vt 0.302920 0.000000
vt 0.708029 0.000000
vt 0.299270 0.000000
vt 0.711679 0.000000
vt 0.295620 0.000000
vt 0.850365 0.000000
vt 0.715328 0.000000
vt 0.167883 0.000000
vt 0.291971 0.000000
vt 0.718978 0.000000
vt 0.288321 0.000000
vt 0.722628 0.000000
vt 0.284672 0.000000
vt 0.726277 0.000000
vt 0.281022 0.000000
vt 0.729927 0.000000
vt 0.171533 0.000000
vt 0.277372 0.000000
vt 0.846715 0.000000
vt 0.733577 0.000000
vt 0.273723 0.000000
vt 0.175182 0.000000
vt 0.843066 0.000000
vt 0.178832 0.000000
vt 0.839416 0.000000
vt 0.182482 0.000000
vt 0.835766 0.000000
vt 0.186131 0.000000
vt 0.189781 0.000000
vt 0.832117 0.000000
vt 0.193431 0.000000
vt 0.828467 0.000000
vt 0.197080 0.000000
vt 0.824818 0.000000
vt 0.200730 0.000000
vt 0.204380 0.000000
vt 0.821168 0.000000
vt 0.208029 0.000000
vt 0.211679 0.000000
vt 0.817518 0.000000
vt 0.215328 0.000000
vt 0.218978 0.000000
vt 0.813869 0.000000
vt 0.222628 0.000000
vt 0.270073 0.000000
vt 0.266423 0.000000
vt 0.262774 0.000000
vt 0.226277 0.000000
vt 0.259124 0.000000
vt 0.255474 0.000000
vt 0.251825 0.000000
vt 0.248175 0.000000
vt 0.244526 0.000000
vt 0.229927 0.000000
vt 0.240876 0.000000
vt 0.237226 0.000000
vt 0.233577 0.000000
vt 0.810219 0.000000
vt 0.806569 0.000000
vt 0.737226 0.000000
vt 0.802920 0.000000
vt 0.740876 0.000000
vt 0.744526 0.000000
vt 0.799270 0.000000
vt 0.748175 0.000000
vt 0.751825 0.000000
vt 0.795620 0.000000
vt 0.755474 0.000000
vt 0.791971 0.000000
vt 0.759124 0.000000
vt 0.762774 0.000000
vt 0.788321 0.000000
vt 0.766423 0.000000
vt 0.770073 0.000000
vt 0.784672 0.000000
vt 0.773723 0.000000
vt 0.777372 0.000000
vt 0.781022 0.000000
vt 0.000000 1.000000
vt 0.003636 1.000000
vt 0.003636 0.000000
vt 0.007273 1.000000
vt 0.007273 0.000000
vt 0.010909 1.000000
vt 0.010909 0.000000
vt 0.014545 1.000000
vt 0.014545 0.000000
vt 0.018182 1.000000
vt 0.018182 0.000000
vt 0.021818 1.000000
vt 0.021818 0.000000
vt 0.025455 1.000000
vt 0.025455 0.000000
vt 0.029091 1.000000
vt 0.029091 0.000000
vt 0.032727 1.000000
vt 0.032727 0.000000
vt 0.036364 1.000000
vt 0.036364 0.000000
vt 0.040000 1.000000
vt 0.043636 1.000000
vt 0.043636 0.000000
vt 0.047273 1.000000
vt 0.047273 0.000000
vt 0.050909 1.000000
vt 0.050909 0.000000
vt 0.054545 1.000000
vt 0.054545 0.000000
vt 0.058182 1.000000
vt 0.058182 0.000000
vt 0.061818 1.000000
vt 0.061818 0.000000
vt 0.065455 1.000000
vt 0.065455 0.000000
vt 0.069091 1.000000
vt 0.069091 0.000000
vt 0.072727 1.000000
vt 0.072727 0.000000
vt 0.076364 1.000000
vt 0.076364 0.000000
vt 0.080000 1.000000
vt 0.083636 1.000000
vt 0.083636 0.000000
vt 0.087273 1.000000
vt 0.087273 0.000000
vt 0.090909 1.000000
vt 0.094545 1.000000
vt 0.094545 0.000000
vt 0.098182 1.000000
vt 0.098182 0.000000
vt 0.101818 1.000000
vt 0.101818 0.000000
vt 0.105455 1.000000
vt 0.105455 0.000000
vt 0.109091 1.000000
vt 0.109091 0.000000
vt 0.112727 1.000000
vt 0.112727 0.000000
vt 0.116364 1.000000
vt 0.116364 0.000000
vt 0.120000 1.000000
vt 0.123636 1.000000
vt 0.123636 0.000000
vt 0.127273 1.000000
vt 0.127273 0.000000
vt 0.130909 1.000000
vt 0.130909 0.000000
vt 0.134545 1.000000
vt 0.134545 0.000000
vt 0.138182 1.000000
vt 0.138182 0.000000
vt 0.141818 1.000000
vt 0.141818 0.000000
vt 0.145455 1.000000
vt 0.145455 0.000000
vt 0.149091 1.000000
vt 0.149091 0.000000
vt 0.152727 1.000000
vt 0.152727 0.000000
vt 0.156364 1.000000
vt 0.156364 0.000000
vt 0.160000 1.000000
vt 0.163636 1.000000
vt 0.163636 0.000000
vt 0.167273 1.000000
vt 0.167273 0.000000
vt 0.170909 1.000000
vt 0.170909 0.000000
vt 0.174545 1.000000
vt 0.174545 0.000000
vt 0.178182 1.000000
vt 0.178182 0.000000
vt 0.181818 1.000000
vt 0.185455 1.000000
vt 0.185455 0.000000
vt 0.189091 1.000000
vt 0.189091 0.000000
vt 0.192727 1.000000
vt 0.192727 0.000000
vt 0.196364 1.000000
vt 0.196364 0.000000
vt 0.200000 1.000000
vt 0.203636 1.000000
vt 0.203636 0.000000
vt 0.207273 1.000000
vt 0.207273 0.000000
vt 0.210909 1.000000
vt 0.210909 0.000000
vt 0.214545 1.000000
vt 0.214545 0.000000
vt 0.218182 1.000000
vt 0.218182 0.000000
vt 0.221818 1.000000
vt 0.221818 0.000000
vt 0.225455 1.000000
vt 0.225455 0.000000
vt 0.229091 1.000000
vt 0.229091 0.000000
vt 0.232727 1.000000
vt 0.232727 0.000000
vt 0.236364 1.000000
vt 0.236364 0.000000
vt 0.240000 1.000000
vt 0.243636 1.000000
vt 0.243636 0.000000
vt 0.247273 1.000000
vt 0.247273 0.000000
vt 0.250909 1.000000
vt 0.250909 0.000000
vt 0.254545 1.000000
vt 0.254545 0.000000
vt 0.258182 1.000000
vt 0.258182 0.000000
vt 0.261818 1.000000
vt 0.261818 0.000000
vt 0.265455 1.000000
vt 0.265455 0.000000
vt 0.269091 1.000000
vt 0.269091 0.000000
vt 0.272727 1.000000
vt 0.276364 1.000000
vt 0.276364 0.000000
vt 0.280000 1.000000
vt 0.283636 1.000000
vt 0.283636 0.000000
vt 0.287273 1.000000
vt 0.287273 0.000000
vt 0.290909 1.000000
vt 0.290909 0.000000
vt 0.294545 1.000000
vt 0.294545 0.000000
vt 0.298182 1.000000
vt 0.298182 0.000000
vt 0.301818 1.000000
vt 0.301818 0.000000
vt 0.305455 1.000000
vt 0.305455 0.000000
vt 0.309091 1.000000
vt 0.309091 0.000000
vt 0.312727 1.000000
vt 0.312727 0.000000
vt 0.316364 1.000000
vt 0.316364 0.000000
vt 0.320000 1.000000
vt 0.323636 1.000000
vt 0.323636 0.000000
vt 0.327273 1.000000
vt 0.327273 0.000000
vt 0.330909 1.000000
vt 0.330909 0.000000
vt 0.334545 1.000000
vt 0.334545 0.000000
vt 0.338182 1.000000
vt 0.338182 0.000000
vt 0.341818 1.000000
vt 0.341818 0.000000
vt 0.345455 1.000000
vt 0.345455 0.000000
vt 0.349091 1.000000
vt 0.349091 0.000000
vt 0.352727 1.000000
vt 0.352727 0.000000
vt 0.356364 1.000000
vt 0.356364 0.000000
vt 0.360000 1.000000
vt 0.363636 1.000000
vt 0.367273 1.000000
vt 0.367273 0.000000
vt 0.370909 1.000000
vt 0.370909 0.000000
vt 0.374545 1.000000
vt 0.374545 0.000000
vt 0.378182 1.000000
vt 0.378182 0.000000
vt 0.381818 1.000000
vt 0.381818 0.000000
vt 0.385455 1.000000
vt 0.385455 0.000000
vt 0.389091 1.000000
vt 0.389091 0.000000
vt 0.392727 1.000000
vt 0.392727 0.000000
vt 0.396364 1.000000
vt 0.396364 0.000000
vt 0.400000 1.000000
vt 0.403636 1.000000
vt 0.403636 0.000000
vt 0.407273 1.000000
vt 0.407273 0.000000
vt 0.410909 1.000000
vt 0.410909 0.000000
vt 0.414545 1.000000
vt 0.414545 0.000000
vt 0.418182 1.000000
vt 0.418182 0.000000
vt 0.421818 1.000000
vt 0.421818 0.000000
vt 0.425455 1.000000
vt 0.425455 0.000000
vt 0.429091 1.000000
vt 0.429091 0.000000
vt 0.432727 1.000000
vt 0.432727 0.000000
vt 0.436364 1.000000
vt 0.436364 0.000000
vt 0.440000 1.000000
vt 0.443636 1.000000
vt 0.443636 0.000000
vt 0.447273 1.000000
vt 0.447273 0.000000
vt 0.450909 1.000000
vt 0.450909 0.000000
vt 0.454545 1.000000
vt 0.458182 1.000000
vt 0.458182 0.000000
vt 0.461818 1.000000
vt 0.461818 0.000000
vt 0.465455 1.000000
vt 0.465455 0.000000
vt 0.469091 1.000000
vt 0.469091 0.000000
vt 0.472727 1.000000
vt 0.472727 0.000000
vt 0.476364 1.000000
vt 0.476364 0.000000
vt 0.480000 1.000000
vt 0.483636 1.000000
vt 0.483636 0.000000
vt 0.487273 1.000000
vt 0.487273 0.000000
vt 0.490909 1.000000
vt 0.490909 0.000000
vt 0.494545 1.000000
vt 0.494545 0.000000
vt 0.498182 1.000000
vt 0.498182 0.000000
vt 0.501818 1.000000
vt 0.501818 0.000000
vt 0.505455 1.000000
vt 0.505455 0.000000
vt 0.509091 1.000000
vt 0.509091 0.000000
vt 0.512727 1.000000
vt 0.512727 0.000000
vt 0.516364 1.000000
vt 0.516364 0.000000
vt 0.520000 1.000000
vt 0.523636 1.000000
vt 0.523636 0.000000
vt 0.527273 1.000000
vt 0.527273 0.000000
vt 0.530909 1.000000
vt 0.530909 0.000000
vt 0.534545 1.000000
vt 0.534545 0.000000
vt 0.538182 1.000000
vt 0.538182 0.000000
vt 0.541818 1.000000
vt 0.541818 0.000000
vt 0.545455 1.000000
vt 0.549091 1.000000
vt 0.549091 0.000000
vt 0.552727 1.000000
vt 0.552727 0.000000
vt 0.556364 1.000000
vt 0.556364 0.000000
vt 0.560000 1.000000
vt 0.563636 1.000000
vt 0.563636 0.000000
vt 0.567273 1.000000
vt 0.567273 0.000000
vt 0.570909 1.000000
vt 0.570909 0.000000
vt 0.574545 1.000000
vt 0.574545 0.000000
vt 0.578182 1.000000
vt 0.578182 0.000000
vt 0.581818 1.000000
vt 0.581818 0.000000
vt 0.585455 1.000000
vt 0.585455 0.000000
vt 0.589091 1.000000
vt 0.589091 0.000000
vt 0.592727 1.000000
vt 0.592727 0.000000
vt 0.596364 1.000000
vt 0.596364 0.000000
vt 0.600000 1.000000
vt 0.603636 1.000000
vt 0.603636 0.000000
vt 0.607273 1.000000
vt 0.607273 0.000000
vt 0.610909 1.000000
vt 0.610909 0.000000
vt 0.614545 1.000000
vt 0.614545 0.000000
vt 0.618182 1.000000
vt 0.618182 0.000000
vt 0.621818 1.000000
vt 0.621818 0.000000
vt 0.625455 1.000000
vt 0.625455 0.000000
vt 0.629091 1.000000
vt 0.629091 0.000000
vt 0.632727 1.000000
vt 0.632727 0.000000
vt 0.636364 1.000000
vt 0.640000 1.000000
vt 0.643636 1.000000
vt 0.643636 0.000000
vt 0.647273 1.000000
vt 0.647273 0.000000
vt 0.650909 1.000000
vt 0.650909 0.000000
vt 0.654545 1.000000
vt 0.654545 0.000000
vt 0.658182 1.000000
vt 0.658182 0.000000
vt 0.661818 1.000000
vt 0.661818 0.000000
vt 0.665455 1.000000
vt 0.665455 0.000000
vt 0.669091 1.000000
vt 0.669091 0.000000
vt 0.672727 1.000000
vt 0.672727 0.000000
vt 0.676364 1.000000
vt 0.676364 0.000000
vt 0.680000 1.000000
vt 0.683636 1.000000
vt 0.683636 0.000000
vt 0.687273 1.000000
vt 0.687273 0.000000
vt 0.690909 1.000000
vt 0.690909 0.000000
vt 0.694545 1.000000
vt 0.694545 0.000000
vt 0.698182 1.000000
vt 0.698182 0.000000
vt 0.701818 1.000000
vt 0.701818 0.000000
vt 0.705455 1.000000
vt 0.705455 0.000000
vt 0.709091 1.000000
vt 0.709091 0.000000
vt 0.712727 1.000000
vt 0.712727 0.000000
vt 0.716364 1.000000
vt 0.716364 0.000000
vt 0.720000 1.000000
vt 0.723636 1.000000
vt 0.723636 0.000000
vt 0.727273 1.000000
vt 0.730909 1.000000
vt 0.730909 0.000000
vt 0.734545 1.000000
vt 0.734545 0.000000
vt 0.738182 1.000000
vt 0.738182 0.000000
vt 0.741818 1.000000
vt 0.741818 0.000000
vt 0.745455 1.000000
vt 0.745455 0.000000
vt 0.749091 1.000000
vt 0.749091 0.000000
vt 0.752727 1.000000
vt 0.752727 0.000000
vt 0.756364 1.000000
vt 0.756364 0.000000
vt 0.760000 1.000000
vt 0.763636 1.000000
vt 0.763636 0.000000
vt 0.767273 1.000000
vt 0.767273 0.000000
vt 0.770909 1.000000
vt 0.770909 0.000000
vt 0.774545 1.000000
vt 0.774545 0.000000
vt 0.778182 1.000000
vt 0.778182 0.000000
vt 0.781818 1.000000
vt 0.781818 0.000000
vt 0.785455 1.000000
vt 0.785455 0.000000
vt 0.789091 1.000000
vt 0.789091 0.000000
vt 0.792727 1.000000
vt 0.792727 0.000000
vt 0.796364 1.000000
vt 0.796364 0.000000
vt 0.800000 1.000000
vt 0.803636 1.000000
vt 0.803636 0.000000
vt 0.807273 1.000000
vt 0.807273 0.000000
vt 0.810909 1.000000
vt 0.810909 0.000000
vt 0.814545 1.000000
vt 0.814545 0.000000
vt 0.818182 1.000000
vt 0.821818 1.000000
vt 0.821818 0.000000
vt 0.825455 1.000000
vt 0.825455 0.000000
vt 0.829091 1.000000
vt 0.829091 0.000000
vt 0.832727 1.000000
vt 0.832727 0.000000
vt 0.836364 1.000000
vt 0.836364 0.000000
vt 0.840000 1.000000
vt 0.843636 1.000000
vt 0.843636 0.000000
vt 0.847273 1.000000
vt 0.847273 0.000000
vt 0.850909 1.000000
vt 0.850909 0.000000
vt 0.854545 1.000000
vt 0.854545 0.000000
vt 0.858182 1.000000
vt 0.858182 0.000000
vt 0.861818 1.000000
vt 0.861818 0.000000
vt 0.865455 1.000000
vt 0.865455 0.000000
vt 0.869091 1.000000
vt 0.869091 0.000000
vt 0.872727 1.000000
vt 0.872727 0.000000
vt 0.876364 1.000000
vt 0.876364 0.000000
vt 0.880000 1.000000
vt 0.883636 1.000000
vt 0.883636 0.000000
vt 0.887273 1.000000
vt 0.887273 0.000000
vt 0.890909 1.000000
vt 0.890909 0.000000
vt 0.894545 1.000000
vt 0.894545 0.000000
vt 0.898182 1.000000
vt 0.898182 0.000000
vt 0.901818 1.000000
vt 0.901818 0.000000
vt 0.905455 1.000000
vt 0.905455 0.000000
vt 0.909091 1.000000
vt 0.912727 1.000000
vt 0.912727 0.000000
vt 0.916364 1.000000
vt 0.916364 0.000000
vt 0.920000 1.000000
vt 0.923636 1.000000
vt 0.923636 0.000000
vt 0.927273 1.000000
vt 0.927273 0.000000
vt 0.930909 1.000000
vt 0.930909 0.000000
vt 0.934545 1.000000
vt 0.934545 0.000000
vt 0.938182 1.000000
vt 0.938182 0.000000
vt 0.941818 1.000000
vt 0.941818 0.000000
vt 0.945455 1.000000
vt 0.945455 0.000000
vt 0.949091 1.000000
vt 0.949091 0.000000
vt 0.952727 1.000000
vt 0.952727 0.000000
vt 0.956364 1.000000
vt 0.956364 0.000000
vt 0.960000 1.000000
vt 0.963636 1.000000
vt 0.963636 0.000000
vt 0.967273 1.000000
vt 0.967273 0.000000
vt 0.970909 1.000000
vt 0.970909 0.000000
vt 0.974545 1.000000
vt 0.974545 0.000000
vt 0.978182 1.000000
vt 0.978182 0.000000
vt 0.981818 1.000000
vt 0.981818 0.000000
vt 0.985455 1.000000
vt 0.985455 0.000000
vt 0.989091 1.000000
vt 0.989091 0.000000
vt 0.992727 1.000000
vt 0.992727 0.000000
vt 0.996364 1.000000
vt 0.996364 0.000000
vt 1.000000 1.000000
vt 0.005102 1.000000
vt 0.005102 0.000000
vt 0.010204 1.000000
vt 0.010204 0.000000
vt 0.015306 1.000000
vt 0.015306 0.000000
vt 0.020408 1.000000
vt 0.020408 0.000000
vt 0.025510 1.000000
vt 0.025510 0.000000
vt 0.030612 1.000000
vt 0.030612 0.000000
vt 0.035714 1.000000
vt 0.035714 0.000000
vt 0.040816 1.000000
vt 0.040816 0.000000
vt 0.045918 1.000000
vt 0.045918 0.000000
vt 0.051020 1.000000
vt 0.051020 0.000000
vt 0.056122 1.000000
vt 0.056122 0.000000
vt 0.061224 1.000000
vt 0.061224 0.000000
vt 0.066327 1.000000
vt 0.066327 0.000000
vt 0.071429 1.000000
vt 0.071429 0.000000
vt 0.076531 1.000000
vt 0.076531 0.000000
vt 0.081633 1.000000
vt 0.081633 0.000000
vt 0.086735 1.000000
vt 0.086735 0.000000
vt 0.091837 1.000000
vt 0.091837 0.000000
vt 0.096939 1.000000
vt 0.096939 0.000000
vt 0.102041 1.000000
vt 0.102041 0.000000
vt 0.107143 1.000000
vt 0.107143 0.000000
vt 0.112245 1.000000
vt 0.112245 0.000000
vt 0.117347 1.000000
vt 0.117347 0.000000
vt 0.122449 1.000000
vt 0.122449 0.000000
vt 0.127551 1.000000
vt 0.127551 0.000000
vt 0.132653 1.000000
vt 0.132653 0.000000
vt 0.137755 1.000000
vt 0.137755 0.000000
vt 0.142857 1.000000
vt 0.142857 0.000000
vt 0.147959 1.000000
vt 0.147959 0.000000
vt 0.153061 1.000000
vt 0.153061 0.000000
vt 0.158163 1.000000
vt 0.158163 0.000000
vt 0.163265 1.000000
vt 0.163265 0.000000
vt 0.168367 1.000000
vt 0.168367 0.000000
vt 0.173469 1.000000
vt 0.173469 0.000000
vt 0.178571 1.000000
vt 0.178571 0.000000
vt 0.183673 1.000000
vt 0.183673 0.000000
vt 0.188776 1.000000
vt 0.188776 0.000000
vt 0.193878 1.000000
vt 0.193878 0.000000
vt 0.198980 1.000000
vt 0.198980 0.000000
vt 0.204082 1.000000
vt 0.204082 0.000000
vt 0.209184 1.000000
vt 0.209184 0.000000
vt 0.214286 1.000000
vt 0.214286 0.000000
vt 0.219388 1.000000
vt 0.219388 0.000000
vt 0.224490 1.000000
vt 0.224490 0.000000
vt 0.229592 1.000000
vt 0.229592 0.000000
vt 0.234694 1.000000
vt 0.234694 0.000000
vt 0.239796 1.000000
vt 0.239796 0.000000
vt 0.244898 1.000000
vt 0.244898 0.000000
vt 0.250000 1.000000
vt 0.255102 1.000000
vt 0.255102 0.000000
vt 0.260204 1.000000
vt 0.260204 0.000000
vt 0.265306 1.000000
vt 0.265306 0.000000
vt 0.270408 1.000000
vt 0.270408 0.000000
vt 0.275510 1.000000
vt 0.275510 0.000000
vt 0.280612 1.000000
vt 0.280612 0.000000
vt 0.285714 1.000000
vt 0.285714 0.000000
vt 0.290816 1.000000
vt 0.290816 0.000000
vt 0.295918 1.000000
vt 0.295918 0.000000
vt 0.301020 1.000000
vt 0.301020 0.000000
vt 0.306122 1.000000
vt 0.306122 0.000000
vt 0.311224 1.000000
vt 0.311224 0.000000
vt 0.316327 1.000000
vt 0.316327 0.000000
vt 0.321429 1.000000
vt 0.321429 0.000000
vt 0.326531 1.000000
vt 0.326531 0.000000
vt 0.331633 1.000000
vt 0.331633 0.000000
vt 0.336735 1.000000
vt 0.336735 0.000000
vt 0.341837 1.000000
vt 0.341837 0.000000
vt 0.346939 1.000000
vt 0.346939 0.000000
vt 0.352041 1.000000
vt 0.352041 0.000000
vt 0.357143 1.000000
vt 0.357143 0.000000
vt 0.362245 1.000000
vt 0.362245 0.000000
vt 0.367347 1.000000
vt 0.367347 0.000000
vt 0.372449 1.000000
vt 0.372449 0.000000
vt 0.377551 1.000000
vt 0.377551 0.000000
vt 0.382653 1.000000
vt 0.382653 0.000000
vt 0.387755 1.000000
vt 0.387755 0.000000
vt 0.392857 1.000000
vt 0.392857 0.000000
vt 0.397959 1.000000
vt 0.397959 0.000000
vt 0.403061 1.000000
vt 0.403061 0.000000
vt 0.408163 1.000000
vt 0.408163 0.000000
vt 0.413265 1.000000
vt 0.413265 0.000000
vt 0.418367 1.000000
vt 0.418367 0.000000
vt 0.423469 1.000000
vt 0.423469 0.000000
vt 0.428571 1.000000
vt 0.428571 0.000000
vt 0.433673 1.000000
vt 0.433673 0.000000
vt 0.438776 1.000000
vt 0.438776 0.000000
vt 0.443878 1.000000
vt 0.443878 0.000000
vt 0.448980 1.000000
vt 0.448980 0.000000
vt 0.454082 1.000000
vt 0.454082 0.000000
vt 0.459184 1.000000
vt 0.459184 0.000000
vt 0.464286 1.000000
vt 0.464286 0.000000
vt 0.469388 1.000000
vt 0.469388 0.000000
vt 0.474490 1.000000
vt 0.474490 0.000000
vt 0.479592 1.000000
vt 0.479592 0.000000
vt 0.484694 1.000000
vt 0.484694 0.000000
vt 0.489796 1.000000
vt 0.489796 0.000000
vt 0.494898 1.000000
vt 0.494898 0.000000
vt 0.500000 1.000000
vt 0.505102 1.000000
vt 0.505102 0.000000
vt 0.510204 1.000000
vt 0.510204 0.000000
vt 0.515306 1.000000
vt 0.515306 0.000000
vt 0.520408 1.000000
vt 0.520408 0.000000
vt 0.525510 1.000000
vt 0.525510 0.000000
vt 0.530612 1.000000
vt 0.530612 0.000000
vt 0.535714 1.000000
vt 0.535714 0.000000
vt 0.540816 1.000000
vt 0.540816 0.000000
vt 0.545918 1.000000
vt 0.545918 0.000000
vt 0.551020 1.000000
vt 0.551020 0.000000
vt 0.556122 1.000000
vt 0.556122 0.000000
vt 0.561224 1.000000
vt 0.561224 0.000000
vt 0.566327 1.000000
vt 0.566327 0.000000
vt 0.571429 1.000000
vt 0.571429 0.000000
vt 0.576531 1.000000
vt 0.576531 0.000000
vt 0.581633 1.000000
vt 0.581633 0.000000
vt 0.586735 1.000000
vt 0.586735 0.000000
vt 0.591837 1.000000
vt 0.591837 0.000000
vt 0.596939 1.000000
vt 0.596939 0.000000
vt 0.602041 1.000000
vt 0.602041 0.000000
vt 0.607143 1.000000
vt 0.607143 0.000000
vt 0.612245 1.000000
vt 0.612245 0.000000
vt 0.617347 1.000000
vt 0.617347 0.000000
vt 0.622449 1.000000
vt 0.622449 0.000000
vt 0.627551 1.000000
vt 0.627551 0.000000
vt 0.632653 1.000000
vt 0.632653 0.000000
vt 0.637755 1.000000
vt 0.637755 0.000000
vt 0.642857 1.000000
vt 0.642857 0.000000
vt 0.647959 1.000000
vt 0.647959 0.000000
vt 0.653061 1.000000
vt 0.653061 0.000000
vt 0.658163 1.000000
vt 0.658163 0.000000
vt 0.663265 1.000000
vt 0.663265 0.000000
vt 0.668367 1.000000
vt 0.668367 0.000000
vt 0.673469 1.000000
vt 0.673469 0.000000
vt 0.678571 1.000000
vt 0.678571 0.000000
vt 0.683673 1.000000
vt 0.683673 0.000000
vt 0.688776 1.000000
vt 0.688776 0.000000
vt 0.693878 1.000000
vt 0.693878 0.000000
vt 0.698980 1.000000
vt 0.698980 0.000000
vt 0.704082 1.000000
vt 0.704082 0.000000
vt 0.709184 1.000000
vt 0.709184 0.000000
vt 0.714286 1.000000
vt 0.714286 0.000000
vt 0.719388 1.000000
vt 0.719388 0.000000
vt 0.724490 1.000000
vt 0.724490 0.000000
vt 0.729592 1.000000
vt 0.729592 0.000000
vt 0.734694 1.000000
vt 0.734694 0.000000
vt 0.739796 1.000000
vt 0.739796 0.000000
vt 0.744898 1.000000
vt 0.744898 0.000000
vt 0.750000 1.000000
vt 0.755102 1.000000
vt 0.755102 0.000000
vt 0.760204 1.000000
vt 0.760204 0.000000
vt 0.765306 1.000000
vt 0.765306 0.000000
vt 0.770408 1.000000
vt 0.770408 0.000000
vt 0.775510 1.000000
vt 0.775510 0.000000
vt 0.780612 1.000000
vt 0.780612 0.000000
vt 0.785714 1.000000
vt 0.785714 0.000000
vt 0.790816 1.000000
vt 0.790816 0.000000
vt 0.795918 1.000000
vt 0.795918 0.000000
vt 0.801020 1.000000
vt 0.801020 0.000000
vt 0.806122 1.000000
vt 0.806122 0.000000
vt 0.811224 1.000000
vt 0.811224 0.000000
vt 0.816327 1.000000
vt 0.816327 0.000000
vt 0.821429 1.000000
vt 0.821429 0.000000
vt 0.826531 1.000000
vt 0.826531 0.000000
vt 0.831633 1.000000
vt 0.831633 0.000000
vt 0.836735 1.000000
vt 0.836735 0.000000
vt 0.841837 1.000000
vt 0.841837 0.000000
vt 0.846939 1.000000
vt 0.846939 0.000000
vt 0.852041 1.000000
vt 0.852041 0.000000
vt 0.857143 1.000000
vt 0.857143 0.000000
vt 0.862245 1.000000
vt 0.862245 0.000000
vt 0.867347 1.000000
vt 0.867347 0.000000
vt 0.872449 1.000000
vt 0.872449 0.000000
vt 0.877551 1.000000
vt 0.877551 0.000000
vt 0.882653 1.000000
vt 0.882653 0.000000
vt 0.887755 1.000000
vt 0.887755 0.000000
vt 0.892857 1.000000
vt 0.892857 0.000000
vt 0.897959 1.000000
vt 0.897959 0.000000
vt 0.903061 1.000000
vt 0.903061 0.000000
vt 0.908163 1.000000
vt 0.908163 0.000000
vt 0.913265 1.000000
vt 0.913265 0.000000
vt 0.918367 1.000000
vt 0.918367 0.000000
vt 0.923469 1.000000
vt 0.923469 0.000000
vt 0.928571 1.000000
vt 0.928571 0.000000
vt 0.933673 1.000000
vt 0.933673 0.000000
vt 0.938776 1.000000
vt 0.938776 0.000000
vt 0.943878 1.000000
vt 0.943878 0.000000
vt 0.948980 1.000000
vt 0.948980 0.000000
vt 0.954082 1.000000
vt 0.954082 0.000000
vt 0.959184 1.000000
vt 0.959184 0.000000
vt 0.964286 1.000000
vt 0.964286 0.000000
vt 0.969388 1.000000
vt 0.969388 0.000000
vt 0.974490 1.000000
vt 0.974490 0.000000
vt 0.979592 1.000000
vt 0.979592 0.000000
vt 0.984694 1.000000
vt 0.984694 0.000000
vt 0.989796 1.000000
vt 0.989796 0.000000
vt 0.994898 1.000000
vt 0.994898 0.000000
vt 0.013699 1.000000
vt 0.013699 0.000000
vt 0.027397 1.000000
vt 0.027397 0.000000
vt 0.041096 1.000000
vt 0.041096 0.000000
vt 0.054795 1.000000
vt 0.054795 0.000000
vt 0.068493 1.000000
vt 0.068493 0.000000
vt 0.082192 1.000000
vt 0.082192 0.000000
vt 0.095890 1.000000
vt 0.095890 0.000000
vt 0.109589 1.000000
vt 0.109589 0.000000
vt 0.123288 1.000000
vt 0.123288 0.000000
vt 0.136986 1.000000
vt 0.136986 0.000000
vt 0.150685 1.000000
vt 0.150685 0.000000
vt 0.164384 1.000000
vt 0.164384 0.000000
vt 0.178082 1.000000
vt 0.178082 0.000000
vt 0.191781 1.000000
vt 0.191781 0.000000
vt 0.205479 1.000000
vt 0.205479 0.000000
vt 0.219178 1.000000
vt 0.219178 0.000000
vt 0.232877 1.000000
vt 0.232877 0.000000
vt 0.246575 1.000000
vt 0.246575 0.000000
vt 0.260274 1.000000
vt 0.260274 0.000000
vt 0.273973 1.000000
vt 0.273973 0.000000
vt 0.287671 1.000000
vt 0.287671 0.000000
vt 0.301370 1.000000
vt 0.301370 0.000000
vt 0.315068 1.000000
vt 0.315068 0.000000
vt 0.328767 1.000000
vt 0.328767 0.000000
vt 0.342466 1.000000
vt 0.342466 0.000000
vt 0.356164 1.000000
vt 0.356164 0.000000
vt 0.369863 1.000000
vt 0.369863 0.000000
vt 0.383562 1.000000
vt 0.383562 0.000000
vt 0.397260 1.000000
vt 0.397260 0.000000
vt 0.410959 1.000000
vt 0.410959 0.000000
vt 0.424658 1.000000
vt 0.424658 0.000000
vt 0.438356 1.000000
vt 0.438356 0.000000
vt 0.452055 1.000000
vt 0.452055 0.000000
vt 0.465753 1.000000
vt 0.465753 0.000000
vt 0.479452 1.000000
vt 0.479452 0.000000
vt 0.493151 1.000000
vt 0.493151 0.000000
vt 0.506849 1.000000
vt 0.506849 0.000000
vt 0.520548 1.000000
vt 0.520548 0.000000
vt 0.534247 1.000000
vt 0.534247 0.000000
vt 0.547945 1.000000
vt 0.547945 0.000000
vt 0.561644 1.000000
vt 0.561644 0.000000
vt 0.575342 1.000000
vt 0.575342 0.000000
vt 0.589041 1.000000
vt 0.589041 0.000000
vt 0.602740 1.000000
vt 0.602740 0.000000
vt 0.616438 1.000000
vt 0.616438 0.000000
vt 0.630137 1.000000
vt 0.630137 0.000000
vt 0.643836 1.000000
vt 0.643836 0.000000
vt 0.657534 1.000000
vt 0.657534 0.000000
vt 0.671233 1.000000
vt 0.671233 0.000000
vt 0.684932 1.000000
vt 0.684932 0.000000
vt 0.698630 1.000000
vt 0.698630 0.000000
vt 0.712329 1.000000
vt 0.712329 0.000000
vt 0.726027 1.000000
vt 0.726027 0.000000
vt 0.739726 1.000000
vt 0.739726 0.000000
vt 0.753425 1.000000
vt 0.753425 0.000000
vt 0.767123 1.000000
vt 0.767123 0.000000
vt 0.780822 1.000000
vt 0.780822 0.000000
vt 0.794521 1.000000
vt 0.794521 0.000000
vt 0.808219 1.000000
vt 0.808219 0.000000
vt 0.821918 1.000000
vt 0.821918 0.000000
vt 0.835616 1.000000
vt 0.835616 0.000000
vt 0.849315 1.000000
vt 0.849315 0.000000
vt 0.863014 1.000000
vt 0.863014 0.000000
vt 0.876712 1.000000
vt 0.876712 0.000000
vt 0.890411 1.000000
vt 0.890411 0.000000
vt 0.904110 1.000000
vt 0.904110 0.000000
vt 0.917808 1.000000
vt 0.917808 0.000000
vt 0.931507 1.000000
vt 0.931507 0.000000
vt 0.945205 1.000000
vt 0.945205 0.000000
vt 0.958904 1.000000
vt 0.958904 0.000000
vt 0.972603 1.000000
vt 0.972603 0.000000
vt 0.986301 1.000000
vt 0.986301 0.000000
vt 0.002326 1.000000
vt 0.002326 0.000000
vt 0.004651 1.000000
vt 0.004651 0.000000
vt 0.006977 1.000000
vt 0.006977 0.000000
vt 0.009302 1.000000
vt 0.009302 0.000000
vt 0.011628 1.000000
vt 0.011628 0.000000
vt 0.013953 1.000000
vt 0.013953 0.000000
vt 0.016279 1.000000
vt 0.016279 0.000000
vt 0.018605 1.000000
vt 0.018605 0.000000
vt 0.020930 1.000000
vt 0.020930 0.000000
vt 0.023256 1.000000
vt 0.023256 0.000000
vt 0.025581 1.000000
vt 0.025581 0.000000
vt 0.027907 1.000000
vt 0.027907 0.000000
vt 0.030233 1.000000
vt 0.030233 0.000000
vt 0.032558 1.000000
vt 0.032558 0.000000
vt 0.034884 1.000000
vt 0.034884 0.000000
vt 0.037209 1.000000
vt 0.037209 0.000000
vt 0.039535 1.000000
vt 0.039535 0.000000
vt 0.041860 1.000000
vt 0.041860 0.000000
vt 0.044186 1.000000
vt 0.044186 0.000000
vt 0.046512 1.000000
vt 0.046512 0.000000
vt 0.048837 1.000000
vt 0.048837 0.000000
vt 0.051163 1.000000
vt 0.051163 0.000000
vt 0.053488 1.000000
vt 0.053488 0.000000
vt 0.055814 1.000000
vt 0.055814 0.000000
vt 0.058140 1.000000
vt 0.058140 0.000000
vt 0.060465 1.000000
vt 0.060465 0.000000
vt 0.062791 1.000000
vt 0.062791 0.000000
vt 0.065116 1.000000
vt 0.065116 0.000000
vt 0.067442 1.000000
vt 0.067442 0.000000
vt 0.069767 1.000000
vt 0.069767 0.000000
vt 0.072093 1.000000
vt 0.072093 0.000000
vt 0.074419 1.000000
vt 0.074419 0.000000
vt 0.076744 1.000000
vt 0.076744 0.000000
vt 0.079070 1.000000
vt 0.079070 0.000000
vt 0.081395 1.000000
vt 0.081395 0.000000
vt 0.083721 1.000000
vt 0.083721 0.000000
vt 0.086047 1.000000
vt 0.086047 0.000000
vt 0.088372 1.000000
vt 0.088372 0.000000
vt 0.090698 1.000000
vt 0.090698 0.000000
vt 0.093023 1.000000
vt 0.093023 0.000000
vt 0.095349 1.000000
vt 0.095349 0.000000
vt 0.097674 1.000000
vt 0.097674 0.000000
vt 0.100000 1.000000
vt 0.102326 1.000000
vt 0.102326 0.000000
vt 0.104651 1.000000
vt 0.104651 0.000000
vt 0.106977 1.000000
vt 0.106977 0.000000
vt 0.109302 1.000000
vt 0.109302 0.000000
vt 0.111628 1.000000
vt 0.111628 0.000000
vt 0.113953 1.000000
vt 0.113953 0.000000
vt 0.116279 1.000000
vt 0.116279 0.000000
vt 0.118605 1.000000
vt 0.118605 0.000000
vt 0.120930 1.000000
vt 0.120930 0.000000
vt 0.123256 1.000000
vt 0.123256 0.000000
vt 0.125581 1.000000
vt 0.125581 0.000000
vt 0.127907 1.000000
vt 0.127907 0.000000
vt 0.130233 1.000000
vt 0.130233 0.000000
vt 0.132558 1.000000
vt 0.132558 0.000000
vt 0.134884 1.000000
vt 0.134884 0.000000
vt 0.137209 1.000000
vt 0.137209 0.000000
vt 0.139535 1.000000
vt 0.139535 0.000000
vt 0.141860 1.000000
vt 0.141860 0.000000
vt 0.144186 1.000000
vt 0.144186 0.000000
vt 0.146512 1.000000
vt 0.146512 0.000000
vt 0.148837 1.000000
vt 0.148837 0.000000
vt 0.151163 1.000000
vt 0.151163 0.000000
vt 0.153488 1.000000
vt 0.153488 0.000000
vt 0.155814 1.000000
vt 0.155814 0.000000
vt 0.158140 1.000000
vt 0.158140 0.000000
vt 0.160465 1.000000
vt 0.160465 0.000000
vt 0.162791 1.000000
vt 0.162791 0.000000
vt 0.165116 1.000000
vt 0.165116 0.000000
vt 0.167442 1.000000
vt 0.167442 0.000000
vt 0.169767 1.000000
vt 0.169767 0.000000
vt 0.172093 1.000000
vt 0.172093 0.000000
vt 0.174419 1.000000
vt 0.174419 0.000000
vt 0.176744 1.000000
vt 0.176744 0.000000
vt 0.179070 1.000000
vt 0.179070 0.000000
vt 0.181395 1.000000
vt 0.181395 0.000000
vt 0.183721 1.000000
vt 0.183721 0.000000
vt 0.186047 1.000000
vt 0.186047 0.000000
vt 0.188372 1.000000
vt 0.188372 0.000000
vt 0.190698 1.000000
vt 0.190698 0.000000
vt 0.193023 1.000000
vt 0.193023 0.000000
vt 0.195349 1.000000
vt 0.195349 0.000000
vt 0.197674 1.000000
vt 0.197674 0.000000
vt 0.202326 1.000000
vt 0.202326 0.000000
vt 0.204651 1.000000
vt 0.204651 0.000000
vt 0.206977 1.000000
vt 0.206977 0.000000
vt 0.209302 1.000000
vt 0.209302 0.000000
vt 0.211628 1.000000
vt 0.211628 0.000000
vt 0.213953 1.000000
vt 0.213953 0.000000
vt 0.216279 1.000000
vt 0.216279 0.000000
vt 0.218605 1.000000
vt 0.218605 0.000000
vt 0.220930 1.000000
vt 0.220930 0.000000
vt 0.223256 1.000000
vt 0.223256 0.000000
vt 0.225581 1.000000
vt 0.225581 0.000000
vt 0.227907 1.000000
vt 0.227907 0.000000
vt 0.230233 1.000000
vt 0.230233 0.000000
vt 0.232558 1.000000
vt 0.232558 0.000000
vt 0.234884 1.000000
vt 0.234884 0.000000
vt 0.237209 1.000000
vt 0.237209 0.000000
vt 0.239535 1.000000
vt 0.239535 0.000000
vt 0.241860 1.000000
vt 0.241860 0.000000
vt 0.244186 1.000000
vt 0.244186 0.000000
vt 0.246512 1.000000
vt 0.246512 0.000000
vt 0.248837 1.000000
vt 0.248837 0.000000
vt 0.251163 1.000000
vt 0.251163 0.000000
vt 0.253488 1.000000
vt 0.253488 0.000000
vt 0.255814 1.000000
vt 0.255814 0.000000
vt 0.258140 1.000000
vt 0.258140 0.000000
vt 0.260465 1.000000
vt 0.260465 0.000000
vt 0.262791 1.000000
vt 0.262791 0.000000
vt 0.265116 1.000000
vt 0.265116 0.000000
vt 0.267442 1.000000
vt 0.267442 0.000000
vt 0.269767 1.000000
vt 0.269767 0.000000
vt 0.272093 1.000000
vt 0.272093 0.000000
vt 0.274419 1.000000
vt 0.274419 0.000000
vt 0.276744 1.000000
vt 0.276744 0.000000
vt 0.279070 1.000000
vt 0.279070 0.000000
vt 0.281395 1.000000
vt 0.281395 0.000000
vt 0.283721 1.000000
vt 0.283721 0.000000
vt 0.286047 1.000000
vt 0.286047 0.000000
vt 0.288372 1.000000
vt 0.288372 0.000000
vt 0.290698 1.000000
vt 0.290698 0.000000
vt 0.293023 1.000000
vt 0.293023 0.000000
vt 0.295349 1.000000
vt 0.295349 0.000000
vt 0.297674 1.000000
vt 0.297674 0.000000
vt 0.300000 1.000000
vt 0.302326 1.000000
vt 0.302326 0.000000
vt 0.304651 1.000000
vt 0.304651 0.000000
vt 0.306977 1.000000
vt 0.306977 0.000000
vt 0.309302 1.000000
vt 0.309302 0.000000
vt 0.311628 1.000000
vt 0.311628 0.000000
vt 0.313953 1.000000
vt 0.313953 0.000000
vt 0.316279 1.000000
vt 0.316279 0.000000
vt 0.318605 1.000000
vt 0.318605 0.000000
vt 0.320930 1.000000
vt 0.320930 0.000000
vt 0.323256 1.000000
vt 0.323256 0.000000
vt 0.325581 1.000000
vt 0.325581 0.000000
vt 0.327907 1.000000
vt 0.327907 0.000000
vt 0.330233 1.000000
vt 0.330233 0.000000
vt 0.332558 1.000000
vt 0.332558 0.000000
vt 0.334884 1.000000
vt 0.334884 0.000000
vt 0.337209 1.000000
vt 0.337209 0.000000
vt 0.339535 1.000000
vt 0.339535 0.000000
vt 0.341860 1.000000
vt 0.341860 0.000000
vt 0.344186 1.000000
vt 0.344186 0.000000
vt 0.346512 1.000000
vt 0.346512 0.000000
vt 0.348837 1.000000
vt 0.348837 0.000000
vt 0.351163 1.000000
vt 0.351163 0.000000
vt 0.353488 1.000000
vt 0.353488 0.000000
vt 0.355814 1.000000
vt 0.355814 0.000000
vt 0.358140 1.000000
vt 0.358140 0.000000
vt 0.360465 1.000000
vt 0.360465 0.000000
vt 0.362791 1.000000
vt 0.362791 0.000000
vt 0.365116 1.000000
vt 0.365116 0.000000
vt 0.367442 1.000000
vt 0.367442 0.000000
vt 0.369767 1.000000
vt 0.369767 0.000000
vt 0.372093 1.000000
vt 0.372093 0.000000
vt 0.374419 1.000000
vt 0.374419 0.000000
vt 0.376744 1.000000
vt 0.376744 0.000000
vt 0.379070 1.000000
vt 0.379070 0.000000
vt 0.381395 1.000000
vt 0.381395 0.000000
vt 0.383721 1.000000
vt 0.383721 0.000000
vt 0.386046 1.000000
vt 0.386046 0.000000
vt 0.388372 1.000000
vt 0.388372 0.000000
vt 0.390698 1.000000
vt 0.390698 0.000000
vt 0.393023 1.000000
vt 0.393023 0.000000
vt 0.395349 1.000000
vt 0.395349 0.000000
vt 0.397674 1.000000
vt 0.397674 0.000000
vt 0.402326 1.000000
vt 0.402326 0.000000
vt 0.404651 1.000000
vt 0.404651 0.000000
vt 0.406977 1.000000
vt 0.406977 0.000000
vt 0.409302 1.000000
vt 0.409302 0.000000
vt 0.411628 1.000000
vt 0.411628 0.000000
vt 0.413953 1.000000
vt 0.413953 0.000000
vt 0.416279 1.000000
vt 0.416279 0.000000
vt 0.418605 1.000000
vt 0.418605 0.000000
vt 0.420930 1.000000
vt 0.420930 0.000000
vt 0.423256 1.000000
vt 0.423256 0.000000
vt 0.425581 1.000000
vt 0.425581 0.000000
vt 0.427907 1.000000
vt 0.427907 0.000000
vt 0.430233 1.000000
vt 0.430233 0.000000
vt 0.432558 1.000000
vt 0.432558 0.000000
vt 0.434884 1.000000
vt 0.434884 0.000000
vt 0.437209 1.000000
vt 0.437209 0.000000
vt 0.439535 1.000000
vt 0.439535 0.000000
vt 0.441860 1.000000
vt 0.441860 0.000000
vt 0.444186 1.000000
vt 0.444186 0.000000
vt 0.446512 1.000000
vt 0.446512 0.000000
vt 0.448837 1.000000
vt 0.448837 0.000000
vt 0.451163 1.000000
vt 0.451163 0.000000
vt 0.453488 1.000000
vt 0.453488 0.000000
vt 0.455814 1.000000
vt 0.455814 0.000000
vt 0.458140 1.000000
vt 0.458140 0.000000
vt 0.460465 1.000000
vt 0.460465 0.000000
vt 0.462791 1.000000
vt 0.462791 0.000000
vt 0.465116 1.000000
vt 0.465116 0.000000
vt 0.467442 1.000000
vt 0.467442 0.000000
vt 0.469767 1.000000
vt 0.469767 0.000000
vt 0.472093 1.000000
vt 0.472093 0.000000
vt 0.474419 1.000000
vt 0.474419 0.000000
vt 0.476744 1.000000
vt 0.476744 0.000000
vt 0.479070 1.000000
vt 0.479070 0.000000
vt 0.481395 1.000000
vt 0.481395 0.000000
vt 0.483721 1.000000
vt 0.483721 0.000000
vt 0.486047 1.000000
vt 0.486047 0.000000
vt 0.488372 1.000000
vt 0.488372 0.000000
vt 0.490698 1.000000
vt 0.490698 0.000000
vt 0.493023 1.000000
vt 0.493023 0.000000
vt 0.495349 1.000000
vt 0.495349 0.000000
vt 0.497674 1.000000
vt 0.497674 0.000000
vt 0.502326 1.000000
vt 0.502326 0.000000
vt 0.504651 1.000000
vt 0.504651 0.000000
vt 0.506977 1.000000
vt 0.506977 0.000000
vt 0.509302 1.000000
vt 0.509302 0.000000
vt 0.511628 1.000000
vt 0.511628 0.000000
vt 0.513954 1.000000
vt 0.513954 0.000000
vt 0.516279 1.000000
vt 0.516279 0.000000
vt 0.518605 1.000000
vt 0.518605 0.000000
vt 0.520930 1.000000
vt 0.520930 0.000000
vt 0.523256 1.000000
vt 0.523256 0.000000
vt 0.525581 1.000000
vt 0.525581 0.000000
vt 0.527907 1.000000
vt 0.527907 0.000000
vt 0.530233 1.000000
vt 0.530233 0.000000
vt 0.532558 1.000000
vt 0.532558 0.000000
vt 0.534884 1.000000
vt 0.534884 0.000000
vt 0.537209 1.000000
vt 0.537209 0.000000
vt 0.539535 1.000000
vt 0.539535 0.000000
vt 0.541860 1.000000
vt 0.541860 0.000000
vt 0.544186 1.000000
vt 0.544186 0.000000
vt 0.546512 1.000000
vt 0.546512 0.000000
vt 0.548837 1.000000
vt 0.548837 0.000000
vt 0.551163 1.000000
vt 0.551163 0.000000
vt 0.553488 1.000000
vt 0.553488 0.000000
vt 0.555814 1.000000
vt 0.555814 0.000000
vt 0.558140 1.000000
vt 0.558140 0.000000
vt 0.560465 1.000000
vt 0.560465 0.000000
vt 0.562791 1.000000
vt 0.562791 0.000000
vt 0.565116 1.000000
vt 0.565116 0.000000
vt 0.567442 1.000000
vt 0.567442 0.000000
vt 0.569767 1.000000
vt 0.569767 0.000000
vt 0.572093 1.000000
vt 0.572093 0.000000
vt 0.574419 1.000000
vt 0.574419 0.000000
vt 0.576744 1.000000
vt 0.576744 0.000000
vt 0.579070 1.000000
vt 0.579070 0.000000
vt 0.581395 1.000000
vt 0.581395 0.000000
vt 0.583721 1.000000
vt 0.583721 0.000000
vt 0.586047 1.000000
vt 0.586047 0.000000
vt 0.588372 1.000000
vt 0.588372 0.000000
vt 0.590698 1.000000
vt 0.590698 0.000000
vt 0.593023 1.000000
vt 0.593023 0.000000
vt 0.595349 1.000000
vt 0.595349 0.000000
vt 0.597674 1.000000
vt 0.597674 0.000000
vt 0.602326 1.000000
vt 0.602326 0.000000
vt 0.604651 1.000000
vt 0.604651 0.000000
vt 0.606977 1.000000
vt 0.606977 0.000000
vt 0.609302 1.000000
vt 0.609302 0.000000
vt 0.611628 1.000000
vt 0.611628 0.000000
vt 0.613953 1.000000
vt 0.613953 0.000000
vt 0.616279 1.000000
vt 0.616279 0.000000
vt 0.618605 1.000000
vt 0.618605 0.000000
vt 0.620930 1.000000
vt 0.620930 0.000000
vt 0.623256 1.000000
vt 0.623256 0.000000
vt 0.625581 1.000000
vt 0.625581 0.000000
vt 0.627907 1.000000
vt 0.627907 0.000000
vt 0.630233 1.000000
vt 0.630233 0.000000
vt 0.632558 1.000000
vt 0.632558 0.000000
vt 0.634884 1.000000
vt 0.634884 0.000000
vt 0.637209 1.000000
vt 0.637209 0.000000
vt 0.639535 1.000000
vt 0.639535 0.000000
vt 0.641860 1.000000
vt 0.641860 0.000000
vt 0.644186 1.000000
vt 0.644186 0.000000
vt 0.646512 1.000000
vt 0.646512 0.000000
vt 0.648837 1.000000
vt 0.648837 0.000000
vt 0.651163 1.000000
vt 0.651163 0.000000
vt 0.653488 1.000000
vt 0.653488 0.000000
vt 0.655814 1.000000
vt 0.655814 0.000000
vt 0.658140 1.000000
vt 0.658140 0.000000
vt 0.660465 1.000000
vt 0.660465 0.000000
vt 0.662791 1.000000
vt 0.662791 0.000000
vt 0.665116 1.000000
vt 0.665116 0.000000
vt 0.667442 1.000000
vt 0.667442 0.000000
vt 0.669767 1.000000
vt 0.669767 0.000000
vt 0.672093 1.000000
vt 0.672093 0.000000
vt 0.674419 1.000000
vt 0.674419 0.000000
vt 0.676744 1.000000
vt 0.676744 0.000000
vt 0.679070 1.000000
vt 0.679070 0.000000
vt 0.681395 1.000000
vt 0.681395 0.000000
vt 0.683721 1.000000
vt 0.683721 0.000000
vt 0.686047 1.000000
vt 0.686047 0.000000
vt 0.688372 1.000000
vt 0.688372 0.000000
vt 0.690698 1.000000
vt 0.690698 0.000000
vt 0.693023 1.000000
vt 0.693023 0.000000
vt 0.695349 1.000000
vt 0.695349 0.000000
vt 0.697674 1.000000
vt 0.697674 0.000000
vt 0.700000 1.000000
vt 0.702326 1.000000
vt 0.702326 0.000000
vt 0.704651 1.000000
vt 0.704651 0.000000
vt 0.706977 1.000000
vt 0.706977 0.000000
vt 0.709302 1.000000
vt 0.709302 0.000000
vt 0.711628 1.000000
vt 0.711628 0.000000
vt 0.713953 1.000000
vt 0.713953 0.000000
vt 0.716279 1.000000
vt 0.716279 0.000000
vt 0.718605 1.000000
vt 0.718605 0.000000
vt 0.720930 1.000000
vt 0.720930 0.000000
vt 0.723256 1.000000
vt 0.723256 0.000000
vt 0.725581 1.000000
vt 0.725581 0.000000
vt 0.727907 1.000000
vt 0.727907 0.000000
vt 0.730233 1.000000
vt 0.730233 0.000000
vt 0.732558 1.000000
vt 0.732558 0.000000
vt 0.734884 1.000000
vt 0.734884 0.000000
vt 0.737209 1.000000
vt 0.737209 0.000000
vt 0.739535 1.000000
vt 0.739535 0.000000
vt 0.741860 1.000000
vt 0.741860 0.000000
vt 0.744186 1.000000
vt 0.744186 0.000000
vt 0.746512 1.000000
vt 0.746512 0.000000
vt 0.748837 1.000000
vt 0.748837 0.000000
vt 0.751163 1.000000
vt 0.751163 0.000000
vt 0.753488 1.000000
vt 0.753488 0.000000
vt 0.755814 1.000000
vt 0.755814 0.000000
vt 0.758140 1.000000
vt 0.758140 0.000000
vt 0.760465 1.000000
vt 0.760465 0.000000
vt 0.762791 1.000000
vt 0.762791 0.000000
vt 0.765116 1.000000
vt 0.765116 0.000000
vt 0.767442 1.000000
vt 0.767442 0.000000
vt 0.769767 1.000000
vt 0.769767 0.000000
vt 0.772093 1.000000
vt 0.772093 0.000000
vt 0.774419 1.000000
vt 0.774419 0.000000
vt 0.776744 1.000000
vt 0.776744 0.000000
vt 0.779070 1.000000
vt 0.779070 0.000000
vt 0.781395 1.000000
vt 0.781395 0.000000
vt 0.783721 1.000000
vt 0.783721 0.000000
vt 0.786047 1.000000
vt 0.786047 0.000000
vt 0.788372 1.000000
vt 0.788372 0.000000
vt 0.790698 1.000000
vt 0.790698 0.000000
vt 0.793023 1.000000
vt 0.793023 0.000000
vt 0.795349 1.000000
vt 0.795349 0.000000
vt 0.797674 1.000000
vt 0.797674 0.000000
vt 0.802326 1.000000
vt 0.802326 0.000000
vt 0.804651 1.000000
vt 0.804651 0.000000
vt 0.806977 1.000000
vt 0.806977 0.000000
vt 0.809302 1.000000
vt 0.809302 0.000000
vt 0.811628 1.000000
vt 0.811628 0.000000
vt 0.813953 1.000000
vt 0.813953 0.000000
vt 0.816279 1.000000
vt 0.816279 0.000000
vt 0.818605 1.000000
vt 0.818605 0.000000
vt 0.820930 1.000000
vt 0.820930 0.000000
vt 0.823256 1.000000
vt 0.823256 0.000000
vt 0.825581 1.000000
vt 0.825581 0.000000
vt 0.827907 1.000000
vt 0.827907 0.000000
vt 0.830233 1.000000
vt 0.830233 0.000000
vt 0.832558 1.000000
vt 0.832558 0.000000
vt 0.834884 1.000000
vt 0.834884 0.000000
vt 0.837209 1.000000
vt 0.837209 0.000000
vt 0.839535 1.000000
vt 0.839535 0.000000
vt 0.841860 1.000000
vt 0.841860 0.000000
vt 0.844186 1.000000
vt 0.844186 0.000000
vt 0.846512 1.000000
vt 0.846512 0.000000
vt 0.848837 1.000000
vt 0.848837 0.000000
vt 0.851163 1.000000
vt 0.851163 0.000000
vt 0.853488 1.000000
vt 0.853488 0.000000
vt 0.855814 1.000000
vt 0.855814 0.000000
vt 0.858140 1.000000
vt 0.858140 0.000000
vt 0.860465 1.000000
vt 0.860465 0.000000
vt 0.862791 1.000000
vt 0.862791 0.000000
vt 0.865116 1.000000
vt 0.865116 0.000000
vt 0.867442 1.000000
vt 0.867442 0.000000
vt 0.869767 1.000000
vt 0.869767 0.000000
vt 0.872093 1.000000
vt 0.872093 0.000000
vt 0.874419 1.000000
vt 0.874419 0.000000
vt 0.876744 1.000000
vt 0.876744 0.000000
vt 0.879070 1.000000
vt 0.879070 0.000000
vt 0.881395 1.000000
vt 0.881395 0.000000
vt 0.883721 1.000000
vt 0.883721 0.000000
vt 0.886047 1.000000
vt 0.886047 0.000000
vt 0.888372 1.000000
vt 0.888372 0.000000
vt 0.890698 1.000000
vt 0.890698 0.000000
vt 0.893023 1.000000
vt 0.893023 0.000000
vt 0.895349 1.000000
vt 0.895349 0.000000
vt 0.897674 1.000000
vt 0.897674 0.000000
vt 0.900000 1.000000
vt 0.902326 1.000000
vt 0.902326 0.000000
vt 0.904651 1.000000
vt 0.904651 0.000000
vt 0.906977 1.000000
vt 0.906977 0.000000
vt 0.909302 1.000000
vt 0.909302 0.000000
vt 0.911628 1.000000
vt 0.911628 0.000000
vt 0.913953 1.000000
vt 0.913953 0.000000
vt 0.916279 1.000000
vt 0.916279 0.000000
vt 0.918605 1.000000
vt 0.918605 0.000000
vt 0.920930 1.000000
vt 0.920930 0.000000
vt 0.923256 1.000000
vt 0.923256 0.000000
vt 0.925581 1.000000
vt 0.925581 0.000000
vt 0.927907 1.000000
vt 0.927907 0.000000
vt 0.930233 1.000000
vt 0.930233 0.000000
vt 0.932558 1.000000
vt 0.932558 0.000000
vt 0.934884 1.000000
vt 0.934884 0.000000
vt 0.937209 1.000000
vt 0.937209 0.000000
vt 0.939535 1.000000
vt 0.939535 0.000000
vt 0.941860 1.000000
vt 0.941860 0.000000
vt 0.944186 1.000000
vt 0.944186 0.000000
vt 0.946512 1.000000
vt 0.946512 0.000000
vt 0.948837 1.000000
vt 0.948837 0.000000
vt 0.951163 1.000000
vt 0.951163 0.000000
vt 0.953488 1.000000
vt 0.953488 0.000000
vt 0.955814 1.000000
vt 0.955814 0.000000
vt 0.958140 1.000000
vt 0.958140 0.000000
vt 0.960465 1.000000
vt 0.960465 0.000000
vt 0.962791 1.000000
vt 0.962791 0.000000
vt 0.965116 1.000000
vt 0.965116 0.000000
vt 0.967442 1.000000
vt 0.967442 0.000000
vt 0.969767 1.000000
vt 0.969767 0.000000
vt 0.972093 1.000000
vt 0.972093 0.000000
vt 0.974419 1.000000
vt 0.974419 0.000000
vt 0.976744 1.000000
vt 0.976744 0.000000
vt 0.979070 1.000000
vt 0.979070 0.000000
vt 0.981395 1.000000
vt 0.981395 0.000000
vt 0.983721 1.000000
vt 0.983721 0.000000
vt 0.986046 1.000000
vt 0.986046 0.000000
vt 0.988372 1.000000
vt 0.988372 0.000000
vt 0.990698 1.000000
vt 0.990698 0.000000
vt 0.993023 1.000000
vt 0.993023 0.000000
vt 0.995349 1.000000
vt 0.995349 0.000000
vt 0.997674 1.000000
vt 0.997674 0.000000
vt 0.006369 1.000000
vt 0.006369 0.000000
vt 0.012739 1.000000
vt 0.012739 0.000000
vt 0.019108 1.000000
vt 0.019108 0.000000
vt 0.025478 1.000000
vt 0.025478 0.000000
vt 0.031847 1.000000
vt 0.031847 0.000000
vt 0.038217 1.000000
vt 0.038217 0.000000
vt 0.044586 1.000000
vt 0.044586 0.000000
vt 0.050955 1.000000
vt 0.050955 0.000000
vt 0.057325 1.000000
vt 0.057325 0.000000
vt 0.063694 1.000000
vt 0.063694 0.000000
vt 0.070064 1.000000
vt 0.070064 0.000000
vt 0.076433 1.000000
vt 0.076433 0.000000
vt 0.082803 1.000000
vt 0.082803 0.000000
vt 0.089172 1.000000
vt 0.089172 0.000000
vt 0.095541 1.000000
vt 0.095541 0.000000
vt 0.101911 1.000000
vt 0.101911 0.000000
vt 0.108280 1.000000
vt 0.108280 0.000000
vt 0.114650 1.000000
vt 0.114650 0.000000
vt 0.121019 1.000000
vt 0.121019 0.000000
vt 0.127389 1.000000
vt 0.127389 0.000000
vt 0.133758 1.000000
vt 0.133758 0.000000
vt 0.140127 1.000000
vt 0.140127 0.000000
vt 0.146497 1.000000
vt 0.146497 0.000000
vt 0.152866 1.000000
vt 0.152866 0.000000
vt 0.159236 1.000000
vt 0.159236 0.000000
vt 0.165605 1.000000
vt 0.165605 0.000000
vt 0.171975 1.000000
vt 0.171975 0.000000
vt 0.178344 1.000000
vt 0.178344 0.000000
vt 0.184713 1.000000
vt 0.184713 0.000000
vt 0.191083 1.000000
vt 0.191083 0.000000
vt 0.197452 1.000000
vt 0.197452 0.000000
vt 0.203822 1.000000
vt 0.203822 0.000000
vt 0.210191 1.000000
vt 0.210191 0.000000
vt 0.216561 1.000000
vt 0.216561 0.000000
vt 0.222930 1.000000
vt 0.222930 0.000000
vt 0.229299 1.000000
vt 0.229299 0.000000
vt 0.235669 1.000000
vt 0.235669 0.000000
vt 0.242038 1.000000
vt 0.242038 0.000000
vt 0.248408 1.000000
vt 0.248408 0.000000
vt 0.254777 1.000000
vt 0.254777 0.000000
vt 0.261146 1.000000
vt 0.261146 0.000000
vt 0.267516 1.000000
vt 0.267516 0.000000
vt 0.273885 1.000000
vt 0.273885 0.000000
vt 0.280255 1.000000
vt 0.280255 0.000000
vt 0.286624 1.000000
vt 0.286624 0.000000
vt 0.292994 1.000000
vt 0.292994 0.000000
vt 0.299363 1.000000
vt 0.299363 0.000000
vt 0.305732 1.000000
vt 0.305732 0.000000
vt 0.312102 1.000000
vt 0.312102 0.000000
vt 0.318471 1.000000
vt 0.318471 0.000000
vt 0.324841 1.000000
vt 0.324841 0.000000
vt 0.331210 1.000000
vt 0.331210 0.000000
vt 0.337580 1.000000
vt 0.337580 0.000000
vt 0.343949 1.000000
vt 0.343949 0.000000
vt 0.350318 1.000000
vt 0.350318 0.000000
vt 0.356688 1.000000
vt 0.356688 0.000000
vt 0.363057 1.000000
vt 0.363057 0.000000
vt 0.369427 1.000000
vt 0.369427 0.000000
vt 0.375796 1.000000
vt 0.375796 0.000000
vt 0.382166 1.000000
vt 0.382166 0.000000
vt 0.388535 1.000000
vt 0.388535 0.000000
vt 0.394904 1.000000
vt 0.394904 0.000000
vt 0.401274 1.000000
vt 0.401274 0.000000
vt 0.407643 1.000000
vt 0.407643 0.000000
vt 0.414013 1.000000
vt 0.414013 0.000000
vt 0.420382 1.000000
vt 0.420382 0.000000
vt 0.426752 1.000000
vt 0.426752 0.000000
vt 0.433121 1.000000
vt 0.433121 0.000000
vt 0.439490 1.000000
vt 0.439490 0.000000
vt 0.445860 1.000000
vt 0.445860 0.000000
vt 0.452229 1.000000
vt 0.452229 0.000000
vt 0.458599 1.000000
vt 0.458599 0.000000
vt 0.464968 1.000000
vt 0.464968 0.000000
vt 0.471338 1.000000
vt 0.471338 0.000000
vt 0.477707 1.000000
vt 0.477707 0.000000
vt 0.484076 1.000000
vt 0.484076 0.000000
vt 0.490446 1.000000
vt 0.490446 0.000000
vt 0.496815 1.000000
vt 0.496815 0.000000
vt 0.503185 1.000000
vt 0.503185 0.000000
vt 0.509554 1.000000
vt 0.509554 0.000000
vt 0.515924 1.000000
vt 0.515924 0.000000
vt 0.522293 1.000000
vt 0.522293 0.000000
vt 0.528662 1.000000
vt 0.528662 0.000000
vt 0.535032 1.000000
vt 0.535032 0.000000
vt 0.541401 1.000000
vt 0.541401 0.000000
vt 0.547771 1.000000
vt 0.547771 0.000000
vt 0.554140 1.000000
vt 0.554140 0.000000
vt 0.560510 1.000000
vt 0.560510 0.000000
vt 0.566879 1.000000
vt 0.566879 0.000000
vt 0.573248 1.000000
vt 0.573248 0.000000
vt 0.579618 1.000000
vt 0.579618 0.000000
vt 0.585987 1.000000
vt 0.585987 0.000000
vt 0.592357 1.000000
vt 0.592357 0.000000
vt 0.598726 1.000000
vt 0.598726 0.000000
vt 0.605096 1.000000
vt 0.605096 0.000000
vt 0.611465 1.000000
vt 0.611465 0.000000
vt 0.617834 1.000000
vt 0.617834 0.000000
vt 0.624204 1.000000
vt 0.624204 0.000000
vt 0.630573 1.000000
vt 0.630573 0.000000
vt 0.636943 1.000000
vt 0.636943 0.000000
vt 0.643312 1.000000
vt 0.643312 0.000000
vt 0.649682 1.000000
vt 0.649682 0.000000
vt 0.656051 1.000000
vt 0.656051 0.000000
vt 0.662420 1.000000
vt 0.662420 0.000000
vt 0.668790 1.000000
vt 0.668790 0.000000
vt 0.675159 1.000000
vt 0.675159 0.000000
vt 0.681529 1.000000
vt 0.681529 0.000000
vt 0.687898 1.000000
vt 0.687898 0.000000
vt 0.694268 1.000000
vt 0.694268 0.000000
vt 0.700637 1.000000
vt 0.700637 0.000000
vt 0.707006 1.000000
vt 0.707006 0.000000
vt 0.713376 1.000000
vt 0.713376 0.000000
vt 0.719745 1.000000
vt 0.719745 0.000000
vt 0.726115 1.000000
vt 0.726115 0.000000
vt 0.732484 1.000000
vt 0.732484 0.000000
vt 0.738854 1.000000
vt 0.738854 0.000000
vt 0.745223 1.000000
vt 0.745223 0.000000
vt 0.751592 1.000000
vt 0.751592 0.000000
vt 0.757962 1.000000
vt 0.757962 0.000000
vt 0.764331 1.000000
vt 0.764331 0.000000
vt 0.770701 1.000000
vt 0.770701 0.000000
vt 0.777070 1.000000
vt 0.777070 0.000000
vt 0.783440 1.000000
vt 0.783440 0.000000
vt 0.789809 1.000000
vt 0.789809 0.000000
vt 0.796178 1.000000
vt 0.796178 0.000000
vt 0.802548 1.000000
vt 0.802548 0.000000
vt 0.808917 1.000000
vt 0.808917 0.000000
vt 0.815287 1.000000
vt 0.815287 0.000000
vt 0.821656 1.000000
vt 0.821656 0.000000
vt 0.828025 1.000000
vt 0.828025 0.000000
vt 0.834395 1.000000
vt 0.834395 0.000000
vt 0.840764 1.000000
vt 0.840764 0.000000
vt 0.847134 1.000000
vt 0.847134 0.000000
vt 0.853503 1.000000
vt 0.853503 0.000000
vt 0.859873 1.000000
vt 0.859873 0.000000
vt 0.866242 1.000000
vt 0.866242 0.000000
vt 0.872611 1.000000
vt 0.872611 0.000000
vt 0.878981 1.000000
vt 0.878981 0.000000
vt 0.885350 1.000000
vt 0.885350 0.000000
vt 0.891720 1.000000
vt 0.891720 0.000000
vt 0.898089 1.000000
vt 0.898089 0.000000
vt 0.904459 1.000000
vt 0.904459 0.000000
vt 0.910828 1.000000
vt 0.910828 0.000000
vt 0.917197 1.000000
vt 0.917197 0.000000
vt 0.923567 1.000000
vt 0.923567 0.000000
vt 0.929936 1.000000
vt 0.929936 0.000000
vt 0.936306 1.000000
vt 0.936306 0.000000
vt 0.942675 1.000000
vt 0.942675 0.000000
vt 0.949045 1.000000
vt 0.949045 0.000000
vt 0.955414 1.000000
vt 0.955414 0.000000
vt 0.961783 1.000000
vt 0.961783 0.000000
vt 0.968153 1.000000
vt 0.968153 0.000000
vt 0.974522 1.000000
vt 0.974522 0.000000
vt 0.980892 1.000000
vt 0.980892 0.000000
vt 0.987261 1.000000
vt 0.987261 0.000000
vt 0.993631 1.000000
vt 0.993631 0.000000
vt 0.016667 1.000000
vt 0.016667 0.000000
vt 0.033333 1.000000
vt 0.033333 0.000000
vt 0.050000 1.000000
vt 0.066667 1.000000
vt 0.066667 0.000000
vt 0.083333 1.000000
vt 0.116667 1.000000
vt 0.116667 0.000000
vt 0.133333 1.000000
vt 0.133333 0.000000
vt 0.150000 1.000000
vt 0.166667 1.000000
vt 0.183333 1.000000
vt 0.183333 0.000000
vt 0.216667 1.000000
vt 0.216667 0.000000
vt 0.233333 1.000000
vt 0.233333 0.000000
vt 0.266667 1.000000
vt 0.266667 0.000000
vt 0.283333 1.000000
vt 0.283333 0.000000
vt 0.316667 1.000000
vt 0.316667 0.000000
vt 0.333333 1.000000
vt 0.350000 1.000000
vt 0.366667 1.000000
vt 0.366667 0.000000
vt 0.383333 1.000000
vt 0.383333 0.000000
vt 0.416667 1.000000
vt 0.433333 1.000000
vt 0.433333 0.000000
vt 0.450000 1.000000
vt 0.466667 1.000000
vt 0.466667 0.000000
vt 0.483333 1.000000
vt 0.483333 0.000000
vt 0.516667 1.000000
vt 0.516667 0.000000
vt 0.533333 1.000000
vt 0.533333 0.000000
vt 0.550000 1.000000
vt 0.566667 1.000000
vt 0.566667 0.000000
vt 0.583333 1.000000
vt 0.616667 1.000000
vt 0.616667 0.000000
vt 0.633333 1.000000
vt 0.633333 0.000000
vt 0.650000 1.000000
vt 0.666667 1.000000
vt 0.683333 1.000000
vt 0.683333 0.000000
vt 0.716667 1.000000
vt 0.716667 0.000000
vt 0.733333 1.000000
vt 0.733333 0.000000
vt 0.766667 1.000000
vt 0.766667 0.000000
vt 0.783333 1.000000
vt 0.783333 0.000000
vt 0.816667 1.000000
vt 0.816667 0.000000
vt 0.833333 1.000000
vt 0.850000 1.000000
vt 0.866667 1.000000
vt 0.866667 0.000000
vt 0.883333 1.000000
vt 0.883333 0.000000
vt 0.916667 1.000000
vt 0.933333 1.000000
vt 0.933333 0.000000
vt 0.950000 1.000000
vt 0.966667 1.000000
vt 0.966667 0.000000
vt 0.983333 1.000000
vt 0.983333 0.000000
vt 0.006711 1.000000
vt 0.013423 1.000000
vt 0.020134 1.000000
vt 0.026846 1.000000
vt 0.033557 1.000000
vt 0.040268 1.000000
vt 0.046980 1.000000
vt 0.053691 1.000000
vt 0.060403 1.000000
vt 0.067114 1.000000
vt 0.073826 1.000000
vt 0.080537 1.000000
vt 0.087248 1.000000
vt 0.093960 1.000000
vt 0.100671 1.000000
vt 0.107383 1.000000
vt 0.114094 1.000000
vt 0.120805 1.000000
vt 0.127517 1.000000
vt 0.134228 1.000000
vt 0.140940 1.000000
vt 0.147651 1.000000
vt 0.154362 1.000000
vt 0.161074 1.000000
vt 0.167785 1.000000
vt 0.174497 1.000000
vt 0.181208 1.000000
vt 0.187919 1.000000
vt 0.194631 1.000000
vt 0.201342 1.000000
vt 0.208054 1.000000
vt 0.214765 1.000000
vt 0.221477 1.000000
vt 0.228188 1.000000
vt 0.234899 1.000000
vt 0.241611 1.000000
vt 0.248322 1.000000
vt 0.255034 1.000000
vt 0.261745 1.000000
vt 0.268456 1.000000
vt 0.275168 1.000000
vt 0.281879 1.000000
vt 0.288591 1.000000
vt 0.295302 1.000000
vt 0.302013 1.000000
vt 0.308725 1.000000
vt 0.315436 1.000000
vt 0.322148 1.000000
vt 0.328859 1.000000
vt 0.335570 1.000000
vt 0.342282 1.000000
vt 0.348993 1.000000
vt 0.355705 1.000000
vt 0.362416 1.000000
vt 0.369128 1.000000
vt 0.375839 1.000000
vt 0.382550 1.000000
vt 0.389262 1.000000
vt 0.395973 1.000000
vt 0.402685 1.000000
vt 0.409396 1.000000
vt 0.416107 1.000000
vt 0.422819 1.000000
vt 0.429530 1.000000
vt 0.436242 1.000000
vt 0.442953 1.000000
vt 0.449664 1.000000
vt 0.456376 1.000000
vt 0.463087 1.000000
vt 0.469799 1.000000
vt 0.476510 1.000000
vt 0.483221 1.000000
vt 0.489933 1.000000
vt 0.496644 1.000000
vt 0.503356 1.000000
vt 0.510067 1.000000
vt 0.516779 1.000000
vt 0.523490 1.000000
vt 0.530201 1.000000
vt 0.536913 1.000000
vt 0.543624 1.000000
vt 0.550336 1.000000
vt 0.557047 1.000000
vt 0.563758 1.000000
vt 0.570470 1.000000
vt 0.577181 1.000000
vt 0.583893 1.000000
vt 0.590604 1.000000
vt 0.597315 1.000000
vt 0.604027 1.000000
vt 0.610738 1.000000
vt 0.617450 1.000000
vt 0.624161 1.000000
vt 0.630872 1.000000
vt 0.637584 1.000000
vt 0.644295 1.000000
vt 0.651007 1.000000
vt 0.657718 1.000000
vt 0.664430 1.000000
vt 0.671141 1.000000
vt 0.677852 1.000000
vt 0.684564 1.000000
vt 0.691275 1.000000
vt 0.697987 1.000000
vt 0.704698 1.000000
vt 0.711409 1.000000
vt 0.718121 1.000000
vt 0.724832 1.000000
vt 0.731544 1.000000
vt 0.738255 1.000000
vt 0.744966 1.000000
vt 0.751678 1.000000
vt 0.758389 1.000000
vt 0.765101 1.000000
vt 0.771812 1.000000
vt 0.778524 1.000000
vt 0.785235 1.000000
vt 0.791946 1.000000
vt 0.798658 1.000000
vt 0.805369 1.000000
vt 0.812081 1.000000
vt 0.818792 1.000000
vt 0.825503 1.000000
vt 0.832215 1.000000
vt 0.838926 1.000000
vt 0.845638 1.000000
vt 0.852349 1.000000
vt 0.859060 1.000000
vt 0.865772 1.000000
vt 0.872483 1.000000
vt 0.879195 1.000000
vt 0.885906 1.000000
vt 0.892617 1.000000
vt 0.899329 1.000000
vt 0.906040 1.000000
vt 0.912752 1.000000
vt 0.919463 1.000000
vt 0.926175 1.000000
vt 0.932886 1.000000
vt 0.939597 1.000000
vt 0.946309 1.000000
vt 0.953020 1.000000
vt 0.959732 1.000000
vt 0.966443 1.000000
vt 0.973154 1.000000
vt 0.979866 1.000000
vt 0.986577 1.000000
vt 0.993289 1.000000
vt 0.006667 1.000000
vt 0.006667 0.000000
vt 0.013333 1.000000
vt 0.013333 0.000000
vt 0.020000 1.000000
vt 0.026667 1.000000
vt 0.026667 0.000000
vt 0.046667 1.000000
vt 0.046667 0.000000
vt 0.053333 1.000000
vt 0.053333 0.000000
vt 0.060000 1.000000
vt 0.073333 1.000000
vt 0.073333 0.000000
vt 0.086667 1.000000
vt 0.086667 0.000000
vt 0.093333 1.000000
vt 0.093333 0.000000
vt 0.106667 1.000000
vt 0.106667 0.000000
vt 0.113333 1.000000
vt 0.113333 0.000000
vt 0.126667 1.000000
vt 0.126667 0.000000
vt 0.140000 1.000000
vt 0.146667 1.000000
vt 0.146667 0.000000
vt 0.153333 1.000000
vt 0.153333 0.000000
vt 0.173333 1.000000
vt 0.173333 0.000000
vt 0.180000 1.000000
vt 0.186667 1.000000
vt 0.186667 0.000000
vt 0.193333 1.000000
vt 0.193333 0.000000
vt 0.206667 1.000000
vt 0.206667 0.000000
vt 0.213333 1.000000
vt 0.213333 0.000000
vt 0.220000 1.000000
vt 0.226667 1.000000
vt 0.226667 0.000000
vt 0.246667 1.000000
vt 0.246667 0.000000
vt 0.253333 1.000000
vt 0.253333 0.000000
vt 0.260000 1.000000
vt 0.273333 1.000000
vt 0.273333 0.000000
vt 0.286667 1.000000
vt 0.286667 0.000000
vt 0.293333 1.000000
vt 0.293333 0.000000
vt 0.306667 1.000000
vt 0.306667 0.000000
vt 0.313333 1.000000
vt 0.313333 0.000000
vt 0.326667 1.000000
vt 0.326667 0.000000
vt 0.340000 1.000000
vt 0.346667 1.000000
vt 0.346667 0.000000
vt 0.353333 1.000000
vt 0.353333 0.000000
vt 0.373333 1.000000
vt 0.373333 0.000000
vt 0.380000 1.000000
vt 0.386667 1.000000
vt 0.386667 0.000000
vt 0.393333 1.000000
vt 0.393333 0.000000
vt 0.406667 1.000000
vt 0.406667 0.000000
vt 0.413333 1.000000
vt 0.413333 0.000000
vt 0.420000 1.000000
vt 0.426667 1.000000
vt 0.426667 0.000000
vt 0.446667 1.000000
vt 0.446667 0.000000
vt 0.453333 1.000000
vt 0.453333 0.000000
vt 0.460000 1.000000
vt 0.473333 1.000000
vt 0.473333 0.000000
vt 0.486667 1.000000
vt 0.486667 0.000000
vt 0.493333 1.000000
vt 0.493333 0.000000
vt 0.506667 1.000000
vt 0.506667 0.000000
vt 0.513333 1.000000
vt 0.513333 0.000000
vt 0.526667 1.000000
vt 0.526667 0.000000
vt 0.540000 1.000000
vt 0.546667 1.000000
vt 0.546667 0.000000
vt 0.553333 1.000000
vt 0.553333 0.000000
vt 0.573333 1.000000
vt 0.573333 0.000000
vt 0.580000 1.000000
vt 0.586667 1.000000
vt 0.586667 0.000000
vt 0.593333 1.000000
vt 0.593333 0.000000
vt 0.606667 1.000000
vt 0.606667 0.000000
vt 0.613333 1.000000
vt 0.613333 0.000000
vt 0.620000 1.000000
vt 0.626667 1.000000
vt 0.626667 0.000000
vt 0.646667 1.000000
vt 0.646667 0.000000
vt 0.653333 1.000000
vt 0.653333 0.000000
vt 0.660000 1.000000
vt 0.673333 1.000000
vt 0.673333 0.000000
vt 0.686667 1.000000
vt 0.686667 0.000000
vt 0.693333 1.000000
vt 0.693333 0.000000
vt 0.706667 1.000000
vt 0.706667 0.000000
vt 0.713333 1.000000
vt 0.713333 0.000000
vt 0.726667 1.000000
vt 0.726667 0.000000
vt 0.740000 1.000000
vt 0.746667 1.000000
vt 0.746667 0.000000
vt 0.753333 1.000000
vt 0.753333 0.000000
vt 0.773333 1.000000
vt 0.773333 0.000000
vt 0.780000 1.000000
vt 0.786667 1.000000
vt 0.786667 0.000000
vt 0.793333 1.000000
vt 0.793333 0.000000
vt 0.806667 1.000000
vt 0.806667 0.000000
vt 0.813333 1.000000
vt 0.813333 0.000000
vt 0.820000 1.000000
vt 0.826667 1.000000
vt 0.826667 0.000000
vt 0.846667 1.000000
vt 0.846667 0.000000
vt 0.853333 1.000000
vt 0.853333 0.000000
vt 0.860000 1.000000
vt 0.873333 1.000000
vt 0.873333 0.000000
vt 0.886667 1.000000
vt 0.886667 0.000000
vt 0.893333 1.000000
vt 0.893333 0.000000
vt 0.906667 1.000000
vt 0.906667 0.000000
vt 0.913333 1.000000
vt 0.913333 0.000000
vt 0.926667 1.000000
vt 0.926667 0.000000
vt 0.940000 1.000000
vt 0.946667 1.000000
vt 0.946667 0.000000
vt 0.953333 1.000000
vt 0.953333 0.000000
vt 0.973333 1.000000
vt 0.973333 0.000000
vt 0.980000 1.000000
vt 0.986667 1.000000
vt 0.986667 0.000000
vt 0.993333 1.000000
vt 0.993333 0.000000
vt 0.005747 1.000000
vt 0.005747 0.000000
vt 0.011494 1.000000
vt 0.011494 0.000000
vt 0.017241 1.000000
vt 0.017241 0.000000
vt 0.022989 1.000000
vt 0.022989 0.000000
vt 0.028736 1.000000
vt 0.028736 0.000000
vt 0.034483 1.000000
vt 0.034483 0.000000
vt 0.040230 1.000000
vt 0.040230 0.000000
vt 0.045977 1.000000
vt 0.045977 0.000000
vt 0.051724 1.000000
vt 0.051724 0.000000
vt 0.057471 1.000000
vt 0.057471 0.000000
vt 0.063218 1.000000
vt 0.063218 0.000000
vt 0.068966 1.000000
vt 0.068966 0.000000
vt 0.074713 1.000000
vt 0.074713 0.000000
vt 0.080460 1.000000
vt 0.080460 0.000000
vt 0.086207 1.000000
vt 0.086207 0.000000
vt 0.091954 1.000000
vt 0.091954 0.000000
vt 0.097701 1.000000
vt 0.097701 0.000000
vt 0.103448 1.000000
vt 0.103448 0.000000
vt 0.109195 1.000000
vt 0.109195 0.000000
vt 0.114943 1.000000
vt 0.114943 0.000000
vt 0.120690 1.000000
vt 0.120690 0.000000
vt 0.126437 1.000000
vt 0.126437 0.000000
vt 0.132184 1.000000
vt 0.132184 0.000000
vt 0.137931 1.000000
vt 0.137931 0.000000
vt 0.143678 1.000000
vt 0.143678 0.000000
vt 0.149425 1.000000
vt 0.149425 0.000000
vt 0.155172 1.000000
vt 0.155172 0.000000
vt 0.160920 1.000000
vt 0.160920 0.000000
vt 0.172414 1.000000
vt 0.172414 0.000000
vt 0.178161 1.000000
vt 0.178161 0.000000
vt 0.183908 1.000000
vt 0.183908 0.000000
vt 0.189655 1.000000
vt 0.189655 0.000000
vt 0.195402 1.000000
vt 0.195402 0.000000
vt 0.201149 1.000000
vt 0.201149 0.000000
vt 0.206897 1.000000
vt 0.206897 0.000000
vt 0.212644 1.000000
vt 0.212644 0.000000
vt 0.218391 1.000000
vt 0.218391 0.000000
vt 0.224138 1.000000
vt 0.224138 0.000000
vt 0.229885 1.000000
vt 0.229885 0.000000
vt 0.235632 1.000000
vt 0.235632 0.000000
vt 0.241379 1.000000
vt 0.241379 0.000000
vt 0.247126 1.000000
vt 0.247126 0.000000
vt 0.252874 1.000000
vt 0.252874 0.000000
vt 0.258621 1.000000
vt 0.258621 0.000000
vt 0.264368 1.000000
vt 0.264368 0.000000
vt 0.270115 1.000000
vt 0.270115 0.000000
vt 0.275862 1.000000
vt 0.275862 0.000000
vt 0.281609 1.000000
vt 0.281609 0.000000
vt 0.287356 1.000000
vt 0.287356 0.000000
vt 0.293103 1.000000
vt 0.293103 0.000000
vt 0.298851 1.000000
vt 0.298851 0.000000
vt 0.304598 1.000000
vt 0.304598 0.000000
vt 0.310345 1.000000
vt 0.310345 0.000000
vt 0.316092 1.000000
vt 0.316092 0.000000
vt 0.321839 1.000000
vt 0.321839 0.000000
vt 0.327586 1.000000
vt 0.327586 0.000000
vt 0.339080 1.000000
vt 0.339080 0.000000
vt 0.344828 1.000000
vt 0.344828 0.000000
vt 0.350575 1.000000
vt 0.350575 0.000000
vt 0.356322 1.000000
vt 0.356322 0.000000
vt 0.362069 1.000000
vt 0.362069 0.000000
vt 0.367816 1.000000
vt 0.367816 0.000000
vt 0.373563 1.000000
vt 0.373563 0.000000
vt 0.379310 1.000000
vt 0.379310 0.000000
vt 0.385057 1.000000
vt 0.385057 0.000000
vt 0.390805 1.000000
vt 0.390805 0.000000
vt 0.396552 1.000000
vt 0.396552 0.000000
vt 0.402299 1.000000
vt 0.402299 0.000000
vt 0.408046 1.000000
vt 0.408046 0.000000
vt 0.413793 1.000000
vt 0.413793 0.000000
vt 0.419540 1.000000
vt 0.419540 0.000000
vt 0.425287 1.000000
vt 0.425287 0.000000
vt 0.431034 1.000000
vt 0.431034 0.000000
vt 0.436782 1.000000
vt 0.436782 0.000000
vt 0.442529 1.000000
vt 0.442529 0.000000
vt 0.448276 1.000000
vt 0.448276 0.000000
vt 0.454023 1.000000
vt 0.454023 0.000000
vt 0.459770 1.000000
vt 0.459770 0.000000
vt 0.465517 1.000000
vt 0.465517 0.000000
vt 0.471264 1.000000
vt 0.471264 0.000000
vt 0.477012 1.000000
vt 0.477012 0.000000
vt 0.482759 1.000000
vt 0.482759 0.000000
vt 0.488506 1.000000
vt 0.488506 0.000000
vt 0.494253 1.000000
vt 0.494253 0.000000
vt 0.505747 1.000000
vt 0.505747 0.000000
vt 0.511494 1.000000
vt 0.511494 0.000000
vt 0.517241 1.000000
vt 0.517241 0.000000
vt 0.522988 1.000000
vt 0.522988 0.000000
vt 0.528736 1.000000
vt 0.528736 0.000000
vt 0.534483 1.000000
vt 0.534483 0.000000
vt 0.540230 1.000000
vt 0.540230 0.000000
vt 0.545977 1.000000
vt 0.545977 0.000000
vt 0.551724 1.000000
vt 0.551724 0.000000
vt 0.557471 1.000000
vt 0.557471 0.000000
vt 0.563218 1.000000
vt 0.563218 0.000000
vt 0.568965 1.000000
vt 0.568965 0.000000
vt 0.574713 1.000000
vt 0.574713 0.000000
vt 0.580460 1.000000
vt 0.580460 0.000000
vt 0.586207 1.000000
vt 0.586207 0.000000
vt 0.591954 1.000000
vt 0.591954 0.000000
vt 0.597701 1.000000
vt 0.597701 0.000000
vt 0.603448 1.000000
vt 0.603448 0.000000
vt 0.609195 1.000000
vt 0.609195 0.000000
vt 0.614943 1.000000
vt 0.614943 0.000000
vt 0.620690 1.000000
vt 0.620690 0.000000
vt 0.626437 1.000000
vt 0.626437 0.000000
vt 0.632184 1.000000
vt 0.632184 0.000000
vt 0.637931 1.000000
vt 0.637931 0.000000
vt 0.643678 1.000000
vt 0.643678 0.000000
vt 0.649425 1.000000
vt 0.649425 0.000000
vt 0.655172 1.000000
vt 0.655172 0.000000
vt 0.660920 1.000000
vt 0.660920 0.000000
vt 0.672414 1.000000
vt 0.672414 0.000000
vt 0.678161 1.000000
vt 0.678161 0.000000
vt 0.683908 1.000000
vt 0.683908 0.000000
vt 0.689655 1.000000
vt 0.689655 0.000000
vt 0.695402 1.000000
vt 0.695402 0.000000
vt 0.701149 1.000000
vt 0.701149 0.000000
vt 0.706897 1.000000
vt 0.706897 0.000000
vt 0.712644 1.000000
vt 0.712644 0.000000
vt 0.718391 1.000000
vt 0.718391 0.000000
vt 0.724138 1.000000
vt 0.724138 0.000000
vt 0.729885 1.000000
vt 0.729885 0.000000
vt 0.735632 1.000000
vt 0.735632 0.000000
vt 0.741379 1.000000
vt 0.741379 0.000000
vt 0.747126 1.000000
vt 0.747126 0.000000
vt 0.752874 1.000000
vt 0.752874 0.000000
vt 0.758621 1.000000
vt 0.758621 0.000000
vt 0.764368 1.000000
vt 0.764368 0.000000
vt 0.770115 1.000000
vt 0.770115 0.000000
vt 0.775862 1.000000
vt 0.775862 0.000000
vt 0.781609 1.000000
vt 0.781609 0.000000
vt 0.787356 1.000000
vt 0.787356 0.000000
vt 0.793103 1.000000
vt 0.793103 0.000000
vt 0.798851 1.000000
vt 0.798851 0.000000
vt 0.804598 1.000000
vt 0.804598 0.000000
vt 0.810345 1.000000
vt 0.810345 0.000000
vt 0.816092 1.000000
vt 0.816092 0.000000
vt 0.821839 1.000000
vt 0.821839 0.000000
vt 0.827586 1.000000
vt 0.827586 0.000000
vt 0.839080 1.000000
vt 0.839080 0.000000
vt 0.844828 1.000000
vt 0.844828 0.000000
vt 0.850575 1.000000
vt 0.850575 0.000000
vt 0.856322 1.000000
vt 0.856322 0.000000
vt 0.862069 1.000000
vt 0.862069 0.000000
vt 0.867816 1.000000
vt 0.867816 0.000000
vt 0.873563 1.000000
vt 0.873563 0.000000
vt 0.879310 1.000000
vt 0.879310 0.000000
vt 0.885057 1.000000
vt 0.885057 0.000000
vt 0.890805 1.000000
vt 0.890805 0.000000
vt 0.896552 1.000000
vt 0.896552 0.000000
vt 0.902299 1.000000
vt 0.902299 0.000000
vt 0.908046 1.000000
vt 0.908046 0.000000
vt 0.913793 1.000000
vt 0.913793 0.000000
vt 0.919540 1.000000
vt 0.919540 0.000000
vt 0.925287 1.000000
vt 0.925287 0.000000
vt 0.931035 1.000000
vt 0.931035 0.000000
vt 0.936782 1.000000
vt 0.936782 0.000000
vt 0.942529 1.000000
vt 0.942529 0.000000
vt 0.948276 1.000000
vt 0.948276 0.000000
vt 0.954023 1.000000
vt 0.954023 0.000000
vt 0.959770 1.000000
vt 0.959770 0.000000
vt 0.965517 1.000000
vt 0.965517 0.000000
vt 0.971264 1.000000
vt 0.971264 0.000000
vt 0.977012 1.000000
vt 0.977012 0.000000
vt 0.982759 1.000000
vt 0.982759 0.000000
vt 0.988506 1.000000
vt 0.988506 0.000000
vt 0.994253 1.000000
vt 0.994253 0.000000
vt 0.010417 1.000000
vt 0.010417 0.000000
vt 0.020833 1.000000
vt 0.020833 0.000000
vt 0.031250 1.000000
vt 0.031250 0.000000
vt 0.041667 1.000000
vt 0.052083 1.000000
vt 0.052083 0.000000
vt 0.062500 1.000000
vt 0.062500 0.000000
vt 0.072917 1.000000
vt 0.072917 0.000000
vt 0.093750 1.000000
vt 0.093750 0.000000
vt 0.104167 1.000000
vt 0.104167 0.000000
vt 0.114583 1.000000
vt 0.114583 0.000000
vt 0.125000 1.000000
vt 0.135417 1.000000
vt 0.135417 0.000000
vt 0.145833 1.000000
vt 0.145833 0.000000
vt 0.156250 1.000000
vt 0.156250 0.000000
vt 0.177083 1.000000
vt 0.177083 0.000000
vt 0.187500 1.000000
vt 0.187500 0.000000
vt 0.197917 1.000000
vt 0.197917 0.000000
vt 0.208333 1.000000
vt 0.218750 1.000000
vt 0.218750 0.000000
vt 0.229167 1.000000
vt 0.229167 0.000000
vt 0.239583 1.000000
vt 0.239583 0.000000
vt 0.260417 1.000000
vt 0.260417 0.000000
vt 0.270833 1.000000
vt 0.270833 0.000000
vt 0.281250 1.000000
vt 0.281250 0.000000
vt 0.291667 1.000000
vt 0.302083 1.000000
vt 0.302083 0.000000
vt 0.312500 1.000000
vt 0.312500 0.000000
vt 0.322917 1.000000
vt 0.322917 0.000000
vt 0.343750 1.000000
vt 0.343750 0.000000
vt 0.354167 1.000000
vt 0.354167 0.000000
vt 0.364583 1.000000
vt 0.364583 0.000000
vt 0.375000 1.000000
vt 0.385417 1.000000
vt 0.385417 0.000000
vt 0.395833 1.000000
vt 0.395833 0.000000
vt 0.406250 1.000000
vt 0.406250 0.000000
vt 0.427083 1.000000
vt 0.427083 0.000000
vt 0.437500 1.000000
vt 0.437500 0.000000
vt 0.447917 1.000000
vt 0.447917 0.000000
vt 0.458333 1.000000
vt 0.468750 1.000000
vt 0.468750 0.000000
vt 0.479167 1.000000
vt 0.479167 0.000000
vt 0.489583 1.000000
vt 0.489583 0.000000
vt 0.510417 1.000000
vt 0.510417 0.000000
vt 0.520833 1.000000
vt 0.520833 0.000000
vt 0.531250 1.000000
vt 0.531250 0.000000
vt 0.541667 1.000000
vt 0.552083 1.000000
vt 0.552083 0.000000
vt 0.562500 1.000000
vt 0.562500 0.000000
vt 0.572917 1.000000
vt 0.572917 0.000000
vt 0.593750 1.000000
vt 0.593750 0.000000
vt 0.604167 1.000000
vt 0.604167 0.000000
vt 0.614583 1.000000
vt 0.614583 0.000000
vt 0.625000 1.000000
vt 0.635417 1.000000
vt 0.635417 0.000000
vt 0.645833 1.000000
vt 0.645833 0.000000
vt 0.656250 1.000000
vt 0.656250 0.000000
vt 0.677083 1.000000
vt 0.677083 0.000000
vt 0.687500 1.000000
vt 0.687500 0.000000
vt 0.697917 1.000000
vt 0.697917 0.000000
vt 0.708333 1.000000
vt 0.718750 1.000000
vt 0.718750 0.000000
vt 0.729167 1.000000
vt 0.729167 0.000000
vt 0.739583 1.000000
vt 0.739583 0.000000
vt 0.760417 1.000000
vt 0.760417 0.000000
vt 0.770833 1.000000
vt 0.770833 0.000000
vt 0.781250 1.000000
vt 0.781250 0.000000
vt 0.791667 1.000000
vt 0.802083 1.000000
vt 0.802083 0.000000
vt 0.812500 1.000000
vt 0.812500 0.000000
vt 0.822917 1.000000
vt 0.822917 0.000000
vt 0.843750 1.000000
vt 0.843750 0.000000
vt 0.854167 1.000000
vt 0.854167 0.000000
vt 0.864583 1.000000
vt 0.864583 0.000000
vt 0.875000 1.000000
vt 0.885417 1.000000
vt 0.885417 0.000000
vt 0.895833 1.000000
vt 0.895833 0.000000
vt 0.906250 1.000000
vt 0.906250 0.000000
vt 0.927083 1.000000
vt 0.927083 0.000000
vt 0.937500 1.000000
vt 0.937500 0.000000
vt 0.947917 1.000000
vt 0.947917 0.000000
vt 0.958333 1.000000
vt 0.968750 1.000000
vt 0.968750 0.000000
vt 0.979167 1.000000
vt 0.979167 0.000000
vt 0.989583 1.000000
vt 0.989583 0.000000
s 0
usemtl マテリアル
f 99/1/1 101/2/1 100/3/1
f 99/1/1 97/4/1 101/2/1
f 98/5/1 97/4/1 99/1/1
f 12/6/1 14/7/1 13/8/1
f 11/9/1 14/7/1 12/6/1
f 11/9/1 15/10/1 14/7/1
f 10/11/1 15/10/1 11/9/1
f 10/11/1 16/12/1 15/10/1
f 9/13/1 16/12/1 10/11/1
f 9/13/1 17/14/1 16/12/1
f 8/15/1 17/14/1 9/13/1
f 8/15/1 18/16/1 17/14/1
f 7/17/1 18/16/1 8/15/1
f 7/17/1 19/18/1 18/16/1
f 6/19/1 19/18/1 7/17/1
f 6/19/1 20/20/1 19/18/1
f 5/21/1 20/20/1 6/19/1
f 5/21/1 21/22/1 20/20/1
f 4/23/1 21/22/1 5/21/1
f 4/23/1 22/24/1 21/22/1
f 3/25/1 22/24/1 4/23/1
f 3/25/1 23/26/1 22/24/1
f 2/27/1 23/26/1 3/25/1
f 2/27/1 24/28/1 23/26/1
f 1/29/1 24/28/1 2/27/1
f 1/29/1 25/30/1 24/28/1
f 96/31/1 25/30/1 1/29/1
f 96/31/1 26/32/1 25/30/1
f 95/33/1 26/32/1 96/31/1
f 95/33/1 27/34/1 26/32/1
f 94/35/1 27/34/1 95/33/1
f 94/35/1 28/36/1 27/34/1
f 93/37/1 28/36/1 94/35/1
f 93/37/1 29/38/1 28/36/1
f 92/39/1 29/38/1 93/37/1
f 92/39/1 30/40/1 29/38/1
f 91/41/1 30/40/1 92/39/1
f 91/41/1 31/42/1 30/40/1
f 90/43/1 31/42/1 91/41/1
f 90/43/1 32/44/1 31/42/1
f 89/45/1 32/44/1 90/43/1
f 89/45/1 33/46/1 32/44/1
f 88/47/1 33/46/1 89/45/1
f 88/47/1 34/48/1 33/46/1
f 87/49/1 34/48/1 88/47/1
f 87/49/1 35/50/1 34/48/1
f 86/51/1 35/50/1 87/49/1
f 86/51/1 36/52/1 35/50/1
f 85/53/1 36/52/1 86/51/1
f 85/53/1 37/54/1 36/52/1
f 84/55/1 37/54/1 85/53/1
f 84/55/1 38/56/1 37/54/1
f 83/57/1 38/56/1 84/55/1
f 83/57/1 39/58/1 38/56/1
f 82/59/1 39/58/1 83/57/1
f 82/59/1 40/60/1 39/58/1
f 81/61/1 40/60/1 82/59/1
f 81/61/1 41/62/1 40/60/1
f 80/63/1 41/62/1 81/61/1
f 80/63/1 42/64/1 41/62/1
f 79/65/1 42/64/1 80/63/1
f 79/65/1 43/66/1 42/64/1
f 78/67/1 43/66/1 79/65/1
f 78/67/1 44/68/1 43/66/1
f 77/69/1 44/68/1 78/67/1
f 77/69/1 45/70/1 44/68/1
f 76/71/1 45/70/1 77/69/1
f 76/71/1 46/72/1 45/70/1
f 75/73/1 46/72/1 76/71/1
f 75/73/1 47/74/1 46/72/1
f 74/75/1 47/74/1 75/73/1
f 74/75/1 48/76/1 47/74/1
f 73/77/1 48/76/1 74/75/1
f 73/77/1 49/78/1 48/76/1
f 72/79/1 49/78/1 73/77/1
f 72/79/1 50/80/1 49/78/1
f 71/81/1 50/80/1 72/79/1
f 71/81/1 51/82/1 50/80/1
f 70/83/1 51/82/1 71/81/1
f 70/83/1 52/84/1 51/82/1
f 69/85/1 52/84/1 70/83/1
f 69/85/1 53/86/1 52/84/1
f 68/87/1 53/86/1 69/85/1
f 68/87/1 54/88/1 53/86/1
f 67/89/1 54/88/1 68/87/1
f 67/89/1 55/90/1 54/88/1
f 66/91/1 55/90/1 67/89/1
f 66/91/1 56/92/1 55/90/1
f 65/93/1 56/92/1 66/91/1
f 65/93/1 57/94/1 56/92/1
f 64/95/1 57/94/1 65/93/1
f 64/95/1 58/96/1 57/94/1
f 63/97/1 58/96/1 64/95/1
f 63/97/1 59/98/1 58/96/1
f 62/99/1 59/98/1 63/97/1
f 62/99/1 60/100/1 59/98/1
f 61/101/1 60/100/1 62/99/1
f 200/1/1 202/2/1 201/3/1
f 200/1/1 198/4/1 202/2/1
f 199/5/1 198/4/1 200/1/1
f 113/6/1 115/7/1 114/8/1
f 112/9/1 115/7/1 113/6/1
f 112/9/1 116/10/1 115/7/1
f 111/11/1 116/10/1 112/9/1
f 111/11/1 117/12/1 116/10/1
f 110/13/1 117/12/1 111/11/1
f 110/13/1 118/14/1 117/12/1
f 109/15/1 118/14/1 110/13/1
f 109/15/1 119/16/1 118/14/1
f 108/17/1 119/16/1 109/15/1
f 108/17/1 120/18/1 119/16/1
f 107/19/1 120/18/1 108/17/1
f 107/19/1 121/20/1 120/18/1
f 106/21/1 121/20/1 107/19/1
f 106/21/1 122/22/1 121/20/1
f 105/23/1 122/22/1 106/21/1
f 105/23/1 123/24/1 122/22/1
f 104/25/1 123/24/1 105/23/1
f 104/25/1 124/26/1 123/24/1
f 103/27/1 124/26/1 104/25/1
f 103/27/1 125/28/1 124/26/1
f 102/29/1 125/28/1 103/27/1
f 102/29/1 126/30/1 125/28/1
f 197/31/1 126/30/1 102/29/1
f 197/31/1 127/32/1 126/30/1
f 196/33/1 127/32/1 197/31/1
f 196/33/1 128/34/1 127/32/1
f 195/35/1 128/34/1 196/33/1
f 195/35/1 129/36/1 128/34/1
f 194/37/1 129/36/1 195/35/1
f 194/37/1 130/38/1 129/36/1
f 193/39/1 130/38/1 194/37/1
f 193/39/1 131/40/1 130/38/1
f 192/41/1 131/40/1 193/39/1
f 192/41/1 132/42/1 131/40/1
f 191/43/1 132/42/1 192/41/1
f 191/43/1 133/44/1 132/42/1
f 190/45/1 133/44/1 191/43/1
f 190/45/1 134/46/1 133/44/1
f 189/47/1 134/46/1 190/45/1
f 189/47/1 135/48/1 134/46/1
f 188/49/1 135/48/1 189/47/1
f 188/49/1 136/50/1 135/48/1
f 187/51/1 136/50/1 188/49/1
f 187/51/1 137/52/1 136/50/1
f 186/53/1 137/52/1 187/51/1
f 186/53/1 138/54/1 137/52/1
f 185/55/1 138/54/1 186/53/1
f 185/55/1 139/56/1 138/54/1
f 184/57/1 139/56/1 185/55/1
f 184/57/1 140/58/1 139/56/1
f 183/59/1 140/58/1 184/57/1
f 183/59/1 141/60/1 140/58/1
f 182/61/1 141/60/1 183/59/1
f 182/61/1 142/62/1 141/60/1
f 181/63/1 142/62/1 182/61/1
f 181/63/1 143/64/1 142/62/1
f 180/65/1 143/64/1 181/63/1
f 180/65/1 144/66/1 143/64/1
f 179/67/1 144/66/1 180/65/1
f 179/67/1 145/68/1 144/66/1
f 178/69/1 145/68/1 179/67/1
f 178/69/1 146/70/1 145/68/1
f 177/71/1 146/70/1 178/69/1
f 177/71/1 147/72/1 146/70/1
f 176/73/1 147/72/1 177/71/1
f 176/73/1 148/74/1 147/72/1
f 175/75/1 148/74/1 176/73/1
f 175/75/1 149/76/1 148/74/1
f 174/77/1 149/76/1 175/75/1
f 174/77/1 150/78/1 149/76/1
f 173/79/1 150/78/1 174/77/1
f 173/79/1 151/80/1 150/78/1
f 172/81/1 151/80/1 173/79/1
f 172/81/1 152/82/1 151/80/1
f 171/83/1 152/82/1 172/81/1
f 171/83/1 153/84/1 152/82/1
f 170/85/1 153/84/1 171/83/1
f 170/85/1 154/86/1 153/84/1
f 169/87/1 154/86/1 170/85/1
f 169/87/1 155/88/1 154/86/1
f 168/89/1 155/88/1 169/87/1
f 168/89/1 156/90/1 155/88/1
f 167/91/1 156/90/1 168/89/1
f 167/91/1 157/92/1 156/90/1
f 166/93/1 157/92/1 167/91/1
f 166/93/1 158/94/1 157/92/1
f 165/95/1 158/94/1 166/93/1
f 165/95/1 159/96/1 158/94/1
f 164/97/1 159/96/1 165/95/1
f 164/97/1 160/98/1 159/96/1
f 163/99/1 160/98/1 164/97/1
f 163/99/1 161/100/1 160/98/1
f 162/101/1 161/100/1 163/99/1
f 325/102/1 327/103/1 326/104/1
f 324/105/1 327/103/1 325/102/1
f 277/106/1 279/107/1 278/108/1
f 277/106/1 280/109/1 279/107/1
f 276/110/1 280/109/1 277/106/1
f 276/110/1 281/111/1 280/109/1
f 275/112/1 281/111/1 276/110/1
f 323/113/1 327/103/1 324/105/1
f 275/112/1 282/114/1 281/111/1
f 275/112/1 283/115/1 282/114/1
f 274/116/1 283/115/1 275/112/1
f 274/116/1 284/117/1 283/115/1
f 273/118/1 284/117/1 274/116/1
f 322/119/1 327/103/1 323/113/1
f 273/118/1 285/120/1 284/117/1
f 322/119/1 328/121/1 327/103/1
f 272/122/1 285/120/1 273/118/1
f 272/122/1 286/123/1 285/120/1
f 272/122/1 287/124/1 286/123/1
f 271/125/1 287/124/1 272/122/1
f 321/126/1 328/121/1 322/119/1
f 271/125/1 288/127/1 287/124/1
f 270/128/1 288/127/1 271/125/1
f 270/128/1 289/129/1 288/127/1
f 320/130/1 328/121/1 321/126/1
f 269/131/1 289/129/1 270/128/1
f 269/131/1 290/132/1 289/129/1
f 269/131/1 291/133/1 290/132/1
f 268/134/1 291/133/1 269/131/1
f 319/135/1 328/121/1 320/130/1
f 268/134/1 292/136/1 291/133/1
f 267/137/1 292/136/1 268/134/1
f 319/135/1 329/138/1 328/121/1
f 267/137/1 293/139/1 292/136/1
f 266/140/1 293/139/1 267/137/1
f 266/140/1 294/141/1 293/139/1
f 318/142/1 329/138/1 319/135/1
f 266/140/1 295/143/1 294/141/1
f 265/144/1 295/143/1 266/140/1
f 265/144/1 296/145/1 295/143/1
f 317/146/1 329/138/1 318/142/1
f 265/144/1 297/147/1 296/145/1
f 317/146/1 330/148/1 329/138/1
f 265/144/1 298/149/1 297/147/1
f 316/150/1 330/148/1 317/146/1
f 265/144/1 299/151/1 298/149/1
f 265/144/1 300/152/1 299/151/1
f 265/144/1 301/153/1 300/152/1
f 315/154/1 330/148/1 316/150/1
f 315/154/1 331/155/1 330/148/1
f 265/144/1 264/156/1 301/153/1
f 264/156/1 263/157/1 301/153/1
f 263/157/1 262/158/1 301/153/1
f 262/158/1 261/159/1 301/153/1
f 261/159/1 260/160/1 301/153/1
f 260/160/1 259/161/1 301/153/1
f 259/161/1 258/162/1 301/153/1
f 258/162/1 302/163/1 301/153/1
f 257/164/1 302/163/1 258/162/1
f 256/165/1 302/163/1 257/164/1
f 255/166/1 302/163/1 256/165/1
f 254/167/2 302/163/2 255/166/2
f 253/168/1 302/163/1 254/167/1
f 252/169/1 302/163/1 253/168/1
f 251/170/1 302/163/1 252/169/1
f 250/171/1 302/163/1 251/170/1
f 249/172/1 302/163/1 250/171/1
f 248/173/1 302/163/1 249/172/1
f 247/174/1 302/163/1 248/173/1
f 246/175/1 302/163/1 247/174/1
f 245/176/1 302/163/1 246/175/1
f 244/177/1 302/163/1 245/176/1
f 243/178/1 302/163/1 244/177/1
f 242/179/1 302/163/1 243/178/1
f 241/180/1 302/163/1 242/179/1
f 240/181/1 302/163/1 241/180/1
f 240/181/1 303/182/1 302/163/1
f 239/183/1 303/182/1 240/181/1
f 238/184/1 303/182/1 239/183/1
f 238/184/1 304/185/1 303/182/1
f 237/186/1 304/185/1 238/184/1
f 314/187/1 331/155/1 315/154/1
f 236/188/1 304/185/1 237/186/1
f 236/188/1 305/189/1 304/185/1
f 235/190/1 305/189/1 236/188/1
f 235/190/1 306/191/1 305/189/1
f 234/192/1 306/191/1 235/190/1
f 234/192/1 307/193/1 306/191/1
f 233/194/1 307/193/1 234/192/1
f 232/195/1 307/193/1 233/194/1
f 232/195/1 308/196/1 307/193/1
f 231/197/1 308/196/1 232/195/1
f 231/197/1 309/198/1 308/196/1
f 230/199/1 309/198/1 231/197/1
f 230/199/1 310/200/1 309/198/1
f 229/201/1 310/200/1 230/199/1
f 228/202/1 310/200/1 229/201/1
f 228/202/1 311/203/1 310/200/1
f 314/187/1 332/204/1 331/155/1
f 227/205/1 311/203/1 228/202/1
f 227/205/1 312/206/1 311/203/1
f 226/207/1 312/206/1 227/205/1
f 226/207/1 313/208/1 312/206/1
f 225/209/1 313/208/1 226/207/1
f 225/209/1 314/187/1 313/208/1
f 224/210/1 314/187/1 225/209/1
f 224/210/1 332/204/1 314/187/1
f 223/211/1 332/204/1 224/210/1
f 222/212/1 332/204/1 223/211/1
f 221/213/1 332/204/1 222/212/1
f 220/214/1 332/204/1 221/213/1
f 219/215/1 332/204/1 220/214/1
f 218/216/1 332/204/1 219/215/1
f 217/217/1 332/204/1 218/216/1
f 216/218/1 332/204/1 217/217/1
f 216/218/1 333/219/1 332/204/1
f 215/220/1 363/221/1 216/218/1
f 363/221/1 333/219/1 216/218/1
f 214/222/1 364/223/1 215/220/1
f 364/223/1 363/221/1 215/220/1
f 213/224/1 364/223/1 214/222/1
f 212/225/1 364/223/1 213/224/1
f 211/226/1 364/223/1 212/225/1
f 210/227/1 364/223/1 211/226/1
f 210/227/1 365/228/1 364/223/1
f 362/229/1 333/219/1 363/221/1
f 210/227/1 366/230/1 365/228/1
f 361/231/1 333/219/1 362/229/1
f 210/227/1 367/232/1 366/230/1
f 360/233/1 333/219/1 361/231/1
f 210/227/1 368/234/1 367/232/1
f 209/235/1 368/234/1 210/227/1
f 359/236/1 333/219/1 360/233/1
f 209/235/1 369/237/1 368/234/1
f 358/238/1 333/219/1 359/236/1
f 209/235/1 370/239/1 369/237/1
f 208/240/1 370/239/1 209/235/1
f 358/238/1 334/241/1 333/219/1
f 357/242/1 334/241/1 358/238/1
f 208/240/1 371/243/1 370/239/1
f 356/244/1 334/241/1 357/242/1
f 207/245/1 371/243/1 208/240/1
f 207/245/1 372/246/1 371/243/1
f 355/247/1 334/241/1 356/244/1
f 207/245/1 373/248/1 372/246/1
f 206/249/1 373/248/1 207/245/1
f 354/250/1 334/241/1 355/247/1
f 206/249/1 374/251/1 373/248/1
f 205/252/1 374/251/1 206/249/1
f 353/253/1 334/241/1 354/250/1
f 205/252/1 375/254/1 374/251/1
f 204/255/1 376/2/1 205/252/1
f 376/2/1 375/254/1 205/252/1
f 352/256/1 334/241/1 353/253/1
f 352/256/1 335/257/1 334/241/1
f 351/258/1 335/257/1 352/256/1
f 204/255/1 203/29/1 376/2/1
f 350/259/1 335/257/1 351/258/1
f 349/260/1 335/257/1 350/259/1
f 348/261/1 335/257/1 349/260/1
f 348/261/1 336/262/1 335/257/1
f 347/263/1 336/262/1 348/261/1
f 346/264/1 336/262/1 347/263/1
f 346/264/1 337/265/1 336/262/1
f 345/266/1 337/265/1 346/264/1
f 344/267/1 337/265/1 345/266/1
f 344/267/1 338/268/1 337/265/1
f 343/269/1 338/268/1 344/267/1
f 342/270/1 338/268/1 343/269/1
f 342/270/1 339/271/1 338/268/1
f 341/272/1 339/271/1 342/270/1
f 340/273/1 339/271/1 341/272/1
f 548/274/1 550/275/1 549/276/1
f 548/274/1 551/277/1 550/275/1
f 548/274/1 552/278/1 551/277/1
f 547/279/1 552/278/1 548/274/1
f 572/280/1 378/281/1 377/29/1
f 547/279/1 553/282/1 552/278/1
f 547/279/1 554/283/1 553/282/1
f 546/284/1 554/283/1 547/279/1
f 571/285/1 378/281/1 572/280/1
f 546/284/1 555/286/1 554/283/1
f 570/287/1 378/281/1 571/285/1
f 546/284/1 556/288/1 555/286/1
f 545/289/1 556/288/1 546/284/1
f 569/290/1 378/281/1 570/287/1
f 545/289/1 557/291/1 556/288/1
f 569/290/1 379/292/1 378/281/1
f 568/293/1 379/292/1 569/290/1
f 545/289/1 558/294/1 557/291/1
f 567/295/1 379/292/1 568/293/1
f 544/296/1 558/294/1 545/289/1
f 544/296/1 559/297/1 558/294/1
f 566/298/1 379/292/1 567/295/1
f 565/299/1 379/292/1 566/298/1
f 544/296/1 560/300/1 559/297/1
f 564/301/1 379/292/1 565/299/1
f 563/302/1 379/292/1 564/301/1
f 543/303/1 560/300/1 544/296/1
f 543/303/1 561/304/1 560/300/1
f 562/305/1 379/292/1 563/302/1
f 562/305/1 380/306/1 379/292/1
f 561/304/1 380/306/1 562/305/1
f 543/303/1 380/306/1 561/304/1
f 542/307/1 380/306/1 543/303/1
f 542/307/1 381/308/1 380/306/1
f 541/309/1 381/308/1 542/307/1
f 540/310/1 381/308/1 541/309/1
f 540/310/1 586/311/1 381/308/1
f 586/311/1 585/312/1 381/308/1
f 585/312/1 382/313/1 381/308/1
f 540/310/1 587/314/1 586/311/1
f 584/315/1 382/313/1 585/312/1
f 583/316/1 382/313/1 584/315/1
f 540/310/1 588/317/1 587/314/1
f 582/318/1 382/313/1 583/316/1
f 581/319/1 382/313/1 582/318/1
f 540/310/1 589/320/1 588/317/1
f 580/321/1 382/313/1 581/319/1
f 539/322/1 589/320/1 540/310/1
f 579/323/1 382/313/1 580/321/1
f 578/71/1 382/313/1 579/323/1
f 539/322/1 590/324/1 589/320/1
f 578/71/1 383/325/1 382/313/1
f 577/326/1 383/325/1 578/71/1
f 576/327/1 383/325/1 577/326/1
f 539/322/1 591/328/1 590/324/1
f 575/329/1 383/325/1 576/327/1
f 574/330/1 383/325/1 575/329/1
f 573/331/1 383/325/1 574/330/1
f 539/322/1 592/332/1 591/328/1
f 538/333/1 592/332/1 539/322/1
f 573/331/1 384/334/1 383/325/1
f 538/333/1 593/335/1 592/332/1
f 538/333/1 594/336/1 593/335/1
f 537/337/1 594/336/1 538/333/1
f 573/331/1 385/338/1 384/334/1
f 537/337/1 595/339/1 594/336/1
f 536/340/1 595/339/1 537/337/1
f 536/340/1 596/341/1 595/339/1
f 573/331/1 386/342/1 385/338/1
f 536/340/1 597/343/1 596/341/1
f 535/344/1 597/343/1 536/340/1
f 573/331/1 387/345/1 386/342/1
f 535/344/1 598/346/1 597/343/1
f 534/347/1 598/346/1 535/344/1
f 573/331/1 388/348/1 387/345/1
f 534/347/1 599/349/1 598/346/1
f 573/331/1 389/350/1 388/348/1
f 533/351/1 599/349/1 534/347/1
f 533/351/1 600/352/1 599/349/1
f 533/351/1 601/353/1 600/352/1
f 573/331/1 390/354/1 389/350/1
f 532/355/1 601/353/1 533/351/1
f 532/355/1 602/356/1 601/353/1
f 573/331/1 391/357/1 390/354/1
f 531/358/1 602/356/1 532/355/1
f 531/358/1 603/359/1 602/356/1
f 530/360/1 603/359/1 531/358/1
f 530/360/1 604/361/1 603/359/1
f 530/360/1 605/362/1 604/361/1
f 529/363/1 605/362/1 530/360/1
f 529/363/1 606/364/1 605/362/1
f 528/365/1 606/364/1 529/363/1
f 528/365/1 607/366/1 606/364/1
f 528/365/1 608/367/1 607/366/1
f 527/368/1 608/367/1 528/365/1
f 527/368/1 609/369/1 608/367/1
f 526/370/1 609/369/1 527/368/1
f 526/370/1 610/371/1 609/369/1
f 525/372/1 610/371/1 526/370/1
f 525/372/1 611/373/1 610/371/1
f 525/372/1 612/374/1 611/373/1
f 525/372/1 613/375/1 612/374/1
f 524/376/1 613/375/1 525/372/1
f 524/376/1 614/377/1 613/375/1
f 523/378/1 614/377/1 524/376/1
f 523/378/1 615/379/1 614/377/1
f 523/378/1 616/380/1 615/379/1
f 522/381/1 616/380/1 523/378/1
f 522/381/1 617/382/1 616/380/1
f 522/381/1 618/383/1 617/382/1
f 521/384/1 618/383/1 522/381/1
f 521/384/1 619/385/1 618/383/1
f 521/384/1 620/386/1 619/385/1
f 520/387/1 620/386/1 521/384/1
f 645/2/1 391/357/1 573/331/1
f 520/387/1 621/388/1 620/386/1
f 519/389/1 621/388/1 520/387/1
f 644/390/1 391/357/1 645/2/1
f 519/389/1 622/391/1 621/388/1
f 519/389/1 623/392/1 622/391/1
f 643/393/1 391/357/1 644/390/1
f 518/394/1 623/392/1 519/389/1
f 518/394/1 624/395/1 623/392/1
f 642/396/1 391/357/1 643/393/1
f 518/394/1 625/397/1 624/395/1
f 517/398/1 625/397/1 518/394/1
f 642/396/1 392/399/1 391/357/1
f 641/400/1 392/399/1 642/396/1
f 641/400/1 393/401/1 392/399/1
f 517/398/1 626/402/1 625/397/1
f 641/400/1 394/403/1 393/401/1
f 641/400/1 395/404/1 394/403/1
f 640/405/1 395/404/1 641/400/1
f 517/398/1 627/406/1 626/402/1
f 640/405/1 396/407/1 395/404/1
f 640/405/1 397/408/1 396/407/1
f 516/409/1 627/406/1 517/398/1
f 640/405/1 398/410/1 397/408/1
f 639/411/1 398/410/1 640/405/1
f 516/409/1 628/412/1 627/406/1
f 639/411/1 399/413/1 398/410/1
f 639/411/1 400/414/1 399/413/1
f 516/409/1 629/415/1 628/412/1
f 638/416/1 400/414/1 639/411/1
f 638/416/1 401/417/1 400/414/1
f 638/416/1 402/418/1 401/417/1
f 516/409/1 630/419/1 629/415/1
f 638/416/1 403/420/1 402/418/1
f 637/421/1 403/420/1 638/416/1
f 637/421/1 404/422/1 403/420/1
f 516/409/1 631/423/1 630/419/1
f 515/424/1 631/423/1 516/409/1
f 636/425/1 489/426/1 637/421/1
f 489/426/1 404/422/1 637/421/1
f 489/426/1 405/427/1 404/422/1
f 636/425/1 490/428/1 489/426/1
f 488/429/1 405/427/1 489/426/1
f 515/424/1 632/430/1 631/423/1
f 488/429/1 406/431/1 405/427/1
f 635/432/1 490/428/1 636/425/1
f 515/424/1 633/433/1 632/430/1
f 634/434/1 490/428/1 635/432/1
f 515/424/1 634/434/1 633/433/1
f 488/429/1 407/435/1 406/431/1
f 515/424/1 490/428/1 634/434/1
f 488/429/1 408/436/1 407/435/1
f 488/429/1 409/437/1 408/436/1
f 488/429/1 410/438/1 409/437/1
f 488/429/1 411/439/1 410/438/1
f 514/440/1 490/428/1 515/424/1
f 487/441/1 411/439/1 488/429/1
f 487/441/1 412/442/1 411/439/1
f 487/441/1 413/443/1 412/442/1
f 487/441/1 414/444/1 413/443/1
f 514/440/1 491/445/1 490/428/1
f 487/441/1 415/446/1 414/444/1
f 487/441/1 416/447/1 415/446/1
f 486/448/1 416/447/1 487/441/1
f 486/448/1 417/449/1 416/447/1
f 486/448/1 418/450/1 417/449/1
f 486/448/1 419/451/1 418/450/1
f 513/452/1 491/445/1 514/440/1
f 486/448/1 420/453/1 419/451/1
f 486/448/1 421/454/1 420/453/1
f 485/455/1 421/454/1 486/448/1
f 485/455/1 422/456/1 421/454/1
f 485/455/1 423/457/1 422/456/1
f 485/455/1 424/458/1 423/457/1
f 485/455/1 425/459/1 424/458/1
f 485/455/1 426/460/1 425/459/1
f 485/455/1 427/461/1 426/460/1
f 513/452/1 492/462/1 491/445/1
f 485/455/1 428/463/1 427/461/1
f 484/464/1 428/463/1 485/455/1
f 484/464/1 429/465/1 428/463/1
f 484/464/1 430/466/1 429/465/1
f 484/464/1 431/467/1 430/466/1
f 484/464/1 432/468/1 431/467/1
f 512/469/1 492/462/1 513/452/1
f 484/464/1 433/470/1 432/468/1
f 484/464/1 434/471/1 433/470/1
f 484/464/1 435/472/1 434/471/1
f 484/464/1 436/473/1 435/472/1
f 484/464/1 437/474/1 436/473/1
f 484/464/1 438/475/1 437/474/1
f 484/464/1 439/476/1 438/475/1
f 483/477/1 439/476/1 484/464/1
f 483/477/1 440/478/1 439/476/1
f 483/477/1 441/479/1 440/478/1
f 483/477/1 442/480/1 441/479/1
f 483/477/1 443/481/1 442/480/1
f 483/477/1 444/32/1 443/481/1
f 483/477/1 445/482/1 444/32/1
f 483/477/1 446/483/1 445/482/1
f 483/477/1 447/484/1 446/483/1
f 483/477/1 448/485/1 447/484/1
f 483/477/1 449/486/1 448/485/1
f 483/477/1 450/487/1 449/486/1
f 483/477/1 451/488/1 450/487/1
f 483/477/1 452/489/1 451/488/1
f 482/490/1 452/489/1 483/477/1
f 512/469/1 493/491/1 492/462/1
f 511/82/1 493/491/1 512/469/1
f 481/492/1 452/489/1 482/490/1
f 480/493/1 452/489/1 481/492/1
f 510/494/1 493/491/1 511/82/1
f 510/494/1 494/495/1 493/491/1
f 479/496/1 452/489/1 480/493/1
f 478/497/1 452/489/1 479/496/1
f 509/498/1 494/495/1 510/494/1
f 477/499/1 452/489/1 478/497/1
f 509/498/1 495/500/1 494/495/1
f 477/499/1 453/501/1 452/489/1
f 476/502/1 453/501/1 477/499/1
f 508/503/1 495/500/1 509/498/1
f 476/502/1 454/504/1 453/501/1
f 475/505/1 454/504/1 476/502/1
f 508/503/1 496/506/1 495/500/1
f 475/505/1 455/507/1 454/504/1
f 474/508/1 455/507/1 475/505/1
f 507/509/1 496/506/1 508/503/1
f 474/508/1 456/510/1 455/507/1
f 473/511/1 456/510/1 474/508/1
f 472/512/1 456/510/1 473/511/1
f 472/512/1 457/513/1 456/510/1
f 507/509/1 497/514/1 496/506/1
f 506/515/1 497/514/1 507/509/1
f 471/516/1 457/513/1 472/512/1
f 471/516/1 458/517/1 457/513/1
f 470/518/1 458/517/1 471/516/1
f 470/518/1 459/519/1 458/517/1
f 505/520/1 497/514/1 506/515/1
f 505/520/1 498/521/1 497/514/1
f 469/522/1 459/519/1 470/518/1
f 469/522/1 460/523/1 459/519/1
f 468/524/1 460/523/1 469/522/1
f 468/524/1 461/525/1 460/523/1
f 467/526/1 461/525/1 468/524/1
f 467/526/1 462/527/1 461/525/1
f 504/528/1 498/521/1 505/520/1
f 466/529/1 462/527/1 467/526/1
f 466/529/1 463/530/1 462/527/1
f 504/528/1 499/531/1 498/521/1
f 465/532/1 463/530/1 466/529/1
f 465/532/1 464/533/1 463/530/1
f 503/534/1 499/531/1 504/528/1
f 503/534/1 500/535/1 499/531/1
f 502/536/1 500/535/1 503/534/1
f 502/536/1 501/537/1 500/535/1
f 718/538/1 720/539/1 719/540/1
f 718/538/1 721/541/1 720/539/1
f 717/542/1 721/541/1 718/538/1
f 717/542/1 722/543/1 721/541/1
f 717/542/1 723/544/1 722/543/1
f 716/545/1 723/544/1 717/542/1
f 716/545/1 724/546/1 723/544/1
f 716/545/1 725/547/1 724/546/1
f 715/548/1 725/547/1 716/545/1
f 715/548/1 726/549/1 725/547/1
f 715/548/1 727/550/1 726/549/1
f 714/551/1 727/550/1 715/548/1
f 714/551/1 728/552/1 727/550/1
f 714/551/1 729/553/1 728/552/1
f 713/554/1 729/553/1 714/551/1
f 713/554/1 730/555/1 729/553/1
f 712/556/1 730/555/1 713/554/1
f 712/556/1 731/557/1 730/555/1
f 712/556/1 732/558/1 731/557/1
f 711/559/1 732/558/1 712/556/1
f 711/559/1 733/560/1 732/558/1
f 711/559/1 734/561/1 733/560/1
f 710/562/1 734/561/1 711/559/1
f 710/562/1 735/563/1 734/561/1
f 710/562/1 736/564/1 735/563/1
f 709/565/1 852/566/1 710/562/1
f 852/566/1 851/567/1 710/562/1
f 851/567/1 736/564/1 710/562/1
f 850/568/1 736/564/1 851/567/1
f 849/569/1 736/564/1 850/568/1
f 709/565/1 853/570/1 852/566/1
f 848/571/1 736/564/1 849/569/1
f 848/571/1 737/572/1 736/564/1
f 847/573/1 737/572/1 848/571/1
f 709/565/1 854/574/1 853/570/1
f 846/575/1 737/572/1 847/573/1
f 845/576/1 737/572/1 846/575/1
f 709/565/1 855/577/1 854/574/1
f 844/578/1 737/572/1 845/576/1
f 843/579/1 737/572/1 844/578/1
f 709/565/1 856/580/1 855/577/1
f 842/581/1 737/572/1 843/579/1
f 842/581/1 738/582/1 737/572/1
f 841/583/1 738/582/1 842/581/1
f 709/565/1 857/584/1 856/580/1
f 708/585/1 857/584/1 709/565/1
f 840/586/1 738/582/1 841/583/1
f 839/587/1 738/582/1 840/586/1
f 708/585/1 858/588/1 857/584/1
f 838/589/1 738/582/1 839/587/1
f 838/589/1 739/590/1 738/582/1
f 837/591/1 739/590/1 838/589/1
f 708/585/1 859/592/1 858/588/1
f 836/593/1 739/590/1 837/591/1
f 836/593/1 740/594/1 739/590/1
f 708/585/1 860/595/1 859/592/1
f 835/596/1 740/594/1 836/593/1
f 707/597/1 860/595/1 708/585/1
f 834/598/1 740/594/1 835/596/1
f 707/597/1 861/599/1 860/595/1
f 833/600/1 740/594/1 834/598/1
f 833/600/1 741/601/1 740/594/1
f 832/602/1 741/601/1 833/600/1
f 707/597/1 862/2/1 861/599/1
f 831/603/1 741/601/1 832/602/1
f 706/604/1 862/2/1 707/597/1
f 831/603/1 742/605/1 741/601/1
f 830/606/1 742/605/1 831/603/1
f 706/604/1 803/607/1 862/2/1
f 829/608/1 742/605/1 830/606/1
f 829/608/1 743/609/1 742/605/1
f 828/610/1 743/609/1 829/608/1
f 706/604/1 804/611/1 803/607/1
f 827/612/1 743/609/1 828/610/1
f 705/613/1 804/611/1 706/604/1
f 827/612/1 744/614/1 743/609/1
f 826/615/1 744/614/1 827/612/1
f 705/613/1 805/616/1 804/611/1
f 826/615/1 745/617/1 744/614/1
f 705/613/1 806/618/1 805/616/1
f 704/619/1 806/618/1 705/613/1
f 825/620/1 745/617/1 826/615/1
f 704/619/1 807/621/1 806/618/1
f 825/620/1 746/622/1 745/617/1
f 704/619/1 808/71/1 807/621/1
f 703/623/1 808/71/1 704/619/1
f 825/620/1 747/624/1 746/622/1
f 824/625/1 747/624/1 825/620/1
f 703/623/1 809/626/1 808/71/1
f 824/625/1 748/627/1 747/624/1
f 823/628/1 748/627/1 824/625/1
f 702/629/1 809/626/1 703/623/1
f 702/629/1 810/630/1 809/626/1
f 823/628/1 749/631/1 748/627/1
f 822/632/1 749/631/1 823/628/1
f 822/632/1 750/633/1 749/631/1
f 702/629/1 811/634/1 810/630/1
f 701/635/1 811/634/1 702/629/1
f 822/632/1 751/636/1 750/633/1
f 821/637/1 751/636/1 822/632/1
f 701/635/1 812/638/1 811/634/1
f 821/637/1 752/639/1 751/636/1
f 820/640/1 752/639/1 821/637/1
f 701/635/1 813/641/1 812/638/1
f 700/32/1 813/641/1 701/635/1
f 820/640/1 753/642/1 752/639/1
f 819/643/1 753/642/1 820/640/1
f 819/643/1 754/82/1 753/642/1
f 700/32/1 814/644/1 813/641/1
f 818/645/1 754/82/1 819/643/1
f 818/645/1 755/646/1 754/82/1
f 699/647/1 814/644/1 700/32/1
f 817/648/1 755/646/1 818/645/1
f 699/647/1 815/649/1 814/644/1
f 817/648/1 756/650/1 755/646/1
f 816/651/1 756/650/1 817/648/1
f 815/649/1 756/650/1 816/651/1
f 815/649/1 757/652/1 756/650/1
f 699/647/1 757/652/1 815/649/1
f 698/653/1 757/652/1 699/647/1
f 698/653/1 758/654/1 757/652/1
f 698/653/1 759/655/1 758/654/1
f 698/653/1 760/656/1 759/655/1
f 698/653/1 761/657/1 760/656/1
f 697/658/1 761/657/1 698/653/1
f 697/658/1 762/659/1 761/657/1
f 697/658/1 763/660/1 762/659/1
f 697/658/1 764/661/1 763/660/1
f 697/658/1 765/662/1 764/661/1
f 697/658/1 766/663/1 765/662/1
f 697/658/1 767/664/1 766/663/1
f 697/658/1 768/665/1 767/664/1
f 697/658/1 769/666/1 768/665/1
f 696/667/1 769/666/1 697/658/1
f 696/667/1 770/668/1 769/666/1
f 696/667/1 771/669/1 770/668/1
f 696/667/1 772/670/1 771/669/1
f 696/667/1 773/671/1 772/670/1
f 696/667/1 774/672/1 773/671/1
f 696/667/1 775/673/1 774/672/1
f 696/667/1 776/674/1 775/673/1
f 696/667/1 777/675/1 776/674/1
f 696/667/1 778/676/1 777/675/1
f 696/667/1 779/677/1 778/676/1
f 696/667/1 780/678/1 779/677/1
f 695/679/1 780/678/1 696/667/1
f 695/679/1 781/680/1 780/678/1
f 694/681/1 781/680/1 695/679/1
f 694/681/1 782/682/1 781/680/1
f 694/681/1 783/683/1 782/682/1
f 693/684/1 783/683/1 694/681/1
f 693/684/1 784/685/1 783/683/1
f 692/686/1 784/685/1 693/684/1
f 692/686/1 785/687/1 784/685/1
f 692/686/1 786/688/1 785/687/1
f 691/689/1 786/688/1 692/686/1
f 691/689/1 787/690/1 786/688/1
f 690/691/1 787/690/1 691/689/1
f 690/691/1 788/692/1 787/690/1
f 690/691/1 789/693/1 788/692/1
f 689/694/1 789/693/1 690/691/1
f 689/694/1 790/695/1 789/693/1
f 689/694/1 791/696/1 790/695/1
f 657/697/1 659/698/1 658/699/1
f 688/700/1 791/696/1 689/694/1
f 688/700/1 792/701/1 791/696/1
f 656/702/1 659/698/1 657/697/1
f 688/700/1 793/703/1 792/701/1
f 687/704/1 793/703/1 688/700/1
f 655/705/1 659/698/1 656/702/1
f 687/704/1 794/706/1 793/703/1
f 654/707/1 659/698/1 655/705/1
f 687/704/1 795/708/1 794/706/1
f 686/709/1 795/708/1 687/704/1
f 653/710/1 659/698/1 654/707/1
f 686/709/1 796/711/1 795/708/1
f 653/710/1 660/712/1 659/698/1
f 652/713/1 660/712/1 653/710/1
f 686/709/1 797/714/1 796/711/1
f 651/715/1 660/712/1 652/713/1
f 686/709/1 798/716/1 797/714/1
f 685/717/1 798/716/1 686/709/1
f 650/718/1 660/712/1 651/715/1
f 685/717/1 799/719/1 798/716/1
f 649/720/1 660/712/1 650/718/1
f 685/717/1 800/721/1 799/719/1
f 648/722/1 660/712/1 649/720/1
f 685/717/1 801/723/1 800/721/1
f 648/722/1 661/724/1 660/712/1
f 647/725/1 661/724/1 648/722/1
f 685/717/1 802/726/1 801/723/1
f 646/29/1 661/724/1 647/725/1
f 685/717/1 646/29/1 802/726/1
f 685/717/1 661/724/1 646/29/1
f 684/727/1 661/724/1 685/717/1
f 683/728/1 661/724/1 684/727/1
f 683/728/1 662/729/1 661/724/1
f 682/730/1 662/729/1 683/728/1
f 682/730/1 663/731/1 662/729/1
f 681/732/1 663/731/1 682/730/1
f 681/732/1 664/733/1 663/731/1
f 680/734/1 664/733/1 681/732/1
f 680/734/1 665/735/1 664/733/1
f 679/736/1 665/735/1 680/734/1
f 678/737/1 665/735/1 679/736/1
f 678/737/1 666/738/1 665/735/1
f 677/739/1 666/738/1 678/737/1
f 677/739/1 667/740/1 666/738/1
f 676/741/1 667/740/1 677/739/1
f 676/741/1 668/742/1 667/740/1
f 675/743/1 668/742/1 676/741/1
f 674/744/1 668/742/1 675/743/1
f 674/744/1 669/745/1 668/742/1
f 673/746/1 669/745/1 674/744/1
f 673/746/1 670/747/1 669/745/1
f 672/748/1 670/747/1 673/746/1
f 672/748/1 671/749/1 670/747/1
f 876/750/1 878/751/1 877/752/1
f 875/753/1 878/751/1 876/750/1
f 875/753/1 879/754/1 878/751/1
f 874/755/1 879/754/1 875/753/1
f 874/755/1 880/756/1 879/754/1
f 873/757/1 880/756/1 874/755/1
f 873/757/1 881/758/1 880/756/1
f 872/759/1 881/758/1 873/757/1
f 872/759/1 882/760/1 881/758/1
f 871/761/1 882/760/1 872/759/1
f 871/761/1 883/762/1 882/760/1
f 870/763/1 883/762/1 871/761/1
f 870/763/1 884/764/1 883/762/1
f 869/765/1 884/764/1 870/763/1
f 869/765/1 885/766/1 884/764/1
f 868/767/1 885/766/1 869/765/1
f 868/767/1 886/768/1 885/766/1
f 867/769/1 886/768/1 868/767/1
f 867/769/1 887/770/1 886/768/1
f 866/771/1 887/770/1 867/769/1
f 866/771/1 888/772/1 887/770/1
f 865/773/1 888/772/1 866/771/1
f 865/773/1 889/774/1 888/772/1
f 864/775/1 889/774/1 865/773/1
f 864/775/1 890/776/1 889/774/1
f 864/775/1 891/777/1 890/776/1
f 864/775/1 892/778/1 891/777/1
f 864/775/1 893/779/1 892/778/1
f 864/775/1 894/780/1 893/779/1
f 863/29/1 894/780/1 864/775/1
f 863/29/1 895/781/1 894/780/1
f 863/29/1 896/782/1 895/781/1
f 863/29/1 897/783/1 896/782/1
f 1012/2/1 897/783/1 863/29/1
f 1012/2/1 898/784/1 897/783/1
f 1012/2/2 899/785/2 898/784/2
f 1012/2/2 900/786/2 899/785/2
f 1012/2/1 901/787/1 900/786/1
f 1012/2/2 902/788/2 901/787/2
f 1012/2/1 903/789/1 902/788/1
f 1012/2/2 904/790/2 903/789/2
f 1012/2/1 905/791/1 904/790/1
f 1012/2/2 906/792/2 905/791/2
f 1012/2/1 907/793/1 906/792/1
f 1012/2/2 908/794/2 907/793/2
f 1012/2/1 909/795/1 908/794/1
f 1012/2/1 910/796/1 909/795/1
f 1012/2/2 911/797/2 910/796/2
f 1012/2/2 912/798/2 911/797/2
f 1012/2/1 913/799/1 912/798/1
f 1012/2/1 914/800/1 913/799/1
f 1012/2/1 915/801/1 914/800/1
f 1012/2/1 916/802/1 915/801/1
f 1012/2/2 917/803/2 916/802/2
f 1012/2/1 918/804/1 917/803/1
f 1012/2/1 919/805/1 918/804/1
f 1012/2/1 920/806/1 919/805/1
f 1012/2/1 921/807/1 920/806/1
f 1012/2/1 922/808/1 921/807/1
f 1012/2/2 923/809/2 922/808/2
f 1012/2/1 924/810/1 923/809/1
f 1012/2/1 925/811/1 924/810/1
f 1012/2/1 926/812/1 925/811/1
f 1012/2/1 927/813/1 926/812/1
f 1012/2/1 928/814/1 927/813/1
f 1011/815/1 928/814/1 1012/2/1
f 1011/815/1 929/816/1 928/814/1
f 1011/815/1 930/817/1 929/816/1
f 1011/815/1 931/818/1 930/817/1
f 1010/819/1 931/818/1 1011/815/1
f 1010/819/1 932/820/1 931/818/1
f 1010/819/1 933/821/1 932/820/1
f 1009/822/1 933/821/1 1010/819/1
f 1009/822/1 934/823/1 933/821/1
f 1009/822/1 935/824/1 934/823/1
f 1008/825/1 935/824/1 1009/822/1
f 1008/825/1 936/826/1 935/824/1
f 1008/825/1 937/827/1 936/826/1
f 1007/828/1 937/827/1 1008/825/1
f 1007/828/1 938/829/1 937/827/1
f 1007/828/1 939/830/1 938/829/1
f 1006/831/1 939/830/1 1007/828/1
f 1006/831/1 940/832/1 939/830/1
f 1006/831/1 941/833/1 940/832/1
f 1005/834/1 941/833/1 1006/831/1
f 1005/834/1 942/835/1 941/833/1
f 1004/836/1 942/835/1 1005/834/1
f 1004/836/1 943/837/1 942/835/1
f 1003/838/1 943/837/1 1004/836/1
f 1003/838/1 944/839/1 943/837/1
f 1002/840/1 944/839/1 1003/838/1
f 1002/840/1 945/841/1 944/839/1
f 1001/842/1 945/841/1 1002/840/1
f 1001/842/1 946/843/1 945/841/1
f 1000/844/1 946/843/1 1001/842/1
f 999/845/1 946/843/1 1000/844/1
f 999/845/1 947/846/1 946/843/1
f 999/845/1 948/847/1 947/846/1
f 999/845/1 949/848/1 948/847/1
f 998/849/1 949/848/1 999/845/1
f 998/849/1 950/850/1 949/848/1
f 998/849/1 951/851/1 950/850/1
f 998/849/1 952/852/1 951/851/1
f 998/849/1 953/853/1 952/852/1
f 997/854/1 953/853/1 998/849/1
f 997/854/1 954/855/1 953/853/1
f 997/854/1 955/856/1 954/855/1
f 997/854/1 956/857/1 955/856/1
f 997/854/1 957/858/1 956/857/1
f 997/854/1 958/859/1 957/858/1
f 997/854/1 959/860/1 958/859/1
f 996/861/1 959/860/1 997/854/1
f 996/861/1 960/862/1 959/860/1
f 996/861/1 961/863/1 960/862/1
f 996/861/1 962/864/1 961/863/1
f 996/861/1 963/865/1 962/864/1
f 996/861/1 964/866/1 963/865/1
f 995/867/1 964/866/1 996/861/1
f 994/868/1 964/866/1 995/867/1
f 993/869/1 964/866/1 994/868/1
f 992/870/1 964/866/1 993/869/1
f 991/871/1 964/866/1 992/870/1
f 990/872/1 964/866/1 991/871/1
f 990/872/1 965/873/1 964/866/1
f 989/874/1 965/873/1 990/872/1
f 989/874/1 966/875/1 965/873/1
f 988/876/1 966/875/1 989/874/1
f 987/877/1 966/875/1 988/876/1
f 987/877/1 967/878/1 966/875/1
f 986/879/1 967/878/1 987/877/1
f 986/879/1 968/880/1 967/878/1
f 985/881/1 968/880/1 986/879/1
f 985/881/1 969/882/1 968/880/1
f 984/883/1 969/882/1 985/881/1
f 984/883/1 970/884/1 969/882/1
f 983/885/1 970/884/1 984/883/1
f 983/885/1 971/886/1 970/884/1
f 982/887/1 971/886/1 983/885/1
f 981/888/1 971/886/1 982/887/1
f 981/888/1 972/889/1 971/886/1
f 980/890/1 972/889/1 981/888/1
f 980/890/1 973/891/1 972/889/1
f 979/892/1 973/891/1 980/890/1
f 979/892/1 974/893/1 973/891/1
f 978/894/1 974/893/1 979/892/1
f 978/894/1 975/895/1 974/893/1
f 977/896/1 975/895/1 978/894/1
f 977/896/1 976/897/1 975/895/1
f 1148/898/1 1150/899/1 1149/900/1
f 1148/898/1 1151/901/1 1150/899/1
f 1148/898/1 1152/902/1 1151/901/1
f 1147/903/1 1152/902/1 1148/898/1
f 1147/903/1 1153/904/1 1152/902/1
f 1147/903/1 1154/905/1 1153/904/1
f 1146/906/1 1154/905/1 1147/903/1
f 1146/906/1 1155/907/1 1154/905/1
f 1146/906/1 1156/908/1 1155/907/1
f 1146/906/1 1157/909/1 1156/908/1
f 1145/910/1 1157/909/1 1146/906/1
f 1145/910/1 1158/911/1 1157/909/1
f 1145/910/1 1159/912/1 1158/911/1
f 1144/913/1 1159/912/1 1145/910/1
f 1144/913/1 1160/914/1 1159/912/1
f 1144/913/1 1161/2/1 1160/914/1
f 1144/913/1 1013/29/1 1161/2/1
f 1143/915/1 1013/29/1 1144/913/1
f 1143/915/1 1024/916/1 1013/29/1
f 1024/916/1 1023/917/1 1013/29/1
f 1023/917/1 1022/918/1 1013/29/1
f 1022/918/1 1021/919/1 1013/29/1
f 1021/919/1 1020/920/1 1013/29/1
f 1020/920/1 1019/921/1 1013/29/1
f 1019/921/1 1018/922/1 1013/29/1
f 1018/922/1 1017/923/1 1013/29/1
f 1017/923/1 1016/924/1 1013/29/1
f 1016/924/1 1014/925/1 1013/29/1
f 1142/926/1 1026/927/1 1143/915/1
f 1026/927/1 1025/928/1 1143/915/1
f 1025/928/1 1024/916/1 1143/915/1
f 1141/929/1 1028/930/1 1142/926/1
f 1028/930/1 1027/931/1 1142/926/1
f 1027/931/2 1026/927/2 1142/926/2
f 1141/929/1 1029/932/1 1028/930/1
f 1141/929/1 1030/933/1 1029/932/1
f 1141/929/1 1031/934/1 1030/933/1
f 1140/935/1 1031/934/1 1141/929/1
f 1140/935/1 1032/936/1 1031/934/1
f 1015/937/1 1014/925/1 1016/924/1
f 1140/935/1 1033/938/1 1032/936/1
f 1139/939/1 1033/938/1 1140/935/1
f 1139/939/1 1034/940/1 1033/938/1
f 1139/939/1 1035/941/1 1034/940/1
f 1138/942/1 1035/941/1 1139/939/1
f 1138/942/1 1036/943/1 1035/941/1
f 1138/942/1 1037/944/1 1036/943/1
f 1137/945/1 1037/944/1 1138/942/1
f 1137/945/1 1038/946/1 1037/944/1
f 1136/947/1 1038/946/1 1137/945/1
f 1136/947/1 1039/948/1 1038/946/1
f 1136/947/1 1040/949/1 1039/948/1
f 1135/950/1 1040/949/1 1136/947/1
f 1135/950/1 1041/951/1 1040/949/1
f 1134/952/1 1041/951/1 1135/950/1
f 1134/952/1 1042/953/1 1041/951/1
f 1133/954/1 1042/953/1 1134/952/1
f 1133/954/1 1043/955/1 1042/953/1
f 1132/956/1 1043/955/1 1133/954/1
f 1132/956/1 1044/957/1 1043/955/1
f 1131/958/1 1044/957/1 1132/956/1
f 1131/958/1 1045/959/1 1044/957/1
f 1131/958/1 1046/960/1 1045/959/1
f 1130/961/1 1046/960/1 1131/958/1
f 1130/961/1 1047/962/1 1046/960/1
f 1129/963/1 1047/962/1 1130/961/1
f 1129/963/1 1048/964/1 1047/962/1
f 1128/965/1 1048/964/1 1129/963/1
f 1128/965/1 1049/966/1 1048/964/1
f 1127/967/1 1049/966/1 1128/965/1
f 1127/967/1 1050/32/1 1049/966/1
f 1127/967/1 1051/968/1 1050/32/1
f 1126/969/1 1051/968/1 1127/967/1
f 1126/969/1 1052/970/1 1051/968/1
f 1125/971/1 1052/970/1 1126/969/1
f 1125/971/1 1053/972/1 1052/970/1
f 1124/71/1 1053/972/1 1125/971/1
f 1124/71/1 1054/973/1 1053/972/1
f 1123/974/1 1054/973/1 1124/71/1
f 1123/974/1 1055/975/1 1054/973/1
f 1123/974/1 1056/976/1 1055/975/1
f 1122/977/1 1056/976/1 1123/974/1
f 1122/977/1 1057/978/1 1056/976/1
f 1121/979/1 1057/978/1 1122/977/1
f 1121/979/1 1058/980/1 1057/978/1
f 1120/981/1 1058/980/1 1121/979/1
f 1120/981/1 1059/982/1 1058/980/1
f 1119/983/1 1059/982/1 1120/981/1
f 1119/983/1 1060/984/1 1059/982/1
f 1119/983/1 1061/985/1 1060/984/1
f 1118/986/1 1061/985/1 1119/983/1
f 1118/986/1 1062/987/1 1061/985/1
f 1117/988/1 1062/987/1 1118/986/1
f 1117/988/1 1063/989/1 1062/987/1
f 1116/990/1 1063/989/1 1117/988/1
f 1116/990/1 1064/991/1 1063/989/1
f 1116/990/1 1065/992/1 1064/991/1
f 1115/993/1 1065/992/1 1116/990/1
f 1115/993/1 1066/994/1 1065/992/1
f 1115/993/1 1067/995/1 1066/994/1
f 1114/996/1 1067/995/1 1115/993/1
f 1114/996/1 1068/997/1 1067/995/1
f 1113/998/1 1068/997/1 1114/996/1
f 1087/82/1 1089/999/1 1088/1000/1
f 1113/998/1 1069/1001/1 1068/997/1
f 1086/1002/1 1089/999/1 1087/82/1
f 1113/998/1 1070/1003/1 1069/1001/1
f 1085/1004/1 1089/999/1 1086/1002/1
f 1084/1005/1 1089/999/1 1085/1004/1
f 1112/1006/1 1070/1003/1 1113/998/1
f 1112/1006/1 1071/1007/1 1070/1003/1
f 1083/1008/1 1089/999/1 1084/1005/1
f 1112/1006/1 1072/1009/1 1071/1007/1
f 1082/1010/1 1089/999/1 1083/1008/1
f 1081/1011/1 1089/999/1 1082/1010/1
f 1112/1006/1 1073/1012/1 1072/1009/1
f 1080/1013/1 1089/999/1 1081/1011/1
f 1112/1006/1 1074/1014/1 1073/1012/1
f 1111/1015/1 1074/1014/1 1112/1006/1
f 1079/1016/1 1089/999/1 1080/1013/1
f 1078/1017/1 1089/999/1 1079/1016/1
f 1111/1015/1 1075/1018/1 1074/1014/1
f 1077/1019/1 1089/999/1 1078/1017/1
f 1077/1019/1 1090/1020/1 1089/999/1
f 1111/1015/1 1076/1021/1 1075/1018/1
f 1076/1021/1 1090/1020/1 1077/1019/1
f 1111/1015/1 1090/1020/1 1076/1021/1
f 1110/1022/1 1090/1020/1 1111/1015/1
f 1110/1022/1 1091/1023/1 1090/1020/1
f 1109/1024/1 1091/1023/1 1110/1022/1
f 1109/1024/1 1092/1025/1 1091/1023/1
f 1109/1024/1 1093/1026/1 1092/1025/1
f 1108/1027/1 1093/1026/1 1109/1024/1
f 1108/1027/1 1094/1028/1 1093/1026/1
f 1107/1029/1 1094/1028/1 1108/1027/1
f 1107/1029/1 1095/1030/1 1094/1028/1
f 1106/1031/1 1095/1030/1 1107/1029/1
f 1106/1031/1 1096/1032/1 1095/1030/1
f 1105/1033/1 1096/1032/1 1106/1031/1
f 1105/1033/1 1097/1034/1 1096/1032/1
f 1104/1035/1 1097/1034/1 1105/1033/1
f 1104/1035/1 1098/1036/1 1097/1034/1
f 1103/1037/1 1098/1036/1 1104/1035/1
f 1103/1037/1 1099/1038/1 1098/1036/1
f 1102/1039/1 1099/1038/1 1103/1037/1
f 1102/1039/1 1100/1040/1 1099/1038/1
f 1101/1041/1 1100/1040/1 1102/1039/1
f 1234/538/1 1236/539/1 1235/540/1
f 1234/538/1 1237/541/1 1236/539/1
f 1233/542/1 1237/541/1 1234/538/1
f 1233/542/1 1238/543/1 1237/541/1
f 1233/542/1 1239/544/1 1238/543/1
f 1232/545/1 1239/544/1 1233/542/1
f 1232/545/1 1240/546/1 1239/544/1
f 1232/545/1 1241/547/1 1240/546/1
f 1231/548/1 1241/547/1 1232/545/1
f 1231/548/1 1242/549/1 1241/547/1
f 1231/548/1 1243/550/1 1242/549/1
f 1230/551/1 1243/550/1 1231/548/1
f 1230/551/1 1244/552/1 1243/550/1
f 1230/551/1 1245/553/1 1244/552/1
f 1229/554/1 1245/553/1 1230/551/1
f 1229/554/1 1246/555/1 1245/553/1
f 1228/556/1 1246/555/1 1229/554/1
f 1228/556/1 1247/557/1 1246/555/1
f 1228/556/1 1248/558/1 1247/557/1
f 1227/559/1 1248/558/1 1228/556/1
f 1227/559/1 1249/560/1 1248/558/1
f 1227/559/1 1250/561/1 1249/560/1
f 1226/562/1 1250/561/1 1227/559/1
f 1226/562/1 1251/563/1 1250/561/1
f 1226/562/1 1252/564/1 1251/563/1
f 1225/565/1 1368/566/1 1226/562/1
f 1368/566/1 1367/567/1 1226/562/1
f 1367/567/1 1252/564/1 1226/562/1
f 1366/568/1 1252/564/1 1367/567/1
f 1365/569/1 1252/564/1 1366/568/1
f 1225/565/1 1369/570/1 1368/566/1
f 1364/571/1 1252/564/1 1365/569/1
f 1364/571/1 1253/572/1 1252/564/1
f 1363/573/1 1253/572/1 1364/571/1
f 1225/565/1 1370/574/1 1369/570/1
f 1362/575/1 1253/572/1 1363/573/1
f 1361/576/1 1253/572/1 1362/575/1
f 1225/565/1 1371/577/1 1370/574/1
f 1360/578/1 1253/572/1 1361/576/1
f 1359/579/1 1253/572/1 1360/578/1
f 1225/565/1 1372/580/1 1371/577/1
f 1358/581/1 1253/572/1 1359/579/1
f 1358/581/1 1254/582/1 1253/572/1
f 1357/583/1 1254/582/1 1358/581/1
f 1225/565/1 1373/584/1 1372/580/1
f 1224/585/1 1373/584/1 1225/565/1
f 1356/586/1 1254/582/1 1357/583/1
f 1355/587/1 1254/582/1 1356/586/1
f 1224/585/1 1374/588/1 1373/584/1
f 1354/589/1 1254/582/1 1355/587/1
f 1354/589/1 1255/590/1 1254/582/1
f 1353/591/1 1255/590/1 1354/589/1
f 1224/585/1 1375/592/1 1374/588/1
f 1352/593/1 1255/590/1 1353/591/1
f 1352/593/1 1256/594/1 1255/590/1
f 1224/585/1 1376/595/1 1375/592/1
f 1351/596/1 1256/594/1 1352/593/1
f 1223/597/1 1376/595/1 1224/585/1
f 1350/598/1 1256/594/1 1351/596/1
f 1223/597/1 1377/599/1 1376/595/1
f 1349/600/1 1256/594/1 1350/598/1
f 1349/600/1 1257/601/1 1256/594/1
f 1348/602/1 1257/601/1 1349/600/1
f 1223/597/1 1378/2/1 1377/599/1
f 1347/603/1 1257/601/1 1348/602/1
f 1222/604/1 1378/2/1 1223/597/1
f 1347/603/1 1258/605/1 1257/601/1
f 1346/606/1 1258/605/1 1347/603/1
f 1222/604/1 1319/607/1 1378/2/1
f 1345/608/1 1258/605/1 1346/606/1
f 1345/608/1 1259/609/1 1258/605/1
f 1344/610/1 1259/609/1 1345/608/1
f 1222/604/1 1320/611/1 1319/607/1
f 1343/612/1 1259/609/1 1344/610/1
f 1221/613/1 1320/611/1 1222/604/1
f 1343/612/1 1260/614/1 1259/609/1
f 1342/615/1 1260/614/1 1343/612/1
f 1221/613/1 1321/616/1 1320/611/1
f 1342/615/1 1261/617/1 1260/614/1
f 1221/613/1 1322/618/1 1321/616/1
f 1220/619/1 1322/618/1 1221/613/1
f 1341/620/1 1261/617/1 1342/615/1
f 1220/619/1 1323/621/1 1322/618/1
f 1341/620/1 1262/622/1 1261/617/1
f 1220/619/1 1324/71/1 1323/621/1
f 1219/623/1 1324/71/1 1220/619/1
f 1341/620/1 1263/624/1 1262/622/1
f 1340/625/1 1263/624/1 1341/620/1
f 1219/623/1 1325/626/1 1324/71/1
f 1340/625/1 1264/627/1 1263/624/1
f 1339/628/1 1264/627/1 1340/625/1
f 1218/629/1 1325/626/1 1219/623/1
f 1218/629/1 1326/630/1 1325/626/1
f 1339/628/1 1265/631/1 1264/627/1
f 1338/632/1 1265/631/1 1339/628/1
f 1338/632/1 1266/633/1 1265/631/1
f 1218/629/1 1327/634/1 1326/630/1
f 1217/635/1 1327/634/1 1218/629/1
f 1338/632/1 1267/636/1 1266/633/1
f 1337/637/1 1267/636/1 1338/632/1
f 1217/635/1 1328/638/1 1327/634/1
f 1337/637/1 1268/639/1 1267/636/1
f 1336/640/1 1268/639/1 1337/637/1
f 1217/635/1 1329/641/1 1328/638/1
f 1216/32/1 1329/641/1 1217/635/1
f 1336/640/1 1269/642/1 1268/639/1
f 1335/643/1 1269/642/1 1336/640/1
f 1335/643/1 1270/82/1 1269/642/1
f 1216/32/1 1330/644/1 1329/641/1
f 1334/645/1 1270/82/1 1335/643/1
f 1334/645/1 1271/646/1 1270/82/1
f 1215/647/1 1330/644/1 1216/32/1
f 1333/648/1 1271/646/1 1334/645/1
f 1215/647/1 1331/649/1 1330/644/1
f 1333/648/1 1272/650/1 1271/646/1
f 1332/651/1 1272/650/1 1333/648/1
f 1331/649/1 1272/650/1 1332/651/1
f 1331/649/1 1273/652/1 1272/650/1
f 1215/647/1 1273/652/1 1331/649/1
f 1214/653/1 1273/652/1 1215/647/1
f 1214/653/1 1274/654/1 1273/652/1
f 1214/653/1 1275/655/1 1274/654/1
f 1214/653/1 1276/656/1 1275/655/1
f 1214/653/1 1277/657/1 1276/656/1
f 1213/658/1 1277/657/1 1214/653/1
f 1213/658/1 1278/659/1 1277/657/1
f 1213/658/1 1279/660/1 1278/659/1
f 1213/658/1 1280/661/1 1279/660/1
f 1213/658/1 1281/662/1 1280/661/1
f 1213/658/1 1282/663/1 1281/662/1
f 1213/658/1 1283/664/1 1282/663/1
f 1213/658/1 1284/665/1 1283/664/1
f 1213/658/1 1285/666/1 1284/665/1
f 1212/667/1 1285/666/1 1213/658/1
f 1212/667/1 1286/668/1 1285/666/1
f 1212/667/1 1287/669/1 1286/668/1
f 1212/667/1 1288/670/1 1287/669/1
f 1212/667/1 1289/671/1 1288/670/1
f 1212/667/1 1290/672/1 1289/671/1
f 1212/667/1 1291/673/1 1290/672/1
f 1212/667/1 1292/674/1 1291/673/1
f 1212/667/1 1293/675/1 1292/674/1
f 1212/667/1 1294/676/1 1293/675/1
f 1212/667/1 1295/677/1 1294/676/1
f 1212/667/1 1296/678/1 1295/677/1
f 1211/679/1 1296/678/1 1212/667/1
f 1211/679/1 1297/680/1 1296/678/1
f 1210/681/1 1297/680/1 1211/679/1
f 1210/681/1 1298/682/1 1297/680/1
f 1210/681/1 1299/683/1 1298/682/1
f 1209/684/1 1299/683/1 1210/681/1
f 1209/684/1 1300/685/1 1299/683/1
f 1208/686/1 1300/685/1 1209/684/1
f 1208/686/1 1301/687/1 1300/685/1
f 1208/686/1 1302/688/1 1301/687/1
f 1207/689/1 1302/688/1 1208/686/1
f 1207/689/1 1303/690/1 1302/688/1
f 1206/691/1 1303/690/1 1207/689/1
f 1206/691/1 1304/692/1 1303/690/1
f 1206/691/1 1305/693/1 1304/692/1
f 1205/694/1 1305/693/1 1206/691/1
f 1205/694/1 1306/695/1 1305/693/1
f 1205/694/1 1307/696/1 1306/695/1
f 1173/697/1 1175/698/1 1174/699/1
f 1204/700/1 1307/696/1 1205/694/1
f 1204/700/1 1308/701/1 1307/696/1
f 1172/702/1 1175/698/1 1173/697/1
f 1204/700/1 1309/703/1 1308/701/1
f 1203/704/1 1309/703/1 1204/700/1
f 1171/705/1 1175/698/1 1172/702/1
f 1203/704/1 1310/706/1 1309/703/1
f 1170/707/1 1175/698/1 1171/705/1
f 1203/704/1 1311/708/1 1310/706/1
f 1202/709/1 1311/708/1 1203/704/1
f 1169/710/1 1175/698/1 1170/707/1
f 1202/709/1 1312/711/1 1311/708/1
f 1169/710/1 1176/712/1 1175/698/1
f 1168/713/1 1176/712/1 1169/710/1
f 1202/709/1 1313/714/1 1312/711/1
f 1167/715/1 1176/712/1 1168/713/1
f 1202/709/1 1314/716/1 1313/714/1
f 1201/717/1 1314/716/1 1202/709/1
f 1166/718/1 1176/712/1 1167/715/1
f 1201/717/1 1315/719/1 1314/716/1
f 1165/720/1 1176/712/1 1166/718/1
f 1201/717/1 1316/721/1 1315/719/1
f 1164/722/1 1176/712/1 1165/720/1
f 1201/717/1 1317/723/1 1316/721/1
f 1164/722/1 1177/724/1 1176/712/1
f 1163/725/1 1177/724/1 1164/722/1
f 1201/717/1 1318/726/1 1317/723/1
f 1162/29/1 1177/724/1 1163/725/1
f 1201/717/1 1162/29/1 1318/726/1
f 1201/717/1 1177/724/1 1162/29/1
f 1200/727/1 1177/724/1 1201/717/1
f 1199/728/1 1177/724/1 1200/727/1
f 1199/728/1 1178/729/1 1177/724/1
f 1198/730/1 1178/729/1 1199/728/1
f 1198/730/1 1179/731/1 1178/729/1
f 1197/732/1 1179/731/1 1198/730/1
f 1197/732/1 1180/733/1 1179/731/1
f 1196/734/1 1180/733/1 1197/732/1
f 1196/734/1 1181/735/1 1180/733/1
f 1195/736/1 1181/735/1 1196/734/1
f 1194/737/1 1181/735/1 1195/736/1
f 1194/737/1 1182/738/1 1181/735/1
f 1193/739/1 1182/738/1 1194/737/1
f 1193/739/1 1183/740/1 1182/738/1
f 1192/741/1 1183/740/1 1193/739/1
f 1192/741/1 1184/742/1 1183/740/1
f 1191/743/1 1184/742/1 1192/741/1
f 1190/744/1 1184/742/1 1191/743/1
f 1190/744/1 1185/745/1 1184/742/1
f 1189/746/1 1185/745/1 1190/744/1
f 1189/746/1 1186/747/1 1185/745/1
f 1188/748/1 1186/747/1 1189/746/1
f 1188/748/1 1187/749/1 1186/747/1
f 1513/1042/1 1515/1043/1 1514/1044/1
f 1537/1045/1 1539/1046/1 1538/1047/1
f 1537/1045/1 1540/1048/1 1539/1046/1
f 1512/1049/1 1515/1043/1 1513/1042/1
f 1512/1049/1 1516/1050/1 1515/1043/1
f 1536/1051/1 1540/1048/1 1537/1045/1
f 1453/1052/1 1455/1053/1 1454/1054/1
f 1453/1052/1 1456/1055/1 1455/1053/1
f 1452/1056/1 1456/1055/1 1453/1052/1
f 1536/1051/1 1541/1057/1 1540/1048/1
f 1452/1056/1 1457/1058/1 1456/1055/1
f 1451/1059/1 1457/1058/1 1452/1056/1
f 1451/1059/1 1458/1060/1 1457/1058/1
f 1511/1061/1 1516/1050/1 1512/1049/1
f 1536/1051/1 1542/1062/1 1541/1057/1
f 1511/1061/1 1517/1063/1 1516/1050/1
f 1535/1064/1 1542/1062/1 1536/1051/1
f 1451/1059/1 1459/1065/1 1458/1060/1
f 1450/1066/1 1459/1065/1 1451/1059/1
f 1450/1066/1 1460/1067/1 1459/1065/1
f 1449/1068/1 1460/1067/1 1450/1066/1
f 1535/1064/1 1543/1069/1 1542/1062/1
f 1449/1068/1 1461/1070/1 1460/1067/1
f 1510/1071/1 1517/1063/1 1511/1061/1
f 1510/1071/1 1518/1072/1 1517/1063/1
f 1534/1073/1 1543/1069/1 1535/1064/1
f 1448/1074/1 1461/1070/1 1449/1068/1
f 1448/1074/1 1462/1075/1 1461/1070/1
f 1534/1073/1 1544/1076/1 1543/1069/1
f 1448/1074/1 1463/1077/1 1462/1075/1
f 1447/1078/1 1463/1077/1 1448/1074/1
f 1509/1079/1 1518/1072/1 1510/1071/1
f 1534/1073/1 1545/1080/1 1544/1076/1
f 1509/1079/1 1519/1081/1 1518/1072/1
f 1533/1082/1 1545/1080/1 1534/1073/1
f 1447/1078/1 1464/1083/1 1463/1077/1
f 1446/1084/1 1464/1083/1 1447/1078/1
f 1446/1084/1 1465/1085/1 1464/1083/1
f 1533/1082/1 1546/1086/1 1545/1080/1
f 1508/1087/1 1519/1081/1 1509/1079/1
f 1445/1088/1 1465/1085/1 1446/1084/1
f 1445/1088/1 1466/1089/1 1465/1085/1
f 1508/1087/1 1520/1090/1 1519/1081/1
f 1532/1091/1 1546/1086/1 1533/1082/1
f 1532/1091/1 1547/1092/1 1546/1086/1
f 1445/1088/1 1467/1093/1 1466/1089/1
f 1444/1094/1 1467/1093/1 1445/1088/1
f 1507/1095/1 1520/1090/1 1508/1087/1
f 1444/1094/1 1468/1096/1 1467/1093/1
f 1532/1091/1 1548/1097/1 1547/1092/1
f 1531/1098/1 1548/1097/1 1532/1091/1
f 1507/1095/1 1521/1099/1 1520/1090/1
f 1443/1100/1 1468/1096/1 1444/1094/1
f 1443/1100/1 1469/1101/1 1468/1096/1
f 1442/1102/1 1469/1101/1 1443/1100/1
f 1531/1098/1 1549/1103/1 1548/1097/1
f 1442/1102/1 1470/1104/1 1469/1101/1
f 1506/1105/1 1521/1099/1 1507/1095/1
f 1530/1106/1 1549/1103/1 1531/1098/1
f 1506/1105/1 1522/538/1 1521/1099/1
f 1442/1102/1 1471/1107/1 1470/1104/1
f 1441/1108/1 1471/1107/1 1442/1102/1
f 1530/1106/1 1550/1109/1 1549/1103/1
f 1441/1108/1 1472/1110/1 1471/1107/1
f 1505/1111/1 1522/538/1 1506/1105/1
f 1441/1108/1 1473/1112/1 1472/1110/1
f 1530/1106/1 1551/1113/1 1550/1109/1
f 1529/1114/1 1551/1113/1 1530/1106/1
f 1505/1111/1 1523/1115/1 1522/538/1
f 1441/1108/1 1474/1116/1 1473/1112/1
f 1529/1114/1 1552/1117/1 1551/1113/1
f 1504/1118/1 1523/1115/1 1505/1111/1
f 1441/1108/1 1475/1119/1 1474/1116/1
f 1528/1120/1 1552/1117/1 1529/1114/1
f 1504/1118/1 1524/1121/1 1523/1115/1
f 1441/1108/1 1476/1122/1 1475/1119/1
f 1528/1120/1 1553/1123/1 1552/1117/1
f 1503/1124/1 1524/1121/1 1504/1118/1
f 1441/1108/1 1477/1125/1 1476/1122/1
f 1528/1120/1 1554/1126/1 1553/1123/1
f 1527/1127/1 1554/1126/1 1528/1120/1
f 1503/1124/1 1525/1128/1 1524/1121/1
f 1441/1108/1 1440/1129/1 1477/1125/1
f 1440/1129/1 1439/1130/1 1477/1125/1
f 1439/1130/1 1438/1131/1 1477/1125/1
f 1438/1131/1 1437/1132/1 1477/1125/1
f 1437/1132/1 1436/1133/1 1477/1125/1
f 1436/1133/1 1435/1134/1 1477/1125/1
f 1435/1134/1 1434/1135/1 1477/1125/1
f 1434/1135/1 1478/1136/1 1477/1125/1
f 1433/1137/1 1478/1136/1 1434/1135/1
f 1432/1138/1 1478/1136/1 1433/1137/1
f 1431/1139/1 1478/1136/1 1432/1138/1
f 1430/1140/2 1478/1136/2 1431/1139/2
f 1429/1141/1 1478/1136/1 1430/1140/1
f 1428/1142/1 1478/1136/1 1429/1141/1
f 1427/1143/1 1478/1136/1 1428/1142/1
f 1426/1144/1 1478/1136/1 1427/1143/1
f 1425/1145/1 1478/1136/1 1426/1144/1
f 1424/1146/1 1478/1136/1 1425/1145/1
f 1423/1147/1 1478/1136/1 1424/1146/1
f 1422/1148/1 1478/1136/1 1423/1147/1
f 1421/1149/1 1478/1136/1 1422/1148/1
f 1420/1150/1 1478/1136/1 1421/1149/1
f 1419/1151/1 1478/1136/1 1420/1150/1
f 1418/1152/1 1478/1136/1 1419/1151/1
f 1417/1153/1 1478/1136/1 1418/1152/1
f 1416/1154/1 1478/1136/1 1417/1153/1
f 1416/1154/1 1479/1155/1 1478/1136/1
f 1415/1156/1 1479/1155/1 1416/1154/1
f 1527/1127/1 1555/1157/1 1554/1126/1
f 1415/1156/1 1480/1158/1 1479/1155/1
f 1415/1156/1 1481/1159/1 1480/1158/1
f 1502/1160/1 1525/1128/1 1503/1124/1
f 1414/1161/1 1481/1159/1 1415/1156/1
f 1414/1161/1 1482/1162/1 1481/1159/1
f 1414/1161/1 1483/1163/1 1482/1162/1
f 1413/1164/1 1483/1163/1 1414/1161/1
f 1413/1164/1 1484/1165/1 1483/1163/1
f 1413/1164/1 1485/1166/1 1484/1165/1
f 1412/1167/1 1485/1166/1 1413/1164/1
f 1412/1167/1 1486/1168/1 1485/1166/1
f 1412/1167/1 1487/1169/1 1486/1168/1
f 1411/1170/1 1487/1169/1 1412/1167/1
f 1411/1170/1 1488/1171/1 1487/1169/1
f 1410/1172/1 1488/1171/1 1411/1170/1
f 1410/1172/1 1489/1173/1 1488/1171/1
f 1410/1172/1 1490/1174/1 1489/1173/1
f 1409/1175/1 1490/1174/1 1410/1172/1
f 1409/1175/1 1491/1176/1 1490/1174/1
f 1408/1177/1 1491/1176/1 1409/1175/1
f 1408/1177/1 1492/1178/1 1491/1176/1
f 1408/1177/1 1493/1179/1 1492/1178/1
f 1407/1180/1 1493/1179/1 1408/1177/1
f 1526/1181/1 1555/1157/1 1527/1127/1
f 1502/1160/1 1526/1181/1 1525/1128/1
f 1407/1180/1 1494/1182/1 1493/1179/1
f 1406/1183/1 1494/1182/1 1407/1180/1
f 1406/1183/1 1495/1184/1 1494/1182/1
f 1406/1183/1 1496/1185/1 1495/1184/1
f 1405/1186/1 1496/1185/1 1406/1183/1
f 1526/1181/1 1556/1187/1 1555/1157/1
f 1405/1186/1 1497/1188/1 1496/1185/1
f 1404/1189/1 1497/1188/1 1405/1186/1
f 1404/1189/1 1498/1190/1 1497/1188/1
f 1404/1189/1 1499/1191/1 1498/1190/1
f 1403/1192/1 1499/1191/1 1404/1189/1
f 1403/1192/1 1500/1193/1 1499/1191/1
f 1402/1194/1 1500/1193/1 1403/1192/1
f 1402/1194/1 1501/1195/1 1500/1193/1
f 1402/1194/1 1502/1160/1 1501/1195/1
f 1401/1196/1 1502/1160/1 1402/1194/1
f 1401/1196/1 1526/1181/1 1502/1160/1
f 1400/1197/1 1526/1181/1 1401/1196/1
f 1399/1198/1 1526/1181/1 1400/1197/1
f 1398/1199/1 1526/1181/1 1399/1198/1
f 1526/1181/1 1557/1200/1 1556/1187/1
f 1397/1201/1 1526/1181/1 1398/1199/1
f 1396/1202/1 1526/1181/1 1397/1201/1
f 1396/1202/1 1557/1200/1 1526/1181/1
f 1395/1203/1 1557/1200/1 1396/1202/1
f 1394/1204/1 1557/1200/1 1395/1203/1
f 1393/1205/1 1557/1200/1 1394/1204/1
f 1393/1205/1 1733/1206/1 1557/1200/1
f 1733/1206/1 1558/1207/1 1557/1200/1
f 1392/1208/1 1733/1206/1 1393/1205/1
f 1391/1209/1 1796/1210/1 1392/1208/1
f 1796/1210/1 1733/1206/1 1392/1208/1
f 1391/1209/1 1797/1211/1 1796/1210/1
f 1795/1212/1 1733/1206/1 1796/1210/1
f 1795/1212/1 1734/1213/1 1733/1206/1
f 1732/1214/1 1558/1207/1 1733/1206/1
f 1794/1215/1 1734/1213/1 1795/1212/1
f 1731/1216/1 1558/1207/1 1732/1214/1
f 1391/1209/1 1798/1217/1 1797/1211/1
f 1794/1215/1 1735/1218/1 1734/1213/1
f 1793/1219/1 1735/1218/1 1794/1215/1
f 1730/1220/1 1558/1207/1 1731/1216/1
f 1391/1209/1 1799/1221/1 1798/1217/1
f 1792/1222/1 1735/1218/1 1793/1219/1
f 1729/1223/1 1558/1207/1 1730/1220/1
f 1792/1222/1 1736/1224/1 1735/1218/1
f 1390/1225/1 1799/1221/1 1391/1209/1
f 1791/1226/1 1736/1224/1 1792/1222/1
f 1728/1227/1 1558/1207/1 1729/1223/1
f 1390/1225/1 1800/1228/1 1799/1221/1
f 1791/1226/1 1737/1229/1 1736/1224/1
f 1790/1230/1 1737/1229/1 1791/1226/1
f 1727/1231/1 1558/1207/1 1728/1227/1
f 1389/1232/1 1800/1228/1 1390/1225/1
f 1389/1232/1 1801/1233/1 1800/1228/1
f 1789/1234/1 1737/1229/1 1790/1230/1
f 1726/1235/1 1558/1207/1 1727/1231/1
f 1789/1234/1 1738/1236/1 1737/1229/1
f 1388/1237/1 1801/1233/1 1389/1232/1
f 1726/1235/1 1559/1238/1 1558/1207/1
f 1788/1239/1 1738/1236/1 1789/1234/1
f 1725/1240/1 1559/1238/1 1726/1235/1
f 1388/1237/1 1802/1241/1 1801/1233/1
f 1788/1239/1 1739/1242/1 1738/1236/1
f 1387/1243/1 1802/1241/1 1388/1237/1
f 1787/1244/1 1739/1242/1 1788/1239/1
f 1724/1245/1 1559/1238/1 1725/1240/1
f 1387/1243/1 1803/1246/1 1802/1241/1
f 1786/1247/1 1739/1242/1 1787/1244/1
f 1723/1248/1 1559/1238/1 1724/1245/1
f 1786/1247/1 1740/1249/1 1739/1242/1
f 1386/1250/1 1803/1246/1 1387/1243/1
f 1785/1251/1 1740/1249/1 1786/1247/1
f 1722/1252/1 1559/1238/1 1723/1248/1
f 1385/1253/1 1803/1246/1 1386/1250/1
f 1385/1253/1 1804/1254/1 1803/1246/1
f 1785/1251/1 1741/1255/1 1740/1249/1
f 1722/1252/1 1560/1256/1 1559/1238/1
f 1784/1257/1 1741/1255/1 1785/1251/1
f 1721/1258/1 1560/1256/1 1722/1252/1
f 1384/1259/1 1804/1254/1 1385/1253/1
f 1384/1259/1 1805/1260/1 1804/1254/1
f 1783/1261/1 1741/1255/1 1784/1257/1
f 1720/1262/1 1560/1256/1 1721/1258/1
f 1783/1261/1 1742/1263/1 1741/1255/1
f 1383/1264/1 1805/1260/1 1384/1259/1
f 1782/1265/1 1742/1263/1 1783/1261/1
f 1719/1266/1 1560/1256/1 1720/1262/1
f 1383/1264/1 1806/1267/1 1805/1260/1
f 1782/1265/1 1743/1268/1 1742/1263/1
f 1382/1269/1 1806/1267/1 1383/1264/1
f 1719/1266/1 1561/1270/1 1560/1256/1
f 1781/1271/1 1743/1268/1 1782/1265/1
f 1718/1272/1 1561/1270/1 1719/1266/1
f 1381/1273/1 1806/1267/1 1382/1269/1
f 1381/1273/1 1807/1274/1 1806/1267/1
f 1780/1275/1 1743/1268/1 1781/1271/1
f 1717/1276/1 1561/1270/1 1718/1272/1
f 1780/1275/1 1744/1277/1 1743/1268/1
f 1380/1278/1 1808/2/1 1381/1273/1
f 1808/2/1 1807/1274/1 1381/1273/1
f 1779/1279/1 1744/1277/1 1780/1275/1
f 1716/1280/1 1561/1270/1 1717/1276/1
f 1716/1280/1 1562/1281/1 1561/1270/1
f 1779/1279/1 1745/1282/1 1744/1277/1
f 1778/1283/1 1745/1282/1 1779/1279/1
f 1715/1284/1 1562/1281/1 1716/1280/1
f 1380/1278/1 1379/29/1 1808/2/1
f 1777/1285/1 1745/1282/1 1778/1283/1
f 1714/1286/1 1562/1281/1 1715/1284/1
f 1777/1285/1 1746/1287/1 1745/1282/1
f 1714/1286/1 1563/1288/1 1562/1281/1
f 1777/1285/1 1747/1289/1 1746/1287/1
f 1776/1290/1 1747/1289/1 1777/1285/1
f 1713/1291/1 1563/1288/1 1714/1286/1
f 1713/1291/1 1564/1292/1 1563/1288/1
f 1776/1290/1 1748/1293/1 1747/1289/1
f 1775/1294/1 1748/1293/1 1776/1290/1
f 1712/1295/1 1564/1292/1 1713/1291/1
f 1712/1295/1 1565/1296/1 1564/1292/1
f 1775/1294/1 1749/1297/1 1748/1293/1
f 1774/1298/1 1749/1297/1 1775/1294/1
f 1711/1299/1 1565/1296/1 1712/1295/1
f 1711/1299/1 1566/1300/1 1565/1296/1
f 1774/1298/1 1750/1301/1 1749/1297/1
f 1773/1302/1 1750/1301/1 1774/1298/1
f 1710/1303/1 1566/1300/1 1711/1299/1
f 1710/1303/1 1567/1304/1 1566/1300/1
f 1773/1302/1 1751/1305/1 1750/1301/1
f 1710/1303/1 1568/1306/1 1567/1304/1
f 1772/1307/1 1751/1305/1 1773/1302/1
f 1709/1308/1 1568/1306/1 1710/1303/1
f 1772/1307/1 1752/1309/1 1751/1305/1
f 1709/1308/1 1569/1310/1 1568/1306/1
f 1771/1311/1 1752/1309/1 1772/1307/1
f 1708/1312/1 1569/1310/1 1709/1308/1
f 1771/1311/1 1753/1313/1 1752/1309/1
f 1708/1312/1 1570/1314/1 1569/1310/1
f 1770/1315/1 1753/1313/1 1771/1311/1
f 1707/1316/1 1570/1314/1 1708/1312/1
f 1770/1315/1 1754/1317/1 1753/1313/1
f 1769/1318/1 1754/1317/1 1770/1315/1
f 1706/1319/1 1570/1314/1 1707/1316/1
f 1706/1319/1 1571/1320/1 1570/1314/1
f 1768/1321/1 1754/1317/1 1769/1318/1
f 1705/1322/1 1571/1320/1 1706/1319/1
f 1768/1321/1 1755/1323/1 1754/1317/1
f 1705/1322/1 1572/1324/1 1571/1320/1
f 1767/1325/1 1755/1323/1 1768/1321/1
f 1704/1326/1 1572/1324/1 1705/1322/1
f 1767/1325/1 1756/1327/1 1755/1323/1
f 1704/1326/1 1573/1328/1 1572/1324/1
f 1766/1329/1 1756/1327/1 1767/1325/1
f 1703/1330/1 1573/1328/1 1704/1326/1
f 1766/1329/1 1757/1331/1 1756/1327/1
f 1703/1330/1 1574/1332/1 1573/1328/1
f 1765/1333/1 1757/1331/1 1766/1329/1
f 1702/1334/1 1574/1332/1 1703/1330/1
f 1765/1333/1 1758/1335/1 1757/1331/1
f 1702/1334/1 1575/1336/1 1574/1332/1
f 1764/1337/1 1758/1335/1 1765/1333/1
f 1701/1338/1 1575/1336/1 1702/1334/1
f 1763/1339/1 1758/1335/1 1764/1337/1
f 1700/1340/1 1575/1336/1 1701/1338/1
f 1762/1341/1 1758/1335/1 1763/1339/1
f 1699/1342/1 1575/1336/1 1700/1340/1
f 1761/1343/1 1758/1335/1 1762/1341/1
f 1698/1344/1 1575/1336/1 1699/1342/1
f 1760/1345/1 1758/1335/1 1761/1343/1
f 1697/1346/1 1575/1336/1 1698/1344/1
f 1759/1347/1 1758/1335/1 1760/1345/1
f 1696/1348/1 1575/1336/1 1697/1346/1
f 1695/1349/1 1575/1336/1 1696/1348/1
f 1694/1350/1 1575/1336/1 1695/1349/1
f 1693/1351/1 1575/1336/1 1694/1350/1
f 1693/1351/1 1576/1352/1 1575/1336/1
f 1693/1351/1 1577/1353/1 1576/1352/1
f 1693/1351/1 1578/1354/1 1577/1353/1
f 1693/1351/1 1579/1355/1 1578/1354/1
f 1693/1351/1 1580/1356/1 1579/1355/1
f 1692/1357/1 1580/1356/1 1693/1351/1
f 1692/1357/1 1581/1358/1 1580/1356/1
f 1692/1357/1 1582/1359/1 1581/1358/1
f 1692/1357/1 1583/1360/1 1582/1359/1
f 1692/1357/1 1584/1361/1 1583/1360/1
f 1692/1357/1 1585/1362/1 1584/1361/1
f 1691/1363/1 1585/1362/1 1692/1357/1
f 1691/1363/1 1586/1364/1 1585/1362/1
f 1691/1363/1 1587/1365/1 1586/1364/1
f 1691/1363/1 1588/1366/1 1587/1365/1
f 1691/1363/1 1589/1367/1 1588/1366/1
f 1691/1363/1 1590/1368/1 1589/1367/1
f 1690/1369/1 1590/1368/1 1691/1363/1
f 1690/1369/1 1591/1370/1 1590/1368/1
f 1690/1369/1 1592/1371/1 1591/1370/1
f 1690/1369/1 1593/1372/1 1592/1371/1
f 1690/1369/1 1594/1373/1 1593/1372/1
f 1690/1369/1 1595/1374/1 1594/1373/1
f 1689/1375/1 1595/1374/1 1690/1369/1
f 1689/1375/1 1596/1376/1 1595/1374/1
f 1689/1375/1 1597/1377/1 1596/1376/1
f 1689/1375/1 1598/1378/1 1597/1377/1
f 1689/1375/1 1599/1379/1 1598/1378/1
f 1689/1375/1 1600/1380/1 1599/1379/1
f 1688/1381/1 1600/1380/1 1689/1375/1
f 1688/1381/1 1601/1382/1 1600/1380/1
f 1687/1383/1 1601/1382/1 1688/1381/1
f 1687/1383/1 1602/1384/1 1601/1382/1
f 1687/1383/1 1603/1385/1 1602/1384/1
f 1686/1386/1 1603/1385/1 1687/1383/1
f 1686/1386/1 1604/1387/1 1603/1385/1
f 1686/1386/1 1605/1388/1 1604/1387/1
f 1685/1389/1 1605/1388/1 1686/1386/1
f 1685/1389/1 1606/1390/1 1605/1388/1
f 1685/1389/1 1607/1391/1 1606/1390/1
f 1684/1392/1 1607/1391/1 1685/1389/1
f 1684/1392/1 1608/1393/1 1607/1391/1
f 1684/1392/1 1609/1394/1 1608/1393/1
f 1683/1395/1 1609/1394/1 1684/1392/1
f 1683/1395/1 1610/1396/1 1609/1394/1
f 1683/1395/1 1611/1397/1 1610/1396/1
f 1683/1395/1 1612/1398/1 1611/1397/1
f 1683/1395/1 1613/1399/1 1612/1398/1
f 1683/1395/1 1614/1400/1 1613/1399/1
f 1683/1395/1 1615/1401/1 1614/1400/1
f 1682/1402/1 1615/1401/1 1683/1395/1
f 1682/1402/1 1616/1403/1 1615/1401/1
f 1682/1402/1 1617/1404/1 1616/1403/1
f 1682/1402/1 1618/1405/1 1617/1404/1
f 1682/1402/1 1619/1406/1 1618/1405/1
f 1682/1402/1 1620/1407/1 1619/1406/1
f 1682/1402/1 1621/1408/1 1620/1407/1
f 1682/1402/1 1622/1409/1 1621/1408/1
f 1681/1410/1 1622/1409/1 1682/1402/1
f 1681/1410/1 1623/1411/1 1622/1409/1
f 1681/1410/1 1624/1412/1 1623/1411/1
f 1681/1410/1 1625/1413/1 1624/1412/1
f 1681/1410/1 1626/1414/1 1625/1413/1
f 1681/1410/1 1627/1415/1 1626/1414/1
f 1681/1410/1 1628/1416/1 1627/1415/1
f 1681/1410/1 1629/1417/1 1628/1416/1
f 1681/1410/1 1630/1418/1 1629/1417/1
f 1681/1410/1 1631/1419/1 1630/1418/1
f 1681/1410/1 1632/1420/1 1631/1419/1
f 1681/1410/1 1633/1421/1 1632/1420/1
f 1681/1410/1 1634/1422/1 1633/1421/1
f 1681/1410/1 1635/1423/1 1634/1422/1
f 1681/1410/1 1636/1424/1 1635/1423/1
f 1681/1410/1 1637/1425/1 1636/1424/1
f 1681/1410/1 1638/1426/1 1637/1425/1
f 1681/1410/1 1639/1427/1 1638/1426/1
f 1681/1410/1 1640/1428/1 1639/1427/1
f 1681/1410/1 1641/1429/1 1640/1428/1
f 1681/1410/1 1642/1430/1 1641/1429/1
f 1680/1431/1 1642/1430/1 1681/1410/1
f 1680/1431/1 1643/1432/1 1642/1430/1
f 1680/1431/1 1644/1433/1 1643/1432/1
f 1680/1431/1 1645/1434/1 1644/1433/1
f 1680/1431/1 1646/1435/1 1645/1434/1
f 1680/1431/1 1647/1436/1 1646/1435/1
f 1680/1431/1 1648/1437/1 1647/1436/1
f 1679/1438/1 1648/1437/1 1680/1431/1
f 1678/1439/1 1648/1437/1 1679/1438/1
f 1677/1440/1 1648/1437/1 1678/1439/1
f 1676/1441/1 1648/1437/1 1677/1440/1
f 1675/1442/1 1648/1437/1 1676/1441/1
f 1675/1442/1 1649/1443/1 1648/1437/1
f 1674/1444/1 1649/1443/1 1675/1442/1
f 1673/1445/1 1649/1443/1 1674/1444/1
f 1673/1445/1 1650/1446/1 1649/1443/1
f 1672/1447/1 1650/1446/1 1673/1445/1
f 1672/1447/1 1651/1448/1 1650/1446/1
f 1671/1449/1 1651/1448/1 1672/1447/1
f 1671/1449/1 1652/1450/1 1651/1448/1
f 1670/1451/1 1652/1450/1 1671/1449/1
f 1670/1451/1 1653/1452/1 1652/1450/1
f 1669/1453/1 1653/1452/1 1670/1451/1
f 1668/1454/1 1653/1452/1 1669/1453/1
f 1668/1454/1 1654/1455/1 1653/1452/1
f 1667/1456/1 1654/1455/1 1668/1454/1
f 1667/1456/1 1655/1457/1 1654/1455/1
f 1666/1458/1 1655/1457/1 1667/1456/1
f 1666/1458/1 1656/1459/1 1655/1457/1
f 1665/695/1 1656/1459/1 1666/1458/1
f 1665/695/1 1657/1460/1 1656/1459/1
f 1664/1461/1 1657/1460/1 1665/695/1
f 1663/1462/1 1657/1460/1 1664/1461/1
f 1663/1462/1 1658/1463/1 1657/1460/1
f 1662/1464/1 1658/1463/1 1663/1462/1
f 1662/1464/1 1659/1465/1 1658/1463/1
f 1661/1466/1 1659/1465/1 1662/1464/1
f 1661/1466/1 1660/1467/1 1659/1465/1
f 1980/274/1 1982/275/1 1981/276/1
f 1980/274/1 1983/277/1 1982/275/1
f 1980/274/1 1984/278/1 1983/277/1
f 1979/279/1 1984/278/1 1980/274/1
f 2004/280/1 1810/281/1 1809/29/1
f 1979/279/1 1985/282/1 1984/278/1
f 1979/279/1 1986/283/1 1985/282/1
f 1978/284/1 1986/283/1 1979/279/1
f 2003/285/1 1810/281/1 2004/280/1
f 1978/284/1 1987/286/1 1986/283/1
f 2002/287/1 1810/281/1 2003/285/1
f 1978/284/1 1988/288/1 1987/286/1
f 1977/289/1 1988/288/1 1978/284/1
f 2001/290/1 1810/281/1 2002/287/1
f 1977/289/1 1989/291/1 1988/288/1
f 2001/290/1 1811/292/1 1810/281/1
f 2000/293/1 1811/292/1 2001/290/1
f 1977/289/1 1990/294/1 1989/291/1
f 1999/295/1 1811/292/1 2000/293/1
f 1976/296/1 1990/294/1 1977/289/1
f 1976/296/1 1991/297/1 1990/294/1
f 1998/298/1 1811/292/1 1999/295/1
f 1997/299/1 1811/292/1 1998/298/1
f 1976/296/1 1992/300/1 1991/297/1
f 1996/301/1 1811/292/1 1997/299/1
f 1995/302/1 1811/292/1 1996/301/1
f 1975/303/1 1992/300/1 1976/296/1
f 1975/303/1 1993/304/1 1992/300/1
f 1994/305/1 1811/292/1 1995/302/1
f 1994/305/1 1812/306/1 1811/292/1
f 1993/304/1 1812/306/1 1994/305/1
f 1975/303/1 1812/306/1 1993/304/1
f 1974/307/1 1812/306/1 1975/303/1
f 1974/307/1 1813/308/1 1812/306/1
f 1973/309/1 1813/308/1 1974/307/1
f 1972/310/1 1813/308/1 1973/309/1
f 1972/310/1 2018/311/1 1813/308/1
f 2018/311/1 2017/312/1 1813/308/1
f 2017/312/1 1814/313/1 1813/308/1
f 1972/310/1 2019/314/1 2018/311/1
f 2016/315/1 1814/313/1 2017/312/1
f 2015/316/1 1814/313/1 2016/315/1
f 1972/310/1 2020/317/1 2019/314/1
f 2014/318/1 1814/313/1 2015/316/1
f 2013/319/1 1814/313/1 2014/318/1
f 1972/310/1 2021/320/1 2020/317/1
f 2012/321/1 1814/313/1 2013/319/1
f 1971/322/1 2021/320/1 1972/310/1
f 2011/323/1 1814/313/1 2012/321/1
f 2010/71/1 1814/313/1 2011/323/1
f 1971/322/1 2022/324/1 2021/320/1
f 2010/71/1 1815/325/1 1814/313/1
f 2009/326/1 1815/325/1 2010/71/1
f 2008/327/1 1815/325/1 2009/326/1
f 1971/322/1 2023/328/1 2022/324/1
f 2007/329/1 1815/325/1 2008/327/1
f 2006/330/1 1815/325/1 2007/329/1
f 2005/331/1 1815/325/1 2006/330/1
f 1971/322/1 2024/332/1 2023/328/1
f 1970/333/1 2024/332/1 1971/322/1
f 2005/331/1 1816/334/1 1815/325/1
f 1970/333/1 2025/335/1 2024/332/1
f 1970/333/1 2026/336/1 2025/335/1
f 1969/337/1 2026/336/1 1970/333/1
f 2005/331/1 1817/338/1 1816/334/1
f 1969/337/1 2027/339/1 2026/336/1
f 1968/340/1 2027/339/1 1969/337/1
f 1968/340/1 2028/341/1 2027/339/1
f 2005/331/1 1818/342/1 1817/338/1
f 1968/340/1 2029/343/1 2028/341/1
f 1967/344/1 2029/343/1 1968/340/1
f 2005/331/1 1819/345/1 1818/342/1
f 1967/344/1 2030/346/1 2029/343/1
f 1966/347/1 2030/346/1 1967/344/1
f 2005/331/1 1820/348/1 1819/345/1
f 1966/347/1 2031/349/1 2030/346/1
f 2005/331/1 1821/350/1 1820/348/1
f 1965/351/1 2031/349/1 1966/347/1
f 1965/351/1 2032/352/1 2031/349/1
f 1965/351/1 2033/353/1 2032/352/1
f 2005/331/1 1822/354/1 1821/350/1
f 1964/355/1 2033/353/1 1965/351/1
f 1964/355/1 2034/356/1 2033/353/1
f 2005/331/1 1823/357/1 1822/354/1
f 1963/358/1 2034/356/1 1964/355/1
f 1963/358/1 2035/359/1 2034/356/1
f 1962/360/1 2035/359/1 1963/358/1
f 1962/360/1 2036/361/1 2035/359/1
f 1962/360/1 2037/362/1 2036/361/1
f 1961/363/1 2037/362/1 1962/360/1
f 1961/363/1 2038/364/1 2037/362/1
f 1960/365/1 2038/364/1 1961/363/1
f 1960/365/1 2039/366/1 2038/364/1
f 1960/365/1 2040/367/1 2039/366/1
f 1959/368/1 2040/367/1 1960/365/1
f 1959/368/1 2041/369/1 2040/367/1
f 1958/370/1 2041/369/1 1959/368/1
f 1958/370/1 2042/371/1 2041/369/1
f 1957/372/1 2042/371/1 1958/370/1
f 1957/372/1 2043/373/1 2042/371/1
f 1957/372/1 2044/374/1 2043/373/1
f 1957/372/1 2045/375/1 2044/374/1
f 1956/376/1 2045/375/1 1957/372/1
f 1956/376/1 2046/377/1 2045/375/1
f 1955/378/1 2046/377/1 1956/376/1
f 1955/378/1 2047/379/1 2046/377/1
f 1955/378/1 2048/380/1 2047/379/1
f 1954/381/1 2048/380/1 1955/378/1
f 1954/381/1 2049/382/1 2048/380/1
f 1954/381/1 2050/383/1 2049/382/1
f 1953/384/1 2050/383/1 1954/381/1
f 1953/384/1 2051/385/1 2050/383/1
f 1953/384/1 2052/386/1 2051/385/1
f 1952/387/1 2052/386/1 1953/384/1
f 2077/2/1 1823/357/1 2005/331/1
f 1952/387/1 2053/388/1 2052/386/1
f 1951/389/1 2053/388/1 1952/387/1
f 2076/390/1 1823/357/1 2077/2/1
f 1951/389/1 2054/391/1 2053/388/1
f 1951/389/1 2055/392/1 2054/391/1
f 2075/393/1 1823/357/1 2076/390/1
f 1950/394/1 2055/392/1 1951/389/1
f 1950/394/1 2056/395/1 2055/392/1
f 2074/396/1 1823/357/1 2075/393/1
f 1950/394/1 2057/397/1 2056/395/1
f 1949/398/1 2057/397/1 1950/394/1
f 2074/396/1 1824/399/1 1823/357/1
f 2073/400/1 1824/399/1 2074/396/1
f 2073/400/1 1825/401/1 1824/399/1
f 1949/398/1 2058/402/1 2057/397/1
f 2073/400/1 1826/403/1 1825/401/1
f 2073/400/1 1827/404/1 1826/403/1
f 2072/405/1 1827/404/1 2073/400/1
f 1949/398/1 2059/406/1 2058/402/1
f 2072/405/1 1828/407/1 1827/404/1
f 2072/405/1 1829/408/1 1828/407/1
f 1948/409/1 2059/406/1 1949/398/1
f 2072/405/1 1830/410/1 1829/408/1
f 2071/411/1 1830/410/1 2072/405/1
f 1948/409/1 2060/412/1 2059/406/1
f 2071/411/1 1831/413/1 1830/410/1
f 2071/411/1 1832/414/1 1831/413/1
f 1948/409/1 2061/415/1 2060/412/1
f 2070/416/1 1832/414/1 2071/411/1
f 2070/416/1 1833/417/1 1832/414/1
f 2070/416/1 1834/418/1 1833/417/1
f 1948/409/1 2062/419/1 2061/415/1
f 2070/416/1 1835/420/1 1834/418/1
f 2069/421/1 1835/420/1 2070/416/1
f 2069/421/1 1836/422/1 1835/420/1
f 1948/409/1 2063/423/1 2062/419/1
f 1947/424/1 2063/423/1 1948/409/1
f 2068/425/1 1921/426/1 2069/421/1
f 1921/426/1 1836/422/1 2069/421/1
f 1921/426/1 1837/427/1 1836/422/1
f 2068/425/1 1922/428/1 1921/426/1
f 1920/429/1 1837/427/1 1921/426/1
f 1947/424/1 2064/430/1 2063/423/1
f 1920/429/1 1838/431/1 1837/427/1
f 2067/432/1 1922/428/1 2068/425/1
f 1947/424/1 2065/433/1 2064/430/1
f 2066/434/1 1922/428/1 2067/432/1
f 1947/424/1 2066/434/1 2065/433/1
f 1920/429/1 1839/435/1 1838/431/1
f 1947/424/1 1922/428/1 2066/434/1
f 1920/429/1 1840/436/1 1839/435/1
f 1920/429/1 1841/437/1 1840/436/1
f 1920/429/1 1842/438/1 1841/437/1
f 1920/429/1 1843/439/1 1842/438/1
f 1946/440/1 1922/428/1 1947/424/1
f 1919/441/1 1843/439/1 1920/429/1
f 1919/441/1 1844/442/1 1843/439/1
f 1919/441/1 1845/443/1 1844/442/1
f 1919/441/1 1846/444/1 1845/443/1
f 1946/440/1 1923/445/1 1922/428/1
f 1919/441/1 1847/446/1 1846/444/1
f 1919/441/1 1848/447/1 1847/446/1
f 1918/448/1 1848/447/1 1919/441/1
f 1918/448/1 1849/449/1 1848/447/1
f 1918/448/1 1850/450/1 1849/449/1
f 1918/448/1 1851/451/1 1850/450/1
f 1945/452/1 1923/445/1 1946/440/1
f 1918/448/1 1852/453/1 1851/451/1
f 1918/448/1 1853/454/1 1852/453/1
f 1917/455/1 1853/454/1 1918/448/1
f 1917/455/1 1854/456/1 1853/454/1
f 1917/455/1 1855/457/1 1854/456/1
f 1917/455/1 1856/458/1 1855/457/1
f 1917/455/1 1857/459/1 1856/458/1
f 1917/455/1 1858/460/1 1857/459/1
f 1917/455/1 1859/461/1 1858/460/1
f 1945/452/1 1924/462/1 1923/445/1
f 1917/455/1 1860/463/1 1859/461/1
f 1916/464/1 1860/463/1 1917/455/1
f 1916/464/1 1861/465/1 1860/463/1
f 1916/464/1 1862/466/1 1861/465/1
f 1916/464/1 1863/467/1 1862/466/1
f 1916/464/1 1864/468/1 1863/467/1
f 1944/469/1 1924/462/1 1945/452/1
f 1916/464/1 1865/470/1 1864/468/1
f 1916/464/1 1866/471/1 1865/470/1
f 1916/464/1 1867/472/1 1866/471/1
f 1916/464/1 1868/473/1 1867/472/1
f 1916/464/1 1869/474/1 1868/473/1
f 1916/464/1 1870/475/1 1869/474/1
f 1916/464/1 1871/476/1 1870/475/1
f 1915/477/1 1871/476/1 1916/464/1
f 1915/477/1 1872/478/1 1871/476/1
f 1915/477/1 1873/479/1 1872/478/1
f 1915/477/1 1874/480/1 1873/479/1
f 1915/477/1 1875/481/1 1874/480/1
f 1915/477/1 1876/32/1 1875/481/1
f 1915/477/1 1877/482/1 1876/32/1
f 1915/477/1 1878/483/1 1877/482/1
f 1915/477/1 1879/484/1 1878/483/1
f 1915/477/1 1880/485/1 1879/484/1
f 1915/477/1 1881/486/1 1880/485/1
f 1915/477/1 1882/487/1 1881/486/1
f 1915/477/1 1883/488/1 1882/487/1
f 1915/477/1 1884/489/1 1883/488/1
f 1914/490/1 1884/489/1 1915/477/1
f 1944/469/1 1925/491/1 1924/462/1
f 1943/82/1 1925/491/1 1944/469/1
f 1913/492/1 1884/489/1 1914/490/1
f 1912/493/1 1884/489/1 1913/492/1
f 1942/494/1 1925/491/1 1943/82/1
f 1942/494/1 1926/495/1 1925/491/1
f 1911/496/1 1884/489/1 1912/493/1
f 1910/497/1 1884/489/1 1911/496/1
f 1941/498/1 1926/495/1 1942/494/1
f 1909/499/1 1884/489/1 1910/497/1
f 1941/498/1 1927/500/1 1926/495/1
f 1909/499/1 1885/501/1 1884/489/1
f 1908/502/1 1885/501/1 1909/499/1
f 1940/503/1 1927/500/1 1941/498/1
f 1908/502/1 1886/504/1 1885/501/1
f 1907/505/1 1886/504/1 1908/502/1
f 1940/503/1 1928/506/1 1927/500/1
f 1907/505/1 1887/507/1 1886/504/1
f 1906/508/1 1887/507/1 1907/505/1
f 1939/509/1 1928/506/1 1940/503/1
f 1906/508/1 1888/510/1 1887/507/1
f 1905/511/1 1888/510/1 1906/508/1
f 1904/512/1 1888/510/1 1905/511/1
f 1904/512/1 1889/513/1 1888/510/1
f 1939/509/1 1929/514/1 1928/506/1
f 1938/515/1 1929/514/1 1939/509/1
f 1903/516/1 1889/513/1 1904/512/1
f 1903/516/1 1890/517/1 1889/513/1
f 1902/518/1 1890/517/1 1903/516/1
f 1902/518/1 1891/519/1 1890/517/1
f 1937/520/1 1929/514/1 1938/515/1
f 1937/520/1 1930/521/1 1929/514/1
f 1901/522/1 1891/519/1 1902/518/1
f 1901/522/1 1892/523/1 1891/519/1
f 1900/524/1 1892/523/1 1901/522/1
f 1900/524/1 1893/525/1 1892/523/1
f 1899/526/1 1893/525/1 1900/524/1
f 1899/526/1 1894/527/1 1893/525/1
f 1936/528/1 1930/521/1 1937/520/1
f 1898/529/1 1894/527/1 1899/526/1
f 1898/529/1 1895/530/1 1894/527/1
f 1936/528/1 1931/531/1 1930/521/1
f 1897/532/1 1895/530/1 1898/529/1
f 1897/532/1 1896/533/1 1895/530/1
f 1935/534/1 1931/531/1 1936/528/1
f 1935/534/1 1932/535/1 1931/531/1
f 1934/536/1 1932/535/1 1935/534/1
f 1934/536/1 1933/537/1 1932/535/1
f 2339/1468/1 2341/1469/1 2340/1470/1
f 2339/1468/1 2342/1471/1 2341/1469/1
f 2339/1468/1 2343/1472/1 2342/1471/1
f 2338/1473/1 2343/1472/1 2339/1468/1
f 2338/1473/1 2344/1474/1 2343/1472/1
f 2338/1473/1 2345/1475/1 2344/1474/1
f 2337/1476/1 2345/1475/1 2338/1473/1
f 2337/1476/1 2346/1477/1 2345/1475/1
f 2337/1476/1 2347/1478/1 2346/1477/1
f 2337/1476/1 2348/1479/1 2347/1478/1
f 2336/1480/1 2348/1479/1 2337/1476/1
f 2336/1480/1 2349/1481/1 2348/1479/1
f 2336/1480/1 2350/1482/1 2349/1481/1
f 2335/1483/1 2350/1482/1 2336/1480/1
f 2335/1483/1 2351/1484/1 2350/1482/1
f 2335/1483/1 2352/2/1 2351/1484/1
f 2335/1483/1 2078/29/1 2352/2/1
f 2334/1485/1 2078/29/1 2335/1483/1
f 2334/1485/1 2089/1486/1 2078/29/1
f 2089/1486/1 2088/1487/1 2078/29/1
f 2088/1487/1 2087/1488/1 2078/29/1
f 2087/1488/1 2086/1489/1 2078/29/1
f 2086/1489/1 2085/1490/1 2078/29/1
f 2085/1490/1 2084/1491/1 2078/29/1
f 2084/1491/1 2083/1492/1 2078/29/1
f 2083/1492/1 2082/1493/1 2078/29/1
f 2082/1493/1 2081/1494/1 2078/29/1
f 2081/1494/1 2079/1495/1 2078/29/1
f 2333/1496/1 2091/1497/1 2334/1485/1
f 2091/1497/1 2090/1498/1 2334/1485/1
f 2090/1498/1 2089/1486/1 2334/1485/1
f 2332/1499/1 2093/1500/1 2333/1496/1
f 2093/1500/1 2092/1501/1 2333/1496/1
f 2092/1501/1 2091/1497/1 2333/1496/1
f 2332/1499/1 2094/1502/1 2093/1500/1
f 2332/1499/1 2095/1503/1 2094/1502/1
f 2332/1499/1 2096/1504/1 2095/1503/1
f 2331/1505/1 2096/1504/1 2332/1499/1
f 2331/1505/1 2097/1506/1 2096/1504/1
f 2331/1505/1 2098/1507/1 2097/1506/1
f 2080/1508/1 2079/1495/1 2081/1494/1
f 2331/1505/1 2099/1509/1 2098/1507/1
f 2330/1510/1 2099/1509/1 2331/1505/1
f 2330/1510/1 2100/1511/1 2099/1509/1
f 2329/1512/1 2100/1511/1 2330/1510/1
f 2329/1512/1 2101/1513/1 2100/1511/1
f 2329/1512/1 2102/1514/1 2101/1513/1
f 2328/1515/1 2102/1514/1 2329/1512/1
f 2328/1515/1 2103/1516/1 2102/1514/1
f 2327/1517/1 2103/1516/1 2328/1515/1
f 2327/1517/1 2104/1518/1 2103/1516/1
f 2327/1517/1 2105/1519/1 2104/1518/1
f 2326/1520/1 2105/1519/1 2327/1517/1
f 2326/1520/1 2106/1521/1 2105/1519/1
f 2325/1522/1 2106/1521/1 2326/1520/1
f 2325/1522/1 2107/1523/1 2106/1521/1
f 2324/1524/1 2107/1523/1 2325/1522/1
f 2324/1524/1 2108/1525/1 2107/1523/1
f 2323/1526/1 2108/1525/1 2324/1524/1
f 2323/1526/1 2109/1527/1 2108/1525/1
f 2322/1528/1 2109/1527/1 2323/1526/1
f 2322/1528/1 2110/1529/1 2109/1527/1
f 2322/1528/1 2111/1530/1 2110/1529/1
f 2321/1531/1 2111/1530/1 2322/1528/1
f 2321/1531/1 2112/1532/1 2111/1530/1
f 2320/1533/1 2112/1532/1 2321/1531/1
f 2320/1533/1 2113/1534/1 2112/1532/1
f 2319/1535/1 2113/1534/1 2320/1533/1
f 2319/1535/1 2114/1536/1 2113/1534/1
f 2318/1537/1 2114/1536/1 2319/1535/1
f 2318/1537/1 2115/1538/1 2114/1536/1
f 2318/1537/1 2116/1539/1 2115/1538/1
f 2317/1540/1 2116/1539/1 2318/1537/1
f 2317/1540/1 2117/1541/1 2116/1539/1
f 2191/1542/1 2193/1543/1 2192/1544/1
f 2239/1545/1 2241/1546/1 2240/1547/1
f 2238/1548/1 2241/1546/1 2239/1545/1
f 2191/1542/1 2194/1549/1 2193/1543/1
f 2237/1550/2 2241/1546/2 2238/1548/2
f 2191/1542/1 2195/1551/1 2194/1549/1
f 2236/1552/1 2241/1546/1 2237/1550/1
f 2191/1542/1 2196/1553/1 2195/1551/1
f 2235/1554/2 2241/1546/2 2236/1552/2
f 2191/1542/1 2197/1555/1 2196/1553/1
f 2234/1556/1 2241/1546/1 2235/1554/1
f 2191/1542/1 2198/1557/1 2197/1555/1
f 2233/1558/1 2241/1546/1 2234/1556/1
f 2191/1542/1 2199/1559/1 2198/1557/1
f 2232/1560/1 2241/1546/1 2233/1558/1
f 2191/1542/1 2200/1561/1 2199/1559/1
f 2231/1562/1 2241/1546/1 2232/1560/1
f 2191/1542/1 2201/1563/1 2200/1561/1
f 2230/1564/1 2241/1546/1 2231/1562/1
f 2191/1542/1 2202/1565/1 2201/1563/1
f 2229/1566/1 2241/1546/1 2230/1564/1
f 2191/1542/1 2203/1567/1 2202/1565/1
f 2228/1568/2 2241/1546/2 2229/1566/2
f 2191/1542/1 2204/1569/1 2203/1567/1
f 2191/1542/1 2205/1570/1 2204/1569/1
f 2227/1571/1 2241/1546/1 2228/1568/1
f 2191/1542/1 2206/1572/1 2205/1570/1
f 2226/1573/1 2241/1546/1 2227/1571/1
f 2191/1542/1 2207/1574/1 2206/1572/1
f 2225/1575/1 2241/1546/1 2226/1573/1
f 2191/1542/1 2208/1576/1 2207/1574/1
f 2224/1577/2 2241/1546/2 2225/1575/2
f 2191/1542/1 2209/1578/1 2208/1576/1
f 2223/1579/1 2241/1546/1 2224/1577/1
f 2191/1542/1 2210/1580/1 2209/1578/1
f 2222/1581/1 2241/1546/1 2223/1579/1
f 2191/1542/1 2211/1582/1 2210/1580/1
f 2221/1583/1 2241/1546/1 2222/1581/1
f 2191/1542/1 2212/1584/1 2211/1582/1
f 2220/1585/1 2241/1546/1 2221/1583/1
f 2316/1586/1 2117/1541/1 2317/1540/1
f 2191/1542/1 2213/1587/1 2212/1584/1
f 2219/1588/1 2241/1546/1 2220/1585/1
f 2191/1542/1 2214/1589/1 2213/1587/1
f 2218/1590/1 2241/1546/1 2219/1588/1
f 2191/1542/1 2215/82/1 2214/1589/1
f 2217/1591/1 2241/1546/1 2218/1590/1
f 2191/1542/1 2216/1592/1 2215/82/1
f 2216/1592/1 2241/1546/1 2217/1591/1
f 2191/1542/1 2241/1546/1 2216/1592/1
f 2316/1586/1 2118/1593/1 2117/1541/1
f 2190/1594/1 2241/1546/1 2191/1542/1
f 2190/1594/1 2242/1595/1 2241/1546/1
f 2315/1596/1 2118/1593/1 2316/1586/1
f 2315/1596/1 2119/1597/1 2118/1593/1
f 2190/1594/1 2243/1598/1 2242/1595/1
f 2190/1594/1 2244/1599/1 2243/1598/1
f 2190/1594/1 2245/1600/1 2244/1599/1
f 2190/1594/1 2246/1601/1 2245/1600/1
f 2189/1602/1 2246/1601/1 2190/1594/1
f 2189/1602/1 2247/1603/1 2246/1601/1
f 2188/1604/1 2247/1603/1 2189/1602/1
f 2187/1605/1 2247/1603/1 2188/1604/1
f 2187/1605/1 2248/1606/1 2247/1603/1
f 2186/1607/1 2248/1606/1 2187/1605/1
f 2186/1607/1 2249/1608/1 2248/1606/1
f 2185/1609/1 2249/1608/1 2186/1607/1
f 2185/1609/1 2250/1610/1 2249/1608/1
f 2184/1611/1 2250/1610/1 2185/1609/1
f 2184/1611/1 2251/1612/1 2250/1610/1
f 2183/1613/1 2251/1612/1 2184/1611/1
f 2183/1613/1 2252/1614/1 2251/1612/1
f 2182/1615/1 2252/1614/1 2183/1613/1
f 2182/1615/1 2253/1616/1 2252/1614/1
f 2181/1617/1 2253/1616/1 2182/1615/1
f 2181/1617/1 2254/1618/1 2253/1616/1
f 2180/1619/1 2254/1618/1 2181/1617/1
f 2180/1619/1 2255/1620/1 2254/1618/1
f 2315/1596/1 2120/1621/1 2119/1597/1
f 2179/1622/1 2255/1620/1 2180/1619/1
f 2178/1623/1 2255/1620/1 2179/1622/1
f 2314/1624/1 2120/1621/1 2315/1596/1
f 2178/1623/1 2256/1625/1 2255/1620/1
f 2177/1626/1 2256/1625/1 2178/1623/1
f 2177/1626/1 2257/1627/1 2256/1625/1
f 2176/1628/1 2257/1627/1 2177/1626/1
f 2176/1628/1 2258/1629/1 2257/1627/1
f 2175/1630/1 2258/1629/1 2176/1628/1
f 2175/1630/1 2259/1631/1 2258/1629/1
f 2174/1632/1 2259/1631/1 2175/1630/1
f 2173/1633/1 2259/1631/1 2174/1632/1
f 2173/1633/1 2260/1634/1 2259/1631/1
f 2314/1624/1 2121/1635/1 2120/1621/1
f 2172/1636/1 2260/1634/1 2173/1633/1
f 2172/1636/1 2261/1637/1 2260/1634/1
f 2171/1638/1 2261/1637/1 2172/1636/1
f 2171/1638/1 2262/1639/1 2261/1637/1
f 2313/1640/1 2121/1635/1 2314/1624/1
f 2170/1641/1 2262/1639/1 2171/1638/1
f 2170/1641/1 2263/1642/1 2262/1639/1
f 2169/1643/1 2263/1642/1 2170/1641/1
f 2169/1643/1 2264/1644/1 2263/1642/1
f 2168/1645/1 2264/1644/1 2169/1643/1
f 2168/1645/1 2265/1646/1 2264/1644/1
f 2313/1640/1 2122/1647/1 2121/1635/1
f 2167/1648/1 2265/1646/1 2168/1645/1
f 2167/1648/1 2266/1649/1 2265/1646/1
f 2166/1650/1 2266/1649/1 2167/1648/1
f 2166/1650/1 2267/1651/1 2266/1649/1
f 2165/1652/1 2267/1651/1 2166/1650/1
f 2165/1652/1 2268/1653/1 2267/1651/1
f 2164/1654/1 2268/1653/1 2165/1652/1
f 2312/1655/1 2122/1647/1 2313/1640/1
f 2164/1654/1 2269/1656/1 2268/1653/1
f 2163/1657/1 2269/1656/1 2164/1654/1
f 2312/1655/1 2123/1658/1 2122/1647/1
f 2163/1657/1 2270/1659/1 2269/1656/1
f 2162/1660/1 2270/1659/1 2163/1657/1
f 2162/1660/1 2271/1661/1 2270/1659/1
f 2161/1662/1 2271/1661/1 2162/1660/1
f 2161/1662/1 2272/1663/1 2271/1661/1
f 2160/1664/1 2272/1663/1 2161/1662/1
f 2160/1664/1 2273/1665/1 2272/1663/1
f 2159/1666/1 2273/1665/1 2160/1664/1
f 2311/1667/1 2123/1658/1 2312/1655/1
f 2159/1666/1 2274/1668/1 2273/1665/1
f 2311/1667/1 2124/1669/1 2123/1658/1
f 2158/1670/1 2274/1668/1 2159/1666/1
f 2158/1670/1 2275/1671/1 2274/1668/1
f 2157/1672/1 2275/1671/1 2158/1670/1
f 2157/1672/1 2276/1673/1 2275/1671/1
f 2156/1674/1 2276/1673/1 2157/1672/1
f 2156/1674/1 2277/1675/1 2276/1673/1
f 2155/1676/1 2277/1675/1 2156/1674/1
f 2155/1676/1 2278/1677/1 2277/1675/1
f 2311/1667/1 2125/1678/1 2124/1669/1
f 2154/1679/1 2278/1677/1 2155/1676/1
f 2310/1680/1 2125/1678/1 2311/1667/1
f 2154/1679/1 2279/1681/1 2278/1677/1
f 2153/1682/1 2279/1681/1 2154/1679/1
f 2310/1680/1 2126/1683/1 2125/1678/1
f 2309/1684/1 2126/1683/1 2310/1680/1
f 2309/1684/1 2127/1685/1 2126/1683/1
f 2308/1686/1 2127/1685/1 2309/1684/1
f 2308/1686/1 2128/1687/1 2127/1685/1
f 2307/1688/1 2128/1687/1 2308/1686/1
f 2307/1688/1 2129/1689/1 2128/1687/1
f 2307/1688/1 2130/1690/1 2129/1689/1
f 2306/1691/1 2130/1690/1 2307/1688/1
f 2306/1691/1 2131/1692/1 2130/1690/1
f 2305/1693/1 2131/1692/1 2306/1691/1
f 2305/1693/1 2132/1694/1 2131/1692/1
f 2304/1695/1 2132/1694/1 2305/1693/1
f 2304/1695/1 2133/1696/1 2132/1694/1
f 2304/1695/1 2134/1697/1 2133/1696/1
f 2303/1698/1 2134/1697/1 2304/1695/1
f 2303/1698/1 2135/1699/1 2134/1697/1
f 2303/1698/1 2136/1700/1 2135/1699/1
f 2302/1701/1 2136/1700/1 2303/1698/1
f 2302/1701/1 2137/1702/1 2136/1700/1
f 2302/1701/1 2138/1703/1 2137/1702/1
f 2301/1704/1 2138/1703/1 2302/1701/1
f 2301/1704/1 2139/1705/1 2138/1703/1
f 2152/1706/1 2279/1681/1 2153/1682/1
f 2151/1707/1 2279/1681/1 2152/1706/1
f 2150/1708/1 2279/1681/1 2151/1707/1
f 2301/1704/1 2140/1709/1 2139/1705/1
f 2149/1710/1 2279/1681/1 2150/1708/1
f 2148/1711/2 2279/1681/2 2149/1710/2
f 2147/1712/1 2279/1681/1 2148/1711/1
f 2146/1713/1 2279/1681/1 2147/1712/1
f 2145/1714/1 2279/1681/1 2146/1713/1
f 2301/1704/1 2141/1715/1 2140/1709/1
f 2144/1716/2 2279/1681/2 2145/1714/2
f 2143/1717/1 2279/1681/1 2144/1716/1
f 2142/1718/1 2279/1681/1 2143/1717/1
f 2141/1715/1 2279/1681/1 2142/1718/1
f 2301/1704/1 2279/1681/1 2141/1715/1
f 2300/1719/1 2279/1681/1 2301/1704/1
f 2299/1720/1 2279/1681/1 2300/1719/1
f 2299/1720/1 2280/1721/1 2279/1681/1
f 2298/1722/1 2280/1721/1 2299/1720/1
f 2298/1722/1 2281/1723/1 2280/1721/1
f 2298/1722/1 2282/1724/1 2281/1723/1
f 2297/1725/1 2282/1724/1 2298/1722/1
f 2297/1725/1 2283/1726/1 2282/1724/1
f 2297/1725/1 2284/1727/1 2283/1726/1
f 2296/1728/1 2284/1727/1 2297/1725/1
f 2296/1728/1 2285/1729/1 2284/1727/1
f 2295/1730/1 2285/1729/1 2296/1728/1
f 2295/1730/1 2286/1731/1 2285/1729/1
f 2295/1730/1 2287/1732/1 2286/1731/1
f 2294/1733/1 2287/1732/1 2295/1730/1
f 2294/1733/1 2288/1734/1 2287/1732/1
f 2294/1733/1 2289/1735/1 2288/1734/1
f 2293/1736/1 2289/1735/1 2294/1733/1
f 2293/1736/1 2290/1737/1 2289/1735/1
f 2293/1736/1 2291/1738/1 2290/1737/1
f 2292/1739/1 2291/1738/1 2293/1736/1
f 2451/1/3 2452/3/3 2453/2/3
f 2451/1/3 2453/2/3 2449/4/3
f 2450/5/3 2451/1/3 2449/4/3
f 2364/6/3 2365/8/3 2366/7/3
f 2363/9/3 2364/6/3 2366/7/3
f 2363/9/3 2366/7/3 2367/10/3
f 2362/11/3 2363/9/3 2367/10/3
f 2362/11/3 2367/10/3 2368/12/3
f 2361/13/3 2362/11/3 2368/12/3
f 2361/13/3 2368/12/3 2369/14/3
f 2360/15/3 2361/13/3 2369/14/3
f 2360/15/3 2369/14/3 2370/16/3
f 2359/17/3 2360/15/3 2370/16/3
f 2359/17/3 2370/16/3 2371/18/3
f 2358/19/3 2359/17/3 2371/18/3
f 2358/19/3 2371/18/3 2372/20/3
f 2357/21/3 2358/19/3 2372/20/3
f 2357/21/3 2372/20/3 2373/22/3
f 2356/23/3 2357/21/3 2373/22/3
f 2356/23/3 2373/22/3 2374/24/3
f 2355/25/3 2356/23/3 2374/24/3
f 2355/25/3 2374/24/3 2375/26/3
f 2354/27/3 2355/25/3 2375/26/3
f 2354/27/3 2375/26/3 2376/28/3
f 2353/29/3 2354/27/3 2376/28/3
f 2353/29/3 2376/28/3 2377/30/3
f 2448/31/3 2353/29/3 2377/30/3
f 2448/31/3 2377/30/3 2378/32/3
f 2447/33/3 2448/31/3 2378/32/3
f 2447/33/3 2378/32/3 2379/34/3
f 2446/35/3 2447/33/3 2379/34/3
f 2446/35/3 2379/34/3 2380/36/3
f 2445/37/3 2446/35/3 2380/36/3
f 2445/37/3 2380/36/3 2381/38/3
f 2444/39/3 2445/37/3 2381/38/3
f 2444/39/3 2381/38/3 2382/40/3
f 2443/41/3 2444/39/3 2382/40/3
f 2443/41/3 2382/40/3 2383/42/3
f 2442/43/3 2443/41/3 2383/42/3
f 2442/43/3 2383/42/3 2384/44/3
f 2441/45/3 2442/43/3 2384/44/3
f 2441/45/3 2384/44/3 2385/46/3
f 2440/47/3 2441/45/3 2385/46/3
f 2440/47/3 2385/46/3 2386/48/3
f 2439/49/3 2440/47/3 2386/48/3
f 2439/49/3 2386/48/3 2387/50/3
f 2438/51/3 2439/49/3 2387/50/3
f 2438/51/3 2387/50/3 2388/52/3
f 2437/53/3 2438/51/3 2388/52/3
f 2437/53/3 2388/52/3 2389/54/3
f 2436/55/3 2437/53/3 2389/54/3
f 2436/55/3 2389/54/3 2390/56/3
f 2435/57/3 2436/55/3 2390/56/3
f 2435/57/3 2390/56/3 2391/58/3
f 2434/59/3 2435/57/3 2391/58/3
f 2434/59/3 2391/58/3 2392/60/3
f 2433/61/3 2434/59/3 2392/60/3
f 2433/61/3 2392/60/3 2393/62/3
f 2432/63/3 2433/61/3 2393/62/3
f 2432/63/3 2393/62/3 2394/64/3
f 2431/65/3 2432/63/3 2394/64/3
f 2431/65/3 2394/64/3 2395/66/3
f 2430/67/3 2431/65/3 2395/66/3
f 2430/67/3 2395/66/3 2396/68/3
f 2429/69/3 2430/67/3 2396/68/3
f 2429/69/3 2396/68/3 2397/70/3
f 2428/71/3 2429/69/3 2397/70/3
f 2428/71/3 2397/70/3 2398/72/3
f 2427/73/3 2428/71/3 2398/72/3
f 2427/73/3 2398/72/3 2399/74/3
f 2426/75/3 2427/73/3 2399/74/3
f 2426/75/3 2399/74/3 2400/76/3
f 2425/77/3 2426/75/3 2400/76/3
f 2425/77/3 2400/76/3 2401/78/3
f 2424/79/3 2425/77/3 2401/78/3
f 2424/79/3 2401/78/3 2402/80/3
f 2423/81/3 2424/79/3 2402/80/3
f 2423/81/3 2402/80/3 2403/82/3
f 2422/83/3 2423/81/3 2403/82/3
f 2422/83/3 2403/82/3 2404/84/3
f 2421/85/3 2422/83/3 2404/84/3
f 2421/85/3 2404/84/3 2405/86/3
f 2420/87/3 2421/85/3 2405/86/3
f 2420/87/3 2405/86/3 2406/88/3
f 2419/89/3 2420/87/3 2406/88/3
f 2419/89/3 2406/88/3 2407/90/3
f 2418/91/3 2419/89/3 2407/90/3
f 2418/91/3 2407/90/3 2408/92/3
f 2417/93/3 2418/91/3 2408/92/3
f 2417/93/3 2408/92/3 2409/94/3
f 2416/95/3 2417/93/3 2409/94/3
f 2416/95/3 2409/94/3 2410/96/3
f 2415/97/3 2416/95/3 2410/96/3
f 2415/97/3 2410/96/3 2411/98/3
f 2414/99/3 2415/97/3 2411/98/3
f 2414/99/3 2411/98/3 2412/100/3
f 2413/101/3 2414/99/3 2412/100/3
f 2552/1/3 2553/3/3 2554/2/3
f 2552/1/3 2554/2/3 2550/4/3
f 2551/5/3 2552/1/3 2550/4/3
f 2465/6/3 2466/8/3 2467/7/3
f 2464/9/3 2465/6/3 2467/7/3
f 2464/9/3 2467/7/3 2468/10/3
f 2463/11/3 2464/9/3 2468/10/3
f 2463/11/3 2468/10/3 2469/12/3
f 2462/13/3 2463/11/3 2469/12/3
f 2462/13/3 2469/12/3 2470/14/3
f 2461/15/3 2462/13/3 2470/14/3
f 2461/15/3 2470/14/3 2471/16/3
f 2460/17/3 2461/15/3 2471/16/3
f 2460/17/3 2471/16/3 2472/18/3
f 2459/19/3 2460/17/3 2472/18/3
f 2459/19/3 2472/18/3 2473/20/3
f 2458/21/3 2459/19/3 2473/20/3
f 2458/21/3 2473/20/3 2474/22/3
f 2457/23/3 2458/21/3 2474/22/3
f 2457/23/3 2474/22/3 2475/24/3
f 2456/25/3 2457/23/3 2475/24/3
f 2456/25/3 2475/24/3 2476/26/3
f 2455/27/3 2456/25/3 2476/26/3
f 2455/27/3 2476/26/3 2477/28/3
f 2454/29/3 2455/27/3 2477/28/3
f 2454/29/3 2477/28/3 2478/30/3
f 2549/31/3 2454/29/3 2478/30/3
f 2549/31/3 2478/30/3 2479/32/3
f 2548/33/3 2549/31/3 2479/32/3
f 2548/33/3 2479/32/3 2480/34/3
f 2547/35/3 2548/33/3 2480/34/3
f 2547/35/3 2480/34/3 2481/36/3
f 2546/37/3 2547/35/3 2481/36/3
f 2546/37/3 2481/36/3 2482/38/3
f 2545/39/3 2546/37/3 2482/38/3
f 2545/39/3 2482/38/3 2483/40/3
f 2544/41/3 2545/39/3 2483/40/3
f 2544/41/3 2483/40/3 2484/42/3
f 2543/43/3 2544/41/3 2484/42/3
f 2543/43/3 2484/42/3 2485/44/3
f 2542/45/3 2543/43/3 2485/44/3
f 2542/45/3 2485/44/3 2486/46/3
f 2541/47/3 2542/45/3 2486/46/3
f 2541/47/3 2486/46/3 2487/48/3
f 2540/49/3 2541/47/3 2487/48/3
f 2540/49/3 2487/48/3 2488/50/3
f 2539/51/3 2540/49/3 2488/50/3
f 2539/51/3 2488/50/3 2489/52/3
f 2538/53/3 2539/51/3 2489/52/3
f 2538/53/3 2489/52/3 2490/54/3
f 2537/55/3 2538/53/3 2490/54/3
f 2537/55/3 2490/54/3 2491/56/3
f 2536/57/3 2537/55/3 2491/56/3
f 2536/57/3 2491/56/3 2492/58/3
f 2535/59/3 2536/57/3 2492/58/3
f 2535/59/3 2492/58/3 2493/60/3
f 2534/61/3 2535/59/3 2493/60/3
f 2534/61/3 2493/60/3 2494/62/3
f 2533/63/3 2534/61/3 2494/62/3
f 2533/63/3 2494/62/3 2495/64/3
f 2532/65/3 2533/63/3 2495/64/3
f 2532/65/3 2495/64/3 2496/66/3
f 2531/67/3 2532/65/3 2496/66/3
f 2531/67/3 2496/66/3 2497/68/3
f 2530/69/3 2531/67/3 2497/68/3
f 2530/69/3 2497/68/3 2498/70/3
f 2529/71/3 2530/69/3 2498/70/3
f 2529/71/3 2498/70/3 2499/72/3
f 2528/73/3 2529/71/3 2499/72/3
f 2528/73/3 2499/72/3 2500/74/3
f 2527/75/3 2528/73/3 2500/74/3
f 2527/75/3 2500/74/3 2501/76/3
f 2526/77/3 2527/75/3 2501/76/3
f 2526/77/3 2501/76/3 2502/78/3
f 2525/79/3 2526/77/3 2502/78/3
f 2525/79/3 2502/78/3 2503/80/3
f 2524/81/3 2525/79/3 2503/80/3
f 2524/81/3 2503/80/3 2504/82/3
f 2523/83/3 2524/81/3 2504/82/3
f 2523/83/3 2504/82/3 2505/84/3
f 2522/85/3 2523/83/3 2505/84/3
f 2522/85/3 2505/84/3 2506/86/3
f 2521/87/3 2522/85/3 2506/86/3
f 2521/87/3 2506/86/3 2507/88/3
f 2520/89/3 2521/87/3 2507/88/3
f 2520/89/3 2507/88/3 2508/90/3
f 2519/91/3 2520/89/3 2508/90/3
f 2519/91/3 2508/90/3 2509/92/3
f 2518/93/3 2519/91/3 2509/92/3
f 2518/93/3 2509/92/3 2510/94/3
f 2517/95/3 2518/93/3 2510/94/3
f 2517/95/3 2510/94/3 2511/96/3
f 2516/97/3 2517/95/3 2511/96/3
f 2516/97/3 2511/96/3 2512/98/3
f 2515/99/3 2516/97/3 2512/98/3
f 2515/99/3 2512/98/3 2513/100/3
f 2514/101/3 2515/99/3 2513/100/3
f 2677/102/3 2678/104/3 2679/103/3
f 2676/105/3 2677/102/3 2679/103/3
f 2629/106/3 2630/108/3 2631/107/3
f 2629/106/3 2631/107/3 2632/109/3
f 2628/110/3 2629/106/3 2632/109/3
f 2628/110/3 2632/109/3 2633/111/3
f 2627/112/3 2628/110/3 2633/111/3
f 2675/113/3 2676/105/3 2679/103/3
f 2627/112/3 2633/111/3 2634/114/3
f 2627/112/3 2634/114/3 2635/115/3
f 2626/116/3 2627/112/3 2635/115/3
f 2626/116/3 2635/115/3 2636/117/3
f 2625/118/3 2626/116/3 2636/117/3
f 2674/119/3 2675/113/3 2679/103/3
f 2625/118/3 2636/117/3 2637/120/3
f 2674/119/3 2679/103/3 2680/121/3
f 2624/122/3 2625/118/3 2637/120/3
f 2624/122/3 2637/120/3 2638/123/3
f 2624/122/3 2638/123/3 2639/124/3
f 2623/125/3 2624/122/3 2639/124/3
f 2673/126/3 2674/119/3 2680/121/3
f 2623/125/3 2639/124/3 2640/127/3
f 2622/128/3 2623/125/3 2640/127/3
f 2622/128/3 2640/127/3 2641/129/3
f 2672/130/3 2673/126/3 2680/121/3
f 2621/131/3 2622/128/3 2641/129/3
f 2621/131/3 2641/129/3 2642/132/3
f 2621/131/3 2642/132/3 2643/133/3
f 2620/134/3 2621/131/3 2643/133/3
f 2671/135/3 2672/130/3 2680/121/3
f 2620/134/3 2643/133/3 2644/136/3
f 2619/137/3 2620/134/3 2644/136/3
f 2671/135/3 2680/121/3 2681/138/3
f 2619/137/3 2644/136/3 2645/139/3
f 2618/140/3 2619/137/3 2645/139/3
f 2618/140/3 2645/139/3 2646/141/3
f 2670/142/3 2671/135/3 2681/138/3
f 2618/140/3 2646/141/3 2647/143/3
f 2617/144/3 2618/140/3 2647/143/3
f 2617/144/3 2647/143/3 2648/145/3
f 2669/146/3 2670/142/3 2681/138/3
f 2617/144/3 2648/145/3 2649/147/3
f 2669/146/3 2681/138/3 2682/148/3
f 2617/144/3 2649/147/3 2650/149/3
f 2668/150/3 2669/146/3 2682/148/3
f 2617/144/3 2650/149/3 2651/151/3
f 2617/144/3 2651/151/3 2652/152/3
f 2617/144/3 2652/152/3 2653/153/3
f 2667/154/3 2668/150/3 2682/148/3
f 2667/154/3 2682/148/3 2683/155/3
f 2617/144/3 2653/153/3 2616/156/3
f 2616/156/3 2653/153/3 2615/157/3
f 2615/157/3 2653/153/3 2614/158/3
f 2614/158/3 2653/153/3 2613/159/3
f 2613/159/3 2653/153/3 2612/160/3
f 2612/160/3 2653/153/3 2611/161/3
f 2611/161/3 2653/153/3 2610/162/3
f 2610/162/3 2653/153/3 2654/163/3
f 2609/164/3 2610/162/3 2654/163/3
f 2608/165/4 2609/164/4 2654/163/4
f 2607/166/3 2608/165/3 2654/163/3
f 2606/167/3 2607/166/3 2654/163/3
f 2605/168/4 2606/167/4 2654/163/4
f 2604/169/3 2605/168/3 2654/163/3
f 2603/170/3 2604/169/3 2654/163/3
f 2602/171/3 2603/170/3 2654/163/3
f 2601/172/3 2602/171/3 2654/163/3
f 2600/173/3 2601/172/3 2654/163/3
f 2599/174/3 2600/173/3 2654/163/3
f 2598/175/3 2599/174/3 2654/163/3
f 2597/176/3 2598/175/3 2654/163/3
f 2596/177/3 2597/176/3 2654/163/3
f 2595/178/3 2596/177/3 2654/163/3
f 2594/179/3 2595/178/3 2654/163/3
f 2593/180/3 2594/179/3 2654/163/3
f 2592/181/3 2593/180/3 2654/163/3
f 2592/181/3 2654/163/3 2655/182/3
f 2591/183/3 2592/181/3 2655/182/3
f 2590/184/3 2591/183/3 2655/182/3
f 2590/184/3 2655/182/3 2656/185/3
f 2589/186/3 2590/184/3 2656/185/3
f 2666/187/3 2667/154/3 2683/155/3
f 2588/188/3 2589/186/3 2656/185/3
f 2588/188/3 2656/185/3 2657/189/3
f 2587/190/3 2588/188/3 2657/189/3
f 2587/190/3 2657/189/3 2658/191/3
f 2586/192/3 2587/190/3 2658/191/3
f 2586/192/3 2658/191/3 2659/193/3
f 2585/194/3 2586/192/3 2659/193/3
f 2584/195/3 2585/194/3 2659/193/3
f 2584/195/3 2659/193/3 2660/196/3
f 2583/197/3 2584/195/3 2660/196/3
f 2583/197/3 2660/196/3 2661/198/3
f 2582/199/3 2583/197/3 2661/198/3
f 2582/199/3 2661/198/3 2662/200/3
f 2581/201/3 2582/199/3 2662/200/3
f 2580/202/3 2581/201/3 2662/200/3
f 2580/202/3 2662/200/3 2663/203/3
f 2666/187/3 2683/155/3 2684/204/3
f 2579/205/3 2580/202/3 2663/203/3
f 2579/205/3 2663/203/3 2664/206/3
f 2578/207/3 2579/205/3 2664/206/3
f 2578/207/3 2664/206/3 2665/208/3
f 2577/209/3 2578/207/3 2665/208/3
f 2577/209/3 2665/208/3 2666/187/3
f 2576/210/3 2577/209/3 2666/187/3
f 2576/210/3 2666/187/3 2684/204/3
f 2575/211/3 2576/210/3 2684/204/3
f 2574/212/3 2575/211/3 2684/204/3
f 2573/213/3 2574/212/3 2684/204/3
f 2572/214/3 2573/213/3 2684/204/3
f 2571/215/3 2572/214/3 2684/204/3
f 2570/216/3 2571/215/3 2684/204/3
f 2569/217/3 2570/216/3 2684/204/3
f 2568/218/3 2569/217/3 2684/204/3
f 2568/218/3 2684/204/3 2685/219/3
f 2567/220/3 2568/218/3 2715/221/3
f 2715/221/3 2568/218/3 2685/219/3
f 2566/222/3 2567/220/3 2716/223/3
f 2716/223/3 2567/220/3 2715/221/3
f 2565/224/3 2566/222/3 2716/223/3
f 2564/225/3 2565/224/3 2716/223/3
f 2563/226/3 2564/225/3 2716/223/3
f 2562/227/3 2563/226/3 2716/223/3
f 2562/227/3 2716/223/3 2717/228/3
f 2714/229/3 2715/221/3 2685/219/3
f 2562/227/3 2717/228/3 2718/230/3
f 2713/231/3 2714/229/3 2685/219/3
f 2562/227/3 2718/230/3 2719/232/3
f 2712/233/3 2713/231/3 2685/219/3
f 2562/227/3 2719/232/3 2720/234/3
f 2561/235/3 2562/227/3 2720/234/3
f 2711/236/3 2712/233/3 2685/219/3
f 2561/235/3 2720/234/3 2721/237/3
f 2710/238/3 2711/236/3 2685/219/3
f 2561/235/3 2721/237/3 2722/239/3
f 2560/240/3 2561/235/3 2722/239/3
f 2710/238/3 2685/219/3 2686/241/3
f 2709/242/3 2710/238/3 2686/241/3
f 2560/240/3 2722/239/3 2723/243/3
f 2708/244/3 2709/242/3 2686/241/3
f 2559/245/3 2560/240/3 2723/243/3
f 2559/245/3 2723/243/3 2724/246/3
f 2707/247/3 2708/244/3 2686/241/3
f 2559/245/3 2724/246/3 2725/248/3
f 2558/249/3 2559/245/3 2725/248/3
f 2706/250/3 2707/247/3 2686/241/3
f 2558/249/3 2725/248/3 2726/251/3
f 2557/252/3 2558/249/3 2726/251/3
f 2705/253/3 2706/250/3 2686/241/3
f 2557/252/3 2726/251/3 2727/254/3
f 2556/255/3 2557/252/3 2728/2/3
f 2728/2/3 2557/252/3 2727/254/3
f 2704/256/3 2705/253/3 2686/241/3
f 2704/256/3 2686/241/3 2687/257/3
f 2703/258/3 2704/256/3 2687/257/3
f 2556/255/3 2728/2/3 2555/29/3
f 2702/259/3 2703/258/3 2687/257/3
f 2701/260/3 2702/259/3 2687/257/3
f 2700/261/3 2701/260/3 2687/257/3
f 2700/261/3 2687/257/3 2688/262/3
f 2699/263/3 2700/261/3 2688/262/3
f 2698/264/3 2699/263/3 2688/262/3
f 2698/264/3 2688/262/3 2689/265/3
f 2697/266/3 2698/264/3 2689/265/3
f 2696/267/3 2697/266/3 2689/265/3
f 2696/267/3 2689/265/3 2690/268/3
f 2695/269/3 2696/267/3 2690/268/3
f 2694/270/3 2695/269/3 2690/268/3
f 2694/270/3 2690/268/3 2691/271/3
f 2693/272/3 2694/270/3 2691/271/3
f 2692/273/3 2693/272/3 2691/271/3
f 2900/274/3 2901/276/3 2902/275/3
f 2900/274/3 2902/275/3 2903/277/3
f 2900/274/3 2903/277/3 2904/278/3
f 2899/279/3 2900/274/3 2904/278/3
f 2924/280/3 2729/29/3 2730/281/3
f 2899/279/3 2904/278/3 2905/282/3
f 2899/279/3 2905/282/3 2906/283/3
f 2898/284/3 2899/279/3 2906/283/3
f 2923/285/3 2924/280/3 2730/281/3
f 2898/284/3 2906/283/3 2907/286/3
f 2922/287/3 2923/285/3 2730/281/3
f 2898/284/3 2907/286/3 2908/288/3
f 2897/289/3 2898/284/3 2908/288/3
f 2921/290/3 2922/287/3 2730/281/3
f 2897/289/3 2908/288/3 2909/291/3
f 2921/290/3 2730/281/3 2731/292/3
f 2920/293/3 2921/290/3 2731/292/3
f 2897/289/3 2909/291/3 2910/294/3
f 2919/295/3 2920/293/3 2731/292/3
f 2896/296/3 2897/289/3 2910/294/3
f 2896/296/3 2910/294/3 2911/297/3
f 2918/298/3 2919/295/3 2731/292/3
f 2917/299/3 2918/298/3 2731/292/3
f 2896/296/3 2911/297/3 2912/300/3
f 2916/301/3 2917/299/3 2731/292/3
f 2915/302/3 2916/301/3 2731/292/3
f 2895/303/3 2896/296/3 2912/300/3
f 2895/303/3 2912/300/3 2913/304/3
f 2914/305/3 2915/302/3 2731/292/3
f 2914/305/3 2731/292/3 2732/306/3
f 2913/304/3 2914/305/3 2732/306/3
f 2895/303/3 2913/304/3 2732/306/3
f 2894/307/3 2895/303/3 2732/306/3
f 2894/307/3 2732/306/3 2733/308/3
f 2893/309/3 2894/307/3 2733/308/3
f 2892/310/3 2893/309/3 2733/308/3
f 2892/310/3 2733/308/3 2938/311/3
f 2938/311/3 2733/308/3 2937/312/3
f 2937/312/3 2733/308/3 2734/313/3
f 2892/310/3 2938/311/3 2939/314/3
f 2936/315/3 2937/312/3 2734/313/3
f 2935/316/3 2936/315/3 2734/313/3
f 2892/310/3 2939/314/3 2940/317/3
f 2934/318/3 2935/316/3 2734/313/3
f 2933/319/3 2934/318/3 2734/313/3
f 2892/310/3 2940/317/3 2941/320/3
f 2932/321/3 2933/319/3 2734/313/3
f 2891/322/3 2892/310/3 2941/320/3
f 2931/323/3 2932/321/3 2734/313/3
f 2930/71/3 2931/323/3 2734/313/3
f 2891/322/3 2941/320/3 2942/324/3
f 2930/71/3 2734/313/3 2735/325/3
f 2929/326/3 2930/71/3 2735/325/3
f 2928/327/3 2929/326/3 2735/325/3
f 2891/322/3 2942/324/3 2943/328/3
f 2927/329/3 2928/327/3 2735/325/3
f 2926/330/3 2927/329/3 2735/325/3
f 2925/331/3 2926/330/3 2735/325/3
f 2891/322/3 2943/328/3 2944/332/3
f 2890/333/3 2891/322/3 2944/332/3
f 2925/331/3 2735/325/3 2736/334/3
f 2890/333/3 2944/332/3 2945/335/3
f 2890/333/3 2945/335/3 2946/336/3
f 2889/337/3 2890/333/3 2946/336/3
f 2925/331/3 2736/334/3 2737/338/3
f 2889/337/3 2946/336/3 2947/339/3
f 2888/340/3 2889/337/3 2947/339/3
f 2888/340/3 2947/339/3 2948/341/3
f 2925/331/3 2737/338/3 2738/342/3
f 2888/340/3 2948/341/3 2949/343/3
f 2887/344/3 2888/340/3 2949/343/3
f 2925/331/3 2738/342/3 2739/345/3
f 2887/344/3 2949/343/3 2950/346/3
f 2886/347/3 2887/344/3 2950/346/3
f 2925/331/3 2739/345/3 2740/348/3
f 2886/347/3 2950/346/3 2951/349/3
f 2925/331/3 2740/348/3 2741/350/3
f 2885/351/3 2886/347/3 2951/349/3
f 2885/351/3 2951/349/3 2952/352/3
f 2885/351/3 2952/352/3 2953/353/3
f 2925/331/3 2741/350/3 2742/354/3
f 2884/355/3 2885/351/3 2953/353/3
f 2884/355/3 2953/353/3 2954/356/3
f 2925/331/3 2742/354/3 2743/357/3
f 2883/358/3 2884/355/3 2954/356/3
f 2883/358/3 2954/356/3 2955/359/3
f 2882/360/3 2883/358/3 2955/359/3
f 2882/360/3 2955/359/3 2956/361/3
f 2882/360/3 2956/361/3 2957/362/3
f 2881/363/3 2882/360/3 2957/362/3
f 2881/363/3 2957/362/3 2958/364/3
f 2880/365/3 2881/363/3 2958/364/3
f 2880/365/3 2958/364/3 2959/366/3
f 2880/365/3 2959/366/3 2960/367/3
f 2879/368/3 2880/365/3 2960/367/3
f 2879/368/3 2960/367/3 2961/369/3
f 2878/370/3 2879/368/3 2961/369/3
f 2878/370/3 2961/369/3 2962/371/3
f 2877/372/3 2878/370/3 2962/371/3
f 2877/372/3 2962/371/3 2963/373/3
f 2877/372/3 2963/373/3 2964/374/3
f 2877/372/3 2964/374/3 2965/375/3
f 2876/376/3 2877/372/3 2965/375/3
f 2876/376/3 2965/375/3 2966/377/3
f 2875/378/3 2876/376/3 2966/377/3
f 2875/378/3 2966/377/3 2967/379/3
f 2875/378/3 2967/379/3 2968/380/3
f 2874/381/3 2875/378/3 2968/380/3
f 2874/381/3 2968/380/3 2969/382/3
f 2874/381/3 2969/382/3 2970/383/3
f 2873/384/3 2874/381/3 2970/383/3
f 2873/384/3 2970/383/3 2971/385/3
f 2873/384/3 2971/385/3 2972/386/3
f 2872/387/3 2873/384/3 2972/386/3
f 2997/2/3 2925/331/3 2743/357/3
f 2872/387/3 2972/386/3 2973/388/3
f 2871/389/3 2872/387/3 2973/388/3
f 2996/390/3 2997/2/3 2743/357/3
f 2871/389/3 2973/388/3 2974/391/3
f 2871/389/3 2974/391/3 2975/392/3
f 2995/393/3 2996/390/3 2743/357/3
f 2870/394/3 2871/389/3 2975/392/3
f 2870/394/3 2975/392/3 2976/395/3
f 2994/396/3 2995/393/3 2743/357/3
f 2870/394/3 2976/395/3 2977/397/3
f 2869/398/3 2870/394/3 2977/397/3
f 2994/396/3 2743/357/3 2744/399/3
f 2993/400/3 2994/396/3 2744/399/3
f 2993/400/3 2744/399/3 2745/401/3
f 2869/398/3 2977/397/3 2978/402/3
f 2993/400/3 2745/401/3 2746/403/3
f 2993/400/3 2746/403/3 2747/404/3
f 2992/405/3 2993/400/3 2747/404/3
f 2869/398/3 2978/402/3 2979/406/3
f 2992/405/3 2747/404/3 2748/407/3
f 2992/405/3 2748/407/3 2749/408/3
f 2868/409/3 2869/398/3 2979/406/3
f 2992/405/3 2749/408/3 2750/410/3
f 2991/411/3 2992/405/3 2750/410/3
f 2868/409/3 2979/406/3 2980/412/3
f 2991/411/3 2750/410/3 2751/413/3
f 2991/411/3 2751/413/3 2752/414/3
f 2868/409/3 2980/412/3 2981/415/3
f 2990/416/3 2991/411/3 2752/414/3
f 2990/416/3 2752/414/3 2753/417/3
f 2990/416/3 2753/417/3 2754/418/3
f 2868/409/3 2981/415/3 2982/419/3
f 2990/416/3 2754/418/3 2755/420/3
f 2989/421/3 2990/416/3 2755/420/3
f 2989/421/3 2755/420/3 2756/422/3
f 2868/409/3 2982/419/3 2983/423/3
f 2867/424/3 2868/409/3 2983/423/3
f 2988/425/3 2989/421/3 2841/426/3
f 2841/426/3 2989/421/3 2756/422/3
f 2841/426/3 2756/422/3 2757/427/3
f 2988/425/3 2841/426/3 2842/428/3
f 2840/429/3 2841/426/3 2757/427/3
f 2867/424/3 2983/423/3 2984/430/3
f 2840/429/3 2757/427/3 2758/431/3
f 2987/432/3 2988/425/3 2842/428/3
f 2867/424/3 2984/430/3 2985/433/3
f 2986/434/3 2987/432/3 2842/428/3
f 2867/424/3 2985/433/3 2986/434/3
f 2840/429/3 2758/431/3 2759/435/3
f 2867/424/3 2986/434/3 2842/428/3
f 2840/429/3 2759/435/3 2760/436/3
f 2840/429/3 2760/436/3 2761/437/3
f 2840/429/3 2761/437/3 2762/438/3
f 2840/429/3 2762/438/3 2763/439/3
f 2866/440/3 2867/424/3 2842/428/3
f 2839/441/3 2840/429/3 2763/439/3
f 2839/441/3 2763/439/3 2764/442/3
f 2839/441/3 2764/442/3 2765/443/3
f 2839/441/3 2765/443/3 2766/444/3
f 2866/440/3 2842/428/3 2843/445/3
f 2839/441/3 2766/444/3 2767/446/3
f 2839/441/3 2767/446/3 2768/447/3
f 2838/448/3 2839/441/3 2768/447/3
f 2838/448/3 2768/447/3 2769/449/3
f 2838/448/3 2769/449/3 2770/450/3
f 2838/448/3 2770/450/3 2771/451/3
f 2865/452/3 2866/440/3 2843/445/3
f 2838/448/3 2771/451/3 2772/453/3
f 2838/448/3 2772/453/3 2773/454/3
f 2837/455/3 2838/448/3 2773/454/3
f 2837/455/3 2773/454/3 2774/456/3
f 2837/455/3 2774/456/3 2775/457/3
f 2837/455/3 2775/457/3 2776/458/3
f 2837/455/3 2776/458/3 2777/459/3
f 2837/455/3 2777/459/3 2778/460/3
f 2837/455/3 2778/460/3 2779/461/3
f 2865/452/3 2843/445/3 2844/462/3
f 2837/455/3 2779/461/3 2780/463/3
f 2836/464/3 2837/455/3 2780/463/3
f 2836/464/3 2780/463/3 2781/465/3
f 2836/464/3 2781/465/3 2782/466/3
f 2836/464/3 2782/466/3 2783/467/3
f 2836/464/3 2783/467/3 2784/468/3
f 2864/469/3 2865/452/3 2844/462/3
f 2836/464/3 2784/468/3 2785/470/3
f 2836/464/3 2785/470/3 2786/471/3
f 2836/464/3 2786/471/3 2787/472/3
f 2836/464/3 2787/472/3 2788/473/3
f 2836/464/3 2788/473/3 2789/474/3
f 2836/464/3 2789/474/3 2790/475/3
f 2836/464/3 2790/475/3 2791/476/3
f 2835/477/3 2836/464/3 2791/476/3
f 2835/477/3 2791/476/3 2792/478/3
f 2835/477/3 2792/478/3 2793/479/3
f 2835/477/3 2793/479/3 2794/480/3
f 2835/477/3 2794/480/3 2795/481/3
f 2835/477/3 2795/481/3 2796/32/3
f 2835/477/3 2796/32/3 2797/482/3
f 2835/477/3 2797/482/3 2798/483/3
f 2835/477/3 2798/483/3 2799/484/3
f 2835/477/3 2799/484/3 2800/485/3
f 2835/477/3 2800/485/3 2801/486/3
f 2835/477/3 2801/486/3 2802/487/3
f 2835/477/3 2802/487/3 2803/488/3
f 2835/477/3 2803/488/3 2804/489/3
f 2834/490/3 2835/477/3 2804/489/3
f 2864/469/3 2844/462/3 2845/491/3
f 2863/82/3 2864/469/3 2845/491/3
f 2833/492/3 2834/490/3 2804/489/3
f 2832/493/3 2833/492/3 2804/489/3
f 2862/494/3 2863/82/3 2845/491/3
f 2862/494/3 2845/491/3 2846/495/3
f 2831/496/3 2832/493/3 2804/489/3
f 2830/497/3 2831/496/3 2804/489/3
f 2861/498/3 2862/494/3 2846/495/3
f 2829/499/3 2830/497/3 2804/489/3
f 2861/498/3 2846/495/3 2847/500/3
f 2829/499/3 2804/489/3 2805/501/3
f 2828/502/3 2829/499/3 2805/501/3
f 2860/503/3 2861/498/3 2847/500/3
f 2828/502/3 2805/501/3 2806/504/3
f 2827/505/3 2828/502/3 2806/504/3
f 2860/503/3 2847/500/3 2848/506/3
f 2827/505/3 2806/504/3 2807/507/3
f 2826/508/3 2827/505/3 2807/507/3
f 2859/509/3 2860/503/3 2848/506/3
f 2826/508/3 2807/507/3 2808/510/3
f 2825/511/3 2826/508/3 2808/510/3
f 2824/512/3 2825/511/3 2808/510/3
f 2824/512/3 2808/510/3 2809/513/3
f 2859/509/3 2848/506/3 2849/514/3
f 2858/515/3 2859/509/3 2849/514/3
f 2823/516/3 2824/512/3 2809/513/3
f 2823/516/3 2809/513/3 2810/517/3
f 2822/518/3 2823/516/3 2810/517/3
f 2822/518/3 2810/517/3 2811/519/3
f 2857/520/3 2858/515/3 2849/514/3
f 2857/520/3 2849/514/3 2850/521/3
f 2821/522/3 2822/518/3 2811/519/3
f 2821/522/3 2811/519/3 2812/523/3
f 2820/524/3 2821/522/3 2812/523/3
f 2820/524/3 2812/523/3 2813/525/3
f 2819/526/3 2820/524/3 2813/525/3
f 2819/526/3 2813/525/3 2814/527/3
f 2856/528/3 2857/520/3 2850/521/3
f 2818/529/3 2819/526/3 2814/527/3
f 2818/529/3 2814/527/3 2815/530/3
f 2856/528/3 2850/521/3 2851/531/3
f 2817/532/3 2818/529/3 2815/530/3
f 2817/532/3 2815/530/3 2816/533/3
f 2855/534/3 2856/528/3 2851/531/3
f 2855/534/3 2851/531/3 2852/535/3
f 2854/536/3 2855/534/3 2852/535/3
f 2854/536/3 2852/535/3 2853/537/3
f 3070/538/3 3071/540/3 3072/539/3
f 3070/538/3 3072/539/3 3073/541/3
f 3069/542/3 3070/538/3 3073/541/3
f 3069/542/3 3073/541/3 3074/543/3
f 3069/542/3 3074/543/3 3075/544/3
f 3068/545/3 3069/542/3 3075/544/3
f 3068/545/3 3075/544/3 3076/546/3
f 3068/545/3 3076/546/3 3077/547/3
f 3067/548/3 3068/545/3 3077/547/3
f 3067/548/3 3077/547/3 3078/549/3
f 3067/548/3 3078/549/3 3079/550/3
f 3066/551/3 3067/548/3 3079/550/3
f 3066/551/3 3079/550/3 3080/552/3
f 3066/551/3 3080/552/3 3081/553/3
f 3065/554/3 3066/551/3 3081/553/3
f 3065/554/3 3081/553/3 3082/555/3
f 3064/556/3 3065/554/3 3082/555/3
f 3064/556/3 3082/555/3 3083/557/3
f 3064/556/3 3083/557/3 3084/558/3
f 3063/559/3 3064/556/3 3084/558/3
f 3063/559/3 3084/558/3 3085/560/3
f 3063/559/3 3085/560/3 3086/561/3
f 3062/562/3 3063/559/3 3086/561/3
f 3062/562/3 3086/561/3 3087/563/3
f 3062/562/3 3087/563/3 3088/564/3
f 3061/565/3 3062/562/3 3204/566/3
f 3204/566/3 3062/562/3 3203/567/3
f 3203/567/3 3062/562/3 3088/564/3
f 3202/568/3 3203/567/3 3088/564/3
f 3201/569/3 3202/568/3 3088/564/3
f 3061/565/3 3204/566/3 3205/570/3
f 3200/571/3 3201/569/3 3088/564/3
f 3200/571/3 3088/564/3 3089/572/3
f 3199/573/3 3200/571/3 3089/572/3
f 3061/565/3 3205/570/3 3206/574/3
f 3198/575/3 3199/573/3 3089/572/3
f 3197/576/3 3198/575/3 3089/572/3
f 3061/565/3 3206/574/3 3207/577/3
f 3196/578/3 3197/576/3 3089/572/3
f 3195/579/3 3196/578/3 3089/572/3
f 3061/565/3 3207/577/3 3208/580/3
f 3194/581/3 3195/579/3 3089/572/3
f 3194/581/3 3089/572/3 3090/582/3
f 3193/583/3 3194/581/3 3090/582/3
f 3061/565/3 3208/580/3 3209/584/3
f 3060/585/3 3061/565/3 3209/584/3
f 3192/586/3 3193/583/3 3090/582/3
f 3191/587/3 3192/586/3 3090/582/3
f 3060/585/3 3209/584/3 3210/588/3
f 3190/589/3 3191/587/3 3090/582/3
f 3190/589/3 3090/582/3 3091/590/3
f 3189/591/3 3190/589/3 3091/590/3
f 3060/585/3 3210/588/3 3211/592/3
f 3188/593/3 3189/591/3 3091/590/3
f 3188/593/3 3091/590/3 3092/594/3
f 3060/585/3 3211/592/3 3212/595/3
f 3187/596/3 3188/593/3 3092/594/3
f 3059/597/3 3060/585/3 3212/595/3
f 3186/598/3 3187/596/3 3092/594/3
f 3059/597/3 3212/595/3 3213/599/3
f 3185/600/3 3186/598/3 3092/594/3
f 3185/600/3 3092/594/3 3093/601/3
f 3184/602/3 3185/600/3 3093/601/3
f 3059/597/3 3213/599/3 3214/2/3
f 3183/603/3 3184/602/3 3093/601/3
f 3058/604/3 3059/597/3 3214/2/3
f 3183/603/3 3093/601/3 3094/605/3
f 3182/606/3 3183/603/3 3094/605/3
f 3058/604/3 3214/2/3 3155/607/3
f 3181/608/3 3182/606/3 3094/605/3
f 3181/608/3 3094/605/3 3095/609/3
f 3180/610/3 3181/608/3 3095/609/3
f 3058/604/3 3155/607/3 3156/611/3
f 3179/612/3 3180/610/3 3095/609/3
f 3057/613/3 3058/604/3 3156/611/3
f 3179/612/3 3095/609/3 3096/614/3
f 3178/615/3 3179/612/3 3096/614/3
f 3057/613/3 3156/611/3 3157/616/3
f 3178/615/3 3096/614/3 3097/617/3
f 3057/613/3 3157/616/3 3158/618/3
f 3056/619/3 3057/613/3 3158/618/3
f 3177/620/3 3178/615/3 3097/617/3
f 3056/619/3 3158/618/3 3159/621/3
f 3177/620/3 3097/617/3 3098/622/3
f 3056/619/3 3159/621/3 3160/71/3
f 3055/623/3 3056/619/3 3160/71/3
f 3177/620/3 3098/622/3 3099/624/3
f 3176/625/3 3177/620/3 3099/624/3
f 3055/623/3 3160/71/3 3161/626/3
f 3176/625/3 3099/624/3 3100/627/3
f 3175/628/3 3176/625/3 3100/627/3
f 3054/629/3 3055/623/3 3161/626/3
f 3054/629/3 3161/626/3 3162/630/3
f 3175/628/3 3100/627/3 3101/631/3
f 3174/632/3 3175/628/3 3101/631/3
f 3174/632/3 3101/631/3 3102/633/3
f 3054/629/3 3162/630/3 3163/634/3
f 3053/635/3 3054/629/3 3163/634/3
f 3174/632/3 3102/633/3 3103/636/3
f 3173/637/3 3174/632/3 3103/636/3
f 3053/635/3 3163/634/3 3164/638/3
f 3173/637/3 3103/636/3 3104/639/3
f 3172/640/3 3173/637/3 3104/639/3
f 3053/635/3 3164/638/3 3165/641/3
f 3052/32/3 3053/635/3 3165/641/3
f 3172/640/3 3104/639/3 3105/642/3
f 3171/643/3 3172/640/3 3105/642/3
f 3171/643/3 3105/642/3 3106/82/3
f 3052/32/3 3165/641/3 3166/644/3
f 3170/645/3 3171/643/3 3106/82/3
f 3170/645/3 3106/82/3 3107/646/3
f 3051/647/3 3052/32/3 3166/644/3
f 3169/648/3 3170/645/3 3107/646/3
f 3051/647/3 3166/644/3 3167/649/3
f 3169/648/3 3107/646/3 3108/650/3
f 3168/651/3 3169/648/3 3108/650/3
f 3167/649/3 3168/651/3 3108/650/3
f 3167/649/3 3108/650/3 3109/652/3
f 3051/647/3 3167/649/3 3109/652/3
f 3050/653/3 3051/647/3 3109/652/3
f 3050/653/3 3109/652/3 3110/654/3
f 3050/653/3 3110/654/3 3111/655/3
f 3050/653/3 3111/655/3 3112/656/3
f 3050/653/3 3112/656/3 3113/657/3
f 3049/658/3 3050/653/3 3113/657/3
f 3049/658/3 3113/657/3 3114/659/3
f 3049/658/3 3114/659/3 3115/660/3
f 3049/658/3 3115/660/3 3116/661/3
f 3049/658/3 3116/661/3 3117/662/3
f 3049/658/3 3117/662/3 3118/663/3
f 3049/658/3 3118/663/3 3119/664/3
f 3049/658/3 3119/664/3 3120/665/3
f 3049/658/3 3120/665/3 3121/666/3
f 3048/667/3 3049/658/3 3121/666/3
f 3048/667/3 3121/666/3 3122/668/3
f 3048/667/3 3122/668/3 3123/669/3
f 3048/667/3 3123/669/3 3124/670/3
f 3048/667/3 3124/670/3 3125/671/3
f 3048/667/3 3125/671/3 3126/672/3
f 3048/667/3 3126/672/3 3127/673/3
f 3048/667/3 3127/673/3 3128/674/3
f 3048/667/3 3128/674/3 3129/675/3
f 3048/667/3 3129/675/3 3130/676/3
f 3048/667/3 3130/676/3 3131/677/3
f 3048/667/3 3131/677/3 3132/678/3
f 3047/679/3 3048/667/3 3132/678/3
f 3047/679/3 3132/678/3 3133/680/3
f 3046/681/3 3047/679/3 3133/680/3
f 3046/681/3 3133/680/3 3134/682/3
f 3046/681/3 3134/682/3 3135/683/3
f 3045/684/3 3046/681/3 3135/683/3
f 3045/684/3 3135/683/3 3136/685/3
f 3044/686/3 3045/684/3 3136/685/3
f 3044/686/3 3136/685/3 3137/687/3
f 3044/686/3 3137/687/3 3138/688/3
f 3043/689/3 3044/686/3 3138/688/3
f 3043/689/3 3138/688/3 3139/690/3
f 3042/691/3 3043/689/3 3139/690/3
f 3042/691/3 3139/690/3 3140/692/3
f 3042/691/3 3140/692/3 3141/693/3
f 3041/694/3 3042/691/3 3141/693/3
f 3041/694/3 3141/693/3 3142/695/3
f 3041/694/3 3142/695/3 3143/696/3
f 3009/697/3 3010/699/3 3011/698/3
f 3040/700/3 3041/694/3 3143/696/3
f 3040/700/3 3143/696/3 3144/701/3
f 3008/702/3 3009/697/3 3011/698/3
f 3040/700/3 3144/701/3 3145/703/3
f 3039/704/3 3040/700/3 3145/703/3
f 3007/705/3 3008/702/3 3011/698/3
f 3039/704/3 3145/703/3 3146/706/3
f 3006/707/3 3007/705/3 3011/698/3
f 3039/704/3 3146/706/3 3147/708/3
f 3038/709/3 3039/704/3 3147/708/3
f 3005/710/3 3006/707/3 3011/698/3
f 3038/709/3 3147/708/3 3148/711/3
f 3005/710/3 3011/698/3 3012/712/3
f 3004/713/3 3005/710/3 3012/712/3
f 3038/709/3 3148/711/3 3149/714/3
f 3003/715/3 3004/713/3 3012/712/3
f 3038/709/3 3149/714/3 3150/716/3
f 3037/717/3 3038/709/3 3150/716/3
f 3002/718/3 3003/715/3 3012/712/3
f 3037/717/3 3150/716/3 3151/719/3
f 3001/720/3 3002/718/3 3012/712/3
f 3037/717/3 3151/719/3 3152/721/3
f 3000/722/3 3001/720/3 3012/712/3
f 3037/717/3 3152/721/3 3153/723/3
f 3000/722/3 3012/712/3 3013/724/3
f 2999/725/3 3000/722/3 3013/724/3
f 3037/717/3 3153/723/3 3154/726/3
f 2998/29/3 2999/725/3 3013/724/3
f 3037/717/3 3154/726/3 2998/29/3
f 3037/717/3 2998/29/3 3013/724/3
f 3036/727/3 3037/717/3 3013/724/3
f 3035/728/3 3036/727/3 3013/724/3
f 3035/728/3 3013/724/3 3014/729/3
f 3034/730/3 3035/728/3 3014/729/3
f 3034/730/3 3014/729/3 3015/731/3
f 3033/732/3 3034/730/3 3015/731/3
f 3033/732/3 3015/731/3 3016/733/3
f 3032/734/3 3033/732/3 3016/733/3
f 3032/734/3 3016/733/3 3017/735/3
f 3031/736/3 3032/734/3 3017/735/3
f 3030/737/3 3031/736/3 3017/735/3
f 3030/737/3 3017/735/3 3018/738/3
f 3029/739/3 3030/737/3 3018/738/3
f 3029/739/3 3018/738/3 3019/740/3
f 3028/741/3 3029/739/3 3019/740/3
f 3028/741/3 3019/740/3 3020/742/3
f 3027/743/3 3028/741/3 3020/742/3
f 3026/744/3 3027/743/3 3020/742/3
f 3026/744/3 3020/742/3 3021/745/3
f 3025/746/3 3026/744/3 3021/745/3
f 3025/746/3 3021/745/3 3022/747/3
f 3024/748/3 3025/746/3 3022/747/3
f 3024/748/3 3022/747/3 3023/749/3
f 3228/750/3 3229/752/3 3230/751/3
f 3227/753/3 3228/750/3 3230/751/3
f 3227/753/3 3230/751/3 3231/754/3
f 3226/755/3 3227/753/3 3231/754/3
f 3226/755/3 3231/754/3 3232/756/3
f 3225/757/3 3226/755/3 3232/756/3
f 3225/757/3 3232/756/3 3233/758/3
f 3224/759/3 3225/757/3 3233/758/3
f 3224/759/3 3233/758/3 3234/760/3
f 3223/761/3 3224/759/3 3234/760/3
f 3223/761/3 3234/760/3 3235/762/3
f 3222/763/3 3223/761/3 3235/762/3
f 3222/763/3 3235/762/3 3236/764/3
f 3221/765/3 3222/763/3 3236/764/3
f 3221/765/3 3236/764/3 3237/766/3
f 3220/767/3 3221/765/3 3237/766/3
f 3220/767/3 3237/766/3 3238/768/3
f 3219/769/3 3220/767/3 3238/768/3
f 3219/769/3 3238/768/3 3239/770/3
f 3218/771/3 3219/769/3 3239/770/3
f 3218/771/3 3239/770/3 3240/772/3
f 3217/773/3 3218/771/3 3240/772/3
f 3217/773/3 3240/772/3 3241/774/3
f 3216/775/3 3217/773/3 3241/774/3
f 3216/775/3 3241/774/3 3242/776/3
f 3216/775/3 3242/776/3 3243/777/3
f 3216/775/3 3243/777/3 3244/778/3
f 3216/775/3 3244/778/3 3245/779/3
f 3216/775/3 3245/779/3 3246/780/3
f 3215/29/3 3216/775/3 3246/780/3
f 3215/29/3 3246/780/3 3247/781/3
f 3215/29/3 3247/781/3 3248/782/3
f 3215/29/3 3248/782/3 3249/783/3
f 3364/2/3 3215/29/3 3249/783/3
f 3364/2/3 3249/783/3 3250/784/3
f 3364/2/3 3250/784/3 3251/785/3
f 3364/2/3 3251/785/3 3252/786/3
f 3364/2/4 3252/786/4 3253/787/4
f 3364/2/3 3253/787/3 3254/788/3
f 3364/2/4 3254/788/4 3255/789/4
f 3364/2/3 3255/789/3 3256/790/3
f 3364/2/4 3256/790/4 3257/791/4
f 3364/2/3 3257/791/3 3258/792/3
f 3364/2/3 3258/792/3 3259/793/3
f 3364/2/3 3259/793/3 3260/794/3
f 3364/2/4 3260/794/4 3261/795/4
f 3364/2/3 3261/795/3 3262/796/3
f 3364/2/3 3262/796/3 3263/797/3
f 3364/2/3 3263/797/3 3264/798/3
f 3364/2/4 3264/798/4 3265/799/4
f 3364/2/4 3265/799/4 3266/800/4
f 3364/2/3 3266/800/3 3267/801/3
f 3364/2/3 3267/801/3 3268/802/3
f 3364/2/3 3268/802/3 3269/803/3
f 3364/2/3 3269/803/3 3270/804/3
f 3364/2/4 3270/804/4 3271/805/4
f 3364/2/4 3271/805/4 3272/806/4
f 3364/2/3 3272/806/3 3273/807/3
f 3364/2/3 3273/807/3 3274/808/3
f 3364/2/3 3274/808/3 3275/809/3
f 3364/2/3 3275/809/3 3276/810/3
f 3364/2/3 3276/810/3 3277/811/3
f 3364/2/4 3277/811/4 3278/812/4
f 3364/2/3 3278/812/3 3279/813/3
f 3364/2/3 3279/813/3 3280/814/3
f 3363/815/3 3364/2/3 3280/814/3
f 3363/815/3 3280/814/3 3281/816/3
f 3363/815/3 3281/816/3 3282/817/3
f 3363/815/3 3282/817/3 3283/818/3
f 3362/819/3 3363/815/3 3283/818/3
f 3362/819/3 3283/818/3 3284/820/3
f 3362/819/3 3284/820/3 3285/821/3
f 3361/822/3 3362/819/3 3285/821/3
f 3361/822/3 3285/821/3 3286/823/3
f 3361/822/3 3286/823/3 3287/824/3
f 3360/825/3 3361/822/3 3287/824/3
f 3360/825/3 3287/824/3 3288/826/3
f 3360/825/3 3288/826/3 3289/827/3
f 3359/828/3 3360/825/3 3289/827/3
f 3359/828/3 3289/827/3 3290/829/3
f 3359/828/3 3290/829/3 3291/830/3
f 3358/831/3 3359/828/3 3291/830/3
f 3358/831/3 3291/830/3 3292/832/3
f 3358/831/3 3292/832/3 3293/833/3
f 3357/834/3 3358/831/3 3293/833/3
f 3357/834/3 3293/833/3 3294/835/3
f 3356/836/3 3357/834/3 3294/835/3
f 3356/836/3 3294/835/3 3295/837/3
f 3355/838/3 3356/836/3 3295/837/3
f 3355/838/3 3295/837/3 3296/839/3
f 3354/840/3 3355/838/3 3296/839/3
f 3354/840/3 3296/839/3 3297/841/3
f 3353/842/3 3354/840/3 3297/841/3
f 3353/842/3 3297/841/3 3298/843/3
f 3352/844/3 3353/842/3 3298/843/3
f 3351/845/3 3352/844/3 3298/843/3
f 3351/845/3 3298/843/3 3299/846/3
f 3351/845/3 3299/846/3 3300/847/3
f 3351/845/3 3300/847/3 3301/848/3
f 3350/849/3 3351/845/3 3301/848/3
f 3350/849/3 3301/848/3 3302/850/3
f 3350/849/3 3302/850/3 3303/851/3
f 3350/849/3 3303/851/3 3304/852/3
f 3350/849/3 3304/852/3 3305/853/3
f 3349/854/3 3350/849/3 3305/853/3
f 3349/854/3 3305/853/3 3306/855/3
f 3349/854/3 3306/855/3 3307/856/3
f 3349/854/3 3307/856/3 3308/857/3
f 3349/854/3 3308/857/3 3309/858/3
f 3349/854/3 3309/858/3 3310/859/3
f 3349/854/3 3310/859/3 3311/860/3
f 3348/861/3 3349/854/3 3311/860/3
f 3348/861/3 3311/860/3 3312/862/3
f 3348/861/3 3312/862/3 3313/863/3
f 3348/861/3 3313/863/3 3314/864/3
f 3348/861/3 3314/864/3 3315/865/3
f 3348/861/3 3315/865/3 3316/866/3
f 3347/867/3 3348/861/3 3316/866/3
f 3346/868/3 3347/867/3 3316/866/3
f 3345/869/3 3346/868/3 3316/866/3
f 3344/870/3 3345/869/3 3316/866/3
f 3343/871/3 3344/870/3 3316/866/3
f 3342/872/3 3343/871/3 3316/866/3
f 3342/872/3 3316/866/3 3317/873/3
f 3341/874/3 3342/872/3 3317/873/3
f 3341/874/3 3317/873/3 3318/875/3
f 3340/876/3 3341/874/3 3318/875/3
f 3339/877/3 3340/876/3 3318/875/3
f 3339/877/3 3318/875/3 3319/878/3
f 3338/879/3 3339/877/3 3319/878/3
f 3338/879/3 3319/878/3 3320/880/3
f 3337/881/3 3338/879/3 3320/880/3
f 3337/881/3 3320/880/3 3321/882/3
f 3336/883/3 3337/881/3 3321/882/3
f 3336/883/3 3321/882/3 3322/884/3
f 3335/885/3 3336/883/3 3322/884/3
f 3335/885/3 3322/884/3 3323/886/3
f 3334/887/3 3335/885/3 3323/886/3
f 3333/888/3 3334/887/3 3323/886/3
f 3333/888/3 3323/886/3 3324/889/3
f 3332/890/3 3333/888/3 3324/889/3
f 3332/890/3 3324/889/3 3325/891/3
f 3331/892/3 3332/890/3 3325/891/3
f 3331/892/3 3325/891/3 3326/893/3
f 3330/894/3 3331/892/3 3326/893/3
f 3330/894/3 3326/893/3 3327/895/3
f 3329/896/3 3330/894/3 3327/895/3
f 3329/896/3 3327/895/3 3328/897/3
f 3500/898/3 3501/900/3 3502/899/3
f 3500/898/3 3502/899/3 3503/901/3
f 3500/898/3 3503/901/3 3504/902/3
f 3499/903/3 3500/898/3 3504/902/3
f 3499/903/3 3504/902/3 3505/904/3
f 3499/903/3 3505/904/3 3506/905/3
f 3498/906/3 3499/903/3 3506/905/3
f 3498/906/3 3506/905/3 3507/907/3
f 3498/906/3 3507/907/3 3508/908/3
f 3498/906/3 3508/908/3 3509/909/3
f 3497/910/3 3498/906/3 3509/909/3
f 3497/910/3 3509/909/3 3510/911/3
f 3497/910/3 3510/911/3 3511/912/3
f 3496/913/3 3497/910/3 3511/912/3
f 3496/913/3 3511/912/3 3512/914/3
f 3496/913/3 3512/914/3 3513/2/3
f 3496/913/3 3513/2/3 3365/29/3
f 3495/915/3 3496/913/3 3365/29/3
f 3495/915/3 3365/29/3 3376/916/3
f 3376/916/3 3365/29/3 3375/917/3
f 3375/917/3 3365/29/3 3374/918/3
f 3374/918/3 3365/29/3 3373/919/3
f 3373/919/3 3365/29/3 3372/920/3
f 3372/920/3 3365/29/3 3371/921/3
f 3371/921/3 3365/29/3 3370/922/3
f 3370/922/3 3365/29/3 3369/923/3
f 3369/923/3 3365/29/3 3368/924/3
f 3368/924/3 3365/29/3 3366/925/3
f 3494/926/3 3495/915/3 3378/927/3
f 3378/927/3 3495/915/3 3377/928/3
f 3377/928/3 3495/915/3 3376/916/3
f 3493/929/3 3494/926/3 3380/930/3
f 3380/930/3 3494/926/3 3379/931/3
f 3379/931/3 3494/926/3 3378/927/3
f 3493/929/3 3380/930/3 3381/932/3
f 3493/929/3 3381/932/3 3382/933/3
f 3493/929/3 3382/933/3 3383/934/3
f 3492/935/3 3493/929/3 3383/934/3
f 3492/935/3 3383/934/3 3384/936/3
f 3367/937/3 3368/924/3 3366/925/3
f 3492/935/3 3384/936/3 3385/938/3
f 3491/939/3 3492/935/3 3385/938/3
f 3491/939/3 3385/938/3 3386/940/3
f 3491/939/3 3386/940/3 3387/941/3
f 3490/942/3 3491/939/3 3387/941/3
f 3490/942/3 3387/941/3 3388/943/3
f 3490/942/3 3388/943/3 3389/944/3
f 3489/945/3 3490/942/3 3389/944/3
f 3489/945/3 3389/944/3 3390/946/3
f 3488/947/3 3489/945/3 3390/946/3
f 3488/947/3 3390/946/3 3391/948/3
f 3488/947/3 3391/948/3 3392/949/3
f 3487/950/3 3488/947/3 3392/949/3
f 3487/950/3 3392/949/3 3393/951/3
f 3486/952/3 3487/950/3 3393/951/3
f 3486/952/3 3393/951/3 3394/953/3
f 3485/954/3 3486/952/3 3394/953/3
f 3485/954/3 3394/953/3 3395/955/3
f 3484/956/3 3485/954/3 3395/955/3
f 3484/956/3 3395/955/3 3396/957/3
f 3483/958/3 3484/956/3 3396/957/3
f 3483/958/3 3396/957/3 3397/959/3
f 3483/958/3 3397/959/3 3398/960/3
f 3482/961/3 3483/958/3 3398/960/3
f 3482/961/3 3398/960/3 3399/962/3
f 3481/963/3 3482/961/3 3399/962/3
f 3481/963/3 3399/962/3 3400/964/3
f 3480/965/3 3481/963/3 3400/964/3
f 3480/965/3 3400/964/3 3401/966/3
f 3479/967/3 3480/965/3 3401/966/3
f 3479/967/3 3401/966/3 3402/32/3
f 3479/967/3 3402/32/3 3403/968/3
f 3478/969/3 3479/967/3 3403/968/3
f 3478/969/3 3403/968/3 3404/970/3
f 3477/971/3 3478/969/3 3404/970/3
f 3477/971/3 3404/970/3 3405/972/3
f 3476/71/3 3477/971/3 3405/972/3
f 3476/71/3 3405/972/3 3406/973/3
f 3475/974/3 3476/71/3 3406/973/3
f 3475/974/3 3406/973/3 3407/975/3
f 3475/974/3 3407/975/3 3408/976/3
f 3474/977/3 3475/974/3 3408/976/3
f 3474/977/3 3408/976/3 3409/978/3
f 3473/979/3 3474/977/3 3409/978/3
f 3473/979/3 3409/978/3 3410/980/3
f 3472/981/3 3473/979/3 3410/980/3
f 3472/981/3 3410/980/3 3411/982/3
f 3471/983/3 3472/981/3 3411/982/3
f 3471/983/3 3411/982/3 3412/984/3
f 3471/983/3 3412/984/3 3413/985/3
f 3470/986/3 3471/983/3 3413/985/3
f 3470/986/3 3413/985/3 3414/987/3
f 3469/988/3 3470/986/3 3414/987/3
f 3469/988/3 3414/987/3 3415/989/3
f 3468/990/3 3469/988/3 3415/989/3
f 3468/990/3 3415/989/3 3416/991/3
f 3468/990/3 3416/991/3 3417/992/3
f 3467/993/3 3468/990/3 3417/992/3
f 3467/993/3 3417/992/3 3418/994/3
f 3467/993/3 3418/994/3 3419/995/3
f 3466/996/3 3467/993/3 3419/995/3
f 3466/996/3 3419/995/3 3420/997/3
f 3465/998/3 3466/996/3 3420/997/3
f 3439/82/3 3440/1000/3 3441/999/3
f 3465/998/3 3420/997/3 3421/1001/3
f 3438/1002/3 3439/82/3 3441/999/3
f 3465/998/3 3421/1001/3 3422/1003/3
f 3437/1004/3 3438/1002/3 3441/999/3
f 3436/1005/3 3437/1004/3 3441/999/3
f 3464/1006/3 3465/998/3 3422/1003/3
f 3464/1006/3 3422/1003/3 3423/1007/3
f 3435/1008/3 3436/1005/3 3441/999/3
f 3464/1006/3 3423/1007/3 3424/1009/3
f 3434/1010/3 3435/1008/3 3441/999/3
f 3433/1011/3 3434/1010/3 3441/999/3
f 3464/1006/3 3424/1009/3 3425/1012/3
f 3432/1013/3 3433/1011/3 3441/999/3
f 3464/1006/3 3425/1012/3 3426/1014/3
f 3463/1015/3 3464/1006/3 3426/1014/3
f 3431/1016/3 3432/1013/3 3441/999/3
f 3430/1017/3 3431/1016/3 3441/999/3
f 3463/1015/3 3426/1014/3 3427/1018/3
f 3429/1019/3 3430/1017/3 3441/999/3
f 3429/1019/3 3441/999/3 3442/1020/3
f 3463/1015/3 3427/1018/3 3428/1021/3
f 3428/1021/3 3429/1019/3 3442/1020/3
f 3463/1015/3 3428/1021/3 3442/1020/3
f 3462/1022/3 3463/1015/3 3442/1020/3
f 3462/1022/3 3442/1020/3 3443/1023/3
f 3461/1024/3 3462/1022/3 3443/1023/3
f 3461/1024/3 3443/1023/3 3444/1025/3
f 3461/1024/3 3444/1025/3 3445/1026/3
f 3460/1027/3 3461/1024/3 3445/1026/3
f 3460/1027/3 3445/1026/3 3446/1028/3
f 3459/1029/3 3460/1027/3 3446/1028/3
f 3459/1029/3 3446/1028/3 3447/1030/3
f 3458/1031/3 3459/1029/3 3447/1030/3
f 3458/1031/3 3447/1030/3 3448/1032/3
f 3457/1033/3 3458/1031/3 3448/1032/3
f 3457/1033/3 3448/1032/3 3449/1034/3
f 3456/1035/3 3457/1033/3 3449/1034/3
f 3456/1035/3 3449/1034/3 3450/1036/3
f 3455/1037/3 3456/1035/3 3450/1036/3
f 3455/1037/3 3450/1036/3 3451/1038/3
f 3454/1039/3 3455/1037/3 3451/1038/3
f 3454/1039/3 3451/1038/3 3452/1040/3
f 3453/1041/3 3454/1039/3 3452/1040/3
f 3586/538/3 3587/540/3 3588/539/3
f 3586/538/3 3588/539/3 3589/541/3
f 3585/542/3 3586/538/3 3589/541/3
f 3585/542/3 3589/541/3 3590/543/3
f 3585/542/3 3590/543/3 3591/544/3
f 3584/545/3 3585/542/3 3591/544/3
f 3584/545/3 3591/544/3 3592/546/3
f 3584/545/3 3592/546/3 3593/547/3
f 3583/548/3 3584/545/3 3593/547/3
f 3583/548/3 3593/547/3 3594/549/3
f 3583/548/3 3594/549/3 3595/550/3
f 3582/551/3 3583/548/3 3595/550/3
f 3582/551/3 3595/550/3 3596/552/3
f 3582/551/3 3596/552/3 3597/553/3
f 3581/554/3 3582/551/3 3597/553/3
f 3581/554/3 3597/553/3 3598/555/3
f 3580/556/3 3581/554/3 3598/555/3
f 3580/556/3 3598/555/3 3599/557/3
f 3580/556/3 3599/557/3 3600/558/3
f 3579/559/3 3580/556/3 3600/558/3
f 3579/559/3 3600/558/3 3601/560/3
f 3579/559/3 3601/560/3 3602/561/3
f 3578/562/3 3579/559/3 3602/561/3
f 3578/562/3 3602/561/3 3603/563/3
f 3578/562/3 3603/563/3 3604/564/3
f 3577/565/3 3578/562/3 3720/566/3
f 3720/566/3 3578/562/3 3719/567/3
f 3719/567/3 3578/562/3 3604/564/3
f 3718/568/3 3719/567/3 3604/564/3
f 3717/569/3 3718/568/3 3604/564/3
f 3577/565/3 3720/566/3 3721/570/3
f 3716/571/3 3717/569/3 3604/564/3
f 3716/571/3 3604/564/3 3605/572/3
f 3715/573/3 3716/571/3 3605/572/3
f 3577/565/3 3721/570/3 3722/574/3
f 3714/575/3 3715/573/3 3605/572/3
f 3713/576/3 3714/575/3 3605/572/3
f 3577/565/3 3722/574/3 3723/577/3
f 3712/578/3 3713/576/3 3605/572/3
f 3711/579/3 3712/578/3 3605/572/3
f 3577/565/3 3723/577/3 3724/580/3
f 3710/581/3 3711/579/3 3605/572/3
f 3710/581/3 3605/572/3 3606/582/3
f 3709/583/3 3710/581/3 3606/582/3
f 3577/565/3 3724/580/3 3725/584/3
f 3576/585/3 3577/565/3 3725/584/3
f 3708/586/3 3709/583/3 3606/582/3
f 3707/587/3 3708/586/3 3606/582/3
f 3576/585/3 3725/584/3 3726/588/3
f 3706/589/3 3707/587/3 3606/582/3
f 3706/589/3 3606/582/3 3607/590/3
f 3705/591/3 3706/589/3 3607/590/3
f 3576/585/3 3726/588/3 3727/592/3
f 3704/593/3 3705/591/3 3607/590/3
f 3704/593/3 3607/590/3 3608/594/3
f 3576/585/3 3727/592/3 3728/595/3
f 3703/596/3 3704/593/3 3608/594/3
f 3575/597/3 3576/585/3 3728/595/3
f 3702/598/3 3703/596/3 3608/594/3
f 3575/597/3 3728/595/3 3729/599/3
f 3701/600/3 3702/598/3 3608/594/3
f 3701/600/3 3608/594/3 3609/601/3
f 3700/602/3 3701/600/3 3609/601/3
f 3575/597/3 3729/599/3 3730/2/3
f 3699/603/3 3700/602/3 3609/601/3
f 3574/604/3 3575/597/3 3730/2/3
f 3699/603/3 3609/601/3 3610/605/3
f 3698/606/3 3699/603/3 3610/605/3
f 3574/604/3 3730/2/3 3671/607/3
f 3697/608/3 3698/606/3 3610/605/3
f 3697/608/3 3610/605/3 3611/609/3
f 3696/610/3 3697/608/3 3611/609/3
f 3574/604/3 3671/607/3 3672/611/3
f 3695/612/3 3696/610/3 3611/609/3
f 3573/613/3 3574/604/3 3672/611/3
f 3695/612/3 3611/609/3 3612/614/3
f 3694/615/3 3695/612/3 3612/614/3
f 3573/613/3 3672/611/3 3673/616/3
f 3694/615/3 3612/614/3 3613/617/3
f 3573/613/3 3673/616/3 3674/618/3
f 3572/619/3 3573/613/3 3674/618/3
f 3693/620/3 3694/615/3 3613/617/3
f 3572/619/3 3674/618/3 3675/621/3
f 3693/620/3 3613/617/3 3614/622/3
f 3572/619/3 3675/621/3 3676/71/3
f 3571/623/3 3572/619/3 3676/71/3
f 3693/620/3 3614/622/3 3615/624/3
f 3692/625/3 3693/620/3 3615/624/3
f 3571/623/3 3676/71/3 3677/626/3
f 3692/625/3 3615/624/3 3616/627/3
f 3691/628/3 3692/625/3 3616/627/3
f 3570/629/3 3571/623/3 3677/626/3
f 3570/629/3 3677/626/3 3678/630/3
f 3691/628/3 3616/627/3 3617/631/3
f 3690/632/3 3691/628/3 3617/631/3
f 3690/632/3 3617/631/3 3618/633/3
f 3570/629/3 3678/630/3 3679/634/3
f 3569/635/3 3570/629/3 3679/634/3
f 3690/632/3 3618/633/3 3619/636/3
f 3689/637/3 3690/632/3 3619/636/3
f 3569/635/3 3679/634/3 3680/638/3
f 3689/637/3 3619/636/3 3620/639/3
f 3688/640/3 3689/637/3 3620/639/3
f 3569/635/3 3680/638/3 3681/641/3
f 3568/32/3 3569/635/3 3681/641/3
f 3688/640/3 3620/639/3 3621/642/3
f 3687/643/3 3688/640/3 3621/642/3
f 3687/643/3 3621/642/3 3622/82/3
f 3568/32/3 3681/641/3 3682/644/3
f 3686/645/3 3687/643/3 3622/82/3
f 3686/645/3 3622/82/3 3623/646/3
f 3567/647/3 3568/32/3 3682/644/3
f 3685/648/3 3686/645/3 3623/646/3
f 3567/647/3 3682/644/3 3683/649/3
f 3685/648/3 3623/646/3 3624/650/3
f 3684/651/3 3685/648/3 3624/650/3
f 3683/649/3 3684/651/3 3624/650/3
f 3683/649/3 3624/650/3 3625/652/3
f 3567/647/3 3683/649/3 3625/652/3
f 3566/653/3 3567/647/3 3625/652/3
f 3566/653/3 3625/652/3 3626/654/3
f 3566/653/3 3626/654/3 3627/655/3
f 3566/653/3 3627/655/3 3628/656/3
f 3566/653/3 3628/656/3 3629/657/3
f 3565/658/3 3566/653/3 3629/657/3
f 3565/658/3 3629/657/3 3630/659/3
f 3565/658/3 3630/659/3 3631/660/3
f 3565/658/3 3631/660/3 3632/661/3
f 3565/658/3 3632/661/3 3633/662/3
f 3565/658/3 3633/662/3 3634/663/3
f 3565/658/3 3634/663/3 3635/664/3
f 3565/658/3 3635/664/3 3636/665/3
f 3565/658/3 3636/665/3 3637/666/3
f 3564/667/3 3565/658/3 3637/666/3
f 3564/667/3 3637/666/3 3638/668/3
f 3564/667/3 3638/668/3 3639/669/3
f 3564/667/3 3639/669/3 3640/670/3
f 3564/667/3 3640/670/3 3641/671/3
f 3564/667/3 3641/671/3 3642/672/3
f 3564/667/3 3642/672/3 3643/673/3
f 3564/667/3 3643/673/3 3644/674/3
f 3564/667/3 3644/674/3 3645/675/3
f 3564/667/3 3645/675/3 3646/676/3
f 3564/667/3 3646/676/3 3647/677/3
f 3564/667/3 3647/677/3 3648/678/3
f 3563/679/3 3564/667/3 3648/678/3
f 3563/679/3 3648/678/3 3649/680/3
f 3562/681/3 3563/679/3 3649/680/3
f 3562/681/3 3649/680/3 3650/682/3
f 3562/681/3 3650/682/3 3651/683/3
f 3561/684/3 3562/681/3 3651/683/3
f 3561/684/3 3651/683/3 3652/685/3
f 3560/686/3 3561/684/3 3652/685/3
f 3560/686/3 3652/685/3 3653/687/3
f 3560/686/3 3653/687/3 3654/688/3
f 3559/689/3 3560/686/3 3654/688/3
f 3559/689/3 3654/688/3 3655/690/3
f 3558/691/3 3559/689/3 3655/690/3
f 3558/691/3 3655/690/3 3656/692/3
f 3558/691/3 3656/692/3 3657/693/3
f 3557/694/3 3558/691/3 3657/693/3
f 3557/694/3 3657/693/3 3658/695/3
f 3557/694/3 3658/695/3 3659/696/3
f 3525/697/3 3526/699/3 3527/698/3
f 3556/700/3 3557/694/3 3659/696/3
f 3556/700/3 3659/696/3 3660/701/3
f 3524/702/3 3525/697/3 3527/698/3
f 3556/700/3 3660/701/3 3661/703/3
f 3555/704/3 3556/700/3 3661/703/3
f 3523/705/3 3524/702/3 3527/698/3
f 3555/704/3 3661/703/3 3662/706/3
f 3522/707/3 3523/705/3 3527/698/3
f 3555/704/3 3662/706/3 3663/708/3
f 3554/709/3 3555/704/3 3663/708/3
f 3521/710/3 3522/707/3 3527/698/3
f 3554/709/3 3663/708/3 3664/711/3
f 3521/710/3 3527/698/3 3528/712/3
f 3520/713/3 3521/710/3 3528/712/3
f 3554/709/3 3664/711/3 3665/714/3
f 3519/715/3 3520/713/3 3528/712/3
f 3554/709/3 3665/714/3 3666/716/3
f 3553/717/3 3554/709/3 3666/716/3
f 3518/718/3 3519/715/3 3528/712/3
f 3553/717/3 3666/716/3 3667/719/3
f 3517/720/3 3518/718/3 3528/712/3
f 3553/717/3 3667/719/3 3668/721/3
f 3516/722/3 3517/720/3 3528/712/3
f 3553/717/3 3668/721/3 3669/723/3
f 3516/722/3 3528/712/3 3529/724/3
f 3515/725/3 3516/722/3 3529/724/3
f 3553/717/3 3669/723/3 3670/726/3
f 3514/29/3 3515/725/3 3529/724/3
f 3553/717/3 3670/726/3 3514/29/3
f 3553/717/3 3514/29/3 3529/724/3
f 3552/727/3 3553/717/3 3529/724/3
f 3551/728/3 3552/727/3 3529/724/3
f 3551/728/3 3529/724/3 3530/729/3
f 3550/730/3 3551/728/3 3530/729/3
f 3550/730/3 3530/729/3 3531/731/3
f 3549/732/3 3550/730/3 3531/731/3
f 3549/732/3 3531/731/3 3532/733/3
f 3548/734/3 3549/732/3 3532/733/3
f 3548/734/3 3532/733/3 3533/735/3
f 3547/736/3 3548/734/3 3533/735/3
f 3546/737/3 3547/736/3 3533/735/3
f 3546/737/3 3533/735/3 3534/738/3
f 3545/739/3 3546/737/3 3534/738/3
f 3545/739/3 3534/738/3 3535/740/3
f 3544/741/3 3545/739/3 3535/740/3
f 3544/741/3 3535/740/3 3536/742/3
f 3543/743/3 3544/741/3 3536/742/3
f 3542/744/3 3543/743/3 3536/742/3
f 3542/744/3 3536/742/3 3537/745/3
f 3541/746/3 3542/744/3 3537/745/3
f 3541/746/3 3537/745/3 3538/747/3
f 3540/748/3 3541/746/3 3538/747/3
f 3540/748/3 3538/747/3 3539/749/3
f 3865/1042/3 3866/1044/3 3867/1043/3
f 3889/1045/3 3890/1047/3 3891/1046/3
f 3889/1045/3 3891/1046/3 3892/1048/3
f 3864/1049/3 3865/1042/3 3867/1043/3
f 3864/1049/3 3867/1043/3 3868/1050/3
f 3888/1051/3 3889/1045/3 3892/1048/3
f 3805/1052/3 3806/1054/3 3807/1053/3
f 3805/1052/3 3807/1053/3 3808/1055/3
f 3804/1056/3 3805/1052/3 3808/1055/3
f 3888/1051/3 3892/1048/3 3893/1057/3
f 3804/1056/3 3808/1055/3 3809/1058/3
f 3803/1059/3 3804/1056/3 3809/1058/3
f 3803/1059/3 3809/1058/3 3810/1060/3
f 3863/1061/3 3864/1049/3 3868/1050/3
f 3888/1051/3 3893/1057/3 3894/1062/3
f 3863/1061/3 3868/1050/3 3869/1063/3
f 3887/1064/3 3888/1051/3 3894/1062/3
f 3803/1059/3 3810/1060/3 3811/1065/3
f 3802/1066/3 3803/1059/3 3811/1065/3
f 3802/1066/3 3811/1065/3 3812/1067/3
f 3801/1068/3 3802/1066/3 3812/1067/3
f 3887/1064/3 3894/1062/3 3895/1069/3
f 3801/1068/3 3812/1067/3 3813/1070/3
f 3862/1071/3 3863/1061/3 3869/1063/3
f 3862/1071/3 3869/1063/3 3870/1072/3
f 3886/1073/3 3887/1064/3 3895/1069/3
f 3800/1074/3 3801/1068/3 3813/1070/3
f 3800/1074/3 3813/1070/3 3814/1075/3
f 3886/1073/3 3895/1069/3 3896/1076/3
f 3800/1074/3 3814/1075/3 3815/1077/3
f 3799/1078/3 3800/1074/3 3815/1077/3
f 3861/1079/3 3862/1071/3 3870/1072/3
f 3886/1073/3 3896/1076/3 3897/1080/3
f 3861/1079/3 3870/1072/3 3871/1081/3
f 3885/1082/3 3886/1073/3 3897/1080/3
f 3799/1078/3 3815/1077/3 3816/1083/3
f 3798/1084/3 3799/1078/3 3816/1083/3
f 3798/1084/3 3816/1083/3 3817/1085/3
f 3885/1082/3 3897/1080/3 3898/1086/3
f 3860/1087/3 3861/1079/3 3871/1081/3
f 3797/1088/3 3798/1084/3 3817/1085/3
f 3797/1088/3 3817/1085/3 3818/1089/3
f 3860/1087/3 3871/1081/3 3872/1090/3
f 3884/1091/3 3885/1082/3 3898/1086/3
f 3884/1091/3 3898/1086/3 3899/1092/3
f 3797/1088/3 3818/1089/3 3819/1093/3
f 3796/1094/3 3797/1088/3 3819/1093/3
f 3859/1095/3 3860/1087/3 3872/1090/3
f 3796/1094/3 3819/1093/3 3820/1096/3
f 3884/1091/3 3899/1092/3 3900/1097/3
f 3883/1098/3 3884/1091/3 3900/1097/3
f 3859/1095/3 3872/1090/3 3873/1099/3
f 3795/1100/3 3796/1094/3 3820/1096/3
f 3795/1100/3 3820/1096/3 3821/1101/3
f 3794/1102/3 3795/1100/3 3821/1101/3
f 3883/1098/3 3900/1097/3 3901/1103/3
f 3794/1102/3 3821/1101/3 3822/1104/3
f 3858/1105/3 3859/1095/3 3873/1099/3
f 3882/1106/3 3883/1098/3 3901/1103/3
f 3858/1105/3 3873/1099/3 3874/538/3
f 3794/1102/3 3822/1104/3 3823/1107/3
f 3793/1108/3 3794/1102/3 3823/1107/3
f 3882/1106/3 3901/1103/3 3902/1109/3
f 3793/1108/3 3823/1107/3 3824/1110/3
f 3857/1111/3 3858/1105/3 3874/538/3
f 3793/1108/3 3824/1110/3 3825/1112/3
f 3882/1106/3 3902/1109/3 3903/1113/3
f 3881/1114/3 3882/1106/3 3903/1113/3
f 3857/1111/3 3874/538/3 3875/1115/3
f 3793/1108/3 3825/1112/3 3826/1116/3
f 3881/1114/3 3903/1113/3 3904/1117/3
f 3856/1118/3 3857/1111/3 3875/1115/3
f 3793/1108/3 3826/1116/3 3827/1119/3
f 3880/1120/3 3881/1114/3 3904/1117/3
f 3856/1118/3 3875/1115/3 3876/1121/3
f 3793/1108/3 3827/1119/3 3828/1122/3
f 3880/1120/3 3904/1117/3 3905/1123/3
f 3855/1124/3 3856/1118/3 3876/1121/3
f 3793/1108/3 3828/1122/3 3829/1125/3
f 3880/1120/3 3905/1123/3 3906/1126/3
f 3879/1127/3 3880/1120/3 3906/1126/3
f 3855/1124/3 3876/1121/3 3877/1128/3
f 3793/1108/3 3829/1125/3 3792/1129/3
f 3792/1129/3 3829/1125/3 3791/1130/3
f 3791/1130/3 3829/1125/3 3790/1131/3
f 3790/1131/3 3829/1125/3 3789/1132/3
f 3789/1132/3 3829/1125/3 3788/1133/3
f 3788/1133/3 3829/1125/3 3787/1134/3
f 3787/1134/3 3829/1125/3 3786/1135/3
f 3786/1135/3 3829/1125/3 3830/1136/3
f 3785/1137/3 3786/1135/3 3830/1136/3
f 3784/1138/4 3785/1137/4 3830/1136/4
f 3783/1139/3 3784/1138/3 3830/1136/3
f 3782/1140/3 3783/1139/3 3830/1136/3
f 3781/1141/4 3782/1140/4 3830/1136/4
f 3780/1142/3 3781/1141/3 3830/1136/3
f 3779/1143/3 3780/1142/3 3830/1136/3
f 3778/1144/3 3779/1143/3 3830/1136/3
f 3777/1145/3 3778/1144/3 3830/1136/3
f 3776/1146/3 3777/1145/3 3830/1136/3
f 3775/1147/3 3776/1146/3 3830/1136/3
f 3774/1148/3 3775/1147/3 3830/1136/3
f 3773/1149/3 3774/1148/3 3830/1136/3
f 3772/1150/3 3773/1149/3 3830/1136/3
f 3771/1151/3 3772/1150/3 3830/1136/3
f 3770/1152/3 3771/1151/3 3830/1136/3
f 3769/1153/3 3770/1152/3 3830/1136/3
f 3768/1154/3 3769/1153/3 3830/1136/3
f 3768/1154/3 3830/1136/3 3831/1155/3
f 3767/1156/3 3768/1154/3 3831/1155/3
f 3879/1127/3 3906/1126/3 3907/1157/3
f 3767/1156/3 3831/1155/3 3832/1158/3
f 3767/1156/3 3832/1158/3 3833/1159/3
f 3854/1160/3 3855/1124/3 3877/1128/3
f 3766/1161/3 3767/1156/3 3833/1159/3
f 3766/1161/3 3833/1159/3 3834/1162/3
f 3766/1161/3 3834/1162/3 3835/1163/3
f 3765/1164/3 3766/1161/3 3835/1163/3
f 3765/1164/3 3835/1163/3 3836/1165/3
f 3765/1164/3 3836/1165/3 3837/1166/3
f 3764/1167/3 3765/1164/3 3837/1166/3
f 3764/1167/3 3837/1166/3 3838/1168/3
f 3764/1167/3 3838/1168/3 3839/1169/3
f 3763/1170/3 3764/1167/3 3839/1169/3
f 3763/1170/3 3839/1169/3 3840/1171/3
f 3762/1172/3 3763/1170/3 3840/1171/3
f 3762/1172/3 3840/1171/3 3841/1173/3
f 3762/1172/3 3841/1173/3 3842/1174/3
f 3761/1175/3 3762/1172/3 3842/1174/3
f 3761/1175/3 3842/1174/3 3843/1176/3
f 3760/1177/3 3761/1175/3 3843/1176/3
f 3760/1177/3 3843/1176/3 3844/1178/3
f 3760/1177/3 3844/1178/3 3845/1179/3
f 3759/1180/3 3760/1177/3 3845/1179/3
f 3878/1181/3 3879/1127/3 3907/1157/3
f 3854/1160/3 3877/1128/3 3878/1181/3
f 3759/1180/3 3845/1179/3 3846/1182/3
f 3758/1183/3 3759/1180/3 3846/1182/3
f 3758/1183/3 3846/1182/3 3847/1184/3
f 3758/1183/3 3847/1184/3 3848/1185/3
f 3757/1186/3 3758/1183/3 3848/1185/3
f 3878/1181/3 3907/1157/3 3908/1187/3
f 3757/1186/3 3848/1185/3 3849/1188/3
f 3756/1189/3 3757/1186/3 3849/1188/3
f 3756/1189/3 3849/1188/3 3850/1190/3
f 3756/1189/3 3850/1190/3 3851/1191/3
f 3755/1192/3 3756/1189/3 3851/1191/3
f 3755/1192/3 3851/1191/3 3852/1193/3
f 3754/1194/3 3755/1192/3 3852/1193/3
f 3754/1194/3 3852/1193/3 3853/1195/3
f 3754/1194/3 3853/1195/3 3854/1160/3
f 3753/1196/3 3754/1194/3 3854/1160/3
f 3753/1196/3 3854/1160/3 3878/1181/3
f 3752/1197/3 3753/1196/3 3878/1181/3
f 3751/1198/3 3752/1197/3 3878/1181/3
f 3750/1199/3 3751/1198/3 3878/1181/3
f 3878/1181/3 3908/1187/3 3909/1200/3
f 3749/1201/3 3750/1199/3 3878/1181/3
f 3748/1202/3 3749/1201/3 3878/1181/3
f 3748/1202/3 3878/1181/3 3909/1200/3
f 3747/1203/3 3748/1202/3 3909/1200/3
f 3746/1204/3 3747/1203/3 3909/1200/3
f 3745/1205/3 3746/1204/3 3909/1200/3
f 3745/1205/3 3909/1200/3 4085/1206/3
f 4085/1206/3 3909/1200/3 3910/1207/3
f 3744/1208/3 3745/1205/3 4085/1206/3
f 3743/1209/3 3744/1208/3 4148/1210/3
f 4148/1210/3 3744/1208/3 4085/1206/3
f 3743/1209/3 4148/1210/3 4149/1211/3
f 4147/1212/3 4148/1210/3 4085/1206/3
f 4147/1212/3 4085/1206/3 4086/1213/3
f 4084/1214/3 4085/1206/3 3910/1207/3
f 4146/1215/3 4147/1212/3 4086/1213/3
f 4083/1216/3 4084/1214/3 3910/1207/3
f 3743/1209/3 4149/1211/3 4150/1217/3
f 4146/1215/3 4086/1213/3 4087/1218/3
f 4145/1219/3 4146/1215/3 4087/1218/3
f 4082/1220/3 4083/1216/3 3910/1207/3
f 3743/1209/3 4150/1217/3 4151/1221/3
f 4144/1222/3 4145/1219/3 4087/1218/3
f 4081/1223/3 4082/1220/3 3910/1207/3
f 4144/1222/3 4087/1218/3 4088/1224/3
f 3742/1225/3 3743/1209/3 4151/1221/3
f 4143/1226/3 4144/1222/3 4088/1224/3
f 4080/1227/3 4081/1223/3 3910/1207/3
f 3742/1225/3 4151/1221/3 4152/1228/3
f 4143/1226/3 4088/1224/3 4089/1229/3
f 4142/1230/3 4143/1226/3 4089/1229/3
f 4079/1231/3 4080/1227/3 3910/1207/3
f 3741/1232/3 3742/1225/3 4152/1228/3
f 3741/1232/3 4152/1228/3 4153/1233/3
f 4141/1234/3 4142/1230/3 4089/1229/3
f 4078/1235/3 4079/1231/3 3910/1207/3
f 4141/1234/3 4089/1229/3 4090/1236/3
f 3740/1237/3 3741/1232/3 4153/1233/3
f 4078/1235/3 3910/1207/3 3911/1238/3
f 4140/1239/3 4141/1234/3 4090/1236/3
f 4077/1240/3 4078/1235/3 3911/1238/3
f 3740/1237/3 4153/1233/3 4154/1241/3
f 4140/1239/3 4090/1236/3 4091/1242/3
f 3739/1243/3 3740/1237/3 4154/1241/3
f 4139/1244/3 4140/1239/3 4091/1242/3
f 4076/1245/3 4077/1240/3 3911/1238/3
f 3739/1243/3 4154/1241/3 4155/1246/3
f 4138/1247/3 4139/1244/3 4091/1242/3
f 4075/1248/3 4076/1245/3 3911/1238/3
f 4138/1247/3 4091/1242/3 4092/1249/3
f 3738/1250/3 3739/1243/3 4155/1246/3
f 4137/1251/3 4138/1247/3 4092/1249/3
f 4074/1252/3 4075/1248/3 3911/1238/3
f 3737/1253/3 3738/1250/3 4155/1246/3
f 3737/1253/3 4155/1246/3 4156/1254/3
f 4137/1251/3 4092/1249/3 4093/1255/3
f 4074/1252/3 3911/1238/3 3912/1256/3
f 4136/1257/3 4137/1251/3 4093/1255/3
f 4073/1258/3 4074/1252/3 3912/1256/3
f 3736/1259/3 3737/1253/3 4156/1254/3
f 3736/1259/3 4156/1254/3 4157/1260/3
f 4135/1261/3 4136/1257/3 4093/1255/3
f 4072/1262/3 4073/1258/3 3912/1256/3
f 4135/1261/3 4093/1255/3 4094/1263/3
f 3735/1264/3 3736/1259/3 4157/1260/3
f 4134/1265/3 4135/1261/3 4094/1263/3
f 4071/1266/3 4072/1262/3 3912/1256/3
f 3735/1264/3 4157/1260/3 4158/1267/3
f 4134/1265/3 4094/1263/3 4095/1268/3
f 3734/1269/3 3735/1264/3 4158/1267/3
f 4071/1266/3 3912/1256/3 3913/1270/3
f 4133/1271/3 4134/1265/3 4095/1268/3
f 4070/1272/3 4071/1266/3 3913/1270/3
f 3733/1273/3 3734/1269/3 4158/1267/3
f 3733/1273/3 4158/1267/3 4159/1274/3
f 4132/1275/3 4133/1271/3 4095/1268/3
f 4069/1276/3 4070/1272/3 3913/1270/3
f 4132/1275/3 4095/1268/3 4096/1277/3
f 3732/1278/3 3733/1273/3 4160/2/3
f 4160/2/3 3733/1273/3 4159/1274/3
f 4131/1279/3 4132/1275/3 4096/1277/3
f 4068/1280/3 4069/1276/3 3913/1270/3
f 4068/1280/3 3913/1270/3 3914/1281/3
f 4131/1279/3 4096/1277/3 4097/1282/3
f 4130/1283/3 4131/1279/3 4097/1282/3
f 4067/1284/3 4068/1280/3 3914/1281/3
f 3732/1278/3 4160/2/3 3731/29/3
f 4129/1285/3 4130/1283/3 4097/1282/3
f 4066/1286/3 4067/1284/3 3914/1281/3
f 4129/1285/3 4097/1282/3 4098/1287/3
f 4066/1286/3 3914/1281/3 3915/1288/3
f 4129/1285/3 4098/1287/3 4099/1289/3
f 4128/1290/3 4129/1285/3 4099/1289/3
f 4065/1291/3 4066/1286/3 3915/1288/3
f 4065/1291/3 3915/1288/3 3916/1292/3
f 4128/1290/3 4099/1289/3 4100/1293/3
f 4127/1294/3 4128/1290/3 4100/1293/3
f 4064/1295/3 4065/1291/3 3916/1292/3
f 4064/1295/3 3916/1292/3 3917/1296/3
f 4127/1294/3 4100/1293/3 4101/1297/3
f 4126/1298/3 4127/1294/3 4101/1297/3
f 4063/1299/3 4064/1295/3 3917/1296/3
f 4063/1299/3 3917/1296/3 3918/1300/3
f 4126/1298/3 4101/1297/3 4102/1301/3
f 4125/1302/3 4126/1298/3 4102/1301/3
f 4062/1303/3 4063/1299/3 3918/1300/3
f 4062/1303/3 3918/1300/3 3919/1304/3
f 4125/1302/3 4102/1301/3 4103/1305/3
f 4062/1303/3 3919/1304/3 3920/1306/3
f 4124/1307/3 4125/1302/3 4103/1305/3
f 4061/1308/3 4062/1303/3 3920/1306/3
f 4124/1307/3 4103/1305/3 4104/1309/3
f 4061/1308/3 3920/1306/3 3921/1310/3
f 4123/1311/3 4124/1307/3 4104/1309/3
f 4060/1312/3 4061/1308/3 3921/1310/3
f 4123/1311/3 4104/1309/3 4105/1313/3
f 4060/1312/3 3921/1310/3 3922/1314/3
f 4122/1315/3 4123/1311/3 4105/1313/3
f 4059/1316/3 4060/1312/3 3922/1314/3
f 4122/1315/3 4105/1313/3 4106/1317/3
f 4121/1318/3 4122/1315/3 4106/1317/3
f 4058/1319/3 4059/1316/3 3922/1314/3
f 4058/1319/3 3922/1314/3 3923/1320/3
f 4120/1321/3 4121/1318/3 4106/1317/3
f 4057/1322/3 4058/1319/3 3923/1320/3
f 4120/1321/3 4106/1317/3 4107/1323/3
f 4057/1322/3 3923/1320/3 3924/1324/3
f 4119/1325/3 4120/1321/3 4107/1323/3
f 4056/1326/3 4057/1322/3 3924/1324/3
f 4119/1325/3 4107/1323/3 4108/1327/3
f 4056/1326/3 3924/1324/3 3925/1328/3
f 4118/1329/3 4119/1325/3 4108/1327/3
f 4055/1330/3 4056/1326/3 3925/1328/3
f 4118/1329/3 4108/1327/3 4109/1331/3
f 4055/1330/3 3925/1328/3 3926/1332/3
f 4117/1333/3 4118/1329/3 4109/1331/3
f 4054/1334/3 4055/1330/3 3926/1332/3
f 4117/1333/3 4109/1331/3 4110/1335/3
f 4054/1334/3 3926/1332/3 3927/1336/3
f 4116/1337/3 4117/1333/3 4110/1335/3
f 4053/1338/3 4054/1334/3 3927/1336/3
f 4115/1339/3 4116/1337/3 4110/1335/3
f 4052/1340/3 4053/1338/3 3927/1336/3
f 4114/1341/4 4115/1339/4 4110/1335/4
f 4051/1342/3 4052/1340/3 3927/1336/3
f 4113/1343/3 4114/1341/3 4110/1335/3
f 4050/1344/3 4051/1342/3 3927/1336/3
f 4112/1345/3 4113/1343/3 4110/1335/3
f 4049/1346/3 4050/1344/3 3927/1336/3
f 4111/1347/3 4112/1345/3 4110/1335/3
f 4048/1348/3 4049/1346/3 3927/1336/3
f 4047/1349/3 4048/1348/3 3927/1336/3
f 4046/1350/3 4047/1349/3 3927/1336/3
f 4045/1351/3 4046/1350/3 3927/1336/3
f 4045/1351/3 3927/1336/3 3928/1352/3
f 4045/1351/3 3928/1352/3 3929/1353/3
f 4045/1351/3 3929/1353/3 3930/1354/3
f 4045/1351/3 3930/1354/3 3931/1355/3
f 4045/1351/3 3931/1355/3 3932/1356/3
f 4044/1357/3 4045/1351/3 3932/1356/3
f 4044/1357/3 3932/1356/3 3933/1358/3
f 4044/1357/3 3933/1358/3 3934/1359/3
f 4044/1357/3 3934/1359/3 3935/1360/3
f 4044/1357/3 3935/1360/3 3936/1361/3
f 4044/1357/3 3936/1361/3 3937/1362/3
f 4043/1363/3 4044/1357/3 3937/1362/3
f 4043/1363/3 3937/1362/3 3938/1364/3
f 4043/1363/3 3938/1364/3 3939/1365/3
f 4043/1363/3 3939/1365/3 3940/1366/3
f 4043/1363/3 3940/1366/3 3941/1367/3
f 4043/1363/3 3941/1367/3 3942/1368/3
f 4042/1369/3 4043/1363/3 3942/1368/3
f 4042/1369/3 3942/1368/3 3943/1370/3
f 4042/1369/3 3943/1370/3 3944/1371/3
f 4042/1369/3 3944/1371/3 3945/1372/3
f 4042/1369/3 3945/1372/3 3946/1373/3
f 4042/1369/3 3946/1373/3 3947/1374/3
f 4041/1375/3 4042/1369/3 3947/1374/3
f 4041/1375/3 3947/1374/3 3948/1376/3
f 4041/1375/3 3948/1376/3 3949/1377/3
f 4041/1375/3 3949/1377/3 3950/1378/3
f 4041/1375/3 3950/1378/3 3951/1379/3
f 4041/1375/3 3951/1379/3 3952/1380/3
f 4040/1381/3 4041/1375/3 3952/1380/3
f 4040/1381/3 3952/1380/3 3953/1382/3
f 4039/1383/3 4040/1381/3 3953/1382/3
f 4039/1383/3 3953/1382/3 3954/1384/3
f 4039/1383/3 3954/1384/3 3955/1385/3
f 4038/1386/3 4039/1383/3 3955/1385/3
f 4038/1386/3 3955/1385/3 3956/1387/3
f 4038/1386/3 3956/1387/3 3957/1388/3
f 4037/1389/3 4038/1386/3 3957/1388/3
f 4037/1389/3 3957/1388/3 3958/1390/3
f 4037/1389/3 3958/1390/3 3959/1391/3
f 4036/1392/3 4037/1389/3 3959/1391/3
f 4036/1392/3 3959/1391/3 3960/1393/3
f 4036/1392/3 3960/1393/3 3961/1394/3
f 4035/1395/3 4036/1392/3 3961/1394/3
f 4035/1395/3 3961/1394/3 3962/1396/3
f 4035/1395/3 3962/1396/3 3963/1397/3
f 4035/1395/3 3963/1397/3 3964/1398/3
f 4035/1395/3 3964/1398/3 3965/1399/3
f 4035/1395/3 3965/1399/3 3966/1400/3
f 4035/1395/3 3966/1400/3 3967/1401/3
f 4034/1402/3 4035/1395/3 3967/1401/3
f 4034/1402/3 3967/1401/3 3968/1403/3
f 4034/1402/3 3968/1403/3 3969/1404/3
f 4034/1402/3 3969/1404/3 3970/1405/3
f 4034/1402/3 3970/1405/3 3971/1406/3
f 4034/1402/3 3971/1406/3 3972/1407/3
f 4034/1402/3 3972/1407/3 3973/1408/3
f 4034/1402/3 3973/1408/3 3974/1409/3
f 4033/1410/3 4034/1402/3 3974/1409/3
f 4033/1410/3 3974/1409/3 3975/1411/3
f 4033/1410/3 3975/1411/3 3976/1412/3
f 4033/1410/3 3976/1412/3 3977/1413/3
f 4033/1410/3 3977/1413/3 3978/1414/3
f 4033/1410/3 3978/1414/3 3979/1415/3
f 4033/1410/3 3979/1415/3 3980/1416/3
f 4033/1410/3 3980/1416/3 3981/1417/3
f 4033/1410/3 3981/1417/3 3982/1418/3
f 4033/1410/3 3982/1418/3 3983/1419/3
f 4033/1410/3 3983/1419/3 3984/1420/3
f 4033/1410/3 3984/1420/3 3985/1421/3
f 4033/1410/3 3985/1421/3 3986/1422/3
f 4033/1410/3 3986/1422/3 3987/1423/3
f 4033/1410/3 3987/1423/3 3988/1424/3
f 4033/1410/3 3988/1424/3 3989/1425/3
f 4033/1410/3 3989/1425/3 3990/1426/3
f 4033/1410/3 3990/1426/3 3991/1427/3
f 4033/1410/3 3991/1427/3 3992/1428/3
f 4033/1410/3 3992/1428/3 3993/1429/3
f 4033/1410/3 3993/1429/3 3994/1430/3
f 4032/1431/3 4033/1410/3 3994/1430/3
f 4032/1431/3 3994/1430/3 3995/1432/3
f 4032/1431/3 3995/1432/3 3996/1433/3
f 4032/1431/3 3996/1433/3 3997/1434/3
f 4032/1431/3 3997/1434/3 3998/1435/3
f 4032/1431/3 3998/1435/3 3999/1436/3
f 4032/1431/3 3999/1436/3 4000/1437/3
f 4031/1438/3 4032/1431/3 4000/1437/3
f 4030/1439/3 4031/1438/3 4000/1437/3
f 4029/1440/3 4030/1439/3 4000/1437/3
f 4028/1441/3 4029/1440/3 4000/1437/3
f 4027/1442/3 4028/1441/3 4000/1437/3
f 4027/1442/3 4000/1437/3 4001/1443/3
f 4026/1444/3 4027/1442/3 4001/1443/3
f 4025/1445/3 4026/1444/3 4001/1443/3
f 4025/1445/3 4001/1443/3 4002/1446/3
f 4024/1447/3 4025/1445/3 4002/1446/3
f 4024/1447/3 4002/1446/3 4003/1448/3
f 4023/1449/3 4024/1447/3 4003/1448/3
f 4023/1449/3 4003/1448/3 4004/1450/3
f 4022/1451/3 4023/1449/3 4004/1450/3
f 4022/1451/3 4004/1450/3 4005/1452/3
f 4021/1453/3 4022/1451/3 4005/1452/3
f 4020/1454/3 4021/1453/3 4005/1452/3
f 4020/1454/3 4005/1452/3 4006/1455/3
f 4019/1456/3 4020/1454/3 4006/1455/3
f 4019/1456/3 4006/1455/3 4007/1457/3
f 4018/1458/3 4019/1456/3 4007/1457/3
f 4018/1458/3 4007/1457/3 4008/1459/3
f 4017/695/3 4018/1458/3 4008/1459/3
f 4017/695/3 4008/1459/3 4009/1460/3
f 4016/1461/3 4017/695/3 4009/1460/3
f 4015/1462/3 4016/1461/3 4009/1460/3
f 4015/1462/3 4009/1460/3 4010/1463/3
f 4014/1464/3 4015/1462/3 4010/1463/3
f 4014/1464/3 4010/1463/3 4011/1465/3
f 4013/1466/3 4014/1464/3 4011/1465/3
f 4013/1466/3 4011/1465/3 4012/1467/3
f 4332/274/3 4333/276/3 4334/275/3
f 4332/274/3 4334/275/3 4335/277/3
f 4332/274/3 4335/277/3 4336/278/3
f 4331/279/3 4332/274/3 4336/278/3
f 4356/280/3 4161/29/3 4162/281/3
f 4331/279/3 4336/278/3 4337/282/3
f 4331/279/3 4337/282/3 4338/283/3
f 4330/284/3 4331/279/3 4338/283/3
f 4355/285/3 4356/280/3 4162/281/3
f 4330/284/3 4338/283/3 4339/286/3
f 4354/287/3 4355/285/3 4162/281/3
f 4330/284/3 4339/286/3 4340/288/3
f 4329/289/3 4330/284/3 4340/288/3
f 4353/290/3 4354/287/3 4162/281/3
f 4329/289/3 4340/288/3 4341/291/3
f 4353/290/3 4162/281/3 4163/292/3
f 4352/293/3 4353/290/3 4163/292/3
f 4329/289/3 4341/291/3 4342/294/3
f 4351/295/3 4352/293/3 4163/292/3
f 4328/296/3 4329/289/3 4342/294/3
f 4328/296/3 4342/294/3 4343/297/3
f 4350/298/3 4351/295/3 4163/292/3
f 4349/299/3 4350/298/3 4163/292/3
f 4328/296/3 4343/297/3 4344/300/3
f 4348/301/3 4349/299/3 4163/292/3
f 4347/302/3 4348/301/3 4163/292/3
f 4327/303/3 4328/296/3 4344/300/3
f 4327/303/3 4344/300/3 4345/304/3
f 4346/305/3 4347/302/3 4163/292/3
f 4346/305/3 4163/292/3 4164/306/3
f 4345/304/3 4346/305/3 4164/306/3
f 4327/303/3 4345/304/3 4164/306/3
f 4326/307/3 4327/303/3 4164/306/3
f 4326/307/3 4164/306/3 4165/308/3
f 4325/309/3 4326/307/3 4165/308/3
f 4324/310/3 4325/309/3 4165/308/3
f 4324/310/3 4165/308/3 4370/311/3
f 4370/311/3 4165/308/3 4369/312/3
f 4369/312/3 4165/308/3 4166/313/3
f 4324/310/3 4370/311/3 4371/314/3
f 4368/315/3 4369/312/3 4166/313/3
f 4367/316/3 4368/315/3 4166/313/3
f 4324/310/3 4371/314/3 4372/317/3
f 4366/318/3 4367/316/3 4166/313/3
f 4365/319/3 4366/318/3 4166/313/3
f 4324/310/3 4372/317/3 4373/320/3
f 4364/321/3 4365/319/3 4166/313/3
f 4323/322/3 4324/310/3 4373/320/3
f 4363/323/3 4364/321/3 4166/313/3
f 4362/71/3 4363/323/3 4166/313/3
f 4323/322/3 4373/320/3 4374/324/3
f 4362/71/3 4166/313/3 4167/325/3
f 4361/326/3 4362/71/3 4167/325/3
f 4360/327/3 4361/326/3 4167/325/3
f 4323/322/3 4374/324/3 4375/328/3
f 4359/329/3 4360/327/3 4167/325/3
f 4358/330/3 4359/329/3 4167/325/3
f 4357/331/3 4358/330/3 4167/325/3
f 4323/322/3 4375/328/3 4376/332/3
f 4322/333/3 4323/322/3 4376/332/3
f 4357/331/3 4167/325/3 4168/334/3
f 4322/333/3 4376/332/3 4377/335/3
f 4322/333/3 4377/335/3 4378/336/3
f 4321/337/3 4322/333/3 4378/336/3
f 4357/331/3 4168/334/3 4169/338/3
f 4321/337/3 4378/336/3 4379/339/3
f 4320/340/3 4321/337/3 4379/339/3
f 4320/340/3 4379/339/3 4380/341/3
f 4357/331/3 4169/338/3 4170/342/3
f 4320/340/3 4380/341/3 4381/343/3
f 4319/344/3 4320/340/3 4381/343/3
f 4357/331/3 4170/342/3 4171/345/3
f 4319/344/3 4381/343/3 4382/346/3
f 4318/347/3 4319/344/3 4382/346/3
f 4357/331/3 4171/345/3 4172/348/3
f 4318/347/3 4382/346/3 4383/349/3
f 4357/331/3 4172/348/3 4173/350/3
f 4317/351/3 4318/347/3 4383/349/3
f 4317/351/3 4383/349/3 4384/352/3
f 4317/351/3 4384/352/3 4385/353/3
f 4357/331/3 4173/350/3 4174/354/3
f 4316/355/3 4317/351/3 4385/353/3
f 4316/355/3 4385/353/3 4386/356/3
f 4357/331/3 4174/354/3 4175/357/3
f 4315/358/3 4316/355/3 4386/356/3
f 4315/358/3 4386/356/3 4387/359/3
f 4314/360/3 4315/358/3 4387/359/3
f 4314/360/3 4387/359/3 4388/361/3
f 4314/360/3 4388/361/3 4389/362/3
f 4313/363/3 4314/360/3 4389/362/3
f 4313/363/3 4389/362/3 4390/364/3
f 4312/365/3 4313/363/3 4390/364/3
f 4312/365/3 4390/364/3 4391/366/3
f 4312/365/3 4391/366/3 4392/367/3
f 4311/368/3 4312/365/3 4392/367/3
f 4311/368/3 4392/367/3 4393/369/3
f 4310/370/3 4311/368/3 4393/369/3
f 4310/370/3 4393/369/3 4394/371/3
f 4309/372/3 4310/370/3 4394/371/3
f 4309/372/3 4394/371/3 4395/373/3
f 4309/372/3 4395/373/3 4396/374/3
f 4309/372/3 4396/374/3 4397/375/3
f 4308/376/3 4309/372/3 4397/375/3
f 4308/376/3 4397/375/3 4398/377/3
f 4307/378/3 4308/376/3 4398/377/3
f 4307/378/3 4398/377/3 4399/379/3
f 4307/378/3 4399/379/3 4400/380/3
f 4306/381/3 4307/378/3 4400/380/3
f 4306/381/3 4400/380/3 4401/382/3
f 4306/381/3 4401/382/3 4402/383/3
f 4305/384/3 4306/381/3 4402/383/3
f 4305/384/3 4402/383/3 4403/385/3
f 4305/384/3 4403/385/3 4404/386/3
f 4304/387/3 4305/384/3 4404/386/3
f 4429/2/3 4357/331/3 4175/357/3
f 4304/387/3 4404/386/3 4405/388/3
f 4303/389/3 4304/387/3 4405/388/3
f 4428/390/3 4429/2/3 4175/357/3
f 4303/389/3 4405/388/3 4406/391/3
f 4303/389/3 4406/391/3 4407/392/3
f 4427/393/3 4428/390/3 4175/357/3
f 4302/394/3 4303/389/3 4407/392/3
f 4302/394/3 4407/392/3 4408/395/3
f 4426/396/3 4427/393/3 4175/357/3
f 4302/394/3 4408/395/3 4409/397/3
f 4301/398/3 4302/394/3 4409/397/3
f 4426/396/3 4175/357/3 4176/399/3
f 4425/400/3 4426/396/3 4176/399/3
f 4425/400/3 4176/399/3 4177/401/3
f 4301/398/3 4409/397/3 4410/402/3
f 4425/400/3 4177/401/3 4178/403/3
f 4425/400/3 4178/403/3 4179/404/3
f 4424/405/3 4425/400/3 4179/404/3
f 4301/398/3 4410/402/3 4411/406/3
f 4424/405/3 4179/404/3 4180/407/3
f 4424/405/3 4180/407/3 4181/408/3
f 4300/409/3 4301/398/3 4411/406/3
f 4424/405/3 4181/408/3 4182/410/3
f 4423/411/3 4424/405/3 4182/410/3
f 4300/409/3 4411/406/3 4412/412/3
f 4423/411/3 4182/410/3 4183/413/3
f 4423/411/3 4183/413/3 4184/414/3
f 4300/409/3 4412/412/3 4413/415/3
f 4422/416/3 4423/411/3 4184/414/3
f 4422/416/3 4184/414/3 4185/417/3
f 4422/416/3 4185/417/3 4186/418/3
f 4300/409/3 4413/415/3 4414/419/3
f 4422/416/3 4186/418/3 4187/420/3
f 4421/421/3 4422/416/3 4187/420/3
f 4421/421/3 4187/420/3 4188/422/3
f 4300/409/3 4414/419/3 4415/423/3
f 4299/424/3 4300/409/3 4415/423/3
f 4420/425/3 4421/421/3 4273/426/3
f 4273/426/3 4421/421/3 4188/422/3
f 4273/426/3 4188/422/3 4189/427/3
f 4420/425/3 4273/426/3 4274/428/3
f 4272/429/3 4273/426/3 4189/427/3
f 4299/424/3 4415/423/3 4416/430/3
f 4272/429/3 4189/427/3 4190/431/3
f 4419/432/3 4420/425/3 4274/428/3
f 4299/424/3 4416/430/3 4417/433/3
f 4418/434/3 4419/432/3 4274/428/3
f 4299/424/3 4417/433/3 4418/434/3
f 4272/429/3 4190/431/3 4191/435/3
f 4299/424/3 4418/434/3 4274/428/3
f 4272/429/3 4191/435/3 4192/436/3
f 4272/429/3 4192/436/3 4193/437/3
f 4272/429/3 4193/437/3 4194/438/3
f 4272/429/3 4194/438/3 4195/439/3
f 4298/440/3 4299/424/3 4274/428/3
f 4271/441/3 4272/429/3 4195/439/3
f 4271/441/3 4195/439/3 4196/442/3
f 4271/441/3 4196/442/3 4197/443/3
f 4271/441/3 4197/443/3 4198/444/3
f 4298/440/3 4274/428/3 4275/445/3
f 4271/441/3 4198/444/3 4199/446/3
f 4271/441/3 4199/446/3 4200/447/3
f 4270/448/3 4271/441/3 4200/447/3
f 4270/448/3 4200/447/3 4201/449/3
f 4270/448/3 4201/449/3 4202/450/3
f 4270/448/3 4202/450/3 4203/451/3
f 4297/452/3 4298/440/3 4275/445/3
f 4270/448/3 4203/451/3 4204/453/3
f 4270/448/3 4204/453/3 4205/454/3
f 4269/455/3 4270/448/3 4205/454/3
f 4269/455/3 4205/454/3 4206/456/3
f 4269/455/3 4206/456/3 4207/457/3
f 4269/455/3 4207/457/3 4208/458/3
f 4269/455/3 4208/458/3 4209/459/3
f 4269/455/3 4209/459/3 4210/460/3
f 4269/455/3 4210/460/3 4211/461/3
f 4297/452/3 4275/445/3 4276/462/3
f 4269/455/3 4211/461/3 4212/463/3
f 4268/464/3 4269/455/3 4212/463/3
f 4268/464/3 4212/463/3 4213/465/3
f 4268/464/3 4213/465/3 4214/466/3
f 4268/464/3 4214/466/3 4215/467/3
f 4268/464/3 4215/467/3 4216/468/3
f 4296/469/3 4297/452/3 4276/462/3
f 4268/464/3 4216/468/3 4217/470/3
f 4268/464/3 4217/470/3 4218/471/3
f 4268/464/3 4218/471/3 4219/472/3
f 4268/464/3 4219/472/3 4220/473/3
f 4268/464/3 4220/473/3 4221/474/3
f 4268/464/3 4221/474/3 4222/475/3
f 4268/464/3 4222/475/3 4223/476/3
f 4267/477/3 4268/464/3 4223/476/3
f 4267/477/3 4223/476/3 4224/478/3
f 4267/477/3 4224/478/3 4225/479/3
f 4267/477/3 4225/479/3 4226/480/3
f 4267/477/3 4226/480/3 4227/481/3
f 4267/477/3 4227/481/3 4228/32/3
f 4267/477/3 4228/32/3 4229/482/3
f 4267/477/3 4229/482/3 4230/483/3
f 4267/477/3 4230/483/3 4231/484/3
f 4267/477/3 4231/484/3 4232/485/3
f 4267/477/3 4232/485/3 4233/486/3
f 4267/477/3 4233/486/3 4234/487/3
f 4267/477/3 4234/487/3 4235/488/3
f 4267/477/3 4235/488/3 4236/489/3
f 4266/490/3 4267/477/3 4236/489/3
f 4296/469/3 4276/462/3 4277/491/3
f 4295/82/3 4296/469/3 4277/491/3
f 4265/492/3 4266/490/3 4236/489/3
f 4264/493/3 4265/492/3 4236/489/3
f 4294/494/3 4295/82/3 4277/491/3
f 4294/494/3 4277/491/3 4278/495/3
f 4263/496/3 4264/493/3 4236/489/3
f 4262/497/3 4263/496/3 4236/489/3
f 4293/498/3 4294/494/3 4278/495/3
f 4261/499/3 4262/497/3 4236/489/3
f 4293/498/3 4278/495/3 4279/500/3
f 4261/499/3 4236/489/3 4237/501/3
f 4260/502/3 4261/499/3 4237/501/3
f 4292/503/3 4293/498/3 4279/500/3
f 4260/502/3 4237/501/3 4238/504/3
f 4259/505/3 4260/502/3 4238/504/3
f 4292/503/3 4279/500/3 4280/506/3
f 4259/505/3 4238/504/3 4239/507/3
f 4258/508/3 4259/505/3 4239/507/3
f 4291/509/3 4292/503/3 4280/506/3
f 4258/508/3 4239/507/3 4240/510/3
f 4257/511/3 4258/508/3 4240/510/3
f 4256/512/3 4257/511/3 4240/510/3
f 4256/512/3 4240/510/3 4241/513/3
f 4291/509/3 4280/506/3 4281/514/3
f 4290/515/3 4291/509/3 4281/514/3
f 4255/516/3 4256/512/3 4241/513/3
f 4255/516/3 4241/513/3 4242/517/3
f 4254/518/3 4255/516/3 4242/517/3
f 4254/518/3 4242/517/3 4243/519/3
f 4289/520/3 4290/515/3 4281/514/3
f 4289/520/3 4281/514/3 4282/521/3
f 4253/522/3 4254/518/3 4243/519/3
f 4253/522/3 4243/519/3 4244/523/3
f 4252/524/3 4253/522/3 4244/523/3
f 4252/524/3 4244/523/3 4245/525/3
f 4251/526/3 4252/524/3 4245/525/3
f 4251/526/3 4245/525/3 4246/527/3
f 4288/528/3 4289/520/3 4282/521/3
f 4250/529/3 4251/526/3 4246/527/3
f 4250/529/3 4246/527/3 4247/530/3
f 4288/528/3 4282/521/3 4283/531/3
f 4249/532/3 4250/529/3 4247/530/3
f 4249/532/3 4247/530/3 4248/533/3
f 4287/534/3 4288/528/3 4283/531/3
f 4287/534/3 4283/531/3 4284/535/3
f 4286/536/3 4287/534/3 4284/535/3
f 4286/536/3 4284/535/3 4285/537/3
f 4691/1468/3 4692/1470/3 4693/1469/3
f 4691/1468/3 4693/1469/3 4694/1471/3
f 4691/1468/3 4694/1471/3 4695/1472/3
f 4690/1473/3 4691/1468/3 4695/1472/3
f 4690/1473/3 4695/1472/3 4696/1474/3
f 4690/1473/3 4696/1474/3 4697/1475/3
f 4689/1476/3 4690/1473/3 4697/1475/3
f 4689/1476/3 4697/1475/3 4698/1477/3
f 4689/1476/3 4698/1477/3 4699/1478/3
f 4689/1476/3 4699/1478/3 4700/1479/3
f 4688/1480/3 4689/1476/3 4700/1479/3
f 4688/1480/3 4700/1479/3 4701/1481/3
f 4688/1480/3 4701/1481/3 4702/1482/3
f 4687/1483/3 4688/1480/3 4702/1482/3
f 4687/1483/3 4702/1482/3 4703/1484/3
f 4687/1483/3 4703/1484/3 4704/2/3
f 4687/1483/3 4704/2/3 4430/29/3
f 4686/1485/3 4687/1483/3 4430/29/3
f 4686/1485/3 4430/29/3 4441/1486/3
f 4441/1486/3 4430/29/3 4440/1487/3
f 4440/1487/3 4430/29/3 4439/1488/3
f 4439/1488/3 4430/29/3 4438/1489/3
f 4438/1489/3 4430/29/3 4437/1490/3
f 4437/1490/3 4430/29/3 4436/1491/3
f 4436/1491/3 4430/29/3 4435/1492/3
f 4435/1492/3 4430/29/3 4434/1493/3
f 4434/1493/3 4430/29/3 4433/1494/3
f 4433/1494/3 4430/29/3 4431/1495/3
f 4685/1496/3 4686/1485/3 4443/1497/3
f 4443/1497/3 4686/1485/3 4442/1498/3
f 4442/1498/3 4686/1485/3 4441/1486/3
f 4684/1499/3 4685/1496/3 4445/1500/3
f 4445/1500/3 4685/1496/3 4444/1501/3
f 4444/1501/3 4685/1496/3 4443/1497/3
f 4684/1499/3 4445/1500/3 4446/1502/3
f 4684/1499/3 4446/1502/3 4447/1503/3
f 4684/1499/3 4447/1503/3 4448/1504/3
f 4683/1505/3 4684/1499/3 4448/1504/3
f 4683/1505/3 4448/1504/3 4449/1506/3
f 4683/1505/3 4449/1506/3 4450/1507/3
f 4432/1508/3 4433/1494/3 4431/1495/3
f 4683/1505/3 4450/1507/3 4451/1509/3
f 4682/1510/3 4683/1505/3 4451/1509/3
f 4682/1510/3 4451/1509/3 4452/1511/3
f 4681/1512/3 4682/1510/3 4452/1511/3
f 4681/1512/3 4452/1511/3 4453/1513/3
f 4681/1512/3 4453/1513/3 4454/1514/3
f 4680/1515/3 4681/1512/3 4454/1514/3
f 4680/1515/3 4454/1514/3 4455/1516/3
f 4679/1517/3 4680/1515/3 4455/1516/3
f 4679/1517/3 4455/1516/3 4456/1518/3
f 4679/1517/3 4456/1518/3 4457/1519/3
f 4678/1520/3 4679/1517/3 4457/1519/3
f 4678/1520/3 4457/1519/3 4458/1521/3
f 4677/1522/3 4678/1520/3 4458/1521/3
f 4677/1522/3 4458/1521/3 4459/1523/3
f 4676/1524/3 4677/1522/3 4459/1523/3
f 4676/1524/3 4459/1523/3 4460/1525/3
f 4675/1526/3 4676/1524/3 4460/1525/3
f 4675/1526/3 4460/1525/3 4461/1527/3
f 4674/1528/3 4675/1526/3 4461/1527/3
f 4674/1528/3 4461/1527/3 4462/1529/3
f 4674/1528/3 4462/1529/3 4463/1530/3
f 4673/1531/3 4674/1528/3 4463/1530/3
f 4673/1531/3 4463/1530/3 4464/1532/3
f 4672/1533/3 4673/1531/3 4464/1532/3
f 4672/1533/3 4464/1532/3 4465/1534/3
f 4671/1535/3 4672/1533/3 4465/1534/3
f 4671/1535/3 4465/1534/3 4466/1536/3
f 4670/1537/3 4671/1535/3 4466/1536/3
f 4670/1537/3 4466/1536/3 4467/1538/3
f 4670/1537/3 4467/1538/3 4468/1539/3
f 4669/1540/3 4670/1537/3 4468/1539/3
f 4669/1540/3 4468/1539/3 4469/1541/3
f 4543/1542/3 4544/1544/3 4545/1543/3
f 4591/1545/3 4592/1547/3 4593/1546/3
f 4590/1548/3 4591/1545/3 4593/1546/3
f 4543/1542/3 4545/1543/3 4546/1549/3
f 4589/1550/3 4590/1548/3 4593/1546/3
f 4543/1542/3 4546/1549/3 4547/1551/3
f 4588/1552/4 4589/1550/4 4593/1546/4
f 4543/1542/3 4547/1551/3 4548/1553/3
f 4587/1554/3 4588/1552/3 4593/1546/3
f 4543/1542/3 4548/1553/3 4549/1555/3
f 4586/1556/4 4587/1554/4 4593/1546/4
f 4543/1542/3 4549/1555/3 4550/1557/3
f 4585/1558/3 4586/1556/3 4593/1546/3
f 4543/1542/3 4550/1557/3 4551/1559/3
f 4584/1560/3 4585/1558/3 4593/1546/3
f 4543/1542/3 4551/1559/3 4552/1561/3
f 4583/1562/3 4584/1560/3 4593/1546/3
f 4543/1542/3 4552/1561/3 4553/1563/3
f 4582/1564/3 4583/1562/3 4593/1546/3
f 4543/1542/3 4553/1563/3 4554/1565/3
f 4581/1566/4 4582/1564/4 4593/1546/4
f 4543/1542/3 4554/1565/3 4555/1567/3
f 4580/1568/3 4581/1566/3 4593/1546/3
f 4543/1542/3 4555/1567/3 4556/1569/3
f 4543/1542/3 4556/1569/3 4557/1570/3
f 4579/1571/3 4580/1568/3 4593/1546/3
f 4543/1542/3 4557/1570/3 4558/1572/3
f 4578/1573/3 4579/1571/3 4593/1546/3
f 4543/1542/3 4558/1572/3 4559/1574/3
f 4577/1575/3 4578/1573/3 4593/1546/3
f 4543/1542/3 4559/1574/3 4560/1576/3
f 4576/1577/3 4577/1575/3 4593/1546/3
f 4543/1542/3 4560/1576/3 4561/1578/3
f 4575/1579/3 4576/1577/3 4593/1546/3
f 4543/1542/3 4561/1578/3 4562/1580/3
f 4574/1581/3 4575/1579/3 4593/1546/3
f 4543/1542/3 4562/1580/3 4563/1582/3
f 4573/1583/3 4574/1581/3 4593/1546/3
f 4543/1542/3 4563/1582/3 4564/1584/3
f 4572/1585/3 4573/1583/3 4593/1546/3
f 4668/1586/3 4669/1540/3 4469/1541/3
f 4543/1542/3 4564/1584/3 4565/1587/3
f 4571/1588/3 4572/1585/3 4593/1546/3
f 4543/1542/3 4565/1587/3 4566/1589/3
f 4570/1590/4 4571/1588/4 4593/1546/4
f 4543/1542/3 4566/1589/3 4567/82/3
f 4569/1591/3 4570/1590/3 4593/1546/3
f 4543/1542/3 4567/82/3 4568/1592/3
f 4568/1592/3 4569/1591/3 4593/1546/3
f 4543/1542/3 4568/1592/3 4593/1546/3
f 4668/1586/3 4469/1541/3 4470/1593/3
f 4542/1594/3 4543/1542/3 4593/1546/3
f 4542/1594/3 4593/1546/3 4594/1595/3
f 4667/1596/3 4668/1586/3 4470/1593/3
f 4667/1596/3 4470/1593/3 4471/1597/3
f 4542/1594/3 4594/1595/3 4595/1598/3
f 4542/1594/3 4595/1598/3 4596/1599/3
f 4542/1594/3 4596/1599/3 4597/1600/3
f 4542/1594/3 4597/1600/3 4598/1601/3
f 4541/1602/3 4542/1594/3 4598/1601/3
f 4541/1602/3 4598/1601/3 4599/1603/3
f 4540/1604/3 4541/1602/3 4599/1603/3
f 4539/1605/3 4540/1604/3 4599/1603/3
f 4539/1605/3 4599/1603/3 4600/1606/3
f 4538/1607/3 4539/1605/3 4600/1606/3
f 4538/1607/3 4600/1606/3 4601/1608/3
f 4537/1609/3 4538/1607/3 4601/1608/3
f 4537/1609/3 4601/1608/3 4602/1610/3
f 4536/1611/3 4537/1609/3 4602/1610/3
f 4536/1611/3 4602/1610/3 4603/1612/3
f 4535/1613/3 4536/1611/3 4603/1612/3
f 4535/1613/3 4603/1612/3 4604/1614/3
f 4534/1615/3 4535/1613/3 4604/1614/3
f 4534/1615/3 4604/1614/3 4605/1616/3
f 4533/1617/3 4534/1615/3 4605/1616/3
f 4533/1617/3 4605/1616/3 4606/1618/3
f 4532/1619/3 4533/1617/3 4606/1618/3
f 4532/1619/3 4606/1618/3 4607/1620/3
f 4667/1596/3 4471/1597/3 4472/1621/3
f 4531/1622/3 4532/1619/3 4607/1620/3
f 4530/1623/3 4531/1622/3 4607/1620/3
f 4666/1624/3 4667/1596/3 4472/1621/3
f 4530/1623/3 4607/1620/3 4608/1625/3
f 4529/1626/3 4530/1623/3 4608/1625/3
f 4529/1626/3 4608/1625/3 4609/1627/3
f 4528/1628/3 4529/1626/3 4609/1627/3
f 4528/1628/3 4609/1627/3 4610/1629/3
f 4527/1630/3 4528/1628/3 4610/1629/3
f 4527/1630/3 4610/1629/3 4611/1631/3
f 4526/1632/3 4527/1630/3 4611/1631/3
f 4525/1633/3 4526/1632/3 4611/1631/3
f 4525/1633/3 4611/1631/3 4612/1634/3
f 4666/1624/3 4472/1621/3 4473/1635/3
f 4524/1636/3 4525/1633/3 4612/1634/3
f 4524/1636/3 4612/1634/3 4613/1637/3
f 4523/1638/3 4524/1636/3 4613/1637/3
f 4523/1638/3 4613/1637/3 4614/1639/3
f 4665/1640/3 4666/1624/3 4473/1635/3
f 4522/1641/3 4523/1638/3 4614/1639/3
f 4522/1641/3 4614/1639/3 4615/1642/3
f 4521/1643/3 4522/1641/3 4615/1642/3
f 4521/1643/3 4615/1642/3 4616/1644/3
f 4520/1645/3 4521/1643/3 4616/1644/3
f 4520/1645/3 4616/1644/3 4617/1646/3
f 4665/1640/3 4473/1635/3 4474/1647/3
f 4519/1648/3 4520/1645/3 4617/1646/3
f 4519/1648/3 4617/1646/3 4618/1649/3
f 4518/1650/3 4519/1648/3 4618/1649/3
f 4518/1650/3 4618/1649/3 4619/1651/3
f 4517/1652/3 4518/1650/3 4619/1651/3
f 4517/1652/3 4619/1651/3 4620/1653/3
f 4516/1654/3 4517/1652/3 4620/1653/3
f 4664/1655/3 4665/1640/3 4474/1647/3
f 4516/1654/3 4620/1653/3 4621/1656/3
f 4515/1657/3 4516/1654/3 4621/1656/3
f 4664/1655/3 4474/1647/3 4475/1658/3
f 4515/1657/3 4621/1656/3 4622/1659/3
f 4514/1660/3 4515/1657/3 4622/1659/3
f 4514/1660/3 4622/1659/3 4623/1661/3
f 4513/1662/3 4514/1660/3 4623/1661/3
f 4513/1662/3 4623/1661/3 4624/1663/3
f 4512/1664/3 4513/1662/3 4624/1663/3
f 4512/1664/3 4624/1663/3 4625/1665/3
f 4511/1666/3 4512/1664/3 4625/1665/3
f 4663/1667/3 4664/1655/3 4475/1658/3
f 4511/1666/3 4625/1665/3 4626/1668/3
f 4663/1667/3 4475/1658/3 4476/1669/3
f 4510/1670/3 4511/1666/3 4626/1668/3
f 4510/1670/3 4626/1668/3 4627/1671/3
f 4509/1672/3 4510/1670/3 4627/1671/3
f 4509/1672/3 4627/1671/3 4628/1673/3
f 4508/1674/3 4509/1672/3 4628/1673/3
f 4508/1674/3 4628/1673/3 4629/1675/3
f 4507/1676/3 4508/1674/3 4629/1675/3
f 4507/1676/3 4629/1675/3 4630/1677/3
f 4663/1667/3 4476/1669/3 4477/1678/3
f 4506/1679/3 4507/1676/3 4630/1677/3
f 4662/1680/3 4663/1667/3 4477/1678/3
f 4506/1679/3 4630/1677/3 4631/1681/3
f 4505/1682/3 4506/1679/3 4631/1681/3
f 4662/1680/3 4477/1678/3 4478/1683/3
f 4661/1684/3 4662/1680/3 4478/1683/3
f 4661/1684/3 4478/1683/3 4479/1685/3
f 4660/1686/3 4661/1684/3 4479/1685/3
f 4660/1686/3 4479/1685/3 4480/1687/3
f 4659/1688/3 4660/1686/3 4480/1687/3
f 4659/1688/3 4480/1687/3 4481/1689/3
f 4659/1688/3 4481/1689/3 4482/1690/3
f 4658/1691/3 4659/1688/3 4482/1690/3
f 4658/1691/3 4482/1690/3 4483/1692/3
f 4657/1693/3 4658/1691/3 4483/1692/3
f 4657/1693/3 4483/1692/3 4484/1694/3
f 4656/1695/3 4657/1693/3 4484/1694/3
f 4656/1695/3 4484/1694/3 4485/1696/3
f 4656/1695/3 4485/1696/3 4486/1697/3
f 4655/1698/3 4656/1695/3 4486/1697/3
f 4655/1698/3 4486/1697/3 4487/1699/3
f 4655/1698/3 4487/1699/3 4488/1700/3
f 4654/1701/3 4655/1698/3 4488/1700/3
f 4654/1701/3 4488/1700/3 4489/1702/3
f 4654/1701/3 4489/1702/3 4490/1703/3
f 4653/1704/3 4654/1701/3 4490/1703/3
f 4653/1704/3 4490/1703/3 4491/1705/3
f 4504/1706/3 4505/1682/3 4631/1681/3
f 4503/1707/3 4504/1706/3 4631/1681/3
f 4502/1708/3 4503/1707/3 4631/1681/3
f 4653/1704/3 4491/1705/3 4492/1709/3
f 4501/1710/3 4502/1708/3 4631/1681/3
f 4500/1711/3 4501/1710/3 4631/1681/3
f 4499/1712/3 4500/1711/3 4631/1681/3
f 4498/1713/3 4499/1712/3 4631/1681/3
f 4497/1714/3 4498/1713/3 4631/1681/3
f 4653/1704/3 4492/1709/3 4493/1715/3
f 4496/1716/3 4497/1714/3 4631/1681/3
f 4495/1717/3 4496/1716/3 4631/1681/3
f 4494/1718/3 4495/1717/3 4631/1681/3
f 4493/1715/3 4494/1718/3 4631/1681/3
f 4653/1704/3 4493/1715/3 4631/1681/3
f 4652/1719/3 4653/1704/3 4631/1681/3
f 4651/1720/3 4652/1719/3 4631/1681/3
f 4651/1720/3 4631/1681/3 4632/1721/3
f 4650/1722/3 4651/1720/3 4632/1721/3
f 4650/1722/3 4632/1721/3 4633/1723/3
f 4650/1722/3 4633/1723/3 4634/1724/3
f 4649/1725/3 4650/1722/3 4634/1724/3
f 4649/1725/3 4634/1724/3 4635/1726/3
f 4649/1725/3 4635/1726/3 4636/1727/3
f 4648/1728/3 4649/1725/3 4636/1727/3
f 4648/1728/3 4636/1727/3 4637/1729/3
f 4647/1730/3 4648/1728/3 4637/1729/3
f 4647/1730/3 4637/1729/3 4638/1731/3
f 4647/1730/3 4638/1731/3 4639/1732/3
f 4646/1733/3 4647/1730/3 4639/1732/3
f 4646/1733/3 4639/1732/3 4640/1734/3
f 4646/1733/3 4640/1734/3 4641/1735/3
f 4645/1736/3 4646/1733/3 4641/1735/3
f 4645/1736/3 4641/1735/3 4642/1737/3
f 4645/1736/3 4642/1737/3 4643/1738/3
f 4644/1739/3 4645/1736/3 4643/1738/3
s 1
f 4706/1740/5 4708/1741/6 4707/1742/6 4705/29/5
f 4708/1741/6 4710/1743/7 4709/1744/7 4707/1742/6
f 4710/1743/7 4712/1745/8 4711/1746/8 4709/1744/7
f 4712/1745/8 4714/1747/9 4713/1748/9 4711/1746/8
f 4714/1747/9 4716/1749/10 4715/1750/10 4713/1748/9
f 4716/1749/10 4718/1751/11 4717/1752/11 4715/1750/10
f 4718/1751/11 4720/1753/12 4719/1754/12 4717/1752/11
f 4720/1753/12 4722/1755/13 4721/1756/13 4719/1754/12
f 4722/1755/13 4724/1757/14 4723/1758/14 4721/1756/13
f 4724/1757/14 4726/1759/15 4725/1760/15 4723/1758/14
f 4726/1759/15 4728/1761/16 4727/21/16 4725/1760/15
f 4728/1761/16 4730/1762/17 4729/1763/17 4727/21/16
f 4730/1762/17 4732/1764/18 4731/1765/18 4729/1763/17
f 4732/1764/18 4734/1766/19 4733/1767/19 4731/1765/18
f 4734/1766/19 4736/1768/20 4735/1769/20 4733/1767/19
f 4736/1768/20 4738/1770/21 4737/1771/21 4735/1769/20
f 4738/1770/21 4740/1772/22 4739/1773/22 4737/1771/21
f 4740/1772/22 4742/1774/23 4741/1775/23 4739/1773/22
f 4742/1774/23 4744/1776/24 4743/1777/24 4741/1775/23
f 4744/1776/24 4746/1778/25 4745/1779/25 4743/1777/24
f 4746/1778/25 4748/1780/26 4747/1781/26 4745/1779/25
f 4748/1780/26 4750/1782/27 4749/13/27 4747/1781/26
f 4750/1782/27 4752/1783/28 4751/1784/28 4749/13/27
f 4752/1783/28 4754/1785/29 4753/1786/29 4751/1784/28
f 4754/1785/29 4756/1787/30 4755/1152/30 4753/1786/29
f 4756/1787/30 4758/1788/31 4757/1789/31 4755/1152/30
f 4758/1788/31 4760/1790/32 4759/1791/32 4757/1789/31
f 4760/1790/32 4762/1792/33 4761/1793/33 4759/1791/32
f 4762/1792/33 4764/1794/34 4763/1795/34 4761/1793/33
f 4764/1794/34 4766/1796/35 4765/1797/35 4763/1795/34
f 4766/1796/35 4768/1798/36 4767/1799/36 4765/1797/35
f 4768/1798/36 4770/1800/37 4769/1801/37 4767/1799/36
f 4770/1800/37 4772/1802/38 4771/8/38 4769/1801/37
f 4772/1802/38 4774/1803/39 4773/1804/39 4771/8/38
f 4774/1803/39 4776/1805/40 4775/1806/40 4773/1804/39
f 4776/1805/40 4778/1807/41 4777/1808/41 4775/1806/40
f 4778/1807/41 4780/1809/42 4779/1810/42 4777/1808/41
f 4780/1809/42 4782/1811/43 4781/1812/43 4779/1810/42
f 4782/1811/43 4784/1813/44 4783/1814/44 4781/1812/43
f 4784/1813/44 4786/1815/45 4785/1816/45 4783/1814/44
f 4786/1815/45 4788/1817/46 4787/1818/46 4785/1816/45
f 4788/1817/46 4790/1819/47 4789/1820/47 4787/1818/46
f 4790/1819/47 4792/1821/48 4791/1822/48 4789/1820/47
f 4792/1821/48 4794/1823/49 4793/14/49 4791/1822/48
f 4794/1823/49 4796/1824/50 4795/1825/50 4793/14/49
f 4796/1824/50 4798/1826/51 4797/1827/51 4795/1825/50
f 4798/1826/51 4800/1828/52 4799/1829/52 4797/1827/51
f 4800/1828/52 4802/1830/53 4801/1831/53 4799/1829/52
f 4802/1830/53 4804/1832/54 4803/1833/54 4801/1831/53
f 4804/1832/54 4806/1834/55 4805/1058/55 4803/1833/54
f 4806/1834/55 4808/1835/56 4807/1836/56 4805/1058/55
f 4808/1835/56 4810/1837/57 4809/1838/57 4807/1836/56
f 4810/1837/57 4812/1839/58 4811/1840/58 4809/1838/57
f 4812/1839/58 4814/1841/59 4813/1842/59 4811/1840/58
f 4814/1841/59 4816/1843/60 4815/22/60 4813/1842/59
f 4816/1843/60 4818/1844/61 4817/1845/61 4815/22/60
f 4818/1844/61 4820/1846/62 4819/1847/62 4817/1845/61
f 4820/1846/62 4822/1848/63 4821/1849/63 4819/1847/62
f 4822/1848/63 4824/1850/64 4823/1851/64 4821/1849/63
f 4824/1850/64 4826/1852/65 4825/1853/65 4823/1851/64
f 4826/1852/65 4828/1854/66 4827/1855/66 4825/1853/65
f 4828/1854/66 4830/1856/67 4829/1857/67 4827/1855/66
f 4830/1856/67 4832/1858/68 4831/1859/68 4829/1857/67
f 4832/1858/68 4834/1860/69 4833/1861/69 4831/1859/68
f 4834/1860/69 4836/1862/70 4835/1863/70 4833/1861/69
f 4836/1862/70 4838/1864/71 4837/30/71 4835/1863/70
f 4838/1864/71 4840/1865/72 4839/1866/72 4837/30/71
f 4840/1865/72 4842/1867/73 4841/1868/73 4839/1866/72
f 4842/1867/73 4844/1869/74 4843/1870/74 4841/1868/73
f 4844/1869/74 4846/1871/75 4845/1872/75 4843/1870/74
f 4846/1871/75 4848/1873/76 4847/1874/76 4845/1872/75
f 4848/1873/76 4850/1875/77 4849/1876/77 4847/1874/76
f 4850/1875/77 4852/1877/78 4851/1878/78 4849/1876/77
f 4852/1877/78 4854/1879/79 4853/1880/79 4851/1878/78
f 4854/1879/79 4856/1881/80 4855/1185/80 4853/1880/79
f 4856/1881/80 4858/1882/81 4857/1883/81 4855/1185/80
f 4858/1882/81 4860/1884/82 4859/38/82 4857/1883/81
f 4860/1884/82 4862/1885/83 4861/1886/83 4859/38/82
f 4862/1885/83 4864/1887/84 4863/1888/84 4861/1886/83
f 4864/1887/84 4866/1889/85 4865/1890/85 4863/1888/84
f 4866/1889/85 4868/1891/86 4867/1892/86 4865/1890/85
f 4868/1891/86 4870/1893/87 4869/1894/87 4867/1892/86
f 4870/1893/87 4872/1895/88 4871/1896/88 4869/1894/87
f 4872/1895/88 4874/1897/89 4873/1898/89 4871/1896/88
f 4874/1897/89 4876/1899/90 4875/1900/90 4873/1898/89
f 4876/1899/90 4878/1901/91 4877/1902/91 4875/1900/90
f 4878/1901/91 4880/1903/92 4879/1904/92 4877/1902/91
f 4880/1903/92 4882/1905/93 4881/46/93 4879/1904/92
f 4882/1905/93 4884/1906/94 4883/1907/94 4881/46/93
f 4884/1906/94 4886/1908/95 4885/1909/95 4883/1907/94
f 4886/1908/95 4888/1910/96 4887/1911/96 4885/1909/95
f 4888/1910/96 4890/1912/97 4889/1913/97 4887/1911/96
f 4890/1912/97 4892/1914/98 4891/1915/98 4889/1913/97
f 4892/1914/98 4894/1916/99 4893/1917/99 4891/1915/98
f 4894/1916/99 4896/1918/100 4895/1919/100 4893/1917/99
f 4896/1918/100 4898/1920/101 4897/1921/101 4895/1919/100
f 4898/1920/101 4900/1922/102 4899/1923/102 4897/1921/101
f 4900/1922/102 4902/1924/103 4901/1925/103 4899/1923/102
f 4902/1924/103 4904/1926/104 4903/54/104 4901/1925/103
f 4904/1926/104 4906/1927/105 4905/1064/105 4903/54/104
f 4906/1927/105 4908/1928/106 4907/1929/106 4905/1064/105
f 4908/1928/106 4910/1930/107 4909/1931/107 4907/1929/106
f 4910/1930/107 4912/1932/108 4911/1933/108 4909/1931/107
f 4912/1932/108 4914/1934/109 4913/1935/109 4911/1933/108
f 4914/1934/109 4916/1936/110 4915/1937/110 4913/1935/109
f 4916/1936/110 4918/1938/111 4917/1939/111 4915/1937/110
f 4918/1938/111 4920/1940/112 4919/1941/112 4917/1939/111
f 4920/1940/112 4922/1942/113 4921/1943/113 4919/1941/112
f 4922/1942/113 4924/1944/114 4923/1945/114 4921/1943/113
f 4924/1944/114 4926/1946/115 4925/62/115 4923/1945/114
f 4926/1946/115 4928/1947/116 4927/1948/116 4925/62/115
f 4928/1947/116 4930/1949/117 4929/1950/117 4927/1948/116
f 4930/1949/117 4932/1951/118 4931/1952/118 4929/1950/117
f 4932/1951/118 4934/1953/119 4933/1954/119 4931/1952/118
f 4934/1953/119 4936/1955/120 4935/1956/120 4933/1954/119
f 4936/1955/120 4938/1957/121 4937/1958/121 4935/1956/120
f 4938/1957/121 4940/1959/122 4939/1960/122 4937/1958/121
f 4940/1959/122 4942/1961/123 4941/1962/123 4939/1960/122
f 4942/1961/123 4944/1963/124 4943/1964/124 4941/1962/123
f 4944/1963/124 4946/1965/125 4945/1966/125 4943/1964/124
f 4946/1965/125 4948/1967/126 4947/70/126 4945/1966/125
f 4948/1967/126 4950/1968/127 4949/1969/127 4947/70/126
f 4950/1968/127 4952/1970/128 4951/1971/128 4949/1969/127
f 4952/1970/128 4954/1972/129 4953/1973/129 4951/1971/128
f 4954/1972/129 4956/1974/130 4955/1332/130 4953/1973/129
f 4956/1974/130 4958/1975/131 4957/1976/131 4955/1332/130
f 4958/1975/131 4960/1977/132 4959/1978/132 4957/1976/131
f 4960/1977/132 4962/1979/133 4961/1980/133 4959/1978/132
f 4962/1979/133 4964/1981/134 4963/1982/134 4961/1980/133
f 4964/1981/134 4966/1983/135 4965/1984/135 4963/1982/134
f 4966/1983/135 4968/1985/136 4967/1986/136 4965/1984/135
f 4968/1985/136 4970/1987/137 4969/78/137 4967/1986/136
f 4970/1987/137 4972/1988/138 4971/1989/138 4969/78/137
f 4972/1988/138 4974/1990/139 4973/1991/139 4971/1989/138
f 4974/1990/139 4976/1992/140 4975/1993/140 4973/1991/139
f 4976/1992/140 4978/1994/141 4977/1995/141 4975/1993/140
f 4978/1994/141 4980/1996/142 4979/1997/142 4977/1995/141
f 4980/1996/142 4982/1998/143 4981/1999/143 4979/1997/142
f 4982/1998/143 4984/2000/144 4983/2001/144 4981/1999/143
f 4984/2000/144 4986/2002/145 4985/2003/145 4983/2001/144
f 4986/2002/145 4988/2004/146 4987/2005/146 4985/2003/145
f 4988/2004/146 4990/2006/147 4989/2007/147 4987/2005/146
f 4990/2006/147 4992/2008/148 4991/86/148 4989/2007/147
f 4992/2008/148 4994/2009/149 4993/2010/149 4991/86/148
f 4994/2009/149 4996/2011/150 4995/2012/150 4993/2010/149
f 4996/2011/150 4998/2013/151 4997/2014/151 4995/2012/150
f 4998/2013/151 5000/2015/152 4999/2016/152 4997/2014/151
f 5000/2015/152 5002/2017/153 5001/2018/153 4999/2016/152
f 5002/2017/153 5004/2019/154 5003/2020/154 5001/2018/153
f 5004/2019/154 5006/2021/155 5005/1399/155 5003/2020/154
f 5006/2021/155 5008/2022/156 5007/2023/156 5005/1399/155
f 5008/2022/156 5010/2024/157 5009/2025/157 5007/2023/156
f 5010/2024/157 5012/2026/158 5011/2027/158 5009/2025/157
f 5012/2026/158 5014/2028/159 5013/94/159 5011/2027/158
f 5014/2028/159 5016/2029/160 5015/2030/160 5013/94/159
f 5016/2029/160 5018/2031/161 5017/2032/161 5015/2030/160
f 5018/2031/161 5020/2033/162 5019/2034/162 5017/2032/161
f 5020/2033/162 5022/2035/163 5021/2036/163 5019/2034/162
f 5022/2035/163 5024/2037/164 5023/2038/164 5021/2036/163
f 5024/2037/164 5026/2039/165 5025/2040/165 5023/2038/164
f 5026/2039/165 5028/2041/166 5027/2042/166 5025/2040/165
f 5028/2041/166 5030/2043/167 5029/2044/167 5027/2042/166
f 5030/2043/167 5032/2045/168 5031/2046/168 5029/2044/167
f 5032/2045/168 5034/2047/169 5033/2048/169 5031/2046/168
f 5034/2047/169 5036/2049/170 5035/101/170 5033/2048/169
f 5036/2049/170 5038/2050/171 5037/2051/171 5035/101/170
f 5038/2050/171 5040/2052/172 5039/2053/172 5037/2051/171
f 5040/2052/172 5042/2054/173 5041/2055/173 5039/2053/172
f 5042/2054/173 5044/2056/174 5043/2057/174 5041/2055/173
f 5044/2056/174 5046/2058/175 5045/2059/175 5043/2057/174
f 5046/2058/175 5048/2060/176 5047/2061/176 5045/2059/175
f 5048/2060/176 5050/2062/177 5049/2063/177 5047/2061/176
f 5050/2062/177 5052/2064/178 5051/2065/178 5049/2063/177
f 5052/2064/178 5054/2066/179 5053/2067/179 5051/2065/178
f 5054/2066/179 5056/2068/180 5055/1450/180 5053/2067/179
f 5056/2068/180 5058/2069/181 5057/93/181 5055/1450/180
f 5058/2069/181 5060/2070/182 5059/2071/182 5057/93/181
f 5060/2070/182 5062/2072/183 5061/2073/183 5059/2071/182
f 5062/2072/183 5064/2074/184 5063/2075/184 5061/2073/183
f 5064/2074/184 5066/2076/185 5065/2077/185 5063/2075/184
f 5066/2076/185 5068/2078/186 5067/2079/186 5065/2077/185
f 5068/2078/186 5070/2080/187 5069/2081/187 5067/2079/186
f 5070/2080/187 5072/2082/188 5071/2083/188 5069/2081/187
f 5072/2082/188 5074/2084/189 5073/2085/189 5071/2083/188
f 5074/2084/189 5076/2086/190 5075/2087/190 5073/2085/189
f 5076/2086/190 5078/2088/191 5077/2089/191 5075/2087/190
f 5078/2088/191 5080/2090/192 5079/85/192 5077/2089/191
f 5080/2090/192 5082/2091/193 5081/2092/193 5079/85/192
f 5082/2091/193 5084/2093/194 5083/2094/194 5081/2092/193
f 5084/2093/194 5086/2095/195 5085/2096/195 5083/2094/194
f 5086/2095/195 5088/2097/196 5087/2098/196 5085/2096/195
f 5088/2097/196 5090/2099/197 5089/2100/197 5087/2098/196
f 5090/2099/197 5092/2101/191 5091/2102/191 5089/2100/197
f 5092/2101/191 5094/2103/198 5093/2104/198 5091/2102/191
f 5094/2103/198 5096/2105/199 5095/2106/199 5093/2104/198
f 5096/2105/199 5098/2107/200 5097/2108/200 5095/2106/199
f 5098/2107/200 5100/2109/201 5099/2110/201 5097/2108/200
f 5100/2109/201 5102/2111/202 5101/77/202 5099/2110/201
f 5102/2111/202 5104/2112/189 5103/2113/189 5101/77/202
f 5104/2112/189 5106/2114/203 5105/1363/203 5103/2113/189
f 5106/2114/203 5108/2115/204 5107/2116/204 5105/1363/203
f 5108/2115/204 5110/2117/205 5109/2118/205 5107/2116/204
f 5110/2117/205 5112/2119/206 5111/2120/206 5109/2118/205
f 5112/2119/206 5114/2121/207 5113/2122/207 5111/2120/206
f 5114/2121/207 5116/2123/208 5115/2124/208 5113/2122/207
f 5116/2123/208 5118/2125/209 5117/2126/209 5115/2124/208
f 5118/2125/209 5120/2127/210 5119/2128/210 5117/2126/209
f 5120/2127/210 5122/2129/211 5121/2130/211 5119/2128/210
f 5122/2129/211 5124/2131/212 5123/69/212 5121/2130/211
f 5124/2131/212 5126/2132/213 5125/2133/213 5123/69/212
f 5126/2132/213 5128/2134/214 5127/2135/214 5125/2133/213
f 5128/2134/214 5130/2136/215 5129/2137/215 5127/2135/214
f 5130/2136/215 5132/2138/216 5131/2139/216 5129/2137/215
f 5132/2138/216 5134/2140/217 5133/2141/217 5131/2139/216
f 5134/2140/217 5136/2142/218 5135/2143/218 5133/2141/217
f 5136/2142/218 5138/2144/219 5137/2145/219 5135/2143/218
f 5138/2144/219 5140/2146/220 5139/2147/220 5137/2145/219
f 5140/2146/220 5142/2148/221 5141/2149/221 5139/2147/220
f 5142/2148/221 5144/2150/222 5143/2151/222 5141/2149/221
f 5144/2150/222 5146/2152/223 5145/61/223 5143/2151/222
f 5146/2152/223 5148/2153/224 5147/2154/224 5145/61/223
f 5148/2153/224 5150/2155/225 5149/2156/225 5147/2154/224
f 5150/2155/225 5152/2157/226 5151/2158/226 5149/2156/225
f 5152/2157/226 5154/2159/227 5153/2160/227 5151/2158/226
f 5154/2159/227 5156/2161/228 5155/1220/228 5153/2160/227
f 5156/2161/228 5158/2162/229 5157/2163/229 5155/1220/228
f 5158/2162/229 5160/2164/230 5159/2165/230 5157/2163/229
f 5160/2164/230 5162/2166/231 5161/2167/231 5159/2165/230
f 5162/2166/231 5164/2168/232 5163/2169/232 5161/2167/231
f 5164/2168/232 5166/2170/233 5165/2171/233 5163/2169/232
f 5166/2170/233 5168/2172/234 5167/53/234 5165/2171/233
f 5168/2172/234 5170/2173/235 5169/2174/235 5167/53/234
f 5170/2173/235 5172/2175/236 5171/2176/236 5169/2174/235
f 5172/2175/236 5174/2177/237 5173/2178/237 5171/2176/236
f 5174/2177/237 5176/2179/238 5175/2180/238 5173/2178/237
f 5176/2179/238 5178/2181/239 5177/2182/239 5175/2180/238
f 5178/2181/239 5180/2183/240 5179/2184/240 5177/2182/239
f 5180/2183/240 5182/2185/241 5181/2186/241 5179/2184/240
f 5182/2185/241 5184/2187/242 5183/2188/242 5181/2186/241
f 5184/2187/242 5186/2189/243 5185/2190/243 5183/2188/242
f 5186/2189/243 5188/2191/244 5187/2192/244 5185/2190/243
f 5188/2191/244 5190/2193/245 5189/45/245 5187/2192/244
f 5190/2193/245 5192/2194/246 5191/2195/246 5189/45/245
f 5192/2194/246 5194/2196/247 5193/2197/247 5191/2195/246
f 5194/2196/247 5196/2198/248 5195/2199/248 5193/2197/247
f 5196/2198/248 5198/2200/249 5197/2201/249 5195/2199/248
f 5198/2200/249 5200/2202/250 5199/2203/250 5197/2201/249
f 5200/2202/250 5202/2204/251 5201/2205/251 5199/2203/250
f 5202/2204/251 5204/2206/252 5203/2207/252 5201/2205/251
f 5204/2206/252 5206/2208/253 5205/1318/253 5203/2207/252
f 5206/2208/253 5208/2209/254 5207/2210/254 5205/1318/253
f 5208/2209/254 5210/2211/255 5209/2212/255 5207/2210/254
f 5210/2211/255 5212/2213/256 5211/37/256 5209/2212/255
f 5212/2213/256 5214/2214/257 5213/2215/257 5211/37/256
f 5214/2214/257 5216/2216/258 5215/2217/258 5213/2215/257
f 5216/2216/258 5218/2218/259 5217/2219/259 5215/2217/258
f 5218/2218/259 5220/2220/260 5219/2221/260 5217/2219/259
f 5220/2220/260 5222/2222/261 5221/2223/261 5219/2221/260
f 5222/2222/261 5224/2224/262 5223/2225/262 5221/2223/261
f 5224/2224/262 5226/2226/263 5225/2227/263 5223/2225/262
f 5226/2226/263 5228/2228/264 5227/2229/264 5225/2227/263
f 5228/2228/264 5230/2230/265 5229/2231/265 5227/2229/264
f 5230/2230/265 5232/2232/266 5231/2233/266 5229/2231/265
f 5232/2232/266 5234/2234/267 5233/4/267 5231/2233/266
f 5234/2234/267 5236/2235/268 5235/2236/268 5233/4/267
f 5236/2235/268 5238/2237/269 5237/2238/269 5235/2236/268
f 5238/2237/269 5240/2239/270 5239/2240/270 5237/2238/269
f 5240/2239/270 5242/2241/271 5241/2242/271 5239/2240/270
f 5242/2241/271 5244/2243/272 5243/2244/272 5241/2242/271
f 5244/2243/272 5246/2245/273 5245/2246/273 5243/2244/272
f 5246/2245/273 5248/2247/274 5247/2248/274 5245/2246/273
f 5248/2247/274 5250/2249/275 5249/2250/275 5247/2248/274
f 5250/2249/275 5252/2251/276 5251/2252/276 5249/2250/275
f 5252/2251/276 5254/2253/277 5253/2254/277 5251/2252/276
f 5254/2253/277 4706/2255/5 4705/2/5 5253/2254/277
f 5256/1740/278 5258/2256/279 5257/2257/279 5255/29/278
f 5258/2256/279 5260/2258/280 5259/2259/280 5257/2257/279
f 5260/2258/280 5262/2260/281 5261/2261/281 5259/2259/280
f 5262/2260/281 5264/2262/282 5263/2263/282 5261/2261/281
f 5264/2262/282 5266/2264/283 5265/2265/283 5263/2263/282
f 5266/2264/283 5268/2266/284 5267/2267/284 5265/2265/283
f 5268/2266/284 5270/2268/285 5269/2269/285 5267/2267/284
f 5270/2268/285 5272/2270/286 5271/2271/286 5269/2269/285
f 5272/2270/286 5274/2272/287 5273/2273/287 5271/2271/286
f 5274/2272/287 5276/2274/288 5275/2275/288 5273/2273/287
f 5276/2274/288 5278/2276/289 5277/2277/289 5275/2275/288
f 5278/2276/289 5280/2278/290 5279/2279/290 5277/2277/289
f 5280/2278/290 5282/2280/291 5281/2281/291 5279/2279/290
f 5282/2280/291 5284/2282/292 5283/2283/292 5281/2281/291
f 5284/2282/292 5286/2284/293 5285/2285/293 5283/2283/292
f 5286/2284/293 5288/2286/294 5287/2287/294 5285/2285/293
f 5288/2286/294 5290/2288/295 5289/2289/295 5287/2287/294
f 5290/2288/295 5292/2290/296 5291/2291/296 5289/2289/295
f 5292/2290/296 5294/2292/297 5293/2293/297 5291/2291/296
f 5294/2292/297 5296/2294/298 5295/2295/298 5293/2293/297
f 5296/2294/298 5298/2296/299 5297/2297/299 5295/2295/298
f 5298/2296/299 5300/2298/300 5299/2299/300 5297/2297/299
f 5300/2298/300 5302/2300/301 5301/2301/301 5299/2299/300
f 5302/2300/301 5304/2302/302 5303/2303/302 5301/2301/301
f 5304/2302/302 5306/2304/303 5305/2305/303 5303/2303/302
f 5306/2304/303 5308/2306/304 5307/2307/304 5305/2305/303
f 5308/2306/304 5310/2308/305 5309/2309/305 5307/2307/304
f 5310/2308/305 5312/2310/306 5311/2311/306 5309/2309/305
f 5312/2310/306 5314/2312/307 5313/2313/307 5311/2311/306
f 5314/2312/307 5316/2314/308 5315/2315/308 5313/2313/307
f 5316/2314/308 5318/2316/309 5317/2317/309 5315/2315/308
f 5318/2316/309 5320/2318/310 5319/2319/310 5317/2317/309
f 5320/2318/310 5322/2320/311 5321/2321/311 5319/2319/310
f 5322/2320/311 5324/2322/312 5323/2323/312 5321/2321/311
f 5324/2322/312 5326/2324/313 5325/2325/313 5323/2323/312
f 5326/2324/313 5328/2326/314 5327/2327/314 5325/2325/313
f 5328/2326/314 5330/2328/315 5329/2329/315 5327/2327/314
f 5330/2328/315 5332/2330/316 5331/2331/316 5329/2329/315
f 5332/2330/316 5334/2332/317 5333/2333/317 5331/2331/316
f 5334/2332/317 5336/2334/318 5335/2335/318 5333/2333/317
f 5336/2334/318 5338/2336/319 5337/2337/319 5335/2335/318
f 5338/2336/319 5340/2338/320 5339/2339/320 5337/2337/319
f 5340/2338/320 5342/2340/321 5341/2341/321 5339/2339/320
f 5342/2340/321 5344/2342/322 5343/2343/322 5341/2341/321
f 5344/2342/322 5346/2344/323 5345/2345/323 5343/2343/322
f 5346/2344/323 5348/2346/324 5347/2347/324 5345/2345/323
f 5348/2346/324 5350/2348/325 5349/2349/325 5347/2347/324
f 5350/2348/325 5352/2350/326 5351/2351/326 5349/2349/325
f 5352/2350/326 5354/2352/327 5353/32/327 5351/2351/326
f 5354/2352/327 5356/2353/328 5355/2354/328 5353/32/327
f 5356/2353/328 5358/2355/329 5357/2356/329 5355/2354/328
f 5358/2355/329 5360/2357/330 5359/2358/330 5357/2356/329
f 5360/2357/330 5362/2359/331 5361/2360/331 5359/2358/330
f 5362/2359/331 5364/2361/332 5363/2362/332 5361/2360/331
f 5364/2361/332 5366/2363/333 5365/2364/333 5363/2362/332
f 5366/2363/333 5368/2365/334 5367/2366/334 5365/2364/333
f 5368/2365/334 5370/2367/335 5369/2368/335 5367/2366/334
f 5370/2367/335 5372/2369/336 5371/2370/336 5369/2368/335
f 5372/2369/336 5374/2371/337 5373/2372/337 5371/2370/336
f 5374/2371/337 5376/2373/338 5375/2374/338 5373/2372/337
f 5376/2373/338 5378/2375/339 5377/2376/339 5375/2374/338
f 5378/2375/339 5380/2377/340 5379/2378/340 5377/2376/339
f 5380/2377/340 5382/2379/341 5381/2380/341 5379/2378/340
f 5382/2379/341 5384/2381/342 5383/2382/342 5381/2380/341
f 5384/2381/342 5386/2383/343 5385/2384/343 5383/2382/342
f 5386/2383/343 5388/2385/344 5387/2386/344 5385/2384/343
f 5388/2385/344 5390/2387/345 5389/2388/345 5387/2386/344
f 5390/2387/345 5392/2389/346 5391/2390/346 5389/2388/345
f 5392/2389/346 5394/2391/347 5393/2392/347 5391/2390/346
f 5394/2391/347 5396/2393/348 5395/2394/348 5393/2392/347
f 5396/2393/348 5398/2395/349 5397/2396/349 5395/2394/348
f 5398/2395/349 5400/2397/350 5399/2398/350 5397/2396/349
f 5400/2397/350 5402/2399/351 5401/2400/351 5399/2398/350
f 5402/2399/351 5404/2401/352 5403/2402/352 5401/2400/351
f 5404/2401/352 5406/2403/353 5405/2404/353 5403/2402/352
f 5406/2403/353 5408/2405/354 5407/2406/354 5405/2404/353
f 5408/2405/354 5410/2407/355 5409/2408/355 5407/2406/354
f 5410/2407/355 5412/2409/356 5411/2410/356 5409/2408/355
f 5412/2409/356 5414/2411/357 5413/2412/357 5411/2410/356
f 5414/2411/357 5416/2413/358 5415/2414/358 5413/2412/357
f 5416/2413/358 5418/2415/359 5417/2416/359 5415/2414/358
f 5418/2415/359 5420/2417/360 5419/2418/360 5417/2416/359
f 5420/2417/360 5422/2419/361 5421/2420/361 5419/2418/360
f 5422/2419/361 5424/2421/362 5423/2422/362 5421/2420/361
f 5424/2421/362 5426/2423/363 5425/2424/363 5423/2422/362
f 5426/2423/363 5428/2425/364 5427/2426/364 5425/2424/363
f 5428/2425/364 5430/2427/365 5429/2428/365 5427/2426/364
f 5430/2427/365 5432/2429/366 5431/2430/366 5429/2428/365
f 5432/2429/366 5434/2431/367 5433/2432/367 5431/2430/366
f 5434/2431/367 5436/2433/368 5435/2434/368 5433/2432/367
f 5436/2433/368 5438/2435/369 5437/2436/369 5435/2434/368
f 5438/2435/369 5440/2437/370 5439/2438/370 5437/2436/369
f 5440/2437/370 5442/2439/371 5441/2440/371 5439/2438/370
f 5442/2439/371 5444/2441/372 5443/2442/372 5441/2440/371
f 5444/2441/372 5446/2443/373 5445/2444/373 5443/2442/372
f 5446/2443/373 5448/2445/374 5447/2446/374 5445/2444/373
f 5448/2445/374 5450/2447/375 5449/2448/375 5447/2446/374
f 5450/2447/375 5452/2449/376 5451/82/376 5449/2448/375
f 5452/2449/376 5454/2450/377 5453/2451/377 5451/82/376
f 5454/2450/377 5456/2452/378 5455/2453/378 5453/2451/377
f 5456/2452/378 5458/2454/379 5457/2455/379 5455/2453/378
f 5458/2454/379 5460/2456/380 5459/2457/380 5457/2455/379
f 5460/2456/380 5462/2458/381 5461/2459/381 5459/2457/380
f 5462/2458/381 5464/2460/382 5463/2461/382 5461/2459/381
f 5464/2460/382 5466/2462/383 5465/2463/383 5463/2461/382
f 5466/2462/383 5468/2464/384 5467/2465/384 5465/2463/383
f 5468/2464/384 5470/2466/385 5469/2467/385 5467/2465/384
f 5470/2466/385 5472/2468/386 5471/2469/386 5469/2467/385
f 5472/2468/386 5474/2470/387 5473/2471/387 5471/2469/386
f 5474/2470/387 5476/2472/388 5475/2473/388 5473/2471/387
f 5476/2472/388 5478/2474/389 5477/2475/389 5475/2473/388
f 5478/2474/389 5480/2476/390 5479/2477/390 5477/2475/389
f 5480/2476/390 5482/2478/391 5481/2479/391 5479/2477/390
f 5482/2478/391 5484/2480/392 5483/2481/392 5481/2479/391
f 5484/2480/392 5486/2482/393 5485/2483/393 5483/2481/392
f 5486/2482/393 5488/2484/394 5487/2485/394 5485/2483/393
f 5488/2484/394 5490/2486/395 5489/2487/395 5487/2485/394
f 5490/2486/395 5492/2488/396 5491/2489/396 5489/2487/395
f 5492/2488/396 5494/2490/397 5493/2491/397 5491/2489/396
f 5494/2490/397 5496/2492/398 5495/2493/398 5493/2491/397
f 5496/2492/398 5498/2494/399 5497/2495/399 5495/2493/398
f 5498/2494/399 5500/2496/400 5499/2497/400 5497/2495/399
f 5500/2496/400 5502/2498/401 5501/2499/401 5499/2497/400
f 5502/2498/401 5504/2500/402 5503/2501/402 5501/2499/401
f 5504/2500/402 5506/2502/403 5505/2503/403 5503/2501/402
f 5506/2502/403 5508/2504/404 5507/2505/404 5505/2503/403
f 5508/2504/404 5510/2506/405 5509/2507/405 5507/2505/404
f 5510/2506/405 5512/2508/406 5511/2509/406 5509/2507/405
f 5512/2508/406 5514/2510/407 5513/2511/407 5511/2509/406
f 5514/2510/407 5516/2512/408 5515/2513/408 5513/2511/407
f 5516/2512/408 5518/2514/409 5517/2515/409 5515/2513/408
f 5518/2514/409 5520/2516/410 5519/2517/410 5517/2515/409
f 5520/2516/410 5522/2518/411 5521/2519/411 5519/2517/410
f 5522/2518/411 5524/2520/412 5523/2521/412 5521/2519/411
f 5524/2520/412 5526/2522/413 5525/2523/413 5523/2521/412
f 5526/2522/413 5528/2524/414 5527/2525/414 5525/2523/413
f 5528/2524/414 5530/2526/415 5529/2527/415 5527/2525/414
f 5530/2526/415 5532/2528/416 5531/2529/416 5529/2527/415
f 5532/2528/416 5534/2530/417 5533/2531/417 5531/2529/416
f 5534/2530/417 5536/2532/418 5535/2533/418 5533/2531/417
f 5536/2532/418 5538/2534/419 5537/2535/419 5535/2533/418
f 5538/2534/419 5540/2536/420 5539/2537/420 5537/2535/419
f 5540/2536/420 5542/2538/421 5541/2539/421 5539/2537/420
f 5542/2538/421 5544/2540/422 5543/2541/422 5541/2539/421
f 5544/2540/422 5546/2542/423 5545/2543/423 5543/2541/422
f 5546/2542/423 5548/2544/424 5547/2545/424 5545/2543/423
f 5548/2544/424 5550/2546/425 5549/71/425 5547/2545/424
f 5550/2546/425 5552/2547/426 5551/2548/426 5549/71/425
f 5552/2547/426 5554/2549/427 5553/2550/427 5551/2548/426
f 5554/2549/427 5556/2551/428 5555/2552/428 5553/2550/427
f 5556/2551/428 5558/2553/429 5557/2554/429 5555/2552/428
f 5558/2553/429 5560/2555/430 5559/2556/430 5557/2554/429
f 5560/2555/430 5562/2557/431 5561/2558/431 5559/2556/430
f 5562/2557/431 5564/2559/432 5563/2560/432 5561/2558/431
f 5564/2559/432 5566/2561/433 5565/2562/433 5563/2560/432
f 5566/2561/433 5568/2563/434 5567/2564/434 5565/2562/433
f 5568/2563/434 5570/2565/435 5569/2566/435 5567/2564/434
f 5570/2565/435 5572/2567/436 5571/2568/436 5569/2566/435
f 5572/2567/436 5574/2569/437 5573/2570/437 5571/2568/436
f 5574/2569/437 5576/2571/438 5575/2572/438 5573/2570/437
f 5576/2571/438 5578/2573/439 5577/2574/439 5575/2572/438
f 5578/2573/439 5580/2575/440 5579/2576/440 5577/2574/439
f 5580/2575/440 5582/2577/441 5581/2578/441 5579/2576/440
f 5582/2577/441 5584/2579/442 5583/2580/442 5581/2578/441
f 5584/2579/442 5586/2581/443 5585/2582/443 5583/2580/442
f 5586/2581/443 5588/2583/444 5587/2584/444 5585/2582/443
f 5588/2583/444 5590/2585/445 5589/2586/445 5587/2584/444
f 5590/2585/445 5592/2587/446 5591/2588/446 5589/2586/445
f 5592/2587/446 5594/2589/447 5593/2590/447 5591/2588/446
f 5594/2589/447 5596/2591/448 5595/2592/448 5593/2590/447
f 5596/2591/448 5598/2593/449 5597/2594/449 5595/2592/448
f 5598/2593/449 5600/2595/450 5599/2596/450 5597/2594/449
f 5600/2595/450 5602/2597/451 5601/2598/451 5599/2596/450
f 5602/2597/451 5604/2599/452 5603/2600/452 5601/2598/451
f 5604/2599/452 5606/2601/453 5605/2602/453 5603/2600/452
f 5606/2601/453 5608/2603/454 5607/2604/454 5605/2602/453
f 5608/2603/454 5610/2605/455 5609/2606/455 5607/2604/454
f 5610/2605/455 5612/2607/273 5611/2608/273 5609/2606/455
f 5612/2607/273 5614/2609/456 5613/2610/456 5611/2608/273
f 5614/2609/456 5616/2611/457 5615/2612/457 5613/2610/456
f 5616/2611/457 5618/2613/458 5617/2614/458 5615/2612/457
f 5618/2613/458 5620/2615/459 5619/2616/459 5617/2614/458
f 5620/2615/459 5622/2617/332 5621/2618/332 5619/2616/459
f 5622/2617/332 5624/2619/460 5623/2620/460 5621/2618/332
f 5624/2619/460 5626/2621/461 5625/2622/461 5623/2620/460
f 5626/2621/461 5628/2623/462 5627/2624/462 5625/2622/461
f 5628/2623/462 5630/2625/463 5629/2626/463 5627/2624/462
f 5630/2625/463 5632/2627/464 5631/2628/464 5629/2626/463
f 5632/2627/464 5634/2629/465 5633/2630/465 5631/2628/464
f 5634/2629/465 5636/2631/466 5635/2632/466 5633/2630/465
f 5636/2631/466 5638/2633/467 5637/2634/467 5635/2632/466
f 5638/2633/467 5640/2635/468 5639/2636/468 5637/2634/467
f 5640/2635/468 5642/2637/469 5641/2638/469 5639/2636/468
f 5642/2637/469 5644/2639/470 5643/2640/470 5641/2638/469
f 5644/2639/470 5646/2641/471 5645/2642/471 5643/2640/470
f 5646/2641/471 5256/2255/278 5255/2/278 5645/2642/471
f 5648/1740/472 5650/2643/473 5649/2644/473 5647/29/472
f 5650/2643/473 5652/2645/474 5651/2646/474 5649/2644/473
f 5652/2645/474 5654/2647/475 5653/2648/475 5651/2646/474
f 5654/2647/475 5656/2649/476 5655/2650/476 5653/2648/475
f 5656/2649/476 5658/2651/477 5657/2652/477 5655/2650/476
f 5658/2651/477 5660/2653/478 5659/2654/478 5657/2652/477
f 5660/2653/478 5662/2655/479 5661/2656/479 5659/2654/478
f 5662/2655/479 5664/2657/480 5663/2658/480 5661/2656/479
f 5664/2657/480 5666/2659/481 5665/2660/481 5663/2658/480
f 5666/2659/481 5668/2661/482 5667/2662/482 5665/2660/481
f 5668/2661/482 5670/2663/483 5669/2664/483 5667/2662/482
f 5670/2663/483 5672/2665/484 5671/2666/484 5669/2664/483
f 5672/2665/484 5674/2667/485 5673/2668/485 5671/2666/484
f 5674/2667/485 5676/2669/486 5675/2670/486 5673/2668/485
f 5676/2669/486 5678/2671/487 5677/2672/487 5675/2670/486
f 5678/2671/487 5680/2673/488 5679/2674/488 5677/2672/487
f 5680/2673/488 5682/2675/489 5681/2676/489 5679/2674/488
f 5682/2675/489 5684/2677/490 5683/2678/490 5681/2676/489
f 5684/2677/490 5686/2679/491 5685/2680/491 5683/2678/490
f 5686/2679/491 5688/2681/492 5687/2682/492 5685/2680/491
f 5688/2681/492 5690/2683/493 5689/2684/493 5687/2682/492
f 5690/2683/493 5692/2685/494 5691/2686/494 5689/2684/493
f 5692/2685/494 5694/2687/495 5693/2688/495 5691/2686/494
f 5694/2687/495 5696/2689/496 5695/2690/496 5693/2688/495
f 5696/2689/496 5698/2691/497 5697/2692/497 5695/2690/496
f 5698/2691/497 5700/2693/498 5699/2694/498 5697/2692/497
f 5700/2693/498 5702/2695/499 5701/2696/499 5699/2694/498
f 5702/2695/499 5704/2697/500 5703/2698/500 5701/2696/499
f 5704/2697/500 5706/2699/501 5705/2700/501 5703/2698/500
f 5706/2699/501 5708/2701/502 5707/2702/502 5705/2700/501
f 5708/2701/502 5710/2703/503 5709/2704/503 5707/2702/502
f 5710/2703/503 5712/2705/504 5711/2706/504 5709/2704/503
f 5712/2705/504 5714/2707/505 5713/2708/505 5711/2706/504
f 5714/2707/505 5716/2709/506 5715/2710/506 5713/2708/505
f 5716/2709/506 5718/2711/507 5717/2712/507 5715/2710/506
f 5718/2711/507 5720/2713/508 5719/2714/508 5717/2712/507
f 5720/2713/508 5722/2715/509 5721/2716/509 5719/2714/508
f 5722/2715/509 5724/2717/510 5723/2718/510 5721/2716/509
f 5724/2717/510 5726/2719/511 5725/2720/511 5723/2718/510
f 5726/2719/511 5728/2721/512 5727/2722/512 5725/2720/511
f 5728/2721/512 5730/2723/513 5729/2724/513 5727/2722/512
f 5730/2723/513 5732/2725/514 5731/2726/514 5729/2724/513
f 5732/2725/514 5734/2727/515 5733/2728/515 5731/2726/514
f 5734/2727/515 5736/2729/516 5735/2730/516 5733/2728/515
f 5736/2729/516 5738/2731/517 5737/2732/517 5735/2730/516
f 5738/2731/517 5740/2733/518 5739/2734/518 5737/2732/517
f 5740/2733/518 5742/2735/519 5741/2736/519 5739/2734/518
f 5742/2735/519 5744/2737/520 5743/2738/520 5741/2736/519
f 5744/2737/520 5746/2739/521 5745/2740/521 5743/2738/520
f 5746/2739/521 5748/2741/522 5747/2742/522 5745/2740/521
f 5748/2741/522 5750/2743/523 5749/2744/523 5747/2742/522
f 5750/2743/523 5752/2745/524 5751/2746/524 5749/2744/523
f 5752/2745/524 5754/2747/525 5753/2748/525 5751/2746/524
f 5754/2747/525 5756/2749/526 5755/2750/526 5753/2748/525
f 5756/2749/526 5758/2751/527 5757/2752/527 5755/2750/526
f 5758/2751/527 5760/2753/528 5759/2754/528 5757/2752/527
f 5760/2753/528 5762/2755/529 5761/2756/529 5759/2754/528
f 5762/2755/529 5764/2757/530 5763/2758/530 5761/2756/529
f 5764/2757/530 5766/2759/531 5765/2760/531 5763/2758/530
f 5766/2759/531 5768/2761/532 5767/2762/532 5765/2760/531
f 5768/2761/532 5770/2763/533 5769/2764/533 5767/2762/532
f 5770/2763/533 5772/2765/534 5771/2766/534 5769/2764/533
f 5772/2765/534 5774/2767/535 5773/2768/535 5771/2766/534
f 5774/2767/535 5776/2769/536 5775/2770/536 5773/2768/535
f 5776/2769/536 5778/2771/537 5777/2772/537 5775/2770/536
f 5778/2771/537 5780/2773/538 5779/2774/538 5777/2772/537
f 5780/2773/538 5782/2775/539 5781/2776/539 5779/2774/538
f 5782/2775/539 5784/2777/540 5783/2778/540 5781/2776/539
f 5784/2777/540 5786/2779/541 5785/2780/541 5783/2778/540
f 5786/2779/541 5788/2781/542 5787/2782/542 5785/2780/541
f 5788/2781/542 5790/2783/543 5789/2784/543 5787/2782/542
f 5790/2783/543 5792/2785/544 5791/2786/544 5789/2784/543
f 5792/2785/544 5648/2255/472 5647/2/472 5791/2786/544
f 5794/1740/545 5796/2787/546 5795/2788/546 5793/29/545
f 5796/2787/546 5798/2789/547 5797/2790/547 5795/2788/546
f 5798/2789/547 5800/2791/548 5799/2792/548 5797/2790/547
f 5800/2791/548 5802/2793/549 5801/2794/549 5799/2792/548
f 5802/2793/549 5804/2795/550 5803/2796/550 5801/2794/549
f 5804/2795/550 5806/2797/551 5805/2798/551 5803/2796/550
f 5806/2797/551 5808/2799/552 5807/2800/552 5805/2798/551
f 5808/2799/552 5810/2801/553 5809/2802/553 5807/2800/552
f 5810/2801/553 5812/2803/554 5811/2804/554 5809/2802/553
f 5812/2803/554 5814/2805/555 5813/2806/555 5811/2804/554
f 5814/2805/555 5816/2807/556 5815/2808/556 5813/2806/555
f 5816/2807/556 5818/2809/557 5817/2810/557 5815/2808/556
f 5818/2809/557 5820/2811/558 5819/2812/558 5817/2810/557
f 5820/2811/558 5822/2813/559 5821/2814/559 5819/2812/558
f 5822/2813/559 5824/2815/560 5823/2816/560 5821/2814/559
f 5824/2815/560 5826/2817/561 5825/2818/561 5823/2816/560
f 5826/2817/561 5828/2819/562 5827/2820/562 5825/2818/561
f 5828/2819/562 5830/2821/563 5829/2822/563 5827/2820/562
f 5830/2821/563 5832/2823/564 5831/2824/564 5829/2822/563
f 5832/2823/564 5834/2825/565 5833/2826/565 5831/2824/564
f 5834/2825/565 5836/2827/566 5835/2828/566 5833/2826/565
f 5836/2827/566 5838/2829/567 5837/2830/567 5835/2828/566
f 5838/2829/567 5840/2831/568 5839/2832/568 5837/2830/567
f 5840/2831/568 5842/2833/569 5841/2834/569 5839/2832/568
f 5842/2833/569 5844/2835/570 5843/2836/570 5841/2834/569
f 5844/2835/570 5846/2837/571 5845/2838/571 5843/2836/570
f 5846/2837/571 5848/2839/572 5847/2840/572 5845/2838/571
f 5848/2839/572 5850/2841/573 5849/2842/573 5847/2840/572
f 5850/2841/573 5852/2843/574 5851/2844/574 5849/2842/573
f 5852/2843/574 5854/2845/575 5853/2846/575 5851/2844/574
f 5854/2845/575 5856/2847/576 5855/2848/576 5853/2846/575
f 5856/2847/576 5858/2849/577 5857/2850/577 5855/2848/576
f 5858/2849/577 5860/2851/578 5859/2852/578 5857/2850/577
f 5860/2851/578 5862/2853/579 5861/2854/579 5859/2852/578
f 5862/2853/579 5864/2855/580 5863/2856/580 5861/2854/579
f 5864/2855/580 5866/2857/581 5865/2858/581 5863/2856/580
f 5866/2857/581 5868/2859/582 5867/2860/582 5865/2858/581
f 5868/2859/582 5870/2861/583 5869/2862/583 5867/2860/582
f 5870/2861/583 5872/2863/584 5871/2864/584 5869/2862/583
f 5872/2863/584 5874/2865/585 5873/2866/585 5871/2864/584
f 5874/2865/585 5876/2867/586 5875/2868/586 5873/2866/585
f 5876/2867/586 5878/2869/587 5877/2870/587 5875/2868/586
f 5878/2869/587 5880/2871/588 5879/9/588 5877/2870/587
f 5880/2871/588 5882/2872/589 5881/2873/589 5879/9/588
f 5882/2872/589 5884/2874/590 5883/2875/590 5881/2873/589
f 5884/2874/590 5886/2876/591 5885/2877/591 5883/2875/590
f 5886/2876/591 5888/2878/592 5887/2879/592 5885/2877/591
f 5888/2878/592 5890/2880/593 5889/2881/593 5887/2879/592
f 5890/2880/593 5892/2882/594 5891/2883/594 5889/2881/593
f 5892/2882/594 5894/2884/595 5893/2885/595 5891/2883/594
f 5894/2884/595 5896/2886/596 5895/2887/596 5893/2885/595
f 5896/2886/596 5898/2888/597 5897/2889/597 5895/2887/596
f 5898/2888/597 5900/2890/598 5899/2891/598 5897/2889/597
f 5900/2890/598 5902/2892/599 5901/2893/599 5899/2891/598
f 5902/2892/599 5904/2894/600 5903/2895/600 5901/2893/599
f 5904/2894/600 5906/2896/601 5905/2897/601 5903/2895/600
f 5906/2896/601 5908/2898/602 5907/2899/602 5905/2897/601
f 5908/2898/602 5910/2900/603 5909/2901/603 5907/2899/602
f 5910/2900/603 5912/2902/604 5911/2903/604 5909/2901/603
f 5912/2902/604 5914/2904/217 5913/2905/217 5911/2903/604
f 5914/2904/217 5916/2906/605 5915/2907/605 5913/2905/217
f 5916/2906/605 5918/2908/606 5917/2909/606 5915/2907/605
f 5918/2908/606 5920/2910/607 5919/2911/607 5917/2909/606
f 5920/2910/607 5922/2912/608 5921/2913/608 5919/2911/607
f 5922/2912/608 5924/2914/609 5923/2915/609 5921/2913/608
f 5924/2914/609 5926/2916/610 5925/2917/610 5923/2915/609
f 5926/2916/610 5928/2918/611 5927/2919/611 5925/2917/610
f 5928/2918/611 5930/2920/612 5929/2921/612 5927/2919/611
f 5930/2920/612 5932/2922/613 5931/2923/613 5929/2921/612
f 5932/2922/613 5934/2924/614 5933/2925/614 5931/2923/613
f 5934/2924/614 5936/2926/615 5935/2927/615 5933/2925/614
f 5936/2926/615 5938/2928/616 5937/2929/616 5935/2927/615
f 5938/2928/616 5940/2930/617 5939/2931/617 5937/2929/616
f 5940/2930/617 5942/2932/618 5941/2933/618 5939/2931/617
f 5942/2932/618 5944/2934/619 5943/2935/619 5941/2933/618
f 5944/2934/619 5946/2936/620 5945/2937/620 5943/2935/619
f 5946/2936/620 5948/2938/621 5947/2939/621 5945/2937/620
f 5948/2938/621 5950/2940/622 5949/2941/622 5947/2939/621
f 5950/2940/622 5952/2942/623 5951/2943/623 5949/2941/622
f 5952/2942/623 5954/2944/624 5953/2945/624 5951/2943/623
f 5954/2944/624 5956/2946/625 5955/2947/625 5953/2945/624
f 5956/2946/625 5958/2948/626 5957/2949/626 5955/2947/625
f 5958/2948/626 5960/2950/627 5959/2951/627 5957/2949/626
f 5960/2950/627 5962/2952/628 5961/2953/628 5959/2951/627
f 5962/2952/628 5964/2954/629 5963/2955/629 5961/2953/628
f 5964/2954/629 5966/1843/630 5965/22/630 5963/2955/629
f 5966/1843/630 5968/2956/631 5967/2957/631 5965/22/630
f 5968/2956/631 5970/2958/632 5969/2959/632 5967/2957/631
f 5970/2958/632 5972/2960/633 5971/2961/633 5969/2959/632
f 5972/2960/633 5974/2962/634 5973/2963/634 5971/2961/633
f 5974/2962/634 5976/2964/635 5975/2965/635 5973/2963/634
f 5976/2964/635 5978/2966/636 5977/2967/636 5975/2965/635
f 5978/2966/636 5980/2968/637 5979/2969/637 5977/2967/636
f 5980/2968/637 5982/2970/638 5981/2971/638 5979/2969/637
f 5982/2970/638 5984/2972/639 5983/2973/639 5981/2971/638
f 5984/2972/639 5986/2974/640 5985/2975/640 5983/2973/639
f 5986/2974/640 5988/2976/641 5987/2977/641 5985/2975/640
f 5988/2976/641 5990/2978/642 5989/2979/642 5987/2977/641
f 5990/2978/642 5992/2980/643 5991/2981/643 5989/2979/642
f 5992/2980/643 5994/2982/644 5993/2983/644 5991/2981/643
f 5994/2982/644 5996/2984/645 5995/2985/645 5993/2983/644
f 5996/2984/645 5998/2986/646 5997/2987/646 5995/2985/645
f 5998/2986/646 6000/2988/647 5999/2989/647 5997/2987/646
f 6000/2988/647 6002/2990/648 6001/2991/648 5999/2989/647
f 6002/2990/648 6004/2992/649 6003/2993/649 6001/2991/648
f 6004/2992/649 6006/2994/650 6005/2995/650 6003/2993/649
f 6006/2994/650 6008/2996/651 6007/2997/651 6005/2995/650
f 6008/2996/651 6010/2998/652 6009/2999/652 6007/2997/651
f 6010/2998/652 6012/3000/653 6011/3001/653 6009/2999/652
f 6012/3000/653 6014/3002/654 6013/3003/654 6011/3001/653
f 6014/3002/654 6016/3004/655 6015/3005/655 6013/3003/654
f 6016/3004/655 6018/3006/656 6017/3007/656 6015/3005/655
f 6018/3006/656 6020/3008/657 6019/3009/657 6017/3007/656
f 6020/3008/657 6022/3010/658 6021/3011/658 6019/3009/657
f 6022/3010/658 6024/3012/659 6023/3013/659 6021/3011/658
f 6024/3012/659 6026/3014/660 6025/3015/660 6023/3013/659
f 6026/3014/660 6028/3016/661 6027/3017/661 6025/3015/660
f 6028/3016/661 6030/3018/662 6029/3019/662 6027/3017/661
f 6030/3018/662 6032/3020/663 6031/3021/663 6029/3019/662
f 6032/3020/663 6034/3022/664 6033/3023/664 6031/3021/663
f 6034/3022/664 6036/3024/665 6035/3025/665 6033/3023/664
f 6036/3024/665 6038/3026/666 6037/3027/666 6035/3025/665
f 6038/3026/666 6040/3028/667 6039/3029/667 6037/3027/666
f 6040/3028/667 6042/3030/668 6041/3031/668 6039/3029/667
f 6042/3030/668 6044/3032/669 6043/3033/669 6041/3031/668
f 6044/3032/669 6046/3034/670 6045/3035/670 6043/3033/669
f 6046/3034/670 6048/3036/671 6047/3037/671 6045/3035/670
f 6048/3036/671 6050/3038/672 6049/3039/672 6047/3037/671
f 6050/3038/672 6052/3040/673 6051/42/673 6049/3039/672
f 6052/3040/673 6054/3041/674 6053/3042/674 6051/42/673
f 6054/3041/674 6056/3043/675 6055/3044/675 6053/3042/674
f 6056/3043/675 6058/3045/676 6057/3046/676 6055/3044/675
f 6058/3045/676 6060/3047/677 6059/3048/677 6057/3046/676
f 6060/3047/677 6062/3049/678 6061/3050/678 6059/3048/677
f 6062/3049/678 6064/3051/679 6063/3052/679 6061/3050/678
f 6064/3051/679 6066/3053/67 6065/3054/67 6063/3052/679
f 6066/3053/67 6068/3055/680 6067/3056/680 6065/3054/67
f 6068/3055/680 6070/3057/681 6069/3058/681 6067/3056/680
f 6070/3057/681 6072/3059/682 6071/3060/682 6069/3058/681
f 6072/3059/682 6074/3061/683 6073/3062/683 6071/3060/682
f 6074/3061/683 6076/3063/684 6075/3064/684 6073/3062/683
f 6076/3063/684 6078/3065/685 6077/3066/685 6075/3064/684
f 6078/3065/685 6080/3067/686 6079/3068/686 6077/3066/685
f 6080/3067/686 6082/3069/687 6081/3070/687 6079/3068/686
f 6082/3069/687 6084/3071/688 6083/3072/688 6081/3070/687
f 6084/3071/688 6086/3073/689 6085/3074/689 6083/3072/688
f 6086/3073/689 6088/3075/690 6087/3076/690 6085/3074/689
f 6088/3075/690 6090/3077/691 6089/3078/691 6087/3076/690
f 6090/3077/691 6092/3079/692 6091/3080/692 6089/3078/691
f 6092/3079/692 6094/3081/693 6093/3082/693 6091/3080/692
f 6094/3081/693 6096/3083/694 6095/3084/694 6093/3082/693
f 6096/3083/694 6098/3085/695 6097/3086/695 6095/3084/694
f 6098/3085/695 6100/3087/696 6099/3088/696 6097/3086/695
f 6100/3087/696 6102/3089/697 6101/3090/697 6099/3088/696
f 6102/3089/697 6104/3091/698 6103/3092/698 6101/3090/697
f 6104/3091/698 6106/3093/699 6105/3094/699 6103/3092/698
f 6106/3093/699 6108/3095/700 6107/3096/700 6105/3094/699
f 6108/3095/700 6110/3097/701 6109/3098/701 6107/3096/700
f 6110/3097/701 6112/3099/702 6111/3100/702 6109/3098/701
f 6112/3099/702 6114/3101/703 6113/3102/703 6111/3100/702
f 6114/3101/703 6116/3103/704 6115/3104/704 6113/3102/703
f 6116/3103/704 6118/3105/705 6117/3106/705 6115/3104/704
f 6118/3105/705 6120/3107/706 6119/3108/706 6117/3106/705
f 6120/3107/706 6122/3109/707 6121/3110/707 6119/3108/706
f 6122/3109/707 6124/3111/708 6123/3112/708 6121/3110/707
f 6124/3111/708 6126/3113/709 6125/3114/709 6123/3112/708
f 6126/3113/709 6128/3115/710 6127/3116/710 6125/3114/709
f 6128/3115/710 6130/3117/711 6129/3118/711 6127/3116/710
f 6130/3117/711 6132/3119/712 6131/3120/712 6129/3118/711
f 6132/3119/712 6134/3121/713 6133/3122/713 6131/3120/712
f 6134/3121/713 6136/3123/714 6135/3124/714 6133/3122/713
f 6136/3123/714 6138/1946/715 6137/62/715 6135/3124/714
f 6138/1946/715 6140/3125/716 6139/3126/716 6137/62/715
f 6140/3125/716 6142/3127/717 6141/3128/717 6139/3126/716
f 6142/3127/717 6144/3129/718 6143/3130/718 6141/3128/717
f 6144/3129/718 6146/3131/719 6145/3132/719 6143/3130/718
f 6146/3131/719 6148/3133/720 6147/3134/720 6145/3132/719
f 6148/3133/720 6150/3135/721 6149/3136/721 6147/3134/720
f 6150/3135/721 6152/3137/722 6151/3138/722 6149/3136/721
f 6152/3137/722 6154/3139/723 6153/3140/723 6151/3138/722
f 6154/3139/723 6156/3141/724 6155/3142/724 6153/3140/723
f 6156/3141/724 6158/3143/725 6157/3144/725 6155/3142/724
f 6158/3143/725 6160/3145/726 6159/3146/726 6157/3144/725
f 6160/3145/726 6162/3147/727 6161/3148/727 6159/3146/726
f 6162/3147/727 6164/3149/728 6163/3150/728 6161/3148/727
f 6164/3149/728 6166/3151/729 6165/3152/729 6163/3150/728
f 6166/3151/729 6168/3153/730 6167/3154/730 6165/3152/729
f 6168/3153/730 6170/3155/731 6169/3156/731 6167/3154/730
f 6170/3155/731 6172/3157/732 6171/3158/732 6169/3156/731
f 6172/3157/732 6174/3159/733 6173/3160/733 6171/3158/732
f 6174/3159/733 6176/3161/734 6175/3162/734 6173/3160/733
f 6176/3161/734 6178/3163/735 6177/3164/735 6175/3162/734
f 6178/3163/735 6180/3165/736 6179/3166/736 6177/3164/735
f 6180/3165/736 6182/3167/737 6181/3168/737 6179/3166/736
f 6182/3167/737 6184/3169/738 6183/3170/738 6181/3168/737
f 6184/3169/738 6186/3171/739 6185/3172/739 6183/3170/738
f 6186/3171/739 6188/3173/740 6187/3174/740 6185/3172/739
f 6188/3173/740 6190/3175/741 6189/3176/741 6187/3174/740
f 6190/3175/741 6192/3177/182 6191/3178/182 6189/3176/741
f 6192/3177/182 6194/3179/742 6193/3180/742 6191/3178/182
f 6194/3179/742 6196/3181/743 6195/3182/743 6193/3180/742
f 6196/3181/743 6198/3183/744 6197/3184/744 6195/3182/743
f 6198/3183/744 6200/3185/745 6199/3186/745 6197/3184/744
f 6200/3185/745 6202/3187/746 6201/3188/746 6199/3186/745
f 6202/3187/746 6204/3189/747 6203/3190/747 6201/3188/746
f 6204/3189/747 6206/3191/748 6205/3192/748 6203/3190/747
f 6206/3191/748 6208/3193/749 6207/3194/749 6205/3192/748
f 6208/3193/749 6210/3195/750 6209/3196/750 6207/3194/749
f 6210/3195/750 6212/3197/751 6211/3198/751 6209/3196/750
f 6212/3197/751 6214/3199/752 6213/3200/752 6211/3198/751
f 6214/3199/752 6216/3201/753 6215/3202/753 6213/3200/752
f 6216/3201/753 6218/3203/754 6217/3204/754 6215/3202/753
f 6218/3203/754 6220/3205/755 6219/3206/755 6217/3204/754
f 6220/3205/755 6222/3207/756 6221/3208/756 6219/3206/755
f 6222/3207/756 6224/2449/757 6223/82/757 6221/3208/756
f 6224/2449/757 6226/3209/758 6225/3210/758 6223/82/757
f 6226/3209/758 6228/3211/759 6227/3212/759 6225/3210/758
f 6228/3211/759 6230/3213/760 6229/3214/760 6227/3212/759
f 6230/3213/760 6232/3215/761 6231/3216/761 6229/3214/760
f 6232/3215/761 6234/3217/762 6233/3218/762 6231/3216/761
f 6234/3217/762 6236/3219/763 6235/3220/763 6233/3218/762
f 6236/3219/763 6238/3221/764 6237/3222/764 6235/3220/763
f 6238/3221/764 6240/3223/765 6239/3224/765 6237/3222/764
f 6240/3223/765 6242/3225/766 6241/3226/766 6239/3224/765
f 6242/3225/766 6244/3227/767 6243/3228/767 6241/3226/766
f 6244/3227/767 6246/3229/768 6245/3230/768 6243/3228/767
f 6246/3229/768 6248/3231/769 6247/3232/769 6245/3230/768
f 6248/3231/769 6250/3233/770 6249/3234/770 6247/3232/769
f 6250/3233/770 6252/3235/771 6251/3236/771 6249/3234/770
f 6252/3235/771 6254/3237/772 6253/3238/772 6251/3236/771
f 6254/3237/772 6256/3239/773 6255/3240/773 6253/3238/772
f 6256/3239/773 6258/3241/774 6257/3242/774 6255/3240/773
f 6258/3241/774 6260/3243/775 6259/3244/775 6257/3242/774
f 6260/3243/775 6262/3245/776 6261/3246/776 6259/3244/775
f 6262/3245/776 6264/3247/777 6263/3248/777 6261/3246/776
f 6264/3247/777 6266/3249/778 6265/3250/778 6263/3248/777
f 6266/3249/778 6268/3251/779 6267/3252/779 6265/3250/778
f 6268/3251/779 6270/3253/780 6269/3254/780 6267/3252/779
f 6270/3253/780 6272/3255/781 6271/3256/781 6269/3254/780
f 6272/3255/781 6274/3257/782 6273/3258/782 6271/3256/781
f 6274/3257/782 6276/3259/783 6275/3260/783 6273/3258/782
f 6276/3259/783 6278/3261/784 6277/3262/784 6275/3260/783
f 6278/3261/784 6280/3263/785 6279/3264/785 6277/3262/784
f 6280/3263/785 6282/3265/786 6281/3266/786 6279/3264/785
f 6282/3265/786 6284/3267/787 6283/3268/787 6281/3266/786
f 6284/3267/787 6286/3269/788 6285/3270/788 6283/3268/787
f 6286/3269/788 6288/3271/789 6287/3272/789 6285/3270/788
f 6288/3271/789 6290/3273/790 6289/3274/790 6287/3272/789
f 6290/3273/790 6292/3275/274 6291/3276/274 6289/3274/790
f 6292/3275/274 6294/3277/791 6293/3278/791 6291/3276/274
f 6294/3277/791 6296/3279/792 6295/3280/792 6293/3278/791
f 6296/3279/792 6298/3281/793 6297/3282/793 6295/3280/792
f 6298/3281/793 6300/3283/794 6299/3284/794 6297/3282/793
f 6300/3283/794 6302/3285/795 6301/3286/795 6299/3284/794
f 6302/3285/795 6304/3287/796 6303/3288/796 6301/3286/795
f 6304/3287/796 6306/3289/797 6305/3290/797 6303/3288/796
f 6306/3289/797 6308/3291/798 6307/3292/798 6305/3290/797
f 6308/3291/798 6310/2049/799 6309/101/799 6307/3292/798
f 6310/2049/799 6312/3293/800 6311/3294/800 6309/101/799
f 6312/3293/800 6314/3295/801 6313/3296/801 6311/3294/800
f 6314/3295/801 6316/3297/802 6315/3298/802 6313/3296/801
f 6316/3297/802 6318/3299/803 6317/3300/803 6315/3298/802
f 6318/3299/803 6320/3301/804 6319/3302/804 6317/3300/803
f 6320/3301/804 6322/3303/805 6321/3304/805 6319/3302/804
f 6322/3303/805 6324/3305/806 6323/3306/806 6321/3304/805
f 6324/3305/806 6326/3307/807 6325/3308/807 6323/3306/806
f 6326/3307/807 6328/3309/808 6327/3310/808 6325/3308/807
f 6328/3309/808 6330/3311/809 6329/3312/809 6327/3310/808
f 6330/3311/809 6332/3313/810 6331/3314/810 6329/3312/809
f 6332/3313/810 6334/3315/811 6333/3316/811 6331/3314/810
f 6334/3315/811 6336/3317/812 6335/3318/812 6333/3316/811
f 6336/3317/812 6338/3319/813 6337/3320/813 6335/3318/812
f 6338/3319/813 6340/3321/814 6339/3322/814 6337/3320/813
f 6340/3321/814 6342/3323/815 6341/3324/815 6339/3322/814
f 6342/3323/815 6344/3325/816 6343/3326/816 6341/3324/815
f 6344/3325/816 6346/3327/817 6345/3328/817 6343/3326/816
f 6346/3327/817 6348/3329/818 6347/3330/818 6345/3328/817
f 6348/3329/818 6350/3331/819 6349/3332/819 6347/3330/818
f 6350/3331/819 6352/3333/820 6351/3334/820 6349/3332/819
f 6352/3333/820 6354/3335/821 6353/3336/821 6351/3334/820
f 6354/3335/821 6356/3337/822 6355/3338/822 6353/3336/821
f 6356/3337/822 6358/3339/823 6357/3340/823 6355/3338/822
f 6358/3339/823 6360/3341/824 6359/3342/824 6357/3340/823
f 6360/3341/824 6362/3343/825 6361/3344/825 6359/3342/824
f 6362/3343/825 6364/3345/826 6363/3346/826 6361/3344/825
f 6364/3345/826 6366/3347/827 6365/3348/827 6363/3346/826
f 6366/3347/827 6368/3349/828 6367/3350/828 6365/3348/827
f 6368/3349/828 6370/3351/829 6369/3352/829 6367/3350/828
f 6370/3351/829 6372/3353/830 6371/3354/830 6369/3352/829
f 6372/3353/830 6374/3355/831 6373/3356/831 6371/3354/830
f 6374/3355/831 6376/3357/832 6375/3358/832 6373/3356/831
f 6376/3357/832 6378/3359/833 6377/3360/833 6375/3358/832
f 6378/3359/833 6380/3361/834 6379/3362/834 6377/3360/833
f 6380/3361/834 6382/3363/835 6381/3364/835 6379/3362/834
f 6382/3363/835 6384/3365/836 6383/3366/836 6381/3364/835
f 6384/3365/836 6386/3367/837 6385/3368/837 6383/3366/836
f 6386/3367/837 6388/3369/838 6387/3370/838 6385/3368/837
f 6388/3369/838 6390/3371/839 6389/3372/839 6387/3370/838
f 6390/3371/839 6392/3373/840 6391/3374/840 6389/3372/839
f 6392/3373/840 6394/3375/841 6393/3376/841 6391/3374/840
f 6394/3375/841 6396/3377/842 6395/81/842 6393/3376/841
f 6396/3377/842 6398/3378/843 6397/3379/843 6395/81/842
f 6398/3378/843 6400/3380/844 6399/3381/844 6397/3379/843
f 6400/3380/844 6402/3382/845 6401/3383/845 6399/3381/844
f 6402/3382/845 6404/3384/846 6403/3385/846 6401/3383/845
f 6404/3384/846 6406/3386/847 6405/3387/847 6403/3385/846
f 6406/3386/847 6408/3388/848 6407/3389/848 6405/3387/847
f 6408/3388/848 6410/3390/849 6409/3391/849 6407/3389/848
f 6410/3390/849 6412/3392/850 6411/3393/850 6409/3391/849
f 6412/3392/850 6414/3394/851 6413/3395/851 6411/3393/850
f 6414/3394/851 6416/3396/852 6415/3397/852 6413/3395/851
f 6416/3396/852 6418/3398/853 6417/3399/853 6415/3397/852
f 6418/3398/853 6420/3400/854 6419/3401/854 6417/3399/853
f 6420/3400/854 6422/3402/855 6421/3403/855 6419/3401/854
f 6422/3402/855 6424/3404/856 6423/3405/856 6421/3403/855
f 6424/3404/856 6426/3406/857 6425/3407/857 6423/3405/856
f 6426/3406/857 6428/3408/858 6427/3409/858 6425/3407/857
f 6428/3408/858 6430/3410/859 6429/3411/859 6427/3409/858
f 6430/3410/859 6432/3412/860 6431/3413/860 6429/3411/859
f 6432/3412/860 6434/3414/861 6433/3415/861 6431/3413/860
f 6434/3414/861 6436/3416/862 6435/3417/862 6433/3415/861
f 6436/3416/862 6438/3418/863 6437/3419/863 6435/3417/862
f 6438/3418/863 6440/3420/864 6439/3421/864 6437/3419/863
f 6440/3420/864 6442/3422/865 6441/3423/865 6439/3421/864
f 6442/3422/865 6444/3424/866 6443/3425/866 6441/3423/865
f 6444/3424/866 6446/3426/867 6445/3427/867 6443/3425/866
f 6446/3426/867 6448/3428/868 6447/3429/868 6445/3427/867
f 6448/3428/868 6450/3430/869 6449/3431/869 6447/3429/868
f 6450/3430/869 6452/3432/870 6451/3433/870 6449/3431/869
f 6452/3432/870 6454/3434/871 6453/3435/871 6451/3433/870
f 6454/3434/871 6456/3436/872 6455/3437/872 6453/3435/871
f 6456/3436/872 6458/3438/873 6457/3439/873 6455/3437/872
f 6458/3438/873 6460/3440/874 6459/3441/874 6457/3439/873
f 6460/3440/874 6462/3442/875 6461/3443/875 6459/3441/874
f 6462/3442/875 6464/3444/876 6463/3445/876 6461/3443/875
f 6464/3444/876 6466/3446/877 6465/3447/877 6463/3445/876
f 6466/3446/877 6468/3448/878 6467/3449/878 6465/3447/877
f 6468/3448/878 6470/3450/879 6469/3451/879 6467/3449/878
f 6470/3450/879 6472/3452/880 6471/3453/880 6469/3451/879
f 6472/3452/880 6474/3454/881 6473/3455/881 6471/3453/880
f 6474/3454/881 6476/3456/882 6475/3457/882 6473/3455/881
f 6476/3456/882 6478/3458/883 6477/3459/883 6475/3457/882
f 6478/3458/883 6480/3460/884 6479/3461/884 6477/3459/883
f 6480/3460/884 6482/2152/885 6481/61/885 6479/3461/884
f 6482/2152/885 6484/3462/886 6483/3463/886 6481/61/885
f 6484/3462/886 6486/3464/887 6485/3465/887 6483/3463/886
f 6486/3464/887 6488/3466/888 6487/3467/888 6485/3465/887
f 6488/3466/888 6490/3468/889 6489/3469/889 6487/3467/888
f 6490/3468/889 6492/3470/890 6491/3471/890 6489/3469/889
f 6492/3470/890 6494/3472/891 6493/3473/891 6491/3471/890
f 6494/3472/891 6496/3474/892 6495/3475/892 6493/3473/891
f 6496/3474/892 6498/3476/893 6497/3477/893 6495/3475/892
f 6498/3476/893 6500/3478/894 6499/3479/894 6497/3477/893
f 6500/3478/894 6502/3480/895 6501/3481/895 6499/3479/894
f 6502/3480/895 6504/3482/896 6503/3483/896 6501/3481/895
f 6504/3482/896 6506/3484/897 6505/3485/897 6503/3483/896
f 6506/3484/897 6508/3486/898 6507/3487/898 6505/3485/897
f 6508/3486/898 6510/3488/899 6509/3489/899 6507/3487/898
f 6510/3488/899 6512/3490/900 6511/3491/900 6509/3489/899
f 6512/3490/900 6514/3492/901 6513/3493/901 6511/3491/900
f 6514/3492/901 6516/3494/902 6515/3495/902 6513/3493/901
f 6516/3494/902 6518/3496/903 6517/3497/903 6515/3495/902
f 6518/3496/903 6520/3498/904 6519/3499/904 6517/3497/903
f 6520/3498/904 6522/3500/905 6521/3501/905 6519/3499/904
f 6522/3500/905 6524/3502/906 6523/3503/906 6521/3501/905
f 6524/3502/906 6526/3504/907 6525/3505/907 6523/3503/906
f 6526/3504/907 6528/3506/908 6527/3507/908 6525/3505/907
f 6528/3506/908 6530/3508/909 6529/3509/909 6527/3507/908
f 6530/3508/909 6532/3510/910 6531/3511/910 6529/3509/909
f 6532/3510/910 6534/3512/911 6533/3513/911 6531/3511/910
f 6534/3512/911 6536/3514/912 6535/3515/912 6533/3513/911
f 6536/3514/912 6538/3516/913 6537/3517/913 6535/3515/912
f 6538/3516/913 6540/3518/914 6539/3519/914 6537/3517/913
f 6540/3518/914 6542/3520/915 6541/3521/915 6539/3519/914
f 6542/3520/915 6544/3522/916 6543/3523/916 6541/3521/915
f 6544/3522/916 6546/3524/917 6545/3525/917 6543/3523/916
f 6546/3524/917 6548/3526/918 6547/3527/918 6545/3525/917
f 6548/3526/918 6550/3528/919 6549/3529/919 6547/3527/918
f 6550/3528/919 6552/3530/920 6551/3531/920 6549/3529/919
f 6552/3530/920 6554/3532/921 6553/3533/921 6551/3531/920
f 6554/3532/921 6556/3534/922 6555/3535/922 6553/3533/921
f 6556/3534/922 6558/3536/923 6557/3537/923 6555/3535/922
f 6558/3536/923 6560/3538/924 6559/3539/924 6557/3537/923
f 6560/3538/924 6562/3540/925 6561/3541/925 6559/3539/924
f 6562/3540/925 6564/3542/926 6563/3543/926 6561/3541/925
f 6564/3542/926 6566/3544/927 6565/3545/927 6563/3543/926
f 6566/3544/927 6568/3546/865 6567/41/865 6565/3545/927
f 6568/3546/865 6570/3547/928 6569/3548/928 6567/41/865
f 6570/3547/928 6572/3549/929 6571/3550/929 6569/3548/928
f 6572/3549/929 6574/3551/930 6573/3552/930 6571/3550/929
f 6574/3551/930 6576/3553/931 6575/3554/931 6573/3552/930
f 6576/3553/931 6578/3555/932 6577/3556/932 6575/3554/931
f 6578/3555/932 6580/3557/933 6579/3558/933 6577/3556/932
f 6580/3557/933 6582/3559/934 6581/3560/934 6579/3558/933
f 6582/3559/934 6584/3561/935 6583/3562/935 6581/3560/934
f 6584/3561/935 6586/3563/936 6585/3564/936 6583/3562/935
f 6586/3563/936 6588/3565/937 6587/3566/937 6585/3564/936
f 6588/3565/937 6590/3567/938 6589/3568/938 6587/3566/937
f 6590/3567/938 6592/3569/939 6591/3570/939 6589/3568/938
f 6592/3569/939 6594/3571/940 6593/3572/940 6591/3570/939
f 6594/3571/940 6596/3573/941 6595/3574/941 6593/3572/940
f 6596/3573/941 6598/3575/942 6597/3576/942 6595/3574/941
f 6598/3575/942 6600/3577/943 6599/3578/943 6597/3576/942
f 6600/3577/943 6602/3579/944 6601/3580/944 6599/3578/943
f 6602/3579/944 6604/3581/945 6603/3582/945 6601/3580/944
f 6604/3581/945 6606/3583/946 6605/3584/946 6603/3582/945
f 6606/3583/946 6608/3585/947 6607/3586/947 6605/3584/946
f 6608/3585/947 6610/3587/948 6609/3588/948 6607/3586/947
f 6610/3587/948 6612/3589/949 6611/3590/949 6609/3588/948
f 6612/3589/949 6614/3591/950 6613/3592/950 6611/3590/949
f 6614/3591/950 6616/3593/951 6615/3594/951 6613/3592/950
f 6616/3593/951 6618/3595/952 6617/3596/952 6615/3594/951
f 6618/3595/952 6620/3597/953 6619/3598/953 6617/3596/952
f 6620/3597/953 6622/3599/954 6621/3600/954 6619/3598/953
f 6622/3599/954 6624/3601/955 6623/3602/955 6621/3600/954
f 6624/3601/955 6626/3603/956 6625/3604/956 6623/3602/955
f 6626/3603/956 6628/3605/895 6627/3606/895 6625/3604/956
f 6628/3605/895 6630/3607/957 6629/3608/957 6627/3606/895
f 6630/3607/957 6632/3609/958 6631/3610/958 6629/3608/957
f 6632/3609/958 6634/3611/959 6633/3612/959 6631/3610/958
f 6634/3611/959 6636/3613/960 6635/3614/960 6633/3612/959
f 6636/3613/960 6638/3615/961 6637/3616/961 6635/3614/960
f 6638/3615/961 6640/3617/962 6639/3618/962 6637/3616/961
f 6640/3617/962 6642/3619/963 6641/3620/963 6639/3618/962
f 6642/3619/963 6644/3621/964 6643/3622/964 6641/3620/963
f 6644/3621/964 6646/3623/965 6645/3624/965 6643/3622/964
f 6646/3623/965 6648/3625/966 6647/3626/966 6645/3624/965
f 6648/3625/966 6650/3627/967 6649/3628/967 6647/3626/966
f 6650/3627/967 6652/3629/968 6651/3630/968 6649/3628/967
f 6652/3629/968 5794/2255/545 5793/2/545 6651/3630/968
f 6654/1740/969 6656/3631/970 6655/3632/970 6653/29/969
f 6656/3631/970 6658/3633/971 6657/3634/971 6655/3632/970
f 6658/3633/971 6660/3635/972 6659/3636/972 6657/3634/971
f 6660/3635/972 6662/3637/973 6661/3638/973 6659/3636/972
f 6662/3637/973 6664/3639/974 6663/3640/974 6661/3638/973
f 6664/3639/974 6666/3641/975 6665/3642/975 6663/3640/974
f 6666/3641/975 6668/3643/976 6667/3644/976 6665/3642/975
f 6668/3643/976 6670/3645/977 6669/3646/977 6667/3644/976
f 6670/3645/977 6672/3647/978 6671/3648/978 6669/3646/977
f 6672/3647/978 6674/3649/979 6673/3650/979 6671/3648/978
f 6674/3649/979 6676/3651/980 6675/3652/980 6673/3650/979
f 6676/3651/980 6678/3653/981 6677/3654/981 6675/3652/980
f 6678/3653/981 6680/3655/982 6679/3656/982 6677/3654/981
f 6680/3655/982 6682/3657/983 6681/3658/983 6679/3656/982
f 6682/3657/983 6684/3659/984 6683/3660/984 6681/3658/983
f 6684/3659/984 6686/3661/985 6685/3662/985 6683/3660/984
f 6686/3661/985 6688/3663/986 6687/3664/986 6685/3662/985
f 6688/3663/986 6690/3665/987 6689/3666/987 6687/3664/986
f 6690/3665/987 6692/3667/988 6691/3668/988 6689/3666/987
f 6692/3667/988 6694/3669/989 6693/3670/989 6691/3668/988
f 6694/3669/989 6696/3671/990 6695/3672/990 6693/3670/989
f 6696/3671/990 6698/3673/991 6697/3674/991 6695/3672/990
f 6698/3673/991 6700/3675/992 6699/3676/992 6697/3674/991
f 6700/3675/992 6702/3677/993 6701/3678/993 6699/3676/992
f 6702/3677/993 6704/3679/994 6703/3680/994 6701/3678/993
f 6704/3679/994 6706/3681/995 6705/3682/995 6703/3680/994
f 6706/3681/995 6708/3683/996 6707/3684/996 6705/3682/995
f 6708/3683/996 6710/3685/997 6709/3686/997 6707/3684/996
f 6710/3685/997 6712/3687/998 6711/3688/998 6709/3686/997
f 6712/3687/998 6714/3689/582 6713/3690/582 6711/3688/998
f 6714/3689/582 6716/3691/999 6715/3692/999 6713/3690/582
f 6716/3691/999 6718/3693/1000 6717/3694/1000 6715/3692/999
f 6718/3693/1000 6720/3695/1001 6719/3696/1001 6717/3694/1000
f 6720/3695/1001 6722/3697/1002 6721/3698/1002 6719/3696/1001
f 6722/3697/1002 6724/3699/1003 6723/3700/1003 6721/3698/1002
f 6724/3699/1003 6726/3701/1004 6725/3702/1004 6723/3700/1003
f 6726/3701/1004 6728/3703/1005 6727/3704/1005 6725/3702/1004
f 6728/3703/1005 6730/3705/1006 6729/3706/1006 6727/3704/1005
f 6730/3705/1006 6732/3707/1007 6731/3708/1007 6729/3706/1006
f 6732/3707/1007 6734/3709/1008 6733/3710/1008 6731/3708/1007
f 6734/3709/1008 6736/3711/1009 6735/3712/1009 6733/3710/1008
f 6736/3711/1009 6738/3713/1010 6737/3714/1010 6735/3712/1009
f 6738/3713/1010 6740/3715/1011 6739/3716/1011 6737/3714/1010
f 6740/3715/1011 6742/3717/1012 6741/3718/1012 6739/3716/1011
f 6742/3717/1012 6744/3719/1013 6743/3720/1013 6741/3718/1012
f 6744/3719/1013 6746/3721/1014 6745/3722/1014 6743/3720/1013
f 6746/3721/1014 6748/3723/1015 6747/3724/1015 6745/3722/1014
f 6748/3723/1015 6750/3725/1016 6749/3726/1016 6747/3724/1015
f 6750/3725/1016 6752/3727/1017 6751/3728/1017 6749/3726/1016
f 6752/3727/1017 6754/3729/1018 6753/3730/1018 6751/3728/1017
f 6754/3729/1018 6756/3731/1019 6755/3732/1019 6753/3730/1018
f 6756/3731/1019 6758/3733/1020 6757/3734/1020 6755/3732/1019
f 6758/3733/1020 6760/3735/1021 6759/3736/1021 6757/3734/1020
f 6760/3735/1021 6762/3737/1022 6761/3738/1022 6759/3736/1021
f 6762/3737/1022 6764/3739/1023 6763/3740/1023 6761/3738/1022
f 6764/3739/1023 6766/3741/1024 6765/3742/1024 6763/3740/1023
f 6766/3741/1024 6768/3743/1025 6767/3744/1025 6765/3742/1024
f 6768/3743/1025 6770/3745/1026 6769/3746/1026 6767/3744/1025
f 6770/3745/1026 6772/3747/1027 6771/3748/1027 6769/3746/1026
f 6772/3747/1027 6774/3749/1028 6773/3750/1028 6771/3748/1027
f 6774/3749/1028 6776/3751/1029 6775/3752/1029 6773/3750/1028
f 6776/3751/1029 6778/3753/1030 6777/3754/1030 6775/3752/1029
f 6778/3753/1030 6780/3755/1031 6779/3756/1031 6777/3754/1030
f 6780/3755/1031 6782/3757/1032 6781/3758/1032 6779/3756/1031
f 6782/3757/1032 6784/3759/1033 6783/3760/1033 6781/3758/1032
f 6784/3759/1033 6786/3761/1034 6785/3762/1034 6783/3760/1033
f 6786/3761/1034 6788/3763/1035 6787/3764/1035 6785/3762/1034
f 6788/3763/1035 6790/3765/1036 6789/3766/1036 6787/3764/1035
f 6790/3765/1036 6792/3767/1037 6791/3768/1037 6789/3766/1036
f 6792/3767/1037 6794/3769/1038 6793/3770/1038 6791/3768/1037
f 6794/3769/1038 6796/3771/1039 6795/3772/1039 6793/3770/1038
f 6796/3771/1039 6798/3773/1040 6797/3774/1040 6795/3772/1039
f 6798/3773/1040 6800/3775/1041 6799/3776/1041 6797/3774/1040
f 6800/3775/1041 6802/3777/1042 6801/3778/1042 6799/3776/1041
f 6802/3777/1042 6804/3779/1043 6803/3780/1043 6801/3778/1042
f 6804/3779/1043 6806/3781/1044 6805/3782/1044 6803/3780/1043
f 6806/3781/1044 6808/3783/1045 6807/3784/1045 6805/3782/1044
f 6808/3783/1045 6810/3785/1046 6809/3786/1046 6807/3784/1045
f 6810/3785/1046 6812/3787/1047 6811/3788/1047 6809/3786/1046
f 6812/3787/1047 6814/3789/1048 6813/3790/1048 6811/3788/1047
f 6814/3789/1048 6816/3791/1049 6815/3792/1049 6813/3790/1048
f 6816/3791/1049 6818/3793/1050 6817/3794/1050 6815/3792/1049
f 6818/3793/1050 6820/3795/1051 6819/3796/1051 6817/3794/1050
f 6820/3795/1051 6822/3797/1052 6821/3798/1052 6819/3796/1051
f 6822/3797/1052 6824/3799/1053 6823/3800/1053 6821/3798/1052
f 6824/3799/1053 6826/3801/1054 6825/3802/1054 6823/3800/1053
f 6826/3801/1054 6828/3803/1055 6827/3804/1055 6825/3802/1054
f 6828/3803/1055 6830/3805/1056 6829/3806/1056 6827/3804/1055
f 6830/3805/1056 6832/3807/1057 6831/3808/1057 6829/3806/1056
f 6832/3807/1057 6834/3809/1058 6833/3810/1058 6831/3808/1057
f 6834/3809/1058 6836/3811/1059 6835/3812/1059 6833/3810/1058
f 6836/3811/1059 6838/3813/1060 6837/3814/1060 6835/3812/1059
f 6838/3813/1060 6840/3815/1061 6839/3816/1061 6837/3814/1060
f 6840/3815/1061 6842/3817/1062 6841/3818/1062 6839/3816/1061
f 6842/3817/1062 6844/3819/1063 6843/3820/1063 6841/3818/1062
f 6844/3819/1063 6846/3821/1064 6845/3822/1064 6843/3820/1063
f 6846/3821/1064 6848/3823/1065 6847/3824/1065 6845/3822/1064
f 6848/3823/1065 6850/3825/1066 6849/3826/1066 6847/3824/1065
f 6850/3825/1066 6852/3827/1067 6851/3828/1067 6849/3826/1066
f 6852/3827/1067 6854/3829/1068 6853/3830/1068 6851/3828/1067
f 6854/3829/1068 6856/3831/1069 6855/3832/1069 6853/3830/1068
f 6856/3831/1069 6858/3833/1070 6857/3834/1070 6855/3832/1069
f 6858/3833/1070 6860/3835/1071 6859/3836/1071 6857/3834/1070
f 6860/3835/1071 6862/3837/1072 6861/3838/1072 6859/3836/1071
f 6862/3837/1072 6864/3839/1073 6863/3840/1073 6861/3838/1072
f 6864/3839/1073 6866/3841/1074 6865/3842/1074 6863/3840/1073
f 6866/3841/1074 6868/3843/1075 6867/3844/1075 6865/3842/1074
f 6868/3843/1075 6870/3845/1076 6869/3846/1076 6867/3844/1075
f 6870/3845/1076 6872/3847/1077 6871/3848/1077 6869/3846/1076
f 6872/3847/1077 6874/3849/1078 6873/3850/1078 6871/3848/1077
f 6874/3849/1078 6876/3851/1079 6875/3852/1079 6873/3850/1078
f 6876/3851/1079 6878/3853/1080 6877/3854/1080 6875/3852/1079
f 6878/3853/1080 6880/3855/1081 6879/3856/1081 6877/3854/1080
f 6880/3855/1081 6882/3857/1082 6881/3858/1082 6879/3856/1081
f 6882/3857/1082 6884/3859/1083 6883/3860/1083 6881/3858/1082
f 6884/3859/1083 6886/3861/1084 6885/3862/1084 6883/3860/1083
f 6886/3861/1084 6888/3863/1085 6887/3864/1085 6885/3862/1084
f 6888/3863/1085 6890/3865/1086 6889/3866/1086 6887/3864/1085
f 6890/3865/1086 6892/3867/1087 6891/3868/1087 6889/3866/1086
f 6892/3867/1087 6894/3869/1088 6893/3870/1088 6891/3868/1087
f 6894/3869/1088 6896/3871/1089 6895/3872/1089 6893/3870/1088
f 6896/3871/1089 6898/3873/1090 6897/3874/1090 6895/3872/1089
f 6898/3873/1090 6900/3875/1091 6899/3876/1091 6897/3874/1090
f 6900/3875/1091 6902/3877/1092 6901/3878/1092 6899/3876/1091
f 6902/3877/1092 6904/3879/1093 6903/3880/1093 6901/3878/1092
f 6904/3879/1093 6906/3881/1094 6905/3882/1094 6903/3880/1093
f 6906/3881/1094 6908/3883/1095 6907/3884/1095 6905/3882/1094
f 6908/3883/1095 6910/3885/1096 6909/3886/1096 6907/3884/1095
f 6910/3885/1096 6912/3887/1097 6911/3888/1097 6909/3886/1096
f 6912/3887/1097 6914/3889/1098 6913/3890/1098 6911/3888/1097
f 6914/3889/1098 6916/3891/1099 6915/3892/1099 6913/3890/1098
f 6916/3891/1099 6918/3893/1100 6917/3894/1100 6915/3892/1099
f 6918/3893/1100 6920/3895/1101 6919/3896/1101 6917/3894/1100
f 6920/3895/1101 6922/3897/1102 6921/3898/1102 6919/3896/1101
f 6922/3897/1102 6924/3899/1103 6923/3900/1103 6921/3898/1102
f 6924/3899/1103 6926/3901/1104 6925/3902/1104 6923/3900/1103
f 6926/3901/1104 6928/3903/1105 6927/3904/1105 6925/3902/1104
f 6928/3903/1105 6930/3905/1106 6929/3906/1106 6927/3904/1105
f 6930/3905/1106 6932/3907/1107 6931/3908/1107 6929/3906/1106
f 6932/3907/1107 6934/3909/1108 6933/3910/1108 6931/3908/1107
f 6934/3909/1108 6936/3911/1109 6935/3912/1109 6933/3910/1108
f 6936/3911/1109 6938/3913/1110 6937/3914/1110 6935/3912/1109
f 6938/3913/1110 6940/3915/1111 6939/3916/1111 6937/3914/1110
f 6940/3915/1111 6942/3917/1112 6941/3918/1112 6939/3916/1111
f 6942/3917/1112 6944/3919/1113 6943/3920/1113 6941/3918/1112
f 6944/3919/1113 6946/3921/1114 6945/3922/1114 6943/3920/1113
f 6946/3921/1114 6948/3923/1115 6947/3924/1115 6945/3922/1114
f 6948/3923/1115 6950/3925/1116 6949/3926/1116 6947/3924/1115
f 6950/3925/1116 6952/3927/1117 6951/3928/1117 6949/3926/1116
f 6952/3927/1117 6954/3929/1118 6953/3930/1118 6951/3928/1117
f 6954/3929/1118 6956/3931/1119 6955/3932/1119 6953/3930/1118
f 6956/3931/1119 6958/3933/1120 6957/3934/1120 6955/3932/1119
f 6958/3933/1120 6960/3935/1121 6959/3936/1121 6957/3934/1120
f 6960/3935/1121 6962/3937/1122 6961/3938/1122 6959/3936/1121
f 6962/3937/1122 6964/3939/1123 6963/3940/1123 6961/3938/1122
f 6964/3939/1123 6966/3941/1124 6965/3942/1124 6963/3940/1123
f 6966/3941/1124 6654/2255/969 6653/2/969 6965/3942/1124
f 6968/1740/1125 6970/3943/1126 6969/3944/1126 6967/29/1125
f 6970/3943/1126 6972/3945/1127 6971/3946/1127 6969/3944/1126
f 6972/3945/1127 6974/3947/1128 6973/19/1128 6971/3946/1127
f 6974/3947/1128 6976/3948/1129 6975/3949/1129 6973/19/1128
f 6976/3948/1129 6978/3950/1130 6977/733/1130 6975/3949/1129
f 6978/3950/1130 6980/2871/1131 6979/9/1131 6977/733/1130
f 6980/2871/1131 6982/3951/1132 6981/3952/1132 6979/9/1131
f 6982/3951/1132 6984/3953/1133 6983/3954/1133 6981/3952/1132
f 6984/3953/1133 6986/3955/1134 6985/12/1134 6983/3954/1133
f 6986/3955/1134 6988/3956/1135 6987/730/1135 6985/12/1134
f 6988/3956/1135 6990/3957/1136 6989/3958/1136 6987/730/1135
f 6990/3957/1136 6992/1843/1137 6991/22/1137 6989/3958/1136
f 6992/1843/1137 6994/3959/1138 6993/3960/1138 6991/22/1137
f 6994/3959/1138 6996/3961/1139 6995/3962/1139 6993/3960/1138
f 6996/3961/1139 6998/2352/1140 6997/32/1140 6995/3962/1139
f 6998/2352/1140 7000/3963/1141 6999/3964/1141 6997/32/1140
f 7000/3963/1141 7002/3965/1142 7001/3966/1142 6999/3964/1141
f 7002/3965/1142 7004/3040/1143 7003/42/1143 7001/3966/1142
f 7004/3040/1143 7006/3967/1144 7005/3968/1144 7003/42/1143
f 7006/3967/1144 7008/3969/1145 7007/538/1145 7005/3968/1144
f 7008/3969/1145 7010/3970/1146 7009/52/1146 7007/538/1145
f 7010/3970/1146 7012/3971/1147 7011/3972/1147 7009/52/1146
f 7012/3971/1147 7014/3973/1148 7013/3974/1148 7011/3972/1147
f 7014/3973/1148 7016/1946/1149 7015/62/1149 7013/3974/1148
f 7016/1946/1149 7018/3975/1150 7017/564/1150 7015/62/1149
f 7018/3975/1150 7020/3976/1151 7019/3977/1151 7017/564/1150
f 7020/3976/1151 7022/3978/1152 7021/72/1152 7019/3977/1151
f 7022/3978/1152 7024/3979/1153 7023/3980/1153 7021/72/1152
f 7024/3979/1153 7026/3981/1154 7025/3982/1154 7023/3980/1153
f 7026/3981/1154 7028/2449/1155 7027/82/1155 7025/3982/1154
f 7028/2449/1155 7030/3983/1156 7029/3984/1156 7027/82/1155
f 7030/3983/1156 7032/3985/1157 7031/3986/1157 7029/3984/1156
f 7032/3985/1157 7034/3987/1158 7033/92/1158 7031/3986/1157
f 7034/3987/1158 7036/3988/1159 7035/3989/1159 7033/92/1158
f 7036/3988/1159 7038/3990/1160 7037/670/1160 7035/3989/1159
f 7038/3990/1160 7040/2049/1161 7039/101/1161 7037/670/1160
f 7040/2049/1161 7042/3991/1162 7041/3992/1162 7039/101/1161
f 7042/3991/1162 7044/3993/1163 7043/3994/1163 7041/3992/1162
f 7044/3993/1163 7046/3995/1164 7045/91/1164 7043/3994/1163
f 7046/3995/1164 7048/3996/1165 7047/695/1165 7045/91/1164
f 7048/3996/1165 7050/3997/1166 7049/3998/1166 7047/695/1165
f 7050/3997/1166 7052/3377/1167 7051/81/1167 7049/3998/1166
f 7052/3377/1167 7054/3999/1168 7053/4000/1168 7051/81/1167
f 7054/3999/1168 7056/4001/1169 7055/4002/1169 7053/4000/1168
f 7056/4001/1169 7058/2546/1170 7057/71/1170 7055/4002/1169
f 7058/2546/1170 7060/4003/1171 7059/4004/1171 7057/71/1170
f 7060/4003/1171 7062/4005/1172 7061/4006/1172 7059/4004/1171
f 7062/4005/1172 7064/2152/1173 7063/61/1173 7061/4006/1172
f 7064/2152/1173 7066/4007/1174 7065/4008/1174 7063/61/1173
f 7066/4007/1174 7068/4009/1175 7067/615/1175 7065/4008/1174
f 7068/4009/1175 7070/4010/1176 7069/51/1176 7067/615/1175
f 7070/4010/1176 7072/4011/1177 7071/4012/1177 7069/51/1176
f 7072/4011/1177 7074/4013/1178 7073/4014/1178 7071/4012/1177
f 7074/4013/1178 7076/3546/1179 7075/41/1179 7073/4014/1178
f 7076/3546/1179 7078/4015/1180 7077/578/1180 7075/41/1179
f 7078/4015/1180 7080/4016/1181 7079/4017/1181 7077/578/1180
f 7080/4016/1181 7082/4018/1182 7081/31/1182 7079/4017/1181
f 7082/4018/1182 7084/4019/1183 7083/4020/1183 7081/31/1182
f 7084/4019/1183 7086/4021/1184 7085/4022/1184 7083/4020/1183
f 7086/4021/1184 6968/2255/1125 6967/2/1125 7085/4022/1184
f 7088/1740/1185 7090/4023/1186 7089/775/1186 7087/29/1185
f 7090/4023/1186 7092/4024/1187 7091/773/1187 7089/775/1186
f 7092/4024/1187 7094/4025/1188 7093/771/1188 7091/773/1187
f 7094/4025/1188 7096/4026/1189 7095/769/1189 7093/771/1188
f 7096/4026/1189 7098/4027/1190 7097/767/1190 7095/769/1189
f 7098/4027/1190 7100/4028/1191 7099/765/1191 7097/767/1190
f 7100/4028/1191 7102/4029/1192 7101/763/1192 7099/765/1191
f 7102/4029/1192 7104/4030/1193 7103/761/1193 7101/763/1192
f 7104/4030/1193 7106/4031/1194 7105/759/1194 7103/761/1193
f 7106/4031/1194 7108/4032/1195 7107/757/1195 7105/759/1194
f 7108/4032/1195 7110/4033/1196 7109/755/1196 7107/757/1195
f 7110/4033/1196 7112/4034/1197 7111/753/1197 7109/755/1196
f 7112/4034/1197 7114/4035/1198 7113/750/1198 7111/753/1197
f 7114/4035/1198 7116/4036/1199 7115/752/1199 7113/750/1198
f 7116/4036/1199 7118/4037/1200 7117/751/1200 7115/752/1199
f 7118/4037/1200 7120/4038/1201 7119/754/1201 7117/751/1200
f 7120/4038/1201 7122/4039/1202 7121/756/1202 7119/754/1201
f 7122/4039/1202 7124/4040/1203 7123/758/1203 7121/756/1202
f 7124/4040/1203 7126/4041/1204 7125/760/1204 7123/758/1203
f 7126/4041/1204 7128/4042/1205 7127/762/1205 7125/760/1204
f 7128/4042/1205 7130/4043/1206 7129/764/1206 7127/762/1205
f 7130/4043/1206 7132/4044/1207 7131/766/1207 7129/764/1206
f 7132/4044/1207 7134/4045/1208 7133/768/1208 7131/766/1207
f 7134/4045/1208 7136/4046/1209 7135/770/1209 7133/768/1208
f 7136/4046/1209 7138/4047/1210 7137/772/1210 7135/770/1209
f 7138/4047/1210 7140/4048/1211 7139/774/1211 7137/772/1210
f 7140/4048/1211 7142/4049/1212 7141/776/1212 7139/774/1211
f 7142/4049/1212 7144/4050/1213 7143/777/1213 7141/776/1212
f 7144/4050/1213 7146/4051/1214 7145/778/1214 7143/777/1213
f 7146/4051/1214 7148/4052/1215 7147/779/1215 7145/778/1214
f 7148/4052/1215 7150/4053/1216 7149/780/1216 7147/779/1215
f 7150/4053/1216 7152/4054/1217 7151/781/1217 7149/780/1216
f 7152/4054/1217 7154/4055/1218 7153/782/1218 7151/781/1217
f 7154/4055/1218 7156/4056/1219 7155/783/1219 7153/782/1218
f 7156/4056/1219 7158/4057/1220 7157/784/1220 7155/783/1219
f 7158/4057/1220 7160/4058/1221 7159/785/1221 7157/784/1220
f 7160/4058/1221 7162/4059/1222 7161/786/1222 7159/785/1221
f 7162/4059/1222 7164/4060/1223 7163/787/1223 7161/786/1222
f 7164/4060/1223 7166/4061/1224 7165/788/1224 7163/787/1223
f 7166/4061/1224 7168/4062/1225 7167/789/1225 7165/788/1224
f 7168/4062/1225 7170/4063/1226 7169/790/1226 7167/789/1225
f 7170/4063/1226 7172/4064/1227 7171/791/1227 7169/790/1226
f 7172/4064/1227 7174/4065/1228 7173/792/1228 7171/791/1227
f 7174/4065/1228 7176/4066/1229 7175/793/1229 7173/792/1228
f 7176/4066/1229 7178/4067/1230 7177/794/1230 7175/793/1229
f 7178/4067/1230 7180/4068/1231 7179/795/1231 7177/794/1230
f 7180/4068/1231 7182/4069/1232 7181/796/1232 7179/795/1231
f 7182/4069/1232 7184/4070/1233 7183/797/1233 7181/796/1232
f 7184/4070/1233 7186/4071/1234 7185/798/1234 7183/797/1233
f 7186/4071/1234 7188/4072/1235 7187/799/1235 7185/798/1234
f 7188/4072/1235 7190/4073/1236 7189/800/1236 7187/799/1235
f 7190/4073/1236 7192/4074/1237 7191/801/1237 7189/800/1236
f 7192/4074/1237 7194/4075/1238 7193/802/1238 7191/801/1237
f 7194/4075/1238 7196/4076/1239 7195/803/1239 7193/802/1238
f 7196/4076/1239 7198/4077/1240 7197/804/1240 7195/803/1239
f 7198/4077/1240 7200/4078/1241 7199/805/1241 7197/804/1240
f 7200/4078/1241 7202/4079/1242 7201/806/1242 7199/805/1241
f 7202/4079/1242 7204/4080/1243 7203/807/1243 7201/806/1242
f 7204/4080/1243 7206/4081/1244 7205/808/1244 7203/807/1243
f 7206/4081/1244 7208/4082/1245 7207/809/1245 7205/808/1244
f 7208/4082/1245 7210/4083/1246 7209/810/1246 7207/809/1245
f 7210/4083/1246 7212/4084/452 7211/811/452 7209/810/1246
f 7212/4084/452 7214/4085/140 7213/812/140 7211/811/452
f 7214/4085/140 7216/4086/1247 7215/813/1247 7213/812/140
f 7216/4086/1247 7218/4087/1248 7217/814/1248 7215/813/1247
f 7218/4087/1248 7220/4088/1249 7219/816/1249 7217/814/1248
f 7220/4088/1249 7222/4089/972 7221/817/972 7219/816/1249
f 7222/4089/972 7224/4090/1250 7223/818/1250 7221/817/972
f 7224/4090/1250 7226/4091/1251 7225/820/1251 7223/818/1250
f 7226/4091/1251 7228/4092/1252 7227/821/1252 7225/820/1251
f 7228/4092/1252 7230/4093/1253 7229/823/1253 7227/821/1252
f 7230/4093/1253 7232/4094/1254 7231/824/1254 7229/823/1253
f 7232/4094/1254 7234/4095/1255 7233/826/1255 7231/824/1254
f 7234/4095/1255 7236/4096/1256 7235/827/1256 7233/826/1255
f 7236/4096/1256 7238/4097/1257 7237/829/1257 7235/827/1256
f 7238/4097/1257 7240/4098/1258 7239/830/1258 7237/829/1257
f 7240/4098/1258 7242/4099/1259 7241/832/1259 7239/830/1258
f 7242/4099/1259 7244/4100/1260 7243/833/1260 7241/832/1259
f 7244/4100/1260 7246/4101/1261 7245/835/1261 7243/833/1260
f 7246/4101/1261 7248/4102/1262 7247/837/1262 7245/835/1261
f 7248/4102/1262 7250/4103/1263 7249/839/1263 7247/837/1262
f 7250/4103/1263 7252/4104/1264 7251/841/1264 7249/839/1263
f 7252/4104/1264 7254/4105/1265 7253/843/1265 7251/841/1264
f 7254/4105/1265 7256/4106/1266 7255/846/1266 7253/843/1265
f 7256/4106/1266 7258/4107/1267 7257/847/1267 7255/846/1266
f 7258/4107/1267 7260/4108/1268 7259/848/1268 7257/847/1267
f 7260/4108/1268 7262/4109/1269 7261/850/1269 7259/848/1268
f 7262/4109/1269 7264/4110/1270 7263/851/1270 7261/850/1269
f 7264/4110/1270 7266/4111/1271 7265/852/1271 7263/851/1270
f 7266/4111/1271 7268/4112/1272 7267/853/1272 7265/852/1271
f 7268/4112/1272 7270/4113/1273 7269/855/1273 7267/853/1272
f 7270/4113/1273 7272/4114/1274 7271/856/1274 7269/855/1273
f 7272/4114/1274 7274/4115/1275 7273/857/1275 7271/856/1274
f 7274/4115/1275 7276/4116/1276 7275/858/1276 7273/857/1275
f 7276/4116/1276 7278/4117/1277 7277/859/1277 7275/858/1276
f 7278/4117/1277 7280/4118/1278 7279/860/1278 7277/859/1277
f 7280/4118/1278 7282/4119/1279 7281/862/1279 7279/860/1278
f 7282/4119/1279 7284/4120/1280 7283/863/1280 7281/862/1279
f 7284/4120/1280 7286/4121/1281 7285/864/1281 7283/863/1280
f 7286/4121/1281 7288/4122/1162 7287/865/1162 7285/864/1281
f 7288/4122/1162 7290/4123/1161 7289/866/1161 7287/865/1162
f 7290/4123/1161 7292/4124/1282 7291/873/1282 7289/866/1161
f 7292/4124/1282 7294/4125/1283 7293/875/1283 7291/873/1282
f 7294/4125/1283 7296/4126/1284 7295/878/1284 7293/875/1283
f 7296/4126/1284 7298/4127/1285 7297/880/1285 7295/878/1284
f 7298/4127/1285 7300/4128/1286 7299/882/1286 7297/880/1285
f 7300/4128/1286 7302/4129/1287 7301/884/1287 7299/882/1286
f 7302/4129/1287 7304/4130/1288 7303/886/1288 7301/884/1287
f 7304/4130/1288 7306/4131/1289 7305/889/1289 7303/886/1288
f 7306/4131/1289 7308/4132/1290 7307/891/1290 7305/889/1289
f 7308/4132/1290 7310/4133/1291 7309/893/1291 7307/891/1290
f 7310/4133/1291 7312/4134/1292 7311/895/1292 7309/893/1291
f 7312/4134/1292 7314/4135/1293 7313/897/1293 7311/895/1292
f 7314/4135/1293 7316/4136/1294 7315/896/1294 7313/897/1293
f 7316/4136/1294 7318/4137/1295 7317/894/1295 7315/896/1294
f 7318/4137/1295 7320/4138/1296 7319/892/1296 7317/894/1295
f 7320/4138/1296 7322/4139/1297 7321/890/1297 7319/892/1296
f 7322/4139/1297 7324/4140/1298 7323/888/1298 7321/890/1297
f 7324/4140/1298 7326/4141/1299 7325/887/1299 7323/888/1298
f 7326/4141/1299 7328/4142/1300 7327/885/1300 7325/887/1299
f 7328/4142/1300 7330/4143/1301 7329/883/1301 7327/885/1300
f 7330/4143/1301 7332/4144/1302 7331/881/1302 7329/883/1301
f 7332/4144/1302 7334/4145/1303 7333/879/1303 7331/881/1302
f 7334/4145/1303 7336/4146/1304 7335/877/1304 7333/879/1303
f 7336/4146/1304 7338/4147/1305 7337/876/1305 7335/877/1304
f 7338/4147/1305 7340/4148/1306 7339/874/1306 7337/876/1305
f 7340/4148/1306 7342/4149/1307 7341/872/1307 7339/874/1306
f 7342/4149/1307 7344/4150/1308 7343/871/1308 7341/872/1307
f 7344/4150/1308 7346/4151/1309 7345/870/1309 7343/871/1308
f 7346/4151/1309 7348/4152/1310 7347/869/1310 7345/870/1309
f 7348/4152/1310 7350/4153/1311 7349/868/1311 7347/869/1310
f 7350/4153/1311 7352/4154/1312 7351/867/1312 7349/868/1311
f 7352/4154/1312 7354/4155/1313 7353/861/1313 7351/867/1312
f 7354/4155/1313 7356/4156/1314 7355/854/1314 7353/861/1313
f 7356/4156/1314 7358/4157/1315 7357/849/1315 7355/854/1314
f 7358/4157/1315 7360/4158/1316 7359/845/1316 7357/849/1315
f 7360/4158/1316 7362/4159/1317 7361/844/1317 7359/845/1316
f 7362/4159/1317 7364/4160/1318 7363/842/1318 7361/844/1317
f 7364/4160/1318 7366/4161/1319 7365/840/1319 7363/842/1318
f 7366/4161/1319 7368/4162/1320 7367/838/1320 7365/840/1319
f 7368/4162/1320 7370/4163/1321 7369/836/1321 7367/838/1320
f 7370/4163/1321 7372/4164/1322 7371/834/1322 7369/836/1321
f 7372/4164/1322 7374/4165/1323 7373/831/1323 7371/834/1322
f 7374/4165/1323 7376/4166/1324 7375/828/1324 7373/831/1323
f 7376/4166/1324 7378/4167/1325 7377/825/1325 7375/828/1324
f 7378/4167/1325 7380/4168/457 7379/822/457 7377/825/1325
f 7380/4168/457 7382/4169/1326 7381/819/1326 7379/822/457
f 7382/4169/1326 7384/4170/1327 7383/815/1327 7381/819/1326
f 7384/4170/1327 7088/2255/1185 7087/2/1185 7383/815/1327
f 7386/1740/1328 7388/4171/1329 7387/4172/1329 7385/29/1328
f 7388/4171/1329 7390/4173/1330 7389/4174/1330 7387/4172/1329
f 7390/4173/1330 7392/4175/1331 7391/25/1331 7389/4174/1330
f 7392/4175/1331 7394/4176/1332 7393/4177/1332 7391/25/1331
f 7394/4176/1332 7396/3945/1333 7395/3946/1333 7393/4177/1332
f 7396/3945/1333 7398/1761/1334 7397/21/1334 7395/3946/1333
f 7398/1761/1334 7400/4178/1335 7399/4179/1335 7397/21/1334
f 7400/4178/1335 7402/4180/1336 7401/4181/1336 7399/4179/1335
f 7402/4180/1336 7404/4182/1337 7403/17/1337 7401/4181/1336
f 7404/4182/1337 7406/3948/1338 7405/3949/1338 7403/17/1337
f 7406/3948/1338 7408/4183/1339 7407/4184/1339 7405/3949/1338
f 7408/4183/1339 7410/1782/1340 7409/13/1340 7407/4184/1339
f 7410/1782/1340 7412/4185/1341 7411/4186/1341 7409/13/1340
f 7412/4185/1341 7414/4187/1342 7413/4188/1342 7411/4186/1341
f 7414/4187/1342 7416/2871/1343 7415/9/1343 7413/4188/1342
f 7416/2871/1343 7418/4189/1344 7417/4190/1344 7415/9/1343
f 7418/4189/1344 7420/4191/1345 7419/4192/1345 7417/4190/1344
f 7420/4191/1345 7422/1802/1346 7421/8/1346 7419/4192/1345
f 7422/1802/1346 7424/4193/1347 7423/4194/1347 7421/8/1346
f 7424/4193/1347 7426/3953/1348 7425/3954/1348 7423/4194/1347
f 7426/3953/1348 7428/4195/1349 7427/10/1349 7425/3954/1348
f 7428/4195/1349 7430/4196/1350 7429/4197/1350 7427/10/1349
f 7430/4196/1350 7432/4198/1351 7431/4199/1351 7429/4197/1350
f 7432/4198/1351 7434/1823/1352 7433/14/1352 7431/4199/1351
f 7434/1823/1352 7436/3956/1353 7435/730/1353 7433/14/1352
f 7436/3956/1353 7438/4200/1354 7437/4201/1354 7435/730/1353
f 7438/4200/1354 7440/4202/1355 7439/18/1355 7437/4201/1354
f 7440/4202/1355 7442/4203/1067 7441/4204/1067 7439/18/1355
f 7442/4203/1067 7444/4205/1356 7443/4206/1356 7441/4204/1067
f 7444/4205/1356 7446/1843/1357 7445/22/1357 7443/4206/1356
f 7446/1843/1357 7448/4207/1358 7447/4208/1358 7445/22/1357
f 7448/4207/1358 7450/4209/1359 7449/4210/1359 7447/4208/1358
f 7450/4209/1359 7452/4211/1360 7451/26/1360 7449/4210/1359
f 7452/4211/1360 7454/4212/1361 7453/4213/1361 7451/26/1360
f 7454/4212/1361 7456/3961/1362 7455/3962/1362 7453/4213/1361
f 7456/3961/1362 7458/1864/183 7457/30/183 7455/3962/1362
f 7458/1864/183 7460/4214/1363 7459/4215/1363 7457/30/183
f 7460/4214/1363 7462/4216/1364 7461/4217/1364 7459/4215/1363
f 7462/4216/1364 7464/4218/1365 7463/34/1365 7461/4217/1364
f 7464/4218/1365 7466/3963/1366 7465/3964/1366 7463/34/1365
f 7466/3963/1366 7468/4219/1367 7467/4220/1367 7465/3964/1366
f 7468/4219/1367 7470/1884/1368 7469/38/1368 7467/4220/1367
f 7470/1884/1368 7472/4221/1369 7471/4222/1369 7469/38/1368
f 7472/4221/1369 7474/4223/1370 7473/4224/1370 7471/4222/1369
f 7474/4223/1370 7476/3040/1371 7475/42/1371 7473/4224/1370
f 7476/3040/1371 7478/4225/1372 7477/4226/1372 7475/42/1371
f 7478/4225/1372 7480/4227/1373 7479/4228/1373 7477/4226/1372
f 7480/4227/1373 7482/1905/1374 7481/46/1374 7479/4228/1373
f 7482/1905/1374 7484/4229/1375 7483/4230/1375 7481/46/1374
f 7484/4229/1375 7486/3969/1376 7485/538/1376 7483/4230/1375
f 7486/3969/1376 7488/4231/1377 7487/50/1377 7485/538/1376
f 7488/4231/1377 7490/4232/1378 7489/4233/1378 7487/50/1377
f 7490/4232/1378 7492/4234/1379 7491/4235/1379 7489/4233/1378
f 7492/4234/1379 7494/1926/1380 7493/54/1380 7491/4235/1379
f 7494/1926/1380 7496/3971/1381 7495/3972/1381 7493/54/1380
f 7496/3971/1381 7498/4236/1382 7497/4237/1382 7495/3972/1381
f 7498/4236/1382 7500/4238/1383 7499/58/1383 7497/4237/1382
f 7500/4238/1383 7502/4239/1384 7501/4240/1384 7499/58/1383
f 7502/4239/1384 7504/4241/1385 7503/4242/1385 7501/4240/1384
f 7504/4241/1385 7506/1946/1386 7505/62/1386 7503/4242/1385
f 7506/1946/1386 7508/4243/1387 7507/4244/1387 7505/62/1386
f 7508/4243/1387 7510/4245/1388 7509/4246/1388 7507/4244/1387
f 7510/4245/1388 7512/4247/1389 7511/66/1389 7509/4246/1388
f 7512/4247/1389 7514/4248/189 7513/4249/189 7511/66/1389
f 7514/4248/189 7516/3976/294 7515/3977/294 7513/4249/189
f 7516/3976/294 7518/1967/1390 7517/70/1390 7515/3977/294
f 7518/1967/1390 7520/4250/1391 7519/4251/1391 7517/70/1390
f 7520/4250/1391 7522/4252/1392 7521/4253/1392 7519/4251/1391
f 7522/4252/1392 7524/4254/1393 7523/74/1393 7521/4253/1392
f 7524/4254/1393 7526/3979/1394 7525/3980/1394 7523/74/1393
f 7526/3979/1394 7528/4255/1395 7527/4256/1395 7525/3980/1394
f 7528/4255/1395 7530/1987/1396 7529/78/1396 7527/4256/1395
f 7530/1987/1396 7532/4257/1397 7531/4258/1397 7529/78/1396
f 7532/4257/1397 7534/4259/1398 7533/4260/1398 7531/4258/1397
f 7534/4259/1398 7536/2449/1399 7535/82/1399 7533/4260/1398
f 7536/2449/1399 7538/4261/643 7537/4262/643 7535/82/1399
f 7538/4261/643 7540/4263/1400 7539/4264/1400 7537/4262/643
f 7540/4263/1400 7542/2008/1401 7541/86/1401 7539/4264/1400
f 7542/2008/1401 7544/4265/1402 7543/4266/1402 7541/86/1401
f 7544/4265/1402 7546/3985/1403 7545/3986/1403 7543/4266/1402
f 7546/3985/1403 7548/4267/1404 7547/90/1404 7545/3986/1403
f 7548/4267/1404 7550/4268/1405 7549/4269/1405 7547/90/1404
f 7550/4268/1405 7552/4270/1406 7551/4271/1406 7549/4269/1405
f 7552/4270/1406 7554/2028/1407 7553/94/1407 7551/4271/1406
f 7554/2028/1407 7556/3988/1408 7555/3989/1408 7553/94/1407
f 7556/3988/1408 7558/4272/1409 7557/4273/1409 7555/3989/1408
f 7558/4272/1409 7560/4274/1410 7559/98/1410 7557/4273/1409
f 7560/4274/1410 7562/4275/1411 7561/4276/1411 7559/98/1410
f 7562/4275/1411 7564/4277/1412 7563/4278/1412 7561/4276/1411
f 7564/4277/1412 7566/2049/1413 7565/101/1413 7563/4278/1412
f 7566/2049/1413 7568/4279/1414 7567/4280/1414 7565/101/1413
f 7568/4279/1414 7570/4281/1415 7569/4282/1415 7567/4280/1414
f 7570/4281/1415 7572/4283/1416 7571/97/1416 7569/4282/1415
f 7572/4283/1416 7574/4284/1417 7573/4285/1417 7571/97/1416
f 7574/4284/1417 7576/3993/1418 7575/3994/1418 7573/4285/1417
f 7576/3993/1418 7578/2069/1419 7577/93/1419 7575/3994/1418
f 7578/2069/1419 7580/4286/1420 7579/4287/1420 7577/93/1419
f 7580/4286/1420 7582/4288/1421 7581/4289/1421 7579/4287/1420
f 7582/4288/1421 7584/4290/1422 7583/89/1422 7581/4289/1421
f 7584/4290/1422 7586/3996/1423 7585/695/1423 7583/89/1422
f 7586/3996/1423 7588/4291/1424 7587/4292/1424 7585/695/1423
f 7588/4291/1424 7590/2090/1425 7589/85/1425 7587/4292/1424
f 7590/2090/1425 7592/4293/1426 7591/4294/1426 7589/85/1425
f 7592/4293/1426 7594/4295/1427 7593/4296/1427 7591/4294/1426
f 7594/4295/1427 7596/3377/1428 7595/81/1428 7593/4296/1427
f 7596/3377/1428 7598/4297/1429 7597/4298/1429 7595/81/1428
f 7598/4297/1429 7600/4299/1430 7599/4300/1430 7597/4298/1429
f 7600/4299/1430 7602/2111/1431 7601/77/1431 7599/4300/1430
f 7602/2111/1431 7604/4301/1432 7603/4302/1432 7601/77/1431
f 7604/4301/1432 7606/4001/1433 7605/4002/1433 7603/4302/1432
f 7606/4001/1433 7608/4303/1434 7607/73/1434 7605/4002/1433
f 7608/4303/1434 7610/4304/1435 7609/4305/1435 7607/73/1434
f 7610/4304/1435 7612/4306/1436 7611/4307/1436 7609/4305/1435
f 7612/4306/1436 7614/2131/1437 7613/69/1437 7611/4307/1436
f 7614/2131/1437 7616/4003/1438 7615/4004/1438 7613/69/1437
f 7616/4003/1438 7618/4308/1439 7617/4309/1439 7615/4004/1438
f 7618/4308/1439 7620/4310/1440 7619/65/1440 7617/4309/1439
f 7620/4310/1440 7622/4311/1441 7621/4312/1441 7619/65/1440
f 7622/4311/1441 7624/4313/1442 7623/4314/1442 7621/4312/1441
f 7624/4313/1442 7626/2152/1443 7625/61/1443 7623/4314/1442
f 7626/2152/1443 7628/4315/1444 7627/4316/1444 7625/61/1443
f 7628/4315/1444 7630/4317/1445 7629/4318/1445 7627/4316/1444
f 7630/4317/1445 7632/4319/1446 7631/57/1446 7629/4318/1445
f 7632/4319/1446 7634/4320/1447 7633/4321/1447 7631/57/1446
f 7634/4320/1447 7636/4009/1448 7635/615/1448 7633/4321/1447
f 7636/4009/1448 7638/2172/1449 7637/53/1449 7635/615/1448
f 7638/2172/1449 7640/4322/1450 7639/4323/1450 7637/53/1449
f 7640/4322/1450 7642/4324/1451 7641/4325/1451 7639/4323/1450
f 7642/4324/1451 7644/4326/1452 7643/49/1452 7641/4325/1451
f 7644/4326/1452 7646/4011/1453 7645/4012/1453 7643/49/1452
f 7646/4011/1453 7648/4327/566 7647/4328/566 7645/4012/1453
f 7648/4327/566 7650/2193/1454 7649/45/1454 7647/4328/566
f 7650/2193/1454 7652/4329/1455 7651/4330/1455 7649/45/1454
f 7652/4329/1455 7654/4331/1456 7653/4332/1456 7651/4330/1455
f 7654/4331/1456 7656/3546/1457 7655/41/1457 7653/4332/1456
f 7656/3546/1457 7658/4333/1458 7657/4334/1458 7655/41/1457
f 7658/4333/1458 7660/4335/1459 7659/4336/1459 7657/4334/1458
f 7660/4335/1459 7662/2213/1460 7661/37/1460 7659/4336/1459
f 7662/2213/1460 7664/4337/1461 7663/4338/1461 7661/37/1460
f 7664/4337/1461 7666/4016/1462 7665/4017/1462 7663/4338/1461
f 7666/4016/1462 7668/4339/1463 7667/33/1463 7665/4017/1462
f 7668/4339/1463 7670/4340/1464 7669/4341/1464 7667/33/1463
f 7670/4340/1464 7672/4342/1465 7671/4343/1465 7669/4341/1464
f 7672/4342/1465 7674/2234/1466 7673/4/1466 7671/4343/1465
f 7674/2234/1466 7676/4019/1467 7675/4020/1467 7673/4/1466
f 7676/4019/1467 7678/4344/1468 7677/4345/1468 7675/4020/1467
f 7678/4344/1468 7680/4346/1469 7679/1/1469 7677/4345/1468
f 7680/4346/1469 7682/4347/1470 7681/4348/1470 7679/1/1469
f 7682/4347/1470 7684/4349/1471 7683/4350/1471 7681/4348/1470
f 7684/4349/1471 7386/2255/1328 7385/2/1328 7683/4350/1471
f 7686/1740/969 7688/3631/970 7687/3632/970 7685/29/969
f 7688/3631/970 7690/3633/971 7689/3634/971 7687/3632/970
f 7690/3633/971 7692/3635/972 7691/3636/972 7689/3634/971
f 7692/3635/972 7694/3637/973 7693/3638/973 7691/3636/972
f 7694/3637/973 7696/3639/974 7695/3640/974 7693/3638/973
f 7696/3639/974 7698/3641/975 7697/3642/975 7695/3640/974
f 7698/3641/975 7700/3643/976 7699/3644/976 7697/3642/975
f 7700/3643/976 7702/3645/977 7701/3646/977 7699/3644/976
f 7702/3645/977 7704/3647/978 7703/3648/978 7701/3646/977
f 7704/3647/978 7706/3649/979 7705/3650/979 7703/3648/978
f 7706/3649/979 7708/3651/980 7707/3652/980 7705/3650/979
f 7708/3651/980 7710/3653/981 7709/3654/981 7707/3652/980
f 7710/3653/981 7712/3655/982 7711/3656/982 7709/3654/981
f 7712/3655/982 7714/3657/983 7713/3658/983 7711/3656/982
f 7714/3657/983 7716/3659/984 7715/3660/984 7713/3658/983
f 7716/3659/984 7718/3661/985 7717/3662/985 7715/3660/984
f 7718/3661/985 7720/3663/986 7719/3664/986 7717/3662/985
f 7720/3663/986 7722/3665/987 7721/3666/987 7719/3664/986
f 7722/3665/987 7724/3667/988 7723/3668/988 7721/3666/987
f 7724/3667/988 7726/3669/989 7725/3670/989 7723/3668/988
f 7726/3669/989 7728/3671/990 7727/3672/990 7725/3670/989
f 7728/3671/990 7730/3673/991 7729/3674/991 7727/3672/990
f 7730/3673/991 7732/3675/992 7731/3676/992 7729/3674/991
f 7732/3675/992 7734/3677/993 7733/3678/993 7731/3676/992
f 7734/3677/993 7736/3679/994 7735/3680/994 7733/3678/993
f 7736/3679/994 7738/3681/995 7737/3682/995 7735/3680/994
f 7738/3681/995 7740/3683/996 7739/3684/996 7737/3682/995
f 7740/3683/996 7742/3685/997 7741/3686/997 7739/3684/996
f 7742/3685/997 7744/3687/998 7743/3688/998 7741/3686/997
f 7744/3687/998 7746/3689/582 7745/3690/582 7743/3688/998
f 7746/3689/582 7748/3691/999 7747/3692/999 7745/3690/582
f 7748/3691/999 7750/3693/1000 7749/3694/1000 7747/3692/999
f 7750/3693/1000 7752/3695/1001 7751/3696/1001 7749/3694/1000
f 7752/3695/1001 7754/3697/1002 7753/3698/1002 7751/3696/1001
f 7754/3697/1002 7756/3699/1003 7755/3700/1003 7753/3698/1002
f 7756/3699/1003 7758/3701/1004 7757/3702/1004 7755/3700/1003
f 7758/3701/1004 7760/3703/1005 7759/3704/1005 7757/3702/1004
f 7760/3703/1005 7762/3705/1006 7761/3706/1006 7759/3704/1005
f 7762/3705/1006 7764/3707/1007 7763/3708/1007 7761/3706/1006
f 7764/3707/1007 7766/3709/1472 7765/3710/1472 7763/3708/1007
f 7766/3709/1472 7768/3711/1009 7767/3712/1009 7765/3710/1472
f 7768/3711/1009 7770/3713/1010 7769/3714/1010 7767/3712/1009
f 7770/3713/1010 7772/3715/1011 7771/3716/1011 7769/3714/1010
f 7772/3715/1011 7774/3717/1012 7773/3718/1012 7771/3716/1011
f 7774/3717/1012 7776/3719/1013 7775/3720/1013 7773/3718/1012
f 7776/3719/1013 7778/3721/1014 7777/3722/1014 7775/3720/1013
f 7778/3721/1014 7780/3723/1015 7779/3724/1015 7777/3722/1014
f 7780/3723/1015 7782/3725/1016 7781/3726/1016 7779/3724/1015
f 7782/3725/1016 7784/3727/1017 7783/3728/1017 7781/3726/1016
f 7784/3727/1017 7786/3729/1018 7785/3730/1018 7783/3728/1017
f 7786/3729/1018 7788/3731/1019 7787/3732/1019 7785/3730/1018
f 7788/3731/1019 7790/3733/1020 7789/3734/1020 7787/3732/1019
f 7790/3733/1020 7792/3735/1021 7791/3736/1021 7789/3734/1020
f 7792/3735/1021 7794/3737/1022 7793/3738/1022 7791/3736/1021
f 7794/3737/1022 7796/3739/1023 7795/3740/1023 7793/3738/1022
f 7796/3739/1023 7798/3741/1024 7797/3742/1024 7795/3740/1023
f 7798/3741/1024 7800/3743/1025 7799/3744/1025 7797/3742/1024
f 7800/3743/1025 7802/3745/1026 7801/3746/1026 7799/3744/1025
f 7802/3745/1026 7804/3747/1027 7803/3748/1027 7801/3746/1026
f 7804/3747/1027 7806/3749/1028 7805/3750/1028 7803/3748/1027
f 7806/3749/1028 7808/3751/1029 7807/3752/1029 7805/3750/1028
f 7808/3751/1029 7810/3753/1030 7809/3754/1030 7807/3752/1029
f 7810/3753/1030 7812/3755/1031 7811/3756/1031 7809/3754/1030
f 7812/3755/1031 7814/3757/1032 7813/3758/1032 7811/3756/1031
f 7814/3757/1032 7816/3759/1033 7815/3760/1033 7813/3758/1032
f 7816/3759/1033 7818/3761/1034 7817/3762/1034 7815/3760/1033
f 7818/3761/1034 7820/3763/1035 7819/3764/1035 7817/3762/1034
f 7820/3763/1035 7822/3765/1036 7821/3766/1036 7819/3764/1035
f 7822/3765/1036 7824/3767/1037 7823/3768/1037 7821/3766/1036
f 7824/3767/1037 7826/3769/1038 7825/3770/1038 7823/3768/1037
f 7826/3769/1038 7828/3771/1039 7827/3772/1039 7825/3770/1038
f 7828/3771/1039 7830/3773/1040 7829/3774/1040 7827/3772/1039
f 7830/3773/1040 7832/3775/1041 7831/3776/1041 7829/3774/1040
f 7832/3775/1041 7834/3777/1042 7833/3778/1042 7831/3776/1041
f 7834/3777/1042 7836/3779/1043 7835/3780/1043 7833/3778/1042
f 7836/3779/1043 7838/3781/1044 7837/3782/1044 7835/3780/1043
f 7838/3781/1044 7840/3783/1045 7839/3784/1045 7837/3782/1044
f 7840/3783/1045 7842/3785/1046 7841/3786/1046 7839/3784/1045
f 7842/3785/1046 7844/3787/1047 7843/3788/1047 7841/3786/1046
f 7844/3787/1047 7846/3789/1048 7845/3790/1048 7843/3788/1047
f 7846/3789/1048 7848/3791/1049 7847/3792/1049 7845/3790/1048
f 7848/3791/1049 7850/3793/1050 7849/3794/1050 7847/3792/1049
f 7850/3793/1050 7852/3795/1051 7851/3796/1051 7849/3794/1050
f 7852/3795/1051 7854/3797/1052 7853/3798/1052 7851/3796/1051
f 7854/3797/1052 7856/3799/1053 7855/3800/1053 7853/3798/1052
f 7856/3799/1053 7858/3801/1054 7857/3802/1054 7855/3800/1053
f 7858/3801/1054 7860/3803/1055 7859/3804/1055 7857/3802/1054
f 7860/3803/1055 7862/3805/1056 7861/3806/1056 7859/3804/1055
f 7862/3805/1056 7864/3807/1057 7863/3808/1057 7861/3806/1056
f 7864/3807/1057 7866/3809/1058 7865/3810/1058 7863/3808/1057
f 7866/3809/1058 7868/3811/1059 7867/3812/1059 7865/3810/1058
f 7868/3811/1059 7870/3813/1060 7869/3814/1060 7867/3812/1059
f 7870/3813/1060 7872/3815/1061 7871/3816/1061 7869/3814/1060
f 7872/3815/1061 7874/3817/1062 7873/3818/1062 7871/3816/1061
f 7874/3817/1062 7876/3819/1063 7875/3820/1063 7873/3818/1062
f 7876/3819/1063 7878/3821/1473 7877/3822/1473 7875/3820/1063
f 7878/3821/1473 7880/3823/1065 7879/3824/1065 7877/3822/1473
f 7880/3823/1065 7882/3825/1066 7881/3826/1066 7879/3824/1065
f 7882/3825/1066 7884/3827/1067 7883/3828/1067 7881/3826/1066
f 7884/3827/1067 7886/3829/1068 7885/3830/1068 7883/3828/1067
f 7886/3829/1068 7888/3831/1069 7887/3832/1069 7885/3830/1068
f 7888/3831/1069 7890/3833/1474 7889/3834/1474 7887/3832/1069
f 7890/3833/1474 7892/3835/1071 7891/3836/1071 7889/3834/1474
f 7892/3835/1071 7894/3837/1475 7893/3838/1475 7891/3836/1071
f 7894/3837/1475 7896/3839/1073 7895/3840/1073 7893/3838/1475
f 7896/3839/1073 7898/3841/1074 7897/3842/1074 7895/3840/1073
f 7898/3841/1074 7900/3843/1075 7899/3844/1075 7897/3842/1074
f 7900/3843/1075 7902/3845/1076 7901/3846/1076 7899/3844/1075
f 7902/3845/1076 7904/3847/1077 7903/3848/1077 7901/3846/1076
f 7904/3847/1077 7906/3849/1476 7905/3850/1476 7903/3848/1077
f 7906/3849/1476 7908/3851/1079 7907/3852/1079 7905/3850/1476
f 7908/3851/1079 7910/3853/1080 7909/3854/1080 7907/3852/1079
f 7910/3853/1080 7912/3855/1081 7911/3856/1081 7909/3854/1080
f 7912/3855/1081 7914/3857/1082 7913/3858/1082 7911/3856/1081
f 7914/3857/1082 7916/3859/1083 7915/3860/1083 7913/3858/1082
f 7916/3859/1083 7918/3861/1084 7917/3862/1084 7915/3860/1083
f 7918/3861/1084 7920/3863/1085 7919/3864/1085 7917/3862/1084
f 7920/3863/1085 7922/3865/1086 7921/3866/1086 7919/3864/1085
f 7922/3865/1086 7924/3867/1087 7923/3868/1087 7921/3866/1086
f 7924/3867/1087 7926/3869/1088 7925/3870/1088 7923/3868/1087
f 7926/3869/1088 7928/3871/1089 7927/3872/1089 7925/3870/1088
f 7928/3871/1089 7930/3873/1090 7929/3874/1090 7927/3872/1089
f 7930/3873/1090 7932/3875/1091 7931/3876/1091 7929/3874/1090
f 7932/3875/1091 7934/3877/1477 7933/3878/1477 7931/3876/1091
f 7934/3877/1477 7936/3879/1478 7935/3880/1478 7933/3878/1477
f 7936/3879/1478 7938/3881/1479 7937/3882/1479 7935/3880/1478
f 7938/3881/1479 7940/3883/1095 7939/3884/1095 7937/3882/1479
f 7940/3883/1095 7942/3885/1096 7941/3886/1096 7939/3884/1095
f 7942/3885/1096 7944/3887/1480 7943/3888/1480 7941/3886/1096
f 7944/3887/1480 7946/3889/1098 7945/3890/1098 7943/3888/1480
f 7946/3889/1098 7948/3891/1481 7947/3892/1481 7945/3890/1098
f 7948/3891/1481 7950/3893/1100 7949/3894/1100 7947/3892/1481
f 7950/3893/1100 7952/3895/1101 7951/3896/1101 7949/3894/1100
f 7952/3895/1101 7954/3897/1102 7953/3898/1102 7951/3896/1101
f 7954/3897/1102 7956/3899/1103 7955/3900/1103 7953/3898/1102
f 7956/3899/1103 7958/3901/1104 7957/3902/1104 7955/3900/1103
f 7958/3901/1104 7960/3903/1105 7959/3904/1105 7957/3902/1104
f 7960/3903/1105 7962/3905/1482 7961/3906/1482 7959/3904/1105
f 7962/3905/1482 7964/3907/1107 7963/3908/1107 7961/3906/1482
f 7964/3907/1107 7966/3909/1108 7965/3910/1108 7963/3908/1107
f 7966/3909/1108 7968/3911/1109 7967/3912/1109 7965/3910/1108
f 7968/3911/1109 7970/3913/1110 7969/3914/1110 7967/3912/1109
f 7970/3913/1110 7972/3915/1483 7971/3916/1483 7969/3914/1110
f 7972/3915/1483 7974/3917/1112 7973/3918/1112 7971/3916/1483
f 7974/3917/1112 7976/3919/1113 7975/3920/1113 7973/3918/1112
f 7976/3919/1113 7978/3921/1114 7977/3922/1114 7975/3920/1113
f 7978/3921/1114 7980/3923/1115 7979/3924/1115 7977/3922/1114
f 7980/3923/1115 7982/3925/1116 7981/3926/1116 7979/3924/1115
f 7982/3925/1116 7984/3927/1117 7983/3928/1117 7981/3926/1116
f 7984/3927/1117 7986/3929/1118 7985/3930/1118 7983/3928/1117
f 7986/3929/1118 7988/3931/1119 7987/3932/1119 7985/3930/1118
f 7988/3931/1119 7990/3933/1120 7989/3934/1120 7987/3932/1119
f 7990/3933/1120 7992/3935/1121 7991/3936/1121 7989/3934/1120
f 7992/3935/1121 7994/3937/1122 7993/3938/1122 7991/3936/1121
f 7994/3937/1122 7996/3939/1123 7995/3940/1123 7993/3938/1122
f 7996/3939/1123 7998/3941/1124 7997/3942/1124 7995/3940/1123
f 7998/3941/1124 7686/2255/969 7685/2/969 7997/3942/1124
f 8000/1740/1125 8002/3943/1126 8001/3944/1126 7999/29/1125
f 8002/3943/1126 8004/3945/1127 8003/3946/1127 8001/3944/1126
f 8004/3945/1127 8006/3947/1128 8005/19/1128 8003/3946/1127
f 8006/3947/1128 8008/3948/1129 8007/3949/1129 8005/19/1128
f 8008/3948/1129 8010/3950/1484 8009/733/1484 8007/3949/1129
f 8010/3950/1484 8012/2871/1131 8011/9/1131 8009/733/1484
f 8012/2871/1131 8014/3951/1132 8013/3952/1132 8011/9/1131
f 8014/3951/1132 8016/3953/1133 8015/3954/1133 8013/3952/1132
f 8016/3953/1133 8018/3955/1134 8017/12/1134 8015/3954/1133
f 8018/3955/1134 8020/3956/1135 8019/730/1135 8017/12/1134
f 8020/3956/1135 8022/3957/1136 8021/3958/1136 8019/730/1135
f 8022/3957/1136 8024/1843/1137 8023/22/1137 8021/3958/1136
f 8024/1843/1137 8026/3959/1138 8025/3960/1138 8023/22/1137
f 8026/3959/1138 8028/3961/1139 8027/3962/1139 8025/3960/1138
f 8028/3961/1139 8030/2352/1140 8029/32/1140 8027/3962/1139
f 8030/2352/1140 8032/3963/1141 8031/3964/1141 8029/32/1140
f 8032/3963/1141 8034/3965/1142 8033/3966/1142 8031/3964/1141
f 8034/3965/1142 8036/3040/1143 8035/42/1143 8033/3966/1142
f 8036/3040/1143 8038/3967/1144 8037/3968/1144 8035/42/1143
f 8038/3967/1144 8040/3969/1145 8039/538/1145 8037/3968/1144
f 8040/3969/1145 8042/3970/1146 8041/52/1146 8039/538/1145
f 8042/3970/1146 8044/3971/1147 8043/3972/1147 8041/52/1146
f 8044/3971/1147 8046/3973/1148 8045/3974/1148 8043/3972/1147
f 8046/3973/1148 8048/1946/1149 8047/62/1149 8045/3974/1148
f 8048/1946/1149 8050/3975/1150 8049/564/1150 8047/62/1149
f 8050/3975/1150 8052/3976/1151 8051/3977/1151 8049/564/1150
f 8052/3976/1151 8054/3978/1152 8053/72/1152 8051/3977/1151
f 8054/3978/1152 8056/3979/1485 8055/3980/1485 8053/72/1152
f 8056/3979/1485 8058/3981/1154 8057/3982/1154 8055/3980/1485
f 8058/3981/1154 8060/2449/1155 8059/82/1155 8057/3982/1154
f 8060/2449/1155 8062/3983/1156 8061/3984/1156 8059/82/1155
f 8062/3983/1156 8064/3985/1157 8063/3986/1157 8061/3984/1156
f 8064/3985/1157 8066/3987/1158 8065/92/1158 8063/3986/1157
f 8066/3987/1158 8068/3988/1159 8067/3989/1159 8065/92/1158
f 8068/3988/1159 8070/3990/1160 8069/670/1160 8067/3989/1159
f 8070/3990/1160 8072/2049/1161 8071/101/1161 8069/670/1160
f 8072/2049/1161 8074/3991/1486 8073/3992/1486 8071/101/1161
f 8074/3991/1486 8076/3993/1163 8075/3994/1163 8073/3992/1486
f 8076/3993/1163 8078/3995/1164 8077/91/1164 8075/3994/1163
f 8078/3995/1164 8080/3996/1165 8079/695/1165 8077/91/1164
f 8080/3996/1165 8082/3997/1166 8081/3998/1166 8079/695/1165
f 8082/3997/1166 8084/3377/1167 8083/81/1167 8081/3998/1166
f 8084/3377/1167 8086/3999/1168 8085/4000/1168 8083/81/1167
f 8086/3999/1168 8088/4001/1169 8087/4002/1169 8085/4000/1168
f 8088/4001/1169 8090/2546/1170 8089/71/1170 8087/4002/1169
f 8090/2546/1170 8092/4003/1171 8091/4004/1171 8089/71/1170
f 8092/4003/1171 8094/4005/1172 8093/4006/1172 8091/4004/1171
f 8094/4005/1172 8096/2152/1173 8095/61/1173 8093/4006/1172
f 8096/2152/1173 8098/4007/1174 8097/4008/1174 8095/61/1173
f 8098/4007/1174 8100/4009/1175 8099/615/1175 8097/4008/1174
f 8100/4009/1175 8102/4010/1176 8101/51/1176 8099/615/1175
f 8102/4010/1176 8104/4011/1177 8103/4012/1177 8101/51/1176
f 8104/4011/1177 8106/4013/1178 8105/4014/1178 8103/4012/1177
f 8106/4013/1178 8108/3546/1487 8107/41/1487 8105/4014/1178
f 8108/3546/1487 8110/4015/1180 8109/578/1180 8107/41/1487
f 8110/4015/1180 8112/4016/1181 8111/4017/1181 8109/578/1180
f 8112/4016/1181 8114/4018/1182 8113/31/1182 8111/4017/1181
f 8114/4018/1182 8116/4019/1183 8115/4020/1183 8113/31/1182
f 8116/4019/1183 8118/4021/1184 8117/4022/1184 8115/4020/1183
f 8118/4021/1184 8000/2255/1125 7999/2/1125 8117/4022/1184
f 8120/1740/278 8122/2256/279 8121/2257/279 8119/29/278
f 8122/2256/279 8124/2258/280 8123/2259/280 8121/2257/279
f 8124/2258/280 8126/2260/281 8125/2261/281 8123/2259/280
f 8126/2260/281 8128/2262/282 8127/2263/282 8125/2261/281
f 8128/2262/282 8130/2264/283 8129/2265/283 8127/2263/282
f 8130/2264/283 8132/2266/1488 8131/2267/1488 8129/2265/283
f 8132/2266/1488 8134/2268/285 8133/2269/285 8131/2267/1488
f 8134/2268/285 8136/2270/286 8135/2271/286 8133/2269/285
f 8136/2270/286 8138/2272/287 8137/2273/287 8135/2271/286
f 8138/2272/287 8140/2274/288 8139/2275/288 8137/2273/287
f 8140/2274/288 8142/2276/289 8141/2277/289 8139/2275/288
f 8142/2276/289 8144/2278/290 8143/2279/290 8141/2277/289
f 8144/2278/290 8146/2280/291 8145/2281/291 8143/2279/290
f 8146/2280/291 8148/2282/1489 8147/2283/1489 8145/2281/291
f 8148/2282/1489 8150/2284/1490 8149/2285/1490 8147/2283/1489
f 8150/2284/1490 8152/2286/1491 8151/2287/1491 8149/2285/1490
f 8152/2286/1491 8154/2288/1492 8153/2289/1492 8151/2287/1491
f 8154/2288/1492 8156/2290/747 8155/2291/747 8153/2289/1492
f 8156/2290/747 8158/2292/1493 8157/2293/1493 8155/2291/747
f 8158/2292/1493 8160/2294/1494 8159/2295/1494 8157/2293/1493
f 8160/2294/1494 8162/2296/299 8161/2297/299 8159/2295/1494
f 8162/2296/299 8164/2298/1495 8163/2299/1495 8161/2297/299
f 8164/2298/1495 8166/2300/301 8165/2301/301 8163/2299/1495
f 8166/2300/301 8168/2302/302 8167/2303/302 8165/2301/301
f 8168/2302/302 8170/2304/1496 8169/2305/1496 8167/2303/302
f 8170/2304/1496 8172/2306/1497 8171/2307/1497 8169/2305/1496
f 8172/2306/1497 8174/2308/305 8173/2309/305 8171/2307/1497
f 8174/2308/305 8176/2310/306 8175/2311/306 8173/2309/305
f 8176/2310/306 8178/2312/307 8177/2313/307 8175/2311/306
f 8178/2312/307 8180/2314/1498 8179/2315/1498 8177/2313/307
f 8180/2314/1498 8182/2316/1499 8181/2317/1499 8179/2315/1498
f 8182/2316/1499 8184/2318/310 8183/2319/310 8181/2317/1499
f 8184/2318/310 8186/2320/311 8185/2321/311 8183/2319/310
f 8186/2320/311 8188/2322/1500 8187/2323/1500 8185/2321/311
f 8188/2322/1500 8190/2324/313 8189/2325/313 8187/2323/1500
f 8190/2324/313 8192/2326/1501 8191/2327/1501 8189/2325/313
f 8192/2326/1501 8194/2328/315 8193/2329/315 8191/2327/1501
f 8194/2328/315 8196/2330/1502 8195/2331/1502 8193/2329/315
f 8196/2330/1502 8198/2332/1503 8197/2333/1503 8195/2331/1502
f 8198/2332/1503 8200/2334/318 8199/2335/318 8197/2333/1503
f 8200/2334/318 8202/2336/319 8201/2337/319 8199/2335/318
f 8202/2336/319 8204/2338/1504 8203/2339/1504 8201/2337/319
f 8204/2338/1504 8206/2340/321 8205/2341/321 8203/2339/1504
f 8206/2340/321 8208/2342/1505 8207/2343/1505 8205/2341/321
f 8208/2342/1505 8210/2344/1506 8209/2345/1506 8207/2343/1505
f 8210/2344/1506 8212/2346/1507 8211/2347/1507 8209/2345/1506
f 8212/2346/1507 8214/2348/325 8213/2349/325 8211/2347/1507
f 8214/2348/325 8216/2350/326 8215/2351/326 8213/2349/325
f 8216/2350/326 8218/2352/327 8217/32/327 8215/2351/326
f 8218/2352/327 8220/2353/328 8219/2354/328 8217/32/327
f 8220/2353/328 8222/2355/1508 8221/2356/1508 8219/2354/328
f 8222/2355/1508 8224/2357/330 8223/2358/330 8221/2356/1508
f 8224/2357/330 8226/2359/331 8225/2360/331 8223/2358/330
f 8226/2359/331 8228/2361/332 8227/2362/332 8225/2360/331
f 8228/2361/332 8230/2363/333 8229/2364/333 8227/2362/332
f 8230/2363/333 8232/2365/334 8231/2366/334 8229/2364/333
f 8232/2365/334 8234/2367/1509 8233/2368/1509 8231/2366/334
f 8234/2367/1509 8236/2369/336 8235/2370/336 8233/2368/1509
f 8236/2369/336 8238/2371/337 8237/2372/337 8235/2370/336
f 8238/2371/337 8240/2373/1510 8239/2374/1510 8237/2372/337
f 8240/2373/1510 8242/2375/339 8241/2376/339 8239/2374/1510
f 8242/2375/339 8244/2377/340 8243/2378/340 8241/2376/339
f 8244/2377/340 8246/2379/341 8245/2380/341 8243/2378/340
f 8246/2379/341 8248/2381/342 8247/2382/342 8245/2380/341
f 8248/2381/342 8250/2383/343 8249/2384/343 8247/2382/342
f 8250/2383/343 8252/2385/344 8251/2386/344 8249/2384/343
f 8252/2385/344 8254/2387/345 8253/2388/345 8251/2386/344
f 8254/2387/345 8256/2389/346 8255/2390/346 8253/2388/345
f 8256/2389/346 8258/2391/347 8257/2392/347 8255/2390/346
f 8258/2391/347 8260/2393/348 8259/2394/348 8257/2392/347
f 8260/2393/348 8262/2395/349 8261/2396/349 8259/2394/348
f 8262/2395/349 8264/2397/350 8263/2398/350 8261/2396/349
f 8264/2397/350 8266/2399/351 8265/2400/351 8263/2398/350
f 8266/2399/351 8268/2401/352 8267/2402/352 8265/2400/351
f 8268/2401/352 8270/2403/353 8269/2404/353 8267/2402/352
f 8270/2403/353 8272/2405/354 8271/2406/354 8269/2404/353
f 8272/2405/354 8274/2407/355 8273/2408/355 8271/2406/354
f 8274/2407/355 8276/2409/1511 8275/2410/1511 8273/2408/355
f 8276/2409/1511 8278/2411/357 8277/2412/357 8275/2410/1511
f 8278/2411/357 8280/2413/358 8279/2414/358 8277/2412/357
f 8280/2413/358 8282/2415/359 8281/2416/359 8279/2414/358
f 8282/2415/359 8284/2417/360 8283/2418/360 8281/2416/359
f 8284/2417/360 8286/2419/361 8285/2420/361 8283/2418/360
f 8286/2419/361 8288/2421/362 8287/2422/362 8285/2420/361
f 8288/2421/362 8290/2423/363 8289/2424/363 8287/2422/362
f 8290/2423/363 8292/2425/364 8291/2426/364 8289/2424/363
f 8292/2425/364 8294/2427/365 8293/2428/365 8291/2426/364
f 8294/2427/365 8296/2429/366 8295/2430/366 8293/2428/365
f 8296/2429/366 8298/2431/1512 8297/2432/1512 8295/2430/366
f 8298/2431/1512 8300/2433/368 8299/2434/368 8297/2432/1512
f 8300/2433/368 8302/2435/369 8301/2436/369 8299/2434/368
f 8302/2435/369 8304/2437/1513 8303/2438/1513 8301/2436/369
f 8304/2437/1513 8306/2439/1514 8305/2440/1514 8303/2438/1513
f 8306/2439/1514 8308/2441/372 8307/2442/372 8305/2440/1514
f 8308/2441/372 8310/2443/373 8309/2444/373 8307/2442/372
f 8310/2443/373 8312/2445/374 8311/2446/374 8309/2444/373
f 8312/2445/374 8314/2447/375 8313/2448/375 8311/2446/374
f 8314/2447/375 8316/2449/376 8315/82/376 8313/2448/375
f 8316/2449/376 8318/2450/377 8317/2451/377 8315/82/376
f 8318/2450/377 8320/2452/378 8319/2453/378 8317/2451/377
f 8320/2452/378 8322/2454/379 8321/2455/379 8319/2453/378
f 8322/2454/379 8324/2456/1515 8323/2457/1515 8321/2455/379
f 8324/2456/1515 8326/2458/381 8325/2459/381 8323/2457/1515
f 8326/2458/381 8328/2460/382 8327/2461/382 8325/2459/381
f 8328/2460/382 8330/2462/383 8329/2463/383 8327/2461/382
f 8330/2462/383 8332/2464/384 8331/2465/384 8329/2463/383
f 8332/2464/384 8334/2466/1516 8333/2467/1516 8331/2465/384
f 8334/2466/1516 8336/2468/1517 8335/2469/1517 8333/2467/1516
f 8336/2468/1517 8338/2470/387 8337/2471/387 8335/2469/1517
f 8338/2470/387 8340/2472/1518 8339/2473/1518 8337/2471/387
f 8340/2472/1518 8342/2474/389 8341/2475/389 8339/2473/1518
f 8342/2474/389 8344/2476/390 8343/2477/390 8341/2475/389
f 8344/2476/390 8346/2478/391 8345/2479/391 8343/2477/390
f 8346/2478/391 8348/2480/392 8347/2481/392 8345/2479/391
f 8348/2480/392 8350/2482/393 8349/2483/393 8347/2481/392
f 8350/2482/393 8352/2484/394 8351/2485/394 8349/2483/393
f 8352/2484/394 8354/2486/395 8353/2487/395 8351/2485/394
f 8354/2486/395 8356/2488/396 8355/2489/396 8353/2487/395
f 8356/2488/396 8358/2490/397 8357/2491/397 8355/2489/396
f 8358/2490/397 8360/2492/398 8359/2493/398 8357/2491/397
f 8360/2492/398 8362/2494/399 8361/2495/399 8359/2493/398
f 8362/2494/399 8364/2496/400 8363/2497/400 8361/2495/399
f 8364/2496/400 8366/2498/401 8365/2499/401 8363/2497/400
f 8366/2498/401 8368/2500/402 8367/2501/402 8365/2499/401
f 8368/2500/402 8370/2502/403 8369/2503/403 8367/2501/402
f 8370/2502/403 8372/2504/404 8371/2505/404 8369/2503/403
f 8372/2504/404 8374/2506/405 8373/2507/405 8371/2505/404
f 8374/2506/405 8376/2508/406 8375/2509/406 8373/2507/405
f 8376/2508/406 8378/2510/407 8377/2511/407 8375/2509/406
f 8378/2510/407 8380/2512/408 8379/2513/408 8377/2511/407
f 8380/2512/408 8382/2514/409 8381/2515/409 8379/2513/408
f 8382/2514/409 8384/2516/410 8383/2517/410 8381/2515/409
f 8384/2516/410 8386/2518/411 8385/2519/411 8383/2517/410
f 8386/2518/411 8388/2520/1519 8387/2521/1519 8385/2519/411
f 8388/2520/1519 8390/2522/413 8389/2523/413 8387/2521/1519
f 8390/2522/413 8392/2524/414 8391/2525/414 8389/2523/413
f 8392/2524/414 8394/2526/415 8393/2527/415 8391/2525/414
f 8394/2526/415 8396/2528/416 8395/2529/416 8393/2527/415
f 8396/2528/416 8398/2530/417 8397/2531/417 8395/2529/416
f 8398/2530/417 8400/2532/418 8399/2533/418 8397/2531/417
f 8400/2532/418 8402/2534/1520 8401/2535/1520 8399/2533/418
f 8402/2534/1520 8404/2536/420 8403/2537/420 8401/2535/1520
f 8404/2536/420 8406/2538/421 8405/2539/421 8403/2537/420
f 8406/2538/421 8408/2540/422 8407/2541/422 8405/2539/421
f 8408/2540/422 8410/2542/1521 8409/2543/1521 8407/2541/422
f 8410/2542/1521 8412/2544/424 8411/2545/424 8409/2543/1521
f 8412/2544/424 8414/2546/1522 8413/71/1522 8411/2545/424
f 8414/2546/1522 8416/2547/426 8415/2548/426 8413/71/1522
f 8416/2547/426 8418/2549/427 8417/2550/427 8415/2548/426
f 8418/2549/427 8420/2551/428 8419/2552/428 8417/2550/427
f 8420/2551/428 8422/2553/429 8421/2554/429 8419/2552/428
f 8422/2553/429 8424/2555/1523 8423/2556/1523 8421/2554/429
f 8424/2555/1523 8426/2557/431 8425/2558/431 8423/2556/1523
f 8426/2557/431 8428/2559/432 8427/2560/432 8425/2558/431
f 8428/2559/432 8430/2561/433 8429/2562/433 8427/2560/432
f 8430/2561/433 8432/2563/434 8431/2564/434 8429/2562/433
f 8432/2563/434 8434/2565/435 8433/2566/435 8431/2564/434
f 8434/2565/435 8436/2567/436 8435/2568/436 8433/2566/435
f 8436/2567/436 8438/2569/437 8437/2570/437 8435/2568/436
f 8438/2569/437 8440/2571/438 8439/2572/438 8437/2570/437
f 8440/2571/438 8442/2573/439 8441/2574/439 8439/2572/438
f 8442/2573/439 8444/2575/440 8443/2576/440 8441/2574/439
f 8444/2575/440 8446/2577/441 8445/2578/441 8443/2576/440
f 8446/2577/441 8448/2579/442 8447/2580/442 8445/2578/441
f 8448/2579/442 8450/2581/443 8449/2582/443 8447/2580/442
f 8450/2581/443 8452/2583/444 8451/2584/444 8449/2582/443
f 8452/2583/444 8454/2585/445 8453/2586/445 8451/2584/444
f 8454/2585/445 8456/2587/446 8455/2588/446 8453/2586/445
f 8456/2587/446 8458/2589/447 8457/2590/447 8455/2588/446
f 8458/2589/447 8460/2591/448 8459/2592/448 8457/2590/447
f 8460/2591/448 8462/2593/449 8461/2594/449 8459/2592/448
f 8462/2593/449 8464/2595/450 8463/2596/450 8461/2594/449
f 8464/2595/450 8466/2597/451 8465/2598/451 8463/2596/450
f 8466/2597/451 8468/2599/452 8467/2600/452 8465/2598/451
f 8468/2599/452 8470/2601/453 8469/2602/453 8467/2600/452
f 8470/2601/453 8472/2603/454 8471/2604/454 8469/2602/453
f 8472/2603/454 8474/2605/455 8473/2606/455 8471/2604/454
f 8474/2605/455 8476/2607/273 8475/2608/273 8473/2606/455
f 8476/2607/273 8478/2609/456 8477/2610/456 8475/2608/273
f 8478/2609/456 8480/2611/457 8479/2612/457 8477/2610/456
f 8480/2611/457 8482/2613/458 8481/2614/458 8479/2612/457
f 8482/2613/458 8484/2615/459 8483/2616/459 8481/2614/458
f 8484/2615/459 8486/2617/332 8485/2618/332 8483/2616/459
f 8486/2617/332 8488/2619/460 8487/2620/460 8485/2618/332
f 8488/2619/460 8490/2621/461 8489/2622/461 8487/2620/460
f 8490/2621/461 8492/2623/462 8491/2624/462 8489/2622/461
f 8492/2623/462 8494/2625/463 8493/2626/463 8491/2624/462
f 8494/2625/463 8496/2627/464 8495/2628/464 8493/2626/463
f 8496/2627/464 8498/2629/465 8497/2630/465 8495/2628/464
f 8498/2629/465 8500/2631/466 8499/2632/466 8497/2630/465
f 8500/2631/466 8502/2633/467 8501/2634/467 8499/2632/466
f 8502/2633/467 8504/2635/468 8503/2636/468 8501/2634/467
f 8504/2635/468 8506/2637/469 8505/2638/469 8503/2636/468
f 8506/2637/469 8508/2639/470 8507/2640/470 8505/2638/469
f 8508/2639/470 8510/2641/471 8509/2642/471 8507/2640/470
f 8510/2641/471 8120/2255/278 8119/2/278 8509/2642/471
f 8512/1740/1524 8514/2643/473 8513/2644/473 8511/29/1524
f 8514/2643/473 8516/2645/474 8515/2646/474 8513/2644/473
f 8516/2645/474 8518/2647/1525 8517/2648/1525 8515/2646/474
f 8518/2647/1525 8520/2649/476 8519/2650/476 8517/2648/1525
f 8520/2649/476 8522/2651/477 8521/2652/477 8519/2650/476
f 8522/2651/477 8524/2653/478 8523/2654/478 8521/2652/477
f 8524/2653/478 8526/2655/479 8525/2656/479 8523/2654/478
f 8526/2655/479 8528/2657/480 8527/2658/480 8525/2656/479
f 8528/2657/480 8530/2659/481 8529/2660/481 8527/2658/480
f 8530/2659/481 8532/2661/482 8531/2662/482 8529/2660/481
f 8532/2661/482 8534/2663/483 8533/2664/483 8531/2662/482
f 8534/2663/483 8536/2665/484 8535/2666/484 8533/2664/483
f 8536/2665/484 8538/2667/485 8537/2668/485 8535/2666/484
f 8538/2667/485 8540/2669/486 8539/2670/486 8537/2668/485
f 8540/2669/486 8542/2671/487 8541/2672/487 8539/2670/486
f 8542/2671/487 8544/2673/488 8543/2674/488 8541/2672/487
f 8544/2673/488 8546/2675/489 8545/2676/489 8543/2674/488
f 8546/2675/489 8548/2677/490 8547/2678/490 8545/2676/489
f 8548/2677/490 8550/2679/491 8549/2680/491 8547/2678/490
f 8550/2679/491 8552/2681/1526 8551/2682/1526 8549/2680/491
f 8552/2681/1526 8554/2683/493 8553/2684/493 8551/2682/1526
f 8554/2683/493 8556/2685/494 8555/2686/494 8553/2684/493
f 8556/2685/494 8558/2687/495 8557/2688/495 8555/2686/494
f 8558/2687/495 8560/2689/496 8559/2690/496 8557/2688/495
f 8560/2689/496 8562/2691/497 8561/2692/497 8559/2690/496
f 8562/2691/497 8564/2693/498 8563/2694/498 8561/2692/497
f 8564/2693/498 8566/2695/499 8565/2696/499 8563/2694/498
f 8566/2695/499 8568/2697/500 8567/2698/500 8565/2696/499
f 8568/2697/500 8570/2699/501 8569/2700/501 8567/2698/500
f 8570/2699/501 8572/2701/502 8571/2702/502 8569/2700/501
f 8572/2701/502 8574/2703/503 8573/2704/503 8571/2702/502
f 8574/2703/503 8576/2705/504 8575/2706/504 8573/2704/503
f 8576/2705/504 8578/2707/505 8577/2708/505 8575/2706/504
f 8578/2707/505 8580/2709/1527 8579/2710/1527 8577/2708/505
f 8580/2709/1527 8582/2711/507 8581/2712/507 8579/2710/1527
f 8582/2711/507 8584/2713/508 8583/2714/508 8581/2712/507
f 8584/2713/508 8586/2715/509 8585/2716/509 8583/2714/508
f 8586/2715/509 8588/2717/510 8587/2718/510 8585/2716/509
f 8588/2717/510 8590/2719/511 8589/2720/511 8587/2718/510
f 8590/2719/511 8592/2721/512 8591/2722/512 8589/2720/511
f 8592/2721/512 8594/2723/513 8593/2724/513 8591/2722/512
f 8594/2723/513 8596/2725/514 8595/2726/514 8593/2724/513
f 8596/2725/514 8598/2727/515 8597/2728/515 8595/2726/514
f 8598/2727/515 8600/2729/516 8599/2730/516 8597/2728/515
f 8600/2729/516 8602/2731/517 8601/2732/517 8599/2730/516
f 8602/2731/517 8604/2733/518 8603/2734/518 8601/2732/517
f 8604/2733/518 8606/2735/519 8605/2736/519 8603/2734/518
f 8606/2735/519 8608/2737/520 8607/2738/520 8605/2736/519
f 8608/2737/520 8610/2739/521 8609/2740/521 8607/2738/520
f 8610/2739/521 8612/2741/522 8611/2742/522 8609/2740/521
f 8612/2741/522 8614/2743/523 8613/2744/523 8611/2742/522
f 8614/2743/523 8616/2745/1528 8615/2746/1528 8613/2744/523
f 8616/2745/1528 8618/2747/525 8617/2748/525 8615/2746/1528
f 8618/2747/525 8620/2749/526 8619/2750/526 8617/2748/525
f 8620/2749/526 8622/2751/1529 8621/2752/1529 8619/2750/526
f 8622/2751/1529 8624/2753/528 8623/2754/528 8621/2752/1529
f 8624/2753/528 8626/2755/529 8625/2756/529 8623/2754/528
f 8626/2755/529 8628/2757/530 8627/2758/530 8625/2756/529
f 8628/2757/530 8630/2759/531 8629/2760/531 8627/2758/530
f 8630/2759/531 8632/2761/532 8631/2762/532 8629/2760/531
f 8632/2761/532 8634/2763/533 8633/2764/533 8631/2762/532
f 8634/2763/533 8636/2765/534 8635/2766/534 8633/2764/533
f 8636/2765/534 8638/2767/535 8637/2768/535 8635/2766/534
f 8638/2767/535 8640/2769/536 8639/2770/536 8637/2768/535
f 8640/2769/536 8642/2771/537 8641/2772/537 8639/2770/536
f 8642/2771/537 8644/2773/538 8643/2774/538 8641/2772/537
f 8644/2773/538 8646/2775/539 8645/2776/539 8643/2774/538
f 8646/2775/539 8648/2777/540 8647/2778/540 8645/2776/539
f 8648/2777/540 8650/2779/541 8649/2780/541 8647/2778/540
f 8650/2779/541 8652/2781/542 8651/2782/542 8649/2780/541
f 8652/2781/542 8654/2783/543 8653/2784/543 8651/2782/542
f 8654/2783/543 8656/2785/1530 8655/2786/1530 8653/2784/543
f 8656/2785/1530 8512/2255/1524 8511/2/1524 8655/2786/1530
f 8658/1740/1531 8660/4351/546 8659/4352/546 8657/29/1531
f 8660/4351/546 8662/4353/1532 8661/4354/1532 8659/4352/546
f 8662/4353/1532 8664/4355/1533 8663/4356/1533 8661/4354/1532
f 8664/4355/1533 8666/4357/1534 8665/4358/1534 8663/4356/1533
f 8666/4357/1534 8668/4359/1535 8667/4360/1535 8665/4358/1534
f 8668/4359/1535 8670/4361/1536 8669/4362/1536 8667/4360/1535
f 8670/4361/1536 8672/4363/1537 8671/4364/1537 8669/4362/1536
f 8672/4363/1537 8674/4365/1538 8673/4366/1538 8671/4364/1537
f 8674/4365/1538 8676/4367/1539 8675/4368/1539 8673/4366/1538
f 8676/4367/1539 8678/4369/1540 8677/4370/1540 8675/4368/1539
f 8678/4369/1540 8680/4371/866 8679/4372/866 8677/4370/1540
f 8680/4371/866 8682/4373/1541 8681/4374/1541 8679/4372/866
f 8682/4373/1541 8684/4375/1542 8683/4376/1542 8681/4374/1541
f 8684/4375/1542 8686/4377/1543 8685/4378/1543 8683/4376/1542
f 8686/4377/1543 8688/4379/560 8687/4380/560 8685/4378/1543
f 8688/4379/560 8690/4381/1544 8689/4382/1544 8687/4380/560
f 8690/4381/1544 8692/4383/1545 8691/4384/1545 8689/4382/1544
f 8692/4383/1545 8694/4385/1546 8693/4386/1546 8691/4384/1545
f 8694/4385/1546 8696/4387/1547 8695/4388/1547 8693/4386/1546
f 8696/4387/1547 8698/4389/1548 8697/4390/1548 8695/4388/1547
f 8698/4389/1548 8700/4391/566 8699/4392/566 8697/4390/1548
f 8700/4391/566 8702/4393/567 8701/4394/567 8699/4392/566
f 8702/4393/567 8704/4395/568 8703/4396/568 8701/4394/567
f 8704/4395/568 8706/4397/569 8705/4398/569 8703/4396/568
f 8706/4397/569 8708/4399/1549 8707/4400/1549 8705/4398/569
f 8708/4399/1549 8710/4401/1550 8709/4402/1550 8707/4400/1549
f 8710/4401/1550 8712/4403/1551 8711/4404/1551 8709/4402/1550
f 8712/4403/1551 8714/4405/1552 8713/4406/1552 8711/4404/1551
f 8714/4405/1552 8716/3956/574 8715/730/574 8713/4406/1552
f 8716/3956/574 8718/4407/1553 8717/4408/1553 8715/730/574
f 8718/4407/1553 8720/4409/576 8719/4410/576 8717/4408/1553
f 8720/4409/576 8722/4411/1554 8721/4412/1554 8719/4410/576
f 8722/4411/1554 8724/4413/1555 8723/4414/1555 8721/4412/1554
f 8724/4413/1555 8726/4415/1556 8725/4416/1556 8723/4414/1555
f 8726/4415/1556 8728/4417/580 8727/4418/580 8725/4416/1556
f 8728/4417/580 8730/4419/581 8729/4420/581 8727/4418/580
f 8730/4419/581 8732/4421/1557 8731/4422/1557 8729/4420/581
f 8732/4421/1557 8734/4423/1558 8733/4424/1558 8731/4422/1557
f 8734/4423/1558 8736/4425/1559 8735/4426/1559 8733/4424/1558
f 8736/4425/1559 8738/4427/585 8737/4428/585 8735/4426/1559
f 8738/4427/585 8740/4429/586 8739/4430/586 8737/4428/585
f 8740/4429/586 8742/4431/587 8741/4432/587 8739/4430/586
f 8742/4431/587 8744/4433/588 8743/4434/588 8741/4432/587
f 8744/4433/588 8746/4435/589 8745/4436/589 8743/4434/588
f 8746/4435/589 8748/4437/590 8747/4438/590 8745/4436/589
f 8748/4437/590 8750/4439/591 8749/4440/591 8747/4438/590
f 8750/4439/591 8752/4441/592 8751/4442/592 8749/4440/591
f 8752/4441/592 8754/4443/593 8753/4444/593 8751/4442/592
f 8754/4443/593 8756/4445/594 8755/4446/594 8753/4444/593
f 8756/4445/594 8758/4447/595 8757/4448/595 8755/4446/594
f 8758/4447/595 8760/4449/596 8759/4450/596 8757/4448/595
f 8760/4449/596 8762/4451/597 8761/4452/597 8759/4450/596
f 8762/4451/597 8764/4453/598 8763/4454/598 8761/4452/597
f 8764/4453/598 8766/4455/599 8765/4456/599 8763/4454/598
f 8766/4455/599 8768/4457/600 8767/4458/600 8765/4456/599
f 8768/4457/600 8770/4459/601 8769/4460/601 8767/4458/600
f 8770/4459/601 8772/4461/602 8771/4462/602 8769/4460/601
f 8772/4461/602 8774/3969/603 8773/538/603 8771/4462/602
f 8774/3969/603 8776/4463/604 8775/4464/604 8773/538/603
f 8776/4463/604 8778/4465/217 8777/4466/217 8775/4464/604
f 8778/4465/217 8780/4467/605 8779/4468/605 8777/4466/217
f 8780/4467/605 8782/4469/606 8781/4470/606 8779/4468/605
f 8782/4469/606 8784/4471/607 8783/4472/607 8781/4470/606
f 8784/4471/607 8786/4473/608 8785/4474/608 8783/4472/607
f 8786/4473/608 8788/4475/609 8787/4476/609 8785/4474/608
f 8788/4475/609 8790/4477/610 8789/4478/610 8787/4476/609
f 8790/4477/610 8792/4479/611 8791/4480/611 8789/4478/610
f 8792/4479/611 8794/4481/612 8793/4482/612 8791/4480/611
f 8794/4481/612 8796/4483/613 8795/4484/613 8793/4482/612
f 8796/4483/613 8798/4485/614 8797/4486/614 8795/4484/613
f 8798/4485/614 8800/4487/615 8799/4488/615 8797/4486/614
f 8800/4487/615 8802/4489/616 8801/4490/616 8799/4488/615
f 8802/4489/616 8804/4491/617 8803/4492/617 8801/4490/616
f 8804/4491/617 8806/4493/618 8805/4494/618 8803/4492/617
f 8806/4493/618 8808/4495/619 8807/4496/619 8805/4494/618
f 8808/4495/619 8810/4497/620 8809/4498/620 8807/4496/619
f 8810/4497/620 8812/4499/1560 8811/4500/1560 8809/4498/620
f 8812/4499/1560 8814/4501/1561 8813/4502/1561 8811/4500/1560
f 8814/4501/1561 8816/4503/1562 8815/4504/1562 8813/4502/1561
f 8816/4503/1562 8818/4505/1563 8817/4506/1563 8815/4504/1562
f 8818/4505/1563 8820/4507/1564 8819/4508/1564 8817/4506/1563
f 8820/4507/1564 8822/4509/1565 8821/4510/1565 8819/4508/1564
f 8822/4509/1565 8824/4511/1566 8823/4512/1566 8821/4510/1565
f 8824/4511/1566 8826/4513/1567 8825/4514/1567 8823/4512/1566
f 8826/4513/1567 8828/4515/327 8827/4516/327 8825/4514/1567
f 8828/4515/327 8830/4517/1568 8829/4518/1568 8827/4516/327
f 8830/4517/1568 8832/2449/1569 8831/82/1569 8829/4518/1568
f 8832/2449/1569 8834/4519/1570 8833/4520/1570 8831/82/1569
f 8834/4519/1570 8836/4521/1571 8835/4522/1571 8833/4520/1570
f 8836/4521/1571 8838/4523/1572 8837/4524/1572 8835/4522/1571
f 8838/4523/1572 8840/4525/1573 8839/4526/1573 8837/4524/1572
f 8840/4525/1573 8842/4527/1574 8841/4528/1574 8839/4526/1573
f 8842/4527/1574 8844/4529/1575 8843/4530/1575 8841/4528/1574
f 8844/4529/1575 8846/4531/1576 8845/4532/1576 8843/4530/1575
f 8846/4531/1576 8848/4533/1577 8847/4534/1577 8845/4532/1576
f 8848/4533/1577 8850/4535/1578 8849/4536/1578 8847/4534/1577
f 8850/4535/1578 8852/4537/1498 8851/4538/1498 8849/4536/1578
f 8852/4537/1498 8854/4539/1579 8853/4540/1579 8851/4538/1498
f 8854/4539/1579 8856/4541/1580 8855/4542/1580 8853/4540/1579
f 8856/4541/1580 8858/4543/1581 8857/4544/1581 8855/4542/1580
f 8858/4543/1581 8860/4545/1582 8859/4546/1582 8857/4544/1581
f 8860/4545/1582 8862/4547/1583 8861/4548/1583 8859/4546/1582
f 8862/4547/1583 8864/4549/1584 8863/4550/1584 8861/4548/1583
f 8864/4549/1584 8866/4551/1585 8865/4552/1585 8863/4550/1584
f 8866/4551/1585 8868/4553/1586 8867/4554/1586 8865/4552/1585
f 8868/4553/1586 8870/4555/1587 8869/4556/1587 8867/4554/1586
f 8870/4555/1587 8872/4557/1588 8871/4558/1588 8869/4556/1587
f 8872/4557/1588 8874/4559/1589 8873/4560/1589 8871/4558/1588
f 8874/4559/1589 8876/4561/1396 8875/4562/1396 8873/4560/1589
f 8876/4561/1396 8878/4563/1590 8877/4564/1590 8875/4562/1396
f 8878/4563/1590 8880/4565/1591 8879/4566/1591 8877/4564/1590
f 8880/4565/1591 8882/4567/1592 8881/4568/1592 8879/4566/1591
f 8882/4567/1592 8884/4569/1593 8883/4570/1593 8881/4568/1592
f 8884/4569/1593 8886/4571/1594 8885/4572/1594 8883/4570/1593
f 8886/4571/1594 8888/4573/1595 8887/4574/1595 8885/4572/1594
f 8888/4573/1595 8890/3996/1596 8889/695/1596 8887/4574/1595
f 8890/3996/1596 8892/4575/1597 8891/4576/1597 8889/695/1596
f 8892/4575/1597 8894/4577/1598 8893/4578/1598 8891/4576/1597
f 8894/4577/1598 8896/4579/1599 8895/4580/1599 8893/4578/1598
f 8896/4579/1599 8898/4581/1600 8897/4582/1600 8895/4580/1599
f 8898/4581/1600 8900/4583/1601 8899/4584/1601 8897/4582/1600
f 8900/4583/1601 8902/4585/1602 8901/4586/1602 8899/4584/1601
f 8902/4585/1602 8904/4587/1603 8903/4588/1603 8901/4586/1602
f 8904/4587/1603 8906/4589/1604 8905/4590/1604 8903/4588/1603
f 8906/4589/1604 8908/4591/1605 8907/4592/1605 8905/4590/1604
f 8908/4591/1605 8910/4593/1606 8909/4594/1606 8907/4592/1605
f 8910/4593/1606 8912/4595/1607 8911/4596/1607 8909/4594/1606
f 8912/4595/1607 8914/4597/1608 8913/4598/1608 8911/4596/1607
f 8914/4597/1608 8916/4599/1371 8915/4600/1371 8913/4598/1608
f 8916/4599/1371 8918/4601/1609 8917/4602/1609 8915/4600/1371
f 8918/4601/1609 8920/4603/188 8919/4604/188 8917/4602/1609
f 8920/4603/188 8922/4605/1610 8921/4606/1610 8919/4604/188
f 8922/4605/1610 8924/4607/1611 8923/4608/1611 8921/4606/1610
f 8924/4607/1611 8926/4609/1612 8925/4610/1612 8923/4608/1611
f 8926/4609/1612 8928/4611/193 8927/4612/193 8925/4610/1612
f 8928/4611/193 8930/4613/1613 8929/4614/1613 8927/4612/193
f 8930/4613/1613 8932/4615/1614 8931/4616/1614 8929/4614/1613
f 8932/4615/1614 8934/4617/1615 8933/4618/1615 8931/4616/1614
f 8934/4617/1615 8936/4619/1616 8935/4620/1616 8933/4618/1615
f 8936/4619/1616 8938/4621/1617 8937/4622/1617 8935/4620/1616
f 8938/4621/1617 8940/4623/1618 8939/4624/1618 8937/4622/1617
f 8940/4623/1618 8942/4625/385 8941/4626/385 8939/4624/1618
f 8942/4625/385 8944/4627/1619 8943/4628/1619 8941/4626/385
f 8944/4627/1619 8946/4629/1620 8945/4630/1620 8943/4628/1619
f 8946/4629/1620 8948/4009/1621 8947/615/1621 8945/4630/1620
f 8948/4009/1621 8950/4631/1622 8949/4632/1622 8947/615/1621
f 8950/4631/1622 8952/4633/1623 8951/4634/1623 8949/4632/1622
f 8952/4633/1623 8954/4635/1624 8953/4636/1624 8951/4634/1623
f 8954/4635/1624 8956/4637/1625 8955/4638/1625 8953/4636/1624
f 8956/4637/1625 8958/4639/1626 8957/4640/1626 8955/4638/1625
f 8958/4639/1626 8960/4641/1627 8959/4642/1627 8957/4640/1626
f 8960/4641/1627 8962/4643/1628 8961/4644/1628 8959/4642/1627
f 8962/4643/1628 8964/4645/1629 8963/4646/1629 8961/4644/1628
f 8964/4645/1629 8966/4647/1630 8965/4648/1630 8963/4646/1629
f 8966/4647/1630 8968/4649/1631 8967/4650/1631 8965/4648/1630
f 8968/4649/1631 8970/4651/1632 8969/4652/1632 8967/4650/1631
f 8970/4651/1632 8972/4653/1633 8971/4654/1633 8969/4652/1632
f 8972/4653/1633 8974/4655/1634 8973/4656/1634 8971/4654/1633
f 8974/4655/1634 8976/4657/1635 8975/4658/1635 8973/4656/1634
f 8976/4657/1635 8978/4659/1636 8977/4660/1636 8975/4658/1635
f 8978/4659/1636 8980/4661/1637 8979/4662/1637 8977/4660/1636
f 8980/4661/1637 8982/4663/1638 8981/4664/1638 8979/4662/1637
f 8982/4663/1638 8984/4665/1639 8983/4666/1639 8981/4664/1638
f 8984/4665/1639 8986/4667/1640 8985/4668/1640 8983/4666/1639
f 8986/4667/1640 8988/4669/23 8987/4670/23 8985/4668/1640
f 8988/4669/23 8990/4671/1641 8989/4672/1641 8987/4670/23
f 8990/4671/1641 8992/4673/1642 8991/4674/1642 8989/4672/1641
f 8992/4673/1642 8994/4675/1643 8993/4676/1643 8991/4674/1642
f 8994/4675/1643 8996/4677/1644 8995/4678/1644 8993/4676/1643
f 8996/4677/1644 8998/4679/1645 8997/4680/1645 8995/4678/1644
f 8998/4679/1645 9000/4681/1646 8999/4682/1646 8997/4680/1645
f 9000/4681/1646 9002/4683/1647 9001/4684/1647 8999/4682/1646
f 9002/4683/1647 9004/4685/1648 9003/4686/1648 9001/4684/1647
f 9004/4685/1648 8658/2255/1531 8657/2/1531 9003/4686/1648
f 9006/1740/1649 9008/1843/1650 9007/22/1650 9005/29/1649
f 9008/1843/1650 9010/1946/1651 9009/62/1651 9007/22/1650
f 9010/1946/1651 9012/2049/1652 9011/101/1652 9009/62/1651
f 9012/2049/1652 9014/2152/1653 9013/61/1653 9011/101/1652
f 9014/2152/1653 9006/2255/1649 9005/2/1649 9013/61/1653
f 9016/1740/1654 9018/4687/1655 9017/4688/1655 9015/29/1654
f 9018/4687/1655 9020/4689/1656 9019/4690/1656 9017/4688/1655
f 9020/4689/1656 9022/4691/1657 9021/4692/1657 9019/4690/1656
f 9022/4691/1657 9024/4693/1658 9023/705/1658 9021/4692/1657
f 9024/4693/1658 9026/4694/1659 9025/4695/1659 9023/705/1658
f 9026/4694/1659 9028/4696/1660 9027/4697/1660 9025/4695/1659
f 9028/4696/1660 9030/4698/1661 9029/4699/1661 9027/4697/1660
f 9030/4698/1661 9032/3950/1662 9031/733/1662 9029/4699/1661
f 9032/3950/1662 9034/4700/1663 9033/4701/1663 9031/733/1662
f 9034/4700/1663 9036/4702/1664 9035/4703/1664 9033/4701/1663
f 9036/4702/1664 9038/4704/1665 9037/4705/1665 9035/4703/1664
f 9038/4704/1665 9040/4706/1666 9039/746/1666 9037/4705/1665
f 9040/4706/1666 9042/4707/1667 9041/4708/1667 9039/746/1666
f 9042/4707/1667 9044/4709/1668 9043/4710/1668 9041/4708/1667
f 9044/4709/1668 9046/4711/1669 9045/4712/1669 9043/4710/1668
f 9046/4711/1669 9048/3956/1414 9047/730/1414 9045/4712/1669
f 9048/3956/1414 9050/4713/1670 9049/4714/1670 9047/730/1414
f 9050/4713/1670 9052/4715/1671 9051/4716/1671 9049/4714/1670
f 9052/4715/1671 9054/4717/1672 9053/4718/1672 9051/4716/1671
f 9054/4717/1672 9056/4719/1673 9055/689/1673 9053/4718/1672
f 9056/4719/1673 9058/4720/1674 9057/4721/1674 9055/689/1673
f 9058/4720/1674 9060/4722/1675 9059/4723/1675 9057/4721/1674
f 9060/4722/1675 9062/4724/1676 9061/4725/1676 9059/4723/1675
f 9062/4724/1676 9064/2352/1677 9063/32/1677 9061/4725/1676
f 9064/2352/1677 9066/4726/1678 9065/4727/1678 9063/32/1677
f 9066/4726/1678 9068/4728/1679 9067/4729/1679 9065/4727/1678
f 9068/4728/1679 9070/4730/1680 9069/4731/1680 9067/4729/1679
f 9070/4730/1680 9072/4732/1681 9071/565/1681 9069/4731/1680
f 9072/4732/1681 9074/4733/1682 9073/4734/1682 9071/565/1681
f 9074/4733/1682 9076/4735/1683 9075/4736/1683 9073/4734/1682
f 9076/4735/1683 9078/4737/1684 9077/4738/1684 9075/4736/1683
f 9078/4737/1684 9080/3969/1685 9079/538/1685 9077/4738/1684
f 9080/3969/1685 9082/4739/1686 9081/4740/1686 9079/538/1685
f 9082/4739/1686 9084/4741/1687 9083/4742/1687 9081/4740/1686
f 9084/4741/1687 9086/4743/725 9085/4744/725 9083/4742/1687
f 9086/4743/725 9088/4745/1688 9087/550/1688 9085/4744/725
f 9088/4745/1688 9090/4746/1588 9089/4747/1588 9087/550/1688
f 9090/4746/1588 9092/4748/1689 9091/4749/1689 9089/4747/1588
f 9092/4748/1689 9094/4750/1690 9093/4751/1690 9091/4749/1689
f 9094/4750/1690 9096/3975/1691 9095/564/1691 9093/4751/1690
f 9096/3975/1691 9098/4752/1692 9097/4753/1692 9095/564/1691
f 9098/4752/1692 9100/4754/1693 9099/4755/1693 9097/4753/1692
f 9100/4754/1693 9102/4756/1694 9101/4757/1694 9099/4755/1693
f 9102/4756/1694 9104/4758/1695 9103/617/1695 9101/4757/1694
f 9104/4758/1695 9106/4759/1696 9105/4760/1696 9103/617/1695
f 9106/4759/1696 9108/4761/1697 9107/4762/1697 9105/4760/1696
f 9108/4761/1697 9110/4763/1698 9109/4764/1698 9107/4762/1697
f 9110/4763/1698 9112/2449/1699 9111/82/1699 9109/4764/1698
f 9112/2449/1699 9114/4765/1700 9113/4766/1700 9111/82/1699
f 9114/4765/1700 9116/4767/1701 9115/4768/1701 9113/4766/1700
f 9116/4767/1701 9118/4769/1702 9117/4770/1702 9115/4768/1701
f 9118/4769/1702 9120/4771/1703 9119/660/1703 9117/4770/1702
f 9120/4771/1703 9122/4772/1647 9121/4773/1647 9119/660/1703
f 9122/4772/1647 9124/4774/1704 9123/4775/1704 9121/4773/1647
f 9124/4774/1704 9126/4776/1705 9125/4777/1705 9123/4775/1704
f 9126/4776/1705 9128/3990/1706 9127/670/1706 9125/4777/1705
f 9128/3990/1706 9130/4778/1707 9129/4779/1707 9127/670/1706
f 9130/4778/1707 9132/4780/1708 9131/4781/1708 9129/4779/1707
f 9132/4780/1708 9134/4782/1709 9133/4783/1709 9131/4781/1708
f 9134/4782/1709 9136/4784/1710 9135/680/1710 9133/4783/1709
f 9136/4784/1710 9138/4785/1711 9137/4786/1711 9135/680/1710
f 9138/4785/1711 9140/4787/1712 9139/4788/1712 9137/4786/1711
f 9140/4787/1712 9142/4789/1713 9141/4790/1713 9139/4788/1712
f 9142/4789/1713 9144/3996/1714 9143/695/1714 9141/4790/1713
f 9144/3996/1714 9146/4791/1715 9145/4792/1715 9143/695/1714
f 9146/4791/1715 9148/4793/1716 9147/4794/1716 9145/4792/1715
f 9148/4793/1716 9150/4795/1717 9149/4796/1717 9147/4794/1716
f 9150/4795/1717 9152/4797/1718 9151/719/1718 9149/4796/1717
f 9152/4797/1718 9154/4798/948 9153/4799/948 9151/719/1718
f 9154/4798/948 9156/4800/1719 9155/4801/1719 9153/4799/948
f 9156/4800/1719 9158/4802/1720 9157/4803/1720 9155/4801/1719
f 9158/4802/1720 9160/2546/1721 9159/71/1721 9157/4803/1720
f 9160/2546/1721 9162/4804/1722 9161/4805/1722 9159/71/1721
f 9162/4804/1722 9164/4806/1723 9163/4807/1723 9161/4805/1722
f 9164/4806/1723 9166/4808/1724 9165/4809/1724 9163/4807/1723
f 9166/4808/1724 9168/4810/1725 9167/648/1725 9165/4809/1724
f 9168/4810/1725 9170/4811/1726 9169/4812/1726 9167/648/1725
f 9170/4811/1726 9172/4813/1727 9171/4814/1727 9169/4812/1726
f 9172/4813/1727 9174/4815/1728 9173/4816/1728 9171/4814/1727
f 9174/4815/1728 9176/4009/1729 9175/615/1729 9173/4816/1728
f 9176/4009/1729 9178/4817/1730 9177/4818/1730 9175/615/1729
f 9178/4817/1730 9180/4819/1731 9179/4820/1731 9177/4818/1730
f 9180/4819/1731 9182/4821/845 9181/4822/845 9179/4820/1731
f 9182/4821/845 9184/4823/1732 9183/596/1732 9181/4822/845
f 9184/4823/1732 9186/4824/1733 9185/4825/1733 9183/596/1732
f 9186/4824/1733 9188/4826/1734 9187/4827/1734 9185/4825/1733
f 9188/4826/1734 9190/4828/1735 9189/4829/1735 9187/4827/1734
f 9190/4828/1735 9192/4015/1736 9191/578/1736 9189/4829/1735
f 9192/4015/1736 9194/4830/1737 9193/4831/1737 9191/578/1736
f 9194/4830/1737 9196/4832/1738 9195/4833/1738 9193/4831/1737
f 9196/4832/1738 9198/4834/1739 9197/4835/1739 9195/4833/1738
f 9198/4834/1739 9200/4836/1740 9199/570/1740 9197/4835/1739
f 9200/4836/1740 9202/4837/1741 9201/4838/1741 9199/570/1740
f 9202/4837/1741 9204/4839/1742 9203/4840/1742 9201/4838/1741
f 9204/4839/1742 9206/4841/1743 9205/4842/1743 9203/4840/1742
f 9206/4841/1743 9016/2255/1654 9015/2/1654 9205/4842/1743
f 9208/1740/1649 9210/1843/1650 9209/22/1650 9207/29/1649
f 9210/1843/1650 9212/1946/1651 9211/62/1651 9209/22/1650
f 9212/1946/1651 9214/2049/1652 9213/101/1652 9211/62/1651
f 9214/2049/1652 9216/2152/1653 9215/61/1653 9213/101/1652
f 9216/2152/1653 9208/2255/1649 9207/2/1649 9215/61/1653
f 9218/1740/1654 9220/4687/1655 9219/4688/1655 9217/29/1654
f 9220/4687/1655 9222/4689/1656 9221/4690/1656 9219/4688/1655
f 9222/4689/1656 9224/4691/1657 9223/4692/1657 9221/4690/1656
f 9224/4691/1657 9226/4693/1658 9225/705/1658 9223/4692/1657
f 9226/4693/1658 9228/4694/1659 9227/4695/1659 9225/705/1658
f 9228/4694/1659 9230/4696/1660 9229/4697/1660 9227/4695/1659
f 9230/4696/1660 9232/4698/1661 9231/4699/1661 9229/4697/1660
f 9232/4698/1661 9234/3950/1662 9233/733/1662 9231/4699/1661
f 9234/3950/1662 9236/4700/1663 9235/4701/1663 9233/733/1662
f 9236/4700/1663 9238/4702/1664 9237/4703/1664 9235/4701/1663
f 9238/4702/1664 9240/4704/1665 9239/4705/1665 9237/4703/1664
f 9240/4704/1665 9242/4706/1666 9241/746/1666 9239/4705/1665
f 9242/4706/1666 9244/4707/1667 9243/4708/1667 9241/746/1666
f 9244/4707/1667 9246/4709/1668 9245/4710/1668 9243/4708/1667
f 9246/4709/1668 9248/4711/1669 9247/4712/1669 9245/4710/1668
f 9248/4711/1669 9250/3956/1414 9249/730/1414 9247/4712/1669
f 9250/3956/1414 9252/4713/1670 9251/4714/1670 9249/730/1414
f 9252/4713/1670 9254/4715/1671 9253/4716/1671 9251/4714/1670
f 9254/4715/1671 9256/4717/1744 9255/4718/1744 9253/4716/1671
f 9256/4717/1744 9258/4719/1673 9257/689/1673 9255/4718/1744
f 9258/4719/1673 9260/4720/1674 9259/4721/1674 9257/689/1673
f 9260/4720/1674 9262/4722/1675 9261/4723/1675 9259/4721/1674
f 9262/4722/1675 9264/4724/1745 9263/4725/1745 9261/4723/1675
f 9264/4724/1745 9266/2352/1677 9265/32/1677 9263/4725/1745
f 9266/2352/1677 9268/4726/1746 9267/4727/1746 9265/32/1677
f 9268/4726/1746 9270/4728/1747 9269/4729/1747 9267/4727/1746
f 9270/4728/1747 9272/4730/1680 9271/4731/1680 9269/4729/1747
f 9272/4730/1680 9274/4732/1681 9273/565/1681 9271/4731/1680
f 9274/4732/1681 9276/4733/1682 9275/4734/1682 9273/565/1681
f 9276/4733/1682 9278/4735/1748 9277/4736/1748 9275/4734/1682
f 9278/4735/1748 9280/4737/1684 9279/4738/1684 9277/4736/1748
f 9280/4737/1684 9282/3969/1685 9281/538/1685 9279/4738/1684
f 9282/3969/1685 9284/4739/1686 9283/4740/1686 9281/538/1685
f 9284/4739/1686 9286/4741/1687 9285/4742/1687 9283/4740/1686
f 9286/4741/1687 9288/4743/725 9287/4744/725 9285/4742/1687
f 9288/4743/725 9290/4745/1688 9289/550/1688 9287/4744/725
f 9290/4745/1688 9292/4746/1588 9291/4747/1588 9289/550/1688
f 9292/4746/1588 9294/4748/1689 9293/4749/1689 9291/4747/1588
f 9294/4748/1689 9296/4750/1690 9295/4751/1690 9293/4749/1689
f 9296/4750/1690 9298/3975/1691 9297/564/1691 9295/4751/1690
f 9298/3975/1691 9300/4752/1692 9299/4753/1692 9297/564/1691
f 9300/4752/1692 9302/4754/1693 9301/4755/1693 9299/4753/1692
f 9302/4754/1693 9304/4756/1694 9303/4757/1694 9301/4755/1693
f 9304/4756/1694 9306/4758/1695 9305/617/1695 9303/4757/1694
f 9306/4758/1695 9308/4759/1749 9307/4760/1749 9305/617/1695
f 9308/4759/1749 9310/4761/1697 9309/4762/1697 9307/4760/1749
f 9310/4761/1697 9312/4763/1698 9311/4764/1698 9309/4762/1697
f 9312/4763/1698 9314/2449/1750 9313/82/1750 9311/4764/1698
f 9314/2449/1750 9316/4765/1700 9315/4766/1700 9313/82/1750
f 9316/4765/1700 9318/4767/1701 9317/4768/1701 9315/4766/1700
f 9318/4767/1701 9320/4769/1702 9319/4770/1702 9317/4768/1701
f 9320/4769/1702 9322/4771/1751 9321/660/1751 9319/4770/1702
f 9322/4771/1751 9324/4772/1647 9323/4773/1647 9321/660/1751
f 9324/4772/1647 9326/4774/1704 9325/4775/1704 9323/4773/1647
f 9326/4774/1704 9328/4776/1705 9327/4777/1705 9325/4775/1704
f 9328/4776/1705 9330/3990/1752 9329/670/1752 9327/4777/1705
f 9330/3990/1752 9332/4778/1707 9331/4779/1707 9329/670/1752
f 9332/4778/1707 9334/4780/1708 9333/4781/1708 9331/4779/1707
f 9334/4780/1708 9336/4782/1709 9335/4783/1709 9333/4781/1708
f 9336/4782/1709 9338/4784/1710 9337/680/1710 9335/4783/1709
f 9338/4784/1710 9340/4785/1711 9339/4786/1711 9337/680/1710
f 9340/4785/1711 9342/4787/1712 9341/4788/1712 9339/4786/1711
f 9342/4787/1712 9344/4789/1713 9343/4790/1713 9341/4788/1712
f 9344/4789/1713 9346/3996/1714 9345/695/1714 9343/4790/1713
f 9346/3996/1714 9348/4791/1715 9347/4792/1715 9345/695/1714
f 9348/4791/1715 9350/4793/1716 9349/4794/1716 9347/4792/1715
f 9350/4793/1716 9352/4795/1717 9351/4796/1717 9349/4794/1716
f 9352/4795/1717 9354/4797/1718 9353/719/1718 9351/4796/1717
f 9354/4797/1718 9356/4798/948 9355/4799/948 9353/719/1718
f 9356/4798/948 9358/4800/1719 9357/4801/1719 9355/4799/948
f 9358/4800/1719 9360/4802/1720 9359/4803/1720 9357/4801/1719
f 9360/4802/1720 9362/2546/1721 9361/71/1721 9359/4803/1720
f 9362/2546/1721 9364/4804/1753 9363/4805/1753 9361/71/1721
f 9364/4804/1753 9366/4806/1754 9365/4807/1754 9363/4805/1753
f 9366/4806/1754 9368/4808/1755 9367/4809/1755 9365/4807/1754
f 9368/4808/1755 9370/4810/1756 9369/648/1756 9367/4809/1755
f 9370/4810/1756 9372/4811/1726 9371/4812/1726 9369/648/1756
f 9372/4811/1726 9374/4813/1727 9373/4814/1727 9371/4812/1726
f 9374/4813/1727 9376/4815/1728 9375/4816/1728 9373/4814/1727
f 9376/4815/1728 9378/4009/1757 9377/615/1757 9375/4816/1728
f 9378/4009/1757 9380/4817/1730 9379/4818/1730 9377/615/1757
f 9380/4817/1730 9382/4819/1758 9381/4820/1758 9379/4818/1730
f 9382/4819/1758 9384/4821/845 9383/4822/845 9381/4820/1758
f 9384/4821/845 9386/4823/1732 9385/596/1732 9383/4822/845
f 9386/4823/1732 9388/4824/1733 9387/4825/1733 9385/596/1732
f 9388/4824/1733 9390/4826/1734 9389/4827/1734 9387/4825/1733
f 9390/4826/1734 9392/4828/1735 9391/4829/1735 9389/4827/1734
f 9392/4828/1735 9394/4015/1736 9393/578/1736 9391/4829/1735
f 9394/4015/1736 9396/4830/1737 9395/4831/1737 9393/578/1736
f 9396/4830/1737 9398/4832/1738 9397/4833/1738 9395/4831/1737
f 9398/4832/1738 9400/4834/1739 9399/4835/1739 9397/4833/1738
f 9400/4834/1739 9402/4836/1759 9401/570/1759 9399/4835/1739
f 9402/4836/1759 9404/4837/1760 9403/4838/1760 9401/570/1759
f 9404/4837/1760 9406/4839/1761 9405/4840/1761 9403/4838/1760
f 9406/4839/1761 9408/4841/1762 9407/4842/1762 9405/4840/1761
f 9408/4841/1762 9218/2255/1654 9217/2/1654 9407/4842/1762
