# Blender 4.4.1
# www.blender.org
mtllib GameOver.mtl
o テキスト
v -7.472974 -0.500607 0.015097
v -7.135602 -0.521040 -0.000432
v -7.420743 0.897349 0.020268
v -7.423072 0.910394 0.020445
v -7.425197 0.922603 0.020608
v -7.427117 0.933978 0.020757
v -7.428832 0.944517 0.020892
v -7.430345 0.954221 0.021014
v -7.431653 0.963090 0.021122
v -7.432757 0.971124 0.021216
v -7.433658 0.978323 0.021296
v -7.434354 0.984687 0.021362
v -7.434846 0.990215 0.021414
v -7.435136 0.994909 0.021453
v -7.435218 0.998767 0.021478
v -7.434876 1.007003 0.021506
v -7.433938 1.014818 0.021506
v -7.432403 1.022214 0.021476
v -7.430270 1.029189 0.021416
v -7.427541 1.035744 0.021327
v -7.424214 1.041880 0.021208
v -7.420293 1.047595 0.021059
v -7.415772 1.052890 0.020881
v -7.410657 1.057766 0.020674
v -7.404946 1.062221 0.020437
v -7.398637 1.066256 0.020171
v -7.391728 1.069871 0.019874
v -7.383588 1.073128 0.019520
v -7.373572 1.076090 0.019078
v -7.361684 1.078755 0.018549
v -7.347922 1.081124 0.017933
v -7.332290 1.083198 0.017230
v -7.314782 1.084975 0.016439
v -7.295400 1.086456 0.015562
v -7.274144 1.087641 0.014597
v -7.251016 1.088531 0.013544
v -7.226014 1.089124 0.012405
v -7.199140 1.089422 0.011178
v -7.170394 1.089423 0.009864
v -7.175649 1.160767 0.010490
v -7.216733 1.174759 0.012444
v -7.256391 1.187546 0.014325
v -7.294621 1.199126 0.016135
v -7.331428 1.209499 0.017873
v -7.366807 1.218667 0.019540
v -7.400762 1.226628 0.021135
v -7.433290 1.233384 0.022658
v -7.464391 1.238933 0.024109
v -7.494067 1.243276 0.025489
v -7.522317 1.246414 0.026797
v -7.549140 1.248344 0.028033
v -7.574538 1.249069 0.029198
v -7.589883 1.248826 0.029898
v -7.604674 1.247941 0.030569
v -7.618905 1.246415 0.031211
v -7.632581 1.244247 0.031825
v -7.645701 1.241438 0.032409
v -7.658261 1.237987 0.032965
v -7.670270 1.233896 0.033491
v -7.681718 1.229162 0.033989
v -7.692611 1.223788 0.034458
v -7.702947 1.217772 0.034898
v -7.712726 1.211114 0.035308
v -7.721948 1.203816 0.035690
v -7.730523 1.195940 0.036040
v -7.738360 1.187553 0.036353
v -7.745456 1.178654 0.036629
v -7.751813 1.169242 0.036868
v -7.757430 1.159319 0.037072
v -7.762307 1.148884 0.037238
v -7.766446 1.137937 0.037368
v -7.769845 1.126478 0.037461
v -7.772506 1.114507 0.037518
v -7.774426 1.102024 0.037538
v -7.775605 1.089029 0.037522
v -7.776048 1.075522 0.037469
v -7.776032 1.073150 0.037456
v -7.775968 1.070413 0.037438
v -7.775855 1.067310 0.037416
v -7.775691 1.063843 0.037390
v -7.775476 1.060010 0.037359
v -7.775210 1.055812 0.037325
v -7.774896 1.051249 0.037286
v -7.774531 1.046320 0.037242
v -7.774116 1.041027 0.037195
v -7.773650 1.035368 0.037143
v -7.773135 1.029344 0.037087
v -7.772569 1.022955 0.037026
v -7.835483 1.060137 0.040103
v -7.897140 1.094106 0.043104
v -7.957536 1.124863 0.046031
v -8.016673 1.152408 0.048882
v -8.074550 1.176740 0.051659
v -8.131167 1.197860 0.054361
v -8.186528 1.215767 0.056988
v -8.240628 1.230462 0.059540
v -8.293468 1.241945 0.062017
v -8.345048 1.250215 0.064419
v -8.395371 1.255272 0.066746
v -8.444434 1.257118 0.068998
v -8.453876 1.244027 0.069359
v -8.444118 1.197437 0.068661
v -8.434361 1.150351 0.067961
v -8.424607 1.102771 0.067258
v -8.414859 1.054695 0.066552
v -8.405110 1.006124 0.065844
v -8.395364 0.957057 0.065133
v -8.385621 0.907495 0.064420
v -8.375882 0.857439 0.063704
v -8.366143 0.806886 0.062986
v -8.356408 0.755839 0.062265
v -8.346675 0.704296 0.061542
v -8.336946 0.652258 0.060816
v -8.262012 0.640628 0.057328
v -8.254634 0.669877 0.057149
v -8.247186 0.697640 0.056959
v -8.239667 0.723918 0.056757
v -8.232080 0.748709 0.056544
v -8.224420 0.772014 0.056320
v -8.216689 0.793832 0.056085
v -8.208890 0.814165 0.055839
v -8.201020 0.833011 0.055581
v -8.193080 0.850371 0.055312
v -8.185069 0.866246 0.055031
v -8.176988 0.880634 0.054740
v -8.168834 0.893535 0.054437
v -8.160233 0.905184 0.054107
v -8.150805 0.915812 0.053733
v -8.140548 0.925419 0.053317
v -8.129462 0.934005 0.052856
v -8.117547 0.941571 0.052353
v -8.104808 0.948116 0.051806
v -8.091237 0.953640 0.051216
v -8.076840 0.958143 0.050582
v -8.061614 0.961626 0.049905
v -8.045562 0.964089 0.049184
v -8.028680 0.965530 0.048421
v -8.010972 0.965951 0.047614
v -7.992524 0.965300 0.046767
v -7.973435 0.963524 0.045885
v -7.953700 0.960624 0.044967
v -7.933318 0.956601 0.044014
v -7.912292 0.951453 0.043025
v -7.890620 0.945181 0.042001
v -7.868302 0.937785 0.040941
v -7.845340 0.929266 0.039846
v -7.821734 0.919622 0.038715
v -7.797481 0.908854 0.037548
v -7.772584 0.896962 0.036346
v -7.747039 0.883946 0.035108
v -6.527747 0.462215 -0.022897
v -6.469167 0.438890 -0.025700
v -6.409106 0.417342 -0.028562
v -6.347566 0.397573 -0.031481
v -6.284547 0.379582 -0.034459
v -6.220044 0.363370 -0.037494
v -6.154063 0.348935 -0.040588
v -6.086600 0.336279 -0.043739
v -6.017657 0.325402 -0.046949
v -5.947235 0.316302 -0.050217
v -5.875330 0.308981 -0.053543
v -5.801948 0.303438 -0.056927
v -5.727082 0.299673 -0.060368
v -5.725942 0.288758 -0.060480
v -5.724904 0.277923 -0.060586
v -5.723969 0.267165 -0.060686
v -5.723140 0.256487 -0.060782
v -5.722415 0.245887 -0.060873
v -5.721791 0.235367 -0.060958
v -5.721272 0.224924 -0.061038
v -5.720859 0.214561 -0.061113
v -5.720546 0.204276 -0.061183
v -5.720339 0.194070 -0.061248
v -5.720236 0.183942 -0.061307
v -5.720234 0.173894 -0.061361
v -5.721259 0.134323 -0.061528
v -5.723916 0.096312 -0.061613
v -5.728206 0.059859 -0.061614
v -5.734128 0.024966 -0.061532
v -5.741682 -0.008369 -0.061366
v -5.750869 -0.040144 -0.061118
v -5.761689 -0.070361 -0.060787
v -5.774141 -0.099018 -0.060373
v -5.788226 -0.126117 -0.059876
v -5.803943 -0.151656 -0.059296
v -5.821293 -0.175636 -0.058632
v -5.840275 -0.198058 -0.057886
v -5.860745 -0.218790 -0.057063
v -5.882561 -0.237705 -0.056168
v -5.905722 -0.254801 -0.055202
v -5.930225 -0.270079 -0.054164
v -5.956075 -0.283539 -0.053056
v -5.983270 -0.295180 -0.051876
v -6.011807 -0.305003 -0.050625
v -6.041691 -0.313008 -0.049302
v -6.072917 -0.319194 -0.047908
v -6.105491 -0.323562 -0.046443
v -6.139407 -0.326112 -0.044907
v -6.174668 -0.326844 -0.043300
v -6.215674 -0.325677 -0.041419
v -6.256827 -0.322581 -0.039522
v -6.298125 -0.317554 -0.037607
v -6.339572 -0.310599 -0.035675
v -6.381164 -0.301713 -0.033726
v -6.422904 -0.290898 -0.031760
v -6.464787 -0.278153 -0.029777
v -6.506816 -0.263479 -0.027777
v -6.548995 -0.246874 -0.025760
v -6.591317 -0.228341 -0.023725
v -6.633786 -0.207877 -0.021674
v -6.676400 -0.185484 -0.019605
v -6.717986 -0.250967 -0.018058
v -6.696366 -0.273536 -0.019168
v -6.673766 -0.295368 -0.020319
v -6.650186 -0.316461 -0.021511
v -6.625625 -0.336817 -0.022744
v -6.600083 -0.356434 -0.024017
v -6.573562 -0.375314 -0.025331
v -6.546060 -0.393455 -0.026686
v -6.517577 -0.410858 -0.028082
v -6.488116 -0.427523 -0.029518
v -6.457673 -0.443451 -0.030996
v -6.426251 -0.458640 -0.032514
v -6.393846 -0.473091 -0.034073
v -6.360970 -0.486593 -0.035649
v -6.328126 -0.498934 -0.037217
v -6.295316 -0.510116 -0.038777
v -6.262536 -0.520137 -0.040329
v -6.229793 -0.528999 -0.041873
v -6.197080 -0.536700 -0.043410
v -6.164401 -0.543241 -0.044939
v -6.131757 -0.548622 -0.046460
v -6.099145 -0.552843 -0.047973
v -6.066564 -0.555904 -0.049479
v -6.034019 -0.557805 -0.050976
v -6.001504 -0.558545 -0.052466
v -5.955076 -0.557451 -0.054582
v -5.910156 -0.553705 -0.056615
v -5.866748 -0.547305 -0.058564
v -5.824849 -0.538251 -0.060430
v -5.784459 -0.526545 -0.062213
v -5.745579 -0.512185 -0.063912
v -5.708208 -0.495172 -0.065528
v -5.672348 -0.475506 -0.067061
v -5.637997 -0.453186 -0.068510
v -5.605154 -0.428214 -0.069876
v -5.573823 -0.400588 -0.071159
v -5.544001 -0.370309 -0.072358
v -5.516133 -0.337922 -0.073456
v -5.490665 -0.303972 -0.074437
v -5.467600 -0.268459 -0.075299
v -5.446935 -0.231384 -0.076043
v -5.428669 -0.192746 -0.076669
v -5.412806 -0.152545 -0.077177
v -5.399342 -0.110781 -0.077566
v -5.388279 -0.067454 -0.077837
v -5.379616 -0.022564 -0.077991
v -5.373354 0.023888 -0.078026
v -5.369493 0.071903 -0.077943
v -5.368031 0.121481 -0.077741
v -5.368156 0.146441 -0.077601
v -5.368790 0.171272 -0.077438
v -5.369932 0.195976 -0.077252
v -5.371583 0.220552 -0.077043
v -5.373741 0.245000 -0.076813
v -5.376408 0.269321 -0.076559
v -5.379583 0.293513 -0.076283
v -5.383267 0.317578 -0.075985
v -5.387460 0.341515 -0.075664
v -5.392159 0.365323 -0.075320
v -5.397368 0.389005 -0.074954
v -5.403085 0.412558 -0.074566
v -5.409265 0.435938 -0.074157
v -5.415864 0.459098 -0.073730
v -5.422881 0.482039 -0.073285
v -5.430315 0.504760 -0.072823
v -5.438167 0.527261 -0.072342
v -5.446436 0.549544 -0.071844
v -5.455123 0.571606 -0.071328
v -5.464228 0.593449 -0.070793
v -5.473751 0.615073 -0.070241
v -5.483691 0.636477 -0.069671
v -5.494050 0.657662 -0.069083
v -5.504826 0.678627 -0.068477
v -5.515993 0.699333 -0.067855
v -5.527528 0.719742 -0.067218
v -5.539428 0.739852 -0.066565
v -5.551695 0.759665 -0.065897
v -5.564327 0.779180 -0.065214
v -5.577327 0.798396 -0.064516
v -5.590691 0.817315 -0.063803
v -5.604422 0.835936 -0.063075
v -5.618519 0.854258 -0.062332
v -5.632981 0.872283 -0.061573
v -5.647810 0.890010 -0.060800
v -5.663005 0.907439 -0.060011
v -5.678540 0.924524 -0.059209
v -5.694389 0.941220 -0.058394
v -5.710554 0.957526 -0.057567
v -5.727033 0.973443 -0.056728
v -5.743825 0.988970 -0.055877
v -5.760933 1.004108 -0.055013
v -5.778355 1.018857 -0.054137
v -5.796092 1.033216 -0.053249
v -5.814142 1.047185 -0.052348
v -5.832508 1.060766 -0.051436
v -5.851189 1.073956 -0.050510
v -5.870188 1.086757 -0.049573
v -5.889465 1.099130 -0.048625
v -5.908992 1.111035 -0.047668
v -5.928769 1.122471 -0.046703
v -5.948795 1.133440 -0.045728
v -5.969072 1.143940 -0.044744
v -5.989598 1.153973 -0.043752
v -6.010374 1.163538 -0.042751
v -6.031401 1.172635 -0.041741
v -6.052676 1.181264 -0.040722
v -6.074201 1.189425 -0.039694
v -6.095975 1.197117 -0.038657
v -6.117999 1.204342 -0.037612
v -6.140241 1.211047 -0.036559
v -6.162669 1.217179 -0.035501
v -6.185281 1.222739 -0.034437
v -6.208079 1.227726 -0.033368
v -6.231063 1.232140 -0.032294
v -6.254231 1.235982 -0.031214
v -6.277585 1.239251 -0.030129
v -6.301126 1.241948 -0.029039
v -6.324849 1.244072 -0.027943
v -6.348758 1.245624 -0.026842
v -6.372853 1.246603 -0.025736
v -6.397134 1.247010 -0.024624
v -6.434823 1.246512 -0.022904
v -6.471021 1.244638 -0.021260
v -6.505731 1.241388 -0.019691
v -6.538947 1.236762 -0.018198
v -6.570676 1.230760 -0.016780
v -6.600915 1.223383 -0.015438
v -6.629663 1.214630 -0.014172
v -6.656919 1.204500 -0.012981
v -6.682685 1.192996 -0.011865
v -6.706964 1.180115 -0.010825
v -6.729751 1.165858 -0.009861
v -6.751046 1.150225 -0.008972
v -6.770747 1.133477 -0.008162
v -6.788747 1.115873 -0.007435
v -6.805045 1.097414 -0.006790
v -6.819644 1.078099 -0.006227
v -6.832540 1.057928 -0.005747
v -6.843736 1.036902 -0.005349
v -6.853229 1.015021 -0.005033
v -6.861022 0.992283 -0.004800
v -6.867114 0.968690 -0.004649
v -6.871505 0.944242 -0.004580
v -6.874192 0.918938 -0.004594
v -6.875182 0.892779 -0.004691
v -6.872708 0.846205 -0.005055
v -6.865420 0.801576 -0.005630
v -6.853316 0.758891 -0.006414
v -6.836400 0.718150 -0.007407
v -6.814668 0.679353 -0.008610
v -6.788123 0.642500 -0.010023
v -6.756763 0.607592 -0.011645
v -6.720588 0.574628 -0.013476
v -6.679599 0.543609 -0.015517
v -6.633796 0.514533 -0.017768
v -6.583179 0.487402 -0.020228
v -5.972336 0.911781 -0.045850
v -5.946705 0.881841 -0.047184
v -5.922319 0.850147 -0.048470
v -5.899180 0.816701 -0.049708
v -5.877287 0.781500 -0.050899
v -5.856640 0.744547 -0.052042
v -5.837239 0.705840 -0.053138
v -5.819083 0.665379 -0.054187
v -5.802174 0.623166 -0.055188
v -5.786510 0.579199 -0.056141
v -5.772093 0.533478 -0.057047
v -5.758921 0.486005 -0.057906
v -5.746997 0.436778 -0.058717
v -5.812148 0.442091 -0.055711
v -5.874532 0.448616 -0.052824
v -5.934150 0.456352 -0.050058
v -5.991000 0.465300 -0.047411
v -6.045085 0.475459 -0.044885
v -6.096402 0.486830 -0.042478
v -6.144952 0.499412 -0.040191
v -6.190738 0.513206 -0.038024
v -6.233754 0.528211 -0.035977
v -6.274007 0.544428 -0.034049
v -6.311492 0.561856 -0.032242
v -6.346210 0.580496 -0.030554
v -6.378152 0.600190 -0.028988
v -6.407300 0.620784 -0.027545
v -6.433660 0.642275 -0.026224
v -6.457225 0.664666 -0.025026
v -6.478002 0.687954 -0.023950
v -6.495988 0.712142 -0.022997
v -6.511182 0.737227 -0.022167
v -6.523587 0.763212 -0.021460
v -6.533198 0.790095 -0.020875
v -6.540021 0.817877 -0.020413
v -6.544051 0.846557 -0.020074
v -6.545291 0.876136 -0.019858
v -6.544791 0.892412 -0.019792
v -6.543458 0.908084 -0.019769
v -6.541297 0.923153 -0.019786
v -6.538306 0.937618 -0.019844
v -6.534484 0.951480 -0.019944
v -6.529834 0.964738 -0.020085
v -6.524352 0.977392 -0.020267
v -6.518041 0.989443 -0.020490
v -6.510898 1.000890 -0.020755
v -6.502927 1.011734 -0.021061
v -6.494124 1.021973 -0.021408
v -6.484490 1.031610 -0.021796
v -6.474147 1.040552 -0.022220
v -6.463208 1.048708 -0.022676
v -6.451673 1.056081 -0.023163
v -6.439544 1.062668 -0.023682
v -6.426818 1.068470 -0.024232
v -6.413499 1.073487 -0.024814
v -6.399585 1.077719 -0.025427
v -6.385077 1.081167 -0.026071
v -6.369973 1.083829 -0.026747
v -6.354274 1.085706 -0.027455
v -6.337981 1.086799 -0.028193
v -6.321092 1.087107 -0.028964
v -6.289453 1.085745 -0.030417
v -6.258285 1.081974 -0.031862
v -6.227582 1.075795 -0.033298
v -6.197349 1.067207 -0.034727
v -6.167583 1.056209 -0.036146
v -6.138286 1.042804 -0.037558
v -6.109458 1.026989 -0.038961
v -6.081098 1.008765 -0.040355
v -6.053205 0.988132 -0.041742
v -6.025781 0.965091 -0.043120
v -5.998826 0.939640 -0.044489
v -4.273729 0.001594 -0.128402
v -4.275060 -0.011537 -0.128412
v -4.276417 -0.024668 -0.128421
v -4.277800 -0.037799 -0.128429
v -4.279208 -0.050929 -0.128436
v -4.280643 -0.064060 -0.128441
v -4.282104 -0.077190 -0.128445
v -4.283592 -0.090320 -0.128448
v -4.285105 -0.103450 -0.128450
v -4.286645 -0.116580 -0.128451
v -4.288210 -0.129710 -0.128450
v -4.289801 -0.142840 -0.128448
v -4.291418 -0.155970 -0.128446
v -4.311150 -0.130822 -0.127408
v -4.330607 -0.105624 -0.126382
v -4.349792 -0.080375 -0.125369
v -4.368703 -0.055075 -0.124368
v -4.387340 -0.029725 -0.123379
v -4.405704 -0.004323 -0.122403
v -4.423793 0.021129 -0.121438
v -4.441608 0.046632 -0.120486
v -4.459152 0.072186 -0.119546
v -4.476420 0.097790 -0.118618
v -4.493416 0.123445 -0.117703
v -4.510136 0.149151 -0.116800
v -4.526525 0.174921 -0.115912
v -4.542524 0.200767 -0.115041
v -4.558130 0.226689 -0.114187
v -4.573346 0.252687 -0.113351
v -4.588171 0.278762 -0.112533
v -4.602605 0.304913 -0.111732
v -4.616649 0.331140 -0.110948
v -4.630300 0.357443 -0.110182
v -4.643560 0.383823 -0.109433
v -4.656430 0.410279 -0.108702
v -4.668911 0.436811 -0.107988
v -4.680998 0.463420 -0.107292
v -4.692669 0.490124 -0.106614
v -4.703897 0.516944 -0.105956
v -4.714682 0.543878 -0.105318
v -4.725023 0.570928 -0.104699
v -4.734921 0.598092 -0.104100
v -4.744376 0.625372 -0.103520
v -4.753387 0.652767 -0.102960
v -4.761956 0.680277 -0.102420
v -4.770081 0.707902 -0.101899
v -4.777762 0.735642 -0.101398
v -4.785000 0.763498 -0.100917
v -4.791793 0.791468 -0.100455
v -4.798086 0.819553 -0.100016
v -4.803819 0.847753 -0.099601
v -4.808990 0.876067 -0.099212
v -4.813602 0.904496 -0.098847
v -4.817653 0.933040 -0.098508
v -4.821143 0.961698 -0.098193
v -4.824073 0.990470 -0.097904
v -4.826444 1.019357 -0.097639
v -4.828254 1.048359 -0.097400
v -4.829503 1.077475 -0.097185
v -4.830192 1.106706 -0.096996
v -4.830319 1.136050 -0.096831
v -4.859940 1.143782 -0.095436
v -4.889506 1.151670 -0.094042
v -4.919020 1.159714 -0.092650
v -4.948480 1.167914 -0.091259
v -4.977888 1.176270 -0.089870
v -5.007242 1.184783 -0.088482
v -5.036545 1.193451 -0.087096
v -5.065795 1.202276 -0.085711
v -5.094991 1.211256 -0.084329
v -5.124133 1.220393 -0.082947
v -5.153224 1.229686 -0.081567
v -5.182261 1.239135 -0.080189
v -5.202962 1.224223 -0.079324
v -5.202694 1.204281 -0.079444
v -5.201686 1.183865 -0.079600
v -5.199940 1.162978 -0.079793
v -5.197452 1.141617 -0.080022
v -5.194225 1.119783 -0.080288
v -5.190260 1.097476 -0.080590
v -5.185554 1.074697 -0.080928
v -5.180107 1.051445 -0.081302
v -5.173923 1.027720 -0.081713
v -5.166997 1.003522 -0.082161
v -5.159330 0.978851 -0.082644
v -5.150928 0.953707 -0.083164
v -5.141926 0.928222 -0.083714
v -5.132469 0.902526 -0.084285
v -5.122559 0.876619 -0.084878
v -5.112193 0.850501 -0.085493
v -5.101373 0.824172 -0.086129
v -5.090098 0.797633 -0.086788
v -5.078369 0.770883 -0.087469
v -5.066186 0.743922 -0.088171
v -5.053547 0.716750 -0.088896
v -5.040455 0.689368 -0.089642
v -5.026907 0.661774 -0.090411
v -5.012903 0.633970 -0.091201
v -4.998506 0.606021 -0.092010
v -4.983768 0.577992 -0.092835
v -4.968694 0.549883 -0.093676
v -4.953281 0.521694 -0.094533
v -4.937531 0.493425 -0.095406
v -4.921441 0.465076 -0.096294
v -4.905013 0.436648 -0.097199
v -4.888247 0.408139 -0.098119
v -4.871145 0.379551 -0.099055
v -4.853703 0.350883 -0.100007
v -4.835923 0.322135 -0.100975
v -4.817806 0.293307 -0.101959
v -4.799493 0.264550 -0.102952
v -4.781126 0.236014 -0.103945
v -4.762707 0.207699 -0.104940
v -4.744233 0.179606 -0.105936
v -4.725707 0.151734 -0.106934
v -4.707127 0.124083 -0.107932
v -4.688495 0.096654 -0.108932
v -4.669808 0.069446 -0.109933
v -4.651070 0.042459 -0.110936
v -4.632277 0.015694 -0.111939
v -4.613431 -0.010850 -0.112944
v -4.594532 -0.037173 -0.113950
v -4.575645 -0.063216 -0.114954
v -4.556834 -0.088919 -0.115953
v -4.538100 -0.114283 -0.116946
v -4.519442 -0.139308 -0.117934
v -4.500858 -0.163994 -0.118917
v -4.482353 -0.188340 -0.119894
v -4.463924 -0.212347 -0.120866
v -4.445572 -0.236015 -0.121833
v -4.427295 -0.259344 -0.122795
v -4.409095 -0.282333 -0.123751
v -4.390971 -0.304983 -0.124701
v -4.372924 -0.327294 -0.125647
v -4.355082 -0.349141 -0.126580
v -4.337576 -0.370400 -0.127495
v -4.320405 -0.391071 -0.128392
v -4.303571 -0.411154 -0.129270
v -4.287071 -0.430649 -0.130129
v -4.270906 -0.449555 -0.130970
v -4.255078 -0.467873 -0.131793
v -4.239585 -0.485603 -0.132596
v -4.224428 -0.502745 -0.133382
v -4.209606 -0.519299 -0.134149
v -4.195119 -0.535265 -0.134897
v -4.180967 -0.550642 -0.135627
v -4.031061 -0.566397 -0.142563
v -4.026155 -0.526845 -0.142574
v -4.021226 -0.487594 -0.142587
v -4.016273 -0.448642 -0.142603
v -4.011294 -0.409990 -0.142621
v -4.006291 -0.371638 -0.142643
v -4.001264 -0.333586 -0.142667
v -3.996212 -0.295834 -0.142693
v -3.991137 -0.258382 -0.142723
v -3.986035 -0.221230 -0.142755
v -3.980910 -0.184377 -0.142790
v -3.975761 -0.147825 -0.142828
v -3.970587 -0.111572 -0.142868
v -3.965334 -0.075372 -0.142913
v -3.959951 -0.038977 -0.142962
v -3.954435 -0.002387 -0.143016
v -3.948790 0.034398 -0.143075
v -3.943013 0.071377 -0.143139
v -3.937105 0.108552 -0.143209
v -3.931066 0.145921 -0.143283
v -3.924895 0.183485 -0.143361
v -3.918593 0.221244 -0.143445
v -3.912161 0.259198 -0.143534
v -3.905597 0.297347 -0.143628
v -3.898904 0.335690 -0.143727
v -3.896935 0.347443 -0.143753
v -3.894899 0.359573 -0.143780
v -3.892797 0.372082 -0.143809
v -3.890627 0.384967 -0.143838
v -3.888391 0.398231 -0.143869
v -3.886087 0.411872 -0.143900
v -3.883718 0.425890 -0.143933
v -3.881280 0.440287 -0.143966
v -3.878776 0.455061 -0.144001
v -3.876204 0.470212 -0.144037
v -3.873565 0.485741 -0.144073
v -3.870858 0.501648 -0.144111
v -3.868087 0.517724 -0.144151
v -3.865251 0.533761 -0.144194
v -3.862349 0.549758 -0.144240
v -3.859384 0.565715 -0.144289
v -3.856352 0.581634 -0.144342
v -3.853256 0.597513 -0.144397
v -3.850096 0.613352 -0.144456
v -3.846870 0.629152 -0.144518
v -3.843579 0.644913 -0.144583
v -3.840222 0.660634 -0.144652
v -3.836802 0.676315 -0.144723
v -3.833314 0.691958 -0.144798
v -3.829763 0.707521 -0.144876
v -3.826149 0.722968 -0.144958
v -3.822469 0.738296 -0.145043
v -3.818725 0.753507 -0.145132
v -3.814917 0.768600 -0.145225
v -3.811044 0.783576 -0.145321
v -3.807106 0.798434 -0.145420
v -3.803104 0.813175 -0.145523
v -3.799037 0.827798 -0.145630
v -3.794908 0.842303 -0.145741
v -3.790711 0.856690 -0.145855
v -3.786454 0.870960 -0.145972
v -3.782120 0.884839 -0.146095
v -3.777696 0.898053 -0.146226
v -3.773185 0.910601 -0.146364
v -3.768585 0.922484 -0.146510
v -3.763899 0.933702 -0.146664
v -3.759124 0.944255 -0.146825
v -3.754262 0.954143 -0.146994
v -3.749312 0.963366 -0.147170
v -3.744275 0.971923 -0.147354
v -3.739150 0.979816 -0.147545
v -3.733937 0.987043 -0.147744
v -3.728636 0.993605 -0.147951
v -3.725179 0.997289 -0.148089
v -3.721723 1.000870 -0.148228
v -3.718267 1.004345 -0.148367
v -3.714812 1.007717 -0.148507
v -3.711357 1.010984 -0.148647
v -3.707904 1.014148 -0.148788
v -3.704450 1.017206 -0.148929
v -3.700997 1.020161 -0.149071
v -3.697545 1.023011 -0.149213
v -3.694094 1.025757 -0.149356
v -3.690641 1.028399 -0.149500
v -3.687195 1.030936 -0.149643
v -3.683687 1.033369 -0.149791
v -3.680061 1.035697 -0.149944
v -3.676320 1.037921 -0.150103
v -3.672462 1.040039 -0.150268
v -3.668487 1.042053 -0.150438
v -3.664394 1.043961 -0.150615
v -3.660187 1.045765 -0.150798
v -3.655862 1.047464 -0.150986
v -3.651421 1.049058 -0.151180
v -3.646862 1.050548 -0.151381
v -3.642187 1.051932 -0.151587
v -3.637396 1.053212 -0.151799
v -3.632475 1.054420 -0.152017
v -3.627410 1.055587 -0.152243
v -3.622204 1.056715 -0.152474
v -3.616854 1.057803 -0.152713
v -3.611361 1.058851 -0.152958
v -3.605723 1.059860 -0.153211
v -3.599945 1.060828 -0.153469
v -3.594023 1.061757 -0.153735
v -3.587956 1.062646 -0.154008
v -3.581748 1.063495 -0.154287
v -3.575397 1.064304 -0.154572
v -3.568903 1.065073 -0.154865
v -3.562233 1.065803 -0.155166
v -3.555355 1.066492 -0.155477
v -3.548268 1.067141 -0.155797
v -3.540975 1.067750 -0.156127
v -3.533473 1.068320 -0.156467
v -3.525761 1.068848 -0.156816
v -3.517842 1.069337 -0.157176
v -3.509716 1.069786 -0.157545
v -3.501381 1.070194 -0.157923
v -3.492837 1.070563 -0.158312
v -3.484086 1.070891 -0.158710
v -3.475127 1.071179 -0.159118
v -3.480384 1.142523 -0.158492
v -3.521481 1.156515 -0.156538
v -3.561176 1.169302 -0.154655
v -3.599474 1.180882 -0.152842
v -3.636371 1.191256 -0.151100
v -3.671868 1.200424 -0.149428
v -3.705964 1.208387 -0.147826
v -3.738663 1.215143 -0.146295
v -3.769959 1.220693 -0.144835
v -3.799857 1.225038 -0.143445
v -3.828353 1.228176 -0.142126
v -3.855452 1.230108 -0.140877
v -3.881147 1.230834 -0.139699
v -3.893426 1.230713 -0.139138
v -3.905263 1.230224 -0.138600
v -3.916659 1.229368 -0.138084
v -3.927616 1.228145 -0.137589
v -3.938131 1.226554 -0.137117
v -3.948206 1.224597 -0.136668
v -3.957839 1.222272 -0.136240
v -3.967032 1.219581 -0.135834
v -3.975784 1.216522 -0.135451
v -3.984096 1.213096 -0.135089
v -3.991966 1.209303 -0.134750
v -3.999397 1.205143 -0.134433
v -4.006463 1.200629 -0.134135
v -4.013246 1.195776 -0.133851
v -4.019743 1.190581 -0.133582
v -4.025957 1.185047 -0.133328
v -4.031885 1.179172 -0.133089
v -4.037528 1.172957 -0.132864
v -4.042888 1.166402 -0.132655
v -4.047962 1.159506 -0.132460
v -4.052752 1.152270 -0.132281
v -4.057257 1.144694 -0.132116
v -4.061478 1.136777 -0.131966
v -4.065413 1.128520 -0.131830
v -4.068273 1.120838 -0.131741
v -4.071146 1.112778 -0.131653
v -4.074036 1.104341 -0.131567
v -4.076939 1.095525 -0.131482
v -4.079857 1.086331 -0.131398
v -4.082789 1.076760 -0.131316
v -4.085739 1.066811 -0.131235
v -4.088703 1.056483 -0.131155
v -4.091681 1.045778 -0.131077
v -4.094674 1.034695 -0.131000
v -4.097681 1.023234 -0.130925
v -4.100705 1.011395 -0.130851
v -4.103735 0.999263 -0.130778
v -4.106767 0.986922 -0.130706
v -4.109801 0.974373 -0.130635
v -4.112835 0.961615 -0.130565
v -4.115870 0.948649 -0.130497
v -4.118907 0.935474 -0.130429
v -4.121944 0.922091 -0.130363
v -4.124983 0.908499 -0.130297
v -4.128022 0.894699 -0.130233
v -4.131063 0.880690 -0.130170
v -4.134106 0.866473 -0.130108
v -4.137152 0.852047 -0.130046
v -4.140182 0.837445 -0.129987
v -4.143188 0.822700 -0.129929
v -4.146169 0.807811 -0.129873
v -4.149125 0.792778 -0.129820
v -4.152054 0.777603 -0.129768
v -4.154959 0.762283 -0.129718
v -4.157839 0.746820 -0.129670
v -4.160692 0.731214 -0.129624
v -4.163522 0.715464 -0.129580
v -4.166325 0.699571 -0.129537
v -4.169103 0.683534 -0.129497
v -4.171855 0.667354 -0.129459
v -4.174588 0.651121 -0.129422
v -4.177308 0.634928 -0.129385
v -4.180016 0.618774 -0.129349
v -4.182709 0.602658 -0.129313
v -4.185390 0.586582 -0.129277
v -4.188057 0.570544 -0.129242
v -4.190711 0.554546 -0.129207
v -4.193352 0.538587 -0.129173
v -4.195979 0.522666 -0.129138
v -4.198595 0.506785 -0.129105
v -4.201197 0.490943 -0.129072
v -4.203783 0.475140 -0.129039
v -4.206346 0.459421 -0.129007
v -4.208867 0.443833 -0.128976
v -4.211349 0.428375 -0.128946
v -4.213792 0.413047 -0.128917
v -4.216195 0.397848 -0.128889
v -4.218558 0.382781 -0.128863
v -4.220881 0.367843 -0.128837
v -4.223165 0.353035 -0.128813
v -4.225410 0.338358 -0.128790
v -4.227612 0.323810 -0.128768
v -4.229777 0.309393 -0.128747
v -4.231902 0.295106 -0.128727
v -4.233985 0.281008 -0.128708
v -4.236030 0.267157 -0.128689
v -4.238033 0.253554 -0.128671
v -4.239998 0.240198 -0.128654
v -4.241920 0.227089 -0.128637
v -4.243803 0.214228 -0.128620
v -4.245646 0.201614 -0.128604
v -4.247447 0.189248 -0.128589
v -4.249209 0.177130 -0.128574
v -4.250932 0.165258 -0.128559
v -4.252612 0.153634 -0.128545
v -4.254254 0.142258 -0.128532
v -4.256156 0.131827 -0.128501
v -4.258008 0.121162 -0.128474
v -4.259809 0.110262 -0.128451
v -4.261560 0.099127 -0.128431
v -4.263259 0.087758 -0.128415
v -4.264907 0.076153 -0.128402
v -4.266504 0.064314 -0.128393
v -4.268051 0.052239 -0.128388
v -4.269547 0.039930 -0.128386
v -4.270992 0.027386 -0.128388
v -4.272387 0.014608 -0.128393
v -2.927246 -0.115785 -0.190575
v -2.851708 -0.193198 -0.194445
v -2.773310 -0.263926 -0.198411
v -2.692053 -0.327968 -0.202471
v -2.607934 -0.385326 -0.206625
v -2.520957 -0.435999 -0.210874
v -2.431119 -0.479987 -0.215218
v -2.338421 -0.517290 -0.219656
v -2.242864 -0.547908 -0.224189
v -2.144445 -0.571840 -0.228816
v -2.043169 -0.589088 -0.233538
v -1.939032 -0.599651 -0.238355
v -1.832036 -0.603529 -0.243266
v -1.747882 -0.601976 -0.247103
v -1.666648 -0.596473 -0.250786
v -1.588336 -0.587020 -0.254314
v -1.512947 -0.573616 -0.257687
v -1.440478 -0.556261 -0.260905
v -1.370934 -0.534956 -0.263969
v -1.304311 -0.509701 -0.266877
v -1.240609 -0.480495 -0.269630
v -1.179831 -0.447339 -0.272229
v -1.121973 -0.410232 -0.274672
v -1.067039 -0.369174 -0.276961
v -1.015024 -0.324166 -0.279095
v -0.966559 -0.275544 -0.281047
v -0.922271 -0.223642 -0.282791
v -0.882158 -0.168462 -0.284326
v -0.846220 -0.110002 -0.285652
v -0.814457 -0.048264 -0.286770
v -0.786870 0.016753 -0.287679
v -0.763458 0.085050 -0.288380
v -0.744223 0.156625 -0.288872
v -0.729162 0.231479 -0.289156
v -0.718277 0.309612 -0.289231
v -0.711567 0.391024 -0.289097
v -0.709033 0.475715 -0.288755
v -0.711550 0.589411 -0.288026
v -0.720293 0.700283 -0.287027
v -0.735259 0.808331 -0.285758
v -0.756452 0.913556 -0.284221
v -0.783869 1.015957 -0.282414
v -0.817513 1.115535 -0.280338
v -0.857379 1.212289 -0.277993
v -0.903472 1.306219 -0.275379
v -0.955790 1.397326 -0.272495
v -1.014332 1.485610 -0.269343
v -1.079101 1.571070 -0.265921
v -1.150094 1.653706 -0.262229
v -1.225617 1.731568 -0.258357
v -1.303974 1.802707 -0.254391
v -1.385165 1.867121 -0.250332
v -1.469191 1.924810 -0.246180
v -1.556050 1.975776 -0.241935
v -1.645743 2.020017 -0.237596
v -1.738271 2.057534 -0.233165
v -1.833632 2.088327 -0.228640
v -1.931828 2.112395 -0.224022
v -2.032857 2.129740 -0.219311
v -2.136721 2.140360 -0.214507
v -2.243415 2.144256 -0.209609
v -2.327578 2.142717 -0.205771
v -2.408831 2.137253 -0.202087
v -2.487175 2.127864 -0.198557
v -2.562609 2.114552 -0.195182
v -2.635134 2.097315 -0.191960
v -2.704750 2.076154 -0.188893
v -2.771457 2.051068 -0.185980
v -2.835256 2.022058 -0.183221
v -2.896144 1.989124 -0.180616
v -2.954123 1.952265 -0.178166
v -3.009193 1.911482 -0.175870
v -3.061354 1.866775 -0.173727
v -3.109967 1.818427 -0.171767
v -3.154392 1.766721 -0.170016
v -3.194629 1.711658 -0.168475
v -3.230677 1.653239 -0.167143
v -3.262537 1.591462 -0.166021
v -3.290209 1.526328 -0.165109
v -3.313694 1.457836 -0.164406
v -3.332989 1.385988 -0.163912
v -3.348097 1.310782 -0.163628
v -3.359018 1.232219 -0.163554
v -3.365749 1.150299 -0.163689
v -3.368293 1.065021 -0.164034
v -3.365780 0.950446 -0.164768
v -3.357041 0.838812 -0.165771
v -3.342078 0.730118 -0.167043
v -3.320889 0.624365 -0.168583
v -3.293473 0.521554 -0.170391
v -3.259831 0.421683 -0.172469
v -3.219966 0.324753 -0.174815
v -3.173873 0.230763 -0.177430
v -3.121555 0.139715 -0.180313
v -3.063011 0.051608 -0.183465
v -2.998241 -0.033559 -0.186885
v -2.676391 -0.007231 -0.201453
v -2.723015 0.068299 -0.198913
v -2.765533 0.147081 -0.196544
v -2.803948 0.229113 -0.194345
v -2.838258 0.314396 -0.192316
v -2.868462 0.402931 -0.190457
v -2.894562 0.494717 -0.188768
v -2.916555 0.589753 -0.187249
v -2.934444 0.688041 -0.185900
v -2.948229 0.789580 -0.184721
v -2.957909 0.894370 -0.183712
v -2.963481 1.002411 -0.182873
v -2.964945 1.113703 -0.182205
v -2.963175 1.181572 -0.181919
v -2.958578 1.246924 -0.181776
v -2.951157 1.309760 -0.181775
v -2.940911 1.370080 -0.181917
v -2.927839 1.427883 -0.182202
v -2.911942 1.483170 -0.182630
v -2.893222 1.535941 -0.183200
v -2.871673 1.586195 -0.183913
v -2.847300 1.633933 -0.184769
v -2.820102 1.679155 -0.185768
v -2.790077 1.721860 -0.186909
v -2.757230 1.762049 -0.188193
v -2.722001 1.799346 -0.189601
v -2.684836 1.833375 -0.191116
v -2.645735 1.864136 -0.192737
v -2.604696 1.891630 -0.194463
v -2.561724 1.915855 -0.196297
v -2.516814 1.936812 -0.198236
v -2.469968 1.954502 -0.200281
v -2.421185 1.968924 -0.202433
v -2.370466 1.980078 -0.204690
v -2.317812 1.987963 -0.207054
v -2.263222 1.992581 -0.209524
v -2.206695 1.993931 -0.212100
v -2.122318 1.990425 -0.215975
v -2.041046 1.980757 -0.219742
v -1.962879 1.964927 -0.223400
v -1.887816 1.942934 -0.226950
v -1.815858 1.914779 -0.230390
v -1.747003 1.880461 -0.233723
v -1.681253 1.839981 -0.236947
v -1.618608 1.793338 -0.240062
v -1.559069 1.740533 -0.243068
v -1.502633 1.681566 -0.245966
v -1.449303 1.616436 -0.248756
v -1.399076 1.545143 -0.251437
v -1.352453 1.469215 -0.253978
v -1.309936 1.390180 -0.256349
v -1.271523 1.308037 -0.258548
v -1.237213 1.222786 -0.260577
v -1.207009 1.134427 -0.262435
v -1.180908 1.042961 -0.264123
v -1.158914 0.948387 -0.265639
v -1.141021 0.850705 -0.266985
v -1.127234 0.749916 -0.268160
v -1.117551 0.646018 -0.269164
v -1.111972 0.539013 -0.269998
v -1.110497 0.428901 -0.270660
v -1.112245 0.361612 -0.270944
v -1.116778 0.296748 -0.271088
v -1.124101 0.234309 -0.271091
v -1.134208 0.174295 -0.270953
v -1.147103 0.116705 -0.270675
v -1.162785 0.061541 -0.270257
v -1.181252 0.008802 -0.269698
v -1.202507 -0.041513 -0.268998
v -1.226549 -0.089402 -0.268159
v -1.253376 -0.134867 -0.267178
v -1.282992 -0.177906 -0.266057
v -1.315394 -0.218521 -0.264796
v -1.350216 -0.256270 -0.263409
v -1.387090 -0.290711 -0.261910
v -1.426018 -0.321844 -0.260299
v -1.466999 -0.349670 -0.258576
v -1.510034 -0.374188 -0.256742
v -1.555121 -0.395399 -0.254796
v -1.602261 -0.413302 -0.252739
v -1.651455 -0.427897 -0.250569
v -1.702702 -0.439185 -0.248288
v -1.756001 -0.447166 -0.245895
v -1.811352 -0.451839 -0.243391
v -1.868756 -0.453204 -0.240775
v -1.953133 -0.449718 -0.236900
v -2.034405 -0.440109 -0.233133
v -2.112573 -0.424376 -0.229476
v -2.187635 -0.402520 -0.225927
v -2.259596 -0.374541 -0.222487
v -2.328451 -0.340438 -0.219156
v -2.394202 -0.300212 -0.215933
v -2.456848 -0.253862 -0.212820
v -2.516390 -0.201389 -0.209815
v -2.572827 -0.142793 -0.206919
v -2.626160 -0.078074 -0.204131
v 0.840284 0.425838 -0.359833
v 0.898864 0.402512 -0.362636
v 0.958924 0.380965 -0.365498
v 1.020464 0.361196 -0.368417
v 1.083486 0.343205 -0.371395
v 1.147986 0.326993 -0.374430
v 1.213968 0.312558 -0.377524
v 1.281431 0.299902 -0.380675
v 1.350373 0.289024 -0.383885
v 1.420795 0.279925 -0.387153
v 1.492700 0.272604 -0.390479
v 1.566083 0.267061 -0.393862
v 1.640948 0.263296 -0.397304
v 1.642090 0.252381 -0.397415
v 1.643127 0.241545 -0.397521
v 1.644062 0.230788 -0.397622
v 1.644892 0.220110 -0.397718
v 1.645617 0.209510 -0.397808
v 1.646240 0.198989 -0.397894
v 1.646760 0.188547 -0.397974
v 1.647175 0.178183 -0.398049
v 1.647487 0.167899 -0.398119
v 1.647694 0.157692 -0.398183
v 1.647798 0.147565 -0.398243
v 1.647798 0.137516 -0.398297
v 1.646772 0.097946 -0.398464
v 1.644115 0.059934 -0.398548
v 1.639826 0.023482 -0.398549
v 1.633904 -0.011412 -0.398467
v 1.626348 -0.044746 -0.398302
v 1.617161 -0.076522 -0.398054
v 1.606341 -0.106738 -0.397723
v 1.593889 -0.135396 -0.397309
v 1.579805 -0.162494 -0.396812
v 1.564088 -0.188033 -0.396232
v 1.546738 -0.212014 -0.395568
v 1.527757 -0.234435 -0.394822
v 1.507286 -0.255168 -0.393998
v 1.485471 -0.274082 -0.393104
v 1.462311 -0.291178 -0.392138
v 1.437806 -0.306456 -0.391100
v 1.411957 -0.319916 -0.389992
v 1.384764 -0.331557 -0.388812
v 1.356225 -0.341380 -0.387561
v 1.326343 -0.349385 -0.386238
v 1.295115 -0.355571 -0.384844
v 1.262543 -0.359940 -0.383379
v 1.228625 -0.362490 -0.381843
v 1.193364 -0.363221 -0.380236
v 1.152358 -0.362054 -0.378355
v 1.111205 -0.358958 -0.376458
v 1.069905 -0.353932 -0.374543
v 1.028461 -0.346976 -0.372611
v 0.986869 -0.338090 -0.370662
v 0.945132 -0.327275 -0.368696
v 0.903248 -0.314530 -0.366713
v 0.861217 -0.299856 -0.364713
v 0.819040 -0.283252 -0.362696
v 0.776717 -0.264718 -0.360661
v 0.734248 -0.244254 -0.358610
v 0.691632 -0.221861 -0.356541
v 0.650045 -0.287344 -0.354994
v 0.671666 -0.309914 -0.356104
v 0.694266 -0.331745 -0.357255
v 0.717846 -0.352839 -0.358447
v 0.742407 -0.373194 -0.359679
v 0.767947 -0.392812 -0.360953
v 0.794470 -0.411691 -0.362267
v 0.821971 -0.429832 -0.363622
v 0.850453 -0.447235 -0.365018
v 0.879916 -0.463901 -0.366454
v 0.910359 -0.479828 -0.367932
v 0.941783 -0.495017 -0.369450
v 0.974186 -0.509468 -0.371009
v 1.007063 -0.522970 -0.372585
v 1.039907 -0.535312 -0.374153
v 1.072718 -0.546493 -0.375712
v 1.105494 -0.556515 -0.377265
v 1.138240 -0.565376 -0.378809
v 1.170952 -0.573077 -0.380346
v 1.203630 -0.579619 -0.381875
v 1.236276 -0.585000 -0.383396
v 1.268888 -0.589220 -0.384909
v 1.301469 -0.592281 -0.386415
v 1.334015 -0.594182 -0.387912
v 1.366529 -0.594922 -0.389402
v 1.412955 -0.593829 -0.391518
v 1.457874 -0.590082 -0.393551
v 1.501284 -0.583682 -0.395500
v 1.543182 -0.574628 -0.397366
v 1.583571 -0.562922 -0.399149
v 1.622452 -0.548562 -0.400848
v 1.659823 -0.531549 -0.402464
v 1.695683 -0.511883 -0.403997
v 1.730035 -0.489564 -0.405446
v 1.762877 -0.464591 -0.406812
v 1.794209 -0.436965 -0.408094
v 1.824031 -0.406686 -0.409294
v 1.851899 -0.374299 -0.410392
v 1.877365 -0.340349 -0.411373
v 1.900432 -0.304837 -0.412235
v 1.921097 -0.267761 -0.412979
v 1.939363 -0.229123 -0.413605
v 1.955227 -0.188922 -0.414112
v 1.968691 -0.147158 -0.414502
v 1.979754 -0.103831 -0.414773
v 1.988417 -0.058942 -0.414927
v 1.994679 -0.012489 -0.414962
v 1.998540 0.035526 -0.414879
v 2.000001 0.085104 -0.414677
v 1.999876 0.110064 -0.414537
v 1.999243 0.134895 -0.414374
v 1.998102 0.159599 -0.414188
v 1.996452 0.184175 -0.413980
v 1.994293 0.208623 -0.413749
v 1.991626 0.232943 -0.413495
v 1.988451 0.257136 -0.413219
v 1.984767 0.281200 -0.412921
v 1.980575 0.305137 -0.412600
v 1.975874 0.328946 -0.412256
v 1.970665 0.352627 -0.411890
v 1.964947 0.376181 -0.411502
v 1.958766 0.399560 -0.411093
v 1.952168 0.422721 -0.410666
v 1.945152 0.445661 -0.410221
v 1.937717 0.468383 -0.409759
v 1.929866 0.490884 -0.409278
v 1.921597 0.513166 -0.408780
v 1.912910 0.535229 -0.408264
v 1.903804 0.557072 -0.407729
v 1.894281 0.578696 -0.407177
v 1.884341 0.600100 -0.406607
v 1.873981 0.621285 -0.406019
v 1.863206 0.642250 -0.405413
v 1.852037 0.662956 -0.404791
v 1.840504 0.683365 -0.404153
v 1.828603 0.703475 -0.403501
v 1.816337 0.723288 -0.402833
v 1.803705 0.742802 -0.402150
v 1.790705 0.762019 -0.401452
v 1.777341 0.780937 -0.400739
v 1.763610 0.799558 -0.400011
v 1.749513 0.817881 -0.399268
v 1.735050 0.835906 -0.398509
v 1.720222 0.853633 -0.397736
v 1.705026 0.871062 -0.396947
v 1.689490 0.888147 -0.396145
v 1.673640 0.904843 -0.395330
v 1.657475 0.921149 -0.394503
v 1.640997 0.937066 -0.393664
v 1.624203 0.952593 -0.392812
v 1.607094 0.967731 -0.391949
v 1.589672 0.982480 -0.391073
v 1.571935 0.996839 -0.390185
v 1.553885 1.010808 -0.389284
v 1.535519 1.024388 -0.388371
v 1.516838 1.037579 -0.387446
v 1.497844 1.050380 -0.386509
v 1.478566 1.062753 -0.385561
v 1.459040 1.074657 -0.384604
v 1.439262 1.086094 -0.383638
v 1.419236 1.097063 -0.382664
v 1.398959 1.107563 -0.381680
v 1.378434 1.117596 -0.380688
v 1.357658 1.127161 -0.379687
v 1.336633 1.136258 -0.378677
v 1.315358 1.144886 -0.377658
v 1.293832 1.153047 -0.376630
v 1.272058 1.160740 -0.375593
v 1.250032 1.167965 -0.374547
v 1.227790 1.174670 -0.373495
v 1.205363 1.180802 -0.372437
v 1.182750 1.186361 -0.371373
v 1.159952 1.191348 -0.370304
v 1.136969 1.195763 -0.369230
v 1.113800 1.199605 -0.368150
v 1.090446 1.202874 -0.367065
v 1.066907 1.205571 -0.365975
v 1.043183 1.207695 -0.364879
v 1.019274 1.209247 -0.363778
v 0.995179 1.210226 -0.362672
v 0.970899 1.210633 -0.361560
v 0.933209 1.210135 -0.359840
v 0.897011 1.208261 -0.358196
v 0.862303 1.205011 -0.356627
v 0.829084 1.200385 -0.355134
v 0.797357 1.194383 -0.353716
v 0.767118 1.187006 -0.352374
v 0.738371 1.178252 -0.351108
v 0.711114 1.168123 -0.349917
v 0.685346 1.156618 -0.348801
v 0.661069 1.143738 -0.347761
v 0.638282 1.129481 -0.346797
v 0.616986 1.113848 -0.345908
v 0.597284 1.097100 -0.345098
v 0.579284 1.079496 -0.344371
v 0.562986 1.061037 -0.343726
v 0.548388 1.041722 -0.343163
v 0.535492 1.021551 -0.342683
v 0.524296 1.000525 -0.342285
v 0.514802 0.978643 -0.341969
v 0.507010 0.955906 -0.341736
v 0.500918 0.932313 -0.341585
v 0.496527 0.907865 -0.341516
v 0.493838 0.882561 -0.341530
v 0.492850 0.856402 -0.341627
v 0.495323 0.809828 -0.341991
v 0.502611 0.765199 -0.342566
v 0.514714 0.722513 -0.343350
v 0.531631 0.681772 -0.344343
v 0.553363 0.642976 -0.345546
v 0.579907 0.606123 -0.346958
v 0.611268 0.571215 -0.348580
v 0.647443 0.538251 -0.350412
v 0.688432 0.507232 -0.352453
v 0.734235 0.478156 -0.354703
v 0.784852 0.451025 -0.357163
v 1.395696 0.875404 -0.382786
v 1.421327 0.845464 -0.384120
v 1.445712 0.813770 -0.385405
v 1.468850 0.780323 -0.386644
v 1.490744 0.745123 -0.387835
v 1.511391 0.708169 -0.388978
v 1.530791 0.669462 -0.390074
v 1.548946 0.629002 -0.391122
v 1.565857 0.586788 -0.392123
v 1.581520 0.542821 -0.393077
v 1.595937 0.497101 -0.393983
v 1.609108 0.449627 -0.394842
v 1.621034 0.400400 -0.395653
v 1.555883 0.405714 -0.392647
v 1.493501 0.412239 -0.389760
v 1.433883 0.419975 -0.386994
v 1.377032 0.428923 -0.384347
v 1.322948 0.439082 -0.381820
v 1.271630 0.450453 -0.379414
v 1.223080 0.463035 -0.377127
v 1.177295 0.476829 -0.374960
v 1.134276 0.491834 -0.372912
v 1.094025 0.508051 -0.370985
v 1.056540 0.525479 -0.369178
v 1.021821 0.544118 -0.367490
v 0.989882 0.563813 -0.365924
v 0.960732 0.584406 -0.364481
v 0.934374 0.605898 -0.363160
v 0.910806 0.628288 -0.361962
v 0.890029 0.651577 -0.360886
v 0.872044 0.675765 -0.359933
v 0.856850 0.700850 -0.359103
v 0.844445 0.726835 -0.358396
v 0.834833 0.753718 -0.357811
v 0.828011 0.781499 -0.357349
v 0.823979 0.810179 -0.357010
v 0.822740 0.839759 -0.356793
v 0.823240 0.856035 -0.356728
v 0.824572 0.871707 -0.356704
v 0.826732 0.886776 -0.356722
v 0.829724 0.901241 -0.356780
v 0.833545 0.915103 -0.356880
v 0.838197 0.928361 -0.357021
v 0.843678 0.941015 -0.357203
v 0.849991 0.953066 -0.357426
v 0.857133 0.964513 -0.357691
v 0.865105 0.975356 -0.357997
v 0.873907 0.985596 -0.358343
v 0.883540 0.995232 -0.358732
v 0.893886 1.004174 -0.359156
v 0.904826 1.012331 -0.359612
v 0.916361 1.019703 -0.360099
v 0.928491 1.026290 -0.360618
v 0.941215 1.032093 -0.361168
v 0.954534 1.037110 -0.361750
v 0.968449 1.041342 -0.362363
v 0.982958 1.044790 -0.363007
v 0.998061 1.047452 -0.363683
v 1.013760 1.049329 -0.364391
v 1.030054 1.050422 -0.365129
v 1.046941 1.050730 -0.365899
v 1.078578 1.049368 -0.367353
v 1.109748 1.045597 -0.368798
v 1.140450 1.039418 -0.370234
v 1.170683 1.030829 -0.371662
v 1.200448 1.019832 -0.373082
v 1.229745 1.006426 -0.374494
v 1.258574 0.990611 -0.375897
v 1.286935 0.972387 -0.377291
v 1.314828 0.951755 -0.378678
v 1.342253 0.928714 -0.380056
v 1.369208 0.903263 -0.381425
v 4.816454 -0.561282 -0.546891
v 5.153824 -0.581715 -0.562421
v 4.868683 0.836674 -0.541721
v 4.866358 0.850292 -0.541541
v 4.864236 0.862971 -0.541375
v 4.862318 0.874711 -0.541224
v 4.860603 0.885511 -0.541088
v 4.859091 0.895371 -0.540965
v 4.857784 0.904292 -0.540857
v 4.856679 0.912274 -0.540763
v 4.855778 0.919317 -0.540684
v 4.855081 0.925420 -0.540619
v 4.854587 0.930583 -0.540569
v 4.854296 0.934808 -0.540533
v 4.854208 0.938093 -0.540511
v 4.854561 0.945741 -0.540486
v 4.855536 0.953048 -0.540491
v 4.857135 0.960013 -0.540526
v 4.859356 0.966636 -0.540592
v 4.862202 0.972917 -0.540688
v 4.865669 0.978856 -0.540814
v 4.869760 0.984453 -0.540971
v 4.874474 0.989709 -0.541158
v 4.879812 0.994622 -0.541376
v 4.885773 0.999193 -0.541623
v 4.892357 1.003423 -0.541901
v 4.899564 1.007310 -0.542210
v 4.907980 1.010866 -0.542575
v 4.918191 1.014100 -0.543024
v 4.930197 1.017012 -0.543557
v 4.943999 1.019603 -0.544174
v 4.959596 1.021872 -0.544875
v 4.976987 1.023819 -0.545659
v 4.996174 1.025445 -0.546527
v 5.017156 1.026749 -0.547479
v 5.039933 1.027731 -0.548514
v 5.064505 1.028392 -0.549634
v 5.090871 1.028731 -0.550837
v 5.119034 1.028748 -0.552124
v 5.113779 1.100092 -0.551498
v 5.072981 1.114083 -0.549558
v 5.033558 1.126868 -0.547687
v 4.995509 1.138447 -0.545886
v 4.958833 1.148820 -0.544153
v 4.923532 1.157987 -0.542490
v 4.889604 1.165949 -0.540897
v 4.857051 1.172704 -0.539373
v 4.825871 1.178254 -0.537917
v 4.796064 1.182598 -0.536532
v 4.767632 1.185736 -0.535215
v 4.740573 1.187668 -0.533968
v 4.714889 1.188394 -0.532790
v 4.699544 1.188151 -0.532090
v 4.684755 1.187266 -0.531419
v 4.670523 1.185740 -0.530777
v 4.656847 1.183572 -0.530164
v 4.643728 1.180763 -0.529580
v 4.631166 1.177312 -0.529024
v 4.619160 1.173221 -0.528497
v 4.607711 1.168487 -0.528000
v 4.596817 1.163113 -0.527531
v 4.586481 1.157097 -0.527091
v 4.576701 1.150439 -0.526680
v 4.567478 1.143141 -0.526298
v 4.558903 1.135265 -0.525949
v 4.551067 1.126878 -0.525636
v 4.543971 1.117979 -0.525360
v 4.537614 1.108567 -0.525120
v 4.531996 1.098644 -0.524917
v 4.527119 1.088209 -0.524750
v 4.522980 1.077262 -0.524621
v 4.519582 1.065803 -0.524527
v 4.516922 1.053832 -0.524470
v 4.515002 1.041349 -0.524450
v 4.513822 1.028354 -0.524466
v 4.513381 1.014847 -0.524519
v 4.513377 1.012957 -0.524529
v 4.513387 1.011041 -0.524540
v 4.513409 1.009099 -0.524552
v 4.513444 1.007131 -0.524564
v 4.513493 1.005137 -0.524577
v 4.513554 1.003117 -0.524591
v 4.513628 1.001070 -0.524605
v 4.513715 0.998997 -0.524620
v 4.513815 0.996898 -0.524636
v 4.513927 0.994773 -0.524653
v 4.514053 0.992622 -0.524670
v 4.514192 0.990445 -0.524688
v 4.514343 0.988241 -0.524707
v 4.514507 0.986012 -0.524727
v 4.514685 0.983756 -0.524747
v 4.514874 0.981475 -0.524768
v 4.515077 0.979167 -0.524790
v 4.515293 0.976833 -0.524812
v 4.515522 0.974472 -0.524835
v 4.515763 0.972086 -0.524859
v 4.516018 0.969674 -0.524884
v 4.516285 0.967235 -0.524909
v 4.516565 0.964770 -0.524935
v 4.516859 0.962280 -0.524962
v 4.457875 0.999442 -0.522066
v 4.399891 1.033394 -0.519232
v 4.342906 1.064134 -0.516462
v 4.286920 1.091663 -0.513754
v 4.231932 1.115981 -0.511110
v 4.177943 1.137087 -0.508528
v 4.124954 1.154983 -0.506009
v 4.072963 1.169668 -0.503554
v 4.021972 1.181141 -0.501161
v 3.971979 1.189404 -0.498832
v 3.922986 1.194455 -0.496566
v 3.874990 1.196295 -0.494362
v 3.823892 1.194696 -0.492035
v 3.776211 1.189379 -0.489885
v 3.731949 1.180344 -0.487911
v 3.691105 1.167591 -0.486113
v 3.653678 1.151119 -0.484492
v 3.619670 1.130929 -0.483047
v 3.589080 1.107021 -0.481778
v 3.561907 1.079394 -0.480685
v 3.538154 1.048049 -0.479769
v 3.517817 1.012985 -0.479029
v 3.500899 0.974203 -0.478466
v 3.487400 0.931703 -0.478079
v 3.424084 0.974583 -0.474953
v 3.361791 1.013756 -0.471894
v 3.300520 1.049222 -0.468902
v 3.240273 1.080982 -0.465977
v 3.181047 1.109035 -0.463119
v 3.122844 1.133382 -0.460327
v 3.065663 1.154022 -0.457602
v 3.009505 1.170956 -0.454944
v 2.954369 1.184183 -0.452353
v 2.900255 1.193704 -0.449828
v 2.847164 1.199518 -0.447370
v 2.795095 1.201626 -0.444979
v 2.762927 1.201062 -0.443512
v 2.732039 1.199044 -0.442111
v 2.702434 1.195574 -0.440777
v 2.674110 1.190650 -0.439509
v 2.647067 1.184273 -0.438308
v 2.621306 1.176444 -0.437173
v 2.596826 1.167161 -0.436104
v 2.573627 1.156425 -0.435102
v 2.551711 1.144237 -0.434166
v 2.531075 1.130595 -0.433297
v 2.511721 1.115500 -0.432494
v 2.493649 1.098953 -0.431757
v 2.476936 1.081134 -0.431090
v 2.461663 1.062226 -0.430494
v 2.447830 1.042230 -0.429970
v 2.435437 1.021144 -0.429517
v 2.424483 0.998970 -0.429137
v 2.414968 0.975707 -0.428828
v 2.406894 0.951355 -0.428590
v 2.400259 0.925914 -0.428425
v 2.395063 0.899385 -0.428331
v 2.391307 0.871766 -0.428308
v 2.388990 0.843058 -0.428358
v 2.388115 0.813262 -0.428479
v 2.388179 0.798013 -0.428564
v 2.388532 0.782918 -0.428662
v 2.389171 0.767979 -0.428772
v 2.390096 0.753195 -0.428894
v 2.391310 0.738565 -0.429028
v 2.392810 0.724091 -0.429175
v 2.394598 0.709771 -0.429334
v 2.396673 0.695607 -0.429506
v 2.399035 0.681598 -0.429689
v 2.401684 0.667743 -0.429885
v 2.404620 0.654044 -0.430094
v 2.407845 0.640499 -0.430314
v 2.596339 -0.251910 -0.443754
v 2.596933 -0.255328 -0.443799
v 2.597502 -0.258693 -0.443843
v 2.598045 -0.262006 -0.443886
v 2.598562 -0.265267 -0.443927
v 2.599053 -0.268476 -0.443967
v 2.599519 -0.271632 -0.444006
v 2.599958 -0.274736 -0.444042
v 2.600372 -0.277788 -0.444078
v 2.600760 -0.280788 -0.444112
v 2.601123 -0.283735 -0.444144
v 2.601460 -0.286630 -0.444175
v 2.601770 -0.289473 -0.444205
v 2.602055 -0.292263 -0.444233
v 2.602314 -0.295002 -0.444260
v 2.602548 -0.297688 -0.444285
v 2.602756 -0.300321 -0.444309
v 2.602938 -0.302903 -0.444331
v 2.603093 -0.305432 -0.444352
v 2.603224 -0.307909 -0.444371
v 2.603329 -0.310334 -0.444389
v 2.603407 -0.312706 -0.444405
v 2.603461 -0.315026 -0.444420
v 2.603487 -0.317294 -0.444434
v 2.603489 -0.319510 -0.444446
v 2.602997 -0.331661 -0.444489
v 2.601648 -0.343091 -0.444489
v 2.599445 -0.353800 -0.444446
v 2.596385 -0.363788 -0.444361
v 2.592471 -0.373055 -0.444232
v 2.587700 -0.381601 -0.444060
v 2.582074 -0.389426 -0.443845
v 2.575592 -0.396529 -0.443587
v 2.568255 -0.402912 -0.443286
v 2.560062 -0.408574 -0.442943
v 2.551014 -0.413514 -0.442556
v 2.541110 -0.417734 -0.442126
v 2.530180 -0.421427 -0.441646
v 2.518055 -0.424788 -0.441110
v 2.504733 -0.427818 -0.440518
v 2.490215 -0.430516 -0.439869
v 2.474501 -0.432882 -0.439164
v 2.457591 -0.434916 -0.438402
v 2.439484 -0.436619 -0.437583
v 2.420181 -0.437990 -0.436709
v 2.399683 -0.439029 -0.435777
v 2.377988 -0.439737 -0.434790
v 2.355097 -0.440112 -0.433746
v 2.331009 -0.440156 -0.432645
v 2.336256 -0.513377 -0.433281
v 2.374000 -0.526154 -0.435075
v 2.410499 -0.537830 -0.436806
v 2.445755 -0.548404 -0.438474
v 2.479765 -0.557878 -0.440080
v 2.512531 -0.566251 -0.441623
v 2.544055 -0.573522 -0.443103
v 2.574333 -0.579693 -0.444520
v 2.603367 -0.584763 -0.445874
v 2.631156 -0.588732 -0.447166
v 2.657702 -0.591600 -0.448394
v 2.683004 -0.593367 -0.449560
v 2.707061 -0.594034 -0.450663
v 2.725147 -0.593751 -0.451489
v 2.742534 -0.592723 -0.452278
v 2.759222 -0.590948 -0.453031
v 2.775210 -0.588427 -0.453748
v 2.790499 -0.585159 -0.454429
v 2.805089 -0.581145 -0.455074
v 2.818980 -0.576385 -0.455683
v 2.832171 -0.570879 -0.456256
v 2.844664 -0.564626 -0.456793
v 2.856457 -0.557626 -0.457294
v 2.867551 -0.549881 -0.457760
v 2.877946 -0.541389 -0.458189
v 2.887577 -0.532111 -0.458579
v 2.896379 -0.522008 -0.458926
v 2.904351 -0.511080 -0.459232
v 2.911495 -0.499326 -0.459495
v 2.917809 -0.486748 -0.459715
v 2.923295 -0.473344 -0.459893
v 2.927951 -0.459115 -0.460029
v 2.931779 -0.444061 -0.460123
v 2.934778 -0.428182 -0.460174
v 2.936947 -0.411477 -0.460183
v 2.938288 -0.393947 -0.460149
v 2.938799 -0.375593 -0.460074
v 2.938797 -0.371168 -0.460050
v 2.938742 -0.366651 -0.460023
v 2.938635 -0.362044 -0.459993
v 2.938478 -0.357344 -0.459960
v 2.938268 -0.352554 -0.459925
v 2.938007 -0.347671 -0.459886
v 2.937694 -0.342698 -0.459845
v 2.937330 -0.337632 -0.459801
v 2.936914 -0.332476 -0.459754
v 2.936446 -0.327227 -0.459705
v 2.935927 -0.321888 -0.459652
v 2.935356 -0.316456 -0.459597
v 2.934733 -0.310934 -0.459538
v 2.934060 -0.305320 -0.459477
v 2.933334 -0.299614 -0.459413
v 2.932557 -0.293817 -0.459346
v 2.931728 -0.287928 -0.459276
v 2.930847 -0.281948 -0.459204
v 2.929915 -0.275876 -0.459128
v 2.928931 -0.269713 -0.459050
v 2.927896 -0.263459 -0.458969
v 2.926809 -0.257113 -0.458885
v 2.925671 -0.250675 -0.458798
v 2.924481 -0.244146 -0.458709
v 2.750577 0.569366 -0.446363
v 2.747952 0.582751 -0.446170
v 2.745560 0.595978 -0.445989
v 2.743401 0.609048 -0.445820
v 2.741476 0.621961 -0.445662
v 2.739784 0.634716 -0.445516
v 2.738326 0.647313 -0.445381
v 2.737101 0.659753 -0.445258
v 2.736110 0.672035 -0.445146
v 2.735353 0.684160 -0.445046
v 2.734828 0.696127 -0.444958
v 2.734538 0.707937 -0.444880
v 2.734481 0.719589 -0.444815
v 2.734994 0.739508 -0.444731
v 2.736323 0.758601 -0.444688
v 2.738468 0.776870 -0.444687
v 2.741429 0.794313 -0.444728
v 2.745206 0.810932 -0.444811
v 2.749799 0.826725 -0.444936
v 2.755208 0.841693 -0.445102
v 2.761434 0.855836 -0.445310
v 2.768475 0.869154 -0.445560
v 2.776332 0.881647 -0.445851
v 2.785005 0.893315 -0.446185
v 2.794494 0.904157 -0.446560
v 2.804929 0.914148 -0.446983
v 2.816440 0.923260 -0.447460
v 2.829027 0.931493 -0.447990
v 2.842690 0.938848 -0.448575
v 2.857430 0.945325 -0.449214
v 2.873246 0.950922 -0.449906
v 2.890138 0.955642 -0.450653
v 2.908105 0.959483 -0.451453
v 2.927149 0.962445 -0.452307
v 2.947270 0.964529 -0.453216
v 2.968466 0.965734 -0.454178
v 2.990738 0.966061 -0.455194
v 3.028749 0.964752 -0.456938
v 3.067165 0.961200 -0.458713
v 3.105987 0.955404 -0.460519
v 3.145213 0.947365 -0.462355
v 3.184844 0.937081 -0.464222
v 3.224881 0.924554 -0.466119
v 3.265323 0.909783 -0.468048
v 3.306170 0.892768 -0.470006
v 3.347421 0.873510 -0.471996
v 3.389077 0.852008 -0.474016
v 3.431139 0.828262 -0.476067
v 3.473606 0.802272 -0.478148
v 3.473938 0.788494 -0.478238
v 3.474453 0.774690 -0.478336
v 3.475149 0.760858 -0.478442
v 3.476027 0.746999 -0.478557
v 3.477089 0.733113 -0.478681
v 3.478332 0.719201 -0.478813
v 3.479757 0.705261 -0.478953
v 3.481364 0.691294 -0.479102
v 3.483153 0.677301 -0.479260
v 3.485125 0.663280 -0.479426
v 3.487279 0.649233 -0.479600
v 3.489615 0.635158 -0.479783
v 3.727185 -0.555904 -0.497080
v 4.064555 -0.576337 -0.512609
v 3.836097 0.564006 -0.496003
v 3.833171 0.577393 -0.495797
v 3.830506 0.590622 -0.495603
v 3.828099 0.603693 -0.495423
v 3.825953 0.616607 -0.495255
v 3.824066 0.629363 -0.495100
v 3.822439 0.641961 -0.494957
v 3.821071 0.654401 -0.494827
v 3.819963 0.666684 -0.494710
v 3.819114 0.678809 -0.494606
v 3.818525 0.690777 -0.494514
v 3.818196 0.702587 -0.494436
v 3.818125 0.714239 -0.494369
v 3.818619 0.734158 -0.494284
v 3.819889 0.753252 -0.494239
v 3.821937 0.771521 -0.494234
v 3.824761 0.788965 -0.494269
v 3.828362 0.805584 -0.494343
v 3.832741 0.821379 -0.494458
v 3.837896 0.836348 -0.494613
v 3.843828 0.850492 -0.494807
v 3.850537 0.863812 -0.495042
v 3.858023 0.876306 -0.495317
v 3.866286 0.887976 -0.495631
v 3.875327 0.898821 -0.495986
v 3.885325 0.908814 -0.496389
v 3.896465 0.917927 -0.496848
v 3.908746 0.926162 -0.497365
v 3.922169 0.933519 -0.497939
v 3.936733 0.939996 -0.498570
v 3.952438 0.945594 -0.499257
v 3.969284 0.950314 -0.500001
v 3.987271 0.954155 -0.500803
v 4.006400 0.957116 -0.501661
v 4.026670 0.959199 -0.502576
v 4.048080 0.960403 -0.503548
v 4.070632 0.960729 -0.504577
v 4.107446 0.959479 -0.506266
v 4.144770 0.956088 -0.507990
v 4.182603 0.950558 -0.509749
v 4.220946 0.942887 -0.511543
v 4.259799 0.933077 -0.513372
v 4.299161 0.921127 -0.515235
v 4.339033 0.907036 -0.517134
v 4.379415 0.890806 -0.519067
v 4.420307 0.872436 -0.521035
v 4.461708 0.851925 -0.523038
v 4.503619 0.829275 -0.525076
v 4.546040 0.804485 -0.527149
v 5.534194 1.186226 -0.570247
v 5.513493 1.171314 -0.569381
v 5.517557 1.156527 -0.569647
v 5.521772 1.140984 -0.569924
v 5.526141 1.124683 -0.570211
v 5.530662 1.107626 -0.570510
v 5.535335 1.089813 -0.570820
v 5.540161 1.071243 -0.571141
v 5.545138 1.051916 -0.571473
v 5.550268 1.031832 -0.571816
v 5.555551 1.010992 -0.572170
v 5.560986 0.989395 -0.572535
v 5.566573 0.967041 -0.572911
v 5.572312 0.943931 -0.573299
v 5.578533 0.918186 -0.573722
v 5.585563 0.887927 -0.574207
v 5.593403 0.853154 -0.574753
v 5.602054 0.813868 -0.575361
v 5.611514 0.770069 -0.576030
v 5.621784 0.721756 -0.576761
v 5.632864 0.668929 -0.577553
v 5.644754 0.611589 -0.578406
v 5.657454 0.549735 -0.579321
v 5.670964 0.483368 -0.580297
v 5.685283 0.412488 -0.581335
v 5.700413 0.337093 -0.582434
v 5.815497 -0.249035 -0.590862
v 5.816662 -0.255284 -0.590949
v 5.817724 -0.261506 -0.591032
v 5.818682 -0.267702 -0.591109
v 5.819535 -0.273871 -0.591181
v 5.820284 -0.280013 -0.591249
v 5.820930 -0.286129 -0.591311
v 5.821472 -0.292218 -0.591369
v 5.821909 -0.298281 -0.591422
v 5.822242 -0.304317 -0.591470
v 5.822471 -0.310326 -0.591513
v 5.822597 -0.316309 -0.591551
v 5.822618 -0.322266 -0.591584
v 5.822140 -0.335355 -0.591633
v 5.820846 -0.347724 -0.591640
v 5.818735 -0.359372 -0.591607
v 5.815807 -0.370299 -0.591532
v 5.812063 -0.380505 -0.591416
v 5.807503 -0.389990 -0.591259
v 5.802126 -0.398755 -0.591061
v 5.795933 -0.406798 -0.590821
v 5.788923 -0.414121 -0.590540
v 5.781096 -0.420723 -0.590218
v 5.772453 -0.426604 -0.589855
v 5.762993 -0.431764 -0.589451
v 5.752469 -0.436332 -0.588994
v 5.740632 -0.440438 -0.588476
v 5.727483 -0.444081 -0.587894
v 5.713021 -0.447262 -0.587251
v 5.697247 -0.449979 -0.586544
v 5.680159 -0.452234 -0.585776
v 5.661759 -0.454027 -0.584944
v 5.642046 -0.455357 -0.584051
v 5.621022 -0.456224 -0.583094
v 5.598684 -0.456628 -0.582076
v 5.575034 -0.456570 -0.580995
v 5.550070 -0.456050 -0.579851
v 5.555316 -0.529270 -0.580486
v 5.594986 -0.542057 -0.582369
v 5.632892 -0.553739 -0.584164
v 5.669033 -0.564318 -0.585873
v 5.703408 -0.573794 -0.587495
v 5.736019 -0.582166 -0.589031
v 5.766864 -0.589434 -0.590480
v 5.795945 -0.595599 -0.591842
v 5.823261 -0.600660 -0.593118
v 5.848812 -0.604618 -0.594307
v 5.872597 -0.607473 -0.595410
v 5.894618 -0.609224 -0.596426
v 5.914873 -0.609871 -0.597355
v 5.932393 -0.609514 -0.598154
v 5.949331 -0.608269 -0.598921
v 5.965689 -0.606134 -0.599657
v 5.981465 -0.603110 -0.600362
v 5.996660 -0.599197 -0.601035
v 6.011274 -0.594394 -0.601677
v 6.025307 -0.588703 -0.602288
v 6.038757 -0.582122 -0.602867
v 6.051627 -0.574653 -0.603415
v 6.063916 -0.566294 -0.603931
v 6.075623 -0.557046 -0.604416
v 6.086749 -0.546909 -0.604870
v 6.097137 -0.535921 -0.605285
v 6.106631 -0.524120 -0.605655
v 6.115231 -0.511507 -0.605980
v 6.122936 -0.498082 -0.606260
v 6.129748 -0.483844 -0.606494
v 6.135665 -0.468794 -0.606683
v 6.140688 -0.452931 -0.606827
v 6.144817 -0.436256 -0.606925
v 6.148052 -0.418768 -0.606979
v 6.150393 -0.400468 -0.606987
v 6.151839 -0.381355 -0.606950
v 6.152391 -0.361430 -0.606867
v 6.152395 -0.358145 -0.606849
v 6.152375 -0.354548 -0.606829
v 6.152330 -0.350638 -0.606806
v 6.152261 -0.346415 -0.606780
v 6.152167 -0.341879 -0.606751
v 6.152049 -0.337030 -0.606719
v 6.151906 -0.331868 -0.606685
v 6.151740 -0.326393 -0.606648
v 6.151548 -0.320605 -0.606608
v 6.151332 -0.314505 -0.606565
v 6.151093 -0.308091 -0.606519
v 6.150827 -0.301365 -0.606471
v 6.181558 -0.328424 -0.608022
v 6.211539 -0.354241 -0.609531
v 6.240772 -0.378816 -0.611000
v 6.269256 -0.402149 -0.612428
v 6.296990 -0.424241 -0.613815
v 6.323977 -0.445091 -0.615161
v 6.350215 -0.464698 -0.616466
v 6.375704 -0.483064 -0.617731
v 6.400444 -0.500189 -0.618954
v 6.424436 -0.516071 -0.620136
v 6.447679 -0.530711 -0.621278
v 6.470173 -0.544110 -0.622378
v 6.491749 -0.556357 -0.623430
v 6.512237 -0.567543 -0.624427
v 6.531636 -0.577668 -0.625369
v 6.549947 -0.586731 -0.626254
v 6.567170 -0.594734 -0.627085
v 6.583304 -0.601676 -0.627860
v 6.598351 -0.607557 -0.628579
v 6.612309 -0.612376 -0.629243
v 6.625180 -0.616135 -0.629852
v 6.636962 -0.618832 -0.630405
v 6.647656 -0.620468 -0.630902
v 6.657262 -0.621044 -0.631344
v 6.696562 -0.619954 -0.633135
v 6.734468 -0.616290 -0.634847
v 6.770983 -0.610051 -0.636482
v 6.806104 -0.601238 -0.638040
v 6.839832 -0.589850 -0.639520
v 6.872168 -0.575889 -0.640922
v 6.903111 -0.559352 -0.642247
v 6.932660 -0.540241 -0.643494
v 6.960817 -0.518556 -0.644664
v 6.987581 -0.494296 -0.645756
v 7.012953 -0.467462 -0.646770
v 7.036931 -0.438054 -0.647707
v 7.059253 -0.406734 -0.648558
v 7.079654 -0.374167 -0.649314
v 7.098135 -0.340352 -0.649976
v 7.114696 -0.305289 -0.650543
v 7.129335 -0.268979 -0.651016
v 7.142055 -0.231421 -0.651394
v 7.152854 -0.192616 -0.651678
v 7.161733 -0.152563 -0.651868
v 7.168691 -0.111262 -0.651962
v 7.173728 -0.068713 -0.651962
v 7.176845 -0.024917 -0.651868
v 7.178041 0.020126 -0.651679
v 7.176414 0.100700 -0.651169
v 7.170688 0.179143 -0.650483
v 7.160862 0.255456 -0.649622
v 7.146937 0.329639 -0.648584
v 7.128913 0.401691 -0.647371
v 7.106789 0.471613 -0.645982
v 7.080566 0.539405 -0.644417
v 7.050244 0.605067 -0.642676
v 7.015823 0.668598 -0.640760
v 6.977303 0.729999 -0.638667
v 6.934683 0.789270 -0.636399
v 6.887963 0.846411 -0.633955
v 6.838101 0.900165 -0.631385
v 6.786055 0.949278 -0.628741
v 6.731822 0.993748 -0.626022
v 6.675405 1.033576 -0.623228
v 6.616802 1.068762 -0.620360
v 6.556014 1.099306 -0.617417
v 6.493041 1.125208 -0.614398
v 6.427882 1.146468 -0.611306
v 6.360538 1.163085 -0.608138
v 6.291008 1.175061 -0.604896
v 6.219294 1.182394 -0.601578
v 6.145393 1.185085 -0.598186
v 6.116292 1.184747 -0.596858
v 6.086483 1.183447 -0.595503
v 6.055965 1.181187 -0.594120
v 6.024740 1.177965 -0.592711
v 5.992806 1.173783 -0.591274
v 5.960165 1.168639 -0.589810
v 5.926816 1.162535 -0.588319
v 5.892758 1.155470 -0.586800
v 5.857993 1.147444 -0.585255
v 5.822519 1.138456 -0.583682
v 5.786337 1.128508 -0.582082
v 5.749448 1.117599 -0.580455
v 5.733934 1.121299 -0.579726
v 5.717980 1.125365 -0.578975
v 5.701585 1.129800 -0.578202
v 5.684749 1.134601 -0.577407
v 5.667472 1.139769 -0.576589
v 5.649755 1.145304 -0.575749
v 5.631597 1.151207 -0.574888
v 5.612998 1.157477 -0.574004
v 5.593957 1.164113 -0.573098
v 5.574477 1.171117 -0.572169
v 5.554556 1.178488 -0.571219
v 6.125395 -0.143588 -0.604456
v 5.904252 0.961060 -0.588377
v 5.927088 0.973538 -0.589353
v 5.949841 0.984921 -0.590331
v 5.972509 0.995210 -0.591312
v 5.995095 1.004404 -0.592294
v 6.017596 1.012504 -0.593279
v 6.040013 1.019509 -0.594265
v 6.062347 1.025420 -0.595254
v 6.084598 1.030237 -0.596245
v 6.106763 1.033959 -0.597238
v 6.128846 1.036587 -0.598233
v 6.150845 1.038121 -0.599230
v 6.172758 1.038560 -0.600229
v 6.218095 1.036329 -0.602313
v 6.262239 1.030090 -0.604365
v 6.305191 1.019842 -0.606383
v 6.346950 1.005586 -0.608368
v 6.387516 0.987322 -0.610321
v 6.426890 0.965049 -0.612241
v 6.465072 0.938768 -0.614128
v 6.502061 0.908478 -0.615982
v 6.537858 0.874180 -0.617804
v 6.572462 0.835874 -0.619592
v 6.605873 0.793559 -0.621348
v 6.638092 0.747236 -0.623071
v 6.668385 0.698498 -0.624719
v 6.696017 0.648939 -0.626250
v 6.720989 0.598560 -0.627664
v 6.743300 0.547359 -0.628960
v 6.762952 0.495337 -0.630139
v 6.779943 0.442494 -0.631202
v 6.794273 0.388831 -0.632147
v 6.805944 0.334346 -0.632975
v 6.814954 0.279040 -0.633685
v 6.821303 0.222914 -0.634279
v 6.824993 0.165966 -0.634755
v 6.826023 0.108197 -0.635115
v 6.825337 0.075161 -0.635262
v 6.823628 0.042990 -0.635358
v 6.820895 0.011685 -0.635402
v 6.817137 -0.018756 -0.635395
v 6.812356 -0.048331 -0.635337
v 6.806550 -0.077040 -0.635226
v 6.799720 -0.104885 -0.635065
v 6.791866 -0.131864 -0.634852
v 6.782989 -0.157978 -0.634587
v 6.773087 -0.183227 -0.634271
v 6.762160 -0.207611 -0.633904
v 6.750210 -0.231129 -0.633485
v 6.737329 -0.253248 -0.633015
v 6.723613 -0.273434 -0.632498
v 6.709060 -0.291687 -0.631931
v 6.693670 -0.308007 -0.631316
v 6.677444 -0.322394 -0.630652
v 6.660383 -0.334848 -0.629940
v 6.642485 -0.345368 -0.629179
v 6.623750 -0.353956 -0.628369
v 6.604179 -0.360611 -0.627511
v 6.583773 -0.365332 -0.626603
v 6.562529 -0.368121 -0.625648
v 6.540449 -0.368976 -0.624643
v 6.532835 -0.368587 -0.624293
v 6.524364 -0.367489 -0.623900
v 6.515038 -0.365684 -0.623464
v 6.504857 -0.363170 -0.622985
v 6.493820 -0.359948 -0.622463
v 6.481927 -0.356019 -0.621898
v 6.469178 -0.351381 -0.621291
v 6.455574 -0.346036 -0.620640
v 6.441114 -0.339982 -0.619946
v 6.425799 -0.333220 -0.619210
v 6.409628 -0.325750 -0.618431
v 6.392601 -0.317573 -0.617608
v 6.374745 -0.308544 -0.616743
v 6.356088 -0.298520 -0.615836
v 6.336628 -0.287502 -0.614887
v 6.316366 -0.275490 -0.613896
v 6.295302 -0.262483 -0.612863
v 6.273436 -0.248481 -0.611788
v 6.250767 -0.233485 -0.610671
v 6.227297 -0.217495 -0.609512
v 6.203025 -0.200510 -0.608311
v 6.177950 -0.182530 -0.607068
v 6.152074 -0.163557 -0.605783
v 7.351375 1.995538 -0.648921
v 7.565718 1.388274 -0.662001
v 7.642527 1.376634 -0.665574
v 7.690095 1.873750 -0.665060
v 7.719799 1.882297 -0.666372
v 7.750071 1.890085 -0.667713
v 7.780912 1.897113 -0.669085
v 7.812323 1.903384 -0.670486
v 7.844302 1.908895 -0.671918
v 7.876851 1.913648 -0.673380
v 7.909968 1.917642 -0.674872
v 7.943654 1.920877 -0.676394
v 7.977909 1.923354 -0.677946
v 8.012733 1.925072 -0.679528
v 8.048126 1.926031 -0.681141
v 8.084088 1.926233 -0.682783
v 8.172685 1.922915 -0.686850
v 8.258492 1.913850 -0.690821
v 8.341507 1.899038 -0.694695
v 8.421734 1.878480 -0.698473
v 8.499170 1.852174 -0.702154
v 8.573817 1.820122 -0.705739
v 8.645674 1.782322 -0.709227
v 8.714740 1.738776 -0.712619
v 8.781016 1.689482 -0.715915
v 8.844503 1.634442 -0.719114
v 8.905200 1.573655 -0.722216
v 8.963107 1.507120 -0.725223
v 9.017242 1.436552 -0.728078
v 9.066628 1.363660 -0.730729
v 9.111261 1.288446 -0.733176
v 9.151144 1.210909 -0.735418
v 9.186275 1.131050 -0.737455
v 9.216655 1.048868 -0.739288
v 9.242284 0.964364 -0.740916
v 9.263161 0.877538 -0.742340
v 9.279287 0.788388 -0.743559
v 9.290662 0.696917 -0.744573
v 9.297286 0.603122 -0.745383
v 9.299158 0.507005 -0.745988
v 9.297160 0.435495 -0.746283
v 9.291919 0.366099 -0.746419
v 9.283434 0.298817 -0.746395
v 9.271704 0.233650 -0.746211
v 9.256730 0.170597 -0.745868
v 9.238513 0.109658 -0.745364
v 9.217052 0.050834 -0.744702
v 9.192346 -0.005875 -0.743879
v 9.164395 -0.060471 -0.742897
v 9.133202 -0.112952 -0.741755
v 9.098764 -0.163319 -0.740453
v 9.061082 -0.211571 -0.738992
v 9.020760 -0.256786 -0.737394
v 8.978401 -0.298043 -0.735681
v 8.934006 -0.335340 -0.733853
v 8.887573 -0.368678 -0.731912
v 8.839105 -0.398057 -0.729855
v 8.788599 -0.423477 -0.727684
v 8.736057 -0.444937 -0.725399
v 8.681479 -0.462439 -0.722999
v 8.624863 -0.475981 -0.720485
v 8.566211 -0.485564 -0.717856
v 8.505522 -0.491188 -0.715113
v 8.442797 -0.492853 -0.712255
v 8.420534 -0.492521 -0.711236
v 8.398118 -0.491746 -0.710207
v 8.375547 -0.490527 -0.709169
v 8.352823 -0.488864 -0.708122
v 8.329946 -0.486757 -0.707065
v 8.306913 -0.484206 -0.705998
v 8.283728 -0.481211 -0.704922
v 8.260387 -0.477772 -0.703837
v 8.236894 -0.473889 -0.702742
v 8.213246 -0.469563 -0.701638
v 8.189445 -0.464793 -0.700525
v 8.165488 -0.459578 -0.699402
v 8.072514 0.051369 -0.692390
v 8.069217 0.067202 -0.692154
v 8.066036 0.082760 -0.691924
v 8.062971 0.098043 -0.691702
v 8.060021 0.113053 -0.691486
v 8.057188 0.127788 -0.691277
v 8.054470 0.142249 -0.691074
v 8.051867 0.156435 -0.690879
v 8.049381 0.170348 -0.690690
v 8.047010 0.183986 -0.690508
v 8.044756 0.197349 -0.690332
v 8.042616 0.210439 -0.690164
v 8.040593 0.223254 -0.690002
v 8.038620 0.235847 -0.689844
v 8.036634 0.248271 -0.689686
v 8.034634 0.260526 -0.689528
v 8.032619 0.272611 -0.689371
v 8.030592 0.284527 -0.689214
v 8.028550 0.296274 -0.689057
v 8.026494 0.307851 -0.688900
v 8.024424 0.319259 -0.688744
v 8.022341 0.330497 -0.688588
v 8.020243 0.341567 -0.688432
v 8.018131 0.352466 -0.688277
v 8.016006 0.363197 -0.688122
v 8.016280 0.370807 -0.688093
v 8.017020 0.377998 -0.688088
v 8.018227 0.384769 -0.688107
v 8.019900 0.391121 -0.688149
v 8.022040 0.397054 -0.688215
v 8.024647 0.402567 -0.688304
v 8.027719 0.407661 -0.688417
v 8.031260 0.412336 -0.688553
v 8.035266 0.416591 -0.688713
v 8.039739 0.420426 -0.688897
v 8.044678 0.423843 -0.689104
v 8.050083 0.426840 -0.689335
v 8.277315 0.498913 -0.699331
v 8.266483 0.579669 -0.698399
v 8.225153 0.578674 -0.696516
v 8.184292 0.577781 -0.694653
v 8.143900 0.576989 -0.692811
v 8.103977 0.576300 -0.690990
v 8.064525 0.575713 -0.689190
v 8.025540 0.575228 -0.687411
v 7.987025 0.574844 -0.685653
v 7.948980 0.574563 -0.683916
v 7.911404 0.574384 -0.682199
v 7.874296 0.574306 -0.680504
v 7.837658 0.574331 -0.678829
v 7.801490 0.574457 -0.677176
v 7.764137 0.574694 -0.675467
v 7.727071 0.575033 -0.673771
v 7.690292 0.575475 -0.672088
v 7.653800 0.576020 -0.670417
v 7.617595 0.576668 -0.668759
v 7.581677 0.577419 -0.667114
v 7.546046 0.578273 -0.665481
v 7.510702 0.579229 -0.663860
v 7.475645 0.580289 -0.662252
v 7.440875 0.581451 -0.660657
v 7.406391 0.582716 -0.659074
v 7.372195 0.584084 -0.657504
v 7.379277 0.503347 -0.658264
v 7.585187 0.440396 -0.668015
v 7.593338 0.437957 -0.668401
v 7.600940 0.435105 -0.668763
v 7.607992 0.431837 -0.669103
v 7.614496 0.428156 -0.669421
v 7.620451 0.424060 -0.669715
v 7.625857 0.419550 -0.669986
v 7.630714 0.414625 -0.670235
v 7.635022 0.409287 -0.670461
v 7.638782 0.403533 -0.670664
v 7.641991 0.397366 -0.670844
v 7.644652 0.390784 -0.671001
v 7.646764 0.383788 -0.671135
v 7.649206 0.371244 -0.671315
v 7.651660 0.358661 -0.671495
v 7.654127 0.346040 -0.671676
v 7.656607 0.333378 -0.671857
v 7.659100 0.320678 -0.672040
v 7.661605 0.307939 -0.672223
v 7.664124 0.295160 -0.672408
v 7.666655 0.282342 -0.672593
v 7.669199 0.269486 -0.672778
v 7.671756 0.256589 -0.672965
v 7.674325 0.243654 -0.673152
v 7.676908 0.230680 -0.673340
v 7.679515 0.217588 -0.673530
v 7.682161 0.204301 -0.673723
v 7.684845 0.190817 -0.673919
v 7.687567 0.177139 -0.674117
v 7.690327 0.163264 -0.674318
v 7.693125 0.149194 -0.674522
v 7.695961 0.134928 -0.674729
v 7.698835 0.120466 -0.674938
v 7.701748 0.105809 -0.675151
v 7.704698 0.090956 -0.675366
v 7.707686 0.075907 -0.675584
v 7.710713 0.060663 -0.675805
v 7.821999 -0.534831 -0.684110
v 7.835054 -0.548033 -0.684778
v 7.893266 -0.563309 -0.687521
v 7.951197 -0.577280 -0.690244
v 8.008849 -0.589946 -0.692948
v 8.066221 -0.601308 -0.695631
v 8.123313 -0.611365 -0.698295
v 8.180126 -0.620117 -0.700939
v 8.236659 -0.627564 -0.703563
v 8.292912 -0.633707 -0.706167
v 8.348886 -0.638545 -0.708751
v 8.404579 -0.642078 -0.711315
v 8.459993 -0.644307 -0.713860
v 8.515128 -0.645231 -0.716385
v 8.605051 -0.643667 -0.720486
v 8.691714 -0.638074 -0.724417
v 8.775118 -0.628450 -0.728176
v 8.855261 -0.614796 -0.731765
v 8.932143 -0.597111 -0.735183
v 9.005766 -0.575396 -0.738431
v 9.076129 -0.549651 -0.741507
v 9.143231 -0.519875 -0.744413
v 9.207073 -0.486069 -0.747148
v 9.267655 -0.448233 -0.749712
v 9.324977 -0.406366 -0.752106
v 9.379039 -0.360469 -0.754328
v 9.429304 -0.310943 -0.756358
v 9.475239 -0.258189 -0.758172
v 9.516840 -0.202208 -0.759771
v 9.554110 -0.143000 -0.761154
v 9.587048 -0.080563 -0.762322
v 9.615654 -0.014899 -0.763274
v 9.639928 0.053992 -0.764011
v 9.659870 0.126111 -0.764533
v 9.675480 0.201458 -0.764839
v 9.686758 0.280032 -0.764929
v 9.693704 0.361834 -0.764805
v 9.696319 0.446864 -0.764464
v 9.693652 0.565728 -0.763700
v 9.684404 0.680844 -0.762655
v 9.668576 0.792214 -0.761329
v 9.646166 0.899837 -0.759723
v 9.617174 1.003712 -0.757837
v 9.581600 1.103840 -0.755670
v 9.539446 1.200221 -0.753222
v 9.490710 1.292855 -0.750494
v 9.435392 1.381741 -0.747485
v 9.373494 1.466881 -0.744196
v 9.305014 1.548273 -0.740626
v 9.229952 1.625918 -0.736776
v 9.149656 1.698558 -0.732713
v 9.065475 1.764935 -0.728507
v 8.977407 1.825050 -0.724157
v 8.885452 1.878901 -0.719664
v 8.789612 1.926490 -0.715026
v 8.689885 1.967816 -0.710245
v 8.586272 2.002879 -0.705320
v 8.478772 2.031679 -0.700251
v 8.367387 2.054216 -0.695039
v 8.252114 2.070490 -0.689683
v 8.132957 2.080502 -0.684183
v 8.009912 2.084250 -0.678539
v 7.957283 2.083975 -0.676135
v 7.904390 2.082633 -0.673725
v 7.851230 2.080224 -0.671308
v 7.797805 2.076747 -0.668886
v 7.744113 2.072202 -0.666456
v 7.690156 2.066591 -0.664021
v 7.635932 2.059912 -0.661579
v 7.581443 2.052166 -0.659130
v 7.526688 2.043351 -0.656675
v 7.471666 2.033470 -0.654214
v 7.416379 2.022521 -0.651747
v 7.360826 2.010506 -0.649273
v -7.401711 -0.509036 1.574343
v -7.064340 -0.529470 1.558814
v -7.349481 0.888919 1.579514
v -7.351810 0.901964 1.579690
v -7.353934 0.914174 1.579854
v -7.355855 0.925548 1.580003
v -7.357570 0.936087 1.580138
v -7.359082 0.945792 1.580260
v -7.360391 0.954661 1.580368
v -7.361495 0.962695 1.580462
v -7.362395 0.969893 1.580542
v -7.363091 0.976257 1.580608
v -7.363584 0.981786 1.580660
v -7.363873 0.986479 1.580699
v -7.363955 0.990338 1.580723
v -7.363614 0.998573 1.580752
v -7.362676 1.006389 1.580752
v -7.361140 1.013784 1.580721
v -7.359008 1.020759 1.580662
v -7.356278 1.027315 1.580572
v -7.352952 1.033450 1.580454
v -7.349030 1.039165 1.580305
v -7.344510 1.044461 1.580127
v -7.339395 1.049336 1.579920
v -7.333684 1.053791 1.579683
v -7.327374 1.057827 1.579416
v -7.320466 1.061441 1.579120
v -7.312325 1.064699 1.578766
v -7.302310 1.067660 1.578324
v -7.290421 1.070325 1.577795
v -7.276660 1.072695 1.577179
v -7.261027 1.074768 1.576476
v -7.243520 1.076545 1.575685
v -7.224137 1.078027 1.574807
v -7.202882 1.079212 1.573842
v -7.179753 1.080101 1.572790
v -7.154752 1.080695 1.571651
v -7.127877 1.080992 1.570424
v -7.099132 1.080993 1.569110
v -7.104386 1.152338 1.569736
v -7.145471 1.166330 1.571689
v -7.185128 1.179116 1.573571
v -7.223359 1.190696 1.575381
v -7.260165 1.201069 1.577119
v -7.295545 1.210237 1.578786
v -7.329499 1.218199 1.580380
v -7.362027 1.224954 1.581904
v -7.393128 1.230504 1.583355
v -7.422805 1.234847 1.584735
v -7.451055 1.237984 1.586043
v -7.477878 1.239915 1.587279
v -7.503276 1.240640 1.588444
v -7.518620 1.240396 1.589144
v -7.533412 1.239511 1.589815
v -7.547643 1.237985 1.590457
v -7.561318 1.235817 1.591071
v -7.574439 1.233008 1.591655
v -7.586999 1.229558 1.592210
v -7.599008 1.225466 1.592737
v -7.610456 1.220732 1.593235
v -7.621348 1.215358 1.593704
v -7.631684 1.209342 1.594143
v -7.641463 1.202685 1.594554
v -7.650685 1.195386 1.594936
v -7.659261 1.187510 1.595286
v -7.667098 1.179123 1.595598
v -7.674193 1.170224 1.595875
v -7.680551 1.160813 1.596114
v -7.686168 1.150889 1.596317
v -7.691045 1.140454 1.596484
v -7.695184 1.129507 1.596614
v -7.698583 1.118048 1.596707
v -7.701243 1.106077 1.596764
v -7.703164 1.093594 1.596784
v -7.704343 1.080599 1.596768
v -7.704785 1.067092 1.596715
v -7.704770 1.064720 1.596702
v -7.704705 1.061983 1.596684
v -7.704593 1.058881 1.596662
v -7.704429 1.055413 1.596636
v -7.704213 1.051580 1.596605
v -7.703948 1.047382 1.596570
v -7.703633 1.042819 1.596531
v -7.703269 1.037890 1.596488
v -7.702853 1.032597 1.596440
v -7.702388 1.026938 1.596389
v -7.701873 1.020914 1.596332
v -7.701306 1.014525 1.596272
v -7.764220 1.051707 1.599348
v -7.825877 1.085676 1.602350
v -7.886273 1.116433 1.605276
v -7.945411 1.143978 1.608128
v -8.003287 1.168310 1.610905
v -8.059905 1.189430 1.613606
v -8.115266 1.207337 1.616233
v -8.169366 1.222032 1.618785
v -8.222205 1.233515 1.621262
v -8.273786 1.241785 1.623665
v -8.324109 1.246843 1.625992
v -8.373172 1.248688 1.628244
v -8.382613 1.235597 1.628605
v -8.372855 1.189007 1.627907
v -8.363099 1.141922 1.627207
v -8.353345 1.094341 1.626503
v -8.343596 1.046265 1.625798
v -8.333848 0.997694 1.625090
v -8.324101 0.948627 1.624379
v -8.314359 0.899066 1.623666
v -8.304620 0.849009 1.622950
v -8.294881 0.798456 1.622232
v -8.285146 0.747409 1.621511
v -8.275413 0.695867 1.620788
v -8.265683 0.643829 1.620062
v -8.190749 0.632198 1.616574
v -8.183372 0.661447 1.616395
v -8.175923 0.689211 1.616205
v -8.168405 0.715488 1.616003
v -8.160817 0.740279 1.615790
v -8.153157 0.763584 1.615566
v -8.145427 0.785402 1.615331
v -8.137628 0.805735 1.615084
v -8.129758 0.824581 1.614826
v -8.121818 0.841942 1.614558
v -8.113807 0.857816 1.614277
v -8.105725 0.872204 1.613986
v -8.097571 0.885106 1.613683
v -8.088971 0.896754 1.613353
v -8.079543 0.907382 1.612979
v -8.069285 0.916989 1.612562
v -8.058200 0.925575 1.612102
v -8.046285 0.933141 1.611598
v -8.033545 0.939686 1.611052
v -8.019975 0.945210 1.610461
v -8.005578 0.949714 1.609828
v -7.990352 0.953197 1.609151
v -7.974299 0.955659 1.608430
v -7.957417 0.957100 1.607667
v -7.939710 0.957521 1.606859
v -7.921262 0.956870 1.606013
v -7.902173 0.955094 1.605131
v -7.882438 0.952195 1.604213
v -7.862056 0.948171 1.603260
v -7.841029 0.943023 1.602271
v -7.819358 0.936752 1.601247
v -7.797040 0.929356 1.600187
v -7.774077 0.920836 1.599091
v -7.750472 0.911192 1.597960
v -7.726218 0.900424 1.596794
v -7.701322 0.888532 1.595592
v -7.675776 0.875516 1.594354
v -6.456485 0.453786 1.536349
v -6.397904 0.430460 1.533545
v -6.337844 0.408913 1.530684
v -6.276303 0.389144 1.527765
v -6.213284 0.371153 1.524787
v -6.148782 0.354940 1.521751
v -6.082801 0.340506 1.518658
v -6.015339 0.327850 1.515506
v -5.946395 0.316972 1.512297
v -5.875973 0.307872 1.509029
v -5.804068 0.300551 1.505703
v -5.730685 0.295008 1.502319
v -5.655820 0.291243 1.498878
v -5.654679 0.280329 1.498766
v -5.653642 0.269493 1.498660
v -5.652707 0.258736 1.498559
v -5.651877 0.248057 1.498464
v -5.651153 0.237458 1.498373
v -5.650529 0.226937 1.498288
v -5.650010 0.216495 1.498208
v -5.649596 0.206131 1.498133
v -5.649283 0.195846 1.498063
v -5.649076 0.185640 1.497998
v -5.648973 0.175513 1.497939
v -5.648972 0.165464 1.497885
v -5.649997 0.125893 1.497717
v -5.652654 0.087882 1.497633
v -5.656943 0.051429 1.497632
v -5.662866 0.016536 1.497714
v -5.670420 -0.016799 1.497879
v -5.679606 -0.048574 1.498127
v -5.690427 -0.078791 1.498459
v -5.702879 -0.107448 1.498873
v -5.716964 -0.134546 1.499370
v -5.732680 -0.160086 1.499950
v -5.750031 -0.184066 1.500613
v -5.769012 -0.206487 1.501360
v -5.789483 -0.227220 1.502183
v -5.811298 -0.246135 1.503078
v -5.834459 -0.263231 1.504044
v -5.858963 -0.278509 1.505081
v -5.884812 -0.291968 1.506190
v -5.912007 -0.303609 1.507370
v -5.940545 -0.313433 1.508621
v -5.970428 -0.321437 1.509944
v -6.001656 -0.327624 1.511337
v -6.034228 -0.331992 1.512802
v -6.068145 -0.334542 1.514339
v -6.103406 -0.335274 1.515946
v -6.144412 -0.334107 1.517827
v -6.185565 -0.331010 1.519724
v -6.226863 -0.325984 1.521639
v -6.268310 -0.319028 1.523571
v -6.309901 -0.310143 1.525519
v -6.351642 -0.299328 1.527486
v -6.393525 -0.286583 1.529469
v -6.435554 -0.271908 1.531469
v -6.477733 -0.255304 1.533486
v -6.520055 -0.236770 1.535521
v -6.562524 -0.216307 1.537572
v -6.605138 -0.193914 1.539641
v -6.646724 -0.259396 1.541188
v -6.625104 -0.281966 1.540077
v -6.602504 -0.303798 1.538926
v -6.578923 -0.324891 1.537735
v -6.554362 -0.345247 1.536502
v -6.528821 -0.364864 1.535229
v -6.502299 -0.383743 1.533915
v -6.474797 -0.401885 1.532560
v -6.446315 -0.419288 1.531164
v -6.416854 -0.435953 1.529727
v -6.386411 -0.451880 1.528250
v -6.354989 -0.467069 1.526732
v -6.322583 -0.481520 1.525173
v -6.289708 -0.495022 1.523597
v -6.256864 -0.507364 1.522029
v -6.224053 -0.518546 1.520469
v -6.191274 -0.528567 1.518917
v -6.158530 -0.537429 1.517373
v -6.125817 -0.545130 1.515836
v -6.093139 -0.551671 1.514307
v -6.060494 -0.557052 1.512786
v -6.027883 -0.561273 1.511273
v -5.995301 -0.564334 1.509767
v -5.962756 -0.566234 1.508270
v -5.930242 -0.566975 1.506779
v -5.883814 -0.565881 1.504663
v -5.838894 -0.562134 1.502631
v -5.795485 -0.555734 1.500682
v -5.753587 -0.546681 1.498816
v -5.713197 -0.534974 1.497033
v -5.674316 -0.520615 1.495334
v -5.636946 -0.503602 1.493718
v -5.601086 -0.483936 1.492185
v -5.566734 -0.461616 1.490736
v -5.533892 -0.436644 1.489370
v -5.502561 -0.409018 1.488087
v -5.472738 -0.378739 1.486888
v -5.444871 -0.346352 1.485790
v -5.419403 -0.312402 1.484809
v -5.396338 -0.276889 1.483947
v -5.375672 -0.239814 1.483203
v -5.357407 -0.201175 1.482577
v -5.341543 -0.160974 1.482069
v -5.328079 -0.119210 1.481680
v -5.317017 -0.075884 1.481408
v -5.308353 -0.030994 1.481255
v -5.302092 0.015458 1.481220
v -5.298230 0.063474 1.481303
v -5.296768 0.113052 1.481504
v -5.296894 0.138011 1.481645
v -5.297527 0.162843 1.481808
v -5.298670 0.187546 1.481994
v -5.300321 0.212122 1.482202
v -5.302479 0.236571 1.482433
v -5.305145 0.260891 1.482687
v -5.308321 0.285083 1.482962
v -5.312005 0.309148 1.483261
v -5.316197 0.333085 1.483582
v -5.320897 0.356894 1.483925
v -5.326106 0.380575 1.484292
v -5.331822 0.404128 1.484680
v -5.338002 0.427508 1.485089
v -5.344602 0.450668 1.485516
v -5.351619 0.473609 1.485960
v -5.359053 0.496330 1.486423
v -5.366904 0.518832 1.486904
v -5.375174 0.541114 1.487402
v -5.383861 0.563176 1.487918
v -5.392965 0.585020 1.488452
v -5.402489 0.606643 1.489005
v -5.412429 0.628047 1.489575
v -5.422788 0.649232 1.490163
v -5.433563 0.670197 1.490768
v -5.444731 0.690904 1.491391
v -5.456265 0.711312 1.492028
v -5.468165 0.731423 1.492681
v -5.480433 0.751235 1.493349
v -5.493065 0.770750 1.494031
v -5.506064 0.789966 1.494729
v -5.519428 0.808885 1.495442
v -5.533159 0.827506 1.496171
v -5.547256 0.845829 1.496914
v -5.561719 0.863853 1.497672
v -5.576548 0.881580 1.498446
v -5.591743 0.899009 1.499235
v -5.607278 0.916094 1.500037
v -5.623127 0.932790 1.500852
v -5.639292 0.949096 1.501678
v -5.655770 0.965013 1.502518
v -5.672563 0.980540 1.503369
v -5.689671 0.995678 1.504233
v -5.707092 1.010427 1.505109
v -5.724830 1.024786 1.505997
v -5.742880 1.038755 1.506898
v -5.761246 1.052336 1.507810
v -5.779926 1.065526 1.508735
v -5.798925 1.078328 1.509673
v -5.818203 1.090700 1.510621
v -5.837729 1.102605 1.511578
v -5.857507 1.114041 1.512543
v -5.877533 1.125010 1.513518
v -5.897810 1.135511 1.514501
v -5.918336 1.145543 1.515494
v -5.939112 1.155108 1.516495
v -5.960138 1.164205 1.517505
v -5.981414 1.172834 1.518524
v -6.002939 1.180995 1.519552
v -6.024713 1.188688 1.520589
v -6.046737 1.195913 1.521634
v -6.068978 1.202617 1.522687
v -6.091407 1.208749 1.523745
v -6.114018 1.214309 1.524809
v -6.136817 1.219296 1.525877
v -6.159801 1.223710 1.526952
v -6.182969 1.227552 1.528031
v -6.206323 1.230822 1.529117
v -6.229863 1.233518 1.530207
v -6.253587 1.235643 1.531303
v -6.277495 1.237195 1.532404
v -6.301591 1.238173 1.533510
v -6.325871 1.238580 1.534622
v -6.363561 1.238082 1.536342
v -6.399758 1.236208 1.537986
v -6.434468 1.232958 1.539555
v -6.467685 1.228332 1.541048
v -6.499413 1.222331 1.542466
v -6.529653 1.214953 1.543808
v -6.558400 1.206200 1.545074
v -6.585656 1.196071 1.546265
v -6.611423 1.184566 1.547381
v -6.635701 1.171685 1.548420
v -6.658488 1.157428 1.549385
v -6.679784 1.141796 1.550274
v -6.699485 1.125047 1.551084
v -6.717484 1.107444 1.551811
v -6.733783 1.088984 1.552456
v -6.748382 1.069669 1.553019
v -6.761277 1.049499 1.553499
v -6.772473 1.028472 1.553897
v -6.781966 1.006591 1.554213
v -6.789760 0.983854 1.554446
v -6.795852 0.960261 1.554597
v -6.800242 0.935812 1.554665
v -6.802930 0.910508 1.554651
v -6.803920 0.884349 1.554555
v -6.801446 0.837775 1.554190
v -6.794158 0.793146 1.553616
v -6.782054 0.750461 1.552832
v -6.765138 0.709720 1.551839
v -6.743405 0.670923 1.550636
v -6.716861 0.634071 1.549223
v -6.685500 0.599162 1.547601
v -6.649325 0.566199 1.545770
v -6.608336 0.535179 1.543729
v -6.562533 0.506104 1.541478
v -6.511916 0.478972 1.539018
v -5.901073 0.903351 1.513395
v -5.875443 0.873411 1.512062
v -5.851057 0.841718 1.510776
v -5.827918 0.808271 1.509538
v -5.806025 0.773070 1.508347
v -5.785378 0.736117 1.507204
v -5.765977 0.697410 1.506108
v -5.747821 0.656950 1.505059
v -5.730911 0.614736 1.504058
v -5.715248 0.570769 1.503105
v -5.700830 0.525049 1.502198
v -5.687658 0.477575 1.501340
v -5.675735 0.428348 1.500529
v -5.740886 0.433661 1.503535
v -5.803269 0.440186 1.506422
v -5.862887 0.447922 1.509188
v -5.919738 0.456870 1.511835
v -5.973823 0.467030 1.514361
v -6.025140 0.478400 1.516768
v -6.073689 0.490983 1.519055
v -6.119475 0.504776 1.521222
v -6.162492 0.519781 1.523269
v -6.202744 0.535998 1.525197
v -6.240230 0.553426 1.527004
v -6.274947 0.572066 1.528692
v -6.306890 0.591761 1.530258
v -6.336038 0.612354 1.531701
v -6.362397 0.633845 1.533022
v -6.385962 0.656236 1.534220
v -6.406739 0.679525 1.535296
v -6.424726 0.703712 1.536248
v -6.439919 0.728798 1.537078
v -6.452325 0.754782 1.537786
v -6.461936 0.781665 1.538370
v -6.468759 0.809447 1.538832
v -6.472789 0.838127 1.539172
v -6.474029 0.867706 1.539388
v -6.473529 0.883982 1.539453
v -6.472196 0.899655 1.539477
v -6.470035 0.914723 1.539460
v -6.467044 0.929189 1.539402
v -6.463222 0.943050 1.539302
v -6.458571 0.956308 1.539161
v -6.453090 0.968963 1.538979
v -6.446778 0.981013 1.538755
v -6.439635 0.992460 1.538491
v -6.431664 1.003304 1.538185
v -6.422862 1.013544 1.537838
v -6.413228 1.023180 1.537450
v -6.402884 1.032122 1.537026
v -6.391946 1.040279 1.536570
v -6.380410 1.047651 1.536083
v -6.368281 1.054238 1.535564
v -6.355556 1.060040 1.535014
v -6.342237 1.065057 1.534432
v -6.328322 1.069290 1.533819
v -6.313815 1.072737 1.533175
v -6.298711 1.075399 1.532499
v -6.283011 1.077277 1.531791
v -6.266719 1.078369 1.531053
v -6.249829 1.078677 1.530282
v -6.218190 1.077315 1.528829
v -6.187022 1.073545 1.527384
v -6.156320 1.067365 1.525948
v -6.126086 1.058777 1.524519
v -6.096320 1.047780 1.523100
v -6.067023 1.034374 1.521688
v -6.038196 1.018559 1.520285
v -6.009836 1.000335 1.518890
v -5.981943 0.979702 1.517504
v -5.954518 0.956661 1.516126
v -5.927564 0.931211 1.514757
v -4.202467 -0.006836 1.430844
v -4.203797 -0.019967 1.430834
v -4.205154 -0.033098 1.430825
v -4.206537 -0.046228 1.430817
v -4.207946 -0.059359 1.430810
v -4.209381 -0.072489 1.430805
v -4.210842 -0.085620 1.430801
v -4.212330 -0.098750 1.430798
v -4.213842 -0.111880 1.430796
v -4.215383 -0.125010 1.430795
v -4.216948 -0.138140 1.430796
v -4.218538 -0.151270 1.430797
v -4.220156 -0.164399 1.430800
v -4.239887 -0.139252 1.431838
v -4.259345 -0.114054 1.432863
v -4.278530 -0.088805 1.433877
v -4.297441 -0.063505 1.434878
v -4.316077 -0.038154 1.435867
v -4.334441 -0.012753 1.436843
v -4.352530 0.012699 1.437808
v -4.370346 0.038202 1.438760
v -4.387890 0.063756 1.439700
v -4.405158 0.089360 1.440627
v -4.422153 0.115016 1.441543
v -4.438873 0.140722 1.442446
v -4.455263 0.166491 1.443334
v -4.471262 0.192337 1.444205
v -4.486868 0.218259 1.445059
v -4.502084 0.244258 1.445894
v -4.516909 0.270332 1.446713
v -4.531343 0.296483 1.447514
v -4.545386 0.322710 1.448298
v -4.559037 0.349014 1.449064
v -4.572298 0.375393 1.449812
v -4.585168 0.401849 1.450544
v -4.597649 0.428382 1.451257
v -4.609735 0.454990 1.451954
v -4.621407 0.481694 1.452631
v -4.632634 0.508514 1.453290
v -4.643419 0.535448 1.453928
v -4.653761 0.562498 1.454547
v -4.663659 0.589662 1.455146
v -4.673114 0.616942 1.455726
v -4.682125 0.644337 1.456286
v -4.690694 0.671847 1.456826
v -4.698818 0.699472 1.457347
v -4.706500 0.727213 1.457848
v -4.713737 0.755068 1.458329
v -4.720531 0.783038 1.458791
v -4.726824 0.811124 1.459230
v -4.732556 0.839323 1.459645
v -4.737728 0.867638 1.460034
v -4.742340 0.896066 1.460399
v -4.746390 0.924610 1.460738
v -4.749881 0.953268 1.461053
v -4.752810 0.982040 1.461342
v -4.755181 1.010927 1.461607
v -4.756991 1.039929 1.461846
v -4.758241 1.069045 1.462061
v -4.758929 1.098276 1.462250
v -4.759057 1.127621 1.462415
v -4.788677 1.135352 1.463810
v -4.818244 1.143240 1.465204
v -4.847757 1.151284 1.466596
v -4.877217 1.159484 1.467987
v -4.906626 1.167840 1.469376
v -4.935980 1.176353 1.470764
v -4.965282 1.185021 1.472150
v -4.994533 1.193846 1.473534
v -5.023728 1.202826 1.474917
v -5.052871 1.211963 1.476299
v -5.081962 1.221256 1.477678
v -5.110998 1.230705 1.479057
v -5.131700 1.215793 1.479922
v -5.131432 1.195851 1.479802
v -5.130424 1.175436 1.479645
v -5.128677 1.154548 1.479453
v -5.126189 1.133187 1.479224
v -5.122963 1.111353 1.478958
v -5.118998 1.089047 1.478656
v -5.114291 1.066267 1.478318
v -5.108845 1.043015 1.477943
v -5.102660 1.019290 1.477532
v -5.095735 0.995092 1.477085
v -5.088068 0.970421 1.476601
v -5.079665 0.945278 1.476081
v -5.070663 0.919792 1.475532
v -5.061207 0.894096 1.474961
v -5.051296 0.868189 1.474368
v -5.040931 0.842071 1.473753
v -5.030110 0.815742 1.473116
v -5.018836 0.789203 1.472458
v -5.007107 0.762453 1.471777
v -4.994924 0.735492 1.471074
v -4.982285 0.708320 1.470350
v -4.969193 0.680938 1.469603
v -4.955645 0.653345 1.468835
v -4.941641 0.625541 1.468045
v -4.927243 0.597591 1.467236
v -4.912506 0.569562 1.466411
v -4.897431 0.541453 1.465570
v -4.882019 0.513264 1.464713
v -4.866268 0.484995 1.463840
v -4.850179 0.456647 1.462952
v -4.833751 0.428218 1.462047
v -4.816985 0.399710 1.461127
v -4.799883 0.371121 1.460191
v -4.782441 0.342453 1.459238
v -4.764661 0.313705 1.458271
v -4.746544 0.284877 1.457287
v -4.728230 0.256120 1.456294
v -4.709864 0.227584 1.455301
v -4.691444 0.199270 1.454306
v -4.672971 0.171176 1.453309
v -4.654445 0.143304 1.452312
v -4.635864 0.115654 1.451313
v -4.617232 0.088224 1.450314
v -4.598546 0.061016 1.449312
v -4.579807 0.034029 1.448310
v -4.561014 0.007264 1.447307
v -4.542169 -0.019280 1.446302
v -4.523270 -0.045603 1.445296
v -4.504383 -0.071645 1.444292
v -4.485572 -0.097349 1.443293
v -4.466838 -0.122713 1.442300
v -4.448179 -0.147738 1.441312
v -4.429596 -0.172423 1.440329
v -4.411091 -0.196770 1.439352
v -4.392662 -0.220777 1.438380
v -4.374310 -0.244445 1.437413
v -4.356032 -0.267773 1.436451
v -4.337832 -0.290763 1.435495
v -4.319709 -0.313413 1.434545
v -4.301661 -0.335724 1.433599
v -4.283819 -0.357571 1.432666
v -4.266314 -0.378830 1.431751
v -4.249143 -0.399501 1.430854
v -4.232308 -0.419584 1.429976
v -4.215809 -0.439078 1.429117
v -4.199644 -0.457985 1.428276
v -4.183816 -0.476303 1.427453
v -4.168323 -0.494033 1.426649
v -4.153166 -0.511175 1.425864
v -4.138344 -0.527729 1.425097
v -4.123857 -0.543694 1.424349
v -4.109705 -0.559072 1.423619
v -3.959799 -0.574826 1.416682
v -3.954893 -0.535275 1.416672
v -3.949964 -0.496023 1.416659
v -3.945010 -0.457072 1.416643
v -3.940032 -0.418420 1.416625
v -3.935029 -0.380068 1.416603
v -3.930001 -0.342016 1.416579
v -3.924950 -0.304264 1.416553
v -3.919874 -0.266812 1.416523
v -3.914773 -0.229659 1.416491
v -3.909648 -0.192807 1.416456
v -3.904499 -0.156254 1.416418
v -3.899324 -0.120002 1.416378
v -3.894072 -0.083802 1.416333
v -3.888689 -0.047407 1.416284
v -3.883173 -0.010817 1.416230
v -3.877527 0.025968 1.416170
v -3.871751 0.062948 1.416106
v -3.865843 0.100122 1.416037
v -3.859803 0.137491 1.415963
v -3.853633 0.175055 1.415884
v -3.847331 0.212814 1.415801
v -3.840899 0.250768 1.415712
v -3.834334 0.288917 1.415618
v -3.827641 0.327260 1.415519
v -3.825672 0.339013 1.415493
v -3.823637 0.351144 1.415465
v -3.821534 0.363652 1.415437
v -3.819365 0.376538 1.415408
v -3.817128 0.389801 1.415377
v -3.814825 0.403442 1.415345
v -3.812455 0.417461 1.415313
v -3.810018 0.431857 1.415279
v -3.807513 0.446631 1.415245
v -3.804941 0.461782 1.415209
v -3.802302 0.477311 1.415173
v -3.799596 0.493218 1.415135
v -3.796824 0.509294 1.415095
v -3.793988 0.525331 1.415052
v -3.791086 0.541328 1.415006
v -3.788121 0.557286 1.414957
v -3.785089 0.573204 1.414904
v -3.781994 0.589083 1.414849
v -3.778833 0.604922 1.414790
v -3.775608 0.620722 1.414728
v -3.772317 0.636483 1.414663
v -3.768960 0.652204 1.414594
v -3.765539 0.667886 1.414523
v -3.762052 0.683528 1.414448
v -3.758501 0.699092 1.414370
v -3.754887 0.714538 1.414288
v -3.751206 0.729866 1.414203
v -3.747462 0.745077 1.414114
v -3.743654 0.760171 1.414021
v -3.739781 0.775146 1.413925
v -3.735844 0.790005 1.413826
v -3.731842 0.804745 1.413723
v -3.727775 0.819368 1.413616
v -3.723645 0.833873 1.413505
v -3.719449 0.848261 1.413391
v -3.715192 0.862531 1.413274
v -3.710857 0.876409 1.413151
v -3.706433 0.889623 1.413020
v -3.701922 0.902171 1.412882
v -3.697323 0.914054 1.412736
v -3.692636 0.925273 1.412582
v -3.687861 0.935826 1.412421
v -3.683000 0.945713 1.412252
v -3.678050 0.954936 1.412076
v -3.673013 0.963494 1.411892
v -3.667888 0.971386 1.411700
v -3.662675 0.978613 1.411501
v -3.657373 0.985175 1.411294
v -3.653916 0.988860 1.411156
v -3.650460 0.992440 1.411018
v -3.647005 0.995916 1.410879
v -3.643550 0.999287 1.410739
v -3.640095 1.002555 1.410599
v -3.636642 1.005718 1.410458
v -3.633187 1.008776 1.410317
v -3.629735 1.011731 1.410175
v -3.626283 1.014581 1.410033
v -3.622831 1.017327 1.409890
v -3.619379 1.019969 1.409746
v -3.615932 1.022507 1.409602
v -3.612425 1.024940 1.409455
v -3.608799 1.027268 1.409302
v -3.605058 1.029491 1.409143
v -3.601199 1.031609 1.408978
v -3.597224 1.033623 1.408807
v -3.593132 1.035532 1.408631
v -3.588924 1.037335 1.408448
v -3.584599 1.039035 1.408260
v -3.580158 1.040629 1.408065
v -3.575600 1.042118 1.407865
v -3.570925 1.043503 1.407659
v -3.566133 1.044782 1.407447
v -3.561213 1.045990 1.407228
v -3.556148 1.047157 1.407003
v -3.550941 1.048285 1.406771
v -3.545591 1.049373 1.406533
v -3.540098 1.050421 1.406287
v -3.534461 1.051430 1.406035
v -3.528683 1.052398 1.405776
v -3.522760 1.053327 1.405511
v -3.516694 1.054216 1.405238
v -3.510486 1.055065 1.404959
v -3.504135 1.055874 1.404673
v -3.497641 1.056643 1.404381
v -3.490971 1.057373 1.404080
v -3.484093 1.058062 1.403769
v -3.477006 1.058712 1.403449
v -3.469712 1.059321 1.403119
v -3.462211 1.059890 1.402779
v -3.454498 1.060419 1.402429
v -3.446580 1.060907 1.402070
v -3.438454 1.061356 1.401701
v -3.430119 1.061764 1.401322
v -3.421575 1.062133 1.400934
v -3.412824 1.062461 1.400536
v -3.403865 1.062749 1.400128
v -3.409122 1.134094 1.400754
v -3.450218 1.148086 1.402708
v -3.489914 1.160872 1.404591
v -3.528212 1.172452 1.406404
v -3.565108 1.182826 1.408146
v -3.600606 1.191994 1.409818
v -3.634702 1.199957 1.411420
v -3.667400 1.206713 1.412950
v -3.698697 1.212263 1.414411
v -3.728595 1.216608 1.415801
v -3.757091 1.219746 1.417120
v -3.784189 1.221678 1.418369
v -3.809885 1.222405 1.419547
v -3.822164 1.222283 1.420108
v -3.834001 1.221794 1.420646
v -3.845397 1.220938 1.421162
v -3.856354 1.219715 1.421656
v -3.866869 1.218125 1.422128
v -3.876944 1.216167 1.422578
v -3.886577 1.213843 1.423006
v -3.895770 1.211151 1.423411
v -3.904522 1.208092 1.423795
v -3.912833 1.204666 1.424156
v -3.920704 1.200873 1.424495
v -3.928135 1.196713 1.424813
v -3.935201 1.192200 1.425111
v -3.941983 1.187346 1.425395
v -3.948481 1.182152 1.425664
v -3.954695 1.176617 1.425918
v -3.960623 1.170742 1.426157
v -3.966266 1.164527 1.426381
v -3.971625 1.157972 1.426591
v -3.976700 1.151076 1.426785
v -3.981490 1.143840 1.426965
v -3.985994 1.136264 1.427130
v -3.990215 1.128347 1.427280
v -3.994151 1.120091 1.427416
v -3.997010 1.112409 1.427505
v -3.999884 1.104349 1.427593
v -4.002773 1.095911 1.427679
v -4.005676 1.087095 1.427764
v -4.008595 1.077902 1.427848
v -4.011527 1.068330 1.427930
v -4.014477 1.058381 1.428011
v -4.017441 1.048054 1.428090
v -4.020418 1.037348 1.428169
v -4.023412 1.026265 1.428246
v -4.026419 1.014804 1.428321
v -4.029443 1.002965 1.428395
v -4.032473 0.990833 1.428468
v -4.035504 0.978492 1.428540
v -4.038539 0.965943 1.428611
v -4.041573 0.953185 1.428680
v -4.044608 0.940219 1.428749
v -4.047645 0.927045 1.428817
v -4.050682 0.913661 1.428883
v -4.053720 0.900070 1.428949
v -4.056760 0.886269 1.429013
v -4.059801 0.872261 1.429076
v -4.062843 0.858043 1.429138
v -4.065889 0.843617 1.429199
v -4.068920 0.829015 1.429259
v -4.071926 0.814270 1.429317
v -4.074906 0.799381 1.429373
v -4.077863 0.784349 1.429426
v -4.080791 0.769173 1.429478
v -4.083696 0.753853 1.429528
v -4.086576 0.738391 1.429576
v -4.089430 0.722784 1.429622
v -4.092259 0.707035 1.429666
v -4.095062 0.691141 1.429708
v -4.097840 0.675104 1.429749
v -4.100593 0.658924 1.429787
v -4.103326 0.642692 1.429824
v -4.106046 0.626498 1.429861
v -4.108753 0.610344 1.429897
v -4.111446 0.594228 1.429933
v -4.114127 0.578152 1.429969
v -4.116795 0.562115 1.430004
v -4.119449 0.546116 1.430039
v -4.122089 0.530157 1.430073
v -4.124717 0.514237 1.430107
v -4.127333 0.498355 1.430141
v -4.129934 0.482513 1.430174
v -4.132521 0.466710 1.430207
v -4.135083 0.450992 1.430239
v -4.137605 0.435403 1.430270
v -4.140087 0.419945 1.430300
v -4.142529 0.404617 1.430329
v -4.144933 0.389419 1.430357
v -4.147296 0.374351 1.430383
v -4.149619 0.359413 1.430408
v -4.151902 0.344606 1.430433
v -4.154147 0.329928 1.430456
v -4.156350 0.315381 1.430478
v -4.158515 0.300964 1.430499
v -4.160640 0.286677 1.430519
v -4.162723 0.272578 1.430538
v -4.164767 0.258727 1.430556
v -4.166771 0.245124 1.430574
v -4.168736 0.231768 1.430592
v -4.170658 0.218660 1.430609
v -4.172541 0.205799 1.430626
v -4.174383 0.193185 1.430642
v -4.176185 0.180819 1.430657
v -4.177947 0.168700 1.430672
v -4.179669 0.156829 1.430687
v -4.181350 0.145205 1.430701
v -4.182992 0.133828 1.430714
v -4.184894 0.123398 1.430745
v -4.186746 0.112733 1.430772
v -4.188547 0.101832 1.430795
v -4.190298 0.090698 1.430815
v -4.191997 0.079328 1.430831
v -4.193645 0.067723 1.430844
v -4.195242 0.055884 1.430853
v -4.196789 0.043810 1.430858
v -4.198285 0.031501 1.430860
v -4.199730 0.018957 1.430858
v -4.201124 0.006178 1.430853
v -2.855984 -0.124215 1.368671
v -2.780446 -0.201627 1.364800
v -2.702047 -0.272355 1.360835
v -2.620790 -0.336398 1.356775
v -2.536672 -0.393756 1.352621
v -2.449695 -0.444429 1.348372
v -2.359857 -0.488417 1.344028
v -2.267159 -0.525719 1.339590
v -2.171601 -0.556337 1.335057
v -2.073183 -0.580270 1.330429
v -1.971907 -0.597518 1.325708
v -1.867769 -0.608081 1.320891
v -1.760774 -0.611959 1.315980
v -1.676620 -0.610406 1.312142
v -1.595386 -0.604903 1.308460
v -1.517074 -0.595449 1.304932
v -1.441685 -0.582045 1.301559
v -1.369216 -0.564691 1.298341
v -1.299671 -0.543386 1.295277
v -1.233048 -0.518131 1.292369
v -1.169347 -0.488925 1.289616
v -1.108568 -0.455768 1.287017
v -1.050711 -0.418661 1.284573
v -0.995776 -0.377604 1.282285
v -0.943762 -0.332596 1.280151
v -0.895297 -0.283973 1.278199
v -0.851008 -0.232072 1.276455
v -0.810896 -0.176891 1.274920
v -0.774958 -0.118432 1.273594
v -0.743195 -0.056693 1.272476
v -0.715608 0.008324 1.271567
v -0.692196 0.076620 1.270866
v -0.672960 0.148195 1.270374
v -0.657900 0.223050 1.270090
v -0.647015 0.301183 1.270015
v -0.640305 0.382595 1.270149
v -0.637771 0.467286 1.270491
v -0.640287 0.580981 1.271220
v -0.649031 0.691853 1.272219
v -0.663997 0.799901 1.273487
v -0.685189 0.905126 1.275025
v -0.712606 1.007527 1.276831
v -0.746250 1.107105 1.278907
v -0.786117 1.203859 1.281252
v -0.832210 1.297790 1.283867
v -0.884527 1.388897 1.286750
v -0.943069 1.477180 1.289903
v -1.007838 1.562640 1.293325
v -1.078832 1.645277 1.297017
v -1.154355 1.723139 1.300889
v -1.232712 1.794277 1.304855
v -1.313903 1.858691 1.308914
v -1.397928 1.916381 1.313066
v -1.484788 1.967346 1.317311
v -1.574481 2.011587 1.321650
v -1.667008 2.049104 1.326081
v -1.762370 2.079897 1.330606
v -1.860565 2.103966 1.335224
v -1.961595 2.121310 1.339935
v -2.065458 2.131930 1.344739
v -2.172153 2.135826 1.349637
v -2.256315 2.134287 1.353475
v -2.337568 2.128823 1.357159
v -2.415913 2.119435 1.360688
v -2.491346 2.106122 1.364064
v -2.563871 2.088886 1.367285
v -2.633488 2.067724 1.370353
v -2.700194 2.042639 1.373266
v -2.763993 2.013629 1.376025
v -2.824882 1.980694 1.378629
v -2.882861 1.943836 1.381080
v -2.937931 1.903053 1.383376
v -2.990091 1.858345 1.385518
v -3.038705 1.809997 1.387479
v -3.083130 1.758292 1.389230
v -3.123366 1.703229 1.390771
v -3.159414 1.644809 1.392102
v -3.191275 1.583032 1.393225
v -3.218946 1.517898 1.394137
v -3.242432 1.449407 1.394840
v -3.261726 1.377558 1.395334
v -3.276834 1.302352 1.395617
v -3.287756 1.223789 1.395692
v -3.294487 1.141869 1.395557
v -3.297030 1.056591 1.395212
v -3.294518 0.942016 1.394478
v -3.285779 0.830382 1.393475
v -3.270816 0.721688 1.392203
v -3.249626 0.615936 1.390663
v -3.222211 0.513124 1.388854
v -3.188569 0.413253 1.386777
v -3.148704 0.316323 1.384431
v -3.102611 0.222334 1.381816
v -3.050293 0.131285 1.378933
v -2.991749 0.043178 1.375781
v -2.926979 -0.041989 1.372360
v -2.605128 -0.015660 1.357793
v -2.651752 0.059870 1.360332
v -2.694271 0.138651 1.362702
v -2.732686 0.220683 1.364901
v -2.766995 0.305967 1.366930
v -2.797199 0.394501 1.368789
v -2.823299 0.486287 1.370478
v -2.845293 0.581324 1.371997
v -2.863182 0.679611 1.373346
v -2.876966 0.781150 1.374525
v -2.886646 0.885940 1.375534
v -2.892219 0.993981 1.376372
v -2.893682 1.105273 1.377041
v -2.891912 1.173142 1.377327
v -2.887316 1.238495 1.377470
v -2.879894 1.301331 1.377471
v -2.869649 1.361650 1.377329
v -2.856577 1.419454 1.377044
v -2.840680 1.474741 1.376616
v -2.821959 1.527511 1.376046
v -2.800410 1.577766 1.375333
v -2.776037 1.625504 1.374477
v -2.748839 1.670725 1.373478
v -2.718815 1.713430 1.372337
v -2.685967 1.753620 1.371053
v -2.650739 1.790917 1.369645
v -2.613574 1.824946 1.368130
v -2.574472 1.855707 1.366509
v -2.533434 1.883200 1.364782
v -2.490461 1.907425 1.362949
v -2.445552 1.928383 1.361010
v -2.398705 1.946072 1.358965
v -2.349922 1.960494 1.356813
v -2.299204 1.971648 1.354556
v -2.246550 1.979534 1.352192
v -2.191959 1.984152 1.349722
v -2.135432 1.985501 1.347146
v -2.051056 1.981996 1.343270
v -1.969784 1.972328 1.339504
v -1.891617 1.956498 1.335846
v -1.816554 1.934505 1.332296
v -1.744596 1.906349 1.328855
v -1.675740 1.872032 1.325523
v -1.609991 1.831551 1.322299
v -1.547346 1.784909 1.319184
v -1.487806 1.732104 1.316177
v -1.431371 1.673136 1.313279
v -1.378040 1.608006 1.310490
v -1.327813 1.536713 1.307809
v -1.281191 1.460785 1.305268
v -1.238673 1.381750 1.302897
v -1.200261 1.299607 1.300698
v -1.165951 1.214356 1.298669
v -1.135747 1.125998 1.296811
v -1.109646 1.034531 1.295123
v -1.087651 0.939957 1.293607
v -1.069758 0.842275 1.292261
v -1.055971 0.741486 1.291086
v -1.046288 0.637589 1.290082
v -1.040709 0.530584 1.289248
v -1.039234 0.420471 1.288585
v -1.040982 0.353182 1.288301
v -1.045516 0.288318 1.288158
v -1.052838 0.225879 1.288155
v -1.062945 0.165865 1.288293
v -1.075841 0.108276 1.288571
v -1.091522 0.053111 1.288989
v -1.109990 0.000372 1.289548
v -1.131245 -0.049942 1.290247
v -1.155287 -0.097832 1.291087
v -1.182114 -0.143296 1.292068
v -1.211730 -0.186336 1.293188
v -1.244132 -0.226951 1.294450
v -1.278954 -0.264699 1.295837
v -1.315827 -0.299140 1.297336
v -1.354755 -0.330274 1.298947
v -1.395737 -0.358099 1.300669
v -1.438771 -0.382618 1.302504
v -1.483859 -0.403828 1.304450
v -1.530998 -0.421731 1.306507
v -1.580193 -0.436327 1.308677
v -1.631439 -0.447615 1.310958
v -1.684738 -0.455595 1.313350
v -1.740089 -0.460268 1.315855
v -1.797494 -0.461634 1.318471
v -1.881870 -0.458148 1.322346
v -1.963142 -0.448538 1.326113
v -2.041310 -0.432806 1.329770
v -2.116373 -0.410950 1.333319
v -2.188334 -0.382970 1.336759
v -2.257189 -0.348867 1.340090
v -2.322940 -0.308641 1.343313
v -2.385586 -0.262292 1.346426
v -2.445127 -0.209819 1.349431
v -2.501565 -0.151223 1.352327
v -2.554897 -0.086503 1.355115
v 0.911547 0.417408 1.199413
v 0.970126 0.394083 1.196609
v 1.030187 0.372536 1.193748
v 1.091726 0.352766 1.190829
v 1.154748 0.334776 1.187851
v 1.219249 0.318563 1.184816
v 1.285231 0.304129 1.181722
v 1.352694 0.291473 1.178570
v 1.421636 0.280595 1.175361
v 1.492058 0.271495 1.172093
v 1.563962 0.264174 1.168767
v 1.637345 0.258631 1.165383
v 1.712211 0.254866 1.161942
v 1.713352 0.243951 1.161830
v 1.714390 0.233116 1.161724
v 1.715324 0.222359 1.161623
v 1.716154 0.211680 1.161528
v 1.716880 0.201081 1.161437
v 1.717503 0.190560 1.161352
v 1.718022 0.180117 1.161272
v 1.718437 0.169754 1.161197
v 1.718749 0.159469 1.161127
v 1.718956 0.149263 1.161062
v 1.719060 0.139135 1.161003
v 1.719060 0.129087 1.160949
v 1.718035 0.089516 1.160781
v 1.715378 0.051505 1.160697
v 1.711088 0.015052 1.160696
v 1.705166 -0.019841 1.160778
v 1.697611 -0.053176 1.160944
v 1.688423 -0.084951 1.161192
v 1.677604 -0.115168 1.161523
v 1.665152 -0.143825 1.161937
v 1.651068 -0.170924 1.162434
v 1.635350 -0.196463 1.163014
v 1.618000 -0.220443 1.163678
v 1.599019 -0.242865 1.164424
v 1.578548 -0.263597 1.165247
v 1.556733 -0.282512 1.166142
v 1.533573 -0.299608 1.167108
v 1.509068 -0.314886 1.168145
v 1.483219 -0.328345 1.169254
v 1.456026 -0.339987 1.170434
v 1.427487 -0.349810 1.171685
v 1.397605 -0.357815 1.173008
v 1.366378 -0.364001 1.174401
v 1.333805 -0.368369 1.175866
v 1.299888 -0.370919 1.177403
v 1.264627 -0.371651 1.179010
v 1.223620 -0.370484 1.180891
v 1.182467 -0.367388 1.182788
v 1.141168 -0.362361 1.184703
v 1.099723 -0.355405 1.186635
v 1.058131 -0.346520 1.188583
v 1.016395 -0.335705 1.190549
v 0.974510 -0.322960 1.192533
v 0.932479 -0.308285 1.194533
v 0.890303 -0.291681 1.196550
v 0.847980 -0.273147 1.198585
v 0.805511 -0.252684 1.200636
v 0.762895 -0.230291 1.202705
v 0.721308 -0.295774 1.204252
v 0.742929 -0.318343 1.203141
v 0.765529 -0.340175 1.201991
v 0.789108 -0.361268 1.200799
v 0.813669 -0.381624 1.199566
v 0.839210 -0.401241 1.198293
v 0.865732 -0.420121 1.196979
v 0.893233 -0.438262 1.195624
v 0.921716 -0.455665 1.194228
v 0.951179 -0.472330 1.192791
v 0.981622 -0.488257 1.191314
v 1.013045 -0.503446 1.189796
v 1.045448 -0.517897 1.188237
v 1.078325 -0.531399 1.186661
v 1.111170 -0.543741 1.185093
v 1.143980 -0.554923 1.183533
v 1.176757 -0.564944 1.181981
v 1.209502 -0.573806 1.180437
v 1.242214 -0.581507 1.178900
v 1.274893 -0.588048 1.177371
v 1.307538 -0.593429 1.175850
v 1.340151 -0.597650 1.174337
v 1.372731 -0.600711 1.172831
v 1.405277 -0.602612 1.171334
v 1.437791 -0.603352 1.169844
v 1.484218 -0.602258 1.167728
v 1.529137 -0.598512 1.165695
v 1.572546 -0.592111 1.163746
v 1.614445 -0.583058 1.161880
v 1.654834 -0.571352 1.160097
v 1.693714 -0.556992 1.158398
v 1.731086 -0.539979 1.156782
v 1.766946 -0.520313 1.155249
v 1.801297 -0.497993 1.153800
v 1.834139 -0.473021 1.152434
v 1.865471 -0.445395 1.151151
v 1.895293 -0.415116 1.149952
v 1.923162 -0.382729 1.148854
v 1.948627 -0.348779 1.147873
v 1.971694 -0.313266 1.147011
v 1.992359 -0.276191 1.146267
v 2.010624 -0.237553 1.145641
v 2.026488 -0.197351 1.145133
v 2.039952 -0.155588 1.144744
v 2.051015 -0.112261 1.144472
v 2.059678 -0.067371 1.144319
v 2.065940 -0.020919 1.144284
v 2.069802 0.027096 1.144367
v 2.071263 0.076674 1.144568
v 2.071138 0.101634 1.144709
v 2.070505 0.126465 1.144872
v 2.069363 0.151169 1.145058
v 2.067713 0.175745 1.145266
v 2.065555 0.200193 1.145497
v 2.062887 0.224514 1.145751
v 2.059712 0.248706 1.146026
v 2.056028 0.272771 1.146325
v 2.051836 0.296708 1.146646
v 2.047135 0.320517 1.146989
v 2.041926 0.344198 1.147356
v 2.036209 0.367751 1.147744
v 2.030028 0.391131 1.148153
v 2.023429 0.414291 1.148580
v 2.016413 0.437232 1.149024
v 2.008979 0.459953 1.149487
v 2.001128 0.482454 1.149968
v 1.992858 0.504737 1.150466
v 1.984171 0.526799 1.150982
v 1.975066 0.548642 1.151517
v 1.965543 0.570266 1.152069
v 1.955603 0.591670 1.152639
v 1.945243 0.612855 1.153227
v 1.934468 0.633820 1.153832
v 1.923300 0.654526 1.154455
v 1.911766 0.674935 1.155092
v 1.899865 0.695045 1.155745
v 1.887599 0.714858 1.156413
v 1.874968 0.734372 1.157095
v 1.861967 0.753589 1.157793
v 1.848603 0.772508 1.158507
v 1.834872 0.791129 1.159235
v 1.820775 0.809451 1.159978
v 1.806313 0.827476 1.160736
v 1.791484 0.845203 1.161510
v 1.776288 0.862632 1.162299
v 1.760753 0.879717 1.163101
v 1.744903 0.896413 1.163916
v 1.728738 0.912719 1.164743
v 1.712259 0.928636 1.165582
v 1.695465 0.944163 1.166433
v 1.678356 0.959301 1.167297
v 1.660934 0.974050 1.168173
v 1.643197 0.988409 1.169061
v 1.625147 1.002378 1.169962
v 1.606781 1.015958 1.170875
v 1.588100 1.029149 1.171800
v 1.569106 1.041950 1.172737
v 1.549829 1.054323 1.173685
v 1.530302 1.066228 1.174642
v 1.510525 1.077664 1.175607
v 1.490499 1.088633 1.176582
v 1.470222 1.099133 1.177565
v 1.449697 1.109166 1.178558
v 1.428921 1.118731 1.179559
v 1.407895 1.127828 1.180569
v 1.386621 1.136457 1.181588
v 1.365094 1.144618 1.182616
v 1.343320 1.152310 1.183653
v 1.321295 1.159535 1.184698
v 1.299052 1.166240 1.185751
v 1.276626 1.172372 1.186809
v 1.254012 1.177932 1.187873
v 1.231215 1.182919 1.188942
v 1.208231 1.187333 1.190016
v 1.185062 1.191175 1.191096
v 1.161709 1.194444 1.192181
v 1.138169 1.197141 1.193271
v 1.114446 1.199265 1.194367
v 1.090536 1.200817 1.195468
v 1.066442 1.201796 1.196574
v 1.042161 1.202203 1.197686
v 1.004472 1.201705 1.199406
v 0.968273 1.199831 1.201050
v 0.933565 1.196581 1.202619
v 0.900347 1.191955 1.204112
v 0.868619 1.185953 1.205530
v 0.838381 1.178576 1.206872
v 0.809633 1.169823 1.208138
v 0.782376 1.159693 1.209329
v 0.756608 1.148189 1.210445
v 0.732331 1.135308 1.211485
v 0.709544 1.121051 1.212449
v 0.688249 1.105418 1.213338
v 0.668547 1.088670 1.214148
v 0.650546 1.071066 1.214875
v 0.634249 1.052607 1.215520
v 0.619650 1.033292 1.216083
v 0.606754 1.013121 1.216563
v 0.595558 0.992095 1.216961
v 0.586064 0.970214 1.217277
v 0.578272 0.947476 1.217510
v 0.572181 0.923883 1.217661
v 0.567789 0.899435 1.217729
v 0.565101 0.874131 1.217716
v 0.564113 0.847972 1.217619
v 0.566586 0.801398 1.217254
v 0.573874 0.756769 1.216680
v 0.585977 0.714083 1.215896
v 0.602893 0.673343 1.214903
v 0.624625 0.634546 1.213700
v 0.651170 0.597693 1.212287
v 0.682530 0.562785 1.210665
v 0.718705 0.529821 1.208834
v 0.759694 0.498802 1.206793
v 0.805497 0.469726 1.204542
v 0.856114 0.442595 1.202082
v 1.466958 0.866974 1.176459
v 1.492589 0.837034 1.175126
v 1.516974 0.805340 1.173840
v 1.540112 0.771893 1.172602
v 1.562006 0.736693 1.171411
v 1.582653 0.699740 1.170268
v 1.602054 0.661033 1.169172
v 1.620209 0.620572 1.168123
v 1.637119 0.578359 1.167122
v 1.652782 0.534392 1.166169
v 1.667199 0.488671 1.165263
v 1.680370 0.441198 1.164404
v 1.692296 0.391971 1.163593
v 1.627146 0.397284 1.166599
v 1.564763 0.403809 1.169486
v 1.505145 0.411545 1.172252
v 1.448295 0.420493 1.174899
v 1.394211 0.430652 1.177425
v 1.342893 0.442023 1.179832
v 1.294342 0.454605 1.182119
v 1.248557 0.468399 1.184286
v 1.205539 0.483404 1.186333
v 1.165287 0.499621 1.188261
v 1.127803 0.517049 1.190068
v 1.093083 0.535689 1.191756
v 1.061144 0.555383 1.193322
v 1.031994 0.575977 1.194765
v 1.005636 0.597468 1.196086
v 0.982068 0.619859 1.197284
v 0.961291 0.643147 1.198360
v 0.943306 0.667335 1.199312
v 0.928112 0.692421 1.200143
v 0.915708 0.718405 1.200850
v 0.906096 0.745288 1.201435
v 0.899273 0.773070 1.201897
v 0.895242 0.801750 1.202236
v 0.894002 0.831329 1.202452
v 0.894503 0.847605 1.202518
v 0.895834 0.863277 1.202541
v 0.897994 0.878346 1.202524
v 0.900987 0.892811 1.202466
v 0.904807 0.906673 1.202366
v 0.909459 0.919931 1.202225
v 0.914941 0.932585 1.202043
v 0.921253 0.944636 1.201820
v 0.928395 0.956083 1.201555
v 0.936367 0.966927 1.201249
v 0.945169 0.977166 1.200902
v 0.954803 0.986803 1.200514
v 0.965148 0.995745 1.200090
v 0.976089 1.003901 1.199634
v 0.987623 1.011274 1.199147
v 0.999753 1.017861 1.198628
v 1.012477 1.023663 1.198078
v 1.025796 1.028680 1.197496
v 1.039711 1.032912 1.196883
v 1.054220 1.036360 1.196239
v 1.069324 1.039022 1.195563
v 1.085022 1.040900 1.194855
v 1.101316 1.041992 1.194116
v 1.118203 1.042300 1.193346
v 1.149840 1.040938 1.191893
v 1.181010 1.037167 1.190448
v 1.211712 1.030988 1.189012
v 1.241945 1.022399 1.187583
v 1.271710 1.011402 1.186164
v 1.301007 0.997996 1.184752
v 1.329837 0.982181 1.183349
v 1.358197 0.963958 1.181954
v 1.386090 0.943325 1.180568
v 1.413515 0.920284 1.179190
v 1.440471 0.894833 1.177821
v 4.887715 -0.569711 1.012354
v 5.225085 -0.590145 0.996825
v 4.939945 0.828244 1.017525
v 4.937619 0.841862 1.017705
v 4.935497 0.854541 1.017870
v 4.933579 0.866281 1.018022
v 4.931864 0.877081 1.018158
v 4.930353 0.886941 1.018281
v 4.929045 0.895863 1.018389
v 4.927940 0.903845 1.018482
v 4.927040 0.910887 1.018562
v 4.926342 0.916990 1.018626
v 4.925848 0.922154 1.018677
v 4.925558 0.926378 1.018713
v 4.925470 0.929663 1.018735
v 4.925822 0.937312 1.018760
v 4.926798 0.944618 1.018755
v 4.928396 0.951583 1.018720
v 4.930618 0.958206 1.018654
v 4.933463 0.964487 1.018558
v 4.936930 0.970426 1.018431
v 4.941021 0.976024 1.018275
v 4.945735 0.981279 1.018088
v 4.951073 0.986192 1.017870
v 4.957034 0.990764 1.017623
v 4.963618 0.994993 1.017345
v 4.970825 0.998880 1.017036
v 4.979241 1.002436 1.016671
v 4.989452 1.005670 1.016222
v 5.001459 1.008582 1.015689
v 5.015260 1.011173 1.015072
v 5.030857 1.013442 1.014371
v 5.048249 1.015389 1.013587
v 5.067436 1.017015 1.012719
v 5.088418 1.018319 1.011767
v 5.111194 1.019301 1.010731
v 5.135766 1.019962 1.009612
v 5.162133 1.020301 1.008409
v 5.190295 1.020319 1.007122
v 5.185040 1.091663 1.007748
v 5.144242 1.105653 1.009688
v 5.104819 1.118438 1.011559
v 5.066770 1.130017 1.013360
v 5.030095 1.140390 1.015092
v 4.994793 1.149558 1.016755
v 4.960865 1.157519 1.018349
v 4.928312 1.164274 1.019873
v 4.897132 1.169824 1.021328
v 4.867326 1.174168 1.022714
v 4.838893 1.177306 1.024030
v 4.811835 1.179238 1.025278
v 4.786150 1.179965 1.026455
v 4.770805 1.179721 1.027155
v 4.756017 1.178836 1.027826
v 4.741785 1.177310 1.028469
v 4.728109 1.175142 1.029082
v 4.714990 1.172333 1.029666
v 4.702427 1.168883 1.030222
v 4.690422 1.164791 1.030748
v 4.678972 1.160058 1.031246
v 4.668079 1.154683 1.031715
v 4.657743 1.148667 1.032155
v 4.647963 1.142009 1.032566
v 4.638740 1.134711 1.032948
v 4.630165 1.126836 1.033297
v 4.622328 1.118448 1.033610
v 4.615232 1.109549 1.033886
v 4.608875 1.100138 1.034126
v 4.603258 1.090214 1.034329
v 4.598380 1.079779 1.034495
v 4.594242 1.068832 1.034625
v 4.590843 1.057373 1.034719
v 4.588183 1.045402 1.034775
v 4.586263 1.032919 1.034796
v 4.585083 1.019924 1.034779
v 4.584642 1.006418 1.034727
v 4.584638 1.004528 1.034717
v 4.584648 1.002612 1.034706
v 4.584671 1.000670 1.034694
v 4.584706 0.998702 1.034682
v 4.584754 0.996707 1.034669
v 4.584815 0.994687 1.034655
v 4.584889 0.992640 1.034641
v 4.584976 0.990567 1.034626
v 4.585076 0.988469 1.034610
v 4.585189 0.986344 1.034593
v 4.585314 0.984192 1.034576
v 4.585453 0.982015 1.034558
v 4.585604 0.979812 1.034539
v 4.585769 0.977582 1.034519
v 4.585946 0.975327 1.034499
v 4.586135 0.973045 1.034478
v 4.586339 0.970737 1.034456
v 4.586554 0.968403 1.034434
v 4.586783 0.966043 1.034410
v 4.587025 0.963656 1.034387
v 4.587279 0.961244 1.034362
v 4.587546 0.958806 1.034336
v 4.587827 0.956341 1.034310
v 4.588120 0.953850 1.034283
v 4.529137 0.991013 1.037180
v 4.471152 1.024964 1.040014
v 4.414167 1.055704 1.042784
v 4.358181 1.083233 1.045492
v 4.303194 1.107551 1.048136
v 4.249205 1.128658 1.050718
v 4.196215 1.146553 1.053236
v 4.144225 1.161238 1.055692
v 4.093233 1.172711 1.058084
v 4.043241 1.180974 1.060414
v 3.994247 1.186025 1.062680
v 3.946251 1.187865 1.064884
v 3.895153 1.186266 1.067210
v 3.847473 1.180950 1.069361
v 3.803211 1.171915 1.071335
v 3.762366 1.159161 1.073133
v 3.724940 1.142689 1.074754
v 3.690931 1.122499 1.076199
v 3.660341 1.098591 1.077468
v 3.633169 1.070964 1.078560
v 3.609415 1.039619 1.079477
v 3.589078 1.004555 1.080217
v 3.572161 0.965774 1.080780
v 3.558661 0.923274 1.081167
v 3.495346 0.966153 1.084293
v 3.433053 1.005326 1.087352
v 3.371782 1.040792 1.090343
v 3.311534 1.072552 1.093269
v 3.252308 1.100605 1.096127
v 3.194105 1.124952 1.098919
v 3.136925 1.145592 1.101644
v 3.080766 1.162526 1.104302
v 3.025630 1.175754 1.106893
v 2.971517 1.185274 1.109418
v 2.918425 1.191089 1.111876
v 2.866356 1.193197 1.114267
v 2.834188 1.192632 1.115734
v 2.803301 1.190614 1.117135
v 2.773695 1.187144 1.118469
v 2.745371 1.182220 1.119737
v 2.718328 1.175844 1.120938
v 2.692567 1.168014 1.122073
v 2.668087 1.158731 1.123142
v 2.644889 1.147996 1.124144
v 2.622972 1.135807 1.125080
v 2.602336 1.122165 1.125949
v 2.582983 1.107070 1.126752
v 2.564910 1.090523 1.127489
v 2.548198 1.072704 1.128156
v 2.532925 1.053796 1.128752
v 2.519092 1.033800 1.129276
v 2.506698 1.012715 1.129728
v 2.495744 0.990540 1.130109
v 2.486230 0.967277 1.130418
v 2.478155 0.942925 1.130656
v 2.471520 0.917484 1.130821
v 2.466325 0.890955 1.130915
v 2.462569 0.863336 1.130938
v 2.460252 0.834629 1.130888
v 2.459377 0.804832 1.130767
v 2.459441 0.789583 1.130682
v 2.459793 0.774489 1.130584
v 2.460432 0.759549 1.130474
v 2.461358 0.744765 1.130352
v 2.462571 0.730136 1.130217
v 2.464072 0.715661 1.130071
v 2.465859 0.701342 1.129911
v 2.467934 0.687177 1.129740
v 2.470296 0.673168 1.129556
v 2.472945 0.659313 1.129360
v 2.475882 0.645614 1.129152
v 2.479106 0.632069 1.128932
v 2.667600 -0.260340 1.115492
v 2.668195 -0.263757 1.115447
v 2.668764 -0.267123 1.115402
v 2.669307 -0.270436 1.115360
v 2.669824 -0.273697 1.115318
v 2.670315 -0.276905 1.115279
v 2.670780 -0.280062 1.115240
v 2.671220 -0.283166 1.115203
v 2.671634 -0.286218 1.115168
v 2.672022 -0.289217 1.115134
v 2.672384 -0.292165 1.115102
v 2.672721 -0.295060 1.115071
v 2.673031 -0.297902 1.115041
v 2.673316 -0.300693 1.115013
v 2.673575 -0.303431 1.114986
v 2.673809 -0.306117 1.114961
v 2.674017 -0.308751 1.114937
v 2.674199 -0.311332 1.114915
v 2.674355 -0.313862 1.114894
v 2.674485 -0.316339 1.114875
v 2.674590 -0.318763 1.114857
v 2.674669 -0.321136 1.114841
v 2.674722 -0.323456 1.114825
v 2.674749 -0.325724 1.114812
v 2.674750 -0.327940 1.114800
v 2.674258 -0.340091 1.114757
v 2.672910 -0.351521 1.114757
v 2.670706 -0.362230 1.114799
v 2.667647 -0.372218 1.114885
v 2.663732 -0.381485 1.115014
v 2.658962 -0.390031 1.115186
v 2.653336 -0.397855 1.115401
v 2.646853 -0.404959 1.115659
v 2.639517 -0.411342 1.115959
v 2.631324 -0.417003 1.116303
v 2.622276 -0.421944 1.116690
v 2.612371 -0.426163 1.117120
v 2.601442 -0.429857 1.117599
v 2.589316 -0.433218 1.118135
v 2.575994 -0.436248 1.118728
v 2.561476 -0.438945 1.119377
v 2.545762 -0.441312 1.120082
v 2.528852 -0.443346 1.120844
v 2.510746 -0.445049 1.121662
v 2.491443 -0.446420 1.122537
v 2.470944 -0.447459 1.123468
v 2.449249 -0.448166 1.124456
v 2.426358 -0.448542 1.125500
v 2.402271 -0.448586 1.126601
v 2.407517 -0.521807 1.125965
v 2.445261 -0.534584 1.124171
v 2.481761 -0.546259 1.122440
v 2.517016 -0.556834 1.120771
v 2.551027 -0.566308 1.119166
v 2.583793 -0.574680 1.117623
v 2.615316 -0.581952 1.116143
v 2.645594 -0.588123 1.114726
v 2.674629 -0.593193 1.113372
v 2.702418 -0.597162 1.112080
v 2.728964 -0.600030 1.110851
v 2.754265 -0.601797 1.109685
v 2.778322 -0.602463 1.108582
v 2.796409 -0.602181 1.107757
v 2.813796 -0.601153 1.106968
v 2.830483 -0.599378 1.106215
v 2.846471 -0.596857 1.105498
v 2.861761 -0.593589 1.104817
v 2.876351 -0.589575 1.104172
v 2.890242 -0.584815 1.103563
v 2.903433 -0.579308 1.102990
v 2.915926 -0.573055 1.102453
v 2.927719 -0.566056 1.101951
v 2.938813 -0.558310 1.101486
v 2.949208 -0.549818 1.101057
v 2.958838 -0.540540 1.100667
v 2.967640 -0.530437 1.100319
v 2.975613 -0.519509 1.100014
v 2.982756 -0.507756 1.099751
v 2.989071 -0.495177 1.099531
v 2.994556 -0.481774 1.099352
v 2.999213 -0.467545 1.099216
v 3.003041 -0.452491 1.099123
v 3.006039 -0.436611 1.099072
v 3.008208 -0.419907 1.099063
v 3.009550 -0.402377 1.099096
v 3.010061 -0.384022 1.099172
v 3.010058 -0.379597 1.099196
v 3.010003 -0.375081 1.099223
v 3.009897 -0.370473 1.099253
v 3.009739 -0.365774 1.099286
v 3.009530 -0.360983 1.099321
v 3.009268 -0.356101 1.099359
v 3.008955 -0.351127 1.099401
v 3.008592 -0.346062 1.099445
v 3.008175 -0.340905 1.099491
v 3.007708 -0.335657 1.099541
v 3.007188 -0.330317 1.099594
v 3.006617 -0.324886 1.099649
v 3.005995 -0.319363 1.099708
v 3.005321 -0.313749 1.099769
v 3.004595 -0.308044 1.099833
v 3.003818 -0.302246 1.099900
v 3.002989 -0.296358 1.099969
v 3.002109 -0.290378 1.100042
v 3.001176 -0.284306 1.100117
v 3.000193 -0.278143 1.100196
v 2.999157 -0.271888 1.100277
v 2.998071 -0.265542 1.100361
v 2.996932 -0.259105 1.100448
v 2.995742 -0.252576 1.100537
v 2.821839 0.560936 1.112883
v 2.819213 0.574321 1.113075
v 2.816821 0.587549 1.113256
v 2.814662 0.600619 1.113426
v 2.812737 0.613531 1.113583
v 2.811045 0.626286 1.113730
v 2.809587 0.638884 1.113864
v 2.808362 0.651323 1.113988
v 2.807371 0.663606 1.114099
v 2.806614 0.675730 1.114200
v 2.806090 0.687697 1.114288
v 2.805799 0.699507 1.114365
v 2.805742 0.711159 1.114431
v 2.806255 0.731078 1.114515
v 2.807584 0.750172 1.114558
v 2.809730 0.768440 1.114558
v 2.812690 0.785884 1.114517
v 2.816467 0.802502 1.114435
v 2.821060 0.818295 1.114310
v 2.826469 0.833264 1.114144
v 2.832695 0.847406 1.113936
v 2.839736 0.860724 1.113686
v 2.847593 0.873217 1.113394
v 2.856266 0.884885 1.113061
v 2.865755 0.895727 1.112686
v 2.876190 0.905718 1.112263
v 2.887702 0.914830 1.111786
v 2.900289 0.923063 1.111256
v 2.913952 0.930418 1.110671
v 2.928692 0.936895 1.110032
v 2.944507 0.942493 1.109340
v 2.961400 0.947212 1.108593
v 2.979367 0.951053 1.107793
v 2.998411 0.954015 1.106938
v 3.018531 0.956099 1.106030
v 3.039727 0.957304 1.105068
v 3.061999 0.957631 1.104052
v 3.100011 0.956323 1.102308
v 3.138427 0.952771 1.100533
v 3.177248 0.946975 1.098727
v 3.216475 0.938935 1.096891
v 3.256106 0.928651 1.095024
v 3.296142 0.916124 1.093126
v 3.336584 0.901353 1.091198
v 3.377431 0.884339 1.089239
v 3.418682 0.865080 1.087250
v 3.460339 0.843578 1.085230
v 3.502400 0.819832 1.083179
v 3.544867 0.793842 1.081098
v 3.545199 0.780065 1.081008
v 3.545714 0.766260 1.080910
v 3.546411 0.752428 1.080804
v 3.547289 0.738569 1.080688
v 3.548350 0.724684 1.080565
v 3.549593 0.710771 1.080433
v 3.551019 0.696831 1.080292
v 3.552626 0.682865 1.080143
v 3.554415 0.668871 1.079986
v 3.556386 0.654851 1.079820
v 3.558540 0.640803 1.079646
v 3.560876 0.626728 1.079463
v 3.798446 -0.564333 1.062166
v 4.135817 -0.584767 1.046637
v 3.907358 0.555577 1.063243
v 3.904433 0.568963 1.063449
v 3.901767 0.582192 1.063642
v 3.899361 0.595263 1.063823
v 3.897214 0.608177 1.063991
v 3.895328 0.620933 1.064146
v 3.893700 0.633531 1.064289
v 3.892333 0.645971 1.064418
v 3.891224 0.658254 1.064535
v 3.890376 0.670379 1.064640
v 3.889787 0.682347 1.064731
v 3.889457 0.694157 1.064810
v 3.889387 0.705809 1.064877
v 3.889880 0.725728 1.064962
v 3.891150 0.744822 1.065007
v 3.893198 0.763091 1.065012
v 3.896022 0.780535 1.064977
v 3.899624 0.797154 1.064902
v 3.904002 0.812949 1.064788
v 3.909157 0.827918 1.064633
v 3.915090 0.842063 1.064438
v 3.921798 0.855382 1.064204
v 3.929285 0.867877 1.063929
v 3.937547 0.879546 1.063615
v 3.946588 0.890391 1.063260
v 3.956586 0.900384 1.062857
v 3.967727 0.909498 1.062397
v 3.980008 0.917733 1.061881
v 3.993431 0.925089 1.061307
v 4.007994 0.931566 1.060676
v 4.023699 0.937164 1.059989
v 4.040545 0.941884 1.059244
v 4.058532 0.945725 1.058443
v 4.077661 0.948687 1.057585
v 4.097931 0.950770 1.056670
v 4.119342 0.951974 1.055698
v 4.141894 0.952300 1.054669
v 4.178708 0.951049 1.052980
v 4.216032 0.947659 1.051255
v 4.253865 0.942128 1.049496
v 4.292207 0.934458 1.047703
v 4.331060 0.924647 1.045874
v 4.370423 0.912697 1.044010
v 4.410295 0.898607 1.042112
v 4.450676 0.882376 1.040179
v 4.491568 0.864006 1.038210
v 4.532969 0.843496 1.036207
v 4.574881 0.820845 1.034169
v 4.617301 0.796055 1.032097
v 5.605455 1.177796 0.988999
v 5.584754 1.162884 0.989865
v 5.588818 1.148097 0.989599
v 5.593034 1.132554 0.989322
v 5.597403 1.116254 0.989034
v 5.601923 1.099197 0.988736
v 5.606596 1.081383 0.988426
v 5.611422 1.062813 0.988105
v 5.616399 1.043486 0.987773
v 5.621530 1.023402 0.987430
v 5.626812 1.002562 0.987076
v 5.632247 0.980965 0.986711
v 5.637834 0.958612 0.986334
v 5.643574 0.935502 0.985947
v 5.649794 0.909756 0.985524
v 5.656825 0.879497 0.985039
v 5.664665 0.844725 0.984492
v 5.673316 0.805439 0.983885
v 5.682775 0.761639 0.983216
v 5.693045 0.713326 0.982485
v 5.704125 0.660499 0.981693
v 5.716015 0.603159 0.980840
v 5.728715 0.541306 0.979925
v 5.742225 0.474938 0.978949
v 5.756545 0.404058 0.977911
v 5.771675 0.328664 0.976812
v 5.886758 -0.257465 0.968383
v 5.887924 -0.263714 0.968296
v 5.888986 -0.269936 0.968214
v 5.889943 -0.276132 0.968137
v 5.890797 -0.282301 0.968065
v 5.891546 -0.288443 0.967997
v 5.892191 -0.294559 0.967935
v 5.892733 -0.300648 0.967877
v 5.893170 -0.306711 0.967824
v 5.893504 -0.312747 0.967776
v 5.893733 -0.318756 0.967733
v 5.893858 -0.324739 0.967695
v 5.893879 -0.330695 0.967662
v 5.893402 -0.343785 0.967613
v 5.892107 -0.356154 0.967605
v 5.889997 -0.367802 0.967639
v 5.887069 -0.378729 0.967714
v 5.883325 -0.388935 0.967830
v 5.878764 -0.398420 0.967987
v 5.873388 -0.407184 0.968185
v 5.867194 -0.415228 0.968425
v 5.860184 -0.422551 0.968705
v 5.852357 -0.429153 0.969028
v 5.843714 -0.435034 0.969391
v 5.834255 -0.440194 0.969795
v 5.823730 -0.444762 0.970251
v 5.811893 -0.448868 0.970770
v 5.798744 -0.452511 0.971352
v 5.784282 -0.455691 0.971995
v 5.768508 -0.458409 0.972701
v 5.751420 -0.460664 0.973470
v 5.733020 -0.462456 0.974301
v 5.713308 -0.463786 0.975195
v 5.692283 -0.464653 0.976151
v 5.669945 -0.465058 0.977170
v 5.646295 -0.465000 0.978251
v 5.621332 -0.464479 0.979395
v 5.626578 -0.537700 0.978759
v 5.666248 -0.550486 0.976877
v 5.704154 -0.562169 0.975082
v 5.740294 -0.572748 0.973373
v 5.774670 -0.582223 0.971750
v 5.807280 -0.590595 0.970215
v 5.838126 -0.597864 0.968766
v 5.867207 -0.604029 0.967403
v 5.894522 -0.609090 0.966128
v 5.920073 -0.613048 0.964939
v 5.943859 -0.615902 0.963836
v 5.965879 -0.617653 0.962820
v 5.986135 -0.618301 0.961891
v 6.003654 -0.617944 0.961092
v 6.020594 -0.616698 0.960325
v 6.036951 -0.614563 0.959589
v 6.052728 -0.611539 0.958884
v 6.067923 -0.607626 0.958211
v 6.082536 -0.602824 0.957569
v 6.096568 -0.597133 0.956958
v 6.110020 -0.590552 0.956379
v 6.122890 -0.583082 0.955831
v 6.135178 -0.574723 0.955315
v 6.146885 -0.565475 0.954830
v 6.158011 -0.555338 0.954376
v 6.168399 -0.544350 0.953961
v 6.177893 -0.532550 0.953591
v 6.186493 -0.519937 0.953266
v 6.194199 -0.506512 0.952986
v 6.201010 -0.492274 0.952752
v 6.206927 -0.477224 0.952563
v 6.211950 -0.461361 0.952419
v 6.216079 -0.444685 0.952320
v 6.219314 -0.427198 0.952267
v 6.221654 -0.408897 0.952259
v 6.223101 -0.389785 0.952296
v 6.223653 -0.369859 0.952379
v 6.223657 -0.366575 0.952396
v 6.223637 -0.362978 0.952417
v 6.223592 -0.359068 0.952440
v 6.223523 -0.354844 0.952466
v 6.223429 -0.350308 0.952495
v 6.223311 -0.345459 0.952526
v 6.223168 -0.340298 0.952561
v 6.223001 -0.334823 0.952598
v 6.222810 -0.329035 0.952638
v 6.222594 -0.322934 0.952681
v 6.222354 -0.316521 0.952727
v 6.222089 -0.309794 0.952775
v 6.252820 -0.336853 0.951224
v 6.282801 -0.362670 0.949714
v 6.312034 -0.387246 0.948246
v 6.340517 -0.410579 0.946818
v 6.368253 -0.432671 0.945431
v 6.395239 -0.453520 0.944085
v 6.421476 -0.473128 0.942779
v 6.446966 -0.491494 0.941515
v 6.471706 -0.508618 0.940292
v 6.495697 -0.524500 0.939110
v 6.518940 -0.539141 0.937968
v 6.541435 -0.552539 0.936868
v 6.563011 -0.564786 0.935815
v 6.583498 -0.575972 0.934819
v 6.602898 -0.586097 0.933877
v 6.621209 -0.595161 0.932991
v 6.638432 -0.603164 0.932161
v 6.654567 -0.610106 0.931386
v 6.669613 -0.615986 0.930667
v 6.683571 -0.620806 0.930003
v 6.696442 -0.624564 0.929394
v 6.708224 -0.627262 0.928841
v 6.718918 -0.628898 0.928343
v 6.728524 -0.629473 0.927901
v 6.767823 -0.628384 0.926111
v 6.805730 -0.624719 0.924398
v 6.842245 -0.618481 0.922763
v 6.877366 -0.609668 0.921206
v 6.911094 -0.598280 0.919726
v 6.943430 -0.584318 0.918324
v 6.974372 -0.567782 0.916999
v 7.003922 -0.548671 0.915752
v 7.032079 -0.526986 0.914582
v 7.058844 -0.502726 0.913490
v 7.084215 -0.475892 0.912476
v 7.108193 -0.446483 0.911539
v 7.130515 -0.415164 0.910688
v 7.150916 -0.382596 0.909931
v 7.169397 -0.348781 0.909270
v 7.185957 -0.313719 0.908702
v 7.200597 -0.277409 0.908230
v 7.213317 -0.239851 0.907851
v 7.224116 -0.201045 0.907568
v 7.232994 -0.160992 0.907378
v 7.239952 -0.119691 0.907284
v 7.244989 -0.077143 0.907283
v 7.248107 -0.033347 0.907378
v 7.249304 0.011697 0.907567
v 7.247676 0.092270 0.908077
v 7.241950 0.170713 0.908762
v 7.232124 0.247026 0.909624
v 7.218199 0.321209 0.910661
v 7.200174 0.393261 0.911875
v 7.178051 0.463184 0.913264
v 7.151828 0.530976 0.914829
v 7.121507 0.596637 0.916570
v 7.087085 0.660168 0.918486
v 7.048564 0.721570 0.920579
v 7.005944 0.780840 0.922847
v 6.959225 0.837981 0.925291
v 6.909363 0.891736 0.927860
v 6.857316 0.940848 0.930505
v 6.803084 0.985318 0.933224
v 6.746667 1.025146 0.936017
v 6.688064 1.060332 0.938886
v 6.627275 1.090876 0.941829
v 6.564302 1.116778 0.944847
v 6.499144 1.138038 0.947940
v 6.431800 1.154655 0.951108
v 6.362270 1.166631 0.954350
v 6.290555 1.173964 0.957667
v 6.216655 1.176656 0.961059
v 6.187554 1.176317 0.962388
v 6.157745 1.175018 0.963743
v 6.127227 1.172757 0.965126
v 6.096002 1.169536 0.966535
v 6.064069 1.165353 0.967972
v 6.031427 1.160210 0.969436
v 5.998077 1.154105 0.970927
v 5.964020 1.147040 0.972445
v 5.929254 1.139014 0.973991
v 5.893781 1.130027 0.975564
v 5.857599 1.120078 0.977163
v 5.820710 1.109169 0.978790
v 5.805196 1.112869 0.979519
v 5.789241 1.116936 0.980271
v 5.772847 1.121370 0.981044
v 5.756011 1.126171 0.981839
v 5.738734 1.131339 0.982657
v 5.721016 1.136875 0.983496
v 5.702858 1.142777 0.984358
v 5.684259 1.149047 0.985242
v 5.665219 1.155684 0.986148
v 5.645739 1.162688 0.987076
v 5.625817 1.170058 0.988027
v 6.196657 -0.152018 0.954790
v 5.975513 0.952630 0.970869
v 5.998350 0.965108 0.969893
v 6.021102 0.976491 0.968915
v 6.043772 0.986780 0.967934
v 6.066357 0.995974 0.966952
v 6.088858 1.004074 0.965967
v 6.111276 1.011080 0.964980
v 6.133609 1.016990 0.963992
v 6.155859 1.021807 0.963001
v 6.178025 1.025530 0.962008
v 6.200108 1.028158 0.961013
v 6.222106 1.029691 0.960016
v 6.244020 1.030130 0.959017
v 6.289357 1.027899 0.956933
v 6.333501 1.021660 0.954881
v 6.376452 1.011412 0.952863
v 6.418212 0.997156 0.950877
v 6.458778 0.978892 0.948925
v 6.498153 0.956619 0.947005
v 6.536334 0.930338 0.945118
v 6.573323 0.900048 0.943263
v 6.609119 0.865750 0.941442
v 6.643723 0.827444 0.939653
v 6.677135 0.785129 0.937898
v 6.709354 0.738806 0.936175
v 6.739647 0.690068 0.934527
v 6.767279 0.640510 0.932996
v 6.792251 0.590130 0.931582
v 6.814563 0.538929 0.930286
v 6.834214 0.486907 0.929106
v 6.851205 0.434065 0.928044
v 6.865536 0.380401 0.927099
v 6.877206 0.325916 0.926271
v 6.886216 0.270611 0.925560
v 6.892566 0.214484 0.924967
v 6.896255 0.157536 0.924490
v 6.897285 0.099768 0.924131
v 6.896599 0.066731 0.923984
v 6.894890 0.034561 0.923888
v 6.892157 0.003255 0.923844
v 6.888399 -0.027185 0.923851
v 6.883617 -0.056760 0.923909
v 6.877812 -0.085470 0.924019
v 6.870982 -0.113315 0.924181
v 6.863128 -0.140294 0.924394
v 6.854250 -0.166408 0.924659
v 6.844348 -0.191657 0.924975
v 6.833422 -0.216040 0.925342
v 6.821472 -0.239558 0.925761
v 6.808591 -0.261678 0.926230
v 6.794875 -0.281864 0.926748
v 6.780321 -0.300117 0.927315
v 6.764932 -0.316436 0.927930
v 6.748707 -0.330823 0.928593
v 6.731645 -0.343277 0.929306
v 6.713747 -0.353798 0.930067
v 6.695012 -0.362386 0.930877
v 6.675441 -0.369040 0.931735
v 6.655034 -0.373762 0.932642
v 6.633791 -0.376550 0.933598
v 6.611712 -0.377406 0.934603
v 6.604096 -0.377016 0.934953
v 6.595626 -0.375919 0.935346
v 6.586300 -0.374113 0.935782
v 6.576118 -0.371600 0.936261
v 6.565082 -0.368378 0.936783
v 6.553189 -0.364448 0.937347
v 6.540441 -0.359811 0.937955
v 6.526836 -0.354465 0.938606
v 6.512376 -0.348412 0.939299
v 6.497061 -0.341650 0.940036
v 6.480890 -0.334180 0.940815
v 6.463863 -0.326002 0.941638
v 6.446007 -0.316973 0.942503
v 6.427349 -0.306950 0.943409
v 6.407889 -0.295932 0.944358
v 6.387628 -0.283919 0.945349
v 6.366564 -0.270912 0.946382
v 6.344697 -0.256911 0.947457
v 6.322029 -0.241915 0.948574
v 6.298559 -0.225924 0.949734
v 6.274287 -0.208940 0.950935
v 6.249212 -0.190960 0.952178
v 6.223335 -0.171986 0.953463
v 7.422637 1.987108 0.910324
v 7.636979 1.379844 0.897245
v 7.713789 1.368205 0.893672
v 7.761357 1.865321 0.894185
v 7.791060 1.873867 0.892874
v 7.821333 1.881655 0.891533
v 7.852175 1.888684 0.890161
v 7.883585 1.894954 0.888759
v 7.915565 1.900466 0.887328
v 7.948112 1.905219 0.885866
v 7.981230 1.909213 0.884374
v 8.014916 1.912448 0.882852
v 8.049171 1.914925 0.881300
v 8.083996 1.916642 0.879717
v 8.119389 1.917602 0.878105
v 8.155351 1.917803 0.876463
v 8.243946 1.914485 0.872396
v 8.329753 1.905421 0.868425
v 8.412769 1.890609 0.864551
v 8.492996 1.870050 0.860773
v 8.570433 1.843745 0.857092
v 8.645079 1.811692 0.853507
v 8.716935 1.773893 0.850019
v 8.786002 1.730346 0.846627
v 8.852279 1.681053 0.843331
v 8.915765 1.626013 0.840132
v 8.976461 1.565225 0.837029
v 9.034369 1.498691 0.834023
v 9.088505 1.428122 0.831168
v 9.137890 1.355230 0.828516
v 9.182524 1.280016 0.826070
v 9.222405 1.202480 0.823828
v 9.257537 1.122620 0.821791
v 9.287917 1.040439 0.819958
v 9.313545 0.955935 0.818330
v 9.334423 0.869108 0.816906
v 9.350549 0.779959 0.815687
v 9.361924 0.688487 0.814673
v 9.368547 0.594692 0.813863
v 9.370420 0.498576 0.813258
v 9.368423 0.427065 0.812963
v 9.363181 0.357669 0.812827
v 9.354695 0.290387 0.812851
v 9.342966 0.225220 0.813035
v 9.327992 0.162167 0.813378
v 9.309774 0.101229 0.813881
v 9.288313 0.042405 0.814544
v 9.263607 -0.014305 0.815367
v 9.235658 -0.068901 0.816349
v 9.204464 -0.121382 0.817491
v 9.170026 -0.171748 0.818793
v 9.132344 -0.220000 0.820254
v 9.092022 -0.265216 0.821852
v 9.049663 -0.306472 0.823565
v 9.005267 -0.343770 0.825392
v 8.958836 -0.377108 0.827334
v 8.910366 -0.406486 0.829391
v 8.859861 -0.431906 0.831561
v 8.807319 -0.453367 0.833847
v 8.752740 -0.470868 0.836246
v 8.696125 -0.484411 0.838761
v 8.637472 -0.493994 0.841390
v 8.576784 -0.499618 0.844133
v 8.514058 -0.501283 0.846991
v 8.491796 -0.500951 0.848010
v 8.469379 -0.500176 0.849038
v 8.446810 -0.498957 0.850077
v 8.424086 -0.497293 0.851124
v 8.401207 -0.495186 0.852181
v 8.378176 -0.492635 0.853247
v 8.354989 -0.489641 0.854323
v 8.331650 -0.486202 0.855409
v 8.308156 -0.482319 0.856503
v 8.284508 -0.477993 0.857607
v 8.260706 -0.473222 0.858721
v 8.236751 -0.468008 0.859844
v 8.143776 0.042940 0.866856
v 8.140479 0.058772 0.867092
v 8.137298 0.074330 0.867321
v 8.134233 0.089614 0.867544
v 8.131283 0.104623 0.867760
v 8.128449 0.119358 0.867969
v 8.125731 0.133819 0.868172
v 8.123130 0.148006 0.868367
v 8.120643 0.161918 0.868556
v 8.118273 0.175556 0.868738
v 8.116017 0.188920 0.868913
v 8.113878 0.202009 0.869082
v 8.111855 0.214824 0.869244
v 8.109882 0.227418 0.869402
v 8.107896 0.239842 0.869560
v 8.105896 0.252096 0.869718
v 8.103882 0.264182 0.869875
v 8.101853 0.276098 0.870032
v 8.099812 0.287844 0.870189
v 8.097755 0.299421 0.870345
v 8.095686 0.310829 0.870502
v 8.093602 0.322068 0.870658
v 8.091505 0.333137 0.870813
v 8.089394 0.344037 0.870969
v 8.087268 0.354767 0.871124
v 8.087542 0.362377 0.871153
v 8.088283 0.369568 0.871158
v 8.089489 0.376339 0.871139
v 8.091163 0.382691 0.871097
v 8.093303 0.388624 0.871031
v 8.095909 0.394137 0.870942
v 8.098982 0.399231 0.870829
v 8.102521 0.403906 0.870693
v 8.106527 0.408161 0.870532
v 8.111000 0.411997 0.870349
v 8.115939 0.415413 0.870142
v 8.121346 0.418410 0.869911
v 8.348577 0.490483 0.859915
v 8.337745 0.571239 0.860847
v 8.296415 0.570244 0.862730
v 8.255554 0.569351 0.864593
v 8.215162 0.568560 0.866435
v 8.175240 0.567870 0.868256
v 8.135786 0.567283 0.870055
v 8.096802 0.566798 0.871835
v 8.058288 0.566415 0.873593
v 8.020242 0.566133 0.875330
v 7.982666 0.565954 0.877046
v 7.945558 0.565877 0.878742
v 7.908920 0.565901 0.880416
v 7.872752 0.566027 0.882070
v 7.835399 0.566264 0.883779
v 7.798333 0.566603 0.885474
v 7.761554 0.567046 0.887158
v 7.725062 0.567591 0.888828
v 7.688857 0.568239 0.890487
v 7.652939 0.568989 0.892132
v 7.617308 0.569843 0.893765
v 7.581964 0.570800 0.895386
v 7.546906 0.571859 0.896994
v 7.512136 0.573021 0.898589
v 7.477654 0.574286 0.900172
v 7.443458 0.575654 0.901742
v 7.450539 0.494917 0.900982
v 7.656448 0.431966 0.891231
v 7.664599 0.429528 0.890845
v 7.672201 0.426675 0.890482
v 7.679254 0.423408 0.890142
v 7.685758 0.419726 0.889825
v 7.691713 0.415630 0.889531
v 7.697119 0.411120 0.889260
v 7.701976 0.406196 0.889011
v 7.706284 0.400857 0.888785
v 7.710043 0.395104 0.888582
v 7.713253 0.388936 0.888402
v 7.715914 0.382354 0.888245
v 7.718026 0.375358 0.888111
v 7.720468 0.362814 0.887931
v 7.722922 0.350232 0.887751
v 7.725389 0.337610 0.887570
v 7.727869 0.324949 0.887388
v 7.730362 0.312249 0.887206
v 7.732867 0.299509 0.887022
v 7.735386 0.286731 0.886838
v 7.737917 0.273913 0.886653
v 7.740460 0.261056 0.886467
v 7.743018 0.248160 0.886281
v 7.745587 0.235225 0.886093
v 7.748169 0.222250 0.885905
v 7.750777 0.209159 0.885715
v 7.753423 0.195871 0.885523
v 7.756107 0.182388 0.885327
v 7.758829 0.168709 0.885129
v 7.761589 0.154834 0.884928
v 7.764387 0.140764 0.884724
v 7.767223 0.126498 0.884517
v 7.770097 0.112037 0.884307
v 7.773009 0.097379 0.884095
v 7.775960 0.082526 0.883880
v 7.778948 0.067478 0.883662
v 7.781975 0.052233 0.883441
v 7.893261 -0.543261 0.875136
v 7.906317 -0.556463 0.874468
v 7.964528 -0.571738 0.871725
v 8.022459 -0.585709 0.869002
v 8.080111 -0.598376 0.866298
v 8.137483 -0.609737 0.863615
v 8.194575 -0.619794 0.860951
v 8.251388 -0.628546 0.858307
v 8.307920 -0.635994 0.855683
v 8.364174 -0.642137 0.853079
v 8.420147 -0.646975 0.850495
v 8.475842 -0.650508 0.847930
v 8.531256 -0.652736 0.845386
v 8.586390 -0.653660 0.842861
v 8.676313 -0.652097 0.838760
v 8.762977 -0.646504 0.834829
v 8.846379 -0.636880 0.831069
v 8.926522 -0.623225 0.827480
v 9.003406 -0.605541 0.824062
v 9.077028 -0.583826 0.820815
v 9.147390 -0.558081 0.817738
v 9.214493 -0.528305 0.814833
v 9.278336 -0.494499 0.812098
v 9.338917 -0.456663 0.809533
v 9.396239 -0.414796 0.807140
v 9.450301 -0.368899 0.804917
v 9.500566 -0.319373 0.802888
v 9.546500 -0.266619 0.801074
v 9.588102 -0.210638 0.799475
v 9.625372 -0.151429 0.798092
v 9.658310 -0.088993 0.796924
v 9.686915 -0.023329 0.795972
v 9.711189 0.045563 0.795235
v 9.731132 0.117682 0.794713
v 9.746741 0.193029 0.794407
v 9.758019 0.271603 0.794316
v 9.764966 0.353405 0.794441
v 9.767580 0.438434 0.794781
v 9.764914 0.557298 0.795546
v 9.755667 0.672415 0.796591
v 9.739838 0.783784 0.797916
v 9.717427 0.891407 0.799522
v 9.688436 0.995282 0.801409
v 9.652863 1.095410 0.803576
v 9.610708 1.191791 0.806024
v 9.561972 1.284425 0.808752
v 9.506655 1.373312 0.811761
v 9.444756 1.458451 0.815050
v 9.376276 1.539843 0.818620
v 9.301214 1.617488 0.822470
v 9.220919 1.690129 0.826532
v 9.136737 1.756506 0.830739
v 9.048669 1.816620 0.835088
v 8.956715 1.870472 0.839582
v 8.860874 1.918061 0.844220
v 8.761147 1.959387 0.849001
v 8.657534 1.994449 0.853926
v 8.550035 2.023249 0.858995
v 8.438648 2.045786 0.864207
v 8.323377 2.062061 0.869563
v 8.204218 2.072072 0.875063
v 8.081173 2.075820 0.880707
v 8.028545 2.075546 0.883111
v 7.975652 2.074203 0.885521
v 7.922492 2.071794 0.887937
v 7.869066 2.068317 0.890360
v 7.815375 2.063773 0.892790
v 7.761417 2.058161 0.895225
v 7.707194 2.051482 0.897667
v 7.652705 2.043736 0.900116
v 7.597950 2.034922 0.902570
v 7.542928 2.025041 0.905032
v 7.487641 2.014092 0.907499
v 7.432088 2.002076 0.909973
v 7.422637 1.987108 0.910324
v 7.351375 1.995538 -0.648921
v 7.636979 1.379844 0.897245
v 7.565718 1.388274 -0.662001
v 7.713789 1.368205 0.893672
v 7.642527 1.376634 -0.665574
v 7.761357 1.865321 0.894185
v 7.690095 1.873750 -0.665060
v 7.791060 1.873867 0.892874
v 7.719799 1.882297 -0.666372
v 7.821333 1.881655 0.891533
v 7.750071 1.890085 -0.667713
v 7.852175 1.888684 0.890161
v 7.780912 1.897113 -0.669085
v 7.883585 1.894954 0.888759
v 7.812323 1.903384 -0.670486
v 7.915565 1.900466 0.887328
v 7.844302 1.908895 -0.671918
v 7.948112 1.905219 0.885866
v 7.876851 1.913648 -0.673380
v 7.981230 1.909213 0.884374
v 7.909968 1.917642 -0.674872
v 8.014916 1.912448 0.882852
v 7.943654 1.920877 -0.676394
v 8.049171 1.914925 0.881300
v 7.977909 1.923354 -0.677946
v 8.083996 1.916642 0.879717
v 8.012733 1.925072 -0.679528
v 8.119389 1.917602 0.878105
v 8.048126 1.926031 -0.681141
v 8.155351 1.917803 0.876463
v 8.084088 1.926233 -0.682783
v 8.243946 1.914485 0.872396
v 8.172685 1.922915 -0.686850
v 8.329753 1.905421 0.868425
v 8.258492 1.913850 -0.690821
v 8.412769 1.890609 0.864551
v 8.341507 1.899038 -0.694695
v 8.492996 1.870050 0.860773
v 8.421734 1.878480 -0.698473
v 8.570433 1.843745 0.857092
v 8.499170 1.852174 -0.702154
v 8.645079 1.811692 0.853507
v 8.573817 1.820122 -0.705739
v 8.716935 1.773893 0.850019
v 8.645674 1.782322 -0.709227
v 8.786002 1.730346 0.846627
v 8.714740 1.738776 -0.712619
v 8.852279 1.681053 0.843331
v 8.781016 1.689482 -0.715915
v 8.915765 1.626013 0.840132
v 8.844503 1.634442 -0.719114
v 8.976461 1.565225 0.837029
v 8.905200 1.573655 -0.722216
v 9.034369 1.498691 0.834023
v 8.963107 1.507120 -0.725223
v 9.088505 1.428122 0.831168
v 9.017242 1.436552 -0.728078
v 9.137890 1.355230 0.828516
v 9.066628 1.363660 -0.730729
v 9.182524 1.280016 0.826070
v 9.111261 1.288446 -0.733176
v 9.222405 1.202480 0.823828
v 9.151144 1.210909 -0.735418
v 9.257537 1.122620 0.821791
v 9.186275 1.131050 -0.737455
v 9.287917 1.040439 0.819958
v 9.216655 1.048868 -0.739288
v 9.313545 0.955935 0.818330
v 9.242284 0.964364 -0.740916
v 9.334423 0.869108 0.816906
v 9.263161 0.877538 -0.742340
v 9.350549 0.779959 0.815687
v 9.279287 0.788388 -0.743559
v 9.361924 0.688487 0.814673
v 9.290662 0.696917 -0.744573
v 9.368547 0.594692 0.813863
v 9.297286 0.603122 -0.745383
v 9.370420 0.498576 0.813258
v 9.299158 0.507005 -0.745988
v 9.368423 0.427065 0.812963
v 9.297160 0.435495 -0.746283
v 9.363181 0.357669 0.812827
v 9.291919 0.366099 -0.746419
v 9.354695 0.290387 0.812851
v 9.283434 0.298817 -0.746395
v 9.342966 0.225220 0.813035
v 9.271704 0.233650 -0.746211
v 9.327992 0.162167 0.813378
v 9.256730 0.170597 -0.745868
v 9.309774 0.101229 0.813881
v 9.238513 0.109658 -0.745364
v 9.288313 0.042405 0.814544
v 9.217052 0.050834 -0.744702
v 9.263607 -0.014305 0.815367
v 9.192346 -0.005875 -0.743879
v 9.235658 -0.068901 0.816349
v 9.164395 -0.060471 -0.742897
v 9.204464 -0.121382 0.817491
v 9.133202 -0.112952 -0.741755
v 9.170026 -0.171748 0.818793
v 9.098764 -0.163319 -0.740453
v 9.132344 -0.220000 0.820254
v 9.061082 -0.211571 -0.738992
v 9.092022 -0.265216 0.821852
v 9.020760 -0.256786 -0.737394
v 9.049663 -0.306472 0.823565
v 8.978401 -0.298043 -0.735681
v 9.005267 -0.343770 0.825392
v 8.934006 -0.335340 -0.733853
v 8.958836 -0.377108 0.827334
v 8.887573 -0.368678 -0.731912
v 8.910366 -0.406486 0.829391
v 8.839105 -0.398057 -0.729855
v 8.859861 -0.431906 0.831561
v 8.788599 -0.423477 -0.727684
v 8.807319 -0.453367 0.833847
v 8.736057 -0.444937 -0.725399
v 8.752740 -0.470868 0.836246
v 8.681479 -0.462439 -0.722999
v 8.696125 -0.484411 0.838761
v 8.624863 -0.475981 -0.720485
v 8.637472 -0.493994 0.841390
v 8.566211 -0.485564 -0.717856
v 8.576784 -0.499618 0.844133
v 8.505522 -0.491188 -0.715113
v 8.514058 -0.501283 0.846991
v 8.442797 -0.492853 -0.712255
v 8.491796 -0.500951 0.848010
v 8.420534 -0.492521 -0.711236
v 8.469379 -0.500176 0.849038
v 8.398118 -0.491746 -0.710207
v 8.446810 -0.498957 0.850077
v 8.375547 -0.490527 -0.709169
v 8.424086 -0.497293 0.851124
v 8.352823 -0.488864 -0.708122
v 8.401207 -0.495186 0.852181
v 8.329946 -0.486757 -0.707065
v 8.378176 -0.492635 0.853247
v 8.306913 -0.484206 -0.705998
v 8.354989 -0.489641 0.854323
v 8.283728 -0.481211 -0.704922
v 8.331650 -0.486202 0.855409
v 8.260387 -0.477772 -0.703837
v 8.308156 -0.482319 0.856503
v 8.236894 -0.473889 -0.702742
v 8.284508 -0.477993 0.857607
v 8.213246 -0.469563 -0.701638
v 8.260706 -0.473222 0.858721
v 8.189445 -0.464793 -0.700525
v 8.236751 -0.468008 0.859844
v 8.165488 -0.459578 -0.699402
v 8.143776 0.042940 0.866856
v 8.072514 0.051369 -0.692390
v 8.140479 0.058772 0.867092
v 8.069217 0.067202 -0.692154
v 8.137298 0.074330 0.867321
v 8.066036 0.082760 -0.691924
v 8.134233 0.089614 0.867544
v 8.062971 0.098043 -0.691702
v 8.131283 0.104623 0.867760
v 8.060021 0.113053 -0.691486
v 8.128449 0.119358 0.867969
v 8.057188 0.127788 -0.691277
v 8.125731 0.133819 0.868172
v 8.054470 0.142249 -0.691074
v 8.123130 0.148006 0.868367
v 8.051867 0.156435 -0.690879
v 8.120643 0.161918 0.868556
v 8.049381 0.170348 -0.690690
v 8.118273 0.175556 0.868738
v 8.047010 0.183986 -0.690508
v 8.116017 0.188920 0.868913
v 8.044756 0.197349 -0.690332
v 8.113878 0.202009 0.869082
v 8.042616 0.210439 -0.690164
v 8.111855 0.214824 0.869244
v 8.040593 0.223254 -0.690002
v 8.109882 0.227418 0.869402
v 8.038620 0.235847 -0.689844
v 8.107896 0.239842 0.869560
v 8.036634 0.248271 -0.689686
v 8.105896 0.252096 0.869718
v 8.034634 0.260526 -0.689528
v 8.103882 0.264182 0.869875
v 8.032619 0.272611 -0.689371
v 8.101853 0.276098 0.870032
v 8.030592 0.284527 -0.689214
v 8.099812 0.287844 0.870189
v 8.028550 0.296274 -0.689057
v 8.097755 0.299421 0.870345
v 8.026494 0.307851 -0.688900
v 8.095686 0.310829 0.870502
v 8.024424 0.319259 -0.688744
v 8.093602 0.322068 0.870658
v 8.022341 0.330497 -0.688588
v 8.091505 0.333137 0.870813
v 8.020243 0.341567 -0.688432
v 8.089394 0.344037 0.870969
v 8.018131 0.352466 -0.688277
v 8.087268 0.354767 0.871124
v 8.016006 0.363197 -0.688122
v 8.087542 0.362377 0.871153
v 8.016280 0.370807 -0.688093
v 8.088283 0.369568 0.871158
v 8.017020 0.377998 -0.688088
v 8.089489 0.376339 0.871139
v 8.018227 0.384769 -0.688107
v 8.091163 0.382691 0.871097
v 8.019900 0.391121 -0.688149
v 8.093303 0.388624 0.871031
v 8.022040 0.397054 -0.688215
v 8.095909 0.394137 0.870942
v 8.024647 0.402567 -0.688304
v 8.098982 0.399231 0.870829
v 8.027719 0.407661 -0.688417
v 8.102521 0.403906 0.870693
v 8.031260 0.412336 -0.688553
v 8.106527 0.408161 0.870532
v 8.035266 0.416591 -0.688713
v 8.111000 0.411997 0.870349
v 8.039739 0.420426 -0.688897
v 8.115939 0.415413 0.870142
v 8.044678 0.423843 -0.689104
v 8.121346 0.418410 0.869911
v 8.050083 0.426840 -0.689335
v 8.348577 0.490483 0.859915
v 8.277315 0.498913 -0.699331
v 8.337745 0.571239 0.860847
v 8.266483 0.579669 -0.698399
v 8.296415 0.570244 0.862730
v 8.225153 0.578674 -0.696516
v 8.255554 0.569351 0.864593
v 8.184292 0.577781 -0.694653
v 8.215162 0.568560 0.866435
v 8.143900 0.576989 -0.692811
v 8.175240 0.567870 0.868256
v 8.103977 0.576300 -0.690990
v 8.135786 0.567283 0.870055
v 8.064525 0.575713 -0.689190
v 8.096802 0.566798 0.871835
v 8.025540 0.575228 -0.687411
v 8.058288 0.566415 0.873593
v 7.987025 0.574844 -0.685653
v 8.020242 0.566133 0.875330
v 7.948980 0.574563 -0.683916
v 7.982666 0.565954 0.877046
v 7.911404 0.574384 -0.682199
v 7.945558 0.565877 0.878742
v 7.874296 0.574306 -0.680504
v 7.908920 0.565901 0.880416
v 7.837658 0.574331 -0.678829
v 7.872752 0.566027 0.882070
v 7.801490 0.574457 -0.677176
v 7.835399 0.566264 0.883779
v 7.764137 0.574694 -0.675467
v 7.798333 0.566603 0.885474
v 7.727071 0.575033 -0.673771
v 7.761554 0.567046 0.887158
v 7.690292 0.575475 -0.672088
v 7.725062 0.567591 0.888828
v 7.653800 0.576020 -0.670417
v 7.688857 0.568239 0.890487
v 7.617595 0.576668 -0.668759
v 7.652939 0.568989 0.892132
v 7.581677 0.577419 -0.667114
v 7.617308 0.569843 0.893765
v 7.546046 0.578273 -0.665481
v 7.581964 0.570800 0.895386
v 7.510702 0.579229 -0.663860
v 7.546906 0.571859 0.896994
v 7.475645 0.580289 -0.662252
v 7.512136 0.573021 0.898589
v 7.440875 0.581451 -0.660657
v 7.477654 0.574286 0.900172
v 7.406391 0.582716 -0.659074
v 7.443458 0.575654 0.901742
v 7.372195 0.584084 -0.657504
v 7.450539 0.494917 0.900982
v 7.379277 0.503347 -0.658264
v 7.656448 0.431966 0.891231
v 7.585187 0.440396 -0.668015
v 7.664599 0.429528 0.890845
v 7.593338 0.437957 -0.668401
v 7.672201 0.426675 0.890482
v 7.600940 0.435105 -0.668763
v 7.679254 0.423408 0.890142
v 7.607992 0.431837 -0.669103
v 7.685758 0.419726 0.889825
v 7.614496 0.428156 -0.669421
v 7.691713 0.415630 0.889531
v 7.620451 0.424060 -0.669715
v 7.697119 0.411120 0.889260
v 7.625857 0.419550 -0.669986
v 7.701976 0.406196 0.889011
v 7.630714 0.414625 -0.670235
v 7.706284 0.400857 0.888785
v 7.635022 0.409287 -0.670461
v 7.710043 0.395104 0.888582
v 7.638782 0.403533 -0.670664
v 7.713253 0.388936 0.888402
v 7.641991 0.397366 -0.670844
v 7.715914 0.382354 0.888245
v 7.644652 0.390784 -0.671001
v 7.718026 0.375358 0.888111
v 7.646764 0.383788 -0.671135
v 7.720468 0.362814 0.887931
v 7.649206 0.371244 -0.671315
v 7.722922 0.350232 0.887751
v 7.651660 0.358661 -0.671495
v 7.725389 0.337610 0.887570
v 7.654127 0.346040 -0.671676
v 7.727869 0.324949 0.887388
v 7.656607 0.333378 -0.671857
v 7.730362 0.312249 0.887206
v 7.659100 0.320678 -0.672040
v 7.732867 0.299509 0.887022
v 7.661605 0.307939 -0.672223
v 7.735386 0.286731 0.886838
v 7.664124 0.295160 -0.672408
v 7.737917 0.273913 0.886653
v 7.666655 0.282342 -0.672593
v 7.740460 0.261056 0.886467
v 7.669199 0.269486 -0.672778
v 7.743018 0.248160 0.886281
v 7.671756 0.256589 -0.672965
v 7.745587 0.235225 0.886093
v 7.674325 0.243654 -0.673152
v 7.748169 0.222250 0.885905
v 7.676908 0.230680 -0.673340
v 7.750777 0.209159 0.885715
v 7.679515 0.217588 -0.673530
v 7.753423 0.195871 0.885523
v 7.682161 0.204301 -0.673723
v 7.756107 0.182388 0.885327
v 7.684845 0.190817 -0.673919
v 7.758829 0.168709 0.885129
v 7.687567 0.177139 -0.674117
v 7.761589 0.154834 0.884928
v 7.690327 0.163264 -0.674318
v 7.764387 0.140764 0.884724
v 7.693125 0.149194 -0.674522
v 7.767223 0.126498 0.884517
v 7.695961 0.134928 -0.674729
v 7.770097 0.112037 0.884307
v 7.698835 0.120466 -0.674938
v 7.773009 0.097379 0.884095
v 7.701748 0.105809 -0.675151
v 7.775960 0.082526 0.883880
v 7.704698 0.090956 -0.675366
v 7.778948 0.067478 0.883662
v 7.707686 0.075907 -0.675584
v 7.781975 0.052233 0.883441
v 7.710713 0.060663 -0.675805
v 7.893261 -0.543261 0.875136
v 7.821999 -0.534831 -0.684110
v 7.906317 -0.556463 0.874468
v 7.835054 -0.548033 -0.684778
v 7.964528 -0.571738 0.871725
v 7.893266 -0.563309 -0.687521
v 8.022459 -0.585709 0.869002
v 7.951197 -0.577280 -0.690244
v 8.080111 -0.598376 0.866298
v 8.008849 -0.589946 -0.692948
v 8.137483 -0.609737 0.863615
v 8.066221 -0.601308 -0.695631
v 8.194575 -0.619794 0.860951
v 8.123313 -0.611365 -0.698295
v 8.251388 -0.628546 0.858307
v 8.180126 -0.620117 -0.700939
v 8.307920 -0.635994 0.855683
v 8.236659 -0.627564 -0.703563
v 8.364174 -0.642137 0.853079
v 8.292912 -0.633707 -0.706167
v 8.420147 -0.646975 0.850495
v 8.348886 -0.638545 -0.708751
v 8.475842 -0.650508 0.847930
v 8.404579 -0.642078 -0.711315
v 8.531256 -0.652736 0.845386
v 8.459993 -0.644307 -0.713860
v 8.586390 -0.653660 0.842861
v 8.515128 -0.645231 -0.716385
v 8.676313 -0.652097 0.838760
v 8.605051 -0.643667 -0.720486
v 8.762977 -0.646504 0.834829
v 8.691714 -0.638074 -0.724417
v 8.846379 -0.636880 0.831069
v 8.775118 -0.628450 -0.728176
v 8.926522 -0.623225 0.827480
v 8.855261 -0.614796 -0.731765
v 9.003406 -0.605541 0.824062
v 8.932143 -0.597111 -0.735183
v 9.077028 -0.583826 0.820815
v 9.005766 -0.575396 -0.738431
v 9.147390 -0.558081 0.817738
v 9.076129 -0.549651 -0.741507
v 9.214493 -0.528305 0.814833
v 9.143231 -0.519875 -0.744413
v 9.278336 -0.494499 0.812098
v 9.207073 -0.486069 -0.747148
v 9.338917 -0.456663 0.809533
v 9.267655 -0.448233 -0.749712
v 9.396239 -0.414796 0.807140
v 9.324977 -0.406366 -0.752106
v 9.450301 -0.368899 0.804917
v 9.379039 -0.360469 -0.754328
v 9.500566 -0.319373 0.802888
v 9.429304 -0.310943 -0.756358
v 9.546500 -0.266619 0.801074
v 9.475239 -0.258189 -0.758172
v 9.588102 -0.210638 0.799475
v 9.516840 -0.202208 -0.759771
v 9.625372 -0.151429 0.798092
v 9.554110 -0.143000 -0.761154
v 9.658310 -0.088993 0.796924
v 9.587048 -0.080563 -0.762322
v 9.686915 -0.023329 0.795972
v 9.615654 -0.014899 -0.763274
v 9.711189 0.045563 0.795235
v 9.639928 0.053992 -0.764011
v 9.731132 0.117682 0.794713
v 9.659870 0.126111 -0.764533
v 9.746741 0.193029 0.794407
v 9.675480 0.201458 -0.764839
v 9.758019 0.271603 0.794316
v 9.686758 0.280032 -0.764929
v 9.764966 0.353405 0.794441
v 9.693704 0.361834 -0.764805
v 9.767580 0.438434 0.794781
v 9.696319 0.446864 -0.764464
v 9.764914 0.557298 0.795546
v 9.693652 0.565728 -0.763700
v 9.755667 0.672415 0.796591
v 9.684404 0.680844 -0.762655
v 9.739838 0.783784 0.797916
v 9.668576 0.792214 -0.761329
v 9.717427 0.891407 0.799522
v 9.646166 0.899837 -0.759723
v 9.688436 0.995282 0.801409
v 9.617174 1.003712 -0.757837
v 9.652863 1.095410 0.803576
v 9.581600 1.103840 -0.755670
v 9.610708 1.191791 0.806024
v 9.539446 1.200221 -0.753222
v 9.561972 1.284425 0.808752
v 9.490710 1.292855 -0.750494
v 9.506655 1.373312 0.811761
v 9.435392 1.381741 -0.747485
v 9.444756 1.458451 0.815050
v 9.373494 1.466881 -0.744196
v 9.376276 1.539843 0.818620
v 9.305014 1.548273 -0.740626
v 9.301214 1.617488 0.822470
v 9.229952 1.625918 -0.736776
v 9.220919 1.690129 0.826532
v 9.149656 1.698558 -0.732713
v 9.136737 1.756506 0.830739
v 9.065475 1.764935 -0.728507
v 9.048669 1.816620 0.835088
v 8.977407 1.825050 -0.724157
v 8.956715 1.870472 0.839582
v 8.885452 1.878901 -0.719664
v 8.860874 1.918061 0.844220
v 8.789612 1.926490 -0.715026
v 8.761147 1.959387 0.849001
v 8.689885 1.967816 -0.710245
v 8.657534 1.994449 0.853926
v 8.586272 2.002879 -0.705320
v 8.550035 2.023249 0.858995
v 8.478772 2.031679 -0.700251
v 8.438648 2.045786 0.864207
v 8.367387 2.054216 -0.695039
v 8.323377 2.062061 0.869563
v 8.252114 2.070490 -0.689683
v 8.204218 2.072072 0.875063
v 8.132957 2.080502 -0.684183
v 8.081173 2.075820 0.880707
v 8.009912 2.084250 -0.678539
v 8.028545 2.075546 0.883111
v 7.957283 2.083975 -0.676135
v 7.975652 2.074203 0.885521
v 7.904390 2.082633 -0.673725
v 7.922492 2.071794 0.887937
v 7.851230 2.080224 -0.671308
v 7.869066 2.068317 0.890360
v 7.797805 2.076747 -0.668886
v 7.815375 2.063773 0.892790
v 7.744113 2.072202 -0.666456
v 7.761417 2.058161 0.895225
v 7.690156 2.066591 -0.664021
v 7.707194 2.051482 0.897667
v 7.635932 2.059912 -0.661579
v 7.652705 2.043736 0.900116
v 7.581443 2.052166 -0.659130
v 7.597950 2.034922 0.902570
v 7.526688 2.043351 -0.656675
v 7.542928 2.025041 0.905032
v 7.471666 2.033470 -0.654214
v 7.487641 2.014092 0.907499
v 7.416379 2.022521 -0.651747
v 7.432088 2.002076 0.909973
v 7.360826 2.010506 -0.649273
v 5.605455 1.177796 0.988999
v 5.534194 1.186226 -0.570247
v 5.584754 1.162884 0.989865
v 5.513493 1.171314 -0.569381
v 5.588818 1.148097 0.989599
v 5.517557 1.156527 -0.569647
v 5.593034 1.132554 0.989322
v 5.521772 1.140984 -0.569924
v 5.597403 1.116254 0.989034
v 5.526141 1.124683 -0.570211
v 5.601923 1.099197 0.988736
v 5.530662 1.107626 -0.570510
v 5.606596 1.081383 0.988426
v 5.535335 1.089813 -0.570820
v 5.611422 1.062813 0.988105
v 5.540161 1.071243 -0.571141
v 5.616399 1.043486 0.987773
v 5.545138 1.051916 -0.571473
v 5.621530 1.023402 0.987430
v 5.550268 1.031832 -0.571816
v 5.626812 1.002562 0.987076
v 5.555551 1.010992 -0.572170
v 5.632247 0.980965 0.986711
v 5.560986 0.989395 -0.572535
v 5.637834 0.958612 0.986334
v 5.566573 0.967041 -0.572911
v 5.643574 0.935502 0.985947
v 5.572312 0.943931 -0.573299
v 5.649794 0.909756 0.985524
v 5.578533 0.918186 -0.573722
v 5.656825 0.879497 0.985039
v 5.585563 0.887927 -0.574207
v 5.664665 0.844725 0.984492
v 5.593403 0.853154 -0.574753
v 5.673316 0.805439 0.983885
v 5.602054 0.813868 -0.575361
v 5.682775 0.761639 0.983216
v 5.611514 0.770069 -0.576030
v 5.693045 0.713326 0.982485
v 5.621784 0.721756 -0.576761
v 5.704125 0.660499 0.981693
v 5.632864 0.668929 -0.577553
v 5.716015 0.603159 0.980840
v 5.644754 0.611589 -0.578406
v 5.728715 0.541306 0.979925
v 5.657454 0.549735 -0.579321
v 5.742225 0.474938 0.978949
v 5.670964 0.483368 -0.580297
v 5.756545 0.404058 0.977911
v 5.685283 0.412488 -0.581335
v 5.771675 0.328664 0.976812
v 5.700413 0.337093 -0.582434
v 5.886758 -0.257465 0.968383
v 5.815497 -0.249035 -0.590862
v 5.887924 -0.263714 0.968296
v 5.816662 -0.255284 -0.590949
v 5.888986 -0.269936 0.968214
v 5.817724 -0.261506 -0.591032
v 5.889943 -0.276132 0.968137
v 5.818682 -0.267702 -0.591109
v 5.890797 -0.282301 0.968065
v 5.819535 -0.273871 -0.591181
v 5.891546 -0.288443 0.967997
v 5.820284 -0.280013 -0.591249
v 5.892191 -0.294559 0.967935
v 5.820930 -0.286129 -0.591311
v 5.892733 -0.300648 0.967877
v 5.821472 -0.292218 -0.591369
v 5.893170 -0.306711 0.967824
v 5.821909 -0.298281 -0.591422
v 5.893504 -0.312747 0.967776
v 5.822242 -0.304317 -0.591470
v 5.893733 -0.318756 0.967733
v 5.822471 -0.310326 -0.591513
v 5.893858 -0.324739 0.967695
v 5.822597 -0.316309 -0.591551
v 5.893879 -0.330695 0.967662
v 5.822618 -0.322266 -0.591584
v 5.893402 -0.343785 0.967613
v 5.822140 -0.335355 -0.591633
v 5.892107 -0.356154 0.967605
v 5.820846 -0.347724 -0.591640
v 5.889997 -0.367802 0.967639
v 5.818735 -0.359372 -0.591607
v 5.887069 -0.378729 0.967714
v 5.815807 -0.370299 -0.591532
v 5.883325 -0.388935 0.967830
v 5.812063 -0.380505 -0.591416
v 5.878764 -0.398420 0.967987
v 5.807503 -0.389990 -0.591259
v 5.873388 -0.407184 0.968185
v 5.802126 -0.398755 -0.591061
v 5.867194 -0.415228 0.968425
v 5.795933 -0.406798 -0.590821
v 5.860184 -0.422551 0.968705
v 5.788923 -0.414121 -0.590540
v 5.852357 -0.429153 0.969028
v 5.781096 -0.420723 -0.590218
v 5.843714 -0.435034 0.969391
v 5.772453 -0.426604 -0.589855
v 5.834255 -0.440194 0.969795
v 5.762993 -0.431764 -0.589451
v 5.823730 -0.444762 0.970251
v 5.752469 -0.436332 -0.588994
v 5.811893 -0.448868 0.970770
v 5.740632 -0.440438 -0.588476
v 5.798744 -0.452511 0.971352
v 5.727483 -0.444081 -0.587894
v 5.784282 -0.455691 0.971995
v 5.713021 -0.447262 -0.587251
v 5.768508 -0.458409 0.972701
v 5.697247 -0.449979 -0.586544
v 5.751420 -0.460664 0.973470
v 5.680159 -0.452234 -0.585776
v 5.733020 -0.462456 0.974301
v 5.661759 -0.454027 -0.584944
v 5.713308 -0.463786 0.975195
v 5.642046 -0.455357 -0.584051
v 5.692283 -0.464653 0.976151
v 5.621022 -0.456224 -0.583094
v 5.669945 -0.465058 0.977170
v 5.598684 -0.456628 -0.582076
v 5.646295 -0.465000 0.978251
v 5.575034 -0.456570 -0.580995
v 5.621332 -0.464479 0.979395
v 5.550070 -0.456050 -0.579851
v 5.626578 -0.537700 0.978759
v 5.555316 -0.529270 -0.580486
v 5.666248 -0.550486 0.976877
v 5.594986 -0.542057 -0.582369
v 5.704154 -0.562169 0.975082
v 5.632892 -0.553739 -0.584164
v 5.740294 -0.572748 0.973373
v 5.669033 -0.564318 -0.585873
v 5.774670 -0.582223 0.971750
v 5.703408 -0.573794 -0.587495
v 5.807280 -0.590595 0.970215
v 5.736019 -0.582166 -0.589031
v 5.838126 -0.597864 0.968766
v 5.766864 -0.589434 -0.590480
v 5.867207 -0.604029 0.967403
v 5.795945 -0.595599 -0.591842
v 5.894522 -0.609090 0.966128
v 5.823261 -0.600660 -0.593118
v 5.920073 -0.613048 0.964939
v 5.848812 -0.604618 -0.594307
v 5.943859 -0.615902 0.963836
v 5.872597 -0.607473 -0.595410
v 5.965879 -0.617653 0.962820
v 5.894618 -0.609224 -0.596426
v 5.986135 -0.618301 0.961891
v 5.914873 -0.609871 -0.597355
v 6.003654 -0.617944 0.961092
v 5.932393 -0.609514 -0.598154
v 6.020594 -0.616698 0.960325
v 5.949331 -0.608269 -0.598921
v 6.036951 -0.614563 0.959589
v 5.965689 -0.606134 -0.599657
v 6.052728 -0.611539 0.958884
v 5.981465 -0.603110 -0.600362
v 6.067923 -0.607626 0.958211
v 5.996660 -0.599197 -0.601035
v 6.082536 -0.602824 0.957569
v 6.011274 -0.594394 -0.601677
v 6.096568 -0.597133 0.956958
v 6.025307 -0.588703 -0.602288
v 6.110020 -0.590552 0.956379
v 6.038757 -0.582122 -0.602867
v 6.122890 -0.583082 0.955831
v 6.051627 -0.574653 -0.603415
v 6.135178 -0.574723 0.955315
v 6.063916 -0.566294 -0.603931
v 6.146885 -0.565475 0.954830
v 6.075623 -0.557046 -0.604416
v 6.158011 -0.555338 0.954376
v 6.086749 -0.546909 -0.604870
v 6.168399 -0.544350 0.953961
v 6.097137 -0.535921 -0.605285
v 6.177893 -0.532550 0.953591
v 6.106631 -0.524120 -0.605655
v 6.186493 -0.519937 0.953266
v 6.115231 -0.511507 -0.605980
v 6.194199 -0.506512 0.952986
v 6.122936 -0.498082 -0.606260
v 6.201010 -0.492274 0.952752
v 6.129748 -0.483844 -0.606494
v 6.206927 -0.477224 0.952563
v 6.135665 -0.468794 -0.606683
v 6.211950 -0.461361 0.952419
v 6.140688 -0.452931 -0.606827
v 6.216079 -0.444685 0.952320
v 6.144817 -0.436256 -0.606925
v 6.219314 -0.427198 0.952267
v 6.148052 -0.418768 -0.606979
v 6.221654 -0.408897 0.952259
v 6.150393 -0.400468 -0.606987
v 6.223101 -0.389785 0.952296
v 6.151839 -0.381355 -0.606950
v 6.223653 -0.369859 0.952379
v 6.152391 -0.361430 -0.606867
v 6.223657 -0.366575 0.952396
v 6.152395 -0.358145 -0.606849
v 6.223637 -0.362978 0.952417
v 6.152375 -0.354548 -0.606829
v 6.223592 -0.359068 0.952440
v 6.152330 -0.350638 -0.606806
v 6.223523 -0.354844 0.952466
v 6.152261 -0.346415 -0.606780
v 6.223429 -0.350308 0.952495
v 6.152167 -0.341879 -0.606751
v 6.223311 -0.345459 0.952526
v 6.152049 -0.337030 -0.606719
v 6.223168 -0.340298 0.952561
v 6.151906 -0.331868 -0.606685
v 6.223001 -0.334823 0.952598
v 6.151740 -0.326393 -0.606648
v 6.222810 -0.329035 0.952638
v 6.151548 -0.320605 -0.606608
v 6.222594 -0.322934 0.952681
v 6.151332 -0.314505 -0.606565
v 6.222354 -0.316521 0.952727
v 6.151093 -0.308091 -0.606519
v 6.222089 -0.309794 0.952775
v 6.150827 -0.301365 -0.606471
v 6.252820 -0.336853 0.951224
v 6.181558 -0.328424 -0.608022
v 6.282801 -0.362670 0.949714
v 6.211539 -0.354241 -0.609531
v 6.312034 -0.387246 0.948246
v 6.240772 -0.378816 -0.611000
v 6.340517 -0.410579 0.946818
v 6.269256 -0.402149 -0.612428
v 6.368253 -0.432671 0.945431
v 6.296990 -0.424241 -0.613815
v 6.395239 -0.453520 0.944085
v 6.323977 -0.445091 -0.615161
v 6.421476 -0.473128 0.942779
v 6.350215 -0.464698 -0.616466
v 6.446966 -0.491494 0.941515
v 6.375704 -0.483064 -0.617731
v 6.471706 -0.508618 0.940292
v 6.400444 -0.500189 -0.618954
v 6.495697 -0.524500 0.939110
v 6.424436 -0.516071 -0.620136
v 6.518940 -0.539141 0.937968
v 6.447679 -0.530711 -0.621278
v 6.541435 -0.552539 0.936868
v 6.470173 -0.544110 -0.622378
v 6.563011 -0.564786 0.935815
v 6.491749 -0.556357 -0.623430
v 6.583498 -0.575972 0.934819
v 6.512237 -0.567543 -0.624427
v 6.602898 -0.586097 0.933877
v 6.531636 -0.577668 -0.625369
v 6.621209 -0.595161 0.932991
v 6.549947 -0.586731 -0.626254
v 6.638432 -0.603164 0.932161
v 6.567170 -0.594734 -0.627085
v 6.654567 -0.610106 0.931386
v 6.583304 -0.601676 -0.627860
v 6.669613 -0.615986 0.930667
v 6.598351 -0.607557 -0.628579
v 6.683571 -0.620806 0.930003
v 6.612309 -0.612376 -0.629243
v 6.696442 -0.624564 0.929394
v 6.625180 -0.616135 -0.629852
v 6.708224 -0.627262 0.928841
v 6.636962 -0.618832 -0.630405
v 6.718918 -0.628898 0.928343
v 6.647656 -0.620468 -0.630902
v 6.728524 -0.629473 0.927901
v 6.657262 -0.621044 -0.631344
v 6.767823 -0.628384 0.926111
v 6.696562 -0.619954 -0.633135
v 6.805730 -0.624719 0.924398
v 6.734468 -0.616290 -0.634847
v 6.842245 -0.618481 0.922763
v 6.770983 -0.610051 -0.636482
v 6.877366 -0.609668 0.921206
v 6.806104 -0.601238 -0.638040
v 6.911094 -0.598280 0.919726
v 6.839832 -0.589850 -0.639520
v 6.943430 -0.584318 0.918324
v 6.872168 -0.575889 -0.640922
v 6.974372 -0.567782 0.916999
v 6.903111 -0.559352 -0.642247
v 7.003922 -0.548671 0.915752
v 6.932660 -0.540241 -0.643494
v 7.032079 -0.526986 0.914582
v 6.960817 -0.518556 -0.644664
v 7.058844 -0.502726 0.913490
v 6.987581 -0.494296 -0.645756
v 7.084215 -0.475892 0.912476
v 7.012953 -0.467462 -0.646770
v 7.108193 -0.446483 0.911539
v 7.036931 -0.438054 -0.647707
v 7.130515 -0.415164 0.910688
v 7.059253 -0.406734 -0.648558
v 7.150916 -0.382596 0.909931
v 7.079654 -0.374167 -0.649314
v 7.169397 -0.348781 0.909270
v 7.098135 -0.340352 -0.649976
v 7.185957 -0.313719 0.908702
v 7.114696 -0.305289 -0.650543
v 7.200597 -0.277409 0.908230
v 7.129335 -0.268979 -0.651016
v 7.213317 -0.239851 0.907851
v 7.142055 -0.231421 -0.651394
v 7.224116 -0.201045 0.907568
v 7.152854 -0.192616 -0.651678
v 7.232994 -0.160992 0.907378
v 7.161733 -0.152563 -0.651868
v 7.239952 -0.119691 0.907284
v 7.168691 -0.111262 -0.651962
v 7.244989 -0.077143 0.907283
v 7.173728 -0.068713 -0.651962
v 7.248107 -0.033347 0.907378
v 7.176845 -0.024917 -0.651868
v 7.249304 0.011697 0.907567
v 7.178041 0.020126 -0.651679
v 7.247676 0.092270 0.908077
v 7.176414 0.100700 -0.651169
v 7.241950 0.170713 0.908762
v 7.170688 0.179143 -0.650483
v 7.232124 0.247026 0.909624
v 7.160862 0.255456 -0.649622
v 7.218199 0.321209 0.910661
v 7.146937 0.329639 -0.648584
v 7.200174 0.393261 0.911875
v 7.128913 0.401691 -0.647371
v 7.178051 0.463184 0.913264
v 7.106789 0.471613 -0.645982
v 7.151828 0.530976 0.914829
v 7.080566 0.539405 -0.644417
v 7.121507 0.596637 0.916570
v 7.050244 0.605067 -0.642676
v 7.087085 0.660168 0.918486
v 7.015823 0.668598 -0.640760
v 7.048564 0.721570 0.920579
v 6.977303 0.729999 -0.638667
v 7.005944 0.780840 0.922847
v 6.934683 0.789270 -0.636399
v 6.959225 0.837981 0.925291
v 6.887963 0.846411 -0.633955
v 6.909363 0.891736 0.927860
v 6.838101 0.900165 -0.631385
v 6.857316 0.940848 0.930505
v 6.786055 0.949278 -0.628741
v 6.803084 0.985318 0.933224
v 6.731822 0.993748 -0.626022
v 6.746667 1.025146 0.936017
v 6.675405 1.033576 -0.623228
v 6.688064 1.060332 0.938886
v 6.616802 1.068762 -0.620360
v 6.627275 1.090876 0.941829
v 6.556014 1.099306 -0.617417
v 6.564302 1.116778 0.944847
v 6.493041 1.125208 -0.614398
v 6.499144 1.138038 0.947940
v 6.427882 1.146468 -0.611306
v 6.431800 1.154655 0.951108
v 6.360538 1.163085 -0.608138
v 6.362270 1.166631 0.954350
v 6.291008 1.175061 -0.604896
v 6.290555 1.173964 0.957667
v 6.219294 1.182394 -0.601578
v 6.216655 1.176656 0.961059
v 6.145393 1.185085 -0.598186
v 6.187554 1.176317 0.962388
v 6.116292 1.184747 -0.596858
v 6.157745 1.175018 0.963743
v 6.086483 1.183447 -0.595503
v 6.127227 1.172757 0.965126
v 6.055965 1.181187 -0.594120
v 6.096002 1.169536 0.966535
v 6.024740 1.177965 -0.592711
v 6.064069 1.165353 0.967972
v 5.992806 1.173783 -0.591274
v 6.031427 1.160210 0.969436
v 5.960165 1.168639 -0.589810
v 5.998077 1.154105 0.970927
v 5.926816 1.162535 -0.588319
v 5.964020 1.147040 0.972445
v 5.892758 1.155470 -0.586800
v 5.929254 1.139014 0.973991
v 5.857993 1.147444 -0.585255
v 5.893781 1.130027 0.975564
v 5.822519 1.138456 -0.583682
v 5.857599 1.120078 0.977163
v 5.786337 1.128508 -0.582082
v 5.820710 1.109169 0.978790
v 5.749448 1.117599 -0.580455
v 5.805196 1.112869 0.979519
v 5.733934 1.121299 -0.579726
v 5.789241 1.116936 0.980271
v 5.717980 1.125365 -0.578975
v 5.772847 1.121370 0.981044
v 5.701585 1.129800 -0.578202
v 5.756011 1.126171 0.981839
v 5.684749 1.134601 -0.577407
v 5.738734 1.131339 0.982657
v 5.667472 1.139769 -0.576589
v 5.721016 1.136875 0.983496
v 5.649755 1.145304 -0.575749
v 5.702858 1.142777 0.984358
v 5.631597 1.151207 -0.574888
v 5.684259 1.149047 0.985242
v 5.612998 1.157477 -0.574004
v 5.665219 1.155684 0.986148
v 5.593957 1.164113 -0.573098
v 5.645739 1.162688 0.987076
v 5.574477 1.171117 -0.572169
v 5.625817 1.170058 0.988027
v 5.554556 1.178488 -0.571219
v 6.196657 -0.152018 0.954790
v 6.125395 -0.143588 -0.604456
v 5.975513 0.952630 0.970869
v 5.904252 0.961060 -0.588377
v 5.998350 0.965108 0.969893
v 5.927088 0.973538 -0.589353
v 6.021102 0.976491 0.968915
v 5.949841 0.984921 -0.590331
v 6.043772 0.986780 0.967934
v 5.972509 0.995210 -0.591312
v 6.066357 0.995974 0.966952
v 5.995095 1.004404 -0.592294
v 6.088858 1.004074 0.965967
v 6.017596 1.012504 -0.593279
v 6.111276 1.011080 0.964980
v 6.040013 1.019509 -0.594265
v 6.133609 1.016990 0.963992
v 6.062347 1.025420 -0.595254
v 6.155859 1.021807 0.963001
v 6.084598 1.030237 -0.596245
v 6.178025 1.025530 0.962008
v 6.106763 1.033959 -0.597238
v 6.200108 1.028158 0.961013
v 6.128846 1.036587 -0.598233
v 6.222106 1.029691 0.960016
v 6.150845 1.038121 -0.599230
v 6.244020 1.030130 0.959017
v 6.172758 1.038560 -0.600229
v 6.289357 1.027899 0.956933
v 6.218095 1.036329 -0.602313
v 6.333501 1.021660 0.954881
v 6.262239 1.030090 -0.604365
v 6.376452 1.011412 0.952863
v 6.305191 1.019842 -0.606383
v 6.418212 0.997156 0.950877
v 6.346950 1.005586 -0.608368
v 6.458778 0.978892 0.948925
v 6.387516 0.987322 -0.610321
v 6.498153 0.956619 0.947005
v 6.426890 0.965049 -0.612241
v 6.536334 0.930338 0.945118
v 6.465072 0.938768 -0.614128
v 6.573323 0.900048 0.943263
v 6.502061 0.908478 -0.615982
v 6.609119 0.865750 0.941442
v 6.537858 0.874180 -0.617804
v 6.643723 0.827444 0.939653
v 6.572462 0.835874 -0.619592
v 6.677135 0.785129 0.937898
v 6.605873 0.793559 -0.621348
v 6.709354 0.738806 0.936175
v 6.638092 0.747236 -0.623071
v 6.739647 0.690068 0.934527
v 6.668385 0.698498 -0.624719
v 6.767279 0.640510 0.932996
v 6.696017 0.648939 -0.626250
v 6.792251 0.590130 0.931582
v 6.720989 0.598560 -0.627664
v 6.814563 0.538929 0.930286
v 6.743300 0.547359 -0.628960
v 6.834214 0.486907 0.929106
v 6.762952 0.495337 -0.630139
v 6.851205 0.434065 0.928044
v 6.779943 0.442494 -0.631202
v 6.865536 0.380401 0.927099
v 6.794273 0.388831 -0.632147
v 6.877206 0.325916 0.926271
v 6.805944 0.334346 -0.632975
v 6.886216 0.270611 0.925560
v 6.814954 0.279040 -0.633685
v 6.892566 0.214484 0.924967
v 6.821303 0.222914 -0.634279
v 6.896255 0.157536 0.924490
v 6.824993 0.165966 -0.634755
v 6.897285 0.099768 0.924131
v 6.826023 0.108197 -0.635115
v 6.896599 0.066731 0.923984
v 6.825337 0.075161 -0.635262
v 6.894890 0.034561 0.923888
v 6.823628 0.042990 -0.635358
v 6.892157 0.003255 0.923844
v 6.820895 0.011685 -0.635402
v 6.888399 -0.027185 0.923851
v 6.817137 -0.018756 -0.635395
v 6.883617 -0.056760 0.923909
v 6.812356 -0.048331 -0.635337
v 6.877812 -0.085470 0.924019
v 6.806550 -0.077040 -0.635226
v 6.870982 -0.113315 0.924181
v 6.799720 -0.104885 -0.635065
v 6.863128 -0.140294 0.924394
v 6.791866 -0.131864 -0.634852
v 6.854250 -0.166408 0.924659
v 6.782989 -0.157978 -0.634587
v 6.844348 -0.191657 0.924975
v 6.773087 -0.183227 -0.634271
v 6.833422 -0.216040 0.925342
v 6.762160 -0.207611 -0.633904
v 6.821472 -0.239558 0.925761
v 6.750210 -0.231129 -0.633485
v 6.808591 -0.261678 0.926230
v 6.737329 -0.253248 -0.633015
v 6.794875 -0.281864 0.926748
v 6.723613 -0.273434 -0.632498
v 6.780321 -0.300117 0.927315
v 6.709060 -0.291687 -0.631931
v 6.764932 -0.316436 0.927930
v 6.693670 -0.308007 -0.631316
v 6.748707 -0.330823 0.928593
v 6.677444 -0.322394 -0.630652
v 6.731645 -0.343277 0.929306
v 6.660383 -0.334848 -0.629940
v 6.713747 -0.353798 0.930067
v 6.642485 -0.345368 -0.629179
v 6.695012 -0.362386 0.930877
v 6.623750 -0.353956 -0.628369
v 6.675441 -0.369040 0.931735
v 6.604179 -0.360611 -0.627511
v 6.655034 -0.373762 0.932642
v 6.583773 -0.365332 -0.626603
v 6.633791 -0.376550 0.933598
v 6.562529 -0.368121 -0.625648
v 6.611712 -0.377406 0.934603
v 6.540449 -0.368976 -0.624643
v 6.604096 -0.377016 0.934953
v 6.532835 -0.368587 -0.624293
v 6.595626 -0.375919 0.935346
v 6.524364 -0.367489 -0.623900
v 6.586300 -0.374113 0.935782
v 6.515038 -0.365684 -0.623464
v 6.576118 -0.371600 0.936261
v 6.504857 -0.363170 -0.622985
v 6.565082 -0.368378 0.936783
v 6.493820 -0.359948 -0.622463
v 6.553189 -0.364448 0.937347
v 6.481927 -0.356019 -0.621898
v 6.540441 -0.359811 0.937955
v 6.469178 -0.351381 -0.621291
v 6.526836 -0.354465 0.938606
v 6.455574 -0.346036 -0.620640
v 6.512376 -0.348412 0.939299
v 6.441114 -0.339982 -0.619946
v 6.497061 -0.341650 0.940036
v 6.425799 -0.333220 -0.619210
v 6.480890 -0.334180 0.940815
v 6.409628 -0.325750 -0.618431
v 6.463863 -0.326002 0.941638
v 6.392601 -0.317573 -0.617608
v 6.446007 -0.316973 0.942503
v 6.374745 -0.308544 -0.616743
v 6.427349 -0.306950 0.943409
v 6.356088 -0.298520 -0.615836
v 6.407889 -0.295932 0.944358
v 6.336628 -0.287502 -0.614887
v 6.387628 -0.283919 0.945349
v 6.316366 -0.275490 -0.613896
v 6.366564 -0.270912 0.946382
v 6.295302 -0.262483 -0.612863
v 6.344697 -0.256911 0.947457
v 6.273436 -0.248481 -0.611788
v 6.322029 -0.241915 0.948574
v 6.250767 -0.233485 -0.610671
v 6.298559 -0.225924 0.949734
v 6.227297 -0.217495 -0.609512
v 6.274287 -0.208940 0.950935
v 6.203025 -0.200510 -0.608311
v 6.249212 -0.190960 0.952178
v 6.177950 -0.182530 -0.607068
v 6.223335 -0.171986 0.953463
v 6.152074 -0.163557 -0.605783
v 4.887715 -0.569711 1.012354
v 4.816454 -0.561282 -0.546891
v 5.225085 -0.590145 0.996825
v 5.153824 -0.581715 -0.562421
v 4.939945 0.828244 1.017525
v 4.868683 0.836674 -0.541721
v 4.937619 0.841862 1.017705
v 4.866358 0.850292 -0.541541
v 4.935497 0.854541 1.017870
v 4.864236 0.862971 -0.541375
v 4.933579 0.866281 1.018022
v 4.862318 0.874711 -0.541224
v 4.931864 0.877081 1.018158
v 4.860603 0.885511 -0.541088
v 4.930353 0.886941 1.018281
v 4.859091 0.895371 -0.540965
v 4.929045 0.895863 1.018389
v 4.857784 0.904292 -0.540857
v 4.927940 0.903845 1.018482
v 4.856679 0.912274 -0.540763
v 4.927040 0.910887 1.018562
v 4.855778 0.919317 -0.540684
v 4.926342 0.916990 1.018626
v 4.855081 0.925420 -0.540619
v 4.925848 0.922154 1.018677
v 4.854587 0.930583 -0.540569
v 4.925558 0.926378 1.018713
v 4.854296 0.934808 -0.540533
v 4.925470 0.929663 1.018735
v 4.854208 0.938093 -0.540511
v 4.925822 0.937312 1.018760
v 4.854561 0.945741 -0.540486
v 4.926798 0.944618 1.018755
v 4.855536 0.953048 -0.540491
v 4.928396 0.951583 1.018720
v 4.857135 0.960013 -0.540526
v 4.930618 0.958206 1.018654
v 4.859356 0.966636 -0.540592
v 4.933463 0.964487 1.018558
v 4.862202 0.972917 -0.540688
v 4.936930 0.970426 1.018431
v 4.865669 0.978856 -0.540814
v 4.941021 0.976024 1.018275
v 4.869760 0.984453 -0.540971
v 4.945735 0.981279 1.018088
v 4.874474 0.989709 -0.541158
v 4.951073 0.986192 1.017870
v 4.879812 0.994622 -0.541376
v 4.957034 0.990764 1.017623
v 4.885773 0.999193 -0.541623
v 4.963618 0.994993 1.017345
v 4.892357 1.003423 -0.541901
v 4.970825 0.998880 1.017036
v 4.899564 1.007310 -0.542210
v 4.979241 1.002436 1.016671
v 4.907980 1.010866 -0.542575
v 4.989452 1.005670 1.016222
v 4.918191 1.014100 -0.543024
v 5.001459 1.008582 1.015689
v 4.930197 1.017012 -0.543557
v 5.015260 1.011173 1.015072
v 4.943999 1.019603 -0.544174
v 5.030857 1.013442 1.014371
v 4.959596 1.021872 -0.544875
v 5.048249 1.015389 1.013587
v 4.976987 1.023819 -0.545659
v 5.067436 1.017015 1.012719
v 4.996174 1.025445 -0.546527
v 5.088418 1.018319 1.011767
v 5.017156 1.026749 -0.547479
v 5.111194 1.019301 1.010731
v 5.039933 1.027731 -0.548514
v 5.135766 1.019962 1.009612
v 5.064505 1.028392 -0.549634
v 5.162133 1.020301 1.008409
v 5.090871 1.028731 -0.550837
v 5.190295 1.020319 1.007122
v 5.119034 1.028748 -0.552124
v 5.185040 1.091663 1.007748
v 5.113779 1.100092 -0.551498
v 5.144242 1.105653 1.009688
v 5.072981 1.114083 -0.549558
v 5.104819 1.118438 1.011559
v 5.033558 1.126868 -0.547687
v 5.066770 1.130017 1.013360
v 4.995509 1.138447 -0.545886
v 5.030095 1.140390 1.015092
v 4.958833 1.148820 -0.544153
v 4.994793 1.149558 1.016755
v 4.923532 1.157987 -0.542490
v 4.960865 1.157519 1.018349
v 4.889604 1.165949 -0.540897
v 4.928312 1.164274 1.019873
v 4.857051 1.172704 -0.539373
v 4.897132 1.169824 1.021328
v 4.825871 1.178254 -0.537917
v 4.867326 1.174168 1.022714
v 4.796064 1.182598 -0.536532
v 4.838893 1.177306 1.024030
v 4.767632 1.185736 -0.535215
v 4.811835 1.179238 1.025278
v 4.740573 1.187668 -0.533968
v 4.786150 1.179965 1.026455
v 4.714889 1.188394 -0.532790
v 4.770805 1.179721 1.027155
v 4.699544 1.188151 -0.532090
v 4.756017 1.178836 1.027826
v 4.684755 1.187266 -0.531419
v 4.741785 1.177310 1.028469
v 4.670523 1.185740 -0.530777
v 4.728109 1.175142 1.029082
v 4.656847 1.183572 -0.530164
v 4.714990 1.172333 1.029666
v 4.643728 1.180763 -0.529580
v 4.702427 1.168883 1.030222
v 4.631166 1.177312 -0.529024
v 4.690422 1.164791 1.030748
v 4.619160 1.173221 -0.528497
v 4.678972 1.160058 1.031246
v 4.607711 1.168487 -0.528000
v 4.668079 1.154683 1.031715
v 4.596817 1.163113 -0.527531
v 4.657743 1.148667 1.032155
v 4.586481 1.157097 -0.527091
v 4.647963 1.142009 1.032566
v 4.576701 1.150439 -0.526680
v 4.638740 1.134711 1.032948
v 4.567478 1.143141 -0.526298
v 4.630165 1.126836 1.033297
v 4.558903 1.135265 -0.525949
v 4.622328 1.118448 1.033610
v 4.551067 1.126878 -0.525636
v 4.615232 1.109549 1.033886
v 4.543971 1.117979 -0.525360
v 4.608875 1.100138 1.034126
v 4.537614 1.108567 -0.525120
v 4.603258 1.090214 1.034329
v 4.531996 1.098644 -0.524917
v 4.598380 1.079779 1.034495
v 4.527119 1.088209 -0.524750
v 4.594242 1.068832 1.034625
v 4.522980 1.077262 -0.524621
v 4.590843 1.057373 1.034719
v 4.519582 1.065803 -0.524527
v 4.588183 1.045402 1.034775
v 4.516922 1.053832 -0.524470
v 4.586263 1.032919 1.034796
v 4.515002 1.041349 -0.524450
v 4.585083 1.019924 1.034779
v 4.513822 1.028354 -0.524466
v 4.584642 1.006418 1.034727
v 4.513381 1.014847 -0.524519
v 4.584638 1.004528 1.034717
v 4.513377 1.012957 -0.524529
v 4.584648 1.002612 1.034706
v 4.513387 1.011041 -0.524540
v 4.584671 1.000670 1.034694
v 4.513409 1.009099 -0.524552
v 4.584706 0.998702 1.034682
v 4.513444 1.007131 -0.524564
v 4.584754 0.996707 1.034669
v 4.513493 1.005137 -0.524577
v 4.584815 0.994687 1.034655
v 4.513554 1.003117 -0.524591
v 4.584889 0.992640 1.034641
v 4.513628 1.001070 -0.524605
v 4.584976 0.990567 1.034626
v 4.513715 0.998997 -0.524620
v 4.585076 0.988469 1.034610
v 4.513815 0.996898 -0.524636
v 4.585189 0.986344 1.034593
v 4.513927 0.994773 -0.524653
v 4.585314 0.984192 1.034576
v 4.514053 0.992622 -0.524670
v 4.585453 0.982015 1.034558
v 4.514192 0.990445 -0.524688
v 4.585604 0.979812 1.034539
v 4.514343 0.988241 -0.524707
v 4.585769 0.977582 1.034519
v 4.514507 0.986012 -0.524727
v 4.585946 0.975327 1.034499
v 4.514685 0.983756 -0.524747
v 4.586135 0.973045 1.034478
v 4.514874 0.981475 -0.524768
v 4.586339 0.970737 1.034456
v 4.515077 0.979167 -0.524790
v 4.586554 0.968403 1.034434
v 4.515293 0.976833 -0.524812
v 4.586783 0.966043 1.034410
v 4.515522 0.974472 -0.524835
v 4.587025 0.963656 1.034387
v 4.515763 0.972086 -0.524859
v 4.587279 0.961244 1.034362
v 4.516018 0.969674 -0.524884
v 4.587546 0.958806 1.034336
v 4.516285 0.967235 -0.524909
v 4.587827 0.956341 1.034310
v 4.516565 0.964770 -0.524935
v 4.588120 0.953850 1.034283
v 4.516859 0.962280 -0.524962
v 4.529137 0.991013 1.037180
v 4.457875 0.999442 -0.522066
v 4.471152 1.024964 1.040014
v 4.399891 1.033394 -0.519232
v 4.414167 1.055704 1.042784
v 4.342906 1.064134 -0.516462
v 4.358181 1.083233 1.045492
v 4.286920 1.091663 -0.513754
v 4.303194 1.107551 1.048136
v 4.231932 1.115981 -0.511110
v 4.249205 1.128658 1.050718
v 4.177943 1.137087 -0.508528
v 4.196215 1.146553 1.053236
v 4.124954 1.154983 -0.506009
v 4.144225 1.161238 1.055692
v 4.072963 1.169668 -0.503554
v 4.093233 1.172711 1.058084
v 4.021972 1.181141 -0.501161
v 4.043241 1.180974 1.060414
v 3.971979 1.189404 -0.498832
v 3.994247 1.186025 1.062680
v 3.922986 1.194455 -0.496566
v 3.946251 1.187865 1.064884
v 3.874990 1.196295 -0.494362
v 3.895153 1.186266 1.067210
v 3.823892 1.194696 -0.492035
v 3.847473 1.180950 1.069361
v 3.776211 1.189379 -0.489885
v 3.803211 1.171915 1.071335
v 3.731949 1.180344 -0.487911
v 3.762366 1.159161 1.073133
v 3.691105 1.167591 -0.486113
v 3.724940 1.142689 1.074754
v 3.653678 1.151119 -0.484492
v 3.690931 1.122499 1.076199
v 3.619670 1.130929 -0.483047
v 3.660341 1.098591 1.077468
v 3.589080 1.107021 -0.481778
v 3.633169 1.070964 1.078560
v 3.561907 1.079394 -0.480685
v 3.609415 1.039619 1.079477
v 3.538154 1.048049 -0.479769
v 3.589078 1.004555 1.080217
v 3.517817 1.012985 -0.479029
v 3.572161 0.965774 1.080780
v 3.500899 0.974203 -0.478466
v 3.558661 0.923274 1.081167
v 3.487400 0.931703 -0.478079
v 3.495346 0.966153 1.084293
v 3.424084 0.974583 -0.474953
v 3.433053 1.005326 1.087352
v 3.361791 1.013756 -0.471894
v 3.371782 1.040792 1.090343
v 3.300520 1.049222 -0.468902
v 3.311534 1.072552 1.093269
v 3.240273 1.080982 -0.465977
v 3.252308 1.100605 1.096127
v 3.181047 1.109035 -0.463119
v 3.194105 1.124952 1.098919
v 3.122844 1.133382 -0.460327
v 3.136925 1.145592 1.101644
v 3.065663 1.154022 -0.457602
v 3.080766 1.162526 1.104302
v 3.009505 1.170956 -0.454944
v 3.025630 1.175754 1.106893
v 2.954369 1.184183 -0.452353
v 2.971517 1.185274 1.109418
v 2.900255 1.193704 -0.449828
v 2.918425 1.191089 1.111876
v 2.847164 1.199518 -0.447370
v 2.866356 1.193197 1.114267
v 2.795095 1.201626 -0.444979
v 2.834188 1.192632 1.115734
v 2.762927 1.201062 -0.443512
v 2.803301 1.190614 1.117135
v 2.732039 1.199044 -0.442111
v 2.773695 1.187144 1.118469
v 2.702434 1.195574 -0.440777
v 2.745371 1.182220 1.119737
v 2.674110 1.190650 -0.439509
v 2.718328 1.175844 1.120938
v 2.647067 1.184273 -0.438308
v 2.692567 1.168014 1.122073
v 2.621306 1.176444 -0.437173
v 2.668087 1.158731 1.123142
v 2.596826 1.167161 -0.436104
v 2.644889 1.147996 1.124144
v 2.573627 1.156425 -0.435102
v 2.622972 1.135807 1.125080
v 2.551711 1.144237 -0.434166
v 2.602336 1.122165 1.125949
v 2.531075 1.130595 -0.433297
v 2.582983 1.107070 1.126752
v 2.511721 1.115500 -0.432494
v 2.564910 1.090523 1.127489
v 2.493649 1.098953 -0.431757
v 2.548198 1.072704 1.128156
v 2.476936 1.081134 -0.431090
v 2.532925 1.053796 1.128752
v 2.461663 1.062226 -0.430494
v 2.519092 1.033800 1.129276
v 2.447830 1.042230 -0.429970
v 2.506698 1.012715 1.129728
v 2.435437 1.021144 -0.429517
v 2.495744 0.990540 1.130109
v 2.424483 0.998970 -0.429137
v 2.486230 0.967277 1.130418
v 2.414968 0.975707 -0.428828
v 2.478155 0.942925 1.130656
v 2.406894 0.951355 -0.428590
v 2.471520 0.917484 1.130821
v 2.400259 0.925914 -0.428425
v 2.466325 0.890955 1.130915
v 2.395063 0.899385 -0.428331
v 2.462569 0.863336 1.130938
v 2.391307 0.871766 -0.428308
v 2.460252 0.834629 1.130888
v 2.388990 0.843058 -0.428358
v 2.459377 0.804832 1.130767
v 2.388115 0.813262 -0.428479
v 2.459441 0.789583 1.130682
v 2.388179 0.798013 -0.428564
v 2.459793 0.774489 1.130584
v 2.388532 0.782918 -0.428662
v 2.460432 0.759549 1.130474
v 2.389171 0.767979 -0.428772
v 2.461358 0.744765 1.130352
v 2.390096 0.753195 -0.428894
v 2.462571 0.730136 1.130217
v 2.391310 0.738565 -0.429028
v 2.464072 0.715661 1.130071
v 2.392810 0.724091 -0.429175
v 2.465859 0.701342 1.129911
v 2.394598 0.709771 -0.429334
v 2.467934 0.687177 1.129740
v 2.396673 0.695607 -0.429506
v 2.470296 0.673168 1.129556
v 2.399035 0.681598 -0.429689
v 2.472945 0.659313 1.129360
v 2.401684 0.667743 -0.429885
v 2.475882 0.645614 1.129152
v 2.404620 0.654044 -0.430094
v 2.479106 0.632069 1.128932
v 2.407845 0.640499 -0.430314
v 2.667600 -0.260340 1.115492
v 2.596339 -0.251910 -0.443754
v 2.668195 -0.263757 1.115447
v 2.596933 -0.255328 -0.443799
v 2.668764 -0.267123 1.115402
v 2.597502 -0.258693 -0.443843
v 2.669307 -0.270436 1.115360
v 2.598045 -0.262006 -0.443886
v 2.669824 -0.273697 1.115318
v 2.598562 -0.265267 -0.443927
v 2.670315 -0.276905 1.115279
v 2.599053 -0.268476 -0.443967
v 2.670780 -0.280062 1.115240
v 2.599519 -0.271632 -0.444006
v 2.671220 -0.283166 1.115203
v 2.599958 -0.274736 -0.444042
v 2.671634 -0.286218 1.115168
v 2.600372 -0.277788 -0.444078
v 2.672022 -0.289217 1.115134
v 2.600760 -0.280788 -0.444112
v 2.672384 -0.292165 1.115102
v 2.601123 -0.283735 -0.444144
v 2.672721 -0.295060 1.115071
v 2.601460 -0.286630 -0.444175
v 2.673031 -0.297902 1.115041
v 2.601770 -0.289473 -0.444205
v 2.673316 -0.300693 1.115013
v 2.602055 -0.292263 -0.444233
v 2.673575 -0.303431 1.114986
v 2.602314 -0.295002 -0.444260
v 2.673809 -0.306117 1.114961
v 2.602548 -0.297688 -0.444285
v 2.674017 -0.308751 1.114937
v 2.602756 -0.300321 -0.444309
v 2.674199 -0.311332 1.114915
v 2.602938 -0.302903 -0.444331
v 2.674355 -0.313862 1.114894
v 2.603093 -0.305432 -0.444352
v 2.674485 -0.316339 1.114875
v 2.603224 -0.307909 -0.444371
v 2.674590 -0.318763 1.114857
v 2.603329 -0.310334 -0.444389
v 2.674669 -0.321136 1.114841
v 2.603407 -0.312706 -0.444405
v 2.674722 -0.323456 1.114825
v 2.603461 -0.315026 -0.444420
v 2.674749 -0.325724 1.114812
v 2.603487 -0.317294 -0.444434
v 2.674750 -0.327940 1.114800
v 2.603489 -0.319510 -0.444446
v 2.674258 -0.340091 1.114757
v 2.602997 -0.331661 -0.444489
v 2.672910 -0.351521 1.114757
v 2.601648 -0.343091 -0.444489
v 2.670706 -0.362230 1.114799
v 2.599445 -0.353800 -0.444446
v 2.667647 -0.372218 1.114885
v 2.596385 -0.363788 -0.444361
v 2.663732 -0.381485 1.115014
v 2.592471 -0.373055 -0.444232
v 2.658962 -0.390031 1.115186
v 2.587700 -0.381601 -0.444060
v 2.653336 -0.397855 1.115401
v 2.582074 -0.389426 -0.443845
v 2.646853 -0.404959 1.115659
v 2.575592 -0.396529 -0.443587
v 2.639517 -0.411342 1.115959
v 2.568255 -0.402912 -0.443286
v 2.631324 -0.417003 1.116303
v 2.560062 -0.408574 -0.442943
v 2.622276 -0.421944 1.116690
v 2.551014 -0.413514 -0.442556
v 2.612371 -0.426163 1.117120
v 2.541110 -0.417734 -0.442126
v 2.601442 -0.429857 1.117599
v 2.530180 -0.421427 -0.441646
v 2.589316 -0.433218 1.118135
v 2.518055 -0.424788 -0.441110
v 2.575994 -0.436248 1.118728
v 2.504733 -0.427818 -0.440518
v 2.561476 -0.438945 1.119377
v 2.490215 -0.430516 -0.439869
v 2.545762 -0.441312 1.120082
v 2.474501 -0.432882 -0.439164
v 2.528852 -0.443346 1.120844
v 2.457591 -0.434916 -0.438402
v 2.510746 -0.445049 1.121662
v 2.439484 -0.436619 -0.437583
v 2.491443 -0.446420 1.122537
v 2.420181 -0.437990 -0.436709
v 2.470944 -0.447459 1.123468
v 2.399683 -0.439029 -0.435777
v 2.449249 -0.448166 1.124456
v 2.377988 -0.439737 -0.434790
v 2.426358 -0.448542 1.125500
v 2.355097 -0.440112 -0.433746
v 2.402271 -0.448586 1.126601
v 2.331009 -0.440156 -0.432645
v 2.407517 -0.521807 1.125965
v 2.336256 -0.513377 -0.433281
v 2.445261 -0.534584 1.124171
v 2.374000 -0.526154 -0.435075
v 2.481761 -0.546259 1.122440
v 2.410499 -0.537830 -0.436806
v 2.517016 -0.556834 1.120771
v 2.445755 -0.548404 -0.438474
v 2.551027 -0.566308 1.119166
v 2.479765 -0.557878 -0.440080
v 2.583793 -0.574680 1.117623
v 2.512531 -0.566251 -0.441623
v 2.615316 -0.581952 1.116143
v 2.544055 -0.573522 -0.443103
v 2.645594 -0.588123 1.114726
v 2.574333 -0.579693 -0.444520
v 2.674629 -0.593193 1.113372
v 2.603367 -0.584763 -0.445874
v 2.702418 -0.597162 1.112080
v 2.631156 -0.588732 -0.447166
v 2.728964 -0.600030 1.110851
v 2.657702 -0.591600 -0.448394
v 2.754265 -0.601797 1.109685
v 2.683004 -0.593367 -0.449560
v 2.778322 -0.602463 1.108582
v 2.707061 -0.594034 -0.450663
v 2.796409 -0.602181 1.107757
v 2.725147 -0.593751 -0.451489
v 2.813796 -0.601153 1.106968
v 2.742534 -0.592723 -0.452278
v 2.830483 -0.599378 1.106215
v 2.759222 -0.590948 -0.453031
v 2.846471 -0.596857 1.105498
v 2.775210 -0.588427 -0.453748
v 2.861761 -0.593589 1.104817
v 2.790499 -0.585159 -0.454429
v 2.876351 -0.589575 1.104172
v 2.805089 -0.581145 -0.455074
v 2.890242 -0.584815 1.103563
v 2.818980 -0.576385 -0.455683
v 2.903433 -0.579308 1.102990
v 2.832171 -0.570879 -0.456256
v 2.915926 -0.573055 1.102453
v 2.844664 -0.564626 -0.456793
v 2.927719 -0.566056 1.101951
v 2.856457 -0.557626 -0.457294
v 2.938813 -0.558310 1.101486
v 2.867551 -0.549881 -0.457760
v 2.949208 -0.549818 1.101057
v 2.877946 -0.541389 -0.458189
v 2.958838 -0.540540 1.100667
v 2.887577 -0.532111 -0.458579
v 2.967640 -0.530437 1.100319
v 2.896379 -0.522008 -0.458926
v 2.975613 -0.519509 1.100014
v 2.904351 -0.511080 -0.459232
v 2.982756 -0.507756 1.099751
v 2.911495 -0.499326 -0.459495
v 2.989071 -0.495177 1.099531
v 2.917809 -0.486748 -0.459715
v 2.994556 -0.481774 1.099352
v 2.923295 -0.473344 -0.459893
v 2.999213 -0.467545 1.099216
v 2.927951 -0.459115 -0.460029
v 3.003041 -0.452491 1.099123
v 2.931779 -0.444061 -0.460123
v 3.006039 -0.436611 1.099072
v 2.934778 -0.428182 -0.460174
v 3.008208 -0.419907 1.099063
v 2.936947 -0.411477 -0.460183
v 3.009550 -0.402377 1.099096
v 2.938288 -0.393947 -0.460149
v 3.010061 -0.384022 1.099172
v 2.938799 -0.375593 -0.460074
v 3.010058 -0.379597 1.099196
v 2.938797 -0.371168 -0.460050
v 3.010003 -0.375081 1.099223
v 2.938742 -0.366651 -0.460023
v 3.009897 -0.370473 1.099253
v 2.938635 -0.362044 -0.459993
v 3.009739 -0.365774 1.099286
v 2.938478 -0.357344 -0.459960
v 3.009530 -0.360983 1.099321
v 2.938268 -0.352554 -0.459925
v 3.009268 -0.356101 1.099359
v 2.938007 -0.347671 -0.459886
v 3.008955 -0.351127 1.099401
v 2.937694 -0.342698 -0.459845
v 3.008592 -0.346062 1.099445
v 2.937330 -0.337632 -0.459801
v 3.008175 -0.340905 1.099491
v 2.936914 -0.332476 -0.459754
v 3.007708 -0.335657 1.099541
v 2.936446 -0.327227 -0.459705
v 3.007188 -0.330317 1.099594
v 2.935927 -0.321888 -0.459652
v 3.006617 -0.324886 1.099649
v 2.935356 -0.316456 -0.459597
v 3.005995 -0.319363 1.099708
v 2.934733 -0.310934 -0.459538
v 3.005321 -0.313749 1.099769
v 2.934060 -0.305320 -0.459477
v 3.004595 -0.308044 1.099833
v 2.933334 -0.299614 -0.459413
v 3.003818 -0.302246 1.099900
v 2.932557 -0.293817 -0.459346
v 3.002989 -0.296358 1.099969
v 2.931728 -0.287928 -0.459276
v 3.002109 -0.290378 1.100042
v 2.930847 -0.281948 -0.459204
v 3.001176 -0.284306 1.100117
v 2.929915 -0.275876 -0.459128
v 3.000193 -0.278143 1.100196
v 2.928931 -0.269713 -0.459050
v 2.999157 -0.271888 1.100277
v 2.927896 -0.263459 -0.458969
v 2.998071 -0.265542 1.100361
v 2.926809 -0.257113 -0.458885
v 2.996932 -0.259105 1.100448
v 2.925671 -0.250675 -0.458798
v 2.995742 -0.252576 1.100537
v 2.924481 -0.244146 -0.458709
v 2.821839 0.560936 1.112883
v 2.750577 0.569366 -0.446363
v 2.819213 0.574321 1.113075
v 2.747952 0.582751 -0.446170
v 2.816821 0.587549 1.113256
v 2.745560 0.595978 -0.445989
v 2.814662 0.600619 1.113426
v 2.743401 0.609048 -0.445820
v 2.812737 0.613531 1.113583
v 2.741476 0.621961 -0.445662
v 2.811045 0.626286 1.113730
v 2.739784 0.634716 -0.445516
v 2.809587 0.638884 1.113864
v 2.738326 0.647313 -0.445381
v 2.808362 0.651323 1.113988
v 2.737101 0.659753 -0.445258
v 2.807371 0.663606 1.114099
v 2.736110 0.672035 -0.445146
v 2.806614 0.675730 1.114200
v 2.735353 0.684160 -0.445046
v 2.806090 0.687697 1.114288
v 2.734828 0.696127 -0.444958
v 2.805799 0.699507 1.114365
v 2.734538 0.707937 -0.444880
v 2.805742 0.711159 1.114431
v 2.734481 0.719589 -0.444815
v 2.806255 0.731078 1.114515
v 2.734994 0.739508 -0.444731
v 2.807584 0.750172 1.114558
v 2.736323 0.758601 -0.444688
v 2.809730 0.768440 1.114558
v 2.738468 0.776870 -0.444687
v 2.812690 0.785884 1.114517
v 2.741429 0.794313 -0.444728
v 2.816467 0.802502 1.114435
v 2.745206 0.810932 -0.444811
v 2.821060 0.818295 1.114310
v 2.749799 0.826725 -0.444936
v 2.826469 0.833264 1.114144
v 2.755208 0.841693 -0.445102
v 2.832695 0.847406 1.113936
v 2.761434 0.855836 -0.445310
v 2.839736 0.860724 1.113686
v 2.768475 0.869154 -0.445560
v 2.847593 0.873217 1.113394
v 2.776332 0.881647 -0.445851
v 2.856266 0.884885 1.113061
v 2.785005 0.893315 -0.446185
v 2.865755 0.895727 1.112686
v 2.794494 0.904157 -0.446560
v 2.876190 0.905718 1.112263
v 2.804929 0.914148 -0.446983
v 2.887702 0.914830 1.111786
v 2.816440 0.923260 -0.447460
v 2.900289 0.923063 1.111256
v 2.829027 0.931493 -0.447990
v 2.913952 0.930418 1.110671
v 2.842690 0.938848 -0.448575
v 2.928692 0.936895 1.110032
v 2.857430 0.945325 -0.449214
v 2.944507 0.942493 1.109340
v 2.873246 0.950922 -0.449906
v 2.961400 0.947212 1.108593
v 2.890138 0.955642 -0.450653
v 2.979367 0.951053 1.107793
v 2.908105 0.959483 -0.451453
v 2.998411 0.954015 1.106938
v 2.927149 0.962445 -0.452307
v 3.018531 0.956099 1.106030
v 2.947270 0.964529 -0.453216
v 3.039727 0.957304 1.105068
v 2.968466 0.965734 -0.454178
v 3.061999 0.957631 1.104052
v 2.990738 0.966061 -0.455194
v 3.100011 0.956323 1.102308
v 3.028749 0.964752 -0.456938
v 3.138427 0.952771 1.100533
v 3.067165 0.961200 -0.458713
v 3.177248 0.946975 1.098727
v 3.105987 0.955404 -0.460519
v 3.216475 0.938935 1.096891
v 3.145213 0.947365 -0.462355
v 3.256106 0.928651 1.095024
v 3.184844 0.937081 -0.464222
v 3.296142 0.916124 1.093126
v 3.224881 0.924554 -0.466119
v 3.336584 0.901353 1.091198
v 3.265323 0.909783 -0.468048
v 3.377431 0.884339 1.089239
v 3.306170 0.892768 -0.470006
v 3.418682 0.865080 1.087250
v 3.347421 0.873510 -0.471996
v 3.460339 0.843578 1.085230
v 3.389077 0.852008 -0.474016
v 3.502400 0.819832 1.083179
v 3.431139 0.828262 -0.476067
v 3.544867 0.793842 1.081098
v 3.473606 0.802272 -0.478148
v 3.545199 0.780065 1.081008
v 3.473938 0.788494 -0.478238
v 3.545714 0.766260 1.080910
v 3.474453 0.774690 -0.478336
v 3.546411 0.752428 1.080804
v 3.475149 0.760858 -0.478442
v 3.547289 0.738569 1.080688
v 3.476027 0.746999 -0.478557
v 3.548350 0.724684 1.080565
v 3.477089 0.733113 -0.478681
v 3.549593 0.710771 1.080433
v 3.478332 0.719201 -0.478813
v 3.551019 0.696831 1.080292
v 3.479757 0.705261 -0.478953
v 3.552626 0.682865 1.080143
v 3.481364 0.691294 -0.479102
v 3.554415 0.668871 1.079986
v 3.483153 0.677301 -0.479260
v 3.556386 0.654851 1.079820
v 3.485125 0.663280 -0.479426
v 3.558540 0.640803 1.079646
v 3.487279 0.649233 -0.479600
v 3.560876 0.626728 1.079463
v 3.489615 0.635158 -0.479783
v 3.798446 -0.564333 1.062166
v 3.727185 -0.555904 -0.497080
v 4.135817 -0.584767 1.046637
v 4.064555 -0.576337 -0.512609
v 3.907358 0.555577 1.063243
v 3.836097 0.564006 -0.496003
v 3.904433 0.568963 1.063449
v 3.833171 0.577393 -0.495797
v 3.901767 0.582192 1.063642
v 3.830506 0.590622 -0.495603
v 3.899361 0.595263 1.063823
v 3.828099 0.603693 -0.495423
v 3.897214 0.608177 1.063991
v 3.825953 0.616607 -0.495255
v 3.895328 0.620933 1.064146
v 3.824066 0.629363 -0.495100
v 3.893700 0.633531 1.064289
v 3.822439 0.641961 -0.494957
v 3.892333 0.645971 1.064418
v 3.821071 0.654401 -0.494827
v 3.891224 0.658254 1.064535
v 3.819963 0.666684 -0.494710
v 3.890376 0.670379 1.064640
v 3.819114 0.678809 -0.494606
v 3.889787 0.682347 1.064731
v 3.818525 0.690777 -0.494514
v 3.889457 0.694157 1.064810
v 3.818196 0.702587 -0.494436
v 3.889387 0.705809 1.064877
v 3.818125 0.714239 -0.494369
v 3.889880 0.725728 1.064962
v 3.818619 0.734158 -0.494284
v 3.891150 0.744822 1.065007
v 3.819889 0.753252 -0.494239
v 3.893198 0.763091 1.065012
v 3.821937 0.771521 -0.494234
v 3.896022 0.780535 1.064977
v 3.824761 0.788965 -0.494269
v 3.899624 0.797154 1.064902
v 3.828362 0.805584 -0.494343
v 3.904002 0.812949 1.064788
v 3.832741 0.821379 -0.494458
v 3.909157 0.827918 1.064633
v 3.837896 0.836348 -0.494613
v 3.915090 0.842063 1.064438
v 3.843828 0.850492 -0.494807
v 3.921798 0.855382 1.064204
v 3.850537 0.863812 -0.495042
v 3.929285 0.867877 1.063929
v 3.858023 0.876306 -0.495317
v 3.937547 0.879546 1.063615
v 3.866286 0.887976 -0.495631
v 3.946588 0.890391 1.063260
v 3.875327 0.898821 -0.495986
v 3.956586 0.900384 1.062857
v 3.885325 0.908814 -0.496389
v 3.967727 0.909498 1.062397
v 3.896465 0.917927 -0.496848
v 3.980008 0.917733 1.061881
v 3.908746 0.926162 -0.497365
v 3.993431 0.925089 1.061307
v 3.922169 0.933519 -0.497939
v 4.007994 0.931566 1.060676
v 3.936733 0.939996 -0.498570
v 4.023699 0.937164 1.059989
v 3.952438 0.945594 -0.499257
v 4.040545 0.941884 1.059244
v 3.969284 0.950314 -0.500001
v 4.058532 0.945725 1.058443
v 3.987271 0.954155 -0.500803
v 4.077661 0.948687 1.057585
v 4.006400 0.957116 -0.501661
v 4.097931 0.950770 1.056670
v 4.026670 0.959199 -0.502576
v 4.119342 0.951974 1.055698
v 4.048080 0.960403 -0.503548
v 4.141894 0.952300 1.054669
v 4.070632 0.960729 -0.504577
v 4.178708 0.951049 1.052980
v 4.107446 0.959479 -0.506266
v 4.216032 0.947659 1.051255
v 4.144770 0.956088 -0.507990
v 4.253865 0.942128 1.049496
v 4.182603 0.950558 -0.509749
v 4.292207 0.934458 1.047703
v 4.220946 0.942887 -0.511543
v 4.331060 0.924647 1.045874
v 4.259799 0.933077 -0.513372
v 4.370423 0.912697 1.044010
v 4.299161 0.921127 -0.515235
v 4.410295 0.898607 1.042112
v 4.339033 0.907036 -0.517134
v 4.450676 0.882376 1.040179
v 4.379415 0.890806 -0.519067
v 4.491568 0.864006 1.038210
v 4.420307 0.872436 -0.521035
v 4.532969 0.843496 1.036207
v 4.461708 0.851925 -0.523038
v 4.574881 0.820845 1.034169
v 4.503619 0.829275 -0.525076
v 4.617301 0.796055 1.032097
v 4.546040 0.804485 -0.527149
v 0.911547 0.417408 1.199413
v 0.840284 0.425838 -0.359833
v 0.970126 0.394083 1.196609
v 0.898864 0.402512 -0.362636
v 1.030187 0.372536 1.193748
v 0.958924 0.380965 -0.365498
v 1.091726 0.352766 1.190829
v 1.020464 0.361196 -0.368417
v 1.154748 0.334776 1.187851
v 1.083486 0.343205 -0.371395
v 1.219249 0.318563 1.184816
v 1.147986 0.326993 -0.374430
v 1.285231 0.304129 1.181722
v 1.213968 0.312558 -0.377524
v 1.352694 0.291473 1.178570
v 1.281431 0.299902 -0.380675
v 1.421636 0.280595 1.175361
v 1.350373 0.289024 -0.383885
v 1.492058 0.271495 1.172093
v 1.420795 0.279925 -0.387153
v 1.563962 0.264174 1.168767
v 1.492700 0.272604 -0.390479
v 1.637345 0.258631 1.165383
v 1.566083 0.267061 -0.393862
v 1.712211 0.254866 1.161942
v 1.640948 0.263296 -0.397304
v 1.713352 0.243951 1.161830
v 1.642090 0.252381 -0.397415
v 1.714390 0.233116 1.161724
v 1.643127 0.241545 -0.397521
v 1.715324 0.222359 1.161623
v 1.644062 0.230788 -0.397622
v 1.716154 0.211680 1.161528
v 1.644892 0.220110 -0.397718
v 1.716880 0.201081 1.161437
v 1.645617 0.209510 -0.397808
v 1.717503 0.190560 1.161352
v 1.646240 0.198989 -0.397894
v 1.718022 0.180117 1.161272
v 1.646760 0.188547 -0.397974
v 1.718437 0.169754 1.161197
v 1.647175 0.178183 -0.398049
v 1.718749 0.159469 1.161127
v 1.647487 0.167899 -0.398119
v 1.718956 0.149263 1.161062
v 1.647694 0.157692 -0.398183
v 1.719060 0.139135 1.161003
v 1.647798 0.147565 -0.398243
v 1.719060 0.129087 1.160949
v 1.647798 0.137516 -0.398297
v 1.718035 0.089516 1.160781
v 1.646772 0.097946 -0.398464
v 1.715378 0.051505 1.160697
v 1.644115 0.059934 -0.398548
v 1.711088 0.015052 1.160696
v 1.639826 0.023482 -0.398549
v 1.705166 -0.019841 1.160778
v 1.633904 -0.011412 -0.398467
v 1.697611 -0.053176 1.160944
v 1.626348 -0.044746 -0.398302
v 1.688423 -0.084951 1.161192
v 1.617161 -0.076522 -0.398054
v 1.677604 -0.115168 1.161523
v 1.606341 -0.106738 -0.397723
v 1.665152 -0.143825 1.161937
v 1.593889 -0.135396 -0.397309
v 1.651068 -0.170924 1.162434
v 1.579805 -0.162494 -0.396812
v 1.635350 -0.196463 1.163014
v 1.564088 -0.188033 -0.396232
v 1.618000 -0.220443 1.163678
v 1.546738 -0.212014 -0.395568
v 1.599019 -0.242865 1.164424
v 1.527757 -0.234435 -0.394822
v 1.578548 -0.263597 1.165247
v 1.507286 -0.255168 -0.393998
v 1.556733 -0.282512 1.166142
v 1.485471 -0.274082 -0.393104
v 1.533573 -0.299608 1.167108
v 1.462311 -0.291178 -0.392138
v 1.509068 -0.314886 1.168145
v 1.437806 -0.306456 -0.391100
v 1.483219 -0.328345 1.169254
v 1.411957 -0.319916 -0.389992
v 1.456026 -0.339987 1.170434
v 1.384764 -0.331557 -0.388812
v 1.427487 -0.349810 1.171685
v 1.356225 -0.341380 -0.387561
v 1.397605 -0.357815 1.173008
v 1.326343 -0.349385 -0.386238
v 1.366378 -0.364001 1.174401
v 1.295115 -0.355571 -0.384844
v 1.333805 -0.368369 1.175866
v 1.262543 -0.359940 -0.383379
v 1.299888 -0.370919 1.177403
v 1.228625 -0.362490 -0.381843
v 1.264627 -0.371651 1.179010
v 1.193364 -0.363221 -0.380236
v 1.223620 -0.370484 1.180891
v 1.152358 -0.362054 -0.378355
v 1.182467 -0.367388 1.182788
v 1.111205 -0.358958 -0.376458
v 1.141168 -0.362361 1.184703
v 1.069905 -0.353932 -0.374543
v 1.099723 -0.355405 1.186635
v 1.028461 -0.346976 -0.372611
v 1.058131 -0.346520 1.188583
v 0.986869 -0.338090 -0.370662
v 1.016395 -0.335705 1.190549
v 0.945132 -0.327275 -0.368696
v 0.974510 -0.322960 1.192533
v 0.903248 -0.314530 -0.366713
v 0.932479 -0.308285 1.194533
v 0.861217 -0.299856 -0.364713
v 0.890303 -0.291681 1.196550
v 0.819040 -0.283252 -0.362696
v 0.847980 -0.273147 1.198585
v 0.776717 -0.264718 -0.360661
v 0.805511 -0.252684 1.200636
v 0.734248 -0.244254 -0.358610
v 0.762895 -0.230291 1.202705
v 0.691632 -0.221861 -0.356541
v 0.721308 -0.295774 1.204252
v 0.650045 -0.287344 -0.354994
v 0.742929 -0.318343 1.203141
v 0.671666 -0.309914 -0.356104
v 0.765529 -0.340175 1.201991
v 0.694266 -0.331745 -0.357255
v 0.789108 -0.361268 1.200799
v 0.717846 -0.352839 -0.358447
v 0.813669 -0.381624 1.199566
v 0.742407 -0.373194 -0.359679
v 0.839210 -0.401241 1.198293
v 0.767947 -0.392812 -0.360953
v 0.865732 -0.420121 1.196979
v 0.794470 -0.411691 -0.362267
v 0.893233 -0.438262 1.195624
v 0.821971 -0.429832 -0.363622
v 0.921716 -0.455665 1.194228
v 0.850453 -0.447235 -0.365018
v 0.951179 -0.472330 1.192791
v 0.879916 -0.463901 -0.366454
v 0.981622 -0.488257 1.191314
v 0.910359 -0.479828 -0.367932
v 1.013045 -0.503446 1.189796
v 0.941783 -0.495017 -0.369450
v 1.045448 -0.517897 1.188237
v 0.974186 -0.509468 -0.371009
v 1.078325 -0.531399 1.186661
v 1.007063 -0.522970 -0.372585
v 1.111170 -0.543741 1.185093
v 1.039907 -0.535312 -0.374153
v 1.143980 -0.554923 1.183533
v 1.072718 -0.546493 -0.375712
v 1.176757 -0.564944 1.181981
v 1.105494 -0.556515 -0.377265
v 1.209502 -0.573806 1.180437
v 1.138240 -0.565376 -0.378809
v 1.242214 -0.581507 1.178900
v 1.170952 -0.573077 -0.380346
v 1.274893 -0.588048 1.177371
v 1.203630 -0.579619 -0.381875
v 1.307538 -0.593429 1.175850
v 1.236276 -0.585000 -0.383396
v 1.340151 -0.597650 1.174337
v 1.268888 -0.589220 -0.384909
v 1.372731 -0.600711 1.172831
v 1.301469 -0.592281 -0.386415
v 1.405277 -0.602612 1.171334
v 1.334015 -0.594182 -0.387912
v 1.437791 -0.603352 1.169844
v 1.366529 -0.594922 -0.389402
v 1.484218 -0.602258 1.167728
v 1.412955 -0.593829 -0.391518
v 1.529137 -0.598512 1.165695
v 1.457874 -0.590082 -0.393551
v 1.572546 -0.592111 1.163746
v 1.501284 -0.583682 -0.395500
v 1.614445 -0.583058 1.161880
v 1.543182 -0.574628 -0.397366
v 1.654834 -0.571352 1.160097
v 1.583571 -0.562922 -0.399149
v 1.693714 -0.556992 1.158398
v 1.622452 -0.548562 -0.400848
v 1.731086 -0.539979 1.156782
v 1.659823 -0.531549 -0.402464
v 1.766946 -0.520313 1.155249
v 1.695683 -0.511883 -0.403997
v 1.801297 -0.497993 1.153800
v 1.730035 -0.489564 -0.405446
v 1.834139 -0.473021 1.152434
v 1.762877 -0.464591 -0.406812
v 1.865471 -0.445395 1.151151
v 1.794209 -0.436965 -0.408094
v 1.895293 -0.415116 1.149952
v 1.824031 -0.406686 -0.409294
v 1.923162 -0.382729 1.148854
v 1.851899 -0.374299 -0.410392
v 1.948627 -0.348779 1.147873
v 1.877365 -0.340349 -0.411373
v 1.971694 -0.313266 1.147011
v 1.900432 -0.304837 -0.412235
v 1.992359 -0.276191 1.146267
v 1.921097 -0.267761 -0.412979
v 2.010624 -0.237553 1.145641
v 1.939363 -0.229123 -0.413605
v 2.026488 -0.197351 1.145133
v 1.955227 -0.188922 -0.414112
v 2.039952 -0.155588 1.144744
v 1.968691 -0.147158 -0.414502
v 2.051015 -0.112261 1.144472
v 1.979754 -0.103831 -0.414773
v 2.059678 -0.067371 1.144319
v 1.988417 -0.058942 -0.414927
v 2.065940 -0.020919 1.144284
v 1.994679 -0.012489 -0.414962
v 2.069802 0.027096 1.144367
v 1.998540 0.035526 -0.414879
v 2.071263 0.076674 1.144568
v 2.000001 0.085104 -0.414677
v 2.071138 0.101634 1.144709
v 1.999876 0.110064 -0.414537
v 2.070505 0.126465 1.144872
v 1.999243 0.134895 -0.414374
v 2.069363 0.151169 1.145058
v 1.998102 0.159599 -0.414188
v 2.067713 0.175745 1.145266
v 1.996452 0.184175 -0.413980
v 2.065555 0.200193 1.145497
v 1.994293 0.208623 -0.413749
v 2.062887 0.224514 1.145751
v 1.991626 0.232943 -0.413495
v 2.059712 0.248706 1.146026
v 1.988451 0.257136 -0.413219
v 2.056028 0.272771 1.146325
v 1.984767 0.281200 -0.412921
v 2.051836 0.296708 1.146646
v 1.980575 0.305137 -0.412600
v 2.047135 0.320517 1.146989
v 1.975874 0.328946 -0.412256
v 2.041926 0.344198 1.147356
v 1.970665 0.352627 -0.411890
v 2.036209 0.367751 1.147744
v 1.964947 0.376181 -0.411502
v 2.030028 0.391131 1.148153
v 1.958766 0.399560 -0.411093
v 2.023429 0.414291 1.148580
v 1.952168 0.422721 -0.410666
v 2.016413 0.437232 1.149024
v 1.945152 0.445661 -0.410221
v 2.008979 0.459953 1.149487
v 1.937717 0.468383 -0.409759
v 2.001128 0.482454 1.149968
v 1.929866 0.490884 -0.409278
v 1.992858 0.504737 1.150466
v 1.921597 0.513166 -0.408780
v 1.984171 0.526799 1.150982
v 1.912910 0.535229 -0.408264
v 1.975066 0.548642 1.151517
v 1.903804 0.557072 -0.407729
v 1.965543 0.570266 1.152069
v 1.894281 0.578696 -0.407177
v 1.955603 0.591670 1.152639
v 1.884341 0.600100 -0.406607
v 1.945243 0.612855 1.153227
v 1.873981 0.621285 -0.406019
v 1.934468 0.633820 1.153832
v 1.863206 0.642250 -0.405413
v 1.923300 0.654526 1.154455
v 1.852037 0.662956 -0.404791
v 1.911766 0.674935 1.155092
v 1.840504 0.683365 -0.404153
v 1.899865 0.695045 1.155745
v 1.828603 0.703475 -0.403501
v 1.887599 0.714858 1.156413
v 1.816337 0.723288 -0.402833
v 1.874968 0.734372 1.157095
v 1.803705 0.742802 -0.402150
v 1.861967 0.753589 1.157793
v 1.790705 0.762019 -0.401452
v 1.848603 0.772508 1.158507
v 1.777341 0.780937 -0.400739
v 1.834872 0.791129 1.159235
v 1.763610 0.799558 -0.400011
v 1.820775 0.809451 1.159978
v 1.749513 0.817881 -0.399268
v 1.806313 0.827476 1.160736
v 1.735050 0.835906 -0.398509
v 1.791484 0.845203 1.161510
v 1.720222 0.853633 -0.397736
v 1.776288 0.862632 1.162299
v 1.705026 0.871062 -0.396947
v 1.760753 0.879717 1.163101
v 1.689490 0.888147 -0.396145
v 1.744903 0.896413 1.163916
v 1.673640 0.904843 -0.395330
v 1.728738 0.912719 1.164743
v 1.657475 0.921149 -0.394503
v 1.712259 0.928636 1.165582
v 1.640997 0.937066 -0.393664
v 1.695465 0.944163 1.166433
v 1.624203 0.952593 -0.392812
v 1.678356 0.959301 1.167297
v 1.607094 0.967731 -0.391949
v 1.660934 0.974050 1.168173
v 1.589672 0.982480 -0.391073
v 1.643197 0.988409 1.169061
v 1.571935 0.996839 -0.390185
v 1.625147 1.002378 1.169962
v 1.553885 1.010808 -0.389284
v 1.606781 1.015958 1.170875
v 1.535519 1.024388 -0.388371
v 1.588100 1.029149 1.171800
v 1.516838 1.037579 -0.387446
v 1.569106 1.041950 1.172737
v 1.497844 1.050380 -0.386509
v 1.549829 1.054323 1.173685
v 1.478566 1.062753 -0.385561
v 1.530302 1.066228 1.174642
v 1.459040 1.074657 -0.384604
v 1.510525 1.077664 1.175607
v 1.439262 1.086094 -0.383638
v 1.490499 1.088633 1.176582
v 1.419236 1.097063 -0.382664
v 1.470222 1.099133 1.177565
v 1.398959 1.107563 -0.381680
v 1.449697 1.109166 1.178558
v 1.378434 1.117596 -0.380688
v 1.428921 1.118731 1.179559
v 1.357658 1.127161 -0.379687
v 1.407895 1.127828 1.180569
v 1.336633 1.136258 -0.378677
v 1.386621 1.136457 1.181588
v 1.315358 1.144886 -0.377658
v 1.365094 1.144618 1.182616
v 1.293832 1.153047 -0.376630
v 1.343320 1.152310 1.183653
v 1.272058 1.160740 -0.375593
v 1.321295 1.159535 1.184698
v 1.250032 1.167965 -0.374547
v 1.299052 1.166240 1.185751
v 1.227790 1.174670 -0.373495
v 1.276626 1.172372 1.186809
v 1.205363 1.180802 -0.372437
v 1.254012 1.177932 1.187873
v 1.182750 1.186361 -0.371373
v 1.231215 1.182919 1.188942
v 1.159952 1.191348 -0.370304
v 1.208231 1.187333 1.190016
v 1.136969 1.195763 -0.369230
v 1.185062 1.191175 1.191096
v 1.113800 1.199605 -0.368150
v 1.161709 1.194444 1.192181
v 1.090446 1.202874 -0.367065
v 1.138169 1.197141 1.193271
v 1.066907 1.205571 -0.365975
v 1.114446 1.199265 1.194367
v 1.043183 1.207695 -0.364879
v 1.090536 1.200817 1.195468
v 1.019274 1.209247 -0.363778
v 1.066442 1.201796 1.196574
v 0.995179 1.210226 -0.362672
v 1.042161 1.202203 1.197686
v 0.970899 1.210633 -0.361560
v 1.004472 1.201705 1.199406
v 0.933209 1.210135 -0.359840
v 0.968273 1.199831 1.201050
v 0.897011 1.208261 -0.358196
v 0.933565 1.196581 1.202619
v 0.862303 1.205011 -0.356627
v 0.900347 1.191955 1.204112
v 0.829084 1.200385 -0.355134
v 0.868619 1.185953 1.205530
v 0.797357 1.194383 -0.353716
v 0.838381 1.178576 1.206872
v 0.767118 1.187006 -0.352374
v 0.809633 1.169823 1.208138
v 0.738371 1.178252 -0.351108
v 0.782376 1.159693 1.209329
v 0.711114 1.168123 -0.349917
v 0.756608 1.148189 1.210445
v 0.685346 1.156618 -0.348801
v 0.732331 1.135308 1.211485
v 0.661069 1.143738 -0.347761
v 0.709544 1.121051 1.212449
v 0.638282 1.129481 -0.346797
v 0.688249 1.105418 1.213338
v 0.616986 1.113848 -0.345908
v 0.668547 1.088670 1.214148
v 0.597284 1.097100 -0.345098
v 0.650546 1.071066 1.214875
v 0.579284 1.079496 -0.344371
v 0.634249 1.052607 1.215520
v 0.562986 1.061037 -0.343726
v 0.619650 1.033292 1.216083
v 0.548388 1.041722 -0.343163
v 0.606754 1.013121 1.216563
v 0.535492 1.021551 -0.342683
v 0.595558 0.992095 1.216961
v 0.524296 1.000525 -0.342285
v 0.586064 0.970214 1.217277
v 0.514802 0.978643 -0.341969
v 0.578272 0.947476 1.217510
v 0.507010 0.955906 -0.341736
v 0.572181 0.923883 1.217661
v 0.500918 0.932313 -0.341585
v 0.567789 0.899435 1.217729
v 0.496527 0.907865 -0.341516
v 0.565101 0.874131 1.217716
v 0.493838 0.882561 -0.341530
v 0.564113 0.847972 1.217619
v 0.492850 0.856402 -0.341627
v 0.566586 0.801398 1.217254
v 0.495323 0.809828 -0.341991
v 0.573874 0.756769 1.216680
v 0.502611 0.765199 -0.342566
v 0.585977 0.714083 1.215896
v 0.514714 0.722513 -0.343350
v 0.602893 0.673343 1.214903
v 0.531631 0.681772 -0.344343
v 0.624625 0.634546 1.213700
v 0.553363 0.642976 -0.345546
v 0.651170 0.597693 1.212287
v 0.579907 0.606123 -0.346958
v 0.682530 0.562785 1.210665
v 0.611268 0.571215 -0.348580
v 0.718705 0.529821 1.208834
v 0.647443 0.538251 -0.350412
v 0.759694 0.498802 1.206793
v 0.688432 0.507232 -0.352453
v 0.805497 0.469726 1.204542
v 0.734235 0.478156 -0.354703
v 0.856114 0.442595 1.202082
v 0.784852 0.451025 -0.357163
v 1.466958 0.866974 1.176459
v 1.395696 0.875404 -0.382786
v 1.492589 0.837034 1.175126
v 1.421327 0.845464 -0.384120
v 1.516974 0.805340 1.173840
v 1.445712 0.813770 -0.385405
v 1.540112 0.771893 1.172602
v 1.468850 0.780323 -0.386644
v 1.562006 0.736693 1.171411
v 1.490744 0.745123 -0.387835
v 1.582653 0.699740 1.170268
v 1.511391 0.708169 -0.388978
v 1.602054 0.661033 1.169172
v 1.530791 0.669462 -0.390074
v 1.620209 0.620572 1.168123
v 1.548946 0.629002 -0.391122
v 1.637119 0.578359 1.167122
v 1.565857 0.586788 -0.392123
v 1.652782 0.534392 1.166169
v 1.581520 0.542821 -0.393077
v 1.667199 0.488671 1.165263
v 1.595937 0.497101 -0.393983
v 1.680370 0.441198 1.164404
v 1.609108 0.449627 -0.394842
v 1.692296 0.391971 1.163593
v 1.621034 0.400400 -0.395653
v 1.627146 0.397284 1.166599
v 1.555883 0.405714 -0.392647
v 1.564763 0.403809 1.169486
v 1.493501 0.412239 -0.389760
v 1.505145 0.411545 1.172252
v 1.433883 0.419975 -0.386994
v 1.448295 0.420493 1.174899
v 1.377032 0.428923 -0.384347
v 1.394211 0.430652 1.177425
v 1.322948 0.439082 -0.381820
v 1.342893 0.442023 1.179832
v 1.271630 0.450453 -0.379414
v 1.294342 0.454605 1.182119
v 1.223080 0.463035 -0.377127
v 1.248557 0.468399 1.184286
v 1.177295 0.476829 -0.374960
v 1.205539 0.483404 1.186333
v 1.134276 0.491834 -0.372912
v 1.165287 0.499621 1.188261
v 1.094025 0.508051 -0.370985
v 1.127803 0.517049 1.190068
v 1.056540 0.525479 -0.369178
v 1.093083 0.535689 1.191756
v 1.021821 0.544118 -0.367490
v 1.061144 0.555383 1.193322
v 0.989882 0.563813 -0.365924
v 1.031994 0.575977 1.194765
v 0.960732 0.584406 -0.364481
v 1.005636 0.597468 1.196086
v 0.934374 0.605898 -0.363160
v 0.982068 0.619859 1.197284
v 0.910806 0.628288 -0.361962
v 0.961291 0.643147 1.198360
v 0.890029 0.651577 -0.360886
v 0.943306 0.667335 1.199312
v 0.872044 0.675765 -0.359933
v 0.928112 0.692421 1.200143
v 0.856850 0.700850 -0.359103
v 0.915708 0.718405 1.200850
v 0.844445 0.726835 -0.358396
v 0.906096 0.745288 1.201435
v 0.834833 0.753718 -0.357811
v 0.899273 0.773070 1.201897
v 0.828011 0.781499 -0.357349
v 0.895242 0.801750 1.202236
v 0.823979 0.810179 -0.357010
v 0.894002 0.831329 1.202452
v 0.822740 0.839759 -0.356793
v 0.894503 0.847605 1.202518
v 0.823240 0.856035 -0.356728
v 0.895834 0.863277 1.202541
v 0.824572 0.871707 -0.356704
v 0.897994 0.878346 1.202524
v 0.826732 0.886776 -0.356722
v 0.900987 0.892811 1.202466
v 0.829724 0.901241 -0.356780
v 0.904807 0.906673 1.202366
v 0.833545 0.915103 -0.356880
v 0.909459 0.919931 1.202225
v 0.838197 0.928361 -0.357021
v 0.914941 0.932585 1.202043
v 0.843678 0.941015 -0.357203
v 0.921253 0.944636 1.201820
v 0.849991 0.953066 -0.357426
v 0.928395 0.956083 1.201555
v 0.857133 0.964513 -0.357691
v 0.936367 0.966927 1.201249
v 0.865105 0.975356 -0.357997
v 0.945169 0.977166 1.200902
v 0.873907 0.985596 -0.358343
v 0.954803 0.986803 1.200514
v 0.883540 0.995232 -0.358732
v 0.965148 0.995745 1.200090
v 0.893886 1.004174 -0.359156
v 0.976089 1.003901 1.199634
v 0.904826 1.012331 -0.359612
v 0.987623 1.011274 1.199147
v 0.916361 1.019703 -0.360099
v 0.999753 1.017861 1.198628
v 0.928491 1.026290 -0.360618
v 1.012477 1.023663 1.198078
v 0.941215 1.032093 -0.361168
v 1.025796 1.028680 1.197496
v 0.954534 1.037110 -0.361750
v 1.039711 1.032912 1.196883
v 0.968449 1.041342 -0.362363
v 1.054220 1.036360 1.196239
v 0.982958 1.044790 -0.363007
v 1.069324 1.039022 1.195563
v 0.998061 1.047452 -0.363683
v 1.085022 1.040900 1.194855
v 1.013760 1.049329 -0.364391
v 1.101316 1.041992 1.194116
v 1.030054 1.050422 -0.365129
v 1.118203 1.042300 1.193346
v 1.046941 1.050730 -0.365899
v 1.149840 1.040938 1.191893
v 1.078578 1.049368 -0.367353
v 1.181010 1.037167 1.190448
v 1.109748 1.045597 -0.368798
v 1.211712 1.030988 1.189012
v 1.140450 1.039418 -0.370234
v 1.241945 1.022399 1.187583
v 1.170683 1.030829 -0.371662
v 1.271710 1.011402 1.186164
v 1.200448 1.019832 -0.373082
v 1.301007 0.997996 1.184752
v 1.229745 1.006426 -0.374494
v 1.329837 0.982181 1.183349
v 1.258574 0.990611 -0.375897
v 1.358197 0.963958 1.181954
v 1.286935 0.972387 -0.377291
v 1.386090 0.943325 1.180568
v 1.314828 0.951755 -0.378678
v 1.413515 0.920284 1.179190
v 1.342253 0.928714 -0.380056
v 1.440471 0.894833 1.177821
v 1.369208 0.903263 -0.381425
v -2.855984 -0.124215 1.368671
v -2.927246 -0.115785 -0.190575
v -2.780446 -0.201627 1.364800
v -2.851708 -0.193198 -0.194445
v -2.702047 -0.272355 1.360835
v -2.773310 -0.263926 -0.198411
v -2.620790 -0.336398 1.356775
v -2.692053 -0.327968 -0.202471
v -2.536672 -0.393756 1.352621
v -2.607934 -0.385326 -0.206625
v -2.449695 -0.444429 1.348372
v -2.520957 -0.435999 -0.210874
v -2.359857 -0.488417 1.344028
v -2.431119 -0.479987 -0.215218
v -2.267159 -0.525719 1.339590
v -2.338421 -0.517290 -0.219656
v -2.171601 -0.556337 1.335057
v -2.242864 -0.547908 -0.224189
v -2.073183 -0.580270 1.330429
v -2.144445 -0.571840 -0.228816
v -1.971907 -0.597518 1.325708
v -2.043169 -0.589088 -0.233538
v -1.867769 -0.608081 1.320891
v -1.939032 -0.599651 -0.238355
v -1.760774 -0.611959 1.315980
v -1.832036 -0.603529 -0.243266
v -1.676620 -0.610406 1.312142
v -1.747882 -0.601976 -0.247103
v -1.595386 -0.604903 1.308460
v -1.666648 -0.596473 -0.250786
v -1.517074 -0.595449 1.304932
v -1.588336 -0.587020 -0.254314
v -1.441685 -0.582045 1.301559
v -1.512947 -0.573616 -0.257687
v -1.369216 -0.564691 1.298341
v -1.440478 -0.556261 -0.260905
v -1.299671 -0.543386 1.295277
v -1.370934 -0.534956 -0.263969
v -1.233048 -0.518131 1.292369
v -1.304311 -0.509701 -0.266877
v -1.169347 -0.488925 1.289616
v -1.240609 -0.480495 -0.269630
v -1.108568 -0.455768 1.287017
v -1.179831 -0.447339 -0.272229
v -1.050711 -0.418661 1.284573
v -1.121973 -0.410232 -0.274672
v -0.995776 -0.377604 1.282285
v -1.067039 -0.369174 -0.276961
v -0.943762 -0.332596 1.280151
v -1.015024 -0.324166 -0.279095
v -0.895297 -0.283973 1.278199
v -0.966559 -0.275544 -0.281047
v -0.851008 -0.232072 1.276455
v -0.922271 -0.223642 -0.282791
v -0.810896 -0.176891 1.274920
v -0.882158 -0.168462 -0.284326
v -0.774958 -0.118432 1.273594
v -0.846220 -0.110002 -0.285652
v -0.743195 -0.056693 1.272476
v -0.814457 -0.048264 -0.286770
v -0.715608 0.008324 1.271567
v -0.786870 0.016753 -0.287679
v -0.692196 0.076620 1.270866
v -0.763458 0.085050 -0.288380
v -0.672960 0.148195 1.270374
v -0.744223 0.156625 -0.288872
v -0.657900 0.223050 1.270090
v -0.729162 0.231479 -0.289156
v -0.647015 0.301183 1.270015
v -0.718277 0.309612 -0.289231
v -0.640305 0.382595 1.270149
v -0.711567 0.391024 -0.289097
v -0.637771 0.467286 1.270491
v -0.709033 0.475715 -0.288755
v -0.640287 0.580981 1.271220
v -0.711550 0.589411 -0.288026
v -0.649031 0.691853 1.272219
v -0.720293 0.700283 -0.287027
v -0.663997 0.799901 1.273487
v -0.735259 0.808331 -0.285758
v -0.685189 0.905126 1.275025
v -0.756452 0.913556 -0.284221
v -0.712606 1.007527 1.276831
v -0.783869 1.015957 -0.282414
v -0.746250 1.107105 1.278907
v -0.817513 1.115535 -0.280338
v -0.786117 1.203859 1.281252
v -0.857379 1.212289 -0.277993
v -0.832210 1.297790 1.283867
v -0.903472 1.306219 -0.275379
v -0.884527 1.388897 1.286750
v -0.955790 1.397326 -0.272495
v -0.943069 1.477180 1.289903
v -1.014332 1.485610 -0.269343
v -1.007838 1.562640 1.293325
v -1.079101 1.571070 -0.265921
v -1.078832 1.645277 1.297017
v -1.150094 1.653706 -0.262229
v -1.154355 1.723139 1.300889
v -1.225617 1.731568 -0.258357
v -1.232712 1.794277 1.304855
v -1.303974 1.802707 -0.254391
v -1.313903 1.858691 1.308914
v -1.385165 1.867121 -0.250332
v -1.397928 1.916381 1.313066
v -1.469191 1.924810 -0.246180
v -1.484788 1.967346 1.317311
v -1.556050 1.975776 -0.241935
v -1.574481 2.011587 1.321650
v -1.645743 2.020017 -0.237596
v -1.667008 2.049104 1.326081
v -1.738271 2.057534 -0.233165
v -1.762370 2.079897 1.330606
v -1.833632 2.088327 -0.228640
v -1.860565 2.103966 1.335224
v -1.931828 2.112395 -0.224022
v -1.961595 2.121310 1.339935
v -2.032857 2.129740 -0.219311
v -2.065458 2.131930 1.344739
v -2.136721 2.140360 -0.214507
v -2.172153 2.135826 1.349637
v -2.243415 2.144256 -0.209609
v -2.256315 2.134287 1.353475
v -2.327578 2.142717 -0.205771
v -2.337568 2.128823 1.357159
v -2.408831 2.137253 -0.202087
v -2.415913 2.119435 1.360688
v -2.487175 2.127864 -0.198557
v -2.491346 2.106122 1.364064
v -2.562609 2.114552 -0.195182
v -2.563871 2.088886 1.367285
v -2.635134 2.097315 -0.191960
v -2.633488 2.067724 1.370353
v -2.704750 2.076154 -0.188893
v -2.700194 2.042639 1.373266
v -2.771457 2.051068 -0.185980
v -2.763993 2.013629 1.376025
v -2.835256 2.022058 -0.183221
v -2.824882 1.980694 1.378629
v -2.896144 1.989124 -0.180616
v -2.882861 1.943836 1.381080
v -2.954123 1.952265 -0.178166
v -2.937931 1.903053 1.383376
v -3.009193 1.911482 -0.175870
v -2.990091 1.858345 1.385518
v -3.061354 1.866775 -0.173727
v -3.038705 1.809997 1.387479
v -3.109967 1.818427 -0.171767
v -3.083130 1.758292 1.389230
v -3.154392 1.766721 -0.170016
v -3.123366 1.703229 1.390771
v -3.194629 1.711658 -0.168475
v -3.159414 1.644809 1.392102
v -3.230677 1.653239 -0.167143
v -3.191275 1.583032 1.393225
v -3.262537 1.591462 -0.166021
v -3.218946 1.517898 1.394137
v -3.290209 1.526328 -0.165109
v -3.242432 1.449407 1.394840
v -3.313694 1.457836 -0.164406
v -3.261726 1.377558 1.395334
v -3.332989 1.385988 -0.163912
v -3.276834 1.302352 1.395617
v -3.348097 1.310782 -0.163628
v -3.287756 1.223789 1.395692
v -3.359018 1.232219 -0.163554
v -3.294487 1.141869 1.395557
v -3.365749 1.150299 -0.163689
v -3.297030 1.056591 1.395212
v -3.368293 1.065021 -0.164034
v -3.294518 0.942016 1.394478
v -3.365780 0.950446 -0.164768
v -3.285779 0.830382 1.393475
v -3.357041 0.838812 -0.165771
v -3.270816 0.721688 1.392203
v -3.342078 0.730118 -0.167043
v -3.249626 0.615936 1.390663
v -3.320889 0.624365 -0.168583
v -3.222211 0.513124 1.388854
v -3.293473 0.521554 -0.170391
v -3.188569 0.413253 1.386777
v -3.259831 0.421683 -0.172469
v -3.148704 0.316323 1.384431
v -3.219966 0.324753 -0.174815
v -3.102611 0.222334 1.381816
v -3.173873 0.230763 -0.177430
v -3.050293 0.131285 1.378933
v -3.121555 0.139715 -0.180313
v -2.991749 0.043178 1.375781
v -3.063011 0.051608 -0.183465
v -2.926979 -0.041989 1.372360
v -2.998241 -0.033559 -0.186885
v -2.605128 -0.015660 1.357793
v -2.676391 -0.007231 -0.201453
v -2.651752 0.059870 1.360332
v -2.723015 0.068299 -0.198913
v -2.694271 0.138651 1.362702
v -2.765533 0.147081 -0.196544
v -2.732686 0.220683 1.364901
v -2.803948 0.229113 -0.194345
v -2.766995 0.305967 1.366930
v -2.838258 0.314396 -0.192316
v -2.797199 0.394501 1.368789
v -2.868462 0.402931 -0.190457
v -2.823299 0.486287 1.370478
v -2.894562 0.494717 -0.188768
v -2.845293 0.581324 1.371997
v -2.916555 0.589753 -0.187249
v -2.863182 0.679611 1.373346
v -2.934444 0.688041 -0.185900
v -2.876966 0.781150 1.374525
v -2.948229 0.789580 -0.184721
v -2.886646 0.885940 1.375534
v -2.957909 0.894370 -0.183712
v -2.892219 0.993981 1.376372
v -2.963481 1.002411 -0.182873
v -2.893682 1.105273 1.377041
v -2.964945 1.113703 -0.182205
v -2.891912 1.173142 1.377327
v -2.963175 1.181572 -0.181919
v -2.887316 1.238495 1.377470
v -2.958578 1.246924 -0.181776
v -2.879894 1.301331 1.377471
v -2.951157 1.309760 -0.181775
v -2.869649 1.361650 1.377329
v -2.940911 1.370080 -0.181917
v -2.856577 1.419454 1.377044
v -2.927839 1.427883 -0.182202
v -2.840680 1.474741 1.376616
v -2.911942 1.483170 -0.182630
v -2.821959 1.527511 1.376046
v -2.893222 1.535941 -0.183200
v -2.800410 1.577766 1.375333
v -2.871673 1.586195 -0.183913
v -2.776037 1.625504 1.374477
v -2.847300 1.633933 -0.184769
v -2.748839 1.670725 1.373478
v -2.820102 1.679155 -0.185768
v -2.718815 1.713430 1.372337
v -2.790077 1.721860 -0.186909
v -2.685967 1.753620 1.371053
v -2.757230 1.762049 -0.188193
v -2.650739 1.790917 1.369645
v -2.722001 1.799346 -0.189601
v -2.613574 1.824946 1.368130
v -2.684836 1.833375 -0.191116
v -2.574472 1.855707 1.366509
v -2.645735 1.864136 -0.192737
v -2.533434 1.883200 1.364782
v -2.604696 1.891630 -0.194463
v -2.490461 1.907425 1.362949
v -2.561724 1.915855 -0.196297
v -2.445552 1.928383 1.361010
v -2.516814 1.936812 -0.198236
v -2.398705 1.946072 1.358965
v -2.469968 1.954502 -0.200281
v -2.349922 1.960494 1.356813
v -2.421185 1.968924 -0.202433
v -2.299204 1.971648 1.354556
v -2.370466 1.980078 -0.204690
v -2.246550 1.979534 1.352192
v -2.317812 1.987963 -0.207054
v -2.191959 1.984152 1.349722
v -2.263222 1.992581 -0.209524
v -2.135432 1.985501 1.347146
v -2.206695 1.993931 -0.212100
v -2.051056 1.981996 1.343270
v -2.122318 1.990425 -0.215975
v -1.969784 1.972328 1.339504
v -2.041046 1.980757 -0.219742
v -1.891617 1.956498 1.335846
v -1.962879 1.964927 -0.223400
v -1.816554 1.934505 1.332296
v -1.887816 1.942934 -0.226950
v -1.744596 1.906349 1.328855
v -1.815858 1.914779 -0.230390
v -1.675740 1.872032 1.325523
v -1.747003 1.880461 -0.233723
v -1.609991 1.831551 1.322299
v -1.681253 1.839981 -0.236947
v -1.547346 1.784909 1.319184
v -1.618608 1.793338 -0.240062
v -1.487806 1.732104 1.316177
v -1.559069 1.740533 -0.243068
v -1.431371 1.673136 1.313279
v -1.502633 1.681566 -0.245966
v -1.378040 1.608006 1.310490
v -1.449303 1.616436 -0.248756
v -1.327813 1.536713 1.307809
v -1.399076 1.545143 -0.251437
v -1.281191 1.460785 1.305268
v -1.352453 1.469215 -0.253978
v -1.238673 1.381750 1.302897
v -1.309936 1.390180 -0.256349
v -1.200261 1.299607 1.300698
v -1.271523 1.308037 -0.258548
v -1.165951 1.214356 1.298669
v -1.237213 1.222786 -0.260577
v -1.135747 1.125998 1.296811
v -1.207009 1.134427 -0.262435
v -1.109646 1.034531 1.295123
v -1.180908 1.042961 -0.264123
v -1.087651 0.939957 1.293607
v -1.158914 0.948387 -0.265639
v -1.069758 0.842275 1.292261
v -1.141021 0.850705 -0.266985
v -1.055971 0.741486 1.291086
v -1.127234 0.749916 -0.268160
v -1.046288 0.637589 1.290082
v -1.117551 0.646018 -0.269164
v -1.040709 0.530584 1.289248
v -1.111972 0.539013 -0.269998
v -1.039234 0.420471 1.288585
v -1.110497 0.428901 -0.270660
v -1.040982 0.353182 1.288301
v -1.112245 0.361612 -0.270944
v -1.045516 0.288318 1.288158
v -1.116778 0.296748 -0.271088
v -1.052838 0.225879 1.288155
v -1.124101 0.234309 -0.271091
v -1.062945 0.165865 1.288293
v -1.134208 0.174295 -0.270953
v -1.075841 0.108276 1.288571
v -1.147103 0.116705 -0.270675
v -1.091522 0.053111 1.288989
v -1.162785 0.061541 -0.270257
v -1.109990 0.000372 1.289548
v -1.181252 0.008802 -0.269698
v -1.131245 -0.049942 1.290247
v -1.202507 -0.041513 -0.268998
v -1.155287 -0.097832 1.291087
v -1.226549 -0.089402 -0.268159
v -1.182114 -0.143296 1.292068
v -1.253376 -0.134867 -0.267178
v -1.211730 -0.186336 1.293188
v -1.282992 -0.177906 -0.266057
v -1.244132 -0.226951 1.294450
v -1.315394 -0.218521 -0.264796
v -1.278954 -0.264699 1.295837
v -1.350216 -0.256270 -0.263409
v -1.315827 -0.299140 1.297336
v -1.387090 -0.290711 -0.261910
v -1.354755 -0.330274 1.298947
v -1.426018 -0.321844 -0.260299
v -1.395737 -0.358099 1.300669
v -1.466999 -0.349670 -0.258576
v -1.438771 -0.382618 1.302504
v -1.510034 -0.374188 -0.256742
v -1.483859 -0.403828 1.304450
v -1.555121 -0.395399 -0.254796
v -1.530998 -0.421731 1.306507
v -1.602261 -0.413302 -0.252739
v -1.580193 -0.436327 1.308677
v -1.651455 -0.427897 -0.250569
v -1.631439 -0.447615 1.310958
v -1.702702 -0.439185 -0.248288
v -1.684738 -0.455595 1.313350
v -1.756001 -0.447166 -0.245895
v -1.740089 -0.460268 1.315855
v -1.811352 -0.451839 -0.243391
v -1.797494 -0.461634 1.318471
v -1.868756 -0.453204 -0.240775
v -1.881870 -0.458148 1.322346
v -1.953133 -0.449718 -0.236900
v -1.963142 -0.448538 1.326113
v -2.034405 -0.440109 -0.233133
v -2.041310 -0.432806 1.329770
v -2.112573 -0.424376 -0.229476
v -2.116373 -0.410950 1.333319
v -2.187635 -0.402520 -0.225927
v -2.188334 -0.382970 1.336759
v -2.259596 -0.374541 -0.222487
v -2.257189 -0.348867 1.340090
v -2.328451 -0.340438 -0.219156
v -2.322940 -0.308641 1.343313
v -2.394202 -0.300212 -0.215933
v -2.385586 -0.262292 1.346426
v -2.456848 -0.253862 -0.212820
v -2.445127 -0.209819 1.349431
v -2.516390 -0.201389 -0.209815
v -2.501565 -0.151223 1.352327
v -2.572827 -0.142793 -0.206919
v -2.554897 -0.086503 1.355115
v -2.626160 -0.078074 -0.204131
v -4.202467 -0.006836 1.430844
v -4.273729 0.001594 -0.128402
v -4.203797 -0.019967 1.430834
v -4.275060 -0.011537 -0.128412
v -4.205154 -0.033098 1.430825
v -4.276417 -0.024668 -0.128421
v -4.206537 -0.046228 1.430817
v -4.277800 -0.037799 -0.128429
v -4.207946 -0.059359 1.430810
v -4.279208 -0.050929 -0.128436
v -4.209381 -0.072489 1.430805
v -4.280643 -0.064060 -0.128441
v -4.210842 -0.085620 1.430801
v -4.282104 -0.077190 -0.128445
v -4.212330 -0.098750 1.430798
v -4.283592 -0.090320 -0.128448
v -4.213842 -0.111880 1.430796
v -4.285105 -0.103450 -0.128450
v -4.215383 -0.125010 1.430795
v -4.286645 -0.116580 -0.128451
v -4.216948 -0.138140 1.430796
v -4.288210 -0.129710 -0.128450
v -4.218538 -0.151270 1.430797
v -4.289801 -0.142840 -0.128448
v -4.220156 -0.164399 1.430800
v -4.291418 -0.155970 -0.128446
v -4.239887 -0.139252 1.431838
v -4.311150 -0.130822 -0.127408
v -4.259345 -0.114054 1.432863
v -4.330607 -0.105624 -0.126382
v -4.278530 -0.088805 1.433877
v -4.349792 -0.080375 -0.125369
v -4.297441 -0.063505 1.434878
v -4.368703 -0.055075 -0.124368
v -4.316077 -0.038154 1.435867
v -4.387340 -0.029725 -0.123379
v -4.334441 -0.012753 1.436843
v -4.405704 -0.004323 -0.122403
v -4.352530 0.012699 1.437808
v -4.423793 0.021129 -0.121438
v -4.370346 0.038202 1.438760
v -4.441608 0.046632 -0.120486
v -4.387890 0.063756 1.439700
v -4.459152 0.072186 -0.119546
v -4.405158 0.089360 1.440627
v -4.476420 0.097790 -0.118618
v -4.422153 0.115016 1.441543
v -4.493416 0.123445 -0.117703
v -4.438873 0.140722 1.442446
v -4.510136 0.149151 -0.116800
v -4.455263 0.166491 1.443334
v -4.526525 0.174921 -0.115912
v -4.471262 0.192337 1.444205
v -4.542524 0.200767 -0.115041
v -4.486868 0.218259 1.445059
v -4.558130 0.226689 -0.114187
v -4.502084 0.244258 1.445894
v -4.573346 0.252687 -0.113351
v -4.516909 0.270332 1.446713
v -4.588171 0.278762 -0.112533
v -4.531343 0.296483 1.447514
v -4.602605 0.304913 -0.111732
v -4.545386 0.322710 1.448298
v -4.616649 0.331140 -0.110948
v -4.559037 0.349014 1.449064
v -4.630300 0.357443 -0.110182
v -4.572298 0.375393 1.449812
v -4.643560 0.383823 -0.109433
v -4.585168 0.401849 1.450544
v -4.656430 0.410279 -0.108702
v -4.597649 0.428382 1.451257
v -4.668911 0.436811 -0.107988
v -4.609735 0.454990 1.451954
v -4.680998 0.463420 -0.107292
v -4.621407 0.481694 1.452631
v -4.692669 0.490124 -0.106614
v -4.632634 0.508514 1.453290
v -4.703897 0.516944 -0.105956
v -4.643419 0.535448 1.453928
v -4.714682 0.543878 -0.105318
v -4.653761 0.562498 1.454547
v -4.725023 0.570928 -0.104699
v -4.663659 0.589662 1.455146
v -4.734921 0.598092 -0.104100
v -4.673114 0.616942 1.455726
v -4.744376 0.625372 -0.103520
v -4.682125 0.644337 1.456286
v -4.753387 0.652767 -0.102960
v -4.690694 0.671847 1.456826
v -4.761956 0.680277 -0.102420
v -4.698818 0.699472 1.457347
v -4.770081 0.707902 -0.101899
v -4.706500 0.727213 1.457848
v -4.777762 0.735642 -0.101398
v -4.713737 0.755068 1.458329
v -4.785000 0.763498 -0.100917
v -4.720531 0.783038 1.458791
v -4.791793 0.791468 -0.100455
v -4.726824 0.811124 1.459230
v -4.798086 0.819553 -0.100016
v -4.732556 0.839323 1.459645
v -4.803819 0.847753 -0.099601
v -4.737728 0.867638 1.460034
v -4.808990 0.876067 -0.099212
v -4.742340 0.896066 1.460399
v -4.813602 0.904496 -0.098847
v -4.746390 0.924610 1.460738
v -4.817653 0.933040 -0.098508
v -4.749881 0.953268 1.461053
v -4.821143 0.961698 -0.098193
v -4.752810 0.982040 1.461342
v -4.824073 0.990470 -0.097904
v -4.755181 1.010927 1.461607
v -4.826444 1.019357 -0.097639
v -4.756991 1.039929 1.461846
v -4.828254 1.048359 -0.097400
v -4.758241 1.069045 1.462061
v -4.829503 1.077475 -0.097185
v -4.758929 1.098276 1.462250
v -4.830192 1.106706 -0.096996
v -4.759057 1.127621 1.462415
v -4.830319 1.136050 -0.096831
v -4.788677 1.135352 1.463810
v -4.859940 1.143782 -0.095436
v -4.818244 1.143240 1.465204
v -4.889506 1.151670 -0.094042
v -4.847757 1.151284 1.466596
v -4.919020 1.159714 -0.092650
v -4.877217 1.159484 1.467987
v -4.948480 1.167914 -0.091259
v -4.906626 1.167840 1.469376
v -4.977888 1.176270 -0.089870
v -4.935980 1.176353 1.470764
v -5.007242 1.184783 -0.088482
v -4.965282 1.185021 1.472150
v -5.036545 1.193451 -0.087096
v -4.994533 1.193846 1.473534
v -5.065795 1.202276 -0.085711
v -5.023728 1.202826 1.474917
v -5.094991 1.211256 -0.084329
v -5.052871 1.211963 1.476299
v -5.124133 1.220393 -0.082947
v -5.081962 1.221256 1.477678
v -5.153224 1.229686 -0.081567
v -5.110998 1.230705 1.479057
v -5.182261 1.239135 -0.080189
v -5.131700 1.215793 1.479922
v -5.202962 1.224223 -0.079324
v -5.131432 1.195851 1.479802
v -5.202694 1.204281 -0.079444
v -5.130424 1.175436 1.479645
v -5.201686 1.183865 -0.079600
v -5.128677 1.154548 1.479453
v -5.199940 1.162978 -0.079793
v -5.126189 1.133187 1.479224
v -5.197452 1.141617 -0.080022
v -5.122963 1.111353 1.478958
v -5.194225 1.119783 -0.080288
v -5.118998 1.089047 1.478656
v -5.190260 1.097476 -0.080590
v -5.114291 1.066267 1.478318
v -5.185554 1.074697 -0.080928
v -5.108845 1.043015 1.477943
v -5.180107 1.051445 -0.081302
v -5.102660 1.019290 1.477532
v -5.173923 1.027720 -0.081713
v -5.095735 0.995092 1.477085
v -5.166997 1.003522 -0.082161
v -5.088068 0.970421 1.476601
v -5.159330 0.978851 -0.082644
v -5.079665 0.945278 1.476081
v -5.150928 0.953707 -0.083164
v -5.070663 0.919792 1.475532
v -5.141926 0.928222 -0.083714
v -5.061207 0.894096 1.474961
v -5.132469 0.902526 -0.084285
v -5.051296 0.868189 1.474368
v -5.122559 0.876619 -0.084878
v -5.040931 0.842071 1.473753
v -5.112193 0.850501 -0.085493
v -5.030110 0.815742 1.473116
v -5.101373 0.824172 -0.086129
v -5.018836 0.789203 1.472458
v -5.090098 0.797633 -0.086788
v -5.007107 0.762453 1.471777
v -5.078369 0.770883 -0.087469
v -4.994924 0.735492 1.471074
v -5.066186 0.743922 -0.088171
v -4.982285 0.708320 1.470350
v -5.053547 0.716750 -0.088896
v -4.969193 0.680938 1.469603
v -5.040455 0.689368 -0.089642
v -4.955645 0.653345 1.468835
v -5.026907 0.661774 -0.090411
v -4.941641 0.625541 1.468045
v -5.012903 0.633970 -0.091201
v -4.927243 0.597591 1.467236
v -4.998506 0.606021 -0.092010
v -4.912506 0.569562 1.466411
v -4.983768 0.577992 -0.092835
v -4.897431 0.541453 1.465570
v -4.968694 0.549883 -0.093676
v -4.882019 0.513264 1.464713
v -4.953281 0.521694 -0.094533
v -4.866268 0.484995 1.463840
v -4.937531 0.493425 -0.095406
v -4.850179 0.456647 1.462952
v -4.921441 0.465076 -0.096294
v -4.833751 0.428218 1.462047
v -4.905013 0.436648 -0.097199
v -4.816985 0.399710 1.461127
v -4.888247 0.408139 -0.098119
v -4.799883 0.371121 1.460191
v -4.871145 0.379551 -0.099055
v -4.782441 0.342453 1.459238
v -4.853703 0.350883 -0.100007
v -4.764661 0.313705 1.458271
v -4.835923 0.322135 -0.100975
v -4.746544 0.284877 1.457287
v -4.817806 0.293307 -0.101959
v -4.728230 0.256120 1.456294
v -4.799493 0.264550 -0.102952
v -4.709864 0.227584 1.455301
v -4.781126 0.236014 -0.103945
v -4.691444 0.199270 1.454306
v -4.762707 0.207699 -0.104940
v -4.672971 0.171176 1.453309
v -4.744233 0.179606 -0.105936
v -4.654445 0.143304 1.452312
v -4.725707 0.151734 -0.106934
v -4.635864 0.115654 1.451313
v -4.707127 0.124083 -0.107932
v -4.617232 0.088224 1.450314
v -4.688495 0.096654 -0.108932
v -4.598546 0.061016 1.449312
v -4.669808 0.069446 -0.109933
v -4.579807 0.034029 1.448310
v -4.651070 0.042459 -0.110936
v -4.561014 0.007264 1.447307
v -4.632277 0.015694 -0.111939
v -4.542169 -0.019280 1.446302
v -4.613431 -0.010850 -0.112944
v -4.523270 -0.045603 1.445296
v -4.594532 -0.037173 -0.113950
v -4.504383 -0.071645 1.444292
v -4.575645 -0.063216 -0.114954
v -4.485572 -0.097349 1.443293
v -4.556834 -0.088919 -0.115953
v -4.466838 -0.122713 1.442300
v -4.538100 -0.114283 -0.116946
v -4.448179 -0.147738 1.441312
v -4.519442 -0.139308 -0.117934
v -4.429596 -0.172423 1.440329
v -4.500858 -0.163994 -0.118917
v -4.411091 -0.196770 1.439352
v -4.482353 -0.188340 -0.119894
v -4.392662 -0.220777 1.438380
v -4.463924 -0.212347 -0.120866
v -4.374310 -0.244445 1.437413
v -4.445572 -0.236015 -0.121833
v -4.356032 -0.267773 1.436451
v -4.427295 -0.259344 -0.122795
v -4.337832 -0.290763 1.435495
v -4.409095 -0.282333 -0.123751
v -4.319709 -0.313413 1.434545
v -4.390971 -0.304983 -0.124701
v -4.301661 -0.335724 1.433599
v -4.372924 -0.327294 -0.125647
v -4.283819 -0.357571 1.432666
v -4.355082 -0.349141 -0.126580
v -4.266314 -0.378830 1.431751
v -4.337576 -0.370400 -0.127495
v -4.249143 -0.399501 1.430854
v -4.320405 -0.391071 -0.128392
v -4.232308 -0.419584 1.429976
v -4.303571 -0.411154 -0.129270
v -4.215809 -0.439078 1.429117
v -4.287071 -0.430649 -0.130129
v -4.199644 -0.457985 1.428276
v -4.270906 -0.449555 -0.130970
v -4.183816 -0.476303 1.427453
v -4.255078 -0.467873 -0.131793
v -4.168323 -0.494033 1.426649
v -4.239585 -0.485603 -0.132596
v -4.153166 -0.511175 1.425864
v -4.224428 -0.502745 -0.133382
v -4.138344 -0.527729 1.425097
v -4.209606 -0.519299 -0.134149
v -4.123857 -0.543694 1.424349
v -4.195119 -0.535265 -0.134897
v -4.109705 -0.559072 1.423619
v -4.180967 -0.550642 -0.135627
v -3.959799 -0.574826 1.416682
v -4.031061 -0.566397 -0.142563
v -3.954893 -0.535275 1.416672
v -4.026155 -0.526845 -0.142574
v -3.949964 -0.496023 1.416659
v -4.021226 -0.487594 -0.142587
v -3.945010 -0.457072 1.416643
v -4.016273 -0.448642 -0.142603
v -3.940032 -0.418420 1.416625
v -4.011294 -0.409990 -0.142621
v -3.935029 -0.380068 1.416603
v -4.006291 -0.371638 -0.142643
v -3.930001 -0.342016 1.416579
v -4.001264 -0.333586 -0.142667
v -3.924950 -0.304264 1.416553
v -3.996212 -0.295834 -0.142693
v -3.919874 -0.266812 1.416523
v -3.991137 -0.258382 -0.142723
v -3.914773 -0.229659 1.416491
v -3.986035 -0.221230 -0.142755
v -3.909648 -0.192807 1.416456
v -3.980910 -0.184377 -0.142790
v -3.904499 -0.156254 1.416418
v -3.975761 -0.147825 -0.142828
v -3.899324 -0.120002 1.416378
v -3.970587 -0.111572 -0.142868
v -3.894072 -0.083802 1.416333
v -3.965334 -0.075372 -0.142913
v -3.888689 -0.047407 1.416284
v -3.959951 -0.038977 -0.142962
v -3.883173 -0.010817 1.416230
v -3.954435 -0.002387 -0.143016
v -3.877527 0.025968 1.416170
v -3.948790 0.034398 -0.143075
v -3.871751 0.062948 1.416106
v -3.943013 0.071377 -0.143139
v -3.865843 0.100122 1.416037
v -3.937105 0.108552 -0.143209
v -3.859803 0.137491 1.415963
v -3.931066 0.145921 -0.143283
v -3.853633 0.175055 1.415884
v -3.924895 0.183485 -0.143361
v -3.847331 0.212814 1.415801
v -3.918593 0.221244 -0.143445
v -3.840899 0.250768 1.415712
v -3.912161 0.259198 -0.143534
v -3.834334 0.288917 1.415618
v -3.905597 0.297347 -0.143628
v -3.827641 0.327260 1.415519
v -3.898904 0.335690 -0.143727
v -3.825672 0.339013 1.415493
v -3.896935 0.347443 -0.143753
v -3.823637 0.351144 1.415465
v -3.894899 0.359573 -0.143780
v -3.821534 0.363652 1.415437
v -3.892797 0.372082 -0.143809
v -3.819365 0.376538 1.415408
v -3.890627 0.384967 -0.143838
v -3.817128 0.389801 1.415377
v -3.888391 0.398231 -0.143869
v -3.814825 0.403442 1.415345
v -3.886087 0.411872 -0.143900
v -3.812455 0.417461 1.415313
v -3.883718 0.425890 -0.143933
v -3.810018 0.431857 1.415279
v -3.881280 0.440287 -0.143966
v -3.807513 0.446631 1.415245
v -3.878776 0.455061 -0.144001
v -3.804941 0.461782 1.415209
v -3.876204 0.470212 -0.144037
v -3.802302 0.477311 1.415173
v -3.873565 0.485741 -0.144073
v -3.799596 0.493218 1.415135
v -3.870858 0.501648 -0.144111
v -3.796824 0.509294 1.415095
v -3.868087 0.517724 -0.144151
v -3.793988 0.525331 1.415052
v -3.865251 0.533761 -0.144194
v -3.791086 0.541328 1.415006
v -3.862349 0.549758 -0.144240
v -3.788121 0.557286 1.414957
v -3.859384 0.565715 -0.144289
v -3.785089 0.573204 1.414904
v -3.856352 0.581634 -0.144342
v -3.781994 0.589083 1.414849
v -3.853256 0.597513 -0.144397
v -3.778833 0.604922 1.414790
v -3.850096 0.613352 -0.144456
v -3.775608 0.620722 1.414728
v -3.846870 0.629152 -0.144518
v -3.772317 0.636483 1.414663
v -3.843579 0.644913 -0.144583
v -3.768960 0.652204 1.414594
v -3.840222 0.660634 -0.144652
v -3.765539 0.667886 1.414523
v -3.836802 0.676315 -0.144723
v -3.762052 0.683528 1.414448
v -3.833314 0.691958 -0.144798
v -3.758501 0.699092 1.414370
v -3.829763 0.707521 -0.144876
v -3.754887 0.714538 1.414288
v -3.826149 0.722968 -0.144958
v -3.751206 0.729866 1.414203
v -3.822469 0.738296 -0.145043
v -3.747462 0.745077 1.414114
v -3.818725 0.753507 -0.145132
v -3.743654 0.760171 1.414021
v -3.814917 0.768600 -0.145225
v -3.739781 0.775146 1.413925
v -3.811044 0.783576 -0.145321
v -3.735844 0.790005 1.413826
v -3.807106 0.798434 -0.145420
v -3.731842 0.804745 1.413723
v -3.803104 0.813175 -0.145523
v -3.727775 0.819368 1.413616
v -3.799037 0.827798 -0.145630
v -3.723645 0.833873 1.413505
v -3.794908 0.842303 -0.145741
v -3.719449 0.848261 1.413391
v -3.790711 0.856690 -0.145855
v -3.715192 0.862531 1.413274
v -3.786454 0.870960 -0.145972
v -3.710857 0.876409 1.413151
v -3.782120 0.884839 -0.146095
v -3.706433 0.889623 1.413020
v -3.777696 0.898053 -0.146226
v -3.701922 0.902171 1.412882
v -3.773185 0.910601 -0.146364
v -3.697323 0.914054 1.412736
v -3.768585 0.922484 -0.146510
v -3.692636 0.925273 1.412582
v -3.763899 0.933702 -0.146664
v -3.687861 0.935826 1.412421
v -3.759124 0.944255 -0.146825
v -3.683000 0.945713 1.412252
v -3.754262 0.954143 -0.146994
v -3.678050 0.954936 1.412076
v -3.749312 0.963366 -0.147170
v -3.673013 0.963494 1.411892
v -3.744275 0.971923 -0.147354
v -3.667888 0.971386 1.411700
v -3.739150 0.979816 -0.147545
v -3.662675 0.978613 1.411501
v -3.733937 0.987043 -0.147744
v -3.657373 0.985175 1.411294
v -3.728636 0.993605 -0.147951
v -3.653916 0.988860 1.411156
v -3.725179 0.997289 -0.148089
v -3.650460 0.992440 1.411018
v -3.721723 1.000870 -0.148228
v -3.647005 0.995916 1.410879
v -3.718267 1.004345 -0.148367
v -3.643550 0.999287 1.410739
v -3.714812 1.007717 -0.148507
v -3.640095 1.002555 1.410599
v -3.711357 1.010984 -0.148647
v -3.636642 1.005718 1.410458
v -3.707904 1.014148 -0.148788
v -3.633187 1.008776 1.410317
v -3.704450 1.017206 -0.148929
v -3.629735 1.011731 1.410175
v -3.700997 1.020161 -0.149071
v -3.626283 1.014581 1.410033
v -3.697545 1.023011 -0.149213
v -3.622831 1.017327 1.409890
v -3.694094 1.025757 -0.149356
v -3.619379 1.019969 1.409746
v -3.690641 1.028399 -0.149500
v -3.615932 1.022507 1.409602
v -3.687195 1.030936 -0.149643
v -3.612425 1.024940 1.409455
v -3.683687 1.033369 -0.149791
v -3.608799 1.027268 1.409302
v -3.680061 1.035697 -0.149944
v -3.605058 1.029491 1.409143
v -3.676320 1.037921 -0.150103
v -3.601199 1.031609 1.408978
v -3.672462 1.040039 -0.150268
v -3.597224 1.033623 1.408807
v -3.668487 1.042053 -0.150438
v -3.593132 1.035532 1.408631
v -3.664394 1.043961 -0.150615
v -3.588924 1.037335 1.408448
v -3.660187 1.045765 -0.150798
v -3.584599 1.039035 1.408260
v -3.655862 1.047464 -0.150986
v -3.580158 1.040629 1.408065
v -3.651421 1.049058 -0.151180
v -3.575600 1.042118 1.407865
v -3.646862 1.050548 -0.151381
v -3.570925 1.043503 1.407659
v -3.642187 1.051932 -0.151587
v -3.566133 1.044782 1.407447
v -3.637396 1.053212 -0.151799
v -3.561213 1.045990 1.407228
v -3.632475 1.054420 -0.152017
v -3.556148 1.047157 1.407003
v -3.627410 1.055587 -0.152243
v -3.550941 1.048285 1.406771
v -3.622204 1.056715 -0.152474
v -3.545591 1.049373 1.406533
v -3.616854 1.057803 -0.152713
v -3.540098 1.050421 1.406287
v -3.611361 1.058851 -0.152958
v -3.534461 1.051430 1.406035
v -3.605723 1.059860 -0.153211
v -3.528683 1.052398 1.405776
v -3.599945 1.060828 -0.153469
v -3.522760 1.053327 1.405511
v -3.594023 1.061757 -0.153735
v -3.516694 1.054216 1.405238
v -3.587956 1.062646 -0.154008
v -3.510486 1.055065 1.404959
v -3.581748 1.063495 -0.154287
v -3.504135 1.055874 1.404673
v -3.575397 1.064304 -0.154572
v -3.497641 1.056643 1.404381
v -3.568903 1.065073 -0.154865
v -3.490971 1.057373 1.404080
v -3.562233 1.065803 -0.155166
v -3.484093 1.058062 1.403769
v -3.555355 1.066492 -0.155477
v -3.477006 1.058712 1.403449
v -3.548268 1.067141 -0.155797
v -3.469712 1.059321 1.403119
v -3.540975 1.067750 -0.156127
v -3.462211 1.059890 1.402779
v -3.533473 1.068320 -0.156467
v -3.454498 1.060419 1.402429
v -3.525761 1.068848 -0.156816
v -3.446580 1.060907 1.402070
v -3.517842 1.069337 -0.157176
v -3.438454 1.061356 1.401701
v -3.509716 1.069786 -0.157545
v -3.430119 1.061764 1.401322
v -3.501381 1.070194 -0.157923
v -3.421575 1.062133 1.400934
v -3.492837 1.070563 -0.158312
v -3.412824 1.062461 1.400536
v -3.484086 1.070891 -0.158710
v -3.403865 1.062749 1.400128
v -3.475127 1.071179 -0.159118
v -3.409122 1.134094 1.400754
v -3.480384 1.142523 -0.158492
v -3.450218 1.148086 1.402708
v -3.521481 1.156515 -0.156538
v -3.489914 1.160872 1.404591
v -3.561176 1.169302 -0.154655
v -3.528212 1.172452 1.406404
v -3.599474 1.180882 -0.152842
v -3.565108 1.182826 1.408146
v -3.636371 1.191256 -0.151100
v -3.600606 1.191994 1.409818
v -3.671868 1.200424 -0.149428
v -3.634702 1.199957 1.411420
v -3.705964 1.208387 -0.147826
v -3.667400 1.206713 1.412950
v -3.738663 1.215143 -0.146295
v -3.698697 1.212263 1.414411
v -3.769959 1.220693 -0.144835
v -3.728595 1.216608 1.415801
v -3.799857 1.225038 -0.143445
v -3.757091 1.219746 1.417120
v -3.828353 1.228176 -0.142126
v -3.784189 1.221678 1.418369
v -3.855452 1.230108 -0.140877
v -3.809885 1.222405 1.419547
v -3.881147 1.230834 -0.139699
v -3.822164 1.222283 1.420108
v -3.893426 1.230713 -0.139138
v -3.834001 1.221794 1.420646
v -3.905263 1.230224 -0.138600
v -3.845397 1.220938 1.421162
v -3.916659 1.229368 -0.138084
v -3.856354 1.219715 1.421656
v -3.927616 1.228145 -0.137589
v -3.866869 1.218125 1.422128
v -3.938131 1.226554 -0.137117
v -3.876944 1.216167 1.422578
v -3.948206 1.224597 -0.136668
v -3.886577 1.213843 1.423006
v -3.957839 1.222272 -0.136240
v -3.895770 1.211151 1.423411
v -3.967032 1.219581 -0.135834
v -3.904522 1.208092 1.423795
v -3.975784 1.216522 -0.135451
v -3.912833 1.204666 1.424156
v -3.984096 1.213096 -0.135089
v -3.920704 1.200873 1.424495
v -3.991966 1.209303 -0.134750
v -3.928135 1.196713 1.424813
v -3.999397 1.205143 -0.134433
v -3.935201 1.192200 1.425111
v -4.006463 1.200629 -0.134135
v -3.941983 1.187346 1.425395
v -4.013246 1.195776 -0.133851
v -3.948481 1.182152 1.425664
v -4.019743 1.190581 -0.133582
v -3.954695 1.176617 1.425918
v -4.025957 1.185047 -0.133328
v -3.960623 1.170742 1.426157
v -4.031885 1.179172 -0.133089
v -3.966266 1.164527 1.426381
v -4.037528 1.172957 -0.132864
v -3.971625 1.157972 1.426591
v -4.042888 1.166402 -0.132655
v -3.976700 1.151076 1.426785
v -4.047962 1.159506 -0.132460
v -3.981490 1.143840 1.426965
v -4.052752 1.152270 -0.132281
v -3.985994 1.136264 1.427130
v -4.057257 1.144694 -0.132116
v -3.990215 1.128347 1.427280
v -4.061478 1.136777 -0.131966
v -3.994151 1.120091 1.427416
v -4.065413 1.128520 -0.131830
v -3.997010 1.112409 1.427505
v -4.068273 1.120838 -0.131741
v -3.999884 1.104349 1.427593
v -4.071146 1.112778 -0.131653
v -4.002773 1.095911 1.427679
v -4.074036 1.104341 -0.131567
v -4.005676 1.087095 1.427764
v -4.076939 1.095525 -0.131482
v -4.008595 1.077902 1.427848
v -4.079857 1.086331 -0.131398
v -4.011527 1.068330 1.427930
v -4.082789 1.076760 -0.131316
v -4.014477 1.058381 1.428011
v -4.085739 1.066811 -0.131235
v -4.017441 1.048054 1.428090
v -4.088703 1.056483 -0.131155
v -4.020418 1.037348 1.428169
v -4.091681 1.045778 -0.131077
v -4.023412 1.026265 1.428246
v -4.094674 1.034695 -0.131000
v -4.026419 1.014804 1.428321
v -4.097681 1.023234 -0.130925
v -4.029443 1.002965 1.428395
v -4.100705 1.011395 -0.130851
v -4.032473 0.990833 1.428468
v -4.103735 0.999263 -0.130778
v -4.035504 0.978492 1.428540
v -4.106767 0.986922 -0.130706
v -4.038539 0.965943 1.428611
v -4.109801 0.974373 -0.130635
v -4.041573 0.953185 1.428680
v -4.112835 0.961615 -0.130565
v -4.044608 0.940219 1.428749
v -4.115870 0.948649 -0.130497
v -4.047645 0.927045 1.428817
v -4.118907 0.935474 -0.130429
v -4.050682 0.913661 1.428883
v -4.121944 0.922091 -0.130363
v -4.053720 0.900070 1.428949
v -4.124983 0.908499 -0.130297
v -4.056760 0.886269 1.429013
v -4.128022 0.894699 -0.130233
v -4.059801 0.872261 1.429076
v -4.131063 0.880690 -0.130170
v -4.062843 0.858043 1.429138
v -4.134106 0.866473 -0.130108
v -4.065889 0.843617 1.429199
v -4.137152 0.852047 -0.130046
v -4.068920 0.829015 1.429259
v -4.140182 0.837445 -0.129987
v -4.071926 0.814270 1.429317
v -4.143188 0.822700 -0.129929
v -4.074906 0.799381 1.429373
v -4.146169 0.807811 -0.129873
v -4.077863 0.784349 1.429426
v -4.149125 0.792778 -0.129820
v -4.080791 0.769173 1.429478
v -4.152054 0.777603 -0.129768
v -4.083696 0.753853 1.429528
v -4.154959 0.762283 -0.129718
v -4.086576 0.738391 1.429576
v -4.157839 0.746820 -0.129670
v -4.089430 0.722784 1.429622
v -4.160692 0.731214 -0.129624
v -4.092259 0.707035 1.429666
v -4.163522 0.715464 -0.129580
v -4.095062 0.691141 1.429708
v -4.166325 0.699571 -0.129537
v -4.097840 0.675104 1.429749
v -4.169103 0.683534 -0.129497
v -4.100593 0.658924 1.429787
v -4.171855 0.667354 -0.129459
v -4.103326 0.642692 1.429824
v -4.174588 0.651121 -0.129422
v -4.106046 0.626498 1.429861
v -4.177308 0.634928 -0.129385
v -4.108753 0.610344 1.429897
v -4.180016 0.618774 -0.129349
v -4.111446 0.594228 1.429933
v -4.182709 0.602658 -0.129313
v -4.114127 0.578152 1.429969
v -4.185390 0.586582 -0.129277
v -4.116795 0.562115 1.430004
v -4.188057 0.570544 -0.129242
v -4.119449 0.546116 1.430039
v -4.190711 0.554546 -0.129207
v -4.122089 0.530157 1.430073
v -4.193352 0.538587 -0.129173
v -4.124717 0.514237 1.430107
v -4.195979 0.522666 -0.129138
v -4.127333 0.498355 1.430141
v -4.198595 0.506785 -0.129105
v -4.129934 0.482513 1.430174
v -4.201197 0.490943 -0.129072
v -4.132521 0.466710 1.430207
v -4.203783 0.475140 -0.129039
v -4.135083 0.450992 1.430239
v -4.206346 0.459421 -0.129007
v -4.137605 0.435403 1.430270
v -4.208867 0.443833 -0.128976
v -4.140087 0.419945 1.430300
v -4.211349 0.428375 -0.128946
v -4.142529 0.404617 1.430329
v -4.213792 0.413047 -0.128917
v -4.144933 0.389419 1.430357
v -4.216195 0.397848 -0.128889
v -4.147296 0.374351 1.430383
v -4.218558 0.382781 -0.128863
v -4.149619 0.359413 1.430408
v -4.220881 0.367843 -0.128837
v -4.151902 0.344606 1.430433
v -4.223165 0.353035 -0.128813
v -4.154147 0.329928 1.430456
v -4.225410 0.338358 -0.128790
v -4.156350 0.315381 1.430478
v -4.227612 0.323810 -0.128768
v -4.158515 0.300964 1.430499
v -4.229777 0.309393 -0.128747
v -4.160640 0.286677 1.430519
v -4.231902 0.295106 -0.128727
v -4.162723 0.272578 1.430538
v -4.233985 0.281008 -0.128708
v -4.164767 0.258727 1.430556
v -4.236030 0.267157 -0.128689
v -4.166771 0.245124 1.430574
v -4.238033 0.253554 -0.128671
v -4.168736 0.231768 1.430592
v -4.239998 0.240198 -0.128654
v -4.170658 0.218660 1.430609
v -4.241920 0.227089 -0.128637
v -4.172541 0.205799 1.430626
v -4.243803 0.214228 -0.128620
v -4.174383 0.193185 1.430642
v -4.245646 0.201614 -0.128604
v -4.176185 0.180819 1.430657
v -4.247447 0.189248 -0.128589
v -4.177947 0.168700 1.430672
v -4.249209 0.177130 -0.128574
v -4.179669 0.156829 1.430687
v -4.250932 0.165258 -0.128559
v -4.181350 0.145205 1.430701
v -4.252612 0.153634 -0.128545
v -4.182992 0.133828 1.430714
v -4.254254 0.142258 -0.128532
v -4.184894 0.123398 1.430745
v -4.256156 0.131827 -0.128501
v -4.186746 0.112733 1.430772
v -4.258008 0.121162 -0.128474
v -4.188547 0.101832 1.430795
v -4.259809 0.110262 -0.128451
v -4.190298 0.090698 1.430815
v -4.261560 0.099127 -0.128431
v -4.191997 0.079328 1.430831
v -4.263259 0.087758 -0.128415
v -4.193645 0.067723 1.430844
v -4.264907 0.076153 -0.128402
v -4.195242 0.055884 1.430853
v -4.266504 0.064314 -0.128393
v -4.196789 0.043810 1.430858
v -4.268051 0.052239 -0.128388
v -4.198285 0.031501 1.430860
v -4.269547 0.039930 -0.128386
v -4.199730 0.018957 1.430858
v -4.270992 0.027386 -0.128388
v -4.201124 0.006178 1.430853
v -4.272387 0.014608 -0.128393
v -6.456485 0.453786 1.536349
v -6.527747 0.462215 -0.022897
v -6.397904 0.430460 1.533545
v -6.469167 0.438890 -0.025700
v -6.337844 0.408913 1.530684
v -6.409106 0.417342 -0.028562
v -6.276303 0.389144 1.527765
v -6.347566 0.397573 -0.031481
v -6.213284 0.371153 1.524787
v -6.284547 0.379582 -0.034459
v -6.148782 0.354940 1.521751
v -6.220044 0.363370 -0.037494
v -6.082801 0.340506 1.518658
v -6.154063 0.348935 -0.040588
v -6.015339 0.327850 1.515506
v -6.086600 0.336279 -0.043739
v -5.946395 0.316972 1.512297
v -6.017657 0.325402 -0.046949
v -5.875973 0.307872 1.509029
v -5.947235 0.316302 -0.050217
v -5.804068 0.300551 1.505703
v -5.875330 0.308981 -0.053543
v -5.730685 0.295008 1.502319
v -5.801948 0.303438 -0.056927
v -5.655820 0.291243 1.498878
v -5.727082 0.299673 -0.060368
v -5.654679 0.280329 1.498766
v -5.725942 0.288758 -0.060480
v -5.653642 0.269493 1.498660
v -5.724904 0.277923 -0.060586
v -5.652707 0.258736 1.498559
v -5.723969 0.267165 -0.060686
v -5.651877 0.248057 1.498464
v -5.723140 0.256487 -0.060782
v -5.651153 0.237458 1.498373
v -5.722415 0.245887 -0.060873
v -5.650529 0.226937 1.498288
v -5.721791 0.235367 -0.060958
v -5.650010 0.216495 1.498208
v -5.721272 0.224924 -0.061038
v -5.649596 0.206131 1.498133
v -5.720859 0.214561 -0.061113
v -5.649283 0.195846 1.498063
v -5.720546 0.204276 -0.061183
v -5.649076 0.185640 1.497998
v -5.720339 0.194070 -0.061248
v -5.648973 0.175513 1.497939
v -5.720236 0.183942 -0.061307
v -5.648972 0.165464 1.497885
v -5.720234 0.173894 -0.061361
v -5.649997 0.125893 1.497717
v -5.721259 0.134323 -0.061528
v -5.652654 0.087882 1.497633
v -5.723916 0.096312 -0.061613
v -5.656943 0.051429 1.497632
v -5.728206 0.059859 -0.061614
v -5.662866 0.016536 1.497714
v -5.734128 0.024966 -0.061532
v -5.670420 -0.016799 1.497879
v -5.741682 -0.008369 -0.061366
v -5.679606 -0.048574 1.498127
v -5.750869 -0.040144 -0.061118
v -5.690427 -0.078791 1.498459
v -5.761689 -0.070361 -0.060787
v -5.702879 -0.107448 1.498873
v -5.774141 -0.099018 -0.060373
v -5.716964 -0.134546 1.499370
v -5.788226 -0.126117 -0.059876
v -5.732680 -0.160086 1.499950
v -5.803943 -0.151656 -0.059296
v -5.750031 -0.184066 1.500613
v -5.821293 -0.175636 -0.058632
v -5.769012 -0.206487 1.501360
v -5.840275 -0.198058 -0.057886
v -5.789483 -0.227220 1.502183
v -5.860745 -0.218790 -0.057063
v -5.811298 -0.246135 1.503078
v -5.882561 -0.237705 -0.056168
v -5.834459 -0.263231 1.504044
v -5.905722 -0.254801 -0.055202
v -5.858963 -0.278509 1.505081
v -5.930225 -0.270079 -0.054164
v -5.884812 -0.291968 1.506190
v -5.956075 -0.283539 -0.053056
v -5.912007 -0.303609 1.507370
v -5.983270 -0.295180 -0.051876
v -5.940545 -0.313433 1.508621
v -6.011807 -0.305003 -0.050625
v -5.970428 -0.321437 1.509944
v -6.041691 -0.313008 -0.049302
v -6.001656 -0.327624 1.511337
v -6.072917 -0.319194 -0.047908
v -6.034228 -0.331992 1.512802
v -6.105491 -0.323562 -0.046443
v -6.068145 -0.334542 1.514339
v -6.139407 -0.326112 -0.044907
v -6.103406 -0.335274 1.515946
v -6.174668 -0.326844 -0.043300
v -6.144412 -0.334107 1.517827
v -6.215674 -0.325677 -0.041419
v -6.185565 -0.331010 1.519724
v -6.256827 -0.322581 -0.039522
v -6.226863 -0.325984 1.521639
v -6.298125 -0.317554 -0.037607
v -6.268310 -0.319028 1.523571
v -6.339572 -0.310599 -0.035675
v -6.309901 -0.310143 1.525519
v -6.381164 -0.301713 -0.033726
v -6.351642 -0.299328 1.527486
v -6.422904 -0.290898 -0.031760
v -6.393525 -0.286583 1.529469
v -6.464787 -0.278153 -0.029777
v -6.435554 -0.271908 1.531469
v -6.506816 -0.263479 -0.027777
v -6.477733 -0.255304 1.533486
v -6.548995 -0.246874 -0.025760
v -6.520055 -0.236770 1.535521
v -6.591317 -0.228341 -0.023725
v -6.562524 -0.216307 1.537572
v -6.633786 -0.207877 -0.021674
v -6.605138 -0.193914 1.539641
v -6.676400 -0.185484 -0.019605
v -6.646724 -0.259396 1.541188
v -6.717986 -0.250967 -0.018058
v -6.625104 -0.281966 1.540077
v -6.696366 -0.273536 -0.019168
v -6.602504 -0.303798 1.538926
v -6.673766 -0.295368 -0.020319
v -6.578923 -0.324891 1.537735
v -6.650186 -0.316461 -0.021511
v -6.554362 -0.345247 1.536502
v -6.625625 -0.336817 -0.022744
v -6.528821 -0.364864 1.535229
v -6.600083 -0.356434 -0.024017
v -6.502299 -0.383743 1.533915
v -6.573562 -0.375314 -0.025331
v -6.474797 -0.401885 1.532560
v -6.546060 -0.393455 -0.026686
v -6.446315 -0.419288 1.531164
v -6.517577 -0.410858 -0.028082
v -6.416854 -0.435953 1.529727
v -6.488116 -0.427523 -0.029518
v -6.386411 -0.451880 1.528250
v -6.457673 -0.443451 -0.030996
v -6.354989 -0.467069 1.526732
v -6.426251 -0.458640 -0.032514
v -6.322583 -0.481520 1.525173
v -6.393846 -0.473091 -0.034073
v -6.289708 -0.495022 1.523597
v -6.360970 -0.486593 -0.035649
v -6.256864 -0.507364 1.522029
v -6.328126 -0.498934 -0.037217
v -6.224053 -0.518546 1.520469
v -6.295316 -0.510116 -0.038777
v -6.191274 -0.528567 1.518917
v -6.262536 -0.520137 -0.040329
v -6.158530 -0.537429 1.517373
v -6.229793 -0.528999 -0.041873
v -6.125817 -0.545130 1.515836
v -6.197080 -0.536700 -0.043410
v -6.093139 -0.551671 1.514307
v -6.164401 -0.543241 -0.044939
v -6.060494 -0.557052 1.512786
v -6.131757 -0.548622 -0.046460
v -6.027883 -0.561273 1.511273
v -6.099145 -0.552843 -0.047973
v -5.995301 -0.564334 1.509767
v -6.066564 -0.555904 -0.049479
v -5.962756 -0.566234 1.508270
v -6.034019 -0.557805 -0.050976
v -5.930242 -0.566975 1.506779
v -6.001504 -0.558545 -0.052466
v -5.883814 -0.565881 1.504663
v -5.955076 -0.557451 -0.054582
v -5.838894 -0.562134 1.502631
v -5.910156 -0.553705 -0.056615
v -5.795485 -0.555734 1.500682
v -5.866748 -0.547305 -0.058564
v -5.753587 -0.546681 1.498816
v -5.824849 -0.538251 -0.060430
v -5.713197 -0.534974 1.497033
v -5.784459 -0.526545 -0.062213
v -5.674316 -0.520615 1.495334
v -5.745579 -0.512185 -0.063912
v -5.636946 -0.503602 1.493718
v -5.708208 -0.495172 -0.065528
v -5.601086 -0.483936 1.492185
v -5.672348 -0.475506 -0.067061
v -5.566734 -0.461616 1.490736
v -5.637997 -0.453186 -0.068510
v -5.533892 -0.436644 1.489370
v -5.605154 -0.428214 -0.069876
v -5.502561 -0.409018 1.488087
v -5.573823 -0.400588 -0.071159
v -5.472738 -0.378739 1.486888
v -5.544001 -0.370309 -0.072358
v -5.444871 -0.346352 1.485790
v -5.516133 -0.337922 -0.073456
v -5.419403 -0.312402 1.484809
v -5.490665 -0.303972 -0.074437
v -5.396338 -0.276889 1.483947
v -5.467600 -0.268459 -0.075299
v -5.375672 -0.239814 1.483203
v -5.446935 -0.231384 -0.076043
v -5.357407 -0.201175 1.482577
v -5.428669 -0.192746 -0.076669
v -5.341543 -0.160974 1.482069
v -5.412806 -0.152545 -0.077177
v -5.328079 -0.119210 1.481680
v -5.399342 -0.110781 -0.077566
v -5.317017 -0.075884 1.481408
v -5.388279 -0.067454 -0.077837
v -5.308353 -0.030994 1.481255
v -5.379616 -0.022564 -0.077991
v -5.302092 0.015458 1.481220
v -5.373354 0.023888 -0.078026
v -5.298230 0.063474 1.481303
v -5.369493 0.071903 -0.077943
v -5.296768 0.113052 1.481504
v -5.368031 0.121481 -0.077741
v -5.296894 0.138011 1.481645
v -5.368156 0.146441 -0.077601
v -5.297527 0.162843 1.481808
v -5.368790 0.171272 -0.077438
v -5.298670 0.187546 1.481994
v -5.369932 0.195976 -0.077252
v -5.300321 0.212122 1.482202
v -5.371583 0.220552 -0.077043
v -5.302479 0.236571 1.482433
v -5.373741 0.245000 -0.076813
v -5.305145 0.260891 1.482687
v -5.376408 0.269321 -0.076559
v -5.308321 0.285083 1.482962
v -5.379583 0.293513 -0.076283
v -5.312005 0.309148 1.483261
v -5.383267 0.317578 -0.075985
v -5.316197 0.333085 1.483582
v -5.387460 0.341515 -0.075664
v -5.320897 0.356894 1.483925
v -5.392159 0.365323 -0.075320
v -5.326106 0.380575 1.484292
v -5.397368 0.389005 -0.074954
v -5.331822 0.404128 1.484680
v -5.403085 0.412558 -0.074566
v -5.338002 0.427508 1.485089
v -5.409265 0.435938 -0.074157
v -5.344602 0.450668 1.485516
v -5.415864 0.459098 -0.073730
v -5.351619 0.473609 1.485960
v -5.422881 0.482039 -0.073285
v -5.359053 0.496330 1.486423
v -5.430315 0.504760 -0.072823
v -5.366904 0.518832 1.486904
v -5.438167 0.527261 -0.072342
v -5.375174 0.541114 1.487402
v -5.446436 0.549544 -0.071844
v -5.383861 0.563176 1.487918
v -5.455123 0.571606 -0.071328
v -5.392965 0.585020 1.488452
v -5.464228 0.593449 -0.070793
v -5.402489 0.606643 1.489005
v -5.473751 0.615073 -0.070241
v -5.412429 0.628047 1.489575
v -5.483691 0.636477 -0.069671
v -5.422788 0.649232 1.490163
v -5.494050 0.657662 -0.069083
v -5.433563 0.670197 1.490768
v -5.504826 0.678627 -0.068477
v -5.444731 0.690904 1.491391
v -5.515993 0.699333 -0.067855
v -5.456265 0.711312 1.492028
v -5.527528 0.719742 -0.067218
v -5.468165 0.731423 1.492681
v -5.539428 0.739852 -0.066565
v -5.480433 0.751235 1.493349
v -5.551695 0.759665 -0.065897
v -5.493065 0.770750 1.494031
v -5.564327 0.779180 -0.065214
v -5.506064 0.789966 1.494729
v -5.577327 0.798396 -0.064516
v -5.519428 0.808885 1.495442
v -5.590691 0.817315 -0.063803
v -5.533159 0.827506 1.496171
v -5.604422 0.835936 -0.063075
v -5.547256 0.845829 1.496914
v -5.618519 0.854258 -0.062332
v -5.561719 0.863853 1.497672
v -5.632981 0.872283 -0.061573
v -5.576548 0.881580 1.498446
v -5.647810 0.890010 -0.060800
v -5.591743 0.899009 1.499235
v -5.663005 0.907439 -0.060011
v -5.607278 0.916094 1.500037
v -5.678540 0.924524 -0.059209
v -5.623127 0.932790 1.500852
v -5.694389 0.941220 -0.058394
v -5.639292 0.949096 1.501678
v -5.710554 0.957526 -0.057567
v -5.655770 0.965013 1.502518
v -5.727033 0.973443 -0.056728
v -5.672563 0.980540 1.503369
v -5.743825 0.988970 -0.055877
v -5.689671 0.995678 1.504233
v -5.760933 1.004108 -0.055013
v -5.707092 1.010427 1.505109
v -5.778355 1.018857 -0.054137
v -5.724830 1.024786 1.505997
v -5.796092 1.033216 -0.053249
v -5.742880 1.038755 1.506898
v -5.814142 1.047185 -0.052348
v -5.761246 1.052336 1.507810
v -5.832508 1.060766 -0.051436
v -5.779926 1.065526 1.508735
v -5.851189 1.073956 -0.050510
v -5.798925 1.078328 1.509673
v -5.870188 1.086757 -0.049573
v -5.818203 1.090700 1.510621
v -5.889465 1.099130 -0.048625
v -5.837729 1.102605 1.511578
v -5.908992 1.111035 -0.047668
v -5.857507 1.114041 1.512543
v -5.928769 1.122471 -0.046703
v -5.877533 1.125010 1.513518
v -5.948795 1.133440 -0.045728
v -5.897810 1.135511 1.514501
v -5.969072 1.143940 -0.044744
v -5.918336 1.145543 1.515494
v -5.989598 1.153973 -0.043752
v -5.939112 1.155108 1.516495
v -6.010374 1.163538 -0.042751
v -5.960138 1.164205 1.517505
v -6.031401 1.172635 -0.041741
v -5.981414 1.172834 1.518524
v -6.052676 1.181264 -0.040722
v -6.002939 1.180995 1.519552
v -6.074201 1.189425 -0.039694
v -6.024713 1.188688 1.520589
v -6.095975 1.197117 -0.038657
v -6.046737 1.195913 1.521634
v -6.117999 1.204342 -0.037612
v -6.068978 1.202617 1.522687
v -6.140241 1.211047 -0.036559
v -6.091407 1.208749 1.523745
v -6.162669 1.217179 -0.035501
v -6.114018 1.214309 1.524809
v -6.185281 1.222739 -0.034437
v -6.136817 1.219296 1.525877
v -6.208079 1.227726 -0.033368
v -6.159801 1.223710 1.526952
v -6.231063 1.232140 -0.032294
v -6.182969 1.227552 1.528031
v -6.254231 1.235982 -0.031214
v -6.206323 1.230822 1.529117
v -6.277585 1.239251 -0.030129
v -6.229863 1.233518 1.530207
v -6.301126 1.241948 -0.029039
v -6.253587 1.235643 1.531303
v -6.324849 1.244072 -0.027943
v -6.277495 1.237195 1.532404
v -6.348758 1.245624 -0.026842
v -6.301591 1.238173 1.533510
v -6.372853 1.246603 -0.025736
v -6.325871 1.238580 1.534622
v -6.397134 1.247010 -0.024624
v -6.363561 1.238082 1.536342
v -6.434823 1.246512 -0.022904
v -6.399758 1.236208 1.537986
v -6.471021 1.244638 -0.021260
v -6.434468 1.232958 1.539555
v -6.505731 1.241388 -0.019691
v -6.467685 1.228332 1.541048
v -6.538947 1.236762 -0.018198
v -6.499413 1.222331 1.542466
v -6.570676 1.230760 -0.016780
v -6.529653 1.214953 1.543808
v -6.600915 1.223383 -0.015438
v -6.558400 1.206200 1.545074
v -6.629663 1.214630 -0.014172
v -6.585656 1.196071 1.546265
v -6.656919 1.204500 -0.012981
v -6.611423 1.184566 1.547381
v -6.682685 1.192996 -0.011865
v -6.635701 1.171685 1.548420
v -6.706964 1.180115 -0.010825
v -6.658488 1.157428 1.549385
v -6.729751 1.165858 -0.009861
v -6.679784 1.141796 1.550274
v -6.751046 1.150225 -0.008972
v -6.699485 1.125047 1.551084
v -6.770747 1.133477 -0.008162
v -6.717484 1.107444 1.551811
v -6.788747 1.115873 -0.007435
v -6.733783 1.088984 1.552456
v -6.805045 1.097414 -0.006790
v -6.748382 1.069669 1.553019
v -6.819644 1.078099 -0.006227
v -6.761277 1.049499 1.553499
v -6.832540 1.057928 -0.005747
v -6.772473 1.028472 1.553897
v -6.843736 1.036902 -0.005349
v -6.781966 1.006591 1.554213
v -6.853229 1.015021 -0.005033
v -6.789760 0.983854 1.554446
v -6.861022 0.992283 -0.004800
v -6.795852 0.960261 1.554597
v -6.867114 0.968690 -0.004649
v -6.800242 0.935812 1.554665
v -6.871505 0.944242 -0.004580
v -6.802930 0.910508 1.554651
v -6.874192 0.918938 -0.004594
v -6.803920 0.884349 1.554555
v -6.875182 0.892779 -0.004691
v -6.801446 0.837775 1.554190
v -6.872708 0.846205 -0.005055
v -6.794158 0.793146 1.553616
v -6.865420 0.801576 -0.005630
v -6.782054 0.750461 1.552832
v -6.853316 0.758891 -0.006414
v -6.765138 0.709720 1.551839
v -6.836400 0.718150 -0.007407
v -6.743405 0.670923 1.550636
v -6.814668 0.679353 -0.008610
v -6.716861 0.634071 1.549223
v -6.788123 0.642500 -0.010023
v -6.685500 0.599162 1.547601
v -6.756763 0.607592 -0.011645
v -6.649325 0.566199 1.545770
v -6.720588 0.574628 -0.013476
v -6.608336 0.535179 1.543729
v -6.679599 0.543609 -0.015517
v -6.562533 0.506104 1.541478
v -6.633796 0.514533 -0.017768
v -6.511916 0.478972 1.539018
v -6.583179 0.487402 -0.020228
v -5.901073 0.903351 1.513395
v -5.972336 0.911781 -0.045850
v -5.875443 0.873411 1.512062
v -5.946705 0.881841 -0.047184
v -5.851057 0.841718 1.510776
v -5.922319 0.850147 -0.048470
v -5.827918 0.808271 1.509538
v -5.899180 0.816701 -0.049708
v -5.806025 0.773070 1.508347
v -5.877287 0.781500 -0.050899
v -5.785378 0.736117 1.507204
v -5.856640 0.744547 -0.052042
v -5.765977 0.697410 1.506108
v -5.837239 0.705840 -0.053138
v -5.747821 0.656950 1.505059
v -5.819083 0.665379 -0.054187
v -5.730911 0.614736 1.504058
v -5.802174 0.623166 -0.055188
v -5.715248 0.570769 1.503105
v -5.786510 0.579199 -0.056141
v -5.700830 0.525049 1.502198
v -5.772093 0.533478 -0.057047
v -5.687658 0.477575 1.501340
v -5.758921 0.486005 -0.057906
v -5.675735 0.428348 1.500529
v -5.746997 0.436778 -0.058717
v -5.740886 0.433661 1.503535
v -5.812148 0.442091 -0.055711
v -5.803269 0.440186 1.506422
v -5.874532 0.448616 -0.052824
v -5.862887 0.447922 1.509188
v -5.934150 0.456352 -0.050058
v -5.919738 0.456870 1.511835
v -5.991000 0.465300 -0.047411
v -5.973823 0.467030 1.514361
v -6.045085 0.475459 -0.044885
v -6.025140 0.478400 1.516768
v -6.096402 0.486830 -0.042478
v -6.073689 0.490983 1.519055
v -6.144952 0.499412 -0.040191
v -6.119475 0.504776 1.521222
v -6.190738 0.513206 -0.038024
v -6.162492 0.519781 1.523269
v -6.233754 0.528211 -0.035977
v -6.202744 0.535998 1.525197
v -6.274007 0.544428 -0.034049
v -6.240230 0.553426 1.527004
v -6.311492 0.561856 -0.032242
v -6.274947 0.572066 1.528692
v -6.346210 0.580496 -0.030554
v -6.306890 0.591761 1.530258
v -6.378152 0.600190 -0.028988
v -6.336038 0.612354 1.531701
v -6.407300 0.620784 -0.027545
v -6.362397 0.633845 1.533022
v -6.433660 0.642275 -0.026224
v -6.385962 0.656236 1.534220
v -6.457225 0.664666 -0.025026
v -6.406739 0.679525 1.535296
v -6.478002 0.687954 -0.023950
v -6.424726 0.703712 1.536248
v -6.495988 0.712142 -0.022997
v -6.439919 0.728798 1.537078
v -6.511182 0.737227 -0.022167
v -6.452325 0.754782 1.537786
v -6.523587 0.763212 -0.021460
v -6.461936 0.781665 1.538370
v -6.533198 0.790095 -0.020875
v -6.468759 0.809447 1.538832
v -6.540021 0.817877 -0.020413
v -6.472789 0.838127 1.539172
v -6.544051 0.846557 -0.020074
v -6.474029 0.867706 1.539388
v -6.545291 0.876136 -0.019858
v -6.473529 0.883982 1.539453
v -6.544791 0.892412 -0.019792
v -6.472196 0.899655 1.539477
v -6.543458 0.908084 -0.019769
v -6.470035 0.914723 1.539460
v -6.541297 0.923153 -0.019786
v -6.467044 0.929189 1.539402
v -6.538306 0.937618 -0.019844
v -6.463222 0.943050 1.539302
v -6.534484 0.951480 -0.019944
v -6.458571 0.956308 1.539161
v -6.529834 0.964738 -0.020085
v -6.453090 0.968963 1.538979
v -6.524352 0.977392 -0.020267
v -6.446778 0.981013 1.538755
v -6.518041 0.989443 -0.020490
v -6.439635 0.992460 1.538491
v -6.510898 1.000890 -0.020755
v -6.431664 1.003304 1.538185
v -6.502927 1.011734 -0.021061
v -6.422862 1.013544 1.537838
v -6.494124 1.021973 -0.021408
v -6.413228 1.023180 1.537450
v -6.484490 1.031610 -0.021796
v -6.402884 1.032122 1.537026
v -6.474147 1.040552 -0.022220
v -6.391946 1.040279 1.536570
v -6.463208 1.048708 -0.022676
v -6.380410 1.047651 1.536083
v -6.451673 1.056081 -0.023163
v -6.368281 1.054238 1.535564
v -6.439544 1.062668 -0.023682
v -6.355556 1.060040 1.535014
v -6.426818 1.068470 -0.024232
v -6.342237 1.065057 1.534432
v -6.413499 1.073487 -0.024814
v -6.328322 1.069290 1.533819
v -6.399585 1.077719 -0.025427
v -6.313815 1.072737 1.533175
v -6.385077 1.081167 -0.026071
v -6.298711 1.075399 1.532499
v -6.369973 1.083829 -0.026747
v -6.283011 1.077277 1.531791
v -6.354274 1.085706 -0.027455
v -6.266719 1.078369 1.531053
v -6.337981 1.086799 -0.028193
v -6.249829 1.078677 1.530282
v -6.321092 1.087107 -0.028964
v -6.218190 1.077315 1.528829
v -6.289453 1.085745 -0.030417
v -6.187022 1.073545 1.527384
v -6.258285 1.081974 -0.031862
v -6.156320 1.067365 1.525948
v -6.227582 1.075795 -0.033298
v -6.126086 1.058777 1.524519
v -6.197349 1.067207 -0.034727
v -6.096320 1.047780 1.523100
v -6.167583 1.056209 -0.036146
v -6.067023 1.034374 1.521688
v -6.138286 1.042804 -0.037558
v -6.038196 1.018559 1.520285
v -6.109458 1.026989 -0.038961
v -6.009836 1.000335 1.518890
v -6.081098 1.008765 -0.040355
v -5.981943 0.979702 1.517504
v -6.053205 0.988132 -0.041742
v -5.954518 0.956661 1.516126
v -6.025781 0.965091 -0.043120
v -5.927564 0.931211 1.514757
v -5.998826 0.939640 -0.044489
v -7.401711 -0.509036 1.574343
v -7.472974 -0.500607 0.015097
v -7.064340 -0.529470 1.558814
v -7.135602 -0.521040 -0.000432
v -7.349481 0.888919 1.579514
v -7.420743 0.897349 0.020268
v -7.351810 0.901964 1.579690
v -7.423072 0.910394 0.020445
v -7.353934 0.914174 1.579854
v -7.425197 0.922603 0.020608
v -7.355855 0.925548 1.580003
v -7.427117 0.933978 0.020757
v -7.357570 0.936087 1.580138
v -7.428832 0.944517 0.020892
v -7.359082 0.945792 1.580260
v -7.430345 0.954221 0.021014
v -7.360391 0.954661 1.580368
v -7.431653 0.963090 0.021122
v -7.361495 0.962695 1.580462
v -7.432757 0.971124 0.021216
v -7.362395 0.969893 1.580542
v -7.433658 0.978323 0.021296
v -7.363091 0.976257 1.580608
v -7.434354 0.984687 0.021362
v -7.363584 0.981786 1.580660
v -7.434846 0.990215 0.021414
v -7.363873 0.986479 1.580699
v -7.435136 0.994909 0.021453
v -7.363955 0.990338 1.580723
v -7.435218 0.998767 0.021478
v -7.363614 0.998573 1.580752
v -7.434876 1.007003 0.021506
v -7.362676 1.006389 1.580752
v -7.433938 1.014818 0.021506
v -7.361140 1.013784 1.580721
v -7.432403 1.022214 0.021476
v -7.359008 1.020759 1.580662
v -7.430270 1.029189 0.021416
v -7.356278 1.027315 1.580572
v -7.427541 1.035744 0.021327
v -7.352952 1.033450 1.580454
v -7.424214 1.041880 0.021208
v -7.349030 1.039165 1.580305
v -7.420293 1.047595 0.021059
v -7.344510 1.044461 1.580127
v -7.415772 1.052890 0.020881
v -7.339395 1.049336 1.579920
v -7.410657 1.057766 0.020674
v -7.333684 1.053791 1.579683
v -7.404946 1.062221 0.020437
v -7.327374 1.057827 1.579416
v -7.398637 1.066256 0.020171
v -7.320466 1.061441 1.579120
v -7.391728 1.069871 0.019874
v -7.312325 1.064699 1.578766
v -7.383588 1.073128 0.019520
v -7.302310 1.067660 1.578324
v -7.373572 1.076090 0.019078
v -7.290421 1.070325 1.577795
v -7.361684 1.078755 0.018549
v -7.276660 1.072695 1.577179
v -7.347922 1.081124 0.017933
v -7.261027 1.074768 1.576476
v -7.332290 1.083198 0.017230
v -7.243520 1.076545 1.575685
v -7.314782 1.084975 0.016439
v -7.224137 1.078027 1.574807
v -7.295400 1.086456 0.015562
v -7.202882 1.079212 1.573842
v -7.274144 1.087641 0.014597
v -7.179753 1.080101 1.572790
v -7.251016 1.088531 0.013544
v -7.154752 1.080695 1.571651
v -7.226014 1.089124 0.012405
v -7.127877 1.080992 1.570424
v -7.199140 1.089422 0.011178
v -7.099132 1.080993 1.569110
v -7.170394 1.089423 0.009864
v -7.104386 1.152338 1.569736
v -7.175649 1.160767 0.010490
v -7.145471 1.166330 1.571689
v -7.216733 1.174759 0.012444
v -7.185128 1.179116 1.573571
v -7.256391 1.187546 0.014325
v -7.223359 1.190696 1.575381
v -7.294621 1.199126 0.016135
v -7.260165 1.201069 1.577119
v -7.331428 1.209499 0.017873
v -7.295545 1.210237 1.578786
v -7.366807 1.218667 0.019540
v -7.329499 1.218199 1.580380
v -7.400762 1.226628 0.021135
v -7.362027 1.224954 1.581904
v -7.433290 1.233384 0.022658
v -7.393128 1.230504 1.583355
v -7.464391 1.238933 0.024109
v -7.422805 1.234847 1.584735
v -7.494067 1.243276 0.025489
v -7.451055 1.237984 1.586043
v -7.522317 1.246414 0.026797
v -7.477878 1.239915 1.587279
v -7.549140 1.248344 0.028033
v -7.503276 1.240640 1.588444
v -7.574538 1.249069 0.029198
v -7.518620 1.240396 1.589144
v -7.589883 1.248826 0.029898
v -7.533412 1.239511 1.589815
v -7.604674 1.247941 0.030569
v -7.547643 1.237985 1.590457
v -7.618905 1.246415 0.031211
v -7.561318 1.235817 1.591071
v -7.632581 1.244247 0.031825
v -7.574439 1.233008 1.591655
v -7.645701 1.241438 0.032409
v -7.586999 1.229558 1.592210
v -7.658261 1.237987 0.032965
v -7.599008 1.225466 1.592737
v -7.670270 1.233896 0.033491
v -7.610456 1.220732 1.593235
v -7.681718 1.229162 0.033989
v -7.621348 1.215358 1.593704
v -7.692611 1.223788 0.034458
v -7.631684 1.209342 1.594143
v -7.702947 1.217772 0.034898
v -7.641463 1.202685 1.594554
v -7.712726 1.211114 0.035308
v -7.650685 1.195386 1.594936
v -7.721948 1.203816 0.035690
v -7.659261 1.187510 1.595286
v -7.730523 1.195940 0.036040
v -7.667098 1.179123 1.595598
v -7.738360 1.187553 0.036353
v -7.674193 1.170224 1.595875
v -7.745456 1.178654 0.036629
v -7.680551 1.160813 1.596114
v -7.751813 1.169242 0.036868
v -7.686168 1.150889 1.596317
v -7.757430 1.159319 0.037072
v -7.691045 1.140454 1.596484
v -7.762307 1.148884 0.037238
v -7.695184 1.129507 1.596614
v -7.766446 1.137937 0.037368
v -7.698583 1.118048 1.596707
v -7.769845 1.126478 0.037461
v -7.701243 1.106077 1.596764
v -7.772506 1.114507 0.037518
v -7.703164 1.093594 1.596784
v -7.774426 1.102024 0.037538
v -7.704343 1.080599 1.596768
v -7.775605 1.089029 0.037522
v -7.704785 1.067092 1.596715
v -7.776048 1.075522 0.037469
v -7.704770 1.064720 1.596702
v -7.776032 1.073150 0.037456
v -7.704705 1.061983 1.596684
v -7.775968 1.070413 0.037438
v -7.704593 1.058881 1.596662
v -7.775855 1.067310 0.037416
v -7.704429 1.055413 1.596636
v -7.775691 1.063843 0.037390
v -7.704213 1.051580 1.596605
v -7.775476 1.060010 0.037359
v -7.703948 1.047382 1.596570
v -7.775210 1.055812 0.037325
v -7.703633 1.042819 1.596531
v -7.774896 1.051249 0.037286
v -7.703269 1.037890 1.596488
v -7.774531 1.046320 0.037242
v -7.702853 1.032597 1.596440
v -7.774116 1.041027 0.037195
v -7.702388 1.026938 1.596389
v -7.773650 1.035368 0.037143
v -7.701873 1.020914 1.596332
v -7.773135 1.029344 0.037087
v -7.701306 1.014525 1.596272
v -7.772569 1.022955 0.037026
v -7.764220 1.051707 1.599348
v -7.835483 1.060137 0.040103
v -7.825877 1.085676 1.602350
v -7.897140 1.094106 0.043104
v -7.886273 1.116433 1.605276
v -7.957536 1.124863 0.046031
v -7.945411 1.143978 1.608128
v -8.016673 1.152408 0.048882
v -8.003287 1.168310 1.610905
v -8.074550 1.176740 0.051659
v -8.059905 1.189430 1.613606
v -8.131167 1.197860 0.054361
v -8.115266 1.207337 1.616233
v -8.186528 1.215767 0.056988
v -8.169366 1.222032 1.618785
v -8.240628 1.230462 0.059540
v -8.222205 1.233515 1.621262
v -8.293468 1.241945 0.062017
v -8.273786 1.241785 1.623665
v -8.345048 1.250215 0.064419
v -8.324109 1.246843 1.625992
v -8.395371 1.255272 0.066746
v -8.373172 1.248688 1.628244
v -8.444434 1.257118 0.068998
v -8.382613 1.235597 1.628605
v -8.453876 1.244027 0.069359
v -8.372855 1.189007 1.627907
v -8.444118 1.197437 0.068661
v -8.363099 1.141922 1.627207
v -8.434361 1.150351 0.067961
v -8.353345 1.094341 1.626503
v -8.424607 1.102771 0.067258
v -8.343596 1.046265 1.625798
v -8.414859 1.054695 0.066552
v -8.333848 0.997694 1.625090
v -8.405110 1.006124 0.065844
v -8.324101 0.948627 1.624379
v -8.395364 0.957057 0.065133
v -8.314359 0.899066 1.623666
v -8.385621 0.907495 0.064420
v -8.304620 0.849009 1.622950
v -8.375882 0.857439 0.063704
v -8.294881 0.798456 1.622232
v -8.366143 0.806886 0.062986
v -8.285146 0.747409 1.621511
v -8.356408 0.755839 0.062265
v -8.275413 0.695867 1.620788
v -8.346675 0.704296 0.061542
v -8.265683 0.643829 1.620062
v -8.336946 0.652258 0.060816
v -8.190749 0.632198 1.616574
v -8.262012 0.640628 0.057328
v -8.183372 0.661447 1.616395
v -8.254634 0.669877 0.057149
v -8.175923 0.689211 1.616205
v -8.247186 0.697640 0.056959
v -8.168405 0.715488 1.616003
v -8.239667 0.723918 0.056757
v -8.160817 0.740279 1.615790
v -8.232080 0.748709 0.056544
v -8.153157 0.763584 1.615566
v -8.224420 0.772014 0.056320
v -8.145427 0.785402 1.615331
v -8.216689 0.793832 0.056085
v -8.137628 0.805735 1.615084
v -8.208890 0.814165 0.055839
v -8.129758 0.824581 1.614826
v -8.201020 0.833011 0.055581
v -8.121818 0.841942 1.614558
v -8.193080 0.850371 0.055312
v -8.113807 0.857816 1.614277
v -8.185069 0.866246 0.055031
v -8.105725 0.872204 1.613986
v -8.176988 0.880634 0.054740
v -8.097571 0.885106 1.613683
v -8.168834 0.893535 0.054437
v -8.088971 0.896754 1.613353
v -8.160233 0.905184 0.054107
v -8.079543 0.907382 1.612979
v -8.150805 0.915812 0.053733
v -8.069285 0.916989 1.612562
v -8.140548 0.925419 0.053317
v -8.058200 0.925575 1.612102
v -8.129462 0.934005 0.052856
v -8.046285 0.933141 1.611598
v -8.117547 0.941571 0.052353
v -8.033545 0.939686 1.611052
v -8.104808 0.948116 0.051806
v -8.019975 0.945210 1.610461
v -8.091237 0.953640 0.051216
v -8.005578 0.949714 1.609828
v -8.076840 0.958143 0.050582
v -7.990352 0.953197 1.609151
v -8.061614 0.961626 0.049905
v -7.974299 0.955659 1.608430
v -8.045562 0.964089 0.049184
v -7.957417 0.957100 1.607667
v -8.028680 0.965530 0.048421
v -7.939710 0.957521 1.606859
v -8.010972 0.965951 0.047614
v -7.921262 0.956870 1.606013
v -7.992524 0.965300 0.046767
v -7.902173 0.955094 1.605131
v -7.973435 0.963524 0.045885
v -7.882438 0.952195 1.604213
v -7.953700 0.960624 0.044967
v -7.862056 0.948171 1.603260
v -7.933318 0.956601 0.044014
v -7.841029 0.943023 1.602271
v -7.912292 0.951453 0.043025
v -7.819358 0.936752 1.601247
v -7.890620 0.945181 0.042001
v -7.797040 0.929356 1.600187
v -7.868302 0.937785 0.040941
v -7.774077 0.920836 1.599091
v -7.845340 0.929266 0.039846
v -7.750472 0.911192 1.597960
v -7.821734 0.919622 0.038715
v -7.726218 0.900424 1.596794
v -7.797481 0.908854 0.037548
v -7.701322 0.888532 1.595592
v -7.772584 0.896962 0.036346
v -7.675776 0.875516 1.594354
v -7.747039 0.883946 0.035108
vn -0.0457 0.0054 -0.9989
vn -0.0453 0.0054 -0.9990
vn -0.0456 0.0054 -0.9989
vn -0.0470 0.0054 -0.9989
vn 0.0457 -0.0054 0.9989
vn 0.0460 -0.0054 0.9989
vn 0.0444 -0.0054 0.9990
vn 0.0456 -0.0054 0.9989
vn -0.9927 0.1116 0.0460
vn -0.6365 -0.7709 0.0249
vn 0.6144 -0.7884 -0.0323
vn 0.7683 -0.6389 -0.0386
vn 0.2621 -0.9649 -0.0172
vn 0.2350 -0.9719 -0.0160
vn 0.2084 -0.9779 -0.0148
vn 0.1822 -0.9832 -0.0136
vn 0.1566 -0.9876 -0.0125
vn 0.1316 -0.9912 -0.0114
vn 0.1072 -0.9942 -0.0103
vn 0.0834 -0.9965 -0.0092
vn 0.0603 -0.9981 -0.0082
vn 0.0379 -0.9993 -0.0071
vn 0.0161 -0.9999 -0.0061
vn -0.0161 -0.9999 -0.0047
vn -0.0714 -0.9974 -0.0021
vn -0.1404 -0.9901 0.0011
vn -0.2119 -0.9773 0.0044
vn -0.2848 -0.9586 0.0078
vn -0.3579 -0.9337 0.0113
vn -0.4298 -0.9028 0.0148
vn -0.4991 -0.8664 0.0181
vn -0.5646 -0.8251 0.0213
vn -0.6254 -0.7799 0.0244
vn -0.6808 -0.7320 0.0272
vn -0.7304 -0.6824 0.0297
vn -0.7732 -0.6334 0.0319
vn -0.8099 -0.5856 0.0339
vn -0.8432 -0.5364 0.0356
vn -0.8739 -0.4846 0.0373
vn -0.9016 -0.4308 0.0389
vn -0.9260 -0.3754 0.0403
vn -0.9468 -0.3191 0.0415
vn -0.9640 -0.2626 0.0426
vn -0.9775 -0.2064 0.0436
vn -0.9875 -0.1511 0.0443
vn -0.9942 -0.0973 0.0449
vn -0.9979 -0.0453 0.0454
vn -0.9989 0.0040 0.0457
vn -0.9976 0.0514 0.0459
vn -0.9939 0.1001 0.0460
vn -0.9875 0.1511 0.0459
vn -0.9779 0.2041 0.0458
vn -0.9648 0.2589 0.0455
vn -0.9481 0.3148 0.0450
vn -0.9274 0.3714 0.0444
vn -0.9028 0.4279 0.0436
vn -0.8742 0.4838 0.0426
vn -0.8418 0.5382 0.0414
vn -0.8060 0.5905 0.0400
vn -0.7665 0.6411 0.0385
vn -0.7213 0.6917 0.0367
vn -0.6698 0.7418 0.0346
vn -0.6125 0.7898 0.0323
vn -0.5501 0.8346 0.0297
vn -0.4833 0.8751 0.0268
vn -0.4132 0.9103 0.0238
vn -0.3411 0.9398 0.0207
vn -0.2684 0.9631 0.0175
vn -0.1964 0.9804 0.0143
vn -0.1263 0.9919 0.0111
vn -0.0591 0.9982 0.0081
vn -0.0056 1.0000 0.0057
vn 0.0249 0.9997 0.0043
vn 0.0444 0.9990 0.0034
vn 0.0636 0.9980 0.0025
vn 0.0824 0.9966 0.0016
vn 0.1009 0.9949 0.0008
vn 0.1191 0.9929 -0.0001
vn 0.1369 0.9906 -0.0009
vn 0.1543 0.9880 -0.0017
vn 0.1714 0.9852 -0.0025
vn 0.1881 0.9821 -0.0033
vn 0.2044 0.9789 -0.0041
vn 0.7183 0.6951 -0.0291
vn 0.9804 0.1919 -0.0438
vn 0.9783 0.2025 -0.0436
vn 0.9790 0.1989 -0.0437
vn 0.9798 0.1952 -0.0437
vn 0.9806 0.1913 -0.0438
vn 0.9813 0.1872 -0.0438
vn 0.9821 0.1830 -0.0439
vn 0.9829 0.1786 -0.0440
vn 0.9838 0.1740 -0.0440
vn 0.9846 0.1692 -0.0441
vn 0.9854 0.1642 -0.0441
vn 0.9863 0.1590 -0.0442
vn 0.9868 0.1557 -0.0443
vn 0.9867 0.1567 -0.0442
vn 0.9861 0.1599 -0.0442
vn 0.9856 0.1631 -0.0442
vn 0.9851 0.1665 -0.0441
vn 0.9845 0.1699 -0.0441
vn 0.9839 0.1735 -0.0440
vn 0.9832 0.1771 -0.0440
vn 0.9825 0.1808 -0.0439
vn 0.9818 0.1847 -0.0439
vn 0.9811 0.1886 -0.0438
vn 0.9803 0.1927 -0.0438
vn 0.9958 0.0800 -0.0451
vn 0.9966 -0.0690 -0.0459
vn 0.9892 -0.1389 -0.0460
vn 0.9755 -0.2153 -0.0457
vn 0.9537 -0.2974 -0.0452
vn 0.9223 -0.3839 -0.0442
vn 0.8801 -0.4728 -0.0428
vn 0.8267 -0.5611 -0.0408
vn 0.7626 -0.6458 -0.0383
vn 0.6893 -0.7236 -0.0354
vn 0.6096 -0.7921 -0.0321
vn 0.5264 -0.8497 -0.0287
vn 0.3946 -0.9186 -0.0230
vn 0.8435 -0.5355 -0.0414
vn 0.6487 0.7606 -0.0255
vn -0.0227 0.9997 0.0064
vn -0.0204 0.9998 0.0063
vn -0.0181 0.9998 0.0062
vn -0.0158 0.9999 0.0061
vn -0.0134 0.9999 0.0060
vn -0.0109 0.9999 0.0059
vn -0.0084 0.9999 0.0058
vn -0.0058 1.0000 0.0057
vn -0.0032 1.0000 0.0056
vn -0.0005 1.0000 0.0054
vn 0.0023 1.0000 0.0053
vn 0.0052 1.0000 0.0052
vn 0.0080 1.0000 0.0050
vn 0.0108 0.9999 0.0049
vn 0.0137 0.9999 0.0048
vn 0.0166 0.9999 0.0046
vn 0.0196 0.9998 0.0045
vn 0.0226 0.9997 0.0044
vn 0.0257 0.9997 0.0042
vn 0.0288 0.9996 0.0041
vn 0.0320 0.9995 0.0039
vn 0.0352 0.9994 0.0038
vn 0.0385 0.9993 0.0036
vn -0.7229 0.6900 0.0368
vn -0.7762 -0.6297 0.0321
vn -0.2891 -0.9573 0.0080
vn -0.3187 -0.9478 0.0094
vn -0.3856 -0.9226 0.0126
vn -0.4562 -0.8898 0.0160
vn -0.5294 -0.8482 0.0196
vn -0.6034 -0.7971 0.0233
vn -0.6761 -0.7363 0.0269
vn -0.7450 -0.6664 0.0304
vn -0.8076 -0.5887 0.0337
vn -0.8621 -0.5055 0.0367
vn -0.9070 -0.4193 0.0392
vn -0.9421 -0.3328 0.0413
vn -0.9696 -0.2408 0.0430
vn -0.9805 -0.1917 0.0438
vn -0.9804 -0.1921 0.0438
vn -0.9803 -0.1924 0.0438
vn -0.9803 -0.1928 0.0438
vn -0.9802 -0.1932 0.0438
vn -0.9801 -0.1936 0.0437
vn -0.9800 -0.1940 0.0437
vn -0.9800 -0.1943 0.0437
vn -0.9799 -0.1947 0.0437
vn -0.9798 -0.1951 0.0437
vn -0.9797 -0.1954 0.0437
vn -0.9797 -0.1957 0.0437
vn -0.9797 -0.1956 0.0437
vn -0.9797 -0.1955 0.0437
vn -0.9798 -0.1954 0.0437
vn -0.9798 -0.1953 0.0437
vn -0.9798 -0.1952 0.0437
vn -0.9809 -0.1896 0.0438
vn -0.8849 -0.4643 0.0379
vn -0.4995 -0.8661 0.0181
vn -0.2439 -0.9698 0.0059
vn -0.2243 -0.9745 0.0050
vn -0.2043 -0.9789 0.0040
vn -0.1837 -0.9830 0.0031
vn -0.1628 -0.9867 0.0021
vn -0.1414 -0.9900 0.0011
vn -0.1196 -0.9928 0.0001
vn -0.0974 -0.9952 -0.0009
vn -0.0748 -0.9972 -0.0020
vn -0.0519 -0.9986 -0.0030
vn -0.0287 -0.9996 -0.0041
vn 0.0001 -1.0000 -0.0054
vn 0.0406 -0.9992 -0.0073
vn 0.0891 -0.9960 -0.0095
vn 0.1408 -0.9900 -0.0118
vn 0.1955 -0.9806 -0.0142
vn 0.2529 -0.9673 -0.0168
vn 0.3126 -0.9497 -0.0194
vn 0.3739 -0.9272 -0.0221
vn 0.4360 -0.8996 -0.0248
vn 0.4981 -0.8667 -0.0274
vn 0.5590 -0.8286 -0.0300
vn 0.6178 -0.7857 -0.0325
vn 0.6738 -0.7381 -0.0348
vn 0.7274 -0.6853 -0.0369
vn 0.7778 -0.6273 -0.0389
vn 0.8239 -0.5653 -0.0407
vn 0.8649 -0.5002 -0.0422
vn 0.9001 -0.4335 -0.0435
vn 0.9295 -0.3662 -0.0445
vn 0.9530 -0.2997 -0.0452
vn 0.9710 -0.2348 -0.0456
vn 0.9839 -0.1725 -0.0459
vn 0.9925 -0.1133 -0.0460
vn 0.9973 -0.0575 -0.0459
vn 0.9989 -0.0039 -0.0457
vn 0.9976 0.0516 -0.0453
vn 0.9928 0.1108 -0.0448
vn 0.9840 0.1728 -0.0440
vn 0.9706 0.2369 -0.0431
vn 0.9522 0.3025 -0.0419
vn 0.9287 0.3685 -0.0405
vn 0.9001 0.4340 -0.0388
vn 0.8665 0.4979 -0.0369
vn 0.8284 0.5591 -0.0348
vn 0.7864 0.6168 -0.0326
vn 0.7415 0.6703 -0.0303
vn 0.6943 0.7191 -0.0278
vn 0.6444 0.7642 -0.0253
vn 0.5909 0.8064 -0.0226
vn 0.5341 0.8452 -0.0198
vn 0.4746 0.8800 -0.0169
vn 0.4134 0.9104 -0.0140
vn 0.3514 0.9362 -0.0110
vn 0.2895 0.9572 -0.0081
vn 0.2284 0.9735 -0.0052
vn 0.1690 0.9856 -0.0024
vn 0.1118 0.9937 0.0003
vn 0.0572 0.9984 0.0028
vn 0.0128 0.9999 0.0048
vn -0.0150 0.9999 0.0061
vn -0.0350 0.9994 0.0070
vn -0.0548 0.9985 0.0079
vn -0.0742 0.9972 0.0088
vn -0.0935 0.9956 0.0097
vn -0.1124 0.9936 0.0105
vn -0.1310 0.9913 0.0113
vn -0.1493 0.9887 0.0122
vn -0.1673 0.9858 0.0130
vn -0.1849 0.9827 0.0138
vn -0.2022 0.9792 0.0145
vn -0.5721 0.8196 0.0306
vn -0.1298 0.9915 0.0113
vn -0.9420 0.3327 0.0448
vn -0.9636 -0.2639 0.0426
vn -0.9644 -0.2608 0.0427
vn -0.9652 -0.2580 0.0427
vn -0.9659 -0.2554 0.0428
vn -0.9665 -0.2531 0.0428
vn -0.9671 -0.2509 0.0428
vn -0.9676 -0.2489 0.0429
vn -0.9681 -0.2471 0.0429
vn -0.9685 -0.2453 0.0429
vn -0.9689 -0.2437 0.0430
vn -0.9693 -0.2422 0.0430
vn -0.9702 -0.2384 0.0431
vn -0.9720 -0.2310 0.0432
vn -0.9737 -0.2236 0.0433
vn -0.9750 -0.2179 0.0434
vn -0.9760 -0.2135 0.0435
vn -0.9767 -0.2100 0.0435
vn -0.9774 -0.2070 0.0435
vn -0.9779 -0.2046 0.0436
vn -0.9783 -0.2025 0.0436
vn -0.9787 -0.2007 0.0436
vn -0.9790 -0.1992 0.0437
vn -0.9793 -0.1978 0.0437
vn -0.9811 -0.1884 0.0438
vn -0.9834 -0.1762 0.0440
vn -0.9860 -0.1609 0.0442
vn -0.9884 -0.1453 0.0444
vn -0.9906 -0.1294 0.0446
vn -0.9925 -0.1134 0.0447
vn -0.9943 -0.0971 0.0449
vn -0.9957 -0.0806 0.0451
vn -0.9969 -0.0639 0.0452
vn -0.9979 -0.0469 0.0454
vn -0.9985 -0.0298 0.0455
vn -0.9989 -0.0125 0.0456
vn -0.9988 0.0162 0.0457
vn -0.9965 0.0701 0.0459
vn -0.9889 0.1412 0.0460
vn -0.9747 0.2187 0.0457
vn -0.9523 0.3020 0.0452
vn -0.9200 0.3894 0.0442
vn -0.8768 0.4790 0.0427
vn -0.8223 0.5676 0.0407
vn -0.7572 0.6520 0.0381
vn -0.6833 0.7292 0.0352
vn -0.6033 0.7969 0.0319
vn -0.5203 0.8535 0.0284
vn -0.4380 0.8986 0.0249
vn -0.3623 0.9318 0.0216
vn -0.2967 0.9548 0.0187
vn -0.2403 0.9706 0.0162
vn -0.1917 0.9814 0.0141
vn -0.1498 0.9886 0.0122
vn -0.1134 0.9935 0.0106
vn -0.0817 0.9966 0.0091
vn -0.0539 0.9985 0.0079
vn -0.0294 0.9995 0.0067
vn -0.0076 1.0000 0.0058
vn 0.0119 0.9999 0.0049
vn -0.7240 0.6888 0.0368
vn -0.7859 -0.6175 0.0326
vn -0.3003 -0.9538 0.0086
vn -0.2874 -0.9578 0.0080
vn -0.2730 -0.9620 0.0073
vn -0.2569 -0.9664 0.0065
vn -0.2388 -0.9711 0.0057
vn -0.2182 -0.9759 0.0047
vn -0.1946 -0.9809 0.0036
vn -0.1675 -0.9859 0.0023
vn -0.1361 -0.9907 0.0009
vn -0.0993 -0.9951 -0.0008
vn -0.0558 -0.9984 -0.0028
vn -0.0060 -1.0000 -0.0051
vn 0.0465 -0.9989 -0.0075
vn 0.1010 -0.9948 -0.0100
vn 0.1583 -0.9873 -0.0126
vn 0.2183 -0.9758 -0.0153
vn 0.2802 -0.9598 -0.0180
vn 0.3433 -0.9390 -0.0208
vn 0.4069 -0.9132 -0.0235
vn 0.4700 -0.8823 -0.0262
vn 0.5315 -0.8466 -0.0289
vn 0.5904 -0.8065 -0.0313
vn 0.6459 -0.7627 -0.0336
vn 0.6994 -0.7139 -0.0358
vn 0.7523 -0.6577 -0.0379
vn 0.8021 -0.5958 -0.0399
vn 0.8462 -0.5312 -0.0415
vn 0.8842 -0.4652 -0.0429
vn 0.9158 -0.3991 -0.0440
vn 0.9414 -0.3342 -0.0448
vn 0.9614 -0.2713 -0.0454
vn 0.9764 -0.2112 -0.0458
vn 0.9869 -0.1544 -0.0459
vn 0.9938 -0.1011 -0.0460
vn 0.9976 -0.0514 -0.0459
vn 0.9989 -0.0142 -0.0457
vn 0.9990 0.0025 -0.0456
vn 0.9989 0.0088 -0.0456
vn 0.9989 0.0142 -0.0456
vn 0.9988 0.0188 -0.0455
vn 0.9987 0.0228 -0.0455
vn 0.9986 0.0263 -0.0455
vn 0.9985 0.0293 -0.0455
vn 0.9985 0.0320 -0.0455
vn 0.9984 0.0345 -0.0454
vn 0.9983 0.0367 -0.0454
vn 0.9982 0.0387 -0.0454
vn 0.4294 -0.9028 -0.0245
vn -0.6557 -0.7545 0.0259
vn -0.6471 -0.7620 0.0255
vn -0.6377 -0.7699 0.0250
vn -0.6275 -0.7783 0.0245
vn -0.6163 -0.7871 0.0239
vn -0.6041 -0.7965 0.0233
vn -0.5907 -0.8065 0.0226
vn -0.5760 -0.8171 0.0219
vn -0.5598 -0.8284 0.0211
vn -0.5417 -0.8403 0.0202
vn -0.5216 -0.8530 0.0192
vn -0.5020 -0.8647 0.0183
vn -0.4857 -0.8739 0.0175
vn -0.4703 -0.8824 0.0167
vn -0.4525 -0.8916 0.0159
vn -0.4319 -0.9018 0.0149
vn -0.4078 -0.9130 0.0137
vn -0.3791 -0.9253 0.0123
vn -0.3448 -0.9386 0.0107
vn -0.3031 -0.9529 0.0087
vn -0.2516 -0.9678 0.0063
vn -0.1872 -0.9823 0.0032
vn -0.1057 -0.9944 -0.0005
vn -0.0163 -0.9999 -0.0047
vn 0.0616 -0.9981 -0.0082
vn 0.1319 -0.9912 -0.0114
vn 0.2054 -0.9786 -0.0147
vn 0.2811 -0.9595 -0.0180
vn 0.3576 -0.9336 -0.0214
vn 0.4333 -0.9009 -0.0247
vn 0.5066 -0.8618 -0.0278
vn 0.5760 -0.8169 -0.0307
vn 0.6402 -0.7675 -0.0334
vn 0.6984 -0.7148 -0.0358
vn 0.7501 -0.6602 -0.0379
vn 0.7939 -0.6067 -0.0396
vn 0.8301 -0.5561 -0.0409
vn 0.8617 -0.5057 -0.0421
vn 0.8901 -0.4537 -0.0431
vn 0.9151 -0.4008 -0.0440
vn 0.9366 -0.3476 -0.0447
vn 0.9545 -0.2946 -0.0452
vn 0.9691 -0.2423 -0.0456
vn 0.9805 -0.1913 -0.0458
vn 0.9888 -0.1418 -0.0460
vn 0.9945 -0.0942 -0.0460
vn 0.9978 -0.0486 -0.0459
vn 0.9990 -0.0029 -0.0457
vn 0.9979 0.0468 -0.0454
vn 0.9939 0.1006 -0.0449
vn 0.9867 0.1566 -0.0442
vn 0.9758 0.2141 -0.0434
vn 0.9611 0.2728 -0.0425
vn 0.9424 0.3319 -0.0413
vn 0.9196 0.3907 -0.0399
vn 0.8929 0.4486 -0.0384
vn 0.8625 0.5047 -0.0367
vn 0.8288 0.5584 -0.0349
vn 0.7923 0.6092 -0.0329
vn 0.7530 0.6573 -0.0309
vn 0.7091 0.7045 -0.0286
vn 0.6596 0.7511 -0.0261
vn 0.6049 0.7960 -0.0233
vn 0.5453 0.8380 -0.0204
vn 0.4815 0.8763 -0.0173
vn 0.4144 0.9100 -0.0140
vn 0.3451 0.9385 -0.0107
vn 0.2747 0.9615 -0.0074
vn 0.2046 0.9788 -0.0041
vn 0.1358 0.9907 -0.0008
vn 0.0692 0.9976 0.0022
vn 0.0126 0.9999 0.0048
vn -0.0273 0.9996 0.0067
vn -0.0584 0.9983 0.0081
vn -0.0878 0.9961 0.0094
vn -0.1158 0.9932 0.0107
vn -0.1422 0.9898 0.0119
vn -0.1910 0.9815 0.0140
vn -0.2134 0.9769 0.0150
vn -0.2346 0.9720 0.0160
vn -0.2546 0.9669 0.0169
vn -0.2736 0.9617 0.0177
vn -0.0264 0.9996 0.0066
vn 0.2393 0.9709 -0.0057
vn 0.2538 0.9672 -0.0064
vn 0.2673 0.9636 -0.0070
vn 0.2801 0.9599 -0.0076
vn 0.2920 0.9564 -0.0082
vn 0.3033 0.9529 -0.0087
vn 0.3139 0.9494 -0.0092
vn 0.3239 0.9461 -0.0097
vn 0.3333 0.9428 -0.0101
vn 0.3422 0.9396 -0.0106
vn 0.3506 0.9364 -0.0110
vn 0.8447 0.5341 -0.0357
vn 0.9052 -0.4228 -0.0437
vn 0.4625 -0.8862 -0.0259
vn 0.3943 -0.9187 -0.0230
vn 0.3571 -0.9338 -0.0214
vn 0.3177 -0.9480 -0.0196
vn 0.2764 -0.9609 -0.0178
vn 0.2331 -0.9723 -0.0159
vn 0.1880 -0.9821 -0.0139
vn 0.1414 -0.9899 -0.0118
vn 0.0935 -0.9956 -0.0097
vn 0.0445 -0.9990 -0.0074
vn -0.0148 -0.9999 -0.0047
vn -0.0947 -0.9955 -0.0011
vn -0.1861 -0.9825 0.0032
vn -0.2776 -0.9607 0.0075
vn -0.3667 -0.9303 0.0117
vn -0.4513 -0.8923 0.0158
vn -0.5294 -0.8481 0.0196
vn -0.5999 -0.7997 0.0231
vn -0.6622 -0.7488 0.0262
vn -0.7164 -0.6971 0.0290
vn -0.7628 -0.6459 0.0314
vn -0.8022 -0.5961 0.0334
vn -0.8343 -0.5502 0.0352
vn -0.8605 -0.5081 0.0366
vn -0.8839 -0.4662 0.0379
vn -0.9055 -0.4225 0.0391
vn -0.9253 -0.3771 0.0403
vn -0.9430 -0.3303 0.0413
vn -0.9583 -0.2826 0.0423
vn -0.9712 -0.2342 0.0431
vn -0.9816 -0.1856 0.0439
vn -0.9896 -0.1370 0.0445
vn -0.9950 -0.0889 0.0450
vn -0.9981 -0.0415 0.0454
vn -0.9990 0.0012 0.0457
vn -0.9983 0.0367 0.0458
vn -0.9965 0.0699 0.0459
vn -0.9934 0.1046 0.0460
vn -0.9889 0.1410 0.0460
vn -0.9828 0.1789 0.0459
vn -0.9748 0.2182 0.0457
vn -0.9526 0.3008 0.0452
vn -0.9380 0.3437 0.0447
vn -0.9209 0.3873 0.0442
vn -0.9012 0.4313 0.0435
vn -0.8770 0.4785 0.0427
vn -0.8450 0.5332 0.0415
vn -0.8039 0.5934 0.0399
vn -0.7542 0.6556 0.0380
vn -0.6950 0.7181 0.0356
vn -0.6261 0.7791 0.0328
vn -0.5477 0.8361 0.0296
vn -0.4613 0.8869 0.0259
vn -0.3689 0.9292 0.0219
vn -0.2733 0.9618 0.0177
vn -0.1774 0.9840 0.0134
vn -0.0841 0.9964 0.0092
vn 0.0064 1.0000 0.0051
vn 0.0899 0.9959 0.0013
vn 0.1593 0.9872 -0.0019
vn 0.2147 0.9767 -0.0045
vn 0.2597 0.9657 -0.0066
vn 0.2966 0.9550 -0.0084
vn 0.3274 0.9448 -0.0099
vn 0.3533 0.9354 -0.0111
vn 0.3754 0.9268 -0.0121
vn 0.3945 0.9188 -0.0131
vn 0.4110 0.9115 -0.0139
vn 0.4255 0.9048 -0.0146
vn 0.4415 0.8971 -0.0153
vn 0.4616 0.8869 -0.0163
vn 0.4823 0.8758 -0.0173
vn 0.5006 0.8655 -0.0182
vn 0.5169 0.8558 -0.0190
vn 0.5315 0.8468 -0.0197
vn 0.5447 0.8384 -0.0204
vn 0.5566 0.8305 -0.0209
vn 0.5674 0.8232 -0.0215
vn 0.5772 0.8163 -0.0220
vn 0.5862 0.8099 -0.0224
vn 0.5944 0.8039 -0.0228
vn -0.6571 -0.7533 0.0260
vn 0.7534 -0.6565 -0.0380
vn 0.9821 0.1831 -0.0439
vn 0.9850 0.1671 -0.0441
vn 0.9855 0.1636 -0.0442
vn 0.9862 0.1594 -0.0442
vn 0.9870 0.1546 -0.0443
vn 0.9879 0.1487 -0.0443
vn 0.9890 0.1414 -0.0444
vn 0.9902 0.1323 -0.0445
vn 0.9917 0.1206 -0.0447
vn 0.9935 0.1048 -0.0448
vn 0.9956 0.0823 -0.0451
vn 0.9978 0.0479 -0.0453
vn 0.9989 -0.0095 -0.0457
vn 0.9950 -0.0891 -0.0460
vn 0.9829 -0.1781 -0.0459
vn 0.9614 -0.2712 -0.0454
vn 0.9296 -0.3659 -0.0445
vn 0.8873 -0.4592 -0.0430
vn 0.8354 -0.5481 -0.0411
vn 0.7756 -0.6300 -0.0389
vn 0.7104 -0.7028 -0.0363
vn 0.6424 -0.7657 -0.0335
vn 0.5739 -0.8184 -0.0307
vn 0.5069 -0.8616 -0.0278
vn 0.4315 -0.9018 -0.0246
vn 0.3451 -0.9384 -0.0208
vn 0.2682 -0.9632 -0.0175
vn 0.2095 -0.9777 -0.0149
vn 0.1637 -0.9864 -0.0128
vn 0.1271 -0.9918 -0.0112
vn 0.0974 -0.9952 -0.0098
vn 0.0728 -0.9973 -0.0087
vn 0.0522 -0.9986 -0.0078
vn 0.0347 -0.9994 -0.0070
vn 0.0196 -0.9998 -0.0063
vn 0.0065 -1.0000 -0.0057
vn 0.7320 -0.6803 -0.0371
vn 0.7910 0.6110 -0.0328
vn 0.3160 0.9487 -0.0093
vn 0.2994 0.9541 -0.0085
vn 0.2813 0.9596 -0.0077
vn 0.2615 0.9652 -0.0067
vn 0.2397 0.9708 -0.0057
vn 0.2156 0.9765 -0.0046
vn 0.1891 0.9820 -0.0033
vn 0.1597 0.9872 -0.0020
vn 0.1270 0.9919 -0.0004
vn 0.0905 0.9959 0.0012
vn 0.0499 0.9987 0.0031
vn -0.0375 0.9993 0.0071
vn -0.0828 0.9965 0.0092
vn -0.1311 0.9913 0.0114
vn -0.1824 0.9831 0.0137
vn -0.2365 0.9715 0.0161
vn -0.2931 0.9559 0.0186
vn -0.3516 0.9359 0.0211
vn -0.4115 0.9111 0.0237
vn -0.4720 0.8812 0.0263
vn -0.5321 0.8462 0.0289
vn -0.5909 0.8062 0.0314
vn -0.6478 0.7611 0.0337
vn -0.7029 0.7104 0.0360
vn -0.7557 0.6538 0.0381
vn -0.8047 0.5923 0.0400
vn -0.8490 0.5268 0.0416
vn -0.8876 0.4586 0.0430
vn -0.9202 0.3890 0.0442
vn -0.9466 0.3193 0.0450
vn -0.9670 0.2508 0.0455
vn -0.9818 0.1845 0.0459
vn -0.9916 0.1212 0.0460
vn -0.9971 0.0614 0.0459
vn -0.9988 0.0170 0.0457
vn -0.9990 -0.0020 0.0456
vn -0.9989 -0.0086 0.0456
vn -0.9988 -0.0149 0.0456
vn -0.9987 -0.0214 0.0455
vn -0.9986 -0.0275 0.0455
vn -0.9984 -0.0335 0.0454
vn -0.9982 -0.0394 0.0454
vn -0.9980 -0.0450 0.0454
vn -0.9977 -0.0506 0.0453
vn -0.9974 -0.0559 0.0453
vn -0.9971 -0.0612 0.0452
vn -0.9968 -0.0662 0.0452
vn -0.9964 -0.0713 0.0452
vn -0.9961 -0.0763 0.0451
vn -0.9957 -0.0809 0.0451
vn -0.9953 -0.0856 0.0450
vn -0.9949 -0.0902 0.0450
vn -0.9945 -0.0946 0.0449
vn -0.9941 -0.0989 0.0449
vn -0.9937 -0.1032 0.0449
vn -0.9932 -0.1074 0.0448
vn -0.9928 -0.1113 0.0448
vn -0.9923 -0.1153 0.0447
vn -0.5333 0.8454 0.0289
vn 0.5185 0.8549 -0.0191
vn 0.4894 0.8719 -0.0177
vn 0.4574 0.8891 -0.0161
vn 0.4223 0.9063 -0.0144
vn 0.3838 0.9233 -0.0126
vn 0.3417 0.9398 -0.0105
vn 0.2956 0.9553 -0.0083
vn 0.2455 0.9694 -0.0060
vn 0.1912 0.9815 -0.0034
vn 0.1328 0.9911 -0.0007
vn 0.0706 0.9975 0.0022
vn 0.0038 1.0000 0.0052
vn -0.0707 0.9975 0.0086
vn -0.1550 0.9878 0.0124
vn -0.2486 0.9685 0.0166
vn -0.3501 0.9365 0.0211
vn -0.4565 0.8894 0.0257
vn -0.5632 0.8258 0.0302
vn -0.6646 0.7464 0.0344
vn -0.7553 0.6542 0.0381
vn -0.8314 0.5541 0.0410
vn -0.8911 0.4517 0.0432
vn -0.9350 0.3519 0.0446
vn -0.3275 0.9447 0.0201
vn 0.5458 0.8377 -0.0204
vn 0.5160 0.8564 -0.0190
vn 0.4830 0.8754 -0.0173
vn 0.4466 0.8946 -0.0156
vn 0.4065 0.9135 -0.0136
vn 0.3623 0.9320 -0.0115
vn 0.3138 0.9494 -0.0092
vn 0.2608 0.9654 -0.0067
vn 0.2032 0.9791 -0.0040
vn 0.1411 0.9900 -0.0011
vn 0.0748 0.9972 0.0020
vn 0.0117 0.9999 0.0049
vn -0.0410 0.9991 0.0073
vn -0.0904 0.9959 0.0095
vn -0.1434 0.9896 0.0119
vn -0.1998 0.9797 0.0144
vn -0.2595 0.9656 0.0171
vn -0.3220 0.9465 0.0198
vn -0.3866 0.9220 0.0227
vn -0.4523 0.8915 0.0255
vn -0.5180 0.8549 0.0283
vn -0.5825 0.8122 0.0310
vn -0.6445 0.7639 0.0336
vn -0.7017 0.7116 0.0359
vn -0.7530 0.6569 0.0380
vn -0.7995 0.5993 0.0398
vn -0.8417 0.5384 0.0414
vn -0.8788 0.4753 0.0427
vn -0.9105 0.4111 0.0438
vn -0.9368 0.3469 0.0447
vn -0.9578 0.2837 0.0453
vn -0.9739 0.2224 0.0457
vn -0.9855 0.1635 0.0459
vn -0.9931 0.1075 0.0460
vn -0.9974 0.0547 0.0459
vn -0.9989 0.0123 0.0457
vn -0.9989 -0.0140 0.0456
vn -0.9984 -0.0333 0.0455
vn -0.9976 -0.0529 0.0453
vn -0.9963 -0.0729 0.0451
vn -0.9946 -0.0932 0.0450
vn -0.9925 -0.1139 0.0447
vn -0.9899 -0.1348 0.0445
vn -0.9868 -0.1560 0.0443
vn -0.9831 -0.1775 0.0440
vn -0.9790 -0.1991 0.0437
vn -0.9743 -0.2211 0.0433
vn -0.9746 -0.2196 0.0434
vn -0.9809 -0.1895 0.0438
vn -0.9846 -0.1694 0.0441
vn -0.9854 -0.1646 0.0441
vn -0.9862 -0.1595 0.0442
vn -0.9870 -0.1543 0.0443
vn -0.9878 -0.1490 0.0443
vn -0.9887 -0.1435 0.0444
vn -0.9895 -0.1378 0.0445
vn -0.9903 -0.1317 0.0445
vn -0.9911 -0.1255 0.0446
vn -0.9919 -0.1191 0.0447
vn -0.9926 -0.1124 0.0448
vn -0.9934 -0.1054 0.0448
vn -0.9941 -0.0982 0.0449
vn -0.9949 -0.0908 0.0450
vn -0.9955 -0.0830 0.0451
vn -0.9962 -0.0748 0.0451
vn -0.9973 -0.0574 0.0453
vn -0.9978 -0.0482 0.0453
vn -0.9982 -0.0385 0.0454
vn -0.9986 -0.0283 0.0455
vn -0.9988 -0.0177 0.0456
vn -0.9989 -0.0066 0.0456
vn -0.9988 0.0198 0.0458
vn -0.9958 0.0787 0.0459
vn -0.9861 0.1594 0.0459
vn -0.9678 0.2475 0.0456
vn -0.9388 0.3416 0.0448
vn -0.8974 0.4391 0.0434
vn -0.8428 0.5367 0.0414
vn -0.7754 0.6302 0.0388
vn -0.6975 0.7157 0.0357
vn -0.6122 0.7900 0.0323
vn -0.5235 0.8516 0.0285
vn -0.4351 0.9000 0.0248
vn -0.3554 0.9345 0.0213
vn -0.2929 0.9560 0.0186
vn -0.2438 0.9697 0.0164
vn -0.2016 0.9794 0.0145
vn -0.1653 0.9862 0.0129
vn -0.1337 0.9910 0.0115
vn -0.1061 0.9943 0.0102
vn -0.0818 0.9966 0.0091
vn -0.0604 0.9981 0.0082
vn -0.0413 0.9991 0.0073
vn -0.0242 0.9997 0.0065
vn -0.0089 0.9999 0.0058
vn -0.7317 0.6806 0.0371
vn -0.7904 -0.6118 0.0328
vn -0.3123 -0.9500 0.0091
vn -0.2956 -0.9553 0.0083
vn -0.2775 -0.9607 0.0075
vn -0.2577 -0.9662 0.0066
vn -0.2359 -0.9718 0.0055
vn -0.2121 -0.9772 0.0044
vn -0.1857 -0.9826 0.0032
vn -0.1566 -0.9877 0.0018
vn -0.1244 -0.9922 0.0003
vn -0.0886 -0.9961 -0.0013
vn -0.0488 -0.9988 -0.0032
vn -0.0063 -1.0000 -0.0051
vn 0.0370 -0.9993 -0.0071
vn 0.0820 -0.9966 -0.0091
vn 0.1303 -0.9914 -0.0113
vn 0.1818 -0.9832 -0.0136
vn 0.2365 -0.9715 -0.0161
vn 0.2941 -0.9556 -0.0186
vn 0.3540 -0.9350 -0.0212
vn 0.4157 -0.9092 -0.0239
vn 0.4782 -0.8778 -0.0266
vn 0.5407 -0.8407 -0.0293
vn 0.6019 -0.7980 -0.0318
vn 0.6626 -0.7482 -0.0343
vn 0.7234 -0.6895 -0.0368
vn 0.7805 -0.6240 -0.0390
vn 0.8308 -0.5551 -0.0410
vn 0.8737 -0.4846 -0.0426
vn 0.9091 -0.4142 -0.0438
vn 0.9375 -0.3452 -0.0447
vn 0.9592 -0.2789 -0.0453
vn 0.9753 -0.2161 -0.0457
vn 0.9865 -0.1572 -0.0459
vn 0.9937 -0.1024 -0.0460
vn 0.9976 -0.0519 -0.0459
vn 0.9989 -0.0133 -0.0457
vn 0.9989 0.0066 -0.0456
vn 0.9988 0.0178 -0.0456
vn 0.9986 0.0286 -0.0455
vn 0.9982 0.0389 -0.0454
vn 0.9978 0.0488 -0.0453
vn 0.9973 0.0584 -0.0453
vn 0.9967 0.0675 -0.0452
vn 0.9961 0.0764 -0.0451
vn 0.9954 0.0849 -0.0450
vn 0.9946 0.0931 -0.0450
vn 0.9939 0.1010 -0.0449
vn 0.9931 0.1087 -0.0448
vn 0.9923 0.1159 -0.0447
vn 0.9914 0.1230 -0.0446
vn 0.9905 0.1299 -0.0446
vn 0.9896 0.1365 -0.0445
vn 0.9887 0.1429 -0.0444
vn 0.9878 0.1491 -0.0443
vn 0.9869 0.1551 -0.0443
vn 0.9860 0.1609 -0.0442
vn 0.9841 0.1719 -0.0440
vn 0.9799 0.1946 -0.0437
vn 0.9786 0.2012 -0.0436
vn 0.9816 0.1857 -0.0439
vn 0.9843 0.1709 -0.0441
vn 0.9868 0.1556 -0.0443
vn 0.9892 0.1399 -0.0445
vn 0.9913 0.1236 -0.0446
vn 0.9933 0.1068 -0.0448
vn 0.9950 0.0896 -0.0450
vn 0.9964 0.0717 -0.0452
vn 0.9975 0.0534 -0.0453
vn 0.9988 0.0150 -0.0456
vn 0.9989 -0.0102 -0.0457
vn 0.9978 -0.0474 -0.0459
vn 0.9946 -0.0929 -0.0460
vn 0.9888 -0.1419 -0.0460
vn 0.9798 -0.1945 -0.0458
vn 0.9670 -0.2506 -0.0456
vn 0.9497 -0.3098 -0.0451
vn 0.9273 -0.3717 -0.0444
vn 0.8991 -0.4356 -0.0434
vn 0.8647 -0.5005 -0.0422
vn 0.8240 -0.5652 -0.0407
vn 0.7770 -0.6283 -0.0389
vn 0.7216 -0.6914 -0.0367
vn 0.6557 -0.7543 -0.0340
vn 0.5835 -0.8115 -0.0311
vn 0.5101 -0.8597 -0.0280
vn 0.4375 -0.8989 -0.0249
vn 0.3673 -0.9298 -0.0218
vn 0.3007 -0.9535 -0.0189
vn 0.2385 -0.9710 -0.0161
vn 0.1808 -0.9834 -0.0136
vn 0.1279 -0.9917 -0.0112
vn 0.0795 -0.9968 -0.0090
vn 0.0354 -0.9993 -0.0070
vn -0.0101 -0.9999 -0.0049
vn -0.0634 -0.9980 -0.0025
vn -0.1199 -0.9928 0.0001
vn -0.1742 -0.9847 0.0026
vn -0.2258 -0.9742 0.0051
vn -0.2746 -0.9615 0.0074
vn -0.3205 -0.9472 0.0095
vn -0.3634 -0.9316 0.0116
vn -0.4033 -0.9150 0.0135
vn -0.4403 -0.8977 0.0153
vn -0.4745 -0.8801 0.0169
vn -0.5061 -0.8623 0.0185
vn -0.8654 -0.4997 0.0369
vn -0.9985 -0.0310 0.0455
vn -0.9980 -0.0441 0.0454
vn -0.9973 -0.0571 0.0453
vn -0.9965 -0.0700 0.0452
vn -0.9955 -0.0829 0.0451
vn -0.9944 -0.0957 0.0449
vn -0.9931 -0.1084 0.0448
vn -0.9917 -0.1209 0.0447
vn -0.9901 -0.1334 0.0445
vn -0.9883 -0.1458 0.0444
vn -0.9864 -0.1580 0.0442
vn -0.9827 -0.1801 0.0439
vn -0.6566 -0.7538 0.0259
vn 0.7531 -0.6568 -0.0380
vn 0.9777 0.2054 -0.0436
vn 0.9776 0.2059 -0.0436
vn 0.9809 0.1897 -0.0438
vn 0.9840 0.1729 -0.0440
vn 0.9868 0.1555 -0.0443
vn 0.9895 0.1376 -0.0445
vn 0.9919 0.1191 -0.0447
vn 0.9940 0.0999 -0.0449
vn 0.9958 0.0802 -0.0451
vn 0.9972 0.0598 -0.0453
vn 0.9982 0.0388 -0.0454
vn 0.9988 0.0172 -0.0456
vn 0.9989 -0.0091 -0.0457
vn 0.9979 -0.0454 -0.0459
vn 0.9950 -0.0887 -0.0460
vn 0.9897 -0.1355 -0.0460
vn 0.9815 -0.1858 -0.0459
vn 0.9698 -0.2396 -0.0456
vn 0.9539 -0.2966 -0.0452
vn 0.9332 -0.3565 -0.0446
vn 0.9071 -0.4187 -0.0437
vn 0.8749 -0.4824 -0.0426
vn 0.8364 -0.5466 -0.0412
vn 0.7915 -0.6098 -0.0395
vn 0.7371 -0.6748 -0.0373
vn 0.6697 -0.7418 -0.0346
vn 0.5946 -0.8034 -0.0315
vn 0.5182 -0.8548 -0.0283
vn 0.4429 -0.8962 -0.0251
vn 0.3704 -0.9286 -0.0220
vn 0.3021 -0.9531 -0.0190
vn 0.2387 -0.9710 -0.0162
vn 0.1804 -0.9835 -0.0136
vn 0.1272 -0.9918 -0.0112
vn 0.0788 -0.9968 -0.0090
vn 0.0350 -0.9994 -0.0070
vn -0.0100 -0.9999 -0.0049
vn -0.0623 -0.9981 -0.0025
vn -0.1176 -0.9931 -0.0000
vn -0.1703 -0.9854 0.0025
vn -0.2203 -0.9754 0.0048
vn -0.2674 -0.9636 0.0070
vn -0.3115 -0.9502 0.0091
vn -0.3527 -0.9357 0.0111
vn -0.3909 -0.9204 0.0129
vn -0.4263 -0.9045 0.0146
vn -0.4591 -0.8883 0.0162
vn -0.4893 -0.8719 0.0177
vn -0.8137 -0.5804 0.0340
vn -0.3914 -0.9201 0.0129
vn -0.3534 -0.9354 0.0111
vn -0.3214 -0.9469 0.0096
vn -0.2899 -0.9570 0.0081
vn -0.2589 -0.9659 0.0066
vn -0.2285 -0.9735 0.0052
vn -0.1989 -0.9800 0.0038
vn -0.1700 -0.9854 0.0024
vn -0.1420 -0.9899 0.0011
vn -0.1147 -0.9934 -0.0001
vn -0.0884 -0.9961 -0.0013
vn -0.0629 -0.9980 -0.0025
vn -0.6871 -0.7261 0.0275
vn -0.9940 -0.1000 0.0449
vn -0.9948 -0.0912 0.0450
vn -0.9956 -0.0823 0.0451
vn -0.9963 -0.0733 0.0451
vn -0.9969 -0.0640 0.0452
vn -0.9975 -0.0546 0.0453
vn -0.9980 -0.0451 0.0454
vn -0.9983 -0.0354 0.0454
vn -0.9986 -0.0256 0.0455
vn -0.9988 -0.0156 0.0456
vn -0.9989 -0.0054 0.0456
vn -0.9989 0.0127 0.0457
vn -0.9978 0.0476 0.0459
vn -0.9946 0.0932 0.0460
vn -0.9888 0.1420 0.0460
vn -0.9799 0.1942 0.0458
vn -0.9673 0.2495 0.0456
vn -0.9504 0.3077 0.0451
vn -0.9287 0.3681 0.0444
vn -0.9016 0.4303 0.0435
vn -0.8689 0.4932 0.0424
vn -0.8303 0.5558 0.0410
vn -0.7861 0.6169 0.0393
vn -0.7368 0.6751 0.0373
vn -0.6827 0.7299 0.0351
vn -0.6238 0.7809 0.0327
vn -0.5608 0.8274 0.0301
vn -0.4948 0.8686 0.0273
vn -0.4270 0.9039 0.0244
vn -0.3588 0.9331 0.0214
vn -0.2915 0.9564 0.0185
vn -0.2260 0.9740 0.0156
vn -0.1631 0.9865 0.0128
vn -0.1035 0.9946 0.0101
vn -0.0475 0.9988 0.0076
vn 0.0041 1.0000 0.0052
vn 0.0519 0.9986 0.0030
vn 0.0980 0.9952 0.0009
vn 0.1431 0.9897 -0.0012
vn 0.1871 0.9823 -0.0032
vn 0.2297 0.9732 -0.0052
vn 0.2707 0.9626 -0.0072
vn 0.3100 0.9507 -0.0090
vn 0.3476 0.9376 -0.0108
vn 0.3833 0.9236 -0.0125
vn 0.4171 0.9088 -0.0141
vn 0.4490 0.8934 -0.0157
vn -0.2572 0.9662 0.0170
vn -0.9941 -0.0991 0.0449
vn -0.7076 -0.7061 0.0285
vn -0.6799 -0.7328 0.0271
vn -0.6516 -0.7582 0.0257
vn -0.6228 -0.7820 0.0242
vn -0.5937 -0.8043 0.0228
vn -0.5645 -0.8251 0.0213
vn -0.5353 -0.8444 0.0199
vn -0.5062 -0.8622 0.0185
vn -0.4773 -0.8786 0.0171
vn -0.4488 -0.8935 0.0157
vn -0.4207 -0.9071 0.0143
vn -0.3931 -0.9194 0.0130
vn -0.3654 -0.9308 0.0117
vn -0.3368 -0.9415 0.0103
vn -0.3071 -0.9516 0.0089
vn -0.2765 -0.9610 0.0074
vn -0.2450 -0.9695 0.0060
vn -0.2125 -0.9771 0.0044
vn -0.1793 -0.9838 0.0029
vn -0.1455 -0.9894 0.0013
vn -0.1110 -0.9938 -0.0003
vn -0.0760 -0.9971 -0.0019
vn -0.0407 -0.9992 -0.0035
vn 0.0530 -0.9986 -0.0078
vn 0.1141 -0.9934 -0.0106
vn 0.1780 -0.9839 -0.0135
vn 0.2442 -0.9696 -0.0164
vn 0.3118 -0.9500 -0.0194
vn 0.3797 -0.9248 -0.0224
vn 0.4469 -0.8942 -0.0253
vn 0.5121 -0.8585 -0.0280
vn 0.5743 -0.8181 -0.0307
vn 0.6326 -0.7738 -0.0331
vn 0.6861 -0.7266 -0.0353
vn 0.7345 -0.6776 -0.0372
vn 0.7782 -0.6268 -0.0390
vn 0.8186 -0.5730 -0.0405
vn 0.8554 -0.5163 -0.0419
vn 0.8881 -0.4576 -0.0431
vn 0.9165 -0.3976 -0.0440
vn 0.9404 -0.3372 -0.0448
vn 0.9597 -0.2773 -0.0454
vn 0.9748 -0.2185 -0.0457
vn 0.9858 -0.1615 -0.0459
vn 0.9932 -0.1068 -0.0460
vn 0.9975 -0.0546 -0.0459
vn 0.9989 -0.0120 -0.0457
vn 0.9988 0.0155 -0.0456
vn 0.9983 0.0361 -0.0454
vn 0.9974 0.0569 -0.0453
vn 0.9959 0.0778 -0.0451
vn 0.9941 0.0988 -0.0449
vn 0.9918 0.1199 -0.0447
vn 0.9890 0.1411 -0.0444
vn 0.9857 0.1623 -0.0442
vn 0.9820 0.1835 -0.0439
vn 0.9779 0.2047 -0.0436
vn 0.9732 0.2258 -0.0433
vn 0.9683 0.2462 -0.0429
vn 0.9632 0.2653 -0.0426
vn 0.9580 0.2837 -0.0422
vn 0.9523 0.3022 -0.0419
vn 0.9463 0.3207 -0.0415
vn 0.9398 0.3392 -0.0411
vn 0.9330 0.3577 -0.0407
vn 0.9257 0.3761 -0.0403
vn 0.9181 0.3944 -0.0398
vn 0.9100 0.4127 -0.0394
vn 0.9016 0.4308 -0.0389
vn 0.8928 0.4488 -0.0384
vn 0.8837 0.4665 -0.0379
vn 0.8743 0.4839 -0.0373
vn 0.8645 0.5012 -0.0368
vn 0.8544 0.5184 -0.0362
vn 0.8438 0.5355 -0.0357
vn 0.8328 0.5524 -0.0351
vn 0.8215 0.5692 -0.0345
vn 0.8098 0.5858 -0.0338
vn 0.7977 0.6022 -0.0332
vn 0.7852 0.6183 -0.0325
vn 0.7725 0.6343 -0.0319
vn 0.7594 0.6499 -0.0312
vn 0.7458 0.6655 -0.0305
vn 0.7316 0.6811 -0.0298
vn 0.7167 0.6967 -0.0290
vn 0.7015 0.7121 -0.0282
vn 0.6858 0.7272 -0.0274
vn 0.6698 0.7420 -0.0266
vn 0.6535 0.7565 -0.0258
vn 0.6368 0.7707 -0.0249
vn 0.6197 0.7844 -0.0241
vn 0.6024 0.7978 -0.0232
vn 0.5848 0.8108 -0.0223
vn 0.5670 0.8234 -0.0215
vn 0.5487 0.8358 -0.0206
vn 0.5296 0.8480 -0.0196
vn 0.5099 0.8601 -0.0187
vn 0.4898 0.8717 -0.0177
vn 0.4694 0.8828 -0.0167
vn 0.4489 0.8935 -0.0157
vn 0.4281 0.9036 -0.0147
vn 0.4071 0.9133 -0.0137
vn 0.3859 0.9224 -0.0127
vn 0.3647 0.9311 -0.0116
vn 0.3434 0.9391 -0.0106
vn 0.3220 0.9467 -0.0096
vn 0.2998 0.9540 -0.0085
vn 0.2759 0.9612 -0.0074
vn 0.2510 0.9680 -0.0062
vn 0.2260 0.9741 -0.0051
vn 0.2010 0.9796 -0.0039
vn 0.1760 0.9844 -0.0027
vn 0.1511 0.9885 -0.0016
vn 0.1262 0.9920 -0.0004
vn 0.1015 0.9948 0.0007
vn 0.0771 0.9970 0.0019
vn 0.0528 0.9986 0.0030
vn 0.0289 0.9996 0.0041
vn 0.0020 1.0000 0.0053
vn -0.0322 0.9995 0.0069
vn -0.0721 0.9974 0.0087
vn -0.1151 0.9933 0.0106
vn -0.1614 0.9868 0.0127
vn -0.2109 0.9774 0.0149
vn -0.2635 0.9645 0.0173
vn -0.3191 0.9475 0.0197
vn -0.3773 0.9258 0.0222
vn -0.4374 0.8989 0.0249
vn -0.4988 0.8663 0.0275
vn -0.5603 0.8277 0.0301
vn -0.6190 0.7847 0.0325
vn -0.6727 0.7391 0.0347
vn -0.7237 0.6891 0.0368
vn -0.7731 0.6331 0.0388
vn -0.8196 0.5715 0.0405
vn -0.8621 0.5050 0.0421
vn -0.8996 0.4345 0.0435
vn -0.9313 0.3615 0.0445
vn -0.9567 0.2874 0.0453
vn -0.9759 0.2135 0.0458
vn -0.9964 0.0716 0.0459
vn -0.9989 -0.0079 0.0456
vn -0.9932 -0.1076 0.0448
vn -0.9750 -0.2178 0.0434
vn -0.9434 -0.3292 0.0413
vn -0.8984 -0.4374 0.0387
vn -0.8422 -0.5380 0.0356
vn -0.7777 -0.6278 0.0322
vn -0.7086 -0.7050 0.0286
vn -0.6382 -0.7694 0.0250
vn -0.5693 -0.8218 0.0216
vn -0.5038 -0.8636 0.0184
vn -0.4426 -0.8966 0.0154
vn -0.7414 -0.6704 0.0303
vn -0.7753 -0.6308 0.0320
vn -0.8067 -0.5901 0.0337
vn -0.8349 -0.5492 0.0352
vn -0.8602 -0.5086 0.0366
vn -0.8826 -0.4686 0.0378
vn -0.9023 -0.4294 0.0389
vn -0.9194 -0.3912 0.0399
vn -0.9342 -0.3543 0.0408
vn -0.9469 -0.3187 0.0416
vn -0.9577 -0.2846 0.0422
vn -0.9668 -0.2519 0.0428
vn -0.7594 0.6495 0.0382
vn 0.0927 0.9957 0.0011
vn 0.1164 0.9932 0.0001
vn 0.1420 0.9899 -0.0011
vn 0.1700 0.9854 -0.0024
vn 0.2003 0.9797 -0.0039
vn 0.2334 0.9724 -0.0054
vn 0.2694 0.9630 -0.0071
vn 0.3086 0.9512 -0.0090
vn 0.3511 0.9363 -0.0110
vn 0.3972 0.9176 -0.0132
vn 0.4468 0.8945 -0.0156
vn 0.4984 0.8668 -0.0181
vn 0.5504 0.8347 -0.0206
vn 0.6039 0.7967 -0.0233
vn 0.6599 0.7509 -0.0261
vn 0.7171 0.6964 -0.0290
vn 0.7740 0.6323 -0.0320
vn 0.8287 0.5585 -0.0349
vn 0.8789 0.4756 -0.0376
vn 0.9221 0.3848 -0.0401
vn 0.9566 0.2885 -0.0422
vn 0.9809 0.1895 -0.0438
vn 0.9948 0.0910 -0.0450
vn 0.9989 0.0058 -0.0456
vn 0.9925 -0.1132 -0.0460
vn 0.9840 -0.1722 -0.0459
vn 0.9711 -0.2343 -0.0456
vn 0.9533 -0.2987 -0.0452
vn 0.9301 -0.3646 -0.0445
vn 0.9012 -0.4312 -0.0435
vn 0.8666 -0.4972 -0.0423
vn 0.8265 -0.5615 -0.0408
vn 0.7814 -0.6228 -0.0391
vn 0.7321 -0.6802 -0.0371
vn 0.6798 -0.7325 -0.0350
vn 0.6251 -0.7799 -0.0328
vn 0.5674 -0.8229 -0.0304
vn 0.5071 -0.8614 -0.0278
vn 0.4453 -0.8950 -0.0252
vn 0.3830 -0.9235 -0.0225
vn 0.3211 -0.9468 -0.0198
vn 0.2605 -0.9653 -0.0171
vn 0.2018 -0.9793 -0.0145
vn 0.1457 -0.9893 -0.0120
vn 0.0924 -0.9957 -0.0096
vn 0.0422 -0.9991 -0.0073
vn -0.0126 -0.9999 -0.0048
vn -0.0817 -0.9967 -0.0017
vn -0.1587 -0.9873 0.0019
vn -0.2352 -0.9719 0.0055
vn -0.3097 -0.9508 0.0090
vn -0.3811 -0.9245 0.0124
vn -0.4482 -0.8938 0.0156
vn -0.5103 -0.8598 0.0187
vn -0.5671 -0.8234 0.0215
vn -0.6184 -0.7855 0.0240
vn -0.6642 -0.7471 0.0263
vn -0.7049 -0.7088 0.0284
vn -0.7356 -0.6767 0.0300
vn -0.6921 -0.7212 0.0277
vn -0.6438 -0.7647 0.0253
vn -0.5907 -0.8066 0.0226
vn -0.5329 -0.8459 0.0198
vn -0.4712 -0.8819 0.0168
vn -0.4062 -0.9137 0.0136
vn -0.3390 -0.9407 0.0104
vn -0.2706 -0.9627 0.0072
vn -0.2020 -0.9794 0.0039
vn -0.1344 -0.9909 0.0008
vn -0.0687 -0.9976 -0.0023
vn -0.0091 -0.9999 -0.0050
vn 0.0427 -0.9991 -0.0074
vn 0.0933 -0.9956 -0.0096
vn 0.1470 -0.9891 -0.0121
vn 0.2034 -0.9790 -0.0146
vn 0.2623 -0.9648 -0.0172
vn 0.3230 -0.9462 -0.0199
vn 0.3849 -0.9227 -0.0226
vn 0.4471 -0.8941 -0.0253
vn 0.5086 -0.8605 -0.0279
vn 0.5685 -0.8221 -0.0304
vn 0.6257 -0.7793 -0.0328
vn 0.6806 -0.7318 -0.0351
vn 0.7338 -0.6783 -0.0372
vn 0.7842 -0.6193 -0.0392
vn 0.8298 -0.5565 -0.0409
vn 0.8700 -0.4912 -0.0424
vn 0.9044 -0.4245 -0.0436
vn 0.9327 -0.3578 -0.0446
vn 0.9553 -0.2921 -0.0452
vn 0.9725 -0.2285 -0.0457
vn 0.9848 -0.1676 -0.0459
vn 0.9929 -0.1100 -0.0460
vn 0.9974 -0.0559 -0.0459
vn 0.9989 -0.0036 -0.0457
vn 0.9977 0.0507 -0.0453
vn 0.9931 0.1083 -0.0448
vn 0.9848 0.1678 -0.0441
vn 0.9726 0.2286 -0.0432
vn 0.9561 0.2900 -0.0421
vn 0.9354 0.3512 -0.0409
vn 0.9106 0.4115 -0.0394
vn 0.8818 0.4700 -0.0378
vn 0.8496 0.5261 -0.0360
vn 0.8145 0.5791 -0.0341
vn 0.7770 0.6286 -0.0321
vn 0.7375 0.6747 -0.0301
vn 0.6463 0.7627 -0.0254
vn 0.5932 0.8047 -0.0228
vn 0.5356 0.8443 -0.0199
vn 0.4738 0.8805 -0.0169
vn 0.4087 0.9125 -0.0137
vn 0.3413 0.9399 -0.0105
vn 0.2725 0.9621 -0.0073
vn 0.2036 0.9791 -0.0040
vn 0.1355 0.9908 -0.0008
vn 0.0093 0.9999 0.0050
vn -0.0424 0.9991 0.0073
vn -0.0926 0.9957 0.0096
vn -0.1459 0.9892 0.0120
vn -0.2020 0.9793 0.0145
vn -0.2604 0.9653 0.0171
vn -0.3207 0.9470 0.0198
vn -0.3822 0.9238 0.0225
vn -0.4441 0.8956 0.0251
vn -0.5054 0.8625 0.0278
vn -0.5650 0.8245 0.0303
vn -0.6222 0.7822 0.0327
vn -0.6773 0.7349 0.0349
vn -0.7312 0.6812 0.0371
vn -0.7824 0.6216 0.0391
vn -0.8287 0.5582 0.0409
vn -0.8694 0.4923 0.0424
vn -0.9041 0.4252 0.0436
vn -0.9326 0.3580 0.0446
vn -0.9553 0.2921 0.0452
vn -0.9725 0.2283 0.0457
vn -0.9848 0.1673 0.0459
vn -0.9929 0.1097 0.0460
vn -0.9974 0.0557 0.0459
vn -0.9989 0.0037 0.0457
vn -0.9977 -0.0503 0.0453
vn -0.9850 -0.1669 0.0441
vn -0.9728 -0.2276 0.0432
vn -0.9564 -0.2891 0.0421
vn -0.9357 -0.3505 0.0409
vn -0.9107 -0.4111 0.0394
vn -0.8818 -0.4701 0.0378
vn -0.8493 -0.5266 0.0360
vn -0.8138 -0.5802 0.0341
vn -0.7757 -0.6302 0.0320
vn 0.8327 0.5526 -0.0351
vn 0.8647 0.5009 -0.0368
vn 0.8921 0.4502 -0.0383
vn 0.9159 0.3993 -0.0397
vn 0.9363 0.3487 -0.0409
vn 0.9534 0.2988 -0.0420
vn 0.9673 0.2500 -0.0429
vn 0.9783 0.2028 -0.0436
vn 0.9866 0.1572 -0.0442
vn 0.9925 0.1136 -0.0447
vn 0.9964 0.0721 -0.0451
vn 0.9984 0.0326 -0.0455
vn 0.9989 -0.0062 -0.0457
vn 0.9978 -0.0479 -0.0459
vn 0.9945 -0.0936 -0.0460
vn 0.9888 -0.1423 -0.0460
vn 0.9799 -0.1940 -0.0458
vn 0.9675 -0.2486 -0.0456
vn 0.9511 -0.3056 -0.0451
vn 0.9301 -0.3645 -0.0445
vn 0.9042 -0.4248 -0.0436
vn 0.8732 -0.4856 -0.0425
vn 0.8369 -0.5459 -0.0412
vn 0.7955 -0.6046 -0.0396
vn 0.7499 -0.6604 -0.0378
vn 0.7004 -0.7128 -0.0359
vn 0.6461 -0.7625 -0.0337
vn 0.5867 -0.8092 -0.0312
vn 0.5231 -0.8518 -0.0285
vn 0.4563 -0.8895 -0.0257
vn 0.3874 -0.9216 -0.0227
vn 0.3178 -0.9480 -0.0196
vn 0.2486 -0.9685 -0.0166
vn 0.1810 -0.9834 -0.0136
vn 0.1158 -0.9932 -0.0107
vn 0.0537 -0.9985 -0.0079
vn -0.0800 -0.9968 -0.0017
vn -0.1584 -0.9874 0.0019
vn -0.2398 -0.9708 0.0057
vn -0.3227 -0.9465 0.0096
vn -0.4050 -0.9142 0.0136
vn -0.4849 -0.8744 0.0174
vn -0.5604 -0.8279 0.0211
vn -0.6300 -0.7762 0.0246
vn -0.6926 -0.7208 0.0278
vn -0.7476 -0.6635 0.0306
vn -0.7950 -0.6056 0.0331
vn -0.8342 -0.5504 0.0351
vn -0.8657 -0.4992 0.0369
vn -0.8925 -0.4494 0.0384
vn -0.9160 -0.3992 0.0397
vn -0.9362 -0.3490 0.0409
vn -0.9532 -0.2995 0.0419
vn -0.9670 -0.2510 0.0428
vn -0.9780 -0.2038 0.0436
vn -0.9864 -0.1583 0.0442
vn -0.9924 -0.1145 0.0447
vn -0.9963 -0.0728 0.0451
vn -0.9984 -0.0330 0.0455
vn -0.9989 0.0061 0.0457
vn -0.9978 0.0477 0.0459
vn -0.9946 0.0930 0.0460
vn -0.9803 0.1923 0.0458
vn -0.9682 0.2461 0.0456
vn -0.9522 0.3022 0.0452
vn -0.9318 0.3601 0.0445
vn -0.9068 0.4193 0.0437
vn -0.8768 0.4789 0.0427
vn -0.8419 0.5381 0.0414
vn -0.8021 0.5959 0.0399
vn -0.7577 0.6515 0.0381
vn -0.7081 0.7052 0.0362
vn -0.6529 0.7567 0.0339
vn -0.5925 0.8050 0.0314
vn -0.5277 0.8489 0.0287
vn -0.4597 0.8877 0.0258
vn -0.3897 0.9207 0.0228
vn -0.2492 0.9683 0.0166
vn -0.1811 0.9834 0.0136
vn -0.1157 0.9932 0.0107
vn -0.0536 0.9985 0.0078
vn 0.0090 0.9999 0.0050
vn 0.0795 0.9968 0.0018
vn 0.1574 0.9875 -0.0019
vn 0.2384 0.9712 -0.0056
vn 0.3209 0.9471 -0.0095
vn 0.4029 0.9151 -0.0135
vn 0.4826 0.8757 -0.0173
vn 0.5580 0.8296 -0.0210
vn 0.6276 0.7781 -0.0245
vn 0.6903 0.7230 -0.0276
vn 0.7455 0.6658 -0.0305
vn 0.7932 0.6081 -0.0330
vn -0.9938 0.1016 0.0460
vn -0.9938 0.1017 0.0460
vn -0.9936 0.1036 0.0460
vn -0.9933 0.1056 0.0460
vn -0.9929 0.1095 0.0460
vn -0.9927 0.1115 0.0460
vn -0.9925 0.1134 0.0460
vn -0.9923 0.1153 0.0460
vn -0.9920 0.1173 0.0460
vn -0.9918 0.1192 0.0460
vn -0.9916 0.1211 0.0460
vn -0.2679 0.9633 0.0175
vn 0.7880 0.6147 -0.0327
vn 0.7928 0.6086 -0.0329
vn 0.7975 0.6024 -0.0332
vn 0.8023 0.5960 -0.0334
vn 0.8070 0.5896 -0.0337
vn 0.8117 0.5831 -0.0339
vn 0.8164 0.5765 -0.0342
vn 0.8210 0.5699 -0.0344
vn 0.8257 0.5631 -0.0347
vn 0.8303 0.5562 -0.0349
vn 0.8349 0.5493 -0.0352
vn 0.8400 0.5415 -0.0355
vn 0.8460 0.5320 -0.0358
vn 0.8524 0.5216 -0.0361
vn 0.8588 0.5110 -0.0365
vn 0.8651 0.5002 -0.0368
vn 0.8713 0.4893 -0.0372
vn 0.8775 0.4782 -0.0375
vn 0.8835 0.4669 -0.0379
vn 0.8894 0.4554 -0.0382
vn 0.8953 0.4438 -0.0385
vn 0.9010 0.4321 -0.0388
vn 0.9066 0.4202 -0.0392
vn 0.9123 0.4076 -0.0395
vn 0.9183 0.3939 -0.0398
vn 0.9243 0.3795 -0.0402
vn 0.9301 0.3649 -0.0405
vn 0.9358 0.3503 -0.0409
vn 0.9412 0.3354 -0.0412
vn 0.9463 0.3205 -0.0415
vn 0.9513 0.3054 -0.0418
vn 0.9560 0.2903 -0.0421
vn 0.9605 0.2750 -0.0424
vn 0.9648 0.2596 -0.0427
vn 0.9688 0.2442 -0.0430
vn 0.9728 0.2278 -0.0432
vn 0.9769 0.2094 -0.0435
vn 0.9808 0.1899 -0.0438
vn 0.9844 0.1703 -0.0441
vn 0.9876 0.1507 -0.0443
vn 0.9904 0.1311 -0.0446
vn 0.9928 0.1115 -0.0448
vn 0.9948 0.0919 -0.0450
vn 0.9964 0.0724 -0.0451
vn 0.9976 0.0529 -0.0453
vn 0.9984 0.0335 -0.0454
vn 0.7892 0.6132 -0.0328
vn 0.2549 0.9670 -0.0064
vn 0.2601 0.9656 -0.0067
vn 0.2652 0.9642 -0.0069
vn 0.2704 0.9627 -0.0072
vn 0.2756 0.9612 -0.0074
vn 0.2807 0.9598 -0.0076
vn 0.2859 0.9582 -0.0079
vn 0.2911 0.9567 -0.0081
vn 0.2962 0.9551 -0.0084
vn 0.3014 0.9535 -0.0086
vn 0.3065 0.9518 -0.0089
vn -0.1538 0.9880 0.0124
vn -0.8921 0.4499 0.0432
vn -0.9985 -0.0316 0.0455
vn -0.9968 -0.0666 0.0452
vn -0.9940 -0.0999 0.0449
vn -0.9903 -0.1313 0.0446
vn -0.9860 -0.1610 0.0442
vn -0.9810 -0.1891 0.0438
vn -0.9755 -0.2156 0.0434
vn -0.9697 -0.2406 0.0430
vn -0.9635 -0.2642 0.0426
vn -0.9572 -0.2864 0.0422
vn -0.9507 -0.3074 0.0418
vn -0.9446 -0.3255 0.0414
vn -0.9396 -0.3397 0.0411
vn -0.9352 -0.3518 0.0408
vn -0.9307 -0.3636 0.0406
vn -0.9261 -0.3750 0.0403
vn -0.9216 -0.3861 0.0400
vn -0.9170 -0.3968 0.0398
vn -0.9125 -0.4072 0.0395
vn -0.9079 -0.4173 0.0392
vn -0.9034 -0.4271 0.0390
vn -0.8988 -0.4366 0.0387
vn -0.8943 -0.4458 0.0385
vn -0.8900 -0.4544 0.0382
vn -0.8860 -0.4622 0.0380
vn -0.8821 -0.4695 0.0378
vn -0.8783 -0.4767 0.0376
vn -0.8744 -0.4838 0.0373
vn -0.8705 -0.4907 0.0371
vn -0.8667 -0.4975 0.0369
vn -0.8628 -0.5042 0.0367
vn -0.8590 -0.5107 0.0365
vn -0.8551 -0.5171 0.0363
vn -0.8513 -0.5234 0.0361
vn -0.8475 -0.5296 0.0359
vn -0.8440 -0.5352 0.0357
vn -0.8411 -0.5397 0.0355
vn -0.8385 -0.5438 0.0354
vn -0.8358 -0.5479 0.0352
vn -0.8331 -0.5520 0.0351
vn -0.8303 -0.5562 0.0349
vn -0.8275 -0.5604 0.0348
vn -0.8247 -0.5645 0.0346
vn -0.8218 -0.5688 0.0345
vn -0.8188 -0.5730 0.0343
vn -0.8158 -0.5773 0.0342
vn -0.8128 -0.5816 0.0340
vn -0.8098 -0.5857 0.0338
vn -0.8072 -0.5894 0.0337
vn -0.8046 -0.5929 0.0336
vn -0.8020 -0.5964 0.0334
vn -0.7992 -0.6001 0.0333
vn -0.7965 -0.6038 0.0331
vn -0.7936 -0.6075 0.0330
vn -0.7907 -0.6114 0.0328
vn -0.7877 -0.6153 0.0327
vn -0.7845 -0.6192 0.0325
vn -0.7814 -0.6232 0.0323
vn -0.7781 -0.6273 0.0322
vn -0.7749 -0.6312 0.0320
vn -0.7722 -0.6346 0.0319
vn -0.7695 -0.6378 0.0317
vn -0.7667 -0.6412 0.0316
vn -0.7638 -0.6447 0.0314
vn -0.7606 -0.6484 0.0313
vn -0.7573 -0.6523 0.0311
vn -0.7538 -0.6564 0.0309
vn -0.7500 -0.6607 0.0307
vn -0.7460 -0.6652 0.0305
vn -0.7418 -0.6700 0.0303
vn -0.7372 -0.6750 0.0300
vn -0.4486 -0.8936 0.0157
vn 0.6213 -0.7829 -0.0326
vn 0.9913 -0.1237 -0.0460
vn 0.9911 -0.1253 -0.0460
vn 0.9909 -0.1268 -0.0460
vn 0.9907 -0.1284 -0.0460
vn 0.9904 -0.1300 -0.0460
vn 0.9902 -0.1317 -0.0460
vn 0.9900 -0.1334 -0.0460
vn 0.9898 -0.1351 -0.0460
vn 0.9895 -0.1368 -0.0460
vn 0.9893 -0.1385 -0.0460
vn 0.9890 -0.1403 -0.0460
vn 0.9887 -0.1423 -0.0460
vn 0.9884 -0.1449 -0.0460
vn 0.9880 -0.1476 -0.0460
vn 0.9876 -0.1503 -0.0459
vn 0.9872 -0.1530 -0.0459
vn 0.9868 -0.1556 -0.0459
vn 0.9863 -0.1582 -0.0459
vn 0.9859 -0.1607 -0.0459
vn 0.9855 -0.1633 -0.0459
vn 0.9851 -0.1658 -0.0459
vn 0.9847 -0.1683 -0.0459
vn 0.9843 -0.1707 -0.0459
vn 0.9846 -0.1685 -0.0459
vn 0.9852 -0.1653 -0.0459
vn 0.9851 -0.1655 -0.0459
vn 0.9850 -0.1661 -0.0459
vn 0.9850 -0.1663 -0.0459
vn 0.9850 -0.1665 -0.0459
vn 0.9849 -0.1668 -0.0459
vn 0.9849 -0.1669 -0.0459
vn 0.9849 -0.1672 -0.0459
vn 0.9848 -0.1674 -0.0459
vn 0.9846 -0.1687 -0.0459
vn 0.9840 -0.1720 -0.0459
vn 0.9833 -0.1762 -0.0459
vn 0.9825 -0.1805 -0.0459
vn 0.9817 -0.1848 -0.0459
vn 0.9809 -0.1892 -0.0459
vn 0.9800 -0.1935 -0.0458
vn 0.9792 -0.1978 -0.0458
vn 0.9783 -0.2022 -0.0458
vn 0.9774 -0.2066 -0.0458
vn 0.9764 -0.2110 -0.0458
vn 0.9755 -0.2154 -0.0457
vn 0.9744 -0.2200 -0.0457
vn 0.9733 -0.2251 -0.0457
vn 0.9720 -0.2307 -0.0457
vn 0.9706 -0.2362 -0.0456
vn 0.9692 -0.2418 -0.0456
vn 0.9678 -0.2475 -0.0456
vn 0.9663 -0.2533 -0.0455
vn 0.9648 -0.2591 -0.0455
vn 0.9632 -0.2650 -0.0455
vn 0.9615 -0.2709 -0.0454
vn 0.9598 -0.2770 -0.0454
vn 0.9581 -0.2829 -0.0453
vn 0.9503 -0.3079 -0.0451
vn 0.9436 -0.3280 -0.0449
vn 0.9358 -0.3497 -0.0447
vn 0.9266 -0.3734 -0.0444
vn 0.9159 -0.3990 -0.0440
vn 0.9032 -0.4270 -0.0436
vn 0.8883 -0.4573 -0.0431
vn 0.8705 -0.4904 -0.0424
vn 0.8493 -0.5263 -0.0417
vn 0.8239 -0.5652 -0.0407
vn 0.7936 -0.6072 -0.0396
vn 0.7529 -0.6571 -0.0380
vn 0.7232 -0.6897 -0.0368
vn 0.7131 -0.7001 -0.0364
vn 0.7026 -0.7107 -0.0360
vn 0.6916 -0.7214 -0.0355
vn 0.6800 -0.7323 -0.0350
vn 0.6680 -0.7433 -0.0346
vn 0.6554 -0.7545 -0.0340
vn 0.6423 -0.7658 -0.0335
vn 0.6285 -0.7771 -0.0329
vn 0.6141 -0.7886 -0.0323
vn 0.5993 -0.7999 -0.0317
vn 0.5803 -0.8138 -0.0309
vn 0.5541 -0.8319 -0.0298
vn 0.5246 -0.8509 -0.0286
vn 0.4951 -0.8684 -0.0273
vn 0.4656 -0.8846 -0.0261
vn 0.4363 -0.8994 -0.0248
vn 0.4075 -0.9129 -0.0236
vn 0.3790 -0.9251 -0.0223
vn 0.3509 -0.9362 -0.0211
vn 0.3234 -0.9461 -0.0199
vn 0.2965 -0.9549 -0.0187
vn 0.2703 -0.9626 -0.0176
vn 0.2475 -0.9688 -0.0165
vn 0.2308 -0.9729 -0.0158
vn 0.2175 -0.9759 -0.0152
vn 0.2049 -0.9787 -0.0147
vn 0.1927 -0.9812 -0.0141
vn 0.1812 -0.9834 -0.0136
vn 0.1701 -0.9853 -0.0131
vn 0.1595 -0.9871 -0.0126
vn 0.1494 -0.9887 -0.0122
vn 0.1397 -0.9901 -0.0117
vn 0.1305 -0.9914 -0.0113
vn 0.1215 -0.9925 -0.0109
vn 0.1127 -0.9936 -0.0105
vn 0.1038 -0.9945 -0.0101
vn 0.0950 -0.9954 -0.0097
vn 0.0868 -0.9962 -0.0094
vn 0.0790 -0.9968 -0.0090
vn 0.0716 -0.9974 -0.0087
vn 0.0646 -0.9979 -0.0083
vn 0.0580 -0.9983 -0.0080
vn 0.0517 -0.9986 -0.0078
vn 0.0457 -0.9989 -0.0075
vn 0.0399 -0.9992 -0.0072
vn 0.0345 -0.9994 -0.0070
vn 0.7426 -0.6686 -0.0376
vn 0.7903 0.6119 -0.0328
vn 0.3140 0.9494 -0.0092
vn 0.2977 0.9546 -0.0084
vn 0.2797 0.9600 -0.0076
vn 0.2385 0.9711 -0.0057
vn 0.1884 0.9821 -0.0033
vn 0.1591 0.9873 -0.0019
vn 0.1266 0.9919 -0.0004
vn 0.0904 0.9959 0.0013
vn 0.0498 0.9988 0.0031
vn 0.0094 0.9999 0.0050
vn -0.0253 0.9997 0.0066
vn -0.0577 0.9983 0.0080
vn -0.0925 0.9957 0.0096
vn -0.1696 0.9854 0.0131
vn -0.2120 0.9771 0.0150
vn -0.2571 0.9662 0.0170
vn -0.3047 0.9522 0.0191
vn -0.3547 0.9347 0.0213
vn -0.4068 0.9132 0.0235
vn -0.4605 0.8873 0.0258
vn -0.5125 0.8582 0.0281
vn -0.5592 0.8285 0.0300
vn -0.6023 0.7977 0.0318
vn -0.6438 0.7644 0.0336
vn -0.6836 0.7290 0.0352
vn -0.7212 0.6918 0.0367
vn -0.7563 0.6531 0.0381
vn -0.7889 0.6133 0.0394
vn -0.8187 0.5728 0.0405
vn -0.8458 0.5319 0.0415
vn -0.8700 0.4911 0.0424
vn -0.8916 0.4507 0.0432
vn -0.9198 0.3900 0.0441
vn -0.9385 0.3424 0.0447
vn -0.9429 0.3300 0.0449
vn -0.9469 0.3184 0.0450
vn -0.9535 0.2978 0.0452
vn -0.9564 0.2887 0.0453
vn -0.9589 0.2801 0.0453
vn -0.9612 0.2719 0.0454
vn -0.9633 0.2644 0.0455
vn -0.9653 0.2573 0.0455
vn -0.9670 0.2506 0.0456
vn -0.9685 0.2449 0.0456
vn -0.9696 0.2405 0.0456
vn -0.9705 0.2368 0.0456
vn -0.9714 0.2332 0.0457
vn -0.9722 0.2296 0.0457
vn -0.9730 0.2263 0.0457
vn -0.9738 0.2230 0.0457
vn -0.9745 0.2197 0.0457
vn -0.9752 0.2166 0.0457
vn -0.9759 0.2136 0.0458
vn -0.9765 0.2106 0.0458
vn -0.9771 0.2079 0.0458
vn -0.9777 0.2049 0.0458
vn -0.9784 0.2015 0.0458
vn -0.9791 0.1980 0.0458
vn -0.9798 0.1946 0.0458
vn -0.9805 0.1912 0.0458
vn -0.9811 0.1879 0.0459
vn -0.9817 0.1846 0.0459
vn -0.9823 0.1814 0.0459
vn -0.9829 0.1783 0.0459
vn -0.9835 0.1752 0.0459
vn -0.9840 0.1721 0.0459
vn -0.9845 0.1691 0.0459
vn -0.9849 0.1668 0.0459
vn -0.9851 0.1657 0.0459
vn -0.9852 0.1654 0.0459
vn -0.9852 0.1650 0.0459
vn -0.9853 0.1646 0.0459
vn -0.9854 0.1642 0.0459
vn -0.9854 0.1638 0.0459
vn -0.9855 0.1634 0.0459
vn -0.9856 0.1630 0.0459
vn -0.9856 0.1626 0.0459
vn -0.9857 0.1622 0.0459
vn -0.9858 0.1617 0.0459
vn -0.9859 0.1612 0.0459
vn -0.9860 0.1602 0.0459
vn -0.9862 0.1590 0.0459
vn -0.9864 0.1579 0.0459
vn -0.9866 0.1567 0.0459
vn -0.9868 0.1555 0.0459
vn -0.9870 0.1542 0.0459
vn -0.9872 0.1530 0.0459
vn -0.9874 0.1517 0.0459
vn -0.9876 0.1504 0.0459
vn -0.9878 0.1490 0.0459
vn -0.9880 0.1477 0.0460
vn -0.9881 0.1466 0.0460
vn -0.9882 0.1460 0.0460
vn -0.9882 0.1458 0.0460
vn -0.9883 0.1455 0.0460
vn -0.9883 0.1452 0.0460
vn -0.9884 0.1449 0.0460
vn -0.9884 0.1446 0.0460
vn -0.9885 0.1443 0.0460
vn -0.9885 0.1440 0.0460
vn -0.9886 0.1436 0.0460
vn -0.9886 0.1432 0.0460
vn -0.9887 0.1428 0.0460
vn -0.9859 0.1611 0.0459
vn -0.9849 0.1670 0.0459
vn -0.9862 0.1591 0.0459
vn -0.9874 0.1515 0.0459
vn -0.9885 0.1441 0.0460
vn -0.9895 0.1370 0.0460
vn -0.9904 0.1303 0.0460
vn -0.9912 0.1238 0.0460
vn -0.9920 0.1174 0.0460
vn -0.9927 0.1113 0.0460
vn -0.9934 0.1054 0.0460
vn -0.9963 -0.0732 0.0451
vn -0.9975 -0.0547 0.0453
vn -0.9986 -0.0255 0.0455
vn -0.9988 -0.0155 0.0456
vn -0.9287 0.3682 0.0444
vn -0.3588 0.9332 0.0214
vn -0.9941 -0.0990 0.0449
vn 0.9329 0.3577 -0.0407
vn 0.8928 0.4487 -0.0384
vn 0.7725 0.6342 -0.0319
vn 0.6859 0.7272 -0.0274
vn 0.6699 0.7420 -0.0266
vn 0.5849 0.8108 -0.0223
vn 0.5670 0.8235 -0.0215
vn 0.5098 0.8601 -0.0187
vn 0.4695 0.8828 -0.0167
vn -0.4375 0.8989 0.0249
vn -0.6190 0.7848 0.0325
vn -0.8996 0.4346 0.0435
vn -0.8985 -0.4374 0.0387
vn -0.7777 -0.6278 0.0321
vn -0.6382 -0.7695 0.0250
vn -0.8066 -0.5901 0.0337
vn 0.9566 0.2884 -0.0422
vn 0.9973 -0.0576 -0.0459
vn 0.9711 -0.2342 -0.0456
vn 0.9533 -0.2986 -0.0452
vn 0.9301 -0.3647 -0.0445
vn 0.7321 -0.6801 -0.0371
vn -0.4482 -0.8938 0.0157
vn 0.9814 0.1868 -0.0438
vn 0.9846 0.1694 -0.0441
vn 0.9855 0.1640 -0.0442
vn 0.9865 0.1577 -0.0442
vn 0.9876 0.1504 -0.0443
vn 0.9904 0.1305 -0.0446
vn 0.9921 0.1169 -0.0447
vn 0.9941 0.0990 -0.0449
vn 0.9962 0.0751 -0.0451
vn 0.9981 0.0417 -0.0454
vn 0.9989 -0.0097 -0.0457
vn 0.9957 -0.0802 -0.0459
vn 0.9858 -0.1613 -0.0459
vn 0.9677 -0.2481 -0.0456
vn 0.9398 -0.3389 -0.0448
vn 0.9012 -0.4311 -0.0435
vn 0.8518 -0.5221 -0.0418
vn 0.7925 -0.6086 -0.0395
vn 0.7251 -0.6877 -0.0369
vn 0.6520 -0.7574 -0.0339
vn 0.5764 -0.8166 -0.0308
vn 0.5007 -0.8652 -0.0276
vn 0.4171 -0.9085 -0.0240
vn 0.3270 -0.9448 -0.0201
vn 0.2506 -0.9680 -0.0167
vn 0.1936 -0.9810 -0.0142
vn 0.1501 -0.9886 -0.0122
vn 0.0882 -0.9961 -0.0094
vn 0.0656 -0.9978 -0.0084
vn 0.0467 -0.9989 -0.0075
vn 0.0308 -0.9995 -0.0068
vn 0.0171 -0.9998 -0.0062
vn 0.0053 -1.0000 -0.0056
vn 0.7318 -0.6805 -0.0371
vn 0.7903 0.6118 -0.0328
vn 0.3142 0.9493 -0.0092
vn 0.2980 0.9545 -0.0085
vn 0.2803 0.9599 -0.0076
vn 0.1894 0.9819 -0.0033
vn 0.1602 0.9871 -0.0020
vn 0.1276 0.9918 -0.0005
vn 0.0912 0.9958 0.0012
vn 0.0503 0.9987 0.0031
vn 0.0066 1.0000 0.0051
vn -0.5909 0.8061 0.0314
vn -0.6477 0.7611 0.0337
vn -0.9971 0.0613 0.0459
vn -0.9989 0.0133 0.0457
vn -0.9989 -0.0147 0.0456
vn -0.9985 -0.0301 0.0455
vn -0.9981 -0.0423 0.0454
vn -0.9976 -0.0520 0.0453
vn -0.9972 -0.0597 0.0453
vn -0.9964 -0.0716 0.0452
vn -0.9961 -0.0764 0.0451
vn -0.9957 -0.0805 0.0451
vn -0.9954 -0.0840 0.0450
vn -0.9952 -0.0871 0.0450
vn -0.5331 0.8456 0.0289
vn 0.4950 0.8687 -0.0179
vn 0.4676 0.8838 -0.0166
vn 0.4374 0.8991 -0.0151
vn 0.4044 0.9145 -0.0135
vn 0.3681 0.9297 -0.0118
vn 0.3283 0.9445 -0.0099
vn 0.2847 0.9586 -0.0078
vn 0.2371 0.9715 -0.0056
vn 0.1853 0.9827 -0.0032
vn 0.1292 0.9916 -0.0005
vn 0.0689 0.9976 0.0022
vn -0.4379 0.8987 0.0249
vn -0.9771 0.2076 0.0458
vn -0.9779 -0.2044 0.0436
vn -0.9784 -0.2023 0.0436
vn -0.9788 -0.2002 0.0437
vn -0.9792 -0.1982 0.0437
vn -0.9796 -0.1962 0.0437
vn -0.9807 -0.1905 0.0438
vn -0.9811 -0.1887 0.0438
vn -0.9814 -0.1869 0.0438
vn -0.9817 -0.1851 0.0439
vn -0.6953 -0.7181 0.0279
vn 0.5514 -0.8337 -0.0297
vn 0.9667 -0.2518 -0.0455
vn 0.9626 -0.2671 -0.0454
vn 0.9578 -0.2840 -0.0453
vn 0.9521 -0.3025 -0.0451
vn 0.9453 -0.3232 -0.0449
vn 0.9371 -0.3461 -0.0447
vn 0.9272 -0.3719 -0.0444
vn 0.9151 -0.4009 -0.0440
vn 0.8814 -0.4704 -0.0428
vn 0.8578 -0.5123 -0.0420
vn 0.8243 -0.5647 -0.0407
vn 0.7758 -0.6298 -0.0389
vn 0.7154 -0.6978 -0.0365
vn 0.6475 -0.7613 -0.0337
vn 0.5737 -0.8185 -0.0306
vn 0.4960 -0.8679 -0.0274
vn 0.4164 -0.9088 -0.0239
vn 0.3372 -0.9412 -0.0205
vn 0.2602 -0.9654 -0.0171
vn 0.1868 -0.9823 -0.0138
vn 0.1179 -0.9930 -0.0108
vn 0.0541 -0.9985 -0.0079
vn -0.0641 -0.9979 -0.0025
vn -0.1190 -0.9929 0.0001
vn -0.1695 -0.9855 0.0024
vn -0.2156 -0.9765 0.0046
vn -0.2960 -0.9552 0.0084
vn -0.3308 -0.9436 0.0100
vn -0.3626 -0.9319 0.0115
vn -0.3915 -0.9201 0.0129
vn -0.4178 -0.9084 0.0142
vn -0.4419 -0.8969 0.0153
vn -0.7967 -0.6035 0.0331
vt 0.657718 0.000000
vt 0.671141 0.000000
vt 0.664430 0.000000
vt 0.651007 0.000000
vt 0.335570 0.000000
vt 0.348993 0.000000
vt 0.342282 0.000000
vt 0.355705 0.000000
vt 0.328859 0.000000
vt 0.362416 0.000000
vt 0.322148 0.000000
vt 0.644295 0.000000
vt 0.369128 0.000000
vt 0.375839 0.000000
vt 0.315436 0.000000
vt 0.382550 0.000000
vt 0.677852 0.000000
vt 0.308725 0.000000
vt 0.637584 0.000000
vt 0.389262 0.000000
vt 0.302013 0.000000
vt 0.395973 0.000000
vt 0.402685 0.000000
vt 0.295302 0.000000
vt 0.630872 0.000000
vt 0.409396 0.000000
vt 0.288591 0.000000
vt 0.416107 0.000000
vt 0.624161 0.000000
vt 0.281879 0.000000
vt 0.422819 0.000000
vt 0.429530 0.000000
vt 0.275168 0.000000
vt 0.436242 0.000000
vt 0.617450 0.000000
vt 0.684564 0.000000
vt 0.268456 0.000000
vt 0.442953 0.000000
vt 0.449664 0.000000
vt 0.261745 0.000000
vt 0.610738 0.000000
vt 0.456376 0.000000
vt 0.255034 0.000000
vt 0.463087 0.000000
vt 0.604027 0.000000
vt 0.469799 0.000000
vt 0.691275 0.000000
vt 0.476510 0.000000
vt 0.483221 0.000000
vt 0.597315 0.000000
vt 0.489933 0.000000
vt 0.248322 0.000000
vt 0.496644 0.000000
vt 0.697987 0.000000
vt 0.590604 0.000000
vt 0.241611 0.000000
vt 0.234899 0.000000
vt 0.228188 0.000000
vt 0.221477 0.000000
vt 0.503356 0.000000
vt 0.214765 0.000000
vt 0.208054 0.000000
vt 0.201342 0.000000
vt 0.194631 0.000000
vt 0.187919 0.000000
vt 0.181208 0.000000
vt 0.510067 0.000000
vt 0.174497 0.000000
vt 0.516779 0.000000
vt 0.167785 0.000000
vt 0.523490 0.000000
vt 0.161074 0.000000
vt 0.530201 0.000000
vt 0.154362 0.000000
vt 0.536913 0.000000
vt 0.543624 0.000000
vt 0.583893 0.000000
vt 0.147651 0.000000
vt 0.550336 0.000000
vt 0.140940 0.000000
vt 0.704698 0.000000
vt 0.557047 0.000000
vt 0.134228 0.000000
vt 0.563758 0.000000
vt 0.127517 0.000000
vt 0.570470 0.000000
vt 0.120805 0.000000
vt 0.577181 0.000000
vt 0.114094 0.000000
vt 0.107383 0.000000
vt 0.100671 0.000000
vt 0.093960 0.000000
vt 0.711409 0.000000
vt 0.087248 0.000000
vt 0.080537 0.000000
vt 0.073826 0.000000
vt 0.067114 0.000000
vt 0.919463 0.000000
vt 0.060403 0.000000
vt 0.053691 0.000000
vt 0.926175 0.000000
vt 0.912752 0.000000
vt 0.046980 0.000000
vt 0.906040 0.000000
vt 0.932886 0.000000
vt 0.899329 0.000000
vt 0.939597 0.000000
vt 0.892617 0.000000
vt 0.946309 0.000000
vt 0.885906 0.000000
vt 0.040268 0.000000
vt 0.953020 0.000000
vt 0.718121 0.000000
vt 0.879195 0.000000
vt 0.959732 0.000000
vt 0.872483 0.000000
vt 0.033557 0.000000
vt 0.966443 0.000000
vt 0.865772 0.000000
vt 0.973154 0.000000
vt 0.026846 0.000000
vt 0.859060 0.000000
vt 0.979866 0.000000
vt 0.020134 0.000000
vt 0.852349 0.000000
vt 0.986577 0.000000
vt 0.845638 0.000000
vt 0.013423 0.000000
vt 0.993289 0.000000
vt 0.724832 0.000000
vt 0.838926 0.000000
vt 0.006711 0.000000
vt 1.000000 0.000000
vt 0.832215 0.000000
vt 0.000000 0.000000
vt 0.825503 0.000000
vt 0.818792 0.000000
vt 0.731544 0.000000
vt 0.812081 0.000000
vt 0.805369 0.000000
vt 0.798658 0.000000
vt 0.738255 0.000000
vt 0.791946 0.000000
vt 0.785235 0.000000
vt 0.744966 0.000000
vt 0.778524 0.000000
vt 0.771812 0.000000
vt 0.751678 0.000000
vt 0.765101 0.000000
vt 0.758389 0.000000
vt 0.625000 0.000000
vt 0.631944 0.000000
vt 0.628472 0.000000
vt 0.621528 0.000000
vt 0.635417 0.000000
vt 0.618056 0.000000
vt 0.614583 0.000000
vt 0.638889 0.000000
vt 0.611111 0.000000
vt 0.642361 0.000000
vt 0.607639 0.000000
vt 0.604167 0.000000
vt 0.645833 0.000000
vt 0.600694 0.000000
vt 0.649306 0.000000
vt 0.597222 0.000000
vt 0.593750 0.000000
vt 0.652778 0.000000
vt 0.590278 0.000000
vt 0.656250 0.000000
vt 0.586806 0.000000
vt 0.583333 0.000000
vt 0.659722 0.000000
vt 0.579861 0.000000
vt 0.663194 0.000000
vt 0.576389 0.000000
vt 0.572917 0.000000
vt 0.666667 0.000000
vt 0.569444 0.000000
vt 0.565972 0.000000
vt 0.670139 0.000000
vt 0.562500 0.000000
vt 0.673611 0.000000
vt 0.559028 0.000000
vt 0.555556 0.000000
vt 0.677083 0.000000
vt 0.552083 0.000000
vt 0.680556 0.000000
vt 0.548611 0.000000
vt 0.545139 0.000000
vt 0.961806 0.000000
vt 0.684028 0.000000
vt 0.541667 0.000000
vt 0.965278 0.000000
vt 0.958333 0.000000
vt 0.954861 0.000000
vt 0.968750 0.000000
vt 0.951389 0.000000
vt 0.947917 0.000000
vt 0.972222 0.000000
vt 0.944444 0.000000
vt 0.940972 0.000000
vt 0.538194 0.000000
vt 0.975694 0.000000
vt 0.687500 0.000000
vt 0.937500 0.000000
vt 0.934028 0.000000
vt 0.979167 0.000000
vt 0.534722 0.000000
vt 0.930556 0.000000
vt 0.982639 0.000000
vt 0.927083 0.000000
vt 0.690972 0.000000
vt 0.531250 0.000000
vt 0.923611 0.000000
vt 0.986111 0.000000
vt 0.920139 0.000000
vt 0.527778 0.000000
vt 0.694444 0.000000
vt 0.916667 0.000000
vt 0.989583 0.000000
vt 0.524306 0.000000
vt 0.913194 0.000000
vt 0.697917 0.000000
vt 0.909722 0.000000
vt 0.993056 0.000000
vt 0.520833 0.000000
vt 0.906250 0.000000
vt 0.517361 0.000000
vt 0.701389 0.000000
vt 0.996528 0.000000
vt 0.902778 0.000000
vt 0.899306 0.000000
vt 0.513889 0.000000
vt 0.704861 0.000000
vt 0.895833 0.000000
vt 0.510417 0.000000
vt 0.892361 0.000000
vt 0.506944 0.000000
vt 0.708333 0.000000
vt 0.753472 0.000000
vt 0.888889 0.000000
vt 0.503472 0.000000
vt 0.885417 0.000000
vt 0.711806 0.000000
vt 0.756944 0.000000
vt 0.500000 0.000000
vt 0.881944 0.000000
vt 0.496528 0.000000
vt 0.878472 0.000000
vt 0.715278 0.000000
vt 0.760417 0.000000
vt 0.493056 0.000000
vt 0.875000 0.000000
vt 0.489583 0.000000
vt 0.763889 0.000000
vt 0.871528 0.000000
vt 0.718750 0.000000
vt 0.486111 0.000000
vt 0.482639 0.000000
vt 0.767361 0.000000
vt 0.868056 0.000000
vt 0.479167 0.000000
vt 0.722222 0.000000
vt 0.864583 0.000000
vt 0.770833 0.000000
vt 0.475694 0.000000
vt 0.472222 0.000000
vt 0.861111 0.000000
vt 0.725694 0.000000
vt 0.774306 0.000000
vt 0.468750 0.000000
vt 0.857639 0.000000
vt 0.465278 0.000000
vt 0.729167 0.000000
vt 0.854167 0.000000
vt 0.777778 0.000000
vt 0.461806 0.000000
vt 0.850694 0.000000
vt 0.458333 0.000000
vt 0.732639 0.000000
vt 0.781250 0.000000
vt 0.847222 0.000000
vt 0.454861 0.000000
vt 0.843750 0.000000
vt 0.451389 0.000000
vt 0.736111 0.000000
vt 0.784722 0.000000
vt 0.840278 0.000000
vt 0.447917 0.000000
vt 0.739583 0.000000
vt 0.836806 0.000000
vt 0.444444 0.000000
vt 0.788194 0.000000
vt 0.833333 0.000000
vt 0.440972 0.000000
vt 0.743056 0.000000
vt 0.829861 0.000000
vt 0.437500 0.000000
vt 0.826389 0.000000
vt 0.746528 0.000000
vt 0.791667 0.000000
vt 0.434028 0.000000
vt 0.822917 0.000000
vt 0.819444 0.000000
vt 0.750000 0.000000
vt 0.430556 0.000000
vt 0.815972 0.000000
vt 0.795139 0.000000
vt 0.812500 0.000000
vt 0.427083 0.000000
vt 0.809028 0.000000
vt 0.805556 0.000000
vt 0.423611 0.000000
vt 0.003472 0.000000
vt 0.802083 0.000000
vt 0.798611 0.000000
vt 0.420139 0.000000
vt 0.006944 0.000000
vt 0.416667 0.000000
vt 0.010417 0.000000
vt 0.013889 0.000000
vt 0.413194 0.000000
vt 0.017361 0.000000
vt 0.409722 0.000000
vt 0.020833 0.000000
vt 0.024306 0.000000
vt 0.406250 0.000000
vt 0.027778 0.000000
vt 0.031250 0.000000
vt 0.402778 0.000000
vt 0.034722 0.000000
vt 0.038194 0.000000
vt 0.041667 0.000000
vt 0.045139 0.000000
vt 0.399306 0.000000
vt 0.048611 0.000000
vt 0.052083 0.000000
vt 0.395833 0.000000
vt 0.055556 0.000000
vt 0.059028 0.000000
vt 0.392361 0.000000
vt 0.062500 0.000000
vt 0.065972 0.000000
vt 0.069444 0.000000
vt 0.388889 0.000000
vt 0.072917 0.000000
vt 0.076389 0.000000
vt 0.385417 0.000000
vt 0.079861 0.000000
vt 0.083333 0.000000
vt 0.086806 0.000000
vt 0.381944 0.000000
vt 0.378472 0.000000
vt 0.090278 0.000000
vt 0.375000 0.000000
vt 0.093750 0.000000
vt 0.371528 0.000000
vt 0.097222 0.000000
vt 0.368056 0.000000
vt 0.100694 0.000000
vt 0.104167 0.000000
vt 0.364583 0.000000
vt 0.107639 0.000000
vt 0.361111 0.000000
vt 0.111111 0.000000
vt 0.114583 0.000000
vt 0.357639 0.000000
vt 0.118056 0.000000
vt 0.354167 0.000000
vt 0.121528 0.000000
vt 0.125000 0.000000
vt 0.204861 0.000000
vt 0.211806 0.000000
vt 0.208333 0.000000
vt 0.350694 0.000000
vt 0.128472 0.000000
vt 0.201389 0.000000
vt 0.131944 0.000000
vt 0.347222 0.000000
vt 0.197917 0.000000
vt 0.135417 0.000000
vt 0.194444 0.000000
vt 0.138889 0.000000
vt 0.215278 0.000000
vt 0.343750 0.000000
vt 0.190972 0.000000
vt 0.142361 0.000000
vt 0.218750 0.000000
vt 0.187500 0.000000
vt 0.145833 0.000000
vt 0.184028 0.000000
vt 0.149306 0.000000
vt 0.222222 0.000000
vt 0.340278 0.000000
vt 0.180556 0.000000
vt 0.152778 0.000000
vt 0.177083 0.000000
vt 0.156250 0.000000
vt 0.173611 0.000000
vt 0.159722 0.000000
vt 0.225694 0.000000
vt 0.170139 0.000000
vt 0.163194 0.000000
vt 0.166667 0.000000
vt 0.336806 0.000000
vt 0.229167 0.000000
vt 0.232639 0.000000
vt 0.333333 0.000000
vt 0.236111 0.000000
vt 0.239583 0.000000
vt 0.329861 0.000000
vt 0.243056 0.000000
vt 0.326389 0.000000
vt 0.246528 0.000000
vt 0.250000 0.000000
vt 0.322917 0.000000
vt 0.253472 0.000000
vt 0.319444 0.000000
vt 0.256944 0.000000
vt 0.260417 0.000000
vt 0.315972 0.000000
vt 0.263889 0.000000
vt 0.312500 0.000000
vt 0.267361 0.000000
vt 0.270833 0.000000
vt 0.309028 0.000000
vt 0.274306 0.000000
vt 0.305556 0.000000
vt 0.277778 0.000000
vt 0.281250 0.000000
vt 0.302083 0.000000
vt 0.284722 0.000000
vt 0.298611 0.000000
vt 0.288194 0.000000
vt 0.291667 0.000000
vt 0.295139 0.000000
vt 0.183938 0.000000
vt 0.189119 0.000000
vt 0.186529 0.000000
vt 0.720207 0.000000
vt 0.725389 0.000000
vt 0.722798 0.000000
vt 0.727979 0.000000
vt 0.717617 0.000000
vt 0.730570 0.000000
vt 0.733161 0.000000
vt 0.715026 0.000000
vt 0.735751 0.000000
vt 0.738342 0.000000
vt 0.712435 0.000000
vt 0.740933 0.000000
vt 0.181347 0.000000
vt 0.743523 0.000000
vt 0.709845 0.000000
vt 0.746114 0.000000
vt 0.191710 0.000000
vt 0.748705 0.000000
vt 0.707254 0.000000
vt 0.178756 0.000000
vt 0.751295 0.000000
vt 0.704663 0.000000
vt 0.753886 0.000000
vt 0.176166 0.000000
vt 0.756477 0.000000
vt 0.702073 0.000000
vt 0.759067 0.000000
vt 0.194301 0.000000
vt 0.173575 0.000000
vt 0.761658 0.000000
vt 0.699482 0.000000
vt 0.764249 0.000000
vt 0.170984 0.000000
vt 0.766839 0.000000
vt 0.696891 0.000000
vt 0.168394 0.000000
vt 0.769430 0.000000
vt 0.196891 0.000000
vt 0.772021 0.000000
vt 0.694301 0.000000
vt 0.165803 0.000000
vt 0.774611 0.000000
vt 0.163212 0.000000
vt 0.777202 0.000000
vt 0.691710 0.000000
vt 0.199482 0.000000
vt 0.160622 0.000000
vt 0.779793 0.000000
vt 0.158031 0.000000
vt 0.689119 0.000000
vt 0.782383 0.000000
vt 0.155440 0.000000
vt 0.784974 0.000000
vt 0.202073 0.000000
vt 0.152850 0.000000
vt 0.787565 0.000000
vt 0.790155 0.000000
vt 0.204663 0.000000
vt 0.792746 0.000000
vt 0.795337 0.000000
vt 0.150259 0.000000
vt 0.797927 0.000000
vt 0.207254 0.000000
vt 0.800518 0.000000
vt 0.803109 0.000000
vt 0.686529 0.000000
vt 0.683938 0.000000
vt 0.147668 0.000000
vt 0.681347 0.000000
vt 0.678756 0.000000
vt 0.676166 0.000000
vt 0.673575 0.000000
vt 0.670984 0.000000
vt 0.668394 0.000000
vt 0.665803 0.000000
vt 0.663212 0.000000
vt 0.209845 0.000000
vt 0.660622 0.000000
vt 0.658031 0.000000
vt 0.655440 0.000000
vt 0.652850 0.000000
vt 0.805699 0.000000
vt 0.650259 0.000000
vt 0.647668 0.000000
vt 0.645078 0.000000
vt 0.642487 0.000000
vt 0.639896 0.000000
vt 0.637306 0.000000
vt 0.634715 0.000000
vt 0.632124 0.000000
vt 0.629534 0.000000
vt 0.626943 0.000000
vt 0.808290 0.000000
vt 0.624352 0.000000
vt 0.621762 0.000000
vt 0.619171 0.000000
vt 0.616580 0.000000
vt 0.613990 0.000000
vt 0.611399 0.000000
vt 0.212435 0.000000
vt 0.608808 0.000000
vt 0.810881 0.000000
vt 0.145078 0.000000
vt 0.606218 0.000000
vt 0.603627 0.000000
vt 0.601036 0.000000
vt 0.598446 0.000000
vt 0.595855 0.000000
vt 0.813471 0.000000
vt 0.593264 0.000000
vt 0.590674 0.000000
vt 0.588083 0.000000
vt 0.585492 0.000000
vt 0.816062 0.000000
vt 0.215026 0.000000
vt 0.582902 0.000000
vt 0.580311 0.000000
vt 0.577720 0.000000
vt 0.142487 0.000000
vt 0.575130 0.000000
vt 0.818653 0.000000
vt 0.572539 0.000000
vt 0.569948 0.000000
vt 0.567358 0.000000
vt 0.821244 0.000000
vt 0.564767 0.000000
vt 0.217617 0.000000
vt 0.562176 0.000000
vt 0.559586 0.000000
vt 0.139896 0.000000
vt 0.823834 0.000000
vt 0.556995 0.000000
vt 0.826425 0.000000
vt 0.554404 0.000000
vt 0.220207 0.000000
vt 0.551813 0.000000
vt 0.829016 0.000000
vt 0.137306 0.000000
vt 0.549223 0.000000
vt 0.831606 0.000000
vt 0.222798 0.000000
vt 0.546632 0.000000
vt 0.834197 0.000000
vt 0.544041 0.000000
vt 0.134715 0.000000
vt 0.541451 0.000000
vt 0.225389 0.000000
vt 0.836788 0.000000
vt 0.538860 0.000000
vt 0.839378 0.000000
vt 0.132124 0.000000
vt 0.536269 0.000000
vt 0.227979 0.000000
vt 0.841969 0.000000
vt 0.533679 0.000000
vt 0.844560 0.000000
vt 0.129534 0.000000
vt 0.531088 0.000000
vt 0.230570 0.000000
vt 0.847150 0.000000
vt 0.528497 0.000000
vt 0.849741 0.000000
vt 0.233161 0.000000
vt 0.126943 0.000000
vt 0.525907 0.000000
vt 0.852332 0.000000
vt 0.523316 0.000000
vt 0.854922 0.000000
vt 0.235751 0.000000
vt 0.124352 0.000000
vt 0.520725 0.000000
vt 0.857513 0.000000
vt 0.518135 0.000000
vt 0.238342 0.000000
vt 0.860104 0.000000
vt 0.121762 0.000000
vt 0.515544 0.000000
vt 0.862694 0.000000
vt 0.512953 0.000000
vt 0.240933 0.000000
vt 0.865285 0.000000
vt 0.119171 0.000000
vt 0.510363 0.000000
vt 0.867876 0.000000
vt 0.507772 0.000000
vt 0.243523 0.000000
vt 0.116580 0.000000
vt 0.870466 0.000000
vt 0.505181 0.000000
vt 0.873057 0.000000
vt 0.246114 0.000000
vt 0.502591 0.000000
vt 0.113990 0.000000
vt 0.875648 0.000000
vt 0.248705 0.000000
vt 0.878238 0.000000
vt 0.497409 0.000000
vt 0.111399 0.000000
vt 0.880829 0.000000
vt 0.494819 0.000000
vt 0.251295 0.000000
vt 0.883420 0.000000
vt 0.108808 0.000000
vt 0.492228 0.000000
vt 0.886010 0.000000
vt 0.489637 0.000000
vt 0.253886 0.000000
vt 0.106218 0.000000
vt 0.888601 0.000000
vt 0.487047 0.000000
vt 0.891192 0.000000
vt 0.256477 0.000000
vt 0.484456 0.000000
vt 0.103627 0.000000
vt 0.893782 0.000000
vt 0.481865 0.000000
vt 0.259067 0.000000
vt 0.896373 0.000000
vt 0.101036 0.000000
vt 0.479275 0.000000
vt 0.898964 0.000000
vt 0.476684 0.000000
vt 0.261658 0.000000
vt 0.098446 0.000000
vt 0.901554 0.000000
vt 0.474093 0.000000
vt 0.904145 0.000000
vt 0.471503 0.000000
vt 0.264249 0.000000
vt 0.095855 0.000000
vt 0.906736 0.000000
vt 0.468912 0.000000
vt 0.909326 0.000000
vt 0.266839 0.000000
vt 0.093264 0.000000
vt 0.466321 0.000000
vt 0.911917 0.000000
vt 0.463731 0.000000
vt 0.269430 0.000000
vt 0.090674 0.000000
vt 0.914508 0.000000
vt 0.461140 0.000000
vt 0.917098 0.000000
vt 0.458549 0.000000
vt 0.088083 0.000000
vt 0.272021 0.000000
vt 0.919689 0.000000
vt 0.455959 0.000000
vt 0.453368 0.000000
vt 0.922280 0.000000
vt 0.085492 0.000000
vt 0.274611 0.000000
vt 0.450777 0.000000
vt 0.924870 0.000000
vt 0.448187 0.000000
vt 0.927461 0.000000
vt 0.082902 0.000000
vt 0.277202 0.000000
vt 0.445596 0.000000
vt 0.930052 0.000000
vt 0.443005 0.000000
vt 0.080311 0.000000
vt 0.932642 0.000000
vt 0.440415 0.000000
vt 0.279793 0.000000
vt 0.935233 0.000000
vt 0.437824 0.000000
vt 0.077720 0.000000
vt 0.937824 0.000000
vt 0.282383 0.000000
vt 0.940414 0.000000
vt 0.075130 0.000000
vt 0.435233 0.000000
vt 0.943005 0.000000
vt 0.284974 0.000000
vt 0.945596 0.000000
vt 0.072539 0.000000
vt 0.948187 0.000000
vt 0.287565 0.000000
vt 0.432642 0.000000
vt 0.950777 0.000000
vt 0.069948 0.000000
vt 0.953368 0.000000
vt 0.290155 0.000000
vt 0.955959 0.000000
vt 0.067358 0.000000
vt 0.430052 0.000000
vt 0.958549 0.000000
vt 0.292746 0.000000
vt 0.961140 0.000000
vt 0.064767 0.000000
vt 0.963731 0.000000
vt 0.427461 0.000000
vt 0.295337 0.000000
vt 0.966321 0.000000
vt 0.062176 0.000000
vt 0.968912 0.000000
vt 0.971503 0.000000
vt 0.297927 0.000000
vt 0.059585 0.000000
vt 0.424870 0.000000
vt 0.974093 0.000000
vt 0.976684 0.000000
vt 0.056995 0.000000
vt 0.300518 0.000000
vt 0.979275 0.000000
vt 0.981865 0.000000
vt 0.422280 0.000000
vt 0.984456 0.000000
vt 0.054404 0.000000
vt 0.303109 0.000000
vt 0.987047 0.000000
vt 0.989637 0.000000
vt 0.419689 0.000000
vt 0.051813 0.000000
vt 0.305699 0.000000
vt 0.992228 0.000000
vt 0.994819 0.000000
vt 0.049223 0.000000
vt 0.308290 0.000000
vt 0.997409 0.000000
vt 0.417098 0.000000
vt 0.046632 0.000000
vt 0.310881 0.000000
vt 0.002591 0.000000
vt 0.414508 0.000000
vt 0.044041 0.000000
vt 0.005181 0.000000
vt 0.313471 0.000000
vt 0.007772 0.000000
vt 0.041451 0.000000
vt 0.411917 0.000000
vt 0.010363 0.000000
vt 0.316062 0.000000
vt 0.012953 0.000000
vt 0.038860 0.000000
vt 0.015544 0.000000
vt 0.318653 0.000000
vt 0.409326 0.000000
vt 0.018135 0.000000
vt 0.036269 0.000000
vt 0.321244 0.000000
vt 0.020725 0.000000
vt 0.023316 0.000000
vt 0.033679 0.000000
vt 0.406736 0.000000
vt 0.323834 0.000000
vt 0.025907 0.000000
vt 0.028497 0.000000
vt 0.031088 0.000000
vt 0.326425 0.000000
vt 0.404145 0.000000
vt 0.329016 0.000000
vt 0.401554 0.000000
vt 0.331606 0.000000
vt 0.334197 0.000000
vt 0.398964 0.000000
vt 0.336788 0.000000
vt 0.396373 0.000000
vt 0.339378 0.000000
vt 0.341969 0.000000
vt 0.393782 0.000000
vt 0.344560 0.000000
vt 0.347150 0.000000
vt 0.391192 0.000000
vt 0.349741 0.000000
vt 0.388601 0.000000
vt 0.352332 0.000000
vt 0.354922 0.000000
vt 0.386010 0.000000
vt 0.357513 0.000000
vt 0.360104 0.000000
vt 0.383420 0.000000
vt 0.362694 0.000000
vt 0.365285 0.000000
vt 0.367876 0.000000
vt 0.380829 0.000000
vt 0.370466 0.000000
vt 0.373057 0.000000
vt 0.378238 0.000000
vt 0.375648 0.000000
vt 0.308901 0.000000
vt 0.319372 0.000000
vt 0.314136 0.000000
vt 0.324607 0.000000
vt 0.303665 0.000000
vt 0.329843 0.000000
vt 0.298429 0.000000
vt 0.335079 0.000000
vt 0.293194 0.000000
vt 0.340314 0.000000
vt 0.345550 0.000000
vt 0.287958 0.000000
vt 0.350785 0.000000
vt 0.282723 0.000000
vt 0.356021 0.000000
vt 0.277487 0.000000
vt 0.691099 0.000000
vt 0.361257 0.000000
vt 0.696335 0.000000
vt 0.685864 0.000000
vt 0.680628 0.000000
vt 0.701571 0.000000
vt 0.675393 0.000000
vt 0.366492 0.000000
vt 0.706806 0.000000
vt 0.670157 0.000000
vt 0.272251 0.000000
vt 0.664921 0.000000
vt 0.712042 0.000000
vt 0.659686 0.000000
vt 0.371728 0.000000
vt 0.717277 0.000000
vt 0.654450 0.000000
vt 0.267016 0.000000
vt 0.722513 0.000000
vt 0.649215 0.000000
vt 0.376963 0.000000
vt 0.643979 0.000000
vt 0.727749 0.000000
vt 0.261780 0.000000
vt 0.382199 0.000000
vt 0.638743 0.000000
vt 0.732984 0.000000
vt 0.633508 0.000000
vt 0.387435 0.000000
vt 0.256545 0.000000
vt 0.628272 0.000000
vt 0.738220 0.000000
vt 0.392670 0.000000
vt 0.623037 0.000000
vt 0.743455 0.000000
vt 0.251309 0.000000
vt 0.617801 0.000000
vt 0.397906 0.000000
vt 0.748691 0.000000
vt 0.612565 0.000000
vt 0.246073 0.000000
vt 0.403141 0.000000
vt 0.607330 0.000000
vt 0.753927 0.000000
vt 0.408377 0.000000
vt 0.602094 0.000000
vt 0.240838 0.000000
vt 0.759162 0.000000
vt 0.596859 0.000000
vt 0.413613 0.000000
vt 0.235602 0.000000
vt 0.591623 0.000000
vt 0.764398 0.000000
vt 0.418848 0.000000
vt 0.586387 0.000000
vt 0.230366 0.000000
vt 0.769634 0.000000
vt 0.424084 0.000000
vt 0.581152 0.000000
vt 0.225131 0.000000
vt 0.774869 0.000000
vt 0.575916 0.000000
vt 0.429319 0.000000
vt 0.570681 0.000000
vt 0.780105 0.000000
vt 0.434555 0.000000
vt 0.219895 0.000000
vt 0.565445 0.000000
vt 0.439791 0.000000
vt 0.785340 0.000000
vt 0.214660 0.000000
vt 0.560209 0.000000
vt 0.445026 0.000000
vt 0.790576 0.000000
vt 0.209424 0.000000
vt 0.554974 0.000000
vt 0.795812 0.000000
vt 0.450262 0.000000
vt 0.204188 0.000000
vt 0.549738 0.000000
vt 0.801047 0.000000
vt 0.455497 0.000000
vt 0.198953 0.000000
vt 0.544503 0.000000
vt 0.806283 0.000000
vt 0.460733 0.000000
vt 0.193717 0.000000
vt 0.539267 0.000000
vt 0.811518 0.000000
vt 0.465969 0.000000
vt 0.188482 0.000000
vt 0.534031 0.000000
vt 0.816754 0.000000
vt 0.471204 0.000000
vt 0.528796 0.000000
vt 0.183246 0.000000
vt 0.821990 0.000000
vt 0.476440 0.000000
vt 0.523560 0.000000
vt 0.178010 0.000000
vt 0.827225 0.000000
vt 0.481675 0.000000
vt 0.172775 0.000000
vt 0.518325 0.000000
vt 0.832461 0.000000
vt 0.837696 0.000000
vt 0.167539 0.000000
vt 0.513089 0.000000
vt 0.486911 0.000000
vt 0.842932 0.000000
vt 0.162304 0.000000
vt 0.507853 0.000000
vt 0.492147 0.000000
vt 0.848168 0.000000
vt 0.157068 0.000000
vt 0.853403 0.000000
vt 0.502618 0.000000
vt 0.497382 0.000000
vt 0.151832 0.000000
vt 0.858639 0.000000
vt 0.863874 0.000000
vt 0.146597 0.000000
vt 0.994764 0.000000
vt 0.869110 0.000000
vt 0.141361 0.000000
vt 0.005236 0.000000
vt 0.874346 0.000000
vt 0.989529 0.000000
vt 0.136126 0.000000
vt 0.879581 0.000000
vt 0.010471 0.000000
vt 0.984293 0.000000
vt 0.884817 0.000000
vt 0.130890 0.000000
vt 0.890052 0.000000
vt 0.979058 0.000000
vt 0.015707 0.000000
vt 0.125654 0.000000
vt 0.895288 0.000000
vt 0.973822 0.000000
vt 0.900524 0.000000
vt 0.120419 0.000000
vt 0.020942 0.000000
vt 0.968586 0.000000
vt 0.905759 0.000000
vt 0.115183 0.000000
vt 0.910995 0.000000
vt 0.963351 0.000000
vt 0.026178 0.000000
vt 0.916230 0.000000
vt 0.958115 0.000000
vt 0.109948 0.000000
vt 0.921466 0.000000
vt 0.952880 0.000000
vt 0.926702 0.000000
vt 0.931937 0.000000
vt 0.031414 0.000000
vt 0.947644 0.000000
vt 0.104712 0.000000
vt 0.937173 0.000000
vt 0.942408 0.000000
vt 0.099476 0.000000
vt 0.036649 0.000000
vt 0.094241 0.000000
vt 0.041885 0.000000
vt 0.089005 0.000000
vt 0.047120 0.000000
vt 0.083770 0.000000
vt 0.078534 0.000000
vt 0.052356 0.000000
vt 0.073298 0.000000
vt 0.057592 0.000000
vt 0.068063 0.000000
vt 0.062827 0.000000
vt 0.279898 0.000000
vt 0.284987 0.000000
vt 0.282443 0.000000
vt 0.340967 0.000000
vt 0.346056 0.000000
vt 0.343511 0.000000
vt 0.348601 0.000000
vt 0.277354 0.000000
vt 0.287532 0.000000
vt 0.338422 0.000000
vt 0.351145 0.000000
vt 0.127226 0.000000
vt 0.132316 0.000000
vt 0.129771 0.000000
vt 0.134860 0.000000
vt 0.124682 0.000000
vt 0.137405 0.000000
vt 0.122137 0.000000
vt 0.274809 0.000000
vt 0.353690 0.000000
vt 0.139949 0.000000
vt 0.290076 0.000000
vt 0.335878 0.000000
vt 0.142494 0.000000
vt 0.119593 0.000000
vt 0.356234 0.000000
vt 0.145038 0.000000
vt 0.117048 0.000000
vt 0.272265 0.000000
vt 0.147583 0.000000
vt 0.292621 0.000000
vt 0.358779 0.000000
vt 0.114504 0.000000
vt 0.150127 0.000000
vt 0.152672 0.000000
vt 0.111959 0.000000
vt 0.269720 0.000000
vt 0.361323 0.000000
vt 0.295165 0.000000
vt 0.330789 0.000000
vt 0.155216 0.000000
vt 0.109415 0.000000
vt 0.363868 0.000000
vt 0.157761 0.000000
vt 0.267176 0.000000
vt 0.106870 0.000000
vt 0.160305 0.000000
vt 0.297710 0.000000
vt 0.328244 0.000000
vt 0.366412 0.000000
vt 0.162850 0.000000
vt 0.104326 0.000000
vt 0.165394 0.000000
vt 0.264631 0.000000
vt 0.368957 0.000000
vt 0.101781 0.000000
vt 0.167939 0.000000
vt 0.300254 0.000000
vt 0.325700 0.000000
vt 0.371501 0.000000
vt 0.170483 0.000000
vt 0.099237 0.000000
vt 0.262087 0.000000
vt 0.173028 0.000000
vt 0.374046 0.000000
vt 0.096692 0.000000
vt 0.302799 0.000000
vt 0.323155 0.000000
vt 0.175573 0.000000
vt 0.259542 0.000000
vt 0.376590 0.000000
vt 0.178117 0.000000
vt 0.180662 0.000000
vt 0.305344 0.000000
vt 0.320611 0.000000
vt 0.379135 0.000000
vt 0.183206 0.000000
vt 0.256997 0.000000
vt 0.185751 0.000000
vt 0.381679 0.000000
vt 0.307888 0.000000
vt 0.318066 0.000000
vt 0.094148 0.000000
vt 0.188295 0.000000
vt 0.254453 0.000000
vt 0.384224 0.000000
vt 0.091603 0.000000
vt 0.089059 0.000000
vt 0.086514 0.000000
vt 0.083969 0.000000
vt 0.190840 0.000000
vt 0.081425 0.000000
vt 0.078880 0.000000
vt 0.076336 0.000000
vt 0.073791 0.000000
vt 0.071247 0.000000
vt 0.068702 0.000000
vt 0.193384 0.000000
vt 0.195929 0.000000
vt 0.066158 0.000000
vt 0.198473 0.000000
vt 0.386768 0.000000
vt 0.063613 0.000000
vt 0.201018 0.000000
vt 0.310433 0.000000
vt 0.315522 0.000000
vt 0.203562 0.000000
vt 0.061069 0.000000
vt 0.206107 0.000000
vt 0.208651 0.000000
vt 0.211196 0.000000
vt 0.058524 0.000000
vt 0.251908 0.000000
vt 0.213740 0.000000
vt 0.216285 0.000000
vt 0.055980 0.000000
vt 0.218830 0.000000
vt 0.221374 0.000000
vt 0.053435 0.000000
vt 0.223919 0.000000
vt 0.389313 0.000000
vt 0.226463 0.000000
vt 0.050891 0.000000
vt 0.229008 0.000000
vt 0.231552 0.000000
vt 0.234097 0.000000
vt 0.048346 0.000000
vt 0.236641 0.000000
vt 0.239186 0.000000
vt 0.045802 0.000000
vt 0.241730 0.000000
vt 0.244275 0.000000
vt 0.246819 0.000000
vt 0.969466 0.000000
vt 0.966921 0.000000
vt 0.312977 0.000000
vt 0.811705 0.000000
vt 0.809160 0.000000
vt 0.043257 0.000000
vt 0.249364 0.000000
vt 0.806616 0.000000
vt 0.391858 0.000000
vt 0.040712 0.000000
vt 0.972010 0.000000
vt 0.964377 0.000000
vt 0.804071 0.000000
vt 0.974555 0.000000
vt 0.814249 0.000000
vt 0.961832 0.000000
vt 0.801527 0.000000
vt 0.038168 0.000000
vt 0.959288 0.000000
vt 0.798982 0.000000
vt 0.977099 0.000000
vt 0.816794 0.000000
vt 0.956743 0.000000
vt 0.796438 0.000000
vt 0.979644 0.000000
vt 0.819338 0.000000
vt 0.954198 0.000000
vt 0.793893 0.000000
vt 0.035623 0.000000
vt 0.951654 0.000000
vt 0.791349 0.000000
vt 0.982188 0.000000
vt 0.394402 0.000000
vt 0.821883 0.000000
vt 0.033079 0.000000
vt 0.949109 0.000000
vt 0.788804 0.000000
vt 0.030534 0.000000
vt 0.027990 0.000000
vt 0.984733 0.000000
vt 0.946565 0.000000
vt 0.786260 0.000000
vt 0.824427 0.000000
vt 0.025445 0.000000
vt 0.944020 0.000000
vt 0.783715 0.000000
vt 0.022901 0.000000
vt 0.987277 0.000000
vt 0.826972 0.000000
vt 0.396947 0.000000
vt 0.941476 0.000000
vt 0.781170 0.000000
vt 0.020356 0.000000
vt 0.989822 0.000000
vt 0.017812 0.000000
vt 0.938931 0.000000
vt 0.778626 0.000000
vt 0.829517 0.000000
vt 0.015267 0.000000
vt 0.936387 0.000000
vt 0.776081 0.000000
vt 0.992366 0.000000
vt 0.399491 0.000000
vt 0.012723 0.000000
vt 0.832061 0.000000
vt 0.933842 0.000000
vt 0.773537 0.000000
vt 0.010178 0.000000
vt 0.931298 0.000000
vt 0.770992 0.000000
vt 0.994911 0.000000
vt 0.834606 0.000000
vt 0.007634 0.000000
vt 0.402036 0.000000
vt 0.928753 0.000000
vt 0.768448 0.000000
vt 0.005089 0.000000
vt 0.997455 0.000000
vt 0.926209 0.000000
vt 0.765903 0.000000
vt 0.837150 0.000000
vt 0.002545 0.000000
vt 0.923664 0.000000
vt 0.763359 0.000000
vt 0.404580 0.000000
vt 0.839695 0.000000
vt 0.921120 0.000000
vt 0.760814 0.000000
vt 0.407125 0.000000
vt 0.918575 0.000000
vt 0.758270 0.000000
vt 0.842239 0.000000
vt 0.409669 0.000000
vt 0.916031 0.000000
vt 0.755725 0.000000
vt 0.844784 0.000000
vt 0.412214 0.000000
vt 0.847328 0.000000
vt 0.913486 0.000000
vt 0.753181 0.000000
vt 0.414758 0.000000
vt 0.849873 0.000000
vt 0.910941 0.000000
vt 0.750636 0.000000
vt 0.417303 0.000000
vt 0.852417 0.000000
vt 0.908397 0.000000
vt 0.748092 0.000000
vt 0.419847 0.000000
vt 0.854962 0.000000
vt 0.857506 0.000000
vt 0.422392 0.000000
vt 0.905852 0.000000
vt 0.745547 0.000000
vt 0.860051 0.000000
vt 0.424936 0.000000
vt 0.903308 0.000000
vt 0.743003 0.000000
vt 0.900763 0.000000
vt 0.740458 0.000000
vt 0.862595 0.000000
vt 0.427481 0.000000
vt 0.898219 0.000000
vt 0.737913 0.000000
vt 0.865140 0.000000
vt 0.430025 0.000000
vt 0.895674 0.000000
vt 0.735369 0.000000
vt 0.867684 0.000000
vt 0.432570 0.000000
vt 0.893130 0.000000
vt 0.732824 0.000000
vt 0.870229 0.000000
vt 0.435115 0.000000
vt 0.890585 0.000000
vt 0.730280 0.000000
vt 0.872774 0.000000
vt 0.437659 0.000000
vt 0.888041 0.000000
vt 0.727735 0.000000
vt 0.885496 0.000000
vt 0.725191 0.000000
vt 0.882952 0.000000
vt 0.722646 0.000000
vt 0.880407 0.000000
vt 0.720102 0.000000
vt 0.877863 0.000000
vt 0.717557 0.000000
vt 0.875318 0.000000
vt 0.715013 0.000000
vt 0.712468 0.000000
vt 0.709924 0.000000
vt 0.440204 0.000000
vt 0.442748 0.000000
vt 0.707379 0.000000
vt 0.445293 0.000000
vt 0.704835 0.000000
vt 0.447837 0.000000
vt 0.450382 0.000000
vt 0.702290 0.000000
vt 0.452926 0.000000
vt 0.455471 0.000000
vt 0.699746 0.000000
vt 0.458015 0.000000
vt 0.460560 0.000000
vt 0.697201 0.000000
vt 0.463104 0.000000
vt 0.465649 0.000000
vt 0.694656 0.000000
vt 0.468193 0.000000
vt 0.470738 0.000000
vt 0.692112 0.000000
vt 0.473282 0.000000
vt 0.475827 0.000000
vt 0.478372 0.000000
vt 0.689567 0.000000
vt 0.480916 0.000000
vt 0.483461 0.000000
vt 0.687023 0.000000
vt 0.486005 0.000000
vt 0.488550 0.000000
vt 0.684478 0.000000
vt 0.491094 0.000000
vt 0.493639 0.000000
vt 0.681934 0.000000
vt 0.496183 0.000000
vt 0.498728 0.000000
vt 0.501272 0.000000
vt 0.679389 0.000000
vt 0.676845 0.000000
vt 0.674300 0.000000
vt 0.503817 0.000000
vt 0.671756 0.000000
vt 0.669211 0.000000
vt 0.506361 0.000000
vt 0.664122 0.000000
vt 0.508906 0.000000
vt 0.661578 0.000000
vt 0.659033 0.000000
vt 0.511450 0.000000
vt 0.656489 0.000000
vt 0.653944 0.000000
vt 0.513995 0.000000
vt 0.651399 0.000000
vt 0.516539 0.000000
vt 0.519084 0.000000
vt 0.648855 0.000000
vt 0.521628 0.000000
vt 0.524173 0.000000
vt 0.526718 0.000000
vt 0.646310 0.000000
vt 0.529262 0.000000
vt 0.531807 0.000000
vt 0.534351 0.000000
vt 0.536896 0.000000
vt 0.643766 0.000000
vt 0.539440 0.000000
vt 0.541985 0.000000
vt 0.544529 0.000000
vt 0.547074 0.000000
vt 0.549618 0.000000
vt 0.552163 0.000000
vt 0.554707 0.000000
vt 0.557252 0.000000
vt 0.559796 0.000000
vt 0.562341 0.000000
vt 0.641221 0.000000
vt 0.638677 0.000000
vt 0.636132 0.000000
vt 0.633588 0.000000
vt 0.631043 0.000000
vt 0.628499 0.000000
vt 0.564885 0.000000
vt 0.625954 0.000000
vt 0.567430 0.000000
vt 0.623410 0.000000
vt 0.569975 0.000000
vt 0.620865 0.000000
vt 0.618321 0.000000
vt 0.572519 0.000000
vt 0.615776 0.000000
vt 0.575064 0.000000
vt 0.613232 0.000000
vt 0.577608 0.000000
vt 0.610687 0.000000
vt 0.580153 0.000000
vt 0.608142 0.000000
vt 0.582697 0.000000
vt 0.605598 0.000000
vt 0.603053 0.000000
vt 0.585242 0.000000
vt 0.600509 0.000000
vt 0.587786 0.000000
vt 0.597964 0.000000
vt 0.590331 0.000000
vt 0.595420 0.000000
vt 0.592875 0.000000
vt 0.625430 0.000000
vt 0.632302 0.000000
vt 0.628866 0.000000
vt 0.635739 0.000000
vt 0.707904 0.000000
vt 0.003436 0.000000
vt 0.639175 0.000000
vt 0.621993 0.000000
vt 0.642612 0.000000
vt 0.646048 0.000000
vt 0.618557 0.000000
vt 0.704467 0.000000
vt 0.649485 0.000000
vt 0.701031 0.000000
vt 0.006873 0.000000
vt 0.652921 0.000000
vt 0.615120 0.000000
vt 0.656357 0.000000
vt 0.697595 0.000000
vt 0.694158 0.000000
vt 0.659794 0.000000
vt 0.010309 0.000000
vt 0.690722 0.000000
vt 0.611684 0.000000
vt 0.663230 0.000000
vt 0.687285 0.000000
vt 0.013746 0.000000
vt 0.683849 0.000000
vt 0.680412 0.000000
vt 0.676976 0.000000
vt 0.608247 0.000000
vt 0.670103 0.000000
vt 0.673540 0.000000
vt 0.017182 0.000000
vt 0.020619 0.000000
vt 0.604811 0.000000
vt 0.024055 0.000000
vt 0.601375 0.000000
vt 0.027491 0.000000
vt 0.756014 0.000000
vt 0.030928 0.000000
vt 0.759450 0.000000
vt 0.752577 0.000000
vt 0.749141 0.000000
vt 0.762887 0.000000
vt 0.745704 0.000000
vt 0.597938 0.000000
vt 0.742268 0.000000
vt 0.766323 0.000000
vt 0.738832 0.000000
vt 0.034364 0.000000
vt 0.735395 0.000000
vt 0.769759 0.000000
vt 0.731959 0.000000
vt 0.728522 0.000000
vt 0.037801 0.000000
vt 0.773196 0.000000
vt 0.725086 0.000000
vt 0.594502 0.000000
vt 0.721649 0.000000
vt 0.776632 0.000000
vt 0.041237 0.000000
vt 0.718213 0.000000
vt 0.714777 0.000000
vt 0.780069 0.000000
vt 0.044674 0.000000
vt 0.711340 0.000000
vt 0.591065 0.000000
vt 0.048110 0.000000
vt 0.783505 0.000000
vt 0.051546 0.000000
vt 0.786942 0.000000
vt 0.587629 0.000000
vt 0.054983 0.000000
vt 0.790378 0.000000
vt 0.058419 0.000000
vt 0.584192 0.000000
vt 0.793814 0.000000
vt 0.061856 0.000000
vt 0.797251 0.000000
vt 0.580756 0.000000
vt 0.065292 0.000000
vt 0.800687 0.000000
vt 0.577320 0.000000
vt 0.068729 0.000000
vt 0.804124 0.000000
vt 0.573883 0.000000
vt 0.072165 0.000000
vt 0.807560 0.000000
vt 0.570447 0.000000
vt 0.075601 0.000000
vt 0.810997 0.000000
vt 0.814433 0.000000
vt 0.079038 0.000000
vt 0.567010 0.000000
vt 0.817869 0.000000
vt 0.082474 0.000000
vt 0.563574 0.000000
vt 0.821306 0.000000
vt 0.085911 0.000000
vt 0.560137 0.000000
vt 0.824742 0.000000
vt 0.828179 0.000000
vt 0.089347 0.000000
vt 0.556701 0.000000
vt 0.831615 0.000000
vt 0.553265 0.000000
vt 0.835052 0.000000
vt 0.549828 0.000000
vt 0.838488 0.000000
vt 0.841924 0.000000
vt 0.546392 0.000000
vt 0.845361 0.000000
vt 0.848797 0.000000
vt 0.542955 0.000000
vt 0.852234 0.000000
vt 0.855670 0.000000
vt 0.539519 0.000000
vt 0.859107 0.000000
vt 0.536082 0.000000
vt 0.862543 0.000000
vt 0.865979 0.000000
vt 0.532646 0.000000
vt 0.869416 0.000000
vt 0.529210 0.000000
vt 0.872852 0.000000
vt 0.996564 0.000000
vt 0.876289 0.000000
vt 0.993127 0.000000
vt 0.525773 0.000000
vt 0.989691 0.000000
vt 0.879725 0.000000
vt 0.986254 0.000000
vt 0.522337 0.000000
vt 0.883161 0.000000
vt 0.982818 0.000000
vt 0.979381 0.000000
vt 0.886598 0.000000
vt 0.092784 0.000000
vt 0.096220 0.000000
vt 0.975945 0.000000
vt 0.099656 0.000000
vt 0.518900 0.000000
vt 0.103093 0.000000
vt 0.890034 0.000000
vt 0.972509 0.000000
vt 0.106529 0.000000
vt 0.109966 0.000000
vt 0.969072 0.000000
vt 0.113402 0.000000
vt 0.893471 0.000000
vt 0.116838 0.000000
vt 0.965636 0.000000
vt 0.381443 0.000000
vt 0.120275 0.000000
vt 0.515464 0.000000
vt 0.384880 0.000000
vt 0.378007 0.000000
vt 0.896907 0.000000
vt 0.123711 0.000000
vt 0.962199 0.000000
vt 0.374570 0.000000
vt 0.127148 0.000000
vt 0.371134 0.000000
vt 0.958763 0.000000
vt 0.130584 0.000000
vt 0.900344 0.000000
vt 0.367698 0.000000
vt 0.134021 0.000000
vt 0.955326 0.000000
vt 0.364261 0.000000
vt 0.388316 0.000000
vt 0.951890 0.000000
vt 0.360825 0.000000
vt 0.903780 0.000000
vt 0.512028 0.000000
vt 0.137457 0.000000
vt 0.357388 0.000000
vt 0.948454 0.000000
vt 0.353952 0.000000
vt 0.907216 0.000000
vt 0.945017 0.000000
vt 0.350515 0.000000
vt 0.140893 0.000000
vt 0.941581 0.000000
vt 0.347079 0.000000
vt 0.910653 0.000000
vt 0.391753 0.000000
vt 0.938144 0.000000
vt 0.343643 0.000000
vt 0.340206 0.000000
vt 0.934708 0.000000
vt 0.914089 0.000000
vt 0.144330 0.000000
vt 0.931271 0.000000
vt 0.336770 0.000000
vt 0.917526 0.000000
vt 0.927835 0.000000
vt 0.924399 0.000000
vt 0.920962 0.000000
vt 0.508591 0.000000
vt 0.147766 0.000000
vt 0.395189 0.000000
vt 0.151203 0.000000
vt 0.154639 0.000000
vt 0.329897 0.000000
vt 0.158076 0.000000
vt 0.398625 0.000000
vt 0.505155 0.000000
vt 0.161512 0.000000
vt 0.164948 0.000000
vt 0.326460 0.000000
vt 0.168385 0.000000
vt 0.402062 0.000000
vt 0.171821 0.000000
vt 0.501718 0.000000
vt 0.175258 0.000000
vt 0.323024 0.000000
vt 0.178694 0.000000
vt 0.182131 0.000000
vt 0.405498 0.000000
vt 0.185567 0.000000
vt 0.189003 0.000000
vt 0.192440 0.000000
vt 0.319588 0.000000
vt 0.195876 0.000000
vt 0.199313 0.000000
vt 0.202749 0.000000
vt 0.206186 0.000000
vt 0.209622 0.000000
vt 0.216495 0.000000
vt 0.213058 0.000000
vt 0.498282 0.000000
vt 0.408935 0.000000
vt 0.316151 0.000000
vt 0.412371 0.000000
vt 0.312715 0.000000
vt 0.494845 0.000000
vt 0.309278 0.000000
vt 0.415808 0.000000
vt 0.305842 0.000000
vt 0.491409 0.000000
vt 0.419244 0.000000
vt 0.302406 0.000000
vt 0.422680 0.000000
vt 0.219931 0.000000
vt 0.298969 0.000000
vt 0.487972 0.000000
vt 0.426117 0.000000
vt 0.223368 0.000000
vt 0.295533 0.000000
vt 0.429553 0.000000
vt 0.484536 0.000000
vt 0.226804 0.000000
vt 0.292096 0.000000
vt 0.432990 0.000000
vt 0.230241 0.000000
vt 0.288660 0.000000
vt 0.481100 0.000000
vt 0.285223 0.000000
vt 0.436426 0.000000
vt 0.233677 0.000000
vt 0.281787 0.000000
vt 0.237113 0.000000
vt 0.439863 0.000000
vt 0.477663 0.000000
vt 0.278351 0.000000
vt 0.240550 0.000000
vt 0.443299 0.000000
vt 0.274914 0.000000
vt 0.243986 0.000000
vt 0.474227 0.000000
vt 0.446735 0.000000
vt 0.271478 0.000000
vt 0.247423 0.000000
vt 0.268041 0.000000
vt 0.450172 0.000000
vt 0.250859 0.000000
vt 0.470790 0.000000
vt 0.264605 0.000000
vt 0.254296 0.000000
vt 0.261168 0.000000
vt 0.453608 0.000000
vt 0.257732 0.000000
vt 0.467354 0.000000
vt 0.457045 0.000000
vt 0.460481 0.000000
vt 0.463918 0.000000
vt 0.948000 0.000000
vt 0.956000 0.000000
vt 0.952000 0.000000
vt 0.960000 0.000000
vt 0.964000 0.000000
vt 0.944000 0.000000
vt 0.968000 0.000000
vt 0.972000 0.000000
vt 0.940000 0.000000
vt 0.976000 0.000000
vt 0.980000 0.000000
vt 0.984000 0.000000
vt 0.936000 0.000000
vt 0.988000 0.000000
vt 0.992000 0.000000
vt 0.932000 0.000000
vt 0.996000 0.000000
vt 0.928000 0.000000
vt 0.048000 0.000000
vt 0.044000 0.000000
vt 0.040000 0.000000
vt 0.036000 0.000000
vt 0.032000 0.000000
vt 0.028000 0.000000
vt 0.024000 0.000000
vt 0.020000 0.000000
vt 0.016000 0.000000
vt 0.012000 0.000000
vt 0.004000 0.000000
vt 0.924000 0.000000
vt 0.060000 0.000000
vt 0.056000 0.000000
vt 0.052000 0.000000
vt 0.920000 0.000000
vt 0.064000 0.000000
vt 0.068000 0.000000
vt 0.072000 0.000000
vt 0.076000 0.000000
vt 0.916000 0.000000
vt 0.080000 0.000000
vt 0.008000 0.000000
vt 0.084000 0.000000
vt 0.912000 0.000000
vt 0.088000 0.000000
vt 0.092000 0.000000
vt 0.908000 0.000000
vt 0.096000 0.000000
vt 0.904000 0.000000
vt 0.100000 0.000000
vt 0.104000 0.000000
vt 0.900000 0.000000
vt 0.108000 0.000000
vt 0.896000 0.000000
vt 0.112000 0.000000
vt 0.892000 0.000000
vt 0.116000 0.000000
vt 0.888000 0.000000
vt 0.120000 0.000000
vt 0.884000 0.000000
vt 0.124000 0.000000
vt 0.128000 0.000000
vt 0.880000 0.000000
vt 0.132000 0.000000
vt 0.876000 0.000000
vt 0.136000 0.000000
vt 0.872000 0.000000
vt 0.140000 0.000000
vt 0.868000 0.000000
vt 0.144000 0.000000
vt 0.864000 0.000000
vt 0.148000 0.000000
vt 0.152000 0.000000
vt 0.860000 0.000000
vt 0.156000 0.000000
vt 0.452000 0.000000
vt 0.460000 0.000000
vt 0.456000 0.000000
vt 0.548000 0.000000
vt 0.556000 0.000000
vt 0.552000 0.000000
vt 0.464000 0.000000
vt 0.544000 0.000000
vt 0.468000 0.000000
vt 0.540000 0.000000
vt 0.472000 0.000000
vt 0.536000 0.000000
vt 0.476000 0.000000
vt 0.532000 0.000000
vt 0.480000 0.000000
vt 0.528000 0.000000
vt 0.484000 0.000000
vt 0.524000 0.000000
vt 0.488000 0.000000
vt 0.520000 0.000000
vt 0.492000 0.000000
vt 0.516000 0.000000
vt 0.856000 0.000000
vt 0.496000 0.000000
vt 0.512000 0.000000
vt 0.508000 0.000000
vt 0.504000 0.000000
vt 0.160000 0.000000
vt 0.448000 0.000000
vt 0.560000 0.000000
vt 0.852000 0.000000
vt 0.164000 0.000000
vt 0.564000 0.000000
vt 0.568000 0.000000
vt 0.572000 0.000000
vt 0.576000 0.000000
vt 0.444000 0.000000
vt 0.580000 0.000000
vt 0.440000 0.000000
vt 0.584000 0.000000
vt 0.436000 0.000000
vt 0.588000 0.000000
vt 0.432000 0.000000
vt 0.592000 0.000000
vt 0.428000 0.000000
vt 0.424000 0.000000
vt 0.596000 0.000000
vt 0.420000 0.000000
vt 0.600000 0.000000
vt 0.416000 0.000000
vt 0.604000 0.000000
vt 0.412000 0.000000
vt 0.608000 0.000000
vt 0.408000 0.000000
vt 0.612000 0.000000
vt 0.404000 0.000000
vt 0.168000 0.000000
vt 0.400000 0.000000
vt 0.848000 0.000000
vt 0.616000 0.000000
vt 0.396000 0.000000
vt 0.620000 0.000000
vt 0.392000 0.000000
vt 0.624000 0.000000
vt 0.388000 0.000000
vt 0.628000 0.000000
vt 0.384000 0.000000
vt 0.380000 0.000000
vt 0.632000 0.000000
vt 0.376000 0.000000
vt 0.636000 0.000000
vt 0.172000 0.000000
vt 0.372000 0.000000
vt 0.640000 0.000000
vt 0.844000 0.000000
vt 0.368000 0.000000
vt 0.644000 0.000000
vt 0.364000 0.000000
vt 0.648000 0.000000
vt 0.360000 0.000000
vt 0.652000 0.000000
vt 0.356000 0.000000
vt 0.656000 0.000000
vt 0.176000 0.000000
vt 0.352000 0.000000
vt 0.660000 0.000000
vt 0.348000 0.000000
vt 0.664000 0.000000
vt 0.344000 0.000000
vt 0.840000 0.000000
vt 0.668000 0.000000
vt 0.340000 0.000000
vt 0.672000 0.000000
vt 0.336000 0.000000
vt 0.180000 0.000000
vt 0.676000 0.000000
vt 0.332000 0.000000
vt 0.680000 0.000000
vt 0.328000 0.000000
vt 0.684000 0.000000
vt 0.324000 0.000000
vt 0.836000 0.000000
vt 0.688000 0.000000
vt 0.320000 0.000000
vt 0.692000 0.000000
vt 0.184000 0.000000
vt 0.316000 0.000000
vt 0.696000 0.000000
vt 0.312000 0.000000
vt 0.700000 0.000000
vt 0.308000 0.000000
vt 0.704000 0.000000
vt 0.304000 0.000000
vt 0.832000 0.000000
vt 0.708000 0.000000
vt 0.188000 0.000000
vt 0.300000 0.000000
vt 0.192000 0.000000
vt 0.828000 0.000000
vt 0.196000 0.000000
vt 0.824000 0.000000
vt 0.200000 0.000000
vt 0.820000 0.000000
vt 0.204000 0.000000
vt 0.816000 0.000000
vt 0.208000 0.000000
vt 0.812000 0.000000
vt 0.212000 0.000000
vt 0.216000 0.000000
vt 0.808000 0.000000
vt 0.220000 0.000000
vt 0.804000 0.000000
vt 0.224000 0.000000
vt 0.228000 0.000000
vt 0.800000 0.000000
vt 0.232000 0.000000
vt 0.236000 0.000000
vt 0.796000 0.000000
vt 0.296000 0.000000
vt 0.240000 0.000000
vt 0.292000 0.000000
vt 0.288000 0.000000
vt 0.284000 0.000000
vt 0.244000 0.000000
vt 0.280000 0.000000
vt 0.276000 0.000000
vt 0.792000 0.000000
vt 0.272000 0.000000
vt 0.248000 0.000000
vt 0.268000 0.000000
vt 0.264000 0.000000
vt 0.260000 0.000000
vt 0.252000 0.000000
vt 0.256000 0.000000
vt 0.788000 0.000000
vt 0.712000 0.000000
vt 0.784000 0.000000
vt 0.716000 0.000000
vt 0.720000 0.000000
vt 0.780000 0.000000
vt 0.724000 0.000000
vt 0.728000 0.000000
vt 0.776000 0.000000
vt 0.732000 0.000000
vt 0.772000 0.000000
vt 0.736000 0.000000
vt 0.740000 0.000000
vt 0.768000 0.000000
vt 0.744000 0.000000
vt 0.748000 0.000000
vt 0.764000 0.000000
vt 0.752000 0.000000
vt 0.756000 0.000000
vt 0.760000 0.000000
vt 0.000000 1.000000
vt 0.003984 1.000000
vt 0.003984 0.000000
vt 0.007968 1.000000
vt 0.007968 0.000000
vt 0.011952 1.000000
vt 0.011952 0.000000
vt 0.015936 1.000000
vt 0.015936 0.000000
vt 0.019920 1.000000
vt 0.019920 0.000000
vt 0.023904 1.000000
vt 0.023904 0.000000
vt 0.027888 1.000000
vt 0.027888 0.000000
vt 0.031873 1.000000
vt 0.031873 0.000000
vt 0.035857 1.000000
vt 0.035857 0.000000
vt 0.039841 1.000000
vt 0.039841 0.000000
vt 0.043825 1.000000
vt 0.043825 0.000000
vt 0.047809 1.000000
vt 0.047809 0.000000
vt 0.051793 1.000000
vt 0.051793 0.000000
vt 0.055777 1.000000
vt 0.055777 0.000000
vt 0.059761 1.000000
vt 0.059761 0.000000
vt 0.063745 1.000000
vt 0.063745 0.000000
vt 0.067729 1.000000
vt 0.067729 0.000000
vt 0.071713 1.000000
vt 0.071713 0.000000
vt 0.075697 1.000000
vt 0.075697 0.000000
vt 0.079681 1.000000
vt 0.079681 0.000000
vt 0.083665 1.000000
vt 0.083665 0.000000
vt 0.087649 1.000000
vt 0.087649 0.000000
vt 0.091633 1.000000
vt 0.091633 0.000000
vt 0.095618 1.000000
vt 0.095618 0.000000
vt 0.099602 1.000000
vt 0.099602 0.000000
vt 0.103586 1.000000
vt 0.103586 0.000000
vt 0.107570 1.000000
vt 0.107570 0.000000
vt 0.111554 1.000000
vt 0.111554 0.000000
vt 0.115538 1.000000
vt 0.115538 0.000000
vt 0.119522 1.000000
vt 0.119522 0.000000
vt 0.123506 1.000000
vt 0.123506 0.000000
vt 0.127490 1.000000
vt 0.127490 0.000000
vt 0.131474 1.000000
vt 0.131474 0.000000
vt 0.135458 1.000000
vt 0.135458 0.000000
vt 0.139442 1.000000
vt 0.139442 0.000000
vt 0.143426 1.000000
vt 0.143426 0.000000
vt 0.147410 1.000000
vt 0.147410 0.000000
vt 0.151394 1.000000
vt 0.151394 0.000000
vt 0.155378 1.000000
vt 0.155378 0.000000
vt 0.159363 1.000000
vt 0.159363 0.000000
vt 0.163347 1.000000
vt 0.163347 0.000000
vt 0.167331 1.000000
vt 0.167331 0.000000
vt 0.171315 1.000000
vt 0.171315 0.000000
vt 0.175299 1.000000
vt 0.175299 0.000000
vt 0.179283 1.000000
vt 0.179283 0.000000
vt 0.183267 1.000000
vt 0.183267 0.000000
vt 0.187251 1.000000
vt 0.187251 0.000000
vt 0.191235 1.000000
vt 0.191235 0.000000
vt 0.195219 1.000000
vt 0.195219 0.000000
vt 0.199203 1.000000
vt 0.199203 0.000000
vt 0.203187 1.000000
vt 0.203187 0.000000
vt 0.207171 1.000000
vt 0.207171 0.000000
vt 0.211155 1.000000
vt 0.211155 0.000000
vt 0.215139 1.000000
vt 0.215139 0.000000
vt 0.219124 1.000000
vt 0.219124 0.000000
vt 0.223108 1.000000
vt 0.223108 0.000000
vt 0.227092 1.000000
vt 0.227092 0.000000
vt 0.231076 1.000000
vt 0.231076 0.000000
vt 0.235060 1.000000
vt 0.235060 0.000000
vt 0.239044 1.000000
vt 0.239044 0.000000
vt 0.243028 1.000000
vt 0.243028 0.000000
vt 0.247012 1.000000
vt 0.247012 0.000000
vt 0.250996 1.000000
vt 0.250996 0.000000
vt 0.254980 1.000000
vt 0.254980 0.000000
vt 0.258964 1.000000
vt 0.258964 0.000000
vt 0.262948 1.000000
vt 0.262948 0.000000
vt 0.266932 1.000000
vt 0.266932 0.000000
vt 0.270916 1.000000
vt 0.270916 0.000000
vt 0.274900 1.000000
vt 0.274900 0.000000
vt 0.278884 1.000000
vt 0.278884 0.000000
vt 0.282869 1.000000
vt 0.282869 0.000000
vt 0.286853 1.000000
vt 0.286853 0.000000
vt 0.290837 1.000000
vt 0.290837 0.000000
vt 0.294821 1.000000
vt 0.294821 0.000000
vt 0.298805 1.000000
vt 0.298805 0.000000
vt 0.302789 1.000000
vt 0.302789 0.000000
vt 0.306773 1.000000
vt 0.306773 0.000000
vt 0.310757 1.000000
vt 0.310757 0.000000
vt 0.314741 1.000000
vt 0.314741 0.000000
vt 0.318725 1.000000
vt 0.318725 0.000000
vt 0.322709 1.000000
vt 0.322709 0.000000
vt 0.326693 1.000000
vt 0.326693 0.000000
vt 0.330677 1.000000
vt 0.330677 0.000000
vt 0.334661 1.000000
vt 0.334661 0.000000
vt 0.338645 1.000000
vt 0.338645 0.000000
vt 0.342629 1.000000
vt 0.342629 0.000000
vt 0.346614 1.000000
vt 0.346614 0.000000
vt 0.350598 1.000000
vt 0.350598 0.000000
vt 0.354582 1.000000
vt 0.354582 0.000000
vt 0.358566 1.000000
vt 0.358566 0.000000
vt 0.362550 1.000000
vt 0.362550 0.000000
vt 0.366534 1.000000
vt 0.366534 0.000000
vt 0.370518 1.000000
vt 0.370518 0.000000
vt 0.374502 1.000000
vt 0.374502 0.000000
vt 0.378486 1.000000
vt 0.378486 0.000000
vt 0.382470 1.000000
vt 0.382470 0.000000
vt 0.386454 1.000000
vt 0.386454 0.000000
vt 0.390438 1.000000
vt 0.390438 0.000000
vt 0.394422 1.000000
vt 0.394422 0.000000
vt 0.398406 1.000000
vt 0.398406 0.000000
vt 0.402390 1.000000
vt 0.402390 0.000000
vt 0.406375 1.000000
vt 0.406375 0.000000
vt 0.410359 1.000000
vt 0.410359 0.000000
vt 0.414343 1.000000
vt 0.414343 0.000000
vt 0.418327 1.000000
vt 0.418327 0.000000
vt 0.422311 1.000000
vt 0.422311 0.000000
vt 0.426295 1.000000
vt 0.426295 0.000000
vt 0.430279 1.000000
vt 0.430279 0.000000
vt 0.434263 1.000000
vt 0.434263 0.000000
vt 0.438247 1.000000
vt 0.438247 0.000000
vt 0.442231 1.000000
vt 0.442231 0.000000
vt 0.446215 1.000000
vt 0.446215 0.000000
vt 0.450199 1.000000
vt 0.450199 0.000000
vt 0.454183 1.000000
vt 0.454183 0.000000
vt 0.458167 1.000000
vt 0.458167 0.000000
vt 0.462151 1.000000
vt 0.462151 0.000000
vt 0.466135 1.000000
vt 0.466135 0.000000
vt 0.470120 1.000000
vt 0.470120 0.000000
vt 0.474104 1.000000
vt 0.474104 0.000000
vt 0.478088 1.000000
vt 0.478088 0.000000
vt 0.482072 1.000000
vt 0.482072 0.000000
vt 0.486056 1.000000
vt 0.486056 0.000000
vt 0.490040 1.000000
vt 0.490040 0.000000
vt 0.494024 1.000000
vt 0.494024 0.000000
vt 0.498008 1.000000
vt 0.498008 0.000000
vt 0.501992 1.000000
vt 0.501992 0.000000
vt 0.505976 1.000000
vt 0.505976 0.000000
vt 0.509960 1.000000
vt 0.509960 0.000000
vt 0.513944 1.000000
vt 0.513944 0.000000
vt 0.517928 1.000000
vt 0.517928 0.000000
vt 0.521912 1.000000
vt 0.521912 0.000000
vt 0.525896 1.000000
vt 0.525896 0.000000
vt 0.529880 1.000000
vt 0.529880 0.000000
vt 0.533865 1.000000
vt 0.533865 0.000000
vt 0.537849 1.000000
vt 0.537849 0.000000
vt 0.541833 1.000000
vt 0.541833 0.000000
vt 0.545817 1.000000
vt 0.545817 0.000000
vt 0.549801 1.000000
vt 0.549801 0.000000
vt 0.553785 1.000000
vt 0.553785 0.000000
vt 0.557769 1.000000
vt 0.557769 0.000000
vt 0.561753 1.000000
vt 0.561753 0.000000
vt 0.565737 1.000000
vt 0.565737 0.000000
vt 0.569721 1.000000
vt 0.569721 0.000000
vt 0.573705 1.000000
vt 0.573705 0.000000
vt 0.577689 1.000000
vt 0.577689 0.000000
vt 0.581673 1.000000
vt 0.581673 0.000000
vt 0.585657 1.000000
vt 0.585657 0.000000
vt 0.589641 1.000000
vt 0.589641 0.000000
vt 0.593625 1.000000
vt 0.593625 0.000000
vt 0.597610 1.000000
vt 0.597610 0.000000
vt 0.601594 1.000000
vt 0.601594 0.000000
vt 0.605578 1.000000
vt 0.605578 0.000000
vt 0.609562 1.000000
vt 0.609562 0.000000
vt 0.613546 1.000000
vt 0.613546 0.000000
vt 0.617530 1.000000
vt 0.617530 0.000000
vt 0.621514 1.000000
vt 0.621514 0.000000
vt 0.625498 1.000000
vt 0.625498 0.000000
vt 0.629482 1.000000
vt 0.629482 0.000000
vt 0.633466 1.000000
vt 0.633466 0.000000
vt 0.637450 1.000000
vt 0.637450 0.000000
vt 0.641434 1.000000
vt 0.641434 0.000000
vt 0.645418 1.000000
vt 0.645418 0.000000
vt 0.649402 1.000000
vt 0.649402 0.000000
vt 0.653386 1.000000
vt 0.653386 0.000000
vt 0.657371 1.000000
vt 0.657371 0.000000
vt 0.661355 1.000000
vt 0.661355 0.000000
vt 0.665339 1.000000
vt 0.665339 0.000000
vt 0.669323 1.000000
vt 0.669323 0.000000
vt 0.673307 1.000000
vt 0.673307 0.000000
vt 0.677291 1.000000
vt 0.677291 0.000000
vt 0.681275 1.000000
vt 0.681275 0.000000
vt 0.685259 1.000000
vt 0.685259 0.000000
vt 0.689243 1.000000
vt 0.689243 0.000000
vt 0.693227 1.000000
vt 0.693227 0.000000
vt 0.697211 1.000000
vt 0.697211 0.000000
vt 0.701195 1.000000
vt 0.701195 0.000000
vt 0.705179 1.000000
vt 0.705179 0.000000
vt 0.709163 1.000000
vt 0.709163 0.000000
vt 0.713147 1.000000
vt 0.713147 0.000000
vt 0.717131 1.000000
vt 0.717131 0.000000
vt 0.721116 1.000000
vt 0.721116 0.000000
vt 0.725100 1.000000
vt 0.725100 0.000000
vt 0.729084 1.000000
vt 0.729084 0.000000
vt 0.733068 1.000000
vt 0.733068 0.000000
vt 0.737052 1.000000
vt 0.737052 0.000000
vt 0.741036 1.000000
vt 0.741036 0.000000
vt 0.745020 1.000000
vt 0.745020 0.000000
vt 0.749004 1.000000
vt 0.749004 0.000000
vt 0.752988 1.000000
vt 0.752988 0.000000
vt 0.756972 1.000000
vt 0.756972 0.000000
vt 0.760956 1.000000
vt 0.760956 0.000000
vt 0.764940 1.000000
vt 0.764940 0.000000
vt 0.768924 1.000000
vt 0.768924 0.000000
vt 0.772908 1.000000
vt 0.772908 0.000000
vt 0.776892 1.000000
vt 0.776892 0.000000
vt 0.780877 1.000000
vt 0.780877 0.000000
vt 0.784861 1.000000
vt 0.784861 0.000000
vt 0.788845 1.000000
vt 0.788845 0.000000
vt 0.792829 1.000000
vt 0.792829 0.000000
vt 0.796813 1.000000
vt 0.796813 0.000000
vt 0.800797 1.000000
vt 0.800797 0.000000
vt 0.804781 1.000000
vt 0.804781 0.000000
vt 0.808765 1.000000
vt 0.808765 0.000000
vt 0.812749 1.000000
vt 0.812749 0.000000
vt 0.816733 1.000000
vt 0.816733 0.000000
vt 0.820717 1.000000
vt 0.820717 0.000000
vt 0.824701 1.000000
vt 0.824701 0.000000
vt 0.828685 1.000000
vt 0.828685 0.000000
vt 0.832669 1.000000
vt 0.832669 0.000000
vt 0.836653 1.000000
vt 0.836653 0.000000
vt 0.840637 1.000000
vt 0.840637 0.000000
vt 0.844622 1.000000
vt 0.844622 0.000000
vt 0.848606 1.000000
vt 0.848606 0.000000
vt 0.852590 1.000000
vt 0.852590 0.000000
vt 0.856574 1.000000
vt 0.856574 0.000000
vt 0.860558 1.000000
vt 0.860558 0.000000
vt 0.864542 1.000000
vt 0.864542 0.000000
vt 0.868526 1.000000
vt 0.868526 0.000000
vt 0.872510 1.000000
vt 0.872510 0.000000
vt 0.876494 1.000000
vt 0.876494 0.000000
vt 0.880478 1.000000
vt 0.880478 0.000000
vt 0.884462 1.000000
vt 0.884462 0.000000
vt 0.888446 1.000000
vt 0.888446 0.000000
vt 0.892430 1.000000
vt 0.892430 0.000000
vt 0.896414 1.000000
vt 0.896414 0.000000
vt 0.900398 1.000000
vt 0.900398 0.000000
vt 0.904382 1.000000
vt 0.904382 0.000000
vt 0.908367 1.000000
vt 0.908367 0.000000
vt 0.912351 1.000000
vt 0.912351 0.000000
vt 0.916335 1.000000
vt 0.916335 0.000000
vt 0.920319 1.000000
vt 0.920319 0.000000
vt 0.924303 1.000000
vt 0.924303 0.000000
vt 0.928287 1.000000
vt 0.928287 0.000000
vt 0.932271 1.000000
vt 0.932271 0.000000
vt 0.936255 1.000000
vt 0.936255 0.000000
vt 0.940239 1.000000
vt 0.940239 0.000000
vt 0.944223 1.000000
vt 0.944223 0.000000
vt 0.948207 1.000000
vt 0.948207 0.000000
vt 0.952191 1.000000
vt 0.952191 0.000000
vt 0.956175 1.000000
vt 0.956175 0.000000
vt 0.960159 1.000000
vt 0.960159 0.000000
vt 0.964143 1.000000
vt 0.964143 0.000000
vt 0.968127 1.000000
vt 0.968127 0.000000
vt 0.972112 1.000000
vt 0.972112 0.000000
vt 0.976096 1.000000
vt 0.976096 0.000000
vt 0.980080 1.000000
vt 0.980080 0.000000
vt 0.984064 1.000000
vt 0.984064 0.000000
vt 0.988048 1.000000
vt 0.988048 0.000000
vt 0.992032 1.000000
vt 0.992032 0.000000
vt 0.996016 1.000000
vt 0.996016 0.000000
vt 1.000000 1.000000
vt 0.004831 1.000000
vt 0.004831 0.000000
vt 0.009662 1.000000
vt 0.009662 0.000000
vt 0.014493 1.000000
vt 0.014493 0.000000
vt 0.019324 1.000000
vt 0.019324 0.000000
vt 0.024155 1.000000
vt 0.024155 0.000000
vt 0.028986 1.000000
vt 0.028986 0.000000
vt 0.033816 1.000000
vt 0.033816 0.000000
vt 0.038647 1.000000
vt 0.038647 0.000000
vt 0.043478 1.000000
vt 0.043478 0.000000
vt 0.048309 1.000000
vt 0.048309 0.000000
vt 0.053140 1.000000
vt 0.053140 0.000000
vt 0.057971 1.000000
vt 0.057971 0.000000
vt 0.062802 1.000000
vt 0.062802 0.000000
vt 0.067633 1.000000
vt 0.067633 0.000000
vt 0.072464 1.000000
vt 0.072464 0.000000
vt 0.077295 1.000000
vt 0.077295 0.000000
vt 0.082126 1.000000
vt 0.082126 0.000000
vt 0.086957 1.000000
vt 0.086957 0.000000
vt 0.091787 1.000000
vt 0.091787 0.000000
vt 0.096618 1.000000
vt 0.096618 0.000000
vt 0.101449 1.000000
vt 0.101449 0.000000
vt 0.106280 1.000000
vt 0.106280 0.000000
vt 0.111111 1.000000
vt 0.115942 1.000000
vt 0.115942 0.000000
vt 0.120773 1.000000
vt 0.120773 0.000000
vt 0.125604 1.000000
vt 0.125604 0.000000
vt 0.130435 1.000000
vt 0.130435 0.000000
vt 0.135266 1.000000
vt 0.135266 0.000000
vt 0.140097 1.000000
vt 0.140097 0.000000
vt 0.144928 1.000000
vt 0.144928 0.000000
vt 0.149758 1.000000
vt 0.149758 0.000000
vt 0.154589 1.000000
vt 0.154589 0.000000
vt 0.159420 1.000000
vt 0.159420 0.000000
vt 0.164251 1.000000
vt 0.164251 0.000000
vt 0.169082 1.000000
vt 0.169082 0.000000
vt 0.173913 1.000000
vt 0.173913 0.000000
vt 0.178744 1.000000
vt 0.178744 0.000000
vt 0.183575 1.000000
vt 0.183575 0.000000
vt 0.188406 1.000000
vt 0.188406 0.000000
vt 0.193237 1.000000
vt 0.193237 0.000000
vt 0.198068 1.000000
vt 0.198068 0.000000
vt 0.202899 1.000000
vt 0.202899 0.000000
vt 0.207729 1.000000
vt 0.207729 0.000000
vt 0.212560 1.000000
vt 0.212560 0.000000
vt 0.217391 1.000000
vt 0.217391 0.000000
vt 0.222222 1.000000
vt 0.227053 1.000000
vt 0.227053 0.000000
vt 0.231884 1.000000
vt 0.231884 0.000000
vt 0.236715 1.000000
vt 0.236715 0.000000
vt 0.241546 1.000000
vt 0.241546 0.000000
vt 0.246377 1.000000
vt 0.246377 0.000000
vt 0.251208 1.000000
vt 0.251208 0.000000
vt 0.256039 1.000000
vt 0.256039 0.000000
vt 0.260870 1.000000
vt 0.260870 0.000000
vt 0.265700 1.000000
vt 0.265700 0.000000
vt 0.270531 1.000000
vt 0.270531 0.000000
vt 0.275362 1.000000
vt 0.275362 0.000000
vt 0.280193 1.000000
vt 0.280193 0.000000
vt 0.285024 1.000000
vt 0.285024 0.000000
vt 0.289855 1.000000
vt 0.289855 0.000000
vt 0.294686 1.000000
vt 0.294686 0.000000
vt 0.299517 1.000000
vt 0.299517 0.000000
vt 0.304348 1.000000
vt 0.304348 0.000000
vt 0.309179 1.000000
vt 0.309179 0.000000
vt 0.314010 1.000000
vt 0.314010 0.000000
vt 0.318841 1.000000
vt 0.318841 0.000000
vt 0.323671 1.000000
vt 0.323671 0.000000
vt 0.328502 1.000000
vt 0.328502 0.000000
vt 0.333333 1.000000
vt 0.338164 1.000000
vt 0.338164 0.000000
vt 0.342995 1.000000
vt 0.342995 0.000000
vt 0.347826 1.000000
vt 0.347826 0.000000
vt 0.352657 1.000000
vt 0.352657 0.000000
vt 0.357488 1.000000
vt 0.357488 0.000000
vt 0.362319 1.000000
vt 0.362319 0.000000
vt 0.367150 1.000000
vt 0.367150 0.000000
vt 0.371981 1.000000
vt 0.371981 0.000000
vt 0.376812 1.000000
vt 0.376812 0.000000
vt 0.381643 1.000000
vt 0.381643 0.000000
vt 0.386473 1.000000
vt 0.386473 0.000000
vt 0.391304 1.000000
vt 0.391304 0.000000
vt 0.396135 1.000000
vt 0.396135 0.000000
vt 0.400966 1.000000
vt 0.400966 0.000000
vt 0.405797 1.000000
vt 0.405797 0.000000
vt 0.410628 1.000000
vt 0.410628 0.000000
vt 0.415459 1.000000
vt 0.415459 0.000000
vt 0.420290 1.000000
vt 0.420290 0.000000
vt 0.425121 1.000000
vt 0.425121 0.000000
vt 0.429952 1.000000
vt 0.429952 0.000000
vt 0.434783 1.000000
vt 0.434783 0.000000
vt 0.439614 1.000000
vt 0.439614 0.000000
vt 0.444444 1.000000
vt 0.449275 1.000000
vt 0.449275 0.000000
vt 0.454106 1.000000
vt 0.454106 0.000000
vt 0.458937 1.000000
vt 0.458937 0.000000
vt 0.463768 1.000000
vt 0.463768 0.000000
vt 0.468599 1.000000
vt 0.468599 0.000000
vt 0.473430 1.000000
vt 0.473430 0.000000
vt 0.478261 1.000000
vt 0.478261 0.000000
vt 0.483092 1.000000
vt 0.483092 0.000000
vt 0.487923 1.000000
vt 0.487923 0.000000
vt 0.492754 1.000000
vt 0.492754 0.000000
vt 0.497585 1.000000
vt 0.497585 0.000000
vt 0.502415 1.000000
vt 0.502415 0.000000
vt 0.507246 1.000000
vt 0.507246 0.000000
vt 0.512077 1.000000
vt 0.512077 0.000000
vt 0.516908 1.000000
vt 0.516908 0.000000
vt 0.521739 1.000000
vt 0.521739 0.000000
vt 0.526570 1.000000
vt 0.526570 0.000000
vt 0.531401 1.000000
vt 0.531401 0.000000
vt 0.536232 1.000000
vt 0.536232 0.000000
vt 0.541063 1.000000
vt 0.541063 0.000000
vt 0.545894 1.000000
vt 0.545894 0.000000
vt 0.550725 1.000000
vt 0.550725 0.000000
vt 0.555556 1.000000
vt 0.560386 1.000000
vt 0.560386 0.000000
vt 0.565217 1.000000
vt 0.565217 0.000000
vt 0.570048 1.000000
vt 0.570048 0.000000
vt 0.574879 1.000000
vt 0.574879 0.000000
vt 0.579710 1.000000
vt 0.579710 0.000000
vt 0.584541 1.000000
vt 0.584541 0.000000
vt 0.589372 1.000000
vt 0.589372 0.000000
vt 0.594203 1.000000
vt 0.594203 0.000000
vt 0.599034 1.000000
vt 0.599034 0.000000
vt 0.603865 1.000000
vt 0.603865 0.000000
vt 0.608696 1.000000
vt 0.608696 0.000000
vt 0.613527 1.000000
vt 0.613527 0.000000
vt 0.618357 1.000000
vt 0.618357 0.000000
vt 0.623188 1.000000
vt 0.623188 0.000000
vt 0.628019 1.000000
vt 0.628019 0.000000
vt 0.632850 1.000000
vt 0.632850 0.000000
vt 0.637681 1.000000
vt 0.637681 0.000000
vt 0.642512 1.000000
vt 0.642512 0.000000
vt 0.647343 1.000000
vt 0.647343 0.000000
vt 0.652174 1.000000
vt 0.652174 0.000000
vt 0.657005 1.000000
vt 0.657005 0.000000
vt 0.661836 1.000000
vt 0.661836 0.000000
vt 0.666667 1.000000
vt 0.671498 1.000000
vt 0.671498 0.000000
vt 0.676328 1.000000
vt 0.676328 0.000000
vt 0.681159 1.000000
vt 0.681159 0.000000
vt 0.685990 1.000000
vt 0.685990 0.000000
vt 0.690821 1.000000
vt 0.690821 0.000000
vt 0.695652 1.000000
vt 0.695652 0.000000
vt 0.700483 1.000000
vt 0.700483 0.000000
vt 0.705314 1.000000
vt 0.705314 0.000000
vt 0.710145 1.000000
vt 0.710145 0.000000
vt 0.714976 1.000000
vt 0.714976 0.000000
vt 0.719807 1.000000
vt 0.719807 0.000000
vt 0.724638 1.000000
vt 0.724638 0.000000
vt 0.729469 1.000000
vt 0.729469 0.000000
vt 0.734300 1.000000
vt 0.734300 0.000000
vt 0.739130 1.000000
vt 0.739130 0.000000
vt 0.743961 1.000000
vt 0.743961 0.000000
vt 0.748792 1.000000
vt 0.748792 0.000000
vt 0.753623 1.000000
vt 0.753623 0.000000
vt 0.758454 1.000000
vt 0.758454 0.000000
vt 0.763285 1.000000
vt 0.763285 0.000000
vt 0.768116 1.000000
vt 0.768116 0.000000
vt 0.772947 1.000000
vt 0.772947 0.000000
vt 0.777778 1.000000
vt 0.782609 1.000000
vt 0.782609 0.000000
vt 0.787440 1.000000
vt 0.787440 0.000000
vt 0.792271 1.000000
vt 0.792271 0.000000
vt 0.797101 1.000000
vt 0.797101 0.000000
vt 0.801932 1.000000
vt 0.801932 0.000000
vt 0.806763 1.000000
vt 0.806763 0.000000
vt 0.811594 1.000000
vt 0.811594 0.000000
vt 0.816425 1.000000
vt 0.816425 0.000000
vt 0.821256 1.000000
vt 0.821256 0.000000
vt 0.826087 1.000000
vt 0.826087 0.000000
vt 0.830918 1.000000
vt 0.830918 0.000000
vt 0.835749 1.000000
vt 0.835749 0.000000
vt 0.840580 1.000000
vt 0.840580 0.000000
vt 0.845411 1.000000
vt 0.845411 0.000000
vt 0.850242 1.000000
vt 0.850242 0.000000
vt 0.855072 1.000000
vt 0.855072 0.000000
vt 0.859903 1.000000
vt 0.859903 0.000000
vt 0.864734 1.000000
vt 0.864734 0.000000
vt 0.869565 1.000000
vt 0.869565 0.000000
vt 0.874396 1.000000
vt 0.874396 0.000000
vt 0.879227 1.000000
vt 0.879227 0.000000
vt 0.884058 1.000000
vt 0.884058 0.000000
vt 0.888889 1.000000
vt 0.893720 1.000000
vt 0.893720 0.000000
vt 0.898551 1.000000
vt 0.898551 0.000000
vt 0.903382 1.000000
vt 0.903382 0.000000
vt 0.908213 1.000000
vt 0.908213 0.000000
vt 0.913043 1.000000
vt 0.913043 0.000000
vt 0.917874 1.000000
vt 0.917874 0.000000
vt 0.922705 1.000000
vt 0.922705 0.000000
vt 0.927536 1.000000
vt 0.927536 0.000000
vt 0.932367 1.000000
vt 0.932367 0.000000
vt 0.937198 1.000000
vt 0.937198 0.000000
vt 0.942029 1.000000
vt 0.942029 0.000000
vt 0.946860 1.000000
vt 0.946860 0.000000
vt 0.951691 1.000000
vt 0.951691 0.000000
vt 0.956522 1.000000
vt 0.956522 0.000000
vt 0.961353 1.000000
vt 0.961353 0.000000
vt 0.966184 1.000000
vt 0.966184 0.000000
vt 0.971014 1.000000
vt 0.971014 0.000000
vt 0.975845 1.000000
vt 0.975845 0.000000
vt 0.980676 1.000000
vt 0.980676 0.000000
vt 0.985507 1.000000
vt 0.985507 0.000000
vt 0.990338 1.000000
vt 0.990338 0.000000
vt 0.995169 1.000000
vt 0.995169 0.000000
vt 0.011765 1.000000
vt 0.011765 0.000000
vt 0.023529 1.000000
vt 0.023529 0.000000
vt 0.035294 1.000000
vt 0.035294 0.000000
vt 0.047059 1.000000
vt 0.047059 0.000000
vt 0.058824 1.000000
vt 0.058824 0.000000
vt 0.070588 1.000000
vt 0.070588 0.000000
vt 0.082353 1.000000
vt 0.082353 0.000000
vt 0.094118 1.000000
vt 0.094118 0.000000
vt 0.105882 1.000000
vt 0.105882 0.000000
vt 0.117647 1.000000
vt 0.117647 0.000000
vt 0.129412 1.000000
vt 0.129412 0.000000
vt 0.141176 1.000000
vt 0.141176 0.000000
vt 0.152941 1.000000
vt 0.152941 0.000000
vt 0.164706 1.000000
vt 0.164706 0.000000
vt 0.176471 1.000000
vt 0.176471 0.000000
vt 0.188235 1.000000
vt 0.188235 0.000000
vt 0.200000 1.000000
vt 0.211765 1.000000
vt 0.211765 0.000000
vt 0.223529 1.000000
vt 0.223529 0.000000
vt 0.235294 1.000000
vt 0.235294 0.000000
vt 0.247059 1.000000
vt 0.247059 0.000000
vt 0.258824 1.000000
vt 0.258824 0.000000
vt 0.270588 1.000000
vt 0.270588 0.000000
vt 0.282353 1.000000
vt 0.282353 0.000000
vt 0.294118 1.000000
vt 0.294118 0.000000
vt 0.305882 1.000000
vt 0.305882 0.000000
vt 0.317647 1.000000
vt 0.317647 0.000000
vt 0.329412 1.000000
vt 0.329412 0.000000
vt 0.341176 1.000000
vt 0.341176 0.000000
vt 0.352941 1.000000
vt 0.352941 0.000000
vt 0.364706 1.000000
vt 0.364706 0.000000
vt 0.376471 1.000000
vt 0.376471 0.000000
vt 0.388235 1.000000
vt 0.388235 0.000000
vt 0.400000 1.000000
vt 0.411765 1.000000
vt 0.411765 0.000000
vt 0.423529 1.000000
vt 0.423529 0.000000
vt 0.435294 1.000000
vt 0.435294 0.000000
vt 0.447059 1.000000
vt 0.447059 0.000000
vt 0.458824 1.000000
vt 0.458824 0.000000
vt 0.470588 1.000000
vt 0.470588 0.000000
vt 0.482353 1.000000
vt 0.482353 0.000000
vt 0.494118 1.000000
vt 0.494118 0.000000
vt 0.505882 1.000000
vt 0.505882 0.000000
vt 0.517647 1.000000
vt 0.517647 0.000000
vt 0.529412 1.000000
vt 0.529412 0.000000
vt 0.541176 1.000000
vt 0.541176 0.000000
vt 0.552941 1.000000
vt 0.552941 0.000000
vt 0.564706 1.000000
vt 0.564706 0.000000
vt 0.576471 1.000000
vt 0.576471 0.000000
vt 0.588235 1.000000
vt 0.588235 0.000000
vt 0.600000 1.000000
vt 0.611765 1.000000
vt 0.611765 0.000000
vt 0.623529 1.000000
vt 0.623529 0.000000
vt 0.635294 1.000000
vt 0.635294 0.000000
vt 0.647059 1.000000
vt 0.647059 0.000000
vt 0.658824 1.000000
vt 0.658824 0.000000
vt 0.670588 1.000000
vt 0.670588 0.000000
vt 0.682353 1.000000
vt 0.682353 0.000000
vt 0.694118 1.000000
vt 0.694118 0.000000
vt 0.705882 1.000000
vt 0.705882 0.000000
vt 0.717647 1.000000
vt 0.717647 0.000000
vt 0.729412 1.000000
vt 0.729412 0.000000
vt 0.741176 1.000000
vt 0.741176 0.000000
vt 0.752941 1.000000
vt 0.752941 0.000000
vt 0.764706 1.000000
vt 0.764706 0.000000
vt 0.776471 1.000000
vt 0.776471 0.000000
vt 0.788235 1.000000
vt 0.788235 0.000000
vt 0.800000 1.000000
vt 0.811765 1.000000
vt 0.811765 0.000000
vt 0.823529 1.000000
vt 0.823529 0.000000
vt 0.835294 1.000000
vt 0.835294 0.000000
vt 0.847059 1.000000
vt 0.847059 0.000000
vt 0.858824 1.000000
vt 0.858824 0.000000
vt 0.870588 1.000000
vt 0.870588 0.000000
vt 0.882353 1.000000
vt 0.882353 0.000000
vt 0.894118 1.000000
vt 0.894118 0.000000
vt 0.905882 1.000000
vt 0.905882 0.000000
vt 0.917647 1.000000
vt 0.917647 0.000000
vt 0.929412 1.000000
vt 0.929412 0.000000
vt 0.941176 1.000000
vt 0.941176 0.000000
vt 0.952941 1.000000
vt 0.952941 0.000000
vt 0.964706 1.000000
vt 0.964706 0.000000
vt 0.976471 1.000000
vt 0.976471 0.000000
vt 0.988235 1.000000
vt 0.988235 0.000000
vt 0.002538 1.000000
vt 0.002538 0.000000
vt 0.005076 1.000000
vt 0.005076 0.000000
vt 0.007614 1.000000
vt 0.007614 0.000000
vt 0.010152 1.000000
vt 0.010152 0.000000
vt 0.012690 1.000000
vt 0.012690 0.000000
vt 0.015228 1.000000
vt 0.015228 0.000000
vt 0.017766 1.000000
vt 0.017766 0.000000
vt 0.020305 1.000000
vt 0.020305 0.000000
vt 0.022843 1.000000
vt 0.022843 0.000000
vt 0.025381 1.000000
vt 0.025381 0.000000
vt 0.027919 1.000000
vt 0.027919 0.000000
vt 0.030457 1.000000
vt 0.030457 0.000000
vt 0.032995 1.000000
vt 0.032995 0.000000
vt 0.035533 1.000000
vt 0.035533 0.000000
vt 0.038071 1.000000
vt 0.038071 0.000000
vt 0.040609 1.000000
vt 0.040609 0.000000
vt 0.043147 1.000000
vt 0.043147 0.000000
vt 0.045685 1.000000
vt 0.045685 0.000000
vt 0.048223 1.000000
vt 0.048223 0.000000
vt 0.050761 1.000000
vt 0.050761 0.000000
vt 0.053299 1.000000
vt 0.053299 0.000000
vt 0.055838 1.000000
vt 0.055838 0.000000
vt 0.058376 1.000000
vt 0.058376 0.000000
vt 0.060914 1.000000
vt 0.060914 0.000000
vt 0.063452 1.000000
vt 0.063452 0.000000
vt 0.065990 1.000000
vt 0.065990 0.000000
vt 0.068528 1.000000
vt 0.068528 0.000000
vt 0.071066 1.000000
vt 0.071066 0.000000
vt 0.073604 1.000000
vt 0.073604 0.000000
vt 0.076142 1.000000
vt 0.076142 0.000000
vt 0.078680 1.000000
vt 0.078680 0.000000
vt 0.081218 1.000000
vt 0.081218 0.000000
vt 0.083756 1.000000
vt 0.083756 0.000000
vt 0.086294 1.000000
vt 0.086294 0.000000
vt 0.088832 1.000000
vt 0.088832 0.000000
vt 0.091371 1.000000
vt 0.091371 0.000000
vt 0.093909 1.000000
vt 0.093909 0.000000
vt 0.096447 1.000000
vt 0.096447 0.000000
vt 0.098985 1.000000
vt 0.098985 0.000000
vt 0.101523 1.000000
vt 0.101523 0.000000
vt 0.104061 1.000000
vt 0.104061 0.000000
vt 0.106599 1.000000
vt 0.106599 0.000000
vt 0.109137 1.000000
vt 0.109137 0.000000
vt 0.111675 1.000000
vt 0.111675 0.000000
vt 0.114213 1.000000
vt 0.114213 0.000000
vt 0.116751 1.000000
vt 0.116751 0.000000
vt 0.119289 1.000000
vt 0.119289 0.000000
vt 0.121827 1.000000
vt 0.121827 0.000000
vt 0.124365 1.000000
vt 0.124365 0.000000
vt 0.126904 1.000000
vt 0.126904 0.000000
vt 0.129442 1.000000
vt 0.129442 0.000000
vt 0.131980 1.000000
vt 0.131980 0.000000
vt 0.134518 1.000000
vt 0.134518 0.000000
vt 0.137056 1.000000
vt 0.137056 0.000000
vt 0.139594 1.000000
vt 0.139594 0.000000
vt 0.142132 1.000000
vt 0.142132 0.000000
vt 0.144670 1.000000
vt 0.144670 0.000000
vt 0.147208 1.000000
vt 0.147208 0.000000
vt 0.149746 1.000000
vt 0.149746 0.000000
vt 0.152284 1.000000
vt 0.152284 0.000000
vt 0.154822 1.000000
vt 0.154822 0.000000
vt 0.157360 1.000000
vt 0.157360 0.000000
vt 0.159898 1.000000
vt 0.159898 0.000000
vt 0.162437 1.000000
vt 0.162437 0.000000
vt 0.164975 1.000000
vt 0.164975 0.000000
vt 0.167513 1.000000
vt 0.167513 0.000000
vt 0.170051 1.000000
vt 0.170051 0.000000
vt 0.172589 1.000000
vt 0.172589 0.000000
vt 0.175127 1.000000
vt 0.175127 0.000000
vt 0.177665 1.000000
vt 0.177665 0.000000
vt 0.180203 1.000000
vt 0.180203 0.000000
vt 0.182741 1.000000
vt 0.182741 0.000000
vt 0.185279 1.000000
vt 0.185279 0.000000
vt 0.187817 1.000000
vt 0.187817 0.000000
vt 0.190355 1.000000
vt 0.190355 0.000000
vt 0.192893 1.000000
vt 0.192893 0.000000
vt 0.195431 1.000000
vt 0.195431 0.000000
vt 0.197970 1.000000
vt 0.197970 0.000000
vt 0.200508 1.000000
vt 0.200508 0.000000
vt 0.203046 1.000000
vt 0.203046 0.000000
vt 0.205584 1.000000
vt 0.205584 0.000000
vt 0.208122 1.000000
vt 0.208122 0.000000
vt 0.210660 1.000000
vt 0.210660 0.000000
vt 0.213198 1.000000
vt 0.213198 0.000000
vt 0.215736 1.000000
vt 0.215736 0.000000
vt 0.218274 1.000000
vt 0.218274 0.000000
vt 0.220812 1.000000
vt 0.220812 0.000000
vt 0.223350 1.000000
vt 0.223350 0.000000
vt 0.225888 1.000000
vt 0.225888 0.000000
vt 0.228426 1.000000
vt 0.228426 0.000000
vt 0.230964 1.000000
vt 0.230964 0.000000
vt 0.233503 1.000000
vt 0.233503 0.000000
vt 0.236041 1.000000
vt 0.236041 0.000000
vt 0.238579 1.000000
vt 0.238579 0.000000
vt 0.241117 1.000000
vt 0.241117 0.000000
vt 0.243655 1.000000
vt 0.243655 0.000000
vt 0.246193 1.000000
vt 0.246193 0.000000
vt 0.248731 1.000000
vt 0.248731 0.000000
vt 0.251269 1.000000
vt 0.251269 0.000000
vt 0.253807 1.000000
vt 0.253807 0.000000
vt 0.256345 1.000000
vt 0.256345 0.000000
vt 0.258883 1.000000
vt 0.258883 0.000000
vt 0.261421 1.000000
vt 0.261421 0.000000
vt 0.263959 1.000000
vt 0.263959 0.000000
vt 0.266497 1.000000
vt 0.266497 0.000000
vt 0.269036 1.000000
vt 0.269036 0.000000
vt 0.271574 1.000000
vt 0.271574 0.000000
vt 0.274112 1.000000
vt 0.274112 0.000000
vt 0.276650 1.000000
vt 0.276650 0.000000
vt 0.279188 1.000000
vt 0.279188 0.000000
vt 0.281726 1.000000
vt 0.281726 0.000000
vt 0.284264 1.000000
vt 0.284264 0.000000
vt 0.286802 1.000000
vt 0.286802 0.000000
vt 0.289340 1.000000
vt 0.289340 0.000000
vt 0.291878 1.000000
vt 0.291878 0.000000
vt 0.294416 1.000000
vt 0.294416 0.000000
vt 0.296954 1.000000
vt 0.296954 0.000000
vt 0.299492 1.000000
vt 0.299492 0.000000
vt 0.302030 1.000000
vt 0.302030 0.000000
vt 0.304569 1.000000
vt 0.304569 0.000000
vt 0.307107 1.000000
vt 0.307107 0.000000
vt 0.309645 1.000000
vt 0.309645 0.000000
vt 0.312183 1.000000
vt 0.312183 0.000000
vt 0.314721 1.000000
vt 0.314721 0.000000
vt 0.317259 1.000000
vt 0.317259 0.000000
vt 0.319797 1.000000
vt 0.319797 0.000000
vt 0.322335 1.000000
vt 0.322335 0.000000
vt 0.324873 1.000000
vt 0.324873 0.000000
vt 0.327411 1.000000
vt 0.327411 0.000000
vt 0.329949 1.000000
vt 0.329949 0.000000
vt 0.332487 1.000000
vt 0.332487 0.000000
vt 0.335025 1.000000
vt 0.335025 0.000000
vt 0.337563 1.000000
vt 0.337563 0.000000
vt 0.340102 1.000000
vt 0.340102 0.000000
vt 0.342640 1.000000
vt 0.342640 0.000000
vt 0.345178 1.000000
vt 0.345178 0.000000
vt 0.347716 1.000000
vt 0.347716 0.000000
vt 0.350254 1.000000
vt 0.350254 0.000000
vt 0.352792 1.000000
vt 0.352792 0.000000
vt 0.355330 1.000000
vt 0.355330 0.000000
vt 0.357868 1.000000
vt 0.357868 0.000000
vt 0.360406 1.000000
vt 0.360406 0.000000
vt 0.362944 1.000000
vt 0.362944 0.000000
vt 0.365482 1.000000
vt 0.365482 0.000000
vt 0.368020 1.000000
vt 0.368020 0.000000
vt 0.370558 1.000000
vt 0.370558 0.000000
vt 0.373096 1.000000
vt 0.373096 0.000000
vt 0.375635 1.000000
vt 0.375635 0.000000
vt 0.378173 1.000000
vt 0.378173 0.000000
vt 0.380711 1.000000
vt 0.380711 0.000000
vt 0.383249 1.000000
vt 0.383249 0.000000
vt 0.385787 1.000000
vt 0.385787 0.000000
vt 0.388325 1.000000
vt 0.388325 0.000000
vt 0.390863 1.000000
vt 0.390863 0.000000
vt 0.393401 1.000000
vt 0.393401 0.000000
vt 0.395939 1.000000
vt 0.395939 0.000000
vt 0.398477 1.000000
vt 0.398477 0.000000
vt 0.401015 1.000000
vt 0.401015 0.000000
vt 0.403553 1.000000
vt 0.403553 0.000000
vt 0.406091 1.000000
vt 0.406091 0.000000
vt 0.408629 1.000000
vt 0.408629 0.000000
vt 0.411168 1.000000
vt 0.411168 0.000000
vt 0.413706 1.000000
vt 0.413706 0.000000
vt 0.416244 1.000000
vt 0.416244 0.000000
vt 0.418782 1.000000
vt 0.418782 0.000000
vt 0.421320 1.000000
vt 0.421320 0.000000
vt 0.423858 1.000000
vt 0.423858 0.000000
vt 0.426396 1.000000
vt 0.426396 0.000000
vt 0.428934 1.000000
vt 0.428934 0.000000
vt 0.431472 1.000000
vt 0.431472 0.000000
vt 0.434010 1.000000
vt 0.434010 0.000000
vt 0.436548 1.000000
vt 0.436548 0.000000
vt 0.439086 1.000000
vt 0.439086 0.000000
vt 0.441624 1.000000
vt 0.441624 0.000000
vt 0.444162 1.000000
vt 0.444162 0.000000
vt 0.446701 1.000000
vt 0.446701 0.000000
vt 0.449239 1.000000
vt 0.449239 0.000000
vt 0.451777 1.000000
vt 0.451777 0.000000
vt 0.454315 1.000000
vt 0.454315 0.000000
vt 0.456853 1.000000
vt 0.456853 0.000000
vt 0.459391 1.000000
vt 0.459391 0.000000
vt 0.461929 1.000000
vt 0.461929 0.000000
vt 0.464467 1.000000
vt 0.464467 0.000000
vt 0.467005 1.000000
vt 0.467005 0.000000
vt 0.469543 1.000000
vt 0.469543 0.000000
vt 0.472081 1.000000
vt 0.472081 0.000000
vt 0.474619 1.000000
vt 0.474619 0.000000
vt 0.477157 1.000000
vt 0.477157 0.000000
vt 0.479695 1.000000
vt 0.479695 0.000000
vt 0.482233 1.000000
vt 0.482233 0.000000
vt 0.484772 1.000000
vt 0.484772 0.000000
vt 0.487310 1.000000
vt 0.487310 0.000000
vt 0.489848 1.000000
vt 0.489848 0.000000
vt 0.492386 1.000000
vt 0.492386 0.000000
vt 0.494924 1.000000
vt 0.494924 0.000000
vt 0.497462 1.000000
vt 0.497462 0.000000
vt 0.500000 1.000000
vt 0.502538 1.000000
vt 0.502538 0.000000
vt 0.505076 1.000000
vt 0.505076 0.000000
vt 0.507614 1.000000
vt 0.507614 0.000000
vt 0.510152 1.000000
vt 0.510152 0.000000
vt 0.512690 1.000000
vt 0.512690 0.000000
vt 0.515228 1.000000
vt 0.515228 0.000000
vt 0.517766 1.000000
vt 0.517766 0.000000
vt 0.520305 1.000000
vt 0.520305 0.000000
vt 0.522843 1.000000
vt 0.522843 0.000000
vt 0.525381 1.000000
vt 0.525381 0.000000
vt 0.527919 1.000000
vt 0.527919 0.000000
vt 0.530457 1.000000
vt 0.530457 0.000000
vt 0.532995 1.000000
vt 0.532995 0.000000
vt 0.535533 1.000000
vt 0.535533 0.000000
vt 0.538071 1.000000
vt 0.538071 0.000000
vt 0.540609 1.000000
vt 0.540609 0.000000
vt 0.543147 1.000000
vt 0.543147 0.000000
vt 0.545685 1.000000
vt 0.545685 0.000000
vt 0.548223 1.000000
vt 0.548223 0.000000
vt 0.550761 1.000000
vt 0.550761 0.000000
vt 0.553299 1.000000
vt 0.553299 0.000000
vt 0.555838 1.000000
vt 0.555838 0.000000
vt 0.558376 1.000000
vt 0.558376 0.000000
vt 0.560914 1.000000
vt 0.560914 0.000000
vt 0.563452 1.000000
vt 0.563452 0.000000
vt 0.565990 1.000000
vt 0.565990 0.000000
vt 0.568528 1.000000
vt 0.568528 0.000000
vt 0.571066 1.000000
vt 0.571066 0.000000
vt 0.573604 1.000000
vt 0.573604 0.000000
vt 0.576142 1.000000
vt 0.576142 0.000000
vt 0.578680 1.000000
vt 0.578680 0.000000
vt 0.581218 1.000000
vt 0.581218 0.000000
vt 0.583756 1.000000
vt 0.583756 0.000000
vt 0.586294 1.000000
vt 0.586294 0.000000
vt 0.588832 1.000000
vt 0.588832 0.000000
vt 0.591371 1.000000
vt 0.591371 0.000000
vt 0.593909 1.000000
vt 0.593909 0.000000
vt 0.596447 1.000000
vt 0.596447 0.000000
vt 0.598985 1.000000
vt 0.598985 0.000000
vt 0.601523 1.000000
vt 0.601523 0.000000
vt 0.604061 1.000000
vt 0.604061 0.000000
vt 0.606599 1.000000
vt 0.606599 0.000000
vt 0.609137 1.000000
vt 0.609137 0.000000
vt 0.611675 1.000000
vt 0.611675 0.000000
vt 0.614213 1.000000
vt 0.614213 0.000000
vt 0.616751 1.000000
vt 0.616751 0.000000
vt 0.619289 1.000000
vt 0.619289 0.000000
vt 0.621827 1.000000
vt 0.621827 0.000000
vt 0.624366 1.000000
vt 0.624366 0.000000
vt 0.626904 1.000000
vt 0.626904 0.000000
vt 0.629442 1.000000
vt 0.629442 0.000000
vt 0.631980 1.000000
vt 0.631980 0.000000
vt 0.634518 1.000000
vt 0.634518 0.000000
vt 0.637056 1.000000
vt 0.637056 0.000000
vt 0.639594 1.000000
vt 0.639594 0.000000
vt 0.642132 1.000000
vt 0.642132 0.000000
vt 0.644670 1.000000
vt 0.644670 0.000000
vt 0.647208 1.000000
vt 0.647208 0.000000
vt 0.649746 1.000000
vt 0.649746 0.000000
vt 0.652284 1.000000
vt 0.652284 0.000000
vt 0.654822 1.000000
vt 0.654822 0.000000
vt 0.657360 1.000000
vt 0.657360 0.000000
vt 0.659898 1.000000
vt 0.659898 0.000000
vt 0.662437 1.000000
vt 0.662437 0.000000
vt 0.664975 1.000000
vt 0.664975 0.000000
vt 0.667513 1.000000
vt 0.667513 0.000000
vt 0.670051 1.000000
vt 0.670051 0.000000
vt 0.672589 1.000000
vt 0.672589 0.000000
vt 0.675127 1.000000
vt 0.675127 0.000000
vt 0.677665 1.000000
vt 0.677665 0.000000
vt 0.680203 1.000000
vt 0.680203 0.000000
vt 0.682741 1.000000
vt 0.682741 0.000000
vt 0.685279 1.000000
vt 0.685279 0.000000
vt 0.687817 1.000000
vt 0.687817 0.000000
vt 0.690355 1.000000
vt 0.690355 0.000000
vt 0.692893 1.000000
vt 0.692893 0.000000
vt 0.695431 1.000000
vt 0.695431 0.000000
vt 0.697970 1.000000
vt 0.697970 0.000000
vt 0.700508 1.000000
vt 0.700508 0.000000
vt 0.703046 1.000000
vt 0.703046 0.000000
vt 0.705584 1.000000
vt 0.705584 0.000000
vt 0.708122 1.000000
vt 0.708122 0.000000
vt 0.710660 1.000000
vt 0.710660 0.000000
vt 0.713198 1.000000
vt 0.713198 0.000000
vt 0.715736 1.000000
vt 0.715736 0.000000
vt 0.718274 1.000000
vt 0.718274 0.000000
vt 0.720812 1.000000
vt 0.720812 0.000000
vt 0.723350 1.000000
vt 0.723350 0.000000
vt 0.725888 1.000000
vt 0.725888 0.000000
vt 0.728426 1.000000
vt 0.728426 0.000000
vt 0.730964 1.000000
vt 0.730964 0.000000
vt 0.733503 1.000000
vt 0.733503 0.000000
vt 0.736041 1.000000
vt 0.736041 0.000000
vt 0.738579 1.000000
vt 0.738579 0.000000
vt 0.741117 1.000000
vt 0.741117 0.000000
vt 0.743655 1.000000
vt 0.743655 0.000000
vt 0.746193 1.000000
vt 0.746193 0.000000
vt 0.748731 1.000000
vt 0.748731 0.000000
vt 0.751269 1.000000
vt 0.751269 0.000000
vt 0.753807 1.000000
vt 0.753807 0.000000
vt 0.756345 1.000000
vt 0.756345 0.000000
vt 0.758883 1.000000
vt 0.758883 0.000000
vt 0.761421 1.000000
vt 0.761421 0.000000
vt 0.763959 1.000000
vt 0.763959 0.000000
vt 0.766497 1.000000
vt 0.766497 0.000000
vt 0.769036 1.000000
vt 0.769036 0.000000
vt 0.771574 1.000000
vt 0.771574 0.000000
vt 0.774112 1.000000
vt 0.774112 0.000000
vt 0.776650 1.000000
vt 0.776650 0.000000
vt 0.779188 1.000000
vt 0.779188 0.000000
vt 0.781726 1.000000
vt 0.781726 0.000000
vt 0.784264 1.000000
vt 0.784264 0.000000
vt 0.786802 1.000000
vt 0.786802 0.000000
vt 0.789340 1.000000
vt 0.789340 0.000000
vt 0.791878 1.000000
vt 0.791878 0.000000
vt 0.794416 1.000000
vt 0.794416 0.000000
vt 0.796954 1.000000
vt 0.796954 0.000000
vt 0.799492 1.000000
vt 0.799492 0.000000
vt 0.802030 1.000000
vt 0.802030 0.000000
vt 0.804569 1.000000
vt 0.804569 0.000000
vt 0.807107 1.000000
vt 0.807107 0.000000
vt 0.809645 1.000000
vt 0.809645 0.000000
vt 0.812183 1.000000
vt 0.812183 0.000000
vt 0.814721 1.000000
vt 0.814721 0.000000
vt 0.817259 1.000000
vt 0.817259 0.000000
vt 0.819797 1.000000
vt 0.819797 0.000000
vt 0.822335 1.000000
vt 0.822335 0.000000
vt 0.824873 1.000000
vt 0.824873 0.000000
vt 0.827411 1.000000
vt 0.827411 0.000000
vt 0.829949 1.000000
vt 0.829949 0.000000
vt 0.832487 1.000000
vt 0.832487 0.000000
vt 0.835025 1.000000
vt 0.835025 0.000000
vt 0.837563 1.000000
vt 0.837563 0.000000
vt 0.840102 1.000000
vt 0.840102 0.000000
vt 0.842640 1.000000
vt 0.842640 0.000000
vt 0.845178 1.000000
vt 0.845178 0.000000
vt 0.847716 1.000000
vt 0.847716 0.000000
vt 0.850254 1.000000
vt 0.850254 0.000000
vt 0.852792 1.000000
vt 0.852792 0.000000
vt 0.855330 1.000000
vt 0.855330 0.000000
vt 0.857868 1.000000
vt 0.857868 0.000000
vt 0.860406 1.000000
vt 0.860406 0.000000
vt 0.862944 1.000000
vt 0.862944 0.000000
vt 0.865482 1.000000
vt 0.865482 0.000000
vt 0.868020 1.000000
vt 0.868020 0.000000
vt 0.870558 1.000000
vt 0.870558 0.000000
vt 0.873096 1.000000
vt 0.873096 0.000000
vt 0.875634 1.000000
vt 0.875634 0.000000
vt 0.878173 1.000000
vt 0.878173 0.000000
vt 0.880711 1.000000
vt 0.880711 0.000000
vt 0.883249 1.000000
vt 0.883249 0.000000
vt 0.885787 1.000000
vt 0.885787 0.000000
vt 0.888325 1.000000
vt 0.888325 0.000000
vt 0.890863 1.000000
vt 0.890863 0.000000
vt 0.893401 1.000000
vt 0.893401 0.000000
vt 0.895939 1.000000
vt 0.895939 0.000000
vt 0.898477 1.000000
vt 0.898477 0.000000
vt 0.901015 1.000000
vt 0.901015 0.000000
vt 0.903553 1.000000
vt 0.903553 0.000000
vt 0.906091 1.000000
vt 0.906091 0.000000
vt 0.908629 1.000000
vt 0.908629 0.000000
vt 0.911168 1.000000
vt 0.911168 0.000000
vt 0.913706 1.000000
vt 0.913706 0.000000
vt 0.916244 1.000000
vt 0.916244 0.000000
vt 0.918782 1.000000
vt 0.918782 0.000000
vt 0.921320 1.000000
vt 0.921320 0.000000
vt 0.923858 1.000000
vt 0.923858 0.000000
vt 0.926396 1.000000
vt 0.926396 0.000000
vt 0.928934 1.000000
vt 0.928934 0.000000
vt 0.931472 1.000000
vt 0.931472 0.000000
vt 0.934010 1.000000
vt 0.934010 0.000000
vt 0.936548 1.000000
vt 0.936548 0.000000
vt 0.939086 1.000000
vt 0.939086 0.000000
vt 0.941624 1.000000
vt 0.941624 0.000000
vt 0.944162 1.000000
vt 0.944162 0.000000
vt 0.946701 1.000000
vt 0.946701 0.000000
vt 0.949239 1.000000
vt 0.949239 0.000000
vt 0.951777 1.000000
vt 0.951777 0.000000
vt 0.954315 1.000000
vt 0.954315 0.000000
vt 0.956853 1.000000
vt 0.956853 0.000000
vt 0.959391 1.000000
vt 0.959391 0.000000
vt 0.961929 1.000000
vt 0.961929 0.000000
vt 0.964467 1.000000
vt 0.964467 0.000000
vt 0.967005 1.000000
vt 0.967005 0.000000
vt 0.969543 1.000000
vt 0.969543 0.000000
vt 0.972081 1.000000
vt 0.972081 0.000000
vt 0.974619 1.000000
vt 0.974619 0.000000
vt 0.977157 1.000000
vt 0.977157 0.000000
vt 0.979695 1.000000
vt 0.979695 0.000000
vt 0.982234 1.000000
vt 0.982234 0.000000
vt 0.984772 1.000000
vt 0.984772 0.000000
vt 0.987310 1.000000
vt 0.987310 0.000000
vt 0.989848 1.000000
vt 0.989848 0.000000
vt 0.992386 1.000000
vt 0.992386 0.000000
vt 0.994924 1.000000
vt 0.994924 0.000000
vt 0.997462 1.000000
vt 0.997462 0.000000
vt 0.004608 1.000000
vt 0.004608 0.000000
vt 0.009217 1.000000
vt 0.009217 0.000000
vt 0.013825 1.000000
vt 0.013825 0.000000
vt 0.018433 1.000000
vt 0.018433 0.000000
vt 0.023041 1.000000
vt 0.023041 0.000000
vt 0.027650 1.000000
vt 0.027650 0.000000
vt 0.032258 1.000000
vt 0.032258 0.000000
vt 0.036866 1.000000
vt 0.036866 0.000000
vt 0.041475 1.000000
vt 0.041475 0.000000
vt 0.046083 1.000000
vt 0.046083 0.000000
vt 0.050691 1.000000
vt 0.050691 0.000000
vt 0.055300 1.000000
vt 0.055300 0.000000
vt 0.059908 1.000000
vt 0.059908 0.000000
vt 0.064516 1.000000
vt 0.064516 0.000000
vt 0.069124 1.000000
vt 0.069124 0.000000
vt 0.073733 1.000000
vt 0.073733 0.000000
vt 0.078341 1.000000
vt 0.078341 0.000000
vt 0.082949 1.000000
vt 0.082949 0.000000
vt 0.087558 1.000000
vt 0.087558 0.000000
vt 0.092166 1.000000
vt 0.092166 0.000000
vt 0.096774 1.000000
vt 0.096774 0.000000
vt 0.101382 1.000000
vt 0.101382 0.000000
vt 0.105991 1.000000
vt 0.105991 0.000000
vt 0.110599 1.000000
vt 0.110599 0.000000
vt 0.115207 1.000000
vt 0.115207 0.000000
vt 0.119816 1.000000
vt 0.119816 0.000000
vt 0.124424 1.000000
vt 0.124424 0.000000
vt 0.129032 1.000000
vt 0.129032 0.000000
vt 0.133641 1.000000
vt 0.133641 0.000000
vt 0.138249 1.000000
vt 0.138249 0.000000
vt 0.142857 1.000000
vt 0.142857 0.000000
vt 0.147465 1.000000
vt 0.147465 0.000000
vt 0.152074 1.000000
vt 0.152074 0.000000
vt 0.156682 1.000000
vt 0.156682 0.000000
vt 0.161290 1.000000
vt 0.161290 0.000000
vt 0.165899 1.000000
vt 0.165899 0.000000
vt 0.170507 1.000000
vt 0.170507 0.000000
vt 0.175115 1.000000
vt 0.175115 0.000000
vt 0.179724 1.000000
vt 0.179724 0.000000
vt 0.184332 1.000000
vt 0.184332 0.000000
vt 0.188940 1.000000
vt 0.188940 0.000000
vt 0.193548 1.000000
vt 0.193548 0.000000
vt 0.198157 1.000000
vt 0.198157 0.000000
vt 0.202765 1.000000
vt 0.202765 0.000000
vt 0.207373 1.000000
vt 0.207373 0.000000
vt 0.211982 1.000000
vt 0.211982 0.000000
vt 0.216590 1.000000
vt 0.216590 0.000000
vt 0.221198 1.000000
vt 0.221198 0.000000
vt 0.225806 1.000000
vt 0.225806 0.000000
vt 0.230415 1.000000
vt 0.230415 0.000000
vt 0.235023 1.000000
vt 0.235023 0.000000
vt 0.239631 1.000000
vt 0.239631 0.000000
vt 0.244240 1.000000
vt 0.244240 0.000000
vt 0.248848 1.000000
vt 0.248848 0.000000
vt 0.253456 1.000000
vt 0.253456 0.000000
vt 0.258065 1.000000
vt 0.258065 0.000000
vt 0.262673 1.000000
vt 0.262673 0.000000
vt 0.267281 1.000000
vt 0.267281 0.000000
vt 0.271889 1.000000
vt 0.271889 0.000000
vt 0.276498 1.000000
vt 0.276498 0.000000
vt 0.281106 1.000000
vt 0.281106 0.000000
vt 0.285714 1.000000
vt 0.285714 0.000000
vt 0.290323 1.000000
vt 0.290323 0.000000
vt 0.294931 1.000000
vt 0.294931 0.000000
vt 0.299539 1.000000
vt 0.299539 0.000000
vt 0.304147 1.000000
vt 0.304147 0.000000
vt 0.308756 1.000000
vt 0.308756 0.000000
vt 0.313364 1.000000
vt 0.313364 0.000000
vt 0.317972 1.000000
vt 0.317972 0.000000
vt 0.322581 1.000000
vt 0.322581 0.000000
vt 0.327189 1.000000
vt 0.327189 0.000000
vt 0.331797 1.000000
vt 0.331797 0.000000
vt 0.336406 1.000000
vt 0.336406 0.000000
vt 0.341014 1.000000
vt 0.341014 0.000000
vt 0.345622 1.000000
vt 0.345622 0.000000
vt 0.350230 1.000000
vt 0.350230 0.000000
vt 0.354839 1.000000
vt 0.354839 0.000000
vt 0.359447 1.000000
vt 0.359447 0.000000
vt 0.364055 1.000000
vt 0.364055 0.000000
vt 0.368664 1.000000
vt 0.368664 0.000000
vt 0.373272 1.000000
vt 0.373272 0.000000
vt 0.377880 1.000000
vt 0.377880 0.000000
vt 0.382488 1.000000
vt 0.382488 0.000000
vt 0.387097 1.000000
vt 0.387097 0.000000
vt 0.391705 1.000000
vt 0.391705 0.000000
vt 0.396313 1.000000
vt 0.396313 0.000000
vt 0.400922 1.000000
vt 0.400922 0.000000
vt 0.405530 1.000000
vt 0.405530 0.000000
vt 0.410138 1.000000
vt 0.410138 0.000000
vt 0.414747 1.000000
vt 0.414747 0.000000
vt 0.419355 1.000000
vt 0.419355 0.000000
vt 0.423963 1.000000
vt 0.423963 0.000000
vt 0.428571 1.000000
vt 0.428571 0.000000
vt 0.433180 1.000000
vt 0.433180 0.000000
vt 0.437788 1.000000
vt 0.437788 0.000000
vt 0.442396 1.000000
vt 0.442396 0.000000
vt 0.447005 1.000000
vt 0.447005 0.000000
vt 0.451613 1.000000
vt 0.451613 0.000000
vt 0.456221 1.000000
vt 0.456221 0.000000
vt 0.460829 1.000000
vt 0.460829 0.000000
vt 0.465438 1.000000
vt 0.465438 0.000000
vt 0.470046 1.000000
vt 0.470046 0.000000
vt 0.474654 1.000000
vt 0.474654 0.000000
vt 0.479263 1.000000
vt 0.479263 0.000000
vt 0.483871 1.000000
vt 0.483871 0.000000
vt 0.488479 1.000000
vt 0.488479 0.000000
vt 0.493088 1.000000
vt 0.493088 0.000000
vt 0.497696 1.000000
vt 0.497696 0.000000
vt 0.502304 1.000000
vt 0.502304 0.000000
vt 0.506912 1.000000
vt 0.506912 0.000000
vt 0.511521 1.000000
vt 0.511521 0.000000
vt 0.516129 1.000000
vt 0.516129 0.000000
vt 0.520737 1.000000
vt 0.520737 0.000000
vt 0.525346 1.000000
vt 0.525346 0.000000
vt 0.529954 1.000000
vt 0.529954 0.000000
vt 0.534562 1.000000
vt 0.534562 0.000000
vt 0.539171 1.000000
vt 0.539171 0.000000
vt 0.543779 1.000000
vt 0.543779 0.000000
vt 0.548387 1.000000
vt 0.548387 0.000000
vt 0.552995 1.000000
vt 0.552995 0.000000
vt 0.557604 1.000000
vt 0.557604 0.000000
vt 0.562212 1.000000
vt 0.562212 0.000000
vt 0.566820 1.000000
vt 0.566820 0.000000
vt 0.571429 1.000000
vt 0.571429 0.000000
vt 0.576037 1.000000
vt 0.576037 0.000000
vt 0.580645 1.000000
vt 0.580645 0.000000
vt 0.585253 1.000000
vt 0.585253 0.000000
vt 0.589862 1.000000
vt 0.589862 0.000000
vt 0.594470 1.000000
vt 0.594470 0.000000
vt 0.599078 1.000000
vt 0.599078 0.000000
vt 0.603687 1.000000
vt 0.603687 0.000000
vt 0.608295 1.000000
vt 0.608295 0.000000
vt 0.612903 1.000000
vt 0.612903 0.000000
vt 0.617512 1.000000
vt 0.617512 0.000000
vt 0.622120 1.000000
vt 0.622120 0.000000
vt 0.626728 1.000000
vt 0.626728 0.000000
vt 0.631336 1.000000
vt 0.631336 0.000000
vt 0.635945 1.000000
vt 0.635945 0.000000
vt 0.640553 1.000000
vt 0.640553 0.000000
vt 0.645161 1.000000
vt 0.645161 0.000000
vt 0.649770 1.000000
vt 0.649770 0.000000
vt 0.654378 1.000000
vt 0.654378 0.000000
vt 0.658986 1.000000
vt 0.658986 0.000000
vt 0.663594 1.000000
vt 0.663594 0.000000
vt 0.668203 1.000000
vt 0.668203 0.000000
vt 0.672811 1.000000
vt 0.672811 0.000000
vt 0.677419 1.000000
vt 0.677419 0.000000
vt 0.682028 1.000000
vt 0.682028 0.000000
vt 0.686636 1.000000
vt 0.686636 0.000000
vt 0.691244 1.000000
vt 0.691244 0.000000
vt 0.695853 1.000000
vt 0.695853 0.000000
vt 0.700461 1.000000
vt 0.700461 0.000000
vt 0.705069 1.000000
vt 0.705069 0.000000
vt 0.709677 1.000000
vt 0.709677 0.000000
vt 0.714286 1.000000
vt 0.714286 0.000000
vt 0.718894 1.000000
vt 0.718894 0.000000
vt 0.723502 1.000000
vt 0.723502 0.000000
vt 0.728111 1.000000
vt 0.728111 0.000000
vt 0.732719 1.000000
vt 0.732719 0.000000
vt 0.737327 1.000000
vt 0.737327 0.000000
vt 0.741935 1.000000
vt 0.741935 0.000000
vt 0.746544 1.000000
vt 0.746544 0.000000
vt 0.751152 1.000000
vt 0.751152 0.000000
vt 0.755760 1.000000
vt 0.755760 0.000000
vt 0.760369 1.000000
vt 0.760369 0.000000
vt 0.764977 1.000000
vt 0.764977 0.000000
vt 0.769585 1.000000
vt 0.769585 0.000000
vt 0.774194 1.000000
vt 0.774194 0.000000
vt 0.778802 1.000000
vt 0.778802 0.000000
vt 0.783410 1.000000
vt 0.783410 0.000000
vt 0.788018 1.000000
vt 0.788018 0.000000
vt 0.792627 1.000000
vt 0.792627 0.000000
vt 0.797235 1.000000
vt 0.797235 0.000000
vt 0.801843 1.000000
vt 0.801843 0.000000
vt 0.806452 1.000000
vt 0.806452 0.000000
vt 0.811060 1.000000
vt 0.811060 0.000000
vt 0.815668 1.000000
vt 0.815668 0.000000
vt 0.820276 1.000000
vt 0.820276 0.000000
vt 0.824885 1.000000
vt 0.824885 0.000000
vt 0.829493 1.000000
vt 0.829493 0.000000
vt 0.834101 1.000000
vt 0.834101 0.000000
vt 0.838710 1.000000
vt 0.838710 0.000000
vt 0.843318 1.000000
vt 0.843318 0.000000
vt 0.847926 1.000000
vt 0.847926 0.000000
vt 0.852535 1.000000
vt 0.852535 0.000000
vt 0.857143 1.000000
vt 0.857143 0.000000
vt 0.861751 1.000000
vt 0.861751 0.000000
vt 0.866359 1.000000
vt 0.866359 0.000000
vt 0.870968 1.000000
vt 0.870968 0.000000
vt 0.875576 1.000000
vt 0.875576 0.000000
vt 0.880184 1.000000
vt 0.880184 0.000000
vt 0.884793 1.000000
vt 0.884793 0.000000
vt 0.889401 1.000000
vt 0.889401 0.000000
vt 0.894009 1.000000
vt 0.894009 0.000000
vt 0.898618 1.000000
vt 0.898618 0.000000
vt 0.903226 1.000000
vt 0.903226 0.000000
vt 0.907834 1.000000
vt 0.907834 0.000000
vt 0.912442 1.000000
vt 0.912442 0.000000
vt 0.917051 1.000000
vt 0.917051 0.000000
vt 0.921659 1.000000
vt 0.921659 0.000000
vt 0.926267 1.000000
vt 0.926267 0.000000
vt 0.930876 1.000000
vt 0.930876 0.000000
vt 0.935484 1.000000
vt 0.935484 0.000000
vt 0.940092 1.000000
vt 0.940092 0.000000
vt 0.944700 1.000000
vt 0.944700 0.000000
vt 0.949309 1.000000
vt 0.949309 0.000000
vt 0.953917 1.000000
vt 0.953917 0.000000
vt 0.958525 1.000000
vt 0.958525 0.000000
vt 0.963134 1.000000
vt 0.963134 0.000000
vt 0.967742 1.000000
vt 0.967742 0.000000
vt 0.972350 1.000000
vt 0.972350 0.000000
vt 0.976959 1.000000
vt 0.976959 0.000000
vt 0.981567 1.000000
vt 0.981567 0.000000
vt 0.986175 1.000000
vt 0.986175 0.000000
vt 0.990783 1.000000
vt 0.990783 0.000000
vt 0.995392 1.000000
vt 0.995392 0.000000
vt 0.013889 1.000000
vt 0.027778 1.000000
vt 0.041667 1.000000
vt 0.055556 1.000000
vt 0.069444 1.000000
vt 0.083333 1.000000
vt 0.097222 1.000000
vt 0.125000 1.000000
vt 0.138889 1.000000
vt 0.152778 1.000000
vt 0.166667 1.000000
vt 0.180556 1.000000
vt 0.194444 1.000000
vt 0.208333 1.000000
vt 0.236111 1.000000
vt 0.250000 1.000000
vt 0.263889 1.000000
vt 0.277778 1.000000
vt 0.291667 1.000000
vt 0.305556 1.000000
vt 0.319444 1.000000
vt 0.347222 1.000000
vt 0.361111 1.000000
vt 0.375000 1.000000
vt 0.388889 1.000000
vt 0.402778 1.000000
vt 0.416667 1.000000
vt 0.430556 1.000000
vt 0.458333 1.000000
vt 0.472222 1.000000
vt 0.486111 1.000000
vt 0.513889 1.000000
vt 0.527778 1.000000
vt 0.541667 1.000000
vt 0.569444 1.000000
vt 0.583333 1.000000
vt 0.597222 1.000000
vt 0.611111 1.000000
vt 0.625000 1.000000
vt 0.638889 1.000000
vt 0.652778 1.000000
vt 0.680556 1.000000
vt 0.694444 1.000000
vt 0.708333 1.000000
vt 0.722222 1.000000
vt 0.736111 1.000000
vt 0.750000 1.000000
vt 0.763889 1.000000
vt 0.791667 1.000000
vt 0.805556 1.000000
vt 0.819444 1.000000
vt 0.833333 1.000000
vt 0.847222 1.000000
vt 0.861111 1.000000
vt 0.875000 1.000000
vt 0.902778 1.000000
vt 0.916667 1.000000
vt 0.930556 1.000000
vt 0.944444 1.000000
vt 0.958333 1.000000
vt 0.972222 1.000000
vt 0.986111 1.000000
vt 0.010417 1.000000
vt 0.020833 1.000000
vt 0.031250 1.000000
vt 0.052083 1.000000
vt 0.062500 1.000000
vt 0.072917 1.000000
vt 0.093750 1.000000
vt 0.104167 1.000000
vt 0.114583 1.000000
vt 0.135417 1.000000
vt 0.145833 1.000000
vt 0.156250 1.000000
vt 0.177083 1.000000
vt 0.187500 1.000000
vt 0.197917 1.000000
vt 0.218750 1.000000
vt 0.229167 1.000000
vt 0.239583 1.000000
vt 0.260417 1.000000
vt 0.270833 1.000000
vt 0.281250 1.000000
vt 0.302083 1.000000
vt 0.312500 1.000000
vt 0.322917 1.000000
vt 0.343750 1.000000
vt 0.354167 1.000000
vt 0.364583 1.000000
vt 0.385417 1.000000
vt 0.395833 1.000000
vt 0.406250 1.000000
vt 0.427083 1.000000
vt 0.437500 1.000000
vt 0.447917 1.000000
vt 0.468750 1.000000
vt 0.479167 1.000000
vt 0.489583 1.000000
vt 0.510417 1.000000
vt 0.520833 1.000000
vt 0.531250 1.000000
vt 0.552083 1.000000
vt 0.562500 1.000000
vt 0.572917 1.000000
vt 0.593750 1.000000
vt 0.604167 1.000000
vt 0.614583 1.000000
vt 0.635417 1.000000
vt 0.645833 1.000000
vt 0.656250 1.000000
vt 0.677083 1.000000
vt 0.687500 1.000000
vt 0.697917 1.000000
vt 0.718750 1.000000
vt 0.729167 1.000000
vt 0.739583 1.000000
vt 0.760417 1.000000
vt 0.770833 1.000000
vt 0.781250 1.000000
vt 0.802083 1.000000
vt 0.812500 1.000000
vt 0.822917 1.000000
vt 0.843750 1.000000
vt 0.854167 1.000000
vt 0.864583 1.000000
vt 0.885417 1.000000
vt 0.895833 1.000000
vt 0.906250 1.000000
vt 0.927083 1.000000
vt 0.937500 1.000000
vt 0.947917 1.000000
vt 0.968750 1.000000
vt 0.979167 1.000000
vt 0.989583 1.000000
vt 0.002584 1.000000
vt 0.002584 0.000000
vt 0.005168 1.000000
vt 0.005168 0.000000
vt 0.007752 1.000000
vt 0.007752 0.000000
vt 0.010336 1.000000
vt 0.010336 0.000000
vt 0.012920 1.000000
vt 0.012920 0.000000
vt 0.015504 1.000000
vt 0.015504 0.000000
vt 0.018088 1.000000
vt 0.018088 0.000000
vt 0.020672 1.000000
vt 0.020672 0.000000
vt 0.023256 1.000000
vt 0.023256 0.000000
vt 0.025840 1.000000
vt 0.025840 0.000000
vt 0.028424 1.000000
vt 0.028424 0.000000
vt 0.031008 1.000000
vt 0.031008 0.000000
vt 0.033592 1.000000
vt 0.033592 0.000000
vt 0.036176 1.000000
vt 0.036176 0.000000
vt 0.038760 1.000000
vt 0.038760 0.000000
vt 0.041344 1.000000
vt 0.041344 0.000000
vt 0.043928 1.000000
vt 0.043928 0.000000
vt 0.046512 1.000000
vt 0.046512 0.000000
vt 0.049096 1.000000
vt 0.049096 0.000000
vt 0.051680 1.000000
vt 0.051680 0.000000
vt 0.054264 1.000000
vt 0.054264 0.000000
vt 0.056848 1.000000
vt 0.056848 0.000000
vt 0.059432 1.000000
vt 0.059432 0.000000
vt 0.062016 1.000000
vt 0.062016 0.000000
vt 0.064599 1.000000
vt 0.064599 0.000000
vt 0.067183 1.000000
vt 0.067183 0.000000
vt 0.069767 1.000000
vt 0.069767 0.000000
vt 0.072351 1.000000
vt 0.072351 0.000000
vt 0.074935 1.000000
vt 0.074935 0.000000
vt 0.077519 1.000000
vt 0.077519 0.000000
vt 0.080103 1.000000
vt 0.080103 0.000000
vt 0.082687 1.000000
vt 0.082687 0.000000
vt 0.085271 1.000000
vt 0.085271 0.000000
vt 0.087855 1.000000
vt 0.087855 0.000000
vt 0.090439 1.000000
vt 0.090439 0.000000
vt 0.093023 1.000000
vt 0.093023 0.000000
vt 0.095607 1.000000
vt 0.095607 0.000000
vt 0.098191 1.000000
vt 0.098191 0.000000
vt 0.100775 1.000000
vt 0.100775 0.000000
vt 0.103359 1.000000
vt 0.103359 0.000000
vt 0.105943 1.000000
vt 0.105943 0.000000
vt 0.108527 1.000000
vt 0.108527 0.000000
vt 0.113695 1.000000
vt 0.113695 0.000000
vt 0.116279 1.000000
vt 0.116279 0.000000
vt 0.118863 1.000000
vt 0.118863 0.000000
vt 0.121447 1.000000
vt 0.121447 0.000000
vt 0.124031 1.000000
vt 0.124031 0.000000
vt 0.126615 1.000000
vt 0.126615 0.000000
vt 0.129199 1.000000
vt 0.129199 0.000000
vt 0.131783 1.000000
vt 0.131783 0.000000
vt 0.134367 1.000000
vt 0.134367 0.000000
vt 0.136951 1.000000
vt 0.136951 0.000000
vt 0.139535 1.000000
vt 0.139535 0.000000
vt 0.142119 1.000000
vt 0.142119 0.000000
vt 0.144703 1.000000
vt 0.144703 0.000000
vt 0.147287 1.000000
vt 0.147287 0.000000
vt 0.149871 1.000000
vt 0.149871 0.000000
vt 0.152455 1.000000
vt 0.152455 0.000000
vt 0.155039 1.000000
vt 0.155039 0.000000
vt 0.157623 1.000000
vt 0.157623 0.000000
vt 0.160207 1.000000
vt 0.160207 0.000000
vt 0.162791 1.000000
vt 0.162791 0.000000
vt 0.165375 1.000000
vt 0.165375 0.000000
vt 0.167959 1.000000
vt 0.167959 0.000000
vt 0.170543 1.000000
vt 0.170543 0.000000
vt 0.173127 1.000000
vt 0.173127 0.000000
vt 0.175711 1.000000
vt 0.175711 0.000000
vt 0.178295 1.000000
vt 0.178295 0.000000
vt 0.180879 1.000000
vt 0.180879 0.000000
vt 0.183463 1.000000
vt 0.183463 0.000000
vt 0.186047 1.000000
vt 0.186047 0.000000
vt 0.188630 1.000000
vt 0.188630 0.000000
vt 0.191214 1.000000
vt 0.191214 0.000000
vt 0.193798 1.000000
vt 0.193798 0.000000
vt 0.196382 1.000000
vt 0.196382 0.000000
vt 0.198966 1.000000
vt 0.198966 0.000000
vt 0.201550 1.000000
vt 0.201550 0.000000
vt 0.204134 1.000000
vt 0.204134 0.000000
vt 0.206718 1.000000
vt 0.206718 0.000000
vt 0.209302 1.000000
vt 0.209302 0.000000
vt 0.211886 1.000000
vt 0.211886 0.000000
vt 0.214470 1.000000
vt 0.214470 0.000000
vt 0.217054 1.000000
vt 0.217054 0.000000
vt 0.219638 1.000000
vt 0.219638 0.000000
vt 0.224806 1.000000
vt 0.224806 0.000000
vt 0.227390 1.000000
vt 0.227390 0.000000
vt 0.229974 1.000000
vt 0.229974 0.000000
vt 0.232558 1.000000
vt 0.232558 0.000000
vt 0.235142 1.000000
vt 0.235142 0.000000
vt 0.237726 1.000000
vt 0.237726 0.000000
vt 0.240310 1.000000
vt 0.240310 0.000000
vt 0.242894 1.000000
vt 0.242894 0.000000
vt 0.245478 1.000000
vt 0.245478 0.000000
vt 0.248062 1.000000
vt 0.248062 0.000000
vt 0.250646 1.000000
vt 0.250646 0.000000
vt 0.253230 1.000000
vt 0.253230 0.000000
vt 0.255814 1.000000
vt 0.255814 0.000000
vt 0.258398 1.000000
vt 0.258398 0.000000
vt 0.260982 1.000000
vt 0.260982 0.000000
vt 0.263566 1.000000
vt 0.263566 0.000000
vt 0.266150 1.000000
vt 0.266150 0.000000
vt 0.268734 1.000000
vt 0.268734 0.000000
vt 0.271318 1.000000
vt 0.271318 0.000000
vt 0.273902 1.000000
vt 0.273902 0.000000
vt 0.276486 1.000000
vt 0.276486 0.000000
vt 0.279070 1.000000
vt 0.279070 0.000000
vt 0.281654 1.000000
vt 0.281654 0.000000
vt 0.284238 1.000000
vt 0.284238 0.000000
vt 0.286822 1.000000
vt 0.286822 0.000000
vt 0.289406 1.000000
vt 0.289406 0.000000
vt 0.291990 1.000000
vt 0.291990 0.000000
vt 0.294574 1.000000
vt 0.294574 0.000000
vt 0.297158 1.000000
vt 0.297158 0.000000
vt 0.299742 1.000000
vt 0.299742 0.000000
vt 0.302326 1.000000
vt 0.302326 0.000000
vt 0.304910 1.000000
vt 0.304910 0.000000
vt 0.307494 1.000000
vt 0.307494 0.000000
vt 0.310078 1.000000
vt 0.310078 0.000000
vt 0.312661 1.000000
vt 0.312661 0.000000
vt 0.315245 1.000000
vt 0.315245 0.000000
vt 0.317829 1.000000
vt 0.317829 0.000000
vt 0.320413 1.000000
vt 0.320413 0.000000
vt 0.322997 1.000000
vt 0.322997 0.000000
vt 0.325581 1.000000
vt 0.325581 0.000000
vt 0.328165 1.000000
vt 0.328165 0.000000
vt 0.330749 1.000000
vt 0.330749 0.000000
vt 0.335917 1.000000
vt 0.335917 0.000000
vt 0.338501 1.000000
vt 0.338501 0.000000
vt 0.341085 1.000000
vt 0.341085 0.000000
vt 0.343669 1.000000
vt 0.343669 0.000000
vt 0.346253 1.000000
vt 0.346253 0.000000
vt 0.348837 1.000000
vt 0.348837 0.000000
vt 0.351421 1.000000
vt 0.351421 0.000000
vt 0.354005 1.000000
vt 0.354005 0.000000
vt 0.356589 1.000000
vt 0.356589 0.000000
vt 0.359173 1.000000
vt 0.359173 0.000000
vt 0.361757 1.000000
vt 0.361757 0.000000
vt 0.364341 1.000000
vt 0.364341 0.000000
vt 0.366925 1.000000
vt 0.366925 0.000000
vt 0.369509 1.000000
vt 0.369509 0.000000
vt 0.372093 1.000000
vt 0.372093 0.000000
vt 0.374677 1.000000
vt 0.374677 0.000000
vt 0.377261 1.000000
vt 0.377261 0.000000
vt 0.379845 1.000000
vt 0.379845 0.000000
vt 0.382429 1.000000
vt 0.382429 0.000000
vt 0.385013 1.000000
vt 0.385013 0.000000
vt 0.387597 1.000000
vt 0.387597 0.000000
vt 0.390181 1.000000
vt 0.390181 0.000000
vt 0.392765 1.000000
vt 0.392765 0.000000
vt 0.395349 1.000000
vt 0.395349 0.000000
vt 0.397933 1.000000
vt 0.397933 0.000000
vt 0.400517 1.000000
vt 0.400517 0.000000
vt 0.403101 1.000000
vt 0.403101 0.000000
vt 0.405685 1.000000
vt 0.405685 0.000000
vt 0.408269 1.000000
vt 0.408269 0.000000
vt 0.410853 1.000000
vt 0.410853 0.000000
vt 0.413437 1.000000
vt 0.413437 0.000000
vt 0.416021 1.000000
vt 0.416021 0.000000
vt 0.418605 1.000000
vt 0.418605 0.000000
vt 0.421189 1.000000
vt 0.421189 0.000000
vt 0.423773 1.000000
vt 0.423773 0.000000
vt 0.426357 1.000000
vt 0.426357 0.000000
vt 0.428941 1.000000
vt 0.428941 0.000000
vt 0.431525 1.000000
vt 0.431525 0.000000
vt 0.434109 1.000000
vt 0.434109 0.000000
vt 0.436693 1.000000
vt 0.436693 0.000000
vt 0.439276 1.000000
vt 0.439276 0.000000
vt 0.441860 1.000000
vt 0.441860 0.000000
vt 0.447028 1.000000
vt 0.447028 0.000000
vt 0.449612 1.000000
vt 0.449612 0.000000
vt 0.452196 1.000000
vt 0.452196 0.000000
vt 0.454780 1.000000
vt 0.454780 0.000000
vt 0.457364 1.000000
vt 0.457364 0.000000
vt 0.459948 1.000000
vt 0.459948 0.000000
vt 0.462532 1.000000
vt 0.462532 0.000000
vt 0.465116 1.000000
vt 0.465116 0.000000
vt 0.467700 1.000000
vt 0.467700 0.000000
vt 0.470284 1.000000
vt 0.470284 0.000000
vt 0.472868 1.000000
vt 0.472868 0.000000
vt 0.475452 1.000000
vt 0.475452 0.000000
vt 0.478036 1.000000
vt 0.478036 0.000000
vt 0.480620 1.000000
vt 0.480620 0.000000
vt 0.483204 1.000000
vt 0.483204 0.000000
vt 0.485788 1.000000
vt 0.485788 0.000000
vt 0.488372 1.000000
vt 0.488372 0.000000
vt 0.490956 1.000000
vt 0.490956 0.000000
vt 0.493540 1.000000
vt 0.493540 0.000000
vt 0.496124 1.000000
vt 0.496124 0.000000
vt 0.498708 1.000000
vt 0.498708 0.000000
vt 0.501292 1.000000
vt 0.501292 0.000000
vt 0.503876 1.000000
vt 0.503876 0.000000
vt 0.506460 1.000000
vt 0.506460 0.000000
vt 0.509044 1.000000
vt 0.509044 0.000000
vt 0.511628 1.000000
vt 0.511628 0.000000
vt 0.514212 1.000000
vt 0.514212 0.000000
vt 0.516796 1.000000
vt 0.516796 0.000000
vt 0.519380 1.000000
vt 0.519380 0.000000
vt 0.521964 1.000000
vt 0.521964 0.000000
vt 0.524548 1.000000
vt 0.524548 0.000000
vt 0.527132 1.000000
vt 0.527132 0.000000
vt 0.529716 1.000000
vt 0.529716 0.000000
vt 0.532300 1.000000
vt 0.532300 0.000000
vt 0.534884 1.000000
vt 0.534884 0.000000
vt 0.537468 1.000000
vt 0.537468 0.000000
vt 0.540052 1.000000
vt 0.540052 0.000000
vt 0.542636 1.000000
vt 0.542636 0.000000
vt 0.545220 1.000000
vt 0.545220 0.000000
vt 0.547804 1.000000
vt 0.547804 0.000000
vt 0.550388 1.000000
vt 0.550388 0.000000
vt 0.552972 1.000000
vt 0.552972 0.000000
vt 0.558140 1.000000
vt 0.558140 0.000000
vt 0.560724 1.000000
vt 0.560724 0.000000
vt 0.563307 1.000000
vt 0.563307 0.000000
vt 0.565891 1.000000
vt 0.565891 0.000000
vt 0.568475 1.000000
vt 0.568475 0.000000
vt 0.571059 1.000000
vt 0.571059 0.000000
vt 0.573643 1.000000
vt 0.573643 0.000000
vt 0.576227 1.000000
vt 0.576227 0.000000
vt 0.578811 1.000000
vt 0.578811 0.000000
vt 0.581395 1.000000
vt 0.581395 0.000000
vt 0.583979 1.000000
vt 0.583979 0.000000
vt 0.586563 1.000000
vt 0.586563 0.000000
vt 0.589147 1.000000
vt 0.589147 0.000000
vt 0.591731 1.000000
vt 0.591731 0.000000
vt 0.594315 1.000000
vt 0.594315 0.000000
vt 0.596899 1.000000
vt 0.596899 0.000000
vt 0.599483 1.000000
vt 0.599483 0.000000
vt 0.602067 1.000000
vt 0.602067 0.000000
vt 0.604651 1.000000
vt 0.604651 0.000000
vt 0.607235 1.000000
vt 0.607235 0.000000
vt 0.609819 1.000000
vt 0.609819 0.000000
vt 0.612403 1.000000
vt 0.612403 0.000000
vt 0.614987 1.000000
vt 0.614987 0.000000
vt 0.617571 1.000000
vt 0.617571 0.000000
vt 0.620155 1.000000
vt 0.620155 0.000000
vt 0.622739 1.000000
vt 0.622739 0.000000
vt 0.625323 1.000000
vt 0.625323 0.000000
vt 0.627907 1.000000
vt 0.627907 0.000000
vt 0.630491 1.000000
vt 0.630491 0.000000
vt 0.633075 1.000000
vt 0.633075 0.000000
vt 0.635659 1.000000
vt 0.635659 0.000000
vt 0.638243 1.000000
vt 0.638243 0.000000
vt 0.640827 1.000000
vt 0.640827 0.000000
vt 0.643411 1.000000
vt 0.643411 0.000000
vt 0.645995 1.000000
vt 0.645995 0.000000
vt 0.648579 1.000000
vt 0.648579 0.000000
vt 0.651163 1.000000
vt 0.651163 0.000000
vt 0.653747 1.000000
vt 0.653747 0.000000
vt 0.656331 1.000000
vt 0.656331 0.000000
vt 0.658915 1.000000
vt 0.658915 0.000000
vt 0.661499 1.000000
vt 0.661499 0.000000
vt 0.664083 1.000000
vt 0.664083 0.000000
vt 0.669251 1.000000
vt 0.669251 0.000000
vt 0.671835 1.000000
vt 0.671835 0.000000
vt 0.674419 1.000000
vt 0.674419 0.000000
vt 0.677003 1.000000
vt 0.677003 0.000000
vt 0.679587 1.000000
vt 0.679587 0.000000
vt 0.682171 1.000000
vt 0.682171 0.000000
vt 0.684755 1.000000
vt 0.684755 0.000000
vt 0.687339 1.000000
vt 0.687339 0.000000
vt 0.689922 1.000000
vt 0.689922 0.000000
vt 0.692506 1.000000
vt 0.692506 0.000000
vt 0.695090 1.000000
vt 0.695090 0.000000
vt 0.697674 1.000000
vt 0.697674 0.000000
vt 0.700258 1.000000
vt 0.700258 0.000000
vt 0.702842 1.000000
vt 0.702842 0.000000
vt 0.705426 1.000000
vt 0.705426 0.000000
vt 0.708010 1.000000
vt 0.708010 0.000000
vt 0.710594 1.000000
vt 0.710594 0.000000
vt 0.713178 1.000000
vt 0.713178 0.000000
vt 0.715762 1.000000
vt 0.715762 0.000000
vt 0.718346 1.000000
vt 0.718346 0.000000
vt 0.720930 1.000000
vt 0.720930 0.000000
vt 0.723514 1.000000
vt 0.723514 0.000000
vt 0.726098 1.000000
vt 0.726098 0.000000
vt 0.728682 1.000000
vt 0.728682 0.000000
vt 0.731266 1.000000
vt 0.731266 0.000000
vt 0.733850 1.000000
vt 0.733850 0.000000
vt 0.736434 1.000000
vt 0.736434 0.000000
vt 0.739018 1.000000
vt 0.739018 0.000000
vt 0.741602 1.000000
vt 0.741602 0.000000
vt 0.744186 1.000000
vt 0.744186 0.000000
vt 0.746770 1.000000
vt 0.746770 0.000000
vt 0.749354 1.000000
vt 0.749354 0.000000
vt 0.751938 1.000000
vt 0.751938 0.000000
vt 0.754522 1.000000
vt 0.754522 0.000000
vt 0.757106 1.000000
vt 0.757106 0.000000
vt 0.759690 1.000000
vt 0.759690 0.000000
vt 0.762274 1.000000
vt 0.762274 0.000000
vt 0.764858 1.000000
vt 0.764858 0.000000
vt 0.767442 1.000000
vt 0.767442 0.000000
vt 0.770026 1.000000
vt 0.770026 0.000000
vt 0.772610 1.000000
vt 0.772610 0.000000
vt 0.775194 1.000000
vt 0.775194 0.000000
vt 0.780362 1.000000
vt 0.780362 0.000000
vt 0.782946 1.000000
vt 0.782946 0.000000
vt 0.785530 1.000000
vt 0.785530 0.000000
vt 0.788114 1.000000
vt 0.788114 0.000000
vt 0.790698 1.000000
vt 0.790698 0.000000
vt 0.793282 1.000000
vt 0.793282 0.000000
vt 0.795866 1.000000
vt 0.795866 0.000000
vt 0.798450 1.000000
vt 0.798450 0.000000
vt 0.801034 1.000000
vt 0.801034 0.000000
vt 0.803618 1.000000
vt 0.803618 0.000000
vt 0.806202 1.000000
vt 0.806202 0.000000
vt 0.808786 1.000000
vt 0.808786 0.000000
vt 0.811370 1.000000
vt 0.811370 0.000000
vt 0.813953 1.000000
vt 0.813953 0.000000
vt 0.816537 1.000000
vt 0.816537 0.000000
vt 0.819121 1.000000
vt 0.819121 0.000000
vt 0.821705 1.000000
vt 0.821705 0.000000
vt 0.824289 1.000000
vt 0.824289 0.000000
vt 0.826873 1.000000
vt 0.826873 0.000000
vt 0.829457 1.000000
vt 0.829457 0.000000
vt 0.832041 1.000000
vt 0.832041 0.000000
vt 0.834625 1.000000
vt 0.834625 0.000000
vt 0.837209 1.000000
vt 0.837209 0.000000
vt 0.839793 1.000000
vt 0.839793 0.000000
vt 0.842377 1.000000
vt 0.842377 0.000000
vt 0.844961 1.000000
vt 0.844961 0.000000
vt 0.847545 1.000000
vt 0.847545 0.000000
vt 0.850129 1.000000
vt 0.850129 0.000000
vt 0.852713 1.000000
vt 0.852713 0.000000
vt 0.855297 1.000000
vt 0.855297 0.000000
vt 0.857881 1.000000
vt 0.857881 0.000000
vt 0.860465 1.000000
vt 0.860465 0.000000
vt 0.863049 1.000000
vt 0.863049 0.000000
vt 0.865633 1.000000
vt 0.865633 0.000000
vt 0.868217 1.000000
vt 0.868217 0.000000
vt 0.870801 1.000000
vt 0.870801 0.000000
vt 0.873385 1.000000
vt 0.873385 0.000000
vt 0.875969 1.000000
vt 0.875969 0.000000
vt 0.878553 1.000000
vt 0.878553 0.000000
vt 0.881137 1.000000
vt 0.881137 0.000000
vt 0.883721 1.000000
vt 0.883721 0.000000
vt 0.886305 1.000000
vt 0.886305 0.000000
vt 0.891473 1.000000
vt 0.891473 0.000000
vt 0.894057 1.000000
vt 0.894057 0.000000
vt 0.896641 1.000000
vt 0.896641 0.000000
vt 0.899225 1.000000
vt 0.899225 0.000000
vt 0.901809 1.000000
vt 0.901809 0.000000
vt 0.904393 1.000000
vt 0.904393 0.000000
vt 0.906977 1.000000
vt 0.906977 0.000000
vt 0.909561 1.000000
vt 0.909561 0.000000
vt 0.912145 1.000000
vt 0.912145 0.000000
vt 0.914729 1.000000
vt 0.914729 0.000000
vt 0.917313 1.000000
vt 0.917313 0.000000
vt 0.919897 1.000000
vt 0.919897 0.000000
vt 0.922481 1.000000
vt 0.922481 0.000000
vt 0.925065 1.000000
vt 0.925065 0.000000
vt 0.927649 1.000000
vt 0.927649 0.000000
vt 0.930233 1.000000
vt 0.930233 0.000000
vt 0.932817 1.000000
vt 0.932817 0.000000
vt 0.935401 1.000000
vt 0.935401 0.000000
vt 0.937984 1.000000
vt 0.937984 0.000000
vt 0.940568 1.000000
vt 0.940568 0.000000
vt 0.943152 1.000000
vt 0.943152 0.000000
vt 0.945736 1.000000
vt 0.945736 0.000000
vt 0.948320 1.000000
vt 0.948320 0.000000
vt 0.950904 1.000000
vt 0.950904 0.000000
vt 0.953488 1.000000
vt 0.953488 0.000000
vt 0.956072 1.000000
vt 0.956072 0.000000
vt 0.958656 1.000000
vt 0.958656 0.000000
vt 0.961240 1.000000
vt 0.961240 0.000000
vt 0.963824 1.000000
vt 0.963824 0.000000
vt 0.966408 1.000000
vt 0.966408 0.000000
vt 0.968992 1.000000
vt 0.968992 0.000000
vt 0.971576 1.000000
vt 0.971576 0.000000
vt 0.974160 1.000000
vt 0.974160 0.000000
vt 0.976744 1.000000
vt 0.976744 0.000000
vt 0.979328 1.000000
vt 0.979328 0.000000
vt 0.981912 1.000000
vt 0.981912 0.000000
vt 0.984496 1.000000
vt 0.984496 0.000000
vt 0.987080 1.000000
vt 0.987080 0.000000
vt 0.989664 1.000000
vt 0.989664 0.000000
vt 0.992248 1.000000
vt 0.992248 0.000000
vt 0.994832 1.000000
vt 0.994832 0.000000
vt 0.997416 1.000000
vt 0.997416 0.000000
vt 0.006667 1.000000
vt 0.006667 0.000000
vt 0.013333 1.000000
vt 0.013333 0.000000
vt 0.020000 1.000000
vt 0.026667 1.000000
vt 0.026667 0.000000
vt 0.033333 1.000000
vt 0.033333 0.000000
vt 0.040000 1.000000
vt 0.046667 1.000000
vt 0.046667 0.000000
vt 0.053333 1.000000
vt 0.053333 0.000000
vt 0.060000 1.000000
vt 0.066667 1.000000
vt 0.066667 0.000000
vt 0.073333 1.000000
vt 0.073333 0.000000
vt 0.080000 1.000000
vt 0.086667 1.000000
vt 0.086667 0.000000
vt 0.093333 1.000000
vt 0.093333 0.000000
vt 0.100000 1.000000
vt 0.106667 1.000000
vt 0.106667 0.000000
vt 0.113333 1.000000
vt 0.113333 0.000000
vt 0.120000 1.000000
vt 0.126667 1.000000
vt 0.126667 0.000000
vt 0.133333 1.000000
vt 0.133333 0.000000
vt 0.140000 1.000000
vt 0.146667 1.000000
vt 0.146667 0.000000
vt 0.153333 1.000000
vt 0.153333 0.000000
vt 0.160000 1.000000
vt 0.173333 1.000000
vt 0.173333 0.000000
vt 0.180000 1.000000
vt 0.186667 1.000000
vt 0.186667 0.000000
vt 0.193333 1.000000
vt 0.193333 0.000000
vt 0.206667 1.000000
vt 0.206667 0.000000
vt 0.213333 1.000000
vt 0.213333 0.000000
vt 0.220000 1.000000
vt 0.226667 1.000000
vt 0.226667 0.000000
vt 0.233333 1.000000
vt 0.233333 0.000000
vt 0.240000 1.000000
vt 0.246667 1.000000
vt 0.246667 0.000000
vt 0.253333 1.000000
vt 0.253333 0.000000
vt 0.260000 1.000000
vt 0.266667 1.000000
vt 0.266667 0.000000
vt 0.273333 1.000000
vt 0.273333 0.000000
vt 0.280000 1.000000
vt 0.286667 1.000000
vt 0.286667 0.000000
vt 0.293333 1.000000
vt 0.293333 0.000000
vt 0.300000 1.000000
vt 0.306667 1.000000
vt 0.306667 0.000000
vt 0.313333 1.000000
vt 0.313333 0.000000
vt 0.320000 1.000000
vt 0.326667 1.000000
vt 0.326667 0.000000
vt 0.340000 1.000000
vt 0.346667 1.000000
vt 0.346667 0.000000
vt 0.353333 1.000000
vt 0.353333 0.000000
vt 0.360000 1.000000
vt 0.366667 1.000000
vt 0.366667 0.000000
vt 0.373333 1.000000
vt 0.373333 0.000000
vt 0.380000 1.000000
vt 0.386667 1.000000
vt 0.386667 0.000000
vt 0.393333 1.000000
vt 0.393333 0.000000
vt 0.406667 1.000000
vt 0.406667 0.000000
vt 0.413333 1.000000
vt 0.413333 0.000000
vt 0.420000 1.000000
vt 0.426667 1.000000
vt 0.426667 0.000000
vt 0.433333 1.000000
vt 0.433333 0.000000
vt 0.440000 1.000000
vt 0.446667 1.000000
vt 0.446667 0.000000
vt 0.453333 1.000000
vt 0.453333 0.000000
vt 0.460000 1.000000
vt 0.466667 1.000000
vt 0.466667 0.000000
vt 0.473333 1.000000
vt 0.473333 0.000000
vt 0.480000 1.000000
vt 0.486667 1.000000
vt 0.486667 0.000000
vt 0.493333 1.000000
vt 0.493333 0.000000
vt 0.506667 1.000000
vt 0.506667 0.000000
vt 0.513333 1.000000
vt 0.513333 0.000000
vt 0.520000 1.000000
vt 0.526667 1.000000
vt 0.526667 0.000000
vt 0.533333 1.000000
vt 0.533333 0.000000
vt 0.540000 1.000000
vt 0.546667 1.000000
vt 0.546667 0.000000
vt 0.553333 1.000000
vt 0.553333 0.000000
vt 0.560000 1.000000
vt 0.566667 1.000000
vt 0.566667 0.000000
vt 0.573333 1.000000
vt 0.573333 0.000000
vt 0.580000 1.000000
vt 0.586667 1.000000
vt 0.586667 0.000000
vt 0.593333 1.000000
vt 0.593333 0.000000
vt 0.606667 1.000000
vt 0.606667 0.000000
vt 0.613333 1.000000
vt 0.613333 0.000000
vt 0.620000 1.000000
vt 0.626667 1.000000
vt 0.626667 0.000000
vt 0.633333 1.000000
vt 0.633333 0.000000
vt 0.640000 1.000000
vt 0.646667 1.000000
vt 0.646667 0.000000
vt 0.653333 1.000000
vt 0.653333 0.000000
vt 0.660000 1.000000
vt 0.673333 1.000000
vt 0.673333 0.000000
vt 0.680000 1.000000
vt 0.686667 1.000000
vt 0.686667 0.000000
vt 0.693333 1.000000
vt 0.693333 0.000000
vt 0.700000 1.000000
vt 0.706667 1.000000
vt 0.706667 0.000000
vt 0.713333 1.000000
vt 0.713333 0.000000
vt 0.720000 1.000000
vt 0.726667 1.000000
vt 0.726667 0.000000
vt 0.733333 1.000000
vt 0.733333 0.000000
vt 0.740000 1.000000
vt 0.746667 1.000000
vt 0.746667 0.000000
vt 0.753333 1.000000
vt 0.753333 0.000000
vt 0.760000 1.000000
vt 0.766667 1.000000
vt 0.766667 0.000000
vt 0.773333 1.000000
vt 0.773333 0.000000
vt 0.780000 1.000000
vt 0.786667 1.000000
vt 0.786667 0.000000
vt 0.793333 1.000000
vt 0.793333 0.000000
vt 0.806667 1.000000
vt 0.806667 0.000000
vt 0.813333 1.000000
vt 0.813333 0.000000
vt 0.820000 1.000000
vt 0.826667 1.000000
vt 0.826667 0.000000
vt 0.840000 1.000000
vt 0.846667 1.000000
vt 0.846667 0.000000
vt 0.853333 1.000000
vt 0.853333 0.000000
vt 0.860000 1.000000
vt 0.866667 1.000000
vt 0.866667 0.000000
vt 0.873333 1.000000
vt 0.873333 0.000000
vt 0.880000 1.000000
vt 0.886667 1.000000
vt 0.886667 0.000000
vt 0.893333 1.000000
vt 0.893333 0.000000
vt 0.900000 1.000000
vt 0.906667 1.000000
vt 0.906667 0.000000
vt 0.913333 1.000000
vt 0.913333 0.000000
vt 0.920000 1.000000
vt 0.926667 1.000000
vt 0.926667 0.000000
vt 0.933333 1.000000
vt 0.933333 0.000000
vt 0.940000 1.000000
vt 0.946667 1.000000
vt 0.946667 0.000000
vt 0.953333 1.000000
vt 0.953333 0.000000
vt 0.960000 1.000000
vt 0.966667 1.000000
vt 0.966667 0.000000
vt 0.973333 1.000000
vt 0.973333 0.000000
vt 0.980000 1.000000
vt 0.986667 1.000000
vt 0.986667 0.000000
vt 0.993333 1.000000
vt 0.993333 0.000000
s 0
usemtl マテリアル
f 99/1/1 101/2/1 100/3/1
f 98/4/1 101/2/1 99/1/1
f 51/5/1 53/6/1 52/7/1
f 51/5/1 54/8/1 53/6/1
f 50/9/1 54/8/1 51/5/1
f 50/9/1 55/10/1 54/8/1
f 49/11/1 55/10/1 50/9/1
f 97/12/1 101/2/1 98/4/1
f 49/11/1 56/13/1 55/10/1
f 49/11/1 57/14/1 56/13/1
f 48/15/1 57/14/1 49/11/1
f 48/15/1 58/16/1 57/14/1
f 97/12/1 102/17/1 101/2/1
f 47/18/1 58/16/1 48/15/1
f 96/19/1 102/17/1 97/12/1
f 47/18/1 59/20/1 58/16/1
f 46/21/1 59/20/1 47/18/1
f 46/21/1 60/22/1 59/20/1
f 46/21/1 61/23/1 60/22/1
f 45/24/1 61/23/1 46/21/1
f 95/25/1 102/17/1 96/19/1
f 45/24/1 62/26/1 61/23/1
f 44/27/1 62/26/1 45/24/1
f 44/27/1 63/28/1 62/26/1
f 94/29/1 102/17/1 95/25/1
f 43/30/1 63/28/1 44/27/1
f 43/30/1 64/31/1 63/28/1
f 43/30/1 65/32/1 64/31/1
f 42/33/1 65/32/1 43/30/1
f 42/33/1 66/34/1 65/32/1
f 93/35/1 102/17/1 94/29/1
f 93/35/1 103/36/1 102/17/1
f 41/37/1 66/34/1 42/33/1
f 41/37/1 67/38/1 66/34/1
f 41/37/1 68/39/1 67/38/1
f 40/40/1 68/39/1 41/37/1
f 92/41/1 103/36/1 93/35/1
f 40/40/1 69/42/1 68/39/1
f 39/43/1 69/42/1 40/40/1
f 39/43/1 70/44/1 69/42/1
f 91/45/1 103/36/1 92/41/1
f 39/43/1 71/46/1 70/44/1
f 91/45/1 104/47/1 103/36/1
f 39/43/1 72/48/1 71/46/1
f 39/43/1 73/49/1 72/48/1
f 90/50/1 104/47/1 91/45/1
f 39/43/1 74/51/1 73/49/1
f 39/43/1 38/52/1 74/51/1
f 38/52/1 75/53/1 74/51/1
f 90/50/1 105/54/1 104/47/1
f 89/55/1 105/54/1 90/50/1
f 37/56/1 75/53/1 38/52/1
f 36/57/1 75/53/1 37/56/1
f 35/58/1 75/53/1 36/57/1
f 34/59/1 75/53/1 35/58/1
f 34/59/1 76/60/1 75/53/1
f 33/61/1 76/60/1 34/59/1
f 32/62/1 76/60/1 33/61/1
f 31/63/1 76/60/1 32/62/1
f 30/64/1 76/60/1 31/63/1
f 29/65/1 76/60/1 30/64/1
f 28/66/1 76/60/1 29/65/1
f 28/66/1 77/67/1 76/60/1
f 27/68/1 77/67/1 28/66/1
f 27/68/1 78/69/1 77/67/1
f 26/70/1 78/69/1 27/68/1
f 26/70/1 79/71/1 78/69/1
f 25/72/1 79/71/1 26/70/1
f 25/72/1 80/73/1 79/71/1
f 24/74/1 80/73/1 25/72/1
f 24/74/1 81/75/1 80/73/1
f 24/74/1 82/76/1 81/75/1
f 88/77/1 105/54/1 89/55/1
f 23/78/1 82/76/1 24/74/1
f 23/78/1 83/79/1 82/76/1
f 22/80/1 83/79/1 23/78/1
f 88/77/1 106/81/1 105/54/1
f 22/80/1 84/82/1 83/79/1
f 21/83/1 84/82/1 22/80/1
f 21/83/1 85/84/1 84/82/1
f 20/85/1 85/84/1 21/83/1
f 20/85/1 86/86/1 85/84/1
f 19/87/1 86/86/1 20/85/1
f 19/87/1 87/88/1 86/86/1
f 18/89/1 87/88/1 19/87/1
f 18/89/1 88/77/1 87/88/1
f 17/90/1 88/77/1 18/89/1
f 17/90/1 106/81/1 88/77/1
f 16/91/1 106/81/1 17/90/1
f 15/92/1 106/81/1 16/91/1
f 15/92/1 107/93/1 106/81/1
f 14/94/1 107/93/1 15/92/1
f 13/95/1 107/93/1 14/94/1
f 12/96/1 107/93/1 13/95/1
f 11/97/1 138/98/1 12/96/1
f 138/98/1 107/93/1 12/96/1
f 10/99/1 138/98/1 11/97/1
f 9/100/1 138/98/1 10/99/1
f 9/100/1 139/101/1 138/98/1
f 137/102/2 107/93/2 138/98/2
f 8/103/1 139/101/1 9/100/1
f 136/104/1 107/93/1 137/102/1
f 8/103/1 140/105/1 139/101/1
f 135/106/1 107/93/1 136/104/1
f 8/103/1 141/107/1 140/105/1
f 134/108/1 107/93/1 135/106/1
f 8/103/1 142/109/1 141/107/1
f 133/110/1 107/93/1 134/108/1
f 7/111/1 142/109/1 8/103/1
f 7/111/1 143/112/1 142/109/1
f 133/110/1 108/113/1 107/93/1
f 132/114/3 108/113/3 133/110/3
f 7/111/1 144/115/1 143/112/1
f 131/116/1 108/113/1 132/114/1
f 6/117/1 144/115/1 7/111/1
f 6/117/1 145/118/1 144/115/1
f 130/119/1 108/113/1 131/116/1
f 6/117/1 146/120/1 145/118/1
f 5/121/1 146/120/1 6/117/1
f 129/122/1 108/113/1 130/119/1
f 5/121/1 147/123/1 146/120/1
f 4/124/1 147/123/1 5/121/1
f 128/125/1 108/113/1 129/122/1
f 4/124/1 148/126/1 147/123/1
f 127/127/1 108/113/1 128/125/1
f 3/128/1 148/126/1 4/124/1
f 3/128/1 149/129/1 148/126/1
f 127/127/1 109/130/1 108/113/1
f 126/131/1 109/130/1 127/127/1
f 2/132/1 150/133/1 3/128/1
f 150/133/1 149/129/1 3/128/1
f 125/134/1 109/130/1 126/131/1
f 2/132/1 1/135/1 150/133/1
f 124/136/1 109/130/1 125/134/1
f 123/137/1 109/130/1 124/136/1
f 123/137/1 110/138/1 109/130/1
f 122/139/1 110/138/1 123/137/1
f 121/140/1 110/138/1 122/139/1
f 120/141/1 110/138/1 121/140/1
f 120/141/1 111/142/1 110/138/1
f 119/143/1 111/142/1 120/141/1
f 118/144/1 111/142/1 119/143/1
f 118/144/1 112/145/1 111/142/1
f 117/146/1 112/145/1 118/144/1
f 116/147/1 112/145/1 117/146/1
f 116/147/1 113/148/1 112/145/1
f 115/149/1 113/148/1 116/147/1
f 114/150/1 113/148/1 115/149/1
f 331/151/1 333/152/1 332/153/1
f 330/154/1 333/152/1 331/151/1
f 330/154/1 334/155/1 333/152/1
f 329/156/1 334/155/1 330/154/1
f 328/157/1 334/155/1 329/156/1
f 328/157/1 335/158/1 334/155/1
f 327/159/1 335/158/1 328/157/1
f 327/159/1 336/160/1 335/158/1
f 326/161/1 336/160/1 327/159/1
f 325/162/1 336/160/1 326/161/1
f 325/162/1 337/163/1 336/160/1
f 324/164/1 337/163/1 325/162/1
f 324/164/1 338/165/1 337/163/1
f 323/166/1 338/165/1 324/164/1
f 322/167/1 338/165/1 323/166/1
f 322/167/1 339/168/1 338/165/1
f 321/169/1 339/168/1 322/167/1
f 321/169/1 340/170/1 339/168/1
f 320/171/1 340/170/1 321/169/1
f 319/172/1 340/170/1 320/171/1
f 319/172/1 341/173/1 340/170/1
f 318/174/1 341/173/1 319/172/1
f 318/174/1 342/175/1 341/173/1
f 317/176/1 342/175/1 318/174/1
f 316/177/1 342/175/1 317/176/1
f 316/177/1 343/178/1 342/175/1
f 315/179/1 343/178/1 316/177/1
f 314/180/1 343/178/1 315/179/1
f 314/180/1 344/181/1 343/178/1
f 313/182/1 344/181/1 314/180/1
f 313/182/1 345/183/1 344/181/1
f 312/184/1 345/183/1 313/182/1
f 311/185/1 345/183/1 312/184/1
f 311/185/1 346/186/1 345/183/1
f 310/187/1 346/186/1 311/185/1
f 310/187/1 347/188/1 346/186/1
f 309/189/1 347/188/1 310/187/1
f 308/190/1 347/188/1 309/189/1
f 308/190/1 428/191/1 347/188/1
f 428/191/1 348/192/1 347/188/1
f 307/193/1 428/191/1 308/190/1
f 307/193/1 429/194/1 428/191/1
f 427/195/4 348/192/4 428/191/4
f 426/196/1 348/192/1 427/195/1
f 307/193/1 430/197/1 429/194/1
f 425/198/1 348/192/1 426/196/1
f 424/199/1 348/192/1 425/198/1
f 307/193/1 431/200/1 430/197/1
f 423/201/1 348/192/1 424/199/1
f 422/202/1 348/192/1 423/201/1
f 306/203/1 431/200/1 307/193/1
f 306/203/1 432/204/1 431/200/1
f 422/202/1 349/205/1 348/192/1
f 421/206/1 349/205/1 422/202/1
f 420/207/1 349/205/1 421/206/1
f 306/203/1 433/208/1 432/204/1
f 305/209/1 433/208/1 306/203/1
f 419/210/1 349/205/1 420/207/1
f 305/209/1 434/211/1 433/208/1
f 418/212/1 349/205/1 419/210/1
f 418/212/1 350/213/1 349/205/1
f 304/214/1 434/211/1 305/209/1
f 417/215/1 350/213/1 418/212/1
f 304/214/1 435/216/1 434/211/1
f 416/217/1 350/213/1 417/215/1
f 303/218/1 435/216/1 304/214/1
f 416/217/1 351/219/1 350/213/1
f 415/220/1 351/219/1 416/217/1
f 303/218/1 436/221/1 435/216/1
f 302/222/1 436/221/1 303/218/1
f 414/223/1 351/219/1 415/220/1
f 414/223/1 352/224/1 351/219/1
f 413/225/1 352/224/1 414/223/1
f 302/222/1 437/226/1 436/221/1
f 301/227/1 437/226/1 302/222/1
f 412/228/1 352/224/1 413/225/1
f 300/229/1 437/226/1 301/227/1
f 412/228/1 353/230/1 352/224/1
f 300/229/1 438/231/1 437/226/1
f 411/232/1 353/230/1 412/228/1
f 410/233/1 353/230/1 411/232/1
f 299/234/1 438/231/1 300/229/1
f 299/234/1 439/133/1 438/231/1
f 410/233/1 354/235/1 353/230/1
f 409/236/1 354/235/1 410/233/1
f 298/237/1 439/133/1 299/234/1
f 408/238/1 354/235/1 409/236/1
f 297/239/1 439/133/1 298/237/1
f 408/238/1 355/240/1 354/235/1
f 297/239/1 368/241/1 439/133/1
f 407/242/1 355/240/1 408/238/1
f 296/243/1 368/241/1 297/239/1
f 406/244/1 355/240/1 407/242/1
f 406/244/1 356/245/1 355/240/1
f 296/243/1 369/246/1 368/241/1
f 295/247/1 369/246/1 296/243/1
f 405/248/1 356/245/1 406/244/1
f 294/249/1 369/246/1 295/247/1
f 404/250/1 356/245/1 405/248/1
f 404/250/1 357/251/1 356/245/1
f 294/249/1 370/252/1 369/246/1
f 293/253/1 370/252/1 294/249/1
f 403/254/1 357/251/1 404/250/1
f 292/255/1 370/252/1 293/253/1
f 292/255/1 371/256/1 370/252/1
f 402/257/1 357/251/1 403/254/1
f 402/257/1 358/258/1 357/251/1
f 291/259/1 371/256/1 292/255/1
f 290/260/1 371/256/1 291/259/1
f 290/260/1 372/261/1 371/256/1
f 401/262/1 358/258/1 402/257/1
f 289/263/1 372/261/1 290/260/1
f 401/262/1 359/264/1 358/258/1
f 400/265/1 359/264/1 401/262/1
f 289/263/1 373/266/1 372/261/1
f 288/267/1 373/266/1 289/263/1
f 287/268/1 373/266/1 288/267/1
f 399/269/1 359/264/1 400/265/1
f 399/269/1 360/270/1 359/264/1
f 287/268/1 374/271/1 373/266/1
f 286/272/1 374/271/1 287/268/1
f 398/273/1 360/270/1 399/269/1
f 285/274/1 374/271/1 286/272/1
f 398/273/1 361/275/1 360/270/1
f 397/276/1 361/275/1 398/273/1
f 285/274/1 375/277/1 374/271/1
f 284/278/1 375/277/1 285/274/1
f 396/279/1 361/275/1 397/276/1
f 283/280/1 375/277/1 284/278/1
f 396/279/1 362/281/1 361/275/1
f 283/280/1 376/282/1 375/277/1
f 395/283/1 362/281/1 396/279/1
f 282/284/1 376/282/1 283/280/1
f 394/285/1 362/281/1 395/283/1
f 281/286/1 376/282/1 282/284/1
f 394/285/1 363/287/1 362/281/1
f 281/286/1 377/288/1 376/282/1
f 393/289/1 363/287/1 394/285/1
f 280/290/1 377/288/1 281/286/1
f 393/289/1 364/291/1 363/287/1
f 392/292/1 364/291/1 393/289/1
f 279/293/1 377/288/1 280/290/1
f 279/293/1 378/294/1 377/288/1
f 391/295/1 364/291/1 392/292/1
f 278/296/1 378/294/1 279/293/1
f 391/295/1 365/297/1 364/291/1
f 390/298/1 365/297/1 391/295/1
f 277/299/1 378/294/1 278/296/1
f 389/300/1 365/297/1 390/298/1
f 389/300/1 366/301/1 365/297/1
f 277/299/1 379/302/1 378/294/1
f 276/303/1 379/302/1 277/299/1
f 388/304/1 366/301/1 389/300/1
f 387/305/1 366/301/1 388/304/1
f 387/305/1 367/306/1 366/301/1
f 275/307/1 379/302/1 276/303/1
f 386/308/1 367/306/1 387/305/1
f 275/307/1 380/309/1 379/302/1
f 385/310/1 367/306/1 386/308/1
f 274/311/1 380/309/1 275/307/1
f 385/310/1 151/135/1 367/306/1
f 384/312/1 151/135/1 385/310/1
f 383/313/1 151/135/1 384/312/1
f 273/314/1 380/309/1 274/311/1
f 383/313/1 152/315/1 151/135/1
f 382/316/1 152/315/1 383/313/1
f 381/317/1 152/315/1 382/316/1
f 380/309/1 152/315/1 381/317/1
f 272/318/1 380/309/1 273/314/1
f 272/318/1 152/315/1 380/309/1
f 272/318/1 153/319/1 152/315/1
f 271/320/1 153/319/1 272/318/1
f 271/320/1 154/321/1 153/319/1
f 271/320/1 155/322/1 154/321/1
f 270/323/1 155/322/1 271/320/1
f 270/323/1 156/324/1 155/322/1
f 269/325/1 156/324/1 270/323/1
f 269/325/1 157/326/1 156/324/1
f 269/325/1 158/327/1 157/326/1
f 268/328/1 158/327/1 269/325/1
f 268/328/1 159/329/1 158/327/1
f 268/328/1 160/330/1 159/329/1
f 267/331/1 160/330/1 268/328/1
f 267/331/1 161/332/1 160/330/1
f 267/331/1 162/333/1 161/332/1
f 267/331/1 163/334/1 162/333/1
f 267/331/1 164/335/1 163/334/1
f 266/336/1 164/335/1 267/331/1
f 266/336/1 165/337/1 164/335/1
f 266/336/1 166/338/1 165/337/1
f 265/339/1 166/338/1 266/336/1
f 265/339/1 167/340/1 166/338/1
f 265/339/1 168/341/1 167/340/1
f 264/342/1 168/341/1 265/339/1
f 264/342/1 169/343/1 168/341/1
f 264/342/1 170/344/1 169/343/1
f 264/342/1 171/345/1 170/344/1
f 263/346/1 171/345/1 264/342/1
f 263/346/1 172/347/1 171/345/1
f 263/346/1 173/348/1 172/347/1
f 262/349/1 173/348/1 263/346/1
f 262/349/1 174/350/1 173/348/1
f 262/349/1 175/351/1 174/350/1
f 262/349/1 176/352/1 175/351/1
f 261/353/1 176/352/1 262/349/1
f 260/354/1 176/352/1 261/353/1
f 260/354/1 177/355/1 176/352/1
f 259/356/1 177/355/1 260/354/1
f 259/356/1 178/357/1 177/355/1
f 258/358/1 178/357/1 259/356/1
f 258/358/1 179/359/1 178/357/1
f 257/360/1 179/359/1 258/358/1
f 257/360/1 180/361/1 179/359/1
f 257/360/1 181/362/1 180/361/1
f 256/363/1 181/362/1 257/360/1
f 256/363/1 182/364/1 181/362/1
f 255/365/1 182/364/1 256/363/1
f 255/365/1 183/366/1 182/364/1
f 255/365/1 184/367/1 183/366/1
f 254/368/1 184/367/1 255/365/1
f 254/368/1 185/369/1 184/367/1
f 253/370/1 185/369/1 254/368/1
f 253/370/1 186/371/1 185/369/1
f 253/370/1 187/372/1 186/371/1
f 210/373/1 212/374/1 211/375/1
f 252/376/1 187/372/1 253/370/1
f 252/376/1 188/377/1 187/372/1
f 209/378/1 212/374/1 210/373/1
f 252/376/1 189/379/1 188/377/1
f 251/380/1 189/379/1 252/376/1
f 208/381/1 212/374/1 209/378/1
f 251/380/1 190/382/1 189/379/1
f 207/383/1 212/374/1 208/381/1
f 251/380/1 191/384/1 190/382/1
f 207/383/1 213/385/1 212/374/1
f 250/386/1 191/384/1 251/380/1
f 206/387/1 213/385/1 207/383/1
f 250/386/1 192/388/1 191/384/1
f 206/387/1 214/389/1 213/385/1
f 205/390/1 214/389/1 206/387/1
f 250/386/1 193/391/1 192/388/1
f 204/392/1 214/389/1 205/390/1
f 250/386/1 194/393/1 193/391/1
f 204/392/1 215/394/1 214/389/1
f 249/395/1 194/393/1 250/386/1
f 203/396/1 215/394/1 204/392/1
f 249/395/1 195/397/1 194/393/1
f 202/398/1 215/394/1 203/396/1
f 249/395/1 196/399/1 195/397/1
f 201/400/1 215/394/1 202/398/1
f 249/395/1 197/401/1 196/399/1
f 201/400/1 216/402/1 215/394/1
f 200/403/1 216/402/1 201/400/1
f 249/395/1 198/404/1 197/401/1
f 199/405/1 216/402/1 200/403/1
f 249/395/1 199/405/1 198/404/1
f 249/395/1 216/402/1 199/405/1
f 248/406/1 216/402/1 249/395/1
f 248/406/1 217/407/1 216/402/1
f 248/406/1 218/408/1 217/407/1
f 247/409/1 218/408/1 248/406/1
f 247/409/1 219/410/1 218/408/1
f 247/409/1 220/411/1 219/410/1
f 246/412/1 220/411/1 247/409/1
f 246/412/1 221/413/1 220/411/1
f 245/414/1 221/413/1 246/412/1
f 245/414/1 222/415/1 221/413/1
f 245/414/1 223/416/1 222/415/1
f 244/417/1 223/416/1 245/414/1
f 244/417/1 224/418/1 223/416/1
f 243/419/1 224/418/1 244/417/1
f 243/419/1 225/420/1 224/418/1
f 243/419/1 226/421/1 225/420/1
f 242/422/1 226/421/1 243/419/1
f 242/422/1 227/423/1 226/421/1
f 241/424/1 227/423/1 242/422/1
f 241/424/1 228/425/1 227/423/1
f 241/424/1 229/426/1 228/425/1
f 240/427/1 229/426/1 241/424/1
f 240/427/1 230/428/1 229/426/1
f 239/429/1 230/428/1 240/427/1
f 239/429/1 231/430/1 230/428/1
f 239/429/1 232/431/1 231/430/1
f 238/432/1 232/431/1 239/429/1
f 238/432/1 233/433/1 232/431/1
f 237/434/1 233/433/1 238/432/1
f 237/434/1 234/435/1 233/433/1
f 237/434/1 235/436/1 234/435/1
f 236/437/1 235/436/1 237/434/1
f 511/438/1 513/439/1 512/440/1
f 718/441/1 720/442/1 719/443/1
f 718/441/1 721/444/1 720/442/1
f 717/445/1 721/444/1 718/441/1
f 717/445/1 722/446/1 721/444/1
f 717/445/1 723/447/1 722/446/1
f 716/448/1 723/447/1 717/445/1
f 716/448/1 724/449/1 723/447/1
f 716/448/1 725/450/1 724/449/1
f 715/451/1 725/450/1 716/448/1
f 715/451/1 726/452/1 725/450/1
f 510/453/1 513/439/1 511/438/1
f 715/451/1 727/454/1 726/452/1
f 714/455/1 727/454/1 715/451/1
f 714/455/1 728/456/1 727/454/1
f 510/453/1 514/457/1 513/439/1
f 714/455/1 729/458/1 728/456/1
f 713/459/1 729/458/1 714/455/1
f 509/460/1 514/457/1 510/453/1
f 713/459/1 730/461/1 729/458/1
f 712/462/1 730/461/1 713/459/1
f 712/462/1 731/463/1 730/461/1
f 508/464/1 514/457/1 509/460/1
f 712/462/1 732/465/1 731/463/1
f 711/466/1 732/465/1 712/462/1
f 711/466/1 733/467/1 732/465/1
f 508/464/1 515/468/1 514/457/1
f 507/469/1 515/468/1 508/464/1
f 711/466/1 734/470/1 733/467/1
f 710/471/1 734/470/1 711/466/1
f 710/471/1 735/472/1 734/470/1
f 506/473/1 515/468/1 507/469/1
f 710/471/1 736/474/1 735/472/1
f 709/475/1 736/474/1 710/471/1
f 505/476/1 515/468/1 506/473/1
f 709/475/1 737/477/1 736/474/1
f 505/476/1 516/478/1 515/468/1
f 709/475/1 738/479/1 737/477/1
f 708/480/1 738/479/1 709/475/1
f 504/481/1 516/478/1 505/476/1
f 708/480/1 739/482/1 738/479/1
f 503/483/1 516/478/1 504/481/1
f 708/480/1 740/484/1 739/482/1
f 707/485/1 740/484/1 708/480/1
f 503/483/1 517/486/1 516/478/1
f 502/487/1 517/486/1 503/483/1
f 707/485/1 741/488/1 740/484/1
f 501/489/1 517/486/1 502/487/1
f 706/490/1 741/488/1 707/485/1
f 706/490/1 742/491/1 741/488/1
f 500/492/1 517/486/1 501/489/1
f 706/490/1 743/493/1 742/491/1
f 500/492/1 518/494/1 517/486/1
f 499/495/1 518/494/1 500/492/1
f 706/490/1 744/496/1 743/493/1
f 706/490/1 745/497/1 744/496/1
f 499/495/1 519/498/1 518/494/1
f 706/490/1 746/499/1 745/497/1
f 706/490/1 747/500/1 746/499/1
f 498/501/1 519/498/1 499/495/1
f 706/490/1 748/502/1 747/500/1
f 498/501/1 520/503/1 519/498/1
f 706/490/1 749/504/1 748/502/1
f 706/490/1 750/505/1 749/504/1
f 705/506/1 750/505/1 706/490/1
f 704/507/1 750/505/1 705/506/1
f 497/508/1 520/503/1 498/501/1
f 703/509/1 750/505/1 704/507/1
f 702/510/1 750/505/1 703/509/1
f 701/511/1 750/505/1 702/510/1
f 700/512/1 750/505/1 701/511/1
f 699/513/1 750/505/1 700/512/1
f 698/514/1 750/505/1 699/513/1
f 697/515/1 750/505/1 698/514/1
f 696/516/1 750/505/1 697/515/1
f 497/508/1 521/517/1 520/503/1
f 695/518/1 750/505/1 696/516/1
f 694/519/1 750/505/1 695/518/1
f 693/520/1 750/505/1 694/519/1
f 692/521/1 750/505/1 693/520/1
f 692/521/1 751/522/1 750/505/1
f 691/523/1 751/522/1 692/521/1
f 690/524/1 751/522/1 691/523/1
f 689/525/1 751/522/1 690/524/1
f 688/526/1 751/522/1 689/525/1
f 687/527/1 751/522/1 688/526/1
f 686/528/1 751/522/1 687/527/1
f 685/529/1 751/522/1 686/528/1
f 684/530/1 751/522/1 685/529/1
f 683/531/1 751/522/1 684/530/1
f 682/532/1 751/522/1 683/531/1
f 682/532/1 752/533/1 751/522/1
f 681/534/1 752/533/1 682/532/1
f 680/535/1 752/533/1 681/534/1
f 679/536/1 752/533/1 680/535/1
f 678/537/1 752/533/1 679/536/1
f 677/538/1 752/533/1 678/537/1
f 676/539/1 752/533/1 677/538/1
f 497/508/1 522/540/1 521/517/1
f 675/541/1 752/533/1 676/539/1
f 675/541/1 753/542/1 752/533/1
f 496/543/1 522/540/1 497/508/1
f 674/544/1 753/542/1 675/541/1
f 673/545/1 753/542/1 674/544/1
f 672/546/1 753/542/1 673/545/1
f 671/547/1 753/542/1 672/546/1
f 670/548/1 753/542/1 671/547/1
f 670/548/1 754/549/1 753/542/1
f 669/550/1 754/549/1 670/548/1
f 668/551/1 754/549/1 669/550/1
f 667/552/1 754/549/1 668/551/1
f 666/553/1 754/549/1 667/552/1
f 666/553/1 755/554/1 754/549/1
f 496/543/1 523/555/1 522/540/1
f 665/556/1 755/554/1 666/553/1
f 664/557/1 755/554/1 665/556/1
f 663/558/1 755/554/1 664/557/1
f 495/559/1 523/555/1 496/543/1
f 662/560/1 755/554/1 663/558/1
f 662/560/1 756/561/1 755/554/1
f 661/562/1 756/561/1 662/560/1
f 660/563/1 756/561/1 661/562/1
f 659/564/1 756/561/1 660/563/1
f 659/564/1 757/565/1 756/561/1
f 658/566/1 757/565/1 659/564/1
f 495/559/1 524/567/1 523/555/1
f 657/568/1 757/565/1 658/566/1
f 656/569/1 757/565/1 657/568/1
f 494/570/1 524/567/1 495/559/1
f 656/569/1 758/571/1 757/565/1
f 655/572/1 758/571/1 656/569/1
f 655/572/1 759/573/1 758/571/1
f 654/574/1 759/573/1 655/572/1
f 494/570/1 525/575/1 524/567/1
f 653/576/1 759/573/1 654/574/1
f 653/576/1 760/577/1 759/573/1
f 493/578/1 525/575/1 494/570/1
f 652/579/1 760/577/1 653/576/1
f 652/579/1 761/580/1 760/577/1
f 493/578/1 526/581/1 525/575/1
f 651/582/1 761/580/1 652/579/1
f 651/582/1 762/583/1 761/580/1
f 650/584/1 762/583/1 651/582/1
f 492/585/1 526/581/1 493/578/1
f 649/586/1 762/583/1 650/584/1
f 492/585/1 527/587/1 526/581/1
f 649/586/1 763/588/1 762/583/1
f 648/589/1 763/588/1 649/586/1
f 648/589/1 764/590/1 763/588/1
f 491/591/1 527/587/1 492/585/1
f 647/592/1 764/590/1 648/589/1
f 491/591/1 528/593/1 527/587/1
f 647/592/1 765/594/1 764/590/1
f 646/595/1 765/594/1 647/592/1
f 646/595/1 766/596/1 765/594/1
f 490/597/1 528/593/1 491/591/1
f 645/598/1 766/596/1 646/595/1
f 490/597/1 529/599/1 528/593/1
f 645/598/1 767/600/1 766/596/1
f 644/601/1 767/600/1 645/598/1
f 644/601/1 768/602/1 767/600/1
f 490/597/1 530/603/1 529/599/1
f 489/604/1 530/603/1 490/597/1
f 643/605/1 768/602/1 644/601/1
f 643/605/1 769/606/1 768/602/1
f 642/607/1 769/606/1 643/605/1
f 642/607/1 770/608/1 769/606/1
f 489/604/1 531/609/1 530/603/1
f 488/610/1 531/609/1 489/604/1
f 641/611/1 770/608/1 642/607/1
f 641/611/1 771/612/1 770/608/1
f 640/613/1 771/612/1 641/611/1
f 488/610/1 532/614/1 531/609/1
f 640/613/1 772/615/1 771/612/1
f 487/616/1 532/614/1 488/610/1
f 639/617/1 772/615/1 640/613/1
f 639/617/1 773/618/1 772/615/1
f 638/619/1 773/618/1 639/617/1
f 487/616/1 533/620/1 532/614/1
f 638/619/1 774/621/1 773/618/1
f 486/622/1 533/620/1 487/616/1
f 637/623/1 774/621/1 638/619/1
f 637/623/1 775/624/1 774/621/1
f 636/625/1 775/624/1 637/623/1
f 486/622/1 534/626/1 533/620/1
f 485/627/1 534/626/1 486/622/1
f 636/625/1 776/628/1 775/624/1
f 635/629/1 776/628/1 636/625/1
f 635/629/1 777/630/1 776/628/1
f 485/627/1 535/631/1 534/626/1
f 634/632/1 777/630/1 635/629/1
f 484/633/1 535/631/1 485/627/1
f 634/632/1 778/634/1 777/630/1
f 633/247/1 778/634/1 634/632/1
f 484/633/1 536/635/1 535/631/1
f 633/247/1 779/636/1 778/634/1
f 632/637/1 779/636/1 633/247/1
f 483/638/1 536/635/1 484/633/1
f 632/637/1 780/639/1 779/636/1
f 631/640/1 780/639/1 632/637/1
f 483/638/1 537/641/1 536/635/1
f 631/640/1 781/642/1 780/639/1
f 482/643/1 537/641/1 483/638/1
f 630/644/1 781/642/1 631/640/1
f 630/644/1 782/645/1 781/642/1
f 629/646/1 782/645/1 630/644/1
f 482/643/1 538/647/1 537/641/1
f 481/648/1 538/647/1 482/643/1
f 629/646/1 783/649/1 782/645/1
f 628/650/1 783/649/1 629/646/1
f 628/650/1 784/651/1 783/649/1
f 481/648/1 539/652/1 538/647/1
f 627/653/1 784/651/1 628/650/1
f 480/654/1 539/652/1 481/648/1
f 627/653/1 785/655/1 784/651/1
f 626/656/1 785/655/1 627/653/1
f 480/654/1 540/657/1 539/652/1
f 626/656/1 786/658/1 785/655/1
f 479/659/1 540/657/1 480/654/1
f 625/660/1 786/658/1 626/656/1
f 625/660/1 787/661/1 786/658/1
f 624/662/1 787/661/1 625/660/1
f 479/659/1 541/663/1 540/657/1
f 478/664/1 541/663/1 479/659/1
f 624/662/1 788/665/1 787/661/1
f 623/666/1 788/665/1 624/662/1
f 623/666/1 789/667/1 788/665/1
f 622/668/1 789/667/1 623/666/1
f 478/664/1 542/669/1 541/663/1
f 477/670/1 542/669/1 478/664/1
f 622/668/1 790/671/1 789/667/1
f 621/672/1 790/671/1 622/668/1
f 621/672/1 791/673/1 790/671/1
f 477/670/1 543/674/1 542/669/1
f 476/675/1 543/674/1 477/670/1
f 620/676/1 791/673/1 621/672/1
f 620/676/1 792/677/1 791/673/1
f 619/678/1 792/677/1 620/676/1
f 476/675/1 544/679/1 543/674/1
f 475/680/1 544/679/1 476/675/1
f 619/678/1 793/681/1 792/677/1
f 618/682/1 793/681/1 619/678/1
f 618/682/1 794/683/1 793/681/1
f 617/684/1 794/683/1 618/682/1
f 474/685/1 544/679/1 475/680/1
f 474/685/1 545/686/1 544/679/1
f 617/684/1 795/687/1 794/683/1
f 616/688/1 795/687/1 617/684/1
f 615/689/1 795/687/1 616/688/1
f 615/689/1 796/690/1 795/687/1
f 473/691/1 545/686/1 474/685/1
f 473/691/1 546/692/1 545/686/1
f 614/693/1 796/690/1 615/689/1
f 614/693/1 797/694/1 796/690/1
f 613/695/1 797/694/1 614/693/1
f 613/695/1 798/696/1 797/694/1
f 472/697/1 546/692/1 473/691/1
f 472/697/1 547/698/1 546/692/1
f 612/699/1 798/696/1 613/695/1
f 612/699/1 799/700/1 798/696/1
f 611/701/1 799/700/1 612/699/1
f 471/702/1 547/698/1 472/697/1
f 611/701/1 800/703/1 799/700/1
f 610/704/1 800/703/1 611/701/1
f 471/702/1 548/705/1 547/698/1
f 610/704/1 801/706/1 800/703/1
f 609/707/1 801/706/1 610/704/1
f 470/708/1 548/705/1 471/702/1
f 609/707/1 802/709/1 801/706/1
f 470/708/1 549/710/1 548/705/1
f 609/707/1 803/711/1 802/709/1
f 469/712/1 549/710/1 470/708/1
f 608/713/1 803/711/1 609/707/1
f 608/713/1 804/714/1 803/711/1
f 469/712/1 550/715/1 549/710/1
f 608/713/1 805/716/1 804/714/1
f 468/717/1 550/715/1 469/712/1
f 608/713/1 806/718/1 805/716/1
f 468/717/1 551/719/1 550/715/1
f 607/720/1 806/718/1 608/713/1
f 607/720/1 807/721/1 806/718/1
f 467/722/1 551/719/1 468/717/1
f 607/720/1 808/723/1 807/721/1
f 467/722/1 552/724/1 551/719/1
f 607/720/1 809/725/1 808/723/1
f 466/726/1 552/724/1 467/722/1
f 606/727/1 809/725/1 607/720/1
f 606/727/1 810/728/1 809/725/1
f 466/726/1 553/729/1 552/724/1
f 606/727/1 811/730/1 810/728/1
f 465/731/1 553/729/1 466/726/1
f 606/727/1 812/732/1 811/730/1
f 605/733/1 812/732/1 606/727/1
f 465/731/1 554/734/1 553/729/1
f 605/733/1 813/735/1 812/732/1
f 464/736/1 554/734/1 465/731/1
f 605/733/1 814/737/1 813/735/1
f 605/733/1 815/738/1 814/737/1
f 464/736/1 555/739/1 554/734/1
f 463/740/1 555/739/1 464/736/1
f 604/741/1 815/738/1 605/733/1
f 604/741/1 816/742/1 815/738/1
f 604/741/1 817/743/1 816/742/1
f 462/744/1 555/739/1 463/740/1
f 462/744/1 556/745/1 555/739/1
f 604/741/1 818/746/1 817/743/1
f 604/741/1 819/747/1 818/746/1
f 603/748/1 819/747/1 604/741/1
f 603/748/1 820/749/1 819/747/1
f 461/750/1 556/745/1 462/744/1
f 461/750/1 557/751/1 556/745/1
f 603/748/1 821/752/1 820/749/1
f 603/748/1 822/753/1 821/752/1
f 602/754/1 822/753/1 603/748/1
f 460/755/1 557/751/1 461/750/1
f 460/755/1 558/756/1 557/751/1
f 602/754/1 823/757/1 822/753/1
f 602/754/1 824/758/1 823/757/1
f 459/759/1 558/756/1 460/755/1
f 459/759/1 559/760/1 558/756/1
f 602/754/1 825/761/1 824/758/1
f 601/762/1 825/761/1 602/754/1
f 601/762/1 826/133/1 825/761/1
f 458/763/1 559/760/1 459/759/1
f 601/762/1 440/135/1 826/133/1
f 458/763/1 560/764/1 559/760/1
f 601/762/1 441/765/1 440/135/1
f 600/766/1 441/765/1 601/762/1
f 457/767/1 560/764/1 458/763/1
f 600/766/1 442/768/1 441/765/1
f 457/767/1 561/769/1 560/764/1
f 600/766/1 443/770/1 442/768/1
f 456/771/1 561/769/1 457/767/1
f 599/772/1 443/770/1 600/766/1
f 599/772/1 444/773/1 443/770/1
f 456/771/1 562/774/1 561/769/1
f 599/772/1 445/775/1 444/773/1
f 455/776/1 562/774/1 456/771/1
f 599/772/1 446/777/1 445/775/1
f 455/776/1 563/778/1 562/774/1
f 598/779/1 446/777/1 599/772/1
f 598/779/1 447/780/1 446/777/1
f 454/781/1 563/778/1 455/776/1
f 454/781/1 564/782/1 563/778/1
f 598/779/1 448/783/1 447/780/1
f 598/779/1 449/784/1 448/783/1
f 453/785/1 564/782/1 454/781/1
f 597/786/1 449/784/1 598/779/1
f 453/785/1 565/787/1 564/782/1
f 597/786/1 450/788/1 449/784/1
f 597/786/1 451/789/1 450/788/1
f 452/790/1 565/787/1 453/785/1
f 452/790/1 566/791/1 565/787/1
f 597/786/1 452/790/1 451/789/1
f 596/792/1 452/790/1 597/786/1
f 596/792/1 566/791/1 452/790/1
f 596/792/1 567/793/1 566/791/1
f 595/794/1 567/793/1 596/792/1
f 595/794/1 568/795/1 567/793/1
f 595/794/1 569/796/1 568/795/1
f 594/797/1 569/796/1 595/794/1
f 594/797/1 570/798/1 569/796/1
f 593/799/1 570/798/1 594/797/1
f 593/799/1 571/800/1 570/798/1
f 593/799/1 572/801/1 571/800/1
f 592/802/1 572/801/1 593/799/1
f 592/802/1 573/803/1 572/801/1
f 592/802/1 574/804/1 573/803/1
f 591/805/1 574/804/1 592/802/1
f 591/805/1 575/806/1 574/804/1
f 590/807/1 575/806/1 591/805/1
f 590/807/1 576/808/1 575/806/1
f 590/807/1 577/809/1 576/808/1
f 589/810/1 577/809/1 590/807/1
f 589/810/1 578/811/1 577/809/1
f 589/810/1 579/812/1 578/811/1
f 588/813/1 579/812/1 589/810/1
f 588/813/1 580/814/1 579/812/1
f 588/813/1 581/815/1 580/814/1
f 588/813/1 582/816/1 581/815/1
f 587/817/1 582/816/1 588/813/1
f 587/817/1 583/818/1 582/816/1
f 587/817/1 584/819/1 583/818/1
f 586/820/1 584/819/1 587/817/1
f 586/820/1 585/821/1 584/819/1
f 886/822/1 888/823/1 887/824/1
f 886/822/1 889/825/1 888/823/1
f 885/826/1 889/825/1 886/822/1
f 885/826/1 890/827/1 889/825/1
f 884/828/1 890/827/1 885/826/1
f 884/828/1 891/829/1 890/827/1
f 883/830/1 891/829/1 884/828/1
f 883/830/1 892/831/1 891/829/1
f 883/830/1 893/832/1 892/831/1
f 882/833/1 893/832/1 883/830/1
f 882/833/1 894/834/1 893/832/1
f 881/835/1 894/834/1 882/833/1
f 881/835/1 895/836/1 894/834/1
f 880/837/1 895/836/1 881/835/1
f 880/837/1 959/838/1 895/836/1
f 959/838/1 896/839/1 895/836/1
f 880/837/1 960/840/1 959/838/1
f 958/841/1 896/839/1 959/838/1
f 957/842/1 896/839/1 958/841/1
f 880/837/1 961/843/1 960/840/1
f 956/844/1 896/839/1 957/842/1
f 956/844/1 897/845/1 896/839/1
f 880/837/1 962/846/1 961/843/1
f 955/847/1 897/845/1 956/844/1
f 879/848/1 962/846/1 880/837/1
f 954/849/1 897/845/1 955/847/1
f 879/848/1 963/850/1 962/846/1
f 953/851/1 897/845/1 954/849/1
f 953/851/1 898/852/1 897/845/1
f 879/848/1 964/853/1 963/850/1
f 952/854/1 898/852/1 953/851/1
f 878/855/1 964/853/1 879/848/1
f 878/855/1 965/856/1 964/853/1
f 951/857/1 898/852/1 952/854/1
f 951/857/1 899/858/1 898/852/1
f 950/859/1 899/858/1 951/857/1
f 878/855/1 966/860/1 965/856/1
f 877/861/1 966/860/1 878/855/1
f 950/859/1 900/862/1 899/858/1
f 949/863/1 900/862/1 950/859/1
f 877/861/1 967/864/1 966/860/1
f 948/865/1 900/862/1 949/863/1
f 948/865/1 901/866/1 900/862/1
f 876/867/1 967/864/1 877/861/1
f 947/868/1 901/866/1 948/865/1
f 876/867/1 968/869/1 967/864/1
f 947/868/1 902/870/1 901/866/1
f 946/871/1 902/870/1 947/868/1
f 876/867/1 969/872/1 968/869/1
f 875/873/1 969/872/1 876/867/1
f 945/874/1 902/870/1 946/871/1
f 945/874/1 903/875/1 902/870/1
f 875/873/1 970/876/1 969/872/1
f 944/877/1 903/875/1 945/874/1
f 874/878/1 970/876/1 875/873/1
f 944/877/1 904/879/1 903/875/1
f 943/880/1 904/879/1 944/877/1
f 874/878/1 971/881/1 970/876/1
f 943/880/1 905/882/1 904/879/1
f 942/883/1 905/882/1 943/880/1
f 873/884/1 971/881/1 874/878/1
f 873/884/1 972/885/1 971/881/1
f 941/886/1 905/882/1 942/883/1
f 941/886/1 906/887/1 905/882/1
f 872/888/1 972/885/1 873/884/1
f 940/889/1 906/887/1 941/886/1
f 872/888/1 973/890/1 972/885/1
f 940/889/1 907/891/1 906/887/1
f 939/892/1 907/891/1 940/889/1
f 871/893/1 973/890/1 872/888/1
f 871/893/1 974/894/1 973/890/1
f 939/892/1 908/895/1 907/891/1
f 938/896/1 908/895/1 939/892/1
f 870/897/1 974/894/1 871/893/1
f 870/897/1 975/898/1 974/894/1
f 937/899/1 908/895/1 938/896/1
f 937/899/1 909/900/1 908/895/1
f 936/901/1 909/900/1 937/899/1
f 870/897/1 976/902/1 975/898/1
f 936/901/1 910/903/1 909/900/1
f 869/904/1 976/902/1 870/897/1
f 935/905/1 910/903/1 936/901/1
f 935/905/1 911/906/1 910/903/1
f 869/904/1 977/907/1 976/902/1
f 868/908/1 977/907/1 869/904/1
f 934/909/1 911/906/1 935/905/1
f 934/909/1 912/910/1 911/906/1
f 868/908/1 978/911/1 977/907/1
f 867/912/1 978/911/1 868/908/1
f 933/913/1 912/910/1 934/909/1
f 867/912/1 979/914/1 978/911/1
f 933/913/1 913/915/1 912/910/1
f 866/916/1 979/914/1 867/912/1
f 932/917/1 913/915/1 933/913/1
f 866/916/1 980/918/1 979/914/1
f 932/917/1 914/919/1 913/915/1
f 865/920/1 980/918/1 866/916/1
f 931/921/1 914/919/1 932/917/1
f 865/920/1 981/922/1 980/918/1
f 931/921/1 915/923/1 914/919/1
f 864/924/1 981/922/1 865/920/1
f 930/925/1 915/923/1 931/921/1
f 864/924/1 982/926/1 981/922/1
f 930/925/1 916/927/1 915/923/1
f 863/928/1 982/926/1 864/924/1
f 929/929/1 916/927/1 930/925/1
f 863/928/1 983/930/1 982/926/1
f 929/929/1 917/931/1 916/927/1
f 928/932/1 917/931/1 929/929/1
f 862/933/1 983/930/1 863/928/1
f 862/933/1 984/934/1 983/930/1
f 928/932/1 918/935/1 917/931/1
f 927/936/1 918/935/1 928/932/1
f 861/937/1 984/934/1 862/933/1
f 861/937/1 985/938/1 984/934/1
f 927/936/1 919/939/1 918/935/1
f 860/940/1 985/938/1 861/937/1
f 926/941/1 919/939/1 927/936/1
f 860/940/1 986/942/1 985/938/1
f 860/940/1 987/943/1 986/942/1
f 859/944/1 987/943/1 860/940/1
f 925/945/1 919/939/1 926/941/1
f 925/945/1 920/946/1 919/939/1
f 859/944/1 988/947/1 987/943/1
f 858/948/1 988/947/1 859/944/1
f 924/949/1 920/946/1 925/945/1
f 924/949/1 921/950/1 920/946/1
f 858/948/1 989/951/1 988/947/1
f 857/952/1 989/951/1 858/948/1
f 857/952/1 990/953/1 989/951/1
f 923/954/1 921/950/1 924/949/1
f 923/954/1 922/955/1 921/950/1
f 856/956/1 990/953/1 857/952/1
f 856/956/1 991/957/1 990/953/1
f 1018/133/1 922/955/1 923/954/1
f 856/956/1 992/958/1 991/957/1
f 1018/133/1 827/135/1 922/955/1
f 855/959/1 992/958/1 856/956/1
f 1017/960/1 827/135/1 1018/133/1
f 855/959/1 993/961/1 992/958/1
f 854/962/1 993/961/1 855/959/1
f 1017/960/1 828/963/1 827/135/1
f 854/962/1 994/964/1 993/961/1
f 1016/965/1 828/963/1 1017/960/1
f 853/966/1 994/964/1 854/962/1
f 853/966/1 995/967/1 994/964/1
f 1016/965/1 829/968/1 828/963/1
f 1015/969/1 829/968/1 1016/965/1
f 853/966/1 996/970/1 995/967/1
f 852/971/1 996/970/1 853/966/1
f 852/971/1 997/972/1 996/970/1
f 1014/973/1 829/968/1 1015/969/1
f 1014/973/1 830/974/1 829/968/1
f 851/975/1 997/972/1 852/971/1
f 851/975/1 998/976/1 997/972/1
f 1013/977/1 830/974/1 1014/973/1
f 851/975/1 999/978/1 998/976/1
f 850/979/1 999/978/1 851/975/1
f 1013/977/1 831/980/1 830/974/1
f 1012/981/1 831/980/1 1013/977/1
f 850/979/1 1000/982/1 999/978/1
f 849/983/1 1000/982/1 850/979/1
f 849/983/1 1001/984/1 1000/982/1
f 1011/985/1 831/980/1 1012/981/1
f 1011/985/1 832/986/1 831/980/1
f 849/983/1 1002/987/1 1001/984/1
f 1010/988/1 832/986/1 1011/985/1
f 848/989/1 1002/987/1 849/983/1
f 848/989/1 1003/990/1 1002/987/1
f 1009/991/1 832/986/1 1010/988/1
f 848/989/1 1004/992/1 1003/990/1
f 848/989/1 1005/993/1 1004/992/1
f 1009/991/1 833/994/1 832/986/1
f 1008/995/1 833/994/1 1009/991/1
f 847/996/1 1005/993/1 848/989/1
f 847/996/1 1006/997/1 1005/993/1
f 1007/998/1 833/994/1 1008/995/1
f 847/996/1 1007/998/1 1006/997/1
f 847/996/1 833/994/1 1007/998/1
f 846/999/1 833/994/1 847/996/1
f 846/999/1 834/1000/1 833/994/1
f 845/1001/1 834/1000/1 846/999/1
f 845/1001/1 835/1002/1 834/1000/1
f 844/1003/1 835/1002/1 845/1001/1
f 844/1003/1 836/1004/1 835/1002/1
f 843/1005/1 836/1004/1 844/1003/1
f 842/1006/1 836/1004/1 843/1005/1
f 842/1006/1 837/1007/1 836/1004/1
f 841/1008/1 837/1007/1 842/1006/1
f 841/1008/1 838/1009/1 837/1007/1
f 840/1010/1 838/1009/1 841/1008/1
f 840/1010/1 839/1011/1 838/1009/1
f 1199/151/1 1201/152/1 1200/153/1
f 1198/154/1 1201/152/1 1199/151/1
f 1198/154/1 1202/155/1 1201/152/1
f 1197/156/1 1202/155/1 1198/154/1
f 1196/157/1 1202/155/1 1197/156/1
f 1196/157/1 1203/158/1 1202/155/1
f 1195/159/1 1203/158/1 1196/157/1
f 1195/159/1 1204/160/1 1203/158/1
f 1194/161/1 1204/160/1 1195/159/1
f 1193/162/1 1204/160/1 1194/161/1
f 1193/162/1 1205/163/1 1204/160/1
f 1192/164/1 1205/163/1 1193/162/1
f 1192/164/1 1206/165/1 1205/163/1
f 1191/166/1 1206/165/1 1192/164/1
f 1190/167/1 1206/165/1 1191/166/1
f 1190/167/1 1207/168/1 1206/165/1
f 1189/169/1 1207/168/1 1190/167/1
f 1189/169/1 1208/170/1 1207/168/1
f 1188/171/1 1208/170/1 1189/169/1
f 1187/172/1 1208/170/1 1188/171/1
f 1187/172/1 1209/173/1 1208/170/1
f 1186/174/1 1209/173/1 1187/172/1
f 1186/174/1 1210/175/1 1209/173/1
f 1185/176/1 1210/175/1 1186/174/1
f 1184/177/1 1210/175/1 1185/176/1
f 1184/177/1 1211/178/1 1210/175/1
f 1183/179/1 1211/178/1 1184/177/1
f 1182/180/1 1211/178/1 1183/179/1
f 1182/180/1 1212/181/1 1211/178/1
f 1181/182/1 1212/181/1 1182/180/1
f 1181/182/1 1213/183/1 1212/181/1
f 1180/184/1 1213/183/1 1181/182/1
f 1179/185/1 1213/183/1 1180/184/1
f 1179/185/1 1214/186/1 1213/183/1
f 1178/187/1 1214/186/1 1179/185/1
f 1178/187/1 1215/188/1 1214/186/1
f 1177/189/1 1215/188/1 1178/187/1
f 1176/190/1 1215/188/1 1177/189/1
f 1176/190/1 1296/191/1 1215/188/1
f 1296/191/1 1216/192/1 1215/188/1
f 1175/193/1 1296/191/1 1176/190/1
f 1175/193/1 1297/194/1 1296/191/1
f 1295/195/4 1216/192/4 1296/191/4
f 1294/196/1 1216/192/1 1295/195/1
f 1175/193/1 1298/197/1 1297/194/1
f 1293/198/1 1216/192/1 1294/196/1
f 1292/199/1 1216/192/1 1293/198/1
f 1175/193/1 1299/200/1 1298/197/1
f 1291/201/1 1216/192/1 1292/199/1
f 1290/202/1 1216/192/1 1291/201/1
f 1174/203/1 1299/200/1 1175/193/1
f 1174/203/1 1300/204/1 1299/200/1
f 1290/202/1 1217/205/1 1216/192/1
f 1289/206/1 1217/205/1 1290/202/1
f 1288/207/1 1217/205/1 1289/206/1
f 1174/203/1 1301/208/1 1300/204/1
f 1173/209/1 1301/208/1 1174/203/1
f 1287/210/1 1217/205/1 1288/207/1
f 1173/209/1 1302/211/1 1301/208/1
f 1286/212/1 1217/205/1 1287/210/1
f 1286/212/1 1218/213/1 1217/205/1
f 1172/214/1 1302/211/1 1173/209/1
f 1285/215/1 1218/213/1 1286/212/1
f 1172/214/1 1303/216/1 1302/211/1
f 1284/217/1 1218/213/1 1285/215/1
f 1171/218/1 1303/216/1 1172/214/1
f 1284/217/1 1219/219/1 1218/213/1
f 1283/220/1 1219/219/1 1284/217/1
f 1171/218/1 1304/221/1 1303/216/1
f 1170/222/1 1304/221/1 1171/218/1
f 1282/223/1 1219/219/1 1283/220/1
f 1282/223/1 1220/224/1 1219/219/1
f 1281/225/1 1220/224/1 1282/223/1
f 1170/222/1 1305/226/1 1304/221/1
f 1169/227/1 1305/226/1 1170/222/1
f 1280/228/1 1220/224/1 1281/225/1
f 1168/229/1 1305/226/1 1169/227/1
f 1280/228/1 1221/230/1 1220/224/1
f 1168/229/1 1306/231/1 1305/226/1
f 1279/232/1 1221/230/1 1280/228/1
f 1278/233/1 1221/230/1 1279/232/1
f 1167/234/1 1306/231/1 1168/229/1
f 1167/234/1 1307/133/1 1306/231/1
f 1278/233/1 1222/235/1 1221/230/1
f 1277/236/1 1222/235/1 1278/233/1
f 1166/237/1 1307/133/1 1167/234/1
f 1276/238/1 1222/235/1 1277/236/1
f 1165/239/1 1307/133/1 1166/237/1
f 1276/238/1 1223/240/1 1222/235/1
f 1165/239/1 1236/241/1 1307/133/1
f 1275/242/1 1223/240/1 1276/238/1
f 1164/243/1 1236/241/1 1165/239/1
f 1274/244/1 1223/240/1 1275/242/1
f 1274/244/1 1224/245/1 1223/240/1
f 1164/243/1 1237/246/1 1236/241/1
f 1163/247/1 1237/246/1 1164/243/1
f 1273/248/1 1224/245/1 1274/244/1
f 1162/249/1 1237/246/1 1163/247/1
f 1272/250/1 1224/245/1 1273/248/1
f 1272/250/1 1225/251/1 1224/245/1
f 1162/249/1 1238/252/1 1237/246/1
f 1161/253/1 1238/252/1 1162/249/1
f 1271/254/1 1225/251/1 1272/250/1
f 1160/255/1 1238/252/1 1161/253/1
f 1160/255/1 1239/256/1 1238/252/1
f 1270/257/1 1225/251/1 1271/254/1
f 1270/257/1 1226/258/1 1225/251/1
f 1159/259/1 1239/256/1 1160/255/1
f 1158/260/1 1239/256/1 1159/259/1
f 1158/260/1 1240/261/1 1239/256/1
f 1269/262/1 1226/258/1 1270/257/1
f 1157/263/1 1240/261/1 1158/260/1
f 1269/262/1 1227/264/1 1226/258/1
f 1268/265/1 1227/264/1 1269/262/1
f 1157/263/1 1241/266/1 1240/261/1
f 1156/267/1 1241/266/1 1157/263/1
f 1155/268/1 1241/266/1 1156/267/1
f 1267/269/1 1227/264/1 1268/265/1
f 1267/269/1 1228/270/1 1227/264/1
f 1155/268/1 1242/271/1 1241/266/1
f 1154/272/1 1242/271/1 1155/268/1
f 1266/273/1 1228/270/1 1267/269/1
f 1153/274/1 1242/271/1 1154/272/1
f 1266/273/1 1229/275/1 1228/270/1
f 1265/276/1 1229/275/1 1266/273/1
f 1153/274/1 1243/277/1 1242/271/1
f 1152/278/1 1243/277/1 1153/274/1
f 1264/279/1 1229/275/1 1265/276/1
f 1151/280/1 1243/277/1 1152/278/1
f 1264/279/1 1230/281/1 1229/275/1
f 1151/280/1 1244/282/1 1243/277/1
f 1263/283/1 1230/281/1 1264/279/1
f 1150/284/1 1244/282/1 1151/280/1
f 1262/285/1 1230/281/1 1263/283/1
f 1149/286/1 1244/282/1 1150/284/1
f 1262/285/1 1231/287/1 1230/281/1
f 1149/286/1 1245/288/1 1244/282/1
f 1261/289/1 1231/287/1 1262/285/1
f 1148/290/1 1245/288/1 1149/286/1
f 1261/289/1 1232/291/1 1231/287/1
f 1260/292/1 1232/291/1 1261/289/1
f 1147/293/1 1245/288/1 1148/290/1
f 1147/293/1 1246/294/1 1245/288/1
f 1259/295/1 1232/291/1 1260/292/1
f 1146/296/1 1246/294/1 1147/293/1
f 1259/295/1 1233/297/1 1232/291/1
f 1258/298/1 1233/297/1 1259/295/1
f 1145/299/1 1246/294/1 1146/296/1
f 1257/300/1 1233/297/1 1258/298/1
f 1257/300/1 1234/301/1 1233/297/1
f 1145/299/1 1247/302/1 1246/294/1
f 1144/303/1 1247/302/1 1145/299/1
f 1256/304/1 1234/301/1 1257/300/1
f 1255/305/1 1234/301/1 1256/304/1
f 1255/305/1 1235/306/1 1234/301/1
f 1143/307/1 1247/302/1 1144/303/1
f 1254/308/1 1235/306/1 1255/305/1
f 1143/307/1 1248/309/1 1247/302/1
f 1253/310/1 1235/306/1 1254/308/1
f 1142/311/1 1248/309/1 1143/307/1
f 1253/310/1 1019/135/1 1235/306/1
f 1252/312/1 1019/135/1 1253/310/1
f 1251/313/1 1019/135/1 1252/312/1
f 1141/314/1 1248/309/1 1142/311/1
f 1251/313/1 1020/315/1 1019/135/1
f 1250/316/1 1020/315/1 1251/313/1
f 1249/317/1 1020/315/1 1250/316/1
f 1248/309/1 1020/315/1 1249/317/1
f 1140/318/1 1248/309/1 1141/314/1
f 1140/318/1 1020/315/1 1248/309/1
f 1140/318/1 1021/319/1 1020/315/1
f 1139/320/1 1021/319/1 1140/318/1
f 1139/320/1 1022/321/1 1021/319/1
f 1139/320/1 1023/322/1 1022/321/1
f 1138/323/1 1023/322/1 1139/320/1
f 1138/323/1 1024/324/1 1023/322/1
f 1137/325/1 1024/324/1 1138/323/1
f 1137/325/1 1025/326/1 1024/324/1
f 1137/325/1 1026/327/1 1025/326/1
f 1136/328/1 1026/327/1 1137/325/1
f 1136/328/1 1027/329/1 1026/327/1
f 1136/328/1 1028/330/1 1027/329/1
f 1135/331/1 1028/330/1 1136/328/1
f 1135/331/1 1029/332/1 1028/330/1
f 1135/331/1 1030/333/1 1029/332/1
f 1135/331/1 1031/334/1 1030/333/1
f 1135/331/1 1032/335/1 1031/334/1
f 1134/336/1 1032/335/1 1135/331/1
f 1134/336/1 1033/337/1 1032/335/1
f 1134/336/1 1034/338/1 1033/337/1
f 1133/339/1 1034/338/1 1134/336/1
f 1133/339/1 1035/340/1 1034/338/1
f 1133/339/1 1036/341/1 1035/340/1
f 1132/342/1 1036/341/1 1133/339/1
f 1132/342/1 1037/343/1 1036/341/1
f 1132/342/1 1038/344/1 1037/343/1
f 1132/342/1 1039/345/1 1038/344/1
f 1131/346/1 1039/345/1 1132/342/1
f 1131/346/1 1040/347/1 1039/345/1
f 1131/346/1 1041/348/1 1040/347/1
f 1130/349/1 1041/348/1 1131/346/1
f 1130/349/1 1042/350/1 1041/348/1
f 1130/349/1 1043/351/1 1042/350/1
f 1130/349/1 1044/352/1 1043/351/1
f 1129/353/1 1044/352/1 1130/349/1
f 1128/354/1 1044/352/1 1129/353/1
f 1128/354/1 1045/355/1 1044/352/1
f 1127/356/1 1045/355/1 1128/354/1
f 1127/356/1 1046/357/1 1045/355/1
f 1126/358/1 1046/357/1 1127/356/1
f 1126/358/1 1047/359/1 1046/357/1
f 1125/360/1 1047/359/1 1126/358/1
f 1125/360/1 1048/361/1 1047/359/1
f 1125/360/1 1049/362/1 1048/361/1
f 1124/363/1 1049/362/1 1125/360/1
f 1124/363/1 1050/364/1 1049/362/1
f 1123/365/1 1050/364/1 1124/363/1
f 1123/365/1 1051/366/1 1050/364/1
f 1123/365/1 1052/367/1 1051/366/1
f 1122/368/1 1052/367/1 1123/365/1
f 1122/368/1 1053/369/1 1052/367/1
f 1121/370/1 1053/369/1 1122/368/1
f 1121/370/1 1054/371/1 1053/369/1
f 1121/370/1 1055/372/1 1054/371/1
f 1078/373/1 1080/374/1 1079/375/1
f 1120/376/1 1055/372/1 1121/370/1
f 1120/376/1 1056/377/1 1055/372/1
f 1077/378/1 1080/374/1 1078/373/1
f 1120/376/1 1057/379/1 1056/377/1
f 1119/380/1 1057/379/1 1120/376/1
f 1076/381/1 1080/374/1 1077/378/1
f 1119/380/1 1058/382/1 1057/379/1
f 1075/383/1 1080/374/1 1076/381/1
f 1119/380/1 1059/384/1 1058/382/1
f 1075/383/1 1081/385/1 1080/374/1
f 1118/386/1 1059/384/1 1119/380/1
f 1074/387/1 1081/385/1 1075/383/1
f 1118/386/1 1060/388/1 1059/384/1
f 1074/387/1 1082/389/1 1081/385/1
f 1073/390/1 1082/389/1 1074/387/1
f 1118/386/1 1061/391/1 1060/388/1
f 1072/392/1 1082/389/1 1073/390/1
f 1118/386/1 1062/393/1 1061/391/1
f 1072/392/1 1083/394/1 1082/389/1
f 1117/395/1 1062/393/1 1118/386/1
f 1071/396/1 1083/394/1 1072/392/1
f 1117/395/1 1063/397/1 1062/393/1
f 1070/398/1 1083/394/1 1071/396/1
f 1117/395/1 1064/399/1 1063/397/1
f 1069/400/1 1083/394/1 1070/398/1
f 1117/395/1 1065/401/1 1064/399/1
f 1069/400/1 1084/402/1 1083/394/1
f 1068/403/1 1084/402/1 1069/400/1
f 1117/395/1 1066/404/1 1065/401/1
f 1067/405/1 1084/402/1 1068/403/1
f 1117/395/1 1067/405/1 1066/404/1
f 1117/395/1 1084/402/1 1067/405/1
f 1116/406/1 1084/402/1 1117/395/1
f 1116/406/1 1085/407/1 1084/402/1
f 1116/406/1 1086/408/1 1085/407/1
f 1115/409/1 1086/408/1 1116/406/1
f 1115/409/1 1087/410/1 1086/408/1
f 1115/409/1 1088/411/1 1087/410/1
f 1114/412/1 1088/411/1 1115/409/1
f 1114/412/1 1089/413/1 1088/411/1
f 1113/414/1 1089/413/1 1114/412/1
f 1113/414/1 1090/415/1 1089/413/1
f 1113/414/1 1091/416/1 1090/415/1
f 1112/417/1 1091/416/1 1113/414/1
f 1112/417/1 1092/418/1 1091/416/1
f 1111/419/1 1092/418/1 1112/417/1
f 1111/419/1 1093/420/1 1092/418/1
f 1111/419/1 1094/421/1 1093/420/1
f 1110/422/1 1094/421/1 1111/419/1
f 1110/422/1 1095/423/1 1094/421/1
f 1109/424/1 1095/423/1 1110/422/1
f 1109/424/1 1096/425/1 1095/423/1
f 1109/424/1 1097/426/1 1096/425/1
f 1108/427/1 1097/426/1 1109/424/1
f 1108/427/1 1098/428/1 1097/426/1
f 1107/429/1 1098/428/1 1108/427/1
f 1107/429/1 1099/430/1 1098/428/1
f 1107/429/1 1100/431/1 1099/430/1
f 1106/432/1 1100/431/1 1107/429/1
f 1106/432/1 1101/433/1 1100/431/1
f 1105/434/1 1101/433/1 1106/432/1
f 1105/434/1 1102/435/1 1101/433/1
f 1105/434/1 1103/436/1 1102/435/1
f 1104/437/1 1103/436/1 1105/434/1
f 1418/1012/1 1420/1013/1 1419/1014/1
f 1442/1015/1 1444/1016/1 1443/1017/1
f 1442/1015/1 1445/1018/1 1444/1016/1
f 1417/1019/1 1420/1013/1 1418/1012/1
f 1417/1019/1 1421/1020/1 1420/1013/1
f 1441/1021/1 1445/1018/1 1442/1015/1
f 1441/1021/1 1446/1022/1 1445/1018/1
f 1358/1023/1 1360/1024/1 1359/1025/1
f 1358/1023/1 1361/1026/1 1360/1024/1
f 1357/1027/1 1361/1026/1 1358/1023/1
f 1357/1027/1 1362/1028/1 1361/1026/1
f 1356/1029/1 1362/1028/1 1357/1027/1
f 1416/1030/1 1421/1020/1 1417/1019/1
f 1441/1021/1 1447/1031/1 1446/1022/1
f 1356/1029/1 1363/1032/1 1362/1028/1
f 1416/1030/1 1422/1033/1 1421/1020/1
f 1440/1034/1 1447/1031/1 1441/1021/1
f 1356/1029/1 1364/1035/1 1363/1032/1
f 1355/1036/1 1364/1035/1 1356/1029/1
f 1440/1034/1 1448/1037/1 1447/1031/1
f 1355/1036/1 1365/1038/1 1364/1035/1
f 1354/1039/1 1365/1038/1 1355/1036/1
f 1415/1040/1 1422/1033/1 1416/1030/1
f 1354/1039/1 1366/1041/1 1365/1038/1
f 1415/1040/1 1423/1042/1 1422/1033/1
f 1439/409/1 1448/1037/1 1440/1034/1
f 1439/409/1 1449/1043/1 1448/1037/1
f 1353/1044/1 1366/1041/1 1354/1039/1
f 1353/1044/1 1367/1045/1 1366/1041/1
f 1353/1044/1 1368/1046/1 1367/1045/1
f 1352/1047/1 1368/1046/1 1353/1044/1
f 1414/1048/1 1423/1042/1 1415/1040/1
f 1439/409/1 1450/1049/1 1449/1043/1
f 1414/1048/1 1424/1050/1 1423/1042/1
f 1438/1051/1 1450/1049/1 1439/409/1
f 1352/1047/1 1369/1052/1 1368/1046/1
f 1351/1053/1 1369/1052/1 1352/1047/1
f 1438/1051/1 1451/1054/1 1450/1049/1
f 1351/1053/1 1370/1055/1 1369/1052/1
f 1413/1056/1 1424/1050/1 1414/1048/1
f 1350/1057/1 1370/1055/1 1351/1053/1
f 1350/1057/1 1371/1058/1 1370/1055/1
f 1413/1056/1 1425/1059/1 1424/1050/1
f 1437/1060/1 1451/1054/1 1438/1051/1
f 1437/1060/1 1452/1061/1 1451/1054/1
f 1350/1057/1 1372/1062/1 1371/1058/1
f 1349/1063/1 1372/1062/1 1350/1057/1
f 1349/1063/1 1373/1064/1 1372/1062/1
f 1412/1065/1 1425/1059/1 1413/1056/1
f 1437/1060/1 1453/1066/1 1452/1061/1
f 1348/1067/1 1373/1064/1 1349/1063/1
f 1348/1067/1 1374/1068/1 1373/1064/1
f 1412/1065/1 1426/1069/1 1425/1059/1
f 1436/1070/1 1453/1066/1 1437/1060/1
f 1436/1070/1 1454/1071/1 1453/1066/1
f 1348/1067/1 1375/1072/1 1374/1068/1
f 1347/1073/1 1375/1072/1 1348/1067/1
f 1411/1074/1 1426/1069/1 1412/1065/1
f 1347/1073/1 1376/1075/1 1375/1072/1
f 1436/1070/1 1455/1076/1 1454/1071/1
f 1346/1077/1 1376/1075/1 1347/1073/1
f 1411/1074/1 1427/1078/1 1426/1069/1
f 1435/1079/1 1455/1076/1 1436/1070/1
f 1346/1077/1 1377/1080/1 1376/1075/1
f 1410/1081/1 1427/1078/1 1411/1074/1
f 1435/1079/1 1456/1082/1 1455/1076/1
f 1346/1077/1 1378/1083/1 1377/1080/1
f 1346/1077/1 1379/1084/1 1378/1083/1
f 1410/1081/1 1428/1085/1 1427/1078/1
f 1434/1086/1 1456/1082/1 1435/1079/1
f 1434/1086/1 1457/1087/1 1456/1082/1
f 1346/1077/1 1380/1088/1 1379/1084/1
f 1409/1089/1 1428/1085/1 1410/1081/1
f 1346/1077/1 1381/1090/1 1380/1088/1
f 1434/1086/1 1458/1091/1 1457/1087/1
f 1409/1089/1 1429/1092/1 1428/1085/1
f 1433/1093/1 1458/1091/1 1434/1086/1
f 1346/1077/1 1345/1094/1 1381/1090/1
f 1345/1094/1 1382/1095/1 1381/1090/1
f 1408/1096/1 1429/1092/1 1409/1089/1
f 1433/1093/1 1459/1097/1 1458/1091/1
f 1344/1098/1 1382/1095/1 1345/1094/1
f 1343/1099/1 1382/1095/1 1344/1098/1
f 1342/1100/1 1382/1095/1 1343/1099/1
f 1341/1101/1 1382/1095/1 1342/1100/1
f 1341/1101/1 1383/1102/1 1382/1095/1
f 1340/1103/1 1383/1102/1 1341/1101/1
f 1339/1104/1 1383/1102/1 1340/1103/1
f 1338/1105/1 1383/1102/1 1339/1104/1
f 1337/1106/1 1383/1102/1 1338/1105/1
f 1336/1107/1 1383/1102/1 1337/1106/1
f 1335/1108/1 1383/1102/1 1336/1107/1
f 1335/1108/1 1384/1109/1 1383/1102/1
f 1335/1108/1 1385/1110/1 1384/1109/1
f 1334/1111/1 1385/1110/1 1335/1108/1
f 1334/1111/1 1386/1112/1 1385/1110/1
f 1433/1093/1 1460/1113/1 1459/1097/1
f 1333/1114/1 1386/1112/1 1334/1111/1
f 1333/1114/1 1387/1115/1 1386/1112/1
f 1408/1096/1 1430/1116/1 1429/1092/1
f 1432/1117/1 1460/1113/1 1433/1093/1
f 1333/1114/1 1388/1118/1 1387/1115/1
f 1332/1119/1 1388/1118/1 1333/1114/1
f 1332/1119/1 1389/1120/1 1388/1118/1
f 1332/1119/1 1390/1121/1 1389/1120/1
f 1332/1119/1 1391/1122/1 1390/1121/1
f 1331/1123/1 1391/1122/1 1332/1119/1
f 1407/1124/1 1430/1116/1 1408/1096/1
f 1331/1123/1 1392/1125/1 1391/1122/1
f 1331/1123/1 1393/1126/1 1392/1125/1
f 1330/1127/1 1393/1126/1 1331/1123/1
f 1330/1127/1 1394/1128/1 1393/1126/1
f 1330/1127/1 1395/1129/1 1394/1128/1
f 1329/1130/1 1395/1129/1 1330/1127/1
f 1329/1130/1 1396/1131/1 1395/1129/1
f 1432/1117/1 1461/1132/1 1460/1113/1
f 1329/1130/1 1397/1133/1 1396/1131/1
f 1328/1134/1 1397/1133/1 1329/1130/1
f 1328/1134/1 1398/1135/1 1397/1133/1
f 1328/1134/1 1399/1136/1 1398/1135/1
f 1328/1134/1 1400/1137/1 1399/1136/1
f 1327/1138/1 1400/1137/1 1328/1134/1
f 1327/1138/1 1401/1139/1 1400/1137/1
f 1327/1138/1 1402/1140/1 1401/1139/1
f 1326/1141/1 1402/1140/1 1327/1138/1
f 1326/1141/1 1403/1142/1 1402/1140/1
f 1326/1141/1 1404/1143/1 1403/1142/1
f 1326/1141/1 1405/1144/1 1404/1143/1
f 1407/1124/1 1689/1145/1 1430/1116/1
f 1689/1145/1 1688/1146/1 1430/1116/1
f 1688/1146/1 1431/1147/1 1430/1116/1
f 1431/1147/1 1627/1148/1 1432/1117/1
f 1627/1148/1 1626/1149/1 1432/1117/1
f 1626/1149/1 1461/1132/1 1432/1117/1
f 1325/1150/1 1405/1144/1 1326/1141/1
f 1325/1150/1 1406/1151/1 1405/1144/1
f 1626/1149/1 1625/1152/1 1461/1132/1
f 1625/1152/1 1462/1153/1 1461/1132/1
f 1325/1150/1 1407/1124/1 1406/1151/1
f 1325/1150/1 1689/1145/1 1407/1124/1
f 1324/1154/1 1689/1145/1 1325/1150/1
f 1324/1154/1 1690/1155/1 1689/1145/1
f 1687/1156/1 1431/1147/1 1688/1146/1
f 1624/1157/1 1462/1153/1 1625/1152/1
f 1324/1154/1 1691/1158/1 1690/1155/1
f 1431/1147/1 1628/1159/1 1627/1148/1
f 1686/1160/1 1431/1147/1 1687/1156/1
f 1623/1161/1 1462/1153/1 1624/1157/1
f 1323/1162/1 1691/1158/1 1324/1154/1
f 1685/1163/1 1431/1147/1 1686/1160/1
f 1622/1164/1 1462/1153/1 1623/1161/1
f 1323/1162/1 1692/1165/1 1691/1158/1
f 1431/1147/1 1629/1166/1 1628/1159/1
f 1684/1167/1 1431/1147/1 1685/1163/1
f 1621/1168/1 1462/1153/1 1622/1164/1
f 1323/1162/1 1693/1169/1 1692/1165/1
f 1431/1147/1 1630/1170/1 1629/1166/1
f 1683/1171/1 1431/1147/1 1684/1167/1
f 1620/1172/1 1462/1153/1 1621/1168/1
f 1322/1173/1 1693/1169/1 1323/1162/1
f 1682/1174/1 1431/1147/1 1683/1171/1
f 1619/1175/1 1462/1153/1 1620/1172/1
f 1322/1173/1 1694/1176/1 1693/1169/1
f 1619/1175/1 1463/1177/1 1462/1153/1
f 1431/1147/1 1631/1178/1 1630/1170/1
f 1321/1179/1 1694/1176/1 1322/1173/1
f 1681/1180/1 1431/1147/1 1682/1174/1
f 1618/1181/1 1463/1177/1 1619/1175/1
f 1320/1182/1 1694/1176/1 1321/1179/1
f 1319/1183/1 1694/1176/1 1320/1182/1
f 1319/1183/1 1695/1184/1 1694/1176/1
f 1680/1185/1 1431/1147/1 1681/1180/1
f 1617/1186/1 1463/1177/1 1618/1181/1
f 1431/1147/1 1632/1187/1 1631/1178/1
f 1318/1188/1 1695/1184/1 1319/1183/1
f 1680/1185/1 1632/1187/1 1431/1147/1
f 1679/1189/1 1632/1187/1 1680/1185/1
f 1616/1190/1 1463/1177/1 1617/1186/1
f 1317/1191/1 1695/1184/1 1318/1188/1
f 1317/1191/1 1696/1192/1 1695/1184/1
f 1679/1189/1 1633/1193/1 1632/1187/1
f 1616/1190/1 1464/1194/1 1463/1177/1
f 1678/1195/1 1633/1193/1 1679/1189/1
f 1615/1196/1 1464/1194/1 1616/1190/1
f 1316/1197/1 1696/1192/1 1317/1191/1
f 1316/1197/1 1697/1198/1 1696/1192/1
f 1315/1199/1 1697/1198/1 1316/1197/1
f 1677/1200/1 1633/1193/1 1678/1195/1
f 1614/1201/1 1464/1194/1 1615/1196/1
f 1677/1200/1 1634/1202/1 1633/1193/1
f 1314/1203/1 1697/1198/1 1315/1199/1
f 1676/1204/1 1634/1202/1 1677/1200/1
f 1613/1205/1 1464/1194/1 1614/1201/1
f 1314/1203/1 1698/1206/1 1697/1198/1
f 1613/1205/1 1465/1207/1 1464/1194/1
f 1313/1208/1 1698/1206/1 1314/1203/1
f 1676/1204/1 1635/1209/1 1634/1202/1
f 1675/1210/1 1635/1209/1 1676/1204/1
f 1612/1211/1 1465/1207/1 1613/1205/1
f 1312/1212/1 1698/1206/1 1313/1208/1
f 1674/1213/1 1635/1209/1 1675/1210/1
f 1611/1214/1 1465/1207/1 1612/1211/1
f 1312/1212/1 1699/1215/1 1698/1206/1
f 1674/1213/1 1636/1216/1 1635/1209/1
f 1311/1217/1 1699/1215/1 1312/1212/1
f 1611/1214/1 1466/1218/1 1465/1207/1
f 1673/1219/1 1636/1216/1 1674/1213/1
f 1610/1220/1 1466/1218/1 1611/1214/1
f 1310/1221/1 1699/1215/1 1311/1217/1
f 1310/1221/1 1700/1222/1 1699/1215/1
f 1672/1223/1 1636/1216/1 1673/1219/1
f 1609/1224/1 1466/1218/1 1610/1220/1
f 1672/1223/1 1637/1225/1 1636/1216/1
f 1309/1226/1 1701/133/1 1310/1221/1
f 1701/133/1 1700/1222/1 1310/1221/1
f 1671/1227/1 1637/1225/1 1672/1223/1
f 1608/1228/1 1466/1218/1 1609/1224/1
f 1608/1228/1 1467/1229/1 1466/1218/1
f 1671/1227/1 1638/1230/1 1637/1225/1
f 1670/1231/1 1638/1230/1 1671/1227/1
f 1607/1232/1 1467/1229/1 1608/1228/1
f 1309/1226/1 1308/135/1 1701/133/1
f 1607/1232/1 1468/1233/1 1467/1229/1
f 1669/1234/1 1638/1230/1 1670/1231/1
f 1606/1235/1 1468/1233/1 1607/1232/1
f 1669/1234/1 1639/1236/1 1638/1230/1
f 1606/1235/1 1469/1237/1 1468/1233/1
f 1668/1238/1 1639/1236/1 1669/1234/1
f 1605/1239/1 1469/1237/1 1606/1235/1
f 1668/1238/1 1640/1240/1 1639/1236/1
f 1605/1239/1 1470/1241/1 1469/1237/1
f 1668/1238/1 1641/1242/1 1640/1240/1
f 1667/1243/1 1641/1242/1 1668/1238/1
f 1604/1244/1 1470/1241/1 1605/1239/1
f 1604/1244/1 1471/1245/1 1470/1241/1
f 1667/1243/1 1642/1246/1 1641/1242/1
f 1666/1247/1 1642/1246/1 1667/1243/1
f 1603/1248/1 1471/1245/1 1604/1244/1
f 1603/1248/1 1472/1249/1 1471/1245/1
f 1666/1247/1 1643/1250/1 1642/1246/1
f 1665/1251/1 1643/1250/1 1666/1247/1
f 1602/1252/1 1472/1249/1 1603/1248/1
f 1602/1252/1 1473/1253/1 1472/1249/1
f 1665/1251/1 1644/1254/1 1643/1250/1
f 1665/1251/1 1645/1255/1 1644/1254/1
f 1602/1252/1 1474/1256/1 1473/1253/1
f 1664/1257/1 1645/1255/1 1665/1251/1
f 1601/1258/1 1474/1256/1 1602/1252/1
f 1664/1257/1 1646/1259/1 1645/1255/1
f 1601/1258/1 1475/1260/1 1474/1256/1
f 1663/1261/1 1646/1259/1 1664/1257/1
f 1600/1262/1 1475/1260/1 1601/1258/1
f 1662/1263/1 1646/1259/1 1663/1261/1
f 1599/1264/1 1475/1260/1 1600/1262/1
f 1662/1263/1 1647/1265/1 1646/1259/1
f 1599/1264/1 1476/1266/1 1475/1260/1
f 1661/1267/1 1647/1265/1 1662/1263/1
f 1598/1268/1 1476/1266/1 1599/1264/1
f 1661/1267/1 1648/1269/1 1647/1265/1
f 1598/1268/1 1477/1270/1 1476/1266/1
f 1660/1271/1 1648/1269/1 1661/1267/1
f 1597/1272/1 1477/1270/1 1598/1268/1
f 1660/1271/1 1649/1273/1 1648/1269/1
f 1597/1272/1 1478/1274/1 1477/1270/1
f 1659/1275/1 1649/1273/1 1660/1271/1
f 1596/1276/1 1478/1274/1 1597/1272/1
f 1659/1275/1 1650/1277/1 1649/1273/1
f 1596/1276/1 1479/1278/1 1478/1274/1
f 1658/1279/1 1650/1277/1 1659/1275/1
f 1595/1280/1 1479/1278/1 1596/1276/1
f 1658/1279/1 1651/1281/1 1650/1277/1
f 1595/1280/1 1480/1282/1 1479/1278/1
f 1657/1283/1 1651/1281/1 1658/1279/1
f 1594/1284/1 1480/1282/1 1595/1280/1
f 1656/1285/1 1651/1281/1 1657/1283/1
f 1593/1286/1 1480/1282/1 1594/1284/1
f 1655/1287/1 1651/1281/1 1656/1285/1
f 1592/1288/3 1480/1282/3 1593/1286/3
f 1654/1289/1 1651/1281/1 1655/1287/1
f 1591/1290/1 1480/1282/1 1592/1288/1
f 1653/1291/1 1651/1281/1 1654/1289/1
f 1590/1292/3 1480/1282/3 1591/1290/3
f 1652/1293/1 1651/1281/1 1653/1291/1
f 1589/1294/1 1480/1282/1 1590/1292/1
f 1588/1295/1 1480/1282/1 1589/1294/1
f 1587/1296/1 1480/1282/1 1588/1295/1
f 1587/1296/1 1481/1297/1 1480/1282/1
f 1587/1296/1 1482/1298/1 1481/1297/1
f 1586/1299/1 1482/1298/1 1587/1296/1
f 1586/1299/1 1483/1300/1 1482/1298/1
f 1585/1301/1 1483/1300/1 1586/1299/1
f 1585/1301/1 1484/1302/1 1483/1300/1
f 1585/1301/1 1485/1303/1 1484/1302/1
f 1584/1304/1 1485/1303/1 1585/1301/1
f 1584/1304/1 1486/1305/1 1485/1303/1
f 1584/1304/1 1487/1306/1 1486/1305/1
f 1583/1307/1 1487/1306/1 1584/1304/1
f 1583/1307/1 1488/1308/1 1487/1306/1
f 1583/1307/1 1489/1309/1 1488/1308/1
f 1582/1310/1 1489/1309/1 1583/1307/1
f 1582/1310/1 1490/1311/1 1489/1309/1
f 1582/1310/1 1491/1312/1 1490/1311/1
f 1581/1313/1 1491/1312/1 1582/1310/1
f 1581/1313/1 1492/1314/1 1491/1312/1
f 1581/1313/1 1493/1315/1 1492/1314/1
f 1580/1316/1 1493/1315/1 1581/1313/1
f 1580/1316/1 1494/1317/1 1493/1315/1
f 1580/1316/1 1495/1318/1 1494/1317/1
f 1580/1316/1 1496/1319/1 1495/1318/1
f 1579/1320/1 1496/1319/1 1580/1316/1
f 1579/1320/1 1497/1321/1 1496/1319/1
f 1579/1320/1 1498/1322/1 1497/1321/1
f 1578/1323/1 1498/1322/1 1579/1320/1
f 1578/1323/1 1499/1324/1 1498/1322/1
f 1578/1323/1 1500/1325/1 1499/1324/1
f 1577/1326/1 1500/1325/1 1578/1323/1
f 1577/1326/1 1501/1327/1 1500/1325/1
f 1577/1326/1 1502/1328/1 1501/1327/1
f 1576/1329/1 1502/1328/1 1577/1326/1
f 1576/1329/1 1503/1330/1 1502/1328/1
f 1576/1329/1 1504/1331/1 1503/1330/1
f 1576/1329/1 1505/1332/1 1504/1331/1
f 1575/1333/1 1505/1332/1 1576/1329/1
f 1574/1334/1 1505/1332/1 1575/1333/1
f 1573/1335/1 1505/1332/1 1574/1334/1
f 1573/1335/1 1506/1336/1 1505/1332/1
f 1572/1337/1 1506/1336/1 1573/1335/1
f 1571/1338/1 1506/1336/1 1572/1337/1
f 1571/1338/1 1507/1339/1 1506/1336/1
f 1570/178/1 1507/1339/1 1571/1338/1
f 1569/1340/1 1507/1339/1 1570/178/1
f 1569/1340/1 1508/1341/1 1507/1339/1
f 1568/1342/1 1508/1341/1 1569/1340/1
f 1567/1343/1 1508/1341/1 1568/1342/1
f 1567/1343/1 1509/1344/1 1508/1341/1
f 1566/1345/1 1509/1344/1 1567/1343/1
f 1565/1346/1 1509/1344/1 1566/1345/1
f 1565/1346/1 1510/1347/1 1509/1344/1
f 1564/1348/1 1510/1347/1 1565/1346/1
f 1564/1348/1 1511/1349/1 1510/1347/1
f 1564/1348/1 1512/1350/1 1511/1349/1
f 1563/1351/1 1512/1350/1 1564/1348/1
f 1563/1351/1 1513/1352/1 1512/1350/1
f 1563/1351/1 1514/1353/1 1513/1352/1
f 1563/1351/1 1515/1354/1 1514/1353/1
f 1562/1355/1 1515/1354/1 1563/1351/1
f 1562/1355/1 1516/1356/1 1515/1354/1
f 1562/1355/1 1517/1357/1 1516/1356/1
f 1562/1355/1 1518/1358/1 1517/1357/1
f 1562/1355/1 1519/1359/1 1518/1358/1
f 1561/1360/1 1519/1359/1 1562/1355/1
f 1561/1360/1 1520/1361/1 1519/1359/1
f 1561/1360/1 1521/1362/1 1520/1361/1
f 1561/1360/1 1522/1363/1 1521/1362/1
f 1561/1360/1 1523/1364/1 1522/1363/1
f 1561/1360/1 1524/1365/1 1523/1364/1
f 1561/1360/1 1525/1366/1 1524/1365/1
f 1561/1360/1 1526/1367/1 1525/1366/1
f 1561/1360/1 1527/1368/1 1526/1367/1
f 1561/1360/1 1528/1369/1 1527/1368/1
f 1561/1360/1 1529/1370/1 1528/1369/1
f 1560/1371/1 1529/1370/1 1561/1360/1
f 1559/1372/1 1529/1370/1 1560/1371/1
f 1558/1373/1 1529/1370/1 1559/1372/1
f 1557/1374/1 1529/1370/1 1558/1373/1
f 1556/1375/1 1529/1370/1 1557/1374/1
f 1555/1376/1 1529/1370/1 1556/1375/1
f 1555/1376/1 1530/1377/1 1529/1370/1
f 1554/1378/1 1530/1377/1 1555/1376/1
f 1554/1378/1 1531/1379/1 1530/1377/1
f 1553/1380/1 1531/1379/1 1554/1378/1
f 1553/1380/1 1532/1381/1 1531/1379/1
f 1552/1382/1 1532/1381/1 1553/1380/1
f 1551/1383/1 1532/1381/1 1552/1382/1
f 1551/1383/1 1533/1384/1 1532/1381/1
f 1550/1385/1 1533/1384/1 1551/1383/1
f 1550/1385/1 1534/1386/1 1533/1384/1
f 1549/1387/1 1534/1386/1 1550/1385/1
f 1549/1387/1 1535/1388/1 1534/1386/1
f 1548/1389/1 1535/1388/1 1549/1387/1
f 1548/1389/1 1536/1390/1 1535/1388/1
f 1547/1391/1 1536/1390/1 1548/1389/1
f 1547/1391/1 1537/1392/1 1536/1390/1
f 1546/1393/1 1537/1392/1 1547/1391/1
f 1545/1394/1 1537/1392/1 1546/1393/1
f 1545/1394/1 1538/1395/1 1537/1392/1
f 1544/1396/1 1538/1395/1 1545/1394/1
f 1544/1396/1 1539/1397/1 1538/1395/1
f 1543/1398/1 1539/1397/1 1544/1396/1
f 1543/1398/1 1540/1399/1 1539/1397/1
f 1542/1400/1 1540/1399/1 1543/1398/1
f 1542/1400/1 1541/1401/1 1540/1399/1
f 1884/1402/1 1886/1403/1 1885/1404/1
f 1884/1402/1 1887/1405/1 1886/1403/1
f 1908/1406/1 1703/1407/1 1702/135/1
f 1884/1402/1 1888/1408/1 1887/1405/1
f 1883/1409/1 1888/1408/1 1884/1402/1
f 1883/1409/1 1889/1410/1 1888/1408/1
f 1883/1409/1 1890/1411/1 1889/1410/1
f 1882/1412/1 1890/1411/1 1883/1409/1
f 1907/1413/1 1703/1407/1 1908/1406/1
f 1882/1412/1 1891/1414/1 1890/1411/1
f 1906/1415/1 1703/1407/1 1907/1413/1
f 1906/1415/1 1704/1416/1 1703/1407/1
f 1882/1412/1 1892/1417/1 1891/1414/1
f 1881/1418/1 1892/1417/1 1882/1412/1
f 1881/1418/1 1893/1419/1 1892/1417/1
f 1905/1420/1 1704/1416/1 1906/1415/1
f 1904/1421/1 1704/1416/1 1905/1420/1
f 1881/1418/1 1894/1422/1 1893/1419/1
f 1904/1421/1 1705/1423/1 1704/1416/1
f 1903/1424/1 1705/1423/1 1904/1421/1
f 1880/1425/1 1894/1422/1 1881/1418/1
f 1880/1425/1 1895/1426/1 1894/1422/1
f 1902/1427/1 1705/1423/1 1903/1424/1
f 1902/1427/1 1706/1428/1 1705/1423/1
f 1901/1429/1 1706/1428/1 1902/1427/1
f 1880/1425/1 1896/178/1 1895/1426/1
f 1900/1430/1 1706/1428/1 1901/1429/1
f 1899/1431/1 1706/1428/1 1900/1430/1
f 1879/1432/1 1896/178/1 1880/1425/1
f 1879/1432/1 1897/1433/1 1896/178/1
f 1898/1434/1 1706/1428/1 1899/1431/1
f 1898/1434/1 1707/1435/1 1706/1428/1
f 1897/1433/1 1707/1435/1 1898/1434/1
f 1879/1432/1 1707/1435/1 1897/1433/1
f 1879/1432/1 1708/1436/1 1707/1435/1
f 1878/1437/1 1708/1436/1 1879/1432/1
f 1878/1437/1 1709/1438/1 1708/1436/1
f 1877/1439/1 1709/1438/1 1878/1437/1
f 1877/1439/1 1710/1440/1 1709/1438/1
f 1877/1439/1 1922/1441/1 1710/1440/1
f 1922/1441/1 1711/1442/1 1710/1440/1
f 1877/1439/1 1923/1443/1 1922/1441/1
f 1921/1444/1 1711/1442/1 1922/1441/1
f 1920/1445/1 1711/1442/1 1921/1444/1
f 1877/1439/1 1924/1446/1 1923/1443/1
f 1919/1447/1 1711/1442/1 1920/1445/1
f 1876/1448/1 1924/1446/1 1877/1439/1
f 1918/1449/1 1711/1442/1 1919/1447/1
f 1876/1448/1 1925/1450/1 1924/1446/1
f 1917/1451/1 1711/1442/1 1918/1449/1
f 1917/1451/1 1712/1452/1 1711/1442/1
f 1916/1453/1 1712/1452/1 1917/1451/1
f 1876/1448/1 1926/1454/1 1925/1450/1
f 1915/1455/1 1712/1452/1 1916/1453/1
f 1914/1456/1 1712/1452/1 1915/1455/1
f 1914/1456/1 1713/1457/1 1712/1452/1
f 1876/1448/1 1927/1458/1 1926/1454/1
f 1913/1459/1 1713/1457/1 1914/1456/1
f 1875/1460/1 1927/1458/1 1876/1448/1
f 1912/1461/1 1713/1457/1 1913/1459/1
f 1875/1460/1 1928/1462/1 1927/1458/1
f 1912/1461/1 1714/1463/1 1713/1457/1
f 1911/1464/1 1714/1463/1 1912/1461/1
f 1910/1465/1 1714/1463/1 1911/1464/1
f 1875/1460/1 1929/1466/1 1928/1462/1
f 1910/1465/1 1715/1467/1 1714/1463/1
f 1909/1468/1 1715/1467/1 1910/1465/1
f 1874/1469/1 1929/1466/1 1875/1460/1
f 1909/1468/1 1716/1470/1 1715/1467/1
f 1874/1469/1 1930/1471/1 1929/1466/1
f 1909/1468/3 1717/1472/3 1716/1470/3
f 1874/1469/1 1931/1473/1 1930/1471/1
f 1873/1474/1 1931/1473/1 1874/1469/1
f 1909/1468/1 1718/1475/1 1717/1472/1
f 1873/1474/1 1932/1476/1 1931/1473/1
f 1909/1468/3 1719/1477/3 1718/1475/3
f 1872/1478/1 1932/1476/1 1873/1474/1
f 1872/1478/1 1933/1479/1 1932/1476/1
f 1909/1468/1 1720/1480/1 1719/1477/1
f 1872/1478/1 1934/1481/1 1933/1479/1
f 1871/1482/1 1934/1481/1 1872/1478/1
f 1909/1468/1 1721/1483/1 1720/1480/1
f 1871/1482/1 1935/1484/1 1934/1481/1
f 1870/1485/1 1935/1484/1 1871/1482/1
f 1909/1468/1 1722/1486/1 1721/1483/1
f 1870/1485/1 1936/1487/1 1935/1484/1
f 1869/1488/1 1936/1487/1 1870/1485/1
f 1909/1468/1 1723/1489/1 1722/1486/1
f 1869/1488/1 1937/1490/1 1936/1487/1
f 1868/1491/1 1937/1490/1 1869/1488/1
f 1909/1468/1 1724/1492/1 1723/1489/1
f 1868/1491/1 1938/1493/1 1937/1490/1
f 1868/1491/1 1939/1494/1 1938/1493/1
f 1909/1468/1 1725/1495/1 1724/1492/1
f 1867/1496/1 1939/1494/1 1868/1491/1
f 1867/1496/1 1940/1497/1 1939/1494/1
f 1909/1468/1 1726/1498/1 1725/1495/1
f 1866/1499/1 1940/1497/1 1867/1496/1
f 1866/1499/1 1941/1500/1 1940/1497/1
f 1909/1468/1 1727/1501/1 1726/1498/1
f 1865/1502/1 1941/1500/1 1866/1499/1
f 1865/1502/1 1942/1503/1 1941/1500/1
f 1865/1502/1 1943/1504/1 1942/1503/1
f 1909/1468/1 1728/1505/1 1727/1501/1
f 1864/1506/1 1943/1504/1 1865/1502/1
f 1864/1506/1 1944/1507/1 1943/1504/1
f 1863/1508/1 1944/1507/1 1864/1506/1
f 1863/1508/1 1945/1509/1 1944/1507/1
f 1862/1510/1 1945/1509/1 1863/1508/1
f 1862/1510/1 1946/1511/1 1945/1509/1
f 1862/1510/1 1947/1512/1 1946/1511/1
f 1861/1513/1 1947/1512/1 1862/1510/1
f 1861/1513/1 1948/1514/1 1947/1512/1
f 1861/1513/1 1949/1515/1 1948/1514/1
f 1860/1516/1 1949/1515/1 1861/1513/1
f 1860/1516/1 1950/1517/1 1949/1515/1
f 1860/1516/1 1951/1518/1 1950/1517/1
f 1859/1519/1 1951/1518/1 1860/1516/1
f 1859/1519/1 1952/1520/1 1951/1518/1
f 1858/1521/1 1952/1520/1 1859/1519/1
f 1858/1521/1 1953/1522/1 1952/1520/1
f 1858/1521/1 1954/1523/1 1953/1522/1
f 1857/1524/1 1954/1523/1 1858/1521/1
f 1857/1524/1 1955/1525/1 1954/1523/1
f 1993/133/1 1728/1505/1 1909/1468/1
f 1856/1526/1 1955/1525/1 1857/1524/1
f 1856/1526/1 1956/1527/1 1955/1525/1
f 1992/1528/1 1728/1505/1 1993/133/1
f 1856/1526/1 1957/1529/1 1956/1527/1
f 1991/1530/1 1728/1505/1 1992/1528/1
f 1855/1531/1 1957/1529/1 1856/1526/1
f 1990/1532/1 1728/1505/1 1991/1530/1
f 1855/1531/1 1958/1533/1 1957/1529/1
f 1989/1534/1 1728/1505/1 1990/1532/1
f 1854/1535/1 1958/1533/1 1855/1531/1
f 1854/1535/1 1959/1536/1 1958/1533/1
f 1988/1537/1 1728/1505/1 1989/1534/1
f 1987/1538/1 1728/1505/1 1988/1537/1
f 1854/1535/1 1960/1539/1 1959/1536/1
f 1987/1538/1 1729/1540/1 1728/1505/1
f 1987/1538/1 1730/1541/1 1729/1540/1
f 1986/1542/1 1730/1541/1 1987/1538/1
f 1986/1542/1 1731/1543/1 1730/1541/1
f 1853/1544/1 1960/1539/1 1854/1535/1
f 1986/1542/1 1732/1545/1 1731/1543/1
f 1853/1544/1 1961/1546/1 1960/1539/1
f 1985/1547/1 1732/1545/1 1986/1542/1
f 1985/1547/1 1733/1548/1 1732/1545/1
f 1985/1547/1 1734/1549/1 1733/1548/1
f 1984/1550/1 1734/1549/1 1985/1547/1
f 1984/1550/1 1735/1551/1 1734/1549/1
f 1853/1544/1 1962/1552/1 1961/1546/1
f 1984/1550/1 1736/1553/1 1735/1551/1
f 1983/1554/1 1813/1555/1 1984/1550/1
f 1813/1555/1 1736/1553/1 1984/1550/1
f 1813/1555/1 1737/1556/1 1736/1553/1
f 1852/1557/1 1962/1552/1 1853/1544/1
f 1983/1554/1 1814/1558/1 1813/1555/1
f 1812/1559/1 1737/1556/1 1813/1555/1
f 1852/1557/1 1963/1560/1 1962/1552/1
f 1812/1559/1 1738/1561/1 1737/1556/1
f 1982/1562/1 1814/1558/1 1983/1554/1
f 1811/1563/1 1738/1561/1 1812/1559/1
f 1811/1563/1 1739/1564/1 1738/1561/1
f 1810/1565/1 1739/1564/1 1811/1563/1
f 1981/1566/1 1814/1558/1 1982/1562/1
f 1810/1565/1 1740/1567/1 1739/1564/1
f 1852/1557/1 1964/1568/1 1963/1560/1
f 1809/1569/1 1740/1567/1 1810/1565/1
f 1809/1569/1 1741/1570/1 1740/1567/1
f 1980/1571/1 1814/1558/1 1981/1566/1
f 1808/1572/1 1741/1570/1 1809/1569/1
f 1980/1571/1 1815/1573/1 1814/1558/1
f 1979/1574/1 1815/1573/1 1980/1571/1
f 1807/1575/1 1741/1570/1 1808/1572/1
f 1852/1557/1 1965/1576/1 1964/1568/1
f 1851/1577/1 1965/1576/1 1852/1557/1
f 1807/1575/1 1742/1578/1 1741/1570/1
f 1806/1579/1 1742/1578/1 1807/1575/1
f 1978/1580/1 1815/1573/1 1979/1574/1
f 1805/1581/1 1742/1578/1 1806/1579/1
f 1851/1577/1 1966/1582/1 1965/1576/1
f 1977/1583/1 1815/1573/1 1978/1580/1
f 1804/1584/1 1742/1578/1 1805/1581/1
f 1804/1584/1 1743/1585/1 1742/1578/1
f 1976/1586/1 1815/1573/1 1977/1583/1
f 1803/1587/1 1743/1585/1 1804/1584/1
f 1851/1577/1 1967/1588/1 1966/1582/1
f 1976/1586/1 1816/1589/1 1815/1573/1
f 1975/1590/1 1816/1589/1 1976/1586/1
f 1802/1591/1 1743/1585/1 1803/1587/1
f 1801/1592/1 1743/1585/1 1802/1591/1
f 1974/1593/1 1816/1589/1 1975/1590/1
f 1851/1577/1 1968/1594/1 1967/1588/1
f 1801/1592/1 1744/1595/1 1743/1585/1
f 1973/1596/1 1816/1589/1 1974/1593/1
f 1800/1597/1 1744/1595/1 1801/1592/1
f 1851/1577/1 1969/1598/1 1968/1594/1
f 1972/1599/1 1816/1589/1 1973/1596/1
f 1971/1600/1 1816/1589/1 1972/1599/1
f 1851/1577/1 1970/1601/1 1969/1598/1
f 1970/1601/1 1816/1589/1 1971/1600/1
f 1851/1577/1 1816/1589/1 1970/1601/1
f 1850/1602/1 1816/1589/1 1851/1577/1
f 1800/1597/1 1745/1603/1 1744/1595/1
f 1850/1602/1 1817/1604/1 1816/1589/1
f 1799/409/1 1745/1603/1 1800/1597/1
f 1799/409/1 1746/1605/1 1745/1603/1
f 1799/409/1 1747/1606/1 1746/1605/1
f 1798/1607/1 1747/1606/1 1799/409/1
f 1798/1607/1 1748/1608/1 1747/1606/1
f 1850/1602/1 1818/1609/1 1817/1604/1
f 1849/1610/1 1818/1609/1 1850/1602/1
f 1798/1607/1 1749/1611/1 1748/1608/1
f 1798/1607/1 1750/1612/1 1749/1611/1
f 1797/1613/1 1750/1612/1 1798/1607/1
f 1797/1613/1 1751/1614/1 1750/1612/1
f 1849/1610/1 1819/1615/1 1818/1609/1
f 1797/1613/1 1752/1616/1 1751/1614/1
f 1848/1617/1 1819/1615/1 1849/1610/1
f 1797/1613/1 1753/1618/1 1752/1616/1
f 1796/1619/1 1753/1618/1 1797/1613/1
f 1796/1619/1 1754/1620/1 1753/1618/1
f 1796/1619/1 1755/1621/1 1754/1620/1
f 1848/1617/1 1820/1622/1 1819/1615/1
f 1796/1619/1 1756/1623/1 1755/1621/1
f 1796/1619/1 1757/1624/1 1756/1623/1
f 1796/1619/1 1758/1625/1 1757/1624/1
f 1795/1626/1 1758/1625/1 1796/1619/1
f 1795/1626/1 1759/1627/1 1758/1625/1
f 1795/1626/1 1760/1628/1 1759/1627/1
f 1795/1626/1 1761/1629/1 1760/1628/1
f 1795/1626/1 1762/1630/1 1761/1629/1
f 1763/1631/1 1765/1632/1 1764/1633/1
f 1795/1626/1 1763/1631/1 1762/1630/1
f 1795/1626/1 1765/1632/1 1763/1631/1
f 1847/1634/1 1820/1622/1 1848/1617/1
f 1847/1634/1 1821/1635/1 1820/1622/1
f 1794/1636/1 1765/1632/1 1795/1626/1
f 1847/1634/1 1822/1637/1 1821/1635/1
f 1793/1638/1 1765/1632/1 1794/1636/1
f 1846/1639/1 1822/1637/1 1847/1634/1
f 1792/1640/1 1765/1632/1 1793/1638/1
f 1846/1639/1 1823/1641/1 1822/1637/1
f 1791/1642/1 1765/1632/1 1792/1640/1
f 1845/1643/1 1823/1641/1 1846/1639/1
f 1845/1643/1 1824/1644/1 1823/1641/1
f 1790/1645/1 1765/1632/1 1791/1642/1
f 1845/1643/1 1825/1646/1 1824/1644/1
f 1790/1645/1 1766/1647/1 1765/1632/1
f 1789/1648/1 1766/1647/1 1790/1645/1
f 1844/1649/1 1825/1646/1 1845/1643/1
f 1844/1649/1 1826/1650/1 1825/1646/1
f 1789/1648/1 1767/1651/1 1766/1647/1
f 1788/1652/1 1767/1651/1 1789/1648/1
f 1844/1649/1 1827/1653/1 1826/1650/1
f 1843/1654/1 1827/1653/1 1844/1649/1
f 1788/1652/1 1768/1655/1 1767/1651/1
f 1787/1656/1 1768/1655/1 1788/1652/1
f 1843/1654/1 1828/1657/1 1827/1653/1
f 1787/1656/1 1769/1658/1 1768/1655/1
f 1786/1659/1 1769/1658/1 1787/1656/1
f 1842/1660/1 1828/1657/1 1843/1654/1
f 1785/1661/1 1769/1658/1 1786/1659/1
f 1842/1660/1 1829/1662/1 1828/1657/1
f 1785/1661/1 1770/1663/1 1769/1658/1
f 1784/1664/1 1770/1663/1 1785/1661/1
f 1784/1664/1 1771/1665/1 1770/1663/1
f 1842/1660/1 1830/1666/1 1829/1662/1
f 1841/1667/1 1830/1666/1 1842/1660/1
f 1783/1668/1 1771/1665/1 1784/1664/1
f 1783/1668/1 1772/1669/1 1771/1665/1
f 1841/1667/1 1831/1670/1 1830/1666/1
f 1782/1671/1 1772/1669/1 1783/1668/1
f 1782/1671/1 1773/1672/1 1772/1669/1
f 1840/1673/1 1831/1670/1 1841/1667/1
f 1840/1673/1 1832/1674/1 1831/1670/1
f 1781/1675/1 1773/1672/1 1782/1671/1
f 1781/1675/1 1774/1676/1 1773/1672/1
f 1780/1677/1 1774/1676/1 1781/1675/1
f 1840/1673/1 1833/1678/1 1832/1674/1
f 1780/1677/1 1775/1679/1 1774/1676/1
f 1839/1680/1 1833/1678/1 1840/1673/1
f 1779/1681/1 1775/1679/1 1780/1677/1
f 1779/1681/1 1776/1682/1 1775/1679/1
f 1778/1683/1 1776/1682/1 1779/1681/1
f 1839/1680/1 1834/1684/1 1833/1678/1
f 1778/1683/1 1777/1685/1 1776/1682/1
f 1838/1686/1 1834/1684/1 1839/1680/1
f 1838/1686/1 1835/1687/1 1834/1684/1
f 1838/1686/1 1836/1688/1 1835/1687/1
f 1837/1689/1 1836/1688/1 1838/1686/1
f 2231/1690/1 2233/1691/1 2232/1692/1
f 2231/1690/1 2234/1693/1 2233/1691/1
f 2231/1690/1 2235/1694/1 2234/1693/1
f 2230/1695/1 2235/1694/1 2231/1690/1
f 2230/1695/1 2236/1696/1 2235/1694/1
f 2230/1695/1 2237/1697/1 2236/1696/1
f 2229/1698/1 2237/1697/1 2230/1695/1
f 2229/1698/1 2238/1699/1 2237/1697/1
f 2229/1698/1 2239/1700/1 2238/1699/1
f 2229/1698/1 2240/1701/1 2239/1700/1
f 2228/1702/1 2240/1701/1 2229/1698/1
f 2228/1702/1 2241/1703/1 2240/1701/1
f 2228/1702/1 2242/1704/1 2241/1703/1
f 2227/1705/1 2242/1704/1 2228/1702/1
f 2227/1705/1 2243/1706/1 2242/1704/1
f 2227/1705/1 2244/133/1 2243/1706/1
f 2227/1705/1 1994/135/1 2244/133/1
f 2226/1707/1 1994/135/1 2227/1705/1
f 2226/1707/1 2006/1708/1 1994/135/1
f 2006/1708/1 2005/1709/1 1994/135/1
f 2005/1709/1 2004/1710/1 1994/135/1
f 2004/1710/1 2003/1711/1 1994/135/1
f 2003/1711/1 2002/1712/1 1994/135/1
f 2002/1712/1 2001/1713/1 1994/135/1
f 2001/1713/1 2000/1714/1 1994/135/1
f 2000/1714/1 1999/1715/1 1994/135/1
f 1999/1715/1 1998/1716/1 1994/135/1
f 1998/1716/1 1997/1717/1 1994/135/1
f 1997/1717/1 1995/1718/1 1994/135/1
f 2225/1719/1 2009/1720/1 2226/1707/1
f 2009/1720/1 2008/1721/1 2226/1707/1
f 2008/1721/1 2007/1722/1 2226/1707/1
f 2007/1722/1 2006/1708/1 2226/1707/1
f 2224/1723/1 2010/1724/1 2225/1719/1
f 2010/1724/1 2009/1720/1 2225/1719/1
f 2224/1723/1 2011/1725/1 2010/1724/1
f 2224/1723/1 2012/1726/1 2011/1725/1
f 2224/1723/1 2013/1727/1 2012/1726/1
f 2223/1728/1 2013/1727/1 2224/1723/1
f 2223/1728/1 2014/1729/1 2013/1727/1
f 1996/1730/1 1995/1718/1 1997/1717/1
f 2223/1728/1 2015/1731/1 2014/1729/1
f 2222/1732/1 2015/1731/1 2223/1728/1
f 2222/1732/1 2016/1733/1 2015/1731/1
f 2222/1732/1 2017/1734/1 2016/1733/1
f 2221/1735/1 2017/1734/1 2222/1732/1
f 2221/1735/1 2018/1736/1 2017/1734/1
f 2220/1737/1 2018/1736/1 2221/1735/1
f 2220/1737/1 2019/1738/1 2018/1736/1
f 2220/1737/1 2020/1739/1 2019/1738/1
f 2219/1740/1 2020/1739/1 2220/1737/1
f 2219/1740/1 2021/1741/1 2020/1739/1
f 2218/1742/1 2021/1741/1 2219/1740/1
f 2218/1742/1 2022/1743/1 2021/1741/1
f 2217/1744/1 2022/1743/1 2218/1742/1
f 2217/1744/1 2023/1745/1 2022/1743/1
f 2216/1746/1 2023/1745/1 2217/1744/1
f 2216/1746/1 2024/1747/1 2023/1745/1
f 2215/1748/1 2024/1747/1 2216/1746/1
f 2215/1748/1 2025/1749/1 2024/1747/1
f 2215/1748/1 2026/1750/1 2025/1749/1
f 2214/1751/1 2026/1750/1 2215/1748/1
f 2214/1751/1 2027/1752/1 2026/1750/1
f 2213/1753/1 2027/1752/1 2214/1751/1
f 2213/1753/1 2028/1754/1 2027/1752/1
f 2212/1755/1 2028/1754/1 2213/1753/1
f 2212/1755/1 2029/1756/1 2028/1754/1
f 2211/1757/1 2029/1756/1 2212/1755/1
f 2211/1757/1 2030/1758/1 2029/1756/1
f 2210/1759/1 2030/1758/1 2211/1757/1
f 2210/1759/1 2031/1760/1 2030/1758/1
f 2210/1759/1 2032/1761/1 2031/1760/1
f 2209/1762/1 2032/1761/1 2210/1759/1
f 2209/1762/1 2033/1763/1 2032/1761/1
f 2107/1764/1 2109/1765/1 2108/1766/1
f 2131/1767/1 2133/1768/1 2132/1769/1
f 2107/1764/1 2110/1770/1 2109/1765/1
f 2130/1771/1 2133/1768/1 2131/1767/1
f 2107/1764/1 2111/1772/1 2110/1770/1
f 2129/1773/1 2133/1768/1 2130/1771/1
f 2107/1764/1 2112/1774/1 2111/1772/1
f 2128/1775/1 2133/1768/1 2129/1773/1
f 2107/1764/1 2113/1776/1 2112/1774/1
f 2127/1777/1 2133/1768/1 2128/1775/1
f 2107/1764/1 2114/1778/1 2113/1776/1
f 2126/1779/1 2133/1768/1 2127/1777/1
f 2107/1764/1 2115/1780/1 2114/1778/1
f 2125/1781/1 2133/1768/1 2126/1779/1
f 2107/1764/1 2116/1782/1 2115/1780/1
f 2124/1783/1 2133/1768/1 2125/1781/1
f 2107/1764/1 2117/1784/1 2116/1782/1
f 2123/1785/1 2133/1768/1 2124/1783/1
f 2208/1786/1 2033/1763/1 2209/1762/1
f 2107/1764/1 2118/1787/1 2117/1784/1
f 2122/1788/1 2133/1768/1 2123/1785/1
f 2107/1764/1 2119/247/1 2118/1787/1
f 2121/1789/1 2133/1768/1 2122/1788/1
f 2107/1764/1 2120/1790/1 2119/247/1
f 2120/1790/1 2133/1768/1 2121/1789/1
f 2107/1764/1 2133/1768/1 2120/1790/1
f 2208/1786/1 2034/1791/1 2033/1763/1
f 2106/1792/1 2133/1768/1 2107/1764/1
f 2106/1792/1 2134/1793/1 2133/1768/1
f 2207/1794/1 2034/1791/1 2208/1786/1
f 2207/1794/1 2035/1795/1 2034/1791/1
f 2106/1792/1 2135/1796/1 2134/1793/1
f 2106/1792/1 2136/1797/1 2135/1796/1
f 2106/1792/1 2137/1798/1 2136/1797/1
f 2106/1792/1 2138/1799/1 2137/1798/1
f 2105/1800/1 2138/1799/1 2106/1792/1
f 2105/1800/1 2139/1801/1 2138/1799/1
f 2104/1802/1 2139/1801/1 2105/1800/1
f 2104/1802/1 2140/1803/1 2139/1801/1
f 2103/1804/1 2140/1803/1 2104/1802/1
f 2103/1804/1 2141/1805/1 2140/1803/1
f 2102/1806/1 2141/1805/1 2103/1804/1
f 2102/1806/1 2142/1807/1 2141/1805/1
f 2101/1808/1 2142/1807/1 2102/1806/1
f 2100/1809/1 2142/1807/1 2101/1808/1
f 2100/1809/1 2143/1810/1 2142/1807/1
f 2099/1811/1 2143/1810/1 2100/1809/1
f 2099/1811/1 2144/1812/1 2143/1810/1
f 2098/1813/1 2144/1812/1 2099/1811/1
f 2098/1813/1 2145/1814/1 2144/1812/1
f 2097/1815/1 2145/1814/1 2098/1813/1
f 2097/1815/1 2146/1816/1 2145/1814/1
f 2096/1817/1 2146/1816/1 2097/1815/1
f 2096/1817/1 2147/1818/1 2146/1816/1
f 2095/1819/1 2147/1818/1 2096/1817/1
f 2207/1794/1 2036/1820/1 2035/1795/1
f 2094/1821/1 2147/1818/1 2095/1819/1
f 2206/1822/1 2036/1820/1 2207/1794/1
f 2094/1821/1 2148/1823/1 2147/1818/1
f 2093/1824/1 2148/1823/1 2094/1821/1
f 2093/1824/1 2149/1825/1 2148/1823/1
f 2092/1826/1 2149/1825/1 2093/1824/1
f 2092/1826/1 2150/1827/1 2149/1825/1
f 2091/1828/1 2150/1827/1 2092/1826/1
f 2091/1828/1 2151/1829/1 2150/1827/1
f 2090/1830/1 2151/1829/1 2091/1828/1
f 2089/1831/1 2151/1829/1 2090/1830/1
f 2089/1831/1 2152/1832/1 2151/1829/1
f 2088/1833/1 2152/1832/1 2089/1831/1
f 2088/1833/1 2153/1834/1 2152/1832/1
f 2206/1822/1 2037/1835/1 2036/1820/1
f 2087/1836/1 2153/1834/1 2088/1833/1
f 2087/1836/1 2154/1837/1 2153/1834/1
f 2205/1838/1 2037/1835/1 2206/1822/1
f 2086/1839/1 2154/1837/1 2087/1836/1
f 2086/1839/1 2155/1840/1 2154/1837/1
f 2085/1841/1 2155/1840/1 2086/1839/1
f 2085/1841/1 2156/1842/1 2155/1840/1
f 2084/1843/1 2156/1842/1 2085/1841/1
f 2084/1843/1 2157/1844/1 2156/1842/1
f 2083/1845/1 2157/1844/1 2084/1843/1
f 2083/1845/1 2158/1846/1 2157/1844/1
f 2205/1838/1 2038/1847/1 2037/1835/1
f 2082/1848/1 2158/1846/1 2083/1845/1
f 2082/1848/1 2159/1849/1 2158/1846/1
f 2081/1850/1 2159/1849/1 2082/1848/1
f 2081/1850/1 2160/1851/1 2159/1849/1
f 2080/1852/1 2160/1851/1 2081/1850/1
f 2204/1853/1 2038/1847/1 2205/1838/1
f 2080/1852/1 2161/1854/1 2160/1851/1
f 2079/1855/1 2161/1854/1 2080/1852/1
f 2079/1855/1 2162/1856/1 2161/1854/1
f 2078/1857/1 2162/1856/1 2079/1855/1
f 2204/1853/1 2039/1858/1 2038/1847/1
f 2078/1857/1 2163/1859/1 2162/1856/1
f 2077/1860/1 2163/1859/1 2078/1857/1
f 2077/1860/1 2164/1861/1 2163/1859/1
f 2076/1862/1 2164/1861/1 2077/1860/1
f 2076/1862/1 2165/1863/1 2164/1861/1
f 2075/1864/1 2165/1863/1 2076/1862/1
f 2203/1865/1 2039/1858/1 2204/1853/1
f 2075/1864/1 2166/1866/1 2165/1863/1
f 2074/1867/1 2166/1866/1 2075/1864/1
f 2074/1867/1 2167/1868/1 2166/1866/1
f 2203/1865/1 2040/1869/1 2039/1858/1
f 2073/1870/1 2167/1868/1 2074/1867/1
f 2073/1870/1 2168/1871/1 2167/1868/1
f 2072/1872/1 2168/1871/1 2073/1870/1
f 2072/1872/1 2169/1873/1 2168/1871/1
f 2071/1874/1 2169/1873/1 2072/1872/1
f 2071/1874/1 2170/1875/1 2169/1873/1
f 2070/1876/1 2170/1875/1 2071/1874/1
f 2202/1877/1 2040/1869/1 2203/1865/1
f 2070/1876/1 2171/1878/1 2170/1875/1
f 2202/1877/1 2041/1879/1 2040/1869/1
f 2069/1880/1 2171/1878/1 2070/1876/1
f 2202/1877/1 2042/1881/1 2041/1879/1
f 2201/1882/1 2042/1881/1 2202/1877/1
f 2201/1882/1 2043/1883/1 2042/1881/1
f 2200/1884/1 2043/1883/1 2201/1882/1
f 2200/1884/1 2044/1885/1 2043/1883/1
f 2199/1886/1 2044/1885/1 2200/1884/1
f 2199/1886/1 2045/1887/1 2044/1885/1
f 2198/1888/1 2045/1887/1 2199/1886/1
f 2198/1888/1 2046/1889/1 2045/1887/1
f 2197/1890/1 2046/1889/1 2198/1888/1
f 2197/1890/1 2047/1891/1 2046/1889/1
f 2197/1890/1 2048/1892/1 2047/1891/1
f 2196/1893/1 2048/1892/1 2197/1890/1
f 2196/1893/1 2049/1894/1 2048/1892/1
f 2195/1895/1 2049/1894/1 2196/1893/1
f 2195/1895/1 2050/1896/1 2049/1894/1
f 2195/1895/1 2051/1897/1 2050/1896/1
f 2194/1898/1 2051/1897/1 2195/1895/1
f 2194/1898/1 2052/1899/1 2051/1897/1
f 2194/1898/1 2053/1900/1 2052/1899/1
f 2193/1901/1 2053/1900/1 2194/1898/1
f 2068/1902/1 2171/1878/1 2069/1880/1
f 2193/1901/1 2054/1903/1 2053/1900/1
f 2067/1904/1 2171/1878/1 2068/1902/1
f 2066/1905/1 2171/1878/1 2067/1904/1
f 2065/1906/1 2171/1878/1 2066/1905/1
f 2193/1901/1 2055/1907/1 2054/1903/1
f 2064/1908/1 2171/1878/1 2065/1906/1
f 2063/1909/1 2171/1878/1 2064/1908/1
f 2192/1910/1 2055/1907/1 2193/1901/1
f 2062/1911/1 2171/1878/1 2063/1909/1
f 2192/1910/1 2056/1912/1 2055/1907/1
f 2061/1913/1 2171/1878/1 2062/1911/1
f 2060/1914/1 2171/1878/1 2061/1913/1
f 2059/1915/1 2171/1878/1 2060/1914/1
f 2192/1910/1 2057/1916/1 2056/1912/1
f 2058/1917/1 2171/1878/1 2059/1915/1
f 2057/1916/1 2171/1878/1 2058/1917/1
f 2192/1910/1 2171/1878/1 2057/1916/1
f 2191/1918/1 2171/1878/1 2192/1910/1
f 2191/1918/1 2172/1919/1 2171/1878/1
f 2190/1920/1 2172/1919/1 2191/1918/1
f 2190/1920/1 2173/1921/1 2172/1919/1
f 2190/1920/1 2174/1922/1 2173/1921/1
f 2189/1923/1 2174/1922/1 2190/1920/1
f 2189/1923/1 2175/1924/1 2174/1922/1
f 2189/1923/1 2176/1925/1 2175/1924/1
f 2188/1926/1 2176/1925/1 2189/1923/1
f 2188/1926/1 2177/1927/1 2176/1925/1
f 2187/1928/1 2177/1927/1 2188/1926/1
f 2187/1928/1 2178/1929/1 2177/1927/1
f 2187/1928/1 2179/1930/1 2178/1929/1
f 2186/1931/1 2179/1930/1 2187/1928/1
f 2186/1931/1 2180/1932/1 2179/1930/1
f 2186/1931/1 2181/1933/1 2180/1932/1
f 2185/1934/1 2181/1933/1 2186/1931/1
f 2185/1934/1 2182/1935/1 2181/1933/1
f 2185/1934/1 2183/1936/1 2182/1935/1
f 2184/1937/1 2183/1936/1 2185/1934/1
f 2343/1/5 2344/3/5 2345/2/5
f 2342/4/5 2343/1/5 2345/2/5
f 2295/5/5 2296/7/5 2297/6/5
f 2295/5/5 2297/6/5 2298/8/5
f 2294/9/5 2295/5/5 2298/8/5
f 2294/9/5 2298/8/5 2299/10/5
f 2293/11/5 2294/9/5 2299/10/5
f 2341/12/5 2342/4/5 2345/2/5
f 2293/11/5 2299/10/5 2300/13/5
f 2293/11/5 2300/13/5 2301/14/5
f 2292/15/5 2293/11/5 2301/14/5
f 2292/15/5 2301/14/5 2302/16/5
f 2341/12/5 2345/2/5 2346/17/5
f 2291/18/5 2292/15/5 2302/16/5
f 2340/19/5 2341/12/5 2346/17/5
f 2291/18/5 2302/16/5 2303/20/5
f 2290/21/5 2291/18/5 2303/20/5
f 2290/21/5 2303/20/5 2304/22/5
f 2290/21/5 2304/22/5 2305/23/5
f 2289/24/5 2290/21/5 2305/23/5
f 2339/25/5 2340/19/5 2346/17/5
f 2289/24/5 2305/23/5 2306/26/5
f 2288/27/5 2289/24/5 2306/26/5
f 2288/27/5 2306/26/5 2307/28/5
f 2338/29/5 2339/25/5 2346/17/5
f 2287/30/5 2288/27/5 2307/28/5
f 2287/30/5 2307/28/5 2308/31/5
f 2287/30/5 2308/31/5 2309/32/5
f 2286/33/5 2287/30/5 2309/32/5
f 2286/33/5 2309/32/5 2310/34/5
f 2337/35/5 2338/29/5 2346/17/5
f 2337/35/5 2346/17/5 2347/36/5
f 2285/37/5 2286/33/5 2310/34/5
f 2285/37/5 2310/34/5 2311/38/5
f 2285/37/5 2311/38/5 2312/39/5
f 2284/40/5 2285/37/5 2312/39/5
f 2336/41/5 2337/35/5 2347/36/5
f 2284/40/5 2312/39/5 2313/42/5
f 2283/43/5 2284/40/5 2313/42/5
f 2283/43/5 2313/42/5 2314/44/5
f 2335/45/5 2336/41/5 2347/36/5
f 2283/43/5 2314/44/5 2315/46/5
f 2335/45/5 2347/36/5 2348/47/5
f 2283/43/5 2315/46/5 2316/48/5
f 2283/43/5 2316/48/5 2317/49/5
f 2334/50/5 2335/45/5 2348/47/5
f 2283/43/5 2317/49/5 2318/51/5
f 2283/43/5 2318/51/5 2282/52/5
f 2282/52/5 2318/51/5 2319/53/5
f 2334/50/5 2348/47/5 2349/54/5
f 2333/55/5 2334/50/5 2349/54/5
f 2281/56/5 2282/52/5 2319/53/5
f 2280/57/5 2281/56/5 2319/53/5
f 2279/58/5 2280/57/5 2319/53/5
f 2278/59/5 2279/58/5 2319/53/5
f 2278/59/5 2319/53/5 2320/60/5
f 2277/61/5 2278/59/5 2320/60/5
f 2276/62/5 2277/61/5 2320/60/5
f 2275/63/5 2276/62/5 2320/60/5
f 2274/64/5 2275/63/5 2320/60/5
f 2273/65/5 2274/64/5 2320/60/5
f 2272/66/5 2273/65/5 2320/60/5
f 2272/66/5 2320/60/5 2321/67/5
f 2271/68/5 2272/66/5 2321/67/5
f 2271/68/5 2321/67/5 2322/69/5
f 2270/70/5 2271/68/5 2322/69/5
f 2270/70/5 2322/69/5 2323/71/5
f 2269/72/5 2270/70/5 2323/71/5
f 2269/72/5 2323/71/5 2324/73/5
f 2268/74/5 2269/72/5 2324/73/5
f 2268/74/5 2324/73/5 2325/75/5
f 2268/74/5 2325/75/5 2326/76/5
f 2332/77/5 2333/55/5 2349/54/5
f 2267/78/5 2268/74/5 2326/76/5
f 2267/78/5 2326/76/5 2327/79/5
f 2266/80/5 2267/78/5 2327/79/5
f 2332/77/5 2349/54/5 2350/81/5
f 2266/80/5 2327/79/5 2328/82/5
f 2265/83/5 2266/80/5 2328/82/5
f 2265/83/5 2328/82/5 2329/84/5
f 2264/85/5 2265/83/5 2329/84/5
f 2264/85/5 2329/84/5 2330/86/5
f 2263/87/5 2264/85/5 2330/86/5
f 2263/87/5 2330/86/5 2331/88/5
f 2262/89/5 2263/87/5 2331/88/5
f 2262/89/5 2331/88/5 2332/77/5
f 2261/90/5 2262/89/5 2332/77/5
f 2261/90/5 2332/77/5 2350/81/5
f 2260/91/5 2261/90/5 2350/81/5
f 2259/92/5 2260/91/5 2350/81/5
f 2259/92/5 2350/81/5 2351/93/5
f 2258/94/5 2259/92/5 2351/93/5
f 2257/95/5 2258/94/5 2351/93/5
f 2256/96/5 2257/95/5 2351/93/5
f 2255/97/5 2256/96/5 2382/98/5
f 2382/98/5 2256/96/5 2351/93/5
f 2254/99/5 2255/97/5 2382/98/5
f 2253/100/5 2254/99/5 2382/98/5
f 2253/100/5 2382/98/5 2383/101/5
f 2381/102/6 2382/98/6 2351/93/6
f 2252/103/5 2253/100/5 2383/101/5
f 2380/104/5 2381/102/5 2351/93/5
f 2252/103/5 2383/101/5 2384/105/5
f 2379/106/5 2380/104/5 2351/93/5
f 2252/103/5 2384/105/5 2385/107/5
f 2378/108/5 2379/106/5 2351/93/5
f 2252/103/5 2385/107/5 2386/109/5
f 2377/110/5 2378/108/5 2351/93/5
f 2251/111/5 2252/103/5 2386/109/5
f 2251/111/5 2386/109/5 2387/112/5
f 2377/110/5 2351/93/5 2352/113/5
f 2376/114/5 2377/110/5 2352/113/5
f 2251/111/5 2387/112/5 2388/115/5
f 2375/116/5 2376/114/5 2352/113/5
f 2250/117/5 2251/111/5 2388/115/5
f 2250/117/5 2388/115/5 2389/118/5
f 2374/119/5 2375/116/5 2352/113/5
f 2250/117/5 2389/118/5 2390/120/5
f 2249/121/5 2250/117/5 2390/120/5
f 2373/122/5 2374/119/5 2352/113/5
f 2249/121/5 2390/120/5 2391/123/5
f 2248/124/5 2249/121/5 2391/123/5
f 2372/125/5 2373/122/5 2352/113/5
f 2248/124/5 2391/123/5 2392/126/5
f 2371/127/5 2372/125/5 2352/113/5
f 2247/128/5 2248/124/5 2392/126/5
f 2247/128/5 2392/126/5 2393/129/5
f 2371/127/5 2352/113/5 2353/130/5
f 2370/131/5 2371/127/5 2353/130/5
f 2246/132/5 2247/128/5 2394/133/5
f 2394/133/5 2247/128/5 2393/129/5
f 2369/134/5 2370/131/5 2353/130/5
f 2246/132/5 2394/133/5 2245/135/5
f 2368/136/5 2369/134/5 2353/130/5
f 2367/137/5 2368/136/5 2353/130/5
f 2367/137/5 2353/130/5 2354/138/5
f 2366/139/5 2367/137/5 2354/138/5
f 2365/140/5 2366/139/5 2354/138/5
f 2364/141/5 2365/140/5 2354/138/5
f 2364/141/5 2354/138/5 2355/142/5
f 2363/143/5 2364/141/5 2355/142/5
f 2362/144/5 2363/143/5 2355/142/5
f 2362/144/5 2355/142/5 2356/145/5
f 2361/146/5 2362/144/5 2356/145/5
f 2360/147/5 2361/146/5 2356/145/5
f 2360/147/5 2356/145/5 2357/148/5
f 2359/149/5 2360/147/5 2357/148/5
f 2358/150/5 2359/149/5 2357/148/5
f 2575/151/5 2576/153/5 2577/152/5
f 2574/154/5 2575/151/5 2577/152/5
f 2574/154/5 2577/152/5 2578/155/5
f 2573/156/5 2574/154/5 2578/155/5
f 2572/157/5 2573/156/5 2578/155/5
f 2572/157/5 2578/155/5 2579/158/5
f 2571/159/5 2572/157/5 2579/158/5
f 2571/159/5 2579/158/5 2580/160/5
f 2570/161/5 2571/159/5 2580/160/5
f 2569/162/5 2570/161/5 2580/160/5
f 2569/162/5 2580/160/5 2581/163/5
f 2568/164/5 2569/162/5 2581/163/5
f 2568/164/5 2581/163/5 2582/165/5
f 2567/166/5 2568/164/5 2582/165/5
f 2566/167/5 2567/166/5 2582/165/5
f 2566/167/5 2582/165/5 2583/168/5
f 2565/169/5 2566/167/5 2583/168/5
f 2565/169/5 2583/168/5 2584/170/5
f 2564/171/5 2565/169/5 2584/170/5
f 2563/172/5 2564/171/5 2584/170/5
f 2563/172/5 2584/170/5 2585/173/5
f 2562/174/5 2563/172/5 2585/173/5
f 2562/174/5 2585/173/5 2586/175/5
f 2561/176/5 2562/174/5 2586/175/5
f 2560/177/5 2561/176/5 2586/175/5
f 2560/177/5 2586/175/5 2587/178/5
f 2559/179/5 2560/177/5 2587/178/5
f 2558/180/5 2559/179/5 2587/178/5
f 2558/180/5 2587/178/5 2588/181/5
f 2557/182/5 2558/180/5 2588/181/5
f 2557/182/5 2588/181/5 2589/183/5
f 2556/184/5 2557/182/5 2589/183/5
f 2555/185/5 2556/184/5 2589/183/5
f 2555/185/5 2589/183/5 2590/186/5
f 2554/187/5 2555/185/5 2590/186/5
f 2554/187/5 2590/186/5 2591/188/5
f 2553/189/5 2554/187/5 2591/188/5
f 2552/190/5 2553/189/5 2591/188/5
f 2552/190/5 2591/188/5 2672/191/5
f 2672/191/5 2591/188/5 2592/192/5
f 2551/193/5 2552/190/5 2672/191/5
f 2551/193/5 2672/191/5 2673/194/5
f 2671/195/7 2672/191/7 2592/192/7
f 2670/196/5 2671/195/5 2592/192/5
f 2551/193/5 2673/194/5 2674/197/5
f 2669/198/5 2670/196/5 2592/192/5
f 2668/199/5 2669/198/5 2592/192/5
f 2551/193/5 2674/197/5 2675/200/5
f 2667/201/5 2668/199/5 2592/192/5
f 2666/202/5 2667/201/5 2592/192/5
f 2550/203/5 2551/193/5 2675/200/5
f 2550/203/5 2675/200/5 2676/204/5
f 2666/202/5 2592/192/5 2593/205/5
f 2665/206/5 2666/202/5 2593/205/5
f 2664/207/5 2665/206/5 2593/205/5
f 2550/203/5 2676/204/5 2677/208/5
f 2549/209/5 2550/203/5 2677/208/5
f 2663/210/5 2664/207/5 2593/205/5
f 2549/209/5 2677/208/5 2678/211/5
f 2662/212/5 2663/210/5 2593/205/5
f 2662/212/5 2593/205/5 2594/213/5
f 2548/214/5 2549/209/5 2678/211/5
f 2661/215/5 2662/212/5 2594/213/5
f 2548/214/5 2678/211/5 2679/216/5
f 2660/217/5 2661/215/5 2594/213/5
f 2547/218/5 2548/214/5 2679/216/5
f 2660/217/5 2594/213/5 2595/219/5
f 2659/220/5 2660/217/5 2595/219/5
f 2547/218/5 2679/216/5 2680/221/5
f 2546/222/5 2547/218/5 2680/221/5
f 2658/223/5 2659/220/5 2595/219/5
f 2658/223/5 2595/219/5 2596/224/5
f 2657/225/5 2658/223/5 2596/224/5
f 2546/222/5 2680/221/5 2681/226/5
f 2545/227/5 2546/222/5 2681/226/5
f 2656/228/5 2657/225/5 2596/224/5
f 2544/229/5 2545/227/5 2681/226/5
f 2656/228/5 2596/224/5 2597/230/5
f 2544/229/5 2681/226/5 2682/231/5
f 2655/232/5 2656/228/5 2597/230/5
f 2654/233/5 2655/232/5 2597/230/5
f 2543/234/5 2544/229/5 2682/231/5
f 2543/234/5 2682/231/5 2683/133/5
f 2654/233/5 2597/230/5 2598/235/5
f 2653/236/5 2654/233/5 2598/235/5
f 2542/237/5 2543/234/5 2683/133/5
f 2652/238/5 2653/236/5 2598/235/5
f 2541/239/5 2542/237/5 2683/133/5
f 2652/238/5 2598/235/5 2599/240/5
f 2541/239/5 2683/133/5 2612/241/5
f 2651/242/5 2652/238/5 2599/240/5
f 2540/243/5 2541/239/5 2612/241/5
f 2650/244/5 2651/242/5 2599/240/5
f 2650/244/5 2599/240/5 2600/245/5
f 2540/243/5 2612/241/5 2613/246/5
f 2539/247/5 2540/243/5 2613/246/5
f 2649/248/5 2650/244/5 2600/245/5
f 2538/249/5 2539/247/5 2613/246/5
f 2648/250/5 2649/248/5 2600/245/5
f 2648/250/5 2600/245/5 2601/251/5
f 2538/249/5 2613/246/5 2614/252/5
f 2537/253/5 2538/249/5 2614/252/5
f 2647/254/5 2648/250/5 2601/251/5
f 2536/255/5 2537/253/5 2614/252/5
f 2536/255/5 2614/252/5 2615/256/5
f 2646/257/5 2647/254/5 2601/251/5
f 2646/257/5 2601/251/5 2602/258/5
f 2535/259/5 2536/255/5 2615/256/5
f 2534/260/5 2535/259/5 2615/256/5
f 2534/260/5 2615/256/5 2616/261/5
f 2645/262/5 2646/257/5 2602/258/5
f 2533/263/5 2534/260/5 2616/261/5
f 2645/262/5 2602/258/5 2603/264/5
f 2644/265/5 2645/262/5 2603/264/5
f 2533/263/5 2616/261/5 2617/266/5
f 2532/267/5 2533/263/5 2617/266/5
f 2531/268/5 2532/267/5 2617/266/5
f 2643/269/5 2644/265/5 2603/264/5
f 2643/269/5 2603/264/5 2604/270/5
f 2531/268/5 2617/266/5 2618/271/5
f 2530/272/5 2531/268/5 2618/271/5
f 2642/273/5 2643/269/5 2604/270/5
f 2529/274/5 2530/272/5 2618/271/5
f 2642/273/5 2604/270/5 2605/275/5
f 2641/276/5 2642/273/5 2605/275/5
f 2529/274/5 2618/271/5 2619/277/5
f 2528/278/5 2529/274/5 2619/277/5
f 2640/279/5 2641/276/5 2605/275/5
f 2527/280/5 2528/278/5 2619/277/5
f 2640/279/5 2605/275/5 2606/281/5
f 2527/280/5 2619/277/5 2620/282/5
f 2639/283/5 2640/279/5 2606/281/5
f 2526/284/5 2527/280/5 2620/282/5
f 2638/285/5 2639/283/5 2606/281/5
f 2525/286/5 2526/284/5 2620/282/5
f 2638/285/5 2606/281/5 2607/287/5
f 2525/286/5 2620/282/5 2621/288/5
f 2637/289/5 2638/285/5 2607/287/5
f 2524/290/5 2525/286/5 2621/288/5
f 2637/289/5 2607/287/5 2608/291/5
f 2636/292/5 2637/289/5 2608/291/5
f 2523/293/5 2524/290/5 2621/288/5
f 2523/293/5 2621/288/5 2622/294/5
f 2635/295/5 2636/292/5 2608/291/5
f 2522/296/5 2523/293/5 2622/294/5
f 2635/295/5 2608/291/5 2609/297/5
f 2634/298/5 2635/295/5 2609/297/5
f 2521/299/5 2522/296/5 2622/294/5
f 2633/300/5 2634/298/5 2609/297/5
f 2633/300/5 2609/297/5 2610/301/5
f 2521/299/5 2622/294/5 2623/302/5
f 2520/303/5 2521/299/5 2623/302/5
f 2632/304/5 2633/300/5 2610/301/5
f 2631/305/5 2632/304/5 2610/301/5
f 2631/305/5 2610/301/5 2611/306/5
f 2519/307/5 2520/303/5 2623/302/5
f 2630/308/5 2631/305/5 2611/306/5
f 2519/307/5 2623/302/5 2624/309/5
f 2629/310/5 2630/308/5 2611/306/5
f 2518/311/5 2519/307/5 2624/309/5
f 2629/310/5 2611/306/5 2395/135/5
f 2628/312/5 2629/310/5 2395/135/5
f 2627/313/5 2628/312/5 2395/135/5
f 2517/314/5 2518/311/5 2624/309/5
f 2627/313/5 2395/135/5 2396/315/5
f 2626/316/5 2627/313/5 2396/315/5
f 2625/317/5 2626/316/5 2396/315/5
f 2624/309/5 2625/317/5 2396/315/5
f 2516/318/5 2517/314/5 2624/309/5
f 2516/318/5 2624/309/5 2396/315/5
f 2516/318/5 2396/315/5 2397/319/5
f 2515/320/5 2516/318/5 2397/319/5
f 2515/320/5 2397/319/5 2398/321/5
f 2515/320/5 2398/321/5 2399/322/5
f 2514/323/5 2515/320/5 2399/322/5
f 2514/323/5 2399/322/5 2400/324/5
f 2513/325/5 2514/323/5 2400/324/5
f 2513/325/5 2400/324/5 2401/326/5
f 2513/325/5 2401/326/5 2402/327/5
f 2512/328/5 2513/325/5 2402/327/5
f 2512/328/5 2402/327/5 2403/329/5
f 2512/328/5 2403/329/5 2404/330/5
f 2511/331/5 2512/328/5 2404/330/5
f 2511/331/5 2404/330/5 2405/332/5
f 2511/331/5 2405/332/5 2406/333/5
f 2511/331/5 2406/333/5 2407/334/5
f 2511/331/5 2407/334/5 2408/335/5
f 2510/336/5 2511/331/5 2408/335/5
f 2510/336/5 2408/335/5 2409/337/5
f 2510/336/5 2409/337/5 2410/338/5
f 2509/339/5 2510/336/5 2410/338/5
f 2509/339/5 2410/338/5 2411/340/5
f 2509/339/5 2411/340/5 2412/341/5
f 2508/342/5 2509/339/5 2412/341/5
f 2508/342/5 2412/341/5 2413/343/5
f 2508/342/5 2413/343/5 2414/344/5
f 2508/342/5 2414/344/5 2415/345/5
f 2507/346/5 2508/342/5 2415/345/5
f 2507/346/5 2415/345/5 2416/347/5
f 2507/346/5 2416/347/5 2417/348/5
f 2506/349/5 2507/346/5 2417/348/5
f 2506/349/5 2417/348/5 2418/350/5
f 2506/349/5 2418/350/5 2419/351/5
f 2506/349/5 2419/351/5 2420/352/5
f 2505/353/5 2506/349/5 2420/352/5
f 2504/354/5 2505/353/5 2420/352/5
f 2504/354/5 2420/352/5 2421/355/5
f 2503/356/5 2504/354/5 2421/355/5
f 2503/356/5 2421/355/5 2422/357/5
f 2502/358/5 2503/356/5 2422/357/5
f 2502/358/5 2422/357/5 2423/359/5
f 2501/360/5 2502/358/5 2423/359/5
f 2501/360/5 2423/359/5 2424/361/5
f 2501/360/5 2424/361/5 2425/362/5
f 2500/363/5 2501/360/5 2425/362/5
f 2500/363/5 2425/362/5 2426/364/5
f 2499/365/5 2500/363/5 2426/364/5
f 2499/365/5 2426/364/5 2427/366/5
f 2499/365/5 2427/366/5 2428/367/5
f 2498/368/5 2499/365/5 2428/367/5
f 2498/368/5 2428/367/5 2429/369/5
f 2497/370/5 2498/368/5 2429/369/5
f 2497/370/5 2429/369/5 2430/371/5
f 2497/370/5 2430/371/5 2431/372/5
f 2454/373/5 2455/375/5 2456/374/5
f 2496/376/5 2497/370/5 2431/372/5
f 2496/376/5 2431/372/5 2432/377/5
f 2453/378/5 2454/373/5 2456/374/5
f 2496/376/5 2432/377/5 2433/379/5
f 2495/380/5 2496/376/5 2433/379/5
f 2452/381/5 2453/378/5 2456/374/5
f 2495/380/5 2433/379/5 2434/382/5
f 2451/383/5 2452/381/5 2456/374/5
f 2495/380/5 2434/382/5 2435/384/5
f 2451/383/5 2456/374/5 2457/385/5
f 2494/386/5 2495/380/5 2435/384/5
f 2450/387/5 2451/383/5 2457/385/5
f 2494/386/5 2435/384/5 2436/388/5
f 2450/387/5 2457/385/5 2458/389/5
f 2449/390/5 2450/387/5 2458/389/5
f 2494/386/5 2436/388/5 2437/391/5
f 2448/392/5 2449/390/5 2458/389/5
f 2494/386/5 2437/391/5 2438/393/5
f 2448/392/5 2458/389/5 2459/394/5
f 2493/395/5 2494/386/5 2438/393/5
f 2447/396/5 2448/392/5 2459/394/5
f 2493/395/5 2438/393/5 2439/397/5
f 2446/398/5 2447/396/5 2459/394/5
f 2493/395/5 2439/397/5 2440/399/5
f 2445/400/5 2446/398/5 2459/394/5
f 2493/395/5 2440/399/5 2441/401/5
f 2445/400/5 2459/394/5 2460/402/5
f 2444/403/5 2445/400/5 2460/402/5
f 2493/395/5 2441/401/5 2442/404/5
f 2443/405/5 2444/403/5 2460/402/5
f 2493/395/5 2442/404/5 2443/405/5
f 2493/395/5 2443/405/5 2460/402/5
f 2492/406/5 2493/395/5 2460/402/5
f 2492/406/5 2460/402/5 2461/407/5
f 2492/406/5 2461/407/5 2462/408/5
f 2491/409/5 2492/406/5 2462/408/5
f 2491/409/5 2462/408/5 2463/410/5
f 2491/409/5 2463/410/5 2464/411/5
f 2490/412/5 2491/409/5 2464/411/5
f 2490/412/5 2464/411/5 2465/413/5
f 2489/414/5 2490/412/5 2465/413/5
f 2489/414/5 2465/413/5 2466/415/5
f 2489/414/5 2466/415/5 2467/416/5
f 2488/417/5 2489/414/5 2467/416/5
f 2488/417/5 2467/416/5 2468/418/5
f 2487/419/5 2488/417/5 2468/418/5
f 2487/419/5 2468/418/5 2469/420/5
f 2487/419/5 2469/420/5 2470/421/5
f 2486/422/5 2487/419/5 2470/421/5
f 2486/422/5 2470/421/5 2471/423/5
f 2485/424/5 2486/422/5 2471/423/5
f 2485/424/5 2471/423/5 2472/425/5
f 2485/424/5 2472/425/5 2473/426/5
f 2484/427/5 2485/424/5 2473/426/5
f 2484/427/5 2473/426/5 2474/428/5
f 2483/429/5 2484/427/5 2474/428/5
f 2483/429/5 2474/428/5 2475/430/5
f 2483/429/5 2475/430/5 2476/431/5
f 2482/432/5 2483/429/5 2476/431/5
f 2482/432/5 2476/431/5 2477/433/5
f 2481/434/5 2482/432/5 2477/433/5
f 2481/434/5 2477/433/5 2478/435/5
f 2481/434/5 2478/435/5 2479/436/5
f 2480/437/5 2481/434/5 2479/436/5
f 2755/438/5 2756/440/5 2757/439/5
f 2962/441/5 2963/443/5 2964/442/5
f 2962/441/5 2964/442/5 2965/444/5
f 2961/445/5 2962/441/5 2965/444/5
f 2961/445/5 2965/444/5 2966/446/5
f 2961/445/5 2966/446/5 2967/447/5
f 2960/448/5 2961/445/5 2967/447/5
f 2960/448/5 2967/447/5 2968/449/5
f 2960/448/5 2968/449/5 2969/450/5
f 2959/451/5 2960/448/5 2969/450/5
f 2959/451/5 2969/450/5 2970/452/5
f 2754/453/5 2755/438/5 2757/439/5
f 2959/451/5 2970/452/5 2971/454/5
f 2958/455/5 2959/451/5 2971/454/5
f 2958/455/5 2971/454/5 2972/456/5
f 2754/453/5 2757/439/5 2758/457/5
f 2958/455/5 2972/456/5 2973/458/5
f 2957/459/5 2958/455/5 2973/458/5
f 2753/460/5 2754/453/5 2758/457/5
f 2957/459/5 2973/458/5 2974/461/5
f 2956/462/5 2957/459/5 2974/461/5
f 2956/462/5 2974/461/5 2975/463/5
f 2752/464/5 2753/460/5 2758/457/5
f 2956/462/5 2975/463/5 2976/465/5
f 2955/466/5 2956/462/5 2976/465/5
f 2955/466/5 2976/465/5 2977/467/5
f 2752/464/5 2758/457/5 2759/468/5
f 2751/469/5 2752/464/5 2759/468/5
f 2955/466/5 2977/467/5 2978/470/5
f 2954/471/5 2955/466/5 2978/470/5
f 2954/471/5 2978/470/5 2979/472/5
f 2750/473/5 2751/469/5 2759/468/5
f 2954/471/5 2979/472/5 2980/474/5
f 2953/475/5 2954/471/5 2980/474/5
f 2749/476/5 2750/473/5 2759/468/5
f 2953/475/5 2980/474/5 2981/477/5
f 2749/476/5 2759/468/5 2760/478/5
f 2953/475/5 2981/477/5 2982/479/5
f 2952/480/5 2953/475/5 2982/479/5
f 2748/481/5 2749/476/5 2760/478/5
f 2952/480/5 2982/479/5 2983/482/5
f 2747/483/5 2748/481/5 2760/478/5
f 2952/480/5 2983/482/5 2984/484/5
f 2951/485/5 2952/480/5 2984/484/5
f 2747/483/5 2760/478/5 2761/486/5
f 2746/487/5 2747/483/5 2761/486/5
f 2951/485/5 2984/484/5 2985/488/5
f 2745/489/5 2746/487/5 2761/486/5
f 2950/490/5 2951/485/5 2985/488/5
f 2950/490/5 2985/488/5 2986/491/5
f 2744/492/5 2745/489/5 2761/486/5
f 2950/490/5 2986/491/5 2987/493/5
f 2744/492/5 2761/486/5 2762/494/5
f 2743/495/5 2744/492/5 2762/494/5
f 2950/490/5 2987/493/5 2988/496/5
f 2950/490/5 2988/496/5 2989/497/5
f 2743/495/5 2762/494/5 2763/498/5
f 2950/490/5 2989/497/5 2990/499/5
f 2950/490/5 2990/499/5 2991/500/5
f 2742/501/5 2743/495/5 2763/498/5
f 2950/490/5 2991/500/5 2992/502/5
f 2742/501/5 2763/498/5 2764/503/5
f 2950/490/5 2992/502/5 2993/504/5
f 2950/490/5 2993/504/5 2994/505/5
f 2949/506/5 2950/490/5 2994/505/5
f 2948/507/5 2949/506/5 2994/505/5
f 2741/508/5 2742/501/5 2764/503/5
f 2947/509/5 2948/507/5 2994/505/5
f 2946/510/5 2947/509/5 2994/505/5
f 2945/511/5 2946/510/5 2994/505/5
f 2944/512/5 2945/511/5 2994/505/5
f 2943/513/5 2944/512/5 2994/505/5
f 2942/514/5 2943/513/5 2994/505/5
f 2941/515/5 2942/514/5 2994/505/5
f 2940/516/5 2941/515/5 2994/505/5
f 2741/508/5 2764/503/5 2765/517/5
f 2939/518/5 2940/516/5 2994/505/5
f 2938/519/5 2939/518/5 2994/505/5
f 2937/520/5 2938/519/5 2994/505/5
f 2936/521/5 2937/520/5 2994/505/5
f 2936/521/5 2994/505/5 2995/522/5
f 2935/523/5 2936/521/5 2995/522/5
f 2934/524/5 2935/523/5 2995/522/5
f 2933/525/5 2934/524/5 2995/522/5
f 2932/526/5 2933/525/5 2995/522/5
f 2931/527/5 2932/526/5 2995/522/5
f 2930/528/5 2931/527/5 2995/522/5
f 2929/529/5 2930/528/5 2995/522/5
f 2928/530/5 2929/529/5 2995/522/5
f 2927/531/5 2928/530/5 2995/522/5
f 2926/532/5 2927/531/5 2995/522/5
f 2926/532/5 2995/522/5 2996/533/5
f 2925/534/5 2926/532/5 2996/533/5
f 2924/535/5 2925/534/5 2996/533/5
f 2923/536/5 2924/535/5 2996/533/5
f 2922/537/5 2923/536/5 2996/533/5
f 2921/538/5 2922/537/5 2996/533/5
f 2920/539/5 2921/538/5 2996/533/5
f 2741/508/5 2765/517/5 2766/540/5
f 2919/541/5 2920/539/5 2996/533/5
f 2919/541/5 2996/533/5 2997/542/5
f 2740/543/5 2741/508/5 2766/540/5
f 2918/544/5 2919/541/5 2997/542/5
f 2917/545/5 2918/544/5 2997/542/5
f 2916/546/5 2917/545/5 2997/542/5
f 2915/547/5 2916/546/5 2997/542/5
f 2914/548/5 2915/547/5 2997/542/5
f 2914/548/5 2997/542/5 2998/549/5
f 2913/550/5 2914/548/5 2998/549/5
f 2912/551/5 2913/550/5 2998/549/5
f 2911/552/5 2912/551/5 2998/549/5
f 2910/553/5 2911/552/5 2998/549/5
f 2910/553/5 2998/549/5 2999/554/5
f 2740/543/5 2766/540/5 2767/555/5
f 2909/556/5 2910/553/5 2999/554/5
f 2908/557/5 2909/556/5 2999/554/5
f 2907/558/5 2908/557/5 2999/554/5
f 2739/559/5 2740/543/5 2767/555/5
f 2906/560/5 2907/558/5 2999/554/5
f 2906/560/5 2999/554/5 3000/561/5
f 2905/562/5 2906/560/5 3000/561/5
f 2904/563/5 2905/562/5 3000/561/5
f 2903/564/5 2904/563/5 3000/561/5
f 2903/564/5 3000/561/5 3001/565/5
f 2902/566/5 2903/564/5 3001/565/5
f 2739/559/5 2767/555/5 2768/567/5
f 2901/568/5 2902/566/5 3001/565/5
f 2900/569/5 2901/568/5 3001/565/5
f 2738/570/5 2739/559/5 2768/567/5
f 2900/569/5 3001/565/5 3002/571/5
f 2899/572/5 2900/569/5 3002/571/5
f 2899/572/5 3002/571/5 3003/573/5
f 2898/574/5 2899/572/5 3003/573/5
f 2738/570/5 2768/567/5 2769/575/5
f 2897/576/5 2898/574/5 3003/573/5
f 2897/576/5 3003/573/5 3004/577/5
f 2737/578/5 2738/570/5 2769/575/5
f 2896/579/5 2897/576/5 3004/577/5
f 2896/579/5 3004/577/5 3005/580/5
f 2737/578/5 2769/575/5 2770/581/5
f 2895/582/5 2896/579/5 3005/580/5
f 2895/582/5 3005/580/5 3006/583/5
f 2894/584/5 2895/582/5 3006/583/5
f 2736/585/5 2737/578/5 2770/581/5
f 2893/586/5 2894/584/5 3006/583/5
f 2736/585/5 2770/581/5 2771/587/5
f 2893/586/5 3006/583/5 3007/588/5
f 2892/589/5 2893/586/5 3007/588/5
f 2892/589/5 3007/588/5 3008/590/5
f 2735/591/5 2736/585/5 2771/587/5
f 2891/592/5 2892/589/5 3008/590/5
f 2735/591/5 2771/587/5 2772/593/5
f 2891/592/5 3008/590/5 3009/594/5
f 2890/595/5 2891/592/5 3009/594/5
f 2890/595/5 3009/594/5 3010/596/5
f 2734/597/5 2735/591/5 2772/593/5
f 2889/598/5 2890/595/5 3010/596/5
f 2734/597/5 2772/593/5 2773/599/5
f 2889/598/5 3010/596/5 3011/600/5
f 2888/601/5 2889/598/5 3011/600/5
f 2888/601/5 3011/600/5 3012/602/5
f 2734/597/5 2773/599/5 2774/603/5
f 2733/604/5 2734/597/5 2774/603/5
f 2887/605/5 2888/601/5 3012/602/5
f 2887/605/5 3012/602/5 3013/606/5
f 2886/607/5 2887/605/5 3013/606/5
f 2886/607/5 3013/606/5 3014/608/5
f 2733/604/5 2774/603/5 2775/609/5
f 2732/610/5 2733/604/5 2775/609/5
f 2885/611/5 2886/607/5 3014/608/5
f 2885/611/5 3014/608/5 3015/612/5
f 2884/613/5 2885/611/5 3015/612/5
f 2732/610/5 2775/609/5 2776/614/5
f 2884/613/5 3015/612/5 3016/615/5
f 2731/616/5 2732/610/5 2776/614/5
f 2883/617/5 2884/613/5 3016/615/5
f 2883/617/5 3016/615/5 3017/618/5
f 2882/619/5 2883/617/5 3017/618/5
f 2731/616/5 2776/614/5 2777/620/5
f 2882/619/5 3017/618/5 3018/621/5
f 2730/622/5 2731/616/5 2777/620/5
f 2881/623/5 2882/619/5 3018/621/5
f 2881/623/5 3018/621/5 3019/624/5
f 2880/625/5 2881/623/5 3019/624/5
f 2730/622/5 2777/620/5 2778/626/5
f 2729/627/5 2730/622/5 2778/626/5
f 2880/625/5 3019/624/5 3020/628/5
f 2879/629/5 2880/625/5 3020/628/5
f 2879/629/5 3020/628/5 3021/630/5
f 2729/627/5 2778/626/5 2779/631/5
f 2878/632/5 2879/629/5 3021/630/5
f 2728/633/5 2729/627/5 2779/631/5
f 2878/632/5 3021/630/5 3022/634/5
f 2877/247/5 2878/632/5 3022/634/5
f 2728/633/5 2779/631/5 2780/635/5
f 2877/247/5 3022/634/5 3023/636/5
f 2876/637/5 2877/247/5 3023/636/5
f 2727/638/5 2728/633/5 2780/635/5
f 2876/637/5 3023/636/5 3024/639/5
f 2875/640/5 2876/637/5 3024/639/5
f 2727/638/5 2780/635/5 2781/641/5
f 2875/640/5 3024/639/5 3025/642/5
f 2726/643/5 2727/638/5 2781/641/5
f 2874/644/5 2875/640/5 3025/642/5
f 2874/644/5 3025/642/5 3026/645/5
f 2873/646/5 2874/644/5 3026/645/5
f 2726/643/5 2781/641/5 2782/647/5
f 2725/648/5 2726/643/5 2782/647/5
f 2873/646/5 3026/645/5 3027/649/5
f 2872/650/5 2873/646/5 3027/649/5
f 2872/650/5 3027/649/5 3028/651/5
f 2725/648/5 2782/647/5 2783/652/5
f 2871/653/5 2872/650/5 3028/651/5
f 2724/654/5 2725/648/5 2783/652/5
f 2871/653/5 3028/651/5 3029/655/5
f 2870/656/5 2871/653/5 3029/655/5
f 2724/654/5 2783/652/5 2784/657/5
f 2870/656/5 3029/655/5 3030/658/5
f 2723/659/5 2724/654/5 2784/657/5
f 2869/660/5 2870/656/5 3030/658/5
f 2869/660/5 3030/658/5 3031/661/5
f 2868/662/5 2869/660/5 3031/661/5
f 2723/659/5 2784/657/5 2785/663/5
f 2722/664/5 2723/659/5 2785/663/5
f 2868/662/5 3031/661/5 3032/665/5
f 2867/666/5 2868/662/5 3032/665/5
f 2867/666/5 3032/665/5 3033/667/5
f 2866/668/5 2867/666/5 3033/667/5
f 2722/664/5 2785/663/5 2786/669/5
f 2721/670/5 2722/664/5 2786/669/5
f 2866/668/5 3033/667/5 3034/671/5
f 2865/672/5 2866/668/5 3034/671/5
f 2865/672/5 3034/671/5 3035/673/5
f 2721/670/5 2786/669/5 2787/674/5
f 2720/675/5 2721/670/5 2787/674/5
f 2864/676/5 2865/672/5 3035/673/5
f 2864/676/5 3035/673/5 3036/677/5
f 2863/678/5 2864/676/5 3036/677/5
f 2720/675/5 2787/674/5 2788/679/5
f 2719/680/5 2720/675/5 2788/679/5
f 2863/678/5 3036/677/5 3037/681/5
f 2862/682/5 2863/678/5 3037/681/5
f 2862/682/5 3037/681/5 3038/683/5
f 2861/684/5 2862/682/5 3038/683/5
f 2718/685/5 2719/680/5 2788/679/5
f 2718/685/5 2788/679/5 2789/686/5
f 2861/684/5 3038/683/5 3039/687/5
f 2860/688/5 2861/684/5 3039/687/5
f 2859/689/5 2860/688/5 3039/687/5
f 2859/689/5 3039/687/5 3040/690/5
f 2717/691/5 2718/685/5 2789/686/5
f 2717/691/5 2789/686/5 2790/692/5
f 2858/693/5 2859/689/5 3040/690/5
f 2858/693/5 3040/690/5 3041/694/5
f 2857/695/5 2858/693/5 3041/694/5
f 2857/695/5 3041/694/5 3042/696/5
f 2716/697/5 2717/691/5 2790/692/5
f 2716/697/5 2790/692/5 2791/698/5
f 2856/699/5 2857/695/5 3042/696/5
f 2856/699/5 3042/696/5 3043/700/5
f 2855/701/5 2856/699/5 3043/700/5
f 2715/702/5 2716/697/5 2791/698/5
f 2855/701/5 3043/700/5 3044/703/5
f 2854/704/5 2855/701/5 3044/703/5
f 2715/702/5 2791/698/5 2792/705/5
f 2854/704/5 3044/703/5 3045/706/5
f 2853/707/5 2854/704/5 3045/706/5
f 2714/708/5 2715/702/5 2792/705/5
f 2853/707/5 3045/706/5 3046/709/5
f 2714/708/5 2792/705/5 2793/710/5
f 2853/707/5 3046/709/5 3047/711/5
f 2713/712/5 2714/708/5 2793/710/5
f 2852/713/5 2853/707/5 3047/711/5
f 2852/713/5 3047/711/5 3048/714/5
f 2713/712/5 2793/710/5 2794/715/5
f 2852/713/5 3048/714/5 3049/716/5
f 2712/717/5 2713/712/5 2794/715/5
f 2852/713/5 3049/716/5 3050/718/5
f 2712/717/5 2794/715/5 2795/719/5
f 2851/720/5 2852/713/5 3050/718/5
f 2851/720/5 3050/718/5 3051/721/5
f 2711/722/5 2712/717/5 2795/719/5
f 2851/720/5 3051/721/5 3052/723/5
f 2711/722/5 2795/719/5 2796/724/5
f 2851/720/5 3052/723/5 3053/725/5
f 2710/726/5 2711/722/5 2796/724/5
f 2850/727/5 2851/720/5 3053/725/5
f 2850/727/5 3053/725/5 3054/728/5
f 2710/726/5 2796/724/5 2797/729/5
f 2850/727/5 3054/728/5 3055/730/5
f 2709/731/5 2710/726/5 2797/729/5
f 2850/727/5 3055/730/5 3056/732/5
f 2849/733/5 2850/727/5 3056/732/5
f 2709/731/5 2797/729/5 2798/734/5
f 2849/733/5 3056/732/5 3057/735/5
f 2708/736/5 2709/731/5 2798/734/5
f 2849/733/5 3057/735/5 3058/737/5
f 2849/733/5 3058/737/5 3059/738/5
f 2708/736/5 2798/734/5 2799/739/5
f 2707/740/5 2708/736/5 2799/739/5
f 2848/741/5 2849/733/5 3059/738/5
f 2848/741/5 3059/738/5 3060/742/5
f 2848/741/5 3060/742/5 3061/743/5
f 2706/744/5 2707/740/5 2799/739/5
f 2706/744/5 2799/739/5 2800/745/5
f 2848/741/5 3061/743/5 3062/746/5
f 2848/741/5 3062/746/5 3063/747/5
f 2847/748/5 2848/741/5 3063/747/5
f 2847/748/5 3063/747/5 3064/749/5
f 2705/750/5 2706/744/5 2800/745/5
f 2705/750/5 2800/745/5 2801/751/5
f 2847/748/5 3064/749/5 3065/752/5
f 2847/748/5 3065/752/5 3066/753/5
f 2846/754/5 2847/748/5 3066/753/5
f 2704/755/5 2705/750/5 2801/751/5
f 2704/755/5 2801/751/5 2802/756/5
f 2846/754/5 3066/753/5 3067/757/5
f 2846/754/5 3067/757/5 3068/758/5
f 2703/759/5 2704/755/5 2802/756/5
f 2703/759/5 2802/756/5 2803/760/5
f 2846/754/5 3068/758/5 3069/761/5
f 2845/762/5 2846/754/5 3069/761/5
f 2845/762/5 3069/761/5 3070/133/5
f 2702/763/5 2703/759/5 2803/760/5
f 2845/762/5 3070/133/5 2684/135/5
f 2702/763/5 2803/760/5 2804/764/5
f 2845/762/5 2684/135/5 2685/765/5
f 2844/766/5 2845/762/5 2685/765/5
f 2701/767/5 2702/763/5 2804/764/5
f 2844/766/5 2685/765/5 2686/768/5
f 2701/767/5 2804/764/5 2805/769/5
f 2844/766/5 2686/768/5 2687/770/5
f 2700/771/5 2701/767/5 2805/769/5
f 2843/772/5 2844/766/5 2687/770/5
f 2843/772/5 2687/770/5 2688/773/5
f 2700/771/5 2805/769/5 2806/774/5
f 2843/772/5 2688/773/5 2689/775/5
f 2699/776/5 2700/771/5 2806/774/5
f 2843/772/5 2689/775/5 2690/777/5
f 2699/776/5 2806/774/5 2807/778/5
f 2842/779/5 2843/772/5 2690/777/5
f 2842/779/5 2690/777/5 2691/780/5
f 2698/781/5 2699/776/5 2807/778/5
f 2698/781/5 2807/778/5 2808/782/5
f 2842/779/5 2691/780/5 2692/783/5
f 2842/779/5 2692/783/5 2693/784/5
f 2697/785/5 2698/781/5 2808/782/5
f 2841/786/5 2842/779/5 2693/784/5
f 2697/785/5 2808/782/5 2809/787/5
f 2841/786/5 2693/784/5 2694/788/5
f 2841/786/5 2694/788/5 2695/789/5
f 2696/790/5 2697/785/5 2809/787/5
f 2696/790/5 2809/787/5 2810/791/5
f 2841/786/5 2695/789/5 2696/790/5
f 2840/792/5 2841/786/5 2696/790/5
f 2840/792/5 2696/790/5 2810/791/5
f 2840/792/5 2810/791/5 2811/793/5
f 2839/794/5 2840/792/5 2811/793/5
f 2839/794/5 2811/793/5 2812/795/5
f 2839/794/5 2812/795/5 2813/796/5
f 2838/797/5 2839/794/5 2813/796/5
f 2838/797/5 2813/796/5 2814/798/5
f 2837/799/5 2838/797/5 2814/798/5
f 2837/799/5 2814/798/5 2815/800/5
f 2837/799/5 2815/800/5 2816/801/5
f 2836/802/5 2837/799/5 2816/801/5
f 2836/802/5 2816/801/5 2817/803/5
f 2836/802/5 2817/803/5 2818/804/5
f 2835/805/5 2836/802/5 2818/804/5
f 2835/805/5 2818/804/5 2819/806/5
f 2834/807/5 2835/805/5 2819/806/5
f 2834/807/5 2819/806/5 2820/808/5
f 2834/807/5 2820/808/5 2821/809/5
f 2833/810/5 2834/807/5 2821/809/5
f 2833/810/5 2821/809/5 2822/811/5
f 2833/810/5 2822/811/5 2823/812/5
f 2832/813/5 2833/810/5 2823/812/5
f 2832/813/5 2823/812/5 2824/814/5
f 2832/813/5 2824/814/5 2825/815/5
f 2832/813/5 2825/815/5 2826/816/5
f 2831/817/5 2832/813/5 2826/816/5
f 2831/817/5 2826/816/5 2827/818/5
f 2831/817/5 2827/818/5 2828/819/5
f 2830/820/5 2831/817/5 2828/819/5
f 2830/820/5 2828/819/5 2829/821/5
f 3130/822/5 3131/824/5 3132/823/5
f 3130/822/5 3132/823/5 3133/825/5
f 3129/826/5 3130/822/5 3133/825/5
f 3129/826/5 3133/825/5 3134/827/5
f 3128/828/5 3129/826/5 3134/827/5
f 3128/828/5 3134/827/5 3135/829/5
f 3127/830/5 3128/828/5 3135/829/5
f 3127/830/5 3135/829/5 3136/831/5
f 3127/830/5 3136/831/5 3137/832/5
f 3126/833/5 3127/830/5 3137/832/5
f 3126/833/5 3137/832/5 3138/834/5
f 3125/835/5 3126/833/5 3138/834/5
f 3125/835/5 3138/834/5 3139/836/5
f 3124/837/5 3125/835/5 3139/836/5
f 3124/837/5 3139/836/5 3203/838/5
f 3203/838/5 3139/836/5 3140/839/5
f 3124/837/5 3203/838/5 3204/840/5
f 3202/841/5 3203/838/5 3140/839/5
f 3201/842/5 3202/841/5 3140/839/5
f 3124/837/5 3204/840/5 3205/843/5
f 3200/844/5 3201/842/5 3140/839/5
f 3200/844/5 3140/839/5 3141/845/5
f 3124/837/5 3205/843/5 3206/846/5
f 3199/847/5 3200/844/5 3141/845/5
f 3123/848/5 3124/837/5 3206/846/5
f 3198/849/5 3199/847/5 3141/845/5
f 3123/848/5 3206/846/5 3207/850/5
f 3197/851/5 3198/849/5 3141/845/5
f 3197/851/5 3141/845/5 3142/852/5
f 3123/848/5 3207/850/5 3208/853/5
f 3196/854/5 3197/851/5 3142/852/5
f 3122/855/5 3123/848/5 3208/853/5
f 3122/855/5 3208/853/5 3209/856/5
f 3195/857/5 3196/854/5 3142/852/5
f 3195/857/5 3142/852/5 3143/858/5
f 3194/859/5 3195/857/5 3143/858/5
f 3122/855/5 3209/856/5 3210/860/5
f 3121/861/5 3122/855/5 3210/860/5
f 3194/859/5 3143/858/5 3144/862/5
f 3193/863/5 3194/859/5 3144/862/5
f 3121/861/5 3210/860/5 3211/864/5
f 3192/865/5 3193/863/5 3144/862/5
f 3192/865/5 3144/862/5 3145/866/5
f 3120/867/5 3121/861/5 3211/864/5
f 3191/868/5 3192/865/5 3145/866/5
f 3120/867/5 3211/864/5 3212/869/5
f 3191/868/5 3145/866/5 3146/870/5
f 3190/871/5 3191/868/5 3146/870/5
f 3120/867/5 3212/869/5 3213/872/5
f 3119/873/5 3120/867/5 3213/872/5
f 3189/874/5 3190/871/5 3146/870/5
f 3189/874/5 3146/870/5 3147/875/5
f 3119/873/5 3213/872/5 3214/876/5
f 3188/877/5 3189/874/5 3147/875/5
f 3118/878/5 3119/873/5 3214/876/5
f 3188/877/5 3147/875/5 3148/879/5
f 3187/880/5 3188/877/5 3148/879/5
f 3118/878/5 3214/876/5 3215/881/5
f 3187/880/5 3148/879/5 3149/882/5
f 3186/883/5 3187/880/5 3149/882/5
f 3117/884/5 3118/878/5 3215/881/5
f 3117/884/5 3215/881/5 3216/885/5
f 3185/886/5 3186/883/5 3149/882/5
f 3185/886/5 3149/882/5 3150/887/5
f 3116/888/5 3117/884/5 3216/885/5
f 3184/889/5 3185/886/5 3150/887/5
f 3116/888/5 3216/885/5 3217/890/5
f 3184/889/5 3150/887/5 3151/891/5
f 3183/892/5 3184/889/5 3151/891/5
f 3115/893/5 3116/888/5 3217/890/5
f 3115/893/5 3217/890/5 3218/894/5
f 3183/892/5 3151/891/5 3152/895/5
f 3182/896/5 3183/892/5 3152/895/5
f 3114/897/5 3115/893/5 3218/894/5
f 3114/897/5 3218/894/5 3219/898/5
f 3181/899/5 3182/896/5 3152/895/5
f 3181/899/5 3152/895/5 3153/900/5
f 3180/901/5 3181/899/5 3153/900/5
f 3114/897/5 3219/898/5 3220/902/5
f 3180/901/5 3153/900/5 3154/903/5
f 3113/904/5 3114/897/5 3220/902/5
f 3179/905/5 3180/901/5 3154/903/5
f 3179/905/5 3154/903/5 3155/906/5
f 3113/904/5 3220/902/5 3221/907/5
f 3112/908/5 3113/904/5 3221/907/5
f 3178/909/5 3179/905/5 3155/906/5
f 3178/909/5 3155/906/5 3156/910/5
f 3112/908/5 3221/907/5 3222/911/5
f 3111/912/5 3112/908/5 3222/911/5
f 3177/913/5 3178/909/5 3156/910/5
f 3111/912/5 3222/911/5 3223/914/5
f 3177/913/5 3156/910/5 3157/915/5
f 3110/916/5 3111/912/5 3223/914/5
f 3176/917/5 3177/913/5 3157/915/5
f 3110/916/5 3223/914/5 3224/918/5
f 3176/917/5 3157/915/5 3158/919/5
f 3109/920/5 3110/916/5 3224/918/5
f 3175/921/5 3176/917/5 3158/919/5
f 3109/920/5 3224/918/5 3225/922/5
f 3175/921/5 3158/919/5 3159/923/5
f 3108/924/5 3109/920/5 3225/922/5
f 3174/925/5 3175/921/5 3159/923/5
f 3108/924/5 3225/922/5 3226/926/5
f 3174/925/5 3159/923/5 3160/927/5
f 3107/928/5 3108/924/5 3226/926/5
f 3173/929/5 3174/925/5 3160/927/5
f 3107/928/5 3226/926/5 3227/930/5
f 3173/929/5 3160/927/5 3161/931/5
f 3172/932/5 3173/929/5 3161/931/5
f 3106/933/5 3107/928/5 3227/930/5
f 3106/933/5 3227/930/5 3228/934/5
f 3172/932/5 3161/931/5 3162/935/5
f 3171/936/5 3172/932/5 3162/935/5
f 3105/937/5 3106/933/5 3228/934/5
f 3105/937/5 3228/934/5 3229/938/5
f 3171/936/5 3162/935/5 3163/939/5
f 3104/940/5 3105/937/5 3229/938/5
f 3170/941/5 3171/936/5 3163/939/5
f 3104/940/5 3229/938/5 3230/942/5
f 3104/940/5 3230/942/5 3231/943/5
f 3103/944/5 3104/940/5 3231/943/5
f 3169/945/5 3170/941/5 3163/939/5
f 3169/945/5 3163/939/5 3164/946/5
f 3103/944/5 3231/943/5 3232/947/5
f 3102/948/5 3103/944/5 3232/947/5
f 3168/949/5 3169/945/5 3164/946/5
f 3168/949/5 3164/946/5 3165/950/5
f 3102/948/5 3232/947/5 3233/951/5
f 3101/952/5 3102/948/5 3233/951/5
f 3101/952/5 3233/951/5 3234/953/5
f 3167/954/5 3168/949/5 3165/950/5
f 3167/954/5 3165/950/5 3166/955/5
f 3100/956/5 3101/952/5 3234/953/5
f 3100/956/5 3234/953/5 3235/957/5
f 3262/133/5 3167/954/5 3166/955/5
f 3100/956/5 3235/957/5 3236/958/5
f 3262/133/5 3166/955/5 3071/135/5
f 3099/959/5 3100/956/5 3236/958/5
f 3261/960/5 3262/133/5 3071/135/5
f 3099/959/5 3236/958/5 3237/961/5
f 3098/962/5 3099/959/5 3237/961/5
f 3261/960/5 3071/135/5 3072/963/5
f 3098/962/5 3237/961/5 3238/964/5
f 3260/965/5 3261/960/5 3072/963/5
f 3097/966/5 3098/962/5 3238/964/5
f 3097/966/5 3238/964/5 3239/967/5
f 3260/965/5 3072/963/5 3073/968/5
f 3259/969/5 3260/965/5 3073/968/5
f 3097/966/5 3239/967/5 3240/970/5
f 3096/971/5 3097/966/5 3240/970/5
f 3096/971/5 3240/970/5 3241/972/5
f 3258/973/5 3259/969/5 3073/968/5
f 3258/973/5 3073/968/5 3074/974/5
f 3095/975/5 3096/971/5 3241/972/5
f 3095/975/5 3241/972/5 3242/976/5
f 3257/977/5 3258/973/5 3074/974/5
f 3095/975/5 3242/976/5 3243/978/5
f 3094/979/5 3095/975/5 3243/978/5
f 3257/977/5 3074/974/5 3075/980/5
f 3256/981/5 3257/977/5 3075/980/5
f 3094/979/5 3243/978/5 3244/982/5
f 3093/983/5 3094/979/5 3244/982/5
f 3093/983/5 3244/982/5 3245/984/5
f 3255/985/5 3256/981/5 3075/980/5
f 3255/985/5 3075/980/5 3076/986/5
f 3093/983/5 3245/984/5 3246/987/5
f 3254/988/5 3255/985/5 3076/986/5
f 3092/989/5 3093/983/5 3246/987/5
f 3092/989/5 3246/987/5 3247/990/5
f 3253/991/5 3254/988/5 3076/986/5
f 3092/989/5 3247/990/5 3248/992/5
f 3092/989/5 3248/992/5 3249/993/5
f 3253/991/5 3076/986/5 3077/994/5
f 3252/995/5 3253/991/5 3077/994/5
f 3091/996/5 3092/989/5 3249/993/5
f 3091/996/5 3249/993/5 3250/997/5
f 3251/998/5 3252/995/5 3077/994/5
f 3091/996/5 3250/997/5 3251/998/5
f 3091/996/5 3251/998/5 3077/994/5
f 3090/999/5 3091/996/5 3077/994/5
f 3090/999/5 3077/994/5 3078/1000/5
f 3089/1001/5 3090/999/5 3078/1000/5
f 3089/1001/5 3078/1000/5 3079/1002/5
f 3088/1003/5 3089/1001/5 3079/1002/5
f 3088/1003/5 3079/1002/5 3080/1004/5
f 3087/1005/5 3088/1003/5 3080/1004/5
f 3086/1006/5 3087/1005/5 3080/1004/5
f 3086/1006/5 3080/1004/5 3081/1007/5
f 3085/1008/5 3086/1006/5 3081/1007/5
f 3085/1008/5 3081/1007/5 3082/1009/5
f 3084/1010/5 3085/1008/5 3082/1009/5
f 3084/1010/5 3082/1009/5 3083/1011/5
f 3443/151/5 3444/153/5 3445/152/5
f 3442/154/5 3443/151/5 3445/152/5
f 3442/154/5 3445/152/5 3446/155/5
f 3441/156/5 3442/154/5 3446/155/5
f 3440/157/5 3441/156/5 3446/155/5
f 3440/157/5 3446/155/5 3447/158/5
f 3439/159/5 3440/157/5 3447/158/5
f 3439/159/5 3447/158/5 3448/160/5
f 3438/161/5 3439/159/5 3448/160/5
f 3437/162/5 3438/161/5 3448/160/5
f 3437/162/5 3448/160/5 3449/163/5
f 3436/164/5 3437/162/5 3449/163/5
f 3436/164/5 3449/163/5 3450/165/5
f 3435/166/5 3436/164/5 3450/165/5
f 3434/167/5 3435/166/5 3450/165/5
f 3434/167/5 3450/165/5 3451/168/5
f 3433/169/5 3434/167/5 3451/168/5
f 3433/169/5 3451/168/5 3452/170/5
f 3432/171/5 3433/169/5 3452/170/5
f 3431/172/5 3432/171/5 3452/170/5
f 3431/172/5 3452/170/5 3453/173/5
f 3430/174/5 3431/172/5 3453/173/5
f 3430/174/5 3453/173/5 3454/175/5
f 3429/176/5 3430/174/5 3454/175/5
f 3428/177/5 3429/176/5 3454/175/5
f 3428/177/5 3454/175/5 3455/178/5
f 3427/179/5 3428/177/5 3455/178/5
f 3426/180/5 3427/179/5 3455/178/5
f 3426/180/5 3455/178/5 3456/181/5
f 3425/182/5 3426/180/5 3456/181/5
f 3425/182/5 3456/181/5 3457/183/5
f 3424/184/5 3425/182/5 3457/183/5
f 3423/185/5 3424/184/5 3457/183/5
f 3423/185/5 3457/183/5 3458/186/5
f 3422/187/5 3423/185/5 3458/186/5
f 3422/187/5 3458/186/5 3459/188/5
f 3421/189/5 3422/187/5 3459/188/5
f 3420/190/5 3421/189/5 3459/188/5
f 3420/190/5 3459/188/5 3540/191/5
f 3540/191/5 3459/188/5 3460/192/5
f 3419/193/5 3420/190/5 3540/191/5
f 3419/193/5 3540/191/5 3541/194/5
f 3539/195/7 3540/191/7 3460/192/7
f 3538/196/5 3539/195/5 3460/192/5
f 3419/193/5 3541/194/5 3542/197/5
f 3537/198/5 3538/196/5 3460/192/5
f 3536/199/5 3537/198/5 3460/192/5
f 3419/193/5 3542/197/5 3543/200/5
f 3535/201/5 3536/199/5 3460/192/5
f 3534/202/5 3535/201/5 3460/192/5
f 3418/203/5 3419/193/5 3543/200/5
f 3418/203/5 3543/200/5 3544/204/5
f 3534/202/5 3460/192/5 3461/205/5
f 3533/206/5 3534/202/5 3461/205/5
f 3532/207/5 3533/206/5 3461/205/5
f 3418/203/5 3544/204/5 3545/208/5
f 3417/209/5 3418/203/5 3545/208/5
f 3531/210/5 3532/207/5 3461/205/5
f 3417/209/5 3545/208/5 3546/211/5
f 3530/212/5 3531/210/5 3461/205/5
f 3530/212/5 3461/205/5 3462/213/5
f 3416/214/5 3417/209/5 3546/211/5
f 3529/215/5 3530/212/5 3462/213/5
f 3416/214/5 3546/211/5 3547/216/5
f 3528/217/5 3529/215/5 3462/213/5
f 3415/218/5 3416/214/5 3547/216/5
f 3528/217/5 3462/213/5 3463/219/5
f 3527/220/5 3528/217/5 3463/219/5
f 3415/218/5 3547/216/5 3548/221/5
f 3414/222/5 3415/218/5 3548/221/5
f 3526/223/5 3527/220/5 3463/219/5
f 3526/223/5 3463/219/5 3464/224/5
f 3525/225/5 3526/223/5 3464/224/5
f 3414/222/5 3548/221/5 3549/226/5
f 3413/227/5 3414/222/5 3549/226/5
f 3524/228/5 3525/225/5 3464/224/5
f 3412/229/5 3413/227/5 3549/226/5
f 3524/228/5 3464/224/5 3465/230/5
f 3412/229/5 3549/226/5 3550/231/5
f 3523/232/5 3524/228/5 3465/230/5
f 3522/233/5 3523/232/5 3465/230/5
f 3411/234/5 3412/229/5 3550/231/5
f 3411/234/5 3550/231/5 3551/133/5
f 3522/233/5 3465/230/5 3466/235/5
f 3521/236/5 3522/233/5 3466/235/5
f 3410/237/5 3411/234/5 3551/133/5
f 3520/238/5 3521/236/5 3466/235/5
f 3409/239/5 3410/237/5 3551/133/5
f 3520/238/5 3466/235/5 3467/240/5
f 3409/239/5 3551/133/5 3480/241/5
f 3519/242/5 3520/238/5 3467/240/5
f 3408/243/5 3409/239/5 3480/241/5
f 3518/244/5 3519/242/5 3467/240/5
f 3518/244/5 3467/240/5 3468/245/5
f 3408/243/5 3480/241/5 3481/246/5
f 3407/247/5 3408/243/5 3481/246/5
f 3517/248/5 3518/244/5 3468/245/5
f 3406/249/5 3407/247/5 3481/246/5
f 3516/250/5 3517/248/5 3468/245/5
f 3516/250/5 3468/245/5 3469/251/5
f 3406/249/5 3481/246/5 3482/252/5
f 3405/253/5 3406/249/5 3482/252/5
f 3515/254/5 3516/250/5 3469/251/5
f 3404/255/5 3405/253/5 3482/252/5
f 3404/255/5 3482/252/5 3483/256/5
f 3514/257/5 3515/254/5 3469/251/5
f 3514/257/5 3469/251/5 3470/258/5
f 3403/259/5 3404/255/5 3483/256/5
f 3402/260/5 3403/259/5 3483/256/5
f 3402/260/5 3483/256/5 3484/261/5
f 3513/262/5 3514/257/5 3470/258/5
f 3401/263/5 3402/260/5 3484/261/5
f 3513/262/5 3470/258/5 3471/264/5
f 3512/265/5 3513/262/5 3471/264/5
f 3401/263/5 3484/261/5 3485/266/5
f 3400/267/5 3401/263/5 3485/266/5
f 3399/268/5 3400/267/5 3485/266/5
f 3511/269/5 3512/265/5 3471/264/5
f 3511/269/5 3471/264/5 3472/270/5
f 3399/268/5 3485/266/5 3486/271/5
f 3398/272/5 3399/268/5 3486/271/5
f 3510/273/5 3511/269/5 3472/270/5
f 3397/274/5 3398/272/5 3486/271/5
f 3510/273/5 3472/270/5 3473/275/5
f 3509/276/5 3510/273/5 3473/275/5
f 3397/274/5 3486/271/5 3487/277/5
f 3396/278/5 3397/274/5 3487/277/5
f 3508/279/5 3509/276/5 3473/275/5
f 3395/280/5 3396/278/5 3487/277/5
f 3508/279/5 3473/275/5 3474/281/5
f 3395/280/5 3487/277/5 3488/282/5
f 3507/283/5 3508/279/5 3474/281/5
f 3394/284/5 3395/280/5 3488/282/5
f 3506/285/5 3507/283/5 3474/281/5
f 3393/286/5 3394/284/5 3488/282/5
f 3506/285/5 3474/281/5 3475/287/5
f 3393/286/5 3488/282/5 3489/288/5
f 3505/289/5 3506/285/5 3475/287/5
f 3392/290/5 3393/286/5 3489/288/5
f 3505/289/5 3475/287/5 3476/291/5
f 3504/292/5 3505/289/5 3476/291/5
f 3391/293/5 3392/290/5 3489/288/5
f 3391/293/5 3489/288/5 3490/294/5
f 3503/295/5 3504/292/5 3476/291/5
f 3390/296/5 3391/293/5 3490/294/5
f 3503/295/5 3476/291/5 3477/297/5
f 3502/298/5 3503/295/5 3477/297/5
f 3389/299/5 3390/296/5 3490/294/5
f 3501/300/5 3502/298/5 3477/297/5
f 3501/300/5 3477/297/5 3478/301/5
f 3389/299/5 3490/294/5 3491/302/5
f 3388/303/5 3389/299/5 3491/302/5
f 3500/304/5 3501/300/5 3478/301/5
f 3499/305/5 3500/304/5 3478/301/5
f 3499/305/5 3478/301/5 3479/306/5
f 3387/307/5 3388/303/5 3491/302/5
f 3498/308/5 3499/305/5 3479/306/5
f 3387/307/5 3491/302/5 3492/309/5
f 3497/310/5 3498/308/5 3479/306/5
f 3386/311/5 3387/307/5 3492/309/5
f 3497/310/5 3479/306/5 3263/135/5
f 3496/312/5 3497/310/5 3263/135/5
f 3495/313/5 3496/312/5 3263/135/5
f 3385/314/5 3386/311/5 3492/309/5
f 3495/313/5 3263/135/5 3264/315/5
f 3494/316/5 3495/313/5 3264/315/5
f 3493/317/5 3494/316/5 3264/315/5
f 3492/309/5 3493/317/5 3264/315/5
f 3384/318/5 3385/314/5 3492/309/5
f 3384/318/5 3492/309/5 3264/315/5
f 3384/318/5 3264/315/5 3265/319/5
f 3383/320/5 3384/318/5 3265/319/5
f 3383/320/5 3265/319/5 3266/321/5
f 3383/320/5 3266/321/5 3267/322/5
f 3382/323/5 3383/320/5 3267/322/5
f 3382/323/5 3267/322/5 3268/324/5
f 3381/325/5 3382/323/5 3268/324/5
f 3381/325/5 3268/324/5 3269/326/5
f 3381/325/5 3269/326/5 3270/327/5
f 3380/328/5 3381/325/5 3270/327/5
f 3380/328/5 3270/327/5 3271/329/5
f 3380/328/5 3271/329/5 3272/330/5
f 3379/331/5 3380/328/5 3272/330/5
f 3379/331/5 3272/330/5 3273/332/5
f 3379/331/5 3273/332/5 3274/333/5
f 3379/331/5 3274/333/5 3275/334/5
f 3379/331/5 3275/334/5 3276/335/5
f 3378/336/5 3379/331/5 3276/335/5
f 3378/336/5 3276/335/5 3277/337/5
f 3378/336/5 3277/337/5 3278/338/5
f 3377/339/5 3378/336/5 3278/338/5
f 3377/339/5 3278/338/5 3279/340/5
f 3377/339/5 3279/340/5 3280/341/5
f 3376/342/5 3377/339/5 3280/341/5
f 3376/342/5 3280/341/5 3281/343/5
f 3376/342/5 3281/343/5 3282/344/5
f 3376/342/5 3282/344/5 3283/345/5
f 3375/346/5 3376/342/5 3283/345/5
f 3375/346/5 3283/345/5 3284/347/5
f 3375/346/5 3284/347/5 3285/348/5
f 3374/349/5 3375/346/5 3285/348/5
f 3374/349/5 3285/348/5 3286/350/5
f 3374/349/5 3286/350/5 3287/351/5
f 3374/349/5 3287/351/5 3288/352/5
f 3373/353/5 3374/349/5 3288/352/5
f 3372/354/5 3373/353/5 3288/352/5
f 3372/354/5 3288/352/5 3289/355/5
f 3371/356/5 3372/354/5 3289/355/5
f 3371/356/5 3289/355/5 3290/357/5
f 3370/358/5 3371/356/5 3290/357/5
f 3370/358/5 3290/357/5 3291/359/5
f 3369/360/5 3370/358/5 3291/359/5
f 3369/360/5 3291/359/5 3292/361/5
f 3369/360/5 3292/361/5 3293/362/5
f 3368/363/5 3369/360/5 3293/362/5
f 3368/363/5 3293/362/5 3294/364/5
f 3367/365/5 3368/363/5 3294/364/5
f 3367/365/5 3294/364/5 3295/366/5
f 3367/365/5 3295/366/5 3296/367/5
f 3366/368/5 3367/365/5 3296/367/5
f 3366/368/5 3296/367/5 3297/369/5
f 3365/370/5 3366/368/5 3297/369/5
f 3365/370/5 3297/369/5 3298/371/5
f 3365/370/5 3298/371/5 3299/372/5
f 3322/373/5 3323/375/5 3324/374/5
f 3364/376/5 3365/370/5 3299/372/5
f 3364/376/5 3299/372/5 3300/377/5
f 3321/378/5 3322/373/5 3324/374/5
f 3364/376/5 3300/377/5 3301/379/5
f 3363/380/5 3364/376/5 3301/379/5
f 3320/381/5 3321/378/5 3324/374/5
f 3363/380/5 3301/379/5 3302/382/5
f 3319/383/5 3320/381/5 3324/374/5
f 3363/380/5 3302/382/5 3303/384/5
f 3319/383/5 3324/374/5 3325/385/5
f 3362/386/5 3363/380/5 3303/384/5
f 3318/387/5 3319/383/5 3325/385/5
f 3362/386/5 3303/384/5 3304/388/5
f 3318/387/5 3325/385/5 3326/389/5
f 3317/390/5 3318/387/5 3326/389/5
f 3362/386/5 3304/388/5 3305/391/5
f 3316/392/5 3317/390/5 3326/389/5
f 3362/386/5 3305/391/5 3306/393/5
f 3316/392/5 3326/389/5 3327/394/5
f 3361/395/5 3362/386/5 3306/393/5
f 3315/396/5 3316/392/5 3327/394/5
f 3361/395/5 3306/393/5 3307/397/5
f 3314/398/5 3315/396/5 3327/394/5
f 3361/395/5 3307/397/5 3308/399/5
f 3313/400/5 3314/398/5 3327/394/5
f 3361/395/5 3308/399/5 3309/401/5
f 3313/400/5 3327/394/5 3328/402/5
f 3312/403/5 3313/400/5 3328/402/5
f 3361/395/5 3309/401/5 3310/404/5
f 3311/405/5 3312/403/5 3328/402/5
f 3361/395/5 3310/404/5 3311/405/5
f 3361/395/5 3311/405/5 3328/402/5
f 3360/406/5 3361/395/5 3328/402/5
f 3360/406/5 3328/402/5 3329/407/5
f 3360/406/5 3329/407/5 3330/408/5
f 3359/409/5 3360/406/5 3330/408/5
f 3359/409/5 3330/408/5 3331/410/5
f 3359/409/5 3331/410/5 3332/411/5
f 3358/412/5 3359/409/5 3332/411/5
f 3358/412/5 3332/411/5 3333/413/5
f 3357/414/5 3358/412/5 3333/413/5
f 3357/414/5 3333/413/5 3334/415/5
f 3357/414/5 3334/415/5 3335/416/5
f 3356/417/5 3357/414/5 3335/416/5
f 3356/417/5 3335/416/5 3336/418/5
f 3355/419/5 3356/417/5 3336/418/5
f 3355/419/5 3336/418/5 3337/420/5
f 3355/419/5 3337/420/5 3338/421/5
f 3354/422/5 3355/419/5 3338/421/5
f 3354/422/5 3338/421/5 3339/423/5
f 3353/424/5 3354/422/5 3339/423/5
f 3353/424/5 3339/423/5 3340/425/5
f 3353/424/5 3340/425/5 3341/426/5
f 3352/427/5 3353/424/5 3341/426/5
f 3352/427/5 3341/426/5 3342/428/5
f 3351/429/5 3352/427/5 3342/428/5
f 3351/429/5 3342/428/5 3343/430/5
f 3351/429/5 3343/430/5 3344/431/5
f 3350/432/5 3351/429/5 3344/431/5
f 3350/432/5 3344/431/5 3345/433/5
f 3349/434/5 3350/432/5 3345/433/5
f 3349/434/5 3345/433/5 3346/435/5
f 3349/434/5 3346/435/5 3347/436/5
f 3348/437/5 3349/434/5 3347/436/5
f 3662/1012/5 3663/1014/5 3664/1013/5
f 3686/1015/5 3687/1017/5 3688/1016/5
f 3686/1015/5 3688/1016/5 3689/1018/5
f 3661/1019/5 3662/1012/5 3664/1013/5
f 3661/1019/5 3664/1013/5 3665/1020/5
f 3685/1021/5 3686/1015/5 3689/1018/5
f 3685/1021/5 3689/1018/5 3690/1022/5
f 3602/1023/5 3603/1025/5 3604/1024/5
f 3602/1023/5 3604/1024/5 3605/1026/5
f 3601/1027/5 3602/1023/5 3605/1026/5
f 3601/1027/5 3605/1026/5 3606/1028/5
f 3600/1029/5 3601/1027/5 3606/1028/5
f 3660/1030/5 3661/1019/5 3665/1020/5
f 3685/1021/5 3690/1022/5 3691/1031/5
f 3600/1029/5 3606/1028/5 3607/1032/5
f 3660/1030/5 3665/1020/5 3666/1033/5
f 3684/1034/5 3685/1021/5 3691/1031/5
f 3600/1029/5 3607/1032/5 3608/1035/5
f 3599/1036/5 3600/1029/5 3608/1035/5
f 3684/1034/5 3691/1031/5 3692/1037/5
f 3599/1036/5 3608/1035/5 3609/1038/5
f 3598/1039/5 3599/1036/5 3609/1038/5
f 3659/1040/5 3660/1030/5 3666/1033/5
f 3598/1039/5 3609/1038/5 3610/1041/5
f 3659/1040/5 3666/1033/5 3667/1042/5
f 3683/409/5 3684/1034/5 3692/1037/5
f 3683/409/5 3692/1037/5 3693/1043/5
f 3597/1044/5 3598/1039/5 3610/1041/5
f 3597/1044/5 3610/1041/5 3611/1045/5
f 3597/1044/5 3611/1045/5 3612/1046/5
f 3596/1047/5 3597/1044/5 3612/1046/5
f 3658/1048/5 3659/1040/5 3667/1042/5
f 3683/409/5 3693/1043/5 3694/1049/5
f 3658/1048/5 3667/1042/5 3668/1050/5
f 3682/1051/5 3683/409/5 3694/1049/5
f 3596/1047/5 3612/1046/5 3613/1052/5
f 3595/1053/5 3596/1047/5 3613/1052/5
f 3682/1051/5 3694/1049/5 3695/1054/5
f 3595/1053/5 3613/1052/5 3614/1055/5
f 3657/1056/5 3658/1048/5 3668/1050/5
f 3594/1057/5 3595/1053/5 3614/1055/5
f 3594/1057/5 3614/1055/5 3615/1058/5
f 3657/1056/5 3668/1050/5 3669/1059/5
f 3681/1060/5 3682/1051/5 3695/1054/5
f 3681/1060/5 3695/1054/5 3696/1061/5
f 3594/1057/5 3615/1058/5 3616/1062/5
f 3593/1063/5 3594/1057/5 3616/1062/5
f 3593/1063/5 3616/1062/5 3617/1064/5
f 3656/1065/5 3657/1056/5 3669/1059/5
f 3681/1060/5 3696/1061/5 3697/1066/5
f 3592/1067/5 3593/1063/5 3617/1064/5
f 3592/1067/5 3617/1064/5 3618/1068/5
f 3656/1065/5 3669/1059/5 3670/1069/5
f 3680/1070/5 3681/1060/5 3697/1066/5
f 3680/1070/5 3697/1066/5 3698/1071/5
f 3592/1067/5 3618/1068/5 3619/1072/5
f 3591/1073/5 3592/1067/5 3619/1072/5
f 3655/1074/5 3656/1065/5 3670/1069/5
f 3591/1073/5 3619/1072/5 3620/1075/5
f 3680/1070/5 3698/1071/5 3699/1076/5
f 3590/1077/5 3591/1073/5 3620/1075/5
f 3655/1074/5 3670/1069/5 3671/1078/5
f 3679/1079/5 3680/1070/5 3699/1076/5
f 3590/1077/5 3620/1075/5 3621/1080/5
f 3654/1081/5 3655/1074/5 3671/1078/5
f 3679/1079/5 3699/1076/5 3700/1082/5
f 3590/1077/5 3621/1080/5 3622/1083/5
f 3590/1077/5 3622/1083/5 3623/1084/5
f 3654/1081/5 3671/1078/5 3672/1085/5
f 3678/1086/5 3679/1079/5 3700/1082/5
f 3678/1086/5 3700/1082/5 3701/1087/5
f 3590/1077/5 3623/1084/5 3624/1088/5
f 3653/1089/5 3654/1081/5 3672/1085/5
f 3590/1077/5 3624/1088/5 3625/1090/5
f 3678/1086/5 3701/1087/5 3702/1091/5
f 3653/1089/5 3672/1085/5 3673/1092/5
f 3677/1093/5 3678/1086/5 3702/1091/5
f 3590/1077/5 3625/1090/5 3589/1094/5
f 3589/1094/5 3625/1090/5 3626/1095/5
f 3652/1096/5 3653/1089/5 3673/1092/5
f 3677/1093/5 3702/1091/5 3703/1097/5
f 3588/1098/5 3589/1094/5 3626/1095/5
f 3587/1099/5 3588/1098/5 3626/1095/5
f 3586/1100/5 3587/1099/5 3626/1095/5
f 3585/1101/5 3586/1100/5 3626/1095/5
f 3585/1101/5 3626/1095/5 3627/1102/5
f 3584/1103/5 3585/1101/5 3627/1102/5
f 3583/1104/5 3584/1103/5 3627/1102/5
f 3582/1105/5 3583/1104/5 3627/1102/5
f 3581/1106/5 3582/1105/5 3627/1102/5
f 3580/1107/5 3581/1106/5 3627/1102/5
f 3579/1108/5 3580/1107/5 3627/1102/5
f 3579/1108/5 3627/1102/5 3628/1109/5
f 3579/1108/5 3628/1109/5 3629/1110/5
f 3578/1111/5 3579/1108/5 3629/1110/5
f 3578/1111/5 3629/1110/5 3630/1112/5
f 3677/1093/5 3703/1097/5 3704/1113/5
f 3577/1114/5 3578/1111/5 3630/1112/5
f 3577/1114/5 3630/1112/5 3631/1115/5
f 3652/1096/5 3673/1092/5 3674/1116/5
f 3676/1117/5 3677/1093/5 3704/1113/5
f 3577/1114/5 3631/1115/5 3632/1118/5
f 3576/1119/5 3577/1114/5 3632/1118/5
f 3576/1119/5 3632/1118/5 3633/1120/5
f 3576/1119/5 3633/1120/5 3634/1121/5
f 3576/1119/5 3634/1121/5 3635/1122/5
f 3575/1123/5 3576/1119/5 3635/1122/5
f 3651/1124/5 3652/1096/5 3674/1116/5
f 3575/1123/5 3635/1122/5 3636/1125/5
f 3575/1123/5 3636/1125/5 3637/1126/5
f 3574/1127/5 3575/1123/5 3637/1126/5
f 3574/1127/5 3637/1126/5 3638/1128/5
f 3574/1127/5 3638/1128/5 3639/1129/5
f 3573/1130/5 3574/1127/5 3639/1129/5
f 3573/1130/5 3639/1129/5 3640/1131/5
f 3676/1117/5 3704/1113/5 3705/1132/5
f 3573/1130/5 3640/1131/5 3641/1133/5
f 3572/1134/5 3573/1130/5 3641/1133/5
f 3572/1134/5 3641/1133/5 3642/1135/5
f 3572/1134/5 3642/1135/5 3643/1136/5
f 3572/1134/5 3643/1136/5 3644/1137/5
f 3571/1138/5 3572/1134/5 3644/1137/5
f 3571/1138/5 3644/1137/5 3645/1139/5
f 3571/1138/5 3645/1139/5 3646/1140/5
f 3570/1141/5 3571/1138/5 3646/1140/5
f 3570/1141/5 3646/1140/5 3647/1142/5
f 3570/1141/5 3647/1142/5 3648/1143/5
f 3570/1141/5 3648/1143/5 3649/1144/5
f 3651/1124/5 3674/1116/5 3933/1145/5
f 3933/1145/5 3674/1116/5 3932/1146/5
f 3932/1146/5 3674/1116/5 3675/1147/5
f 3675/1147/5 3676/1117/5 3871/1148/5
f 3871/1148/5 3676/1117/5 3870/1149/5
f 3870/1149/5 3676/1117/5 3705/1132/5
f 3569/1150/5 3570/1141/5 3649/1144/5
f 3569/1150/5 3649/1144/5 3650/1151/5
f 3870/1149/5 3705/1132/5 3869/1152/5
f 3869/1152/5 3705/1132/5 3706/1153/5
f 3569/1150/5 3650/1151/5 3651/1124/5
f 3569/1150/5 3651/1124/5 3933/1145/5
f 3568/1154/5 3569/1150/5 3933/1145/5
f 3568/1154/5 3933/1145/5 3934/1155/5
f 3931/1156/5 3932/1146/5 3675/1147/5
f 3868/1157/5 3869/1152/5 3706/1153/5
f 3568/1154/5 3934/1155/5 3935/1158/5
f 3675/1147/5 3871/1148/5 3872/1159/5
f 3930/1160/5 3931/1156/5 3675/1147/5
f 3867/1161/5 3868/1157/5 3706/1153/5
f 3567/1162/5 3568/1154/5 3935/1158/5
f 3929/1163/5 3930/1160/5 3675/1147/5
f 3866/1164/5 3867/1161/5 3706/1153/5
f 3567/1162/5 3935/1158/5 3936/1165/5
f 3675/1147/5 3872/1159/5 3873/1166/5
f 3928/1167/5 3929/1163/5 3675/1147/5
f 3865/1168/5 3866/1164/5 3706/1153/5
f 3567/1162/5 3936/1165/5 3937/1169/5
f 3675/1147/5 3873/1166/5 3874/1170/5
f 3927/1171/5 3928/1167/5 3675/1147/5
f 3864/1172/5 3865/1168/5 3706/1153/5
f 3566/1173/5 3567/1162/5 3937/1169/5
f 3926/1174/5 3927/1171/5 3675/1147/5
f 3863/1175/5 3864/1172/5 3706/1153/5
f 3566/1173/5 3937/1169/5 3938/1176/5
f 3863/1175/5 3706/1153/5 3707/1177/5
f 3675/1147/5 3874/1170/5 3875/1178/5
f 3565/1179/5 3566/1173/5 3938/1176/5
f 3925/1180/5 3926/1174/5 3675/1147/5
f 3862/1181/5 3863/1175/5 3707/1177/5
f 3564/1182/5 3565/1179/5 3938/1176/5
f 3563/1183/5 3564/1182/5 3938/1176/5
f 3563/1183/5 3938/1176/5 3939/1184/5
f 3924/1185/5 3925/1180/5 3675/1147/5
f 3861/1186/5 3862/1181/5 3707/1177/5
f 3675/1147/5 3875/1178/5 3876/1187/5
f 3562/1188/5 3563/1183/5 3939/1184/5
f 3924/1185/5 3675/1147/5 3876/1187/5
f 3923/1189/5 3924/1185/5 3876/1187/5
f 3860/1190/5 3861/1186/5 3707/1177/5
f 3561/1191/5 3562/1188/5 3939/1184/5
f 3561/1191/5 3939/1184/5 3940/1192/5
f 3923/1189/5 3876/1187/5 3877/1193/5
f 3860/1190/5 3707/1177/5 3708/1194/5
f 3922/1195/5 3923/1189/5 3877/1193/5
f 3859/1196/5 3860/1190/5 3708/1194/5
f 3560/1197/5 3561/1191/5 3940/1192/5
f 3560/1197/5 3940/1192/5 3941/1198/5
f 3559/1199/5 3560/1197/5 3941/1198/5
f 3921/1200/5 3922/1195/5 3877/1193/5
f 3858/1201/5 3859/1196/5 3708/1194/5
f 3921/1200/5 3877/1193/5 3878/1202/5
f 3558/1203/5 3559/1199/5 3941/1198/5
f 3920/1204/5 3921/1200/5 3878/1202/5
f 3857/1205/5 3858/1201/5 3708/1194/5
f 3558/1203/5 3941/1198/5 3942/1206/5
f 3857/1205/5 3708/1194/5 3709/1207/5
f 3557/1208/5 3558/1203/5 3942/1206/5
f 3920/1204/5 3878/1202/5 3879/1209/5
f 3919/1210/5 3920/1204/5 3879/1209/5
f 3856/1211/5 3857/1205/5 3709/1207/5
f 3556/1212/5 3557/1208/5 3942/1206/5
f 3918/1213/5 3919/1210/5 3879/1209/5
f 3855/1214/5 3856/1211/5 3709/1207/5
f 3556/1212/5 3942/1206/5 3943/1215/5
f 3918/1213/5 3879/1209/5 3880/1216/5
f 3555/1217/5 3556/1212/5 3943/1215/5
f 3855/1214/5 3709/1207/5 3710/1218/5
f 3917/1219/5 3918/1213/5 3880/1216/5
f 3854/1220/5 3855/1214/5 3710/1218/5
f 3554/1221/5 3555/1217/5 3943/1215/5
f 3554/1221/5 3943/1215/5 3944/1222/5
f 3916/1223/5 3917/1219/5 3880/1216/5
f 3853/1224/5 3854/1220/5 3710/1218/5
f 3916/1223/5 3880/1216/5 3881/1225/5
f 3553/1226/5 3554/1221/5 3945/133/5
f 3945/133/5 3554/1221/5 3944/1222/5
f 3915/1227/5 3916/1223/5 3881/1225/5
f 3852/1228/5 3853/1224/5 3710/1218/5
f 3852/1228/5 3710/1218/5 3711/1229/5
f 3915/1227/5 3881/1225/5 3882/1230/5
f 3914/1231/5 3915/1227/5 3882/1230/5
f 3851/1232/5 3852/1228/5 3711/1229/5
f 3553/1226/5 3945/133/5 3552/135/5
f 3851/1232/5 3711/1229/5 3712/1233/5
f 3913/1234/5 3914/1231/5 3882/1230/5
f 3850/1235/5 3851/1232/5 3712/1233/5
f 3913/1234/5 3882/1230/5 3883/1236/5
f 3850/1235/5 3712/1233/5 3713/1237/5
f 3912/1238/5 3913/1234/5 3883/1236/5
f 3849/1239/5 3850/1235/5 3713/1237/5
f 3912/1238/5 3883/1236/5 3884/1240/5
f 3849/1239/5 3713/1237/5 3714/1241/5
f 3912/1238/5 3884/1240/5 3885/1242/5
f 3911/1243/5 3912/1238/5 3885/1242/5
f 3848/1244/5 3849/1239/5 3714/1241/5
f 3848/1244/5 3714/1241/5 3715/1245/5
f 3911/1243/5 3885/1242/5 3886/1246/5
f 3910/1247/5 3911/1243/5 3886/1246/5
f 3847/1248/5 3848/1244/5 3715/1245/5
f 3847/1248/5 3715/1245/5 3716/1249/5
f 3910/1247/5 3886/1246/5 3887/1250/5
f 3909/1251/5 3910/1247/5 3887/1250/5
f 3846/1252/5 3847/1248/5 3716/1249/5
f 3846/1252/5 3716/1249/5 3717/1253/5
f 3909/1251/5 3887/1250/5 3888/1254/5
f 3909/1251/5 3888/1254/5 3889/1255/5
f 3846/1252/5 3717/1253/5 3718/1256/5
f 3908/1257/5 3909/1251/5 3889/1255/5
f 3845/1258/5 3846/1252/5 3718/1256/5
f 3908/1257/5 3889/1255/5 3890/1259/5
f 3845/1258/5 3718/1256/5 3719/1260/5
f 3907/1261/5 3908/1257/5 3890/1259/5
f 3844/1262/5 3845/1258/5 3719/1260/5
f 3906/1263/5 3907/1261/5 3890/1259/5
f 3843/1264/5 3844/1262/5 3719/1260/5
f 3906/1263/5 3890/1259/5 3891/1265/5
f 3843/1264/5 3719/1260/5 3720/1266/5
f 3905/1267/5 3906/1263/5 3891/1265/5
f 3842/1268/5 3843/1264/5 3720/1266/5
f 3905/1267/5 3891/1265/5 3892/1269/5
f 3842/1268/5 3720/1266/5 3721/1270/5
f 3904/1271/5 3905/1267/5 3892/1269/5
f 3841/1272/5 3842/1268/5 3721/1270/5
f 3904/1271/5 3892/1269/5 3893/1273/5
f 3841/1272/5 3721/1270/5 3722/1274/5
f 3903/1275/5 3904/1271/5 3893/1273/5
f 3840/1276/5 3841/1272/5 3722/1274/5
f 3903/1275/5 3893/1273/5 3894/1277/5
f 3840/1276/5 3722/1274/5 3723/1278/5
f 3902/1279/5 3903/1275/5 3894/1277/5
f 3839/1280/5 3840/1276/5 3723/1278/5
f 3902/1279/5 3894/1277/5 3895/1281/5
f 3839/1280/5 3723/1278/5 3724/1282/5
f 3901/1283/5 3902/1279/5 3895/1281/5
f 3838/1284/5 3839/1280/5 3724/1282/5
f 3900/1285/5 3901/1283/5 3895/1281/5
f 3837/1286/8 3838/1284/8 3724/1282/8
f 3899/1287/5 3900/1285/5 3895/1281/5
f 3836/1288/5 3837/1286/5 3724/1282/5
f 3898/1289/5 3899/1287/5 3895/1281/5
f 3835/1290/8 3836/1288/8 3724/1282/8
f 3897/1291/5 3898/1289/5 3895/1281/5
f 3834/1292/5 3835/1290/5 3724/1282/5
f 3896/1293/5 3897/1291/5 3895/1281/5
f 3833/1294/5 3834/1292/5 3724/1282/5
f 3832/1295/5 3833/1294/5 3724/1282/5
f 3831/1296/5 3832/1295/5 3724/1282/5
f 3831/1296/5 3724/1282/5 3725/1297/5
f 3831/1296/5 3725/1297/5 3726/1298/5
f 3830/1299/5 3831/1296/5 3726/1298/5
f 3830/1299/5 3726/1298/5 3727/1300/5
f 3829/1301/5 3830/1299/5 3727/1300/5
f 3829/1301/5 3727/1300/5 3728/1302/5
f 3829/1301/5 3728/1302/5 3729/1303/5
f 3828/1304/5 3829/1301/5 3729/1303/5
f 3828/1304/5 3729/1303/5 3730/1305/5
f 3828/1304/5 3730/1305/5 3731/1306/5
f 3827/1307/5 3828/1304/5 3731/1306/5
f 3827/1307/5 3731/1306/5 3732/1308/5
f 3827/1307/5 3732/1308/5 3733/1309/5
f 3826/1310/5 3827/1307/5 3733/1309/5
f 3826/1310/5 3733/1309/5 3734/1311/5
f 3826/1310/5 3734/1311/5 3735/1312/5
f 3825/1313/5 3826/1310/5 3735/1312/5
f 3825/1313/5 3735/1312/5 3736/1314/5
f 3825/1313/5 3736/1314/5 3737/1315/5
f 3824/1316/5 3825/1313/5 3737/1315/5
f 3824/1316/5 3737/1315/5 3738/1317/5
f 3824/1316/5 3738/1317/5 3739/1318/5
f 3824/1316/5 3739/1318/5 3740/1319/5
f 3823/1320/5 3824/1316/5 3740/1319/5
f 3823/1320/5 3740/1319/5 3741/1321/5
f 3823/1320/5 3741/1321/5 3742/1322/5
f 3822/1323/5 3823/1320/5 3742/1322/5
f 3822/1323/5 3742/1322/5 3743/1324/5
f 3822/1323/5 3743/1324/5 3744/1325/5
f 3821/1326/5 3822/1323/5 3744/1325/5
f 3821/1326/5 3744/1325/5 3745/1327/5
f 3821/1326/5 3745/1327/5 3746/1328/5
f 3820/1329/5 3821/1326/5 3746/1328/5
f 3820/1329/5 3746/1328/5 3747/1330/5
f 3820/1329/5 3747/1330/5 3748/1331/5
f 3820/1329/5 3748/1331/5 3749/1332/5
f 3819/1333/5 3820/1329/5 3749/1332/5
f 3818/1334/5 3819/1333/5 3749/1332/5
f 3817/1335/5 3818/1334/5 3749/1332/5
f 3817/1335/5 3749/1332/5 3750/1336/5
f 3816/1337/5 3817/1335/5 3750/1336/5
f 3815/1338/5 3816/1337/5 3750/1336/5
f 3815/1338/5 3750/1336/5 3751/1339/5
f 3814/178/5 3815/1338/5 3751/1339/5
f 3813/1340/5 3814/178/5 3751/1339/5
f 3813/1340/5 3751/1339/5 3752/1341/5
f 3812/1342/5 3813/1340/5 3752/1341/5
f 3811/1343/5 3812/1342/5 3752/1341/5
f 3811/1343/5 3752/1341/5 3753/1344/5
f 3810/1345/5 3811/1343/5 3753/1344/5
f 3809/1346/5 3810/1345/5 3753/1344/5
f 3809/1346/5 3753/1344/5 3754/1347/5
f 3808/1348/5 3809/1346/5 3754/1347/5
f 3808/1348/5 3754/1347/5 3755/1349/5
f 3808/1348/5 3755/1349/5 3756/1350/5
f 3807/1351/5 3808/1348/5 3756/1350/5
f 3807/1351/5 3756/1350/5 3757/1352/5
f 3807/1351/5 3757/1352/5 3758/1353/5
f 3807/1351/5 3758/1353/5 3759/1354/5
f 3806/1355/5 3807/1351/5 3759/1354/5
f 3806/1355/5 3759/1354/5 3760/1356/5
f 3806/1355/5 3760/1356/5 3761/1357/5
f 3806/1355/5 3761/1357/5 3762/1358/5
f 3806/1355/5 3762/1358/5 3763/1359/5
f 3805/1360/5 3806/1355/5 3763/1359/5
f 3805/1360/5 3763/1359/5 3764/1361/5
f 3805/1360/5 3764/1361/5 3765/1362/5
f 3805/1360/5 3765/1362/5 3766/1363/5
f 3805/1360/5 3766/1363/5 3767/1364/5
f 3805/1360/5 3767/1364/5 3768/1365/5
f 3805/1360/5 3768/1365/5 3769/1366/5
f 3805/1360/5 3769/1366/5 3770/1367/5
f 3805/1360/5 3770/1367/5 3771/1368/5
f 3805/1360/5 3771/1368/5 3772/1369/5
f 3805/1360/5 3772/1369/5 3773/1370/5
f 3804/1371/5 3805/1360/5 3773/1370/5
f 3803/1372/5 3804/1371/5 3773/1370/5
f 3802/1373/5 3803/1372/5 3773/1370/5
f 3801/1374/5 3802/1373/5 3773/1370/5
f 3800/1375/5 3801/1374/5 3773/1370/5
f 3799/1376/5 3800/1375/5 3773/1370/5
f 3799/1376/5 3773/1370/5 3774/1377/5
f 3798/1378/5 3799/1376/5 3774/1377/5
f 3798/1378/5 3774/1377/5 3775/1379/5
f 3797/1380/5 3798/1378/5 3775/1379/5
f 3797/1380/5 3775/1379/5 3776/1381/5
f 3796/1382/5 3797/1380/5 3776/1381/5
f 3795/1383/5 3796/1382/5 3776/1381/5
f 3795/1383/5 3776/1381/5 3777/1384/5
f 3794/1385/5 3795/1383/5 3777/1384/5
f 3794/1385/5 3777/1384/5 3778/1386/5
f 3793/1387/5 3794/1385/5 3778/1386/5
f 3793/1387/5 3778/1386/5 3779/1388/5
f 3792/1389/5 3793/1387/5 3779/1388/5
f 3792/1389/5 3779/1388/5 3780/1390/5
f 3791/1391/5 3792/1389/5 3780/1390/5
f 3791/1391/5 3780/1390/5 3781/1392/5
f 3790/1393/5 3791/1391/5 3781/1392/5
f 3789/1394/5 3790/1393/5 3781/1392/5
f 3789/1394/5 3781/1392/5 3782/1395/5
f 3788/1396/5 3789/1394/5 3782/1395/5
f 3788/1396/5 3782/1395/5 3783/1397/5
f 3787/1398/5 3788/1396/5 3783/1397/5
f 3787/1398/5 3783/1397/5 3784/1399/5
f 3786/1400/5 3787/1398/5 3784/1399/5
f 3786/1400/5 3784/1399/5 3785/1401/5
f 4128/1402/5 4129/1404/5 4130/1403/5
f 4128/1402/5 4130/1403/5 4131/1405/5
f 4152/1406/5 3946/135/5 3947/1407/5
f 4128/1402/5 4131/1405/5 4132/1408/5
f 4127/1409/5 4128/1402/5 4132/1408/5
f 4127/1409/5 4132/1408/5 4133/1410/5
f 4127/1409/5 4133/1410/5 4134/1411/5
f 4126/1412/5 4127/1409/5 4134/1411/5
f 4151/1413/5 4152/1406/5 3947/1407/5
f 4126/1412/5 4134/1411/5 4135/1414/5
f 4150/1415/5 4151/1413/5 3947/1407/5
f 4150/1415/5 3947/1407/5 3948/1416/5
f 4126/1412/5 4135/1414/5 4136/1417/5
f 4125/1418/5 4126/1412/5 4136/1417/5
f 4125/1418/5 4136/1417/5 4137/1419/5
f 4149/1420/5 4150/1415/5 3948/1416/5
f 4148/1421/5 4149/1420/5 3948/1416/5
f 4125/1418/5 4137/1419/5 4138/1422/5
f 4148/1421/5 3948/1416/5 3949/1423/5
f 4147/1424/5 4148/1421/5 3949/1423/5
f 4124/1425/5 4125/1418/5 4138/1422/5
f 4124/1425/5 4138/1422/5 4139/1426/5
f 4146/1427/5 4147/1424/5 3949/1423/5
f 4146/1427/5 3949/1423/5 3950/1428/5
f 4145/1429/5 4146/1427/5 3950/1428/5
f 4124/1425/5 4139/1426/5 4140/178/5
f 4144/1430/5 4145/1429/5 3950/1428/5
f 4143/1431/5 4144/1430/5 3950/1428/5
f 4123/1432/5 4124/1425/5 4140/178/5
f 4123/1432/5 4140/178/5 4141/1433/5
f 4142/1434/5 4143/1431/5 3950/1428/5
f 4142/1434/5 3950/1428/5 3951/1435/5
f 4141/1433/5 4142/1434/5 3951/1435/5
f 4123/1432/5 4141/1433/5 3951/1435/5
f 4123/1432/5 3951/1435/5 3952/1436/5
f 4122/1437/5 4123/1432/5 3952/1436/5
f 4122/1437/5 3952/1436/5 3953/1438/5
f 4121/1439/5 4122/1437/5 3953/1438/5
f 4121/1439/5 3953/1438/5 3954/1440/5
f 4121/1439/5 3954/1440/5 4166/1441/5
f 4166/1441/5 3954/1440/5 3955/1442/5
f 4121/1439/5 4166/1441/5 4167/1443/5
f 4165/1444/5 4166/1441/5 3955/1442/5
f 4164/1445/5 4165/1444/5 3955/1442/5
f 4121/1439/5 4167/1443/5 4168/1446/5
f 4163/1447/5 4164/1445/5 3955/1442/5
f 4120/1448/5 4121/1439/5 4168/1446/5
f 4162/1449/5 4163/1447/5 3955/1442/5
f 4120/1448/5 4168/1446/5 4169/1450/5
f 4161/1451/5 4162/1449/5 3955/1442/5
f 4161/1451/5 3955/1442/5 3956/1452/5
f 4160/1453/5 4161/1451/5 3956/1452/5
f 4120/1448/5 4169/1450/5 4170/1454/5
f 4159/1455/5 4160/1453/5 3956/1452/5
f 4158/1456/5 4159/1455/5 3956/1452/5
f 4158/1456/5 3956/1452/5 3957/1457/5
f 4120/1448/5 4170/1454/5 4171/1458/5
f 4157/1459/5 4158/1456/5 3957/1457/5
f 4119/1460/5 4120/1448/5 4171/1458/5
f 4156/1461/5 4157/1459/5 3957/1457/5
f 4119/1460/5 4171/1458/5 4172/1462/5
f 4156/1461/5 3957/1457/5 3958/1463/5
f 4155/1464/5 4156/1461/5 3958/1463/5
f 4154/1465/5 4155/1464/5 3958/1463/5
f 4119/1460/5 4172/1462/5 4173/1466/5
f 4154/1465/5 3958/1463/5 3959/1467/5
f 4153/1468/5 4154/1465/5 3959/1467/5
f 4118/1469/5 4119/1460/5 4173/1466/5
f 4153/1468/8 3959/1467/8 3960/1470/8
f 4118/1469/5 4173/1466/5 4174/1471/5
f 4153/1468/5 3960/1470/5 3961/1472/5
f 4118/1469/5 4174/1471/5 4175/1473/5
f 4117/1474/5 4118/1469/5 4175/1473/5
f 4153/1468/8 3961/1472/8 3962/1475/8
f 4117/1474/5 4175/1473/5 4176/1476/5
f 4153/1468/5 3962/1475/5 3963/1477/5
f 4116/1478/5 4117/1474/5 4176/1476/5
f 4116/1478/5 4176/1476/5 4177/1479/5
f 4153/1468/5 3963/1477/5 3964/1480/5
f 4116/1478/5 4177/1479/5 4178/1481/5
f 4115/1482/5 4116/1478/5 4178/1481/5
f 4153/1468/5 3964/1480/5 3965/1483/5
f 4115/1482/5 4178/1481/5 4179/1484/5
f 4114/1485/5 4115/1482/5 4179/1484/5
f 4153/1468/5 3965/1483/5 3966/1486/5
f 4114/1485/5 4179/1484/5 4180/1487/5
f 4113/1488/5 4114/1485/5 4180/1487/5
f 4153/1468/5 3966/1486/5 3967/1489/5
f 4113/1488/5 4180/1487/5 4181/1490/5
f 4112/1491/5 4113/1488/5 4181/1490/5
f 4153/1468/5 3967/1489/5 3968/1492/5
f 4112/1491/5 4181/1490/5 4182/1493/5
f 4112/1491/5 4182/1493/5 4183/1494/5
f 4153/1468/5 3968/1492/5 3969/1495/5
f 4111/1496/5 4112/1491/5 4183/1494/5
f 4111/1496/5 4183/1494/5 4184/1497/5
f 4153/1468/5 3969/1495/5 3970/1498/5
f 4110/1499/5 4111/1496/5 4184/1497/5
f 4110/1499/5 4184/1497/5 4185/1500/5
f 4153/1468/5 3970/1498/5 3971/1501/5
f 4109/1502/5 4110/1499/5 4185/1500/5
f 4109/1502/5 4185/1500/5 4186/1503/5
f 4109/1502/5 4186/1503/5 4187/1504/5
f 4153/1468/5 3971/1501/5 3972/1505/5
f 4108/1506/5 4109/1502/5 4187/1504/5
f 4108/1506/5 4187/1504/5 4188/1507/5
f 4107/1508/5 4108/1506/5 4188/1507/5
f 4107/1508/5 4188/1507/5 4189/1509/5
f 4106/1510/5 4107/1508/5 4189/1509/5
f 4106/1510/5 4189/1509/5 4190/1511/5
f 4106/1510/5 4190/1511/5 4191/1512/5
f 4105/1513/5 4106/1510/5 4191/1512/5
f 4105/1513/5 4191/1512/5 4192/1514/5
f 4105/1513/5 4192/1514/5 4193/1515/5
f 4104/1516/5 4105/1513/5 4193/1515/5
f 4104/1516/5 4193/1515/5 4194/1517/5
f 4104/1516/5 4194/1517/5 4195/1518/5
f 4103/1519/5 4104/1516/5 4195/1518/5
f 4103/1519/5 4195/1518/5 4196/1520/5
f 4102/1521/5 4103/1519/5 4196/1520/5
f 4102/1521/5 4196/1520/5 4197/1522/5
f 4102/1521/5 4197/1522/5 4198/1523/5
f 4101/1524/5 4102/1521/5 4198/1523/5
f 4101/1524/5 4198/1523/5 4199/1525/5
f 4237/133/5 4153/1468/5 3972/1505/5
f 4100/1526/5 4101/1524/5 4199/1525/5
f 4100/1526/5 4199/1525/5 4200/1527/5
f 4236/1528/5 4237/133/5 3972/1505/5
f 4100/1526/5 4200/1527/5 4201/1529/5
f 4235/1530/5 4236/1528/5 3972/1505/5
f 4099/1531/5 4100/1526/5 4201/1529/5
f 4234/1532/5 4235/1530/5 3972/1505/5
f 4099/1531/5 4201/1529/5 4202/1533/5
f 4233/1534/5 4234/1532/5 3972/1505/5
f 4098/1535/5 4099/1531/5 4202/1533/5
f 4098/1535/5 4202/1533/5 4203/1536/5
f 4232/1537/5 4233/1534/5 3972/1505/5
f 4231/1538/5 4232/1537/5 3972/1505/5
f 4098/1535/5 4203/1536/5 4204/1539/5
f 4231/1538/5 3972/1505/5 3973/1540/5
f 4231/1538/5 3973/1540/5 3974/1541/5
f 4230/1542/5 4231/1538/5 3974/1541/5
f 4230/1542/5 3974/1541/5 3975/1543/5
f 4097/1544/5 4098/1535/5 4204/1539/5
f 4230/1542/5 3975/1543/5 3976/1545/5
f 4097/1544/5 4204/1539/5 4205/1546/5
f 4229/1547/5 4230/1542/5 3976/1545/5
f 4229/1547/5 3976/1545/5 3977/1548/5
f 4229/1547/5 3977/1548/5 3978/1549/5
f 4228/1550/5 4229/1547/5 3978/1549/5
f 4228/1550/5 3978/1549/5 3979/1551/5
f 4097/1544/5 4205/1546/5 4206/1552/5
f 4228/1550/5 3979/1551/5 3980/1553/5
f 4227/1554/5 4228/1550/5 4057/1555/5
f 4057/1555/5 4228/1550/5 3980/1553/5
f 4057/1555/5 3980/1553/5 3981/1556/5
f 4096/1557/5 4097/1544/5 4206/1552/5
f 4227/1554/5 4057/1555/5 4058/1558/5
f 4056/1559/5 4057/1555/5 3981/1556/5
f 4096/1557/5 4206/1552/5 4207/1560/5
f 4056/1559/5 3981/1556/5 3982/1561/5
f 4226/1562/5 4227/1554/5 4058/1558/5
f 4055/1563/5 4056/1559/5 3982/1561/5
f 4055/1563/5 3982/1561/5 3983/1564/5
f 4054/1565/5 4055/1563/5 3983/1564/5
f 4225/1566/5 4226/1562/5 4058/1558/5
f 4054/1565/5 3983/1564/5 3984/1567/5
f 4096/1557/5 4207/1560/5 4208/1568/5
f 4053/1569/5 4054/1565/5 3984/1567/5
f 4053/1569/5 3984/1567/5 3985/1570/5
f 4224/1571/5 4225/1566/5 4058/1558/5
f 4052/1572/5 4053/1569/5 3985/1570/5
f 4224/1571/5 4058/1558/5 4059/1573/5
f 4223/1574/5 4224/1571/5 4059/1573/5
f 4051/1575/5 4052/1572/5 3985/1570/5
f 4096/1557/5 4208/1568/5 4209/1576/5
f 4095/1577/5 4096/1557/5 4209/1576/5
f 4051/1575/5 3985/1570/5 3986/1578/5
f 4050/1579/5 4051/1575/5 3986/1578/5
f 4222/1580/5 4223/1574/5 4059/1573/5
f 4049/1581/5 4050/1579/5 3986/1578/5
f 4095/1577/5 4209/1576/5 4210/1582/5
f 4221/1583/5 4222/1580/5 4059/1573/5
f 4048/1584/5 4049/1581/5 3986/1578/5
f 4048/1584/5 3986/1578/5 3987/1585/5
f 4220/1586/5 4221/1583/5 4059/1573/5
f 4047/1587/5 4048/1584/5 3987/1585/5
f 4095/1577/5 4210/1582/5 4211/1588/5
f 4220/1586/5 4059/1573/5 4060/1589/5
f 4219/1590/5 4220/1586/5 4060/1589/5
f 4046/1591/5 4047/1587/5 3987/1585/5
f 4045/1592/5 4046/1591/5 3987/1585/5
f 4218/1593/5 4219/1590/5 4060/1589/5
f 4095/1577/5 4211/1588/5 4212/1594/5
f 4045/1592/5 3987/1585/5 3988/1595/5
f 4217/1596/5 4218/1593/5 4060/1589/5
f 4044/1597/5 4045/1592/5 3988/1595/5
f 4095/1577/5 4212/1594/5 4213/1598/5
f 4216/1599/5 4217/1596/5 4060/1589/5
f 4215/1600/5 4216/1599/5 4060/1589/5
f 4095/1577/5 4213/1598/5 4214/1601/5
f 4214/1601/8 4215/1600/8 4060/1589/8
f 4095/1577/5 4214/1601/5 4060/1589/5
f 4094/1602/5 4095/1577/5 4060/1589/5
f 4044/1597/5 3988/1595/5 3989/1603/5
f 4094/1602/5 4060/1589/5 4061/1604/5
f 4043/409/5 4044/1597/5 3989/1603/5
f 4043/409/5 3989/1603/5 3990/1605/5
f 4043/409/5 3990/1605/5 3991/1606/5
f 4042/1607/5 4043/409/5 3991/1606/5
f 4042/1607/5 3991/1606/5 3992/1608/5
f 4094/1602/5 4061/1604/5 4062/1609/5
f 4093/1610/5 4094/1602/5 4062/1609/5
f 4042/1607/5 3992/1608/5 3993/1611/5
f 4042/1607/5 3993/1611/5 3994/1612/5
f 4041/1613/5 4042/1607/5 3994/1612/5
f 4041/1613/5 3994/1612/5 3995/1614/5
f 4093/1610/5 4062/1609/5 4063/1615/5
f 4041/1613/5 3995/1614/5 3996/1616/5
f 4092/1617/5 4093/1610/5 4063/1615/5
f 4041/1613/5 3996/1616/5 3997/1618/5
f 4040/1619/5 4041/1613/5 3997/1618/5
f 4040/1619/5 3997/1618/5 3998/1620/5
f 4040/1619/5 3998/1620/5 3999/1621/5
f 4092/1617/5 4063/1615/5 4064/1622/5
f 4040/1619/5 3999/1621/5 4000/1623/5
f 4040/1619/5 4000/1623/5 4001/1624/5
f 4040/1619/5 4001/1624/5 4002/1625/5
f 4039/1626/5 4040/1619/5 4002/1625/5
f 4039/1626/5 4002/1625/5 4003/1627/5
f 4039/1626/5 4003/1627/5 4004/1628/5
f 4039/1626/5 4004/1628/5 4005/1629/5
f 4039/1626/5 4005/1629/5 4006/1630/5
f 4007/1631/5 4008/1633/5 4009/1632/5
f 4039/1626/5 4006/1630/5 4007/1631/5
f 4039/1626/5 4007/1631/5 4009/1632/5
f 4091/1634/5 4092/1617/5 4064/1622/5
f 4091/1634/5 4064/1622/5 4065/1635/5
f 4038/1636/5 4039/1626/5 4009/1632/5
f 4091/1634/5 4065/1635/5 4066/1637/5
f 4037/1638/5 4038/1636/5 4009/1632/5
f 4090/1639/5 4091/1634/5 4066/1637/5
f 4036/1640/5 4037/1638/5 4009/1632/5
f 4090/1639/5 4066/1637/5 4067/1641/5
f 4035/1642/5 4036/1640/5 4009/1632/5
f 4089/1643/5 4090/1639/5 4067/1641/5
f 4089/1643/5 4067/1641/5 4068/1644/5
f 4034/1645/5 4035/1642/5 4009/1632/5
f 4089/1643/5 4068/1644/5 4069/1646/5
f 4034/1645/5 4009/1632/5 4010/1647/5
f 4033/1648/5 4034/1645/5 4010/1647/5
f 4088/1649/5 4089/1643/5 4069/1646/5
f 4088/1649/5 4069/1646/5 4070/1650/5
f 4033/1648/5 4010/1647/5 4011/1651/5
f 4032/1652/5 4033/1648/5 4011/1651/5
f 4088/1649/5 4070/1650/5 4071/1653/5
f 4087/1654/5 4088/1649/5 4071/1653/5
f 4032/1652/5 4011/1651/5 4012/1655/5
f 4031/1656/5 4032/1652/5 4012/1655/5
f 4087/1654/5 4071/1653/5 4072/1657/5
f 4031/1656/5 4012/1655/5 4013/1658/5
f 4030/1659/5 4031/1656/5 4013/1658/5
f 4086/1660/5 4087/1654/5 4072/1657/5
f 4029/1661/5 4030/1659/5 4013/1658/5
f 4086/1660/5 4072/1657/5 4073/1662/5
f 4029/1661/5 4013/1658/5 4014/1663/5
f 4028/1664/5 4029/1661/5 4014/1663/5
f 4028/1664/5 4014/1663/5 4015/1665/5
f 4086/1660/5 4073/1662/5 4074/1666/5
f 4085/1667/5 4086/1660/5 4074/1666/5
f 4027/1668/5 4028/1664/5 4015/1665/5
f 4027/1668/5 4015/1665/5 4016/1669/5
f 4085/1667/5 4074/1666/5 4075/1670/5
f 4026/1671/5 4027/1668/5 4016/1669/5
f 4026/1671/5 4016/1669/5 4017/1672/5
f 4084/1673/5 4085/1667/5 4075/1670/5
f 4084/1673/5 4075/1670/5 4076/1674/5
f 4025/1675/5 4026/1671/5 4017/1672/5
f 4025/1675/5 4017/1672/5 4018/1676/5
f 4024/1677/5 4025/1675/5 4018/1676/5
f 4084/1673/5 4076/1674/5 4077/1678/5
f 4024/1677/5 4018/1676/5 4019/1679/5
f 4083/1680/5 4084/1673/5 4077/1678/5
f 4023/1681/5 4024/1677/5 4019/1679/5
f 4023/1681/5 4019/1679/5 4020/1682/5
f 4022/1683/5 4023/1681/5 4020/1682/5
f 4083/1680/5 4077/1678/5 4078/1684/5
f 4022/1683/5 4020/1682/5 4021/1685/5
f 4082/1686/5 4083/1680/5 4078/1684/5
f 4082/1686/5 4078/1684/5 4079/1687/5
f 4082/1686/5 4079/1687/5 4080/1688/5
f 4081/1689/5 4082/1686/5 4080/1688/5
f 4475/1690/5 4476/1692/5 4477/1691/5
f 4475/1690/5 4477/1691/5 4478/1693/5
f 4475/1690/5 4478/1693/5 4479/1694/5
f 4474/1695/5 4475/1690/5 4479/1694/5
f 4474/1695/5 4479/1694/5 4480/1696/5
f 4474/1695/5 4480/1696/5 4481/1697/5
f 4473/1698/5 4474/1695/5 4481/1697/5
f 4473/1698/5 4481/1697/5 4482/1699/5
f 4473/1698/5 4482/1699/5 4483/1700/5
f 4473/1698/5 4483/1700/5 4484/1701/5
f 4472/1702/5 4473/1698/5 4484/1701/5
f 4472/1702/5 4484/1701/5 4485/1703/5
f 4472/1702/5 4485/1703/5 4486/1704/5
f 4471/1705/5 4472/1702/5 4486/1704/5
f 4471/1705/5 4486/1704/5 4487/1706/5
f 4471/1705/5 4487/1706/5 4488/133/5
f 4471/1705/5 4488/133/5 4238/135/5
f 4470/1707/5 4471/1705/5 4238/135/5
f 4470/1707/5 4238/135/5 4250/1708/5
f 4250/1708/5 4238/135/5 4249/1709/5
f 4249/1709/5 4238/135/5 4248/1710/5
f 4248/1710/5 4238/135/5 4247/1711/5
f 4247/1711/5 4238/135/5 4246/1712/5
f 4246/1712/5 4238/135/5 4245/1713/5
f 4245/1713/5 4238/135/5 4244/1714/5
f 4244/1714/5 4238/135/5 4243/1715/5
f 4243/1715/5 4238/135/5 4242/1716/5
f 4242/1716/5 4238/135/5 4241/1717/5
f 4241/1717/5 4238/135/5 4239/1718/5
f 4469/1719/5 4470/1707/5 4253/1720/5
f 4253/1720/5 4470/1707/5 4252/1721/5
f 4252/1721/5 4470/1707/5 4251/1722/5
f 4251/1722/5 4470/1707/5 4250/1708/5
f 4468/1723/5 4469/1719/5 4254/1724/5
f 4254/1724/5 4469/1719/5 4253/1720/5
f 4468/1723/5 4254/1724/5 4255/1725/5
f 4468/1723/5 4255/1725/5 4256/1726/5
f 4468/1723/5 4256/1726/5 4257/1727/5
f 4467/1728/5 4468/1723/5 4257/1727/5
f 4467/1728/5 4257/1727/5 4258/1729/5
f 4240/1730/5 4241/1717/5 4239/1718/5
f 4467/1728/5 4258/1729/5 4259/1731/5
f 4466/1732/5 4467/1728/5 4259/1731/5
f 4466/1732/5 4259/1731/5 4260/1733/5
f 4466/1732/5 4260/1733/5 4261/1734/5
f 4465/1735/5 4466/1732/5 4261/1734/5
f 4465/1735/5 4261/1734/5 4262/1736/5
f 4464/1737/5 4465/1735/5 4262/1736/5
f 4464/1737/5 4262/1736/5 4263/1738/5
f 4464/1737/5 4263/1738/5 4264/1739/5
f 4463/1740/5 4464/1737/5 4264/1739/5
f 4463/1740/5 4264/1739/5 4265/1741/5
f 4462/1742/5 4463/1740/5 4265/1741/5
f 4462/1742/5 4265/1741/5 4266/1743/5
f 4461/1744/5 4462/1742/5 4266/1743/5
f 4461/1744/5 4266/1743/5 4267/1745/5
f 4460/1746/5 4461/1744/5 4267/1745/5
f 4460/1746/5 4267/1745/5 4268/1747/5
f 4459/1748/5 4460/1746/5 4268/1747/5
f 4459/1748/5 4268/1747/5 4269/1749/5
f 4459/1748/5 4269/1749/5 4270/1750/5
f 4458/1751/5 4459/1748/5 4270/1750/5
f 4458/1751/5 4270/1750/5 4271/1752/5
f 4457/1753/5 4458/1751/5 4271/1752/5
f 4457/1753/5 4271/1752/5 4272/1754/5
f 4456/1755/5 4457/1753/5 4272/1754/5
f 4456/1755/5 4272/1754/5 4273/1756/5
f 4455/1757/5 4456/1755/5 4273/1756/5
f 4455/1757/5 4273/1756/5 4274/1758/5
f 4454/1759/5 4455/1757/5 4274/1758/5
f 4454/1759/5 4274/1758/5 4275/1760/5
f 4454/1759/5 4275/1760/5 4276/1761/5
f 4453/1762/5 4454/1759/5 4276/1761/5
f 4453/1762/5 4276/1761/5 4277/1763/5
f 4351/1764/5 4352/1766/5 4353/1765/5
f 4375/1767/5 4376/1769/5 4377/1768/5
f 4351/1764/5 4353/1765/5 4354/1770/5
f 4374/1771/5 4375/1767/5 4377/1768/5
f 4351/1764/5 4354/1770/5 4355/1772/5
f 4373/1773/5 4374/1771/5 4377/1768/5
f 4351/1764/5 4355/1772/5 4356/1774/5
f 4372/1775/5 4373/1773/5 4377/1768/5
f 4351/1764/5 4356/1774/5 4357/1776/5
f 4371/1777/5 4372/1775/5 4377/1768/5
f 4351/1764/5 4357/1776/5 4358/1778/5
f 4370/1779/5 4371/1777/5 4377/1768/5
f 4351/1764/5 4358/1778/5 4359/1780/5
f 4369/1781/5 4370/1779/5 4377/1768/5
f 4351/1764/5 4359/1780/5 4360/1782/5
f 4368/1783/5 4369/1781/5 4377/1768/5
f 4351/1764/5 4360/1782/5 4361/1784/5
f 4367/1785/5 4368/1783/5 4377/1768/5
f 4452/1786/5 4453/1762/5 4277/1763/5
f 4351/1764/5 4361/1784/5 4362/1787/5
f 4366/1788/5 4367/1785/5 4377/1768/5
f 4351/1764/5 4362/1787/5 4363/247/5
f 4365/1789/5 4366/1788/5 4377/1768/5
f 4351/1764/5 4363/247/5 4364/1790/5
f 4364/1790/5 4365/1789/5 4377/1768/5
f 4351/1764/5 4364/1790/5 4377/1768/5
f 4452/1786/5 4277/1763/5 4278/1791/5
f 4350/1792/5 4351/1764/5 4377/1768/5
f 4350/1792/5 4377/1768/5 4378/1793/5
f 4451/1794/5 4452/1786/5 4278/1791/5
f 4451/1794/5 4278/1791/5 4279/1795/5
f 4350/1792/5 4378/1793/5 4379/1796/5
f 4350/1792/5 4379/1796/5 4380/1797/5
f 4350/1792/5 4380/1797/5 4381/1798/5
f 4350/1792/5 4381/1798/5 4382/1799/5
f 4349/1800/5 4350/1792/5 4382/1799/5
f 4349/1800/5 4382/1799/5 4383/1801/5
f 4348/1802/5 4349/1800/5 4383/1801/5
f 4348/1802/5 4383/1801/5 4384/1803/5
f 4347/1804/5 4348/1802/5 4384/1803/5
f 4347/1804/5 4384/1803/5 4385/1805/5
f 4346/1806/5 4347/1804/5 4385/1805/5
f 4346/1806/5 4385/1805/5 4386/1807/5
f 4345/1808/5 4346/1806/5 4386/1807/5
f 4344/1809/5 4345/1808/5 4386/1807/5
f 4344/1809/5 4386/1807/5 4387/1810/5
f 4343/1811/5 4344/1809/5 4387/1810/5
f 4343/1811/5 4387/1810/5 4388/1812/5
f 4342/1813/5 4343/1811/5 4388/1812/5
f 4342/1813/5 4388/1812/5 4389/1814/5
f 4341/1815/5 4342/1813/5 4389/1814/5
f 4341/1815/5 4389/1814/5 4390/1816/5
f 4340/1817/5 4341/1815/5 4390/1816/5
f 4340/1817/5 4390/1816/5 4391/1818/5
f 4339/1819/5 4340/1817/5 4391/1818/5
f 4451/1794/5 4279/1795/5 4280/1820/5
f 4338/1821/5 4339/1819/5 4391/1818/5
f 4450/1822/5 4451/1794/5 4280/1820/5
f 4338/1821/5 4391/1818/5 4392/1823/5
f 4337/1824/5 4338/1821/5 4392/1823/5
f 4337/1824/5 4392/1823/5 4393/1825/5
f 4336/1826/5 4337/1824/5 4393/1825/5
f 4336/1826/5 4393/1825/5 4394/1827/5
f 4335/1828/5 4336/1826/5 4394/1827/5
f 4335/1828/5 4394/1827/5 4395/1829/5
f 4334/1830/5 4335/1828/5 4395/1829/5
f 4333/1831/5 4334/1830/5 4395/1829/5
f 4333/1831/5 4395/1829/5 4396/1832/5
f 4332/1833/5 4333/1831/5 4396/1832/5
f 4332/1833/5 4396/1832/5 4397/1834/5
f 4450/1822/5 4280/1820/5 4281/1835/5
f 4331/1836/5 4332/1833/5 4397/1834/5
f 4331/1836/5 4397/1834/5 4398/1837/5
f 4449/1838/5 4450/1822/5 4281/1835/5
f 4330/1839/5 4331/1836/5 4398/1837/5
f 4330/1839/5 4398/1837/5 4399/1840/5
f 4329/1841/5 4330/1839/5 4399/1840/5
f 4329/1841/5 4399/1840/5 4400/1842/5
f 4328/1843/5 4329/1841/5 4400/1842/5
f 4328/1843/5 4400/1842/5 4401/1844/5
f 4327/1845/5 4328/1843/5 4401/1844/5
f 4327/1845/5 4401/1844/5 4402/1846/5
f 4449/1838/5 4281/1835/5 4282/1847/5
f 4326/1848/5 4327/1845/5 4402/1846/5
f 4326/1848/5 4402/1846/5 4403/1849/5
f 4325/1850/5 4326/1848/5 4403/1849/5
f 4325/1850/5 4403/1849/5 4404/1851/5
f 4324/1852/5 4325/1850/5 4404/1851/5
f 4448/1853/5 4449/1838/5 4282/1847/5
f 4324/1852/5 4404/1851/5 4405/1854/5
f 4323/1855/5 4324/1852/5 4405/1854/5
f 4323/1855/5 4405/1854/5 4406/1856/5
f 4322/1857/5 4323/1855/5 4406/1856/5
f 4448/1853/5 4282/1847/5 4283/1858/5
f 4322/1857/5 4406/1856/5 4407/1859/5
f 4321/1860/5 4322/1857/5 4407/1859/5
f 4321/1860/5 4407/1859/5 4408/1861/5
f 4320/1862/5 4321/1860/5 4408/1861/5
f 4320/1862/5 4408/1861/5 4409/1863/5
f 4319/1864/5 4320/1862/5 4409/1863/5
f 4447/1865/5 4448/1853/5 4283/1858/5
f 4319/1864/5 4409/1863/5 4410/1866/5
f 4318/1867/5 4319/1864/5 4410/1866/5
f 4318/1867/5 4410/1866/5 4411/1868/5
f 4447/1865/5 4283/1858/5 4284/1869/5
f 4317/1870/5 4318/1867/5 4411/1868/5
f 4317/1870/5 4411/1868/5 4412/1871/5
f 4316/1872/5 4317/1870/5 4412/1871/5
f 4316/1872/5 4412/1871/5 4413/1873/5
f 4315/1874/5 4316/1872/5 4413/1873/5
f 4315/1874/5 4413/1873/5 4414/1875/5
f 4314/1876/5 4315/1874/5 4414/1875/5
f 4446/1877/5 4447/1865/5 4284/1869/5
f 4314/1876/5 4414/1875/5 4415/1878/5
f 4446/1877/5 4284/1869/5 4285/1879/5
f 4313/1880/5 4314/1876/5 4415/1878/5
f 4446/1877/5 4285/1879/5 4286/1881/5
f 4445/1882/5 4446/1877/5 4286/1881/5
f 4445/1882/5 4286/1881/5 4287/1883/5
f 4444/1884/5 4445/1882/5 4287/1883/5
f 4444/1884/5 4287/1883/5 4288/1885/5
f 4443/1886/5 4444/1884/5 4288/1885/5
f 4443/1886/5 4288/1885/5 4289/1887/5
f 4442/1888/5 4443/1886/5 4289/1887/5
f 4442/1888/5 4289/1887/5 4290/1889/5
f 4441/1890/5 4442/1888/5 4290/1889/5
f 4441/1890/5 4290/1889/5 4291/1891/5
f 4441/1890/5 4291/1891/5 4292/1892/5
f 4440/1893/5 4441/1890/5 4292/1892/5
f 4440/1893/5 4292/1892/5 4293/1894/5
f 4439/1895/5 4440/1893/5 4293/1894/5
f 4439/1895/5 4293/1894/5 4294/1896/5
f 4439/1895/5 4294/1896/5 4295/1897/5
f 4438/1898/5 4439/1895/5 4295/1897/5
f 4438/1898/5 4295/1897/5 4296/1899/5
f 4438/1898/5 4296/1899/5 4297/1900/5
f 4437/1901/5 4438/1898/5 4297/1900/5
f 4312/1902/5 4313/1880/5 4415/1878/5
f 4437/1901/5 4297/1900/5 4298/1903/5
f 4311/1904/5 4312/1902/5 4415/1878/5
f 4310/1905/5 4311/1904/5 4415/1878/5
f 4309/1906/5 4310/1905/5 4415/1878/5
f 4437/1901/5 4298/1903/5 4299/1907/5
f 4308/1908/5 4309/1906/5 4415/1878/5
f 4307/1909/5 4308/1908/5 4415/1878/5
f 4436/1910/5 4437/1901/5 4299/1907/5
f 4306/1911/5 4307/1909/5 4415/1878/5
f 4436/1910/5 4299/1907/5 4300/1912/5
f 4305/1913/5 4306/1911/5 4415/1878/5
f 4304/1914/5 4305/1913/5 4415/1878/5
f 4303/1915/5 4304/1914/5 4415/1878/5
f 4436/1910/5 4300/1912/5 4301/1916/5
f 4302/1917/5 4303/1915/5 4415/1878/5
f 4301/1916/5 4302/1917/5 4415/1878/5
f 4436/1910/5 4301/1916/5 4415/1878/5
f 4435/1918/5 4436/1910/5 4415/1878/5
f 4435/1918/5 4415/1878/5 4416/1919/5
f 4434/1920/5 4435/1918/5 4416/1919/5
f 4434/1920/5 4416/1919/5 4417/1921/5
f 4434/1920/5 4417/1921/5 4418/1922/5
f 4433/1923/5 4434/1920/5 4418/1922/5
f 4433/1923/5 4418/1922/5 4419/1924/5
f 4433/1923/5 4419/1924/5 4420/1925/5
f 4432/1926/5 4433/1923/5 4420/1925/5
f 4432/1926/5 4420/1925/5 4421/1927/5
f 4431/1928/5 4432/1926/5 4421/1927/5
f 4431/1928/5 4421/1927/5 4422/1929/5
f 4431/1928/5 4422/1929/5 4423/1930/5
f 4430/1931/5 4431/1928/5 4423/1930/5
f 4430/1931/5 4423/1930/5 4424/1932/5
f 4430/1931/5 4424/1932/5 4425/1933/5
f 4429/1934/5 4430/1931/5 4425/1933/5
f 4429/1934/5 4425/1933/5 4426/1935/5
f 4429/1934/5 4426/1935/5 4427/1936/5
f 4428/1937/5 4429/1934/5 4427/1936/5
s 1
f 4490/1938/9 4492/1939/10 4491/1940/10 4489/135/9
f 4492/1939/10 4494/1941/11 4493/1942/11 4491/1940/10
f 4494/1941/11 4496/1943/12 4495/1944/12 4493/1942/11
f 4496/1943/12 4498/1945/13 4497/1946/13 4495/1944/12
f 4498/1945/13 4500/1947/14 4499/1948/14 4497/1946/13
f 4500/1947/14 4502/1949/15 4501/1950/15 4499/1948/14
f 4502/1949/15 4504/1951/16 4503/1952/16 4501/1950/15
f 4504/1951/16 4506/1953/17 4505/1954/17 4503/1952/16
f 4506/1953/17 4508/1955/18 4507/1956/18 4505/1954/17
f 4508/1955/18 4510/1957/19 4509/1958/19 4507/1956/18
f 4510/1957/19 4512/1959/20 4511/1960/20 4509/1958/19
f 4512/1959/20 4514/1961/21 4513/1962/21 4511/1960/20
f 4514/1961/21 4516/1963/22 4515/1964/22 4513/1962/21
f 4516/1963/22 4518/1965/23 4517/1966/23 4515/1964/22
f 4518/1965/23 4520/1967/24 4519/1968/24 4517/1966/23
f 4520/1967/24 4522/1969/25 4521/1970/25 4519/1968/24
f 4522/1969/25 4524/1971/26 4523/1972/26 4521/1970/25
f 4524/1971/26 4526/1973/27 4525/1974/27 4523/1972/26
f 4526/1973/27 4528/1975/28 4527/1976/28 4525/1974/27
f 4528/1975/28 4530/1977/29 4529/1978/29 4527/1976/28
f 4530/1977/29 4532/1979/30 4531/1980/30 4529/1978/29
f 4532/1979/30 4534/1981/31 4533/1982/31 4531/1980/30
f 4534/1981/31 4536/1983/32 4535/1984/32 4533/1982/31
f 4536/1983/32 4538/1985/33 4537/1986/33 4535/1984/32
f 4538/1985/33 4540/1987/34 4539/1988/34 4537/1986/33
f 4540/1987/34 4542/1989/35 4541/1990/35 4539/1988/34
f 4542/1989/35 4544/1991/36 4543/1992/36 4541/1990/35
f 4544/1991/36 4546/1993/37 4545/1994/37 4543/1992/36
f 4546/1993/37 4548/1995/38 4547/1996/38 4545/1994/37
f 4548/1995/38 4550/1997/39 4549/1998/39 4547/1996/38
f 4550/1997/39 4552/1999/40 4551/2000/40 4549/1998/39
f 4552/1999/40 4554/2001/41 4553/2002/41 4551/2000/40
f 4554/2001/41 4556/2003/42 4555/2004/42 4553/2002/41
f 4556/2003/42 4558/2005/43 4557/2006/43 4555/2004/42
f 4558/2005/43 4560/2007/44 4559/2008/44 4557/2006/43
f 4560/2007/44 4562/2009/45 4561/2010/45 4559/2008/44
f 4562/2009/45 4564/2011/46 4563/2012/46 4561/2010/45
f 4564/2011/46 4566/2013/47 4565/2014/47 4563/2012/46
f 4566/2013/47 4568/2015/48 4567/2016/48 4565/2014/47
f 4568/2015/48 4570/2017/49 4569/2018/49 4567/2016/48
f 4570/2017/49 4572/2019/50 4571/2020/50 4569/2018/49
f 4572/2019/50 4574/2021/51 4573/2022/51 4571/2020/50
f 4574/2021/51 4576/2023/52 4575/2024/52 4573/2022/51
f 4576/2023/52 4578/2025/53 4577/2026/53 4575/2024/52
f 4578/2025/53 4580/2027/54 4579/2028/54 4577/2026/53
f 4580/2027/54 4582/2029/55 4581/2030/55 4579/2028/54
f 4582/2029/55 4584/2031/56 4583/2032/56 4581/2030/55
f 4584/2031/56 4586/2033/57 4585/2034/57 4583/2032/56
f 4586/2033/57 4588/2035/58 4587/2036/58 4585/2034/57
f 4588/2035/58 4590/2037/59 4589/2038/59 4587/2036/58
f 4590/2037/59 4592/2039/60 4591/2040/60 4589/2038/59
f 4592/2039/60 4594/2041/61 4593/2042/61 4591/2040/60
f 4594/2041/61 4596/2043/62 4595/2044/62 4593/2042/61
f 4596/2043/62 4598/2045/63 4597/2046/63 4595/2044/62
f 4598/2045/63 4600/2047/64 4599/2048/64 4597/2046/63
f 4600/2047/64 4602/2049/65 4601/2050/65 4599/2048/64
f 4602/2049/65 4604/2051/66 4603/2052/66 4601/2050/65
f 4604/2051/66 4606/2053/67 4605/2054/67 4603/2052/66
f 4606/2053/67 4608/2055/68 4607/2056/68 4605/2054/67
f 4608/2055/68 4610/2057/69 4609/2058/69 4607/2056/68
f 4610/2057/69 4612/2059/70 4611/2060/70 4609/2058/69
f 4612/2059/70 4614/2061/71 4613/2062/71 4611/2060/70
f 4614/2061/71 4616/2063/72 4615/2064/72 4613/2062/71
f 4616/2063/72 4618/2065/73 4617/2066/73 4615/2064/72
f 4618/2065/73 4620/2067/74 4619/2068/74 4617/2066/73
f 4620/2067/74 4622/2069/75 4621/2070/75 4619/2068/74
f 4622/2069/75 4624/2071/76 4623/2072/76 4621/2070/75
f 4624/2071/76 4626/2073/77 4625/2074/77 4623/2072/76
f 4626/2073/77 4628/2075/78 4627/2076/78 4625/2074/77
f 4628/2075/78 4630/2077/79 4629/2078/79 4627/2076/78
f 4630/2077/79 4632/2079/80 4631/2080/80 4629/2078/79
f 4632/2079/80 4634/2081/81 4633/2082/81 4631/2080/80
f 4634/2081/81 4636/2083/82 4635/2084/82 4633/2082/81
f 4636/2083/82 4638/2085/83 4637/2086/83 4635/2084/82
f 4638/2085/83 4640/2087/84 4639/2088/84 4637/2086/83
f 4640/2087/84 4642/2089/85 4641/2090/85 4639/2088/84
f 4642/2089/85 4644/2091/86 4643/2092/86 4641/2090/85
f 4644/2091/86 4646/2093/87 4645/2094/87 4643/2092/86
f 4646/2093/87 4648/2095/88 4647/2096/88 4645/2094/87
f 4648/2095/88 4650/2097/89 4649/2098/89 4647/2096/88
f 4650/2097/89 4652/2099/90 4651/2100/90 4649/2098/89
f 4652/2099/90 4654/2101/91 4653/2102/91 4651/2100/90
f 4654/2101/91 4656/2103/92 4655/2104/92 4653/2102/91
f 4656/2103/92 4658/2105/93 4657/2106/93 4655/2104/92
f 4658/2105/93 4660/2107/94 4659/2108/94 4657/2106/93
f 4660/2107/94 4662/2109/95 4661/2110/95 4659/2108/94
f 4662/2109/95 4664/2111/96 4663/2112/96 4661/2110/95
f 4664/2111/96 4666/2113/97 4665/2114/97 4663/2112/96
f 4666/2113/97 4668/2115/98 4667/2116/98 4665/2114/97
f 4668/2115/98 4670/2117/99 4669/2118/99 4667/2116/98
f 4670/2117/99 4672/2119/100 4671/2120/100 4669/2118/99
f 4672/2119/100 4674/2121/101 4673/2122/101 4671/2120/100
f 4674/2121/101 4676/2123/102 4675/2124/102 4673/2122/101
f 4676/2123/102 4678/2125/103 4677/2126/103 4675/2124/102
f 4678/2125/103 4680/2127/104 4679/2128/104 4677/2126/103
f 4680/2127/104 4682/2129/105 4681/2130/105 4679/2128/104
f 4682/2129/105 4684/2131/106 4683/2132/106 4681/2130/105
f 4684/2131/106 4686/2133/107 4685/2134/107 4683/2132/106
f 4686/2133/107 4688/2135/108 4687/2136/108 4685/2134/107
f 4688/2135/108 4690/2137/109 4689/2138/109 4687/2136/108
f 4690/2137/109 4692/2139/110 4691/2140/110 4689/2138/109
f 4692/2139/110 4694/2141/111 4693/2142/111 4691/2140/110
f 4694/2141/111 4696/2143/112 4695/2144/112 4693/2142/111
f 4696/2143/112 4698/2145/113 4697/2146/113 4695/2144/112
f 4698/2145/113 4700/2147/114 4699/2148/114 4697/2146/113
f 4700/2147/114 4702/2149/115 4701/2150/115 4699/2148/114
f 4702/2149/115 4704/2151/116 4703/2152/116 4701/2150/115
f 4704/2151/116 4706/2153/117 4705/2154/117 4703/2152/116
f 4706/2153/117 4708/2155/118 4707/2156/118 4705/2154/117
f 4708/2155/118 4710/2157/119 4709/2158/119 4707/2156/118
f 4710/2157/119 4712/2159/120 4711/2160/120 4709/2158/119
f 4712/2159/120 4714/2161/121 4713/2162/121 4711/2160/120
f 4714/2161/121 4716/2163/122 4715/2164/122 4713/2162/121
f 4716/2163/122 4718/2165/123 4717/2166/123 4715/2164/122
f 4718/2165/123 4720/2167/124 4719/2168/124 4717/2166/123
f 4720/2167/124 4722/2169/125 4721/2170/125 4719/2168/124
f 4722/2169/125 4724/2171/126 4723/2172/126 4721/2170/125
f 4724/2171/126 4726/2173/127 4725/2174/127 4723/2172/126
f 4726/2173/127 4728/2175/128 4727/2176/128 4725/2174/127
f 4728/2175/128 4730/2177/129 4729/2178/129 4727/2176/128
f 4730/2177/129 4732/2179/130 4731/2180/130 4729/2178/129
f 4732/2179/130 4734/2181/131 4733/2182/131 4731/2180/130
f 4734/2181/131 4736/2183/132 4735/2184/132 4733/2182/131
f 4736/2183/132 4738/2185/133 4737/2186/133 4735/2184/132
f 4738/2185/133 4740/2187/134 4739/2188/134 4737/2186/133
f 4740/2187/134 4742/2189/135 4741/2190/135 4739/2188/134
f 4742/2189/135 4744/2191/136 4743/2192/136 4741/2190/135
f 4744/2191/136 4746/2193/137 4745/2194/137 4743/2192/136
f 4746/2193/137 4748/2195/138 4747/2196/138 4745/2194/137
f 4748/2195/138 4750/2197/139 4749/2198/139 4747/2196/138
f 4750/2197/139 4752/2199/140 4751/2200/140 4749/2198/139
f 4752/2199/140 4754/2201/141 4753/2202/141 4751/2200/140
f 4754/2201/141 4756/2203/142 4755/2204/142 4753/2202/141
f 4756/2203/142 4758/2205/143 4757/2206/143 4755/2204/142
f 4758/2205/143 4760/2207/144 4759/2208/144 4757/2206/143
f 4760/2207/144 4762/2209/145 4761/2210/145 4759/2208/144
f 4762/2209/145 4764/2211/146 4763/2212/146 4761/2210/145
f 4764/2211/146 4766/2213/147 4765/2214/147 4763/2212/146
f 4766/2213/147 4768/2215/148 4767/2216/148 4765/2214/147
f 4768/2215/148 4770/2217/149 4769/2218/149 4767/2216/148
f 4770/2217/149 4772/2219/150 4771/2220/150 4769/2218/149
f 4772/2219/150 4774/2221/151 4773/2222/151 4771/2220/150
f 4774/2221/151 4776/2223/152 4775/2224/152 4773/2222/151
f 4776/2223/152 4778/2225/153 4777/2226/153 4775/2224/152
f 4778/2225/153 4780/2227/154 4779/2228/154 4777/2226/153
f 4780/2227/154 4782/2229/155 4781/2230/155 4779/2228/154
f 4782/2229/155 4784/2231/156 4783/2232/156 4781/2230/155
f 4784/2231/156 4786/2233/157 4785/2234/157 4783/2232/156
f 4786/2233/157 4788/2235/158 4787/2236/158 4785/2234/157
f 4788/2235/158 4790/2237/159 4789/2238/159 4787/2236/158
f 4790/2237/159 4792/2239/160 4791/2240/160 4789/2238/159
f 4792/2239/160 4794/2241/161 4793/2242/161 4791/2240/160
f 4794/2241/161 4796/2243/162 4795/2244/162 4793/2242/161
f 4796/2243/162 4798/2245/163 4797/2246/163 4795/2244/162
f 4798/2245/163 4800/2247/164 4799/2248/164 4797/2246/163
f 4800/2247/164 4802/2249/165 4801/2250/165 4799/2248/164
f 4802/2249/165 4804/2251/166 4803/2252/166 4801/2250/165
f 4804/2251/166 4806/2253/167 4805/2254/167 4803/2252/166
f 4806/2253/167 4808/2255/168 4807/2256/168 4805/2254/167
f 4808/2255/168 4810/2257/169 4809/2258/169 4807/2256/168
f 4810/2257/169 4812/2259/170 4811/2260/170 4809/2258/169
f 4812/2259/170 4814/2261/171 4813/2262/171 4811/2260/170
f 4814/2261/171 4816/2263/172 4815/2264/172 4813/2262/171
f 4816/2263/172 4818/2265/173 4817/2266/173 4815/2264/172
f 4818/2265/173 4820/2267/173 4819/2268/173 4817/2266/173
f 4820/2267/173 4822/2269/173 4821/2270/173 4819/2268/173
f 4822/2269/173 4824/2271/174 4823/2272/174 4821/2270/173
f 4824/2271/174 4826/2273/174 4825/2274/174 4823/2272/174
f 4826/2273/174 4828/2275/175 4827/2276/175 4825/2274/174
f 4828/2275/175 4830/2277/172 4829/2278/172 4827/2276/175
f 4830/2277/172 4832/2279/176 4831/2280/176 4829/2278/172
f 4832/2279/176 4834/2281/177 4833/2282/177 4831/2280/176
f 4834/2281/177 4836/2283/177 4835/2284/177 4833/2282/177
f 4836/2283/177 4838/2285/178 4837/2286/178 4835/2284/177
f 4838/2285/178 4840/2287/178 4839/2288/178 4837/2286/178
f 4840/2287/178 4842/2289/179 4841/2290/179 4839/2288/178
f 4842/2289/179 4844/2291/180 4843/2292/180 4841/2290/179
f 4844/2291/180 4846/2293/181 4845/2294/181 4843/2292/180
f 4846/2293/181 4848/2295/182 4847/2296/182 4845/2294/181
f 4848/2295/182 4850/2297/183 4849/2298/183 4847/2296/182
f 4850/2297/183 4852/2299/184 4851/2300/184 4849/2298/183
f 4852/2299/184 4854/2301/185 4853/2302/185 4851/2300/184
f 4854/2301/185 4856/2303/186 4855/2304/186 4853/2302/185
f 4856/2303/186 4858/2305/187 4857/2306/187 4855/2304/186
f 4858/2305/187 4860/2307/188 4859/2308/188 4857/2306/187
f 4860/2307/188 4862/2309/189 4861/2310/189 4859/2308/188
f 4862/2309/189 4864/2311/190 4863/2312/190 4861/2310/189
f 4864/2311/190 4866/2313/191 4865/2314/191 4863/2312/190
f 4866/2313/191 4868/2315/192 4867/2316/192 4865/2314/191
f 4868/2315/192 4870/2317/193 4869/2318/193 4867/2316/192
f 4870/2317/193 4872/2319/194 4871/2320/194 4869/2318/193
f 4872/2319/194 4874/2321/195 4873/2322/195 4871/2320/194
f 4874/2321/195 4876/2323/196 4875/2324/196 4873/2322/195
f 4876/2323/196 4878/2325/197 4877/2326/197 4875/2324/196
f 4878/2325/197 4880/2327/198 4879/2328/198 4877/2326/197
f 4880/2327/198 4882/2329/199 4881/2330/199 4879/2328/198
f 4882/2329/199 4884/2331/200 4883/2332/200 4881/2330/199
f 4884/2331/200 4886/2333/201 4885/2334/201 4883/2332/200
f 4886/2333/201 4888/2335/202 4887/2336/202 4885/2334/201
f 4888/2335/202 4890/2337/203 4889/2338/203 4887/2336/202
f 4890/2337/203 4892/2339/204 4891/2340/204 4889/2338/203
f 4892/2339/204 4894/2341/205 4893/2342/205 4891/2340/204
f 4894/2341/205 4896/2343/206 4895/2344/206 4893/2342/205
f 4896/2343/206 4898/2345/207 4897/2346/207 4895/2344/206
f 4898/2345/207 4900/2347/208 4899/2348/208 4897/2346/207
f 4900/2347/208 4902/2349/209 4901/2350/209 4899/2348/208
f 4902/2349/209 4904/2351/210 4903/2352/210 4901/2350/209
f 4904/2351/210 4906/2353/211 4905/2354/211 4903/2352/210
f 4906/2353/211 4908/2355/212 4907/2356/212 4905/2354/211
f 4908/2355/212 4910/2357/213 4909/2358/213 4907/2356/212
f 4910/2357/213 4912/2359/214 4911/2360/214 4909/2358/213
f 4912/2359/214 4914/2361/215 4913/2362/215 4911/2360/214
f 4914/2361/215 4916/2363/216 4915/2364/216 4913/2362/215
f 4916/2363/216 4918/2365/217 4917/2366/217 4915/2364/216
f 4918/2365/217 4920/2367/218 4919/2368/218 4917/2366/217
f 4920/2367/218 4922/2369/219 4921/2370/219 4919/2368/218
f 4922/2369/219 4924/2371/220 4923/2372/220 4921/2370/219
f 4924/2371/220 4926/2373/221 4925/2374/221 4923/2372/220
f 4926/2373/221 4928/2375/222 4927/2376/222 4925/2374/221
f 4928/2375/222 4930/2377/223 4929/2378/223 4927/2376/222
f 4930/2377/223 4932/2379/224 4931/2380/224 4929/2378/223
f 4932/2379/224 4934/2381/225 4933/2382/225 4931/2380/224
f 4934/2381/225 4936/2383/226 4935/2384/226 4933/2382/225
f 4936/2383/226 4938/2385/227 4937/2386/227 4935/2384/226
f 4938/2385/227 4940/2387/228 4939/2388/228 4937/2386/227
f 4940/2387/228 4942/2389/229 4941/2390/229 4939/2388/228
f 4942/2389/229 4944/2391/230 4943/2392/230 4941/2390/229
f 4944/2391/230 4946/2393/231 4945/2394/231 4943/2392/230
f 4946/2393/231 4948/2395/232 4947/2396/232 4945/2394/231
f 4948/2395/232 4950/2397/233 4949/2398/233 4947/2396/232
f 4950/2397/233 4952/2399/234 4951/2400/234 4949/2398/233
f 4952/2399/234 4954/2401/235 4953/2402/235 4951/2400/234
f 4954/2401/235 4956/2403/236 4955/2404/236 4953/2402/235
f 4956/2403/236 4958/2405/237 4957/2406/237 4955/2404/236
f 4958/2405/237 4960/2407/238 4959/2408/238 4957/2406/237
f 4960/2407/238 4962/2409/239 4961/2410/239 4959/2408/238
f 4962/2409/239 4964/2411/240 4963/2412/240 4961/2410/239
f 4964/2411/240 4966/2413/241 4965/2414/241 4963/2412/240
f 4966/2413/241 4968/2415/242 4967/2416/242 4965/2414/241
f 4968/2415/242 4970/2417/243 4969/2418/243 4967/2416/242
f 4970/2417/243 4972/2419/244 4971/2420/244 4969/2418/243
f 4972/2419/244 4974/2421/245 4973/2422/245 4971/2420/244
f 4974/2421/245 4976/2423/246 4975/2424/246 4973/2422/245
f 4976/2423/246 4978/2425/247 4977/2426/247 4975/2424/246
f 4978/2425/247 4980/2427/248 4979/2428/248 4977/2426/247
f 4980/2427/248 4982/2429/249 4981/2430/249 4979/2428/248
f 4982/2429/249 4984/2431/250 4983/2432/250 4981/2430/249
f 4984/2431/250 4986/2433/251 4985/2434/251 4983/2432/250
f 4986/2433/251 4988/2435/252 4987/2436/252 4985/2434/251
f 4988/2435/252 4990/2437/253 4989/2438/253 4987/2436/252
f 4990/2437/253 4490/2439/9 4489/133/9 4989/2438/253
f 4992/1938/254 4994/2440/255 4993/2441/255 4991/135/254
f 4994/2440/255 4996/2442/256 4995/2443/256 4993/2441/255
f 4996/2442/256 4998/2444/257 4997/2445/257 4995/2443/256
f 4998/2444/257 5000/2446/258 4999/2447/258 4997/2445/257
f 5000/2446/258 5002/2448/259 5001/2449/259 4999/2447/258
f 5002/2448/259 5004/2450/260 5003/2451/260 5001/2449/259
f 5004/2450/260 5006/2452/261 5005/2453/261 5003/2451/260
f 5006/2452/261 5008/2454/262 5007/2455/262 5005/2453/261
f 5008/2454/262 5010/2456/263 5009/2457/263 5007/2455/262
f 5010/2456/263 5012/2458/264 5011/2459/264 5009/2457/263
f 5012/2458/264 5014/2460/265 5013/2461/265 5011/2459/264
f 5014/2460/265 5016/2462/266 5015/2463/266 5013/2461/265
f 5016/2462/266 5018/2464/267 5017/2465/267 5015/2463/266
f 5018/2464/267 5020/2466/268 5019/2467/268 5017/2465/267
f 5020/2466/268 5022/2468/269 5021/2469/269 5019/2467/268
f 5022/2468/269 5024/2470/270 5023/2471/270 5021/2469/269
f 5024/2470/270 5026/2472/271 5025/2473/271 5023/2471/270
f 5026/2472/271 5028/2474/272 5027/2475/272 5025/2473/271
f 5028/2474/272 5030/2476/273 5029/2477/273 5027/2475/272
f 5030/2476/273 5032/2478/274 5031/2479/274 5029/2477/273
f 5032/2478/274 5034/2480/275 5033/2481/275 5031/2479/274
f 5034/2480/275 5036/2482/276 5035/2483/276 5033/2481/275
f 5036/2482/276 5038/2484/277 5037/366/277 5035/2483/276
f 5038/2484/277 5040/2485/278 5039/2486/278 5037/366/277
f 5040/2485/278 5042/2487/171 5041/2488/171 5039/2486/278
f 5042/2487/171 5044/2489/279 5043/2490/279 5041/2488/171
f 5044/2489/279 5046/2491/280 5045/2492/280 5043/2490/279
f 5046/2491/280 5048/2493/281 5047/2494/281 5045/2492/280
f 5048/2493/281 5050/2495/282 5049/2496/282 5047/2494/281
f 5050/2495/282 5052/2497/283 5051/2498/283 5049/2496/282
f 5052/2497/283 5054/2499/284 5053/2500/284 5051/2498/283
f 5054/2499/284 5056/2501/285 5055/2502/285 5053/2500/284
f 5056/2501/285 5058/2503/286 5057/2504/286 5055/2502/285
f 5058/2503/286 5060/2505/287 5059/2506/287 5057/2504/286
f 5060/2505/287 5062/2507/288 5061/2508/288 5059/2506/287
f 5062/2507/288 5064/2509/289 5063/2510/289 5061/2508/288
f 5064/2509/289 5066/2511/290 5065/2512/290 5063/2510/289
f 5066/2511/290 5068/2513/291 5067/2514/291 5065/2512/290
f 5068/2513/291 5070/2515/292 5069/2516/292 5067/2514/291
f 5070/2515/292 5072/2517/293 5071/2518/293 5069/2516/292
f 5072/2517/293 5074/2519/294 5073/2520/294 5071/2518/293
f 5074/2519/294 5076/2521/295 5075/2522/295 5073/2520/294
f 5076/2521/295 5078/2523/296 5077/2524/296 5075/2522/295
f 5078/2523/296 5080/2525/297 5079/2526/297 5077/2524/296
f 5080/2525/297 5082/2527/298 5081/2528/298 5079/2526/297
f 5082/2527/298 5084/2529/299 5083/394/299 5081/2528/298
f 5084/2529/299 5086/2530/300 5085/2531/300 5083/394/299
f 5086/2530/300 5088/2532/301 5087/2533/301 5085/2531/300
f 5088/2532/301 5090/2534/302 5089/2535/302 5087/2533/301
f 5090/2534/302 5092/2536/303 5091/2537/303 5089/2535/302
f 5092/2536/303 5094/2538/304 5093/2539/304 5091/2537/303
f 5094/2538/304 5096/2540/305 5095/2541/305 5093/2539/304
f 5096/2540/305 5098/2542/306 5097/2543/306 5095/2541/305
f 5098/2542/306 5100/2544/307 5099/2545/307 5097/2543/306
f 5100/2544/307 5102/2546/308 5101/2547/308 5099/2545/307
f 5102/2546/308 5104/2548/309 5103/2549/309 5101/2547/308
f 5104/2548/309 5106/2550/310 5105/2551/310 5103/2549/309
f 5106/2550/310 5108/2552/311 5107/2553/311 5105/2551/310
f 5108/2552/311 5110/2554/312 5109/2555/312 5107/2553/311
f 5110/2554/312 5112/2556/313 5111/2557/313 5109/2555/312
f 5112/2556/313 5114/2558/314 5113/2559/314 5111/2557/313
f 5114/2558/314 5116/2560/315 5115/2561/315 5113/2559/314
f 5116/2560/315 5118/2562/316 5117/2563/316 5115/2561/315
f 5118/2562/316 5120/2564/317 5119/2565/317 5117/2563/316
f 5120/2564/317 5122/2566/318 5121/2567/318 5119/2565/317
f 5122/2566/318 5124/2568/319 5123/2569/319 5121/2567/318
f 5124/2568/319 5126/2570/320 5125/2571/320 5123/2569/319
f 5126/2570/320 5128/2572/321 5127/2573/321 5125/2571/320
f 5128/2572/321 5130/2574/322 5129/409/322 5127/2573/321
f 5130/2574/322 5132/2575/323 5131/2576/323 5129/409/322
f 5132/2575/323 5134/2577/324 5133/2578/324 5131/2576/323
f 5134/2577/324 5136/2579/325 5135/2580/325 5133/2578/324
f 5136/2579/325 5138/2581/326 5137/2582/326 5135/2580/325
f 5138/2581/326 5140/2583/327 5139/2584/327 5137/2582/326
f 5140/2583/327 5142/2585/328 5141/2586/328 5139/2584/327
f 5142/2585/328 5144/2587/329 5143/2588/329 5141/2586/328
f 5144/2587/329 5146/2589/330 5145/2590/330 5143/2588/329
f 5146/2589/330 5148/2591/331 5147/2592/331 5145/2590/330
f 5148/2591/331 5150/2593/332 5149/2594/332 5147/2592/331
f 5150/2593/332 5152/2595/333 5151/2596/333 5149/2594/332
f 5152/2595/333 5154/2597/334 5153/2598/334 5151/2596/333
f 5154/2597/334 5156/2599/335 5155/2600/335 5153/2598/334
f 5156/2599/335 5158/2601/336 5157/2602/336 5155/2600/335
f 5158/2601/336 5160/2603/337 5159/2604/337 5157/2602/336
f 5160/2603/337 5162/2605/338 5161/2606/338 5159/2604/337
f 5162/2605/338 5164/2607/339 5163/2608/339 5161/2606/338
f 5164/2607/339 5166/2609/340 5165/2610/340 5163/2608/339
f 5166/2609/340 5168/2611/341 5167/2612/341 5165/2610/340
f 5168/2611/341 5170/2613/342 5169/2614/342 5167/2612/341
f 5170/2613/342 5172/2615/343 5171/2616/343 5169/2614/342
f 5172/2615/343 5174/2617/344 5173/2618/344 5171/2616/343
f 5174/2617/344 5176/2619/345 5175/293/345 5173/2618/344
f 5176/2619/345 5178/2620/346 5177/2621/346 5175/293/345
f 5178/2620/346 5180/2622/347 5179/2623/347 5177/2621/346
f 5180/2622/347 5182/2624/348 5181/2625/348 5179/2623/347
f 5182/2624/348 5184/2626/349 5183/2627/349 5181/2625/348
f 5184/2626/349 5186/2628/350 5185/2629/350 5183/2627/349
f 5186/2628/350 5188/2630/351 5187/2631/351 5185/2629/350
f 5188/2630/351 5190/2632/352 5189/2633/352 5187/2631/351
f 5190/2632/352 5192/2634/353 5191/2635/353 5189/2633/352
f 5192/2634/353 5194/2636/354 5193/2637/354 5191/2635/353
f 5194/2636/354 5196/2638/355 5195/2639/355 5193/2637/354
f 5196/2638/355 5198/2640/356 5197/2641/356 5195/2639/355
f 5198/2640/356 5200/2642/357 5199/2643/357 5197/2641/356
f 5200/2642/357 5202/2644/358 5201/2645/358 5199/2643/357
f 5202/2644/358 5204/2646/359 5203/2647/359 5201/2645/358
f 5204/2646/359 5206/2648/360 5205/2649/360 5203/2647/359
f 5206/2648/360 5208/2650/361 5207/2651/361 5205/2649/360
f 5208/2650/361 5210/2652/362 5209/2653/362 5207/2651/361
f 5210/2652/362 5212/2654/363 5211/2655/363 5209/2653/362
f 5212/2654/363 5214/2656/364 5213/2657/364 5211/2655/363
f 5214/2656/364 5216/2658/365 5215/2659/365 5213/2657/364
f 5216/2658/365 5218/2660/366 5217/2661/366 5215/2659/365
f 5218/2660/366 5220/2662/367 5219/2663/367 5217/2661/366
f 5220/2662/367 5222/2664/368 5221/185/368 5219/2663/367
f 5222/2664/368 5224/2665/369 5223/2666/369 5221/185/368
f 5224/2665/369 5226/2667/370 5225/2668/370 5223/2666/369
f 5226/2667/370 5228/2669/371 5227/2670/371 5225/2668/370
f 5228/2669/371 5230/2671/372 5229/2672/372 5227/2670/371
f 5230/2671/372 5232/2673/373 5231/2674/373 5229/2672/372
f 5232/2673/373 5234/2675/374 5233/2676/374 5231/2674/373
f 5234/2675/374 5236/2677/375 5235/2678/375 5233/2676/374
f 5236/2677/375 5238/2679/376 5237/2680/376 5235/2678/375
f 5238/2679/376 5240/2681/377 5239/2682/377 5237/2680/376
f 5240/2681/377 5242/2683/378 5241/2684/378 5239/2682/377
f 5242/2683/378 5244/2685/379 5243/2686/379 5241/2684/378
f 5244/2685/379 5246/2687/380 5245/2688/380 5243/2686/379
f 5246/2687/380 5248/2689/381 5247/2690/381 5245/2688/380
f 5248/2689/381 5250/2691/382 5249/2692/382 5247/2690/381
f 5250/2691/382 5252/2693/383 5251/2694/383 5249/2692/382
f 5252/2693/383 5254/2695/384 5253/2696/384 5251/2694/383
f 5254/2695/384 5256/2697/385 5255/2698/385 5253/2696/384
f 5256/2697/385 5258/2699/386 5257/2700/386 5255/2698/385
f 5258/2699/386 5260/2701/387 5259/2702/387 5257/2700/386
f 5260/2701/387 5262/2703/388 5261/2704/388 5259/2702/387
f 5262/2703/388 5264/2705/389 5263/2706/389 5261/2704/388
f 5264/2705/389 5266/2707/390 5265/2708/390 5263/2706/389
f 5266/2707/390 5268/2709/391 5267/178/391 5265/2708/390
f 5268/2709/391 5270/2710/392 5269/2711/392 5267/178/391
f 5270/2710/392 5272/2712/393 5271/2713/393 5269/2711/392
f 5272/2712/393 5274/2714/394 5273/2715/394 5271/2713/393
f 5274/2714/394 5276/2716/395 5275/2717/395 5273/2715/394
f 5276/2716/395 5278/2718/396 5277/2719/396 5275/2717/395
f 5278/2718/396 5280/2720/397 5279/2721/397 5277/2719/396
f 5280/2720/397 5282/2722/398 5281/2723/398 5279/2721/397
f 5282/2722/398 5284/2724/399 5283/2725/399 5281/2723/398
f 5284/2724/399 5286/2726/400 5285/2727/400 5283/2725/399
f 5286/2726/400 5288/2728/401 5287/2729/401 5285/2727/400
f 5288/2728/401 5290/2730/402 5289/2731/402 5287/2729/401
f 5290/2730/402 5292/2732/403 5291/2733/403 5289/2731/402
f 5292/2732/403 5294/2734/404 5293/2735/404 5291/2733/403
f 5294/2734/404 5296/2736/405 5295/2737/405 5293/2735/404
f 5296/2736/405 5298/2738/406 5297/2739/406 5295/2737/405
f 5298/2738/406 5300/2740/407 5299/2741/407 5297/2739/406
f 5300/2740/407 5302/2742/408 5301/2743/408 5299/2741/407
f 5302/2742/408 5304/2744/409 5303/2745/409 5301/2743/408
f 5304/2744/409 5306/2746/410 5305/2747/410 5303/2745/409
f 5306/2746/410 5308/2748/411 5307/2749/411 5305/2747/410
f 5308/2748/411 5310/2750/412 5309/2751/412 5307/2749/411
f 5310/2750/412 5312/2752/413 5311/2753/413 5309/2751/412
f 5312/2752/413 5314/2754/414 5313/277/414 5311/2753/413
f 5314/2754/414 5316/2755/415 5315/2756/415 5313/277/414
f 5316/2755/415 5318/2757/416 5317/2758/416 5315/2756/415
f 5318/2757/416 5320/2759/417 5319/2760/417 5317/2758/416
f 5320/2759/417 5322/2761/418 5321/2762/418 5319/2760/417
f 5322/2761/418 5324/2763/419 5323/2764/419 5321/2762/418
f 5324/2763/419 5326/2765/420 5325/2766/420 5323/2764/419
f 5326/2765/420 5328/2767/421 5327/2768/421 5325/2766/420
f 5328/2767/421 5330/2769/422 5329/2770/422 5327/2768/421
f 5330/2769/422 5332/2771/423 5331/2772/423 5329/2770/422
f 5332/2771/423 5334/2773/424 5333/2774/424 5331/2772/423
f 5334/2773/424 5336/2775/425 5335/2776/425 5333/2774/424
f 5336/2775/425 5338/2777/426 5337/2778/426 5335/2776/425
f 5338/2777/426 5340/2779/427 5339/2780/427 5337/2778/426
f 5340/2779/427 5342/2781/428 5341/2782/428 5339/2780/427
f 5342/2781/428 5344/2783/429 5343/2784/429 5341/2782/428
f 5344/2783/429 5346/2785/430 5345/2786/430 5343/2784/429
f 5346/2785/430 5348/2787/431 5347/2788/431 5345/2786/430
f 5348/2787/431 5350/2789/432 5349/2790/432 5347/2788/431
f 5350/2789/432 5352/2791/433 5351/2792/433 5349/2790/432
f 5352/2791/433 5354/2793/434 5353/2794/434 5351/2792/433
f 5354/2793/434 5356/2795/435 5355/2796/435 5353/2794/434
f 5356/2795/435 5358/2797/436 5357/2798/436 5355/2796/435
f 5358/2797/436 5360/2799/437 5359/242/437 5357/2798/436
f 5360/2799/437 5362/2800/438 5361/2801/438 5359/242/437
f 5362/2800/438 5364/2802/439 5363/2803/439 5361/2801/438
f 5364/2802/439 5366/2804/440 5365/2805/440 5363/2803/439
f 5366/2804/440 5368/2806/441 5367/2807/441 5365/2805/440
f 5368/2806/441 5370/2808/250 5369/2809/250 5367/2807/441
f 5370/2808/250 5372/2810/442 5371/2811/442 5369/2809/250
f 5372/2810/442 5374/2812/443 5373/2813/443 5371/2811/442
f 5374/2812/443 5376/2814/444 5375/2815/444 5373/2813/443
f 5376/2814/444 5378/2816/445 5377/2817/445 5375/2815/444
f 5378/2816/445 5380/2818/446 5379/2819/446 5377/2817/445
f 5380/2818/446 5382/2820/447 5381/2821/447 5379/2819/446
f 5382/2820/447 5384/2822/448 5383/2823/448 5381/2821/447
f 5384/2822/448 5386/2824/449 5385/2825/449 5383/2823/448
f 5386/2824/449 5388/2826/450 5387/2827/450 5385/2825/449
f 5388/2826/450 5390/2828/451 5389/2829/451 5387/2827/450
f 5390/2828/451 5392/2830/452 5391/2831/452 5389/2829/451
f 5392/2830/452 5394/2832/453 5393/2833/453 5391/2831/452
f 5394/2832/453 5396/2834/454 5395/2835/454 5393/2833/453
f 5396/2834/454 5398/2836/455 5397/2837/455 5395/2835/454
f 5398/2836/455 5400/2838/456 5399/2839/456 5397/2837/455
f 5400/2838/456 5402/2840/457 5401/2841/457 5399/2839/456
f 5402/2840/457 5404/2842/458 5403/2843/458 5401/2841/457
f 5404/2842/458 4992/2439/254 4991/133/254 5403/2843/458
f 5406/1938/459 5408/2844/460 5407/2845/460 5405/135/459
f 5408/2844/460 5410/2846/461 5409/2847/461 5407/2845/460
f 5410/2846/461 5412/2848/364 5411/2849/364 5409/2847/461
f 5412/2848/364 5414/2850/462 5413/2851/462 5411/2849/364
f 5414/2850/462 5416/2852/463 5415/2853/463 5413/2851/462
f 5416/2852/463 5418/2854/464 5417/2855/464 5415/2853/463
f 5418/2854/464 5420/2856/465 5419/2857/465 5417/2855/464
f 5420/2856/465 5422/2858/466 5421/2859/466 5419/2857/465
f 5422/2858/466 5424/2860/467 5423/2861/467 5421/2859/466
f 5424/2860/467 5426/2862/468 5425/2863/468 5423/2861/467
f 5426/2862/468 5428/2864/469 5427/2865/469 5425/2863/468
f 5428/2864/469 5430/2866/470 5429/2867/470 5427/2865/469
f 5430/2866/470 5432/2868/471 5431/2869/471 5429/2867/470
f 5432/2868/471 5434/2870/472 5433/2871/472 5431/2869/471
f 5434/2870/472 5436/2872/473 5435/2873/473 5433/2871/472
f 5436/2872/473 5438/2874/474 5437/2875/474 5435/2873/473
f 5438/2874/474 5440/2876/475 5439/1885/475 5437/2875/474
f 5440/2876/475 5442/2877/476 5441/2878/476 5439/1885/475
f 5442/2877/476 5444/2879/477 5443/2880/477 5441/2878/476
f 5444/2879/477 5446/2881/478 5445/2882/478 5443/2880/477
f 5446/2881/478 5448/2883/479 5447/2884/479 5445/2882/478
f 5448/2883/479 5450/2885/480 5449/2886/480 5447/2884/479
f 5450/2885/480 5452/2887/481 5451/2888/481 5449/2886/480
f 5452/2887/481 5454/2889/482 5453/2890/482 5451/2888/481
f 5454/2889/482 5456/2891/483 5455/2892/483 5453/2890/482
f 5456/2891/483 5458/2893/484 5457/2894/484 5455/2892/483
f 5458/2893/484 5460/2895/485 5459/2896/485 5457/2894/484
f 5460/2895/485 5462/2897/486 5461/2898/486 5459/2896/485
f 5462/2897/486 5464/2899/487 5463/2900/487 5461/2898/486
f 5464/2899/487 5466/2901/488 5465/2902/488 5463/2900/487
f 5466/2901/488 5468/2903/489 5467/2904/489 5465/2902/488
f 5468/2903/489 5470/2905/490 5469/2906/490 5467/2904/489
f 5470/2905/490 5472/2907/491 5471/2908/491 5469/2906/490
f 5472/2907/491 5474/2909/492 5473/1821/492 5471/2908/491
f 5474/2909/492 5476/2910/493 5475/2911/493 5473/1821/492
f 5476/2910/493 5478/2912/494 5477/2913/494 5475/2911/493
f 5478/2912/494 5480/2914/495 5479/2915/495 5477/2913/494
f 5480/2914/495 5482/2916/496 5481/2917/496 5479/2915/495
f 5482/2916/496 5484/2918/497 5483/2919/497 5481/2917/496
f 5484/2918/497 5486/2920/498 5485/2921/498 5483/2919/497
f 5486/2920/498 5488/2922/499 5487/2923/499 5485/2921/498
f 5488/2922/499 5490/2924/500 5489/2925/500 5487/2923/499
f 5490/2924/500 5492/2926/501 5491/2927/501 5489/2925/500
f 5492/2926/501 5494/2928/53 5493/2929/53 5491/2927/501
f 5494/2928/53 5496/2930/502 5495/2931/502 5493/2929/53
f 5496/2930/502 5498/2932/503 5497/2933/503 5495/2931/502
f 5498/2932/503 5500/2934/504 5499/2935/504 5497/2933/503
f 5500/2934/504 5502/2936/505 5501/2937/505 5499/2935/504
f 5502/2936/505 5504/2938/506 5503/2939/506 5501/2937/505
f 5504/2938/506 5506/2940/507 5505/2941/507 5503/2939/506
f 5506/2940/507 5508/2942/508 5507/1812/508 5505/2941/507
f 5508/2942/508 5510/2943/509 5509/2944/509 5507/1812/508
f 5510/2943/509 5512/2945/510 5511/2946/510 5509/2944/509
f 5512/2945/510 5514/2947/511 5513/2948/511 5511/2946/510
f 5514/2947/511 5516/2949/512 5515/2950/512 5513/2948/511
f 5516/2949/512 5518/2951/513 5517/2952/513 5515/2950/512
f 5518/2951/513 5520/2953/514 5519/2954/514 5517/2952/513
f 5520/2953/514 5522/2955/515 5521/2956/515 5519/2954/514
f 5522/2955/515 5524/2957/516 5523/2958/516 5521/2956/515
f 5524/2957/516 5526/2959/517 5525/2960/517 5523/2958/516
f 5526/2959/517 5528/2961/518 5527/2962/518 5525/2960/517
f 5528/2961/518 5530/2963/519 5529/2964/519 5527/2962/518
f 5530/2963/519 5532/2965/520 5531/2966/520 5529/2964/519
f 5532/2965/520 5534/2967/521 5533/2968/521 5531/2966/520
f 5534/2967/521 5536/2969/522 5535/2970/522 5533/2968/521
f 5536/2969/522 5538/2971/523 5537/2972/523 5535/2970/522
f 5538/2971/523 5540/2973/524 5539/2974/524 5537/2972/523
f 5540/2973/524 5542/2975/525 5541/1898/525 5539/2974/524
f 5542/2975/525 5544/2976/526 5543/2977/526 5541/1898/525
f 5544/2976/526 5546/2978/527 5545/2979/527 5543/2977/526
f 5546/2978/527 5548/2980/528 5547/2981/528 5545/2979/527
f 5548/2980/528 5550/2982/529 5549/2983/529 5547/2981/528
f 5550/2982/529 5552/2984/530 5551/2985/530 5549/2983/529
f 5552/2984/530 5554/2986/531 5553/2987/531 5551/2985/530
f 5554/2986/531 5556/2988/532 5555/2989/532 5553/2987/531
f 5556/2988/532 5558/2990/533 5557/2991/533 5555/2989/532
f 5558/2990/533 5560/2992/534 5559/2993/534 5557/2991/533
f 5560/2992/534 5562/2994/535 5561/2995/535 5559/2993/534
f 5562/2994/535 5564/2996/536 5563/2997/536 5561/2995/535
f 5564/2996/536 5566/2998/537 5565/2999/537 5563/2997/536
f 5566/2998/537 5568/3000/538 5567/3001/538 5565/2999/537
f 5568/3000/538 5570/3002/539 5569/3003/539 5567/3001/538
f 5570/3002/539 5572/3004/540 5571/3005/540 5569/3003/539
f 5572/3004/540 5574/3006/541 5573/3007/541 5571/3005/540
f 5574/3006/541 5406/2439/459 5405/133/459 5573/3007/541
f 5576/1938/542 5578/3008/543 5577/3009/543 5575/135/542
f 5578/3008/543 5580/3010/544 5579/3011/544 5577/3009/543
f 5580/3010/544 5582/3012/545 5581/3013/545 5579/3011/544
f 5582/3012/545 5584/3014/546 5583/3015/546 5581/3013/545
f 5584/3014/546 5586/3016/547 5585/3017/547 5583/3015/546
f 5586/3016/547 5588/3018/548 5587/3019/548 5585/3017/547
f 5588/3018/548 5590/3020/549 5589/3021/549 5587/3019/548
f 5590/3020/549 5592/3022/550 5591/3023/550 5589/3021/549
f 5592/3022/550 5594/3024/551 5593/3025/551 5591/3023/550
f 5594/3024/551 5596/3026/552 5595/3027/552 5593/3025/551
f 5596/3026/552 5598/3028/553 5597/3029/553 5595/3027/552
f 5598/3028/553 5600/3030/554 5599/3031/554 5597/3029/553
f 5600/3030/554 5602/3032/555 5601/3033/555 5599/3031/554
f 5602/3032/555 5604/3034/556 5603/3035/556 5601/3033/555
f 5604/3034/556 5606/3036/557 5605/3037/557 5603/3035/556
f 5606/3036/557 5608/3038/558 5607/3039/558 5605/3037/557
f 5608/3038/558 5610/3040/559 5609/3041/559 5607/3039/558
f 5610/3040/559 5612/3042/560 5611/3043/560 5609/3041/559
f 5612/3042/560 5614/3044/561 5613/3045/561 5611/3043/560
f 5614/3044/561 5616/3046/562 5615/3047/562 5613/3045/561
f 5616/3046/562 5618/3048/563 5617/3049/563 5615/3047/562
f 5618/3048/563 5620/3050/564 5619/3051/564 5617/3049/563
f 5620/3050/564 5622/3052/565 5621/3053/565 5619/3051/564
f 5622/3052/565 5624/3054/566 5623/3055/566 5621/3053/565
f 5624/3054/566 5626/3056/567 5625/3057/567 5623/3055/566
f 5626/3056/567 5628/3058/568 5627/3059/568 5625/3057/567
f 5628/3058/568 5630/3060/569 5629/3061/569 5627/3059/568
f 5630/3060/569 5632/3062/570 5631/3063/570 5629/3061/569
f 5632/3062/570 5634/3064/571 5633/3065/571 5631/3063/570
f 5634/3064/571 5636/3066/572 5635/3067/572 5633/3065/571
f 5636/3066/572 5638/3068/573 5637/3069/573 5635/3067/572
f 5638/3068/573 5640/3070/574 5639/3071/574 5637/3069/573
f 5640/3070/574 5642/3072/575 5641/3073/575 5639/3071/574
f 5642/3072/575 5644/3074/576 5643/3075/576 5641/3073/575
f 5644/3074/576 5646/3076/577 5645/3077/577 5643/3075/576
f 5646/3076/577 5648/3078/578 5647/3079/578 5645/3077/577
f 5648/3078/578 5650/3080/579 5649/3081/579 5647/3079/578
f 5650/3080/579 5652/3082/580 5651/3083/580 5649/3081/579
f 5652/3082/580 5654/3084/581 5653/3085/581 5651/3083/580
f 5654/3084/581 5656/3086/582 5655/3087/582 5653/3085/581
f 5656/3086/582 5658/3088/583 5657/3089/583 5655/3087/582
f 5658/3088/583 5660/3090/584 5659/3091/584 5657/3089/583
f 5660/3090/584 5662/3092/585 5661/3093/585 5659/3091/584
f 5662/3092/585 5664/3094/586 5663/3095/586 5661/3093/585
f 5664/3094/586 5666/3096/587 5665/3097/587 5663/3095/586
f 5666/3096/587 5668/3098/588 5667/3099/588 5665/3097/587
f 5668/3098/588 5670/3100/589 5669/3101/589 5667/3099/588
f 5670/3100/589 5672/3102/590 5671/3103/590 5669/3101/589
f 5672/3102/590 5674/3104/591 5673/3105/591 5671/3103/590
f 5674/3104/591 5676/3106/592 5675/3107/592 5673/3105/591
f 5676/3106/592 5678/3108/518 5677/3109/518 5675/3107/592
f 5678/3108/518 5680/3110/593 5679/3111/593 5677/3109/518
f 5680/3110/593 5682/3112/594 5681/3113/594 5679/3111/593
f 5682/3112/594 5684/3114/595 5683/3115/595 5681/3113/594
f 5684/3114/595 5686/3116/596 5685/3117/596 5683/3115/595
f 5686/3116/596 5688/3118/597 5687/3119/597 5685/3117/596
f 5688/3118/597 5690/3120/598 5689/3121/598 5687/3119/597
f 5690/3120/598 5692/3122/599 5691/3123/599 5689/3121/598
f 5692/3122/599 5694/3124/600 5693/3125/600 5691/3123/599
f 5694/3124/600 5696/3126/601 5695/3127/601 5693/3125/600
f 5696/3126/601 5698/3128/602 5697/3129/602 5695/3127/601
f 5698/3128/602 5700/3130/603 5699/3131/603 5697/3129/602
f 5700/3130/603 5702/3132/604 5701/3133/604 5699/3131/603
f 5702/3132/604 5704/3134/605 5703/3135/605 5701/3133/604
f 5704/3134/605 5706/3136/606 5705/3137/606 5703/3135/605
f 5706/3136/606 5708/3138/607 5707/3139/607 5705/3137/606
f 5708/3138/607 5710/3140/608 5709/3141/608 5707/3139/607
f 5710/3140/608 5712/3142/609 5711/3143/609 5709/3141/608
f 5712/3142/609 5714/3144/610 5713/3145/610 5711/3143/609
f 5714/3144/610 5716/3146/611 5715/3147/611 5713/3145/610
f 5716/3146/611 5718/3148/612 5717/3149/612 5715/3147/611
f 5718/3148/612 5720/3150/613 5719/3151/613 5717/3149/612
f 5720/3150/613 5722/3152/614 5721/3153/614 5719/3151/613
f 5722/3152/614 5724/3154/615 5723/3155/615 5721/3153/614
f 5724/3154/615 5726/3156/616 5725/3157/616 5723/3155/615
f 5726/3156/616 5728/3158/617 5727/3159/617 5725/3157/616
f 5728/3158/617 5730/3160/618 5729/3161/618 5727/3159/617
f 5730/3160/618 5732/3162/619 5731/3163/619 5729/3161/618
f 5732/3162/619 5734/3164/620 5733/3165/620 5731/3163/619
f 5734/3164/620 5736/3166/621 5735/3167/621 5733/3165/620
f 5736/3166/621 5738/3168/622 5737/3169/622 5735/3167/621
f 5738/3168/622 5740/3170/623 5739/3171/623 5737/3169/622
f 5740/3170/623 5742/3172/624 5741/3173/624 5739/3171/623
f 5742/3172/624 5744/3174/625 5743/3175/625 5741/3173/624
f 5744/3174/625 5746/3176/626 5745/3177/626 5743/3175/625
f 5746/3176/626 5748/3178/627 5747/3179/627 5745/3177/626
f 5748/3178/627 5750/3180/628 5749/3181/628 5747/3179/627
f 5750/3180/628 5752/3182/629 5751/3183/629 5749/3181/628
f 5752/3182/629 5754/3184/630 5753/3185/630 5751/3183/629
f 5754/3184/630 5756/3186/631 5755/3187/631 5753/3185/630
f 5756/3186/631 5758/3188/632 5757/3189/632 5755/3187/631
f 5758/3188/632 5760/3190/633 5759/3191/633 5757/3189/632
f 5760/3190/633 5762/3192/634 5761/3193/634 5759/3191/633
f 5762/3192/634 5764/3194/635 5763/3195/635 5761/3193/634
f 5764/3194/635 5766/3196/636 5765/3197/636 5763/3195/635
f 5766/3196/636 5768/3198/637 5767/3199/637 5765/3197/636
f 5768/3198/637 5770/3200/638 5769/3201/638 5767/3199/637
f 5770/3200/638 5772/3202/639 5771/3203/639 5769/3201/638
f 5772/3202/639 5774/3204/640 5773/3205/640 5771/3203/639
f 5774/3204/640 5776/3206/641 5775/3207/641 5773/3205/640
f 5776/3206/641 5778/3208/642 5777/3209/642 5775/3207/641
f 5778/3208/642 5780/3210/643 5779/3211/643 5777/3209/642
f 5780/3210/643 5782/3212/644 5781/3213/644 5779/3211/643
f 5782/3212/644 5784/3214/645 5783/3215/645 5781/3213/644
f 5784/3214/645 5786/3216/646 5785/3217/646 5783/3215/645
f 5786/3216/646 5788/3218/647 5787/3219/647 5785/3217/646
f 5788/3218/647 5790/3220/648 5789/3221/648 5787/3219/647
f 5790/3220/648 5792/3222/649 5791/3223/649 5789/3221/648
f 5792/3222/649 5794/3224/650 5793/3225/650 5791/3223/649
f 5794/3224/650 5796/3226/651 5795/3227/651 5793/3225/650
f 5796/3226/651 5798/3228/652 5797/3229/652 5795/3227/651
f 5798/3228/652 5800/3230/653 5799/3231/653 5797/3229/652
f 5800/3230/653 5802/3232/654 5801/3233/654 5799/3231/653
f 5802/3232/654 5804/3234/655 5803/3235/655 5801/3233/654
f 5804/3234/655 5806/3236/656 5805/3237/656 5803/3235/655
f 5806/3236/656 5808/3238/657 5807/3239/657 5805/3237/656
f 5808/3238/657 5810/3240/658 5809/3241/658 5807/3239/657
f 5810/3240/658 5812/3242/659 5811/3243/659 5809/3241/658
f 5812/3242/659 5814/3244/660 5813/3245/660 5811/3243/659
f 5814/3244/660 5816/3246/661 5815/3247/661 5813/3245/660
f 5816/3246/661 5818/3248/662 5817/3249/662 5815/3247/661
f 5818/3248/662 5820/3250/663 5819/3251/663 5817/3249/662
f 5820/3250/663 5822/3252/664 5821/3253/664 5819/3251/663
f 5822/3252/664 5824/3254/665 5823/3255/665 5821/3253/664
f 5824/3254/665 5826/3256/666 5825/3257/666 5823/3255/665
f 5826/3256/666 5828/3258/667 5827/3259/667 5825/3257/666
f 5828/3258/667 5830/3260/668 5829/3261/668 5827/3259/667
f 5830/3260/668 5832/3262/669 5831/3263/669 5829/3261/668
f 5832/3262/669 5834/3264/670 5833/3265/670 5831/3263/669
f 5834/3264/670 5836/3266/671 5835/3267/671 5833/3265/670
f 5836/3266/671 5838/3268/672 5837/3269/672 5835/3267/671
f 5838/3268/672 5840/3270/673 5839/3271/673 5837/3269/672
f 5840/3270/673 5842/3272/674 5841/3273/674 5839/3271/673
f 5842/3272/674 5844/3274/675 5843/3275/675 5841/3273/674
f 5844/3274/675 5846/3276/676 5845/3277/676 5843/3275/675
f 5846/3276/676 5848/3278/677 5847/3279/677 5845/3277/676
f 5848/3278/677 5850/3280/678 5849/3281/678 5847/3279/677
f 5850/3280/678 5852/3282/679 5851/3283/679 5849/3281/678
f 5852/3282/679 5854/3284/680 5853/3285/680 5851/3283/679
f 5854/3284/680 5856/3286/681 5855/3287/681 5853/3285/680
f 5856/3286/681 5858/3288/682 5857/3289/682 5855/3287/681
f 5858/3288/682 5860/3290/683 5859/3291/683 5857/3289/682
f 5860/3290/683 5862/3292/684 5861/3293/684 5859/3291/683
f 5862/3292/684 5864/3294/685 5863/3295/685 5861/3293/684
f 5864/3294/685 5866/3296/686 5865/3297/686 5863/3295/685
f 5866/3296/686 5868/3298/687 5867/3299/687 5865/3297/686
f 5868/3298/687 5870/3300/688 5869/3301/688 5867/3299/687
f 5870/3300/688 5872/3302/689 5871/3303/689 5869/3301/688
f 5872/3302/689 5874/3304/690 5873/3305/690 5871/3303/689
f 5874/3304/690 5876/3306/691 5875/3307/691 5873/3305/690
f 5876/3306/691 5878/3308/692 5877/3309/692 5875/3307/691
f 5878/3308/692 5880/3310/693 5879/3311/693 5877/3309/692
f 5880/3310/693 5882/3312/694 5881/3313/694 5879/3311/693
f 5882/3312/694 5884/3314/695 5883/3315/695 5881/3313/694
f 5884/3314/695 5886/3316/696 5885/3317/696 5883/3315/695
f 5886/3316/696 5888/3318/697 5887/3319/697 5885/3317/696
f 5888/3318/697 5890/3320/698 5889/3321/698 5887/3319/697
f 5890/3320/698 5892/3322/699 5891/3323/699 5889/3321/698
f 5892/3322/699 5894/3324/700 5893/3325/700 5891/3323/699
f 5894/3324/700 5896/3326/701 5895/3327/701 5893/3325/700
f 5896/3326/701 5898/3328/702 5897/3329/702 5895/3327/701
f 5898/3328/702 5900/3330/703 5899/3331/703 5897/3329/702
f 5900/3330/703 5902/3332/704 5901/3333/704 5899/3331/703
f 5902/3332/704 5904/3334/705 5903/3335/705 5901/3333/704
f 5904/3334/705 5906/3336/706 5905/3337/706 5903/3335/705
f 5906/3336/706 5908/3338/707 5907/3339/707 5905/3337/706
f 5908/3338/707 5910/3340/708 5909/3341/708 5907/3339/707
f 5910/3340/708 5912/3342/709 5911/3343/709 5909/3341/708
f 5912/3342/709 5914/3344/710 5913/3345/710 5911/3343/709
f 5914/3344/710 5916/3346/711 5915/3347/711 5913/3345/710
f 5916/3346/711 5918/3348/712 5917/3349/712 5915/3347/711
f 5918/3348/712 5920/3350/713 5919/3351/713 5917/3349/712
f 5920/3350/713 5922/3352/714 5921/3353/714 5919/3351/713
f 5922/3352/714 5924/3354/715 5923/3355/715 5921/3353/714
f 5924/3354/715 5926/3356/716 5925/3357/716 5923/3355/715
f 5926/3356/716 5928/3358/717 5927/3359/717 5925/3357/716
f 5928/3358/717 5930/3360/718 5929/3361/718 5927/3359/717
f 5930/3360/718 5932/3362/719 5931/3363/719 5929/3361/718
f 5932/3362/719 5934/3364/720 5933/3365/720 5931/3363/719
f 5934/3364/720 5936/3366/721 5935/3367/721 5933/3365/720
f 5936/3366/721 5938/3368/722 5937/3369/722 5935/3367/721
f 5938/3368/722 5940/3370/723 5939/3371/723 5937/3369/722
f 5940/3370/723 5942/3372/724 5941/3373/724 5939/3371/723
f 5942/3372/724 5944/3374/725 5943/3375/725 5941/3373/724
f 5944/3374/725 5946/3376/726 5945/3377/726 5943/3375/725
f 5946/3376/726 5948/3378/727 5947/3379/727 5945/3377/726
f 5948/3378/727 5950/3380/728 5949/3381/728 5947/3379/727
f 5950/3380/728 5952/3382/729 5951/3383/729 5949/3381/728
f 5952/3382/729 5954/3384/628 5953/3385/628 5951/3383/729
f 5954/3384/628 5956/3386/730 5955/3387/730 5953/3385/628
f 5956/3386/730 5958/3388/731 5957/3389/731 5955/3387/730
f 5958/3388/731 5960/3390/732 5959/3391/732 5957/3389/731
f 5960/3390/732 5962/3392/733 5961/3393/733 5959/3391/732
f 5962/3392/733 5964/3394/734 5963/3395/734 5961/3393/733
f 5964/3394/734 5966/3396/735 5965/3397/735 5963/3395/734
f 5966/3396/735 5968/3398/736 5967/3399/736 5965/3397/735
f 5968/3398/736 5970/3400/737 5969/247/737 5967/3399/736
f 5970/3400/737 5972/3401/738 5971/3402/738 5969/247/737
f 5972/3401/738 5974/3403/739 5973/3404/739 5971/3402/738
f 5974/3403/739 5976/3405/740 5975/3406/740 5973/3404/739
f 5976/3405/740 5978/3407/741 5977/3408/741 5975/3406/740
f 5978/3407/741 5980/3409/742 5979/3410/742 5977/3408/741
f 5980/3409/742 5982/3411/743 5981/3412/743 5979/3410/742
f 5982/3411/743 5984/3413/744 5983/3414/744 5981/3412/743
f 5984/3413/744 5986/3415/745 5985/3416/745 5983/3414/744
f 5986/3415/745 5988/3417/746 5987/3418/746 5985/3416/745
f 5988/3417/746 5990/3419/747 5989/3420/747 5987/3418/746
f 5990/3419/747 5992/3421/748 5991/3422/748 5989/3420/747
f 5992/3421/748 5994/3423/749 5993/3424/749 5991/3422/748
f 5994/3423/749 5996/3425/750 5995/3426/750 5993/3424/749
f 5996/3425/750 5998/3427/751 5997/3428/751 5995/3426/750
f 5998/3427/751 6000/3429/752 5999/3430/752 5997/3428/751
f 6000/3429/752 6002/3431/753 6001/3432/753 5999/3430/752
f 6002/3431/753 6004/3433/754 6003/3434/754 6001/3432/753
f 6004/3433/754 6006/3435/755 6005/3436/755 6003/3434/754
f 6006/3435/755 6008/3437/756 6007/3438/756 6005/3436/755
f 6008/3437/756 6010/3439/757 6009/3440/757 6007/3438/756
f 6010/3439/757 6012/3441/758 6011/3442/758 6009/3440/757
f 6012/3441/758 6014/3443/759 6013/3444/759 6011/3442/758
f 6014/3443/759 6016/3445/760 6015/3446/760 6013/3444/759
f 6016/3445/760 6018/3447/761 6017/3448/761 6015/3446/760
f 6018/3447/761 6020/3449/762 6019/3450/762 6017/3448/761
f 6020/3449/762 6022/3451/763 6021/3452/763 6019/3450/762
f 6022/3451/763 6024/3453/764 6023/3454/764 6021/3452/763
f 6024/3453/764 6026/3455/765 6025/3456/765 6023/3454/764
f 6026/3455/765 6028/3457/766 6027/3458/766 6025/3456/765
f 6028/3457/766 6030/3459/767 6029/3460/767 6027/3458/766
f 6030/3459/767 6032/3461/768 6031/3462/768 6029/3460/767
f 6032/3461/768 6034/3463/769 6033/3464/769 6031/3462/768
f 6034/3463/769 6036/3465/770 6035/3466/770 6033/3464/769
f 6036/3465/770 6038/3467/771 6037/3468/771 6035/3466/770
f 6038/3467/771 6040/3469/772 6039/3470/772 6037/3468/771
f 6040/3469/772 6042/3471/773 6041/3472/773 6039/3470/772
f 6042/3471/773 6044/3473/774 6043/3474/774 6041/3472/773
f 6044/3473/774 6046/3475/775 6045/3476/775 6043/3474/774
f 6046/3475/775 6048/3477/776 6047/3478/776 6045/3476/775
f 6048/3477/776 6050/3479/777 6049/3480/777 6047/3478/776
f 6050/3479/777 6052/3481/778 6051/3482/778 6049/3480/777
f 6052/3481/778 6054/3483/779 6053/3484/779 6051/3482/778
f 6054/3483/779 6056/3485/780 6055/3486/780 6053/3484/779
f 6056/3485/780 6058/3487/781 6057/3488/781 6055/3486/780
f 6058/3487/781 6060/3489/782 6059/3490/782 6057/3488/781
f 6060/3489/782 6062/3491/783 6061/3492/783 6059/3490/782
f 6062/3491/783 6064/3493/784 6063/3494/784 6061/3492/783
f 6064/3493/784 6066/3495/785 6065/3496/785 6063/3494/784
f 6066/3495/785 6068/3497/786 6067/3498/786 6065/3496/785
f 6068/3497/786 6070/3499/787 6069/3500/787 6067/3498/786
f 6070/3499/787 6072/3501/788 6071/3502/788 6069/3500/787
f 6072/3501/788 6074/3503/789 6073/3504/789 6071/3502/788
f 6074/3503/789 6076/3505/790 6075/3506/790 6073/3504/789
f 6076/3505/790 6078/3507/791 6077/3508/791 6075/3506/790
f 6078/3507/791 6080/3509/792 6079/3510/792 6077/3508/791
f 6080/3509/792 6082/3511/793 6081/3512/793 6079/3510/792
f 6082/3511/793 6084/3513/794 6083/3514/794 6081/3512/793
f 6084/3513/794 6086/3515/795 6085/3516/795 6083/3514/794
f 6086/3515/795 6088/3517/796 6087/3518/796 6085/3516/795
f 6088/3517/796 6090/3519/797 6089/3520/797 6087/3518/796
f 6090/3519/797 6092/3521/798 6091/3522/798 6089/3520/797
f 6092/3521/798 6094/3523/799 6093/3524/799 6091/3522/798
f 6094/3523/799 6096/3525/800 6095/3526/800 6093/3524/799
f 6096/3525/800 6098/3527/801 6097/3528/801 6095/3526/800
f 6098/3527/801 6100/3529/802 6099/3530/802 6097/3528/801
f 6100/3529/802 6102/3531/803 6101/3532/803 6099/3530/802
f 6102/3531/803 6104/3533/804 6103/3534/804 6101/3532/803
f 6104/3533/804 6106/3535/805 6105/3536/805 6103/3534/804
f 6106/3535/805 6108/3537/806 6107/3538/806 6105/3536/805
f 6108/3537/806 6110/3539/807 6109/3540/807 6107/3538/806
f 6110/3539/807 6112/3541/808 6111/3542/808 6109/3540/807
f 6112/3541/808 6114/3543/809 6113/3544/809 6111/3542/808
f 6114/3543/809 6116/3545/810 6115/3546/810 6113/3544/809
f 6116/3545/810 6118/3547/811 6117/3548/811 6115/3546/810
f 6118/3547/811 6120/3549/812 6119/3550/812 6117/3548/811
f 6120/3549/812 6122/3551/813 6121/3552/813 6119/3550/812
f 6122/3551/813 6124/3553/814 6123/3554/814 6121/3552/813
f 6124/3553/814 6126/3555/815 6125/3556/815 6123/3554/814
f 6126/3555/815 6128/3557/816 6127/3558/816 6125/3556/815
f 6128/3557/816 6130/3559/817 6129/3560/817 6127/3558/816
f 6130/3559/817 6132/3561/101 6131/3562/101 6129/3560/817
f 6132/3561/101 6134/3563/818 6133/3564/818 6131/3562/101
f 6134/3563/818 6136/3565/104 6135/3566/104 6133/3564/818
f 6136/3565/104 6138/3567/819 6137/3568/819 6135/3566/104
f 6138/3567/819 6140/3569/820 6139/3570/820 6137/3568/819
f 6140/3569/820 6142/3571/821 6141/3572/821 6139/3570/820
f 6142/3571/821 6144/3573/822 6143/3574/822 6141/3572/821
f 6144/3573/822 6146/3575/823 6145/3576/823 6143/3574/822
f 6146/3575/823 6148/3577/824 6147/3578/824 6145/3576/823
f 6148/3577/824 6150/3579/825 6149/3580/825 6147/3578/824
f 6150/3579/825 6152/3581/826 6151/3582/826 6149/3580/825
f 6152/3581/826 6154/3583/827 6153/3584/827 6151/3582/826
f 6154/3583/827 6156/3585/828 6155/3586/828 6153/3584/827
f 6156/3585/828 6158/3587/829 6157/3588/829 6155/3586/828
f 6158/3587/829 6160/3589/361 6159/3590/361 6157/3588/829
f 6160/3589/361 6162/3591/830 6161/3592/830 6159/3590/361
f 6162/3591/830 6164/3593/831 6163/3594/831 6161/3592/830
f 6164/3593/831 6166/3595/832 6165/3596/832 6163/3594/831
f 6166/3595/832 6168/3597/833 6167/3598/833 6165/3596/832
f 6168/3597/833 6170/3599/834 6169/3600/834 6167/3598/833
f 6170/3599/834 6172/3601/835 6171/3602/835 6169/3600/834
f 6172/3601/835 6174/3603/836 6173/3604/836 6171/3602/835
f 6174/3603/836 6176/3605/837 6175/3606/837 6173/3604/836
f 6176/3605/837 6178/3607/838 6177/3608/838 6175/3606/837
f 6178/3607/838 6180/3609/839 6179/3610/839 6177/3608/838
f 6180/3609/839 6182/3611/840 6181/3612/840 6179/3610/839
f 6182/3611/840 6184/3613/841 6183/3614/841 6181/3612/840
f 6184/3613/841 6186/3615/842 6185/3616/842 6183/3614/841
f 6186/3615/842 6188/3617/843 6187/3618/843 6185/3616/842
f 6188/3617/843 6190/3619/844 6189/3620/844 6187/3618/843
f 6190/3619/844 6192/3621/845 6191/3622/845 6189/3620/844
f 6192/3621/845 6194/3623/846 6193/3624/846 6191/3622/845
f 6194/3623/846 6196/3625/847 6195/3626/847 6193/3624/846
f 6196/3625/847 6198/3627/848 6197/3628/848 6195/3626/847
f 6198/3627/848 6200/3629/849 6199/3630/849 6197/3628/848
f 6200/3629/849 6202/3631/850 6201/3632/850 6199/3630/849
f 6202/3631/850 6204/3633/851 6203/3634/851 6201/3632/850
f 6204/3633/851 6206/3635/852 6205/3636/852 6203/3634/851
f 6206/3635/852 6208/3637/853 6207/3638/853 6205/3636/852
f 6208/3637/853 6210/3639/854 6209/3640/854 6207/3638/853
f 6210/3639/854 6212/3641/855 6211/3642/855 6209/3640/854
f 6212/3641/855 6214/3643/856 6213/3644/856 6211/3642/855
f 6214/3643/856 6216/3645/857 6215/3646/857 6213/3644/856
f 6216/3645/857 6218/3647/858 6217/3648/858 6215/3646/857
f 6218/3647/858 6220/3649/859 6219/3650/859 6217/3648/858
f 6220/3649/859 6222/3651/860 6221/3652/860 6219/3650/859
f 6222/3651/860 6224/3653/861 6223/3654/861 6221/3652/860
f 6224/3653/861 6226/3655/862 6225/3656/862 6223/3654/861
f 6226/3655/862 6228/3657/863 6227/3658/863 6225/3656/862
f 6228/3657/863 6230/3659/864 6229/3660/864 6227/3658/863
f 6230/3659/864 6232/3661/865 6231/3662/865 6229/3660/864
f 6232/3661/865 6234/3663/866 6233/3664/866 6231/3662/865
f 6234/3663/866 6236/3665/867 6235/3666/867 6233/3664/866
f 6236/3665/867 6238/3667/868 6237/3668/868 6235/3666/867
f 6238/3667/868 6240/3669/869 6239/3670/869 6237/3668/868
f 6240/3669/869 6242/3671/870 6241/3672/870 6239/3670/869
f 6242/3671/870 6244/3673/871 6243/3674/871 6241/3672/870
f 6244/3673/871 6246/3675/872 6245/3676/872 6243/3674/871
f 6246/3675/872 6248/3677/873 6247/3678/873 6245/3676/872
f 6248/3677/873 6250/3679/874 6249/3680/874 6247/3678/873
f 6250/3679/874 6252/3681/875 6251/3682/875 6249/3680/874
f 6252/3681/875 6254/3683/876 6253/3684/876 6251/3682/875
f 6254/3683/876 6256/3685/877 6255/3686/877 6253/3684/876
f 6256/3685/877 6258/3687/878 6257/3688/878 6255/3686/877
f 6258/3687/878 6260/3689/879 6259/3690/879 6257/3688/878
f 6260/3689/879 6262/3691/880 6261/3692/880 6259/3690/879
f 6262/3691/880 6264/3693/881 6263/3694/881 6261/3692/880
f 6264/3693/881 6266/3695/882 6265/3696/882 6263/3694/881
f 6266/3695/882 6268/3697/883 6267/3698/883 6265/3696/882
f 6268/3697/883 6270/3699/884 6269/3700/884 6267/3698/883
f 6270/3699/884 6272/3701/885 6271/3702/885 6269/3700/884
f 6272/3701/885 6274/3703/886 6273/3704/886 6271/3702/885
f 6274/3703/886 6276/3705/887 6275/3706/887 6273/3704/886
f 6276/3705/887 6278/3707/888 6277/3708/888 6275/3706/887
f 6278/3707/888 6280/3709/889 6279/3710/889 6277/3708/888
f 6280/3709/889 6282/3711/890 6281/3712/890 6279/3710/889
f 6282/3711/890 6284/3713/891 6283/3714/891 6281/3712/890
f 6284/3713/891 6286/3715/892 6285/3716/892 6283/3714/891
f 6286/3715/892 6288/3717/893 6287/3718/893 6285/3716/892
f 6288/3717/893 6290/3719/894 6289/3720/894 6287/3718/893
f 6290/3719/894 6292/3721/895 6291/3722/895 6289/3720/894
f 6292/3721/895 6294/3723/896 6293/3724/896 6291/3722/895
f 6294/3723/896 6296/3725/897 6295/3726/897 6293/3724/896
f 6296/3725/897 6298/3727/898 6297/3728/898 6295/3726/897
f 6298/3727/898 6300/3729/899 6299/3730/899 6297/3728/898
f 6300/3729/899 6302/3731/900 6301/3732/900 6299/3730/899
f 6302/3731/900 6304/3733/901 6303/3734/901 6301/3732/900
f 6304/3733/901 6306/3735/902 6305/3736/902 6303/3734/901
f 6306/3735/902 6308/3737/903 6307/3738/903 6305/3736/902
f 6308/3737/903 6310/3739/904 6309/3740/904 6307/3738/903
f 6310/3739/904 6312/3741/905 6311/3742/905 6309/3740/904
f 6312/3741/905 6314/3743/906 6313/3744/906 6311/3742/905
f 6314/3743/906 6316/3745/907 6315/3746/907 6313/3744/906
f 6316/3745/907 6318/3747/908 6317/3748/908 6315/3746/907
f 6318/3747/908 6320/3749/909 6319/3750/909 6317/3748/908
f 6320/3749/909 6322/3751/910 6321/3752/910 6319/3750/909
f 6322/3751/910 6324/3753/911 6323/3754/911 6321/3752/910
f 6324/3753/911 6326/3755/912 6325/3756/912 6323/3754/911
f 6326/3755/912 6328/3757/913 6327/3758/913 6325/3756/912
f 6328/3757/913 6330/3759/914 6329/3760/914 6327/3758/913
f 6330/3759/914 6332/3761/915 6331/3762/915 6329/3760/914
f 6332/3761/915 6334/3763/916 6333/3764/916 6331/3762/915
f 6334/3763/916 6336/3765/917 6335/3766/917 6333/3764/916
f 6336/3765/917 6338/3767/918 6337/3768/918 6335/3766/917
f 6338/3767/918 6340/3769/919 6339/3770/919 6337/3768/918
f 6340/3769/919 6342/3771/920 6341/3772/920 6339/3770/919
f 6342/3771/920 6344/3773/921 6343/3774/921 6341/3772/920
f 6344/3773/921 6346/3775/922 6345/3776/922 6343/3774/921
f 6346/3775/922 6348/3777/923 6347/3778/923 6345/3776/922
f 6348/3777/923 6350/3779/924 6349/3780/924 6347/3778/923
f 6350/3779/924 6352/3781/925 6351/3782/925 6349/3780/924
f 6352/3781/925 6354/3783/926 6353/3784/926 6351/3782/925
f 6354/3783/926 6356/3785/927 6355/3786/927 6353/3784/926
f 6356/3785/927 6358/3787/928 6357/3788/928 6355/3786/927
f 6358/3787/928 6360/3789/929 6359/3790/929 6357/3788/928
f 6360/3789/929 6362/3791/930 6361/3792/930 6359/3790/929
f 6362/3791/930 5576/2439/542 5575/133/542 6361/3792/930
f 6364/1938/931 6366/3793/932 6365/3794/932 6363/135/931
f 6366/3793/932 6368/3795/933 6367/3796/933 6365/3794/932
f 6368/3795/933 6370/3797/934 6369/3798/934 6367/3796/933
f 6370/3797/934 6372/3799/935 6371/3800/935 6369/3798/934
f 6372/3799/935 6374/3801/936 6373/3802/936 6371/3800/935
f 6374/3801/936 6376/3803/937 6375/3804/937 6373/3802/936
f 6376/3803/937 6378/3805/938 6377/3806/938 6375/3804/937
f 6378/3805/938 6380/3807/939 6379/3808/939 6377/3806/938
f 6380/3807/939 6382/3809/940 6381/3810/940 6379/3808/939
f 6382/3809/940 6384/3811/941 6383/3812/941 6381/3810/940
f 6384/3811/941 6386/3813/942 6385/3814/942 6383/3812/941
f 6386/3813/942 6388/3815/943 6387/3816/943 6385/3814/942
f 6388/3815/943 6390/3817/944 6389/3818/944 6387/3816/943
f 6390/3817/944 6392/3819/945 6391/3820/945 6389/3818/944
f 6392/3819/945 6394/3821/946 6393/3822/946 6391/3820/945
f 6394/3821/946 6396/3823/947 6395/3824/947 6393/3822/946
f 6396/3823/947 6398/3825/948 6397/3826/948 6395/3824/947
f 6398/3825/948 6400/3827/949 6399/3828/949 6397/3826/948
f 6400/3827/949 6402/3829/950 6401/3830/950 6399/3828/949
f 6402/3829/950 6404/3831/951 6403/3832/951 6401/3830/950
f 6404/3831/951 6406/3833/952 6405/3834/952 6403/3832/951
f 6406/3833/952 6408/3835/953 6407/3836/953 6405/3834/952
f 6408/3835/953 6410/3837/954 6409/3838/954 6407/3836/953
f 6410/3837/954 6412/3839/955 6411/3840/955 6409/3838/954
f 6412/3839/955 6414/3841/956 6413/3842/956 6411/3840/955
f 6414/3841/956 6416/3843/957 6415/3844/957 6413/3842/956
f 6416/3843/957 6418/3845/958 6417/3846/958 6415/3844/957
f 6418/3845/958 6420/3847/959 6419/3848/959 6417/3846/958
f 6420/3847/959 6422/3849/960 6421/3850/960 6419/3848/959
f 6422/3849/960 6424/3851/961 6423/3852/961 6421/3850/960
f 6424/3851/961 6426/3853/962 6425/3854/962 6423/3852/961
f 6426/3853/962 6428/3855/963 6427/3856/963 6425/3854/962
f 6428/3855/963 6430/3857/964 6429/3858/964 6427/3856/963
f 6430/3857/964 6432/3859/965 6431/3860/965 6429/3858/964
f 6432/3859/965 6434/3861/966 6433/3862/966 6431/3860/965
f 6434/3861/966 6436/3863/967 6435/3864/967 6433/3862/966
f 6436/3863/967 6438/3865/968 6437/3866/968 6435/3864/967
f 6438/3865/968 6440/3867/969 6439/3868/969 6437/3866/968
f 6440/3867/969 6442/3869/970 6441/3870/970 6439/3868/969
f 6442/3869/970 6444/3871/971 6443/3872/971 6441/3870/970
f 6444/3871/971 6446/3873/972 6445/3874/972 6443/3872/971
f 6446/3873/972 6448/3875/973 6447/3876/973 6445/3874/972
f 6448/3875/973 6450/3877/974 6449/3878/974 6447/3876/973
f 6450/3877/974 6452/3879/975 6451/3880/975 6449/3878/974
f 6452/3879/975 6454/3881/976 6453/3882/976 6451/3880/975
f 6454/3881/976 6456/3883/977 6455/3884/977 6453/3882/976
f 6456/3883/977 6458/3885/978 6457/3886/978 6455/3884/977
f 6458/3885/978 6460/3887/979 6459/3888/979 6457/3886/978
f 6460/3887/979 6462/3889/980 6461/3890/980 6459/3888/979
f 6462/3889/980 6464/3891/981 6463/3892/981 6461/3890/980
f 6464/3891/981 6466/3893/982 6465/3894/982 6463/3892/981
f 6466/3893/982 6468/3895/983 6467/3896/983 6465/3894/982
f 6468/3895/983 6470/3897/984 6469/3898/984 6467/3896/983
f 6470/3897/984 6472/3899/985 6471/3900/985 6469/3898/984
f 6472/3899/985 6474/3901/986 6473/3902/986 6471/3900/985
f 6474/3901/986 6476/3903/987 6475/3904/987 6473/3902/986
f 6476/3903/987 6478/3905/988 6477/3906/988 6475/3904/987
f 6478/3905/988 6480/3907/989 6479/3908/989 6477/3906/988
f 6480/3907/989 6482/3909/990 6481/3910/990 6479/3908/989
f 6482/3909/990 6484/3911/991 6483/3912/991 6481/3910/990
f 6484/3911/991 6486/3913/992 6485/3914/992 6483/3912/991
f 6486/3913/992 6488/3915/993 6487/3916/993 6485/3914/992
f 6488/3915/993 6490/3917/994 6489/3918/994 6487/3916/993
f 6490/3917/994 6492/3919/995 6491/3920/995 6489/3918/994
f 6492/3919/995 6494/3921/996 6493/3922/996 6491/3920/995
f 6494/3921/996 6496/3923/997 6495/3924/997 6493/3922/996
f 6496/3923/997 6498/3925/998 6497/3926/998 6495/3924/997
f 6498/3925/998 6500/3927/999 6499/3928/999 6497/3926/998
f 6500/3927/999 6502/3929/1000 6501/3930/1000 6499/3928/999
f 6502/3929/1000 6504/3931/1001 6503/3932/1001 6501/3930/1000
f 6504/3931/1001 6506/3933/1002 6505/3934/1002 6503/3932/1001
f 6506/3933/1002 6508/3935/1003 6507/3936/1003 6505/3934/1002
f 6508/3935/1003 6510/3937/1004 6509/3938/1004 6507/3936/1003
f 6510/3937/1004 6512/3939/1005 6511/3940/1005 6509/3938/1004
f 6512/3939/1005 6514/3941/1006 6513/3942/1006 6511/3940/1005
f 6514/3941/1006 6516/3943/1007 6515/3944/1007 6513/3942/1006
f 6516/3943/1007 6518/3945/1008 6517/3946/1008 6515/3944/1007
f 6518/3945/1008 6520/3947/1009 6519/3948/1009 6517/3946/1008
f 6520/3947/1009 6522/3949/1010 6521/3950/1010 6519/3948/1009
f 6522/3949/1010 6524/3951/1011 6523/3952/1011 6521/3950/1010
f 6524/3951/1011 6526/3953/1012 6525/3954/1012 6523/3952/1011
f 6526/3953/1012 6528/3955/1013 6527/3956/1013 6525/3954/1012
f 6528/3955/1013 6530/3957/1014 6529/3958/1014 6527/3956/1013
f 6530/3957/1014 6532/3959/1015 6531/3960/1015 6529/3958/1014
f 6532/3959/1015 6534/3961/193 6533/3962/193 6531/3960/1015
f 6534/3961/193 6536/3963/1016 6535/3964/1016 6533/3962/193
f 6536/3963/1016 6538/3965/1017 6537/3966/1017 6535/3964/1016
f 6538/3965/1017 6540/3967/1018 6539/3968/1018 6537/3966/1017
f 6540/3967/1018 6542/3969/1019 6541/3970/1019 6539/3968/1018
f 6542/3969/1019 6544/3971/1020 6543/3972/1020 6541/3970/1019
f 6544/3971/1020 6546/3973/1021 6545/3974/1021 6543/3972/1020
f 6546/3973/1021 6548/3975/1022 6547/3976/1022 6545/3974/1021
f 6548/3975/1022 6550/3977/1023 6549/3978/1023 6547/3976/1022
f 6550/3977/1023 6552/3979/1024 6551/3980/1024 6549/3978/1023
f 6552/3979/1024 6554/3981/1025 6553/3982/1025 6551/3980/1024
f 6554/3981/1025 6556/3983/1026 6555/3984/1026 6553/3982/1025
f 6556/3983/1026 6558/3985/1027 6557/3986/1027 6555/3984/1026
f 6558/3985/1027 6560/3987/1028 6559/3988/1028 6557/3986/1027
f 6560/3987/1028 6562/3989/1029 6561/3990/1029 6559/3988/1028
f 6562/3989/1029 6564/3991/1030 6563/3992/1030 6561/3990/1029
f 6564/3991/1030 6566/3993/1031 6565/3994/1031 6563/3992/1030
f 6566/3993/1031 6568/3995/1032 6567/3996/1032 6565/3994/1031
f 6568/3995/1032 6570/3997/1033 6569/3998/1033 6567/3996/1032
f 6570/3997/1033 6572/3999/1034 6571/4000/1034 6569/3998/1033
f 6572/3999/1034 6574/4001/1035 6573/4002/1035 6571/4000/1034
f 6574/4001/1035 6576/4003/1036 6575/4004/1036 6573/4002/1035
f 6576/4003/1036 6578/4005/1037 6577/4006/1037 6575/4004/1036
f 6578/4005/1037 6580/4007/1038 6579/4008/1038 6577/4006/1037
f 6580/4007/1038 6582/4009/1039 6581/4010/1039 6579/4008/1038
f 6582/4009/1039 6584/4011/1040 6583/4012/1040 6581/4010/1039
f 6584/4011/1040 6586/4013/1041 6585/4014/1041 6583/4012/1040
f 6586/4013/1041 6588/4015/1042 6587/4016/1042 6585/4014/1041
f 6588/4015/1042 6590/4017/1043 6589/4018/1043 6587/4016/1042
f 6590/4017/1043 6592/4019/1044 6591/4020/1044 6589/4018/1043
f 6592/4019/1044 6594/4021/1045 6593/4022/1045 6591/4020/1044
f 6594/4021/1045 6596/4023/1046 6595/4024/1046 6593/4022/1045
f 6596/4023/1046 6598/4025/1047 6597/4026/1047 6595/4024/1046
f 6598/4025/1047 6600/4027/1048 6599/4028/1048 6597/4026/1047
f 6600/4027/1048 6602/4029/1049 6601/4030/1049 6599/4028/1048
f 6602/4029/1049 6604/4031/1050 6603/4032/1050 6601/4030/1049
f 6604/4031/1050 6606/4033/1051 6605/4034/1051 6603/4032/1050
f 6606/4033/1051 6608/4035/1052 6607/4036/1052 6605/4034/1051
f 6608/4035/1052 6610/4037/1053 6609/4038/1053 6607/4036/1052
f 6610/4037/1053 6612/4039/1054 6611/4040/1054 6609/4038/1053
f 6612/4039/1054 6614/4041/1055 6613/4042/1055 6611/4040/1054
f 6614/4041/1055 6616/4043/1056 6615/4044/1056 6613/4042/1055
f 6616/4043/1056 6618/4045/1057 6617/4046/1057 6615/4044/1056
f 6618/4045/1057 6620/4047/1058 6619/4048/1058 6617/4046/1057
f 6620/4047/1058 6622/4049/1059 6621/4050/1059 6619/4048/1058
f 6622/4049/1059 6624/4051/1060 6623/4052/1060 6621/4050/1059
f 6624/4051/1060 6626/4053/1061 6625/4054/1061 6623/4052/1060
f 6626/4053/1061 6628/4055/1062 6627/4056/1062 6625/4054/1061
f 6628/4055/1062 6630/4057/1063 6629/4058/1063 6627/4056/1062
f 6630/4057/1063 6632/4059/1064 6631/4060/1064 6629/4058/1063
f 6632/4059/1064 6634/4061/1065 6633/4062/1065 6631/4060/1064
f 6634/4061/1065 6636/4063/1066 6635/4064/1066 6633/4062/1065
f 6636/4063/1066 6638/4065/1067 6637/4066/1067 6635/4064/1066
f 6638/4065/1067 6640/4067/1068 6639/4068/1068 6637/4066/1067
f 6640/4067/1068 6642/4069/1069 6641/4070/1069 6639/4068/1068
f 6642/4069/1069 6644/4071/1070 6643/4072/1070 6641/4070/1069
f 6644/4071/1070 6646/4073/1071 6645/4074/1071 6643/4072/1070
f 6646/4073/1071 6648/4075/1072 6647/4076/1072 6645/4074/1071
f 6648/4075/1072 6650/4077/1073 6649/4078/1073 6647/4076/1072
f 6650/4077/1073 6652/4079/1074 6651/4080/1074 6649/4078/1073
f 6652/4079/1074 6654/4081/1075 6653/4082/1075 6651/4080/1074
f 6654/4081/1075 6656/4083/1076 6655/4084/1076 6653/4082/1075
f 6656/4083/1076 6658/4085/1077 6657/4086/1077 6655/4084/1076
f 6658/4085/1077 6660/4087/1078 6659/4088/1078 6657/4086/1077
f 6660/4087/1078 6662/4089/1079 6661/4090/1079 6659/4088/1078
f 6662/4089/1079 6664/4091/1080 6663/4092/1080 6661/4090/1079
f 6664/4091/1080 6666/4093/1081 6665/4094/1081 6663/4092/1080
f 6666/4093/1081 6668/4095/1082 6667/4096/1082 6665/4094/1081
f 6668/4095/1082 6670/4097/1083 6669/4098/1083 6667/4096/1082
f 6670/4097/1083 6672/4099/1084 6671/4100/1084 6669/4098/1083
f 6672/4099/1084 6674/4101/1085 6673/4102/1085 6671/4100/1084
f 6674/4101/1085 6676/4103/1086 6675/4104/1086 6673/4102/1085
f 6676/4103/1086 6678/4105/1087 6677/4106/1087 6675/4104/1086
f 6678/4105/1087 6680/4107/1088 6679/4108/1088 6677/4106/1087
f 6680/4107/1088 6682/4109/1089 6681/4110/1089 6679/4108/1088
f 6682/4109/1089 6684/4111/1090 6683/4112/1090 6681/4110/1089
f 6684/4111/1090 6686/4113/1091 6685/4114/1091 6683/4112/1090
f 6686/4113/1091 6688/4115/1092 6687/4116/1092 6685/4114/1091
f 6688/4115/1092 6690/4117/1093 6689/4118/1093 6687/4116/1092
f 6690/4117/1093 6692/4119/1094 6691/4120/1094 6689/4118/1093
f 6692/4119/1094 6694/4121/1095 6693/4122/1095 6691/4120/1094
f 6694/4121/1095 6696/4123/1096 6695/4124/1096 6693/4122/1095
f 6696/4123/1096 6698/4125/1097 6697/4126/1097 6695/4124/1096
f 6698/4125/1097 6700/4127/1098 6699/4128/1098 6697/4126/1097
f 6700/4127/1098 6702/4129/1099 6701/4130/1099 6699/4128/1098
f 6702/4129/1099 6704/4131/1100 6703/4132/1100 6701/4130/1099
f 6704/4131/1100 6706/4133/1101 6705/4134/1101 6703/4132/1100
f 6706/4133/1101 6708/4135/1102 6707/4136/1102 6705/4134/1101
f 6708/4135/1102 6710/4137/1103 6709/4138/1103 6707/4136/1102
f 6710/4137/1103 6712/4139/1104 6711/4140/1104 6709/4138/1103
f 6712/4139/1104 6714/4141/1105 6713/4142/1105 6711/4140/1104
f 6714/4141/1105 6716/4143/1106 6715/4144/1106 6713/4142/1105
f 6716/4143/1106 6718/4145/1107 6717/4146/1107 6715/4144/1106
f 6718/4145/1107 6720/4147/1108 6719/4148/1108 6717/4146/1107
f 6720/4147/1108 6722/4149/1109 6721/4150/1109 6719/4148/1108
f 6722/4149/1109 6724/4151/1110 6723/4152/1110 6721/4150/1109
f 6724/4151/1110 6726/4153/1111 6725/4154/1111 6723/4152/1110
f 6726/4153/1111 6728/4155/1112 6727/4156/1112 6725/4154/1111
f 6728/4155/1112 6730/4157/1113 6729/4158/1113 6727/4156/1112
f 6730/4157/1113 6732/4159/1114 6731/4160/1114 6729/4158/1113
f 6732/4159/1114 6734/4161/1115 6733/4162/1115 6731/4160/1114
f 6734/4161/1115 6736/4163/1116 6735/4164/1116 6733/4162/1115
f 6736/4163/1116 6738/4165/1117 6737/4166/1117 6735/4164/1116
f 6738/4165/1117 6740/4167/1118 6739/4168/1118 6737/4166/1117
f 6740/4167/1118 6742/4169/1119 6741/4170/1119 6739/4168/1118
f 6742/4169/1119 6744/4171/1120 6743/4172/1120 6741/4170/1119
f 6744/4171/1120 6746/4173/1121 6745/4174/1121 6743/4172/1120
f 6746/4173/1121 6748/4175/1122 6747/4176/1122 6745/4174/1121
f 6748/4175/1122 6750/4177/1123 6749/4178/1123 6747/4176/1122
f 6750/4177/1123 6752/4179/1124 6751/4180/1124 6749/4178/1123
f 6752/4179/1124 6754/4181/1125 6753/4182/1125 6751/4180/1124
f 6754/4181/1125 6756/4183/1126 6755/4184/1126 6753/4182/1125
f 6756/4183/1126 6758/4185/1127 6757/4186/1127 6755/4184/1126
f 6758/4185/1127 6760/4187/1128 6759/4188/1128 6757/4186/1127
f 6760/4187/1128 6762/4189/1129 6761/4190/1129 6759/4188/1128
f 6762/4189/1129 6764/4191/1130 6763/4192/1130 6761/4190/1129
f 6764/4191/1130 6766/4193/1131 6765/4194/1131 6763/4192/1130
f 6766/4193/1131 6768/4195/1132 6767/4196/1132 6765/4194/1131
f 6768/4195/1132 6770/4197/293 6769/4198/293 6767/4196/1132
f 6770/4197/293 6772/4199/1133 6771/4200/1133 6769/4198/293
f 6772/4199/1133 6774/4201/1134 6773/4202/1134 6771/4200/1133
f 6774/4201/1134 6776/4203/1135 6775/4204/1135 6773/4202/1134
f 6776/4203/1135 6778/4205/1136 6777/4206/1136 6775/4204/1135
f 6778/4205/1136 6780/4207/1137 6779/4208/1137 6777/4206/1136
f 6780/4207/1137 6782/4209/1138 6781/4210/1138 6779/4208/1137
f 6782/4209/1138 6784/4211/1139 6783/4212/1139 6781/4210/1138
f 6784/4211/1139 6786/4213/1140 6785/4214/1140 6783/4212/1139
f 6786/4213/1140 6788/4215/1141 6787/4216/1141 6785/4214/1140
f 6788/4215/1141 6790/4217/1142 6789/4218/1142 6787/4216/1141
f 6790/4217/1142 6792/4219/1143 6791/4220/1143 6789/4218/1142
f 6792/4219/1143 6794/4221/1144 6793/4222/1144 6791/4220/1143
f 6794/4221/1144 6796/4223/1145 6795/4224/1145 6793/4222/1144
f 6796/4223/1145 6364/2439/931 6363/133/931 6795/4224/1145
f 6798/1938/1146 6800/4225/1147 6799/322/1147 6797/135/1146
f 6800/4225/1147 6802/4226/1148 6801/329/1148 6799/322/1147
f 6802/4226/1148 6804/4227/1149 6803/334/1149 6801/329/1148
f 6804/4227/1149 6806/4228/1150 6805/340/1150 6803/334/1149
f 6806/4228/1150 6808/4229/1151 6807/345/1151 6805/340/1150
f 6808/4229/1151 6810/4230/1152 6809/351/1152 6807/345/1151
f 6810/4230/1152 6812/4231/1153 6811/359/1153 6809/351/1152
f 6812/4231/1153 6814/2484/1154 6813/366/1154 6811/359/1153
f 6814/2484/1154 6816/4232/1155 6815/372/1155 6813/366/1154
f 6816/4232/1155 6818/4233/1156 6817/384/1156 6815/372/1155
f 6818/4233/1156 6820/4234/1157 6819/397/1157 6817/384/1156
f 6820/4234/1157 6822/4235/1158 6821/405/1158 6819/397/1157
f 6822/4235/1158 6824/4236/1159 6823/396/1159 6821/405/1158
f 6824/4236/1159 6826/4237/1160 6825/383/1160 6823/396/1159
f 6826/4237/1160 6828/4238/1161 6827/375/1161 6825/383/1160
f 6828/4238/1161 6830/2529/1162 6829/394/1162 6827/375/1161
f 6830/2529/1162 6832/4239/1163 6831/410/1163 6829/394/1162
f 6832/4239/1163 6834/4240/1164 6833/416/1164 6831/410/1163
f 6834/4240/1164 6836/4241/1165 6835/423/1165 6833/416/1164
f 6836/4241/1165 6838/4242/1166 6837/430/1166 6835/423/1165
f 6838/4242/1166 6840/4243/1167 6839/436/1167 6837/430/1166
f 6840/4243/1167 6842/4244/1168 6841/429/1168 6839/436/1167
f 6842/4244/1168 6844/4245/1169 6843/419/1169 6841/429/1168
f 6844/4245/1169 6846/2574/1170 6845/409/1170 6843/419/1169
f 6846/2574/1170 6848/4246/1171 6847/380/1171 6845/409/1170
f 6848/4246/1171 6850/4247/1172 6849/365/1172 6847/380/1171
f 6850/4247/1172 6852/4248/1173 6851/356/1173 6849/365/1172
f 6852/4248/1173 6854/4249/1174 6853/346/1174 6851/356/1173
f 6854/4249/1174 6856/4250/1175 6855/331/1175 6853/346/1174
f 6856/4250/1175 6858/4251/1176 6857/320/1176 6855/331/1175
f 6858/4251/1176 6860/4252/1177 6859/307/1177 6857/320/1176
f 6860/4252/1177 6862/2619/1178 6861/293/1178 6859/307/1177
f 6862/2619/1178 6864/4253/1179 6863/280/1179 6861/293/1178
f 6864/4253/1179 6866/4254/1180 6865/268/1180 6863/280/1179
f 6866/4254/1180 6868/4255/1181 6867/259/1181 6865/268/1180
f 6868/4255/1181 6870/3400/1182 6869/247/1182 6867/259/1181
f 6870/3400/1182 6872/4256/216 6871/234/216 6869/247/1182
f 6872/4256/216 6874/4257/1183 6873/218/1183 6871/234/216
f 6874/4257/1183 6876/4258/1184 6875/193/1184 6873/218/1183
f 6876/4258/1184 6878/2664/1185 6877/185/1185 6875/193/1184
f 6878/2664/1185 6880/4259/1186 6879/179/1186 6877/185/1185
f 6880/4259/1186 6882/4260/1187 6881/172/1187 6879/179/1186
f 6882/4260/1187 6884/4261/1188 6883/166/1188 6881/172/1187
f 6884/4261/1188 6886/4262/1189 6885/159/1189 6883/166/1188
f 6886/4262/1189 6888/4263/1190 6887/151/1190 6885/159/1189
f 6888/4263/1190 6890/4264/1191 6889/158/1191 6887/151/1190
f 6890/4264/1191 6892/4265/1192 6891/168/1192 6889/158/1191
f 6892/4265/1192 6894/2709/1193 6893/178/1193 6891/168/1192
f 6894/2709/1193 6896/4266/1194 6895/188/1194 6893/178/1193
f 6896/4266/1194 6898/4267/1195 6897/219/1195 6895/188/1194
f 6898/4267/1195 6900/4268/1196 6899/240/1196 6897/219/1195
f 6900/4268/1196 6902/4269/1197 6901/264/1197 6899/240/1196
f 6902/4269/1197 6904/4270/1198 6903/287/1198 6901/264/1197
f 6904/4270/1198 6906/4271/1199 6905/306/1199 6903/287/1198
f 6906/4271/1199 6908/4272/1200 6907/256/1200 6905/306/1199
f 6908/4272/1200 6910/2754/1201 6909/277/1201 6907/256/1200
f 6910/2754/1201 6912/4273/1202 6911/302/1202 6909/277/1201
f 6912/4273/1202 6914/4274/1203 6913/313/1203 6911/302/1202
f 6914/4274/1203 6916/4275/1204 6915/305/1204 6913/313/1203
f 6916/4275/1204 6918/4276/1205 6917/295/1205 6915/305/1204
f 6918/4276/1205 6920/4277/1206 6919/283/1206 6917/295/1205
f 6920/4277/1206 6922/4278/1207 6921/269/1207 6919/283/1206
f 6922/4278/1207 6924/4279/1208 6923/254/1208 6921/269/1207
f 6924/4279/1208 6926/2799/1209 6925/242/1209 6923/254/1208
f 6926/2799/1209 6928/4280/1210 6927/232/1210 6925/242/1209
f 6928/4280/1210 6930/4281/1211 6929/220/1211 6927/232/1210
f 6930/4281/1211 6932/4282/1212 6931/210/1212 6929/220/1211
f 6932/4282/1212 6934/4283/1213 6933/201/1213 6931/210/1212
f 6934/4283/1213 6936/4284/1214 6935/195/1214 6933/201/1213
f 6936/4284/1214 6938/4285/1215 6937/200/1215 6935/195/1214
f 6938/4285/1215 6940/4286/1216 6939/216/1216 6937/200/1215
f 6940/4286/1216 6798/2439/1146 6797/133/1146 6939/216/1216
f 6942/1938/1217 6944/4287/1218 6943/321/1218 6941/135/1217
f 6944/4287/1218 6946/4288/1219 6945/326/1219 6943/321/1218
f 6946/4288/1219 6948/4289/1220 6947/330/1220 6945/326/1219
f 6948/4289/1220 6950/4227/1221 6949/334/1221 6947/330/1220
f 6950/4227/1221 6952/4290/1222 6951/338/1222 6949/334/1221
f 6952/4290/1222 6954/4291/1223 6953/343/1223 6951/338/1222
f 6954/4291/1223 6956/4292/1224 6955/347/1224 6953/343/1223
f 6956/4292/1224 6958/4230/1225 6957/351/1225 6955/347/1224
f 6958/4230/1225 6960/4293/1226 6959/357/1226 6957/351/1225
f 6960/4293/1226 6962/4294/1227 6961/362/1227 6959/357/1226
f 6962/4294/1227 6964/4295/1228 6963/367/1228 6961/362/1227
f 6964/4295/1228 6966/4232/1229 6965/372/1229 6963/367/1228
f 6966/4232/1229 6968/4296/1230 6967/382/1230 6965/372/1229
f 6968/4296/1230 6970/4297/1231 6969/391/1231 6967/382/1230
f 6970/4297/1231 6972/4298/1232 6971/399/1232 6969/391/1231
f 6972/4298/1232 6974/4235/1233 6973/405/1233 6971/399/1232
f 6974/4235/1233 6976/4299/1234 6975/398/1234 6973/405/1233
f 6976/4299/1234 6978/4300/1235 6977/390/1235 6975/398/1234
f 6978/4300/1235 6980/4301/1236 6979/381/1236 6977/390/1235
f 6980/4301/1236 6982/4238/1237 6981/375/1237 6979/381/1236
f 6982/4238/1237 6984/4302/1238 6983/389/1238 6981/375/1237
f 6984/4302/1238 6986/4303/1239 6985/407/1239 6983/389/1238
f 6986/4303/1239 6988/4304/1240 6987/411/1240 6985/407/1239
f 6988/4304/1240 6990/4240/1241 6989/416/1241 6987/411/1240
f 6990/4240/1241 6992/4305/1242 6991/421/1242 6989/416/1241
f 6992/4305/1242 6994/4306/1243 6993/426/1243 6991/421/1242
f 6994/4306/1243 6996/4307/1244 6995/431/1244 6993/426/1243
f 6996/4307/1244 6998/4243/1245 6997/436/1245 6995/431/1244
f 6998/4243/1245 7000/4308/1246 6999/432/1246 6997/436/1245
f 7000/4308/1246 7002/4309/1247 7001/424/1247 6999/432/1246
f 7002/4309/1247 7004/4310/1248 7003/417/1248 7001/424/1247
f 7004/4310/1248 7006/2574/1249 7005/409/1249 7003/417/1248
f 7006/2574/1249 7008/4311/1250 7007/386/1250 7005/409/1249
f 7008/4311/1250 7010/4312/1251 7009/370/1251 7007/386/1250
f 7010/4312/1251 7012/4313/1252 7011/363/1252 7009/370/1251
f 7012/4313/1252 7014/4248/1253 7013/356/1253 7011/363/1252
f 7014/4248/1253 7016/4314/1254 7015/349/1254 7013/356/1253
f 7016/4314/1254 7018/4315/1255 7017/339/1255 7015/349/1254
f 7018/4315/1255 7020/4316/1256 7019/328/1256 7017/339/1255
f 7020/4316/1256 7022/4251/1257 7021/320/1257 7019/328/1256
f 7022/4251/1257 7024/4317/1258 7023/311/1258 7021/320/1257
f 7024/4317/1258 7026/4318/1259 7025/299/1259 7023/311/1258
f 7026/4318/1259 7028/4319/1260 7027/290/1260 7025/299/1259
f 7028/4319/1260 7030/4253/1261 7029/280/1261 7027/290/1260
f 7030/4253/1261 7032/4320/1262 7031/272/1262 7029/280/1261
f 7032/4320/1262 7034/4321/1263 7033/263/1263 7031/272/1262
f 7034/4321/1263 7036/4322/1264 7035/255/1264 7033/263/1263
f 7036/4322/1264 7038/3400/1265 7037/247/1265 7035/255/1264
f 7038/3400/1265 7040/4323/229 7039/237/229 7037/247/1265
f 7040/4323/229 7042/4324/1266 7041/227/1266 7039/237/229
f 7042/4324/1266 7044/4325/1267 7043/214/1267 7041/227/1266
f 7044/4325/1267 7046/4258/1268 7045/193/1268 7043/214/1267
f 7046/4258/1268 7048/4326/1269 7047/187/1269 7045/193/1268
f 7048/4326/1269 7050/4327/1270 7049/182/1270 7047/187/1269
f 7050/4327/1270 7052/4328/1271 7051/177/1271 7049/182/1270
f 7052/4328/1271 7054/4260/1272 7053/172/1272 7051/177/1271
f 7054/4260/1272 7056/4329/1273 7055/167/1273 7053/172/1272
f 7056/4329/1273 7058/4330/1274 7057/162/1274 7055/167/1273
f 7058/4330/1274 7060/4331/435 7059/157/435 7057/162/1274
f 7060/4331/435 7062/4263/1275 7061/151/1275 7059/157/435
f 7062/4263/1275 7064/4332/1276 7063/155/1276 7061/151/1275
f 7064/4332/1276 7066/4333/1277 7065/163/1277 7063/155/1276
f 7066/4333/1277 7068/4334/1278 7067/170/1278 7065/163/1277
f 7068/4334/1278 7070/2709/1279 7069/178/1279 7067/170/1278
f 7070/2709/1279 7072/4335/1280 7071/186/1280 7069/178/1279
f 7072/4335/1280 7074/4336/1281 7073/205/1281 7071/186/1280
f 7074/4336/1281 7076/4337/1282 7075/224/1282 7073/205/1281
f 7076/4337/1282 7078/4268/1283 7077/240/1283 7075/224/1282
f 7078/4268/1283 7080/4338/1284 7079/258/1284 7077/240/1283
f 7080/4338/1284 7082/4339/1285 7081/275/1285 7079/258/1284
f 7082/4339/1285 7084/4340/1286 7083/291/1286 7081/275/1285
f 7084/4340/1286 7086/4271/1287 7085/306/1287 7083/291/1286
f 7086/4271/1287 7088/4341/1288 7087/252/1288 7085/306/1287
f 7088/4341/1288 7090/4342/1289 7089/266/1289 7087/252/1288
f 7090/4342/1289 7092/4343/1290 7091/282/1290 7089/266/1289
f 7092/4343/1290 7094/4273/1291 7093/302/1291 7091/282/1290
f 7094/4273/1291 7096/4344/1292 7095/316/1292 7093/302/1291
f 7096/4344/1292 7098/4345/1293 7097/310/1293 7095/316/1292
f 7098/4345/1293 7100/4346/1294 7099/304/1294 7097/310/1293
f 7100/4346/1294 7102/4276/1295 7101/295/1295 7099/304/1294
f 7102/4276/1295 7104/4347/1296 7103/285/1296 7101/295/1295
f 7104/4347/1296 7106/4348/1297 7105/276/1297 7103/285/1296
f 7106/4348/1297 7108/4349/1298 7107/265/1298 7105/276/1297
f 7108/4349/1298 7110/4279/1299 7109/254/1299 7107/265/1298
f 7110/4279/1299 7112/4350/1300 7111/244/1300 7109/254/1299
f 7112/4350/1300 7114/4351/1135 7113/236/1135 7111/244/1300
f 7114/4351/1135 7116/4352/1301 7115/228/1301 7113/236/1135
f 7116/4352/1301 7118/4281/1302 7117/220/1302 7115/228/1301
f 7118/4281/1302 7120/4353/1303 7119/212/1303 7117/220/1302
f 7120/4353/1303 7122/4354/1304 7121/206/1304 7119/212/1303
f 7122/4354/1304 7124/4355/1305 7123/199/1305 7121/206/1304
f 7124/4355/1305 7126/4284/1306 7125/195/1306 7123/199/1305
f 7126/4284/1306 7128/4356/1307 7127/197/1307 7125/195/1306
f 7128/4356/1307 7130/4357/1308 7129/208/1308 7127/197/1307
f 7130/4357/1308 7132/4358/1309 7131/221/1309 7129/208/1308
f 7132/4358/1309 6942/2439/1217 6941/133/1217 7131/221/1309
f 7134/1938/1310 7136/4287/1311 7135/321/1311 7133/135/1310
f 7136/4287/1311 7138/4288/1312 7137/326/1312 7135/321/1311
f 7138/4288/1312 7140/4289/1313 7139/330/1313 7137/326/1312
f 7140/4289/1313 7142/4227/1314 7141/334/1314 7139/330/1313
f 7142/4227/1314 7144/4290/1315 7143/338/1315 7141/334/1314
f 7144/4290/1315 7146/4291/1316 7145/343/1316 7143/338/1315
f 7146/4291/1316 7148/4292/1317 7147/347/1317 7145/343/1316
f 7148/4292/1317 7150/4230/1318 7149/351/1318 7147/347/1317
f 7150/4230/1318 7152/4293/1319 7151/357/1319 7149/351/1318
f 7152/4293/1319 7154/4294/1320 7153/362/1320 7151/357/1319
f 7154/4294/1320 7156/4295/1321 7155/367/1321 7153/362/1320
f 7156/4295/1321 7158/4232/1322 7157/372/1322 7155/367/1321
f 7158/4232/1322 7160/4296/1323 7159/382/1323 7157/372/1322
f 7160/4296/1323 7162/4297/1324 7161/391/1324 7159/382/1323
f 7162/4297/1324 7164/4298/1325 7163/399/1325 7161/391/1324
f 7164/4298/1325 7166/4235/1326 7165/405/1326 7163/399/1325
f 7166/4235/1326 7168/4299/1327 7167/398/1327 7165/405/1326
f 7168/4299/1327 7170/4300/1328 7169/390/1328 7167/398/1327
f 7170/4300/1328 7172/4301/1329 7171/381/1329 7169/390/1328
f 7172/4301/1329 7174/4238/1330 7173/375/1330 7171/381/1329
f 7174/4238/1330 7176/4302/1331 7175/389/1331 7173/375/1330
f 7176/4302/1331 7178/4303/1332 7177/407/1332 7175/389/1331
f 7178/4303/1332 7180/4304/1333 7179/411/1333 7177/407/1332
f 7180/4304/1333 7182/4240/1334 7181/416/1334 7179/411/1333
f 7182/4240/1334 7184/4305/1335 7183/421/1335 7181/416/1334
f 7184/4305/1335 7186/4306/1336 7185/426/1336 7183/421/1335
f 7186/4306/1336 7188/4307/1337 7187/431/1337 7185/426/1336
f 7188/4307/1337 7190/4243/1338 7189/436/1338 7187/431/1337
f 7190/4243/1338 7192/4308/1339 7191/432/1339 7189/436/1338
f 7192/4308/1339 7194/4309/1340 7193/424/1340 7191/432/1339
f 7194/4309/1340 7196/4310/1341 7195/417/1341 7193/424/1340
f 7196/4310/1341 7198/2574/1342 7197/409/1342 7195/417/1341
f 7198/2574/1342 7200/4311/1343 7199/386/1343 7197/409/1342
f 7200/4311/1343 7202/4312/1344 7201/370/1344 7199/386/1343
f 7202/4312/1344 7204/4313/1345 7203/363/1345 7201/370/1344
f 7204/4313/1345 7206/4248/1229 7205/356/1229 7203/363/1345
f 7206/4248/1229 7208/4314/1346 7207/349/1346 7205/356/1229
f 7208/4314/1346 7210/4315/1347 7209/339/1347 7207/349/1346
f 7210/4315/1347 7212/4316/1348 7211/328/1348 7209/339/1347
f 7212/4316/1348 7214/4251/1349 7213/320/1349 7211/328/1348
f 7214/4251/1349 7216/4317/1350 7215/311/1350 7213/320/1349
f 7216/4317/1350 7218/4318/1351 7217/299/1351 7215/311/1350
f 7218/4318/1351 7220/4319/1352 7219/290/1352 7217/299/1351
f 7220/4319/1352 7222/4253/1353 7221/280/1353 7219/290/1352
f 7222/4253/1353 7224/4320/1354 7223/272/1354 7221/280/1353
f 7224/4320/1354 7226/4321/1355 7225/263/1355 7223/272/1354
f 7226/4321/1355 7228/4322/1356 7227/255/1356 7225/263/1355
f 7228/4322/1356 7230/3400/1357 7229/247/1357 7227/255/1356
f 7230/3400/1357 7232/4323/1358 7231/237/1358 7229/247/1357
f 7232/4323/1358 7234/4324/1359 7233/227/1359 7231/237/1358
f 7234/4324/1359 7236/4325/1360 7235/214/1360 7233/227/1359
f 7236/4325/1360 7238/4258/1361 7237/193/1361 7235/214/1360
f 7238/4258/1361 7240/4326/1362 7239/187/1362 7237/193/1361
f 7240/4326/1362 7242/4327/1363 7241/182/1363 7239/187/1362
f 7242/4327/1363 7244/4328/1364 7243/177/1364 7241/182/1363
f 7244/4328/1364 7246/4260/1365 7245/172/1365 7243/177/1364
f 7246/4260/1365 7248/4329/1366 7247/167/1366 7245/172/1365
f 7248/4329/1366 7250/4330/1367 7249/162/1367 7247/167/1366
f 7250/4330/1367 7252/4331/1368 7251/157/1368 7249/162/1367
f 7252/4331/1368 7254/4263/1369 7253/151/1369 7251/157/1368
f 7254/4263/1369 7256/4332/1370 7255/155/1370 7253/151/1369
f 7256/4332/1370 7258/4333/1371 7257/163/1371 7255/155/1370
f 7258/4333/1371 7260/4334/293 7259/170/293 7257/163/1371
f 7260/4334/293 7262/2709/1372 7261/178/1372 7259/170/293
f 7262/2709/1372 7264/4335/1373 7263/186/1373 7261/178/1372
f 7264/4335/1373 7266/4336/1374 7265/205/1374 7263/186/1373
f 7266/4336/1374 7268/4337/1375 7267/224/1375 7265/205/1374
f 7268/4337/1375 7270/4268/1376 7269/240/1376 7267/224/1375
f 7270/4268/1376 7272/4338/1377 7271/258/1377 7269/240/1376
f 7272/4338/1377 7274/4339/1378 7273/275/1378 7271/258/1377
f 7274/4339/1378 7276/4340/1379 7275/291/1379 7273/275/1378
f 7276/4340/1379 7278/4271/1380 7277/306/1380 7275/291/1379
f 7278/4271/1380 7280/4341/1381 7279/252/1381 7277/306/1380
f 7280/4341/1381 7282/4342/1382 7281/266/1382 7279/252/1381
f 7282/4342/1382 7284/4343/1383 7283/282/1383 7281/266/1382
f 7284/4343/1383 7286/4273/1384 7285/302/1384 7283/282/1383
f 7286/4273/1384 7288/4344/1385 7287/316/1385 7285/302/1384
f 7288/4344/1385 7290/4345/1386 7289/310/1386 7287/316/1385
f 7290/4345/1386 7292/4346/1118 7291/304/1118 7289/310/1386
f 7292/4346/1118 7294/4276/1387 7293/295/1387 7291/304/1118
f 7294/4276/1387 7296/4347/1388 7295/285/1388 7293/295/1387
f 7296/4347/1388 7298/4348/1389 7297/276/1389 7295/285/1388
f 7298/4348/1389 7300/4349/1390 7299/265/1390 7297/276/1389
f 7300/4349/1390 7302/4279/1391 7301/254/1391 7299/265/1390
f 7302/4279/1391 7304/4350/1392 7303/244/1392 7301/254/1391
f 7304/4350/1392 7306/4351/1393 7305/236/1393 7303/244/1392
f 7306/4351/1393 7308/4352/1394 7307/228/1394 7305/236/1393
f 7308/4352/1394 7310/4281/1395 7309/220/1395 7307/228/1394
f 7310/4281/1395 7312/4353/1396 7311/212/1396 7309/220/1395
f 7312/4353/1396 7314/4354/1397 7313/206/1397 7311/212/1396
f 7314/4354/1397 7316/4355/1398 7315/199/1398 7313/206/1397
f 7316/4355/1398 7318/4284/1399 7317/195/1399 7315/199/1398
f 7318/4284/1399 7320/4356/1400 7319/197/1400 7317/195/1399
f 7320/4356/1400 7322/4357/1401 7321/208/1401 7319/197/1400
f 7322/4357/1401 7324/4358/1402 7323/221/1402 7321/208/1401
f 7324/4358/1402 7134/2439/1310 7133/133/1310 7323/221/1402
f 7326/1938/1403 7328/4359/1404 7327/4360/1404 7325/135/1403
f 7328/4359/1404 7330/4361/1405 7329/4362/1405 7327/4360/1404
f 7330/4361/1405 7332/4363/1406 7331/4364/1406 7329/4362/1405
f 7332/4363/1406 7334/4365/698 7333/4366/698 7331/4364/1406
f 7334/4365/698 7336/4367/1407 7335/4368/1407 7333/4366/698
f 7336/4367/1407 7338/4369/1408 7337/4370/1408 7335/4368/1407
f 7338/4369/1408 7340/4371/1409 7339/4372/1409 7337/4370/1408
f 7340/4371/1409 7342/4373/1410 7341/4374/1410 7339/4372/1409
f 7342/4373/1410 7344/4375/1411 7343/4376/1411 7341/4374/1410
f 7344/4375/1411 7346/4377/1412 7345/4378/1412 7343/4376/1411
f 7346/4377/1412 7348/4379/1413 7347/4380/1413 7345/4378/1412
f 7348/4379/1413 7350/4381/1414 7349/4382/1414 7347/4380/1413
f 7350/4381/1414 7352/4383/1415 7351/4384/1415 7349/4382/1414
f 7352/4383/1415 7354/4385/1416 7353/4386/1416 7351/4384/1415
f 7354/4385/1416 7356/4387/1417 7355/4388/1417 7353/4386/1416
f 7356/4387/1417 7358/4389/1418 7357/4390/1418 7355/4388/1417
f 7358/4389/1418 7360/4391/1419 7359/4392/1419 7357/4390/1418
f 7360/4391/1419 7362/4393/1420 7361/4394/1420 7359/4392/1419
f 7362/4393/1420 7364/4395/1421 7363/4396/1421 7361/4394/1420
f 7364/4395/1421 7366/4397/1422 7365/4398/1422 7363/4396/1421
f 7366/4397/1422 7368/4399/1423 7367/4400/1423 7365/4398/1422
f 7368/4399/1423 7370/4401/1424 7369/4402/1424 7367/4400/1423
f 7370/4401/1424 7372/4403/1425 7371/4404/1425 7369/4402/1424
f 7372/4403/1425 7374/4405/1426 7373/4406/1426 7371/4404/1425
f 7374/4405/1426 7376/4407/1427 7375/4408/1427 7373/4406/1426
f 7376/4407/1427 7378/4409/1428 7377/4410/1428 7375/4408/1427
f 7378/4409/1428 7380/4411/1429 7379/4412/1429 7377/4410/1428
f 7380/4411/1429 7382/4413/1430 7381/4414/1430 7379/4412/1429
f 7382/4413/1430 7384/4415/1431 7383/4416/1431 7381/4414/1430
f 7384/4415/1431 7386/4417/1432 7385/4418/1432 7383/4416/1431
f 7386/4417/1432 7388/4419/1433 7387/4420/1433 7385/4418/1432
f 7388/4419/1433 7390/4421/1434 7389/4422/1434 7387/4420/1433
f 7390/4421/1434 7392/4423/1435 7391/4424/1435 7389/4422/1434
f 7392/4423/1435 7394/4425/1436 7393/4426/1436 7391/4424/1435
f 7394/4425/1436 7396/4427/1437 7395/4428/1437 7393/4426/1436
f 7396/4427/1437 7398/4429/1438 7397/4430/1438 7395/4428/1437
f 7398/4429/1438 7400/4431/1439 7399/4432/1439 7397/4430/1438
f 7400/4431/1439 7402/4433/1440 7401/4434/1440 7399/4432/1439
f 7402/4433/1440 7404/4435/1441 7403/4436/1441 7401/4434/1440
f 7404/4435/1441 7406/4437/1442 7405/4438/1442 7403/4436/1441
f 7406/4437/1442 7408/4439/1443 7407/4440/1443 7405/4438/1442
f 7408/4439/1443 7410/4441/1444 7409/4442/1444 7407/4440/1443
f 7410/4441/1444 7412/2484/1445 7411/366/1445 7409/4442/1444
f 7412/2484/1445 7414/4443/1446 7413/4444/1446 7411/366/1445
f 7414/4443/1446 7416/4445/1447 7415/4446/1447 7413/4444/1446
f 7416/4445/1447 7418/4447/1448 7417/4448/1448 7415/4446/1447
f 7418/4447/1448 7420/4449/1449 7419/4450/1449 7417/4448/1448
f 7420/4449/1449 7422/4451/1450 7421/4452/1450 7419/4450/1449
f 7422/4451/1450 7424/4453/1451 7423/4454/1451 7421/4452/1450
f 7424/4453/1451 7426/4455/1452 7425/4456/1452 7423/4454/1451
f 7426/4455/1452 7428/4457/1453 7427/4458/1453 7425/4456/1452
f 7428/4457/1453 7430/4459/1454 7429/4460/1454 7427/4458/1453
f 7430/4459/1454 7432/4461/1455 7431/4462/1455 7429/4460/1454
f 7432/4461/1455 7434/4463/1456 7433/4464/1456 7431/4462/1455
f 7434/4463/1456 7436/4465/1457 7435/4466/1457 7433/4464/1456
f 7436/4465/1457 7438/4467/1458 7437/4468/1458 7435/4466/1457
f 7438/4467/1458 7440/4469/1459 7439/4470/1459 7437/4468/1458
f 7440/4469/1459 7442/4471/1460 7441/4472/1460 7439/4470/1459
f 7442/4471/1460 7444/4473/355 7443/4474/355 7441/4472/1460
f 7444/4473/355 7446/4475/1461 7445/4476/1461 7443/4474/355
f 7446/4475/1461 7448/4477/1462 7447/4478/1462 7445/4476/1461
f 7448/4477/1462 7450/4479/1463 7449/4480/1463 7447/4478/1462
f 7450/4479/1463 7452/4481/1464 7451/4482/1464 7449/4480/1463
f 7452/4481/1464 7454/4483/1465 7453/4484/1465 7451/4482/1464
f 7454/4483/1465 7456/4485/1466 7455/4486/1466 7453/4484/1465
f 7456/4485/1466 7458/4487/1467 7457/4488/1467 7455/4486/1466
f 7458/4487/1467 7460/4489/1468 7459/4490/1468 7457/4488/1467
f 7460/4489/1468 7462/4491/1469 7461/4492/1469 7459/4490/1468
f 7462/4491/1469 7464/4493/1470 7463/4494/1470 7461/4492/1469
f 7464/4493/1470 7466/4495/1471 7465/4496/1471 7463/4494/1470
f 7466/4495/1471 7468/4497/1472 7467/4498/1472 7465/4496/1471
f 7468/4497/1472 7470/4499/1473 7469/4500/1473 7467/4498/1472
f 7470/4499/1473 7472/4501/1474 7471/4502/1474 7469/4500/1473
f 7472/4501/1474 7474/4503/1475 7473/4504/1475 7471/4502/1474
f 7474/4503/1475 7476/4505/1476 7475/4506/1476 7473/4504/1475
f 7476/4505/1476 7478/4507/1477 7477/4508/1477 7475/4506/1476
f 7478/4507/1477 7480/4509/1478 7479/4510/1478 7477/4508/1477
f 7480/4509/1478 7482/4511/1479 7481/4512/1479 7479/4510/1478
f 7482/4511/1479 7484/4513/1480 7483/4514/1480 7481/4512/1479
f 7484/4513/1480 7486/4515/1481 7485/4516/1481 7483/4514/1480
f 7486/4515/1481 7488/4517/1482 7487/4518/1482 7485/4516/1481
f 7488/4517/1482 7490/4519/1483 7489/4520/1483 7487/4518/1482
f 7490/4519/1483 7492/4521/1484 7491/4522/1484 7489/4520/1483
f 7492/4521/1484 7494/4523/1485 7493/4524/1485 7491/4522/1484
f 7494/4523/1485 7496/4525/1486 7495/4526/1486 7493/4524/1485
f 7496/4525/1486 7498/2529/1487 7497/394/1487 7495/4526/1486
f 7498/2529/1487 7500/4527/1488 7499/4528/1488 7497/394/1487
f 7500/4527/1488 7502/4529/1489 7501/4530/1489 7499/4528/1488
f 7502/4529/1489 7504/4531/1490 7503/4532/1490 7501/4530/1489
f 7504/4531/1490 7506/4533/1491 7505/4534/1491 7503/4532/1490
f 7506/4533/1491 7508/4535/1492 7507/4536/1492 7505/4534/1491
f 7508/4535/1492 7510/4537/1493 7509/4538/1493 7507/4536/1492
f 7510/4537/1493 7512/4539/1494 7511/4540/1494 7509/4538/1493
f 7512/4539/1494 7514/4541/1495 7513/4542/1495 7511/4540/1494
f 7514/4541/1495 7516/4543/1496 7515/4544/1496 7513/4542/1495
f 7516/4543/1496 7518/4545/1497 7517/4546/1497 7515/4544/1496
f 7518/4545/1497 7520/4547/1498 7519/4548/1498 7517/4546/1497
f 7520/4547/1498 7522/4549/1499 7521/4550/1499 7519/4548/1498
f 7522/4549/1499 7524/4551/1500 7523/4552/1500 7521/4550/1499
f 7524/4551/1500 7526/4553/1501 7525/4554/1501 7523/4552/1500
f 7526/4553/1501 7528/4555/1502 7527/4556/1502 7525/4554/1501
f 7528/4555/1502 7530/4557/1503 7529/4558/1503 7527/4556/1502
f 7530/4557/1503 7532/4559/1504 7531/4560/1504 7529/4558/1503
f 7532/4559/1504 7534/4561/1505 7533/4562/1505 7531/4560/1504
f 7534/4561/1505 7536/4563/1506 7535/4564/1506 7533/4562/1505
f 7536/4563/1506 7538/4565/1507 7537/4566/1507 7535/4564/1506
f 7538/4565/1507 7540/4567/1508 7539/4568/1508 7537/4566/1507
f 7540/4567/1508 7542/4569/1509 7541/4570/1509 7539/4568/1508
f 7542/4569/1509 7544/4571/1510 7543/4572/1510 7541/4570/1509
f 7544/4571/1510 7546/4573/1511 7545/4574/1511 7543/4572/1510
f 7546/4573/1511 7548/4575/1512 7547/4576/1512 7545/4574/1511
f 7548/4575/1512 7550/4577/1513 7549/4578/1513 7547/4576/1512
f 7550/4577/1513 7552/4579/1514 7551/4580/1514 7549/4578/1513
f 7552/4579/1514 7554/4581/1515 7553/4582/1515 7551/4580/1514
f 7554/4581/1515 7556/4583/1516 7555/4584/1516 7553/4582/1515
f 7556/4583/1516 7558/4585/1517 7557/4586/1517 7555/4584/1516
f 7558/4585/1517 7560/4587/1518 7559/4588/1518 7557/4586/1517
f 7560/4587/1518 7562/4589/1519 7561/4590/1519 7559/4588/1518
f 7562/4589/1519 7564/4591/1520 7563/4592/1520 7561/4590/1519
f 7564/4591/1520 7566/4593/1521 7565/4594/1521 7563/4592/1520
f 7566/4593/1521 7568/4595/1522 7567/4596/1522 7565/4594/1521
f 7568/4595/1522 7570/4597/1523 7569/4598/1523 7567/4596/1522
f 7570/4597/1523 7572/4599/1524 7571/4600/1524 7569/4598/1523
f 7572/4599/1524 7574/4601/1525 7573/4602/1525 7571/4600/1524
f 7574/4601/1525 7576/4603/1526 7575/4604/1526 7573/4602/1525
f 7576/4603/1526 7578/4605/1527 7577/4606/1527 7575/4604/1526
f 7578/4605/1527 7580/4607/1528 7579/4608/1528 7577/4606/1527
f 7580/4607/1528 7582/4609/1529 7581/4610/1529 7579/4608/1528
f 7582/4609/1529 7584/2574/1530 7583/409/1530 7581/4610/1529
f 7584/2574/1530 7586/4611/1531 7585/4612/1531 7583/409/1530
f 7586/4611/1531 7588/4613/1532 7587/4614/1532 7585/4612/1531
f 7588/4613/1532 7590/4615/1533 7589/4616/1533 7587/4614/1532
f 7590/4615/1533 7592/4617/1534 7591/4618/1534 7589/4616/1533
f 7592/4617/1534 7594/4619/1535 7593/4620/1535 7591/4618/1534
f 7594/4619/1535 7596/4621/1536 7595/4622/1536 7593/4620/1535
f 7596/4621/1536 7598/4623/1537 7597/4624/1537 7595/4622/1536
f 7598/4623/1537 7600/4625/1538 7599/4626/1538 7597/4624/1537
f 7600/4625/1538 7602/4627/1539 7601/4628/1539 7599/4626/1538
f 7602/4627/1539 7604/4629/1540 7603/4630/1540 7601/4628/1539
f 7604/4629/1540 7606/4631/1541 7605/4632/1541 7603/4630/1540
f 7606/4631/1541 7608/4633/1542 7607/4634/1542 7605/4632/1541
f 7608/4633/1542 7610/4635/1543 7609/4636/1543 7607/4634/1542
f 7610/4635/1543 7612/4637/1544 7611/4638/1544 7609/4636/1543
f 7612/4637/1544 7614/4639/1545 7613/4640/1545 7611/4638/1544
f 7614/4639/1545 7616/4641/1546 7615/4642/1546 7613/4640/1545
f 7616/4641/1546 7618/4643/1547 7617/4644/1547 7615/4642/1546
f 7618/4643/1547 7620/4645/1548 7619/4646/1548 7617/4644/1547
f 7620/4645/1548 7622/4647/1549 7621/4648/1549 7619/4646/1548
f 7622/4647/1549 7624/4649/1550 7623/4650/1550 7621/4648/1549
f 7624/4649/1550 7626/4651/1551 7625/4652/1551 7623/4650/1550
f 7626/4651/1551 7628/4653/1552 7627/4654/1552 7625/4652/1551
f 7628/4653/1552 7630/4655/1553 7629/4656/1553 7627/4654/1552
f 7630/4655/1553 7632/4657/1554 7631/4658/1554 7629/4656/1553
f 7632/4657/1554 7634/4659/1555 7633/4660/1555 7631/4658/1554
f 7634/4659/1555 7636/4661/1556 7635/4662/1556 7633/4660/1555
f 7636/4661/1556 7638/4663/1557 7637/4664/1557 7635/4662/1556
f 7638/4663/1557 7640/4665/1558 7639/4666/1558 7637/4664/1557
f 7640/4665/1558 7642/4667/1559 7641/4668/1559 7639/4666/1558
f 7642/4667/1559 7644/4669/1560 7643/4670/1560 7641/4668/1559
f 7644/4669/1560 7646/4671/1561 7645/4672/1561 7643/4670/1560
f 7646/4671/1561 7648/4673/1562 7647/4674/1562 7645/4672/1561
f 7648/4673/1562 7650/4675/1563 7649/4676/1563 7647/4674/1562
f 7650/4675/1563 7652/4677/1564 7651/4678/1564 7649/4676/1563
f 7652/4677/1564 7654/4679/1565 7653/4680/1565 7651/4678/1564
f 7654/4679/1565 7656/4681/1566 7655/4682/1566 7653/4680/1565
f 7656/4681/1566 7658/4683/1567 7657/4684/1567 7655/4682/1566
f 7658/4683/1567 7660/4685/1568 7659/4686/1568 7657/4684/1567
f 7660/4685/1568 7662/4687/1569 7661/4688/1569 7659/4686/1568
f 7662/4687/1569 7664/4689/1570 7663/4690/1570 7661/4688/1569
f 7664/4689/1570 7666/4691/1571 7665/4692/1571 7663/4690/1570
f 7666/4691/1571 7668/4693/1572 7667/4694/1572 7665/4692/1571
f 7668/4693/1572 7670/2619/1573 7669/293/1573 7667/4694/1572
f 7670/2619/1573 7672/4695/1568 7671/4696/1568 7669/293/1573
f 7672/4695/1568 7674/4697/1574 7673/4698/1574 7671/4696/1568
f 7674/4697/1574 7676/4699/1575 7675/4700/1575 7673/4698/1574
f 7676/4699/1575 7678/4701/1576 7677/4702/1576 7675/4700/1575
f 7678/4701/1576 7680/4703/1577 7679/4704/1577 7677/4702/1576
f 7680/4703/1577 7682/4705/1578 7681/4706/1578 7679/4704/1577
f 7682/4705/1578 7684/4707/1579 7683/4708/1579 7681/4706/1578
f 7684/4707/1579 7686/4709/1580 7685/4710/1580 7683/4708/1579
f 7686/4709/1580 7688/4711/1250 7687/4712/1250 7685/4710/1580
f 7688/4711/1250 7690/4713/1581 7689/4714/1581 7687/4712/1250
f 7690/4713/1581 7692/4715/1582 7691/4716/1582 7689/4714/1581
f 7692/4715/1582 7694/4717/1583 7693/4718/1583 7691/4716/1582
f 7694/4717/1583 7696/4719/1584 7695/4720/1584 7693/4718/1583
f 7696/4719/1584 7698/4721/1585 7697/4722/1585 7695/4720/1584
f 7698/4721/1585 7700/4723/1586 7699/4724/1586 7697/4722/1585
f 7700/4723/1586 7702/4725/1587 7701/4726/1587 7699/4724/1586
f 7702/4725/1587 7704/4727/1588 7703/4728/1588 7701/4726/1587
f 7704/4727/1588 7706/4729/1589 7705/4730/1589 7703/4728/1588
f 7706/4729/1589 7708/4731/1590 7707/4732/1590 7705/4730/1589
f 7708/4731/1590 7710/4733/1591 7709/4734/1591 7707/4732/1590
f 7710/4733/1591 7712/4735/1592 7711/4736/1592 7709/4734/1591
f 7712/4735/1592 7714/4737/1593 7713/4738/1593 7711/4736/1592
f 7714/4737/1593 7716/4739/1594 7715/4740/1594 7713/4738/1593
f 7716/4739/1594 7718/4741/1595 7717/4742/1595 7715/4740/1594
f 7718/4741/1595 7720/4743/1596 7719/4744/1596 7717/4742/1595
f 7720/4743/1596 7722/4745/1597 7721/4746/1597 7719/4744/1596
f 7722/4745/1597 7724/4747/1598 7723/4748/1598 7721/4746/1597
f 7724/4747/1598 7726/4749/1599 7725/4750/1599 7723/4748/1598
f 7726/4749/1599 7728/4751/1600 7727/4752/1600 7725/4750/1599
f 7728/4751/1600 7730/4753/1601 7729/4754/1601 7727/4752/1600
f 7730/4753/1601 7732/4755/1602 7731/4756/1602 7729/4754/1601
f 7732/4755/1602 7734/4757/1603 7733/4758/1603 7731/4756/1602
f 7734/4757/1603 7736/4759/1604 7735/4760/1604 7733/4758/1603
f 7736/4759/1604 7738/4761/1248 7737/4762/1248 7735/4760/1604
f 7738/4761/1248 7740/4763/1605 7739/4764/1605 7737/4762/1248
f 7740/4763/1605 7742/4765/1606 7741/4766/1606 7739/4764/1605
f 7742/4765/1606 7744/4767/1607 7743/4768/1607 7741/4766/1606
f 7744/4767/1607 7746/4769/1608 7745/4770/1608 7743/4768/1607
f 7746/4769/1608 7748/4771/1609 7747/4772/1609 7745/4770/1608
f 7748/4771/1609 7750/4773/1610 7749/4774/1610 7747/4772/1609
f 7750/4773/1610 7752/4775/1611 7751/4776/1611 7749/4774/1610
f 7752/4775/1611 7754/4777/1612 7753/4778/1612 7751/4776/1611
f 7754/4777/1612 7756/2664/1613 7755/185/1613 7753/4778/1612
f 7756/2664/1613 7758/4779/1614 7757/4780/1614 7755/185/1613
f 7758/4779/1614 7760/4781/1615 7759/4782/1615 7757/4780/1614
f 7760/4781/1615 7762/4783/1616 7761/4784/1616 7759/4782/1615
f 7762/4783/1616 7764/4785/1617 7763/4786/1617 7761/4784/1616
f 7764/4785/1617 7766/4787/1618 7765/4788/1618 7763/4786/1617
f 7766/4787/1618 7768/4789/1619 7767/4790/1619 7765/4788/1618
f 7768/4789/1619 7770/4791/1620 7769/4792/1620 7767/4790/1619
f 7770/4791/1620 7772/4793/1621 7771/4794/1621 7769/4792/1620
f 7772/4793/1621 7774/4795/1622 7773/4796/1622 7771/4794/1621
f 7774/4795/1622 7776/4797/1623 7775/4798/1623 7773/4796/1622
f 7776/4797/1623 7778/4799/1624 7777/4800/1624 7775/4798/1623
f 7778/4799/1624 7780/4801/1625 7779/4802/1625 7777/4800/1624
f 7780/4801/1625 7782/4803/1626 7781/4804/1626 7779/4802/1625
f 7782/4803/1626 7784/4805/1627 7783/4806/1627 7781/4804/1626
f 7784/4805/1627 7786/4807/1628 7785/4808/1628 7783/4806/1627
f 7786/4807/1628 7788/4809/1629 7787/4810/1629 7785/4808/1628
f 7788/4809/1629 7790/4811/1630 7789/4812/1630 7787/4810/1629
f 7790/4811/1630 7792/4813/1631 7791/4814/1631 7789/4812/1630
f 7792/4813/1631 7794/4815/1632 7793/4816/1632 7791/4814/1631
f 7794/4815/1632 7796/4817/1633 7795/4818/1633 7793/4816/1632
f 7796/4817/1633 7798/4819/1634 7797/4820/1634 7795/4818/1633
f 7798/4819/1634 7800/4821/1635 7799/4822/1635 7797/4820/1634
f 7800/4821/1635 7802/4823/1636 7801/4824/1636 7799/4822/1635
f 7802/4823/1636 7804/4825/1637 7803/4826/1637 7801/4824/1636
f 7804/4825/1637 7806/4827/1638 7805/4828/1638 7803/4826/1637
f 7806/4827/1638 7808/4829/1639 7807/4830/1639 7805/4828/1638
f 7808/4829/1639 7810/4831/1640 7809/4832/1640 7807/4830/1639
f 7810/4831/1640 7812/4833/1641 7811/4834/1641 7809/4832/1640
f 7812/4833/1641 7814/4835/1642 7813/4836/1642 7811/4834/1641
f 7814/4835/1642 7816/4837/1643 7815/4838/1643 7813/4836/1642
f 7816/4837/1643 7818/4839/1644 7817/4840/1644 7815/4838/1643
f 7818/4839/1644 7820/4841/1645 7819/4842/1645 7817/4840/1644
f 7820/4841/1645 7822/4843/1646 7821/4844/1646 7819/4842/1645
f 7822/4843/1646 7824/4845/1647 7823/4846/1647 7821/4844/1646
f 7824/4845/1647 7826/4847/1648 7825/4848/1648 7823/4846/1647
f 7826/4847/1648 7828/4849/1649 7827/4850/1649 7825/4848/1648
f 7828/4849/1649 7830/4851/1650 7829/4852/1650 7827/4850/1649
f 7830/4851/1650 7832/4853/1651 7831/4854/1651 7829/4852/1650
f 7832/4853/1651 7834/4855/1652 7833/4856/1652 7831/4854/1651
f 7834/4855/1652 7836/4857/1653 7835/4858/1653 7833/4856/1652
f 7836/4857/1653 7838/4859/1654 7837/4860/1654 7835/4858/1653
f 7838/4859/1654 7840/4861/1655 7839/4862/1655 7837/4860/1654
f 7840/4861/1655 7842/2709/1656 7841/178/1656 7839/4862/1655
f 7842/2709/1656 7844/4863/1657 7843/4864/1657 7841/178/1656
f 7844/4863/1657 7846/4865/1658 7845/4866/1658 7843/4864/1657
f 7846/4865/1658 7848/4867/1659 7847/4868/1659 7845/4866/1658
f 7848/4867/1659 7850/4869/1660 7849/4870/1660 7847/4868/1659
f 7850/4869/1660 7852/4871/1661 7851/4872/1661 7849/4870/1660
f 7852/4871/1661 7854/4873/1662 7853/4874/1662 7851/4872/1661
f 7854/4873/1662 7856/4875/1663 7855/4876/1663 7853/4874/1662
f 7856/4875/1663 7858/4877/1664 7857/4878/1664 7855/4876/1663
f 7858/4877/1664 7860/4879/1665 7859/4880/1665 7857/4878/1664
f 7860/4879/1665 7862/4881/1666 7861/4882/1666 7859/4880/1665
f 7862/4881/1666 7864/4883/1667 7863/4884/1667 7861/4882/1666
f 7864/4883/1667 7866/4885/1668 7865/4886/1668 7863/4884/1667
f 7866/4885/1668 7868/4887/1463 7867/4888/1463 7865/4886/1668
f 7868/4887/1463 7870/4889/1669 7869/4890/1669 7867/4888/1463
f 7870/4889/1669 7872/4891/521 7871/4892/521 7869/4890/1669
f 7872/4891/521 7874/4893/1670 7873/4894/1670 7871/4892/521
f 7874/4893/1670 7876/4895/1671 7875/4896/1671 7873/4894/1670
f 7876/4895/1671 7878/4897/1672 7877/4898/1672 7875/4896/1671
f 7878/4897/1672 7880/4899/1673 7879/4900/1673 7877/4898/1672
f 7880/4899/1673 7882/4901/1674 7881/4902/1674 7879/4900/1673
f 7882/4901/1674 7884/4903/1675 7883/4904/1675 7881/4902/1674
f 7884/4903/1675 7886/4905/1676 7885/4906/1676 7883/4904/1675
f 7886/4905/1676 7888/4907/1677 7887/4908/1677 7885/4906/1676
f 7888/4907/1677 7890/4909/1678 7889/4910/1678 7887/4908/1677
f 7890/4909/1678 7892/4911/254 7891/4912/254 7889/4910/1678
f 7892/4911/254 7894/4913/1679 7893/4914/1679 7891/4912/254
f 7894/4913/1679 7896/4915/1680 7895/4916/1680 7893/4914/1679
f 7896/4915/1680 7898/4917/1681 7897/4918/1681 7895/4916/1680
f 7898/4917/1681 7900/4919/1682 7899/4920/1682 7897/4918/1681
f 7900/4919/1682 7902/4921/1683 7901/4922/1683 7899/4920/1682
f 7902/4921/1683 7904/4923/1684 7903/4924/1684 7901/4922/1683
f 7904/4923/1684 7906/4925/1685 7905/4926/1685 7903/4924/1684
f 7906/4925/1685 7908/4927/1686 7907/4928/1686 7905/4926/1685
f 7908/4927/1686 7910/4929/1687 7909/4930/1687 7907/4928/1686
f 7910/4929/1687 7912/4931/1688 7911/4932/1688 7909/4930/1687
f 7912/4931/1688 7914/4933/1689 7913/4934/1689 7911/4932/1688
f 7914/4933/1689 7916/4935/1690 7915/4936/1690 7913/4934/1689
f 7916/4935/1690 7918/4937/1691 7917/4938/1691 7915/4936/1690
f 7918/4937/1691 7920/4939/1692 7919/4940/1692 7917/4938/1691
f 7920/4939/1692 7922/4941/1693 7921/4942/1693 7919/4940/1692
f 7922/4941/1693 7924/4943/1694 7923/4944/1694 7921/4942/1693
f 7924/4943/1694 7926/4945/1695 7925/4946/1695 7923/4944/1694
f 7926/4945/1695 7928/2754/1696 7927/277/1696 7925/4946/1695
f 7928/2754/1696 7930/4947/1697 7929/4948/1697 7927/277/1696
f 7930/4947/1697 7932/4949/1698 7931/4950/1698 7929/4948/1697
f 7932/4949/1698 7934/4951/1699 7933/4952/1699 7931/4950/1698
f 7934/4951/1699 7936/4953/1700 7935/4954/1700 7933/4952/1699
f 7936/4953/1700 7938/4955/1701 7937/4956/1701 7935/4954/1700
f 7938/4955/1701 7940/4957/961 7939/4958/961 7937/4956/1701
f 7940/4957/961 7942/4959/1702 7941/4960/1702 7939/4958/961
f 7942/4959/1702 7944/4961/1703 7943/4962/1703 7941/4960/1702
f 7944/4961/1703 7946/4963/1704 7945/4964/1704 7943/4962/1703
f 7946/4963/1704 7948/4965/1705 7947/4966/1705 7945/4964/1704
f 7948/4965/1705 7950/4967/1706 7949/4968/1706 7947/4966/1705
f 7950/4967/1706 7952/4969/1707 7951/4970/1707 7949/4968/1706
f 7952/4969/1707 7954/4971/1708 7953/4972/1708 7951/4970/1707
f 7954/4971/1708 7956/4973/1709 7955/4974/1709 7953/4972/1708
f 7956/4973/1709 7958/4975/1710 7957/4976/1710 7955/4974/1709
f 7958/4975/1710 7960/4977/1711 7959/4978/1711 7957/4976/1710
f 7960/4977/1711 7962/4979/1712 7961/4980/1712 7959/4978/1711
f 7962/4979/1712 7964/4981/1713 7963/4982/1713 7961/4980/1712
f 7964/4981/1713 7966/4983/1714 7965/4984/1714 7963/4982/1713
f 7966/4983/1714 7968/4985/1715 7967/4986/1715 7965/4984/1714
f 7968/4985/1715 7970/4987/1716 7969/4988/1716 7967/4986/1715
f 7970/4987/1716 7972/4989/1717 7971/4990/1717 7969/4988/1716
f 7972/4989/1717 7974/4991/1718 7973/4992/1718 7971/4990/1717
f 7974/4991/1718 7976/4993/1719 7975/4994/1719 7973/4992/1718
f 7976/4993/1719 7978/4995/1720 7977/4996/1720 7975/4994/1719
f 7978/4995/1720 7980/4997/1721 7979/4998/1721 7977/4996/1720
f 7980/4997/1721 7982/4999/1722 7981/5000/1722 7979/4998/1721
f 7982/4999/1722 7984/5001/1723 7983/5002/1723 7981/5000/1722
f 7984/5001/1723 7986/5003/1724 7985/5004/1724 7983/5002/1723
f 7986/5003/1724 7988/5005/1725 7987/5006/1725 7985/5004/1724
f 7988/5005/1725 7990/5007/1726 7989/5008/1726 7987/5006/1725
f 7990/5007/1726 7992/5009/1727 7991/5010/1727 7989/5008/1726
f 7992/5009/1727 7994/5011/1728 7993/5012/1728 7991/5010/1727
f 7994/5011/1728 7996/5013/1729 7995/5014/1729 7993/5012/1728
f 7996/5013/1729 7998/5015/1730 7997/5016/1730 7995/5014/1729
f 7998/5015/1730 8000/5017/1731 7999/5018/1731 7997/5016/1730
f 8000/5017/1731 8002/5019/1732 8001/5020/1732 7999/5018/1731
f 8002/5019/1732 8004/5021/1733 8003/5022/1733 8001/5020/1732
f 8004/5021/1733 8006/5023/1734 8005/5024/1734 8003/5022/1733
f 8006/5023/1734 8008/5025/1735 8007/5026/1735 8005/5024/1734
f 8008/5025/1735 8010/5027/1736 8009/5028/1736 8007/5026/1735
f 8010/5027/1736 8012/5029/1737 8011/5030/1737 8009/5028/1736
f 8012/5029/1737 8014/2799/1738 8013/242/1738 8011/5030/1737
f 8014/2799/1738 8016/5031/1739 8015/5032/1739 8013/242/1738
f 8016/5031/1739 8018/5033/1740 8017/5034/1740 8015/5032/1739
f 8018/5033/1740 8020/5035/1741 8019/5036/1741 8017/5034/1740
f 8020/5035/1741 8022/5037/1742 8021/5038/1742 8019/5036/1741
f 8022/5037/1742 8024/5039/1743 8023/5040/1743 8021/5038/1742
f 8024/5039/1743 8026/5041/1744 8025/5042/1744 8023/5040/1743
f 8026/5041/1744 8028/5043/1745 8027/5044/1745 8025/5042/1744
f 8028/5043/1745 8030/5045/1746 8029/5046/1746 8027/5044/1745
f 8030/5045/1746 8032/5047/1747 8031/5048/1747 8029/5046/1746
f 8032/5047/1747 8034/5049/1748 8033/5050/1748 8031/5048/1747
f 8034/5049/1748 8036/5051/1749 8035/5052/1749 8033/5050/1748
f 8036/5051/1749 8038/5053/1750 8037/5054/1750 8035/5052/1749
f 8038/5053/1750 8040/5055/1751 8039/5056/1751 8037/5054/1750
f 8040/5055/1751 8042/5057/1752 8041/5058/1752 8039/5056/1751
f 8042/5057/1752 8044/5059/1753 8043/5060/1753 8041/5058/1752
f 8044/5059/1753 8046/5061/1754 8045/5062/1754 8043/5060/1753
f 8046/5061/1754 8048/5063/1755 8047/5064/1755 8045/5062/1754
f 8048/5063/1755 8050/5065/1756 8049/5066/1756 8047/5064/1755
f 8050/5065/1756 8052/5067/1757 8051/5068/1757 8049/5066/1756
f 8052/5067/1757 8054/5069/1758 8053/5070/1758 8051/5068/1757
f 8054/5069/1758 8056/5071/1759 8055/5072/1759 8053/5070/1758
f 8056/5071/1759 8058/5073/1760 8057/5074/1760 8055/5072/1759
f 8058/5073/1760 8060/5075/1761 8059/5076/1761 8057/5074/1760
f 8060/5075/1761 8062/5077/1762 8061/5078/1762 8059/5076/1761
f 8062/5077/1762 8064/5079/1763 8063/5080/1763 8061/5078/1762
f 8064/5079/1763 8066/5081/1764 8065/5082/1764 8063/5080/1763
f 8066/5081/1764 8068/5083/1765 8067/5084/1765 8065/5082/1764
f 8068/5083/1765 8070/5085/1766 8069/5086/1766 8067/5084/1765
f 8070/5085/1766 8072/5087/1767 8071/5088/1767 8069/5086/1766
f 8072/5087/1767 8074/5089/1768 8073/5090/1768 8071/5088/1767
f 8074/5089/1768 8076/5091/1769 8075/5092/1769 8073/5090/1768
f 8076/5091/1769 8078/5093/1730 8077/5094/1730 8075/5092/1769
f 8078/5093/1730 8080/5095/1770 8079/5096/1770 8077/5094/1730
f 8080/5095/1770 8082/5097/1771 8081/5098/1771 8079/5096/1770
f 8082/5097/1771 8084/5099/1772 8083/5100/1772 8081/5098/1771
f 8084/5099/1772 8086/5101/1773 8085/5102/1773 8083/5100/1772
f 8086/5101/1773 8088/5103/1774 8087/5104/1774 8085/5102/1773
f 8088/5103/1774 8090/5105/1775 8089/5106/1775 8087/5104/1774
f 8090/5105/1775 8092/5107/1776 8091/5108/1776 8089/5106/1775
f 8092/5107/1776 8094/5109/1777 8093/5110/1777 8091/5108/1776
f 8094/5109/1777 8096/5111/1778 8095/5112/1778 8093/5110/1777
f 8096/5111/1778 8098/5113/1779 8097/5114/1779 8095/5112/1778
f 8098/5113/1779 7326/2439/1403 7325/133/1403 8097/5114/1779
f 8100/1938/931 8102/3793/932 8101/3794/932 8099/135/931
f 8102/3793/932 8104/3795/933 8103/3796/933 8101/3794/932
f 8104/3795/933 8106/3797/934 8105/3798/934 8103/3796/933
f 8106/3797/934 8108/3799/935 8107/3800/935 8105/3798/934
f 8108/3799/935 8110/3801/936 8109/3802/936 8107/3800/935
f 8110/3801/936 8112/3803/937 8111/3804/937 8109/3802/936
f 8112/3803/937 8114/3805/938 8113/3806/938 8111/3804/937
f 8114/3805/938 8116/3807/939 8115/3808/939 8113/3806/938
f 8116/3807/939 8118/3809/940 8117/3810/940 8115/3808/939
f 8118/3809/940 8120/3811/941 8119/3812/941 8117/3810/940
f 8120/3811/941 8122/3813/942 8121/3814/942 8119/3812/941
f 8122/3813/942 8124/3815/943 8123/3816/943 8121/3814/942
f 8124/3815/943 8126/3817/944 8125/3818/944 8123/3816/943
f 8126/3817/944 8128/3819/945 8127/3820/945 8125/3818/944
f 8128/3819/945 8130/3821/946 8129/3822/946 8127/3820/945
f 8130/3821/946 8132/3823/1780 8131/3824/1780 8129/3822/946
f 8132/3823/1780 8134/3825/948 8133/3826/948 8131/3824/1780
f 8134/3825/948 8136/3827/1781 8135/3828/1781 8133/3826/948
f 8136/3827/1781 8138/3829/950 8137/3830/950 8135/3828/1781
f 8138/3829/950 8140/3831/951 8139/3832/951 8137/3830/950
f 8140/3831/951 8142/3833/1782 8141/3834/1782 8139/3832/951
f 8142/3833/1782 8144/3835/1783 8143/3836/1783 8141/3834/1782
f 8144/3835/1783 8146/3837/954 8145/3838/954 8143/3836/1783
f 8146/3837/954 8148/3839/955 8147/3840/955 8145/3838/954
f 8148/3839/955 8150/3841/956 8149/3842/956 8147/3840/955
f 8150/3841/956 8152/3843/957 8151/3844/957 8149/3842/956
f 8152/3843/957 8154/3845/958 8153/3846/958 8151/3844/957
f 8154/3845/958 8156/3847/959 8155/3848/959 8153/3846/958
f 8156/3847/959 8158/3849/960 8157/3850/960 8155/3848/959
f 8158/3849/960 8160/3851/961 8159/3852/961 8157/3850/960
f 8160/3851/961 8162/3853/1784 8161/3854/1784 8159/3852/961
f 8162/3853/1784 8164/3855/963 8163/3856/963 8161/3854/1784
f 8164/3855/963 8166/3857/964 8165/3858/964 8163/3856/963
f 8166/3857/964 8168/3859/965 8167/3860/965 8165/3858/964
f 8168/3859/965 8170/3861/966 8169/3862/966 8167/3860/965
f 8170/3861/966 8172/3863/967 8171/3864/967 8169/3862/966
f 8172/3863/967 8174/3865/968 8173/3866/968 8171/3864/967
f 8174/3865/968 8176/3867/969 8175/3868/969 8173/3866/968
f 8176/3867/969 8178/3869/970 8177/3870/970 8175/3868/969
f 8178/3869/970 8180/3871/971 8179/3872/971 8177/3870/970
f 8180/3871/971 8182/3873/972 8181/3874/972 8179/3872/971
f 8182/3873/972 8184/3875/1785 8183/3876/1785 8181/3874/972
f 8184/3875/1785 8186/3877/974 8185/3878/974 8183/3876/1785
f 8186/3877/974 8188/3879/975 8187/3880/975 8185/3878/974
f 8188/3879/975 8190/3881/976 8189/3882/976 8187/3880/975
f 8190/3881/976 8192/3883/977 8191/3884/977 8189/3882/976
f 8192/3883/977 8194/3885/978 8193/3886/978 8191/3884/977
f 8194/3885/978 8196/3887/979 8195/3888/979 8193/3886/978
f 8196/3887/979 8198/3889/980 8197/3890/980 8195/3888/979
f 8198/3889/980 8200/3891/981 8199/3892/981 8197/3890/980
f 8200/3891/981 8202/3893/982 8201/3894/982 8199/3892/981
f 8202/3893/982 8204/3895/983 8203/3896/983 8201/3894/982
f 8204/3895/983 8206/3897/984 8205/3898/984 8203/3896/983
f 8206/3897/984 8208/3899/985 8207/3900/985 8205/3898/984
f 8208/3899/985 8210/3901/986 8209/3902/986 8207/3900/985
f 8210/3901/986 8212/3903/987 8211/3904/987 8209/3902/986
f 8212/3903/987 8214/3905/988 8213/3906/988 8211/3904/987
f 8214/3905/988 8216/3907/989 8215/3908/989 8213/3906/988
f 8216/3907/989 8218/3909/990 8217/3910/990 8215/3908/989
f 8218/3909/990 8220/3911/991 8219/3912/991 8217/3910/990
f 8220/3911/991 8222/3913/1786 8221/3914/1786 8219/3912/991
f 8222/3913/1786 8224/3915/993 8223/3916/993 8221/3914/1786
f 8224/3915/993 8226/3917/994 8225/3918/994 8223/3916/993
f 8226/3917/994 8228/3919/995 8227/3920/995 8225/3918/994
f 8228/3919/995 8230/3921/996 8229/3922/996 8227/3920/995
f 8230/3921/996 8232/3923/997 8231/3924/997 8229/3922/996
f 8232/3923/997 8234/3925/998 8233/3926/998 8231/3924/997
f 8234/3925/998 8236/3927/999 8235/3928/999 8233/3926/998
f 8236/3927/999 8238/3929/1000 8237/3930/1000 8235/3928/999
f 8238/3929/1000 8240/3931/1001 8239/3932/1001 8237/3930/1000
f 8240/3931/1001 8242/3933/1002 8241/3934/1002 8239/3932/1001
f 8242/3933/1002 8244/3935/1003 8243/3936/1003 8241/3934/1002
f 8244/3935/1003 8246/3937/1004 8245/3938/1004 8243/3936/1003
f 8246/3937/1004 8248/3939/1005 8247/3940/1005 8245/3938/1004
f 8248/3939/1005 8250/3941/1006 8249/3942/1006 8247/3940/1005
f 8250/3941/1006 8252/3943/1007 8251/3944/1007 8249/3942/1006
f 8252/3943/1007 8254/3945/1008 8253/3946/1008 8251/3944/1007
f 8254/3945/1008 8256/3947/1009 8255/3948/1009 8253/3946/1008
f 8256/3947/1009 8258/3949/1010 8257/3950/1010 8255/3948/1009
f 8258/3949/1010 8260/3951/1011 8259/3952/1011 8257/3950/1010
f 8260/3951/1011 8262/3953/1012 8261/3954/1012 8259/3952/1011
f 8262/3953/1012 8264/3955/1013 8263/3956/1013 8261/3954/1012
f 8264/3955/1013 8266/3957/1014 8265/3958/1014 8263/3956/1013
f 8266/3957/1014 8268/3959/1015 8267/3960/1015 8265/3958/1014
f 8268/3959/1015 8270/3961/193 8269/3962/193 8267/3960/1015
f 8270/3961/193 8272/3963/1016 8271/3964/1016 8269/3962/193
f 8272/3963/1016 8274/3965/1017 8273/3966/1017 8271/3964/1016
f 8274/3965/1017 8276/3967/1018 8275/3968/1018 8273/3966/1017
f 8276/3967/1018 8278/3969/1019 8277/3970/1019 8275/3968/1018
f 8278/3969/1019 8280/3971/1020 8279/3972/1020 8277/3970/1019
f 8280/3971/1020 8282/3973/1021 8281/3974/1021 8279/3972/1020
f 8282/3973/1021 8284/3975/1022 8283/3976/1022 8281/3974/1021
f 8284/3975/1022 8286/3977/1023 8285/3978/1023 8283/3976/1022
f 8286/3977/1023 8288/3979/1024 8287/3980/1024 8285/3978/1023
f 8288/3979/1024 8290/3981/1025 8289/3982/1025 8287/3980/1024
f 8290/3981/1025 8292/3983/1026 8291/3984/1026 8289/3982/1025
f 8292/3983/1026 8294/3985/1027 8293/3986/1027 8291/3984/1026
f 8294/3985/1027 8296/3987/1028 8295/3988/1028 8293/3986/1027
f 8296/3987/1028 8298/3989/1029 8297/3990/1029 8295/3988/1028
f 8298/3989/1029 8300/3991/1030 8299/3992/1030 8297/3990/1029
f 8300/3991/1030 8302/3993/1031 8301/3994/1031 8299/3992/1030
f 8302/3993/1031 8304/3995/1032 8303/3996/1032 8301/3994/1031
f 8304/3995/1032 8306/3997/1033 8305/3998/1033 8303/3996/1032
f 8306/3997/1033 8308/3999/1034 8307/4000/1034 8305/3998/1033
f 8308/3999/1034 8310/4001/1035 8309/4002/1035 8307/4000/1034
f 8310/4001/1035 8312/4003/1036 8311/4004/1036 8309/4002/1035
f 8312/4003/1036 8314/4005/1037 8313/4006/1037 8311/4004/1036
f 8314/4005/1037 8316/4007/1038 8315/4008/1038 8313/4006/1037
f 8316/4007/1038 8318/4009/1039 8317/4010/1039 8315/4008/1038
f 8318/4009/1039 8320/4011/1040 8319/4012/1040 8317/4010/1039
f 8320/4011/1040 8322/4013/1041 8321/4014/1041 8319/4012/1040
f 8322/4013/1041 8324/4015/1042 8323/4016/1042 8321/4014/1041
f 8324/4015/1042 8326/4017/1043 8325/4018/1043 8323/4016/1042
f 8326/4017/1043 8328/4019/1044 8327/4020/1044 8325/4018/1043
f 8328/4019/1044 8330/4021/1045 8329/4022/1045 8327/4020/1044
f 8330/4021/1045 8332/4023/1046 8331/4024/1046 8329/4022/1045
f 8332/4023/1046 8334/4025/1047 8333/4026/1047 8331/4024/1046
f 8334/4025/1047 8336/4027/1048 8335/4028/1048 8333/4026/1047
f 8336/4027/1048 8338/4029/1049 8337/4030/1049 8335/4028/1048
f 8338/4029/1049 8340/4031/1050 8339/4032/1050 8337/4030/1049
f 8340/4031/1050 8342/4033/1051 8341/4034/1051 8339/4032/1050
f 8342/4033/1051 8344/4035/1052 8343/4036/1052 8341/4034/1051
f 8344/4035/1052 8346/4037/1053 8345/4038/1053 8343/4036/1052
f 8346/4037/1053 8348/4039/1054 8347/4040/1054 8345/4038/1053
f 8348/4039/1054 8350/4041/1055 8349/4042/1055 8347/4040/1054
f 8350/4041/1055 8352/4043/1056 8351/4044/1056 8349/4042/1055
f 8352/4043/1056 8354/4045/1787 8353/4046/1787 8351/4044/1056
f 8354/4045/1787 8356/4047/1058 8355/4048/1058 8353/4046/1787
f 8356/4047/1058 8358/4049/1059 8357/4050/1059 8355/4048/1058
f 8358/4049/1059 8360/4051/1060 8359/4052/1060 8357/4050/1059
f 8360/4051/1060 8362/4053/1061 8361/4054/1061 8359/4052/1060
f 8362/4053/1061 8364/4055/1788 8363/4056/1788 8361/4054/1061
f 8364/4055/1788 8366/4057/1063 8365/4058/1063 8363/4056/1788
f 8366/4057/1063 8368/4059/1064 8367/4060/1064 8365/4058/1063
f 8368/4059/1064 8370/4061/1065 8369/4062/1065 8367/4060/1064
f 8370/4061/1065 8372/4063/1066 8371/4064/1066 8369/4062/1065
f 8372/4063/1066 8374/4065/1067 8373/4066/1067 8371/4064/1066
f 8374/4065/1067 8376/4067/1068 8375/4068/1068 8373/4066/1067
f 8376/4067/1068 8378/4069/1069 8377/4070/1069 8375/4068/1068
f 8378/4069/1069 8380/4071/1070 8379/4072/1070 8377/4070/1069
f 8380/4071/1070 8382/4073/1071 8381/4074/1071 8379/4072/1070
f 8382/4073/1071 8384/4075/1072 8383/4076/1072 8381/4074/1071
f 8384/4075/1072 8386/4077/1789 8385/4078/1789 8383/4076/1072
f 8386/4077/1789 8388/4079/1074 8387/4080/1074 8385/4078/1789
f 8388/4079/1074 8390/4081/1075 8389/4082/1075 8387/4080/1074
f 8390/4081/1075 8392/4083/1076 8391/4084/1076 8389/4082/1075
f 8392/4083/1076 8394/4085/1077 8393/4086/1077 8391/4084/1076
f 8394/4085/1077 8396/4087/1078 8395/4088/1078 8393/4086/1077
f 8396/4087/1078 8398/4089/1790 8397/4090/1790 8395/4088/1078
f 8398/4089/1790 8400/4091/1791 8399/4092/1791 8397/4090/1790
f 8400/4091/1791 8402/4093/1081 8401/4094/1081 8399/4092/1791
f 8402/4093/1081 8404/4095/1082 8403/4096/1082 8401/4094/1081
f 8404/4095/1082 8406/4097/1083 8405/4098/1083 8403/4096/1082
f 8406/4097/1083 8408/4099/1084 8407/4100/1084 8405/4098/1083
f 8408/4099/1084 8410/4101/1792 8409/4102/1792 8407/4100/1084
f 8410/4101/1792 8412/4103/1793 8411/4104/1793 8409/4102/1792
f 8412/4103/1793 8414/4105/1087 8413/4106/1087 8411/4104/1793
f 8414/4105/1087 8416/4107/1088 8415/4108/1088 8413/4106/1087
f 8416/4107/1088 8418/4109/1794 8417/4110/1794 8415/4108/1088
f 8418/4109/1794 8420/4111/1090 8419/4112/1090 8417/4110/1794
f 8420/4111/1090 8422/4113/1795 8421/4114/1795 8419/4112/1090
f 8422/4113/1795 8424/4115/1092 8423/4116/1092 8421/4114/1795
f 8424/4115/1092 8426/4117/1093 8425/4118/1093 8423/4116/1092
f 8426/4117/1093 8428/4119/1094 8427/4120/1094 8425/4118/1093
f 8428/4119/1094 8430/4121/1095 8429/4122/1095 8427/4120/1094
f 8430/4121/1095 8432/4123/1096 8431/4124/1096 8429/4122/1095
f 8432/4123/1096 8434/4125/1097 8433/4126/1097 8431/4124/1096
f 8434/4125/1097 8436/4127/1098 8435/4128/1098 8433/4126/1097
f 8436/4127/1098 8438/4129/1099 8437/4130/1099 8435/4128/1098
f 8438/4129/1099 8440/4131/1100 8439/4132/1100 8437/4130/1099
f 8440/4131/1100 8442/4133/1101 8441/4134/1101 8439/4132/1100
f 8442/4133/1101 8444/4135/1102 8443/4136/1102 8441/4134/1101
f 8444/4135/1102 8446/4137/1103 8445/4138/1103 8443/4136/1102
f 8446/4137/1103 8448/4139/1104 8447/4140/1104 8445/4138/1103
f 8448/4139/1104 8450/4141/1105 8449/4142/1105 8447/4140/1104
f 8450/4141/1105 8452/4143/1106 8451/4144/1106 8449/4142/1105
f 8452/4143/1106 8454/4145/1107 8453/4146/1107 8451/4144/1106
f 8454/4145/1107 8456/4147/1108 8455/4148/1108 8453/4146/1107
f 8456/4147/1108 8458/4149/1109 8457/4150/1109 8455/4148/1108
f 8458/4149/1109 8460/4151/1110 8459/4152/1110 8457/4150/1109
f 8460/4151/1110 8462/4153/1111 8461/4154/1111 8459/4152/1110
f 8462/4153/1111 8464/4155/1112 8463/4156/1112 8461/4154/1111
f 8464/4155/1112 8466/4157/1113 8465/4158/1113 8463/4156/1112
f 8466/4157/1113 8468/4159/1114 8467/4160/1114 8465/4158/1113
f 8468/4159/1114 8470/4161/1115 8469/4162/1115 8467/4160/1114
f 8470/4161/1115 8472/4163/1116 8471/4164/1116 8469/4162/1115
f 8472/4163/1116 8474/4165/1117 8473/4166/1117 8471/4164/1116
f 8474/4165/1117 8476/4167/1118 8475/4168/1118 8473/4166/1117
f 8476/4167/1118 8478/4169/1119 8477/4170/1119 8475/4168/1118
f 8478/4169/1119 8480/4171/1796 8479/4172/1796 8477/4170/1119
f 8480/4171/1796 8482/4173/1121 8481/4174/1121 8479/4172/1796
f 8482/4173/1121 8484/4175/1122 8483/4176/1122 8481/4174/1121
f 8484/4175/1122 8486/4177/1797 8485/4178/1797 8483/4176/1122
f 8486/4177/1797 8488/4179/1124 8487/4180/1124 8485/4178/1797
f 8488/4179/1124 8490/4181/1125 8489/4182/1125 8487/4180/1124
f 8490/4181/1125 8492/4183/1126 8491/4184/1126 8489/4182/1125
f 8492/4183/1126 8494/4185/1127 8493/4186/1127 8491/4184/1126
f 8494/4185/1127 8496/4187/1128 8495/4188/1128 8493/4186/1127
f 8496/4187/1128 8498/4189/1798 8497/4190/1798 8495/4188/1128
f 8498/4189/1798 8500/4191/1130 8499/4192/1130 8497/4190/1798
f 8500/4191/1130 8502/4193/1131 8501/4194/1131 8499/4192/1130
f 8502/4193/1131 8504/4195/1132 8503/4196/1132 8501/4194/1131
f 8504/4195/1132 8506/4197/293 8505/4198/293 8503/4196/1132
f 8506/4197/293 8508/4199/1133 8507/4200/1133 8505/4198/293
f 8508/4199/1133 8510/4201/1134 8509/4202/1134 8507/4200/1133
f 8510/4201/1134 8512/4203/1135 8511/4204/1135 8509/4202/1134
f 8512/4203/1135 8514/4205/1136 8513/4206/1136 8511/4204/1135
f 8514/4205/1136 8516/4207/1137 8515/4208/1137 8513/4206/1136
f 8516/4207/1137 8518/4209/1799 8517/4210/1799 8515/4208/1137
f 8518/4209/1799 8520/4211/1139 8519/4212/1139 8517/4210/1799
f 8520/4211/1139 8522/4213/1800 8521/4214/1800 8519/4212/1139
f 8522/4213/1800 8524/4215/1141 8523/4216/1141 8521/4214/1800
f 8524/4215/1141 8526/4217/1801 8525/4218/1801 8523/4216/1141
f 8526/4217/1801 8528/4219/1143 8527/4220/1143 8525/4218/1801
f 8528/4219/1143 8530/4221/1144 8529/4222/1144 8527/4220/1143
f 8530/4221/1144 8532/4223/1145 8531/4224/1145 8529/4222/1144
f 8532/4223/1145 8100/2439/931 8099/133/931 8531/4224/1145
f 8534/1938/1146 8536/4225/1147 8535/322/1147 8533/135/1146
f 8536/4225/1147 8538/4226/1802 8537/329/1802 8535/322/1147
f 8538/4226/1802 8540/4227/1149 8539/334/1149 8537/329/1802
f 8540/4227/1149 8542/4228/1150 8541/340/1150 8539/334/1149
f 8542/4228/1150 8544/4229/1151 8543/345/1151 8541/340/1150
f 8544/4229/1151 8546/4230/1152 8545/351/1152 8543/345/1151
f 8546/4230/1152 8548/4231/1153 8547/359/1153 8545/351/1152
f 8548/4231/1153 8550/2484/1154 8549/366/1154 8547/359/1153
f 8550/2484/1154 8552/4232/1155 8551/372/1155 8549/366/1154
f 8552/4232/1155 8554/4233/1156 8553/384/1156 8551/372/1155
f 8554/4233/1156 8556/4234/1157 8555/397/1157 8553/384/1156
f 8556/4234/1157 8558/4235/1158 8557/405/1158 8555/397/1157
f 8558/4235/1158 8560/4236/1159 8559/396/1159 8557/405/1158
f 8560/4236/1159 8562/4237/1160 8561/383/1160 8559/396/1159
f 8562/4237/1160 8564/4238/1161 8563/375/1161 8561/383/1160
f 8564/4238/1161 8566/2529/1162 8565/394/1162 8563/375/1161
f 8566/2529/1162 8568/4239/1163 8567/410/1163 8565/394/1162
f 8568/4239/1163 8570/4240/1164 8569/416/1164 8567/410/1163
f 8570/4240/1164 8572/4241/1165 8571/423/1165 8569/416/1164
f 8572/4241/1165 8574/4242/1166 8573/430/1166 8571/423/1165
f 8574/4242/1166 8576/4243/1167 8575/436/1167 8573/430/1166
f 8576/4243/1167 8578/4244/1168 8577/429/1168 8575/436/1167
f 8578/4244/1168 8580/4245/1169 8579/419/1169 8577/429/1168
f 8580/4245/1169 8582/2574/1170 8581/409/1170 8579/419/1169
f 8582/2574/1170 8584/4246/1171 8583/380/1171 8581/409/1170
f 8584/4246/1171 8586/4247/1172 8585/365/1172 8583/380/1171
f 8586/4247/1172 8588/4248/1173 8587/356/1173 8585/365/1172
f 8588/4248/1173 8590/4249/1174 8589/346/1174 8587/356/1173
f 8590/4249/1174 8592/4250/1175 8591/331/1175 8589/346/1174
f 8592/4250/1175 8594/4251/1176 8593/320/1176 8591/331/1175
f 8594/4251/1176 8596/4252/1177 8595/307/1177 8593/320/1176
f 8596/4252/1177 8598/2619/1178 8597/293/1178 8595/307/1177
f 8598/2619/1178 8600/4253/1803 8599/280/1803 8597/293/1178
f 8600/4253/1803 8602/4254/1180 8601/268/1180 8599/280/1803
f 8602/4254/1180 8604/4255/1181 8603/259/1181 8601/268/1180
f 8604/4255/1181 8606/3400/1182 8605/247/1182 8603/259/1181
f 8606/3400/1182 8608/4256/1804 8607/234/1804 8605/247/1182
f 8608/4256/1804 8610/4257/1183 8609/218/1183 8607/234/1804
f 8610/4257/1183 8612/4258/1184 8611/193/1184 8609/218/1183
f 8612/4258/1184 8614/2664/1805 8613/185/1805 8611/193/1184
f 8614/2664/1805 8616/4259/1806 8615/179/1806 8613/185/1805
f 8616/4259/1806 8618/4260/1807 8617/172/1807 8615/179/1806
f 8618/4260/1807 8620/4261/1188 8619/166/1188 8617/172/1807
f 8620/4261/1188 8622/4262/1189 8621/159/1189 8619/166/1188
f 8622/4262/1189 8624/4263/1190 8623/151/1190 8621/159/1189
f 8624/4263/1190 8626/4264/1191 8625/158/1191 8623/151/1190
f 8626/4264/1191 8628/4265/1808 8627/168/1808 8625/158/1191
f 8628/4265/1808 8630/2709/1193 8629/178/1193 8627/168/1808
f 8630/2709/1193 8632/4266/1194 8631/188/1194 8629/178/1193
f 8632/4266/1194 8634/4267/1195 8633/219/1195 8631/188/1194
f 8634/4267/1195 8636/4268/1196 8635/240/1196 8633/219/1195
f 8636/4268/1196 8638/4269/1197 8637/264/1197 8635/240/1196
f 8638/4269/1197 8640/4270/1198 8639/287/1198 8637/264/1197
f 8640/4270/1198 8642/4271/1199 8641/306/1199 8639/287/1198
f 8642/4271/1199 8644/4272/1200 8643/256/1200 8641/306/1199
f 8644/4272/1200 8646/2754/1201 8645/277/1201 8643/256/1200
f 8646/2754/1201 8648/4273/1202 8647/302/1202 8645/277/1201
f 8648/4273/1202 8650/4274/1203 8649/313/1203 8647/302/1202
f 8650/4274/1203 8652/4275/1204 8651/305/1204 8649/313/1203
f 8652/4275/1204 8654/4276/1205 8653/295/1205 8651/305/1204
f 8654/4276/1205 8656/4277/1206 8655/283/1206 8653/295/1205
f 8656/4277/1206 8658/4278/1207 8657/269/1207 8655/283/1206
f 8658/4278/1207 8660/4279/1208 8659/254/1208 8657/269/1207
f 8660/4279/1208 8662/2799/1209 8661/242/1209 8659/254/1208
f 8662/2799/1209 8664/4280/1210 8663/232/1210 8661/242/1209
f 8664/4280/1210 8666/4281/1809 8665/220/1809 8663/232/1210
f 8666/4281/1809 8668/4282/1212 8667/210/1212 8665/220/1809
f 8668/4282/1212 8670/4283/1213 8669/201/1213 8667/210/1212
f 8670/4283/1213 8672/4284/1214 8671/195/1214 8669/201/1213
f 8672/4284/1214 8674/4285/1215 8673/200/1215 8671/195/1214
f 8674/4285/1215 8676/4286/1216 8675/216/1216 8673/200/1215
f 8676/4286/1216 8534/2439/1146 8533/133/1146 8675/216/1216
f 8678/1938/542 8680/5115/543 8679/5116/543 8677/135/542
f 8680/5115/543 8682/5117/1810 8681/5118/1810 8679/5116/543
f 8682/5117/1810 8684/5119/93 8683/1715/93 8681/5118/1810
f 8684/5119/93 8686/5120/1811 8685/5121/1811 8683/1715/93
f 8686/5120/1811 8688/5122/1812 8687/5123/1812 8685/5121/1811
f 8688/5122/1812 8690/5124/1813 8689/1710/1813 8687/5123/1812
f 8690/5124/1813 8692/5125/1814 8691/5126/1814 8689/1710/1813
f 8692/5125/1814 8694/5127/550 8693/5128/550 8691/5126/1814
f 8694/5127/550 8696/5129/1815 8695/1720/1815 8693/5128/550
f 8696/5129/1815 8698/5130/1816 8697/5131/1816 8695/1720/1815
f 8698/5130/1816 8700/5132/1817 8699/5133/1817 8697/5131/1816
f 8700/5132/1817 8702/5134/1818 8701/1729/1818 8699/5133/1817
f 8702/5134/1818 8704/5135/1819 8703/5136/1819 8701/1729/1818
f 8704/5135/1819 8706/5137/1820 8705/5138/1820 8703/5136/1819
f 8706/5137/1820 8708/5139/1821 8707/1738/1821 8705/5138/1820
f 8708/5139/1821 8710/5140/1822 8709/5141/1822 8707/1738/1821
f 8710/5140/1822 8712/5142/1823 8711/5143/1823 8709/5141/1822
f 8712/5142/1823 8714/5144/1824 8713/1747/1824 8711/5143/1823
f 8714/5144/1824 8716/5145/1825 8715/5146/1825 8713/1747/1824
f 8716/5145/1825 8718/5147/1826 8717/5148/1826 8715/5146/1825
f 8718/5147/1826 8720/5149/1827 8719/1756/1827 8717/5148/1826
f 8720/5149/1827 8722/5150/1828 8721/5151/1828 8719/1756/1827
f 8722/5150/1828 8724/5152/1829 8723/5153/1829 8721/5151/1828
f 8724/5152/1829 8726/5154/1830 8725/1791/1830 8723/5153/1829
f 8726/5154/1830 8728/4235/1831 8727/405/1831 8725/1791/1830
f 8728/4235/1831 8730/5155/1832 8729/5156/1832 8727/405/1831
f 8730/5155/1832 8732/5157/1833 8731/1858/1833 8729/5156/1832
f 8732/5157/1833 8734/5158/1834 8733/5159/1834 8731/1858/1833
f 8734/5158/1834 8736/5160/1835 8735/5161/1835 8733/5159/1834
f 8736/5160/1835 8738/2876/1836 8737/1885/1836 8735/5161/1835
f 8738/2876/1836 8740/5162/1344 8739/5163/1344 8737/1885/1836
f 8740/5162/1344 8742/5164/1837 8741/5165/1837 8739/5163/1344
f 8742/5164/1837 8744/5166/1838 8743/1894/1838 8741/5165/1837
f 8744/5166/1838 8746/5167/1839 8745/5168/1839 8743/1894/1838
f 8746/5167/1839 8748/5169/1840 8747/5170/1840 8745/5168/1839
f 8748/5169/1840 8750/5171/1841 8749/1903/1841 8747/5170/1840
f 8750/5171/1841 8752/5172/1842 8751/5173/1842 8749/1903/1841
f 8752/5172/1842 8754/5174/1843 8753/5175/1843 8751/5173/1842
f 8754/5174/1843 8756/5176/1844 8755/1915/1844 8753/5175/1843
f 8756/5176/1844 8758/5177/1845 8757/5178/1845 8755/1915/1844
f 8758/5177/1845 8760/5179/1846 8759/5180/1846 8757/5178/1845
f 8760/5179/1846 8762/5181/1847 8761/1908/1847 8759/5180/1846
f 8762/5181/1847 8764/5182/672 8763/5183/672 8761/1908/1847
f 8764/5182/672 8766/5184/448 8765/5185/448 8763/5183/672
f 8766/5184/448 8768/5186/587 8767/1880/587 8765/5185/448
f 8768/5186/587 8770/5187/1848 8769/5188/1848 8767/1880/587
f 8770/5187/1848 8772/5189/1849 8771/5190/1849 8769/5188/1848
f 8772/5189/1849 8774/5191/1850 8773/1867/1850 8771/5190/1849
f 8774/5191/1850 8776/5192/1851 8775/5193/1851 8773/1867/1850
f 8776/5192/1851 8778/2574/1852 8777/409/1852 8775/5193/1851
f 8778/2574/1852 8780/5194/1853 8779/1855/1853 8777/409/1852
f 8780/5194/1853 8782/5195/593 8781/5196/593 8779/1855/1853
f 8782/5195/593 8784/5197/594 8783/5198/594 8781/5196/593
f 8784/5197/594 8786/5199/595 8785/1843/595 8783/5198/594
f 8786/5199/595 8788/5200/596 8787/5201/596 8785/1843/595
f 8788/5200/596 8790/5202/597 8789/5203/597 8787/5201/596
f 8790/5202/597 8792/5204/598 8791/1831/598 8789/5203/597
f 8792/5204/598 8794/5205/599 8793/5206/599 8791/1831/598
f 8794/5205/599 8796/5207/600 8795/5208/600 8793/5206/599
f 8796/5207/600 8798/2909/601 8797/1821/601 8795/5208/600
f 8798/2909/601 8800/5209/602 8799/5210/602 8797/1821/601
f 8800/5209/602 8802/5211/1854 8801/5212/1854 8799/5210/602
f 8802/5211/1854 8804/5213/1855 8803/1811/1855 8801/5212/1854
f 8804/5213/1855 8806/5214/605 8805/5215/605 8803/1811/1855
f 8806/5214/605 8808/5216/606 8807/5217/606 8805/5215/605
f 8808/5216/606 8810/5218/607 8809/1802/607 8807/5217/606
f 8810/5218/607 8812/5219/608 8811/5220/608 8809/1802/607
f 8812/5219/608 8814/5221/609 8813/5222/609 8811/5220/608
f 8814/5221/609 8816/5223/610 8815/1765/610 8813/5222/609
f 8816/5223/610 8818/5224/611 8817/5225/611 8815/1765/610
f 8818/5224/611 8820/5226/612 8819/5227/612 8817/5225/611
f 8820/5226/612 8822/5228/613 8821/1778/613 8819/5227/612
f 8822/5228/613 8824/5229/614 8823/5230/614 8821/1778/613
f 8824/5229/614 8826/5231/1856 8825/5232/1856 8823/5230/614
f 8826/5231/1856 8828/3400/1857 8827/247/1857 8825/5232/1856
f 8828/3400/1857 8830/5233/1858 8829/5234/1858 8827/247/1857
f 8830/5233/1858 8832/5235/1859 8831/5236/1859 8829/5234/1858
f 8832/5235/1859 8834/5237/1860 8833/1783/1860 8831/5236/1859
f 8834/5237/1860 8836/5238/1861 8835/5239/1861 8833/1783/1860
f 8836/5238/1861 8838/5240/1862 8837/5241/1862 8835/5239/1861
f 8838/5240/1862 8840/5242/628 8839/1773/628 8837/5241/1862
f 8840/5242/628 8842/5243/1863 8841/5244/1863 8839/1773/628
f 8842/5243/1863 8844/5245/1864 8843/5246/1864 8841/5244/1863
f 8844/5245/1864 8846/5247/1865 8845/1793/1865 8843/5246/1864
f 8846/5247/1865 8848/5248/1866 8847/5249/1866 8845/1793/1865
f 8848/5248/1866 8850/5250/1867 8849/5251/1867 8847/5249/1866
f 8850/5250/1867 8852/5252/1868 8851/1801/1868 8849/5251/1867
f 8852/5252/1868 8854/5253/1869 8853/5254/1869 8851/1801/1868
f 8854/5253/1869 8856/5255/1870 8855/5256/1870 8853/5254/1869
f 8856/5255/1870 8858/2942/1871 8857/1812/1871 8855/5256/1870
f 8858/2942/1871 8860/5257/1872 8859/5258/1872 8857/1812/1871
f 8860/5257/1872 8862/5259/1873 8861/5260/1873 8859/5258/1872
f 8862/5259/1873 8864/5261/1874 8863/1825/1874 8861/5260/1873
f 8864/5261/1874 8866/5262/1875 8865/5263/1875 8863/1825/1874
f 8866/5262/1875 8868/5264/1876 8867/5265/1876 8865/5263/1875
f 8868/5264/1876 8870/5266/1877 8869/1837/1877 8867/5265/1876
f 8870/5266/1877 8872/5267/1878 8871/5268/1878 8869/1837/1877
f 8872/5267/1878 8874/5269/1879 8873/5270/1879 8871/5268/1878
f 8874/5269/1879 8876/5271/1880 8875/1849/1880 8873/5270/1879
f 8876/5271/1880 8878/2709/1881 8877/178/1881 8875/1849/1880
f 8878/2709/1881 8880/5272/1882 8879/5273/1882 8877/178/1881
f 8880/5272/1882 8882/5274/1883 8881/1861/1883 8879/5273/1882
f 8882/5274/1883 8884/5275/1884 8883/5276/1884 8881/1861/1883
f 8884/5275/1884 8886/5277/1885 8885/5278/1885 8883/5276/1884
f 8886/5277/1885 8888/5279/1886 8887/1873/1886 8885/5278/1885
f 8888/5279/1886 8890/5280/169 8889/5281/169 8887/1873/1886
f 8890/5280/169 8892/5282/164 8891/5283/164 8889/5281/169
f 8892/5282/164 8894/5284/1887 8893/1922/1887 8891/5283/164
f 8894/5284/1887 8896/5285/1888 8895/5286/1888 8893/1922/1887
f 8896/5285/1888 8898/5287/1889 8897/5288/1889 8895/5286/1888
f 8898/5287/1889 8900/5289/1890 8899/1930/1890 8897/5288/1889
f 8900/5289/1890 8902/5290/1891 8901/5291/1891 8899/1930/1890
f 8902/5290/1891 8904/5292/1892 8903/5293/1892 8901/5291/1891
f 8904/5292/1892 8906/5294/1893 8905/1937/1893 8903/5293/1892
f 8906/5294/1893 8908/5295/1894 8907/5296/1894 8905/1937/1893
f 8908/5295/1894 8910/5297/1895 8909/5298/1895 8907/5296/1894
f 8910/5297/1895 8912/5299/1896 8911/1923/1896 8909/5298/1895
f 8912/5299/1896 8914/5300/1897 8913/5301/1897 8911/1923/1896
f 8914/5300/1897 8916/5302/1898 8915/5303/1898 8913/5301/1897
f 8916/5302/1898 8918/2975/1899 8917/1898/1899 8915/5303/1898
f 8918/2975/1899 8920/5304/1900 8919/5305/1900 8917/1898/1899
f 8920/5304/1900 8922/5306/210 8921/5307/210 8919/5305/1900
f 8922/5306/210 8924/5308/1901 8923/1886/1901 8921/5307/210
f 8924/5308/1901 8926/5309/1902 8925/5310/1902 8923/1886/1901
f 8926/5309/1902 8928/4276/1903 8927/295/1903 8925/5310/1902
f 8928/4276/1903 8930/5311/1904 8929/1853/1904 8927/295/1903
f 8930/5311/1904 8932/5312/1905 8931/5313/1905 8929/1853/1904
f 8932/5312/1905 8934/5314/1906 8933/5315/1906 8931/5313/1905
f 8934/5314/1906 8936/5316/1907 8935/1762/1907 8933/5315/1906
f 8936/5316/1907 8938/5317/1908 8937/5318/1908 8935/1762/1907
f 8938/5317/1908 8940/5319/1909 8939/5320/1909 8937/5318/1908
f 8940/5319/1909 8942/5321/1910 8941/1751/1910 8939/5320/1909
f 8942/5321/1910 8944/5322/1911 8943/5323/1911 8941/1751/1910
f 8944/5322/1911 8946/5324/1912 8945/5325/1912 8943/5323/1911
f 8946/5324/1912 8948/5326/1913 8947/1740/1913 8945/5325/1912
f 8948/5326/1913 8950/5327/1914 8949/5328/1914 8947/1740/1913
f 8950/5327/1914 8952/5329/328 8951/5330/328 8949/5328/1914
f 8952/5329/328 8954/5331/1915 8953/1723/1915 8951/5330/328
f 8954/5331/1915 8956/5332/1916 8955/5333/1916 8953/1723/1915
f 8956/5332/1916 8958/5334/1917 8957/5335/1917 8955/5333/1916
f 8958/5334/1917 8960/5336/1918 8959/1698/1918 8957/5335/1917
f 8960/5336/1918 8962/5337/765 8961/5338/765 8959/1698/1918
f 8962/5337/765 8964/5339/1919 8963/5340/1919 8961/5338/765
f 8964/5339/1919 8966/5341/1920 8965/1693/1920 8963/5340/1919
f 8966/5341/1920 8968/5342/1921 8967/5343/1921 8965/1693/1920
f 8968/5342/1921 8970/5344/1922 8969/5345/1922 8967/5343/1921
f 8970/5344/1922 8972/5346/1923 8971/1700/1923 8969/5345/1922
f 8972/5346/1923 8974/5347/1924 8973/5348/1924 8971/1700/1923
f 8974/5347/1924 8976/5349/1925 8975/5350/1925 8973/5348/1924
f 8976/5349/1925 8678/2439/542 8677/133/542 8975/5350/1925
