# Blender 4.4.1
# www.blender.org
mtllib player.mtl
o 球
v 0.000000 0.819833 -0.555570
v 0.000000 0.743491 -0.831470
v 0.000000 0.643745 -0.980785
v 0.000000 0.589763 -1.000000
v 0.000000 0.535781 -0.980785
v 0.000000 0.436035 -0.831470
v 0.038060 0.861149 -0.191342
v 0.074658 0.845403 -0.375330
v 0.108386 0.819833 -0.544895
v 0.137950 0.785421 -0.693520
v 0.162212 0.743491 -0.815493
v 0.180240 0.695653 -0.906127
v 0.191342 0.643745 -0.961940
v 0.195090 0.589763 -0.980785
v 0.191342 0.535781 -0.961940
v 0.180240 0.483874 -0.906127
v 0.162212 0.436035 -0.815493
v 0.137950 0.394105 -0.693520
v 0.108386 0.359694 -0.544895
v 0.074658 0.334123 -0.375330
v 0.038060 0.318378 -0.191342
v 0.074658 0.861149 -0.180240
v 0.146447 0.845403 -0.353553
v 0.212608 0.819833 -0.513280
v 0.270598 0.785421 -0.653281
v 0.318190 0.743491 -0.768178
v 0.353553 0.695653 -0.853553
v 0.375330 0.643745 -0.906127
v 0.382683 0.589763 -0.923879
v 0.375330 0.535781 -0.906127
v 0.353553 0.483874 -0.853553
v 0.318190 0.436035 -0.768178
v 0.270598 0.394105 -0.653281
v 0.212608 0.359694 -0.513280
v 0.146447 0.334123 -0.353553
v 0.074658 0.318378 -0.180240
v 0.108386 0.861149 -0.162212
v 0.212608 0.845403 -0.318190
v 0.308658 0.819833 -0.461940
v 0.392847 0.785421 -0.587938
v 0.461940 0.743491 -0.691342
v 0.513280 0.695653 -0.768178
v 0.544895 0.643745 -0.815493
v 0.555570 0.589763 -0.831469
v 0.544895 0.535781 -0.815493
v 0.513280 0.483874 -0.768178
v 0.461940 0.436035 -0.691342
v 0.392847 0.394105 -0.587938
v 0.308658 0.359694 -0.461940
v 0.212608 0.334123 -0.318190
v 0.108386 0.318378 -0.162212
v 0.137950 0.861149 -0.137950
v 0.270598 0.845403 -0.270598
v 0.392847 0.819833 -0.392847
v 0.500000 0.785421 -0.500000
v 0.587938 0.743491 -0.587938
v 0.653281 0.695653 -0.653281
v 0.693520 0.643745 -0.693520
v 0.707107 0.589763 -0.707107
v 0.693520 0.535781 -0.693520
v 0.653281 0.483874 -0.653281
v 0.587938 0.436035 -0.587938
v 0.500000 0.394105 -0.500000
v 0.392847 0.359694 -0.392847
v 0.270598 0.334123 -0.270598
v 0.137950 0.318378 -0.137950
v 0.162212 0.861149 -0.108386
v 0.318190 0.845403 -0.212608
v 0.461940 0.819833 -0.308658
v 0.587938 0.785421 -0.392847
v 0.691342 0.743491 -0.461940
v 0.768178 0.695653 -0.513280
v 0.815493 0.643745 -0.544895
v 0.831470 0.589763 -0.555570
v 0.815493 0.535781 -0.544895
v 0.768178 0.483874 -0.513280
v 0.691342 0.436035 -0.461940
v 0.587938 0.394105 -0.392847
v 0.461940 0.359694 -0.308658
v 0.318190 0.334123 -0.212608
v 0.162212 0.318378 -0.108386
v 0.000000 0.866465 0.000000
v 0.180240 0.861149 -0.074658
v 0.353553 0.845403 -0.146447
v 0.513280 0.819833 -0.212607
v 0.653281 0.785421 -0.270598
v 0.768178 0.743491 -0.318190
v 0.853553 0.695653 -0.353553
v 0.906127 0.643745 -0.375330
v 0.923879 0.589763 -0.382683
v 0.906127 0.535781 -0.375330
v 0.853553 0.483874 -0.353553
v 0.768178 0.436035 -0.318190
v 0.653281 0.394105 -0.270598
v 0.513280 0.359694 -0.212607
v 0.353553 0.334123 -0.146447
v 0.180240 0.318378 -0.074658
v 0.191342 0.861149 -0.038060
v 0.375330 0.845403 -0.074658
v 0.544895 0.819833 -0.108386
v 0.693520 0.785421 -0.137950
v 0.815493 0.743491 -0.162212
v 0.906127 0.695653 -0.180240
v 0.961940 0.643745 -0.191342
v 0.980785 0.589763 -0.195090
v 0.961940 0.535781 -0.191342
v 0.906127 0.483874 -0.180240
v 0.815493 0.436035 -0.162212
v 0.693520 0.394105 -0.137950
v 0.544895 0.359694 -0.108386
v 0.375330 0.334123 -0.074658
v 0.191342 0.318378 -0.038060
v 0.195090 0.861149 0.000000
v 0.382683 0.845403 0.000000
v 0.555570 0.819833 0.000000
v 0.707107 0.785421 -0.000000
v 0.831469 0.743491 0.000000
v 0.923879 0.695653 -0.000000
v 0.980785 0.643745 0.000000
v 1.000000 0.589763 0.000000
v 0.980785 0.535781 0.000000
v 0.923879 0.483874 -0.000000
v 0.831469 0.436035 0.000000
v 0.707107 0.394105 -0.000000
v 0.555570 0.359694 0.000000
v 0.382683 0.334123 0.000000
v 0.195090 0.318378 0.000000
v 0.191342 0.861149 0.038060
v 0.375330 0.845403 0.074658
v 0.544895 0.819833 0.108386
v 0.693520 0.785421 0.137950
v 0.815493 0.743491 0.162212
v 0.906127 0.695653 0.180240
v 0.961940 0.643745 0.191342
v 0.980785 0.589763 0.195090
v 0.961940 0.535781 0.191342
v 0.906127 0.483874 0.180240
v 0.815493 0.436035 0.162212
v 0.693520 0.394105 0.137950
v 0.544895 0.359694 0.108386
v 0.375330 0.334123 0.074658
v 0.191342 0.318378 0.038060
v 0.180240 0.861149 0.074658
v 0.353553 0.845403 0.146447
v 0.513280 0.819833 0.212608
v 0.653281 0.785421 0.270598
v 0.768178 0.743491 0.318190
v 0.853553 0.695653 0.353553
v 0.906127 0.643745 0.375330
v 0.923879 0.589763 0.382683
v 0.906127 0.535781 0.375330
v 0.853553 0.483874 0.353553
v 0.768178 0.436035 0.318190
v 0.653281 0.394105 0.270598
v 0.513280 0.359694 0.212608
v 0.353553 0.334123 0.146447
v 0.180240 0.318378 0.074658
v 0.162212 0.861149 0.108386
v 0.318190 0.845403 0.212608
v 0.461940 0.819833 0.308658
v 0.587938 0.785421 0.392847
v 0.691341 0.743491 0.461940
v 0.768178 0.695653 0.513280
v 0.815493 0.643745 0.544895
v 0.831469 0.589763 0.555570
v 0.815493 0.535781 0.544895
v 0.768178 0.483874 0.513280
v 0.691341 0.436035 0.461940
v 0.587938 0.394105 0.392847
v 0.461940 0.359694 0.308658
v 0.318190 0.334123 0.212608
v 0.162212 0.318378 0.108386
v 0.137950 0.861149 0.137950
v 0.270598 0.845403 0.270598
v 0.392847 0.819833 0.392847
v 0.500000 0.785421 0.500000
v 0.587938 0.743491 0.587938
v 0.653281 0.695653 0.653281
v 0.693520 0.643745 0.693520
v 0.707106 0.589763 0.707107
v 0.693520 0.535781 0.693520
v 0.653281 0.483874 0.653281
v 0.587938 0.436035 0.587938
v 0.500000 0.394105 0.500000
v 0.392847 0.359694 0.392847
v 0.270598 0.334123 0.270598
v 0.137950 0.318378 0.137950
v 0.108386 0.861149 0.162212
v 0.212607 0.845403 0.318190
v 0.308658 0.819833 0.461940
v 0.392847 0.785421 0.587938
v 0.461940 0.743491 0.691342
v 0.513280 0.695653 0.768178
v 0.544895 0.643745 0.815493
v 0.555570 0.589763 0.831469
v 0.544895 0.535781 0.815493
v 0.513280 0.483874 0.768178
v 0.461940 0.436035 0.691342
v 0.392847 0.394105 0.587938
v 0.308658 0.359694 0.461940
v 0.212607 0.334123 0.318190
v 0.108386 0.318378 0.162212
v 0.074658 0.861149 0.180240
v 0.146447 0.845403 0.353553
v 0.212607 0.819833 0.513280
v 0.270598 0.785421 0.653281
v 0.318189 0.743491 0.768178
v 0.353553 0.695653 0.853553
v 0.375330 0.643745 0.906127
v 0.382683 0.589763 0.923879
v 0.375330 0.535781 0.906127
v 0.353553 0.483874 0.853553
v 0.318189 0.436035 0.768178
v 0.270598 0.394105 0.653281
v 0.212607 0.359694 0.513280
v 0.146447 0.334123 0.353553
v 0.074658 0.318378 0.180240
v 0.038060 0.861149 0.191342
v 0.074658 0.845403 0.375330
v 0.108386 0.819833 0.544895
v 0.137950 0.785421 0.693520
v 0.162212 0.743491 0.815493
v 0.180240 0.695653 0.906127
v 0.191342 0.643745 0.961939
v 0.195090 0.589763 0.980785
v 0.191342 0.535781 0.961939
v 0.180240 0.483874 0.906127
v 0.162212 0.436035 0.815493
v 0.137950 0.394105 0.693520
v 0.108386 0.359694 0.544895
v 0.074658 0.334123 0.375330
v 0.038060 0.318378 0.191342
v -0.000000 0.861149 0.195090
v -0.000000 0.845403 0.382683
v -0.000000 0.819833 0.555570
v -0.000000 0.785421 0.707107
v -0.000000 0.743491 0.831469
v 0.000000 0.695653 0.923879
v -0.000000 0.643745 0.980785
v -0.000000 0.589763 0.999999
v -0.000000 0.535781 0.980785
v 0.000000 0.483874 0.923879
v -0.000000 0.436035 0.831469
v -0.000000 0.394105 0.707107
v -0.000000 0.359694 0.555570
v -0.000000 0.334123 0.382683
v -0.000000 0.318378 0.195090
v -0.038060 0.861149 0.191342
v -0.074658 0.845403 0.375330
v -0.108386 0.819833 0.544895
v -0.137950 0.785421 0.693520
v -0.162212 0.743491 0.815493
v -0.180240 0.695653 0.906127
v -0.191342 0.643745 0.961939
v -0.195091 0.589763 0.980785
v -0.191342 0.535781 0.961939
v -0.180240 0.483874 0.906127
v -0.162212 0.436035 0.815493
v -0.137950 0.394105 0.693520
v -0.108386 0.359694 0.544895
v -0.074658 0.334123 0.375330
v -0.038060 0.318378 0.191342
v -0.074658 0.861149 0.180240
v -0.146447 0.845403 0.353553
v -0.212608 0.819833 0.513280
v -0.270598 0.785421 0.653281
v -0.318190 0.743491 0.768177
v -0.353553 0.695653 0.853553
v -0.375330 0.643745 0.906127
v -0.382683 0.589763 0.923879
v -0.375330 0.535781 0.906127
v -0.353553 0.483874 0.853553
v -0.318190 0.436035 0.768177
v -0.270598 0.394105 0.653281
v -0.212608 0.359694 0.513280
v -0.146447 0.334123 0.353553
v -0.074658 0.318378 0.180240
v -0.108386 0.861149 0.162212
v -0.212608 0.845403 0.318190
v -0.308658 0.819833 0.461939
v -0.392847 0.785421 0.587938
v -0.461940 0.743491 0.691341
v -0.513280 0.695653 0.768178
v -0.544895 0.643745 0.815493
v -0.555570 0.589763 0.831469
v -0.544895 0.535781 0.815493
v -0.513280 0.483874 0.768178
v -0.461940 0.436035 0.691341
v -0.392847 0.394105 0.587938
v -0.308658 0.359694 0.461939
v -0.212608 0.334123 0.318190
v -0.108386 0.318378 0.162212
v -0.137950 0.861149 0.137950
v -0.270598 0.845403 0.270598
v -0.392847 0.819833 0.392847
v -0.500000 0.785421 0.500000
v -0.587938 0.743491 0.587937
v -0.653281 0.695653 0.653281
v -0.693520 0.643745 0.693520
v -0.707106 0.589763 0.707106
v -0.693520 0.535781 0.693520
v -0.653281 0.483874 0.653281
v -0.587938 0.436035 0.587937
v -0.500000 0.394105 0.500000
v -0.392847 0.359694 0.392847
v -0.270598 0.334123 0.270598
v -0.137950 0.318378 0.137950
v 0.000000 0.313061 0.000000
v -0.162212 0.861149 0.108386
v -0.318190 0.845403 0.212607
v -0.461940 0.819833 0.308658
v -0.587938 0.785421 0.392847
v -0.691341 0.743491 0.461939
v -0.768177 0.695653 0.513280
v -0.815493 0.643745 0.544895
v -0.831469 0.589763 0.555569
v -0.815493 0.535781 0.544895
v -0.768177 0.483874 0.513280
v -0.691341 0.436035 0.461939
v -0.587938 0.394105 0.392847
v -0.461940 0.359694 0.308658
v -0.318190 0.334123 0.212607
v -0.162212 0.318378 0.108386
v -0.180240 0.861149 0.074658
v -0.353553 0.845403 0.146447
v -0.513280 0.819833 0.212607
v -0.653281 0.785421 0.270598
v -0.768177 0.743491 0.318189
v -0.853553 0.695653 0.353553
v -0.906127 0.643745 0.375330
v -0.923879 0.589763 0.382683
v -0.906127 0.535781 0.375330
v -0.853553 0.483874 0.353553
v -0.768177 0.436035 0.318189
v -0.653281 0.394105 0.270598
v -0.513280 0.359694 0.212607
v -0.353553 0.334123 0.146447
v -0.180240 0.318378 0.074658
v -0.191342 0.861149 0.038060
v -0.375330 0.845403 0.074658
v -0.544895 0.819833 0.108386
v -0.693520 0.785421 0.137950
v -0.815493 0.743491 0.162211
v -0.906127 0.695653 0.180240
v -0.961939 0.643745 0.191341
v -0.980784 0.589763 0.195090
v -0.961939 0.535781 0.191341
v -0.906127 0.483874 0.180240
v -0.815493 0.436035 0.162211
v -0.693520 0.394105 0.137950
v -0.544895 0.359694 0.108386
v -0.375330 0.334123 0.074658
v -0.191342 0.318378 0.038060
v -0.195090 0.861149 -0.000000
v -0.382683 0.845403 -0.000000
v -0.555570 0.819833 -0.000000
v -0.707107 0.785421 -0.000000
v -0.831469 0.743491 -0.000000
v -0.923879 0.695653 -0.000000
v -0.980785 0.643745 -0.000000
v -0.999999 0.589763 -0.000000
v -0.980785 0.535781 -0.000000
v -0.923879 0.483874 -0.000000
v -0.831469 0.436035 -0.000000
v -0.707107 0.394105 -0.000000
v -0.555570 0.359694 -0.000000
v -0.382683 0.334123 -0.000000
v -0.195090 0.318378 -0.000000
v -0.191342 0.861149 -0.038060
v -0.375330 0.845403 -0.074658
v -0.544895 0.819833 -0.108386
v -0.693520 0.785421 -0.137950
v -0.815493 0.743491 -0.162212
v -0.906127 0.695653 -0.180240
v -0.961939 0.643745 -0.191342
v -0.980784 0.589763 -0.195091
v -0.961939 0.535781 -0.191342
v -0.906127 0.483874 -0.180240
v -0.815493 0.436035 -0.162212
v -0.693520 0.394105 -0.137950
v -0.544895 0.359694 -0.108386
v -0.375330 0.334123 -0.074658
v -0.191342 0.318378 -0.038060
v -0.180240 0.861149 -0.074658
v -0.353553 0.845403 -0.146447
v -0.513279 0.819833 -0.212607
v -0.653281 0.785421 -0.270598
v -0.768177 0.743491 -0.318190
v -0.853553 0.695653 -0.353553
v -0.906127 0.643745 -0.375330
v -0.923878 0.589763 -0.382683
v -0.906127 0.535781 -0.375330
v -0.853553 0.483874 -0.353553
v -0.768177 0.436035 -0.318190
v -0.653281 0.394105 -0.270598
v -0.513279 0.359694 -0.212607
v -0.353553 0.334123 -0.146447
v -0.180240 0.318378 -0.074658
v -0.162212 0.861149 -0.108386
v -0.318189 0.845403 -0.212607
v -0.461939 0.819833 -0.308658
v -0.587938 0.785421 -0.392847
v -0.691341 0.743491 -0.461940
v -0.768177 0.695653 -0.513280
v -0.815493 0.643745 -0.544895
v -0.831468 0.589763 -0.555570
v -0.815493 0.535781 -0.544895
v -0.768177 0.483874 -0.513280
v -0.691341 0.436035 -0.461940
v -0.587938 0.394105 -0.392847
v -0.461939 0.359694 -0.308658
v -0.318189 0.334123 -0.212607
v -0.162212 0.318378 -0.108386
v -0.137950 0.861149 -0.137950
v -0.270598 0.845403 -0.270598
v -0.392847 0.819833 -0.392847
v -0.500000 0.785421 -0.500000
v -0.587937 0.743491 -0.587938
v -0.653281 0.695653 -0.653281
v -0.693519 0.643745 -0.693520
v -0.707106 0.589763 -0.707106
v -0.693519 0.535781 -0.693520
v -0.653281 0.483874 -0.653281
v -0.587937 0.436035 -0.587938
v -0.500000 0.394105 -0.500000
v -0.392847 0.359694 -0.392847
v -0.270598 0.334123 -0.270598
v -0.137950 0.318378 -0.137950
v -0.108386 0.861149 -0.162212
v -0.212607 0.845403 -0.318190
v -0.308658 0.819833 -0.461939
v -0.392847 0.785421 -0.587938
v -0.461939 0.743491 -0.691341
v -0.513280 0.695653 -0.768177
v -0.544895 0.643745 -0.815493
v -0.555569 0.589763 -0.831469
v -0.544895 0.535781 -0.815493
v -0.513280 0.483874 -0.768177
v -0.461939 0.436035 -0.691341
v -0.392847 0.394105 -0.587938
v -0.308658 0.359694 -0.461939
v -0.212607 0.334123 -0.318190
v -0.108386 0.318378 -0.162212
v -0.074658 0.861149 -0.180240
v -0.146446 0.845403 -0.353553
v -0.212607 0.819833 -0.513279
v -0.270598 0.785421 -0.653281
v -0.318189 0.743491 -0.768177
v -0.353553 0.695653 -0.853553
v -0.375330 0.643745 -0.906127
v -0.382683 0.589763 -0.923879
v -0.375330 0.535781 -0.906127
v -0.353553 0.483874 -0.853553
v -0.318189 0.436035 -0.768177
v -0.270598 0.394105 -0.653281
v -0.212607 0.359694 -0.513279
v -0.146446 0.334123 -0.353553
v -0.074658 0.318378 -0.180240
v -0.038060 0.861149 -0.191342
v -0.074658 0.845403 -0.375330
v -0.108386 0.819833 -0.544895
v -0.137950 0.785421 -0.693520
v -0.162211 0.743491 -0.815493
v -0.180240 0.695653 -0.906127
v -0.191341 0.643745 -0.961939
v -0.195090 0.589763 -0.980784
v -0.191341 0.535781 -0.961939
v -0.180240 0.483874 -0.906127
v -0.162211 0.436035 -0.815493
v -0.137950 0.394105 -0.693520
v -0.108386 0.359694 -0.544895
v -0.074658 0.334123 -0.375330
v -0.038060 0.318378 -0.191342
v 0.000000 0.861149 -0.195090
v 0.000000 0.845403 -0.382683
v 0.000000 0.785421 -0.707107
v 0.000000 0.695653 -0.923879
v 0.000000 0.483874 -0.923879
v 0.000000 0.394105 -0.707107
v 0.000000 0.359694 -0.555570
v 0.000000 0.334123 -0.382683
v 0.000000 0.318378 -0.195090
vn 0.0315 -0.9471 -0.3193
vn 0.0315 0.9471 -0.3193
vn 0.0218 -0.9749 -0.2214
vn 0.0452 0.8872 -0.4593
vn 0.0144 -0.9891 -0.1463
vn 0.0662 0.7372 -0.6724
vn 0.0082 -0.9965 -0.0836
vn 0.0924 0.3339 -0.9381
vn 0.0027 0.9996 -0.0272
vn 0.0027 -0.9996 -0.0272
vn 0.0924 -0.3339 -0.9381
vn 0.0082 0.9965 -0.0836
vn 0.0662 -0.7372 -0.6724
vn 0.0144 0.9891 -0.1463
vn 0.0452 -0.8872 -0.4593
vn 0.0218 0.9749 -0.2214
vn 0.1340 -0.8872 -0.4416
vn 0.0646 0.9749 -0.2129
vn 0.0931 -0.9471 -0.3071
vn 0.0931 0.9471 -0.3071
vn 0.0646 -0.9749 -0.2129
vn 0.1340 0.8872 -0.4416
vn 0.0427 -0.9891 -0.1407
vn 0.1961 0.7372 -0.6466
vn 0.0244 -0.9965 -0.0804
vn 0.2736 0.3339 -0.9020
vn 0.0079 0.9996 -0.0262
vn 0.0079 -0.9996 -0.0262
vn 0.2736 -0.3339 -0.9020
vn 0.0244 0.9965 -0.0804
vn 0.1961 -0.7372 -0.6466
vn 0.0427 0.9891 -0.1407
vn 0.0396 -0.9965 -0.0741
vn 0.4443 0.3339 -0.8313
vn 0.0129 0.9996 -0.0241
vn 0.0129 -0.9996 -0.0241
vn 0.4443 -0.3339 -0.8313
vn 0.0396 0.9965 -0.0741
vn 0.3185 -0.7372 -0.5959
vn 0.0693 0.9891 -0.1296
vn 0.2175 -0.8872 -0.4070
vn 0.1049 0.9749 -0.1962
vn 0.1513 -0.9471 -0.2830
vn 0.1513 0.9471 -0.2830
vn 0.1049 -0.9749 -0.1962
vn 0.2175 0.8872 -0.4070
vn 0.0693 -0.9891 -0.1296
vn 0.3185 0.7372 -0.5959
vn 0.1411 0.9749 -0.1720
vn 0.2036 -0.9471 -0.2480
vn 0.2036 0.9471 -0.2480
vn 0.1411 -0.9749 -0.1720
vn 0.2928 0.8872 -0.3567
vn 0.0933 -0.9891 -0.1136
vn 0.4287 0.7372 -0.5223
vn 0.0533 -0.9965 -0.0650
vn 0.5980 0.3339 -0.7286
vn 0.0174 0.9996 -0.0212
vn 0.0174 -0.9996 -0.0212
vn 0.5980 -0.3339 -0.7286
vn 0.0533 0.9965 -0.0650
vn 0.4287 -0.7372 -0.5223
vn 0.0933 0.9891 -0.1136
vn 0.2928 -0.8872 -0.3567
vn 0.7286 0.3339 -0.5980
vn 0.0212 0.9996 -0.0174
vn 0.0212 -0.9996 -0.0174
vn 0.7286 -0.3339 -0.5980
vn 0.0650 0.9965 -0.0533
vn 0.5223 -0.7372 -0.4287
vn 0.1136 0.9891 -0.0933
vn 0.3567 -0.8872 -0.2928
vn 0.1720 0.9749 -0.1411
vn 0.2480 -0.9471 -0.2036
vn 0.2480 0.9471 -0.2036
vn 0.1720 -0.9749 -0.1411
vn 0.3567 0.8872 -0.2928
vn 0.1136 -0.9891 -0.0933
vn 0.5223 0.7372 -0.4287
vn 0.0650 -0.9965 -0.0533
vn 0.2830 -0.9471 -0.1513
vn 0.2830 0.9471 -0.1513
vn 0.1962 -0.9749 -0.1049
vn 0.4070 0.8872 -0.2175
vn 0.1296 -0.9891 -0.0693
vn 0.5959 0.7372 -0.3185
vn 0.0741 -0.9965 -0.0396
vn 0.8313 0.3339 -0.4443
vn 0.0241 0.9996 -0.0129
vn 0.0241 -0.9996 -0.0129
vn 0.8313 -0.3339 -0.4443
vn 0.0741 0.9965 -0.0396
vn 0.5959 -0.7372 -0.3185
vn 0.1296 0.9891 -0.0693
vn 0.4070 -0.8872 -0.2175
vn 0.1962 0.9749 -0.1049
vn 0.0262 0.9996 -0.0079
vn 0.0262 -0.9996 -0.0079
vn 0.9020 -0.3339 -0.2736
vn 0.0804 0.9965 -0.0244
vn 0.6466 -0.7372 -0.1961
vn 0.1407 0.9891 -0.0427
vn 0.4416 -0.8872 -0.1340
vn 0.2129 0.9749 -0.0646
vn 0.3071 -0.9471 -0.0931
vn 0.3071 0.9471 -0.0931
vn 0.2129 -0.9749 -0.0646
vn 0.4416 0.8872 -0.1340
vn 0.1407 -0.9891 -0.0427
vn 0.6466 0.7372 -0.1961
vn 0.0804 -0.9965 -0.0244
vn 0.9020 0.3339 -0.2736
vn 0.3193 0.9471 -0.0315
vn 0.2214 -0.9749 -0.0218
vn 0.4593 0.8872 -0.0452
vn 0.1463 -0.9891 -0.0144
vn 0.6724 0.7372 -0.0662
vn 0.0836 -0.9965 -0.0082
vn 0.9381 0.3339 -0.0924
vn 0.0272 0.9996 -0.0027
vn 0.0272 -0.9996 -0.0027
vn 0.9381 -0.3339 -0.0924
vn 0.0836 0.9965 -0.0082
vn 0.6724 -0.7372 -0.0662
vn 0.1463 0.9891 -0.0144
vn 0.4593 -0.8872 -0.0452
vn 0.2214 0.9749 -0.0218
vn 0.3193 -0.9471 -0.0315
vn 0.9381 -0.3339 0.0924
vn 0.0836 0.9965 0.0082
vn 0.6724 -0.7372 0.0662
vn 0.1463 0.9891 0.0144
vn 0.4593 -0.8872 0.0452
vn 0.2214 0.9749 0.0218
vn 0.3193 -0.9471 0.0315
vn 0.3193 0.9471 0.0315
vn 0.2214 -0.9749 0.0218
vn 0.4593 0.8872 0.0452
vn 0.1463 -0.9891 0.0144
vn 0.6724 0.7372 0.0662
vn 0.0836 -0.9965 0.0082
vn 0.9381 0.3339 0.0924
vn 0.0272 0.9996 0.0027
vn 0.0272 -0.9996 0.0027
vn 0.2129 -0.9749 0.0646
vn 0.4416 0.8872 0.1340
vn 0.1407 -0.9891 0.0427
vn 0.6466 0.7372 0.1961
vn 0.0804 -0.9965 0.0244
vn 0.9020 0.3339 0.2736
vn 0.0262 0.9996 0.0079
vn 0.0262 -0.9996 0.0079
vn 0.9020 -0.3339 0.2736
vn 0.0804 0.9965 0.0244
vn 0.6466 -0.7372 0.1961
vn 0.1407 0.9891 0.0427
vn 0.4416 -0.8872 0.1340
vn 0.2129 0.9749 0.0646
vn 0.3071 -0.9471 0.0931
vn 0.3071 0.9471 0.0931
vn 0.5959 -0.7372 0.3185
vn 0.1296 0.9891 0.0693
vn 0.4070 -0.8872 0.2175
vn 0.1962 0.9749 0.1049
vn 0.2830 -0.9471 0.1513
vn 0.2830 0.9471 0.1513
vn 0.1962 -0.9749 0.1049
vn 0.4070 0.8872 0.2175
vn 0.1296 -0.9891 0.0693
vn 0.5959 0.7372 0.3185
vn 0.0741 -0.9965 0.0396
vn 0.8313 0.3339 0.4443
vn 0.0241 0.9996 0.0129
vn 0.0241 -0.9996 0.0129
vn 0.8313 -0.3339 0.4443
vn 0.0741 0.9965 0.0396
vn 0.1136 -0.9891 0.0933
vn 0.5223 0.7372 0.4287
vn 0.0650 -0.9965 0.0533
vn 0.7286 0.3339 0.5980
vn 0.0212 0.9996 0.0174
vn 0.0212 -0.9996 0.0174
vn 0.7286 -0.3339 0.5980
vn 0.0650 0.9965 0.0533
vn 0.5223 -0.7372 0.4287
vn 0.1136 0.9891 0.0933
vn 0.3567 -0.8872 0.2928
vn 0.1720 0.9749 0.1411
vn 0.2480 -0.9471 0.2036
vn 0.2480 0.9471 0.2036
vn 0.1720 -0.9749 0.1411
vn 0.3567 0.8872 0.2928
vn 0.0933 0.9891 0.1136
vn 0.2928 -0.8872 0.3567
vn 0.1411 0.9749 0.1720
vn 0.2036 -0.9471 0.2480
vn 0.2036 0.9471 0.2480
vn 0.1411 -0.9749 0.1720
vn 0.2928 0.8872 0.3567
vn 0.0933 -0.9891 0.1136
vn 0.4287 0.7372 0.5223
vn 0.0533 -0.9965 0.0650
vn 0.5980 0.3339 0.7286
vn 0.0174 0.9996 0.0212
vn 0.0174 -0.9996 0.0212
vn 0.5980 -0.3339 0.7286
vn 0.0533 0.9965 0.0650
vn 0.4287 -0.7372 0.5223
vn 0.3185 0.7372 0.5959
vn 0.0396 -0.9965 0.0741
vn 0.4443 0.3339 0.8313
vn 0.0129 0.9996 0.0241
vn 0.0129 -0.9996 0.0241
vn 0.4443 -0.3339 0.8313
vn 0.0396 0.9965 0.0741
vn 0.3185 -0.7372 0.5959
vn 0.0693 0.9891 0.1296
vn 0.2175 -0.8872 0.4070
vn 0.1049 0.9749 0.1962
vn 0.1513 -0.9471 0.2830
vn 0.1513 0.9471 0.2830
vn 0.1049 -0.9749 0.1962
vn 0.2175 0.8872 0.4070
vn 0.0693 -0.9891 0.1296
vn 0.1340 -0.8872 0.4416
vn 0.0646 0.9749 0.2129
vn 0.0931 -0.9471 0.3071
vn 0.0931 0.9471 0.3071
vn 0.0646 -0.9749 0.2129
vn 0.1340 0.8872 0.4416
vn 0.0427 -0.9891 0.1407
vn 0.1961 0.7372 0.6466
vn 0.0244 -0.9965 0.0804
vn 0.2736 0.3339 0.9020
vn 0.0080 0.9996 0.0262
vn 0.0079 -0.9996 0.0262
vn 0.2736 -0.3339 0.9020
vn 0.0244 0.9965 0.0804
vn 0.1961 -0.7372 0.6466
vn 0.0427 0.9891 0.1407
vn 0.0082 -0.9965 0.0836
vn 0.0924 0.3339 0.9381
vn 0.0027 0.9996 0.0272
vn 0.0027 -0.9996 0.0272
vn 0.0924 -0.3339 0.9381
vn 0.0082 0.9965 0.0836
vn 0.0662 -0.7372 0.6724
vn 0.0144 0.9891 0.1463
vn 0.0452 -0.8872 0.4593
vn 0.0218 0.9749 0.2214
vn 0.0315 -0.9471 0.3193
vn 0.0315 0.9471 0.3193
vn 0.0218 -0.9749 0.2214
vn 0.0452 0.8872 0.4593
vn 0.0144 -0.9891 0.1463
vn 0.0662 0.7372 0.6724
vn -0.0218 0.9749 0.2214
vn -0.0315 -0.9471 0.3193
vn -0.0315 0.9471 0.3193
vn -0.0218 -0.9749 0.2214
vn -0.0452 0.8872 0.4593
vn -0.0144 -0.9891 0.1463
vn -0.0662 0.7372 0.6724
vn -0.0082 -0.9965 0.0836
vn -0.0924 0.3339 0.9381
vn -0.0027 0.9996 0.0272
vn -0.0027 -0.9996 0.0272
vn -0.0924 -0.3339 0.9381
vn -0.0082 0.9965 0.0836
vn -0.0662 -0.7372 0.6724
vn -0.0144 0.9891 0.1463
vn -0.0452 -0.8872 0.4593
vn -0.2736 0.3339 0.9020
vn -0.0079 0.9996 0.0262
vn -0.0079 -0.9996 0.0262
vn -0.2736 -0.3339 0.9020
vn -0.0244 0.9965 0.0804
vn -0.1961 -0.7372 0.6466
vn -0.0427 0.9891 0.1407
vn -0.1340 -0.8872 0.4416
vn -0.0646 0.9749 0.2129
vn -0.0931 -0.9471 0.3071
vn -0.0931 0.9471 0.3071
vn -0.0646 -0.9749 0.2129
vn -0.1340 0.8872 0.4416
vn -0.0427 -0.9891 0.1407
vn -0.1961 0.7372 0.6466
vn -0.0244 -0.9965 0.0804
vn -0.1513 -0.9471 0.2830
vn -0.1513 0.9471 0.2830
vn -0.1049 -0.9749 0.1962
vn -0.2175 0.8872 0.4070
vn -0.0693 -0.9891 0.1296
vn -0.3185 0.7372 0.5959
vn -0.0396 -0.9965 0.0741
vn -0.4443 0.3339 0.8313
vn -0.0129 0.9996 0.0241
vn -0.0129 -0.9996 0.0241
vn -0.4443 -0.3339 0.8313
vn -0.0396 0.9965 0.0741
vn -0.3185 -0.7372 0.5959
vn -0.0693 0.9891 0.1296
vn -0.2175 -0.8872 0.4070
vn -0.1049 0.9749 0.1962
vn -0.0174 -0.9996 0.0212
vn -0.5980 -0.3339 0.7286
vn -0.0533 0.9965 0.0650
vn -0.4287 -0.7372 0.5223
vn -0.0933 0.9891 0.1136
vn -0.2928 -0.8872 0.3567
vn -0.1411 0.9749 0.1720
vn -0.2036 -0.9471 0.2480
vn -0.2036 0.9471 0.2480
vn -0.1411 -0.9749 0.1720
vn -0.2928 0.8872 0.3567
vn -0.0933 -0.9891 0.1136
vn -0.4287 0.7372 0.5223
vn -0.0533 -0.9965 0.0650
vn -0.5980 0.3339 0.7286
vn -0.0174 0.9996 0.0212
vn -0.1720 -0.9749 0.1411
vn -0.3567 0.8872 0.2928
vn -0.1136 -0.9891 0.0933
vn -0.5223 0.7372 0.4287
vn -0.0650 -0.9965 0.0533
vn -0.7286 0.3339 0.5980
vn -0.0212 0.9996 0.0174
vn -0.0212 -0.9996 0.0174
vn -0.7286 -0.3339 0.5980
vn -0.0650 0.9965 0.0533
vn -0.5223 -0.7372 0.4287
vn -0.1136 0.9891 0.0933
vn -0.3567 -0.8872 0.2928
vn -0.1720 0.9749 0.1411
vn -0.2480 -0.9471 0.2036
vn -0.2480 0.9471 0.2036
vn -0.0741 0.9965 0.0396
vn -0.5959 -0.7372 0.3185
vn -0.1296 0.9891 0.0693
vn -0.4070 -0.8872 0.2175
vn -0.1962 0.9749 0.1049
vn -0.2830 -0.9471 0.1513
vn -0.2830 0.9471 0.1513
vn -0.1962 -0.9749 0.1049
vn -0.4070 0.8872 0.2175
vn -0.1296 -0.9891 0.0693
vn -0.5959 0.7372 0.3185
vn -0.0741 -0.9965 0.0396
vn -0.8313 0.3339 0.4443
vn -0.0241 0.9996 0.0129
vn -0.0241 -0.9996 0.0129
vn -0.8313 -0.3339 0.4443
vn -0.4416 0.8872 0.1340
vn -0.1407 -0.9891 0.0427
vn -0.6466 0.7372 0.1961
vn -0.0804 -0.9965 0.0244
vn -0.9020 0.3339 0.2736
vn -0.0262 0.9996 0.0079
vn -0.0262 -0.9996 0.0079
vn -0.9020 -0.3339 0.2736
vn -0.0804 0.9965 0.0244
vn -0.6466 -0.7372 0.1961
vn -0.1407 0.9891 0.0427
vn -0.4416 -0.8872 0.1340
vn -0.2129 0.9749 0.0646
vn -0.3071 -0.9471 0.0931
vn -0.3071 0.9471 0.0931
vn -0.2129 -0.9749 0.0646
vn -0.6724 -0.7372 0.0662
vn -0.1463 0.9891 0.0144
vn -0.4593 -0.8872 0.0452
vn -0.2214 0.9749 0.0218
vn -0.3193 -0.9471 0.0315
vn -0.3193 0.9471 0.0315
vn -0.2214 -0.9749 0.0218
vn -0.4593 0.8872 0.0452
vn -0.1463 -0.9891 0.0144
vn -0.6724 0.7372 0.0662
vn -0.0836 -0.9965 0.0082
vn -0.9381 0.3339 0.0924
vn -0.0272 0.9996 0.0027
vn -0.0272 -0.9996 0.0027
vn -0.9381 -0.3339 0.0924
vn -0.0836 0.9965 0.0082
vn -0.1463 -0.9891 -0.0144
vn -0.6724 0.7372 -0.0662
vn -0.0836 -0.9965 -0.0082
vn -0.9381 0.3339 -0.0924
vn -0.0272 0.9996 -0.0027
vn -0.0272 -0.9996 -0.0027
vn -0.9381 -0.3339 -0.0924
vn -0.0836 0.9965 -0.0082
vn -0.6724 -0.7372 -0.0662
vn -0.1463 0.9891 -0.0144
vn -0.4593 -0.8872 -0.0452
vn -0.2214 0.9749 -0.0218
vn -0.3193 -0.9471 -0.0315
vn -0.3193 0.9471 -0.0315
vn -0.2214 -0.9749 -0.0218
vn -0.4593 0.8872 -0.0452
vn -0.1407 0.9891 -0.0427
vn -0.4416 -0.8872 -0.1340
vn -0.2129 0.9749 -0.0646
vn -0.3071 -0.9471 -0.0931
vn -0.3071 0.9471 -0.0931
vn -0.2129 -0.9749 -0.0646
vn -0.4416 0.8872 -0.1340
vn -0.1407 -0.9891 -0.0427
vn -0.6466 0.7372 -0.1961
vn -0.0804 -0.9965 -0.0244
vn -0.9020 0.3339 -0.2736
vn -0.0262 0.9996 -0.0079
vn -0.0262 -0.9996 -0.0079
vn -0.9020 -0.3339 -0.2736
vn -0.0804 0.9965 -0.0244
vn -0.6466 -0.7372 -0.1961
vn -0.5959 0.7372 -0.3185
vn -0.0741 -0.9965 -0.0396
vn -0.8313 0.3339 -0.4443
vn -0.0241 0.9996 -0.0129
vn -0.0241 -0.9996 -0.0129
vn -0.8313 -0.3339 -0.4443
vn -0.0741 0.9965 -0.0396
vn -0.5959 -0.7372 -0.3185
vn -0.1296 0.9891 -0.0693
vn -0.4070 -0.8872 -0.2175
vn -0.1962 0.9749 -0.1049
vn -0.2830 -0.9471 -0.1513
vn -0.2830 0.9471 -0.1513
vn -0.1962 -0.9749 -0.1049
vn -0.4070 0.8872 -0.2175
vn -0.1296 -0.9891 -0.0693
vn -0.3567 -0.8872 -0.2928
vn -0.1720 0.9749 -0.1411
vn -0.2480 -0.9471 -0.2036
vn -0.2480 0.9471 -0.2036
vn -0.1720 -0.9749 -0.1411
vn -0.3567 0.8872 -0.2928
vn -0.1136 -0.9891 -0.0933
vn -0.5223 0.7372 -0.4287
vn -0.0650 -0.9965 -0.0533
vn -0.7286 0.3339 -0.5980
vn -0.0212 0.9996 -0.0174
vn -0.0212 -0.9996 -0.0174
vn -0.7286 -0.3339 -0.5980
vn -0.0650 0.9965 -0.0533
vn -0.5223 -0.7372 -0.4287
vn -0.1136 0.9891 -0.0933
vn -0.0533 -0.9965 -0.0650
vn -0.5980 0.3339 -0.7286
vn -0.0174 0.9996 -0.0212
vn -0.0174 -0.9996 -0.0212
vn -0.5980 -0.3339 -0.7286
vn -0.0533 0.9965 -0.0650
vn -0.4287 -0.7372 -0.5223
vn -0.0933 0.9891 -0.1136
vn -0.2928 -0.8872 -0.3567
vn -0.1411 0.9749 -0.1720
vn -0.2036 -0.9471 -0.2480
vn -0.2036 0.9471 -0.2480
vn -0.1411 -0.9749 -0.1720
vn -0.2928 0.8872 -0.3567
vn -0.0933 -0.9891 -0.1136
vn -0.4287 0.7372 -0.5223
vn -0.1513 -0.9471 -0.2830
vn -0.1513 0.9471 -0.2830
vn -0.1049 -0.9749 -0.1962
vn -0.2175 0.8872 -0.4070
vn -0.0693 -0.9891 -0.1296
vn -0.3185 0.7372 -0.5959
vn -0.0396 -0.9965 -0.0741
vn -0.4443 0.3339 -0.8313
vn -0.0129 0.9996 -0.0241
vn -0.0129 -0.9996 -0.0241
vn -0.4443 -0.3339 -0.8313
vn -0.0396 0.9965 -0.0741
vn -0.3185 -0.7372 -0.5959
vn -0.0693 0.9891 -0.1296
vn -0.2175 -0.8872 -0.4070
vn -0.1049 0.9749 -0.1962
vn -0.0079 0.9996 -0.0262
vn -0.0079 -0.9996 -0.0262
vn -0.2736 -0.3339 -0.9020
vn -0.0244 0.9965 -0.0804
vn -0.1961 -0.7372 -0.6466
vn -0.0427 0.9891 -0.1407
vn -0.1340 -0.8872 -0.4416
vn -0.0646 0.9749 -0.2129
vn -0.0931 -0.9471 -0.3071
vn -0.0931 0.9471 -0.3071
vn -0.0646 -0.9749 -0.2129
vn -0.1340 0.8872 -0.4416
vn -0.0427 -0.9891 -0.1407
vn -0.1961 0.7372 -0.6466
vn -0.0244 -0.9965 -0.0804
vn -0.2736 0.3339 -0.9020
vn -0.0315 0.9471 -0.3193
vn -0.0218 -0.9749 -0.2214
vn -0.0452 0.8872 -0.4593
vn -0.0144 -0.9891 -0.1463
vn -0.0662 0.7372 -0.6724
vn -0.0082 -0.9965 -0.0836
vn -0.0924 0.3339 -0.9381
vn -0.0027 0.9996 -0.0272
vn -0.0027 -0.9996 -0.0272
vn -0.0924 -0.3339 -0.9381
vn -0.0082 0.9965 -0.0836
vn -0.0662 -0.7372 -0.6724
vn -0.0144 0.9891 -0.1463
vn -0.0452 -0.8872 -0.4593
vn -0.0218 0.9749 -0.2214
vn -0.0315 -0.9471 -0.3193
vt 0.152478 0.352929
vt 0.189245 0.352929
vt 0.189245 0.371313
vt 0.152478 0.371313
vt 0.409852 0.352929
vt 0.446620 0.352929
vt 0.446620 0.371313
vt 0.409852 0.371313
vt 0.115710 0.352929
vt 0.115710 0.371313
vt 0.373085 0.352929
vt 0.373085 0.371313
vt 0.078942 0.352929
vt 0.078942 0.371313
vt 0.336317 0.352929
vt 0.336317 0.371313
vt 0.042174 0.352929
vt 0.042174 0.371313
vt 0.299549 0.352929
vt 0.299549 0.371313
vt 0.556924 0.352929
vt 0.593691 0.362121
vt 0.556924 0.371313
vt 0.005406 0.362121
vt 0.262781 0.352929
vt 0.262781 0.371313
vt 0.520156 0.352929
vt 0.520156 0.371313
vt 0.226013 0.352929
vt 0.226013 0.371313
vt 0.483388 0.352929
vt 0.483388 0.371313
vt 0.226013 0.389696
vt 0.189245 0.389696
vt 0.483388 0.389696
vt 0.446620 0.389696
vt 0.152478 0.389696
vt 0.409852 0.389696
vt 0.115710 0.389697
vt 0.373085 0.389696
vt 0.078942 0.389697
vt 0.336317 0.389697
vt 0.042174 0.389696
vt 0.299549 0.389696
vt 0.593691 0.380505
vt 0.556924 0.389697
vt 0.005406 0.380505
vt 0.262781 0.389696
vt 0.520156 0.389696
vt 0.078942 0.408081
vt 0.042174 0.408081
vt 0.336317 0.408080
vt 0.299549 0.408080
vt 0.593691 0.398889
vt 0.556924 0.408080
vt 0.005406 0.398889
vt 0.262781 0.408080
vt 0.520156 0.408080
vt 0.226013 0.408080
vt 0.483388 0.408080
vt 0.189245 0.408081
vt 0.446620 0.408080
vt 0.152478 0.408081
vt 0.409852 0.408080
vt 0.115710 0.408081
vt 0.373085 0.408080
vt 0.483388 0.426464
vt 0.446620 0.426464
vt 0.189245 0.426464
vt 0.152478 0.426464
vt 0.409852 0.426464
vt 0.115710 0.426464
vt 0.373085 0.426464
vt 0.078942 0.426464
vt 0.336317 0.426464
vt 0.042174 0.426464
vt 0.299549 0.426464
vt 0.593691 0.417272
vt 0.556924 0.426464
vt 0.005406 0.417272
vt 0.262781 0.426464
vt 0.520156 0.426464
vt 0.226013 0.426464
vt 0.336317 0.444848
vt 0.299549 0.444848
vt 0.593691 0.435656
vt 0.556924 0.444848
vt 0.005406 0.435656
vt 0.042174 0.444848
vt 0.262781 0.444848
vt 0.520156 0.444848
vt 0.226013 0.444848
vt 0.483388 0.444848
vt 0.189245 0.444848
vt 0.446620 0.444848
vt 0.152478 0.444848
vt 0.409852 0.444848
vt 0.115710 0.444848
vt 0.373085 0.444848
vt 0.078942 0.444848
vt 0.189245 0.463232
vt 0.152478 0.463232
vt 0.446620 0.463232
vt 0.409852 0.463232
vt 0.115710 0.463232
vt 0.373085 0.463232
vt 0.078942 0.463232
vt 0.336317 0.463232
vt 0.042174 0.463232
vt 0.299549 0.463232
vt 0.593691 0.454040
vt 0.556924 0.463232
vt 0.005406 0.454040
vt 0.262781 0.463232
vt 0.520156 0.463232
vt 0.226013 0.463232
vt 0.483388 0.463232
vt 0.593691 0.472424
vt 0.556924 0.481616
vt 0.005406 0.472424
vt 0.042174 0.481616
vt 0.299549 0.481616
vt 0.262781 0.481616
vt 0.520156 0.481616
vt 0.226013 0.481616
vt 0.483388 0.481616
vt 0.189245 0.481616
vt 0.446620 0.481616
vt 0.152478 0.481616
vt 0.409852 0.481616
vt 0.115710 0.481616
vt 0.373085 0.481616
vt 0.078942 0.481616
vt 0.336317 0.481616
vt 0.446620 0.500000
vt 0.409852 0.500000
vt 0.152478 0.500000
vt 0.115710 0.500000
vt 0.373085 0.500000
vt 0.078942 0.500000
vt 0.336317 0.500000
vt 0.042174 0.500000
vt 0.299549 0.500000
vt 0.593691 0.490808
vt 0.556924 0.500000
vt 0.005406 0.490808
vt 0.262781 0.500000
vt 0.520156 0.500000
vt 0.226013 0.500000
vt 0.483388 0.500000
vt 0.189245 0.500000
vt 0.299549 0.518384
vt 0.262781 0.518384
vt 0.556924 0.518384
vt 0.520156 0.518384
vt 0.226013 0.518384
vt 0.483388 0.518384
vt 0.189245 0.518384
vt 0.446620 0.518384
vt 0.152478 0.518384
vt 0.409852 0.518384
vt 0.115710 0.518384
vt 0.373085 0.518384
vt 0.078942 0.518384
vt 0.336317 0.518384
vt 0.042174 0.518384
vt 0.593691 0.509192
vt 0.005406 0.509192
vt 0.152478 0.536768
vt 0.115710 0.536768
vt 0.409852 0.536768
vt 0.373085 0.536768
vt 0.078942 0.536768
vt 0.336317 0.536768
vt 0.042174 0.536768
vt 0.299549 0.536768
vt 0.593691 0.527576
vt 0.556924 0.536768
vt 0.005406 0.527576
vt 0.262781 0.536768
vt 0.520156 0.536768
vt 0.226013 0.536768
vt 0.483388 0.536768
vt 0.189245 0.536768
vt 0.446620 0.536768
vt 0.262781 0.555152
vt 0.226013 0.555152
vt 0.520156 0.555152
vt 0.483388 0.555152
vt 0.189245 0.555152
vt 0.446620 0.555152
vt 0.152478 0.555152
vt 0.409852 0.555152
vt 0.115710 0.555152
vt 0.373085 0.555152
vt 0.078942 0.555152
vt 0.336317 0.555152
vt 0.042174 0.555152
vt 0.299549 0.555152
vt 0.593691 0.545960
vt 0.556924 0.555152
vt 0.005406 0.545960
vt 0.115710 0.573536
vt 0.078942 0.573536
vt 0.373085 0.573536
vt 0.336317 0.573536
vt 0.042174 0.573536
vt 0.299549 0.573536
vt 0.593691 0.564344
vt 0.556924 0.573536
vt 0.005406 0.564344
vt 0.262781 0.573536
vt 0.520156 0.573536
vt 0.226013 0.573536
vt 0.483388 0.573536
vt 0.189245 0.573536
vt 0.446620 0.573536
vt 0.152478 0.573536
vt 0.409852 0.573536
vt 0.520156 0.591920
vt 0.483388 0.591920
vt 0.226013 0.591920
vt 0.189245 0.591920
vt 0.446620 0.591920
vt 0.152478 0.591920
vt 0.409852 0.591920
vt 0.115710 0.591920
vt 0.373085 0.591920
vt 0.078942 0.591920
vt 0.336317 0.591920
vt 0.042174 0.591920
vt 0.299549 0.591920
vt 0.593691 0.582728
vt 0.556924 0.591920
vt 0.005406 0.582728
vt 0.262781 0.591920
vt 0.373085 0.610303
vt 0.336317 0.610303
vt 0.078942 0.610304
vt 0.042174 0.610304
vt 0.299549 0.610304
vt 0.593691 0.601112
vt 0.556924 0.610303
vt 0.005406 0.601112
vt 0.262781 0.610303
vt 0.520156 0.610303
vt 0.226013 0.610303
vt 0.483388 0.610303
vt 0.189245 0.610303
vt 0.446620 0.610303
vt 0.152478 0.610304
vt 0.409852 0.610303
vt 0.115710 0.610304
vt 0.226013 0.628687
vt 0.189245 0.628687
vt 0.483388 0.628687
vt 0.446620 0.628687
vt 0.152478 0.628687
vt 0.409852 0.628687
vt 0.115710 0.628687
vt 0.373085 0.628687
vt 0.078942 0.628687
vt 0.336317 0.628687
vt 0.042174 0.628687
vt 0.299549 0.628687
vt 0.593691 0.619495
vt 0.556924 0.628687
vt 0.005406 0.619495
vt 0.262781 0.628687
vt 0.520156 0.628687
vt 0.078942 0.647071
vt 0.042174 0.647071
vt 0.336317 0.647071
vt 0.299549 0.647071
vt 0.593691 0.637879
vt 0.556924 0.647071
vt 0.005406 0.637879
vt 0.262781 0.647071
vt 0.520156 0.647071
vt 0.226013 0.647071
vt 0.483388 0.647071
vt 0.189245 0.647071
vt 0.446620 0.647071
vt 0.152478 0.647071
vt 0.409852 0.647071
vt 0.115710 0.647071
vt 0.373085 0.647071
vt 0.483388 0.665455
vt 0.446620 0.665455
vt 0.189245 0.665455
vt 0.152478 0.665455
vt 0.409852 0.665455
vt 0.115710 0.665455
vt 0.373085 0.665455
vt 0.078942 0.665455
vt 0.336317 0.665455
vt 0.042174 0.665455
vt 0.299549 0.665455
vt 0.593691 0.656263
vt 0.556924 0.665455
vt 0.005406 0.656263
vt 0.262781 0.665455
vt 0.520156 0.665455
vt 0.226013 0.665455
vt 0.336317 0.683839
vt 0.299549 0.683839
vt 0.593691 0.674647
vt 0.556924 0.683839
vt 0.005406 0.674647
vt 0.042174 0.683839
vt 0.262781 0.683839
vt 0.520156 0.683839
vt 0.226013 0.683839
vt 0.483388 0.683839
vt 0.189245 0.683839
vt 0.446620 0.683839
vt 0.152478 0.683839
vt 0.409852 0.683839
vt 0.115710 0.683839
vt 0.373085 0.683839
vt 0.078942 0.683839
vt 0.189245 0.702223
vt 0.152478 0.702223
vt 0.446620 0.702223
vt 0.409852 0.702223
vt 0.115710 0.702223
vt 0.373085 0.702223
vt 0.078942 0.702223
vt 0.336317 0.702223
vt 0.042174 0.702223
vt 0.299549 0.702223
vt 0.593691 0.693031
vt 0.556924 0.702223
vt 0.005406 0.693031
vt 0.262781 0.702223
vt 0.520156 0.702223
vt 0.226013 0.702223
vt 0.483388 0.702223
vt 0.005406 0.711415
vt 0.042174 0.720607
vt 0.299549 0.720607
vt 0.262781 0.720607
vt 0.556924 0.720607
vt 0.520156 0.720607
vt 0.226013 0.720607
vt 0.483388 0.720607
vt 0.189245 0.720607
vt 0.446620 0.720607
vt 0.152478 0.720607
vt 0.409852 0.720607
vt 0.115710 0.720607
vt 0.373085 0.720607
vt 0.078942 0.720607
vt 0.336317 0.720607
vt 0.593691 0.711415
vt 0.152478 0.738991
vt 0.115710 0.738991
vt 0.409852 0.738991
vt 0.373085 0.738991
vt 0.078942 0.738991
vt 0.336317 0.738991
vt 0.042174 0.738991
vt 0.299549 0.738991
vt 0.593691 0.729799
vt 0.556924 0.738991
vt 0.005406 0.729799
vt 0.262781 0.738991
vt 0.520156 0.738991
vt 0.226013 0.738991
vt 0.483388 0.738991
vt 0.189245 0.738991
vt 0.446620 0.738991
vt 0.556924 0.757375
vt 0.520156 0.757375
vt 0.262781 0.757375
vt 0.226013 0.757375
vt 0.483388 0.757375
vt 0.189245 0.757375
vt 0.446620 0.757375
vt 0.152478 0.757375
vt 0.409852 0.757375
vt 0.115710 0.757375
vt 0.373085 0.757375
vt 0.078942 0.757375
vt 0.336317 0.757375
vt 0.042174 0.757375
vt 0.299549 0.757375
vt 0.593691 0.748183
vt 0.005406 0.748183
vt 0.409852 0.775759
vt 0.373085 0.775759
vt 0.115710 0.775759
vt 0.078942 0.775759
vt 0.336317 0.775759
vt 0.042174 0.775759
vt 0.299549 0.775759
vt 0.593691 0.766567
vt 0.556924 0.775759
vt 0.005406 0.766567
vt 0.262781 0.775759
vt 0.520156 0.775759
vt 0.226013 0.775759
vt 0.483388 0.775759
vt 0.189245 0.775759
vt 0.446620 0.775759
vt 0.152478 0.775759
vt 0.262781 0.794143
vt 0.226013 0.794143
vt 0.520156 0.794143
vt 0.483388 0.794143
vt 0.189245 0.794143
vt 0.446620 0.794143
vt 0.152478 0.794143
vt 0.409852 0.794143
vt 0.115710 0.794143
vt 0.373085 0.794143
vt 0.078942 0.794143
vt 0.336317 0.794143
vt 0.042174 0.794143
vt 0.299549 0.794143
vt 0.593691 0.784951
vt 0.556924 0.794143
vt 0.005406 0.784951
vt 0.078942 0.205857
vt 0.115710 0.205857
vt 0.115710 0.224241
vt 0.078942 0.224241
vt 0.336317 0.205858
vt 0.373085 0.205857
vt 0.373085 0.224241
vt 0.336317 0.224241
vt 0.042174 0.205858
vt 0.042174 0.224241
vt 0.299549 0.205857
vt 0.299549 0.224241
vt 0.556924 0.205858
vt 0.593691 0.215049
vt 0.556924 0.224241
vt 0.005406 0.215049
vt 0.262781 0.205858
vt 0.262781 0.224241
vt 0.520156 0.205857
vt 0.520156 0.224241
vt 0.226013 0.205857
vt 0.226013 0.224241
vt 0.483388 0.205857
vt 0.483388 0.224241
vt 0.189245 0.205857
vt 0.189245 0.224241
vt 0.446620 0.205857
vt 0.446620 0.224241
vt 0.152478 0.205857
vt 0.152478 0.224241
vt 0.409852 0.205857
vt 0.409852 0.224241
vt 0.520156 0.242625
vt 0.483388 0.242625
vt 0.226013 0.242625
vt 0.189245 0.242625
vt 0.446620 0.242625
vt 0.152478 0.242625
vt 0.409852 0.242625
vt 0.115710 0.242625
vt 0.373085 0.242625
vt 0.078942 0.242625
vt 0.336317 0.242625
vt 0.042174 0.242625
vt 0.299549 0.242625
vt 0.593691 0.233433
vt 0.556924 0.242625
vt 0.005406 0.233433
vt 0.262781 0.242625
vt 0.373085 0.261009
vt 0.336317 0.261009
vt 0.078942 0.261009
vt 0.042174 0.261009
vt 0.299549 0.261009
vt 0.593691 0.251817
vt 0.556924 0.261009
vt 0.005406 0.251817
vt 0.262781 0.261009
vt 0.520156 0.261009
vt 0.226013 0.261009
vt 0.483388 0.261009
vt 0.189245 0.261009
vt 0.446620 0.261009
vt 0.152478 0.261009
vt 0.409852 0.261009
vt 0.115710 0.261009
vt 0.226013 0.279393
vt 0.189245 0.279393
vt 0.483388 0.279393
vt 0.446620 0.279393
vt 0.152478 0.279393
vt 0.409852 0.279393
vt 0.115710 0.279393
vt 0.373085 0.279393
vt 0.078942 0.279393
vt 0.336317 0.279393
vt 0.042174 0.279393
vt 0.299549 0.279393
vt 0.593691 0.270201
vt 0.556924 0.279393
vt 0.005406 0.270201
vt 0.262781 0.279393
vt 0.520156 0.279393
vt 0.078942 0.297777
vt 0.042174 0.297777
vt 0.336317 0.297777
vt 0.299549 0.297777
vt 0.593691 0.288585
vt 0.556924 0.297777
vt 0.005406 0.288585
vt 0.262781 0.297777
vt 0.520156 0.297777
vt 0.226013 0.297777
vt 0.483388 0.297777
vt 0.189245 0.297777
vt 0.446620 0.297777
vt 0.152478 0.297777
vt 0.409852 0.297777
vt 0.115710 0.297777
vt 0.373085 0.297777
vt 0.189245 0.316161
vt 0.152478 0.316161
vt 0.446620 0.316161
vt 0.409852 0.316161
vt 0.115710 0.316161
vt 0.373085 0.316161
vt 0.078942 0.316161
vt 0.336317 0.316161
vt 0.042174 0.316161
vt 0.299549 0.316161
vt 0.593691 0.306969
vt 0.556924 0.316161
vt 0.005406 0.306969
vt 0.262781 0.316161
vt 0.520156 0.316161
vt 0.226013 0.316161
vt 0.483388 0.316161
vt 0.593691 0.325353
vt 0.556924 0.334545
vt 0.005406 0.325353
vt 0.042174 0.334545
vt 0.299549 0.334545
vt 0.262781 0.334545
vt 0.520156 0.334545
vt 0.226013 0.334545
vt 0.483388 0.334545
vt 0.189245 0.334545
vt 0.446620 0.334545
vt 0.152478 0.334545
vt 0.409852 0.334545
vt 0.115710 0.334545
vt 0.373085 0.334545
vt 0.078942 0.334545
vt 0.336317 0.334545
vt 0.593691 0.343737
vt 0.005406 0.343737
s 0
usemtl マテリアル.001
f 479/1/1 6/2/1 17/3/1 18/4/1
f 2/5/2 476/6/2 10/7/2 11/8/2
f 480/9/3 479/1/3 18/4/3 19/10/3
f 477/11/4 2/5/4 11/8/4 12/12/4
f 481/13/5 480/9/5 19/10/5 20/14/5
f 3/15/6 477/11/6 12/12/6 13/16/6
f 482/17/7 481/13/7 20/14/7 21/18/7
f 4/19/8 3/15/8 13/16/8 14/20/8
f 474/21/9 82/22/9 7/23/9
f 308/24/10 482/17/10 21/18/10
f 5/25/11 4/19/11 14/20/11 15/26/11
f 475/27/12 474/21/12 7/23/12 8/28/12
f 478/29/13 5/25/13 15/26/13 16/30/13
f 1/31/14 475/27/14 8/28/14 9/32/14
f 6/2/15 478/29/15 16/30/15 17/3/15
f 476/6/16 1/31/16 9/32/16 10/7/16
f 17/3/17 16/30/17 31/33/17 32/34/17
f 10/7/18 9/32/18 24/35/18 25/36/18
f 18/4/19 17/3/19 32/34/19 33/37/19
f 11/8/20 10/7/20 25/36/20 26/38/20
f 19/10/21 18/4/21 33/37/21 34/39/21
f 12/12/22 11/8/22 26/38/22 27/40/22
f 20/14/23 19/10/23 34/39/23 35/41/23
f 13/16/24 12/12/24 27/40/24 28/42/24
f 21/18/25 20/14/25 35/41/25 36/43/25
f 14/20/26 13/16/26 28/42/26 29/44/26
f 7/23/27 82/45/27 22/46/27
f 308/47/28 21/18/28 36/43/28
f 15/26/29 14/20/29 29/44/29 30/48/29
f 8/28/30 7/23/30 22/46/30 23/49/30
f 16/30/31 15/26/31 30/48/31 31/33/31
f 9/32/32 8/28/32 23/49/32 24/35/32
f 36/43/33 35/41/33 50/50/33 51/51/33
f 29/44/34 28/42/34 43/52/34 44/53/34
f 22/46/35 82/54/35 37/55/35
f 308/56/36 36/43/36 51/51/36
f 30/48/37 29/44/37 44/53/37 45/57/37
f 23/49/38 22/46/38 37/55/38 38/58/38
f 31/33/39 30/48/39 45/57/39 46/59/39
f 24/35/40 23/49/40 38/58/40 39/60/40
f 32/34/41 31/33/41 46/59/41 47/61/41
f 25/36/42 24/35/42 39/60/42 40/62/42
f 33/37/43 32/34/43 47/61/43 48/63/43
f 26/38/44 25/36/44 40/62/44 41/64/44
f 34/39/45 33/37/45 48/63/45 49/65/45
f 27/40/46 26/38/46 41/64/46 42/66/46
f 35/41/47 34/39/47 49/65/47 50/50/47
f 28/42/48 27/40/48 42/66/48 43/52/48
f 40/62/49 39/60/49 54/67/49 55/68/49
f 48/63/50 47/61/50 62/69/50 63/70/50
f 41/64/51 40/62/51 55/68/51 56/71/51
f 49/65/52 48/63/52 63/70/52 64/72/52
f 42/66/53 41/64/53 56/71/53 57/73/53
f 50/50/54 49/65/54 64/72/54 65/74/54
f 43/52/55 42/66/55 57/73/55 58/75/55
f 51/51/56 50/50/56 65/74/56 66/76/56
f 44/53/57 43/52/57 58/75/57 59/77/57
f 37/55/58 82/78/58 52/79/58
f 308/80/59 51/51/59 66/76/59
f 45/57/60 44/53/60 59/77/60 60/81/60
f 38/58/61 37/55/61 52/79/61 53/82/61
f 46/59/62 45/57/62 60/81/62 61/83/62
f 39/60/63 38/58/63 53/82/63 54/67/63
f 47/61/64 46/59/64 61/83/64 62/69/64
f 59/77/65 58/75/65 73/84/65 74/85/65
f 52/79/66 82/86/66 67/87/66
f 308/88/67 66/76/67 81/89/67
f 60/81/68 59/77/68 74/85/68 75/90/68
f 53/82/69 52/79/69 67/87/69 68/91/69
f 61/83/70 60/81/70 75/90/70 76/92/70
f 54/67/71 53/82/71 68/91/71 69/93/71
f 62/69/72 61/83/72 76/92/72 77/94/72
f 55/68/73 54/67/73 69/93/73 70/95/73
f 63/70/74 62/69/74 77/94/74 78/96/74
f 56/71/75 55/68/75 70/95/75 71/97/75
f 64/72/76 63/70/76 78/96/76 79/98/76
f 57/73/77 56/71/77 71/97/77 72/99/77
f 65/74/78 64/72/78 79/98/78 80/100/78
f 58/75/79 57/73/79 72/99/79 73/84/79
f 66/76/80 65/74/80 80/100/80 81/89/80
f 78/96/81 77/94/81 93/101/81 94/102/81
f 71/97/82 70/95/82 86/103/82 87/104/82
f 79/98/83 78/96/83 94/102/83 95/105/83
f 72/99/84 71/97/84 87/104/84 88/106/84
f 80/100/85 79/98/85 95/105/85 96/107/85
f 73/84/86 72/99/86 88/106/86 89/108/86
f 81/89/87 80/100/87 96/107/87 97/109/87
f 74/85/88 73/84/88 89/108/88 90/110/88
f 67/87/89 82/111/89 83/112/89
f 308/113/90 81/89/90 97/109/90
f 75/90/91 74/85/91 90/110/91 91/114/91
f 68/91/92 67/87/92 83/112/92 84/115/92
f 76/92/93 75/90/93 91/114/93 92/116/93
f 69/93/94 68/91/94 84/115/94 85/117/94
f 77/94/95 76/92/95 92/116/95 93/101/95
f 70/95/96 69/93/96 85/117/96 86/103/96
f 83/112/97 82/118/97 98/119/97
f 308/120/98 97/109/98 112/121/98
f 91/114/99 90/110/99 105/122/99 106/123/99
f 84/115/100 83/112/100 98/119/100 99/124/100
f 92/116/101 91/114/101 106/123/101 107/125/101
f 85/117/102 84/115/102 99/124/102 100/126/102
f 93/101/103 92/116/103 107/125/103 108/127/103
f 86/103/104 85/117/104 100/126/104 101/128/104
f 94/102/105 93/101/105 108/127/105 109/129/105
f 87/104/106 86/103/106 101/128/106 102/130/106
f 95/105/107 94/102/107 109/129/107 110/131/107
f 88/106/108 87/104/108 102/130/108 103/132/108
f 96/107/109 95/105/109 110/131/109 111/133/109
f 89/108/110 88/106/110 103/132/110 104/134/110
f 97/109/111 96/107/111 111/133/111 112/121/111
f 90/110/112 89/108/112 104/134/112 105/122/112
f 102/130/113 101/128/113 116/135/113 117/136/113
f 110/131/114 109/129/114 124/137/114 125/138/114
f 103/132/115 102/130/115 117/136/115 118/139/115
f 111/133/116 110/131/116 125/138/116 126/140/116
f 104/134/117 103/132/117 118/139/117 119/141/117
f 112/121/118 111/133/118 126/140/118 127/142/118
f 105/122/119 104/134/119 119/141/119 120/143/119
f 98/119/120 82/144/120 113/145/120
f 308/146/121 112/121/121 127/142/121
f 106/123/122 105/122/122 120/143/122 121/147/122
f 99/124/123 98/119/123 113/145/123 114/148/123
f 107/125/124 106/123/124 121/147/124 122/149/124
f 100/126/125 99/124/125 114/148/125 115/150/125
f 108/127/126 107/125/126 122/149/126 123/151/126
f 101/128/127 100/126/127 115/150/127 116/135/127
f 109/129/128 108/127/128 123/151/128 124/137/128
f 121/147/129 120/143/129 135/152/129 136/153/129
f 114/148/130 113/145/130 128/154/130 129/155/130
f 122/149/131 121/147/131 136/153/131 137/156/131
f 115/150/132 114/148/132 129/155/132 130/157/132
f 123/151/133 122/149/133 137/156/133 138/158/133
f 116/135/134 115/150/134 130/157/134 131/159/134
f 124/137/135 123/151/135 138/158/135 139/160/135
f 117/136/136 116/135/136 131/159/136 132/161/136
f 125/138/137 124/137/137 139/160/137 140/162/137
f 118/139/138 117/136/138 132/161/138 133/163/138
f 126/140/139 125/138/139 140/162/139 141/164/139
f 119/141/140 118/139/140 133/163/140 134/165/140
f 127/142/141 126/140/141 141/164/141 142/166/141
f 120/143/142 119/141/142 134/165/142 135/152/142
f 113/145/143 82/167/143 128/154/143
f 308/168/144 127/142/144 142/166/144
f 140/162/145 139/160/145 154/169/145 155/170/145
f 133/163/146 132/161/146 147/171/146 148/172/146
f 141/164/147 140/162/147 155/170/147 156/173/147
f 134/165/148 133/163/148 148/172/148 149/174/148
f 142/166/149 141/164/149 156/173/149 157/175/149
f 135/152/150 134/165/150 149/174/150 150/176/150
f 128/154/151 82/177/151 143/178/151
f 308/179/152 142/166/152 157/175/152
f 136/153/153 135/152/153 150/176/153 151/180/153
f 129/155/154 128/154/154 143/178/154 144/181/154
f 137/156/155 136/153/155 151/180/155 152/182/155
f 130/157/156 129/155/156 144/181/156 145/183/156
f 138/158/157 137/156/157 152/182/157 153/184/157
f 131/159/158 130/157/158 145/183/158 146/185/158
f 139/160/159 138/158/159 153/184/159 154/169/159
f 132/161/160 131/159/160 146/185/160 147/171/160
f 152/182/161 151/180/161 166/186/161 167/187/161
f 145/183/162 144/181/162 159/188/162 160/189/162
f 153/184/163 152/182/163 167/187/163 168/190/163
f 146/185/164 145/183/164 160/189/164 161/191/164
f 154/169/165 153/184/165 168/190/165 169/192/165
f 147/171/166 146/185/166 161/191/166 162/193/166
f 155/170/167 154/169/167 169/192/167 170/194/167
f 148/172/168 147/171/168 162/193/168 163/195/168
f 156/173/169 155/170/169 170/194/169 171/196/169
f 149/174/170 148/172/170 163/195/170 164/197/170
f 157/175/171 156/173/171 171/196/171 172/198/171
f 150/176/172 149/174/172 164/197/172 165/199/172
f 143/178/173 82/200/173 158/201/173
f 308/202/174 157/175/174 172/198/174
f 151/180/175 150/176/175 165/199/175 166/186/175
f 144/181/176 143/178/176 158/201/176 159/188/176
f 171/196/177 170/194/177 185/203/177 186/204/177
f 164/197/178 163/195/178 178/205/178 179/206/178
f 172/198/179 171/196/179 186/204/179 187/207/179
f 165/199/180 164/197/180 179/206/180 180/208/180
f 158/201/181 82/209/181 173/210/181
f 308/211/182 172/198/182 187/207/182
f 166/186/183 165/199/183 180/208/183 181/212/183
f 159/188/184 158/201/184 173/210/184 174/213/184
f 167/187/185 166/186/185 181/212/185 182/214/185
f 160/189/186 159/188/186 174/213/186 175/215/186
f 168/190/187 167/187/187 182/214/187 183/216/187
f 161/191/188 160/189/188 175/215/188 176/217/188
f 169/192/189 168/190/189 183/216/189 184/218/189
f 162/193/190 161/191/190 176/217/190 177/219/190
f 170/194/191 169/192/191 184/218/191 185/203/191
f 163/195/192 162/193/192 177/219/192 178/205/192
f 175/215/193 174/213/193 189/220/193 190/221/193
f 183/216/194 182/214/194 197/222/194 198/223/194
f 176/217/195 175/215/195 190/221/195 191/224/195
f 184/218/196 183/216/196 198/223/196 199/225/196
f 177/219/197 176/217/197 191/224/197 192/226/197
f 185/203/198 184/218/198 199/225/198 200/227/198
f 178/205/199 177/219/199 192/226/199 193/228/199
f 186/204/200 185/203/200 200/227/200 201/229/200
f 179/206/201 178/205/201 193/228/201 194/230/201
f 187/207/202 186/204/202 201/229/202 202/231/202
f 180/208/203 179/206/203 194/230/203 195/232/203
f 173/210/204 82/233/204 188/234/204
f 308/235/205 187/207/205 202/231/205
f 181/212/206 180/208/206 195/232/206 196/236/206
f 174/213/207 173/210/207 188/234/207 189/220/207
f 182/214/208 181/212/208 196/236/208 197/222/208
f 194/230/209 193/228/209 208/237/209 209/238/209
f 202/231/210 201/229/210 216/239/210 217/240/210
f 195/232/211 194/230/211 209/238/211 210/241/211
f 188/234/212 82/242/212 203/243/212
f 308/244/213 202/231/213 217/240/213
f 196/236/214 195/232/214 210/241/214 211/245/214
f 189/220/215 188/234/215 203/243/215 204/246/215
f 197/222/216 196/236/216 211/245/216 212/247/216
f 190/221/217 189/220/217 204/246/217 205/248/217
f 198/223/218 197/222/218 212/247/218 213/249/218
f 191/224/219 190/221/219 205/248/219 206/250/219
f 199/225/220 198/223/220 213/249/220 214/251/220
f 192/226/221 191/224/221 206/250/221 207/252/221
f 200/227/222 199/225/222 214/251/222 215/253/222
f 193/228/223 192/226/223 207/252/223 208/237/223
f 201/229/224 200/227/224 215/253/224 216/239/224
f 213/249/225 212/247/225 227/254/225 228/255/225
f 206/250/226 205/248/226 220/256/226 221/257/226
f 214/251/227 213/249/227 228/255/227 229/258/227
f 207/252/228 206/250/228 221/257/228 222/259/228
f 215/253/229 214/251/229 229/258/229 230/260/229
f 208/237/230 207/252/230 222/259/230 223/261/230
f 216/239/231 215/253/231 230/260/231 231/262/231
f 209/238/232 208/237/232 223/261/232 224/263/232
f 217/240/233 216/239/233 231/262/233 232/264/233
f 210/241/234 209/238/234 224/263/234 225/265/234
f 203/243/235 82/266/235 218/267/235
f 308/268/236 217/240/236 232/264/236
f 211/245/237 210/241/237 225/265/237 226/269/237
f 204/246/238 203/243/238 218/267/238 219/270/238
f 212/247/239 211/245/239 226/269/239 227/254/239
f 205/248/240 204/246/240 219/270/240 220/256/240
f 232/264/241 231/262/241 246/271/241 247/272/241
f 225/265/242 224/263/242 239/273/242 240/274/242
f 218/267/243 82/275/243 233/276/243
f 308/277/244 232/264/244 247/272/244
f 226/269/245 225/265/245 240/274/245 241/278/245
f 219/270/246 218/267/246 233/276/246 234/279/246
f 227/254/247 226/269/247 241/278/247 242/280/247
f 220/256/248 219/270/248 234/279/248 235/281/248
f 228/255/249 227/254/249 242/280/249 243/282/249
f 221/257/250 220/256/250 235/281/250 236/283/250
f 229/258/251 228/255/251 243/282/251 244/284/251
f 222/259/252 221/257/252 236/283/252 237/285/252
f 230/260/253 229/258/253 244/284/253 245/286/253
f 223/261/254 222/259/254 237/285/254 238/287/254
f 231/262/255 230/260/255 245/286/255 246/271/255
f 224/263/256 223/261/256 238/287/256 239/273/256
f 236/283/257 235/281/257 250/288/257 251/289/257
f 244/284/258 243/282/258 258/290/258 259/291/258
f 237/285/259 236/283/259 251/289/259 252/292/259
f 245/286/260 244/284/260 259/291/260 260/293/260
f 238/287/261 237/285/261 252/292/261 253/294/261
f 246/271/262 245/286/262 260/293/262 261/295/262
f 239/273/263 238/287/263 253/294/263 254/296/263
f 247/272/264 246/271/264 261/295/264 262/297/264
f 240/274/265 239/273/265 254/296/265 255/298/265
f 233/276/266 82/299/266 248/300/266
f 308/301/267 247/272/267 262/297/267
f 241/278/268 240/274/268 255/298/268 256/302/268
f 234/279/269 233/276/269 248/300/269 249/303/269
f 242/280/270 241/278/270 256/302/270 257/304/270
f 235/281/271 234/279/271 249/303/271 250/288/271
f 243/282/272 242/280/272 257/304/272 258/290/272
f 255/298/273 254/296/273 269/305/273 270/306/273
f 248/300/274 82/307/274 263/308/274
f 308/309/275 262/297/275 277/310/275
f 256/302/276 255/298/276 270/306/276 271/311/276
f 249/303/277 248/300/277 263/308/277 264/312/277
f 257/304/278 256/302/278 271/311/278 272/313/278
f 250/288/279 249/303/279 264/312/279 265/314/279
f 258/290/280 257/304/280 272/313/280 273/315/280
f 251/289/281 250/288/281 265/314/281 266/316/281
f 259/291/282 258/290/282 273/315/282 274/317/282
f 252/292/283 251/289/283 266/316/283 267/318/283
f 260/293/284 259/291/284 274/317/284 275/319/284
f 253/294/285 252/292/285 267/318/285 268/320/285
f 261/295/286 260/293/286 275/319/286 276/321/286
f 254/296/287 253/294/287 268/320/287 269/305/287
f 262/297/288 261/295/288 276/321/288 277/310/288
f 274/317/289 273/315/289 288/322/289 289/323/289
f 267/318/290 266/316/290 281/324/290 282/325/290
f 275/319/291 274/317/291 289/323/291 290/326/291
f 268/320/292 267/318/292 282/325/292 283/327/292
f 276/321/293 275/319/293 290/326/293 291/328/293
f 269/305/294 268/320/294 283/327/294 284/329/294
f 277/310/295 276/321/295 291/328/295 292/330/295
f 270/306/296 269/305/296 284/329/296 285/331/296
f 263/308/297 82/332/297 278/333/297
f 308/334/298 277/310/298 292/330/298
f 271/311/299 270/306/299 285/331/299 286/335/299
f 264/312/300 263/308/300 278/333/300 279/336/300
f 272/313/301 271/311/301 286/335/301 287/337/301
f 265/314/302 264/312/302 279/336/302 280/338/302
f 273/315/303 272/313/303 287/337/303 288/322/303
f 266/316/304 265/314/304 280/338/304 281/324/304
f 308/339/305 292/330/305 307/340/305
f 286/335/306 285/331/306 300/341/306 301/342/306
f 279/336/307 278/333/307 293/343/307 294/344/307
f 287/337/308 286/335/308 301/342/308 302/345/308
f 280/338/309 279/336/309 294/344/309 295/346/309
f 288/322/310 287/337/310 302/345/310 303/347/310
f 281/324/311 280/338/311 295/346/311 296/348/311
f 289/323/312 288/322/312 303/347/312 304/349/312
f 282/325/313 281/324/313 296/348/313 297/350/313
f 290/326/314 289/323/314 304/349/314 305/351/314
f 283/327/315 282/325/315 297/350/315 298/352/315
f 291/328/316 290/326/316 305/351/316 306/353/316
f 284/329/317 283/327/317 298/352/317 299/354/317
f 292/330/318 291/328/318 306/353/318 307/340/318
f 285/331/319 284/329/319 299/354/319 300/341/319
f 278/333/320 82/355/320 293/343/320
f 305/351/321 304/349/321 320/356/321 321/357/321
f 298/352/322 297/350/322 313/358/322 314/359/322
f 306/353/323 305/351/323 321/357/323 322/360/323
f 299/354/324 298/352/324 314/359/324 315/361/324
f 307/340/325 306/353/325 322/360/325 323/362/325
f 300/341/326 299/354/326 315/361/326 316/363/326
f 293/343/327 82/364/327 309/365/327
f 308/366/328 307/340/328 323/362/328
f 301/342/329 300/341/329 316/363/329 317/367/329
f 294/344/330 293/343/330 309/365/330 310/368/330
f 302/345/331 301/342/331 317/367/331 318/369/331
f 295/346/332 294/344/332 310/368/332 311/370/332
f 303/347/333 302/345/333 318/369/333 319/371/333
f 296/348/334 295/346/334 311/370/334 312/372/334
f 304/349/335 303/347/335 319/371/335 320/356/335
f 297/350/336 296/348/336 312/372/336 313/358/336
f 310/368/337 309/365/337 324/373/337 325/374/337
f 318/369/338 317/367/338 332/375/338 333/376/338
f 311/370/339 310/368/339 325/374/339 326/377/339
f 319/371/340 318/369/340 333/376/340 334/378/340
f 312/372/341 311/370/341 326/377/341 327/379/341
f 320/356/342 319/371/342 334/378/342 335/380/342
f 313/358/343 312/372/343 327/379/343 328/381/343
f 321/357/344 320/356/344 335/380/344 336/382/344
f 314/359/345 313/358/345 328/381/345 329/383/345
f 322/360/346 321/357/346 336/382/346 337/384/346
f 315/361/347 314/359/347 329/383/347 330/385/347
f 323/362/348 322/360/348 337/384/348 338/386/348
f 316/363/349 315/361/349 330/385/349 331/387/349
f 309/365/350 82/388/350 324/373/350
f 308/389/351 323/362/351 338/386/351
f 317/367/352 316/363/352 331/387/352 332/375/352
f 329/383/353 328/381/353 343/390/353 344/391/353
f 337/384/354 336/382/354 351/392/354 352/393/354
f 330/385/355 329/383/355 344/391/355 345/394/355
f 338/386/356 337/384/356 352/393/356 353/395/356
f 331/387/357 330/385/357 345/394/357 346/396/357
f 324/373/358 82/397/358 339/398/358
f 308/399/359 338/386/359 353/395/359
f 332/375/360 331/387/360 346/396/360 347/400/360
f 325/374/361 324/373/361 339/398/361 340/401/361
f 333/376/362 332/375/362 347/400/362 348/402/362
f 326/377/363 325/374/363 340/401/363 341/403/363
f 334/378/364 333/376/364 348/402/364 349/404/364
f 327/379/365 326/377/365 341/403/365 342/405/365
f 335/380/366 334/378/366 349/404/366 350/406/366
f 328/381/367 327/379/367 342/405/367 343/390/367
f 336/382/368 335/380/368 350/406/368 351/392/368
f 348/402/369 347/400/369 362/407/369 363/408/369
f 341/403/370 340/401/370 355/409/370 356/410/370
f 349/404/371 348/402/371 363/408/371 364/411/371
f 342/405/372 341/403/372 356/410/372 357/412/372
f 350/406/373 349/404/373 364/411/373 365/413/373
f 343/390/374 342/405/374 357/412/374 358/414/374
f 351/392/375 350/406/375 365/413/375 366/415/375
f 344/391/376 343/390/376 358/414/376 359/416/376
f 352/393/377 351/392/377 366/415/377 367/417/377
f 345/394/378 344/391/378 359/416/378 360/418/378
f 353/395/379 352/393/379 367/417/379 368/419/379
f 346/396/380 345/394/380 360/418/380 361/420/380
f 339/398/381 82/421/381 354/422/381
f 308/423/382 353/395/382 368/419/382
f 347/400/383 346/396/383 361/420/383 362/407/383
f 340/401/384 339/398/384 354/422/384 355/409/384
f 367/424/385 366/425/385 381/426/385 382/427/385
f 360/428/386 359/429/386 374/430/386 375/431/386
f 368/432/387 367/424/387 382/427/387 383/433/387
f 361/434/388 360/428/388 375/431/388 376/435/388
f 354/436/389 82/437/389 369/438/389
f 308/439/390 368/432/390 383/433/390
f 362/440/391 361/434/391 376/435/391 377/441/391
f 355/442/392 354/436/392 369/438/392 370/443/392
f 363/444/393 362/440/393 377/441/393 378/445/393
f 356/446/394 355/442/394 370/443/394 371/447/394
f 364/448/395 363/444/395 378/445/395 379/449/395
f 357/450/396 356/446/396 371/447/396 372/451/396
f 365/452/397 364/448/397 379/449/397 380/453/397
f 358/454/398 357/450/398 372/451/398 373/455/398
f 366/425/399 365/452/399 380/453/399 381/426/399
f 359/429/400 358/454/400 373/455/400 374/430/400
f 371/447/401 370/443/401 385/456/401 386/457/401
f 379/449/402 378/445/402 393/458/402 394/459/402
f 372/451/403 371/447/403 386/457/403 387/460/403
f 380/453/404 379/449/404 394/459/404 395/461/404
f 373/455/405 372/451/405 387/460/405 388/462/405
f 381/426/406 380/453/406 395/461/406 396/463/406
f 374/430/407 373/455/407 388/462/407 389/464/407
f 382/427/408 381/426/408 396/463/408 397/465/408
f 375/431/409 374/430/409 389/464/409 390/466/409
f 383/433/410 382/427/410 397/465/410 398/467/410
f 376/435/411 375/431/411 390/466/411 391/468/411
f 369/438/412 82/469/412 384/470/412
f 308/471/413 383/433/413 398/467/413
f 377/441/414 376/435/414 391/468/414 392/472/414
f 370/443/415 369/438/415 384/470/415 385/456/415
f 378/445/416 377/441/416 392/472/416 393/458/416
f 390/466/417 389/464/417 404/473/417 405/474/417
f 398/467/418 397/465/418 412/475/418 413/476/418
f 391/468/419 390/466/419 405/474/419 406/477/419
f 384/470/420 82/478/420 399/479/420
f 308/480/421 398/467/421 413/476/421
f 392/472/422 391/468/422 406/477/422 407/481/422
f 385/456/423 384/470/423 399/479/423 400/482/423
f 393/458/424 392/472/424 407/481/424 408/483/424
f 386/457/425 385/456/425 400/482/425 401/484/425
f 394/459/426 393/458/426 408/483/426 409/485/426
f 387/460/427 386/457/427 401/484/427 402/486/427
f 395/461/428 394/459/428 409/485/428 410/487/428
f 388/462/429 387/460/429 402/486/429 403/488/429
f 396/463/430 395/461/430 410/487/430 411/489/430
f 389/464/431 388/462/431 403/488/431 404/473/431
f 397/465/432 396/463/432 411/489/432 412/475/432
f 409/485/433 408/483/433 423/490/433 424/491/433
f 402/486/434 401/484/434 416/492/434 417/493/434
f 410/487/435 409/485/435 424/491/435 425/494/435
f 403/488/436 402/486/436 417/493/436 418/495/436
f 411/489/437 410/487/437 425/494/437 426/496/437
f 404/473/438 403/488/438 418/495/438 419/497/438
f 412/475/439 411/489/439 426/496/439 427/498/439
f 405/474/440 404/473/440 419/497/440 420/499/440
f 413/476/441 412/475/441 427/498/441 428/500/441
f 406/477/442 405/474/442 420/499/442 421/501/442
f 399/479/443 82/502/443 414/503/443
f 308/504/444 413/476/444 428/500/444
f 407/481/445 406/477/445 421/501/445 422/505/445
f 400/482/446 399/479/446 414/503/446 415/506/446
f 408/483/447 407/481/447 422/505/447 423/490/447
f 401/484/448 400/482/448 415/506/448 416/492/448
f 428/500/449 427/498/449 442/507/449 443/508/449
f 421/501/450 420/499/450 435/509/450 436/510/450
f 414/503/451 82/511/451 429/512/451
f 308/513/452 428/500/452 443/508/452
f 422/505/453 421/501/453 436/510/453 437/514/453
f 415/506/454 414/503/454 429/512/454 430/515/454
f 423/490/455 422/505/455 437/514/455 438/516/455
f 416/492/456 415/506/456 430/515/456 431/517/456
f 424/491/457 423/490/457 438/516/457 439/518/457
f 417/493/458 416/492/458 431/517/458 432/519/458
f 425/494/459 424/491/459 439/518/459 440/520/459
f 418/495/460 417/493/460 432/519/460 433/521/460
f 426/496/461 425/494/461 440/520/461 441/522/461
f 419/497/462 418/495/462 433/521/462 434/523/462
f 427/498/463 426/496/463 441/522/463 442/507/463
f 420/499/464 419/497/464 434/523/464 435/509/464
f 440/520/465 439/518/465 454/524/465 455/525/465
f 433/521/466 432/519/466 447/526/466 448/527/466
f 441/522/467 440/520/467 455/525/467 456/528/467
f 434/523/468 433/521/468 448/527/468 449/529/468
f 442/507/469 441/522/469 456/528/469 457/530/469
f 435/509/470 434/523/470 449/529/470 450/531/470
f 443/508/471 442/507/471 457/530/471 458/532/471
f 436/510/472 435/509/472 450/531/472 451/533/472
f 429/512/473 82/534/473 444/535/473
f 308/536/474 443/508/474 458/532/474
f 437/514/475 436/510/475 451/533/475 452/537/475
f 430/515/476 429/512/476 444/535/476 445/538/476
f 438/516/477 437/514/477 452/537/477 453/539/477
f 431/517/478 430/515/478 445/538/478 446/540/478
f 439/518/479 438/516/479 453/539/479 454/524/479
f 432/519/480 431/517/480 446/540/480 447/526/480
f 444/535/481 82/541/481 459/542/481
f 308/543/482 458/532/482 473/544/482
f 452/537/483 451/533/483 466/545/483 467/546/483
f 445/538/484 444/535/484 459/542/484 460/547/484
f 453/539/485 452/537/485 467/546/485 468/548/485
f 446/540/486 445/538/486 460/547/486 461/549/486
f 454/524/487 453/539/487 468/548/487 469/550/487
f 447/526/488 446/540/488 461/549/488 462/551/488
f 455/525/489 454/524/489 469/550/489 470/552/489
f 448/527/490 447/526/490 462/551/490 463/553/490
f 456/528/491 455/525/491 470/552/491 471/554/491
f 449/529/492 448/527/492 463/553/492 464/555/492
f 457/530/493 456/528/493 471/554/493 472/556/493
f 450/531/494 449/529/494 464/555/494 465/557/494
f 458/532/495 457/530/495 472/556/495 473/544/495
f 451/533/496 450/531/496 465/557/496 466/545/496
f 463/553/497 462/551/497 476/6/497 2/5/497
f 471/554/498 470/552/498 479/1/498 480/9/498
f 464/555/499 463/553/499 2/5/499 477/11/499
f 472/556/500 471/554/500 480/9/500 481/13/500
f 465/557/501 464/555/501 477/11/501 3/15/501
f 473/544/502 472/556/502 481/13/502 482/17/502
f 466/545/503 465/557/503 3/15/503 4/19/503
f 459/542/504 82/558/504 474/21/504
f 308/559/505 473/544/505 482/17/505
f 467/546/506 466/545/506 4/19/506 5/25/506
f 460/547/507 459/542/507 474/21/507 475/27/507
f 468/548/508 467/546/508 5/25/508 478/29/508
f 461/549/509 460/547/509 475/27/509 1/31/509
f 469/550/510 468/548/510 478/29/510 6/2/510
f 462/551/511 461/549/511 1/31/511 476/6/511
f 470/552/512 469/550/512 6/2/512 479/1/512
o トーラス
v 0.831827 0.233821 0.000000
v 0.809538 0.255124 0.000000
v 0.748644 0.270719 0.000000
v 0.665461 0.276428 0.000000
v 0.582279 0.270719 0.000000
v 0.521385 0.255124 0.000000
v 0.499096 0.233821 0.000000
v 0.521385 0.212518 0.000000
v 0.582279 0.196923 0.000000
v 0.665461 0.191214 0.000000
v 0.748644 0.196923 0.000000
v 0.809538 0.212518 0.000000
v 0.824710 0.233821 -0.108575
v 0.802612 0.255124 -0.105666
v 0.742239 0.270719 -0.097718
v 0.659768 0.276428 -0.086860
v 0.577297 0.270719 -0.076003
v 0.516924 0.255124 -0.068054
v 0.494826 0.233821 -0.065145
v 0.516924 0.212518 -0.068054
v 0.577297 0.196923 -0.076003
v 0.659768 0.191214 -0.086860
v 0.742239 0.196923 -0.097718
v 0.802612 0.212518 -0.105666
v 0.803483 0.233821 -0.215293
v 0.781954 0.255124 -0.209524
v 0.723135 0.270719 -0.193763
v 0.642786 0.276428 -0.172234
v 0.562438 0.270719 -0.150705
v 0.503619 0.255124 -0.134944
v 0.482090 0.233821 -0.129176
v 0.503619 0.212518 -0.134944
v 0.562438 0.196923 -0.150705
v 0.642786 0.191214 -0.172234
v 0.723135 0.196923 -0.193763
v 0.781954 0.212518 -0.209524
v 0.768508 0.233821 -0.318326
v 0.747916 0.255124 -0.309797
v 0.691657 0.270719 -0.286494
v 0.614806 0.276428 -0.254661
v 0.537955 0.270719 -0.222828
v 0.481697 0.255124 -0.199525
v 0.461105 0.233821 -0.190996
v 0.481697 0.212518 -0.199525
v 0.537955 0.196923 -0.222828
v 0.614806 0.191214 -0.254661
v 0.691657 0.196923 -0.286494
v 0.747916 0.212518 -0.309797
v 0.720383 0.233821 -0.415913
v 0.701080 0.255124 -0.404769
v 0.648345 0.270719 -0.374322
v 0.576306 0.276428 -0.332731
v 0.504268 0.270719 -0.291139
v 0.451532 0.255124 -0.260692
v 0.432230 0.233821 -0.249548
v 0.451532 0.212518 -0.260692
v 0.504268 0.196923 -0.291139
v 0.576306 0.191214 -0.332731
v 0.648345 0.196923 -0.374322
v 0.701080 0.212518 -0.404769
v 0.659933 0.233821 -0.506384
v 0.642250 0.255124 -0.492815
v 0.593939 0.270719 -0.455746
v 0.527946 0.276428 -0.405107
v 0.461953 0.270719 -0.354469
v 0.413642 0.255124 -0.317399
v 0.395960 0.233821 -0.303830
v 0.413642 0.212518 -0.317399
v 0.461953 0.196923 -0.354469
v 0.527946 0.191214 -0.405107
v 0.593939 0.196923 -0.455746
v 0.642250 0.212518 -0.492815
v 0.588190 0.233821 -0.588190
v 0.572430 0.255124 -0.572430
v 0.529371 0.270719 -0.529371
v 0.470552 0.276428 -0.470552
v 0.411733 0.270719 -0.411733
v 0.368675 0.255124 -0.368675
v 0.352914 0.233821 -0.352914
v 0.368675 0.212518 -0.368675
v 0.411733 0.196923 -0.411733
v 0.470552 0.191214 -0.470552
v 0.529371 0.196923 -0.529371
v 0.572430 0.212518 -0.572430
v 0.506384 0.233821 -0.659932
v 0.492816 0.255124 -0.642250
v 0.455746 0.270719 -0.593939
v 0.405107 0.276428 -0.527946
v 0.354469 0.270719 -0.461953
v 0.317399 0.255124 -0.413642
v 0.303830 0.233821 -0.395959
v 0.317399 0.212518 -0.413642
v 0.354469 0.196923 -0.461953
v 0.405107 0.191214 -0.527946
v 0.455746 0.196923 -0.593939
v 0.492816 0.212518 -0.642250
v 0.415913 0.233821 -0.720383
v 0.404769 0.255124 -0.701081
v 0.374322 0.270719 -0.648345
v 0.332731 0.276428 -0.576306
v 0.291139 0.270719 -0.504268
v 0.260692 0.255124 -0.451532
v 0.249548 0.233821 -0.432230
v 0.260692 0.212518 -0.451532
v 0.291139 0.196923 -0.504268
v 0.332731 0.191214 -0.576306
v 0.374322 0.196923 -0.648345
v 0.404769 0.212518 -0.701081
v 0.318326 0.233821 -0.768508
v 0.309797 0.255124 -0.747915
v 0.286494 0.270719 -0.691657
v 0.254661 0.276428 -0.614806
v 0.222829 0.270719 -0.537955
v 0.199525 0.255124 -0.481697
v 0.190996 0.233821 -0.461105
v 0.199525 0.212518 -0.481697
v 0.222829 0.196923 -0.537955
v 0.254661 0.191214 -0.614806
v 0.286494 0.196923 -0.691657
v 0.309797 0.212518 -0.747915
v 0.215293 0.233821 -0.803483
v 0.209524 0.255124 -0.781954
v 0.193763 0.270719 -0.723135
v 0.172234 0.276428 -0.642786
v 0.150705 0.270719 -0.562438
v 0.134944 0.255124 -0.503619
v 0.129176 0.233821 -0.482090
v 0.134944 0.212518 -0.503619
v 0.150705 0.196923 -0.562438
v 0.172234 0.191214 -0.642786
v 0.193763 0.196923 -0.723135
v 0.209524 0.212518 -0.781954
v 0.108575 0.233821 -0.824710
v 0.105666 0.255124 -0.802612
v 0.097718 0.270719 -0.742239
v 0.086860 0.276428 -0.659768
v 0.076003 0.270719 -0.577297
v 0.068054 0.255124 -0.516924
v 0.065145 0.233821 -0.494826
v 0.068054 0.212518 -0.516924
v 0.076003 0.196923 -0.577297
v 0.086860 0.191214 -0.659768
v 0.097718 0.196923 -0.742239
v 0.105666 0.212518 -0.802612
v 0.000000 0.233821 -0.831827
v 0.000000 0.255124 -0.809538
v 0.000000 0.270719 -0.748644
v 0.000000 0.276428 -0.665461
v 0.000000 0.270719 -0.582279
v 0.000000 0.255124 -0.521385
v 0.000000 0.233821 -0.499096
v 0.000000 0.212518 -0.521385
v 0.000000 0.196923 -0.582279
v 0.000000 0.191214 -0.665461
v 0.000000 0.196923 -0.748644
v 0.000000 0.212518 -0.809538
v -0.108575 0.233821 -0.824710
v -0.105666 0.255124 -0.802612
v -0.097718 0.270719 -0.742239
v -0.086860 0.276428 -0.659768
v -0.076003 0.270719 -0.577297
v -0.068054 0.255124 -0.516924
v -0.065145 0.233821 -0.494826
v -0.068054 0.212518 -0.516924
v -0.076003 0.196923 -0.577297
v -0.086860 0.191214 -0.659768
v -0.097718 0.196923 -0.742239
v -0.105666 0.212518 -0.802612
v -0.215292 0.233821 -0.803483
v -0.209524 0.255124 -0.781954
v -0.193763 0.270719 -0.723135
v -0.172234 0.276428 -0.642786
v -0.150705 0.270719 -0.562438
v -0.134944 0.255124 -0.503619
v -0.129175 0.233821 -0.482090
v -0.134944 0.212518 -0.503619
v -0.150705 0.196923 -0.562438
v -0.172234 0.191214 -0.642786
v -0.193763 0.196923 -0.723135
v -0.209524 0.212518 -0.781954
v -0.318326 0.233821 -0.768508
v -0.309797 0.255124 -0.747916
v -0.286494 0.270719 -0.691657
v -0.254661 0.276428 -0.614806
v -0.222828 0.270719 -0.537955
v -0.199525 0.255124 -0.481697
v -0.190996 0.233821 -0.461105
v -0.199525 0.212518 -0.481697
v -0.222828 0.196923 -0.537955
v -0.254661 0.191214 -0.614806
v -0.286494 0.196923 -0.691657
v -0.309797 0.212518 -0.747916
v -0.415913 0.233821 -0.720383
v -0.404769 0.255124 -0.701081
v -0.374322 0.270719 -0.648345
v -0.332731 0.276428 -0.576307
v -0.291139 0.270719 -0.504268
v -0.260692 0.255124 -0.451532
v -0.249548 0.233821 -0.432230
v -0.260692 0.212518 -0.451532
v -0.291139 0.196923 -0.504268
v -0.332731 0.191214 -0.576307
v -0.374322 0.196923 -0.648345
v -0.404769 0.212518 -0.701081
v -0.506384 0.233821 -0.659932
v -0.492815 0.255124 -0.642250
v -0.455746 0.270719 -0.593939
v -0.405107 0.276428 -0.527946
v -0.354469 0.270719 -0.461953
v -0.317399 0.255124 -0.413642
v -0.303830 0.233821 -0.395959
v -0.317399 0.212518 -0.413642
v -0.354469 0.196923 -0.461953
v -0.405107 0.191214 -0.527946
v -0.455746 0.196923 -0.593939
v -0.492815 0.212518 -0.642250
v -0.588190 0.233821 -0.588190
v -0.572430 0.255124 -0.572430
v -0.529371 0.270719 -0.529371
v -0.470552 0.276428 -0.470552
v -0.411733 0.270719 -0.411733
v -0.368675 0.255124 -0.368675
v -0.352914 0.233821 -0.352914
v -0.368675 0.212518 -0.368675
v -0.411733 0.196923 -0.411733
v -0.470552 0.191214 -0.470552
v -0.529371 0.196923 -0.529371
v -0.572430 0.212518 -0.572430
v -0.659932 0.233821 -0.506384
v -0.642250 0.255124 -0.492815
v -0.593939 0.270719 -0.455746
v -0.527946 0.276428 -0.405107
v -0.461953 0.270719 -0.354469
v -0.413642 0.255124 -0.317399
v -0.395959 0.233821 -0.303830
v -0.413642 0.212518 -0.317399
v -0.461953 0.196923 -0.354469
v -0.527946 0.191214 -0.405107
v -0.593939 0.196923 -0.455746
v -0.642250 0.212518 -0.492815
v -0.720383 0.233821 -0.415914
v -0.701080 0.255124 -0.404769
v -0.648345 0.270719 -0.374322
v -0.576306 0.276428 -0.332731
v -0.504268 0.270719 -0.291139
v -0.451532 0.255124 -0.260692
v -0.432230 0.233821 -0.249548
v -0.451532 0.212518 -0.260692
v -0.504268 0.196923 -0.291139
v -0.576306 0.191214 -0.332731
v -0.648345 0.196923 -0.374322
v -0.701080 0.212518 -0.404769
v -0.768508 0.233821 -0.318326
v -0.747916 0.255124 -0.309797
v -0.691657 0.270719 -0.286494
v -0.614806 0.276428 -0.254661
v -0.537955 0.270719 -0.222828
v -0.481697 0.255124 -0.199525
v -0.461105 0.233821 -0.190996
v -0.481697 0.212518 -0.199525
v -0.537955 0.196923 -0.222828
v -0.614806 0.191214 -0.254661
v -0.691657 0.196923 -0.286494
v -0.747916 0.212518 -0.309797
v -0.803483 0.233821 -0.215292
v -0.781954 0.255124 -0.209524
v -0.723135 0.270719 -0.193763
v -0.642786 0.276428 -0.172234
v -0.562438 0.270719 -0.150705
v -0.503619 0.255124 -0.134944
v -0.482090 0.233821 -0.129175
v -0.503619 0.212518 -0.134944
v -0.562438 0.196923 -0.150705
v -0.642786 0.191214 -0.172234
v -0.723135 0.196923 -0.193763
v -0.781954 0.212518 -0.209524
v -0.824710 0.233821 -0.108575
v -0.802612 0.255124 -0.105666
v -0.742239 0.270719 -0.097718
v -0.659768 0.276428 -0.086860
v -0.577297 0.270719 -0.076003
v -0.516924 0.255124 -0.068054
v -0.494826 0.233821 -0.065145
v -0.516924 0.212518 -0.068054
v -0.577297 0.196923 -0.076003
v -0.659768 0.191214 -0.086860
v -0.742239 0.196923 -0.097718
v -0.802612 0.212518 -0.105666
v -0.831827 0.233821 -0.000000
v -0.809538 0.255124 -0.000000
v -0.748644 0.270719 -0.000000
v -0.665461 0.276428 -0.000000
v -0.582279 0.270719 -0.000000
v -0.521385 0.255124 -0.000000
v -0.499096 0.233821 -0.000000
v -0.521385 0.212518 -0.000000
v -0.582279 0.196923 -0.000000
v -0.665461 0.191214 -0.000000
v -0.748644 0.196923 -0.000000
v -0.809538 0.212518 -0.000000
v -0.824710 0.233821 0.108575
v -0.802612 0.255124 0.105666
v -0.742239 0.270719 0.097718
v -0.659768 0.276428 0.086860
v -0.577297 0.270719 0.076003
v -0.516924 0.255124 0.068054
v -0.494826 0.233821 0.065145
v -0.516924 0.212518 0.068054
v -0.577297 0.196923 0.076003
v -0.659768 0.191214 0.086860
v -0.742239 0.196923 0.097718
v -0.802612 0.212518 0.105666
v -0.803483 0.233821 0.215292
v -0.781954 0.255124 0.209524
v -0.723135 0.270719 0.193763
v -0.642786 0.276428 0.172234
v -0.562438 0.270719 0.150705
v -0.503619 0.255124 0.134944
v -0.482090 0.233821 0.129175
v -0.503619 0.212518 0.134944
v -0.562438 0.196923 0.150705
v -0.642786 0.191214 0.172234
v -0.723135 0.196923 0.193763
v -0.781954 0.212518 0.209524
v -0.768508 0.233821 0.318326
v -0.747916 0.255124 0.309796
v -0.691657 0.270719 0.286493
v -0.614806 0.276428 0.254661
v -0.537955 0.270719 0.222828
v -0.481697 0.255124 0.199525
v -0.461105 0.233821 0.190996
v -0.481697 0.212518 0.199525
v -0.537955 0.196923 0.222828
v -0.614806 0.191214 0.254661
v -0.691657 0.196923 0.286493
v -0.747916 0.212518 0.309796
v -0.720383 0.233821 0.415913
v -0.701081 0.255124 0.404769
v -0.648345 0.270719 0.374322
v -0.576307 0.276428 0.332731
v -0.504268 0.270719 0.291139
v -0.451532 0.255124 0.260692
v -0.432230 0.233821 0.249548
v -0.451532 0.212518 0.260692
v -0.504268 0.196923 0.291139
v -0.576307 0.191214 0.332731
v -0.648345 0.196923 0.374322
v -0.701081 0.212518 0.404769
v -0.659932 0.233821 0.506384
v -0.642250 0.255124 0.492815
v -0.593939 0.270719 0.455746
v -0.527946 0.276428 0.405107
v -0.461953 0.270719 0.354469
v -0.413642 0.255124 0.317399
v -0.395959 0.233821 0.303830
v -0.413642 0.212518 0.317399
v -0.461953 0.196923 0.354469
v -0.527946 0.191214 0.405107
v -0.593939 0.196923 0.455746
v -0.642250 0.212518 0.492815
v -0.588190 0.233821 0.588190
v -0.572430 0.255124 0.572430
v -0.529371 0.270719 0.529371
v -0.470552 0.276428 0.470552
v -0.411733 0.270719 0.411733
v -0.368675 0.255124 0.368675
v -0.352914 0.233821 0.352914
v -0.368675 0.212518 0.368675
v -0.411733 0.196923 0.411733
v -0.470552 0.191214 0.470552
v -0.529371 0.196923 0.529371
v -0.572430 0.212518 0.572430
v -0.506384 0.233821 0.659932
v -0.492816 0.255124 0.642249
v -0.455746 0.270719 0.593939
v -0.405107 0.276428 0.527946
v -0.354469 0.270719 0.461953
v -0.317399 0.255124 0.413642
v -0.303831 0.233821 0.395959
v -0.317399 0.212518 0.413642
v -0.354469 0.196923 0.461953
v -0.405107 0.191214 0.527946
v -0.455746 0.196923 0.593939
v -0.492816 0.212518 0.642249
v -0.415913 0.233821 0.720383
v -0.404769 0.255124 0.701081
v -0.374322 0.270719 0.648345
v -0.332731 0.276428 0.576307
v -0.291139 0.270719 0.504268
v -0.260692 0.255124 0.451532
v -0.249548 0.233821 0.432230
v -0.260692 0.212518 0.451532
v -0.291139 0.196923 0.504268
v -0.332731 0.191214 0.576307
v -0.374322 0.196923 0.648345
v -0.404769 0.212518 0.701081
v -0.318326 0.233821 0.768508
v -0.309797 0.255124 0.747916
v -0.286494 0.270719 0.691657
v -0.254661 0.276428 0.614806
v -0.222828 0.270719 0.537955
v -0.199525 0.255124 0.481697
v -0.190996 0.233821 0.461105
v -0.199525 0.212518 0.481697
v -0.222828 0.196923 0.537955
v -0.254661 0.191214 0.614806
v -0.286494 0.196923 0.691657
v -0.309797 0.212518 0.747916
v -0.215293 0.233821 0.803483
v -0.209524 0.255124 0.781954
v -0.193764 0.270719 0.723135
v -0.172234 0.276428 0.642786
v -0.150705 0.270719 0.562438
v -0.134944 0.255124 0.503619
v -0.129176 0.233821 0.482090
v -0.134944 0.212518 0.503619
v -0.150705 0.196923 0.562438
v -0.172234 0.191214 0.642786
v -0.193764 0.196923 0.723135
v -0.209524 0.212518 0.781954
v -0.108576 0.233821 0.824710
v -0.105666 0.255124 0.802612
v -0.097718 0.270719 0.742239
v -0.086861 0.276428 0.659768
v -0.076003 0.270719 0.577297
v -0.068055 0.255124 0.516924
v -0.065145 0.233821 0.494826
v -0.068055 0.212518 0.516924
v -0.076003 0.196923 0.577297
v -0.086861 0.191214 0.659768
v -0.097718 0.196923 0.742239
v -0.105666 0.212518 0.802612
v 0.000000 0.233821 0.831827
v 0.000000 0.255124 0.809538
v 0.000000 0.270719 0.748644
v 0.000000 0.276428 0.665461
v 0.000000 0.270719 0.582279
v 0.000000 0.255124 0.521385
v 0.000000 0.233821 0.499096
v 0.000000 0.212518 0.521385
v 0.000000 0.196923 0.582279
v 0.000000 0.191214 0.665461
v 0.000000 0.196923 0.748644
v 0.000000 0.212518 0.809538
v 0.108575 0.233821 0.824710
v 0.105666 0.255124 0.802612
v 0.097718 0.270719 0.742239
v 0.086860 0.276428 0.659768
v 0.076003 0.270719 0.577297
v 0.068054 0.255124 0.516924
v 0.065145 0.233821 0.494826
v 0.068054 0.212518 0.516924
v 0.076003 0.196923 0.577297
v 0.086860 0.191214 0.659768
v 0.097718 0.196923 0.742239
v 0.105666 0.212518 0.802612
v 0.215292 0.233821 0.803483
v 0.209523 0.255124 0.781954
v 0.193763 0.270719 0.723135
v 0.172234 0.276428 0.642786
v 0.150705 0.270719 0.562438
v 0.134944 0.255124 0.503619
v 0.129175 0.233821 0.482090
v 0.134944 0.212518 0.503619
v 0.150705 0.196923 0.562438
v 0.172234 0.191214 0.642786
v 0.193763 0.196923 0.723135
v 0.209523 0.212518 0.781954
v 0.318326 0.233821 0.768508
v 0.309797 0.255124 0.747915
v 0.286494 0.270719 0.691657
v 0.254661 0.276428 0.614806
v 0.222829 0.270719 0.537955
v 0.199525 0.255124 0.481697
v 0.190996 0.233821 0.461105
v 0.199525 0.212518 0.481697
v 0.222829 0.196923 0.537955
v 0.254661 0.191214 0.614806
v 0.286494 0.196923 0.691657
v 0.309797 0.212518 0.747915
v 0.415913 0.233821 0.720383
v 0.404769 0.255124 0.701081
v 0.374322 0.270719 0.648345
v 0.332731 0.276428 0.576306
v 0.291139 0.270719 0.504268
v 0.260692 0.255124 0.451532
v 0.249548 0.233821 0.432230
v 0.260692 0.212518 0.451532
v 0.291139 0.196923 0.504268
v 0.332731 0.191214 0.576306
v 0.374322 0.196923 0.648345
v 0.404769 0.212518 0.701081
v 0.506384 0.233821 0.659933
v 0.492815 0.255124 0.642250
v 0.455745 0.270719 0.593939
v 0.405107 0.276428 0.527946
v 0.354469 0.270719 0.461953
v 0.317399 0.255124 0.413642
v 0.303830 0.233821 0.395960
v 0.317399 0.212518 0.413642
v 0.354469 0.196923 0.461953
v 0.405107 0.191214 0.527946
v 0.455745 0.196923 0.593939
v 0.492815 0.212518 0.642250
v 0.588190 0.233821 0.588191
v 0.572429 0.255124 0.572430
v 0.529371 0.270719 0.529372
v 0.470552 0.276428 0.470553
v 0.411733 0.270719 0.411733
v 0.368674 0.255124 0.368675
v 0.352914 0.233821 0.352914
v 0.368674 0.212518 0.368675
v 0.411733 0.196923 0.411733
v 0.470552 0.191214 0.470553
v 0.529371 0.196923 0.529372
v 0.572429 0.212518 0.572430
v 0.659933 0.233821 0.506384
v 0.642250 0.255124 0.492815
v 0.593939 0.270719 0.455746
v 0.527946 0.276428 0.405107
v 0.461953 0.270719 0.354469
v 0.413642 0.255124 0.317399
v 0.395960 0.233821 0.303830
v 0.413642 0.212518 0.317399
v 0.461953 0.196923 0.354469
v 0.527946 0.191214 0.405107
v 0.593939 0.196923 0.455746
v 0.642250 0.212518 0.492815
v 0.720383 0.233821 0.415913
v 0.701080 0.255124 0.404769
v 0.648345 0.270719 0.374322
v 0.576306 0.276428 0.332731
v 0.504268 0.270719 0.291139
v 0.451532 0.255124 0.260692
v 0.432230 0.233821 0.249548
v 0.451532 0.212518 0.260692
v 0.504268 0.196923 0.291139
v 0.576306 0.191214 0.332731
v 0.648345 0.196923 0.374322
v 0.701080 0.212518 0.404769
v 0.768508 0.233821 0.318327
v 0.747915 0.255124 0.309797
v 0.691657 0.270719 0.286494
v 0.614806 0.276428 0.254661
v 0.537955 0.270719 0.222829
v 0.481697 0.255124 0.199526
v 0.461105 0.233821 0.190996
v 0.481697 0.212518 0.199526
v 0.537955 0.196923 0.222829
v 0.614806 0.191214 0.254661
v 0.691657 0.196923 0.286494
v 0.747915 0.212518 0.309797
v 0.803483 0.233821 0.215292
v 0.781954 0.255124 0.209524
v 0.723135 0.270719 0.193763
v 0.642786 0.276428 0.172234
v 0.562438 0.270719 0.150705
v 0.503619 0.255124 0.134944
v 0.482090 0.233821 0.129175
v 0.503619 0.212518 0.134944
v 0.562438 0.196923 0.150705
v 0.642786 0.191214 0.172234
v 0.723135 0.196923 0.193763
v 0.781954 0.212518 0.209524
v 0.824710 0.233821 0.108575
v 0.802612 0.255124 0.105666
v 0.742239 0.270719 0.097718
v 0.659768 0.276428 0.086860
v 0.577297 0.270719 0.076003
v 0.516924 0.255124 0.068054
v 0.494826 0.233821 0.065145
v 0.516924 0.212518 0.068054
v 0.577297 0.196923 0.076003
v 0.659768 0.191214 0.086860
v 0.742239 0.196923 0.097718
v 0.802612 0.212518 0.105666
vn 0.6902 0.7222 -0.0452
vn 0.2481 0.9686 -0.0163
vn 0.0685 0.9976 -0.0045
vn -0.0685 0.9976 0.0045
vn -0.2481 0.9686 0.0163
vn -0.6902 0.7222 0.0452
vn -0.6902 -0.7222 0.0452
vn -0.2481 -0.9686 0.0163
vn -0.0685 -0.9976 0.0045
vn 0.0685 -0.9976 -0.0045
vn 0.2481 -0.9686 -0.0163
vn 0.6902 -0.7222 -0.0452
vn 0.6784 0.7222 -0.1349
vn 0.2438 0.9686 -0.0485
vn 0.0673 0.9976 -0.0134
vn -0.0673 0.9976 0.0134
vn -0.2438 0.9686 0.0485
vn -0.6784 0.7222 0.1349
vn -0.6784 -0.7222 0.1349
vn -0.2438 -0.9686 0.0485
vn -0.0673 -0.9976 0.0134
vn 0.0673 -0.9976 -0.0134
vn 0.2438 -0.9686 -0.0485
vn 0.6784 -0.7222 -0.1349
vn 0.6550 0.7222 -0.2223
vn 0.2354 0.9686 -0.0799
vn 0.0650 0.9976 -0.0221
vn -0.0650 0.9976 0.0221
vn -0.2354 0.9686 0.0799
vn -0.6550 0.7222 0.2223
vn -0.6550 -0.7222 0.2223
vn -0.2354 -0.9686 0.0799
vn -0.0650 -0.9976 0.0221
vn 0.0650 -0.9976 -0.0221
vn 0.2354 -0.9686 -0.0799
vn 0.6550 -0.7222 -0.2223
vn 0.6204 0.7222 -0.3059
vn 0.2230 0.9686 -0.1100
vn 0.0615 0.9976 -0.0303
vn -0.0615 0.9976 0.0303
vn -0.2230 0.9686 0.1100
vn -0.6204 0.7222 0.3059
vn -0.6204 -0.7222 0.3059
vn -0.2230 -0.9686 0.1100
vn -0.0615 -0.9976 0.0303
vn 0.0615 -0.9976 -0.0303
vn 0.2230 -0.9686 -0.1100
vn 0.6204 -0.7222 -0.3059
vn 0.5751 0.7222 -0.3843
vn 0.2067 0.9686 -0.1381
vn 0.0570 0.9976 -0.0381
vn -0.0570 0.9976 0.0381
vn -0.2067 0.9686 0.1381
vn -0.5751 0.7222 0.3843
vn -0.5751 -0.7222 0.3843
vn -0.2067 -0.9686 0.1381
vn -0.0570 -0.9976 0.0381
vn 0.0570 -0.9976 -0.0381
vn 0.2067 -0.9686 -0.1381
vn 0.5751 -0.7222 -0.3843
vn 0.5201 0.7222 -0.4561
vn 0.1869 0.9686 -0.1639
vn 0.0516 0.9976 -0.0452
vn -0.0516 0.9976 0.0452
vn -0.1869 0.9686 0.1639
vn -0.5201 0.7222 0.4561
vn -0.5201 -0.7222 0.4561
vn -0.1869 -0.9686 0.1639
vn -0.0516 -0.9976 0.0452
vn 0.0516 -0.9976 -0.0452
vn 0.1869 -0.9686 -0.1639
vn 0.5201 -0.7222 -0.4561
vn 0.4561 0.7222 -0.5201
vn 0.1639 0.9686 -0.1869
vn 0.0452 0.9976 -0.0516
vn -0.0452 0.9976 0.0516
vn -0.1639 0.9686 0.1869
vn -0.4561 0.7222 0.5201
vn -0.4561 -0.7222 0.5201
vn -0.1639 -0.9686 0.1869
vn -0.0452 -0.9976 0.0516
vn 0.0452 -0.9976 -0.0516
vn 0.1639 -0.9686 -0.1869
vn 0.4561 -0.7222 -0.5201
vn 0.3843 0.7222 -0.5751
vn 0.1381 0.9686 -0.2067
vn 0.0381 0.9976 -0.0570
vn -0.0381 0.9976 0.0570
vn -0.1381 0.9686 0.2067
vn -0.3843 0.7222 0.5751
vn -0.3843 -0.7222 0.5751
vn -0.1381 -0.9686 0.2067
vn -0.0381 -0.9976 0.0570
vn 0.0381 -0.9976 -0.0570
vn 0.1381 -0.9686 -0.2067
vn 0.3843 -0.7222 -0.5751
vn 0.3059 0.7222 -0.6204
vn 0.1100 0.9686 -0.2230
vn 0.0303 0.9976 -0.0615
vn -0.0303 0.9976 0.0615
vn -0.1099 0.9686 0.2230
vn -0.3059 0.7222 0.6204
vn -0.3059 -0.7222 0.6204
vn -0.1100 -0.9686 0.2230
vn -0.0303 -0.9976 0.0615
vn 0.0303 -0.9976 -0.0615
vn 0.1100 -0.9686 -0.2230
vn 0.3059 -0.7222 -0.6204
vn 0.2223 0.7222 -0.6550
vn 0.0799 0.9686 -0.2354
vn 0.0221 0.9976 -0.0650
vn -0.0221 0.9976 0.0650
vn -0.0799 0.9686 0.2354
vn -0.2223 0.7222 0.6550
vn -0.2223 -0.7222 0.6550
vn -0.0799 -0.9686 0.2354
vn -0.0221 -0.9976 0.0650
vn 0.0221 -0.9976 -0.0650
vn 0.0799 -0.9686 -0.2354
vn 0.2223 -0.7222 -0.6550
vn 0.1349 0.7222 -0.6784
vn 0.0485 0.9686 -0.2438
vn 0.0134 0.9976 -0.0673
vn -0.0134 0.9976 0.0673
vn -0.0485 0.9686 0.2438
vn -0.1349 0.7222 0.6784
vn -0.1349 -0.7222 0.6784
vn -0.0485 -0.9686 0.2438
vn -0.0134 -0.9976 0.0673
vn 0.0134 -0.9976 -0.0673
vn 0.0485 -0.9686 -0.2438
vn 0.1349 -0.7222 -0.6784
vn 0.0452 0.7222 -0.6902
vn 0.0163 0.9686 -0.2481
vn 0.0045 0.9976 -0.0685
vn -0.0045 0.9976 0.0685
vn -0.0163 0.9686 0.2481
vn -0.0452 0.7222 0.6902
vn -0.0452 -0.7222 0.6902
vn -0.0163 -0.9686 0.2481
vn -0.0045 -0.9976 0.0685
vn 0.0045 -0.9976 -0.0685
vn 0.0163 -0.9686 -0.2481
vn 0.0452 -0.7222 -0.6902
vn -0.0452 0.7222 -0.6902
vn -0.0163 0.9686 -0.2481
vn -0.0045 0.9976 -0.0685
vn 0.0045 0.9976 0.0685
vn 0.0163 0.9686 0.2481
vn 0.0452 0.7222 0.6902
vn 0.0452 -0.7222 0.6902
vn 0.0163 -0.9686 0.2481
vn 0.0045 -0.9976 0.0685
vn -0.0045 -0.9976 -0.0685
vn -0.0163 -0.9686 -0.2481
vn -0.0452 -0.7222 -0.6902
vn -0.1349 0.7222 -0.6784
vn -0.0485 0.9686 -0.2438
vn -0.0134 0.9976 -0.0673
vn 0.0134 0.9976 0.0673
vn 0.0485 0.9686 0.2438
vn 0.1349 0.7222 0.6784
vn 0.1349 -0.7222 0.6784
vn 0.0485 -0.9686 0.2438
vn 0.0134 -0.9976 0.0673
vn -0.0134 -0.9976 -0.0673
vn -0.0485 -0.9686 -0.2438
vn -0.1349 -0.7222 -0.6784
vn -0.2223 0.7222 -0.6550
vn -0.0799 0.9686 -0.2354
vn -0.0221 0.9976 -0.0650
vn 0.0221 0.9976 0.0650
vn 0.0799 0.9686 0.2354
vn 0.2223 0.7222 0.6550
vn 0.2223 -0.7222 0.6550
vn 0.0799 -0.9686 0.2354
vn 0.0221 -0.9976 0.0650
vn -0.0221 -0.9976 -0.0650
vn -0.0799 -0.9686 -0.2354
vn -0.2223 -0.7222 -0.6550
vn -0.3059 0.7222 -0.6204
vn -0.1100 0.9686 -0.2230
vn -0.0303 0.9976 -0.0615
vn 0.0303 0.9976 0.0615
vn 0.1100 0.9686 0.2230
vn 0.3059 0.7222 0.6204
vn 0.3059 -0.7222 0.6204
vn 0.1100 -0.9686 0.2230
vn 0.0303 -0.9976 0.0615
vn -0.0303 -0.9976 -0.0615
vn -0.1100 -0.9686 -0.2230
vn -0.3059 -0.7222 -0.6204
vn -0.3843 0.7222 -0.5751
vn -0.1381 0.9686 -0.2067
vn -0.0381 0.9976 -0.0570
vn 0.0381 0.9976 0.0570
vn 0.1381 0.9686 0.2067
vn 0.3843 0.7222 0.5751
vn 0.3843 -0.7222 0.5751
vn 0.1381 -0.9686 0.2067
vn 0.0381 -0.9976 0.0570
vn -0.0381 -0.9976 -0.0570
vn -0.1381 -0.9686 -0.2067
vn -0.3843 -0.7222 -0.5751
vn -0.4561 0.7222 -0.5201
vn -0.1639 0.9686 -0.1869
vn -0.0452 0.9976 -0.0516
vn 0.0452 0.9976 0.0516
vn 0.1639 0.9686 0.1869
vn 0.4561 0.7222 0.5201
vn 0.4561 -0.7222 0.5201
vn 0.1639 -0.9686 0.1869
vn 0.0452 -0.9976 0.0516
vn -0.0452 -0.9976 -0.0516
vn -0.1639 -0.9686 -0.1869
vn -0.4561 -0.7222 -0.5201
vn -0.5201 0.7222 -0.4561
vn -0.1869 0.9686 -0.1639
vn -0.0516 0.9976 -0.0452
vn 0.0516 0.9976 0.0452
vn 0.1869 0.9686 0.1639
vn 0.5201 0.7222 0.4561
vn 0.5201 -0.7222 0.4561
vn 0.1869 -0.9686 0.1639
vn 0.0516 -0.9976 0.0452
vn -0.0516 -0.9976 -0.0452
vn -0.1869 -0.9686 -0.1639
vn -0.5201 -0.7222 -0.4561
vn -0.5751 0.7222 -0.3843
vn -0.2067 0.9686 -0.1381
vn -0.0570 0.9976 -0.0381
vn 0.0570 0.9976 0.0381
vn 0.2067 0.9686 0.1381
vn 0.5751 0.7222 0.3843
vn 0.5751 -0.7222 0.3843
vn 0.2067 -0.9686 0.1381
vn 0.0570 -0.9976 0.0381
vn -0.0570 -0.9976 -0.0381
vn -0.2067 -0.9686 -0.1381
vn -0.5751 -0.7222 -0.3843
vn -0.6204 0.7222 -0.3059
vn -0.2230 0.9686 -0.1100
vn -0.0615 0.9976 -0.0303
vn 0.0615 0.9976 0.0303
vn 0.2230 0.9686 0.1100
vn 0.6204 0.7222 0.3059
vn 0.6204 -0.7222 0.3059
vn 0.2230 -0.9686 0.1100
vn 0.0615 -0.9976 0.0303
vn -0.0615 -0.9976 -0.0303
vn -0.2230 -0.9686 -0.1100
vn -0.6204 -0.7222 -0.3059
vn -0.6550 0.7222 -0.2223
vn -0.2354 0.9686 -0.0799
vn -0.0650 0.9976 -0.0221
vn 0.0650 0.9976 0.0221
vn 0.2354 0.9686 0.0799
vn 0.6550 0.7222 0.2223
vn 0.6550 -0.7222 0.2223
vn 0.2354 -0.9686 0.0799
vn 0.0650 -0.9976 0.0221
vn -0.0650 -0.9976 -0.0221
vn -0.2354 -0.9686 -0.0799
vn -0.6550 -0.7222 -0.2223
vn -0.6784 0.7222 -0.1349
vn -0.2438 0.9686 -0.0485
vn -0.0673 0.9976 -0.0134
vn 0.0673 0.9976 0.0134
vn 0.2438 0.9686 0.0485
vn 0.6784 0.7222 0.1349
vn 0.6784 -0.7222 0.1349
vn 0.2438 -0.9686 0.0485
vn 0.0673 -0.9976 0.0134
vn -0.0673 -0.9976 -0.0134
vn -0.2438 -0.9686 -0.0485
vn -0.6784 -0.7222 -0.1349
vn -0.6902 0.7222 -0.0452
vn -0.2481 0.9686 -0.0163
vn -0.0685 0.9976 -0.0045
vn 0.0685 0.9976 0.0045
vn 0.2481 0.9686 0.0163
vn 0.6902 0.7222 0.0452
vn 0.6902 -0.7222 0.0452
vn 0.2481 -0.9686 0.0163
vn 0.0685 -0.9976 0.0045
vn -0.0685 -0.9976 -0.0045
vn -0.2481 -0.9686 -0.0163
vn -0.6902 -0.7222 -0.0452
vn -0.1100 0.9686 0.2230
vn -0.1099 0.9686 -0.2230
vt 0.814980 0.806470
vt 0.807379 0.806470
vt 0.807379 0.776063
vt 0.814980 0.776063
vt 0.807379 0.745656
vt 0.814980 0.745656
vt 0.807379 0.715249
vt 0.814980 0.715249
vt 0.807378 0.684842
vt 0.814980 0.684842
vt 0.807378 0.654435
vt 0.814980 0.654435
vt 0.807378 0.624028
vt 0.814980 0.624028
vt 0.814980 0.988912
vt 0.807379 0.988912
vt 0.807379 0.958505
vt 0.814980 0.958505
vt 0.807379 0.928098
vt 0.814980 0.928098
vt 0.807379 0.897691
vt 0.814980 0.897691
vt 0.807379 0.867284
vt 0.814980 0.867284
vt 0.807379 0.836877
vt 0.814980 0.836877
vt 0.799777 0.806470
vt 0.799777 0.776063
vt 0.799777 0.745656
vt 0.799777 0.715249
vt 0.799777 0.684842
vt 0.799777 0.654435
vt 0.799777 0.624028
vt 0.799777 0.988912
vt 0.799777 0.958505
vt 0.799777 0.928098
vt 0.799777 0.897691
vt 0.799777 0.867284
vt 0.799777 0.836877
vt 0.792175 0.806470
vt 0.792175 0.776063
vt 0.792175 0.745656
vt 0.792175 0.715249
vt 0.792175 0.684842
vt 0.792175 0.654435
vt 0.792175 0.624028
vt 0.792175 0.988912
vt 0.792175 0.958505
vt 0.792175 0.928098
vt 0.792175 0.897691
vt 0.792175 0.867284
vt 0.792175 0.836877
vt 0.784573 0.806470
vt 0.784573 0.776063
vt 0.784573 0.745656
vt 0.784573 0.715249
vt 0.784573 0.684842
vt 0.784573 0.654435
vt 0.784573 0.624028
vt 0.784573 0.988912
vt 0.784573 0.958505
vt 0.784573 0.928098
vt 0.784573 0.897691
vt 0.784573 0.867284
vt 0.784573 0.836877
vt 0.776972 0.806470
vt 0.776972 0.776063
vt 0.776972 0.745656
vt 0.776972 0.715249
vt 0.776972 0.684842
vt 0.776972 0.654435
vt 0.776972 0.624028
vt 0.776972 0.988912
vt 0.776972 0.958505
vt 0.776972 0.928098
vt 0.776972 0.897691
vt 0.776972 0.867284
vt 0.776972 0.836877
vt 0.769370 0.806470
vt 0.769370 0.776063
vt 0.769370 0.745656
vt 0.769370 0.715249
vt 0.769370 0.684842
vt 0.769370 0.654435
vt 0.769370 0.624028
vt 0.769370 0.988912
vt 0.769370 0.958505
vt 0.769370 0.928098
vt 0.769370 0.897691
vt 0.769370 0.867284
vt 0.769370 0.836877
vt 0.761768 0.806470
vt 0.761768 0.776063
vt 0.761768 0.745656
vt 0.761768 0.715249
vt 0.761768 0.684842
vt 0.761768 0.654435
vt 0.761768 0.624028
vt 0.761768 0.988912
vt 0.761768 0.958505
vt 0.761768 0.928098
vt 0.761768 0.897691
vt 0.761768 0.867284
vt 0.761768 0.836877
vt 0.754166 0.806470
vt 0.754166 0.776063
vt 0.754166 0.745656
vt 0.754166 0.715249
vt 0.754166 0.684842
vt 0.754166 0.654435
vt 0.754166 0.624028
vt 0.754166 0.988912
vt 0.754166 0.958505
vt 0.754166 0.928098
vt 0.754166 0.897691
vt 0.754166 0.867284
vt 0.754166 0.836877
vt 0.746565 0.806470
vt 0.746565 0.776063
vt 0.746565 0.745656
vt 0.746565 0.715249
vt 0.746565 0.684842
vt 0.746565 0.654435
vt 0.746565 0.624028
vt 0.746565 0.988912
vt 0.746565 0.958505
vt 0.746565 0.928098
vt 0.746565 0.897691
vt 0.746565 0.867284
vt 0.746565 0.836877
vt 0.738963 0.806470
vt 0.738963 0.776063
vt 0.738963 0.745656
vt 0.738963 0.715249
vt 0.738963 0.684842
vt 0.738963 0.654435
vt 0.738963 0.624028
vt 0.738963 0.988912
vt 0.738963 0.958505
vt 0.738963 0.928098
vt 0.738963 0.897691
vt 0.738963 0.867284
vt 0.738963 0.836877
vt 0.731361 0.806470
vt 0.731361 0.776063
vt 0.731361 0.745656
vt 0.731361 0.715249
vt 0.731361 0.684842
vt 0.731361 0.654435
vt 0.731361 0.624028
vt 0.731361 0.988912
vt 0.731361 0.958505
vt 0.731361 0.928098
vt 0.731361 0.897691
vt 0.731361 0.867284
vt 0.731361 0.836877
vt 0.723759 0.806470
vt 0.723759 0.776063
vt 0.723759 0.745656
vt 0.723759 0.715249
vt 0.723759 0.684842
vt 0.723759 0.654435
vt 0.723759 0.624028
vt 0.723759 0.988912
vt 0.723759 0.958505
vt 0.723759 0.928098
vt 0.723759 0.897691
vt 0.723759 0.867284
vt 0.723759 0.836877
vt 0.716158 0.806470
vt 0.716158 0.776063
vt 0.716158 0.745656
vt 0.716158 0.715249
vt 0.716158 0.684842
vt 0.716158 0.654435
vt 0.716158 0.624028
vt 0.716158 0.988912
vt 0.716158 0.958505
vt 0.716158 0.928098
vt 0.716158 0.897691
vt 0.716158 0.867284
vt 0.716158 0.836877
vt 0.708556 0.806470
vt 0.708556 0.776063
vt 0.708556 0.745656
vt 0.708556 0.715249
vt 0.708556 0.684842
vt 0.708556 0.654435
vt 0.708556 0.624028
vt 0.708556 0.988912
vt 0.708556 0.958505
vt 0.708556 0.928098
vt 0.708556 0.897691
vt 0.708556 0.867284
vt 0.708556 0.836877
vt 0.700954 0.806470
vt 0.700954 0.776063
vt 0.700954 0.745656
vt 0.700954 0.715249
vt 0.700954 0.684842
vt 0.700954 0.654435
vt 0.700954 0.624028
vt 0.700954 0.988912
vt 0.700954 0.958505
vt 0.700954 0.928098
vt 0.700954 0.897691
vt 0.700954 0.867284
vt 0.700954 0.836877
vt 0.693352 0.806470
vt 0.693352 0.776063
vt 0.693352 0.745656
vt 0.693352 0.715249
vt 0.693352 0.684842
vt 0.693352 0.654435
vt 0.693352 0.624028
vt 0.693352 0.988912
vt 0.693352 0.958505
vt 0.693352 0.928098
vt 0.693352 0.897691
vt 0.693352 0.867284
vt 0.693352 0.836877
vt 0.685751 0.806470
vt 0.685751 0.776063
vt 0.685751 0.745656
vt 0.685751 0.715249
vt 0.685751 0.684842
vt 0.685751 0.654435
vt 0.685751 0.624028
vt 0.685751 0.988912
vt 0.685751 0.958505
vt 0.685751 0.928098
vt 0.685751 0.897691
vt 0.685751 0.867284
vt 0.685751 0.836877
vt 0.678149 0.806470
vt 0.678149 0.776063
vt 0.678149 0.745656
vt 0.678149 0.715249
vt 0.678149 0.684842
vt 0.678149 0.654435
vt 0.678149 0.624028
vt 0.678149 0.988912
vt 0.678149 0.958505
vt 0.678149 0.928098
vt 0.678149 0.897691
vt 0.678149 0.867284
vt 0.678149 0.836877
vt 0.670547 0.806470
vt 0.670547 0.776063
vt 0.670547 0.745656
vt 0.670547 0.715249
vt 0.670547 0.684842
vt 0.670547 0.654435
vt 0.670547 0.624028
vt 0.670547 0.988912
vt 0.670547 0.958505
vt 0.670547 0.928098
vt 0.670547 0.897691
vt 0.670547 0.867284
vt 0.670547 0.836877
vt 0.662945 0.806470
vt 0.662945 0.776063
vt 0.662945 0.745656
vt 0.662945 0.715249
vt 0.662945 0.684842
vt 0.662945 0.654435
vt 0.662945 0.624028
vt 0.662945 0.988912
vt 0.662945 0.958505
vt 0.662945 0.928098
vt 0.662945 0.897691
vt 0.662945 0.867284
vt 0.662945 0.836877
vt 0.655344 0.806470
vt 0.655344 0.776063
vt 0.655344 0.745656
vt 0.655344 0.715249
vt 0.655344 0.684842
vt 0.655344 0.654435
vt 0.655344 0.624028
vt 0.655344 0.988912
vt 0.655344 0.958505
vt 0.655344 0.928098
vt 0.655344 0.897691
vt 0.655344 0.867284
vt 0.655344 0.836877
vt 0.647742 0.806470
vt 0.647742 0.776063
vt 0.647742 0.745656
vt 0.647742 0.715249
vt 0.647742 0.684842
vt 0.647742 0.654435
vt 0.647742 0.624028
vt 0.647742 0.988912
vt 0.647742 0.958505
vt 0.647742 0.928098
vt 0.647742 0.897691
vt 0.647742 0.867284
vt 0.647742 0.836877
vt 0.640140 0.806470
vt 0.640140 0.776063
vt 0.640140 0.745656
vt 0.640140 0.715249
vt 0.640140 0.684842
vt 0.640140 0.654435
vt 0.640140 0.624028
vt 0.640140 0.988912
vt 0.640140 0.958505
vt 0.640140 0.928098
vt 0.640140 0.897691
vt 0.640140 0.867284
vt 0.640140 0.836877
vt 0.632538 0.806470
vt 0.632538 0.776063
vt 0.632538 0.745656
vt 0.632538 0.715249
vt 0.632538 0.684842
vt 0.632538 0.654435
vt 0.632538 0.624028
vt 0.632538 0.988912
vt 0.632538 0.958505
vt 0.632538 0.928098
vt 0.632538 0.897691
vt 0.632538 0.867284
vt 0.632538 0.836877
vt 0.997422 0.806470
vt 0.989820 0.806470
vt 0.989820 0.776063
vt 0.997422 0.776063
vt 0.989820 0.745656
vt 0.997422 0.745656
vt 0.989820 0.715249
vt 0.997422 0.715249
vt 0.989820 0.684842
vt 0.997422 0.684842
vt 0.989820 0.654435
vt 0.997422 0.654435
vt 0.989820 0.624028
vt 0.997422 0.624028
vt 0.997422 0.988912
vt 0.989820 0.988912
vt 0.989820 0.958505
vt 0.997422 0.958505
vt 0.989820 0.928098
vt 0.997422 0.928098
vt 0.989820 0.897691
vt 0.997422 0.897691
vt 0.989820 0.867284
vt 0.997422 0.867284
vt 0.989820 0.836877
vt 0.997422 0.836877
vt 0.982219 0.806470
vt 0.982219 0.776063
vt 0.982219 0.745656
vt 0.982219 0.715249
vt 0.982219 0.684842
vt 0.982219 0.654435
vt 0.982219 0.624028
vt 0.982219 0.988912
vt 0.982219 0.958505
vt 0.982219 0.928098
vt 0.982219 0.897691
vt 0.982219 0.867284
vt 0.982219 0.836877
vt 0.974617 0.806470
vt 0.974617 0.776063
vt 0.974617 0.745656
vt 0.974617 0.715249
vt 0.974617 0.684842
vt 0.974617 0.654435
vt 0.974617 0.624028
vt 0.974617 0.988912
vt 0.974617 0.958505
vt 0.974617 0.928098
vt 0.974617 0.897691
vt 0.974617 0.867284
vt 0.974617 0.836877
vt 0.967015 0.806470
vt 0.967015 0.776063
vt 0.967015 0.745656
vt 0.967015 0.715249
vt 0.967015 0.684842
vt 0.967015 0.654435
vt 0.967015 0.624028
vt 0.967015 0.988912
vt 0.967015 0.958505
vt 0.967015 0.928098
vt 0.967015 0.897691
vt 0.967015 0.867284
vt 0.967015 0.836877
vt 0.959413 0.806470
vt 0.959413 0.776063
vt 0.959413 0.745656
vt 0.959413 0.715249
vt 0.959413 0.684842
vt 0.959413 0.654435
vt 0.959413 0.624028
vt 0.959413 0.988912
vt 0.959413 0.958505
vt 0.959413 0.928098
vt 0.959413 0.897691
vt 0.959413 0.867284
vt 0.959413 0.836877
vt 0.951812 0.806470
vt 0.951812 0.776063
vt 0.951812 0.745656
vt 0.951812 0.715249
vt 0.951812 0.684842
vt 0.951812 0.654435
vt 0.951812 0.624028
vt 0.951812 0.988912
vt 0.951812 0.958505
vt 0.951812 0.928098
vt 0.951812 0.897691
vt 0.951812 0.867284
vt 0.951812 0.836877
vt 0.944210 0.806470
vt 0.944210 0.776063
vt 0.944210 0.745656
vt 0.944210 0.715249
vt 0.944210 0.684842
vt 0.944210 0.654435
vt 0.944210 0.624028
vt 0.944210 0.988912
vt 0.944210 0.958505
vt 0.944210 0.928098
vt 0.944210 0.897691
vt 0.944210 0.867284
vt 0.944210 0.836877
vt 0.936608 0.806470
vt 0.936608 0.776063
vt 0.936608 0.745656
vt 0.936608 0.715249
vt 0.936608 0.684842
vt 0.936608 0.654435
vt 0.936608 0.624028
vt 0.936608 0.988912
vt 0.936608 0.958505
vt 0.936608 0.928098
vt 0.936608 0.897691
vt 0.936608 0.867284
vt 0.936608 0.836877
vt 0.929006 0.806470
vt 0.929006 0.776063
vt 0.929006 0.745656
vt 0.929006 0.715249
vt 0.929006 0.684842
vt 0.929006 0.654435
vt 0.929006 0.624028
vt 0.929006 0.988912
vt 0.929006 0.958505
vt 0.929006 0.928098
vt 0.929006 0.897691
vt 0.929006 0.867284
vt 0.929006 0.836877
vt 0.921405 0.806470
vt 0.921405 0.776063
vt 0.921405 0.745656
vt 0.921405 0.715249
vt 0.921405 0.684842
vt 0.921405 0.654435
vt 0.921405 0.624028
vt 0.921405 0.988912
vt 0.921405 0.958505
vt 0.921405 0.928098
vt 0.921405 0.897691
vt 0.921405 0.867284
vt 0.921405 0.836877
vt 0.913803 0.806470
vt 0.913803 0.776063
vt 0.913803 0.745656
vt 0.913803 0.715249
vt 0.913803 0.684842
vt 0.913803 0.654435
vt 0.913803 0.624028
vt 0.913803 0.988912
vt 0.913803 0.958505
vt 0.913803 0.928098
vt 0.913803 0.897691
vt 0.913803 0.867284
vt 0.913803 0.836877
vt 0.906201 0.806470
vt 0.906201 0.776063
vt 0.906201 0.745656
vt 0.906201 0.715249
vt 0.906201 0.684842
vt 0.906201 0.654435
vt 0.906201 0.624028
vt 0.906201 0.988912
vt 0.906201 0.958505
vt 0.906201 0.928098
vt 0.906201 0.897691
vt 0.906201 0.867284
vt 0.906201 0.836877
vt 0.898599 0.806470
vt 0.898599 0.776063
vt 0.898599 0.745656
vt 0.898599 0.715249
vt 0.898599 0.684842
vt 0.898599 0.654435
vt 0.898599 0.624028
vt 0.898599 0.988912
vt 0.898599 0.958505
vt 0.898599 0.928098
vt 0.898599 0.897691
vt 0.898599 0.867284
vt 0.898599 0.836877
vt 0.890998 0.806470
vt 0.890998 0.776063
vt 0.890998 0.745656
vt 0.890998 0.715249
vt 0.890998 0.684842
vt 0.890998 0.654435
vt 0.890998 0.624028
vt 0.890998 0.988912
vt 0.890998 0.958505
vt 0.890998 0.928098
vt 0.890998 0.897691
vt 0.890998 0.867284
vt 0.890998 0.836877
vt 0.883396 0.806470
vt 0.883396 0.776063
vt 0.883396 0.745656
vt 0.883396 0.715249
vt 0.883396 0.684842
vt 0.883396 0.654435
vt 0.883396 0.624028
vt 0.883396 0.988912
vt 0.883396 0.958505
vt 0.883396 0.928098
vt 0.883396 0.897691
vt 0.883396 0.867284
vt 0.883396 0.836877
vt 0.875794 0.806470
vt 0.875794 0.776063
vt 0.875794 0.745656
vt 0.875794 0.715249
vt 0.875794 0.684842
vt 0.875794 0.654435
vt 0.875794 0.624028
vt 0.875794 0.988912
vt 0.875794 0.958505
vt 0.875794 0.928098
vt 0.875794 0.897691
vt 0.875794 0.867284
vt 0.875794 0.836877
vt 0.868192 0.806470
vt 0.868192 0.776063
vt 0.868192 0.745656
vt 0.868192 0.715249
vt 0.868192 0.684842
vt 0.868192 0.654435
vt 0.868192 0.624028
vt 0.868192 0.988912
vt 0.868192 0.958505
vt 0.868192 0.928098
vt 0.868192 0.897691
vt 0.868192 0.867284
vt 0.868192 0.836877
vt 0.860591 0.806470
vt 0.860591 0.776063
vt 0.860591 0.745656
vt 0.860591 0.715249
vt 0.860591 0.684842
vt 0.860591 0.654435
vt 0.860591 0.624028
vt 0.860591 0.988912
vt 0.860591 0.958505
vt 0.860591 0.928098
vt 0.860591 0.897691
vt 0.860591 0.867284
vt 0.860591 0.836877
vt 0.852989 0.806470
vt 0.852989 0.776063
vt 0.852989 0.745656
vt 0.852989 0.715249
vt 0.852989 0.684842
vt 0.852989 0.654435
vt 0.852989 0.624028
vt 0.852989 0.988912
vt 0.852989 0.958505
vt 0.852989 0.928098
vt 0.852989 0.897691
vt 0.852989 0.867284
vt 0.852989 0.836877
vt 0.845387 0.806470
vt 0.845387 0.776063
vt 0.845387 0.745656
vt 0.845387 0.715249
vt 0.845387 0.684842
vt 0.845387 0.654435
vt 0.845387 0.624028
vt 0.845387 0.988912
vt 0.845387 0.958505
vt 0.845387 0.928098
vt 0.845387 0.897691
vt 0.845387 0.867284
vt 0.845387 0.836877
vt 0.837785 0.806470
vt 0.837785 0.776063
vt 0.837785 0.745656
vt 0.837785 0.715249
vt 0.837785 0.684842
vt 0.837785 0.654435
vt 0.837785 0.624028
vt 0.837785 0.988912
vt 0.837785 0.958505
vt 0.837785 0.928098
vt 0.837785 0.897691
vt 0.837785 0.867284
vt 0.837785 0.836877
vt 0.830184 0.806470
vt 0.830184 0.776063
vt 0.830184 0.745656
vt 0.830184 0.715249
vt 0.830184 0.684842
vt 0.830184 0.654435
vt 0.830184 0.624028
vt 0.830184 0.988912
vt 0.830184 0.958505
vt 0.830184 0.928098
vt 0.830184 0.897691
vt 0.830184 0.867284
vt 0.830184 0.836877
vt 0.822582 0.806470
vt 0.822582 0.776063
vt 0.822582 0.745656
vt 0.822582 0.715249
vt 0.822582 0.684842
vt 0.822582 0.654435
vt 0.822582 0.624028
vt 0.822582 0.988912
vt 0.822582 0.958505
vt 0.822582 0.928098
vt 0.822582 0.897691
vt 0.822582 0.867284
vt 0.822582 0.836877
s 0
usemtl マテリアル.002
f 483/560/513 495/561/513 496/562/513 484/563/513
f 484/563/514 496/562/514 497/564/514 485/565/514
f 485/565/515 497/564/515 498/566/515 486/567/515
f 486/567/516 498/566/516 499/568/516 487/569/516
f 487/569/517 499/568/517 500/570/517 488/571/517
f 488/571/518 500/570/518 501/572/518 489/573/518
f 489/574/519 501/575/519 502/576/519 490/577/519
f 490/577/520 502/576/520 503/578/520 491/579/520
f 491/579/521 503/578/521 504/580/521 492/581/521
f 492/581/522 504/580/522 505/582/522 493/583/522
f 493/583/523 505/582/523 506/584/523 494/585/523
f 494/585/524 506/584/524 495/561/524 483/560/524
f 495/561/525 507/586/525 508/587/525 496/562/525
f 496/562/526 508/587/526 509/588/526 497/564/526
f 497/564/527 509/588/527 510/589/527 498/566/527
f 498/566/528 510/589/528 511/590/528 499/568/528
f 499/568/529 511/590/529 512/591/529 500/570/529
f 500/570/530 512/591/530 513/592/530 501/572/530
f 501/575/531 513/593/531 514/594/531 502/576/531
f 502/576/532 514/594/532 515/595/532 503/578/532
f 503/578/533 515/595/533 516/596/533 504/580/533
f 504/580/534 516/596/534 517/597/534 505/582/534
f 505/582/535 517/597/535 518/598/535 506/584/535
f 506/584/536 518/598/536 507/586/536 495/561/536
f 507/586/537 519/599/537 520/600/537 508/587/537
f 508/587/538 520/600/538 521/601/538 509/588/538
f 509/588/539 521/601/539 522/602/539 510/589/539
f 510/589/540 522/602/540 523/603/540 511/590/540
f 511/590/541 523/603/541 524/604/541 512/591/541
f 512/591/542 524/604/542 525/605/542 513/592/542
f 513/593/543 525/606/543 526/607/543 514/594/543
f 514/594/544 526/607/544 527/608/544 515/595/544
f 515/595/545 527/608/545 528/609/545 516/596/545
f 516/596/546 528/609/546 529/610/546 517/597/546
f 517/597/547 529/610/547 530/611/547 518/598/547
f 518/598/548 530/611/548 519/599/548 507/586/548
f 519/599/549 531/612/549 532/613/549 520/600/549
f 520/600/550 532/613/550 533/614/550 521/601/550
f 521/601/551 533/614/551 534/615/551 522/602/551
f 522/602/552 534/615/552 535/616/552 523/603/552
f 523/603/553 535/616/553 536/617/553 524/604/553
f 524/604/554 536/617/554 537/618/554 525/605/554
f 525/606/555 537/619/555 538/620/555 526/607/555
f 526/607/556 538/620/556 539/621/556 527/608/556
f 527/608/557 539/621/557 540/622/557 528/609/557
f 528/609/558 540/622/558 541/623/558 529/610/558
f 529/610/559 541/623/559 542/624/559 530/611/559
f 530/611/560 542/624/560 531/612/560 519/599/560
f 531/612/561 543/625/561 544/626/561 532/613/561
f 532/613/562 544/626/562 545/627/562 533/614/562
f 533/614/563 545/627/563 546/628/563 534/615/563
f 534/615/564 546/628/564 547/629/564 535/616/564
f 535/616/565 547/629/565 548/630/565 536/617/565
f 536/617/566 548/630/566 549/631/566 537/618/566
f 537/619/567 549/632/567 550/633/567 538/620/567
f 538/620/568 550/633/568 551/634/568 539/621/568
f 539/621/569 551/634/569 552/635/569 540/622/569
f 540/622/570 552/635/570 553/636/570 541/623/570
f 541/623/571 553/636/571 554/637/571 542/624/571
f 542/624/572 554/637/572 543/625/572 531/612/572
f 543/625/573 555/638/573 556/639/573 544/626/573
f 544/626/574 556/639/574 557/640/574 545/627/574
f 545/627/575 557/640/575 558/641/575 546/628/575
f 546/628/576 558/641/576 559/642/576 547/629/576
f 547/629/577 559/642/577 560/643/577 548/630/577
f 548/630/578 560/643/578 561/644/578 549/631/578
f 549/632/579 561/645/579 562/646/579 550/633/579
f 550/633/580 562/646/580 563/647/580 551/634/580
f 551/634/581 563/647/581 564/648/581 552/635/581
f 552/635/582 564/648/582 565/649/582 553/636/582
f 553/636/583 565/649/583 566/650/583 554/637/583
f 554/637/584 566/650/584 555/638/584 543/625/584
f 555/638/585 567/651/585 568/652/585 556/639/585
f 556/639/586 568/652/586 569/653/586 557/640/586
f 557/640/587 569/653/587 570/654/587 558/641/587
f 558/641/588 570/654/588 571/655/588 559/642/588
f 559/642/589 571/655/589 572/656/589 560/643/589
f 560/643/590 572/656/590 573/657/590 561/644/590
f 561/645/591 573/658/591 574/659/591 562/646/591
f 562/646/592 574/659/592 575/660/592 563/647/592
f 563/647/593 575/660/593 576/661/593 564/648/593
f 564/648/594 576/661/594 577/662/594 565/649/594
f 565/649/595 577/662/595 578/663/595 566/650/595
f 566/650/596 578/663/596 567/651/596 555/638/596
f 567/651/597 579/664/597 580/665/597 568/652/597
f 568/652/598 580/665/598 581/666/598 569/653/598
f 569/653/599 581/666/599 582/667/599 570/654/599
f 570/654/600 582/667/600 583/668/600 571/655/600
f 571/655/601 583/668/601 584/669/601 572/656/601
f 572/656/602 584/669/602 585/670/602 573/657/602
f 573/658/603 585/671/603 586/672/603 574/659/603
f 574/659/604 586/672/604 587/673/604 575/660/604
f 575/660/605 587/673/605 588/674/605 576/661/605
f 576/661/606 588/674/606 589/675/606 577/662/606
f 577/662/607 589/675/607 590/676/607 578/663/607
f 578/663/608 590/676/608 579/664/608 567/651/608
f 579/664/609 591/677/609 592/678/609 580/665/609
f 580/665/610 592/678/610 593/679/610 581/666/610
f 581/666/611 593/679/611 594/680/611 582/667/611
f 582/667/612 594/680/612 595/681/612 583/668/612
f 583/668/613 595/681/613 596/682/613 584/669/613
f 584/669/614 596/682/614 597/683/614 585/670/614
f 585/671/615 597/684/615 598/685/615 586/672/615
f 586/672/616 598/685/616 599/686/616 587/673/616
f 587/673/617 599/686/617 600/687/617 588/674/617
f 588/674/618 600/687/618 601/688/618 589/675/618
f 589/675/619 601/688/619 602/689/619 590/676/619
f 590/676/620 602/689/620 591/677/620 579/664/620
f 591/677/621 603/690/621 604/691/621 592/678/621
f 592/678/622 604/691/622 605/692/622 593/679/622
f 593/679/623 605/692/623 606/693/623 594/680/623
f 594/680/624 606/693/624 607/694/624 595/681/624
f 595/681/625 607/694/625 608/695/625 596/682/625
f 596/682/626 608/695/626 609/696/626 597/683/626
f 597/684/627 609/697/627 610/698/627 598/685/627
f 598/685/628 610/698/628 611/699/628 599/686/628
f 599/686/629 611/699/629 612/700/629 600/687/629
f 600/687/630 612/700/630 613/701/630 601/688/630
f 601/688/631 613/701/631 614/702/631 602/689/631
f 602/689/632 614/702/632 603/690/632 591/677/632
f 603/690/633 615/703/633 616/704/633 604/691/633
f 604/691/634 616/704/634 617/705/634 605/692/634
f 605/692/635 617/705/635 618/706/635 606/693/635
f 606/693/636 618/706/636 619/707/636 607/694/636
f 607/694/637 619/707/637 620/708/637 608/695/637
f 608/695/638 620/708/638 621/709/638 609/696/638
f 609/697/639 621/710/639 622/711/639 610/698/639
f 610/698/640 622/711/640 623/712/640 611/699/640
f 611/699/641 623/712/641 624/713/641 612/700/641
f 612/700/642 624/713/642 625/714/642 613/701/642
f 613/701/643 625/714/643 626/715/643 614/702/643
f 614/702/644 626/715/644 615/703/644 603/690/644
f 615/703/645 627/716/645 628/717/645 616/704/645
f 616/704/646 628/717/646 629/718/646 617/705/646
f 617/705/647 629/718/647 630/719/647 618/706/647
f 618/706/648 630/719/648 631/720/648 619/707/648
f 619/707/649 631/720/649 632/721/649 620/708/649
f 620/708/650 632/721/650 633/722/650 621/709/650
f 621/710/651 633/723/651 634/724/651 622/711/651
f 622/711/652 634/724/652 635/725/652 623/712/652
f 623/712/653 635/725/653 636/726/653 624/713/653
f 624/713/654 636/726/654 637/727/654 625/714/654
f 625/714/655 637/727/655 638/728/655 626/715/655
f 626/715/656 638/728/656 627/716/656 615/703/656
f 627/716/657 639/729/657 640/730/657 628/717/657
f 628/717/658 640/730/658 641/731/658 629/718/658
f 629/718/659 641/731/659 642/732/659 630/719/659
f 630/719/660 642/732/660 643/733/660 631/720/660
f 631/720/661 643/733/661 644/734/661 632/721/661
f 632/721/662 644/734/662 645/735/662 633/722/662
f 633/723/663 645/736/663 646/737/663 634/724/663
f 634/724/664 646/737/664 647/738/664 635/725/664
f 635/725/665 647/738/665 648/739/665 636/726/665
f 636/726/666 648/739/666 649/740/666 637/727/666
f 637/727/667 649/740/667 650/741/667 638/728/667
f 638/728/668 650/741/668 639/729/668 627/716/668
f 639/729/669 651/742/669 652/743/669 640/730/669
f 640/730/670 652/743/670 653/744/670 641/731/670
f 641/731/671 653/744/671 654/745/671 642/732/671
f 642/732/672 654/745/672 655/746/672 643/733/672
f 643/733/673 655/746/673 656/747/673 644/734/673
f 644/734/674 656/747/674 657/748/674 645/735/674
f 645/736/675 657/749/675 658/750/675 646/737/675
f 646/737/676 658/750/676 659/751/676 647/738/676
f 647/738/677 659/751/677 660/752/677 648/739/677
f 648/739/678 660/752/678 661/753/678 649/740/678
f 649/740/679 661/753/679 662/754/679 650/741/679
f 650/741/680 662/754/680 651/742/680 639/729/680
f 651/742/681 663/755/681 664/756/681 652/743/681
f 652/743/682 664/756/682 665/757/682 653/744/682
f 653/744/683 665/757/683 666/758/683 654/745/683
f 654/745/684 666/758/684 667/759/684 655/746/684
f 655/746/685 667/759/685 668/760/685 656/747/685
f 656/747/686 668/760/686 669/761/686 657/748/686
f 657/749/687 669/762/687 670/763/687 658/750/687
f 658/750/688 670/763/688 671/764/688 659/751/688
f 659/751/689 671/764/689 672/765/689 660/752/689
f 660/752/690 672/765/690 673/766/690 661/753/690
f 661/753/691 673/766/691 674/767/691 662/754/691
f 662/754/692 674/767/692 663/755/692 651/742/692
f 663/755/693 675/768/693 676/769/693 664/756/693
f 664/756/694 676/769/694 677/770/694 665/757/694
f 665/757/695 677/770/695 678/771/695 666/758/695
f 666/758/696 678/771/696 679/772/696 667/759/696
f 667/759/697 679/772/697 680/773/697 668/760/697
f 668/760/698 680/773/698 681/774/698 669/761/698
f 669/762/699 681/775/699 682/776/699 670/763/699
f 670/763/700 682/776/700 683/777/700 671/764/700
f 671/764/701 683/777/701 684/778/701 672/765/701
f 672/765/702 684/778/702 685/779/702 673/766/702
f 673/766/703 685/779/703 686/780/703 674/767/703
f 674/767/704 686/780/704 675/768/704 663/755/704
f 675/768/705 687/781/705 688/782/705 676/769/705
f 676/769/706 688/782/706 689/783/706 677/770/706
f 677/770/707 689/783/707 690/784/707 678/771/707
f 678/771/708 690/784/708 691/785/708 679/772/708
f 679/772/709 691/785/709 692/786/709 680/773/709
f 680/773/710 692/786/710 693/787/710 681/774/710
f 681/775/711 693/788/711 694/789/711 682/776/711
f 682/776/712 694/789/712 695/790/712 683/777/712
f 683/777/713 695/790/713 696/791/713 684/778/713
f 684/778/714 696/791/714 697/792/714 685/779/714
f 685/779/715 697/792/715 698/793/715 686/780/715
f 686/780/716 698/793/716 687/781/716 675/768/716
f 687/781/717 699/794/717 700/795/717 688/782/717
f 688/782/718 700/795/718 701/796/718 689/783/718
f 689/783/719 701/796/719 702/797/719 690/784/719
f 690/784/720 702/797/720 703/798/720 691/785/720
f 691/785/721 703/798/721 704/799/721 692/786/721
f 692/786/722 704/799/722 705/800/722 693/787/722
f 693/788/723 705/801/723 706/802/723 694/789/723
f 694/789/724 706/802/724 707/803/724 695/790/724
f 695/790/725 707/803/725 708/804/725 696/791/725
f 696/791/726 708/804/726 709/805/726 697/792/726
f 697/792/727 709/805/727 710/806/727 698/793/727
f 698/793/728 710/806/728 699/794/728 687/781/728
f 699/794/729 711/807/729 712/808/729 700/795/729
f 700/795/730 712/808/730 713/809/730 701/796/730
f 701/796/731 713/809/731 714/810/731 702/797/731
f 702/797/732 714/810/732 715/811/732 703/798/732
f 703/798/733 715/811/733 716/812/733 704/799/733
f 704/799/734 716/812/734 717/813/734 705/800/734
f 705/801/735 717/814/735 718/815/735 706/802/735
f 706/802/736 718/815/736 719/816/736 707/803/736
f 707/803/737 719/816/737 720/817/737 708/804/737
f 708/804/738 720/817/738 721/818/738 709/805/738
f 709/805/739 721/818/739 722/819/739 710/806/739
f 710/806/740 722/819/740 711/807/740 699/794/740
f 711/807/741 723/820/741 724/821/741 712/808/741
f 712/808/742 724/821/742 725/822/742 713/809/742
f 713/809/743 725/822/743 726/823/743 714/810/743
f 714/810/744 726/823/744 727/824/744 715/811/744
f 715/811/745 727/824/745 728/825/745 716/812/745
f 716/812/746 728/825/746 729/826/746 717/813/746
f 717/814/747 729/827/747 730/828/747 718/815/747
f 718/815/748 730/828/748 731/829/748 719/816/748
f 719/816/749 731/829/749 732/830/749 720/817/749
f 720/817/750 732/830/750 733/831/750 721/818/750
f 721/818/751 733/831/751 734/832/751 722/819/751
f 722/819/752 734/832/752 723/820/752 711/807/752
f 723/820/753 735/833/753 736/834/753 724/821/753
f 724/821/754 736/834/754 737/835/754 725/822/754
f 725/822/755 737/835/755 738/836/755 726/823/755
f 726/823/756 738/836/756 739/837/756 727/824/756
f 727/824/757 739/837/757 740/838/757 728/825/757
f 728/825/758 740/838/758 741/839/758 729/826/758
f 729/827/759 741/840/759 742/841/759 730/828/759
f 730/828/760 742/841/760 743/842/760 731/829/760
f 731/829/761 743/842/761 744/843/761 732/830/761
f 732/830/762 744/843/762 745/844/762 733/831/762
f 733/831/763 745/844/763 746/845/763 734/832/763
f 734/832/764 746/845/764 735/833/764 723/820/764
f 735/833/765 747/846/765 748/847/765 736/834/765
f 736/834/766 748/847/766 749/848/766 737/835/766
f 737/835/767 749/848/767 750/849/767 738/836/767
f 738/836/768 750/849/768 751/850/768 739/837/768
f 739/837/769 751/850/769 752/851/769 740/838/769
f 740/838/770 752/851/770 753/852/770 741/839/770
f 741/840/771 753/853/771 754/854/771 742/841/771
f 742/841/772 754/854/772 755/855/772 743/842/772
f 743/842/773 755/855/773 756/856/773 744/843/773
f 744/843/774 756/856/774 757/857/774 745/844/774
f 745/844/775 757/857/775 758/858/775 746/845/775
f 746/845/776 758/858/776 747/846/776 735/833/776
f 747/846/777 759/859/777 760/860/777 748/847/777
f 748/847/778 760/860/778 761/861/778 749/848/778
f 749/848/779 761/861/779 762/862/779 750/849/779
f 750/849/780 762/862/780 763/863/780 751/850/780
f 751/850/781 763/863/781 764/864/781 752/851/781
f 752/851/782 764/864/782 765/865/782 753/852/782
f 753/853/783 765/866/783 766/867/783 754/854/783
f 754/854/784 766/867/784 767/868/784 755/855/784
f 755/855/785 767/868/785 768/869/785 756/856/785
f 756/856/786 768/869/786 769/870/786 757/857/786
f 757/857/787 769/870/787 770/871/787 758/858/787
f 758/858/788 770/871/788 759/859/788 747/846/788
f 759/859/789 771/872/789 772/873/789 760/860/789
f 760/860/790 772/873/790 773/874/790 761/861/790
f 761/861/791 773/874/791 774/875/791 762/862/791
f 762/862/792 774/875/792 775/876/792 763/863/792
f 763/863/793 775/876/793 776/877/793 764/864/793
f 764/864/794 776/877/794 777/878/794 765/865/794
f 765/866/795 777/879/795 778/880/795 766/867/795
f 766/867/796 778/880/796 779/881/796 767/868/796
f 767/868/797 779/881/797 780/882/797 768/869/797
f 768/869/798 780/882/798 781/883/798 769/870/798
f 769/870/799 781/883/799 782/884/799 770/871/799
f 770/871/800 782/884/800 771/872/800 759/859/800
f 771/885/518 783/886/518 784/887/518 772/888/518
f 772/888/517 784/887/517 785/889/517 773/890/517
f 773/890/516 785/889/516 786/891/516 774/892/516
f 774/892/515 786/891/515 787/893/515 775/894/515
f 775/894/514 787/893/514 788/895/514 776/896/514
f 776/896/513 788/895/513 789/897/513 777/898/513
f 777/899/524 789/900/524 790/901/524 778/902/524
f 778/902/523 790/901/523 791/903/523 779/904/523
f 779/904/522 791/903/522 792/905/522 780/906/522
f 780/906/521 792/905/521 793/907/521 781/908/521
f 781/908/520 793/907/520 794/909/520 782/910/520
f 782/910/519 794/909/519 783/886/519 771/885/519
f 783/886/530 795/911/530 796/912/530 784/887/530
f 784/887/529 796/912/529 797/913/529 785/889/529
f 785/889/528 797/913/528 798/914/528 786/891/528
f 786/891/527 798/914/527 799/915/527 787/893/527
f 787/893/526 799/915/526 800/916/526 788/895/526
f 788/895/525 800/916/525 801/917/525 789/897/525
f 789/900/536 801/918/536 802/919/536 790/901/536
f 790/901/535 802/919/535 803/920/535 791/903/535
f 791/903/534 803/920/534 804/921/534 792/905/534
f 792/905/533 804/921/533 805/922/533 793/907/533
f 793/907/532 805/922/532 806/923/532 794/909/532
f 794/909/531 806/923/531 795/911/531 783/886/531
f 795/911/542 807/924/542 808/925/542 796/912/542
f 796/912/541 808/925/541 809/926/541 797/913/541
f 797/913/540 809/926/540 810/927/540 798/914/540
f 798/914/539 810/927/539 811/928/539 799/915/539
f 799/915/538 811/928/538 812/929/538 800/916/538
f 800/916/537 812/929/537 813/930/537 801/917/537
f 801/918/548 813/931/548 814/932/548 802/919/548
f 802/919/547 814/932/547 815/933/547 803/920/547
f 803/920/546 815/933/546 816/934/546 804/921/546
f 804/921/545 816/934/545 817/935/545 805/922/545
f 805/922/544 817/935/544 818/936/544 806/923/544
f 806/923/543 818/936/543 807/924/543 795/911/543
f 807/924/554 819/937/554 820/938/554 808/925/554
f 808/925/553 820/938/553 821/939/553 809/926/553
f 809/926/552 821/939/552 822/940/552 810/927/552
f 810/927/551 822/940/551 823/941/551 811/928/551
f 811/928/550 823/941/550 824/942/550 812/929/550
f 812/929/549 824/942/549 825/943/549 813/930/549
f 813/931/560 825/944/560 826/945/560 814/932/560
f 814/932/559 826/945/559 827/946/559 815/933/559
f 815/933/558 827/946/558 828/947/558 816/934/558
f 816/934/557 828/947/557 829/948/557 817/935/557
f 817/935/556 829/948/556 830/949/556 818/936/556
f 818/936/555 830/949/555 819/937/555 807/924/555
f 819/937/566 831/950/566 832/951/566 820/938/566
f 820/938/565 832/951/565 833/952/565 821/939/565
f 821/939/564 833/952/564 834/953/564 822/940/564
f 822/940/563 834/953/563 835/954/563 823/941/563
f 823/941/562 835/954/562 836/955/562 824/942/562
f 824/942/561 836/955/561 837/956/561 825/943/561
f 825/944/572 837/957/572 838/958/572 826/945/572
f 826/945/571 838/958/571 839/959/571 827/946/571
f 827/946/570 839/959/570 840/960/570 828/947/570
f 828/947/569 840/960/569 841/961/569 829/948/569
f 829/948/568 841/961/568 842/962/568 830/949/568
f 830/949/567 842/962/567 831/950/567 819/937/567
f 831/950/578 843/963/578 844/964/578 832/951/578
f 832/951/577 844/964/577 845/965/577 833/952/577
f 833/952/576 845/965/576 846/966/576 834/953/576
f 834/953/575 846/966/575 847/967/575 835/954/575
f 835/954/574 847/967/574 848/968/574 836/955/574
f 836/955/573 848/968/573 849/969/573 837/956/573
f 837/957/584 849/970/584 850/971/584 838/958/584
f 838/958/583 850/971/583 851/972/583 839/959/583
f 839/959/582 851/972/582 852/973/582 840/960/582
f 840/960/581 852/973/581 853/974/581 841/961/581
f 841/961/580 853/974/580 854/975/580 842/962/580
f 842/962/579 854/975/579 843/963/579 831/950/579
f 843/963/590 855/976/590 856/977/590 844/964/590
f 844/964/589 856/977/589 857/978/589 845/965/589
f 845/965/588 857/978/588 858/979/588 846/966/588
f 846/966/587 858/979/587 859/980/587 847/967/587
f 847/967/586 859/980/586 860/981/586 848/968/586
f 848/968/585 860/981/585 861/982/585 849/969/585
f 849/970/596 861/983/596 862/984/596 850/971/596
f 850/971/595 862/984/595 863/985/595 851/972/595
f 851/972/594 863/985/594 864/986/594 852/973/594
f 852/973/593 864/986/593 865/987/593 853/974/593
f 853/974/592 865/987/592 866/988/592 854/975/592
f 854/975/591 866/988/591 855/976/591 843/963/591
f 855/976/602 867/989/602 868/990/602 856/977/602
f 856/977/601 868/990/601 869/991/601 857/978/601
f 857/978/600 869/991/600 870/992/600 858/979/600
f 858/979/599 870/992/599 871/993/599 859/980/599
f 859/980/598 871/993/598 872/994/598 860/981/598
f 860/981/597 872/994/597 873/995/597 861/982/597
f 861/983/608 873/996/608 874/997/608 862/984/608
f 862/984/607 874/997/607 875/998/607 863/985/607
f 863/985/606 875/998/606 876/999/606 864/986/606
f 864/986/605 876/999/605 877/1000/605 865/987/605
f 865/987/604 877/1000/604 878/1001/604 866/988/604
f 866/988/603 878/1001/603 867/989/603 855/976/603
f 867/989/614 879/1002/614 880/1003/614 868/990/614
f 868/990/801 880/1003/801 881/1004/801 869/991/801
f 869/991/612 881/1004/612 882/1005/612 870/992/612
f 870/992/611 882/1005/611 883/1006/611 871/993/611
f 871/993/610 883/1006/610 884/1007/610 872/994/610
f 872/994/609 884/1007/609 885/1008/609 873/995/609
f 873/996/620 885/1009/620 886/1010/620 874/997/620
f 874/997/619 886/1010/619 887/1011/619 875/998/619
f 875/998/618 887/1011/618 888/1012/618 876/999/618
f 876/999/617 888/1012/617 889/1013/617 877/1000/617
f 877/1000/616 889/1013/616 890/1014/616 878/1001/616
f 878/1001/615 890/1014/615 879/1002/615 867/989/615
f 879/1002/626 891/1015/626 892/1016/626 880/1003/626
f 880/1003/625 892/1016/625 893/1017/625 881/1004/625
f 881/1004/624 893/1017/624 894/1018/624 882/1005/624
f 882/1005/623 894/1018/623 895/1019/623 883/1006/623
f 883/1006/622 895/1019/622 896/1020/622 884/1007/622
f 884/1007/621 896/1020/621 897/1021/621 885/1008/621
f 885/1009/632 897/1022/632 898/1023/632 886/1010/632
f 886/1010/631 898/1023/631 899/1024/631 887/1011/631
f 887/1011/630 899/1024/630 900/1025/630 888/1012/630
f 888/1012/629 900/1025/629 901/1026/629 889/1013/629
f 889/1013/628 901/1026/628 902/1027/628 890/1014/628
f 890/1014/627 902/1027/627 891/1015/627 879/1002/627
f 891/1015/638 903/1028/638 904/1029/638 892/1016/638
f 892/1016/637 904/1029/637 905/1030/637 893/1017/637
f 893/1017/636 905/1030/636 906/1031/636 894/1018/636
f 894/1018/635 906/1031/635 907/1032/635 895/1019/635
f 895/1019/634 907/1032/634 908/1033/634 896/1020/634
f 896/1020/633 908/1033/633 909/1034/633 897/1021/633
f 897/1022/644 909/1035/644 910/1036/644 898/1023/644
f 898/1023/643 910/1036/643 911/1037/643 899/1024/643
f 899/1024/642 911/1037/642 912/1038/642 900/1025/642
f 900/1025/641 912/1038/641 913/1039/641 901/1026/641
f 901/1026/640 913/1039/640 914/1040/640 902/1027/640
f 902/1027/639 914/1040/639 903/1028/639 891/1015/639
f 903/1028/650 915/1041/650 916/1042/650 904/1029/650
f 904/1029/649 916/1042/649 917/1043/649 905/1030/649
f 905/1030/648 917/1043/648 918/1044/648 906/1031/648
f 906/1031/647 918/1044/647 919/1045/647 907/1032/647
f 907/1032/646 919/1045/646 920/1046/646 908/1033/646
f 908/1033/645 920/1046/645 921/1047/645 909/1034/645
f 909/1035/656 921/1048/656 922/1049/656 910/1036/656
f 910/1036/655 922/1049/655 923/1050/655 911/1037/655
f 911/1037/654 923/1050/654 924/1051/654 912/1038/654
f 912/1038/653 924/1051/653 925/1052/653 913/1039/653
f 913/1039/652 925/1052/652 926/1053/652 914/1040/652
f 914/1040/651 926/1053/651 915/1041/651 903/1028/651
f 915/1041/662 927/1054/662 928/1055/662 916/1042/662
f 916/1042/661 928/1055/661 929/1056/661 917/1043/661
f 917/1043/660 929/1056/660 930/1057/660 918/1044/660
f 918/1044/659 930/1057/659 931/1058/659 919/1045/659
f 919/1045/658 931/1058/658 932/1059/658 920/1046/658
f 920/1046/657 932/1059/657 933/1060/657 921/1047/657
f 921/1048/668 933/1061/668 934/1062/668 922/1049/668
f 922/1049/667 934/1062/667 935/1063/667 923/1050/667
f 923/1050/666 935/1063/666 936/1064/666 924/1051/666
f 924/1051/665 936/1064/665 937/1065/665 925/1052/665
f 925/1052/664 937/1065/664 938/1066/664 926/1053/664
f 926/1053/663 938/1066/663 927/1054/663 915/1041/663
f 927/1054/674 939/1067/674 940/1068/674 928/1055/674
f 928/1055/673 940/1068/673 941/1069/673 929/1056/673
f 929/1056/672 941/1069/672 942/1070/672 930/1057/672
f 930/1057/671 942/1070/671 943/1071/671 931/1058/671
f 931/1058/670 943/1071/670 944/1072/670 932/1059/670
f 932/1059/669 944/1072/669 945/1073/669 933/1060/669
f 933/1061/680 945/1074/680 946/1075/680 934/1062/680
f 934/1062/679 946/1075/679 947/1076/679 935/1063/679
f 935/1063/678 947/1076/678 948/1077/678 936/1064/678
f 936/1064/677 948/1077/677 949/1078/677 937/1065/677
f 937/1065/676 949/1078/676 950/1079/676 938/1066/676
f 938/1066/675 950/1079/675 939/1067/675 927/1054/675
f 939/1067/686 951/1080/686 952/1081/686 940/1068/686
f 940/1068/685 952/1081/685 953/1082/685 941/1069/685
f 941/1069/684 953/1082/684 954/1083/684 942/1070/684
f 942/1070/683 954/1083/683 955/1084/683 943/1071/683
f 943/1071/682 955/1084/682 956/1085/682 944/1072/682
f 944/1072/681 956/1085/681 957/1086/681 945/1073/681
f 945/1074/692 957/1087/692 958/1088/692 946/1075/692
f 946/1075/691 958/1088/691 959/1089/691 947/1076/691
f 947/1076/690 959/1089/690 960/1090/690 948/1077/690
f 948/1077/689 960/1090/689 961/1091/689 949/1078/689
f 949/1078/688 961/1091/688 962/1092/688 950/1079/688
f 950/1079/687 962/1092/687 951/1080/687 939/1067/687
f 951/1080/698 963/1093/698 964/1094/698 952/1081/698
f 952/1081/697 964/1094/697 965/1095/697 953/1082/697
f 953/1082/696 965/1095/696 966/1096/696 954/1083/696
f 954/1083/695 966/1096/695 967/1097/695 955/1084/695
f 955/1084/802 967/1097/802 968/1098/802 956/1085/802
f 956/1085/693 968/1098/693 969/1099/693 957/1086/693
f 957/1087/704 969/1100/704 970/1101/704 958/1088/704
f 958/1088/703 970/1101/703 971/1102/703 959/1089/703
f 959/1089/702 971/1102/702 972/1103/702 960/1090/702
f 960/1090/701 972/1103/701 973/1104/701 961/1091/701
f 961/1091/700 973/1104/700 974/1105/700 962/1092/700
f 962/1092/699 974/1105/699 963/1093/699 951/1080/699
f 963/1093/710 975/1106/710 976/1107/710 964/1094/710
f 964/1094/709 976/1107/709 977/1108/709 965/1095/709
f 965/1095/708 977/1108/708 978/1109/708 966/1096/708
f 966/1096/707 978/1109/707 979/1110/707 967/1097/707
f 967/1097/706 979/1110/706 980/1111/706 968/1098/706
f 968/1098/705 980/1111/705 981/1112/705 969/1099/705
f 969/1100/716 981/1113/716 982/1114/716 970/1101/716
f 970/1101/715 982/1114/715 983/1115/715 971/1102/715
f 971/1102/714 983/1115/714 984/1116/714 972/1103/714
f 972/1103/713 984/1116/713 985/1117/713 973/1104/713
f 973/1104/712 985/1117/712 986/1118/712 974/1105/712
f 974/1105/711 986/1118/711 975/1106/711 963/1093/711
f 975/1106/722 987/1119/722 988/1120/722 976/1107/722
f 976/1107/721 988/1120/721 989/1121/721 977/1108/721
f 977/1108/720 989/1121/720 990/1122/720 978/1109/720
f 978/1109/719 990/1122/719 991/1123/719 979/1110/719
f 979/1110/718 991/1123/718 992/1124/718 980/1111/718
f 980/1111/717 992/1124/717 993/1125/717 981/1112/717
f 981/1113/728 993/1126/728 994/1127/728 982/1114/728
f 982/1114/727 994/1127/727 995/1128/727 983/1115/727
f 983/1115/726 995/1128/726 996/1129/726 984/1116/726
f 984/1116/725 996/1129/725 997/1130/725 985/1117/725
f 985/1117/724 997/1130/724 998/1131/724 986/1118/724
f 986/1118/723 998/1131/723 987/1119/723 975/1106/723
f 987/1119/734 999/1132/734 1000/1133/734 988/1120/734
f 988/1120/733 1000/1133/733 1001/1134/733 989/1121/733
f 989/1121/732 1001/1134/732 1002/1135/732 990/1122/732
f 990/1122/731 1002/1135/731 1003/1136/731 991/1123/731
f 991/1123/730 1003/1136/730 1004/1137/730 992/1124/730
f 992/1124/729 1004/1137/729 1005/1138/729 993/1125/729
f 993/1126/740 1005/1139/740 1006/1140/740 994/1127/740
f 994/1127/739 1006/1140/739 1007/1141/739 995/1128/739
f 995/1128/738 1007/1141/738 1008/1142/738 996/1129/738
f 996/1129/737 1008/1142/737 1009/1143/737 997/1130/737
f 997/1130/736 1009/1143/736 1010/1144/736 998/1131/736
f 998/1131/735 1010/1144/735 999/1132/735 987/1119/735
f 999/1132/746 1011/1145/746 1012/1146/746 1000/1133/746
f 1000/1133/745 1012/1146/745 1013/1147/745 1001/1134/745
f 1001/1134/744 1013/1147/744 1014/1148/744 1002/1135/744
f 1002/1135/743 1014/1148/743 1015/1149/743 1003/1136/743
f 1003/1136/742 1015/1149/742 1016/1150/742 1004/1137/742
f 1004/1137/741 1016/1150/741 1017/1151/741 1005/1138/741
f 1005/1139/752 1017/1152/752 1018/1153/752 1006/1140/752
f 1006/1140/751 1018/1153/751 1019/1154/751 1007/1141/751
f 1007/1141/750 1019/1154/750 1020/1155/750 1008/1142/750
f 1008/1142/749 1020/1155/749 1021/1156/749 1009/1143/749
f 1009/1143/748 1021/1156/748 1022/1157/748 1010/1144/748
f 1010/1144/747 1022/1157/747 1011/1145/747 999/1132/747
f 1011/1145/758 1023/1158/758 1024/1159/758 1012/1146/758
f 1012/1146/757 1024/1159/757 1025/1160/757 1013/1147/757
f 1013/1147/756 1025/1160/756 1026/1161/756 1014/1148/756
f 1014/1148/755 1026/1161/755 1027/1162/755 1015/1149/755
f 1015/1149/754 1027/1162/754 1028/1163/754 1016/1150/754
f 1016/1150/753 1028/1163/753 1029/1164/753 1017/1151/753
f 1017/1152/764 1029/1165/764 1030/1166/764 1018/1153/764
f 1018/1153/763 1030/1166/763 1031/1167/763 1019/1154/763
f 1019/1154/762 1031/1167/762 1032/1168/762 1020/1155/762
f 1020/1155/761 1032/1168/761 1033/1169/761 1021/1156/761
f 1021/1156/760 1033/1169/760 1034/1170/760 1022/1157/760
f 1022/1157/759 1034/1170/759 1023/1158/759 1011/1145/759
f 1023/1158/770 1035/1171/770 1036/1172/770 1024/1159/770
f 1024/1159/769 1036/1172/769 1037/1173/769 1025/1160/769
f 1025/1160/768 1037/1173/768 1038/1174/768 1026/1161/768
f 1026/1161/767 1038/1174/767 1039/1175/767 1027/1162/767
f 1027/1162/766 1039/1175/766 1040/1176/766 1028/1163/766
f 1028/1163/765 1040/1176/765 1041/1177/765 1029/1164/765
f 1029/1165/776 1041/1178/776 1042/1179/776 1030/1166/776
f 1030/1166/775 1042/1179/775 1043/1180/775 1031/1167/775
f 1031/1167/774 1043/1180/774 1044/1181/774 1032/1168/774
f 1032/1168/773 1044/1181/773 1045/1182/773 1033/1169/773
f 1033/1169/772 1045/1182/772 1046/1183/772 1034/1170/772
f 1034/1170/771 1046/1183/771 1035/1171/771 1023/1158/771
f 1035/1171/782 1047/1184/782 1048/1185/782 1036/1172/782
f 1036/1172/781 1048/1185/781 1049/1186/781 1037/1173/781
f 1037/1173/780 1049/1186/780 1050/1187/780 1038/1174/780
f 1038/1174/779 1050/1187/779 1051/1188/779 1039/1175/779
f 1039/1175/778 1051/1188/778 1052/1189/778 1040/1176/778
f 1040/1176/777 1052/1189/777 1053/1190/777 1041/1177/777
f 1041/1178/788 1053/1191/788 1054/1192/788 1042/1179/788
f 1042/1179/787 1054/1192/787 1055/1193/787 1043/1180/787
f 1043/1180/786 1055/1193/786 1056/1194/786 1044/1181/786
f 1044/1181/785 1056/1194/785 1057/1195/785 1045/1182/785
f 1045/1182/784 1057/1195/784 1058/1196/784 1046/1183/784
f 1046/1183/783 1058/1196/783 1047/1184/783 1035/1171/783
f 1047/1184/794 483/560/794 484/563/794 1048/1185/794
f 1048/1185/793 484/563/793 485/565/793 1049/1186/793
f 1049/1186/792 485/565/792 486/567/792 1050/1187/792
f 1050/1187/791 486/567/791 487/569/791 1051/1188/791
f 1051/1188/790 487/569/790 488/571/790 1052/1189/790
f 1052/1189/789 488/571/789 489/573/789 1053/1190/789
f 1053/1191/800 489/574/800 490/577/800 1054/1192/800
f 1054/1192/799 490/577/799 491/579/799 1055/1193/799
f 1055/1193/798 491/579/798 492/581/798 1056/1194/798
f 1056/1194/797 492/581/797 493/583/797 1057/1195/797
f 1057/1195/796 493/583/796 494/585/796 1058/1196/796
f 1058/1196/795 494/585/795 483/560/795 1047/1184/795
o トーラス.001
v 0.608907 0.068130 0.000000
v 0.592591 0.079861 0.000000
v 0.548016 0.088449 0.000000
v 0.487125 0.091592 0.000000
v 0.426235 0.088449 0.000000
v 0.381660 0.079861 0.000000
v 0.365344 0.068130 0.000000
v 0.381660 0.056398 0.000000
v 0.426235 0.047810 0.000000
v 0.487125 0.044667 0.000000
v 0.548016 0.047810 0.000000
v 0.592591 0.056398 0.000000
v 0.603697 0.068130 -0.079478
v 0.587521 0.079861 -0.077349
v 0.543328 0.088449 -0.071530
v 0.482958 0.091592 -0.063583
v 0.422588 0.088449 -0.055635
v 0.378394 0.079861 -0.049817
v 0.362218 0.068130 -0.047687
v 0.378394 0.056398 -0.049817
v 0.422588 0.047810 -0.055635
v 0.482958 0.044667 -0.063583
v 0.543328 0.047810 -0.071530
v 0.587521 0.056398 -0.077349
v 0.588159 0.068130 -0.157597
v 0.572399 0.079861 -0.153374
v 0.529343 0.088449 -0.141837
v 0.470527 0.091592 -0.126077
v 0.411711 0.088449 -0.110318
v 0.368655 0.079861 -0.098781
v 0.352895 0.068130 -0.094558
v 0.368655 0.056398 -0.098781
v 0.411711 0.047810 -0.110318
v 0.470527 0.044667 -0.126077
v 0.529343 0.047810 -0.141837
v 0.572399 0.056398 -0.153374
v 0.562556 0.068130 -0.233018
v 0.547483 0.079861 -0.226775
v 0.506301 0.088449 -0.209717
v 0.450045 0.091592 -0.186415
v 0.393790 0.088449 -0.163113
v 0.352608 0.079861 -0.146055
v 0.337534 0.068130 -0.139811
v 0.352608 0.056398 -0.146055
v 0.393790 0.047810 -0.163113
v 0.450045 0.044667 -0.186415
v 0.506301 0.047810 -0.209717
v 0.547483 0.056398 -0.226775
v 0.527329 0.068130 -0.304453
v 0.513199 0.079861 -0.296296
v 0.474596 0.088449 -0.274008
v 0.421863 0.091592 -0.243563
v 0.369130 0.088449 -0.213117
v 0.330527 0.079861 -0.190830
v 0.316397 0.068130 -0.182672
v 0.330527 0.056398 -0.190830
v 0.369130 0.047810 -0.213117
v 0.421863 0.044667 -0.243563
v 0.474596 0.047810 -0.274008
v 0.513199 0.056398 -0.296296
v 0.483078 0.068130 -0.370679
v 0.470134 0.079861 -0.360747
v 0.434770 0.088449 -0.333611
v 0.386463 0.091592 -0.296543
v 0.338155 0.088449 -0.259475
v 0.302791 0.079861 -0.232340
v 0.289847 0.068130 -0.222407
v 0.302791 0.056398 -0.232340
v 0.338155 0.047810 -0.259475
v 0.386463 0.044667 -0.296543
v 0.434770 0.047810 -0.333611
v 0.470134 0.056398 -0.360747
v 0.430562 0.068130 -0.430562
v 0.419025 0.079861 -0.419025
v 0.387506 0.088449 -0.387506
v 0.344450 0.091592 -0.344450
v 0.301393 0.088449 -0.301393
v 0.269874 0.079861 -0.269874
v 0.258337 0.068130 -0.258337
v 0.269874 0.056398 -0.269874
v 0.301393 0.047810 -0.301393
v 0.344450 0.044667 -0.344450
v 0.387506 0.047810 -0.387506
v 0.419025 0.056398 -0.419025
v 0.370679 0.068130 -0.483078
v 0.360747 0.079861 -0.470134
v 0.333611 0.088449 -0.434770
v 0.296543 0.091592 -0.386462
v 0.259475 0.088449 -0.338155
v 0.232340 0.079861 -0.302791
v 0.222407 0.068130 -0.289847
v 0.232340 0.056398 -0.302791
v 0.259475 0.047810 -0.338155
v 0.296543 0.044667 -0.386462
v 0.333611 0.047810 -0.434770
v 0.360747 0.056398 -0.470134
v 0.304453 0.068130 -0.527329
v 0.296296 0.079861 -0.513199
v 0.274008 0.088449 -0.474596
v 0.243563 0.091592 -0.421863
v 0.213117 0.088449 -0.369130
v 0.190830 0.079861 -0.330527
v 0.182672 0.068130 -0.316397
v 0.190830 0.056398 -0.330527
v 0.213117 0.047810 -0.369130
v 0.243563 0.044667 -0.421863
v 0.274008 0.047810 -0.474596
v 0.296296 0.056398 -0.513199
v 0.233019 0.068130 -0.562556
v 0.226775 0.079861 -0.547483
v 0.209717 0.088449 -0.506301
v 0.186415 0.091592 -0.450045
v 0.163113 0.088449 -0.393789
v 0.146055 0.079861 -0.352607
v 0.139811 0.068130 -0.337534
v 0.146055 0.056398 -0.352607
v 0.163113 0.047810 -0.393789
v 0.186415 0.044667 -0.450045
v 0.209717 0.047810 -0.506301
v 0.226775 0.056398 -0.547483
v 0.157597 0.068130 -0.588159
v 0.153374 0.079861 -0.572399
v 0.141837 0.088449 -0.529343
v 0.126077 0.091592 -0.470527
v 0.110318 0.088449 -0.411711
v 0.098781 0.079861 -0.368655
v 0.094558 0.068130 -0.352895
v 0.098781 0.056398 -0.368655
v 0.110318 0.047810 -0.411711
v 0.126077 0.044667 -0.470527
v 0.141837 0.047810 -0.529343
v 0.153374 0.056398 -0.572399
v 0.079478 0.068130 -0.603697
v 0.077349 0.079861 -0.587521
v 0.071530 0.088449 -0.543328
v 0.063583 0.091592 -0.482958
v 0.055635 0.088449 -0.422588
v 0.049817 0.079861 -0.378394
v 0.047687 0.068130 -0.362218
v 0.049817 0.056398 -0.378394
v 0.055635 0.047810 -0.422588
v 0.063583 0.044667 -0.482958
v 0.071530 0.047810 -0.543328
v 0.077349 0.056398 -0.587521
v 0.000000 0.068130 -0.608907
v 0.000000 0.079861 -0.592591
v 0.000000 0.088449 -0.548016
v 0.000000 0.091592 -0.487125
v 0.000000 0.088449 -0.426235
v 0.000000 0.079861 -0.381660
v 0.000000 0.068130 -0.365344
v 0.000000 0.056398 -0.381660
v 0.000000 0.047810 -0.426235
v 0.000000 0.044667 -0.487125
v 0.000000 0.047810 -0.548016
v 0.000000 0.056398 -0.592591
v -0.079478 0.068130 -0.603697
v -0.077349 0.079861 -0.587521
v -0.071531 0.088449 -0.543328
v -0.063583 0.091592 -0.482958
v -0.055635 0.088449 -0.422588
v -0.049817 0.079861 -0.378394
v -0.047687 0.068130 -0.362218
v -0.049817 0.056398 -0.378394
v -0.055635 0.047810 -0.422588
v -0.063583 0.044667 -0.482958
v -0.071531 0.047810 -0.543328
v -0.077349 0.056398 -0.587521
v -0.157597 0.068130 -0.588159
v -0.153374 0.079861 -0.572399
v -0.141837 0.088449 -0.529343
v -0.126077 0.091592 -0.470527
v -0.110318 0.088449 -0.411711
v -0.098781 0.079861 -0.368655
v -0.094558 0.068130 -0.352895
v -0.098781 0.056398 -0.368655
v -0.110318 0.047810 -0.411711
v -0.126077 0.044667 -0.470527
v -0.141837 0.047810 -0.529343
v -0.153374 0.056398 -0.572399
v -0.233019 0.068130 -0.562556
v -0.226775 0.079861 -0.547483
v -0.209717 0.088449 -0.506301
v -0.186415 0.091592 -0.450045
v -0.163113 0.088449 -0.393789
v -0.146055 0.079861 -0.352607
v -0.139811 0.068130 -0.337534
v -0.146055 0.056398 -0.352607
v -0.163113 0.047810 -0.393789
v -0.186415 0.044667 -0.450045
v -0.209717 0.047810 -0.506301
v -0.226775 0.056398 -0.547483
v -0.304453 0.068130 -0.527329
v -0.296295 0.079861 -0.513199
v -0.274008 0.088449 -0.474596
v -0.243563 0.091592 -0.421863
v -0.213117 0.088449 -0.369130
v -0.190830 0.079861 -0.330527
v -0.182672 0.068130 -0.316397
v -0.190830 0.056398 -0.330527
v -0.213117 0.047810 -0.369130
v -0.243563 0.044667 -0.421863
v -0.274008 0.047810 -0.474596
v -0.296295 0.056398 -0.513199
v -0.370679 0.068130 -0.483078
v -0.360747 0.079861 -0.470134
v -0.333611 0.088449 -0.434770
v -0.296543 0.091592 -0.386463
v -0.259475 0.088449 -0.338155
v -0.232340 0.079861 -0.302791
v -0.222407 0.068130 -0.289847
v -0.232340 0.056398 -0.302791
v -0.259475 0.047810 -0.338155
v -0.296543 0.044667 -0.386463
v -0.333611 0.047810 -0.434770
v -0.360747 0.056398 -0.470134
v -0.430562 0.068130 -0.430562
v -0.419025 0.079861 -0.419025
v -0.387506 0.088449 -0.387506
v -0.344450 0.091592 -0.344450
v -0.301394 0.088449 -0.301393
v -0.269874 0.079861 -0.269874
v -0.258337 0.068130 -0.258337
v -0.269874 0.056398 -0.269874
v -0.301394 0.047810 -0.301393
v -0.344450 0.044667 -0.344450
v -0.387506 0.047810 -0.387506
v -0.419025 0.056398 -0.419025
v -0.483078 0.068130 -0.370679
v -0.470134 0.079861 -0.360747
v -0.434770 0.088449 -0.333611
v -0.386463 0.091592 -0.296543
v -0.338155 0.088449 -0.259475
v -0.302791 0.079861 -0.232340
v -0.289847 0.068130 -0.222407
v -0.302791 0.056398 -0.232340
v -0.338155 0.047810 -0.259475
v -0.386463 0.044667 -0.296543
v -0.434770 0.047810 -0.333611
v -0.470134 0.056398 -0.360747
v -0.527329 0.068130 -0.304453
v -0.513199 0.079861 -0.296296
v -0.474596 0.088449 -0.274008
v -0.421863 0.091592 -0.243563
v -0.369130 0.088449 -0.213117
v -0.330527 0.079861 -0.190830
v -0.316397 0.068130 -0.182672
v -0.330527 0.056398 -0.190830
v -0.369130 0.047810 -0.213117
v -0.421863 0.044667 -0.243563
v -0.474596 0.047810 -0.274008
v -0.513199 0.056398 -0.296296
v -0.562556 0.068130 -0.233019
v -0.547483 0.079861 -0.226775
v -0.506301 0.088449 -0.209717
v -0.450045 0.091592 -0.186415
v -0.393789 0.088449 -0.163113
v -0.352607 0.079861 -0.146055
v -0.337534 0.068130 -0.139811
v -0.352607 0.056398 -0.146055
v -0.393789 0.047810 -0.163113
v -0.450045 0.044667 -0.186415
v -0.506301 0.047810 -0.209717
v -0.547483 0.056398 -0.226775
v -0.588159 0.068130 -0.157597
v -0.572399 0.079861 -0.153374
v -0.529343 0.088449 -0.141837
v -0.470527 0.091592 -0.126077
v -0.411711 0.088449 -0.110318
v -0.368655 0.079861 -0.098781
v -0.352895 0.068130 -0.094558
v -0.368655 0.056398 -0.098781
v -0.411711 0.047810 -0.110318
v -0.470527 0.044667 -0.126077
v -0.529343 0.047810 -0.141837
v -0.572399 0.056398 -0.153374
v -0.603697 0.068130 -0.079478
v -0.587521 0.079861 -0.077349
v -0.543328 0.088449 -0.071531
v -0.482958 0.091592 -0.063583
v -0.422588 0.088449 -0.055635
v -0.378394 0.079861 -0.049817
v -0.362218 0.068130 -0.047687
v -0.378394 0.056398 -0.049817
v -0.422588 0.047810 -0.055635
v -0.482958 0.044667 -0.063583
v -0.543328 0.047810 -0.071531
v -0.587521 0.056398 -0.077349
v -0.608907 0.068130 -0.000000
v -0.592591 0.079861 -0.000000
v -0.548016 0.088449 -0.000000
v -0.487125 0.091592 -0.000000
v -0.426235 0.088449 -0.000000
v -0.381660 0.079861 -0.000000
v -0.365344 0.068130 -0.000000
v -0.381660 0.056398 -0.000000
v -0.426235 0.047810 -0.000000
v -0.487125 0.044667 -0.000000
v -0.548016 0.047810 -0.000000
v -0.592591 0.056398 -0.000000
v -0.603697 0.068130 0.079478
v -0.587521 0.079861 0.077349
v -0.543328 0.088449 0.071531
v -0.482958 0.091592 0.063583
v -0.422588 0.088449 0.055635
v -0.378394 0.079861 0.049817
v -0.362218 0.068130 0.047687
v -0.378394 0.056398 0.049817
v -0.422588 0.047810 0.055635
v -0.482958 0.044667 0.063583
v -0.543328 0.047810 0.071531
v -0.587521 0.056398 0.077349
v -0.588159 0.068130 0.157597
v -0.572399 0.079861 0.153374
v -0.529343 0.088449 0.141837
v -0.470527 0.091592 0.126077
v -0.411711 0.088449 0.110318
v -0.368655 0.079861 0.098781
v -0.352895 0.068130 0.094558
v -0.368655 0.056398 0.098781
v -0.411711 0.047810 0.110318
v -0.470527 0.044667 0.126077
v -0.529343 0.047810 0.141837
v -0.572399 0.056398 0.153374
v -0.562557 0.068130 0.233018
v -0.547483 0.079861 0.226775
v -0.506301 0.088449 0.209716
v -0.450045 0.091592 0.186415
v -0.393790 0.088449 0.163113
v -0.352608 0.079861 0.146055
v -0.337534 0.068130 0.139811
v -0.352608 0.056398 0.146055
v -0.393790 0.047810 0.163113
v -0.450045 0.044667 0.186415
v -0.506301 0.047810 0.209716
v -0.547483 0.056398 0.226775
v -0.527329 0.068130 0.304453
v -0.513199 0.079861 0.296295
v -0.474596 0.088449 0.274008
v -0.421863 0.091592 0.243563
v -0.369130 0.088449 0.213117
v -0.330527 0.079861 0.190830
v -0.316397 0.068130 0.182672
v -0.330527 0.056398 0.190830
v -0.369130 0.047810 0.213117
v -0.421863 0.044667 0.243563
v -0.474596 0.047810 0.274008
v -0.513199 0.056398 0.296295
v -0.483078 0.068130 0.370679
v -0.470134 0.079861 0.360747
v -0.434770 0.088449 0.333611
v -0.386463 0.091592 0.296543
v -0.338155 0.088449 0.259475
v -0.302791 0.079861 0.232340
v -0.289847 0.068130 0.222407
v -0.302791 0.056398 0.232340
v -0.338155 0.047810 0.259475
v -0.386463 0.044667 0.296543
v -0.434770 0.047810 0.333611
v -0.470134 0.056398 0.360747
v -0.430562 0.068130 0.430562
v -0.419025 0.079861 0.419025
v -0.387506 0.088449 0.387506
v -0.344450 0.091592 0.344450
v -0.301394 0.088449 0.301393
v -0.269874 0.079861 0.269874
v -0.258337 0.068130 0.258337
v -0.269874 0.056398 0.269874
v -0.301394 0.047810 0.301393
v -0.344450 0.044667 0.344450
v -0.387506 0.047810 0.387506
v -0.419025 0.056398 0.419025
v -0.370679 0.068130 0.483078
v -0.360747 0.079861 0.470134
v -0.333611 0.088449 0.434770
v -0.296543 0.091592 0.386462
v -0.259475 0.088449 0.338155
v -0.232340 0.079861 0.302791
v -0.222408 0.068130 0.289847
v -0.232340 0.056398 0.302791
v -0.259475 0.047810 0.338155
v -0.296543 0.044667 0.386462
v -0.333611 0.047810 0.434770
v -0.360747 0.056398 0.470134
v -0.304453 0.068130 0.527329
v -0.296295 0.079861 0.513199
v -0.274008 0.088449 0.474596
v -0.243563 0.091592 0.421863
v -0.213117 0.088449 0.369130
v -0.190830 0.079861 0.330527
v -0.182672 0.068130 0.316397
v -0.190830 0.056398 0.330527
v -0.213117 0.047810 0.369130
v -0.243563 0.044667 0.421863
v -0.274008 0.047810 0.474596
v -0.296295 0.056398 0.513199
v -0.233019 0.068130 0.562556
v -0.226775 0.079861 0.547483
v -0.209717 0.088449 0.506301
v -0.186415 0.091592 0.450045
v -0.163113 0.088449 0.393789
v -0.146055 0.079861 0.352607
v -0.139811 0.068130 0.337534
v -0.146055 0.056398 0.352607
v -0.163113 0.047810 0.393789
v -0.186415 0.044667 0.450045
v -0.209717 0.047810 0.506301
v -0.226775 0.056398 0.547483
v -0.157597 0.068130 0.588159
v -0.153374 0.079861 0.572399
v -0.141837 0.088449 0.529343
v -0.126077 0.091592 0.470527
v -0.110318 0.088449 0.411711
v -0.098781 0.079861 0.368655
v -0.094558 0.068130 0.352895
v -0.098781 0.056398 0.368655
v -0.110318 0.047810 0.411711
v -0.126077 0.044667 0.470527
v -0.141837 0.047810 0.529343
v -0.153374 0.056398 0.572399
v -0.079479 0.068130 0.603697
v -0.077349 0.079861 0.587521
v -0.071531 0.088449 0.543328
v -0.063583 0.091592 0.482958
v -0.055635 0.088449 0.422588
v -0.049817 0.079861 0.378394
v -0.047687 0.068130 0.362218
v -0.049817 0.056398 0.378394
v -0.055635 0.047810 0.422588
v -0.063583 0.044667 0.482958
v -0.071531 0.047810 0.543328
v -0.077349 0.056398 0.587521
v 0.000000 0.068130 0.608907
v 0.000000 0.079861 0.592591
v 0.000000 0.088449 0.548016
v 0.000000 0.091592 0.487125
v 0.000000 0.088449 0.426235
v 0.000000 0.079861 0.381660
v 0.000000 0.068130 0.365344
v 0.000000 0.056398 0.381660
v 0.000000 0.047810 0.426235
v 0.000000 0.044667 0.487125
v 0.000000 0.047810 0.548016
v 0.000000 0.056398 0.592591
v 0.079478 0.068130 0.603697
v 0.077349 0.079861 0.587521
v 0.071530 0.088449 0.543328
v 0.063583 0.091592 0.482958
v 0.055635 0.088449 0.422588
v 0.049817 0.079861 0.378394
v 0.047687 0.068130 0.362218
v 0.049817 0.056398 0.378394
v 0.055635 0.047810 0.422588
v 0.063583 0.044667 0.482958
v 0.071530 0.047810 0.543328
v 0.077349 0.056398 0.587521
v 0.157596 0.068130 0.588159
v 0.153374 0.079861 0.572399
v 0.141837 0.088449 0.529343
v 0.126077 0.091592 0.470527
v 0.110317 0.088449 0.411711
v 0.098781 0.079861 0.368655
v 0.094558 0.068130 0.352895
v 0.098781 0.056398 0.368655
v 0.110317 0.047810 0.411711
v 0.126077 0.044667 0.470527
v 0.141837 0.047810 0.529343
v 0.153374 0.056398 0.572399
v 0.233019 0.068130 0.562556
v 0.226775 0.079861 0.547483
v 0.209717 0.088449 0.506301
v 0.186415 0.091592 0.450045
v 0.163113 0.088449 0.393789
v 0.146055 0.079861 0.352607
v 0.139811 0.068130 0.337534
v 0.146055 0.056398 0.352607
v 0.163113 0.047810 0.393789
v 0.186415 0.044667 0.450045
v 0.209717 0.047810 0.506301
v 0.226775 0.056398 0.547483
v 0.304453 0.068130 0.527329
v 0.296296 0.079861 0.513199
v 0.274008 0.088449 0.474596
v 0.243563 0.091592 0.421863
v 0.213117 0.088449 0.369130
v 0.190830 0.079861 0.330527
v 0.182672 0.068130 0.316397
v 0.190830 0.056398 0.330527
v 0.213117 0.047810 0.369130
v 0.243563 0.044667 0.421863
v 0.274008 0.047810 0.474596
v 0.296296 0.056398 0.513199
v 0.370679 0.068130 0.483078
v 0.360746 0.079861 0.470134
v 0.333611 0.088449 0.434770
v 0.296543 0.091592 0.386463
v 0.259475 0.088449 0.338155
v 0.232340 0.079861 0.302791
v 0.222407 0.068130 0.289847
v 0.232340 0.056398 0.302791
v 0.259475 0.047810 0.338155
v 0.296543 0.044667 0.386463
v 0.333611 0.047810 0.434770
v 0.360746 0.056398 0.470134
v 0.430562 0.068130 0.430562
v 0.419025 0.079861 0.419025
v 0.387506 0.088449 0.387506
v 0.344449 0.091592 0.344450
v 0.301393 0.088449 0.301394
v 0.269874 0.079861 0.269874
v 0.258337 0.068130 0.258337
v 0.269874 0.056398 0.269874
v 0.301393 0.047810 0.301394
v 0.344449 0.044667 0.344450
v 0.387506 0.047810 0.387506
v 0.419025 0.056398 0.419025
v 0.483078 0.068130 0.370679
v 0.470134 0.079861 0.360747
v 0.434770 0.088449 0.333611
v 0.386463 0.091592 0.296543
v 0.338155 0.088449 0.259475
v 0.302791 0.079861 0.232340
v 0.289847 0.068130 0.222407
v 0.302791 0.056398 0.232340
v 0.338155 0.047810 0.259475
v 0.386463 0.044667 0.296543
v 0.434770 0.047810 0.333611
v 0.470134 0.056398 0.360747
v 0.527329 0.068130 0.304453
v 0.513199 0.079861 0.296296
v 0.474596 0.088449 0.274008
v 0.421863 0.091592 0.243563
v 0.369130 0.088449 0.213117
v 0.330527 0.079861 0.190830
v 0.316397 0.068130 0.182672
v 0.330527 0.056398 0.190830
v 0.369130 0.047810 0.213117
v 0.421863 0.044667 0.243563
v 0.474596 0.047810 0.274008
v 0.513199 0.056398 0.296296
v 0.562556 0.068130 0.233019
v 0.547483 0.079861 0.226775
v 0.506301 0.088449 0.209717
v 0.450045 0.091592 0.186415
v 0.393789 0.088449 0.163113
v 0.352607 0.079861 0.146055
v 0.337534 0.068130 0.139811
v 0.352607 0.056398 0.146055
v 0.393789 0.047810 0.163113
v 0.450045 0.044667 0.186415
v 0.506301 0.047810 0.209717
v 0.547483 0.056398 0.226775
v 0.588159 0.068130 0.157596
v 0.572399 0.079861 0.153374
v 0.529343 0.088449 0.141837
v 0.470527 0.091592 0.126077
v 0.411711 0.088449 0.110318
v 0.368655 0.079861 0.098781
v 0.352895 0.068130 0.094558
v 0.368655 0.056398 0.098781
v 0.411711 0.047810 0.110318
v 0.470527 0.044667 0.126077
v 0.529343 0.047810 0.141837
v 0.572399 0.056398 0.153374
v 0.603697 0.068130 0.079478
v 0.587521 0.079861 0.077349
v 0.543328 0.088449 0.071530
v 0.482958 0.091592 0.063583
v 0.422588 0.088449 0.055635
v 0.378394 0.079861 0.049817
v 0.362218 0.068130 0.047687
v 0.378394 0.056398 0.049817
v 0.422588 0.047810 0.055635
v 0.482958 0.044667 0.063583
v 0.543328 0.047810 0.071530
v 0.587521 0.056398 0.077349
vn 0.5834 0.8113 -0.0382
vn 0.1892 0.9819 -0.0124
vn 0.0516 0.9987 -0.0034
vn -0.0516 0.9987 0.0034
vn -0.1892 0.9819 0.0124
vn -0.5834 0.8113 0.0382
vn -0.5834 -0.8113 0.0382
vn -0.1892 -0.9819 0.0124
vn -0.0516 -0.9987 0.0034
vn 0.0516 -0.9987 -0.0034
vn 0.1892 -0.9819 -0.0124
vn 0.5834 -0.8113 -0.0382
vn 0.5734 0.8113 -0.1141
vn 0.1859 0.9819 -0.0370
vn 0.0507 0.9987 -0.0101
vn -0.0507 0.9987 0.0101
vn -0.1859 0.9819 0.0370
vn -0.5734 0.8113 0.1141
vn -0.5734 -0.8113 0.1141
vn -0.1859 -0.9819 0.0370
vn -0.0507 -0.9987 0.0101
vn 0.0507 -0.9987 -0.0101
vn 0.1859 -0.9819 -0.0370
vn 0.5734 -0.8113 -0.1141
vn 0.5536 0.8113 -0.1879
vn 0.1795 0.9819 -0.0609
vn 0.0489 0.9987 -0.0166
vn -0.0489 0.9987 0.0166
vn -0.1795 0.9819 0.0609
vn -0.5536 0.8113 0.1879
vn -0.5536 -0.8113 0.1879
vn -0.1795 -0.9819 0.0609
vn -0.0489 -0.9987 0.0166
vn 0.0489 -0.9987 -0.0166
vn 0.1795 -0.9819 -0.0609
vn 0.5536 -0.8113 -0.1879
vn 0.5243 0.8113 -0.2586
vn 0.1700 0.9819 -0.0838
vn 0.0463 0.9987 -0.0229
vn -0.0463 0.9987 0.0229
vn -0.1700 0.9819 0.0838
vn -0.5243 0.8113 0.2586
vn -0.5243 -0.8113 0.2586
vn -0.1700 -0.9819 0.0838
vn -0.0463 -0.9987 0.0229
vn 0.0463 -0.9987 -0.0229
vn 0.1700 -0.9819 -0.0838
vn 0.5243 -0.8113 -0.2586
vn 0.4861 0.8113 -0.3248
vn 0.1576 0.9819 -0.1053
vn 0.0430 0.9987 -0.0287
vn -0.0430 0.9987 0.0287
vn -0.1576 0.9819 0.1053
vn -0.4861 0.8113 0.3248
vn -0.4861 -0.8113 0.3248
vn -0.1576 -0.9819 0.1053
vn -0.0430 -0.9987 0.0287
vn 0.0430 -0.9987 -0.0287
vn 0.1576 -0.9819 -0.1053
vn 0.4861 -0.8113 -0.3248
vn 0.4395 0.8113 -0.3855
vn 0.1425 0.9819 -0.1250
vn 0.0388 0.9987 -0.0341
vn -0.0388 0.9987 0.0341
vn -0.1425 0.9819 0.1250
vn -0.4395 0.8113 0.3855
vn -0.4395 -0.8113 0.3855
vn -0.1425 -0.9819 0.1250
vn -0.0388 -0.9987 0.0341
vn 0.0388 -0.9987 -0.0341
vn 0.1425 -0.9819 -0.1250
vn 0.4395 -0.8113 -0.3855
vn 0.3855 0.8113 -0.4395
vn 0.1250 0.9819 -0.1425
vn 0.0341 0.9987 -0.0388
vn -0.0341 0.9987 0.0388
vn -0.1250 0.9819 0.1425
vn -0.3855 0.8113 0.4395
vn -0.3855 -0.8113 0.4395
vn -0.1250 -0.9819 0.1425
vn -0.0341 -0.9987 0.0388
vn 0.0341 -0.9987 -0.0388
vn 0.1250 -0.9819 -0.1425
vn 0.3855 -0.8113 -0.4395
vn 0.3248 0.8113 -0.4861
vn 0.1053 0.9819 -0.1576
vn 0.0287 0.9987 -0.0430
vn -0.0287 0.9987 0.0430
vn -0.1053 0.9819 0.1576
vn -0.3248 0.8113 0.4861
vn -0.3248 -0.8113 0.4861
vn -0.1053 -0.9819 0.1576
vn -0.0287 -0.9987 0.0430
vn 0.0287 -0.9987 -0.0430
vn 0.1053 -0.9819 -0.1576
vn 0.3248 -0.8113 -0.4861
vn 0.2586 0.8113 -0.5243
vn 0.0838 0.9819 -0.1700
vn 0.0229 0.9987 -0.0463
vn -0.0229 0.9987 0.0463
vn -0.0838 0.9819 0.1700
vn -0.2586 0.8113 0.5243
vn -0.2586 -0.8113 0.5243
vn -0.0838 -0.9819 0.1700
vn -0.0229 -0.9987 0.0463
vn 0.0229 -0.9987 -0.0463
vn 0.0838 -0.9819 -0.1700
vn 0.2586 -0.8113 -0.5243
vn 0.1879 0.8113 -0.5536
vn 0.0609 0.9819 -0.1795
vn 0.0166 0.9987 -0.0489
vn -0.0166 0.9987 0.0489
vn -0.0609 0.9819 0.1795
vn -0.1879 0.8113 0.5536
vn -0.1879 -0.8113 0.5536
vn -0.0609 -0.9819 0.1795
vn -0.0166 -0.9987 0.0489
vn 0.0166 -0.9987 -0.0489
vn 0.0609 -0.9819 -0.1795
vn 0.1879 -0.8113 -0.5536
vn 0.1141 0.8113 -0.5734
vn 0.0370 0.9819 -0.1859
vn 0.0101 0.9987 -0.0507
vn -0.0101 0.9987 0.0507
vn -0.0370 0.9819 0.1859
vn -0.1140 0.8113 0.5734
vn -0.1141 -0.8113 0.5734
vn -0.0370 -0.9819 0.1859
vn -0.0101 -0.9987 0.0507
vn 0.0101 -0.9987 -0.0507
vn 0.0370 -0.9819 -0.1859
vn 0.1141 -0.8113 -0.5734
vn 0.0382 0.8113 -0.5834
vn 0.0124 0.9819 -0.1892
vn 0.0034 0.9987 -0.0516
vn -0.0034 0.9987 0.0516
vn -0.0124 0.9819 0.1892
vn -0.0382 0.8113 0.5834
vn -0.0382 -0.8113 0.5834
vn -0.0124 -0.9819 0.1892
vn -0.0034 -0.9987 0.0516
vn 0.0034 -0.9987 -0.0516
vn 0.0124 -0.9819 -0.1892
vn 0.0382 -0.8113 -0.5834
vn -0.0382 0.8113 -0.5834
vn -0.0124 0.9819 -0.1892
vn -0.0034 0.9987 -0.0516
vn 0.0034 0.9987 0.0516
vn 0.0124 0.9819 0.1892
vn 0.0382 0.8113 0.5834
vn 0.0382 -0.8113 0.5834
vn 0.0124 -0.9819 0.1892
vn 0.0034 -0.9987 0.0516
vn -0.0034 -0.9987 -0.0516
vn -0.0124 -0.9819 -0.1892
vn -0.0382 -0.8113 -0.5834
vn -0.1141 0.8113 -0.5734
vn -0.0370 0.9819 -0.1859
vn -0.0101 0.9987 -0.0507
vn 0.0101 0.9987 0.0507
vn 0.0370 0.9819 0.1859
vn 0.1141 0.8113 0.5734
vn 0.1141 -0.8113 0.5734
vn 0.0370 -0.9819 0.1859
vn 0.0101 -0.9987 0.0507
vn -0.0101 -0.9987 -0.0507
vn -0.0370 -0.9819 -0.1859
vn -0.1141 -0.8113 -0.5734
vn -0.1879 0.8113 -0.5536
vn -0.0609 0.9819 -0.1795
vn -0.0166 0.9987 -0.0489
vn 0.0166 0.9987 0.0489
vn 0.0609 0.9819 0.1795
vn 0.1879 0.8113 0.5536
vn 0.1879 -0.8113 0.5536
vn 0.0609 -0.9819 0.1795
vn 0.0166 -0.9987 0.0489
vn -0.0166 -0.9987 -0.0489
vn -0.0609 -0.9819 -0.1795
vn -0.1879 -0.8113 -0.5536
vn -0.2586 0.8113 -0.5243
vn -0.0838 0.9819 -0.1700
vn -0.0229 0.9987 -0.0463
vn 0.0229 0.9987 0.0463
vn 0.0838 0.9819 0.1700
vn 0.2586 0.8113 0.5243
vn 0.2586 -0.8113 0.5243
vn 0.0838 -0.9819 0.1700
vn 0.0229 -0.9987 0.0463
vn -0.0229 -0.9987 -0.0463
vn -0.0838 -0.9819 -0.1700
vn -0.2586 -0.8113 -0.5243
vn -0.3248 0.8113 -0.4861
vn -0.1053 0.9819 -0.1576
vn -0.0287 0.9987 -0.0430
vn 0.0287 0.9987 0.0430
vn 0.1053 0.9819 0.1576
vn 0.3248 0.8113 0.4861
vn 0.3248 -0.8113 0.4861
vn 0.1053 -0.9819 0.1576
vn 0.0287 -0.9987 0.0430
vn -0.0287 -0.9987 -0.0430
vn -0.1053 -0.9819 -0.1576
vn -0.3248 -0.8113 -0.4861
vn -0.3855 0.8113 -0.4395
vn -0.1250 0.9819 -0.1425
vn -0.0341 0.9987 -0.0388
vn 0.0341 0.9987 0.0388
vn 0.1250 0.9819 0.1425
vn 0.3855 0.8113 0.4395
vn 0.3855 -0.8113 0.4395
vn 0.1250 -0.9819 0.1425
vn 0.0341 -0.9987 0.0388
vn -0.0341 -0.9987 -0.0388
vn -0.1250 -0.9819 -0.1425
vn -0.3855 -0.8113 -0.4395
vn -0.4395 0.8113 -0.3855
vn -0.1425 0.9819 -0.1250
vn -0.0388 0.9987 -0.0341
vn 0.0388 0.9987 0.0341
vn 0.1425 0.9819 0.1250
vn 0.4395 0.8113 0.3855
vn 0.4395 -0.8113 0.3855
vn 0.1425 -0.9819 0.1250
vn 0.0388 -0.9987 0.0341
vn -0.0388 -0.9987 -0.0341
vn -0.1425 -0.9819 -0.1250
vn -0.4395 -0.8113 -0.3855
vn -0.4861 0.8113 -0.3248
vn -0.1576 0.9819 -0.1053
vn -0.0430 0.9987 -0.0287
vn 0.0430 0.9987 0.0287
vn 0.1576 0.9819 0.1053
vn 0.4861 0.8113 0.3248
vn 0.4861 -0.8113 0.3248
vn 0.1576 -0.9819 0.1053
vn 0.0430 -0.9987 0.0287
vn -0.0430 -0.9987 -0.0287
vn -0.1576 -0.9819 -0.1053
vn -0.4861 -0.8113 -0.3248
vn -0.5243 0.8113 -0.2586
vn -0.1700 0.9819 -0.0838
vn -0.0463 0.9987 -0.0229
vn 0.0463 0.9987 0.0229
vn 0.1700 0.9819 0.0838
vn 0.5243 0.8113 0.2586
vn 0.5243 -0.8113 0.2586
vn 0.1700 -0.9819 0.0838
vn 0.0463 -0.9987 0.0229
vn -0.0463 -0.9987 -0.0229
vn -0.1700 -0.9819 -0.0838
vn -0.5243 -0.8113 -0.2586
vn -0.5536 0.8113 -0.1879
vn -0.1795 0.9819 -0.0609
vn -0.0489 0.9987 -0.0166
vn 0.0489 0.9987 0.0166
vn 0.1795 0.9819 0.0609
vn 0.5536 0.8113 0.1879
vn 0.5536 -0.8113 0.1879
vn 0.1795 -0.9819 0.0609
vn 0.0489 -0.9987 0.0166
vn -0.0489 -0.9987 -0.0166
vn -0.1795 -0.9819 -0.0609
vn -0.5536 -0.8113 -0.1879
vn -0.5734 0.8113 -0.1141
vn -0.1859 0.9819 -0.0370
vn -0.0507 0.9987 -0.0101
vn 0.0507 0.9987 0.0101
vn 0.1859 0.9819 0.0370
vn 0.5734 0.8113 0.1141
vn 0.5734 -0.8113 0.1141
vn 0.1859 -0.9819 0.0370
vn 0.0507 -0.9987 0.0101
vn -0.0507 -0.9987 -0.0101
vn -0.1859 -0.9819 -0.0370
vn -0.5734 -0.8113 -0.1141
vn -0.5834 0.8113 -0.0382
vn -0.1892 0.9819 -0.0124
vn -0.0516 0.9987 -0.0034
vn 0.0516 0.9987 0.0034
vn 0.1892 0.9819 0.0124
vn 0.5834 0.8113 0.0382
vn 0.5834 -0.8113 0.0382
vn 0.1892 -0.9819 0.0124
vn 0.0516 -0.9987 0.0034
vn -0.0516 -0.9987 -0.0034
vn -0.1892 -0.9819 -0.0124
vn -0.5834 -0.8113 -0.0382
vn -0.1141 0.8113 0.5734
vn -0.1140 0.8113 -0.5734
vt 0.863915 0.138265
vt 0.858419 0.138265
vt 0.858419 0.116280
vt 0.863915 0.116280
vt 0.858419 0.094295
vt 0.863915 0.094295
vt 0.858419 0.072311
vt 0.863915 0.072311
vt 0.858419 0.050326
vt 0.863915 0.050326
vt 0.858419 0.028341
vt 0.863915 0.028341
vt 0.858419 0.006356
vt 0.863915 0.006356
vt 0.863915 0.270174
vt 0.858419 0.270174
vt 0.858419 0.248189
vt 0.863915 0.248189
vt 0.858419 0.226204
vt 0.863915 0.226204
vt 0.858419 0.204219
vt 0.863915 0.204219
vt 0.858419 0.182234
vt 0.863915 0.182234
vt 0.858419 0.160250
vt 0.863915 0.160250
vt 0.852923 0.138265
vt 0.852923 0.116280
vt 0.852923 0.094295
vt 0.852923 0.072311
vt 0.852923 0.050326
vt 0.852923 0.028341
vt 0.852923 0.006356
vt 0.852923 0.270174
vt 0.852923 0.248189
vt 0.852923 0.226204
vt 0.852923 0.204219
vt 0.852923 0.182234
vt 0.852923 0.160250
vt 0.847427 0.138265
vt 0.847427 0.116280
vt 0.847427 0.094295
vt 0.847427 0.072311
vt 0.847427 0.050326
vt 0.847427 0.028341
vt 0.847427 0.006356
vt 0.847427 0.270174
vt 0.847427 0.248189
vt 0.847427 0.226204
vt 0.847427 0.204219
vt 0.847427 0.182234
vt 0.847427 0.160250
vt 0.841930 0.138265
vt 0.841930 0.116280
vt 0.841930 0.094295
vt 0.841930 0.072311
vt 0.841930 0.050326
vt 0.841930 0.028341
vt 0.841930 0.006356
vt 0.841930 0.270174
vt 0.841930 0.248189
vt 0.841930 0.226204
vt 0.841930 0.204219
vt 0.841930 0.182234
vt 0.841930 0.160250
vt 0.836434 0.138265
vt 0.836434 0.116280
vt 0.836434 0.094295
vt 0.836434 0.072311
vt 0.836434 0.050326
vt 0.836434 0.028341
vt 0.836434 0.006356
vt 0.836434 0.270174
vt 0.836434 0.248189
vt 0.836434 0.226204
vt 0.836434 0.204219
vt 0.836434 0.182234
vt 0.836434 0.160250
vt 0.830938 0.138265
vt 0.830938 0.116280
vt 0.830938 0.094295
vt 0.830938 0.072311
vt 0.830938 0.050326
vt 0.830938 0.028341
vt 0.830938 0.006356
vt 0.830938 0.270174
vt 0.830938 0.248189
vt 0.830938 0.226204
vt 0.830938 0.204219
vt 0.830938 0.182234
vt 0.830938 0.160250
vt 0.825442 0.138265
vt 0.825442 0.116280
vt 0.825442 0.094295
vt 0.825442 0.072311
vt 0.825442 0.050326
vt 0.825442 0.028341
vt 0.825442 0.006356
vt 0.825442 0.270174
vt 0.825442 0.248189
vt 0.825442 0.226204
vt 0.825442 0.204219
vt 0.825442 0.182234
vt 0.825442 0.160250
vt 0.819946 0.138265
vt 0.819946 0.116280
vt 0.819946 0.094295
vt 0.819946 0.072311
vt 0.819946 0.050326
vt 0.819946 0.028341
vt 0.819946 0.006356
vt 0.819946 0.270174
vt 0.819946 0.248189
vt 0.819946 0.226204
vt 0.819946 0.204219
vt 0.819946 0.182234
vt 0.819946 0.160250
vt 0.814449 0.138265
vt 0.814449 0.116280
vt 0.814449 0.094295
vt 0.814449 0.072311
vt 0.814449 0.050326
vt 0.814449 0.028341
vt 0.814449 0.006356
vt 0.814449 0.270174
vt 0.814449 0.248189
vt 0.814449 0.226204
vt 0.814449 0.204219
vt 0.814449 0.182234
vt 0.814449 0.160250
vt 0.808953 0.138265
vt 0.808953 0.116280
vt 0.808953 0.094295
vt 0.808953 0.072311
vt 0.808953 0.050326
vt 0.808953 0.028341
vt 0.808953 0.006356
vt 0.808953 0.270174
vt 0.808953 0.248189
vt 0.808953 0.226204
vt 0.808953 0.204219
vt 0.808953 0.182234
vt 0.808953 0.160250
vt 0.803457 0.138265
vt 0.803457 0.116280
vt 0.803457 0.094295
vt 0.803457 0.072311
vt 0.803457 0.050326
vt 0.803457 0.028341
vt 0.803457 0.006356
vt 0.803457 0.270174
vt 0.803457 0.248189
vt 0.803457 0.226204
vt 0.803457 0.204219
vt 0.803457 0.182234
vt 0.803457 0.160250
vt 0.797961 0.138265
vt 0.797961 0.116280
vt 0.797961 0.094295
vt 0.797961 0.072311
vt 0.797961 0.050326
vt 0.797961 0.028341
vt 0.797961 0.006356
vt 0.797961 0.270174
vt 0.797961 0.248189
vt 0.797961 0.226204
vt 0.797961 0.204219
vt 0.797961 0.182234
vt 0.797961 0.160250
vt 0.792465 0.138265
vt 0.792465 0.116280
vt 0.792465 0.094295
vt 0.792465 0.072311
vt 0.792465 0.050326
vt 0.792465 0.028341
vt 0.792465 0.006356
vt 0.792465 0.270174
vt 0.792465 0.248189
vt 0.792465 0.226204
vt 0.792465 0.204219
vt 0.792465 0.182234
vt 0.792465 0.160250
vt 0.786968 0.138265
vt 0.786968 0.116280
vt 0.786968 0.094295
vt 0.786968 0.072310
vt 0.786968 0.050326
vt 0.786968 0.028341
vt 0.786968 0.006356
vt 0.786968 0.270174
vt 0.786968 0.248189
vt 0.786968 0.226204
vt 0.786968 0.204219
vt 0.786968 0.182234
vt 0.786968 0.160250
vt 0.781472 0.138265
vt 0.781472 0.116280
vt 0.781472 0.094295
vt 0.781472 0.072311
vt 0.781472 0.050326
vt 0.781472 0.028341
vt 0.781472 0.006356
vt 0.781472 0.270174
vt 0.781472 0.248189
vt 0.781472 0.226204
vt 0.781472 0.204219
vt 0.781472 0.182234
vt 0.781472 0.160250
vt 0.775976 0.138265
vt 0.775976 0.116280
vt 0.775976 0.094295
vt 0.775976 0.072311
vt 0.775976 0.050326
vt 0.775976 0.028341
vt 0.775976 0.006356
vt 0.775976 0.270174
vt 0.775976 0.248189
vt 0.775976 0.226204
vt 0.775976 0.204219
vt 0.775976 0.182234
vt 0.775976 0.160250
vt 0.770480 0.138265
vt 0.770480 0.116280
vt 0.770480 0.094295
vt 0.770480 0.072311
vt 0.770480 0.050326
vt 0.770480 0.028341
vt 0.770480 0.006356
vt 0.770480 0.270174
vt 0.770480 0.248189
vt 0.770480 0.226204
vt 0.770480 0.204219
vt 0.770480 0.182234
vt 0.770480 0.160250
vt 0.764984 0.138265
vt 0.764984 0.116280
vt 0.764984 0.094295
vt 0.764984 0.072311
vt 0.764984 0.050326
vt 0.764984 0.028341
vt 0.764984 0.006356
vt 0.764984 0.270174
vt 0.764984 0.248189
vt 0.764984 0.226204
vt 0.764984 0.204219
vt 0.764984 0.182234
vt 0.764984 0.160250
vt 0.759487 0.138265
vt 0.759487 0.116280
vt 0.759487 0.094295
vt 0.759487 0.072310
vt 0.759487 0.050326
vt 0.759487 0.028341
vt 0.759487 0.006356
vt 0.759487 0.270174
vt 0.759487 0.248189
vt 0.759487 0.226204
vt 0.759487 0.204219
vt 0.759487 0.182234
vt 0.759487 0.160250
vt 0.753991 0.138265
vt 0.753991 0.116280
vt 0.753991 0.094295
vt 0.753991 0.072311
vt 0.753991 0.050326
vt 0.753991 0.028341
vt 0.753991 0.006356
vt 0.753991 0.270174
vt 0.753991 0.248189
vt 0.753991 0.226204
vt 0.753991 0.204219
vt 0.753991 0.182234
vt 0.753991 0.160250
vt 0.748495 0.138265
vt 0.748495 0.116280
vt 0.748495 0.094295
vt 0.748495 0.072311
vt 0.748495 0.050326
vt 0.748495 0.028341
vt 0.748495 0.006356
vt 0.748495 0.270174
vt 0.748495 0.248189
vt 0.748495 0.226204
vt 0.748495 0.204219
vt 0.748495 0.182234
vt 0.748495 0.160250
vt 0.742999 0.138265
vt 0.742999 0.116280
vt 0.742999 0.094295
vt 0.742999 0.072311
vt 0.742999 0.050326
vt 0.742999 0.028341
vt 0.742999 0.006356
vt 0.742999 0.270174
vt 0.742999 0.248189
vt 0.742999 0.226204
vt 0.742999 0.204219
vt 0.742999 0.182234
vt 0.742999 0.160250
vt 0.737503 0.138265
vt 0.737503 0.116280
vt 0.737503 0.094295
vt 0.737503 0.072311
vt 0.737503 0.050326
vt 0.737503 0.028341
vt 0.737503 0.006356
vt 0.737503 0.270174
vt 0.737503 0.248189
vt 0.737503 0.226204
vt 0.737503 0.204219
vt 0.737503 0.182234
vt 0.737503 0.160250
vt 0.732006 0.138265
vt 0.732006 0.116280
vt 0.732006 0.094295
vt 0.732006 0.072310
vt 0.732006 0.050326
vt 0.732006 0.028341
vt 0.732006 0.006356
vt 0.732006 0.270174
vt 0.732006 0.248189
vt 0.732006 0.226204
vt 0.732006 0.204219
vt 0.732006 0.182234
vt 0.732006 0.160250
vt 0.995824 0.138265
vt 0.990328 0.138265
vt 0.990328 0.116280
vt 0.995824 0.116280
vt 0.990328 0.094295
vt 0.995824 0.094295
vt 0.990328 0.072311
vt 0.995824 0.072310
vt 0.990328 0.050326
vt 0.995824 0.050326
vt 0.990328 0.028341
vt 0.995824 0.028341
vt 0.990328 0.006356
vt 0.995824 0.006356
vt 0.995824 0.270174
vt 0.990328 0.270174
vt 0.990328 0.248189
vt 0.995824 0.248189
vt 0.990328 0.226204
vt 0.995824 0.226204
vt 0.990328 0.204219
vt 0.995824 0.204219
vt 0.990328 0.182234
vt 0.995824 0.182234
vt 0.990328 0.160250
vt 0.995824 0.160250
vt 0.984831 0.138265
vt 0.984831 0.116280
vt 0.984831 0.094295
vt 0.984831 0.072311
vt 0.984831 0.050326
vt 0.984831 0.028341
vt 0.984831 0.006356
vt 0.984832 0.270174
vt 0.984831 0.248189
vt 0.984831 0.226204
vt 0.984832 0.204219
vt 0.984831 0.182234
vt 0.984831 0.160250
vt 0.979335 0.138265
vt 0.979335 0.116280
vt 0.979335 0.094295
vt 0.979335 0.072311
vt 0.979335 0.050326
vt 0.979335 0.028341
vt 0.979335 0.006356
vt 0.979335 0.270174
vt 0.979335 0.248189
vt 0.979335 0.226204
vt 0.979335 0.204219
vt 0.979335 0.182234
vt 0.979335 0.160250
vt 0.973839 0.138265
vt 0.973839 0.116280
vt 0.973839 0.094295
vt 0.973839 0.072311
vt 0.973839 0.050326
vt 0.973839 0.028341
vt 0.973839 0.006356
vt 0.973839 0.270174
vt 0.973839 0.248189
vt 0.973839 0.226204
vt 0.973839 0.204219
vt 0.973839 0.182234
vt 0.973839 0.160250
vt 0.968343 0.138265
vt 0.968343 0.116280
vt 0.968343 0.094295
vt 0.968343 0.072311
vt 0.968343 0.050326
vt 0.968343 0.028341
vt 0.968343 0.006356
vt 0.968343 0.270174
vt 0.968343 0.248189
vt 0.968343 0.226204
vt 0.968343 0.204219
vt 0.968343 0.182234
vt 0.968343 0.160250
vt 0.962847 0.138265
vt 0.962847 0.116280
vt 0.962847 0.094295
vt 0.962847 0.072311
vt 0.962847 0.050326
vt 0.962847 0.028341
vt 0.962847 0.006356
vt 0.962847 0.270174
vt 0.962847 0.248189
vt 0.962847 0.226204
vt 0.962847 0.204219
vt 0.962847 0.182234
vt 0.962847 0.160250
vt 0.957350 0.138265
vt 0.957350 0.116280
vt 0.957350 0.094295
vt 0.957350 0.072311
vt 0.957350 0.050326
vt 0.957350 0.028341
vt 0.957350 0.006356
vt 0.957350 0.270174
vt 0.957351 0.248189
vt 0.957350 0.226204
vt 0.957351 0.204219
vt 0.957350 0.182234
vt 0.957350 0.160250
vt 0.951854 0.138265
vt 0.951854 0.116280
vt 0.951854 0.094295
vt 0.951854 0.072311
vt 0.951854 0.050326
vt 0.951854 0.028341
vt 0.951854 0.006356
vt 0.951854 0.270174
vt 0.951854 0.248189
vt 0.951854 0.226204
vt 0.951854 0.204219
vt 0.951854 0.182234
vt 0.951854 0.160250
vt 0.946358 0.138265
vt 0.946358 0.116280
vt 0.946358 0.094295
vt 0.946358 0.072311
vt 0.946358 0.050326
vt 0.946358 0.028341
vt 0.946358 0.006356
vt 0.946358 0.270174
vt 0.946358 0.248189
vt 0.946358 0.226204
vt 0.946358 0.204219
vt 0.946358 0.182234
vt 0.946358 0.160250
vt 0.940862 0.138265
vt 0.940862 0.116280
vt 0.940862 0.094295
vt 0.940862 0.072311
vt 0.940862 0.050326
vt 0.940862 0.028341
vt 0.940862 0.006356
vt 0.940862 0.270174
vt 0.940862 0.248189
vt 0.940862 0.226204
vt 0.940862 0.204219
vt 0.940862 0.182234
vt 0.940862 0.160250
vt 0.935366 0.138265
vt 0.935366 0.116280
vt 0.935366 0.094295
vt 0.935366 0.072311
vt 0.935366 0.050326
vt 0.935366 0.028341
vt 0.935366 0.006356
vt 0.935366 0.270174
vt 0.935366 0.248189
vt 0.935366 0.226204
vt 0.935366 0.204219
vt 0.935366 0.182234
vt 0.935366 0.160250
vt 0.929869 0.138265
vt 0.929869 0.116280
vt 0.929869 0.094295
vt 0.929869 0.072311
vt 0.929869 0.050326
vt 0.929869 0.028341
vt 0.929869 0.006356
vt 0.929870 0.270174
vt 0.929869 0.248189
vt 0.929869 0.226204
vt 0.929869 0.204219
vt 0.929869 0.182234
vt 0.929869 0.160250
vt 0.924373 0.138265
vt 0.924373 0.116280
vt 0.924373 0.094295
vt 0.924373 0.072311
vt 0.924373 0.050326
vt 0.924373 0.028341
vt 0.924373 0.006356
vt 0.924373 0.270174
vt 0.924373 0.248189
vt 0.924373 0.226204
vt 0.924373 0.204219
vt 0.924373 0.182234
vt 0.924373 0.160250
vt 0.918877 0.138265
vt 0.918877 0.116280
vt 0.918877 0.094295
vt 0.918877 0.072311
vt 0.918877 0.050326
vt 0.918877 0.028341
vt 0.918877 0.006356
vt 0.918877 0.270174
vt 0.918877 0.248189
vt 0.918877 0.226204
vt 0.918877 0.204219
vt 0.918877 0.182234
vt 0.918877 0.160250
vt 0.913381 0.138265
vt 0.913381 0.116280
vt 0.913381 0.094295
vt 0.913381 0.072311
vt 0.913381 0.050326
vt 0.913381 0.028341
vt 0.913381 0.006356
vt 0.913381 0.270174
vt 0.913381 0.248189
vt 0.913381 0.226204
vt 0.913381 0.204219
vt 0.913381 0.182234
vt 0.913381 0.160250
vt 0.907885 0.138265
vt 0.907885 0.116280
vt 0.907885 0.094295
vt 0.907885 0.072311
vt 0.907885 0.050326
vt 0.907885 0.028341
vt 0.907885 0.006356
vt 0.907885 0.270174
vt 0.907885 0.248189
vt 0.907885 0.226204
vt 0.907885 0.204219
vt 0.907885 0.182234
vt 0.907885 0.160250
vt 0.902389 0.138265
vt 0.902389 0.116280
vt 0.902389 0.094295
vt 0.902389 0.072311
vt 0.902389 0.050326
vt 0.902389 0.028341
vt 0.902389 0.006356
vt 0.902389 0.270174
vt 0.902389 0.248189
vt 0.902389 0.226204
vt 0.902389 0.204219
vt 0.902389 0.182234
vt 0.902389 0.160250
vt 0.896892 0.138265
vt 0.896892 0.116280
vt 0.896892 0.094295
vt 0.896892 0.072311
vt 0.896892 0.050326
vt 0.896892 0.028341
vt 0.896892 0.006356
vt 0.896892 0.270174
vt 0.896892 0.248189
vt 0.896892 0.226204
vt 0.896892 0.204219
vt 0.896892 0.182234
vt 0.896892 0.160250
vt 0.891396 0.138265
vt 0.891396 0.116280
vt 0.891396 0.094295
vt 0.891396 0.072311
vt 0.891396 0.050326
vt 0.891396 0.028341
vt 0.891396 0.006356
vt 0.891396 0.270174
vt 0.891396 0.248189
vt 0.891396 0.226204
vt 0.891396 0.204219
vt 0.891396 0.182234
vt 0.891396 0.160250
vt 0.885900 0.138265
vt 0.885900 0.116280
vt 0.885900 0.094295
vt 0.885900 0.072311
vt 0.885900 0.050326
vt 0.885900 0.028341
vt 0.885900 0.006356
vt 0.885900 0.270174
vt 0.885900 0.248189
vt 0.885900 0.226204
vt 0.885900 0.204219
vt 0.885900 0.182234
vt 0.885900 0.160250
vt 0.880404 0.138265
vt 0.880404 0.116280
vt 0.880404 0.094295
vt 0.880404 0.072311
vt 0.880404 0.050326
vt 0.880404 0.028341
vt 0.880404 0.006356
vt 0.880404 0.270174
vt 0.880404 0.248189
vt 0.880404 0.226204
vt 0.880404 0.204219
vt 0.880404 0.182234
vt 0.880404 0.160250
vt 0.874908 0.138265
vt 0.874908 0.116280
vt 0.874908 0.094295
vt 0.874908 0.072311
vt 0.874908 0.050326
vt 0.874908 0.028341
vt 0.874908 0.006356
vt 0.874908 0.270174
vt 0.874908 0.248189
vt 0.874908 0.226204
vt 0.874908 0.204219
vt 0.874908 0.182234
vt 0.874908 0.160250
vt 0.869411 0.138265
vt 0.869411 0.116280
vt 0.869411 0.094295
vt 0.869411 0.072311
vt 0.869411 0.050326
vt 0.869411 0.028341
vt 0.869411 0.006356
vt 0.869411 0.270174
vt 0.869411 0.248189
vt 0.869411 0.226204
vt 0.869411 0.204219
vt 0.869411 0.182234
vt 0.869411 0.160250
s 0
usemtl マテリアル.003
f 1059/1197/803 1071/1198/803 1072/1199/803 1060/1200/803
f 1060/1200/804 1072/1199/804 1073/1201/804 1061/1202/804
f 1061/1202/805 1073/1201/805 1074/1203/805 1062/1204/805
f 1062/1204/806 1074/1203/806 1075/1205/806 1063/1206/806
f 1063/1206/807 1075/1205/807 1076/1207/807 1064/1208/807
f 1064/1208/808 1076/1207/808 1077/1209/808 1065/1210/808
f 1065/1211/809 1077/1212/809 1078/1213/809 1066/1214/809
f 1066/1214/810 1078/1213/810 1079/1215/810 1067/1216/810
f 1067/1216/811 1079/1215/811 1080/1217/811 1068/1218/811
f 1068/1218/812 1080/1217/812 1081/1219/812 1069/1220/812
f 1069/1220/813 1081/1219/813 1082/1221/813 1070/1222/813
f 1070/1222/814 1082/1221/814 1071/1198/814 1059/1197/814
f 1071/1198/815 1083/1223/815 1084/1224/815 1072/1199/815
f 1072/1199/816 1084/1224/816 1085/1225/816 1073/1201/816
f 1073/1201/817 1085/1225/817 1086/1226/817 1074/1203/817
f 1074/1203/818 1086/1226/818 1087/1227/818 1075/1205/818
f 1075/1205/819 1087/1227/819 1088/1228/819 1076/1207/819
f 1076/1207/820 1088/1228/820 1089/1229/820 1077/1209/820
f 1077/1212/821 1089/1230/821 1090/1231/821 1078/1213/821
f 1078/1213/822 1090/1231/822 1091/1232/822 1079/1215/822
f 1079/1215/823 1091/1232/823 1092/1233/823 1080/1217/823
f 1080/1217/824 1092/1233/824 1093/1234/824 1081/1219/824
f 1081/1219/825 1093/1234/825 1094/1235/825 1082/1221/825
f 1082/1221/826 1094/1235/826 1083/1223/826 1071/1198/826
f 1083/1223/827 1095/1236/827 1096/1237/827 1084/1224/827
f 1084/1224/828 1096/1237/828 1097/1238/828 1085/1225/828
f 1085/1225/829 1097/1238/829 1098/1239/829 1086/1226/829
f 1086/1226/830 1098/1239/830 1099/1240/830 1087/1227/830
f 1087/1227/831 1099/1240/831 1100/1241/831 1088/1228/831
f 1088/1228/832 1100/1241/832 1101/1242/832 1089/1229/832
f 1089/1230/833 1101/1243/833 1102/1244/833 1090/1231/833
f 1090/1231/834 1102/1244/834 1103/1245/834 1091/1232/834
f 1091/1232/835 1103/1245/835 1104/1246/835 1092/1233/835
f 1092/1233/836 1104/1246/836 1105/1247/836 1093/1234/836
f 1093/1234/837 1105/1247/837 1106/1248/837 1094/1235/837
f 1094/1235/838 1106/1248/838 1095/1236/838 1083/1223/838
f 1095/1236/839 1107/1249/839 1108/1250/839 1096/1237/839
f 1096/1237/840 1108/1250/840 1109/1251/840 1097/1238/840
f 1097/1238/841 1109/1251/841 1110/1252/841 1098/1239/841
f 1098/1239/842 1110/1252/842 1111/1253/842 1099/1240/842
f 1099/1240/843 1111/1253/843 1112/1254/843 1100/1241/843
f 1100/1241/844 1112/1254/844 1113/1255/844 1101/1242/844
f 1101/1243/845 1113/1256/845 1114/1257/845 1102/1244/845
f 1102/1244/846 1114/1257/846 1115/1258/846 1103/1245/846
f 1103/1245/847 1115/1258/847 1116/1259/847 1104/1246/847
f 1104/1246/848 1116/1259/848 1117/1260/848 1105/1247/848
f 1105/1247/849 1117/1260/849 1118/1261/849 1106/1248/849
f 1106/1248/850 1118/1261/850 1107/1249/850 1095/1236/850
f 1107/1249/851 1119/1262/851 1120/1263/851 1108/1250/851
f 1108/1250/852 1120/1263/852 1121/1264/852 1109/1251/852
f 1109/1251/853 1121/1264/853 1122/1265/853 1110/1252/853
f 1110/1252/854 1122/1265/854 1123/1266/854 1111/1253/854
f 1111/1253/855 1123/1266/855 1124/1267/855 1112/1254/855
f 1112/1254/856 1124/1267/856 1125/1268/856 1113/1255/856
f 1113/1256/857 1125/1269/857 1126/1270/857 1114/1257/857
f 1114/1257/858 1126/1270/858 1127/1271/858 1115/1258/858
f 1115/1258/859 1127/1271/859 1128/1272/859 1116/1259/859
f 1116/1259/860 1128/1272/860 1129/1273/860 1117/1260/860
f 1117/1260/861 1129/1273/861 1130/1274/861 1118/1261/861
f 1118/1261/862 1130/1274/862 1119/1262/862 1107/1249/862
f 1119/1262/863 1131/1275/863 1132/1276/863 1120/1263/863
f 1120/1263/864 1132/1276/864 1133/1277/864 1121/1264/864
f 1121/1264/865 1133/1277/865 1134/1278/865 1122/1265/865
f 1122/1265/866 1134/1278/866 1135/1279/866 1123/1266/866
f 1123/1266/867 1135/1279/867 1136/1280/867 1124/1267/867
f 1124/1267/868 1136/1280/868 1137/1281/868 1125/1268/868
f 1125/1269/869 1137/1282/869 1138/1283/869 1126/1270/869
f 1126/1270/870 1138/1283/870 1139/1284/870 1127/1271/870
f 1127/1271/871 1139/1284/871 1140/1285/871 1128/1272/871
f 1128/1272/872 1140/1285/872 1141/1286/872 1129/1273/872
f 1129/1273/873 1141/1286/873 1142/1287/873 1130/1274/873
f 1130/1274/874 1142/1287/874 1131/1275/874 1119/1262/874
f 1131/1275/875 1143/1288/875 1144/1289/875 1132/1276/875
f 1132/1276/876 1144/1289/876 1145/1290/876 1133/1277/876
f 1133/1277/877 1145/1290/877 1146/1291/877 1134/1278/877
f 1134/1278/878 1146/1291/878 1147/1292/878 1135/1279/878
f 1135/1279/879 1147/1292/879 1148/1293/879 1136/1280/879
f 1136/1280/880 1148/1293/880 1149/1294/880 1137/1281/880
f 1137/1282/881 1149/1295/881 1150/1296/881 1138/1283/881
f 1138/1283/882 1150/1296/882 1151/1297/882 1139/1284/882
f 1139/1284/883 1151/1297/883 1152/1298/883 1140/1285/883
f 1140/1285/884 1152/1298/884 1153/1299/884 1141/1286/884
f 1141/1286/885 1153/1299/885 1154/1300/885 1142/1287/885
f 1142/1287/886 1154/1300/886 1143/1288/886 1131/1275/886
f 1143/1288/887 1155/1301/887 1156/1302/887 1144/1289/887
f 1144/1289/888 1156/1302/888 1157/1303/888 1145/1290/888
f 1145/1290/889 1157/1303/889 1158/1304/889 1146/1291/889
f 1146/1291/890 1158/1304/890 1159/1305/890 1147/1292/890
f 1147/1292/891 1159/1305/891 1160/1306/891 1148/1293/891
f 1148/1293/892 1160/1306/892 1161/1307/892 1149/1294/892
f 1149/1295/893 1161/1308/893 1162/1309/893 1150/1296/893
f 1150/1296/894 1162/1309/894 1163/1310/894 1151/1297/894
f 1151/1297/895 1163/1310/895 1164/1311/895 1152/1298/895
f 1152/1298/896 1164/1311/896 1165/1312/896 1153/1299/896
f 1153/1299/897 1165/1312/897 1166/1313/897 1154/1300/897
f 1154/1300/898 1166/1313/898 1155/1301/898 1143/1288/898
f 1155/1301/899 1167/1314/899 1168/1315/899 1156/1302/899
f 1156/1302/900 1168/1315/900 1169/1316/900 1157/1303/900
f 1157/1303/901 1169/1316/901 1170/1317/901 1158/1304/901
f 1158/1304/902 1170/1317/902 1171/1318/902 1159/1305/902
f 1159/1305/903 1171/1318/903 1172/1319/903 1160/1306/903
f 1160/1306/904 1172/1319/904 1173/1320/904 1161/1307/904
f 1161/1308/905 1173/1321/905 1174/1322/905 1162/1309/905
f 1162/1309/906 1174/1322/906 1175/1323/906 1163/1310/906
f 1163/1310/907 1175/1323/907 1176/1324/907 1164/1311/907
f 1164/1311/908 1176/1324/908 1177/1325/908 1165/1312/908
f 1165/1312/909 1177/1325/909 1178/1326/909 1166/1313/909
f 1166/1313/910 1178/1326/910 1167/1314/910 1155/1301/910
f 1167/1314/911 1179/1327/911 1180/1328/911 1168/1315/911
f 1168/1315/912 1180/1328/912 1181/1329/912 1169/1316/912
f 1169/1316/913 1181/1329/913 1182/1330/913 1170/1317/913
f 1170/1317/914 1182/1330/914 1183/1331/914 1171/1318/914
f 1171/1318/915 1183/1331/915 1184/1332/915 1172/1319/915
f 1172/1319/916 1184/1332/916 1185/1333/916 1173/1320/916
f 1173/1321/917 1185/1334/917 1186/1335/917 1174/1322/917
f 1174/1322/918 1186/1335/918 1187/1336/918 1175/1323/918
f 1175/1323/919 1187/1336/919 1188/1337/919 1176/1324/919
f 1176/1324/920 1188/1337/920 1189/1338/920 1177/1325/920
f 1177/1325/921 1189/1338/921 1190/1339/921 1178/1326/921
f 1178/1326/922 1190/1339/922 1179/1327/922 1167/1314/922
f 1179/1327/923 1191/1340/923 1192/1341/923 1180/1328/923
f 1180/1328/924 1192/1341/924 1193/1342/924 1181/1329/924
f 1181/1329/925 1193/1342/925 1194/1343/925 1182/1330/925
f 1182/1330/926 1194/1343/926 1195/1344/926 1183/1331/926
f 1183/1331/927 1195/1344/927 1196/1345/927 1184/1332/927
f 1184/1332/928 1196/1345/928 1197/1346/928 1185/1333/928
f 1185/1334/929 1197/1347/929 1198/1348/929 1186/1335/929
f 1186/1335/930 1198/1348/930 1199/1349/930 1187/1336/930
f 1187/1336/931 1199/1349/931 1200/1350/931 1188/1337/931
f 1188/1337/932 1200/1350/932 1201/1351/932 1189/1338/932
f 1189/1338/933 1201/1351/933 1202/1352/933 1190/1339/933
f 1190/1339/934 1202/1352/934 1191/1340/934 1179/1327/934
f 1191/1340/935 1203/1353/935 1204/1354/935 1192/1341/935
f 1192/1341/936 1204/1354/936 1205/1355/936 1193/1342/936
f 1193/1342/937 1205/1355/937 1206/1356/937 1194/1343/937
f 1194/1343/938 1206/1356/938 1207/1357/938 1195/1344/938
f 1195/1344/939 1207/1357/939 1208/1358/939 1196/1345/939
f 1196/1345/940 1208/1358/940 1209/1359/940 1197/1346/940
f 1197/1347/941 1209/1360/941 1210/1361/941 1198/1348/941
f 1198/1348/942 1210/1361/942 1211/1362/942 1199/1349/942
f 1199/1349/943 1211/1362/943 1212/1363/943 1200/1350/943
f 1200/1350/944 1212/1363/944 1213/1364/944 1201/1351/944
f 1201/1351/945 1213/1364/945 1214/1365/945 1202/1352/945
f 1202/1352/946 1214/1365/946 1203/1353/946 1191/1340/946
f 1203/1353/947 1215/1366/947 1216/1367/947 1204/1354/947
f 1204/1354/948 1216/1367/948 1217/1368/948 1205/1355/948
f 1205/1355/949 1217/1368/949 1218/1369/949 1206/1356/949
f 1206/1356/950 1218/1369/950 1219/1370/950 1207/1357/950
f 1207/1357/951 1219/1370/951 1220/1371/951 1208/1358/951
f 1208/1358/952 1220/1371/952 1221/1372/952 1209/1359/952
f 1209/1360/953 1221/1373/953 1222/1374/953 1210/1361/953
f 1210/1361/954 1222/1374/954 1223/1375/954 1211/1362/954
f 1211/1362/955 1223/1375/955 1224/1376/955 1212/1363/955
f 1212/1363/956 1224/1376/956 1225/1377/956 1213/1364/956
f 1213/1364/957 1225/1377/957 1226/1378/957 1214/1365/957
f 1214/1365/958 1226/1378/958 1215/1366/958 1203/1353/958
f 1215/1366/959 1227/1379/959 1228/1380/959 1216/1367/959
f 1216/1367/960 1228/1380/960 1229/1381/960 1217/1368/960
f 1217/1368/961 1229/1381/961 1230/1382/961 1218/1369/961
f 1218/1369/962 1230/1382/962 1231/1383/962 1219/1370/962
f 1219/1370/963 1231/1383/963 1232/1384/963 1220/1371/963
f 1220/1371/964 1232/1384/964 1233/1385/964 1221/1372/964
f 1221/1373/965 1233/1386/965 1234/1387/965 1222/1374/965
f 1222/1374/966 1234/1387/966 1235/1388/966 1223/1375/966
f 1223/1375/967 1235/1388/967 1236/1389/967 1224/1376/967
f 1224/1376/968 1236/1389/968 1237/1390/968 1225/1377/968
f 1225/1377/969 1237/1390/969 1238/1391/969 1226/1378/969
f 1226/1378/970 1238/1391/970 1227/1379/970 1215/1366/970
f 1227/1379/971 1239/1392/971 1240/1393/971 1228/1380/971
f 1228/1380/972 1240/1393/972 1241/1394/972 1229/1381/972
f 1229/1381/973 1241/1394/973 1242/1395/973 1230/1382/973
f 1230/1382/974 1242/1395/974 1243/1396/974 1231/1383/974
f 1231/1383/975 1243/1396/975 1244/1397/975 1232/1384/975
f 1232/1384/976 1244/1397/976 1245/1398/976 1233/1385/976
f 1233/1386/977 1245/1399/977 1246/1400/977 1234/1387/977
f 1234/1387/978 1246/1400/978 1247/1401/978 1235/1388/978
f 1235/1388/979 1247/1401/979 1248/1402/979 1236/1389/979
f 1236/1389/980 1248/1402/980 1249/1403/980 1237/1390/980
f 1237/1390/981 1249/1403/981 1250/1404/981 1238/1391/981
f 1238/1391/982 1250/1404/982 1239/1392/982 1227/1379/982
f 1239/1392/983 1251/1405/983 1252/1406/983 1240/1393/983
f 1240/1393/984 1252/1406/984 1253/1407/984 1241/1394/984
f 1241/1394/985 1253/1407/985 1254/1408/985 1242/1395/985
f 1242/1395/986 1254/1408/986 1255/1409/986 1243/1396/986
f 1243/1396/987 1255/1409/987 1256/1410/987 1244/1397/987
f 1244/1397/988 1256/1410/988 1257/1411/988 1245/1398/988
f 1245/1399/989 1257/1412/989 1258/1413/989 1246/1400/989
f 1246/1400/990 1258/1413/990 1259/1414/990 1247/1401/990
f 1247/1401/991 1259/1414/991 1260/1415/991 1248/1402/991
f 1248/1402/992 1260/1415/992 1261/1416/992 1249/1403/992
f 1249/1403/993 1261/1416/993 1262/1417/993 1250/1404/993
f 1250/1404/994 1262/1417/994 1251/1405/994 1239/1392/994
f 1251/1405/995 1263/1418/995 1264/1419/995 1252/1406/995
f 1252/1406/996 1264/1419/996 1265/1420/996 1253/1407/996
f 1253/1407/997 1265/1420/997 1266/1421/997 1254/1408/997
f 1254/1408/998 1266/1421/998 1267/1422/998 1255/1409/998
f 1255/1409/999 1267/1422/999 1268/1423/999 1256/1410/999
f 1256/1410/1000 1268/1423/1000 1269/1424/1000 1257/1411/1000
f 1257/1412/1001 1269/1425/1001 1270/1426/1001 1258/1413/1001
f 1258/1413/1002 1270/1426/1002 1271/1427/1002 1259/1414/1002
f 1259/1414/1003 1271/1427/1003 1272/1428/1003 1260/1415/1003
f 1260/1415/1004 1272/1428/1004 1273/1429/1004 1261/1416/1004
f 1261/1416/1005 1273/1429/1005 1274/1430/1005 1262/1417/1005
f 1262/1417/1006 1274/1430/1006 1263/1418/1006 1251/1405/1006
f 1263/1418/1007 1275/1431/1007 1276/1432/1007 1264/1419/1007
f 1264/1419/1008 1276/1432/1008 1277/1433/1008 1265/1420/1008
f 1265/1420/1009 1277/1433/1009 1278/1434/1009 1266/1421/1009
f 1266/1421/1010 1278/1434/1010 1279/1435/1010 1267/1422/1010
f 1267/1422/1011 1279/1435/1011 1280/1436/1011 1268/1423/1011
f 1268/1423/1012 1280/1436/1012 1281/1437/1012 1269/1424/1012
f 1269/1425/1013 1281/1438/1013 1282/1439/1013 1270/1426/1013
f 1270/1426/1014 1282/1439/1014 1283/1440/1014 1271/1427/1014
f 1271/1427/1015 1283/1440/1015 1284/1441/1015 1272/1428/1015
f 1272/1428/1016 1284/1441/1016 1285/1442/1016 1273/1429/1016
f 1273/1429/1017 1285/1442/1017 1286/1443/1017 1274/1430/1017
f 1274/1430/1018 1286/1443/1018 1275/1431/1018 1263/1418/1018
f 1275/1431/1019 1287/1444/1019 1288/1445/1019 1276/1432/1019
f 1276/1432/1020 1288/1445/1020 1289/1446/1020 1277/1433/1020
f 1277/1433/1021 1289/1446/1021 1290/1447/1021 1278/1434/1021
f 1278/1434/1022 1290/1447/1022 1291/1448/1022 1279/1435/1022
f 1279/1435/1023 1291/1448/1023 1292/1449/1023 1280/1436/1023
f 1280/1436/1024 1292/1449/1024 1293/1450/1024 1281/1437/1024
f 1281/1438/1025 1293/1451/1025 1294/1452/1025 1282/1439/1025
f 1282/1439/1026 1294/1452/1026 1295/1453/1026 1283/1440/1026
f 1283/1440/1027 1295/1453/1027 1296/1454/1027 1284/1441/1027
f 1284/1441/1028 1296/1454/1028 1297/1455/1028 1285/1442/1028
f 1285/1442/1029 1297/1455/1029 1298/1456/1029 1286/1443/1029
f 1286/1443/1030 1298/1456/1030 1287/1444/1030 1275/1431/1030
f 1287/1444/1031 1299/1457/1031 1300/1458/1031 1288/1445/1031
f 1288/1445/1032 1300/1458/1032 1301/1459/1032 1289/1446/1032
f 1289/1446/1033 1301/1459/1033 1302/1460/1033 1290/1447/1033
f 1290/1447/1034 1302/1460/1034 1303/1461/1034 1291/1448/1034
f 1291/1448/1035 1303/1461/1035 1304/1462/1035 1292/1449/1035
f 1292/1449/1036 1304/1462/1036 1305/1463/1036 1293/1450/1036
f 1293/1451/1037 1305/1464/1037 1306/1465/1037 1294/1452/1037
f 1294/1452/1038 1306/1465/1038 1307/1466/1038 1295/1453/1038
f 1295/1453/1039 1307/1466/1039 1308/1467/1039 1296/1454/1039
f 1296/1454/1040 1308/1467/1040 1309/1468/1040 1297/1455/1040
f 1297/1455/1041 1309/1468/1041 1310/1469/1041 1298/1456/1041
f 1298/1456/1042 1310/1469/1042 1299/1457/1042 1287/1444/1042
f 1299/1457/1043 1311/1470/1043 1312/1471/1043 1300/1458/1043
f 1300/1458/1044 1312/1471/1044 1313/1472/1044 1301/1459/1044
f 1301/1459/1045 1313/1472/1045 1314/1473/1045 1302/1460/1045
f 1302/1460/1046 1314/1473/1046 1315/1474/1046 1303/1461/1046
f 1303/1461/1047 1315/1474/1047 1316/1475/1047 1304/1462/1047
f 1304/1462/1048 1316/1475/1048 1317/1476/1048 1305/1463/1048
f 1305/1464/1049 1317/1477/1049 1318/1478/1049 1306/1465/1049
f 1306/1465/1050 1318/1478/1050 1319/1479/1050 1307/1466/1050
f 1307/1466/1051 1319/1479/1051 1320/1480/1051 1308/1467/1051
f 1308/1467/1052 1320/1480/1052 1321/1481/1052 1309/1468/1052
f 1309/1468/1053 1321/1481/1053 1322/1482/1053 1310/1469/1053
f 1310/1469/1054 1322/1482/1054 1311/1470/1054 1299/1457/1054
f 1311/1470/1055 1323/1483/1055 1324/1484/1055 1312/1471/1055
f 1312/1471/1056 1324/1484/1056 1325/1485/1056 1313/1472/1056
f 1313/1472/1057 1325/1485/1057 1326/1486/1057 1314/1473/1057
f 1314/1473/1058 1326/1486/1058 1327/1487/1058 1315/1474/1058
f 1315/1474/1059 1327/1487/1059 1328/1488/1059 1316/1475/1059
f 1316/1475/1060 1328/1488/1060 1329/1489/1060 1317/1476/1060
f 1317/1477/1061 1329/1490/1061 1330/1491/1061 1318/1478/1061
f 1318/1478/1062 1330/1491/1062 1331/1492/1062 1319/1479/1062
f 1319/1479/1063 1331/1492/1063 1332/1493/1063 1320/1480/1063
f 1320/1480/1064 1332/1493/1064 1333/1494/1064 1321/1481/1064
f 1321/1481/1065 1333/1494/1065 1334/1495/1065 1322/1482/1065
f 1322/1482/1066 1334/1495/1066 1323/1483/1066 1311/1470/1066
f 1323/1483/1067 1335/1496/1067 1336/1497/1067 1324/1484/1067
f 1324/1484/1068 1336/1497/1068 1337/1498/1068 1325/1485/1068
f 1325/1485/1069 1337/1498/1069 1338/1499/1069 1326/1486/1069
f 1326/1486/1070 1338/1499/1070 1339/1500/1070 1327/1487/1070
f 1327/1487/1071 1339/1500/1071 1340/1501/1071 1328/1488/1071
f 1328/1488/1072 1340/1501/1072 1341/1502/1072 1329/1489/1072
f 1329/1490/1073 1341/1503/1073 1342/1504/1073 1330/1491/1073
f 1330/1491/1074 1342/1504/1074 1343/1505/1074 1331/1492/1074
f 1331/1492/1075 1343/1505/1075 1344/1506/1075 1332/1493/1075
f 1332/1493/1076 1344/1506/1076 1345/1507/1076 1333/1494/1076
f 1333/1494/1077 1345/1507/1077 1346/1508/1077 1334/1495/1077
f 1334/1495/1078 1346/1508/1078 1335/1496/1078 1323/1483/1078
f 1335/1496/1079 1347/1509/1079 1348/1510/1079 1336/1497/1079
f 1336/1497/1080 1348/1510/1080 1349/1511/1080 1337/1498/1080
f 1337/1498/1081 1349/1511/1081 1350/1512/1081 1338/1499/1081
f 1338/1499/1082 1350/1512/1082 1351/1513/1082 1339/1500/1082
f 1339/1500/1083 1351/1513/1083 1352/1514/1083 1340/1501/1083
f 1340/1501/1084 1352/1514/1084 1353/1515/1084 1341/1502/1084
f 1341/1503/1085 1353/1516/1085 1354/1517/1085 1342/1504/1085
f 1342/1504/1086 1354/1517/1086 1355/1518/1086 1343/1505/1086
f 1343/1505/1087 1355/1518/1087 1356/1519/1087 1344/1506/1087
f 1344/1506/1088 1356/1519/1088 1357/1520/1088 1345/1507/1088
f 1345/1507/1089 1357/1520/1089 1358/1521/1089 1346/1508/1089
f 1346/1508/1090 1358/1521/1090 1347/1509/1090 1335/1496/1090
f 1347/1522/808 1359/1523/808 1360/1524/808 1348/1525/808
f 1348/1525/807 1360/1524/807 1361/1526/807 1349/1527/807
f 1349/1527/806 1361/1526/806 1362/1528/806 1350/1529/806
f 1350/1529/805 1362/1528/805 1363/1530/805 1351/1531/805
f 1351/1531/804 1363/1530/804 1364/1532/804 1352/1533/804
f 1352/1533/803 1364/1532/803 1365/1534/803 1353/1535/803
f 1353/1536/814 1365/1537/814 1366/1538/814 1354/1539/814
f 1354/1539/813 1366/1538/813 1367/1540/813 1355/1541/813
f 1355/1541/812 1367/1540/812 1368/1542/812 1356/1543/812
f 1356/1543/811 1368/1542/811 1369/1544/811 1357/1545/811
f 1357/1545/810 1369/1544/810 1370/1546/810 1358/1547/810
f 1358/1547/809 1370/1546/809 1359/1523/809 1347/1522/809
f 1359/1523/820 1371/1548/820 1372/1549/820 1360/1524/820
f 1360/1524/819 1372/1549/819 1373/1550/819 1361/1526/819
f 1361/1526/818 1373/1550/818 1374/1551/818 1362/1528/818
f 1362/1528/817 1374/1551/817 1375/1552/817 1363/1530/817
f 1363/1530/816 1375/1552/816 1376/1553/816 1364/1532/816
f 1364/1532/815 1376/1553/815 1377/1554/815 1365/1534/815
f 1365/1537/826 1377/1555/826 1378/1556/826 1366/1538/826
f 1366/1538/825 1378/1556/825 1379/1557/825 1367/1540/825
f 1367/1540/824 1379/1557/824 1380/1558/824 1368/1542/824
f 1368/1542/823 1380/1558/823 1381/1559/823 1369/1544/823
f 1369/1544/822 1381/1559/822 1382/1560/822 1370/1546/822
f 1370/1546/821 1382/1560/821 1371/1548/821 1359/1523/821
f 1371/1548/832 1383/1561/832 1384/1562/832 1372/1549/832
f 1372/1549/831 1384/1562/831 1385/1563/831 1373/1550/831
f 1373/1550/830 1385/1563/830 1386/1564/830 1374/1551/830
f 1374/1551/829 1386/1564/829 1387/1565/829 1375/1552/829
f 1375/1552/828 1387/1565/828 1388/1566/828 1376/1553/828
f 1376/1553/827 1388/1566/827 1389/1567/827 1377/1554/827
f 1377/1555/838 1389/1568/838 1390/1569/838 1378/1556/838
f 1378/1556/837 1390/1569/837 1391/1570/837 1379/1557/837
f 1379/1557/836 1391/1570/836 1392/1571/836 1380/1558/836
f 1380/1558/835 1392/1571/835 1393/1572/835 1381/1559/835
f 1381/1559/834 1393/1572/834 1394/1573/834 1382/1560/834
f 1382/1560/833 1394/1573/833 1383/1561/833 1371/1548/833
f 1383/1561/844 1395/1574/844 1396/1575/844 1384/1562/844
f 1384/1562/843 1396/1575/843 1397/1576/843 1385/1563/843
f 1385/1563/842 1397/1576/842 1398/1577/842 1386/1564/842
f 1386/1564/841 1398/1577/841 1399/1578/841 1387/1565/841
f 1387/1565/840 1399/1578/840 1400/1579/840 1388/1566/840
f 1388/1566/839 1400/1579/839 1401/1580/839 1389/1567/839
f 1389/1568/850 1401/1581/850 1402/1582/850 1390/1569/850
f 1390/1569/849 1402/1582/849 1403/1583/849 1391/1570/849
f 1391/1570/848 1403/1583/848 1404/1584/848 1392/1571/848
f 1392/1571/847 1404/1584/847 1405/1585/847 1393/1572/847
f 1393/1572/846 1405/1585/846 1406/1586/846 1394/1573/846
f 1394/1573/845 1406/1586/845 1395/1574/845 1383/1561/845
f 1395/1574/856 1407/1587/856 1408/1588/856 1396/1575/856
f 1396/1575/855 1408/1588/855 1409/1589/855 1397/1576/855
f 1397/1576/854 1409/1589/854 1410/1590/854 1398/1577/854
f 1398/1577/853 1410/1590/853 1411/1591/853 1399/1578/853
f 1399/1578/852 1411/1591/852 1412/1592/852 1400/1579/852
f 1400/1579/851 1412/1592/851 1413/1593/851 1401/1580/851
f 1401/1581/862 1413/1594/862 1414/1595/862 1402/1582/862
f 1402/1582/861 1414/1595/861 1415/1596/861 1403/1583/861
f 1403/1583/860 1415/1596/860 1416/1597/860 1404/1584/860
f 1404/1584/859 1416/1597/859 1417/1598/859 1405/1585/859
f 1405/1585/858 1417/1598/858 1418/1599/858 1406/1586/858
f 1406/1586/857 1418/1599/857 1407/1587/857 1395/1574/857
f 1407/1587/868 1419/1600/868 1420/1601/868 1408/1588/868
f 1408/1588/867 1420/1601/867 1421/1602/867 1409/1589/867
f 1409/1589/866 1421/1602/866 1422/1603/866 1410/1590/866
f 1410/1590/865 1422/1603/865 1423/1604/865 1411/1591/865
f 1411/1591/864 1423/1604/864 1424/1605/864 1412/1592/864
f 1412/1592/863 1424/1605/863 1425/1606/863 1413/1593/863
f 1413/1594/874 1425/1607/874 1426/1608/874 1414/1595/874
f 1414/1595/873 1426/1608/873 1427/1609/873 1415/1596/873
f 1415/1596/872 1427/1609/872 1428/1610/872 1416/1597/872
f 1416/1597/871 1428/1610/871 1429/1611/871 1417/1598/871
f 1417/1598/870 1429/1611/870 1430/1612/870 1418/1599/870
f 1418/1599/869 1430/1612/869 1419/1600/869 1407/1587/869
f 1419/1600/880 1431/1613/880 1432/1614/880 1420/1601/880
f 1420/1601/879 1432/1614/879 1433/1615/879 1421/1602/879
f 1421/1602/878 1433/1615/878 1434/1616/878 1422/1603/878
f 1422/1603/877 1434/1616/877 1435/1617/877 1423/1604/877
f 1423/1604/876 1435/1617/876 1436/1618/876 1424/1605/876
f 1424/1605/875 1436/1618/875 1437/1619/875 1425/1606/875
f 1425/1607/886 1437/1620/886 1438/1621/886 1426/1608/886
f 1426/1608/885 1438/1621/885 1439/1622/885 1427/1609/885
f 1427/1609/884 1439/1622/884 1440/1623/884 1428/1610/884
f 1428/1610/883 1440/1623/883 1441/1624/883 1429/1611/883
f 1429/1611/882 1441/1624/882 1442/1625/882 1430/1612/882
f 1430/1612/881 1442/1625/881 1431/1613/881 1419/1600/881
f 1431/1613/892 1443/1626/892 1444/1627/892 1432/1614/892
f 1432/1614/891 1444/1627/891 1445/1628/891 1433/1615/891
f 1433/1615/890 1445/1628/890 1446/1629/890 1434/1616/890
f 1434/1616/889 1446/1629/889 1447/1630/889 1435/1617/889
f 1435/1617/888 1447/1630/888 1448/1631/888 1436/1618/888
f 1436/1618/887 1448/1631/887 1449/1632/887 1437/1619/887
f 1437/1620/898 1449/1633/898 1450/1634/898 1438/1621/898
f 1438/1621/897 1450/1634/897 1451/1635/897 1439/1622/897
f 1439/1622/896 1451/1635/896 1452/1636/896 1440/1623/896
f 1440/1623/895 1452/1636/895 1453/1637/895 1441/1624/895
f 1441/1624/894 1453/1637/894 1454/1638/894 1442/1625/894
f 1442/1625/893 1454/1638/893 1443/1626/893 1431/1613/893
f 1443/1626/904 1455/1639/904 1456/1640/904 1444/1627/904
f 1444/1627/903 1456/1640/903 1457/1641/903 1445/1628/903
f 1445/1628/902 1457/1641/902 1458/1642/902 1446/1629/902
f 1446/1629/901 1458/1642/901 1459/1643/901 1447/1630/901
f 1447/1630/900 1459/1643/900 1460/1644/900 1448/1631/900
f 1448/1631/899 1460/1644/899 1461/1645/899 1449/1632/899
f 1449/1633/910 1461/1646/910 1462/1647/910 1450/1634/910
f 1450/1634/909 1462/1647/909 1463/1648/909 1451/1635/909
f 1451/1635/908 1463/1648/908 1464/1649/908 1452/1636/908
f 1452/1636/907 1464/1649/907 1465/1650/907 1453/1637/907
f 1453/1637/906 1465/1650/906 1466/1651/906 1454/1638/906
f 1454/1638/905 1466/1651/905 1455/1639/905 1443/1626/905
f 1455/1639/916 1467/1652/916 1468/1653/916 1456/1640/916
f 1456/1640/915 1468/1653/915 1469/1654/915 1457/1641/915
f 1457/1641/914 1469/1654/914 1470/1655/914 1458/1642/914
f 1458/1642/913 1470/1655/913 1471/1656/913 1459/1643/913
f 1459/1643/912 1471/1656/912 1472/1657/912 1460/1644/912
f 1460/1644/911 1472/1657/911 1473/1658/911 1461/1645/911
f 1461/1646/922 1473/1659/922 1474/1660/922 1462/1647/922
f 1462/1647/921 1474/1660/921 1475/1661/921 1463/1648/921
f 1463/1648/920 1475/1661/920 1476/1662/920 1464/1649/920
f 1464/1649/919 1476/1662/919 1477/1663/919 1465/1650/919
f 1465/1650/918 1477/1663/918 1478/1664/918 1466/1651/918
f 1466/1651/917 1478/1664/917 1467/1652/917 1455/1639/917
f 1467/1652/1091 1479/1665/1091 1480/1666/1091 1468/1653/1091
f 1468/1653/927 1480/1666/927 1481/1667/927 1469/1654/927
f 1469/1654/926 1481/1667/926 1482/1668/926 1470/1655/926
f 1470/1655/925 1482/1668/925 1483/1669/925 1471/1656/925
f 1471/1656/924 1483/1669/924 1484/1670/924 1472/1657/924
f 1472/1657/923 1484/1670/923 1485/1671/923 1473/1658/923
f 1473/1659/934 1485/1672/934 1486/1673/934 1474/1660/934
f 1474/1660/933 1486/1673/933 1487/1674/933 1475/1661/933
f 1475/1661/932 1487/1674/932 1488/1675/932 1476/1662/932
f 1476/1662/931 1488/1675/931 1489/1676/931 1477/1663/931
f 1477/1663/930 1489/1676/930 1490/1677/930 1478/1664/930
f 1478/1664/929 1490/1677/929 1479/1665/929 1467/1652/929
f 1479/1665/940 1491/1678/940 1492/1679/940 1480/1666/940
f 1480/1666/939 1492/1679/939 1493/1680/939 1481/1667/939
f 1481/1667/938 1493/1680/938 1494/1681/938 1482/1668/938
f 1482/1668/937 1494/1681/937 1495/1682/937 1483/1669/937
f 1483/1669/936 1495/1682/936 1496/1683/936 1484/1670/936
f 1484/1670/935 1496/1683/935 1497/1684/935 1485/1671/935
f 1485/1672/946 1497/1685/946 1498/1686/946 1486/1673/946
f 1486/1673/945 1498/1686/945 1499/1687/945 1487/1674/945
f 1487/1674/944 1499/1687/944 1500/1688/944 1488/1675/944
f 1488/1675/943 1500/1688/943 1501/1689/943 1489/1676/943
f 1489/1676/942 1501/1689/942 1502/1690/942 1490/1677/942
f 1490/1677/941 1502/1690/941 1491/1678/941 1479/1665/941
f 1491/1678/952 1503/1691/952 1504/1692/952 1492/1679/952
f 1492/1679/951 1504/1692/951 1505/1693/951 1493/1680/951
f 1493/1680/950 1505/1693/950 1506/1694/950 1494/1681/950
f 1494/1681/949 1506/1694/949 1507/1695/949 1495/1682/949
f 1495/1682/948 1507/1695/948 1508/1696/948 1496/1683/948
f 1496/1683/947 1508/1696/947 1509/1697/947 1497/1684/947
f 1497/1685/958 1509/1698/958 1510/1699/958 1498/1686/958
f 1498/1686/957 1510/1699/957 1511/1700/957 1499/1687/957
f 1499/1687/956 1511/1700/956 1512/1701/956 1500/1688/956
f 1500/1688/955 1512/1701/955 1513/1702/955 1501/1689/955
f 1501/1689/954 1513/1702/954 1514/1703/954 1502/1690/954
f 1502/1690/953 1514/1703/953 1503/1691/953 1491/1678/953
f 1503/1691/964 1515/1704/964 1516/1705/964 1504/1692/964
f 1504/1692/963 1516/1705/963 1517/1706/963 1505/1693/963
f 1505/1693/962 1517/1706/962 1518/1707/962 1506/1694/962
f 1506/1694/961 1518/1707/961 1519/1708/961 1507/1695/961
f 1507/1695/960 1519/1708/960 1520/1709/960 1508/1696/960
f 1508/1696/1092 1520/1709/1092 1521/1710/1092 1509/1697/1092
f 1509/1698/970 1521/1711/970 1522/1712/970 1510/1699/970
f 1510/1699/969 1522/1712/969 1523/1713/969 1511/1700/969
f 1511/1700/968 1523/1713/968 1524/1714/968 1512/1701/968
f 1512/1701/967 1524/1714/967 1525/1715/967 1513/1702/967
f 1513/1702/966 1525/1715/966 1526/1716/966 1514/1703/966
f 1514/1703/965 1526/1716/965 1515/1704/965 1503/1691/965
f 1515/1704/976 1527/1717/976 1528/1718/976 1516/1705/976
f 1516/1705/975 1528/1718/975 1529/1719/975 1517/1706/975
f 1517/1706/974 1529/1719/974 1530/1720/974 1518/1707/974
f 1518/1707/973 1530/1720/973 1531/1721/973 1519/1708/973
f 1519/1708/972 1531/1721/972 1532/1722/972 1520/1709/972
f 1520/1709/971 1532/1722/971 1533/1723/971 1521/1710/971
f 1521/1711/982 1533/1724/982 1534/1725/982 1522/1712/982
f 1522/1712/981 1534/1725/981 1535/1726/981 1523/1713/981
f 1523/1713/980 1535/1726/980 1536/1727/980 1524/1714/980
f 1524/1714/979 1536/1727/979 1537/1728/979 1525/1715/979
f 1525/1715/978 1537/1728/978 1538/1729/978 1526/1716/978
f 1526/1716/977 1538/1729/977 1527/1717/977 1515/1704/977
f 1527/1717/988 1539/1730/988 1540/1731/988 1528/1718/988
f 1528/1718/987 1540/1731/987 1541/1732/987 1529/1719/987
f 1529/1719/986 1541/1732/986 1542/1733/986 1530/1720/986
f 1530/1720/985 1542/1733/985 1543/1734/985 1531/1721/985
f 1531/1721/984 1543/1734/984 1544/1735/984 1532/1722/984
f 1532/1722/983 1544/1735/983 1545/1736/983 1533/1723/983
f 1533/1724/994 1545/1737/994 1546/1738/994 1534/1725/994
f 1534/1725/993 1546/1738/993 1547/1739/993 1535/1726/993
f 1535/1726/992 1547/1739/992 1548/1740/992 1536/1727/992
f 1536/1727/991 1548/1740/991 1549/1741/991 1537/1728/991
f 1537/1728/990 1549/1741/990 1550/1742/990 1538/1729/990
f 1538/1729/989 1550/1742/989 1539/1730/989 1527/1717/989
f 1539/1730/1000 1551/1743/1000 1552/1744/1000 1540/1731/1000
f 1540/1731/999 1552/1744/999 1553/1745/999 1541/1732/999
f 1541/1732/998 1553/1745/998 1554/1746/998 1542/1733/998
f 1542/1733/997 1554/1746/997 1555/1747/997 1543/1734/997
f 1543/1734/996 1555/1747/996 1556/1748/996 1544/1735/996
f 1544/1735/995 1556/1748/995 1557/1749/995 1545/1736/995
f 1545/1737/1006 1557/1750/1006 1558/1751/1006 1546/1738/1006
f 1546/1738/1005 1558/1751/1005 1559/1752/1005 1547/1739/1005
f 1547/1739/1004 1559/1752/1004 1560/1753/1004 1548/1740/1004
f 1548/1740/1003 1560/1753/1003 1561/1754/1003 1549/1741/1003
f 1549/1741/1002 1561/1754/1002 1562/1755/1002 1550/1742/1002
f 1550/1742/1001 1562/1755/1001 1551/1743/1001 1539/1730/1001
f 1551/1743/1012 1563/1756/1012 1564/1757/1012 1552/1744/1012
f 1552/1744/1011 1564/1757/1011 1565/1758/1011 1553/1745/1011
f 1553/1745/1010 1565/1758/1010 1566/1759/1010 1554/1746/1010
f 1554/1746/1009 1566/1759/1009 1567/1760/1009 1555/1747/1009
f 1555/1747/1008 1567/1760/1008 1568/1761/1008 1556/1748/1008
f 1556/1748/1007 1568/1761/1007 1569/1762/1007 1557/1749/1007
f 1557/1750/1018 1569/1763/1018 1570/1764/1018 1558/1751/1018
f 1558/1751/1017 1570/1764/1017 1571/1765/1017 1559/1752/1017
f 1559/1752/1016 1571/1765/1016 1572/1766/1016 1560/1753/1016
f 1560/1753/1015 1572/1766/1015 1573/1767/1015 1561/1754/1015
f 1561/1754/1014 1573/1767/1014 1574/1768/1014 1562/1755/1014
f 1562/1755/1013 1574/1768/1013 1563/1756/1013 1551/1743/1013
f 1563/1756/1024 1575/1769/1024 1576/1770/1024 1564/1757/1024
f 1564/1757/1023 1576/1770/1023 1577/1771/1023 1565/1758/1023
f 1565/1758/1022 1577/1771/1022 1578/1772/1022 1566/1759/1022
f 1566/1759/1021 1578/1772/1021 1579/1773/1021 1567/1760/1021
f 1567/1760/1020 1579/1773/1020 1580/1774/1020 1568/1761/1020
f 1568/1761/1019 1580/1774/1019 1581/1775/1019 1569/1762/1019
f 1569/1763/1030 1581/1776/1030 1582/1777/1030 1570/1764/1030
f 1570/1764/1029 1582/1777/1029 1583/1778/1029 1571/1765/1029
f 1571/1765/1028 1583/1778/1028 1584/1779/1028 1572/1766/1028
f 1572/1766/1027 1584/1779/1027 1585/1780/1027 1573/1767/1027
f 1573/1767/1026 1585/1780/1026 1586/1781/1026 1574/1768/1026
f 1574/1768/1025 1586/1781/1025 1575/1769/1025 1563/1756/1025
f 1575/1769/1036 1587/1782/1036 1588/1783/1036 1576/1770/1036
f 1576/1770/1035 1588/1783/1035 1589/1784/1035 1577/1771/1035
f 1577/1771/1034 1589/1784/1034 1590/1785/1034 1578/1772/1034
f 1578/1772/1033 1590/1785/1033 1591/1786/1033 1579/1773/1033
f 1579/1773/1032 1591/1786/1032 1592/1787/1032 1580/1774/1032
f 1580/1774/1031 1592/1787/1031 1593/1788/1031 1581/1775/1031
f 1581/1776/1042 1593/1789/1042 1594/1790/1042 1582/1777/1042
f 1582/1777/1041 1594/1790/1041 1595/1791/1041 1583/1778/1041
f 1583/1778/1040 1595/1791/1040 1596/1792/1040 1584/1779/1040
f 1584/1779/1039 1596/1792/1039 1597/1793/1039 1585/1780/1039
f 1585/1780/1038 1597/1793/1038 1598/1794/1038 1586/1781/1038
f 1586/1781/1037 1598/1794/1037 1587/1782/1037 1575/1769/1037
f 1587/1782/1048 1599/1795/1048 1600/1796/1048 1588/1783/1048
f 1588/1783/1047 1600/1796/1047 1601/1797/1047 1589/1784/1047
f 1589/1784/1046 1601/1797/1046 1602/1798/1046 1590/1785/1046
f 1590/1785/1045 1602/1798/1045 1603/1799/1045 1591/1786/1045
f 1591/1786/1044 1603/1799/1044 1604/1800/1044 1592/1787/1044
f 1592/1787/1043 1604/1800/1043 1605/1801/1043 1593/1788/1043
f 1593/1789/1054 1605/1802/1054 1606/1803/1054 1594/1790/1054
f 1594/1790/1053 1606/1803/1053 1607/1804/1053 1595/1791/1053
f 1595/1791/1052 1607/1804/1052 1608/1805/1052 1596/1792/1052
f 1596/1792/1051 1608/1805/1051 1609/1806/1051 1597/1793/1051
f 1597/1793/1050 1609/1806/1050 1610/1807/1050 1598/1794/1050
f 1598/1794/1049 1610/1807/1049 1599/1795/1049 1587/1782/1049
f 1599/1795/1060 1611/1808/1060 1612/1809/1060 1600/1796/1060
f 1600/1796/1059 1612/1809/1059 1613/1810/1059 1601/1797/1059
f 1601/1797/1058 1613/1810/1058 1614/1811/1058 1602/1798/1058
f 1602/1798/1057 1614/1811/1057 1615/1812/1057 1603/1799/1057
f 1603/1799/1056 1615/1812/1056 1616/1813/1056 1604/1800/1056
f 1604/1800/1055 1616/1813/1055 1617/1814/1055 1605/1801/1055
f 1605/1802/1066 1617/1815/1066 1618/1816/1066 1606/1803/1066
f 1606/1803/1065 1618/1816/1065 1619/1817/1065 1607/1804/1065
f 1607/1804/1064 1619/1817/1064 1620/1818/1064 1608/1805/1064
f 1608/1805/1063 1620/1818/1063 1621/1819/1063 1609/1806/1063
f 1609/1806/1062 1621/1819/1062 1622/1820/1062 1610/1807/1062
f 1610/1807/1061 1622/1820/1061 1611/1808/1061 1599/1795/1061
f 1611/1808/1072 1623/1821/1072 1624/1822/1072 1612/1809/1072
f 1612/1809/1071 1624/1822/1071 1625/1823/1071 1613/1810/1071
f 1613/1810/1070 1625/1823/1070 1626/1824/1070 1614/1811/1070
f 1614/1811/1069 1626/1824/1069 1627/1825/1069 1615/1812/1069
f 1615/1812/1068 1627/1825/1068 1628/1826/1068 1616/1813/1068
f 1616/1813/1067 1628/1826/1067 1629/1827/1067 1617/1814/1067
f 1617/1815/1078 1629/1828/1078 1630/1829/1078 1618/1816/1078
f 1618/1816/1077 1630/1829/1077 1631/1830/1077 1619/1817/1077
f 1619/1817/1076 1631/1830/1076 1632/1831/1076 1620/1818/1076
f 1620/1818/1075 1632/1831/1075 1633/1832/1075 1621/1819/1075
f 1621/1819/1074 1633/1832/1074 1634/1833/1074 1622/1820/1074
f 1622/1820/1073 1634/1833/1073 1623/1821/1073 1611/1808/1073
f 1623/1821/1084 1059/1197/1084 1060/1200/1084 1624/1822/1084
f 1624/1822/1083 1060/1200/1083 1061/1202/1083 1625/1823/1083
f 1625/1823/1082 1061/1202/1082 1062/1204/1082 1626/1824/1082
f 1626/1824/1081 1062/1204/1081 1063/1206/1081 1627/1825/1081
f 1627/1825/1080 1063/1206/1080 1064/1208/1080 1628/1826/1080
f 1628/1826/1079 1064/1208/1079 1065/1210/1079 1629/1827/1079
f 1629/1828/1090 1065/1211/1090 1066/1214/1090 1630/1829/1090
f 1630/1829/1089 1066/1214/1089 1067/1216/1089 1631/1830/1089
f 1631/1830/1088 1067/1216/1088 1068/1218/1088 1632/1831/1088
f 1632/1831/1087 1068/1218/1087 1069/1220/1087 1633/1832/1087
f 1633/1832/1086 1069/1220/1086 1070/1222/1086 1634/1833/1086
f 1634/1833/1085 1070/1222/1085 1059/1197/1085 1623/1821/1085
o トーラス.002
v 0.384784 -0.094448 0.000000
v 0.374474 -0.088448 0.000000
v 0.346305 -0.084055 0.000000
v 0.307827 -0.082447 0.000000
v 0.269349 -0.084055 0.000000
v 0.241181 -0.088448 0.000000
v 0.230870 -0.094448 0.000000
v 0.241181 -0.100448 0.000000
v 0.269349 -0.104841 0.000000
v 0.307827 -0.106448 0.000000
v 0.346305 -0.104841 0.000000
v 0.374474 -0.100448 0.000000
v 0.381492 -0.094448 -0.050224
v 0.371270 -0.088448 -0.048879
v 0.343343 -0.084055 -0.045202
v 0.305194 -0.082447 -0.040179
v 0.267044 -0.084055 -0.035157
v 0.239117 -0.088448 -0.031480
v 0.228895 -0.094448 -0.030135
v 0.239117 -0.100448 -0.031480
v 0.267044 -0.104841 -0.035157
v 0.305194 -0.106448 -0.040179
v 0.343343 -0.104841 -0.045202
v 0.371270 -0.100448 -0.048879
v 0.371673 -0.094448 -0.099589
v 0.361714 -0.088448 -0.096921
v 0.334505 -0.084055 -0.089630
v 0.297338 -0.082447 -0.079671
v 0.260171 -0.084055 -0.069713
v 0.232963 -0.088448 -0.062422
v 0.223004 -0.094448 -0.059754
v 0.232963 -0.100448 -0.062422
v 0.260171 -0.104841 -0.069713
v 0.297338 -0.106448 -0.079671
v 0.334505 -0.104841 -0.089630
v 0.361714 -0.100448 -0.096921
v 0.355494 -0.094448 -0.147250
v 0.345968 -0.088448 -0.143305
v 0.319945 -0.084055 -0.132525
v 0.284395 -0.082447 -0.117800
v 0.248846 -0.084055 -0.103075
v 0.222822 -0.088448 -0.092296
v 0.213296 -0.094448 -0.088350
v 0.222822 -0.100448 -0.092296
v 0.248846 -0.104841 -0.103075
v 0.284395 -0.106448 -0.117800
v 0.319945 -0.104841 -0.132525
v 0.345968 -0.100448 -0.143305
v 0.333233 -0.094448 -0.192392
v 0.324304 -0.088448 -0.187237
v 0.299909 -0.084055 -0.173153
v 0.266586 -0.082447 -0.153914
v 0.233263 -0.084055 -0.134674
v 0.208868 -0.088448 -0.120590
v 0.199940 -0.094448 -0.115435
v 0.208868 -0.100448 -0.120590
v 0.233263 -0.104841 -0.134674
v 0.266586 -0.106448 -0.153914
v 0.299909 -0.104841 -0.173153
v 0.324304 -0.100448 -0.187237
v 0.305270 -0.094448 -0.234242
v 0.297090 -0.088448 -0.227965
v 0.274743 -0.084055 -0.210817
v 0.244216 -0.082447 -0.187393
v 0.213689 -0.084055 -0.163969
v 0.191341 -0.088448 -0.146821
v 0.183162 -0.094448 -0.140545
v 0.191341 -0.100448 -0.146821
v 0.213689 -0.104841 -0.163969
v 0.244216 -0.106448 -0.187393
v 0.274743 -0.104841 -0.210817
v 0.297090 -0.100448 -0.227965
v 0.272083 -0.094448 -0.272083
v 0.264793 -0.088448 -0.264793
v 0.244875 -0.084055 -0.244875
v 0.217667 -0.082447 -0.217667
v 0.190458 -0.084055 -0.190458
v 0.170540 -0.088448 -0.170540
v 0.163250 -0.094448 -0.163250
v 0.170540 -0.100448 -0.170540
v 0.190458 -0.104841 -0.190458
v 0.217667 -0.106448 -0.217667
v 0.244875 -0.104841 -0.244875
v 0.264793 -0.100448 -0.264793
v 0.234242 -0.094448 -0.305269
v 0.227965 -0.088448 -0.297090
v 0.210817 -0.084055 -0.274743
v 0.187393 -0.082447 -0.244216
v 0.163969 -0.084055 -0.213689
v 0.146821 -0.088448 -0.191341
v 0.140545 -0.094448 -0.183162
v 0.146821 -0.100448 -0.191341
v 0.163969 -0.104841 -0.213689
v 0.187393 -0.106448 -0.244216
v 0.210817 -0.104841 -0.274743
v 0.227965 -0.100448 -0.297090
v 0.192392 -0.094448 -0.333233
v 0.187237 -0.088448 -0.324304
v 0.173153 -0.084055 -0.299909
v 0.153914 -0.082447 -0.266586
v 0.134674 -0.084055 -0.233263
v 0.120590 -0.088448 -0.208868
v 0.115435 -0.094448 -0.199940
v 0.120590 -0.100448 -0.208868
v 0.134674 -0.104841 -0.233263
v 0.153914 -0.106448 -0.266586
v 0.173153 -0.104841 -0.299909
v 0.187237 -0.100448 -0.324304
v 0.147250 -0.094448 -0.355494
v 0.143305 -0.088448 -0.345968
v 0.132525 -0.084055 -0.319944
v 0.117800 -0.082447 -0.284395
v 0.103075 -0.084055 -0.248846
v 0.092296 -0.088448 -0.222822
v 0.088350 -0.094448 -0.213296
v 0.092296 -0.100448 -0.222822
v 0.103075 -0.104841 -0.248846
v 0.117800 -0.106448 -0.284395
v 0.132525 -0.104841 -0.319944
v 0.143305 -0.100448 -0.345968
v 0.099589 -0.094448 -0.371673
v 0.096921 -0.088448 -0.361714
v 0.089630 -0.084055 -0.334505
v 0.079672 -0.082447 -0.297338
v 0.069713 -0.084055 -0.260171
v 0.062422 -0.088448 -0.232963
v 0.059754 -0.094448 -0.223004
v 0.062422 -0.100448 -0.232963
v 0.069713 -0.104841 -0.260171
v 0.079672 -0.106448 -0.297338
v 0.089630 -0.104841 -0.334505
v 0.096921 -0.100448 -0.361714
v 0.050224 -0.094448 -0.381492
v 0.048879 -0.088448 -0.371270
v 0.045202 -0.084055 -0.343343
v 0.040179 -0.082447 -0.305194
v 0.035157 -0.084055 -0.267044
v 0.031480 -0.088448 -0.239117
v 0.030135 -0.094448 -0.228895
v 0.031480 -0.100448 -0.239117
v 0.035157 -0.104841 -0.267044
v 0.040179 -0.106448 -0.305194
v 0.045202 -0.104841 -0.343343
v 0.048879 -0.100448 -0.371270
v 0.000000 -0.094448 -0.384784
v 0.000000 -0.088448 -0.374474
v 0.000000 -0.084055 -0.346305
v 0.000000 -0.082447 -0.307827
v 0.000000 -0.084055 -0.269349
v 0.000000 -0.088448 -0.241181
v 0.000000 -0.094448 -0.230870
v 0.000000 -0.100448 -0.241181
v 0.000000 -0.104841 -0.269349
v 0.000000 -0.106448 -0.307827
v 0.000000 -0.104841 -0.346305
v 0.000000 -0.100448 -0.374474
v -0.050224 -0.094448 -0.381492
v -0.048879 -0.088448 -0.371270
v -0.045202 -0.084055 -0.343343
v -0.040180 -0.082447 -0.305194
v -0.035157 -0.084055 -0.267044
v -0.031480 -0.088448 -0.239117
v -0.030135 -0.094448 -0.228895
v -0.031480 -0.100448 -0.239117
v -0.035157 -0.104841 -0.267044
v -0.040180 -0.106448 -0.305194
v -0.045202 -0.104841 -0.343343
v -0.048879 -0.100448 -0.371270
v -0.099589 -0.094448 -0.371673
v -0.096921 -0.088448 -0.361714
v -0.089630 -0.084055 -0.334505
v -0.079671 -0.082447 -0.297338
v -0.069713 -0.084055 -0.260171
v -0.062422 -0.088448 -0.232963
v -0.059754 -0.094448 -0.223004
v -0.062422 -0.100448 -0.232963
v -0.069713 -0.104841 -0.260171
v -0.079671 -0.106448 -0.297338
v -0.089630 -0.104841 -0.334505
v -0.096921 -0.100448 -0.361714
v -0.147250 -0.094448 -0.355494
v -0.143305 -0.088448 -0.345968
v -0.132525 -0.084055 -0.319945
v -0.117800 -0.082447 -0.284395
v -0.103075 -0.084055 -0.248846
v -0.092296 -0.088448 -0.222822
v -0.088350 -0.094448 -0.213296
v -0.092296 -0.100448 -0.222822
v -0.103075 -0.104841 -0.248846
v -0.117800 -0.106448 -0.284395
v -0.132525 -0.104841 -0.319945
v -0.143305 -0.100448 -0.345968
v -0.192392 -0.094448 -0.333233
v -0.187237 -0.088448 -0.324304
v -0.173153 -0.084055 -0.299909
v -0.153913 -0.082447 -0.266586
v -0.134674 -0.084055 -0.233263
v -0.120590 -0.088448 -0.208868
v -0.115435 -0.094448 -0.199940
v -0.120590 -0.100448 -0.208868
v -0.134674 -0.104841 -0.233263
v -0.153913 -0.106448 -0.266586
v -0.173153 -0.104841 -0.299909
v -0.187237 -0.100448 -0.324304
v -0.234242 -0.094448 -0.305270
v -0.227965 -0.088448 -0.297090
v -0.210817 -0.084055 -0.274743
v -0.187393 -0.082447 -0.244216
v -0.163969 -0.084055 -0.213689
v -0.146821 -0.088448 -0.191341
v -0.140545 -0.094448 -0.183162
v -0.146821 -0.100448 -0.191341
v -0.163969 -0.104841 -0.213689
v -0.187393 -0.106448 -0.244216
v -0.210817 -0.104841 -0.274743
v -0.227965 -0.100448 -0.297090
v -0.272083 -0.094448 -0.272083
v -0.264793 -0.088448 -0.264793
v -0.244875 -0.084055 -0.244875
v -0.217667 -0.082447 -0.217667
v -0.190458 -0.084055 -0.190458
v -0.170540 -0.088448 -0.170540
v -0.163250 -0.094448 -0.163250
v -0.170540 -0.100448 -0.170540
v -0.190458 -0.104841 -0.190458
v -0.217667 -0.106448 -0.217667
v -0.244875 -0.104841 -0.244875
v -0.264793 -0.100448 -0.264793
v -0.305270 -0.094448 -0.234242
v -0.297090 -0.088448 -0.227965
v -0.274743 -0.084055 -0.210817
v -0.244216 -0.082447 -0.187393
v -0.213689 -0.084055 -0.163969
v -0.191341 -0.088448 -0.146821
v -0.183162 -0.094448 -0.140545
v -0.191341 -0.100448 -0.146821
v -0.213689 -0.104841 -0.163969
v -0.244216 -0.106448 -0.187393
v -0.274743 -0.104841 -0.210817
v -0.297090 -0.100448 -0.227965
v -0.333232 -0.094448 -0.192392
v -0.324304 -0.088448 -0.187237
v -0.299909 -0.084055 -0.173153
v -0.266586 -0.082447 -0.153914
v -0.233263 -0.084055 -0.134674
v -0.208868 -0.088448 -0.120590
v -0.199940 -0.094448 -0.115435
v -0.208868 -0.100448 -0.120590
v -0.233263 -0.104841 -0.134674
v -0.266586 -0.106448 -0.153914
v -0.299909 -0.104841 -0.173153
v -0.324304 -0.100448 -0.187237
v -0.355494 -0.094448 -0.147250
v -0.345968 -0.088448 -0.143305
v -0.319945 -0.084055 -0.132525
v -0.284395 -0.082447 -0.117800
v -0.248846 -0.084055 -0.103075
v -0.222822 -0.088448 -0.092296
v -0.213296 -0.094448 -0.088350
v -0.222822 -0.100448 -0.092296
v -0.248846 -0.104841 -0.103075
v -0.284395 -0.106448 -0.117800
v -0.319945 -0.104841 -0.132525
v -0.345968 -0.100448 -0.143305
v -0.371673 -0.094448 -0.099589
v -0.361714 -0.088448 -0.096921
v -0.334505 -0.084055 -0.089630
v -0.297338 -0.082447 -0.079671
v -0.260171 -0.084055 -0.069713
v -0.232963 -0.088448 -0.062422
v -0.223004 -0.094448 -0.059754
v -0.232963 -0.100448 -0.062422
v -0.260171 -0.104841 -0.069713
v -0.297338 -0.106448 -0.079671
v -0.334505 -0.104841 -0.089630
v -0.361714 -0.100448 -0.096921
v -0.381492 -0.094448 -0.050224
v -0.371270 -0.088448 -0.048879
v -0.343343 -0.084055 -0.045202
v -0.305194 -0.082447 -0.040180
v -0.267044 -0.084055 -0.035157
v -0.239117 -0.088448 -0.031480
v -0.228895 -0.094448 -0.030135
v -0.239117 -0.100448 -0.031480
v -0.267044 -0.104841 -0.035157
v -0.305194 -0.106448 -0.040180
v -0.343343 -0.104841 -0.045202
v -0.371270 -0.100448 -0.048879
v -0.384784 -0.094448 -0.000000
v -0.374474 -0.088448 -0.000000
v -0.346305 -0.084055 -0.000000
v -0.307827 -0.082447 -0.000000
v -0.269349 -0.084055 -0.000000
v -0.241181 -0.088448 -0.000000
v -0.230870 -0.094448 -0.000000
v -0.241181 -0.100448 -0.000000
v -0.269349 -0.104841 -0.000000
v -0.307827 -0.106448 -0.000000
v -0.346305 -0.104841 -0.000000
v -0.374474 -0.100448 -0.000000
v -0.381492 -0.094448 0.050224
v -0.371270 -0.088448 0.048879
v -0.343343 -0.084055 0.045202
v -0.305194 -0.082447 0.040180
v -0.267044 -0.084055 0.035157
v -0.239117 -0.088448 0.031480
v -0.228895 -0.094448 0.030135
v -0.239117 -0.100448 0.031480
v -0.267044 -0.104841 0.035157
v -0.305194 -0.106448 0.040180
v -0.343343 -0.104841 0.045202
v -0.371270 -0.100448 0.048879
v -0.371673 -0.094448 0.099589
v -0.361714 -0.088448 0.096921
v -0.334505 -0.084055 0.089630
v -0.297338 -0.082447 0.079671
v -0.260171 -0.084055 0.069713
v -0.232963 -0.088448 0.062422
v -0.223004 -0.094448 0.059754
v -0.232963 -0.100448 0.062422
v -0.260171 -0.104841 0.069713
v -0.297338 -0.106448 0.079671
v -0.334505 -0.104841 0.089630
v -0.361714 -0.100448 0.096921
v -0.355494 -0.094448 0.147250
v -0.345969 -0.088448 0.143305
v -0.319945 -0.084055 0.132525
v -0.284395 -0.082447 0.117800
v -0.248846 -0.084055 0.103075
v -0.222822 -0.088448 0.092296
v -0.213296 -0.094448 0.088350
v -0.222822 -0.100448 0.092296
v -0.248846 -0.104841 0.103075
v -0.284395 -0.106448 0.117800
v -0.319945 -0.104841 0.132525
v -0.345969 -0.100448 0.143305
v -0.333233 -0.094448 0.192392
v -0.324304 -0.088448 0.187237
v -0.299909 -0.084055 0.173153
v -0.266586 -0.082447 0.153913
v -0.233263 -0.084055 0.134674
v -0.208868 -0.088448 0.120590
v -0.199940 -0.094448 0.115435
v -0.208868 -0.100448 0.120590
v -0.233263 -0.104841 0.134674
v -0.266586 -0.106448 0.153913
v -0.299909 -0.104841 0.173153
v -0.324304 -0.100448 0.187237
v -0.305270 -0.094448 0.234242
v -0.297090 -0.088448 0.227965
v -0.274743 -0.084055 0.210817
v -0.244216 -0.082447 0.187393
v -0.213689 -0.084055 0.163969
v -0.191341 -0.088448 0.146821
v -0.183162 -0.094448 0.140545
v -0.191341 -0.100448 0.146821
v -0.213689 -0.104841 0.163969
v -0.244216 -0.106448 0.187393
v -0.274743 -0.104841 0.210817
v -0.297090 -0.100448 0.227965
v -0.272083 -0.094448 0.272083
v -0.264793 -0.088448 0.264793
v -0.244875 -0.084055 0.244875
v -0.217667 -0.082447 0.217667
v -0.190458 -0.084055 0.190458
v -0.170540 -0.088448 0.170540
v -0.163250 -0.094448 0.163250
v -0.170540 -0.100448 0.170540
v -0.190458 -0.104841 0.190458
v -0.217667 -0.106448 0.217667
v -0.244875 -0.104841 0.244875
v -0.264793 -0.100448 0.264793
v -0.234242 -0.094448 0.305269
v -0.227965 -0.088448 0.297090
v -0.210818 -0.084055 0.274742
v -0.187393 -0.082447 0.244216
v -0.163969 -0.084055 0.213689
v -0.146822 -0.088448 0.191341
v -0.140545 -0.094448 0.183162
v -0.146822 -0.100448 0.191341
v -0.163969 -0.104841 0.213689
v -0.187393 -0.106448 0.244216
v -0.210818 -0.104841 0.274742
v -0.227965 -0.100448 0.297090
v -0.192392 -0.094448 0.333233
v -0.187237 -0.088448 0.324304
v -0.173153 -0.084055 0.299909
v -0.153913 -0.082447 0.266586
v -0.134674 -0.084055 0.233263
v -0.120590 -0.088448 0.208868
v -0.115435 -0.094448 0.199940
v -0.120590 -0.100448 0.208868
v -0.134674 -0.104841 0.233263
v -0.153913 -0.106448 0.266586
v -0.173153 -0.104841 0.299909
v -0.187237 -0.100448 0.324304
v -0.147250 -0.094448 0.355494
v -0.143305 -0.088448 0.345968
v -0.132525 -0.084055 0.319945
v -0.117800 -0.082447 0.284395
v -0.103075 -0.084055 0.248846
v -0.092296 -0.088448 0.222822
v -0.088350 -0.094448 0.213296
v -0.092296 -0.100448 0.222822
v -0.103075 -0.104841 0.248846
v -0.117800 -0.106448 0.284395
v -0.132525 -0.104841 0.319945
v -0.143305 -0.100448 0.345968
v -0.099590 -0.094448 0.371673
v -0.096921 -0.088448 0.361714
v -0.089631 -0.084055 0.334505
v -0.079672 -0.082447 0.297338
v -0.069713 -0.084055 0.260171
v -0.062422 -0.088448 0.232962
v -0.059754 -0.094448 0.223004
v -0.062422 -0.100448 0.232962
v -0.069713 -0.104841 0.260171
v -0.079672 -0.106448 0.297338
v -0.089631 -0.104841 0.334505
v -0.096921 -0.100448 0.361714
v -0.050225 -0.094448 0.381492
v -0.048879 -0.088448 0.371270
v -0.045202 -0.084055 0.343343
v -0.040180 -0.082447 0.305194
v -0.035157 -0.084055 0.267044
v -0.031481 -0.088448 0.239117
v -0.030135 -0.094448 0.228895
v -0.031481 -0.100448 0.239117
v -0.035157 -0.104841 0.267044
v -0.040180 -0.106448 0.305194
v -0.045202 -0.104841 0.343343
v -0.048879 -0.100448 0.371270
v 0.000000 -0.094448 0.384784
v 0.000000 -0.088448 0.374474
v 0.000000 -0.084055 0.346305
v 0.000000 -0.082447 0.307827
v 0.000000 -0.084055 0.269349
v 0.000000 -0.088448 0.241181
v 0.000000 -0.094448 0.230870
v 0.000000 -0.100448 0.241181
v 0.000000 -0.104841 0.269349
v 0.000000 -0.106448 0.307827
v 0.000000 -0.104841 0.346305
v 0.000000 -0.100448 0.374474
v 0.050224 -0.094448 0.381492
v 0.048879 -0.088448 0.371270
v 0.045202 -0.084055 0.343343
v 0.040179 -0.082447 0.305194
v 0.035157 -0.084055 0.267044
v 0.031480 -0.088448 0.239117
v 0.030135 -0.094448 0.228895
v 0.031480 -0.100448 0.239117
v 0.035157 -0.104841 0.267044
v 0.040179 -0.106448 0.305194
v 0.045202 -0.104841 0.343343
v 0.048879 -0.100448 0.371270
v 0.099589 -0.094448 0.371673
v 0.096921 -0.088448 0.361714
v 0.089630 -0.084055 0.334505
v 0.079671 -0.082447 0.297338
v 0.069712 -0.084055 0.260171
v 0.062422 -0.088448 0.232963
v 0.059754 -0.094448 0.223004
v 0.062422 -0.100448 0.232963
v 0.069712 -0.104841 0.260171
v 0.079671 -0.106448 0.297338
v 0.089630 -0.104841 0.334505
v 0.096921 -0.100448 0.361714
v 0.147250 -0.094448 0.355494
v 0.143305 -0.088448 0.345968
v 0.132525 -0.084055 0.319944
v 0.117800 -0.082447 0.284395
v 0.103075 -0.084055 0.248846
v 0.092296 -0.088448 0.222822
v 0.088350 -0.094448 0.213296
v 0.092296 -0.100448 0.222822
v 0.103075 -0.104841 0.248846
v 0.117800 -0.106448 0.284395
v 0.132525 -0.104841 0.319944
v 0.143305 -0.100448 0.345968
v 0.192392 -0.094448 0.333233
v 0.187237 -0.088448 0.324304
v 0.173153 -0.084055 0.299909
v 0.153914 -0.082447 0.266586
v 0.134674 -0.084055 0.233263
v 0.120590 -0.088448 0.208868
v 0.115435 -0.094448 0.199940
v 0.120590 -0.100448 0.208868
v 0.134674 -0.104841 0.233263
v 0.153914 -0.106448 0.266586
v 0.173153 -0.104841 0.299909
v 0.187237 -0.100448 0.324304
v 0.234241 -0.094448 0.305270
v 0.227965 -0.088448 0.297090
v 0.210817 -0.084055 0.274743
v 0.187393 -0.082447 0.244216
v 0.163969 -0.084055 0.213689
v 0.146821 -0.088448 0.191341
v 0.140545 -0.094448 0.183162
v 0.146821 -0.100448 0.191341
v 0.163969 -0.104841 0.213689
v 0.187393 -0.106448 0.244216
v 0.210817 -0.104841 0.274743
v 0.227965 -0.100448 0.297090
v 0.272083 -0.094448 0.272083
v 0.264793 -0.088448 0.264793
v 0.244875 -0.084055 0.244875
v 0.217666 -0.082447 0.217667
v 0.190458 -0.084055 0.190458
v 0.170540 -0.088448 0.170540
v 0.163250 -0.094448 0.163250
v 0.170540 -0.100448 0.170540
v 0.190458 -0.104841 0.190458
v 0.217666 -0.106448 0.217667
v 0.244875 -0.104841 0.244875
v 0.264793 -0.100448 0.264793
v 0.305270 -0.094448 0.234242
v 0.297090 -0.088448 0.227965
v 0.274743 -0.084055 0.210817
v 0.244216 -0.082447 0.187393
v 0.213689 -0.084055 0.163969
v 0.191341 -0.088448 0.146821
v 0.183162 -0.094448 0.140545
v 0.191341 -0.100448 0.146821
v 0.213689 -0.104841 0.163969
v 0.244216 -0.106448 0.187393
v 0.274743 -0.104841 0.210817
v 0.297090 -0.100448 0.227965
v 0.333233 -0.094448 0.192392
v 0.324304 -0.088448 0.187237
v 0.299909 -0.084055 0.173153
v 0.266586 -0.082447 0.153914
v 0.233263 -0.084055 0.134674
v 0.208868 -0.088448 0.120590
v 0.199940 -0.094448 0.115435
v 0.208868 -0.100448 0.120590
v 0.233263 -0.104841 0.134674
v 0.266586 -0.106448 0.153914
v 0.299909 -0.104841 0.173153
v 0.324304 -0.100448 0.187237
v 0.355494 -0.094448 0.147251
v 0.345968 -0.088448 0.143305
v 0.319944 -0.084055 0.132525
v 0.284395 -0.082447 0.117800
v 0.248846 -0.084055 0.103075
v 0.222822 -0.088448 0.092296
v 0.213296 -0.094448 0.088350
v 0.222822 -0.100448 0.092296
v 0.248846 -0.104841 0.103075
v 0.284395 -0.106448 0.117800
v 0.319944 -0.104841 0.132525
v 0.345968 -0.100448 0.143305
v 0.371673 -0.094448 0.099589
v 0.361714 -0.088448 0.096921
v 0.334505 -0.084055 0.089630
v 0.297338 -0.082447 0.079671
v 0.260171 -0.084055 0.069712
v 0.232963 -0.088448 0.062422
v 0.223004 -0.094448 0.059754
v 0.232963 -0.100448 0.062422
v 0.260171 -0.104841 0.069712
v 0.297338 -0.106448 0.079671
v 0.334505 -0.104841 0.089630
v 0.361714 -0.100448 0.096921
v 0.381492 -0.094448 0.050224
v 0.371270 -0.088448 0.048879
v 0.343343 -0.084055 0.045202
v 0.305194 -0.082447 0.040179
v 0.267044 -0.084055 0.035157
v 0.239117 -0.088448 0.031480
v 0.228895 -0.094448 0.030135
v 0.239117 -0.100448 0.031480
v 0.267044 -0.104841 0.035157
v 0.305194 -0.106448 0.040179
v 0.343343 -0.104841 0.045202
v 0.371270 -0.100448 0.048879
vn 0.5027 0.8638 -0.0330
vn 0.1541 0.9880 -0.0101
vn 0.0417 0.9991 -0.0027
vn -0.0417 0.9991 0.0027
vn -0.1541 0.9880 0.0101
vn -0.5027 0.8638 0.0330
vn -0.5027 -0.8638 0.0330
vn -0.1541 -0.9880 0.0101
vn -0.0417 -0.9991 0.0027
vn 0.0417 -0.9991 -0.0027
vn 0.1541 -0.9880 -0.0101
vn 0.5027 -0.8638 -0.0330
vn 0.4941 0.8638 -0.0983
vn 0.1514 0.9880 -0.0301
vn 0.0410 0.9991 -0.0082
vn -0.0410 0.9991 0.0082
vn -0.1514 0.9880 0.0301
vn -0.4941 0.8638 0.0983
vn -0.4941 -0.8638 0.0983
vn -0.1514 -0.9880 0.0301
vn -0.0410 -0.9991 0.0082
vn 0.0410 -0.9991 -0.0082
vn 0.1514 -0.9880 -0.0301
vn 0.4941 -0.8638 -0.0983
vn 0.4771 0.8638 -0.1619
vn 0.1462 0.9880 -0.0496
vn 0.0396 0.9991 -0.0134
vn -0.0396 0.9991 0.0134
vn -0.1462 0.9880 0.0496
vn -0.4771 0.8638 0.1619
vn -0.4771 -0.8638 0.1619
vn -0.1462 -0.9880 0.0496
vn -0.0396 -0.9991 0.0134
vn 0.0396 -0.9991 -0.0134
vn 0.1462 -0.9880 -0.0496
vn 0.4771 -0.8638 -0.1619
vn 0.4518 0.8638 -0.2228
vn 0.1385 0.9880 -0.0683
vn 0.0375 0.9991 -0.0185
vn -0.0375 0.9991 0.0185
vn -0.1385 0.9880 0.0683
vn -0.4518 0.8638 0.2228
vn -0.4518 -0.8638 0.2228
vn -0.1385 -0.9880 0.0683
vn -0.0375 -0.9991 0.0185
vn 0.0375 -0.9991 -0.0185
vn 0.1385 -0.9880 -0.0683
vn 0.4518 -0.8638 -0.2228
vn 0.4189 0.8638 -0.2799
vn 0.1284 0.9880 -0.0858
vn 0.0348 0.9991 -0.0232
vn -0.0348 0.9991 0.0232
vn -0.1284 0.9880 0.0858
vn -0.4189 0.8638 0.2799
vn -0.4189 -0.8638 0.2799
vn -0.1284 -0.9880 0.0858
vn -0.0348 -0.9991 0.0232
vn 0.0348 -0.9991 -0.0232
vn 0.1284 -0.9880 -0.0858
vn 0.4189 -0.8638 -0.2799
vn 0.3788 0.8638 -0.3322
vn 0.1161 0.9880 -0.1018
vn 0.0315 0.9991 -0.0276
vn -0.0315 0.9991 0.0276
vn -0.1161 0.9880 0.1018
vn -0.3788 0.8638 0.3322
vn -0.3788 -0.8638 0.3322
vn -0.1161 -0.9880 0.1018
vn -0.0315 -0.9991 0.0276
vn 0.0315 -0.9991 -0.0276
vn 0.1161 -0.9880 -0.1018
vn 0.3788 -0.8638 -0.3322
vn 0.3322 0.8638 -0.3788
vn 0.1018 0.9880 -0.1161
vn 0.0276 0.9991 -0.0315
vn -0.0276 0.9991 0.0315
vn -0.1018 0.9880 0.1161
vn -0.3322 0.8638 0.3788
vn -0.3322 -0.8638 0.3788
vn -0.1018 -0.9880 0.1161
vn -0.0276 -0.9991 0.0315
vn 0.0276 -0.9991 -0.0315
vn 0.1018 -0.9880 -0.1161
vn 0.3322 -0.8638 -0.3788
vn 0.2799 0.8638 -0.4189
vn 0.0858 0.9880 -0.1284
vn 0.0232 0.9991 -0.0348
vn -0.0232 0.9991 0.0348
vn -0.0858 0.9880 0.1284
vn -0.2799 0.8638 0.4189
vn -0.2799 -0.8638 0.4189
vn -0.0858 -0.9880 0.1284
vn -0.0232 -0.9991 0.0348
vn 0.0232 -0.9991 -0.0348
vn 0.0858 -0.9880 -0.1284
vn 0.2799 -0.8638 -0.4189
vn 0.2228 0.8638 -0.4518
vn 0.0683 0.9880 -0.1385
vn 0.0185 0.9991 -0.0375
vn -0.0185 0.9991 0.0375
vn -0.0683 0.9880 0.1385
vn -0.2228 0.8638 0.4518
vn -0.2228 -0.8638 0.4518
vn -0.0683 -0.9880 0.1385
vn -0.0185 -0.9991 0.0375
vn 0.0185 -0.9991 -0.0375
vn 0.0683 -0.9880 -0.1385
vn 0.2228 -0.8638 -0.4518
vn 0.1619 0.8638 -0.4771
vn 0.0496 0.9880 -0.1462
vn 0.0134 0.9991 -0.0396
vn -0.0134 0.9991 0.0396
vn -0.0496 0.9880 0.1462
vn -0.1619 0.8638 0.4771
vn -0.1619 -0.8638 0.4771
vn -0.0496 -0.9880 0.1462
vn -0.0134 -0.9991 0.0396
vn 0.0134 -0.9991 -0.0396
vn 0.0496 -0.9880 -0.1462
vn 0.1619 -0.8638 -0.4771
vn 0.0983 0.8638 -0.4941
vn 0.0301 0.9880 -0.1514
vn 0.0082 0.9991 -0.0410
vn -0.0082 0.9991 0.0410
vn -0.0301 0.9880 0.1514
vn -0.0983 0.8638 0.4941
vn -0.0983 -0.8638 0.4941
vn -0.0301 -0.9880 0.1514
vn -0.0082 -0.9991 0.0410
vn 0.0082 -0.9991 -0.0410
vn 0.0301 -0.9880 -0.1514
vn 0.0983 -0.8638 -0.4941
vn 0.0329 0.8638 -0.5027
vn 0.0101 0.9880 -0.1541
vn 0.0027 0.9991 -0.0417
vn -0.0027 0.9991 0.0417
vn -0.0101 0.9880 0.1541
vn -0.0329 0.8638 0.5027
vn -0.0329 -0.8638 0.5027
vn -0.0101 -0.9880 0.1541
vn -0.0027 -0.9991 0.0417
vn 0.0027 -0.9991 -0.0417
vn 0.0101 -0.9880 -0.1541
vn 0.0330 -0.8638 -0.5027
vn -0.0329 0.8638 -0.5027
vn -0.0101 0.9880 -0.1541
vn -0.0027 0.9991 -0.0417
vn 0.0027 0.9991 0.0417
vn 0.0101 0.9880 0.1541
vn 0.0330 0.8638 0.5027
vn 0.0329 -0.8638 0.5027
vn 0.0101 -0.9880 0.1541
vn 0.0027 -0.9991 0.0417
vn -0.0027 -0.9991 -0.0417
vn -0.0101 -0.9880 -0.1541
vn -0.0330 -0.8638 -0.5027
vn -0.0983 0.8638 -0.4941
vn -0.0301 0.9880 -0.1514
vn -0.0082 0.9991 -0.0410
vn 0.0082 0.9991 0.0410
vn 0.0301 0.9880 0.1514
vn 0.0983 0.8638 0.4941
vn 0.0983 -0.8638 0.4941
vn 0.0301 -0.9880 0.1514
vn 0.0082 -0.9991 0.0410
vn -0.0082 -0.9991 -0.0410
vn -0.0301 -0.9880 -0.1514
vn -0.0983 -0.8638 -0.4941
vn -0.1619 0.8638 -0.4771
vn -0.0496 0.9880 -0.1462
vn -0.0134 0.9991 -0.0396
vn 0.0134 0.9991 0.0396
vn 0.0496 0.9880 0.1462
vn 0.1619 0.8638 0.4771
vn 0.1619 -0.8638 0.4771
vn 0.0496 -0.9880 0.1462
vn 0.0134 -0.9991 0.0396
vn -0.0134 -0.9991 -0.0396
vn -0.0496 -0.9880 -0.1462
vn -0.1619 -0.8638 -0.4771
vn -0.2228 0.8638 -0.4518
vn -0.0683 0.9880 -0.1385
vn -0.0185 0.9991 -0.0375
vn 0.0185 0.9991 0.0375
vn 0.0683 0.9880 0.1385
vn 0.2228 0.8638 0.4518
vn 0.2228 -0.8638 0.4518
vn 0.0683 -0.9880 0.1385
vn 0.0185 -0.9991 0.0375
vn -0.0185 -0.9991 -0.0375
vn -0.0683 -0.9880 -0.1385
vn -0.2228 -0.8638 -0.4518
vn -0.2799 0.8638 -0.4189
vn -0.0858 0.9880 -0.1284
vn -0.0232 0.9991 -0.0348
vn 0.0232 0.9991 0.0348
vn 0.0858 0.9880 0.1284
vn 0.2799 0.8638 0.4189
vn 0.2799 -0.8638 0.4189
vn 0.0858 -0.9880 0.1284
vn 0.0232 -0.9991 0.0348
vn -0.0232 -0.9991 -0.0348
vn -0.0858 -0.9880 -0.1284
vn -0.2799 -0.8638 -0.4189
vn -0.3322 0.8638 -0.3788
vn -0.1018 0.9880 -0.1161
vn -0.0276 0.9991 -0.0315
vn 0.0276 0.9991 0.0315
vn 0.1018 0.9880 0.1161
vn 0.3322 0.8638 0.3788
vn 0.3322 -0.8638 0.3788
vn 0.1018 -0.9880 0.1161
vn 0.0276 -0.9991 0.0315
vn -0.0276 -0.9991 -0.0315
vn -0.1018 -0.9880 -0.1161
vn -0.3322 -0.8638 -0.3788
vn -0.3788 0.8638 -0.3322
vn -0.1161 0.9880 -0.1018
vn -0.0315 0.9991 -0.0276
vn 0.0315 0.9991 0.0276
vn 0.1161 0.9880 0.1018
vn 0.3788 0.8638 0.3322
vn 0.3788 -0.8638 0.3322
vn 0.1161 -0.9880 0.1018
vn 0.0315 -0.9991 0.0276
vn -0.0315 -0.9991 -0.0276
vn -0.1161 -0.9880 -0.1018
vn -0.3788 -0.8638 -0.3322
vn -0.4189 0.8638 -0.2799
vn -0.1284 0.9880 -0.0858
vn -0.0348 0.9991 -0.0232
vn 0.0348 0.9991 0.0232
vn 0.1284 0.9880 0.0858
vn 0.4189 0.8638 0.2799
vn 0.4189 -0.8638 0.2799
vn 0.1284 -0.9880 0.0858
vn 0.0348 -0.9991 0.0232
vn -0.0348 -0.9991 -0.0232
vn -0.1284 -0.9880 -0.0858
vn -0.4189 -0.8638 -0.2799
vn -0.4518 0.8638 -0.2228
vn -0.1385 0.9880 -0.0683
vn -0.0375 0.9991 -0.0185
vn 0.0375 0.9991 0.0185
vn 0.1385 0.9880 0.0683
vn 0.4518 0.8638 0.2228
vn 0.4518 -0.8638 0.2228
vn 0.1385 -0.9880 0.0683
vn 0.0375 -0.9991 0.0185
vn -0.0375 -0.9991 -0.0185
vn -0.1385 -0.9880 -0.0683
vn -0.4518 -0.8638 -0.2228
vn -0.4771 0.8638 -0.1619
vn -0.1462 0.9880 -0.0496
vn -0.0396 0.9991 -0.0134
vn 0.0396 0.9991 0.0134
vn 0.1462 0.9880 0.0496
vn 0.4771 0.8638 0.1619
vn 0.4771 -0.8638 0.1619
vn 0.1462 -0.9880 0.0496
vn 0.0396 -0.9991 0.0134
vn -0.0396 -0.9991 -0.0134
vn -0.1462 -0.9880 -0.0496
vn -0.4771 -0.8638 -0.1619
vn -0.4941 0.8638 -0.0983
vn -0.1514 0.9880 -0.0301
vn -0.0410 0.9991 -0.0082
vn 0.0410 0.9991 0.0082
vn 0.1514 0.9880 0.0301
vn 0.4941 0.8638 0.0983
vn 0.4941 -0.8638 0.0983
vn 0.1514 -0.9880 0.0301
vn 0.0410 -0.9991 0.0082
vn -0.0410 -0.9991 -0.0082
vn -0.1514 -0.9880 -0.0301
vn -0.4941 -0.8638 -0.0983
vn -0.5027 0.8638 -0.0330
vn -0.1541 0.9880 -0.0101
vn -0.0417 0.9991 -0.0027
vn 0.0417 0.9991 0.0027
vn 0.1541 0.9880 0.0101
vn 0.5027 0.8638 0.0330
vn 0.5027 -0.8638 0.0330
vn 0.1541 -0.9880 0.0101
vn 0.0417 -0.9991 0.0027
vn -0.0417 -0.9991 -0.0027
vn -0.1541 -0.9880 -0.0101
vn -0.5027 -0.8638 -0.0330
vn 0.0330 0.8638 -0.5027
vn 0.0329 -0.8638 -0.5027
vn -0.0330 -0.8638 0.5027
vn 0.0329 0.8638 0.5027
vn -0.0329 -0.8638 -0.5027
vn 0.0330 -0.8638 0.5027
vt 0.086589 0.909505
vt 0.086589 0.906053
vt 0.100397 0.906053
vt 0.100397 0.909505
vt 0.114205 0.906053
vt 0.114205 0.909505
vt 0.128013 0.906053
vt 0.128013 0.909505
vt 0.141822 0.906053
vt 0.141822 0.909505
vt 0.155630 0.906053
vt 0.155630 0.909505
vt 0.169438 0.906053
vt 0.169438 0.909505
vt 0.003739 0.909505
vt 0.003739 0.906053
vt 0.017547 0.906053
vt 0.017547 0.909505
vt 0.031355 0.906053
vt 0.031355 0.909505
vt 0.045164 0.906053
vt 0.045164 0.909505
vt 0.058972 0.906053
vt 0.058972 0.909505
vt 0.072780 0.906053
vt 0.072780 0.909505
vt 0.086589 0.902601
vt 0.100397 0.902601
vt 0.114205 0.902601
vt 0.128013 0.902601
vt 0.141822 0.902601
vt 0.155630 0.902601
vt 0.169438 0.902601
vt 0.003739 0.902601
vt 0.017547 0.902601
vt 0.031355 0.902601
vt 0.045164 0.902601
vt 0.058972 0.902601
vt 0.072780 0.902601
vt 0.086589 0.899149
vt 0.100397 0.899149
vt 0.114205 0.899149
vt 0.128013 0.899149
vt 0.141822 0.899149
vt 0.155630 0.899149
vt 0.169438 0.899149
vt 0.003739 0.899149
vt 0.017547 0.899149
vt 0.031355 0.899149
vt 0.045164 0.899149
vt 0.058972 0.899149
vt 0.072780 0.899149
vt 0.086589 0.895697
vt 0.100397 0.895697
vt 0.114205 0.895697
vt 0.128013 0.895697
vt 0.141822 0.895697
vt 0.155630 0.895697
vt 0.169438 0.895697
vt 0.003739 0.895697
vt 0.017547 0.895697
vt 0.031355 0.895697
vt 0.045164 0.895697
vt 0.058972 0.895697
vt 0.072780 0.895697
vt 0.086589 0.892245
vt 0.100397 0.892245
vt 0.114205 0.892245
vt 0.128013 0.892245
vt 0.141822 0.892245
vt 0.155630 0.892245
vt 0.169438 0.892245
vt 0.003739 0.892245
vt 0.017547 0.892245
vt 0.031355 0.892245
vt 0.045164 0.892245
vt 0.058972 0.892245
vt 0.072780 0.892245
vt 0.086589 0.888793
vt 0.100397 0.888793
vt 0.114205 0.888793
vt 0.128013 0.888793
vt 0.141822 0.888793
vt 0.155630 0.888793
vt 0.169438 0.888793
vt 0.003739 0.888793
vt 0.017547 0.888793
vt 0.031355 0.888793
vt 0.045164 0.888793
vt 0.058972 0.888793
vt 0.072780 0.888793
vt 0.086589 0.885341
vt 0.100397 0.885341
vt 0.114205 0.885341
vt 0.128013 0.885341
vt 0.141822 0.885341
vt 0.155630 0.885341
vt 0.169438 0.885341
vt 0.003739 0.885341
vt 0.017547 0.885341
vt 0.031355 0.885341
vt 0.045164 0.885341
vt 0.058972 0.885341
vt 0.072780 0.885341
vt 0.086589 0.881889
vt 0.100397 0.881889
vt 0.114205 0.881889
vt 0.128013 0.881889
vt 0.141822 0.881889
vt 0.155630 0.881889
vt 0.169438 0.881889
vt 0.003739 0.881889
vt 0.017547 0.881889
vt 0.031355 0.881889
vt 0.045164 0.881889
vt 0.058972 0.881889
vt 0.072780 0.881889
vt 0.086589 0.878436
vt 0.100397 0.878436
vt 0.114205 0.878437
vt 0.128013 0.878436
vt 0.141822 0.878437
vt 0.155630 0.878436
vt 0.169438 0.878436
vt 0.003739 0.878436
vt 0.017547 0.878436
vt 0.031355 0.878437
vt 0.045164 0.878436
vt 0.058972 0.878436
vt 0.072780 0.878437
vt 0.086589 0.874984
vt 0.100397 0.874984
vt 0.114205 0.874984
vt 0.128013 0.874984
vt 0.141822 0.874984
vt 0.155630 0.874984
vt 0.169438 0.874984
vt 0.003739 0.874984
vt 0.017547 0.874984
vt 0.031355 0.874984
vt 0.045164 0.874984
vt 0.058972 0.874984
vt 0.072780 0.874984
vt 0.086589 0.871532
vt 0.100397 0.871532
vt 0.114205 0.871532
vt 0.128013 0.871532
vt 0.141822 0.871532
vt 0.155630 0.871532
vt 0.169438 0.871532
vt 0.003739 0.871532
vt 0.017547 0.871532
vt 0.031355 0.871532
vt 0.045164 0.871532
vt 0.058972 0.871532
vt 0.072780 0.871532
vt 0.086589 0.868080
vt 0.100397 0.868080
vt 0.114205 0.868080
vt 0.128013 0.868080
vt 0.141822 0.868080
vt 0.155630 0.868080
vt 0.169438 0.868080
vt 0.003739 0.868080
vt 0.017547 0.868080
vt 0.031355 0.868080
vt 0.045164 0.868080
vt 0.058972 0.868080
vt 0.072780 0.868080
vt 0.086589 0.864628
vt 0.100397 0.864628
vt 0.114205 0.864628
vt 0.128013 0.864628
vt 0.141822 0.864628
vt 0.155630 0.864628
vt 0.169438 0.864628
vt 0.003739 0.864628
vt 0.017547 0.864628
vt 0.031355 0.864628
vt 0.045164 0.864628
vt 0.058972 0.864628
vt 0.072780 0.864628
vt 0.086589 0.861176
vt 0.100397 0.861176
vt 0.114205 0.861176
vt 0.128013 0.861176
vt 0.141822 0.861176
vt 0.155630 0.861176
vt 0.169438 0.861176
vt 0.003739 0.861176
vt 0.017547 0.861176
vt 0.031355 0.861176
vt 0.045164 0.861176
vt 0.058972 0.861176
vt 0.072780 0.861176
vt 0.086589 0.857724
vt 0.100397 0.857724
vt 0.114205 0.857724
vt 0.128013 0.857724
vt 0.141822 0.857724
vt 0.155630 0.857724
vt 0.169438 0.857724
vt 0.003739 0.857724
vt 0.017547 0.857724
vt 0.031355 0.857724
vt 0.045164 0.857724
vt 0.058972 0.857724
vt 0.072780 0.857724
vt 0.086589 0.854272
vt 0.100397 0.854272
vt 0.114205 0.854272
vt 0.128013 0.854272
vt 0.141822 0.854272
vt 0.155630 0.854272
vt 0.169438 0.854272
vt 0.003739 0.854272
vt 0.017547 0.854272
vt 0.031355 0.854272
vt 0.045164 0.854272
vt 0.058972 0.854272
vt 0.072780 0.854272
vt 0.086589 0.850820
vt 0.100397 0.850820
vt 0.114205 0.850820
vt 0.128013 0.850820
vt 0.141822 0.850820
vt 0.155630 0.850820
vt 0.169438 0.850820
vt 0.003739 0.850820
vt 0.017547 0.850820
vt 0.031355 0.850820
vt 0.045164 0.850820
vt 0.058972 0.850820
vt 0.072780 0.850820
vt 0.086589 0.847368
vt 0.100397 0.847368
vt 0.114205 0.847368
vt 0.128013 0.847368
vt 0.141822 0.847368
vt 0.155630 0.847368
vt 0.169438 0.847368
vt 0.003739 0.847368
vt 0.017547 0.847368
vt 0.031355 0.847368
vt 0.045164 0.847368
vt 0.058972 0.847368
vt 0.072780 0.847368
vt 0.086589 0.843916
vt 0.100397 0.843916
vt 0.114205 0.843916
vt 0.128013 0.843916
vt 0.141822 0.843916
vt 0.155630 0.843916
vt 0.169438 0.843916
vt 0.003739 0.843916
vt 0.017547 0.843916
vt 0.031355 0.843916
vt 0.045164 0.843916
vt 0.058972 0.843916
vt 0.072780 0.843916
vt 0.086589 0.840464
vt 0.100397 0.840464
vt 0.114205 0.840464
vt 0.128013 0.840464
vt 0.141822 0.840464
vt 0.155630 0.840464
vt 0.169438 0.840464
vt 0.003739 0.840464
vt 0.017547 0.840464
vt 0.031355 0.840464
vt 0.045164 0.840464
vt 0.058972 0.840464
vt 0.072780 0.840464
vt 0.086589 0.837012
vt 0.100397 0.837012
vt 0.114205 0.837012
vt 0.128013 0.837012
vt 0.141822 0.837012
vt 0.155630 0.837012
vt 0.169438 0.837012
vt 0.003739 0.837012
vt 0.017547 0.837012
vt 0.031355 0.837012
vt 0.045164 0.837012
vt 0.058972 0.837012
vt 0.072780 0.837012
vt 0.086589 0.833560
vt 0.100397 0.833559
vt 0.114205 0.833560
vt 0.128013 0.833559
vt 0.141822 0.833559
vt 0.155630 0.833559
vt 0.169438 0.833560
vt 0.003739 0.833560
vt 0.017547 0.833560
vt 0.031355 0.833560
vt 0.045164 0.833560
vt 0.058972 0.833560
vt 0.072780 0.833560
vt 0.086589 0.830107
vt 0.100397 0.830107
vt 0.114205 0.830107
vt 0.128013 0.830107
vt 0.141822 0.830107
vt 0.155630 0.830107
vt 0.169438 0.830107
vt 0.003739 0.830107
vt 0.017547 0.830107
vt 0.031355 0.830107
vt 0.045164 0.830107
vt 0.058972 0.830107
vt 0.072780 0.830107
vt 0.086589 0.826655
vt 0.100397 0.826655
vt 0.114205 0.826655
vt 0.128013 0.826655
vt 0.141822 0.826655
vt 0.155630 0.826655
vt 0.169438 0.826655
vt 0.003739 0.826655
vt 0.017547 0.826655
vt 0.031355 0.826655
vt 0.045164 0.826655
vt 0.058972 0.826655
vt 0.072780 0.826655
vt 0.086589 0.992355
vt 0.086589 0.988903
vt 0.100397 0.988903
vt 0.100397 0.992355
vt 0.114205 0.988903
vt 0.114205 0.992355
vt 0.128013 0.988903
vt 0.128013 0.992355
vt 0.141822 0.988903
vt 0.141822 0.992355
vt 0.155630 0.988903
vt 0.155630 0.992355
vt 0.169438 0.988903
vt 0.169438 0.992355
vt 0.003739 0.992355
vt 0.003739 0.988903
vt 0.017547 0.988903
vt 0.017547 0.992355
vt 0.031355 0.988903
vt 0.031355 0.992355
vt 0.045164 0.988903
vt 0.045164 0.992355
vt 0.058972 0.988903
vt 0.058972 0.992355
vt 0.072780 0.988903
vt 0.072780 0.992355
vt 0.086589 0.985451
vt 0.100397 0.985451
vt 0.114205 0.985451
vt 0.128013 0.985451
vt 0.141822 0.985451
vt 0.155630 0.985451
vt 0.169438 0.985451
vt 0.003739 0.985451
vt 0.017547 0.985451
vt 0.031355 0.985451
vt 0.045164 0.985451
vt 0.058972 0.985451
vt 0.072780 0.985451
vt 0.086589 0.981999
vt 0.100397 0.981999
vt 0.114205 0.981999
vt 0.128013 0.981999
vt 0.141822 0.981999
vt 0.155630 0.981999
vt 0.169438 0.981999
vt 0.003739 0.981999
vt 0.017547 0.981999
vt 0.031355 0.981999
vt 0.045164 0.981999
vt 0.058972 0.981999
vt 0.072780 0.981999
vt 0.086589 0.978547
vt 0.100397 0.978547
vt 0.114205 0.978547
vt 0.128013 0.978547
vt 0.141822 0.978547
vt 0.155630 0.978547
vt 0.169438 0.978547
vt 0.003739 0.978547
vt 0.017547 0.978547
vt 0.031355 0.978547
vt 0.045164 0.978547
vt 0.058972 0.978547
vt 0.072780 0.978547
vt 0.086589 0.975095
vt 0.100397 0.975095
vt 0.114205 0.975095
vt 0.128013 0.975095
vt 0.141822 0.975095
vt 0.155630 0.975095
vt 0.169438 0.975095
vt 0.003739 0.975095
vt 0.017547 0.975095
vt 0.031355 0.975095
vt 0.045164 0.975095
vt 0.058972 0.975095
vt 0.072780 0.975095
vt 0.086589 0.971642
vt 0.100397 0.971642
vt 0.114205 0.971642
vt 0.128013 0.971642
vt 0.141822 0.971642
vt 0.155630 0.971642
vt 0.169438 0.971642
vt 0.003739 0.971642
vt 0.017547 0.971642
vt 0.031355 0.971642
vt 0.045164 0.971642
vt 0.058972 0.971642
vt 0.072780 0.971642
vt 0.086589 0.968190
vt 0.100397 0.968190
vt 0.114205 0.968190
vt 0.128013 0.968190
vt 0.141822 0.968190
vt 0.155630 0.968190
vt 0.169438 0.968190
vt 0.003739 0.968190
vt 0.017547 0.968190
vt 0.031355 0.968190
vt 0.045164 0.968190
vt 0.058972 0.968190
vt 0.072780 0.968190
vt 0.086589 0.964738
vt 0.100397 0.964738
vt 0.114205 0.964738
vt 0.128013 0.964738
vt 0.141822 0.964738
vt 0.155630 0.964738
vt 0.169438 0.964738
vt 0.003739 0.964738
vt 0.017547 0.964738
vt 0.031355 0.964738
vt 0.045164 0.964738
vt 0.058972 0.964738
vt 0.072780 0.964738
vt 0.086589 0.961286
vt 0.100397 0.961286
vt 0.114205 0.961286
vt 0.128013 0.961286
vt 0.141822 0.961286
vt 0.155630 0.961286
vt 0.169438 0.961286
vt 0.003739 0.961286
vt 0.017547 0.961286
vt 0.031355 0.961286
vt 0.045164 0.961286
vt 0.058972 0.961286
vt 0.072780 0.961286
vt 0.086589 0.957834
vt 0.100397 0.957834
vt 0.114205 0.957834
vt 0.128013 0.957834
vt 0.141822 0.957834
vt 0.155630 0.957834
vt 0.169438 0.957834
vt 0.003739 0.957834
vt 0.017547 0.957834
vt 0.031355 0.957834
vt 0.045164 0.957834
vt 0.058972 0.957834
vt 0.072780 0.957834
vt 0.086589 0.954382
vt 0.100397 0.954382
vt 0.114205 0.954382
vt 0.128013 0.954382
vt 0.141822 0.954382
vt 0.155630 0.954382
vt 0.169438 0.954382
vt 0.003739 0.954382
vt 0.017547 0.954382
vt 0.031355 0.954382
vt 0.045164 0.954382
vt 0.058972 0.954382
vt 0.072780 0.954382
vt 0.086589 0.950930
vt 0.100397 0.950930
vt 0.114205 0.950930
vt 0.128013 0.950930
vt 0.141822 0.950930
vt 0.155630 0.950930
vt 0.169438 0.950930
vt 0.003739 0.950930
vt 0.017547 0.950930
vt 0.031355 0.950930
vt 0.045164 0.950930
vt 0.058972 0.950930
vt 0.072780 0.950930
vt 0.086589 0.947478
vt 0.100397 0.947478
vt 0.114205 0.947478
vt 0.128013 0.947478
vt 0.141822 0.947478
vt 0.155630 0.947478
vt 0.169438 0.947478
vt 0.003739 0.947478
vt 0.017547 0.947478
vt 0.031355 0.947478
vt 0.045164 0.947478
vt 0.058972 0.947478
vt 0.072780 0.947478
vt 0.086589 0.944026
vt 0.100397 0.944026
vt 0.114205 0.944026
vt 0.128013 0.944026
vt 0.141822 0.944026
vt 0.155630 0.944026
vt 0.169438 0.944026
vt 0.003739 0.944026
vt 0.017547 0.944026
vt 0.031355 0.944026
vt 0.045164 0.944026
vt 0.058972 0.944026
vt 0.072780 0.944026
vt 0.086589 0.940574
vt 0.100397 0.940574
vt 0.114205 0.940574
vt 0.128013 0.940574
vt 0.141822 0.940574
vt 0.155630 0.940574
vt 0.169438 0.940574
vt 0.003739 0.940574
vt 0.017547 0.940574
vt 0.031355 0.940574
vt 0.045164 0.940574
vt 0.058972 0.940574
vt 0.072780 0.940574
vt 0.086589 0.937122
vt 0.100397 0.937122
vt 0.114205 0.937122
vt 0.128013 0.937122
vt 0.141822 0.937122
vt 0.155630 0.937122
vt 0.169438 0.937122
vt 0.003739 0.937122
vt 0.017547 0.937122
vt 0.031355 0.937122
vt 0.045164 0.937122
vt 0.058972 0.937122
vt 0.072780 0.937122
vt 0.086589 0.933670
vt 0.100397 0.933670
vt 0.114205 0.933670
vt 0.128013 0.933670
vt 0.141822 0.933670
vt 0.155630 0.933670
vt 0.169438 0.933670
vt 0.003739 0.933670
vt 0.017547 0.933670
vt 0.031355 0.933670
vt 0.045164 0.933670
vt 0.058972 0.933670
vt 0.072780 0.933670
vt 0.086589 0.930218
vt 0.100397 0.930218
vt 0.114205 0.930218
vt 0.128013 0.930218
vt 0.141822 0.930218
vt 0.155630 0.930218
vt 0.169438 0.930218
vt 0.003739 0.930218
vt 0.017547 0.930218
vt 0.031355 0.930218
vt 0.045164 0.930218
vt 0.058972 0.930218
vt 0.072780 0.930218
vt 0.086589 0.926766
vt 0.100397 0.926766
vt 0.114205 0.926766
vt 0.128013 0.926766
vt 0.141822 0.926766
vt 0.155630 0.926766
vt 0.169438 0.926766
vt 0.003739 0.926766
vt 0.017547 0.926766
vt 0.031355 0.926766
vt 0.045164 0.926766
vt 0.058972 0.926766
vt 0.072780 0.926766
vt 0.086589 0.923313
vt 0.100397 0.923313
vt 0.114205 0.923313
vt 0.128013 0.923313
vt 0.141822 0.923313
vt 0.155630 0.923313
vt 0.169438 0.923313
vt 0.003739 0.923313
vt 0.017547 0.923313
vt 0.031355 0.923313
vt 0.045164 0.923313
vt 0.058972 0.923313
vt 0.072780 0.923313
vt 0.086589 0.919861
vt 0.100397 0.919861
vt 0.114205 0.919861
vt 0.128013 0.919861
vt 0.141822 0.919861
vt 0.155630 0.919861
vt 0.169438 0.919861
vt 0.003739 0.919861
vt 0.017547 0.919861
vt 0.031355 0.919861
vt 0.045164 0.919861
vt 0.058972 0.919861
vt 0.072780 0.919861
vt 0.086589 0.916409
vt 0.100397 0.916409
vt 0.114205 0.916409
vt 0.128013 0.916409
vt 0.141822 0.916409
vt 0.155630 0.916409
vt 0.169438 0.916409
vt 0.003739 0.916409
vt 0.017547 0.916409
vt 0.031355 0.916409
vt 0.045164 0.916409
vt 0.058972 0.916409
vt 0.072780 0.916409
vt 0.086589 0.912957
vt 0.100397 0.912957
vt 0.114205 0.912957
vt 0.128013 0.912957
vt 0.141822 0.912957
vt 0.155630 0.912957
vt 0.169438 0.912957
vt 0.003739 0.912957
vt 0.017547 0.912957
vt 0.031355 0.912957
vt 0.045164 0.912957
vt 0.058972 0.912957
vt 0.072780 0.912957
s 0
usemtl マテリアル.004
f 1635/1834/1093 1647/1835/1093 1648/1836/1093 1636/1837/1093
f 1636/1837/1094 1648/1836/1094 1649/1838/1094 1637/1839/1094
f 1637/1839/1095 1649/1838/1095 1650/1840/1095 1638/1841/1095
f 1638/1841/1096 1650/1840/1096 1651/1842/1096 1639/1843/1096
f 1639/1843/1097 1651/1842/1097 1652/1844/1097 1640/1845/1097
f 1640/1845/1098 1652/1844/1098 1653/1846/1098 1641/1847/1098
f 1641/1848/1099 1653/1849/1099 1654/1850/1099 1642/1851/1099
f 1642/1851/1100 1654/1850/1100 1655/1852/1100 1643/1853/1100
f 1643/1853/1101 1655/1852/1101 1656/1854/1101 1644/1855/1101
f 1644/1855/1102 1656/1854/1102 1657/1856/1102 1645/1857/1102
f 1645/1857/1103 1657/1856/1103 1658/1858/1103 1646/1859/1103
f 1646/1859/1104 1658/1858/1104 1647/1835/1104 1635/1834/1104
f 1647/1835/1105 1659/1860/1105 1660/1861/1105 1648/1836/1105
f 1648/1836/1106 1660/1861/1106 1661/1862/1106 1649/1838/1106
f 1649/1838/1107 1661/1862/1107 1662/1863/1107 1650/1840/1107
f 1650/1840/1108 1662/1863/1108 1663/1864/1108 1651/1842/1108
f 1651/1842/1109 1663/1864/1109 1664/1865/1109 1652/1844/1109
f 1652/1844/1110 1664/1865/1110 1665/1866/1110 1653/1846/1110
f 1653/1849/1111 1665/1867/1111 1666/1868/1111 1654/1850/1111
f 1654/1850/1112 1666/1868/1112 1667/1869/1112 1655/1852/1112
f 1655/1852/1113 1667/1869/1113 1668/1870/1113 1656/1854/1113
f 1656/1854/1114 1668/1870/1114 1669/1871/1114 1657/1856/1114
f 1657/1856/1115 1669/1871/1115 1670/1872/1115 1658/1858/1115
f 1658/1858/1116 1670/1872/1116 1659/1860/1116 1647/1835/1116
f 1659/1860/1117 1671/1873/1117 1672/1874/1117 1660/1861/1117
f 1660/1861/1118 1672/1874/1118 1673/1875/1118 1661/1862/1118
f 1661/1862/1119 1673/1875/1119 1674/1876/1119 1662/1863/1119
f 1662/1863/1120 1674/1876/1120 1675/1877/1120 1663/1864/1120
f 1663/1864/1121 1675/1877/1121 1676/1878/1121 1664/1865/1121
f 1664/1865/1122 1676/1878/1122 1677/1879/1122 1665/1866/1122
f 1665/1867/1123 1677/1880/1123 1678/1881/1123 1666/1868/1123
f 1666/1868/1124 1678/1881/1124 1679/1882/1124 1667/1869/1124
f 1667/1869/1125 1679/1882/1125 1680/1883/1125 1668/1870/1125
f 1668/1870/1126 1680/1883/1126 1681/1884/1126 1669/1871/1126
f 1669/1871/1127 1681/1884/1127 1682/1885/1127 1670/1872/1127
f 1670/1872/1128 1682/1885/1128 1671/1873/1128 1659/1860/1128
f 1671/1873/1129 1683/1886/1129 1684/1887/1129 1672/1874/1129
f 1672/1874/1130 1684/1887/1130 1685/1888/1130 1673/1875/1130
f 1673/1875/1131 1685/1888/1131 1686/1889/1131 1674/1876/1131
f 1674/1876/1132 1686/1889/1132 1687/1890/1132 1675/1877/1132
f 1675/1877/1133 1687/1890/1133 1688/1891/1133 1676/1878/1133
f 1676/1878/1134 1688/1891/1134 1689/1892/1134 1677/1879/1134
f 1677/1880/1135 1689/1893/1135 1690/1894/1135 1678/1881/1135
f 1678/1881/1136 1690/1894/1136 1691/1895/1136 1679/1882/1136
f 1679/1882/1137 1691/1895/1137 1692/1896/1137 1680/1883/1137
f 1680/1883/1138 1692/1896/1138 1693/1897/1138 1681/1884/1138
f 1681/1884/1139 1693/1897/1139 1694/1898/1139 1682/1885/1139
f 1682/1885/1140 1694/1898/1140 1683/1886/1140 1671/1873/1140
f 1683/1886/1141 1695/1899/1141 1696/1900/1141 1684/1887/1141
f 1684/1887/1142 1696/1900/1142 1697/1901/1142 1685/1888/1142
f 1685/1888/1143 1697/1901/1143 1698/1902/1143 1686/1889/1143
f 1686/1889/1144 1698/1902/1144 1699/1903/1144 1687/1890/1144
f 1687/1890/1145 1699/1903/1145 1700/1904/1145 1688/1891/1145
f 1688/1891/1146 1700/1904/1146 1701/1905/1146 1689/1892/1146
f 1689/1893/1147 1701/1906/1147 1702/1907/1147 1690/1894/1147
f 1690/1894/1148 1702/1907/1148 1703/1908/1148 1691/1895/1148
f 1691/1895/1149 1703/1908/1149 1704/1909/1149 1692/1896/1149
f 1692/1896/1150 1704/1909/1150 1705/1910/1150 1693/1897/1150
f 1693/1897/1151 1705/1910/1151 1706/1911/1151 1694/1898/1151
f 1694/1898/1152 1706/1911/1152 1695/1899/1152 1683/1886/1152
f 1695/1899/1153 1707/1912/1153 1708/1913/1153 1696/1900/1153
f 1696/1900/1154 1708/1913/1154 1709/1914/1154 1697/1901/1154
f 1697/1901/1155 1709/1914/1155 1710/1915/1155 1698/1902/1155
f 1698/1902/1156 1710/1915/1156 1711/1916/1156 1699/1903/1156
f 1699/1903/1157 1711/1916/1157 1712/1917/1157 1700/1904/1157
f 1700/1904/1158 1712/1917/1158 1713/1918/1158 1701/1905/1158
f 1701/1906/1159 1713/1919/1159 1714/1920/1159 1702/1907/1159
f 1702/1907/1160 1714/1920/1160 1715/1921/1160 1703/1908/1160
f 1703/1908/1161 1715/1921/1161 1716/1922/1161 1704/1909/1161
f 1704/1909/1162 1716/1922/1162 1717/1923/1162 1705/1910/1162
f 1705/1910/1163 1717/1923/1163 1718/1924/1163 1706/1911/1163
f 1706/1911/1164 1718/1924/1164 1707/1912/1164 1695/1899/1164
f 1707/1912/1165 1719/1925/1165 1720/1926/1165 1708/1913/1165
f 1708/1913/1166 1720/1926/1166 1721/1927/1166 1709/1914/1166
f 1709/1914/1167 1721/1927/1167 1722/1928/1167 1710/1915/1167
f 1710/1915/1168 1722/1928/1168 1723/1929/1168 1711/1916/1168
f 1711/1916/1169 1723/1929/1169 1724/1930/1169 1712/1917/1169
f 1712/1917/1170 1724/1930/1170 1725/1931/1170 1713/1918/1170
f 1713/1919/1171 1725/1932/1171 1726/1933/1171 1714/1920/1171
f 1714/1920/1172 1726/1933/1172 1727/1934/1172 1715/1921/1172
f 1715/1921/1173 1727/1934/1173 1728/1935/1173 1716/1922/1173
f 1716/1922/1174 1728/1935/1174 1729/1936/1174 1717/1923/1174
f 1717/1923/1175 1729/1936/1175 1730/1937/1175 1718/1924/1175
f 1718/1924/1176 1730/1937/1176 1719/1925/1176 1707/1912/1176
f 1719/1925/1177 1731/1938/1177 1732/1939/1177 1720/1926/1177
f 1720/1926/1178 1732/1939/1178 1733/1940/1178 1721/1927/1178
f 1721/1927/1179 1733/1940/1179 1734/1941/1179 1722/1928/1179
f 1722/1928/1180 1734/1941/1180 1735/1942/1180 1723/1929/1180
f 1723/1929/1181 1735/1942/1181 1736/1943/1181 1724/1930/1181
f 1724/1930/1182 1736/1943/1182 1737/1944/1182 1725/1931/1182
f 1725/1932/1183 1737/1945/1183 1738/1946/1183 1726/1933/1183
f 1726/1933/1184 1738/1946/1184 1739/1947/1184 1727/1934/1184
f 1727/1934/1185 1739/1947/1185 1740/1948/1185 1728/1935/1185
f 1728/1935/1186 1740/1948/1186 1741/1949/1186 1729/1936/1186
f 1729/1936/1187 1741/1949/1187 1742/1950/1187 1730/1937/1187
f 1730/1937/1188 1742/1950/1188 1731/1938/1188 1719/1925/1188
f 1731/1938/1189 1743/1951/1189 1744/1952/1189 1732/1939/1189
f 1732/1939/1190 1744/1952/1190 1745/1953/1190 1733/1940/1190
f 1733/1940/1191 1745/1953/1191 1746/1954/1191 1734/1941/1191
f 1734/1941/1192 1746/1954/1192 1747/1955/1192 1735/1942/1192
f 1735/1942/1193 1747/1955/1193 1748/1956/1193 1736/1943/1193
f 1736/1943/1194 1748/1956/1194 1749/1957/1194 1737/1944/1194
f 1737/1945/1195 1749/1958/1195 1750/1959/1195 1738/1946/1195
f 1738/1946/1196 1750/1959/1196 1751/1960/1196 1739/1947/1196
f 1739/1947/1197 1751/1960/1197 1752/1961/1197 1740/1948/1197
f 1740/1948/1198 1752/1961/1198 1753/1962/1198 1741/1949/1198
f 1741/1949/1199 1753/1962/1199 1754/1963/1199 1742/1950/1199
f 1742/1950/1200 1754/1963/1200 1743/1951/1200 1731/1938/1200
f 1743/1951/1201 1755/1964/1201 1756/1965/1201 1744/1952/1201
f 1744/1952/1202 1756/1965/1202 1757/1966/1202 1745/1953/1202
f 1745/1953/1203 1757/1966/1203 1758/1967/1203 1746/1954/1203
f 1746/1954/1204 1758/1967/1204 1759/1968/1204 1747/1955/1204
f 1747/1955/1205 1759/1968/1205 1760/1969/1205 1748/1956/1205
f 1748/1956/1206 1760/1969/1206 1761/1970/1206 1749/1957/1206
f 1749/1958/1207 1761/1971/1207 1762/1972/1207 1750/1959/1207
f 1750/1959/1208 1762/1972/1208 1763/1973/1208 1751/1960/1208
f 1751/1960/1209 1763/1973/1209 1764/1974/1209 1752/1961/1209
f 1752/1961/1210 1764/1974/1210 1765/1975/1210 1753/1962/1210
f 1753/1962/1211 1765/1975/1211 1766/1976/1211 1754/1963/1211
f 1754/1963/1212 1766/1976/1212 1755/1964/1212 1743/1951/1212
f 1755/1964/1213 1767/1977/1213 1768/1978/1213 1756/1965/1213
f 1756/1965/1214 1768/1978/1214 1769/1979/1214 1757/1966/1214
f 1757/1966/1215 1769/1979/1215 1770/1980/1215 1758/1967/1215
f 1758/1967/1216 1770/1980/1216 1771/1981/1216 1759/1968/1216
f 1759/1968/1217 1771/1981/1217 1772/1982/1217 1760/1969/1217
f 1760/1969/1218 1772/1982/1218 1773/1983/1218 1761/1970/1218
f 1761/1971/1219 1773/1984/1219 1774/1985/1219 1762/1972/1219
f 1762/1972/1220 1774/1985/1220 1775/1986/1220 1763/1973/1220
f 1763/1973/1221 1775/1986/1221 1776/1987/1221 1764/1974/1221
f 1764/1974/1222 1776/1987/1222 1777/1988/1222 1765/1975/1222
f 1765/1975/1223 1777/1988/1223 1778/1989/1223 1766/1976/1223
f 1766/1976/1224 1778/1989/1224 1767/1977/1224 1755/1964/1224
f 1767/1977/1225 1779/1990/1225 1780/1991/1225 1768/1978/1225
f 1768/1978/1226 1780/1991/1226 1781/1992/1226 1769/1979/1226
f 1769/1979/1227 1781/1992/1227 1782/1993/1227 1770/1980/1227
f 1770/1980/1228 1782/1993/1228 1783/1994/1228 1771/1981/1228
f 1771/1981/1229 1783/1994/1229 1784/1995/1229 1772/1982/1229
f 1772/1982/1230 1784/1995/1230 1785/1996/1230 1773/1983/1230
f 1773/1984/1231 1785/1997/1231 1786/1998/1231 1774/1985/1231
f 1774/1985/1232 1786/1998/1232 1787/1999/1232 1775/1986/1232
f 1775/1986/1233 1787/1999/1233 1788/2000/1233 1776/1987/1233
f 1776/1987/1234 1788/2000/1234 1789/2001/1234 1777/1988/1234
f 1777/1988/1235 1789/2001/1235 1790/2002/1235 1778/1989/1235
f 1778/1989/1236 1790/2002/1236 1779/1990/1236 1767/1977/1236
f 1779/1990/1237 1791/2003/1237 1792/2004/1237 1780/1991/1237
f 1780/1991/1238 1792/2004/1238 1793/2005/1238 1781/1992/1238
f 1781/1992/1239 1793/2005/1239 1794/2006/1239 1782/1993/1239
f 1782/1993/1240 1794/2006/1240 1795/2007/1240 1783/1994/1240
f 1783/1994/1241 1795/2007/1241 1796/2008/1241 1784/1995/1241
f 1784/1995/1242 1796/2008/1242 1797/2009/1242 1785/1996/1242
f 1785/1997/1243 1797/2010/1243 1798/2011/1243 1786/1998/1243
f 1786/1998/1244 1798/2011/1244 1799/2012/1244 1787/1999/1244
f 1787/1999/1245 1799/2012/1245 1800/2013/1245 1788/2000/1245
f 1788/2000/1246 1800/2013/1246 1801/2014/1246 1789/2001/1246
f 1789/2001/1247 1801/2014/1247 1802/2015/1247 1790/2002/1247
f 1790/2002/1248 1802/2015/1248 1791/2003/1248 1779/1990/1248
f 1791/2003/1249 1803/2016/1249 1804/2017/1249 1792/2004/1249
f 1792/2004/1250 1804/2017/1250 1805/2018/1250 1793/2005/1250
f 1793/2005/1251 1805/2018/1251 1806/2019/1251 1794/2006/1251
f 1794/2006/1252 1806/2019/1252 1807/2020/1252 1795/2007/1252
f 1795/2007/1253 1807/2020/1253 1808/2021/1253 1796/2008/1253
f 1796/2008/1254 1808/2021/1254 1809/2022/1254 1797/2009/1254
f 1797/2010/1255 1809/2023/1255 1810/2024/1255 1798/2011/1255
f 1798/2011/1256 1810/2024/1256 1811/2025/1256 1799/2012/1256
f 1799/2012/1257 1811/2025/1257 1812/2026/1257 1800/2013/1257
f 1800/2013/1258 1812/2026/1258 1813/2027/1258 1801/2014/1258
f 1801/2014/1259 1813/2027/1259 1814/2028/1259 1802/2015/1259
f 1802/2015/1260 1814/2028/1260 1803/2016/1260 1791/2003/1260
f 1803/2016/1261 1815/2029/1261 1816/2030/1261 1804/2017/1261
f 1804/2017/1262 1816/2030/1262 1817/2031/1262 1805/2018/1262
f 1805/2018/1263 1817/2031/1263 1818/2032/1263 1806/2019/1263
f 1806/2019/1264 1818/2032/1264 1819/2033/1264 1807/2020/1264
f 1807/2020/1265 1819/2033/1265 1820/2034/1265 1808/2021/1265
f 1808/2021/1266 1820/2034/1266 1821/2035/1266 1809/2022/1266
f 1809/2023/1267 1821/2036/1267 1822/2037/1267 1810/2024/1267
f 1810/2024/1268 1822/2037/1268 1823/2038/1268 1811/2025/1268
f 1811/2025/1269 1823/2038/1269 1824/2039/1269 1812/2026/1269
f 1812/2026/1270 1824/2039/1270 1825/2040/1270 1813/2027/1270
f 1813/2027/1271 1825/2040/1271 1826/2041/1271 1814/2028/1271
f 1814/2028/1272 1826/2041/1272 1815/2029/1272 1803/2016/1272
f 1815/2029/1273 1827/2042/1273 1828/2043/1273 1816/2030/1273
f 1816/2030/1274 1828/2043/1274 1829/2044/1274 1817/2031/1274
f 1817/2031/1275 1829/2044/1275 1830/2045/1275 1818/2032/1275
f 1818/2032/1276 1830/2045/1276 1831/2046/1276 1819/2033/1276
f 1819/2033/1277 1831/2046/1277 1832/2047/1277 1820/2034/1277
f 1820/2034/1278 1832/2047/1278 1833/2048/1278 1821/2035/1278
f 1821/2036/1279 1833/2049/1279 1834/2050/1279 1822/2037/1279
f 1822/2037/1280 1834/2050/1280 1835/2051/1280 1823/2038/1280
f 1823/2038/1281 1835/2051/1281 1836/2052/1281 1824/2039/1281
f 1824/2039/1282 1836/2052/1282 1837/2053/1282 1825/2040/1282
f 1825/2040/1283 1837/2053/1283 1838/2054/1283 1826/2041/1283
f 1826/2041/1284 1838/2054/1284 1827/2042/1284 1815/2029/1284
f 1827/2042/1285 1839/2055/1285 1840/2056/1285 1828/2043/1285
f 1828/2043/1286 1840/2056/1286 1841/2057/1286 1829/2044/1286
f 1829/2044/1287 1841/2057/1287 1842/2058/1287 1830/2045/1287
f 1830/2045/1288 1842/2058/1288 1843/2059/1288 1831/2046/1288
f 1831/2046/1289 1843/2059/1289 1844/2060/1289 1832/2047/1289
f 1832/2047/1290 1844/2060/1290 1845/2061/1290 1833/2048/1290
f 1833/2049/1291 1845/2062/1291 1846/2063/1291 1834/2050/1291
f 1834/2050/1292 1846/2063/1292 1847/2064/1292 1835/2051/1292
f 1835/2051/1293 1847/2064/1293 1848/2065/1293 1836/2052/1293
f 1836/2052/1294 1848/2065/1294 1849/2066/1294 1837/2053/1294
f 1837/2053/1295 1849/2066/1295 1850/2067/1295 1838/2054/1295
f 1838/2054/1296 1850/2067/1296 1839/2055/1296 1827/2042/1296
f 1839/2055/1297 1851/2068/1297 1852/2069/1297 1840/2056/1297
f 1840/2056/1298 1852/2069/1298 1853/2070/1298 1841/2057/1298
f 1841/2057/1299 1853/2070/1299 1854/2071/1299 1842/2058/1299
f 1842/2058/1300 1854/2071/1300 1855/2072/1300 1843/2059/1300
f 1843/2059/1301 1855/2072/1301 1856/2073/1301 1844/2060/1301
f 1844/2060/1302 1856/2073/1302 1857/2074/1302 1845/2061/1302
f 1845/2062/1303 1857/2075/1303 1858/2076/1303 1846/2063/1303
f 1846/2063/1304 1858/2076/1304 1859/2077/1304 1847/2064/1304
f 1847/2064/1305 1859/2077/1305 1860/2078/1305 1848/2065/1305
f 1848/2065/1306 1860/2078/1306 1861/2079/1306 1849/2066/1306
f 1849/2066/1307 1861/2079/1307 1862/2080/1307 1850/2067/1307
f 1850/2067/1308 1862/2080/1308 1851/2068/1308 1839/2055/1308
f 1851/2068/1309 1863/2081/1309 1864/2082/1309 1852/2069/1309
f 1852/2069/1310 1864/2082/1310 1865/2083/1310 1853/2070/1310
f 1853/2070/1311 1865/2083/1311 1866/2084/1311 1854/2071/1311
f 1854/2071/1312 1866/2084/1312 1867/2085/1312 1855/2072/1312
f 1855/2072/1313 1867/2085/1313 1868/2086/1313 1856/2073/1313
f 1856/2073/1314 1868/2086/1314 1869/2087/1314 1857/2074/1314
f 1857/2075/1315 1869/2088/1315 1870/2089/1315 1858/2076/1315
f 1858/2076/1316 1870/2089/1316 1871/2090/1316 1859/2077/1316
f 1859/2077/1317 1871/2090/1317 1872/2091/1317 1860/2078/1317
f 1860/2078/1318 1872/2091/1318 1873/2092/1318 1861/2079/1318
f 1861/2079/1319 1873/2092/1319 1874/2093/1319 1862/2080/1319
f 1862/2080/1320 1874/2093/1320 1863/2081/1320 1851/2068/1320
f 1863/2081/1321 1875/2094/1321 1876/2095/1321 1864/2082/1321
f 1864/2082/1322 1876/2095/1322 1877/2096/1322 1865/2083/1322
f 1865/2083/1323 1877/2096/1323 1878/2097/1323 1866/2084/1323
f 1866/2084/1324 1878/2097/1324 1879/2098/1324 1867/2085/1324
f 1867/2085/1325 1879/2098/1325 1880/2099/1325 1868/2086/1325
f 1868/2086/1326 1880/2099/1326 1881/2100/1326 1869/2087/1326
f 1869/2088/1327 1881/2101/1327 1882/2102/1327 1870/2089/1327
f 1870/2089/1328 1882/2102/1328 1883/2103/1328 1871/2090/1328
f 1871/2090/1329 1883/2103/1329 1884/2104/1329 1872/2091/1329
f 1872/2091/1330 1884/2104/1330 1885/2105/1330 1873/2092/1330
f 1873/2092/1331 1885/2105/1331 1886/2106/1331 1874/2093/1331
f 1874/2093/1332 1886/2106/1332 1875/2094/1332 1863/2081/1332
f 1875/2094/1333 1887/2107/1333 1888/2108/1333 1876/2095/1333
f 1876/2095/1334 1888/2108/1334 1889/2109/1334 1877/2096/1334
f 1877/2096/1335 1889/2109/1335 1890/2110/1335 1878/2097/1335
f 1878/2097/1336 1890/2110/1336 1891/2111/1336 1879/2098/1336
f 1879/2098/1337 1891/2111/1337 1892/2112/1337 1880/2099/1337
f 1880/2099/1338 1892/2112/1338 1893/2113/1338 1881/2100/1338
f 1881/2101/1339 1893/2114/1339 1894/2115/1339 1882/2102/1339
f 1882/2102/1340 1894/2115/1340 1895/2116/1340 1883/2103/1340
f 1883/2103/1341 1895/2116/1341 1896/2117/1341 1884/2104/1341
f 1884/2104/1342 1896/2117/1342 1897/2118/1342 1885/2105/1342
f 1885/2105/1343 1897/2118/1343 1898/2119/1343 1886/2106/1343
f 1886/2106/1344 1898/2119/1344 1887/2107/1344 1875/2094/1344
f 1887/2107/1345 1899/2120/1345 1900/2121/1345 1888/2108/1345
f 1888/2108/1346 1900/2121/1346 1901/2122/1346 1889/2109/1346
f 1889/2109/1347 1901/2122/1347 1902/2123/1347 1890/2110/1347
f 1890/2110/1348 1902/2123/1348 1903/2124/1348 1891/2111/1348
f 1891/2111/1349 1903/2124/1349 1904/2125/1349 1892/2112/1349
f 1892/2112/1350 1904/2125/1350 1905/2126/1350 1893/2113/1350
f 1893/2114/1351 1905/2127/1351 1906/2128/1351 1894/2115/1351
f 1894/2115/1352 1906/2128/1352 1907/2129/1352 1895/2116/1352
f 1895/2116/1353 1907/2129/1353 1908/2130/1353 1896/2117/1353
f 1896/2117/1354 1908/2130/1354 1909/2131/1354 1897/2118/1354
f 1897/2118/1355 1909/2131/1355 1910/2132/1355 1898/2119/1355
f 1898/2119/1356 1910/2132/1356 1899/2120/1356 1887/2107/1356
f 1899/2120/1357 1911/2133/1357 1912/2134/1357 1900/2121/1357
f 1900/2121/1358 1912/2134/1358 1913/2135/1358 1901/2122/1358
f 1901/2122/1359 1913/2135/1359 1914/2136/1359 1902/2123/1359
f 1902/2123/1360 1914/2136/1360 1915/2137/1360 1903/2124/1360
f 1903/2124/1361 1915/2137/1361 1916/2138/1361 1904/2125/1361
f 1904/2125/1362 1916/2138/1362 1917/2139/1362 1905/2126/1362
f 1905/2127/1363 1917/2140/1363 1918/2141/1363 1906/2128/1363
f 1906/2128/1364 1918/2141/1364 1919/2142/1364 1907/2129/1364
f 1907/2129/1365 1919/2142/1365 1920/2143/1365 1908/2130/1365
f 1908/2130/1366 1920/2143/1366 1921/2144/1366 1909/2131/1366
f 1909/2131/1367 1921/2144/1367 1922/2145/1367 1910/2132/1367
f 1910/2132/1368 1922/2145/1368 1911/2133/1368 1899/2120/1368
f 1911/2133/1369 1923/2146/1369 1924/2147/1369 1912/2134/1369
f 1912/2134/1370 1924/2147/1370 1925/2148/1370 1913/2135/1370
f 1913/2135/1371 1925/2148/1371 1926/2149/1371 1914/2136/1371
f 1914/2136/1372 1926/2149/1372 1927/2150/1372 1915/2137/1372
f 1915/2137/1373 1927/2150/1373 1928/2151/1373 1916/2138/1373
f 1916/2138/1374 1928/2151/1374 1929/2152/1374 1917/2139/1374
f 1917/2140/1375 1929/2153/1375 1930/2154/1375 1918/2141/1375
f 1918/2141/1376 1930/2154/1376 1931/2155/1376 1919/2142/1376
f 1919/2142/1377 1931/2155/1377 1932/2156/1377 1920/2143/1377
f 1920/2143/1378 1932/2156/1378 1933/2157/1378 1921/2144/1378
f 1921/2144/1379 1933/2157/1379 1934/2158/1379 1922/2145/1379
f 1922/2145/1380 1934/2158/1380 1923/2146/1380 1911/2133/1380
f 1923/2159/1098 1935/2160/1098 1936/2161/1098 1924/2162/1098
f 1924/2162/1097 1936/2161/1097 1937/2163/1097 1925/2164/1097
f 1925/2164/1096 1937/2163/1096 1938/2165/1096 1926/2166/1096
f 1926/2166/1095 1938/2165/1095 1939/2167/1095 1927/2168/1095
f 1927/2168/1094 1939/2167/1094 1940/2169/1094 1928/2170/1094
f 1928/2170/1093 1940/2169/1093 1941/2171/1093 1929/2172/1093
f 1929/2173/1104 1941/2174/1104 1942/2175/1104 1930/2176/1104
f 1930/2176/1103 1942/2175/1103 1943/2177/1103 1931/2178/1103
f 1931/2178/1102 1943/2177/1102 1944/2179/1102 1932/2180/1102
f 1932/2180/1101 1944/2179/1101 1945/2181/1101 1933/2182/1101
f 1933/2182/1100 1945/2181/1100 1946/2183/1100 1934/2184/1100
f 1934/2184/1099 1946/2183/1099 1935/2160/1099 1923/2159/1099
f 1935/2160/1110 1947/2185/1110 1948/2186/1110 1936/2161/1110
f 1936/2161/1109 1948/2186/1109 1949/2187/1109 1937/2163/1109
f 1937/2163/1108 1949/2187/1108 1950/2188/1108 1938/2165/1108
f 1938/2165/1107 1950/2188/1107 1951/2189/1107 1939/2167/1107
f 1939/2167/1106 1951/2189/1106 1952/2190/1106 1940/2169/1106
f 1940/2169/1105 1952/2190/1105 1953/2191/1105 1941/2171/1105
f 1941/2174/1116 1953/2192/1116 1954/2193/1116 1942/2175/1116
f 1942/2175/1115 1954/2193/1115 1955/2194/1115 1943/2177/1115
f 1943/2177/1114 1955/2194/1114 1956/2195/1114 1944/2179/1114
f 1944/2179/1113 1956/2195/1113 1957/2196/1113 1945/2181/1113
f 1945/2181/1112 1957/2196/1112 1958/2197/1112 1946/2183/1112
f 1946/2183/1111 1958/2197/1111 1947/2185/1111 1935/2160/1111
f 1947/2185/1122 1959/2198/1122 1960/2199/1122 1948/2186/1122
f 1948/2186/1121 1960/2199/1121 1961/2200/1121 1949/2187/1121
f 1949/2187/1120 1961/2200/1120 1962/2201/1120 1950/2188/1120
f 1950/2188/1119 1962/2201/1119 1963/2202/1119 1951/2189/1119
f 1951/2189/1118 1963/2202/1118 1964/2203/1118 1952/2190/1118
f 1952/2190/1117 1964/2203/1117 1965/2204/1117 1953/2191/1117
f 1953/2192/1128 1965/2205/1128 1966/2206/1128 1954/2193/1128
f 1954/2193/1127 1966/2206/1127 1967/2207/1127 1955/2194/1127
f 1955/2194/1126 1967/2207/1126 1968/2208/1126 1956/2195/1126
f 1956/2195/1125 1968/2208/1125 1969/2209/1125 1957/2196/1125
f 1957/2196/1124 1969/2209/1124 1970/2210/1124 1958/2197/1124
f 1958/2197/1123 1970/2210/1123 1959/2198/1123 1947/2185/1123
f 1959/2198/1134 1971/2211/1134 1972/2212/1134 1960/2199/1134
f 1960/2199/1133 1972/2212/1133 1973/2213/1133 1961/2200/1133
f 1961/2200/1132 1973/2213/1132 1974/2214/1132 1962/2201/1132
f 1962/2201/1131 1974/2214/1131 1975/2215/1131 1963/2202/1131
f 1963/2202/1130 1975/2215/1130 1976/2216/1130 1964/2203/1130
f 1964/2203/1129 1976/2216/1129 1977/2217/1129 1965/2204/1129
f 1965/2205/1140 1977/2218/1140 1978/2219/1140 1966/2206/1140
f 1966/2206/1139 1978/2219/1139 1979/2220/1139 1967/2207/1139
f 1967/2207/1138 1979/2220/1138 1980/2221/1138 1968/2208/1138
f 1968/2208/1137 1980/2221/1137 1981/2222/1137 1969/2209/1137
f 1969/2209/1136 1981/2222/1136 1982/2223/1136 1970/2210/1136
f 1970/2210/1135 1982/2223/1135 1971/2211/1135 1959/2198/1135
f 1971/2211/1146 1983/2224/1146 1984/2225/1146 1972/2212/1146
f 1972/2212/1145 1984/2225/1145 1985/2226/1145 1973/2213/1145
f 1973/2213/1144 1985/2226/1144 1986/2227/1144 1974/2214/1144
f 1974/2214/1143 1986/2227/1143 1987/2228/1143 1975/2215/1143
f 1975/2215/1142 1987/2228/1142 1988/2229/1142 1976/2216/1142
f 1976/2216/1141 1988/2229/1141 1989/2230/1141 1977/2217/1141
f 1977/2218/1152 1989/2231/1152 1990/2232/1152 1978/2219/1152
f 1978/2219/1151 1990/2232/1151 1991/2233/1151 1979/2220/1151
f 1979/2220/1150 1991/2233/1150 1992/2234/1150 1980/2221/1150
f 1980/2221/1149 1992/2234/1149 1993/2235/1149 1981/2222/1149
f 1981/2222/1148 1993/2235/1148 1994/2236/1148 1982/2223/1148
f 1982/2223/1147 1994/2236/1147 1983/2224/1147 1971/2211/1147
f 1983/2224/1158 1995/2237/1158 1996/2238/1158 1984/2225/1158
f 1984/2225/1157 1996/2238/1157 1997/2239/1157 1985/2226/1157
f 1985/2226/1156 1997/2239/1156 1998/2240/1156 1986/2227/1156
f 1986/2227/1155 1998/2240/1155 1999/2241/1155 1987/2228/1155
f 1987/2228/1154 1999/2241/1154 2000/2242/1154 1988/2229/1154
f 1988/2229/1153 2000/2242/1153 2001/2243/1153 1989/2230/1153
f 1989/2231/1164 2001/2244/1164 2002/2245/1164 1990/2232/1164
f 1990/2232/1163 2002/2245/1163 2003/2246/1163 1991/2233/1163
f 1991/2233/1162 2003/2246/1162 2004/2247/1162 1992/2234/1162
f 1992/2234/1161 2004/2247/1161 2005/2248/1161 1993/2235/1161
f 1993/2235/1160 2005/2248/1160 2006/2249/1160 1994/2236/1160
f 1994/2236/1159 2006/2249/1159 1995/2237/1159 1983/2224/1159
f 1995/2237/1170 2007/2250/1170 2008/2251/1170 1996/2238/1170
f 1996/2238/1169 2008/2251/1169 2009/2252/1169 1997/2239/1169
f 1997/2239/1168 2009/2252/1168 2010/2253/1168 1998/2240/1168
f 1998/2240/1167 2010/2253/1167 2011/2254/1167 1999/2241/1167
f 1999/2241/1166 2011/2254/1166 2012/2255/1166 2000/2242/1166
f 2000/2242/1165 2012/2255/1165 2013/2256/1165 2001/2243/1165
f 2001/2244/1176 2013/2257/1176 2014/2258/1176 2002/2245/1176
f 2002/2245/1175 2014/2258/1175 2015/2259/1175 2003/2246/1175
f 2003/2246/1174 2015/2259/1174 2016/2260/1174 2004/2247/1174
f 2004/2247/1173 2016/2260/1173 2017/2261/1173 2005/2248/1173
f 2005/2248/1172 2017/2261/1172 2018/2262/1172 2006/2249/1172
f 2006/2249/1171 2018/2262/1171 2007/2250/1171 1995/2237/1171
f 2007/2250/1182 2019/2263/1182 2020/2264/1182 2008/2251/1182
f 2008/2251/1181 2020/2264/1181 2021/2265/1181 2009/2252/1181
f 2009/2252/1180 2021/2265/1180 2022/2266/1180 2010/2253/1180
f 2010/2253/1179 2022/2266/1179 2023/2267/1179 2011/2254/1179
f 2011/2254/1178 2023/2267/1178 2024/2268/1178 2012/2255/1178
f 2012/2255/1177 2024/2268/1177 2025/2269/1177 2013/2256/1177
f 2013/2257/1188 2025/2270/1188 2026/2271/1188 2014/2258/1188
f 2014/2258/1187 2026/2271/1187 2027/2272/1187 2015/2259/1187
f 2015/2259/1186 2027/2272/1186 2028/2273/1186 2016/2260/1186
f 2016/2260/1185 2028/2273/1185 2029/2274/1185 2017/2261/1185
f 2017/2261/1184 2029/2274/1184 2030/2275/1184 2018/2262/1184
f 2018/2262/1183 2030/2275/1183 2019/2263/1183 2007/2250/1183
f 2019/2263/1194 2031/2276/1194 2032/2277/1194 2020/2264/1194
f 2020/2264/1193 2032/2277/1193 2033/2278/1193 2021/2265/1193
f 2021/2265/1192 2033/2278/1192 2034/2279/1192 2022/2266/1192
f 2022/2266/1191 2034/2279/1191 2035/2280/1191 2023/2267/1191
f 2023/2267/1190 2035/2280/1190 2036/2281/1190 2024/2268/1190
f 2024/2268/1189 2036/2281/1189 2037/2282/1189 2025/2269/1189
f 2025/2270/1200 2037/2283/1200 2038/2284/1200 2026/2271/1200
f 2026/2271/1199 2038/2284/1199 2039/2285/1199 2027/2272/1199
f 2027/2272/1198 2039/2285/1198 2040/2286/1198 2028/2273/1198
f 2028/2273/1197 2040/2286/1197 2041/2287/1197 2029/2274/1197
f 2029/2274/1196 2041/2287/1196 2042/2288/1196 2030/2275/1196
f 2030/2275/1195 2042/2288/1195 2031/2276/1195 2019/2263/1195
f 2031/2276/1206 2043/2289/1206 2044/2290/1206 2032/2277/1206
f 2032/2277/1205 2044/2290/1205 2045/2291/1205 2033/2278/1205
f 2033/2278/1204 2045/2291/1204 2046/2292/1204 2034/2279/1204
f 2034/2279/1203 2046/2292/1203 2047/2293/1203 2035/2280/1203
f 2035/2280/1202 2047/2293/1202 2048/2294/1202 2036/2281/1202
f 2036/2281/1201 2048/2294/1201 2049/2295/1201 2037/2282/1201
f 2037/2283/1212 2049/2296/1212 2050/2297/1212 2038/2284/1212
f 2038/2284/1211 2050/2297/1211 2051/2298/1211 2039/2285/1211
f 2039/2285/1210 2051/2298/1210 2052/2299/1210 2040/2286/1210
f 2040/2286/1209 2052/2299/1209 2053/2300/1209 2041/2287/1209
f 2041/2287/1208 2053/2300/1208 2054/2301/1208 2042/2288/1208
f 2042/2288/1207 2054/2301/1207 2043/2289/1207 2031/2276/1207
f 2043/2289/1218 2055/2302/1218 2056/2303/1218 2044/2290/1218
f 2044/2290/1217 2056/2303/1217 2057/2304/1217 2045/2291/1217
f 2045/2291/1216 2057/2304/1216 2058/2305/1216 2046/2292/1216
f 2046/2292/1215 2058/2305/1215 2059/2306/1215 2047/2293/1215
f 2047/2293/1214 2059/2306/1214 2060/2307/1214 2048/2294/1214
f 2048/2294/1213 2060/2307/1213 2061/2308/1213 2049/2295/1213
f 2049/2296/1224 2061/2309/1224 2062/2310/1224 2050/2297/1224
f 2050/2297/1223 2062/2310/1223 2063/2311/1223 2051/2298/1223
f 2051/2298/1222 2063/2311/1222 2064/2312/1222 2052/2299/1222
f 2052/2299/1221 2064/2312/1221 2065/2313/1221 2053/2300/1221
f 2053/2300/1220 2065/2313/1220 2066/2314/1220 2054/2301/1220
f 2054/2301/1219 2066/2314/1219 2055/2302/1219 2043/2289/1219
f 2055/2302/1230 2067/2315/1230 2068/2316/1230 2056/2303/1230
f 2056/2303/1229 2068/2316/1229 2069/2317/1229 2057/2304/1229
f 2057/2304/1228 2069/2317/1228 2070/2318/1228 2058/2305/1228
f 2058/2305/1227 2070/2318/1227 2071/2319/1227 2059/2306/1227
f 2059/2306/1226 2071/2319/1226 2072/2320/1226 2060/2307/1226
f 2060/2307/1381 2072/2320/1381 2073/2321/1381 2061/2308/1381
f 2061/2309/1382 2073/2322/1382 2074/2323/1382 2062/2310/1382
f 2062/2310/1235 2074/2323/1235 2075/2324/1235 2063/2311/1235
f 2063/2311/1234 2075/2324/1234 2076/2325/1234 2064/2312/1234
f 2064/2312/1233 2076/2325/1233 2077/2326/1233 2065/2313/1233
f 2065/2313/1232 2077/2326/1232 2078/2327/1232 2066/2314/1232
f 2066/2314/1383 2078/2327/1383 2067/2315/1383 2055/2302/1383
f 2067/2315/1384 2079/2328/1384 2080/2329/1384 2068/2316/1384
f 2068/2316/1241 2080/2329/1241 2081/2330/1241 2069/2317/1241
f 2069/2317/1240 2081/2330/1240 2082/2331/1240 2070/2318/1240
f 2070/2318/1239 2082/2331/1239 2083/2332/1239 2071/2319/1239
f 2071/2319/1238 2083/2332/1238 2084/2333/1238 2072/2320/1238
f 2072/2320/1237 2084/2333/1237 2085/2334/1237 2073/2321/1237
f 2073/2322/1385 2085/2335/1385 2086/2336/1385 2074/2323/1385
f 2074/2323/1247 2086/2336/1247 2087/2337/1247 2075/2324/1247
f 2075/2324/1246 2087/2337/1246 2088/2338/1246 2076/2325/1246
f 2076/2325/1245 2088/2338/1245 2089/2339/1245 2077/2326/1245
f 2077/2326/1244 2089/2339/1244 2090/2340/1244 2078/2327/1244
f 2078/2327/1386 2090/2340/1386 2079/2328/1386 2067/2315/1386
f 2079/2328/1254 2091/2341/1254 2092/2342/1254 2080/2329/1254
f 2080/2329/1253 2092/2342/1253 2093/2343/1253 2081/2330/1253
f 2081/2330/1252 2093/2343/1252 2094/2344/1252 2082/2331/1252
f 2082/2331/1251 2094/2344/1251 2095/2345/1251 2083/2332/1251
f 2083/2332/1250 2095/2345/1250 2096/2346/1250 2084/2333/1250
f 2084/2333/1249 2096/2346/1249 2097/2347/1249 2085/2334/1249
f 2085/2335/1260 2097/2348/1260 2098/2349/1260 2086/2336/1260
f 2086/2336/1259 2098/2349/1259 2099/2350/1259 2087/2337/1259
f 2087/2337/1258 2099/2350/1258 2100/2351/1258 2088/2338/1258
f 2088/2338/1257 2100/2351/1257 2101/2352/1257 2089/2339/1257
f 2089/2339/1256 2101/2352/1256 2102/2353/1256 2090/2340/1256
f 2090/2340/1255 2102/2353/1255 2091/2341/1255 2079/2328/1255
f 2091/2341/1266 2103/2354/1266 2104/2355/1266 2092/2342/1266
f 2092/2342/1265 2104/2355/1265 2105/2356/1265 2093/2343/1265
f 2093/2343/1264 2105/2356/1264 2106/2357/1264 2094/2344/1264
f 2094/2344/1263 2106/2357/1263 2107/2358/1263 2095/2345/1263
f 2095/2345/1262 2107/2358/1262 2108/2359/1262 2096/2346/1262
f 2096/2346/1261 2108/2359/1261 2109/2360/1261 2097/2347/1261
f 2097/2348/1272 2109/2361/1272 2110/2362/1272 2098/2349/1272
f 2098/2349/1271 2110/2362/1271 2111/2363/1271 2099/2350/1271
f 2099/2350/1270 2111/2363/1270 2112/2364/1270 2100/2351/1270
f 2100/2351/1269 2112/2364/1269 2113/2365/1269 2101/2352/1269
f 2101/2352/1268 2113/2365/1268 2114/2366/1268 2102/2353/1268
f 2102/2353/1267 2114/2366/1267 2103/2354/1267 2091/2341/1267
f 2103/2354/1278 2115/2367/1278 2116/2368/1278 2104/2355/1278
f 2104/2355/1277 2116/2368/1277 2117/2369/1277 2105/2356/1277
f 2105/2356/1276 2117/2369/1276 2118/2370/1276 2106/2357/1276
f 2106/2357/1275 2118/2370/1275 2119/2371/1275 2107/2358/1275
f 2107/2358/1274 2119/2371/1274 2120/2372/1274 2108/2359/1274
f 2108/2359/1273 2120/2372/1273 2121/2373/1273 2109/2360/1273
f 2109/2361/1284 2121/2374/1284 2122/2375/1284 2110/2362/1284
f 2110/2362/1283 2122/2375/1283 2123/2376/1283 2111/2363/1283
f 2111/2363/1282 2123/2376/1282 2124/2377/1282 2112/2364/1282
f 2112/2364/1281 2124/2377/1281 2125/2378/1281 2113/2365/1281
f 2113/2365/1280 2125/2378/1280 2126/2379/1280 2114/2366/1280
f 2114/2366/1279 2126/2379/1279 2115/2367/1279 2103/2354/1279
f 2115/2367/1290 2127/2380/1290 2128/2381/1290 2116/2368/1290
f 2116/2368/1289 2128/2381/1289 2129/2382/1289 2117/2369/1289
f 2117/2369/1288 2129/2382/1288 2130/2383/1288 2118/2370/1288
f 2118/2370/1287 2130/2383/1287 2131/2384/1287 2119/2371/1287
f 2119/2371/1286 2131/2384/1286 2132/2385/1286 2120/2372/1286
f 2120/2372/1285 2132/2385/1285 2133/2386/1285 2121/2373/1285
f 2121/2374/1296 2133/2387/1296 2134/2388/1296 2122/2375/1296
f 2122/2375/1295 2134/2388/1295 2135/2389/1295 2123/2376/1295
f 2123/2376/1294 2135/2389/1294 2136/2390/1294 2124/2377/1294
f 2124/2377/1293 2136/2390/1293 2137/2391/1293 2125/2378/1293
f 2125/2378/1292 2137/2391/1292 2138/2392/1292 2126/2379/1292
f 2126/2379/1291 2138/2392/1291 2127/2380/1291 2115/2367/1291
f 2127/2380/1302 2139/2393/1302 2140/2394/1302 2128/2381/1302
f 2128/2381/1301 2140/2394/1301 2141/2395/1301 2129/2382/1301
f 2129/2382/1300 2141/2395/1300 2142/2396/1300 2130/2383/1300
f 2130/2383/1299 2142/2396/1299 2143/2397/1299 2131/2384/1299
f 2131/2384/1298 2143/2397/1298 2144/2398/1298 2132/2385/1298
f 2132/2385/1297 2144/2398/1297 2145/2399/1297 2133/2386/1297
f 2133/2387/1308 2145/2400/1308 2146/2401/1308 2134/2388/1308
f 2134/2388/1307 2146/2401/1307 2147/2402/1307 2135/2389/1307
f 2135/2389/1306 2147/2402/1306 2148/2403/1306 2136/2390/1306
f 2136/2390/1305 2148/2403/1305 2149/2404/1305 2137/2391/1305
f 2137/2391/1304 2149/2404/1304 2150/2405/1304 2138/2392/1304
f 2138/2392/1303 2150/2405/1303 2139/2393/1303 2127/2380/1303
f 2139/2393/1314 2151/2406/1314 2152/2407/1314 2140/2394/1314
f 2140/2394/1313 2152/2407/1313 2153/2408/1313 2141/2395/1313
f 2141/2395/1312 2153/2408/1312 2154/2409/1312 2142/2396/1312
f 2142/2396/1311 2154/2409/1311 2155/2410/1311 2143/2397/1311
f 2143/2397/1310 2155/2410/1310 2156/2411/1310 2144/2398/1310
f 2144/2398/1309 2156/2411/1309 2157/2412/1309 2145/2399/1309
f 2145/2400/1320 2157/2413/1320 2158/2414/1320 2146/2401/1320
f 2146/2401/1319 2158/2414/1319 2159/2415/1319 2147/2402/1319
f 2147/2402/1318 2159/2415/1318 2160/2416/1318 2148/2403/1318
f 2148/2403/1317 2160/2416/1317 2161/2417/1317 2149/2404/1317
f 2149/2404/1316 2161/2417/1316 2162/2418/1316 2150/2405/1316
f 2150/2405/1315 2162/2418/1315 2151/2406/1315 2139/2393/1315
f 2151/2406/1326 2163/2419/1326 2164/2420/1326 2152/2407/1326
f 2152/2407/1325 2164/2420/1325 2165/2421/1325 2153/2408/1325
f 2153/2408/1324 2165/2421/1324 2166/2422/1324 2154/2409/1324
f 2154/2409/1323 2166/2422/1323 2167/2423/1323 2155/2410/1323
f 2155/2410/1322 2167/2423/1322 2168/2424/1322 2156/2411/1322
f 2156/2411/1321 2168/2424/1321 2169/2425/1321 2157/2412/1321
f 2157/2413/1332 2169/2426/1332 2170/2427/1332 2158/2414/1332
f 2158/2414/1331 2170/2427/1331 2171/2428/1331 2159/2415/1331
f 2159/2415/1330 2171/2428/1330 2172/2429/1330 2160/2416/1330
f 2160/2416/1329 2172/2429/1329 2173/2430/1329 2161/2417/1329
f 2161/2417/1328 2173/2430/1328 2174/2431/1328 2162/2418/1328
f 2162/2418/1327 2174/2431/1327 2163/2419/1327 2151/2406/1327
f 2163/2419/1338 2175/2432/1338 2176/2433/1338 2164/2420/1338
f 2164/2420/1337 2176/2433/1337 2177/2434/1337 2165/2421/1337
f 2165/2421/1336 2177/2434/1336 2178/2435/1336 2166/2422/1336
f 2166/2422/1335 2178/2435/1335 2179/2436/1335 2167/2423/1335
f 2167/2423/1334 2179/2436/1334 2180/2437/1334 2168/2424/1334
f 2168/2424/1333 2180/2437/1333 2181/2438/1333 2169/2425/1333
f 2169/2426/1344 2181/2439/1344 2182/2440/1344 2170/2427/1344
f 2170/2427/1343 2182/2440/1343 2183/2441/1343 2171/2428/1343
f 2171/2428/1342 2183/2441/1342 2184/2442/1342 2172/2429/1342
f 2172/2429/1341 2184/2442/1341 2185/2443/1341 2173/2430/1341
f 2173/2430/1340 2185/2443/1340 2186/2444/1340 2174/2431/1340
f 2174/2431/1339 2186/2444/1339 2175/2432/1339 2163/2419/1339
f 2175/2432/1350 2187/2445/1350 2188/2446/1350 2176/2433/1350
f 2176/2433/1349 2188/2446/1349 2189/2447/1349 2177/2434/1349
f 2177/2434/1348 2189/2447/1348 2190/2448/1348 2178/2435/1348
f 2178/2435/1347 2190/2448/1347 2191/2449/1347 2179/2436/1347
f 2179/2436/1346 2191/2449/1346 2192/2450/1346 2180/2437/1346
f 2180/2437/1345 2192/2450/1345 2193/2451/1345 2181/2438/1345
f 2181/2439/1356 2193/2452/1356 2194/2453/1356 2182/2440/1356
f 2182/2440/1355 2194/2453/1355 2195/2454/1355 2183/2441/1355
f 2183/2441/1354 2195/2454/1354 2196/2455/1354 2184/2442/1354
f 2184/2442/1353 2196/2455/1353 2197/2456/1353 2185/2443/1353
f 2185/2443/1352 2197/2456/1352 2198/2457/1352 2186/2444/1352
f 2186/2444/1351 2198/2457/1351 2187/2445/1351 2175/2432/1351
f 2187/2445/1362 2199/2458/1362 2200/2459/1362 2188/2446/1362
f 2188/2446/1361 2200/2459/1361 2201/2460/1361 2189/2447/1361
f 2189/2447/1360 2201/2460/1360 2202/2461/1360 2190/2448/1360
f 2190/2448/1359 2202/2461/1359 2203/2462/1359 2191/2449/1359
f 2191/2449/1358 2203/2462/1358 2204/2463/1358 2192/2450/1358
f 2192/2450/1357 2204/2463/1357 2205/2464/1357 2193/2451/1357
f 2193/2452/1368 2205/2465/1368 2206/2466/1368 2194/2453/1368
f 2194/2453/1367 2206/2466/1367 2207/2467/1367 2195/2454/1367
f 2195/2454/1366 2207/2467/1366 2208/2468/1366 2196/2455/1366
f 2196/2455/1365 2208/2468/1365 2209/2469/1365 2197/2456/1365
f 2197/2456/1364 2209/2469/1364 2210/2470/1364 2198/2457/1364
f 2198/2457/1363 2210/2470/1363 2199/2458/1363 2187/2445/1363
f 2199/2458/1374 1635/1834/1374 1636/1837/1374 2200/2459/1374
f 2200/2459/1373 1636/1837/1373 1637/1839/1373 2201/2460/1373
f 2201/2460/1372 1637/1839/1372 1638/1841/1372 2202/2461/1372
f 2202/2461/1371 1638/1841/1371 1639/1843/1371 2203/2462/1371
f 2203/2462/1370 1639/1843/1370 1640/1845/1370 2204/2463/1370
f 2204/2463/1369 1640/1845/1369 1641/1847/1369 2205/2464/1369
f 2205/2465/1380 1641/1848/1380 1642/1851/1380 2206/2466/1380
f 2206/2466/1379 1642/1851/1379 1643/1853/1379 2207/2467/1379
f 2207/2467/1378 1643/1853/1378 1644/1855/1378 2208/2468/1378
f 2208/2468/1377 1644/1855/1377 1645/1857/1377 2209/2469/1377
f 2209/2469/1376 1645/1857/1376 1646/1859/1376 2210/2470/1376
f 2210/2470/1375 1646/1859/1375 1635/1834/1375 2199/2458/1375
o トーラス.003
v 0.209429 -0.257233 0.000000
v 0.203817 -0.254526 0.000000
v 0.188486 -0.252544 0.000000
v 0.167543 -0.251819 0.000000
v 0.146600 -0.252544 0.000000
v 0.131269 -0.254526 0.000000
v 0.125657 -0.257233 0.000000
v 0.131269 -0.259940 0.000000
v 0.146600 -0.261922 0.000000
v 0.167543 -0.262647 0.000000
v 0.188486 -0.261922 0.000000
v 0.203817 -0.259940 0.000000
v 0.207637 -0.257233 -0.027336
v 0.202073 -0.254526 -0.026603
v 0.186873 -0.252544 -0.024602
v 0.166109 -0.251819 -0.021869
v 0.145346 -0.252544 -0.019135
v 0.130146 -0.254526 -0.017134
v 0.124582 -0.257233 -0.016402
v 0.130146 -0.259940 -0.017134
v 0.145346 -0.261922 -0.019135
v 0.166109 -0.262647 -0.021869
v 0.186873 -0.261922 -0.024602
v 0.202073 -0.259940 -0.026603
v 0.202292 -0.257233 -0.054204
v 0.196872 -0.254526 -0.052752
v 0.182063 -0.252544 -0.048784
v 0.161834 -0.251819 -0.043363
v 0.141605 -0.252544 -0.037943
v 0.126796 -0.254526 -0.033975
v 0.121375 -0.257233 -0.032522
v 0.126796 -0.259940 -0.033975
v 0.141605 -0.261922 -0.037943
v 0.161834 -0.262647 -0.043363
v 0.182063 -0.261922 -0.048784
v 0.196872 -0.259940 -0.052752
v 0.193487 -0.257233 -0.080145
v 0.188302 -0.254526 -0.077997
v 0.174138 -0.252544 -0.072130
v 0.154789 -0.251819 -0.064116
v 0.135441 -0.252544 -0.056101
v 0.121276 -0.254526 -0.050234
v 0.116092 -0.257233 -0.048087
v 0.121276 -0.259940 -0.050234
v 0.135441 -0.261922 -0.056101
v 0.154789 -0.262647 -0.064116
v 0.174138 -0.261922 -0.072130
v 0.188302 -0.259940 -0.077997
v 0.181370 -0.257233 -0.104714
v 0.176511 -0.254526 -0.101908
v 0.163233 -0.252544 -0.094243
v 0.145096 -0.251819 -0.083771
v 0.126959 -0.252544 -0.073300
v 0.113682 -0.254526 -0.065634
v 0.108822 -0.257233 -0.062829
v 0.113682 -0.259940 -0.065634
v 0.126959 -0.261922 -0.073300
v 0.145096 -0.262647 -0.083771
v 0.163233 -0.261922 -0.094243
v 0.176511 -0.259940 -0.101908
v 0.166151 -0.257233 -0.127492
v 0.161699 -0.254526 -0.124076
v 0.149536 -0.252544 -0.114743
v 0.132921 -0.251819 -0.101994
v 0.116306 -0.252544 -0.089244
v 0.104143 -0.254526 -0.079911
v 0.099690 -0.257233 -0.076495
v 0.104143 -0.259940 -0.079911
v 0.116306 -0.261922 -0.089244
v 0.132921 -0.262647 -0.101994
v 0.149536 -0.261922 -0.114743
v 0.161699 -0.259940 -0.124076
v 0.148088 -0.257233 -0.148088
v 0.144120 -0.254526 -0.144120
v 0.133279 -0.252544 -0.133280
v 0.118471 -0.251819 -0.118471
v 0.103662 -0.252544 -0.103662
v 0.092821 -0.254526 -0.092821
v 0.088853 -0.257233 -0.088853
v 0.092821 -0.259940 -0.092821
v 0.103662 -0.261922 -0.103662
v 0.118471 -0.262647 -0.118471
v 0.133279 -0.261922 -0.133280
v 0.144120 -0.259940 -0.144120
v 0.127492 -0.257233 -0.166151
v 0.124076 -0.254526 -0.161699
v 0.114743 -0.252544 -0.149536
v 0.101994 -0.251819 -0.132921
v 0.089244 -0.252544 -0.116306
v 0.079911 -0.254526 -0.104142
v 0.076495 -0.257233 -0.099690
v 0.079911 -0.259940 -0.104142
v 0.089244 -0.261922 -0.116306
v 0.101994 -0.262647 -0.132921
v 0.114743 -0.261922 -0.149536
v 0.124076 -0.259940 -0.161699
v 0.104714 -0.257233 -0.181370
v 0.101908 -0.254526 -0.176511
v 0.094243 -0.252544 -0.163233
v 0.083771 -0.251819 -0.145096
v 0.073300 -0.252544 -0.126959
v 0.065634 -0.254526 -0.113682
v 0.062829 -0.257233 -0.108822
v 0.065634 -0.259940 -0.113682
v 0.073300 -0.261922 -0.126959
v 0.083771 -0.262647 -0.145096
v 0.094243 -0.261922 -0.163233
v 0.101908 -0.259940 -0.176511
v 0.080145 -0.257233 -0.193487
v 0.077997 -0.254526 -0.188302
v 0.072130 -0.252544 -0.174138
v 0.064116 -0.251819 -0.154789
v 0.056101 -0.252544 -0.135441
v 0.050234 -0.254526 -0.121276
v 0.048087 -0.257233 -0.116092
v 0.050234 -0.259940 -0.121276
v 0.056101 -0.261922 -0.135441
v 0.064116 -0.262647 -0.154789
v 0.072130 -0.261922 -0.174138
v 0.077997 -0.259940 -0.188302
v 0.054204 -0.257233 -0.202292
v 0.052752 -0.254526 -0.196872
v 0.048784 -0.252544 -0.182063
v 0.043363 -0.251819 -0.161834
v 0.037943 -0.252544 -0.141605
v 0.033975 -0.254526 -0.126796
v 0.032522 -0.257233 -0.121375
v 0.033975 -0.259940 -0.126796
v 0.037943 -0.261922 -0.141605
v 0.043363 -0.262647 -0.161834
v 0.048784 -0.261922 -0.182063
v 0.052752 -0.259940 -0.196872
v 0.027336 -0.257233 -0.207637
v 0.026603 -0.254526 -0.202073
v 0.024602 -0.252544 -0.186873
v 0.021869 -0.251819 -0.166109
v 0.019135 -0.252544 -0.145346
v 0.017134 -0.254526 -0.130146
v 0.016402 -0.257233 -0.124582
v 0.017134 -0.259940 -0.130146
v 0.019135 -0.261922 -0.145346
v 0.021869 -0.262647 -0.166109
v 0.024602 -0.261922 -0.186873
v 0.026603 -0.259940 -0.202073
v 0.000000 -0.257233 -0.209429
v 0.000000 -0.254526 -0.203817
v 0.000000 -0.252544 -0.188486
v 0.000000 -0.251819 -0.167543
v 0.000000 -0.252544 -0.146600
v 0.000000 -0.254526 -0.131269
v 0.000000 -0.257233 -0.125657
v 0.000000 -0.259940 -0.131269
v 0.000000 -0.261922 -0.146600
v 0.000000 -0.262647 -0.167543
v 0.000000 -0.261922 -0.188486
v 0.000000 -0.259940 -0.203817
v -0.027336 -0.257233 -0.207637
v -0.026603 -0.254526 -0.202073
v -0.024602 -0.252544 -0.186873
v -0.021869 -0.251819 -0.166109
v -0.019135 -0.252544 -0.145346
v -0.017134 -0.254526 -0.130146
v -0.016402 -0.257233 -0.124582
v -0.017134 -0.259940 -0.130146
v -0.019135 -0.261922 -0.145346
v -0.021869 -0.262647 -0.166109
v -0.024602 -0.261922 -0.186873
v -0.026603 -0.259940 -0.202073
v -0.054204 -0.257233 -0.202292
v -0.052752 -0.254526 -0.196872
v -0.048784 -0.252544 -0.182063
v -0.043363 -0.251819 -0.161834
v -0.037943 -0.252544 -0.141605
v -0.033975 -0.254526 -0.126796
v -0.032522 -0.257233 -0.121375
v -0.033975 -0.259940 -0.126796
v -0.037943 -0.261922 -0.141605
v -0.043363 -0.262647 -0.161834
v -0.048784 -0.261922 -0.182063
v -0.052752 -0.259940 -0.196872
v -0.080145 -0.257233 -0.193487
v -0.077997 -0.254526 -0.188302
v -0.072130 -0.252544 -0.174138
v -0.064116 -0.251819 -0.154789
v -0.056101 -0.252544 -0.135441
v -0.050234 -0.254526 -0.121276
v -0.048087 -0.257233 -0.116092
v -0.050234 -0.259940 -0.121276
v -0.056101 -0.261922 -0.135441
v -0.064116 -0.262647 -0.154789
v -0.072130 -0.261922 -0.174138
v -0.077997 -0.259940 -0.188302
v -0.104714 -0.257233 -0.181370
v -0.101908 -0.254526 -0.176511
v -0.094243 -0.252544 -0.163233
v -0.083771 -0.251819 -0.145096
v -0.073300 -0.252544 -0.126959
v -0.065634 -0.254526 -0.113682
v -0.062829 -0.257233 -0.108822
v -0.065634 -0.259940 -0.113682
v -0.073300 -0.261922 -0.126959
v -0.083771 -0.262647 -0.145096
v -0.094243 -0.261922 -0.163233
v -0.101908 -0.259940 -0.176511
v -0.127492 -0.257233 -0.166151
v -0.124076 -0.254526 -0.161699
v -0.114743 -0.252544 -0.149536
v -0.101994 -0.251819 -0.132921
v -0.089244 -0.252544 -0.116306
v -0.079911 -0.254526 -0.104142
v -0.076495 -0.257233 -0.099690
v -0.079911 -0.259940 -0.104142
v -0.089244 -0.261922 -0.116306
v -0.101994 -0.262647 -0.132921
v -0.114743 -0.261922 -0.149536
v -0.124076 -0.259940 -0.161699
v -0.148088 -0.257233 -0.148088
v -0.144120 -0.254526 -0.144120
v -0.133280 -0.252544 -0.133279
v -0.118471 -0.251819 -0.118471
v -0.103662 -0.252544 -0.103662
v -0.092821 -0.254526 -0.092821
v -0.088853 -0.257233 -0.088853
v -0.092821 -0.259940 -0.092821
v -0.103662 -0.261922 -0.103662
v -0.118471 -0.262647 -0.118471
v -0.133280 -0.261922 -0.133279
v -0.144120 -0.259940 -0.144120
v -0.166151 -0.257233 -0.127492
v -0.161699 -0.254526 -0.124076
v -0.149536 -0.252544 -0.114743
v -0.132921 -0.251819 -0.101994
v -0.116306 -0.252544 -0.089244
v -0.104142 -0.254526 -0.079911
v -0.099690 -0.257233 -0.076495
v -0.104142 -0.259940 -0.079911
v -0.116306 -0.261922 -0.089244
v -0.132921 -0.262647 -0.101994
v -0.149536 -0.261922 -0.114743
v -0.161699 -0.259940 -0.124076
v -0.181370 -0.257233 -0.104714
v -0.176511 -0.254526 -0.101908
v -0.163233 -0.252544 -0.094243
v -0.145096 -0.251819 -0.083771
v -0.126959 -0.252544 -0.073300
v -0.113682 -0.254526 -0.065634
v -0.108822 -0.257233 -0.062829
v -0.113682 -0.259940 -0.065634
v -0.126959 -0.261922 -0.073300
v -0.145096 -0.262647 -0.083771
v -0.163233 -0.261922 -0.094243
v -0.176511 -0.259940 -0.101908
v -0.193487 -0.257233 -0.080145
v -0.188302 -0.254526 -0.077997
v -0.174138 -0.252544 -0.072130
v -0.154789 -0.251819 -0.064116
v -0.135441 -0.252544 -0.056101
v -0.121276 -0.254526 -0.050234
v -0.116092 -0.257233 -0.048087
v -0.121276 -0.259940 -0.050234
v -0.135441 -0.261922 -0.056101
v -0.154789 -0.262647 -0.064116
v -0.174138 -0.261922 -0.072130
v -0.188302 -0.259940 -0.077997
v -0.202292 -0.257233 -0.054204
v -0.196872 -0.254526 -0.052752
v -0.182063 -0.252544 -0.048784
v -0.161834 -0.251819 -0.043363
v -0.141605 -0.252544 -0.037943
v -0.126796 -0.254526 -0.033975
v -0.121375 -0.257233 -0.032522
v -0.126796 -0.259940 -0.033975
v -0.141605 -0.261922 -0.037943
v -0.161834 -0.262647 -0.043363
v -0.182063 -0.261922 -0.048784
v -0.196872 -0.259940 -0.052752
v -0.207637 -0.257233 -0.027336
v -0.202073 -0.254526 -0.026603
v -0.186873 -0.252544 -0.024602
v -0.166109 -0.251819 -0.021869
v -0.145346 -0.252544 -0.019135
v -0.130146 -0.254526 -0.017134
v -0.124582 -0.257233 -0.016402
v -0.130146 -0.259940 -0.017134
v -0.145346 -0.261922 -0.019135
v -0.166109 -0.262647 -0.021869
v -0.186873 -0.261922 -0.024602
v -0.202073 -0.259940 -0.026603
v -0.209429 -0.257233 -0.000000
v -0.203817 -0.254526 -0.000000
v -0.188486 -0.252544 -0.000000
v -0.167543 -0.251819 -0.000000
v -0.146600 -0.252544 -0.000000
v -0.131269 -0.254526 -0.000000
v -0.125657 -0.257233 -0.000000
v -0.131269 -0.259940 -0.000000
v -0.146600 -0.261922 -0.000000
v -0.167543 -0.262647 -0.000000
v -0.188486 -0.261922 -0.000000
v -0.203817 -0.259940 -0.000000
v -0.207637 -0.257233 0.027336
v -0.202073 -0.254526 0.026603
v -0.186873 -0.252544 0.024602
v -0.166109 -0.251819 0.021869
v -0.145346 -0.252544 0.019135
v -0.130146 -0.254526 0.017134
v -0.124582 -0.257233 0.016402
v -0.130146 -0.259940 0.017134
v -0.145346 -0.261922 0.019135
v -0.166109 -0.262647 0.021869
v -0.186873 -0.261922 0.024602
v -0.202073 -0.259940 0.026603
v -0.202292 -0.257233 0.054204
v -0.196872 -0.254526 0.052752
v -0.182063 -0.252544 0.048784
v -0.161834 -0.251819 0.043363
v -0.141605 -0.252544 0.037943
v -0.126796 -0.254526 0.033975
v -0.121375 -0.257233 0.032522
v -0.126796 -0.259940 0.033975
v -0.141605 -0.261922 0.037943
v -0.161834 -0.262647 0.043363
v -0.182063 -0.261922 0.048784
v -0.196872 -0.259940 0.052752
v -0.193487 -0.257233 0.080145
v -0.188302 -0.254526 0.077997
v -0.174138 -0.252544 0.072130
v -0.154789 -0.251819 0.064116
v -0.135441 -0.252544 0.056101
v -0.121277 -0.254526 0.050234
v -0.116092 -0.257233 0.048087
v -0.121277 -0.259940 0.050234
v -0.135441 -0.261922 0.056101
v -0.154789 -0.262647 0.064116
v -0.174138 -0.261922 0.072130
v -0.188302 -0.259940 0.077997
v -0.181370 -0.257233 0.104714
v -0.176511 -0.254526 0.101908
v -0.163233 -0.252544 0.094243
v -0.145096 -0.251819 0.083771
v -0.126959 -0.252544 0.073300
v -0.113682 -0.254526 0.065634
v -0.108822 -0.257233 0.062829
v -0.113682 -0.259940 0.065634
v -0.126959 -0.261922 0.073300
v -0.145096 -0.262647 0.083771
v -0.163233 -0.261922 0.094243
v -0.176511 -0.259940 0.101908
v -0.166151 -0.257233 0.127492
v -0.161699 -0.254526 0.124076
v -0.149536 -0.252544 0.114743
v -0.132921 -0.251819 0.101994
v -0.116306 -0.252544 0.089244
v -0.104142 -0.254526 0.079911
v -0.099690 -0.257233 0.076495
v -0.104142 -0.259940 0.079911
v -0.116306 -0.261922 0.089244
v -0.132921 -0.262647 0.101994
v -0.149536 -0.261922 0.114743
v -0.161699 -0.259940 0.124076
v -0.148088 -0.257233 0.148088
v -0.144120 -0.254526 0.144120
v -0.133280 -0.252544 0.133279
v -0.118471 -0.251819 0.118471
v -0.103662 -0.252544 0.103662
v -0.092821 -0.254526 0.092821
v -0.088853 -0.257233 0.088853
v -0.092821 -0.259940 0.092821
v -0.103662 -0.261922 0.103662
v -0.118471 -0.262647 0.118471
v -0.133280 -0.261922 0.133279
v -0.144120 -0.259940 0.144120
v -0.127492 -0.257233 0.166151
v -0.124076 -0.254526 0.161699
v -0.114743 -0.252544 0.149536
v -0.101994 -0.251819 0.132921
v -0.089244 -0.252544 0.116306
v -0.079911 -0.254526 0.104142
v -0.076495 -0.257233 0.099690
v -0.079911 -0.259940 0.104142
v -0.089244 -0.261922 0.116306
v -0.101994 -0.262647 0.132921
v -0.114743 -0.261922 0.149536
v -0.124076 -0.259940 0.161699
v -0.104714 -0.257233 0.181370
v -0.101908 -0.254526 0.176511
v -0.094243 -0.252544 0.163233
v -0.083771 -0.251819 0.145096
v -0.073300 -0.252544 0.126959
v -0.065634 -0.254526 0.113682
v -0.062829 -0.257233 0.108822
v -0.065634 -0.259940 0.113682
v -0.073300 -0.261922 0.126959
v -0.083771 -0.262647 0.145096
v -0.094243 -0.261922 0.163233
v -0.101908 -0.259940 0.176511
v -0.080145 -0.257233 0.193487
v -0.077997 -0.254526 0.188302
v -0.072130 -0.252544 0.174138
v -0.064116 -0.251819 0.154789
v -0.056101 -0.252544 0.135441
v -0.050234 -0.254526 0.121276
v -0.048087 -0.257233 0.116092
v -0.050234 -0.259940 0.121276
v -0.056101 -0.261922 0.135441
v -0.064116 -0.262647 0.154789
v -0.072130 -0.261922 0.174138
v -0.077997 -0.259940 0.188302
v -0.054204 -0.257233 0.202292
v -0.052752 -0.254526 0.196872
v -0.048784 -0.252544 0.182063
v -0.043363 -0.251819 0.161834
v -0.037943 -0.252544 0.141605
v -0.033975 -0.254526 0.126796
v -0.032522 -0.257233 0.121375
v -0.033975 -0.259940 0.126796
v -0.037943 -0.261922 0.141605
v -0.043363 -0.262647 0.161834
v -0.048784 -0.261922 0.182063
v -0.052752 -0.259940 0.196872
v -0.027336 -0.257233 0.207637
v -0.026604 -0.254526 0.202073
v -0.024602 -0.252544 0.186873
v -0.021869 -0.251819 0.166109
v -0.019135 -0.252544 0.145346
v -0.017134 -0.254526 0.130146
v -0.016402 -0.257233 0.124582
v -0.017134 -0.259940 0.130146
v -0.019135 -0.261922 0.145346
v -0.021869 -0.262647 0.166109
v -0.024602 -0.261922 0.186873
v -0.026604 -0.259940 0.202073
v 0.000000 -0.257233 0.209429
v 0.000000 -0.254526 0.203817
v 0.000000 -0.252544 0.188486
v 0.000000 -0.251819 0.167543
v 0.000000 -0.252544 0.146600
v 0.000000 -0.254526 0.131269
v 0.000000 -0.257233 0.125657
v 0.000000 -0.259940 0.131269
v 0.000000 -0.261922 0.146600
v 0.000000 -0.262647 0.167543
v 0.000000 -0.261922 0.188486
v 0.000000 -0.259940 0.203817
v 0.027336 -0.257233 0.207637
v 0.026603 -0.254526 0.202073
v 0.024602 -0.252544 0.186873
v 0.021869 -0.251819 0.166109
v 0.019135 -0.252544 0.145346
v 0.017134 -0.254526 0.130146
v 0.016402 -0.257233 0.124582
v 0.017134 -0.259940 0.130146
v 0.019135 -0.261922 0.145346
v 0.021869 -0.262647 0.166109
v 0.024602 -0.261922 0.186873
v 0.026603 -0.259940 0.202073
v 0.054204 -0.257233 0.202292
v 0.052752 -0.254526 0.196872
v 0.048784 -0.252544 0.182063
v 0.043363 -0.251819 0.161834
v 0.037943 -0.252544 0.141605
v 0.033975 -0.254526 0.126796
v 0.032522 -0.257233 0.121375
v 0.033975 -0.259940 0.126796
v 0.037943 -0.261922 0.141605
v 0.043363 -0.262647 0.161834
v 0.048784 -0.261922 0.182063
v 0.052752 -0.259940 0.196872
v 0.080145 -0.257233 0.193487
v 0.077997 -0.254526 0.188302
v 0.072130 -0.252544 0.174138
v 0.064116 -0.251819 0.154789
v 0.056101 -0.252544 0.135441
v 0.050234 -0.254526 0.121276
v 0.048087 -0.257233 0.116092
v 0.050234 -0.259940 0.121276
v 0.056101 -0.261922 0.135441
v 0.064116 -0.262647 0.154789
v 0.072130 -0.261922 0.174138
v 0.077997 -0.259940 0.188302
v 0.104714 -0.257233 0.181370
v 0.101908 -0.254526 0.176511
v 0.094243 -0.252544 0.163233
v 0.083771 -0.251819 0.145096
v 0.073300 -0.252544 0.126959
v 0.065634 -0.254526 0.113682
v 0.062829 -0.257233 0.108822
v 0.065634 -0.259940 0.113682
v 0.073300 -0.261922 0.126959
v 0.083771 -0.262647 0.145096
v 0.094243 -0.261922 0.163233
v 0.101908 -0.259940 0.176511
v 0.127492 -0.257233 0.166151
v 0.124076 -0.254526 0.161699
v 0.114743 -0.252544 0.149536
v 0.101994 -0.251819 0.132921
v 0.089244 -0.252544 0.116306
v 0.079911 -0.254526 0.104143
v 0.076495 -0.257233 0.099691
v 0.079911 -0.259940 0.104143
v 0.089244 -0.261922 0.116306
v 0.101994 -0.262647 0.132921
v 0.114743 -0.261922 0.149536
v 0.124076 -0.259940 0.161699
v 0.148088 -0.257233 0.148088
v 0.144120 -0.254526 0.144120
v 0.133279 -0.252544 0.133280
v 0.118471 -0.251819 0.118471
v 0.103662 -0.252544 0.103662
v 0.092821 -0.254526 0.092821
v 0.088853 -0.257233 0.088853
v 0.092821 -0.259940 0.092821
v 0.103662 -0.261922 0.103662
v 0.118471 -0.262647 0.118471
v 0.133279 -0.261922 0.133280
v 0.144120 -0.259940 0.144120
v 0.166151 -0.257233 0.127492
v 0.161699 -0.254526 0.124076
v 0.149536 -0.252544 0.114743
v 0.132921 -0.251819 0.101994
v 0.116306 -0.252544 0.089244
v 0.104143 -0.254526 0.079911
v 0.099690 -0.257233 0.076495
v 0.104143 -0.259940 0.079911
v 0.116306 -0.261922 0.089244
v 0.132921 -0.262647 0.101994
v 0.149536 -0.261922 0.114743
v 0.161699 -0.259940 0.124076
v 0.181370 -0.257233 0.104714
v 0.176511 -0.254526 0.101908
v 0.163233 -0.252544 0.094243
v 0.145096 -0.251819 0.083771
v 0.126959 -0.252544 0.073300
v 0.113682 -0.254526 0.065634
v 0.108822 -0.257233 0.062829
v 0.113682 -0.259940 0.065634
v 0.126959 -0.261922 0.073300
v 0.145096 -0.262647 0.083771
v 0.163233 -0.261922 0.094243
v 0.176511 -0.259940 0.101908
v 0.193487 -0.257233 0.080145
v 0.188302 -0.254526 0.077997
v 0.174138 -0.252544 0.072130
v 0.154789 -0.251819 0.064116
v 0.135441 -0.252544 0.056101
v 0.121276 -0.254526 0.050234
v 0.116092 -0.257233 0.048087
v 0.121276 -0.259940 0.050234
v 0.135441 -0.261922 0.056101
v 0.154789 -0.262647 0.064116
v 0.174138 -0.261922 0.072130
v 0.188302 -0.259940 0.077997
v 0.202292 -0.257233 0.054204
v 0.196872 -0.254526 0.052752
v 0.182063 -0.252544 0.048784
v 0.161834 -0.251819 0.043363
v 0.141605 -0.252544 0.037943
v 0.126796 -0.254526 0.033975
v 0.121375 -0.257233 0.032522
v 0.126796 -0.259940 0.033975
v 0.141605 -0.261922 0.037943
v 0.161834 -0.262647 0.043363
v 0.182063 -0.261922 0.048784
v 0.196872 -0.259940 0.052752
v 0.207637 -0.257233 0.027336
v 0.202073 -0.254526 0.026603
v 0.186873 -0.252544 0.024602
v 0.166109 -0.251819 0.021869
v 0.145346 -0.252544 0.019135
v 0.130146 -0.254526 0.017134
v 0.124582 -0.257233 0.016402
v 0.130146 -0.259940 0.017134
v 0.145346 -0.261922 0.019135
v 0.166109 -0.262647 0.021869
v 0.186873 -0.261922 0.024602
v 0.202073 -0.259940 0.026603
vn 0.4343 0.9003 -0.0285
vn 0.1282 0.9917 -0.0084
vn 0.0346 0.9994 -0.0023
vn -0.0346 0.9994 0.0023
vn -0.1282 0.9917 0.0084
vn -0.4343 0.9003 0.0285
vn -0.4343 -0.9003 0.0285
vn -0.1282 -0.9917 0.0084
vn -0.0346 -0.9994 0.0023
vn 0.0346 -0.9994 -0.0023
vn 0.1282 -0.9917 -0.0084
vn 0.4343 -0.9003 -0.0285
vn 0.4269 0.9003 -0.0849
vn 0.1260 0.9917 -0.0251
vn 0.0340 0.9994 -0.0068
vn -0.0340 0.9994 0.0068
vn -0.1260 0.9917 0.0251
vn -0.4269 0.9003 0.0849
vn -0.4269 -0.9003 0.0849
vn -0.1260 -0.9917 0.0251
vn -0.0340 -0.9994 0.0068
vn 0.0340 -0.9994 -0.0068
vn 0.1260 -0.9917 -0.0251
vn 0.4269 -0.9003 -0.0849
vn 0.4122 0.9003 -0.1399
vn 0.1216 0.9917 -0.0413
vn 0.0328 0.9994 -0.0112
vn -0.0328 0.9994 0.0112
vn -0.1217 0.9917 0.0413
vn -0.4121 0.9003 0.1399
vn -0.4122 -0.9003 0.1399
vn -0.1216 -0.9917 0.0413
vn -0.0328 -0.9994 0.0112
vn 0.0328 -0.9994 -0.0112
vn 0.1216 -0.9917 -0.0413
vn 0.4122 -0.9003 -0.1399
vn 0.3904 0.9003 -0.1925
vn 0.1152 0.9917 -0.0568
vn 0.0311 0.9994 -0.0153
vn -0.0311 0.9994 0.0153
vn -0.1152 0.9917 0.0568
vn -0.3904 0.9003 0.1925
vn -0.3904 -0.9003 0.1925
vn -0.1152 -0.9917 0.0568
vn -0.0311 -0.9994 0.0153
vn 0.0311 -0.9994 -0.0153
vn 0.1152 -0.9917 -0.0568
vn 0.3904 -0.9003 -0.1925
vn 0.3619 0.9003 -0.2418
vn 0.1068 0.9917 -0.0714
vn 0.0288 0.9994 -0.0193
vn -0.0288 0.9994 0.0193
vn -0.1068 0.9917 0.0714
vn -0.3619 0.9003 0.2418
vn -0.3619 -0.9003 0.2418
vn -0.1068 -0.9917 0.0714
vn -0.0288 -0.9994 0.0193
vn 0.0288 -0.9994 -0.0193
vn 0.1068 -0.9917 -0.0714
vn 0.3619 -0.9003 -0.2418
vn 0.3272 0.9003 -0.2870
vn 0.0966 0.9917 -0.0847
vn 0.0261 0.9994 -0.0229
vn -0.0261 0.9994 0.0229
vn -0.0966 0.9917 0.0847
vn -0.3272 0.9003 0.2870
vn -0.3272 -0.9003 0.2870
vn -0.0966 -0.9917 0.0847
vn -0.0261 -0.9994 0.0229
vn 0.0261 -0.9994 -0.0229
vn 0.0966 -0.9917 -0.0847
vn 0.3272 -0.9003 -0.2870
vn 0.2870 0.9003 -0.3272
vn 0.0847 0.9917 -0.0966
vn 0.0229 0.9994 -0.0261
vn -0.0229 0.9994 0.0261
vn -0.0847 0.9917 0.0966
vn -0.2870 0.9003 0.3272
vn -0.2870 -0.9003 0.3272
vn -0.0847 -0.9917 0.0966
vn -0.0229 -0.9994 0.0261
vn 0.0229 -0.9994 -0.0261
vn 0.0847 -0.9917 -0.0966
vn 0.2870 -0.9003 -0.3272
vn 0.2418 0.9003 -0.3619
vn 0.0714 0.9917 -0.1068
vn 0.0193 0.9994 -0.0288
vn -0.0193 0.9994 0.0288
vn -0.0714 0.9917 0.1068
vn -0.2418 0.9003 0.3619
vn -0.2418 -0.9003 0.3619
vn -0.0714 -0.9917 0.1068
vn -0.0193 -0.9994 0.0288
vn 0.0193 -0.9994 -0.0288
vn 0.0714 -0.9917 -0.1068
vn 0.2418 -0.9003 -0.3619
vn 0.1925 0.9003 -0.3904
vn 0.0568 0.9917 -0.1152
vn 0.0153 0.9994 -0.0311
vn -0.0153 0.9994 0.0311
vn -0.0568 0.9917 0.1152
vn -0.1925 0.9003 0.3904
vn -0.1925 -0.9003 0.3904
vn -0.0568 -0.9917 0.1152
vn -0.0153 -0.9994 0.0311
vn 0.0153 -0.9994 -0.0311
vn 0.0568 -0.9917 -0.1152
vn 0.1925 -0.9003 -0.3904
vn 0.1399 0.9003 -0.4122
vn 0.0413 0.9917 -0.1216
vn 0.0112 0.9994 -0.0328
vn -0.0111 0.9994 0.0328
vn -0.0413 0.9917 0.1216
vn -0.1399 0.9003 0.4122
vn -0.1399 -0.9003 0.4122
vn -0.0413 -0.9917 0.1216
vn -0.0112 -0.9994 0.0328
vn 0.0112 -0.9994 -0.0328
vn 0.0413 -0.9917 -0.1216
vn 0.1399 -0.9003 -0.4121
vn 0.0849 0.9003 -0.4269
vn 0.0251 0.9917 -0.1260
vn 0.0068 0.9994 -0.0340
vn -0.0068 0.9994 0.0340
vn -0.0251 0.9917 0.1260
vn -0.0849 0.9003 0.4269
vn -0.0849 -0.9003 0.4269
vn -0.0251 -0.9917 0.1260
vn -0.0068 -0.9994 0.0340
vn 0.0068 -0.9994 -0.0340
vn 0.0251 -0.9917 -0.1260
vn 0.0849 -0.9003 -0.4269
vn 0.0285 0.9003 -0.4343
vn 0.0084 0.9917 -0.1282
vn 0.0023 0.9994 -0.0346
vn -0.0023 0.9994 0.0346
vn -0.0084 0.9917 0.1282
vn -0.0285 0.9003 0.4343
vn -0.0285 -0.9003 0.4343
vn -0.0084 -0.9917 0.1282
vn -0.0023 -0.9994 0.0346
vn 0.0023 -0.9994 -0.0346
vn 0.0084 -0.9917 -0.1282
vn 0.0285 -0.9003 -0.4343
vn -0.0285 0.9003 -0.4343
vn -0.0084 0.9917 -0.1282
vn -0.0023 0.9994 -0.0346
vn 0.0023 0.9994 0.0346
vn 0.0084 0.9917 0.1282
vn 0.0285 0.9003 0.4343
vn 0.0285 -0.9003 0.4343
vn 0.0084 -0.9917 0.1282
vn 0.0023 -0.9994 0.0346
vn -0.0023 -0.9994 -0.0346
vn -0.0084 -0.9917 -0.1282
vn -0.0285 -0.9003 -0.4343
vn -0.0849 0.9003 -0.4269
vn -0.0251 0.9917 -0.1260
vn -0.0068 0.9994 -0.0340
vn 0.0068 0.9994 0.0340
vn 0.0251 0.9917 0.1260
vn 0.0849 0.9003 0.4269
vn 0.0849 -0.9003 0.4269
vn 0.0251 -0.9917 0.1260
vn 0.0068 -0.9994 0.0340
vn -0.0068 -0.9994 -0.0340
vn -0.0251 -0.9917 -0.1260
vn -0.0849 -0.9003 -0.4269
vn -0.1399 0.9003 -0.4122
vn -0.0413 0.9917 -0.1216
vn -0.0112 0.9994 -0.0328
vn 0.0111 0.9994 0.0328
vn 0.0413 0.9917 0.1216
vn 0.1399 0.9003 0.4122
vn 0.1399 -0.9003 0.4121
vn 0.0413 -0.9917 0.1216
vn 0.0111 -0.9994 0.0328
vn -0.0112 -0.9994 -0.0328
vn -0.0413 -0.9917 -0.1216
vn -0.1399 -0.9003 -0.4122
vn -0.1925 0.9003 -0.3904
vn -0.0568 0.9917 -0.1152
vn -0.0153 0.9994 -0.0311
vn 0.0153 0.9994 0.0311
vn 0.0568 0.9917 0.1152
vn 0.1925 0.9003 0.3904
vn 0.1925 -0.9003 0.3904
vn 0.0568 -0.9917 0.1152
vn 0.0153 -0.9994 0.0311
vn -0.0153 -0.9994 -0.0311
vn -0.0568 -0.9917 -0.1152
vn -0.1925 -0.9003 -0.3904
vn -0.2418 0.9003 -0.3619
vn -0.0714 0.9917 -0.1068
vn -0.0193 0.9994 -0.0288
vn 0.0193 0.9994 0.0288
vn 0.0714 0.9917 0.1068
vn 0.2418 0.9003 0.3619
vn 0.2418 -0.9003 0.3619
vn 0.0714 -0.9917 0.1068
vn 0.0193 -0.9994 0.0288
vn -0.0193 -0.9994 -0.0288
vn -0.0714 -0.9917 -0.1068
vn -0.2418 -0.9003 -0.3619
vn -0.2870 0.9003 -0.3272
vn -0.0847 0.9917 -0.0966
vn -0.0229 0.9994 -0.0261
vn 0.0229 0.9994 0.0261
vn 0.0847 0.9917 0.0966
vn 0.2870 0.9003 0.3272
vn 0.2870 -0.9003 0.3272
vn 0.0847 -0.9917 0.0966
vn 0.0229 -0.9994 0.0261
vn -0.0229 -0.9994 -0.0261
vn -0.0847 -0.9917 -0.0966
vn -0.2870 -0.9003 -0.3272
vn -0.3272 0.9003 -0.2870
vn -0.0966 0.9917 -0.0847
vn -0.0261 0.9994 -0.0229
vn 0.0261 0.9994 0.0229
vn 0.0966 0.9917 0.0847
vn 0.3272 0.9003 0.2870
vn 0.3272 -0.9003 0.2870
vn 0.0966 -0.9917 0.0847
vn 0.0261 -0.9994 0.0229
vn -0.0261 -0.9994 -0.0229
vn -0.0966 -0.9917 -0.0847
vn -0.3272 -0.9003 -0.2870
vn -0.3619 0.9003 -0.2418
vn -0.1068 0.9917 -0.0714
vn -0.0288 0.9994 -0.0193
vn 0.0288 0.9994 0.0193
vn 0.1068 0.9917 0.0714
vn 0.3619 0.9003 0.2418
vn 0.3619 -0.9003 0.2418
vn 0.1068 -0.9917 0.0714
vn 0.0288 -0.9994 0.0193
vn -0.0288 -0.9994 -0.0193
vn -0.1068 -0.9917 -0.0714
vn -0.3619 -0.9003 -0.2418
vn -0.3904 0.9003 -0.1925
vn -0.1152 0.9917 -0.0568
vn -0.0311 0.9994 -0.0153
vn 0.0311 0.9994 0.0153
vn 0.1152 0.9917 0.0568
vn 0.3904 0.9003 0.1925
vn 0.3904 -0.9003 0.1925
vn 0.1152 -0.9917 0.0568
vn 0.0311 -0.9994 0.0153
vn -0.0311 -0.9994 -0.0153
vn -0.1152 -0.9917 -0.0568
vn -0.3904 -0.9003 -0.1925
vn -0.4121 0.9003 -0.1399
vn -0.1216 0.9917 -0.0413
vn -0.0328 0.9994 -0.0112
vn 0.0328 0.9994 0.0112
vn 0.1217 0.9917 0.0413
vn 0.4121 0.9003 0.1399
vn 0.4122 -0.9003 0.1399
vn 0.1216 -0.9917 0.0413
vn 0.0328 -0.9994 0.0112
vn -0.0328 -0.9994 -0.0112
vn -0.1216 -0.9917 -0.0413
vn -0.4121 -0.9003 -0.1399
vn -0.4269 0.9003 -0.0849
vn -0.1260 0.9917 -0.0251
vn -0.0340 0.9994 -0.0068
vn 0.0340 0.9994 0.0068
vn 0.1260 0.9917 0.0251
vn 0.4269 0.9003 0.0849
vn 0.4269 -0.9003 0.0849
vn 0.1260 -0.9917 0.0251
vn 0.0340 -0.9994 0.0068
vn -0.0340 -0.9994 -0.0068
vn -0.1260 -0.9917 -0.0251
vn -0.4269 -0.9003 -0.0849
vn -0.4343 0.9003 -0.0285
vn -0.1282 0.9917 -0.0084
vn -0.0346 0.9994 -0.0023
vn 0.0346 0.9994 0.0023
vn 0.1282 0.9917 0.0084
vn 0.4343 0.9003 0.0285
vn 0.4343 -0.9003 0.0285
vn 0.1282 -0.9917 0.0084
vn 0.0346 -0.9994 0.0023
vn -0.0346 -0.9994 -0.0023
vn -0.1282 -0.9917 -0.0084
vn -0.4343 -0.9003 -0.0285
vn -0.4122 0.9003 0.1399
vn -0.1216 0.9917 0.0413
vn 0.1217 -0.9917 -0.0413
vn -0.1399 0.9003 0.4121
vn 0.1399 -0.9003 -0.4122
vn -0.1399 -0.9003 0.4121
vn 0.0112 0.9994 0.0328
vn -0.0111 0.9994 -0.0328
vn -0.0111 -0.9994 -0.0328
vn 0.0112 -0.9994 0.0328
vn 0.1399 -0.9003 0.4122
vn 0.4122 0.9003 0.1399
vn 0.1216 0.9917 0.0413
vn -0.4122 0.9003 -0.1399
vn -0.1217 -0.9917 -0.0413
vn 0.4121 -0.9003 0.1399
vt 0.118066 0.060238
vt 0.118066 0.058366
vt 0.125553 0.058366
vt 0.125553 0.060238
vt 0.133040 0.058366
vt 0.133040 0.060238
vt 0.140527 0.058366
vt 0.140527 0.060238
vt 0.148014 0.058366
vt 0.148014 0.060238
vt 0.155501 0.058366
vt 0.155501 0.060238
vt 0.162988 0.058366
vt 0.162988 0.060238
vt 0.073145 0.060238
vt 0.073145 0.058366
vt 0.080632 0.058366
vt 0.080632 0.060238
vt 0.088119 0.058366
vt 0.088119 0.060238
vt 0.095606 0.058366
vt 0.095606 0.060238
vt 0.103092 0.058366
vt 0.103092 0.060238
vt 0.110579 0.058366
vt 0.110579 0.060238
vt 0.118066 0.056494
vt 0.125553 0.056494
vt 0.133040 0.056494
vt 0.140527 0.056494
vt 0.148014 0.056494
vt 0.155501 0.056494
vt 0.162988 0.056494
vt 0.073145 0.056494
vt 0.080632 0.056494
vt 0.088119 0.056494
vt 0.095606 0.056494
vt 0.103092 0.056494
vt 0.110579 0.056494
vt 0.118066 0.054623
vt 0.125553 0.054623
vt 0.133040 0.054623
vt 0.140527 0.054623
vt 0.148014 0.054623
vt 0.155501 0.054623
vt 0.162988 0.054623
vt 0.073145 0.054623
vt 0.080632 0.054623
vt 0.088119 0.054623
vt 0.095606 0.054623
vt 0.103092 0.054623
vt 0.110579 0.054623
vt 0.118066 0.052751
vt 0.125553 0.052751
vt 0.133040 0.052751
vt 0.140527 0.052751
vt 0.148014 0.052751
vt 0.155501 0.052751
vt 0.162988 0.052751
vt 0.073145 0.052751
vt 0.080632 0.052751
vt 0.088119 0.052751
vt 0.095606 0.052751
vt 0.103092 0.052751
vt 0.110579 0.052751
vt 0.118066 0.050879
vt 0.125553 0.050879
vt 0.133040 0.050879
vt 0.140527 0.050879
vt 0.148014 0.050879
vt 0.155501 0.050879
vt 0.162988 0.050879
vt 0.073145 0.050879
vt 0.080632 0.050879
vt 0.088119 0.050879
vt 0.095606 0.050879
vt 0.103092 0.050879
vt 0.110579 0.050879
vt 0.118066 0.049007
vt 0.125553 0.049007
vt 0.133040 0.049007
vt 0.140527 0.049007
vt 0.148014 0.049007
vt 0.155501 0.049007
vt 0.162988 0.049007
vt 0.073145 0.049007
vt 0.080632 0.049007
vt 0.088119 0.049007
vt 0.095606 0.049007
vt 0.103092 0.049007
vt 0.110579 0.049007
vt 0.118066 0.047136
vt 0.125553 0.047136
vt 0.133040 0.047136
vt 0.140527 0.047136
vt 0.148014 0.047136
vt 0.155501 0.047136
vt 0.162988 0.047136
vt 0.073145 0.047136
vt 0.080632 0.047136
vt 0.088119 0.047136
vt 0.095606 0.047136
vt 0.103092 0.047136
vt 0.110579 0.047136
vt 0.118066 0.045264
vt 0.125553 0.045264
vt 0.133040 0.045264
vt 0.140527 0.045264
vt 0.148014 0.045264
vt 0.155501 0.045264
vt 0.162988 0.045264
vt 0.073145 0.045264
vt 0.080632 0.045264
vt 0.088119 0.045264
vt 0.095606 0.045264
vt 0.103092 0.045264
vt 0.110579 0.045264
vt 0.118066 0.043392
vt 0.125553 0.043392
vt 0.133040 0.043392
vt 0.140527 0.043392
vt 0.148014 0.043392
vt 0.155501 0.043392
vt 0.162988 0.043392
vt 0.073145 0.043392
vt 0.080632 0.043392
vt 0.088119 0.043392
vt 0.095606 0.043392
vt 0.103092 0.043392
vt 0.110579 0.043392
vt 0.118066 0.041521
vt 0.125553 0.041521
vt 0.133040 0.041521
vt 0.140527 0.041521
vt 0.148014 0.041521
vt 0.155501 0.041521
vt 0.162988 0.041521
vt 0.073145 0.041521
vt 0.080632 0.041521
vt 0.088119 0.041521
vt 0.095606 0.041521
vt 0.103092 0.041521
vt 0.110579 0.041521
vt 0.118066 0.039649
vt 0.125553 0.039649
vt 0.133040 0.039649
vt 0.140527 0.039649
vt 0.148014 0.039649
vt 0.155501 0.039649
vt 0.162988 0.039649
vt 0.073145 0.039649
vt 0.080632 0.039649
vt 0.088119 0.039649
vt 0.095606 0.039649
vt 0.103092 0.039649
vt 0.110579 0.039649
vt 0.118066 0.037777
vt 0.125553 0.037777
vt 0.133040 0.037777
vt 0.140527 0.037777
vt 0.148014 0.037777
vt 0.155501 0.037777
vt 0.162988 0.037777
vt 0.073145 0.037777
vt 0.080632 0.037777
vt 0.088119 0.037777
vt 0.095606 0.037777
vt 0.103092 0.037777
vt 0.110579 0.037777
vt 0.118066 0.035905
vt 0.125553 0.035905
vt 0.133040 0.035905
vt 0.140527 0.035905
vt 0.148014 0.035905
vt 0.155501 0.035905
vt 0.162988 0.035905
vt 0.073145 0.035905
vt 0.080632 0.035905
vt 0.088119 0.035905
vt 0.095606 0.035905
vt 0.103092 0.035905
vt 0.110579 0.035905
vt 0.118066 0.034034
vt 0.125553 0.034034
vt 0.133040 0.034034
vt 0.140527 0.034034
vt 0.148014 0.034034
vt 0.155501 0.034034
vt 0.162988 0.034034
vt 0.073145 0.034034
vt 0.080632 0.034034
vt 0.088119 0.034034
vt 0.095606 0.034034
vt 0.103092 0.034034
vt 0.110579 0.034034
vt 0.118066 0.032162
vt 0.125553 0.032162
vt 0.133040 0.032162
vt 0.140527 0.032162
vt 0.148014 0.032162
vt 0.155501 0.032162
vt 0.162988 0.032162
vt 0.073145 0.032162
vt 0.080632 0.032162
vt 0.088119 0.032162
vt 0.095606 0.032162
vt 0.103092 0.032162
vt 0.110579 0.032162
vt 0.118066 0.030290
vt 0.125553 0.030290
vt 0.133040 0.030290
vt 0.140527 0.030290
vt 0.148014 0.030290
vt 0.155501 0.030290
vt 0.162988 0.030290
vt 0.073145 0.030290
vt 0.080632 0.030290
vt 0.088119 0.030290
vt 0.095606 0.030290
vt 0.103092 0.030290
vt 0.110579 0.030290
vt 0.118066 0.028418
vt 0.125553 0.028418
vt 0.133040 0.028418
vt 0.140527 0.028418
vt 0.148014 0.028418
vt 0.155501 0.028418
vt 0.162988 0.028418
vt 0.073145 0.028418
vt 0.080632 0.028418
vt 0.088119 0.028418
vt 0.095606 0.028418
vt 0.103092 0.028418
vt 0.110579 0.028418
vt 0.118066 0.026547
vt 0.125553 0.026547
vt 0.133040 0.026547
vt 0.140527 0.026547
vt 0.148014 0.026547
vt 0.155501 0.026547
vt 0.162988 0.026547
vt 0.073145 0.026547
vt 0.080632 0.026547
vt 0.088119 0.026547
vt 0.095606 0.026547
vt 0.103092 0.026547
vt 0.110579 0.026547
vt 0.118066 0.024675
vt 0.125553 0.024675
vt 0.133040 0.024675
vt 0.140527 0.024675
vt 0.148014 0.024675
vt 0.155501 0.024675
vt 0.162988 0.024675
vt 0.073145 0.024675
vt 0.080632 0.024675
vt 0.088119 0.024675
vt 0.095606 0.024675
vt 0.103092 0.024675
vt 0.110579 0.024675
vt 0.118066 0.022803
vt 0.125553 0.022803
vt 0.133040 0.022803
vt 0.140527 0.022803
vt 0.148014 0.022803
vt 0.155501 0.022803
vt 0.162988 0.022803
vt 0.073145 0.022803
vt 0.080632 0.022803
vt 0.088119 0.022803
vt 0.095606 0.022803
vt 0.103092 0.022803
vt 0.110579 0.022803
vt 0.118066 0.020932
vt 0.125553 0.020932
vt 0.133040 0.020932
vt 0.140527 0.020932
vt 0.148014 0.020932
vt 0.155501 0.020932
vt 0.162988 0.020932
vt 0.073145 0.020932
vt 0.080632 0.020932
vt 0.088119 0.020932
vt 0.095606 0.020932
vt 0.103092 0.020932
vt 0.110579 0.020932
vt 0.118066 0.019060
vt 0.125553 0.019060
vt 0.133040 0.019060
vt 0.140527 0.019060
vt 0.148014 0.019060
vt 0.155501 0.019060
vt 0.162988 0.019060
vt 0.073145 0.019060
vt 0.080632 0.019060
vt 0.088119 0.019060
vt 0.095606 0.019060
vt 0.103092 0.019060
vt 0.110579 0.019060
vt 0.118066 0.017188
vt 0.125553 0.017188
vt 0.133040 0.017188
vt 0.140527 0.017188
vt 0.148014 0.017188
vt 0.155501 0.017188
vt 0.162988 0.017188
vt 0.073145 0.017188
vt 0.080632 0.017188
vt 0.088119 0.017188
vt 0.095606 0.017188
vt 0.103092 0.017188
vt 0.110579 0.017188
vt 0.118066 0.015316
vt 0.125553 0.015316
vt 0.133040 0.015316
vt 0.140527 0.015316
vt 0.148014 0.015316
vt 0.155501 0.015316
vt 0.162988 0.015316
vt 0.073145 0.015316
vt 0.080632 0.015316
vt 0.088119 0.015316
vt 0.095606 0.015316
vt 0.103092 0.015316
vt 0.110579 0.015316
vt 0.118066 0.105159
vt 0.118066 0.103287
vt 0.125553 0.103287
vt 0.125553 0.105159
vt 0.133040 0.103287
vt 0.133040 0.105159
vt 0.140527 0.103287
vt 0.140527 0.105159
vt 0.148014 0.103287
vt 0.148014 0.105159
vt 0.155501 0.103287
vt 0.155501 0.105159
vt 0.162988 0.103287
vt 0.162988 0.105159
vt 0.073145 0.105159
vt 0.073145 0.103287
vt 0.080632 0.103287
vt 0.080632 0.105159
vt 0.088119 0.103287
vt 0.088119 0.105159
vt 0.095606 0.103287
vt 0.095606 0.105159
vt 0.103092 0.103287
vt 0.103092 0.105159
vt 0.110579 0.103287
vt 0.110579 0.105159
vt 0.118066 0.101416
vt 0.125553 0.101416
vt 0.133040 0.101416
vt 0.140527 0.101416
vt 0.148014 0.101416
vt 0.155501 0.101416
vt 0.162988 0.101416
vt 0.073145 0.101416
vt 0.080632 0.101416
vt 0.088119 0.101416
vt 0.095606 0.101416
vt 0.103092 0.101416
vt 0.110579 0.101416
vt 0.118066 0.099544
vt 0.125553 0.099544
vt 0.133040 0.099544
vt 0.140527 0.099544
vt 0.148014 0.099544
vt 0.155501 0.099544
vt 0.162988 0.099544
vt 0.073145 0.099544
vt 0.080632 0.099544
vt 0.088119 0.099544
vt 0.095606 0.099544
vt 0.103092 0.099544
vt 0.110579 0.099544
vt 0.118066 0.097672
vt 0.125553 0.097672
vt 0.133040 0.097672
vt 0.140527 0.097672
vt 0.148014 0.097672
vt 0.155501 0.097672
vt 0.162988 0.097672
vt 0.073145 0.097672
vt 0.080632 0.097672
vt 0.088119 0.097672
vt 0.095606 0.097672
vt 0.103092 0.097672
vt 0.110579 0.097672
vt 0.118066 0.095801
vt 0.125553 0.095801
vt 0.133040 0.095801
vt 0.140527 0.095801
vt 0.148014 0.095801
vt 0.155501 0.095801
vt 0.162988 0.095801
vt 0.073145 0.095801
vt 0.080632 0.095801
vt 0.088119 0.095801
vt 0.095606 0.095801
vt 0.103092 0.095801
vt 0.110579 0.095801
vt 0.118066 0.093929
vt 0.125553 0.093929
vt 0.133040 0.093929
vt 0.140527 0.093929
vt 0.148014 0.093929
vt 0.155501 0.093929
vt 0.162988 0.093929
vt 0.073145 0.093929
vt 0.080632 0.093929
vt 0.088119 0.093929
vt 0.095606 0.093929
vt 0.103092 0.093929
vt 0.110579 0.093929
vt 0.118066 0.092057
vt 0.125553 0.092057
vt 0.133040 0.092057
vt 0.140527 0.092057
vt 0.148014 0.092057
vt 0.155501 0.092057
vt 0.162988 0.092057
vt 0.073145 0.092057
vt 0.080632 0.092057
vt 0.088119 0.092057
vt 0.095606 0.092057
vt 0.103092 0.092057
vt 0.110579 0.092057
vt 0.118066 0.090185
vt 0.125553 0.090185
vt 0.133040 0.090185
vt 0.140527 0.090185
vt 0.148014 0.090185
vt 0.155501 0.090185
vt 0.162988 0.090185
vt 0.073145 0.090185
vt 0.080632 0.090185
vt 0.088119 0.090185
vt 0.095606 0.090185
vt 0.103092 0.090185
vt 0.110579 0.090185
vt 0.118066 0.088314
vt 0.125553 0.088314
vt 0.133040 0.088314
vt 0.140527 0.088314
vt 0.148014 0.088314
vt 0.155501 0.088314
vt 0.162988 0.088314
vt 0.073145 0.088314
vt 0.080632 0.088314
vt 0.088119 0.088314
vt 0.095606 0.088314
vt 0.103092 0.088314
vt 0.110579 0.088314
vt 0.118066 0.086442
vt 0.125553 0.086442
vt 0.133040 0.086442
vt 0.140527 0.086442
vt 0.148014 0.086442
vt 0.155501 0.086442
vt 0.162988 0.086442
vt 0.073145 0.086442
vt 0.080632 0.086442
vt 0.088119 0.086442
vt 0.095606 0.086442
vt 0.103092 0.086442
vt 0.110579 0.086442
vt 0.118066 0.084570
vt 0.125553 0.084570
vt 0.133040 0.084570
vt 0.140527 0.084570
vt 0.148014 0.084570
vt 0.155501 0.084570
vt 0.162988 0.084570
vt 0.073145 0.084570
vt 0.080632 0.084570
vt 0.088119 0.084570
vt 0.095606 0.084570
vt 0.103092 0.084570
vt 0.110579 0.084570
vt 0.118066 0.082698
vt 0.125553 0.082698
vt 0.133040 0.082698
vt 0.140527 0.082698
vt 0.148014 0.082698
vt 0.155501 0.082698
vt 0.162988 0.082698
vt 0.073145 0.082698
vt 0.080632 0.082698
vt 0.088119 0.082698
vt 0.095606 0.082698
vt 0.103092 0.082698
vt 0.110579 0.082698
vt 0.118066 0.080827
vt 0.125553 0.080827
vt 0.133040 0.080827
vt 0.140527 0.080827
vt 0.148014 0.080827
vt 0.155501 0.080827
vt 0.162988 0.080827
vt 0.073145 0.080827
vt 0.080632 0.080827
vt 0.088119 0.080827
vt 0.095606 0.080827
vt 0.103092 0.080827
vt 0.110579 0.080827
vt 0.118066 0.078955
vt 0.125553 0.078955
vt 0.133040 0.078955
vt 0.140527 0.078955
vt 0.148014 0.078955
vt 0.155501 0.078955
vt 0.162988 0.078955
vt 0.073145 0.078955
vt 0.080632 0.078955
vt 0.088119 0.078955
vt 0.095606 0.078955
vt 0.103092 0.078955
vt 0.110579 0.078955
vt 0.118066 0.077083
vt 0.125553 0.077083
vt 0.133040 0.077083
vt 0.140527 0.077083
vt 0.148014 0.077083
vt 0.155501 0.077083
vt 0.162988 0.077083
vt 0.073145 0.077083
vt 0.080632 0.077083
vt 0.088119 0.077083
vt 0.095606 0.077083
vt 0.103092 0.077083
vt 0.110579 0.077083
vt 0.118066 0.075212
vt 0.125553 0.075212
vt 0.133040 0.075212
vt 0.140527 0.075212
vt 0.148014 0.075212
vt 0.155501 0.075212
vt 0.162988 0.075212
vt 0.073145 0.075212
vt 0.080632 0.075212
vt 0.088119 0.075212
vt 0.095606 0.075212
vt 0.103092 0.075212
vt 0.110579 0.075212
vt 0.118066 0.073340
vt 0.125553 0.073340
vt 0.133040 0.073340
vt 0.140527 0.073340
vt 0.148014 0.073340
vt 0.155501 0.073340
vt 0.162988 0.073340
vt 0.073145 0.073340
vt 0.080632 0.073340
vt 0.088119 0.073340
vt 0.095606 0.073340
vt 0.103092 0.073340
vt 0.110579 0.073340
vt 0.118066 0.071468
vt 0.125553 0.071468
vt 0.133040 0.071468
vt 0.140527 0.071468
vt 0.148014 0.071468
vt 0.155501 0.071468
vt 0.162988 0.071468
vt 0.073145 0.071468
vt 0.080632 0.071468
vt 0.088119 0.071468
vt 0.095606 0.071468
vt 0.103092 0.071468
vt 0.110579 0.071468
vt 0.118066 0.069596
vt 0.125553 0.069596
vt 0.133040 0.069596
vt 0.140527 0.069596
vt 0.148014 0.069596
vt 0.155501 0.069596
vt 0.162988 0.069596
vt 0.073145 0.069596
vt 0.080632 0.069596
vt 0.088119 0.069596
vt 0.095606 0.069596
vt 0.103092 0.069596
vt 0.110579 0.069596
vt 0.118066 0.067725
vt 0.125553 0.067725
vt 0.133040 0.067725
vt 0.140527 0.067725
vt 0.148014 0.067725
vt 0.155501 0.067725
vt 0.162988 0.067725
vt 0.073145 0.067725
vt 0.080632 0.067725
vt 0.088119 0.067725
vt 0.095606 0.067725
vt 0.103092 0.067725
vt 0.110579 0.067725
vt 0.118066 0.065853
vt 0.125553 0.065853
vt 0.133040 0.065853
vt 0.140527 0.065853
vt 0.148014 0.065853
vt 0.155501 0.065853
vt 0.162988 0.065853
vt 0.073145 0.065853
vt 0.080632 0.065853
vt 0.088119 0.065853
vt 0.095606 0.065853
vt 0.103092 0.065853
vt 0.110579 0.065853
vt 0.118066 0.063981
vt 0.125553 0.063981
vt 0.133040 0.063981
vt 0.140527 0.063981
vt 0.148014 0.063981
vt 0.155501 0.063981
vt 0.162988 0.063981
vt 0.073145 0.063981
vt 0.080632 0.063981
vt 0.088119 0.063981
vt 0.095606 0.063981
vt 0.103092 0.063981
vt 0.110579 0.063981
vt 0.118066 0.062110
vt 0.125553 0.062110
vt 0.133040 0.062110
vt 0.140527 0.062110
vt 0.148014 0.062110
vt 0.155501 0.062110
vt 0.162988 0.062110
vt 0.073145 0.062110
vt 0.080632 0.062110
vt 0.088119 0.062110
vt 0.095606 0.062110
vt 0.103092 0.062110
vt 0.110579 0.062110
s 0
usemtl マテリアル.005
f 2211/2471/1387 2223/2472/1387 2224/2473/1387 2212/2474/1387
f 2212/2474/1388 2224/2473/1388 2225/2475/1388 2213/2476/1388
f 2213/2476/1389 2225/2475/1389 2226/2477/1389 2214/2478/1389
f 2214/2478/1390 2226/2477/1390 2227/2479/1390 2215/2480/1390
f 2215/2480/1391 2227/2479/1391 2228/2481/1391 2216/2482/1391
f 2216/2482/1392 2228/2481/1392 2229/2483/1392 2217/2484/1392
f 2217/2485/1393 2229/2486/1393 2230/2487/1393 2218/2488/1393
f 2218/2488/1394 2230/2487/1394 2231/2489/1394 2219/2490/1394
f 2219/2490/1395 2231/2489/1395 2232/2491/1395 2220/2492/1395
f 2220/2492/1396 2232/2491/1396 2233/2493/1396 2221/2494/1396
f 2221/2494/1397 2233/2493/1397 2234/2495/1397 2222/2496/1397
f 2222/2496/1398 2234/2495/1398 2223/2472/1398 2211/2471/1398
f 2223/2472/1399 2235/2497/1399 2236/2498/1399 2224/2473/1399
f 2224/2473/1400 2236/2498/1400 2237/2499/1400 2225/2475/1400
f 2225/2475/1401 2237/2499/1401 2238/2500/1401 2226/2477/1401
f 2226/2477/1402 2238/2500/1402 2239/2501/1402 2227/2479/1402
f 2227/2479/1403 2239/2501/1403 2240/2502/1403 2228/2481/1403
f 2228/2481/1404 2240/2502/1404 2241/2503/1404 2229/2483/1404
f 2229/2486/1405 2241/2504/1405 2242/2505/1405 2230/2487/1405
f 2230/2487/1406 2242/2505/1406 2243/2506/1406 2231/2489/1406
f 2231/2489/1407 2243/2506/1407 2244/2507/1407 2232/2491/1407
f 2232/2491/1408 2244/2507/1408 2245/2508/1408 2233/2493/1408
f 2233/2493/1409 2245/2508/1409 2246/2509/1409 2234/2495/1409
f 2234/2495/1410 2246/2509/1410 2235/2497/1410 2223/2472/1410
f 2235/2497/1411 2247/2510/1411 2248/2511/1411 2236/2498/1411
f 2236/2498/1412 2248/2511/1412 2249/2512/1412 2237/2499/1412
f 2237/2499/1413 2249/2512/1413 2250/2513/1413 2238/2500/1413
f 2238/2500/1414 2250/2513/1414 2251/2514/1414 2239/2501/1414
f 2239/2501/1415 2251/2514/1415 2252/2515/1415 2240/2502/1415
f 2240/2502/1416 2252/2515/1416 2253/2516/1416 2241/2503/1416
f 2241/2504/1417 2253/2517/1417 2254/2518/1417 2242/2505/1417
f 2242/2505/1418 2254/2518/1418 2255/2519/1418 2243/2506/1418
f 2243/2506/1419 2255/2519/1419 2256/2520/1419 2244/2507/1419
f 2244/2507/1420 2256/2520/1420 2257/2521/1420 2245/2508/1420
f 2245/2508/1421 2257/2521/1421 2258/2522/1421 2246/2509/1421
f 2246/2509/1422 2258/2522/1422 2247/2510/1422 2235/2497/1422
f 2247/2510/1423 2259/2523/1423 2260/2524/1423 2248/2511/1423
f 2248/2511/1424 2260/2524/1424 2261/2525/1424 2249/2512/1424
f 2249/2512/1425 2261/2525/1425 2262/2526/1425 2250/2513/1425
f 2250/2513/1426 2262/2526/1426 2263/2527/1426 2251/2514/1426
f 2251/2514/1427 2263/2527/1427 2264/2528/1427 2252/2515/1427
f 2252/2515/1428 2264/2528/1428 2265/2529/1428 2253/2516/1428
f 2253/2517/1429 2265/2530/1429 2266/2531/1429 2254/2518/1429
f 2254/2518/1430 2266/2531/1430 2267/2532/1430 2255/2519/1430
f 2255/2519/1431 2267/2532/1431 2268/2533/1431 2256/2520/1431
f 2256/2520/1432 2268/2533/1432 2269/2534/1432 2257/2521/1432
f 2257/2521/1433 2269/2534/1433 2270/2535/1433 2258/2522/1433
f 2258/2522/1434 2270/2535/1434 2259/2523/1434 2247/2510/1434
f 2259/2523/1435 2271/2536/1435 2272/2537/1435 2260/2524/1435
f 2260/2524/1436 2272/2537/1436 2273/2538/1436 2261/2525/1436
f 2261/2525/1437 2273/2538/1437 2274/2539/1437 2262/2526/1437
f 2262/2526/1438 2274/2539/1438 2275/2540/1438 2263/2527/1438
f 2263/2527/1439 2275/2540/1439 2276/2541/1439 2264/2528/1439
f 2264/2528/1440 2276/2541/1440 2277/2542/1440 2265/2529/1440
f 2265/2530/1441 2277/2543/1441 2278/2544/1441 2266/2531/1441
f 2266/2531/1442 2278/2544/1442 2279/2545/1442 2267/2532/1442
f 2267/2532/1443 2279/2545/1443 2280/2546/1443 2268/2533/1443
f 2268/2533/1444 2280/2546/1444 2281/2547/1444 2269/2534/1444
f 2269/2534/1445 2281/2547/1445 2282/2548/1445 2270/2535/1445
f 2270/2535/1446 2282/2548/1446 2271/2536/1446 2259/2523/1446
f 2271/2536/1447 2283/2549/1447 2284/2550/1447 2272/2537/1447
f 2272/2537/1448 2284/2550/1448 2285/2551/1448 2273/2538/1448
f 2273/2538/1449 2285/2551/1449 2286/2552/1449 2274/2539/1449
f 2274/2539/1450 2286/2552/1450 2287/2553/1450 2275/2540/1450
f 2275/2540/1451 2287/2553/1451 2288/2554/1451 2276/2541/1451
f 2276/2541/1452 2288/2554/1452 2289/2555/1452 2277/2542/1452
f 2277/2543/1453 2289/2556/1453 2290/2557/1453 2278/2544/1453
f 2278/2544/1454 2290/2557/1454 2291/2558/1454 2279/2545/1454
f 2279/2545/1455 2291/2558/1455 2292/2559/1455 2280/2546/1455
f 2280/2546/1456 2292/2559/1456 2293/2560/1456 2281/2547/1456
f 2281/2547/1457 2293/2560/1457 2294/2561/1457 2282/2548/1457
f 2282/2548/1458 2294/2561/1458 2283/2549/1458 2271/2536/1458
f 2283/2549/1459 2295/2562/1459 2296/2563/1459 2284/2550/1459
f 2284/2550/1460 2296/2563/1460 2297/2564/1460 2285/2551/1460
f 2285/2551/1461 2297/2564/1461 2298/2565/1461 2286/2552/1461
f 2286/2552/1462 2298/2565/1462 2299/2566/1462 2287/2553/1462
f 2287/2553/1463 2299/2566/1463 2300/2567/1463 2288/2554/1463
f 2288/2554/1464 2300/2567/1464 2301/2568/1464 2289/2555/1464
f 2289/2556/1465 2301/2569/1465 2302/2570/1465 2290/2557/1465
f 2290/2557/1466 2302/2570/1466 2303/2571/1466 2291/2558/1466
f 2291/2558/1467 2303/2571/1467 2304/2572/1467 2292/2559/1467
f 2292/2559/1468 2304/2572/1468 2305/2573/1468 2293/2560/1468
f 2293/2560/1469 2305/2573/1469 2306/2574/1469 2294/2561/1469
f 2294/2561/1470 2306/2574/1470 2295/2562/1470 2283/2549/1470
f 2295/2562/1471 2307/2575/1471 2308/2576/1471 2296/2563/1471
f 2296/2563/1472 2308/2576/1472 2309/2577/1472 2297/2564/1472
f 2297/2564/1473 2309/2577/1473 2310/2578/1473 2298/2565/1473
f 2298/2565/1474 2310/2578/1474 2311/2579/1474 2299/2566/1474
f 2299/2566/1475 2311/2579/1475 2312/2580/1475 2300/2567/1475
f 2300/2567/1476 2312/2580/1476 2313/2581/1476 2301/2568/1476
f 2301/2569/1477 2313/2582/1477 2314/2583/1477 2302/2570/1477
f 2302/2570/1478 2314/2583/1478 2315/2584/1478 2303/2571/1478
f 2303/2571/1479 2315/2584/1479 2316/2585/1479 2304/2572/1479
f 2304/2572/1480 2316/2585/1480 2317/2586/1480 2305/2573/1480
f 2305/2573/1481 2317/2586/1481 2318/2587/1481 2306/2574/1481
f 2306/2574/1482 2318/2587/1482 2307/2575/1482 2295/2562/1482
f 2307/2575/1483 2319/2588/1483 2320/2589/1483 2308/2576/1483
f 2308/2576/1484 2320/2589/1484 2321/2590/1484 2309/2577/1484
f 2309/2577/1485 2321/2590/1485 2322/2591/1485 2310/2578/1485
f 2310/2578/1486 2322/2591/1486 2323/2592/1486 2311/2579/1486
f 2311/2579/1487 2323/2592/1487 2324/2593/1487 2312/2580/1487
f 2312/2580/1488 2324/2593/1488 2325/2594/1488 2313/2581/1488
f 2313/2582/1489 2325/2595/1489 2326/2596/1489 2314/2583/1489
f 2314/2583/1490 2326/2596/1490 2327/2597/1490 2315/2584/1490
f 2315/2584/1491 2327/2597/1491 2328/2598/1491 2316/2585/1491
f 2316/2585/1492 2328/2598/1492 2329/2599/1492 2317/2586/1492
f 2317/2586/1493 2329/2599/1493 2330/2600/1493 2318/2587/1493
f 2318/2587/1494 2330/2600/1494 2319/2588/1494 2307/2575/1494
f 2319/2588/1495 2331/2601/1495 2332/2602/1495 2320/2589/1495
f 2320/2589/1496 2332/2602/1496 2333/2603/1496 2321/2590/1496
f 2321/2590/1497 2333/2603/1497 2334/2604/1497 2322/2591/1497
f 2322/2591/1498 2334/2604/1498 2335/2605/1498 2323/2592/1498
f 2323/2592/1499 2335/2605/1499 2336/2606/1499 2324/2593/1499
f 2324/2593/1500 2336/2606/1500 2337/2607/1500 2325/2594/1500
f 2325/2595/1501 2337/2608/1501 2338/2609/1501 2326/2596/1501
f 2326/2596/1502 2338/2609/1502 2339/2610/1502 2327/2597/1502
f 2327/2597/1503 2339/2610/1503 2340/2611/1503 2328/2598/1503
f 2328/2598/1504 2340/2611/1504 2341/2612/1504 2329/2599/1504
f 2329/2599/1505 2341/2612/1505 2342/2613/1505 2330/2600/1505
f 2330/2600/1506 2342/2613/1506 2331/2601/1506 2319/2588/1506
f 2331/2601/1507 2343/2614/1507 2344/2615/1507 2332/2602/1507
f 2332/2602/1508 2344/2615/1508 2345/2616/1508 2333/2603/1508
f 2333/2603/1509 2345/2616/1509 2346/2617/1509 2334/2604/1509
f 2334/2604/1510 2346/2617/1510 2347/2618/1510 2335/2605/1510
f 2335/2605/1511 2347/2618/1511 2348/2619/1511 2336/2606/1511
f 2336/2606/1512 2348/2619/1512 2349/2620/1512 2337/2607/1512
f 2337/2608/1513 2349/2621/1513 2350/2622/1513 2338/2609/1513
f 2338/2609/1514 2350/2622/1514 2351/2623/1514 2339/2610/1514
f 2339/2610/1515 2351/2623/1515 2352/2624/1515 2340/2611/1515
f 2340/2611/1516 2352/2624/1516 2353/2625/1516 2341/2612/1516
f 2341/2612/1517 2353/2625/1517 2354/2626/1517 2342/2613/1517
f 2342/2613/1518 2354/2626/1518 2343/2614/1518 2331/2601/1518
f 2343/2614/1519 2355/2627/1519 2356/2628/1519 2344/2615/1519
f 2344/2615/1520 2356/2628/1520 2357/2629/1520 2345/2616/1520
f 2345/2616/1521 2357/2629/1521 2358/2630/1521 2346/2617/1521
f 2346/2617/1522 2358/2630/1522 2359/2631/1522 2347/2618/1522
f 2347/2618/1523 2359/2631/1523 2360/2632/1523 2348/2619/1523
f 2348/2619/1524 2360/2632/1524 2361/2633/1524 2349/2620/1524
f 2349/2621/1525 2361/2634/1525 2362/2635/1525 2350/2622/1525
f 2350/2622/1526 2362/2635/1526 2363/2636/1526 2351/2623/1526
f 2351/2623/1527 2363/2636/1527 2364/2637/1527 2352/2624/1527
f 2352/2624/1528 2364/2637/1528 2365/2638/1528 2353/2625/1528
f 2353/2625/1529 2365/2638/1529 2366/2639/1529 2354/2626/1529
f 2354/2626/1530 2366/2639/1530 2355/2627/1530 2343/2614/1530
f 2355/2627/1531 2367/2640/1531 2368/2641/1531 2356/2628/1531
f 2356/2628/1532 2368/2641/1532 2369/2642/1532 2357/2629/1532
f 2357/2629/1533 2369/2642/1533 2370/2643/1533 2358/2630/1533
f 2358/2630/1534 2370/2643/1534 2371/2644/1534 2359/2631/1534
f 2359/2631/1535 2371/2644/1535 2372/2645/1535 2360/2632/1535
f 2360/2632/1536 2372/2645/1536 2373/2646/1536 2361/2633/1536
f 2361/2634/1537 2373/2647/1537 2374/2648/1537 2362/2635/1537
f 2362/2635/1538 2374/2648/1538 2375/2649/1538 2363/2636/1538
f 2363/2636/1539 2375/2649/1539 2376/2650/1539 2364/2637/1539
f 2364/2637/1540 2376/2650/1540 2377/2651/1540 2365/2638/1540
f 2365/2638/1541 2377/2651/1541 2378/2652/1541 2366/2639/1541
f 2366/2639/1542 2378/2652/1542 2367/2640/1542 2355/2627/1542
f 2367/2640/1543 2379/2653/1543 2380/2654/1543 2368/2641/1543
f 2368/2641/1544 2380/2654/1544 2381/2655/1544 2369/2642/1544
f 2369/2642/1545 2381/2655/1545 2382/2656/1545 2370/2643/1545
f 2370/2643/1546 2382/2656/1546 2383/2657/1546 2371/2644/1546
f 2371/2644/1547 2383/2657/1547 2384/2658/1547 2372/2645/1547
f 2372/2645/1548 2384/2658/1548 2385/2659/1548 2373/2646/1548
f 2373/2647/1549 2385/2660/1549 2386/2661/1549 2374/2648/1549
f 2374/2648/1550 2386/2661/1550 2387/2662/1550 2375/2649/1550
f 2375/2649/1551 2387/2662/1551 2388/2663/1551 2376/2650/1551
f 2376/2650/1552 2388/2663/1552 2389/2664/1552 2377/2651/1552
f 2377/2651/1553 2389/2664/1553 2390/2665/1553 2378/2652/1553
f 2378/2652/1554 2390/2665/1554 2379/2653/1554 2367/2640/1554
f 2379/2653/1555 2391/2666/1555 2392/2667/1555 2380/2654/1555
f 2380/2654/1556 2392/2667/1556 2393/2668/1556 2381/2655/1556
f 2381/2655/1557 2393/2668/1557 2394/2669/1557 2382/2656/1557
f 2382/2656/1558 2394/2669/1558 2395/2670/1558 2383/2657/1558
f 2383/2657/1559 2395/2670/1559 2396/2671/1559 2384/2658/1559
f 2384/2658/1560 2396/2671/1560 2397/2672/1560 2385/2659/1560
f 2385/2660/1561 2397/2673/1561 2398/2674/1561 2386/2661/1561
f 2386/2661/1562 2398/2674/1562 2399/2675/1562 2387/2662/1562
f 2387/2662/1563 2399/2675/1563 2400/2676/1563 2388/2663/1563
f 2388/2663/1564 2400/2676/1564 2401/2677/1564 2389/2664/1564
f 2389/2664/1565 2401/2677/1565 2402/2678/1565 2390/2665/1565
f 2390/2665/1566 2402/2678/1566 2391/2666/1566 2379/2653/1566
f 2391/2666/1567 2403/2679/1567 2404/2680/1567 2392/2667/1567
f 2392/2667/1568 2404/2680/1568 2405/2681/1568 2393/2668/1568
f 2393/2668/1569 2405/2681/1569 2406/2682/1569 2394/2669/1569
f 2394/2669/1570 2406/2682/1570 2407/2683/1570 2395/2670/1570
f 2395/2670/1571 2407/2683/1571 2408/2684/1571 2396/2671/1571
f 2396/2671/1572 2408/2684/1572 2409/2685/1572 2397/2672/1572
f 2397/2673/1573 2409/2686/1573 2410/2687/1573 2398/2674/1573
f 2398/2674/1574 2410/2687/1574 2411/2688/1574 2399/2675/1574
f 2399/2675/1575 2411/2688/1575 2412/2689/1575 2400/2676/1575
f 2400/2676/1576 2412/2689/1576 2413/2690/1576 2401/2677/1576
f 2401/2677/1577 2413/2690/1577 2414/2691/1577 2402/2678/1577
f 2402/2678/1578 2414/2691/1578 2403/2679/1578 2391/2666/1578
f 2403/2679/1579 2415/2692/1579 2416/2693/1579 2404/2680/1579
f 2404/2680/1580 2416/2693/1580 2417/2694/1580 2405/2681/1580
f 2405/2681/1581 2417/2694/1581 2418/2695/1581 2406/2682/1581
f 2406/2682/1582 2418/2695/1582 2419/2696/1582 2407/2683/1582
f 2407/2683/1583 2419/2696/1583 2420/2697/1583 2408/2684/1583
f 2408/2684/1584 2420/2697/1584 2421/2698/1584 2409/2685/1584
f 2409/2686/1585 2421/2699/1585 2422/2700/1585 2410/2687/1585
f 2410/2687/1586 2422/2700/1586 2423/2701/1586 2411/2688/1586
f 2411/2688/1587 2423/2701/1587 2424/2702/1587 2412/2689/1587
f 2412/2689/1588 2424/2702/1588 2425/2703/1588 2413/2690/1588
f 2413/2690/1589 2425/2703/1589 2426/2704/1589 2414/2691/1589
f 2414/2691/1590 2426/2704/1590 2415/2692/1590 2403/2679/1590
f 2415/2692/1591 2427/2705/1591 2428/2706/1591 2416/2693/1591
f 2416/2693/1592 2428/2706/1592 2429/2707/1592 2417/2694/1592
f 2417/2694/1593 2429/2707/1593 2430/2708/1593 2418/2695/1593
f 2418/2695/1594 2430/2708/1594 2431/2709/1594 2419/2696/1594
f 2419/2696/1595 2431/2709/1595 2432/2710/1595 2420/2697/1595
f 2420/2697/1596 2432/2710/1596 2433/2711/1596 2421/2698/1596
f 2421/2699/1597 2433/2712/1597 2434/2713/1597 2422/2700/1597
f 2422/2700/1598 2434/2713/1598 2435/2714/1598 2423/2701/1598
f 2423/2701/1599 2435/2714/1599 2436/2715/1599 2424/2702/1599
f 2424/2702/1600 2436/2715/1600 2437/2716/1600 2425/2703/1600
f 2425/2703/1601 2437/2716/1601 2438/2717/1601 2426/2704/1601
f 2426/2704/1602 2438/2717/1602 2427/2705/1602 2415/2692/1602
f 2427/2705/1603 2439/2718/1603 2440/2719/1603 2428/2706/1603
f 2428/2706/1604 2440/2719/1604 2441/2720/1604 2429/2707/1604
f 2429/2707/1605 2441/2720/1605 2442/2721/1605 2430/2708/1605
f 2430/2708/1606 2442/2721/1606 2443/2722/1606 2431/2709/1606
f 2431/2709/1607 2443/2722/1607 2444/2723/1607 2432/2710/1607
f 2432/2710/1608 2444/2723/1608 2445/2724/1608 2433/2711/1608
f 2433/2712/1609 2445/2725/1609 2446/2726/1609 2434/2713/1609
f 2434/2713/1610 2446/2726/1610 2447/2727/1610 2435/2714/1610
f 2435/2714/1611 2447/2727/1611 2448/2728/1611 2436/2715/1611
f 2436/2715/1612 2448/2728/1612 2449/2729/1612 2437/2716/1612
f 2437/2716/1613 2449/2729/1613 2450/2730/1613 2438/2717/1613
f 2438/2717/1614 2450/2730/1614 2439/2718/1614 2427/2705/1614
f 2439/2718/1615 2451/2731/1615 2452/2732/1615 2440/2719/1615
f 2440/2719/1616 2452/2732/1616 2453/2733/1616 2441/2720/1616
f 2441/2720/1617 2453/2733/1617 2454/2734/1617 2442/2721/1617
f 2442/2721/1618 2454/2734/1618 2455/2735/1618 2443/2722/1618
f 2443/2722/1619 2455/2735/1619 2456/2736/1619 2444/2723/1619
f 2444/2723/1620 2456/2736/1620 2457/2737/1620 2445/2724/1620
f 2445/2725/1621 2457/2738/1621 2458/2739/1621 2446/2726/1621
f 2446/2726/1622 2458/2739/1622 2459/2740/1622 2447/2727/1622
f 2447/2727/1623 2459/2740/1623 2460/2741/1623 2448/2728/1623
f 2448/2728/1624 2460/2741/1624 2461/2742/1624 2449/2729/1624
f 2449/2729/1625 2461/2742/1625 2462/2743/1625 2450/2730/1625
f 2450/2730/1626 2462/2743/1626 2451/2731/1626 2439/2718/1626
f 2451/2731/1627 2463/2744/1627 2464/2745/1627 2452/2732/1627
f 2452/2732/1628 2464/2745/1628 2465/2746/1628 2453/2733/1628
f 2453/2733/1629 2465/2746/1629 2466/2747/1629 2454/2734/1629
f 2454/2734/1630 2466/2747/1630 2467/2748/1630 2455/2735/1630
f 2455/2735/1631 2467/2748/1631 2468/2749/1631 2456/2736/1631
f 2456/2736/1632 2468/2749/1632 2469/2750/1632 2457/2737/1632
f 2457/2738/1633 2469/2751/1633 2470/2752/1633 2458/2739/1633
f 2458/2739/1634 2470/2752/1634 2471/2753/1634 2459/2740/1634
f 2459/2740/1635 2471/2753/1635 2472/2754/1635 2460/2741/1635
f 2460/2741/1636 2472/2754/1636 2473/2755/1636 2461/2742/1636
f 2461/2742/1637 2473/2755/1637 2474/2756/1637 2462/2743/1637
f 2462/2743/1638 2474/2756/1638 2463/2744/1638 2451/2731/1638
f 2463/2744/1639 2475/2757/1639 2476/2758/1639 2464/2745/1639
f 2464/2745/1640 2476/2758/1640 2477/2759/1640 2465/2746/1640
f 2465/2746/1641 2477/2759/1641 2478/2760/1641 2466/2747/1641
f 2466/2747/1642 2478/2760/1642 2479/2761/1642 2467/2748/1642
f 2467/2748/1643 2479/2761/1643 2480/2762/1643 2468/2749/1643
f 2468/2749/1644 2480/2762/1644 2481/2763/1644 2469/2750/1644
f 2469/2751/1645 2481/2764/1645 2482/2765/1645 2470/2752/1645
f 2470/2752/1646 2482/2765/1646 2483/2766/1646 2471/2753/1646
f 2471/2753/1647 2483/2766/1647 2484/2767/1647 2472/2754/1647
f 2472/2754/1648 2484/2767/1648 2485/2768/1648 2473/2755/1648
f 2473/2755/1649 2485/2768/1649 2486/2769/1649 2474/2756/1649
f 2474/2756/1650 2486/2769/1650 2475/2757/1650 2463/2744/1650
f 2475/2757/1651 2487/2770/1651 2488/2771/1651 2476/2758/1651
f 2476/2758/1652 2488/2771/1652 2489/2772/1652 2477/2759/1652
f 2477/2759/1653 2489/2772/1653 2490/2773/1653 2478/2760/1653
f 2478/2760/1654 2490/2773/1654 2491/2774/1654 2479/2761/1654
f 2479/2761/1655 2491/2774/1655 2492/2775/1655 2480/2762/1655
f 2480/2762/1656 2492/2775/1656 2493/2776/1656 2481/2763/1656
f 2481/2764/1657 2493/2777/1657 2494/2778/1657 2482/2765/1657
f 2482/2765/1658 2494/2778/1658 2495/2779/1658 2483/2766/1658
f 2483/2766/1659 2495/2779/1659 2496/2780/1659 2484/2767/1659
f 2484/2767/1660 2496/2780/1660 2497/2781/1660 2485/2768/1660
f 2485/2768/1661 2497/2781/1661 2498/2782/1661 2486/2769/1661
f 2486/2769/1662 2498/2782/1662 2487/2770/1662 2475/2757/1662
f 2487/2770/1663 2499/2783/1663 2500/2784/1663 2488/2771/1663
f 2488/2771/1664 2500/2784/1664 2501/2785/1664 2489/2772/1664
f 2489/2772/1665 2501/2785/1665 2502/2786/1665 2490/2773/1665
f 2490/2773/1666 2502/2786/1666 2503/2787/1666 2491/2774/1666
f 2491/2774/1667 2503/2787/1667 2504/2788/1667 2492/2775/1667
f 2492/2775/1668 2504/2788/1668 2505/2789/1668 2493/2776/1668
f 2493/2777/1669 2505/2790/1669 2506/2791/1669 2494/2778/1669
f 2494/2778/1670 2506/2791/1670 2507/2792/1670 2495/2779/1670
f 2495/2779/1671 2507/2792/1671 2508/2793/1671 2496/2780/1671
f 2496/2780/1672 2508/2793/1672 2509/2794/1672 2497/2781/1672
f 2497/2781/1673 2509/2794/1673 2510/2795/1673 2498/2782/1673
f 2498/2782/1674 2510/2795/1674 2499/2783/1674 2487/2770/1674
f 2499/2796/1392 2511/2797/1392 2512/2798/1392 2500/2799/1392
f 2500/2799/1391 2512/2798/1391 2513/2800/1391 2501/2801/1391
f 2501/2801/1390 2513/2800/1390 2514/2802/1390 2502/2803/1390
f 2502/2803/1389 2514/2802/1389 2515/2804/1389 2503/2805/1389
f 2503/2805/1388 2515/2804/1388 2516/2806/1388 2504/2807/1388
f 2504/2807/1387 2516/2806/1387 2517/2808/1387 2505/2809/1387
f 2505/2810/1398 2517/2811/1398 2518/2812/1398 2506/2813/1398
f 2506/2813/1397 2518/2812/1397 2519/2814/1397 2507/2815/1397
f 2507/2815/1396 2519/2814/1396 2520/2816/1396 2508/2817/1396
f 2508/2817/1395 2520/2816/1395 2521/2818/1395 2509/2819/1395
f 2509/2819/1394 2521/2818/1394 2522/2820/1394 2510/2821/1394
f 2510/2821/1393 2522/2820/1393 2511/2797/1393 2499/2796/1393
f 2511/2797/1404 2523/2822/1404 2524/2823/1404 2512/2798/1404
f 2512/2798/1403 2524/2823/1403 2525/2824/1403 2513/2800/1403
f 2513/2800/1402 2525/2824/1402 2526/2825/1402 2514/2802/1402
f 2514/2802/1401 2526/2825/1401 2527/2826/1401 2515/2804/1401
f 2515/2804/1400 2527/2826/1400 2528/2827/1400 2516/2806/1400
f 2516/2806/1399 2528/2827/1399 2529/2828/1399 2517/2808/1399
f 2517/2811/1410 2529/2829/1410 2530/2830/1410 2518/2812/1410
f 2518/2812/1409 2530/2830/1409 2531/2831/1409 2519/2814/1409
f 2519/2814/1408 2531/2831/1408 2532/2832/1408 2520/2816/1408
f 2520/2816/1407 2532/2832/1407 2533/2833/1407 2521/2818/1407
f 2521/2818/1406 2533/2833/1406 2534/2834/1406 2522/2820/1406
f 2522/2820/1405 2534/2834/1405 2523/2822/1405 2511/2797/1405
f 2523/2822/1675 2535/2835/1675 2536/2836/1675 2524/2823/1675
f 2524/2823/1676 2536/2836/1676 2537/2837/1676 2525/2824/1676
f 2525/2824/1414 2537/2837/1414 2538/2838/1414 2526/2825/1414
f 2526/2825/1413 2538/2838/1413 2539/2839/1413 2527/2826/1413
f 2527/2826/1412 2539/2839/1412 2540/2840/1412 2528/2827/1412
f 2528/2827/1411 2540/2840/1411 2541/2841/1411 2529/2828/1411
f 2529/2829/1422 2541/2842/1422 2542/2843/1422 2530/2830/1422
f 2530/2830/1677 2542/2843/1677 2543/2844/1677 2531/2831/1677
f 2531/2831/1420 2543/2844/1420 2544/2845/1420 2532/2832/1420
f 2532/2832/1419 2544/2845/1419 2545/2846/1419 2533/2833/1419
f 2533/2833/1418 2545/2846/1418 2546/2847/1418 2534/2834/1418
f 2534/2834/1417 2546/2847/1417 2535/2835/1417 2523/2822/1417
f 2535/2835/1428 2547/2848/1428 2548/2849/1428 2536/2836/1428
f 2536/2836/1427 2548/2849/1427 2549/2850/1427 2537/2837/1427
f 2537/2837/1426 2549/2850/1426 2550/2851/1426 2538/2838/1426
f 2538/2838/1425 2550/2851/1425 2551/2852/1425 2539/2839/1425
f 2539/2839/1424 2551/2852/1424 2552/2853/1424 2540/2840/1424
f 2540/2840/1423 2552/2853/1423 2553/2854/1423 2541/2841/1423
f 2541/2842/1434 2553/2855/1434 2554/2856/1434 2542/2843/1434
f 2542/2843/1433 2554/2856/1433 2555/2857/1433 2543/2844/1433
f 2543/2844/1432 2555/2857/1432 2556/2858/1432 2544/2845/1432
f 2544/2845/1431 2556/2858/1431 2557/2859/1431 2545/2846/1431
f 2545/2846/1430 2557/2859/1430 2558/2860/1430 2546/2847/1430
f 2546/2847/1429 2558/2860/1429 2547/2848/1429 2535/2835/1429
f 2547/2848/1440 2559/2861/1440 2560/2862/1440 2548/2849/1440
f 2548/2849/1439 2560/2862/1439 2561/2863/1439 2549/2850/1439
f 2549/2850/1438 2561/2863/1438 2562/2864/1438 2550/2851/1438
f 2550/2851/1437 2562/2864/1437 2563/2865/1437 2551/2852/1437
f 2551/2852/1436 2563/2865/1436 2564/2866/1436 2552/2853/1436
f 2552/2853/1435 2564/2866/1435 2565/2867/1435 2553/2854/1435
f 2553/2855/1446 2565/2868/1446 2566/2869/1446 2554/2856/1446
f 2554/2856/1445 2566/2869/1445 2567/2870/1445 2555/2857/1445
f 2555/2857/1444 2567/2870/1444 2568/2871/1444 2556/2858/1444
f 2556/2858/1443 2568/2871/1443 2569/2872/1443 2557/2859/1443
f 2557/2859/1442 2569/2872/1442 2570/2873/1442 2558/2860/1442
f 2558/2860/1441 2570/2873/1441 2559/2861/1441 2547/2848/1441
f 2559/2861/1452 2571/2874/1452 2572/2875/1452 2560/2862/1452
f 2560/2862/1451 2572/2875/1451 2573/2876/1451 2561/2863/1451
f 2561/2863/1450 2573/2876/1450 2574/2877/1450 2562/2864/1450
f 2562/2864/1449 2574/2877/1449 2575/2878/1449 2563/2865/1449
f 2563/2865/1448 2575/2878/1448 2576/2879/1448 2564/2866/1448
f 2564/2866/1447 2576/2879/1447 2577/2880/1447 2565/2867/1447
f 2565/2868/1458 2577/2881/1458 2578/2882/1458 2566/2869/1458
f 2566/2869/1457 2578/2882/1457 2579/2883/1457 2567/2870/1457
f 2567/2870/1456 2579/2883/1456 2580/2884/1456 2568/2871/1456
f 2568/2871/1455 2580/2884/1455 2581/2885/1455 2569/2872/1455
f 2569/2872/1454 2581/2885/1454 2582/2886/1454 2570/2873/1454
f 2570/2873/1453 2582/2886/1453 2571/2874/1453 2559/2861/1453
f 2571/2874/1464 2583/2887/1464 2584/2888/1464 2572/2875/1464
f 2572/2875/1463 2584/2888/1463 2585/2889/1463 2573/2876/1463
f 2573/2876/1462 2585/2889/1462 2586/2890/1462 2574/2877/1462
f 2574/2877/1461 2586/2890/1461 2587/2891/1461 2575/2878/1461
f 2575/2878/1460 2587/2891/1460 2588/2892/1460 2576/2879/1460
f 2576/2879/1459 2588/2892/1459 2589/2893/1459 2577/2880/1459
f 2577/2881/1470 2589/2894/1470 2590/2895/1470 2578/2882/1470
f 2578/2882/1469 2590/2895/1469 2591/2896/1469 2579/2883/1469
f 2579/2883/1468 2591/2896/1468 2592/2897/1468 2580/2884/1468
f 2580/2884/1467 2592/2897/1467 2593/2898/1467 2581/2885/1467
f 2581/2885/1466 2593/2898/1466 2594/2899/1466 2582/2886/1466
f 2582/2886/1465 2594/2899/1465 2583/2887/1465 2571/2874/1465
f 2583/2887/1476 2595/2900/1476 2596/2901/1476 2584/2888/1476
f 2584/2888/1475 2596/2901/1475 2597/2902/1475 2585/2889/1475
f 2585/2889/1474 2597/2902/1474 2598/2903/1474 2586/2890/1474
f 2586/2890/1473 2598/2903/1473 2599/2904/1473 2587/2891/1473
f 2587/2891/1472 2599/2904/1472 2600/2905/1472 2588/2892/1472
f 2588/2892/1471 2600/2905/1471 2601/2906/1471 2589/2893/1471
f 2589/2894/1482 2601/2907/1482 2602/2908/1482 2590/2895/1482
f 2590/2895/1481 2602/2908/1481 2603/2909/1481 2591/2896/1481
f 2591/2896/1480 2603/2909/1480 2604/2910/1480 2592/2897/1480
f 2592/2897/1479 2604/2910/1479 2605/2911/1479 2593/2898/1479
f 2593/2898/1478 2605/2911/1478 2606/2912/1478 2594/2899/1478
f 2594/2899/1477 2606/2912/1477 2595/2900/1477 2583/2887/1477
f 2595/2900/1488 2607/2913/1488 2608/2914/1488 2596/2901/1488
f 2596/2901/1487 2608/2914/1487 2609/2915/1487 2597/2902/1487
f 2597/2902/1486 2609/2915/1486 2610/2916/1486 2598/2903/1486
f 2598/2903/1485 2610/2916/1485 2611/2917/1485 2599/2904/1485
f 2599/2904/1484 2611/2917/1484 2612/2918/1484 2600/2905/1484
f 2600/2905/1483 2612/2918/1483 2613/2919/1483 2601/2906/1483
f 2601/2907/1494 2613/2920/1494 2614/2921/1494 2602/2908/1494
f 2602/2908/1493 2614/2921/1493 2615/2922/1493 2603/2909/1493
f 2603/2909/1492 2615/2922/1492 2616/2923/1492 2604/2910/1492
f 2604/2910/1491 2616/2923/1491 2617/2924/1491 2605/2911/1491
f 2605/2911/1490 2617/2924/1490 2618/2925/1490 2606/2912/1490
f 2606/2912/1489 2618/2925/1489 2607/2913/1489 2595/2900/1489
f 2607/2913/1678 2619/2926/1678 2620/2927/1678 2608/2914/1678
f 2608/2914/1499 2620/2927/1499 2621/2928/1499 2609/2915/1499
f 2609/2915/1498 2621/2928/1498 2622/2929/1498 2610/2916/1498
f 2610/2916/1497 2622/2929/1497 2623/2930/1497 2611/2917/1497
f 2611/2917/1496 2623/2930/1496 2624/2931/1496 2612/2918/1496
f 2612/2918/1495 2624/2931/1495 2625/2932/1495 2613/2919/1495
f 2613/2920/1679 2625/2933/1679 2626/2934/1679 2614/2921/1679
f 2614/2921/1505 2626/2934/1505 2627/2935/1505 2615/2922/1505
f 2615/2922/1504 2627/2935/1504 2628/2936/1504 2616/2923/1504
f 2616/2923/1503 2628/2936/1503 2629/2937/1503 2617/2924/1503
f 2617/2924/1502 2629/2937/1502 2630/2938/1502 2618/2925/1502
f 2618/2925/1680 2630/2938/1680 2619/2926/1680 2607/2913/1680
f 2619/2926/1512 2631/2939/1512 2632/2940/1512 2620/2927/1512
f 2620/2927/1511 2632/2940/1511 2633/2941/1511 2621/2928/1511
f 2621/2928/1510 2633/2941/1510 2634/2942/1510 2622/2929/1510
f 2622/2929/1509 2634/2942/1509 2635/2943/1509 2623/2930/1509
f 2623/2930/1508 2635/2943/1508 2636/2944/1508 2624/2931/1508
f 2624/2931/1507 2636/2944/1507 2637/2945/1507 2625/2932/1507
f 2625/2933/1518 2637/2946/1518 2638/2947/1518 2626/2934/1518
f 2626/2934/1517 2638/2947/1517 2639/2948/1517 2627/2935/1517
f 2627/2935/1516 2639/2948/1516 2640/2949/1516 2628/2936/1516
f 2628/2936/1515 2640/2949/1515 2641/2950/1515 2629/2937/1515
f 2629/2937/1514 2641/2950/1514 2642/2951/1514 2630/2938/1514
f 2630/2938/1513 2642/2951/1513 2631/2939/1513 2619/2926/1513
f 2631/2939/1524 2643/2952/1524 2644/2953/1524 2632/2940/1524
f 2632/2940/1523 2644/2953/1523 2645/2954/1523 2633/2941/1523
f 2633/2941/1522 2645/2954/1522 2646/2955/1522 2634/2942/1522
f 2634/2942/1521 2646/2955/1521 2647/2956/1521 2635/2943/1521
f 2635/2943/1520 2647/2956/1520 2648/2957/1520 2636/2944/1520
f 2636/2944/1519 2648/2957/1519 2649/2958/1519 2637/2945/1519
f 2637/2946/1530 2649/2959/1530 2650/2960/1530 2638/2947/1530
f 2638/2947/1529 2650/2960/1529 2651/2961/1529 2639/2948/1529
f 2639/2948/1528 2651/2961/1528 2652/2962/1528 2640/2949/1528
f 2640/2949/1527 2652/2962/1527 2653/2963/1527 2641/2950/1527
f 2641/2950/1526 2653/2963/1526 2654/2964/1526 2642/2951/1526
f 2642/2951/1525 2654/2964/1525 2643/2952/1525 2631/2939/1525
f 2643/2952/1536 2655/2965/1536 2656/2966/1536 2644/2953/1536
f 2644/2953/1535 2656/2966/1535 2657/2967/1535 2645/2954/1535
f 2645/2954/1534 2657/2967/1534 2658/2968/1534 2646/2955/1534
f 2646/2955/1533 2658/2968/1533 2659/2969/1533 2647/2956/1533
f 2647/2956/1532 2659/2969/1532 2660/2970/1532 2648/2957/1532
f 2648/2957/1531 2660/2970/1531 2661/2971/1531 2649/2958/1531
f 2649/2959/1542 2661/2972/1542 2662/2973/1542 2650/2960/1542
f 2650/2960/1541 2662/2973/1541 2663/2974/1541 2651/2961/1541
f 2651/2961/1540 2663/2974/1540 2664/2975/1540 2652/2962/1540
f 2652/2962/1539 2664/2975/1539 2665/2976/1539 2653/2963/1539
f 2653/2963/1538 2665/2976/1538 2666/2977/1538 2654/2964/1538
f 2654/2964/1537 2666/2977/1537 2655/2965/1537 2643/2952/1537
f 2655/2965/1548 2667/2978/1548 2668/2979/1548 2656/2966/1548
f 2656/2966/1547 2668/2979/1547 2669/2980/1547 2657/2967/1547
f 2657/2967/1546 2669/2980/1546 2670/2981/1546 2658/2968/1546
f 2658/2968/1545 2670/2981/1545 2671/2982/1545 2659/2969/1545
f 2659/2969/1544 2671/2982/1544 2672/2983/1544 2660/2970/1544
f 2660/2970/1543 2672/2983/1543 2673/2984/1543 2661/2971/1543
f 2661/2972/1554 2673/2985/1554 2674/2986/1554 2662/2973/1554
f 2662/2973/1553 2674/2986/1553 2675/2987/1553 2663/2974/1553
f 2663/2974/1552 2675/2987/1552 2676/2988/1552 2664/2975/1552
f 2664/2975/1551 2676/2988/1551 2677/2989/1551 2665/2976/1551
f 2665/2976/1550 2677/2989/1550 2678/2990/1550 2666/2977/1550
f 2666/2977/1549 2678/2990/1549 2667/2978/1549 2655/2965/1549
f 2667/2978/1560 2679/2991/1560 2680/2992/1560 2668/2979/1560
f 2668/2979/1559 2680/2992/1559 2681/2993/1559 2669/2980/1559
f 2669/2980/1681 2681/2993/1681 2682/2994/1681 2670/2981/1681
f 2670/2981/1682 2682/2994/1682 2683/2995/1682 2671/2982/1682
f 2671/2982/1556 2683/2995/1556 2684/2996/1556 2672/2983/1556
f 2672/2983/1555 2684/2996/1555 2685/2997/1555 2673/2984/1555
f 2673/2985/1566 2685/2998/1566 2686/2999/1566 2674/2986/1566
f 2674/2986/1565 2686/2999/1565 2687/3000/1565 2675/2987/1565
f 2675/2987/1683 2687/3000/1683 2688/3001/1683 2676/2988/1683
f 2676/2988/1684 2688/3001/1684 2689/3002/1684 2677/2989/1684
f 2677/2989/1562 2689/3002/1562 2690/3003/1562 2678/2990/1562
f 2678/2990/1685 2690/3003/1685 2679/2991/1685 2667/2978/1685
f 2679/2991/1572 2691/3004/1572 2692/3005/1572 2680/2992/1572
f 2680/2992/1571 2692/3005/1571 2693/3006/1571 2681/2993/1571
f 2681/2993/1570 2693/3006/1570 2694/3007/1570 2682/2994/1570
f 2682/2994/1569 2694/3007/1569 2695/3008/1569 2683/2995/1569
f 2683/2995/1568 2695/3008/1568 2696/3009/1568 2684/2996/1568
f 2684/2996/1567 2696/3009/1567 2697/3010/1567 2685/2997/1567
f 2685/2998/1578 2697/3011/1578 2698/3012/1578 2686/2999/1578
f 2686/2999/1577 2698/3012/1577 2699/3013/1577 2687/3000/1577
f 2687/3000/1576 2699/3013/1576 2700/3014/1576 2688/3001/1576
f 2688/3001/1575 2700/3014/1575 2701/3015/1575 2689/3002/1575
f 2689/3002/1574 2701/3015/1574 2702/3016/1574 2690/3003/1574
f 2690/3003/1573 2702/3016/1573 2691/3004/1573 2679/2991/1573
f 2691/3004/1584 2703/3017/1584 2704/3018/1584 2692/3005/1584
f 2692/3005/1583 2704/3018/1583 2705/3019/1583 2693/3006/1583
f 2693/3006/1582 2705/3019/1582 2706/3020/1582 2694/3007/1582
f 2694/3007/1581 2706/3020/1581 2707/3021/1581 2695/3008/1581
f 2695/3008/1580 2707/3021/1580 2708/3022/1580 2696/3009/1580
f 2696/3009/1579 2708/3022/1579 2709/3023/1579 2697/3010/1579
f 2697/3011/1590 2709/3024/1590 2710/3025/1590 2698/3012/1590
f 2698/3012/1589 2710/3025/1589 2711/3026/1589 2699/3013/1589
f 2699/3013/1588 2711/3026/1588 2712/3027/1588 2700/3014/1588
f 2700/3014/1587 2712/3027/1587 2713/3028/1587 2701/3015/1587
f 2701/3015/1586 2713/3028/1586 2714/3029/1586 2702/3016/1586
f 2702/3016/1585 2714/3029/1585 2703/3017/1585 2691/3004/1585
f 2703/3017/1596 2715/3030/1596 2716/3031/1596 2704/3018/1596
f 2704/3018/1595 2716/3031/1595 2717/3032/1595 2705/3019/1595
f 2705/3019/1594 2717/3032/1594 2718/3033/1594 2706/3020/1594
f 2706/3020/1593 2718/3033/1593 2719/3034/1593 2707/3021/1593
f 2707/3021/1592 2719/3034/1592 2720/3035/1592 2708/3022/1592
f 2708/3022/1591 2720/3035/1591 2721/3036/1591 2709/3023/1591
f 2709/3024/1602 2721/3037/1602 2722/3038/1602 2710/3025/1602
f 2710/3025/1601 2722/3038/1601 2723/3039/1601 2711/3026/1601
f 2711/3026/1600 2723/3039/1600 2724/3040/1600 2712/3027/1600
f 2712/3027/1599 2724/3040/1599 2725/3041/1599 2713/3028/1599
f 2713/3028/1598 2725/3041/1598 2726/3042/1598 2714/3029/1598
f 2714/3029/1597 2726/3042/1597 2715/3030/1597 2703/3017/1597
f 2715/3030/1608 2727/3043/1608 2728/3044/1608 2716/3031/1608
f 2716/3031/1607 2728/3044/1607 2729/3045/1607 2717/3032/1607
f 2717/3032/1606 2729/3045/1606 2730/3046/1606 2718/3033/1606
f 2718/3033/1605 2730/3046/1605 2731/3047/1605 2719/3034/1605
f 2719/3034/1604 2731/3047/1604 2732/3048/1604 2720/3035/1604
f 2720/3035/1603 2732/3048/1603 2733/3049/1603 2721/3036/1603
f 2721/3037/1614 2733/3050/1614 2734/3051/1614 2722/3038/1614
f 2722/3038/1613 2734/3051/1613 2735/3052/1613 2723/3039/1613
f 2723/3039/1612 2735/3052/1612 2736/3053/1612 2724/3040/1612
f 2724/3040/1611 2736/3053/1611 2737/3054/1611 2725/3041/1611
f 2725/3041/1610 2737/3054/1610 2738/3055/1610 2726/3042/1610
f 2726/3042/1609 2738/3055/1609 2727/3043/1609 2715/3030/1609
f 2727/3043/1620 2739/3056/1620 2740/3057/1620 2728/3044/1620
f 2728/3044/1619 2740/3057/1619 2741/3058/1619 2729/3045/1619
f 2729/3045/1618 2741/3058/1618 2742/3059/1618 2730/3046/1618
f 2730/3046/1617 2742/3059/1617 2743/3060/1617 2731/3047/1617
f 2731/3047/1616 2743/3060/1616 2744/3061/1616 2732/3048/1616
f 2732/3048/1615 2744/3061/1615 2745/3062/1615 2733/3049/1615
f 2733/3050/1626 2745/3063/1626 2746/3064/1626 2734/3051/1626
f 2734/3051/1625 2746/3064/1625 2747/3065/1625 2735/3052/1625
f 2735/3052/1624 2747/3065/1624 2748/3066/1624 2736/3053/1624
f 2736/3053/1623 2748/3066/1623 2749/3067/1623 2737/3054/1623
f 2737/3054/1622 2749/3067/1622 2750/3068/1622 2738/3055/1622
f 2738/3055/1621 2750/3068/1621 2739/3056/1621 2727/3043/1621
f 2739/3056/1632 2751/3069/1632 2752/3070/1632 2740/3057/1632
f 2740/3057/1631 2752/3070/1631 2753/3071/1631 2741/3058/1631
f 2741/3058/1630 2753/3071/1630 2754/3072/1630 2742/3059/1630
f 2742/3059/1629 2754/3072/1629 2755/3073/1629 2743/3060/1629
f 2743/3060/1628 2755/3073/1628 2756/3074/1628 2744/3061/1628
f 2744/3061/1627 2756/3074/1627 2757/3075/1627 2745/3062/1627
f 2745/3063/1638 2757/3076/1638 2758/3077/1638 2746/3064/1638
f 2746/3064/1637 2758/3077/1637 2759/3078/1637 2747/3065/1637
f 2747/3065/1636 2759/3078/1636 2760/3079/1636 2748/3066/1636
f 2748/3066/1635 2760/3079/1635 2761/3080/1635 2749/3067/1635
f 2749/3067/1634 2761/3080/1634 2762/3081/1634 2750/3068/1634
f 2750/3068/1633 2762/3081/1633 2751/3069/1633 2739/3056/1633
f 2751/3069/1686 2763/3082/1686 2764/3083/1686 2752/3070/1686
f 2752/3070/1687 2764/3083/1687 2765/3084/1687 2753/3071/1687
f 2753/3071/1642 2765/3084/1642 2766/3085/1642 2754/3072/1642
f 2754/3072/1641 2766/3085/1641 2767/3086/1641 2755/3073/1641
f 2755/3073/1640 2767/3086/1640 2768/3087/1640 2756/3074/1640
f 2756/3074/1688 2768/3087/1688 2769/3088/1688 2757/3075/1688
f 2757/3076/1650 2769/3089/1650 2770/3090/1650 2758/3077/1650
f 2758/3077/1689 2770/3090/1689 2771/3091/1689 2759/3078/1689
f 2759/3078/1648 2771/3091/1648 2772/3092/1648 2760/3079/1648
f 2760/3079/1647 2772/3092/1647 2773/3093/1647 2761/3080/1647
f 2761/3080/1646 2773/3093/1646 2774/3094/1646 2762/3081/1646
f 2762/3081/1690 2774/3094/1690 2763/3082/1690 2751/3069/1690
f 2763/3082/1656 2775/3095/1656 2776/3096/1656 2764/3083/1656
f 2764/3083/1655 2776/3096/1655 2777/3097/1655 2765/3084/1655
f 2765/3084/1654 2777/3097/1654 2778/3098/1654 2766/3085/1654
f 2766/3085/1653 2778/3098/1653 2779/3099/1653 2767/3086/1653
f 2767/3086/1652 2779/3099/1652 2780/3100/1652 2768/3087/1652
f 2768/3087/1651 2780/3100/1651 2781/3101/1651 2769/3088/1651
f 2769/3089/1662 2781/3102/1662 2782/3103/1662 2770/3090/1662
f 2770/3090/1661 2782/3103/1661 2783/3104/1661 2771/3091/1661
f 2771/3091/1660 2783/3104/1660 2784/3105/1660 2772/3092/1660
f 2772/3092/1659 2784/3105/1659 2785/3106/1659 2773/3093/1659
f 2773/3093/1658 2785/3106/1658 2786/3107/1658 2774/3094/1658
f 2774/3094/1657 2786/3107/1657 2775/3095/1657 2763/3082/1657
f 2775/3095/1668 2211/2471/1668 2212/2474/1668 2776/3096/1668
f 2776/3096/1667 2212/2474/1667 2213/2476/1667 2777/3097/1667
f 2777/3097/1666 2213/2476/1666 2214/2478/1666 2778/3098/1666
f 2778/3098/1665 2214/2478/1665 2215/2480/1665 2779/3099/1665
f 2779/3099/1664 2215/2480/1664 2216/2482/1664 2780/3100/1664
f 2780/3100/1663 2216/2482/1663 2217/2484/1663 2781/3101/1663
f 2781/3102/1674 2217/2485/1674 2218/2488/1674 2782/3103/1674
f 2782/3103/1673 2218/2488/1673 2219/2490/1673 2783/3104/1673
f 2783/3104/1672 2219/2490/1672 2220/2492/1672 2784/3105/1672
f 2784/3105/1671 2220/2492/1671 2221/2494/1671 2785/3106/1671
f 2785/3106/1670 2221/2494/1670 2222/2496/1670 2786/3107/1670
f 2786/3107/1669 2222/2496/1669 2211/2471/1669 2775/3095/1669
o 球.001
v 0.000000 1.146759 -0.267232
v 0.052134 1.146759 -0.262097
v 0.000000 1.168258 -0.184072
v 0.000000 1.117825 -0.340121
v -0.052134 1.146759 -0.262096
v -0.035911 1.168258 -0.180535
v -0.066354 1.117825 -0.333586
v -0.102265 1.146759 -0.246890
v -0.070441 1.168258 -0.170061
v -0.130159 1.117825 -0.314231
v -0.148466 1.146759 -0.222195
v -0.102265 1.168258 -0.153050
v -0.188961 1.117825 -0.282800
v -0.188961 1.146759 -0.188961
v -0.130159 1.168258 -0.130159
v -0.240502 1.117825 -0.240502
v -0.222195 1.146759 -0.148466
v -0.153050 1.168258 -0.102265
v -0.282800 1.117825 -0.188961
v -0.246890 1.146759 -0.102265
v -0.170061 1.168258 -0.070441
v -0.314231 1.117825 -0.130159
v -0.262097 1.146759 -0.052134
v -0.180535 1.168258 -0.035911
v -0.333586 1.117825 -0.066354
v -0.267231 1.146759 -0.000000
v -0.184072 1.168258 -0.000000
v -0.340121 1.117825 -0.000000
v -0.262097 1.146759 0.052134
v -0.180535 1.168258 0.035911
v -0.333586 1.117825 0.066354
v -0.246890 1.146759 0.102265
v -0.170061 1.168258 0.070441
v -0.314231 1.117825 0.130159
v -0.222195 1.146759 0.148466
v -0.153050 1.168258 0.102265
v -0.282800 1.117825 0.188961
v -0.188961 1.146759 0.188961
v -0.130159 1.168258 0.130159
v -0.240502 1.117825 0.240502
v -0.148466 1.146759 0.222195
v -0.102265 1.168258 0.153050
v -0.188961 1.117825 0.282800
v -0.102265 1.146759 0.246890
v -0.070441 1.168258 0.170061
v -0.130159 1.117825 0.314231
v -0.052134 1.146759 0.262097
v -0.035911 1.168258 0.180535
v -0.066354 1.117825 0.333586
v -0.000000 1.146759 0.267231
v -0.000000 1.168258 0.184072
v -0.000000 1.117825 0.340121
v 0.052134 1.146759 0.262097
v 0.035911 1.168258 0.180535
v 0.066354 1.117825 0.333586
v 0.102265 1.146759 0.246890
v 0.070441 1.168258 0.170061
v 0.130159 1.117825 0.314231
v 0.148466 1.146759 0.222195
v 0.102265 1.168258 0.153051
v 0.188961 1.117825 0.282800
v 0.188961 1.146759 0.188961
v 0.130159 1.168258 0.130159
v 0.240502 1.117825 0.240502
v 0.222195 1.146759 0.148466
v 0.153050 1.168258 0.102265
v 0.282800 1.117825 0.188961
v 0.246890 1.146759 0.102265
v 0.170061 1.168258 0.070441
v 0.314231 1.117825 0.130159
v 0.262097 1.146759 0.052134
v 0.180535 1.168258 0.035911
v 0.333586 1.117825 0.066354
v 0.267232 1.146759 0.000000
v 0.184072 1.168258 0.000000
v 0.340121 1.117825 -0.000000
v 0.262097 1.146759 -0.052134
v 0.180535 1.168258 -0.035911
v 0.333586 1.117825 -0.066354
v 0.246890 1.146759 -0.102265
v 0.170061 1.168258 -0.070441
v 0.314231 1.117825 -0.130159
v 0.222195 1.146759 -0.148466
v 0.153051 1.168258 -0.102265
v 0.282800 1.117825 -0.188961
v 0.188961 1.146759 -0.188961
v 0.130159 1.168258 -0.130159
v 0.240502 1.117825 -0.240502
v 0.148466 1.146759 -0.222195
v 0.102265 1.168258 -0.153051
v 0.188961 1.117825 -0.282800
v 0.102265 1.146759 -0.246890
v 0.070441 1.168258 -0.170061
v 0.130159 1.117825 -0.314231
v 0.153051 1.082568 -0.369497
v 0.066354 1.117825 -0.333586
v 0.078024 1.082568 -0.392256
v 0.086696 1.042345 -0.435851
v 0.000000 1.082568 -0.399940
v 0.000000 1.042345 -0.444390
v -0.078024 1.082568 -0.392255
v -0.086696 1.042345 -0.435851
v -0.153050 1.082568 -0.369496
v -0.170061 1.042345 -0.410563
v -0.222195 1.082568 -0.332538
v -0.246890 1.042345 -0.369496
v -0.282800 1.082568 -0.282800
v -0.314231 1.042345 -0.314231
v -0.332538 1.082568 -0.222195
v -0.369496 1.042345 -0.246890
v -0.369496 1.082568 -0.153051
v -0.410563 1.042345 -0.170061
v -0.392255 1.082568 -0.078025
v -0.435851 1.042345 -0.086696
v -0.399940 1.082568 -0.000000
v -0.444390 1.042345 -0.000000
v -0.392255 1.082568 0.078024
v -0.435851 1.042345 0.086696
v -0.369496 1.082568 0.153050
v -0.410563 1.042345 0.170061
v -0.332538 1.082568 0.222195
v -0.369497 1.042345 0.246890
v -0.282800 1.082568 0.282800
v -0.314231 1.042345 0.314231
v -0.222195 1.082568 0.332538
v -0.246890 1.042345 0.369497
v -0.153051 1.082568 0.369496
v -0.170061 1.042345 0.410563
v -0.078025 1.082568 0.392255
v -0.086696 1.042345 0.435851
v -0.000000 1.082568 0.399940
v 0.000000 1.042345 0.444390
v 0.078024 1.082568 0.392255
v 0.086696 1.042345 0.435851
v 0.153050 1.082568 0.369497
v 0.170061 1.042345 0.410563
v 0.222195 1.082568 0.332538
v 0.246890 1.042345 0.369497
v 0.282800 1.082568 0.282800
v 0.314231 1.042345 0.314231
v 0.332538 1.082568 0.222195
v 0.369497 1.042345 0.246890
v 0.369497 1.082568 0.153051
v 0.410563 1.042345 0.170061
v 0.392255 1.082568 0.078025
v 0.435851 1.042345 0.086696
v 0.399940 1.082568 0.000000
v 0.444390 1.042345 -0.000000
v 0.392255 1.082568 -0.078024
v 0.435851 1.042345 -0.086696
v 0.369497 1.082568 -0.153050
v 0.410563 1.042345 -0.170061
v 0.332538 1.082568 -0.222195
v 0.369497 1.042345 -0.246890
v 0.282800 1.082568 -0.282800
v 0.314231 1.042345 -0.314231
v 0.222195 1.082568 -0.332538
v 0.246890 1.042345 -0.369497
v 0.262097 0.998700 -0.392256
v 0.170061 1.042345 -0.410563
v 0.180535 0.998700 -0.435851
v 0.184072 0.953311 -0.444390
v 0.092036 0.998700 -0.462697
v 0.093839 0.953311 -0.471762
v 0.000000 0.998700 -0.471762
v 0.000000 0.953311 -0.481004
v -0.092036 0.998700 -0.462697
v -0.093839 0.953311 -0.471761
v -0.180535 0.998700 -0.435851
v -0.184072 0.953311 -0.444389
v -0.262097 0.998700 -0.392255
v -0.267231 0.953311 -0.399940
v -0.333586 0.998700 -0.333586
v -0.340121 0.953311 -0.340121
v -0.392255 0.998700 -0.262097
v -0.399940 0.953311 -0.267231
v -0.435851 0.998700 -0.180535
v -0.444389 0.953311 -0.184072
v -0.462697 0.998700 -0.092036
v -0.471761 0.953311 -0.093839
v -0.471762 0.998700 -0.000000
v -0.481004 0.953311 -0.000000
v -0.462697 0.998700 0.092036
v -0.471761 0.953311 0.093839
v -0.435851 0.998700 0.180535
v -0.444390 0.953311 0.184072
v -0.392255 0.998700 0.262097
v -0.399940 0.953311 0.267231
v -0.333586 0.998700 0.333586
v -0.340121 0.953311 0.340121
v -0.262097 0.998700 0.392255
v -0.267232 0.953311 0.399940
v -0.180535 0.998700 0.435851
v -0.184072 0.953311 0.444389
v -0.092036 0.998700 0.462697
v -0.093839 0.953311 0.471761
v -0.000000 0.998700 0.471762
v -0.000000 0.953311 0.481004
v 0.092036 0.998700 0.462697
v 0.093839 0.953311 0.471762
v 0.180535 0.998700 0.435851
v 0.184072 0.953311 0.444390
v 0.262097 0.998700 0.392255
v 0.267231 0.953311 0.399940
v 0.333586 0.998700 0.333586
v 0.340121 0.953311 0.340121
v 0.392255 0.998700 0.262097
v 0.399940 0.953311 0.267232
v 0.435851 0.998700 0.180535
v 0.444390 0.953311 0.184072
v 0.462697 0.998700 0.092036
v 0.471762 0.953311 0.093839
v 0.471762 0.998700 0.000000
v 0.481004 0.953311 0.000000
v 0.462697 0.998700 -0.092036
v 0.471762 0.953311 -0.093839
v 0.435851 0.998700 -0.180535
v 0.444390 0.953311 -0.184072
v 0.392256 0.998700 -0.262097
v 0.399940 0.953311 -0.267231
v 0.333586 0.998700 -0.333586
v 0.340121 0.953311 -0.340121
v 0.333586 0.907922 -0.333586
v 0.267232 0.953311 -0.399940
v 0.262097 0.907922 -0.392256
v 0.246890 0.864277 -0.369497
v 0.180535 0.907922 -0.435851
v 0.170061 0.864277 -0.410563
v 0.092036 0.907922 -0.462697
v 0.086696 0.864277 -0.435851
v 0.000000 0.907922 -0.471762
v 0.000000 0.864277 -0.444390
v -0.092036 0.907922 -0.462697
v -0.086696 0.864277 -0.435851
v -0.180535 0.907922 -0.435851
v -0.170061 0.864277 -0.410563
v -0.262097 0.907922 -0.392255
v -0.246890 0.864277 -0.369496
v -0.333586 0.907922 -0.333586
v -0.314231 0.864277 -0.314231
v -0.392255 0.907922 -0.262097
v -0.369496 0.864277 -0.246890
v -0.435851 0.907922 -0.180535
v -0.410563 0.864277 -0.170061
v -0.462697 0.907922 -0.092036
v -0.435851 0.864277 -0.086696
v -0.471762 0.907922 -0.000000
v -0.444390 0.864277 -0.000000
v -0.462697 0.907922 0.092036
v -0.435851 0.864277 0.086696
v -0.435851 0.907922 0.180535
v -0.410563 0.864277 0.170061
v -0.392255 0.907922 0.262097
v -0.369497 0.864277 0.246890
v -0.333586 0.907922 0.333586
v -0.314231 0.864277 0.314231
v -0.262097 0.907922 0.392255
v -0.246890 0.864277 0.369497
v -0.180535 0.907922 0.435851
v -0.170061 0.864277 0.410563
v -0.092036 0.907922 0.462697
v -0.086696 0.864277 0.435851
v -0.000000 0.907922 0.471762
v 0.000000 0.864277 0.444390
v 0.092036 0.907922 0.462697
v 0.086696 0.864277 0.435851
v 0.180535 0.907922 0.435851
v 0.170061 0.864277 0.410563
v 0.262097 0.907922 0.392255
v 0.246890 0.864277 0.369497
v 0.333586 0.907922 0.333586
v 0.314231 0.864277 0.314231
v 0.392255 0.907922 0.262097
v 0.369497 0.864277 0.246890
v 0.435851 0.907922 0.180535
v 0.410563 0.864277 0.170061
v 0.462697 0.907922 0.092036
v 0.435851 0.864277 0.086696
v 0.471762 0.907922 0.000000
v 0.444390 0.864277 -0.000000
v 0.462697 0.907922 -0.092036
v 0.435851 0.864277 -0.086696
v 0.435851 0.907922 -0.180535
v 0.410563 0.864277 -0.170061
v 0.392256 0.907922 -0.262097
v 0.369497 0.864277 -0.246890
v 0.332538 0.824053 -0.222195
v 0.314231 0.864277 -0.314231
v 0.282800 0.824053 -0.282800
v 0.240502 0.788797 -0.240502
v 0.222195 0.824053 -0.332538
v 0.188961 0.788797 -0.282800
v 0.153051 0.824053 -0.369497
v 0.130159 0.788797 -0.314231
v 0.078024 0.824053 -0.392256
v 0.066354 0.788797 -0.333586
v 0.000000 0.824053 -0.399940
v 0.000000 0.788797 -0.340121
v -0.078024 0.824053 -0.392255
v -0.066354 0.788797 -0.333586
v -0.153050 0.824053 -0.369496
v -0.130159 0.788797 -0.314231
v -0.222195 0.824053 -0.332538
v -0.188961 0.788797 -0.282800
v -0.282800 0.824053 -0.282800
v -0.240502 0.788797 -0.240502
v -0.332538 0.824053 -0.222195
v -0.282800 0.788797 -0.188961
v -0.369496 0.824053 -0.153051
v -0.314231 0.788797 -0.130159
v -0.392255 0.824053 -0.078025
v -0.333586 0.788797 -0.066354
v -0.399940 0.824053 -0.000000
v -0.340121 0.788797 -0.000000
v -0.392255 0.824053 0.078024
v -0.333586 0.788797 0.066354
v -0.369496 0.824053 0.153050
v -0.314231 0.788797 0.130159
v -0.332538 0.824053 0.222195
v -0.282800 0.788797 0.188961
v -0.282800 0.824053 0.282800
v -0.240502 0.788797 0.240502
v -0.222195 0.824053 0.332538
v -0.188961 0.788797 0.282800
v -0.153051 0.824053 0.369496
v -0.130159 0.788797 0.314231
v -0.078025 0.824053 0.392255
v -0.066354 0.788797 0.333586
v -0.000000 0.824053 0.399940
v -0.000000 0.788797 0.340121
v 0.078024 0.824053 0.392255
v 0.066354 0.788797 0.333586
v 0.153050 0.824053 0.369497
v 0.130159 0.788797 0.314231
v 0.222195 0.824053 0.332538
v 0.188961 0.788797 0.282800
v 0.282800 0.824053 0.282800
v 0.240502 0.788797 0.240502
v 0.332538 0.824053 0.222195
v 0.282800 0.788797 0.188961
v 0.369497 0.824053 0.153051
v 0.314231 0.788797 0.130159
v 0.392255 0.824053 0.078025
v 0.333586 0.788797 0.066354
v 0.399940 0.824053 0.000000
v 0.340121 0.788797 -0.000000
v 0.392255 0.824053 -0.078024
v 0.333586 0.788797 -0.066354
v 0.369497 0.824053 -0.153050
v 0.314231 0.788797 -0.130159
v 0.246890 0.759863 -0.102265
v 0.282800 0.788797 -0.188961
v 0.222195 0.759863 -0.148466
v 0.153051 0.738364 -0.102265
v 0.188961 0.759863 -0.188961
v 0.130159 0.738364 -0.130159
v 0.148466 0.759863 -0.222195
v 0.102265 0.738364 -0.153051
v 0.102265 0.759863 -0.246890
v 0.070441 0.738364 -0.170061
v 0.052134 0.759863 -0.262097
v 0.035911 0.738364 -0.180535
v 0.000000 0.759863 -0.267231
v 0.000000 0.738364 -0.184072
v -0.052134 0.759863 -0.262096
v -0.035911 0.738364 -0.180535
v -0.102265 0.759863 -0.246890
v -0.070441 0.738364 -0.170061
v -0.148466 0.759863 -0.222195
v -0.102265 0.738364 -0.153050
v -0.188961 0.759863 -0.188961
v -0.130159 0.738364 -0.130159
v -0.222195 0.759863 -0.148466
v -0.153050 0.738364 -0.102265
v -0.246890 0.759863 -0.102265
v -0.170061 0.738364 -0.070441
v -0.262097 0.759863 -0.052134
v -0.180535 0.738364 -0.035911
v -0.267231 0.759863 -0.000000
v -0.184072 0.738364 -0.000000
v -0.262097 0.759863 0.052134
v -0.180535 0.738364 0.035911
v -0.246890 0.759863 0.102265
v -0.170061 0.738364 0.070441
v -0.222195 0.759863 0.148466
v -0.153050 0.738364 0.102265
v -0.188961 0.759863 0.188961
v -0.130159 0.738364 0.130159
v -0.148466 0.759863 0.222195
v -0.102265 0.738364 0.153050
v -0.102265 0.759863 0.246890
v -0.070441 0.738364 0.170061
v -0.052134 0.759863 0.262097
v -0.035911 0.738364 0.180535
v -0.000000 0.759863 0.267231
v -0.000000 0.738364 0.184072
v 0.052134 0.759863 0.262097
v 0.035911 0.738364 0.180535
v 0.102265 0.759863 0.246890
v 0.070441 0.738364 0.170061
v 0.148466 0.759863 0.222195
v 0.102265 0.738364 0.153051
v 0.188961 0.759863 0.188961
v 0.130159 0.738364 0.130159
v 0.222195 0.759863 0.148466
v 0.153050 0.738364 0.102265
v 0.246890 0.759863 0.102265
v 0.170061 0.738364 0.070441
v 0.262097 0.759863 0.052134
v 0.180535 0.738364 0.035911
v 0.267232 0.759863 0.000000
v 0.184072 0.738364 0.000000
v 0.262097 0.759863 -0.052134
v 0.180535 0.738364 -0.035911
v 0.092036 0.725124 -0.018307
v 0.170061 0.738364 -0.070441
v 0.086696 0.725124 -0.035911
v 0.078024 0.725124 -0.052134
v 0.000000 0.720654 0.000000
v -0.066354 0.725124 0.066354
v 0.000000 0.725124 -0.093839
v 0.018307 0.725124 -0.092036
v 0.035911 0.725124 -0.086696
v 0.052134 0.725124 -0.078024
v 0.066354 0.725124 -0.066354
v 0.093839 0.725124 0.000000
v 0.092036 0.725124 0.018307
v 0.086696 0.725124 0.035911
v 0.078024 0.725124 0.052134
v 0.066354 0.725124 0.066354
v 0.052134 0.725124 0.078024
v 0.035911 0.725124 0.086696
v 0.018307 0.725124 0.092036
v -0.000000 0.725124 0.093839
v -0.018307 0.725124 0.092036
v -0.035911 0.725124 0.086696
v -0.052134 0.725124 0.078024
v -0.078024 0.725124 0.052134
v -0.086696 0.725124 0.035911
v -0.092036 0.725124 0.018307
v -0.093839 0.725124 -0.000000
v -0.092036 0.725124 -0.018307
v -0.086696 0.725124 -0.035911
v -0.078024 0.725124 -0.052134
v -0.066354 0.725124 -0.066354
v -0.052134 0.725124 -0.078024
v -0.035911 0.725124 -0.086696
v -0.018307 0.725124 -0.092036
v 0.035911 1.181498 -0.086696
v 0.035911 1.168258 -0.180535
v 0.018307 1.181498 -0.092036
v 0.000000 1.185968 0.000000
v 0.000000 1.181498 -0.093839
v -0.018307 1.181498 -0.092036
v -0.035911 1.181498 -0.086696
v -0.052134 1.181498 -0.078024
v -0.066354 1.181498 -0.066354
v -0.078024 1.181498 -0.052134
v -0.086696 1.181498 -0.035911
v -0.092036 1.181498 -0.018307
v -0.093839 1.181498 -0.000000
v -0.092036 1.181498 0.018307
v -0.086696 1.181498 0.035911
v -0.078024 1.181498 0.052134
v -0.066354 1.181498 0.066354
v -0.052134 1.181498 0.078024
v -0.035911 1.181498 0.086696
v -0.018307 1.181498 0.092036
v -0.000000 1.181498 0.093839
v 0.018307 1.181498 0.092036
v 0.035911 1.181498 0.086696
v 0.052134 1.181498 0.078024
v 0.066354 1.181498 0.066354
v 0.078024 1.181498 0.052134
v 0.086696 1.181498 0.035911
v 0.092036 1.181498 0.018307
v 0.093839 1.181498 0.000000
v 0.092036 1.181498 -0.018307
v 0.086696 1.181498 -0.035911
v 0.078024 1.181498 -0.052134
v 0.066354 1.181498 -0.066354
v 0.052134 1.181498 -0.078024
vn 0.0246 0.9679 -0.2502
vn 0.0363 0.9288 -0.3687
vn -0.0246 0.9679 -0.2502
vn -0.0363 0.9288 -0.3687
vn -0.0730 0.9679 -0.2406
vn -0.1075 0.9288 -0.3545
vn -0.1185 0.9679 -0.2218
vn -0.1746 0.9288 -0.3267
vn -0.1595 0.9679 -0.1944
vn -0.2350 0.9288 -0.2864
vn -0.1944 0.9679 -0.1595
vn -0.2864 0.9288 -0.2350
vn -0.2218 0.9679 -0.1185
vn -0.3267 0.9288 -0.1746
vn -0.2406 0.9679 -0.0730
vn -0.3545 0.9288 -0.1075
vn -0.2502 0.9679 -0.0246
vn -0.3687 0.9288 -0.0363
vn -0.2502 0.9679 0.0246
vn -0.3687 0.9288 0.0363
vn -0.2406 0.9679 0.0730
vn -0.3545 0.9288 0.1075
vn -0.2218 0.9679 0.1185
vn -0.3267 0.9288 0.1746
vn -0.1944 0.9679 0.1595
vn -0.2864 0.9288 0.2350
vn -0.1595 0.9679 0.1944
vn -0.2350 0.9288 0.2864
vn -0.1185 0.9679 0.2218
vn -0.1746 0.9288 0.3267
vn -0.0730 0.9679 0.2406
vn -0.1075 0.9288 0.3545
vn -0.0246 0.9679 0.2502
vn -0.0363 0.9288 0.3687
vn 0.0246 0.9679 0.2502
vn 0.0363 0.9288 0.3687
vn 0.0730 0.9679 0.2406
vn 0.1075 0.9288 0.3545
vn 0.1185 0.9679 0.2218
vn 0.1746 0.9288 0.3267
vn 0.1595 0.9679 0.1944
vn 0.2350 0.9288 0.2864
vn 0.1944 0.9679 0.1595
vn 0.2864 0.9288 0.2350
vn 0.2218 0.9679 0.1185
vn 0.3267 0.9288 0.1746
vn 0.2406 0.9679 0.0730
vn 0.3545 0.9288 0.1075
vn 0.2502 0.9679 0.0246
vn 0.3687 0.9288 0.0363
vn 0.2502 0.9679 -0.0246
vn 0.3687 0.9288 -0.0363
vn 0.2406 0.9679 -0.0730
vn 0.3545 0.9288 -0.1075
vn 0.2218 0.9679 -0.1185
vn 0.3267 0.9288 -0.1746
vn 0.1944 0.9679 -0.1595
vn 0.2864 0.9288 -0.2350
vn 0.1595 0.9679 -0.1944
vn 0.2350 0.9288 -0.2864
vn 0.1185 0.9679 -0.2218
vn 0.1746 0.9288 -0.3267
vn 0.0730 0.9679 -0.2406
vn 0.1075 0.9288 -0.3545
vn 0.2402 0.8604 -0.4494
vn 0.1479 0.8604 -0.4876
vn 0.0499 0.8604 -0.5071
vn 0.1953 0.7399 -0.6438
vn 0.0659 0.7399 -0.6695
vn -0.0499 0.8604 -0.5071
vn -0.0659 0.7399 -0.6695
vn -0.1479 0.8604 -0.4876
vn -0.1953 0.7399 -0.6438
vn -0.2402 0.8604 -0.4494
vn -0.3171 0.7399 -0.5933
vn -0.3233 0.8604 -0.3939
vn -0.4268 0.7399 -0.5200
vn -0.3939 0.8604 -0.3233
vn -0.5200 0.7399 -0.4268
vn -0.4494 0.8604 -0.2402
vn -0.5933 0.7399 -0.3171
vn -0.4876 0.8604 -0.1479
vn -0.6438 0.7399 -0.1953
vn -0.5071 0.8604 -0.0499
vn -0.6695 0.7399 -0.0659
vn -0.5071 0.8604 0.0499
vn -0.6695 0.7399 0.0659
vn -0.4876 0.8604 0.1479
vn -0.6438 0.7399 0.1953
vn -0.4494 0.8604 0.2402
vn -0.5933 0.7399 0.3171
vn -0.3939 0.8604 0.3233
vn -0.5200 0.7399 0.4268
vn -0.3233 0.8604 0.3939
vn -0.4268 0.7399 0.5200
vn -0.2402 0.8604 0.4494
vn -0.3171 0.7399 0.5933
vn -0.1479 0.8604 0.4876
vn -0.1953 0.7399 0.6438
vn -0.0499 0.8604 0.5071
vn -0.0659 0.7399 0.6695
vn 0.0499 0.8604 0.5071
vn 0.0659 0.7399 0.6695
vn 0.1479 0.8604 0.4876
vn 0.1953 0.7399 0.6438
vn 0.2402 0.8604 0.4494
vn 0.3171 0.7399 0.5933
vn 0.3233 0.8604 0.3939
vn 0.4268 0.7399 0.5200
vn 0.3939 0.8604 0.3233
vn 0.5200 0.7399 0.4268
vn 0.4494 0.8604 0.2402
vn 0.5933 0.7399 0.3171
vn 0.4876 0.8604 0.1479
vn 0.6438 0.7399 0.1953
vn 0.5071 0.8604 0.0499
vn 0.6695 0.7399 0.0659
vn 0.5071 0.8604 -0.0499
vn 0.6695 0.7399 -0.0659
vn 0.4876 0.8604 -0.1479
vn 0.6438 0.7399 -0.1953
vn 0.4494 0.8604 -0.2402
vn 0.5933 0.7399 -0.3171
vn 0.3939 0.8604 -0.3233
vn 0.5200 0.7399 -0.4268
vn 0.3233 0.8604 -0.3939
vn 0.4268 0.7399 -0.5200
vn 0.3171 0.7399 -0.5933
vn 0.5382 0.5295 -0.6558
vn 0.3999 0.5295 -0.7482
vn 0.2463 0.5295 -0.8118
vn 0.4620 0.1986 -0.8644
vn 0.2845 0.1986 -0.9379
vn 0.0831 0.5295 -0.8442
vn 0.0961 0.1986 -0.9754
vn -0.0961 0.1986 -0.9754
vn -0.0832 0.5295 -0.8442
vn -0.2463 0.5295 -0.8118
vn -0.2845 0.1986 -0.9379
vn -0.3999 0.5295 -0.7482
vn -0.4620 0.1986 -0.8644
vn -0.5382 0.5295 -0.6558
vn -0.6218 0.1986 -0.7576
vn -0.6558 0.5295 -0.5382
vn -0.7576 0.1986 -0.6218
vn -0.7482 0.5295 -0.3999
vn -0.8644 0.1986 -0.4620
vn -0.8118 0.5295 -0.2463
vn -0.9379 0.1986 -0.2845
vn -0.8442 0.5295 -0.0832
vn -0.9754 0.1986 -0.0961
vn -0.8442 0.5295 0.0832
vn -0.9754 0.1986 0.0961
vn -0.8118 0.5295 0.2463
vn -0.9379 0.1986 0.2845
vn -0.7482 0.5295 0.3999
vn -0.8644 0.1986 0.4620
vn -0.6558 0.5295 0.5382
vn -0.7576 0.1986 0.6218
vn -0.5382 0.5295 0.6558
vn -0.6218 0.1986 0.7576
vn -0.3999 0.5295 0.7482
vn -0.4620 0.1986 0.8644
vn -0.2463 0.5295 0.8118
vn -0.2845 0.1986 0.9379
vn -0.0832 0.5295 0.8442
vn -0.0961 0.1986 0.9754
vn 0.0832 0.5295 0.8442
vn 0.0961 0.1986 0.9754
vn 0.2463 0.5295 0.8118
vn 0.2845 0.1986 0.9379
vn 0.3999 0.5295 0.7482
vn 0.4620 0.1986 0.8644
vn 0.5382 0.5295 0.6558
vn 0.6218 0.1986 0.7576
vn 0.6558 0.5295 0.5382
vn 0.7576 0.1986 0.6218
vn 0.7482 0.5295 0.3999
vn 0.8644 0.1986 0.4620
vn 0.8118 0.5295 0.2463
vn 0.9379 0.1986 0.2845
vn 0.8442 0.5295 0.0832
vn 0.9754 0.1986 0.0961
vn 0.8442 0.5295 -0.0832
vn 0.9754 0.1986 -0.0961
vn 0.8118 0.5295 -0.2463
vn 0.9379 0.1986 -0.2845
vn 0.7482 0.5295 -0.3999
vn 0.8644 0.1986 -0.4620
vn 0.6558 0.5295 -0.5382
vn 0.7576 0.1986 -0.6218
vn 0.6218 0.1986 -0.7576
vn 0.7576 -0.1986 -0.6218
vn 0.6218 -0.1986 -0.7576
vn 0.4620 -0.1986 -0.8644
vn 0.5382 -0.5295 -0.6558
vn 0.3999 -0.5295 -0.7482
vn 0.2845 -0.1986 -0.9379
vn 0.2463 -0.5295 -0.8118
vn 0.0961 -0.1986 -0.9754
vn 0.0831 -0.5295 -0.8442
vn -0.0961 -0.1986 -0.9754
vn -0.0832 -0.5295 -0.8442
vn -0.2845 -0.1986 -0.9379
vn -0.2463 -0.5295 -0.8118
vn -0.4620 -0.1986 -0.8644
vn -0.3999 -0.5295 -0.7482
vn -0.6218 -0.1986 -0.7576
vn -0.5382 -0.5295 -0.6558
vn -0.7576 -0.1986 -0.6218
vn -0.6558 -0.5295 -0.5382
vn -0.8644 -0.1986 -0.4620
vn -0.7482 -0.5295 -0.3999
vn -0.9379 -0.1986 -0.2845
vn -0.8118 -0.5295 -0.2463
vn -0.9754 -0.1986 -0.0961
vn -0.8442 -0.5295 -0.0832
vn -0.9754 -0.1986 0.0961
vn -0.8442 -0.5295 0.0832
vn -0.9379 -0.1986 0.2845
vn -0.8118 -0.5295 0.2463
vn -0.8644 -0.1986 0.4620
vn -0.7482 -0.5295 0.3999
vn -0.7576 -0.1986 0.6218
vn -0.6558 -0.5295 0.5382
vn -0.6218 -0.1986 0.7576
vn -0.5382 -0.5295 0.6558
vn -0.4620 -0.1986 0.8644
vn -0.3999 -0.5295 0.7482
vn -0.2845 -0.1986 0.9379
vn -0.2463 -0.5295 0.8118
vn -0.0961 -0.1986 0.9754
vn -0.0832 -0.5295 0.8442
vn 0.0961 -0.1986 0.9754
vn 0.0832 -0.5295 0.8442
vn 0.2845 -0.1986 0.9379
vn 0.2463 -0.5295 0.8118
vn 0.4620 -0.1986 0.8644
vn 0.3999 -0.5295 0.7482
vn 0.6218 -0.1986 0.7576
vn 0.5382 -0.5295 0.6558
vn 0.7576 -0.1986 0.6218
vn 0.6558 -0.5295 0.5382
vn 0.8644 -0.1986 0.4620
vn 0.7482 -0.5295 0.3999
vn 0.9379 -0.1986 0.2845
vn 0.8118 -0.5295 0.2463
vn 0.9754 -0.1986 0.0961
vn 0.8442 -0.5295 0.0832
vn 0.9754 -0.1986 -0.0961
vn 0.8442 -0.5295 -0.0832
vn 0.9379 -0.1986 -0.2845
vn 0.8118 -0.5295 -0.2463
vn 0.8644 -0.1986 -0.4620
vn 0.7482 -0.5295 -0.3999
vn 0.6558 -0.5295 -0.5382
vn 0.5933 -0.7399 -0.3171
vn 0.5200 -0.7399 -0.4268
vn 0.4268 -0.7399 -0.5200
vn 0.3939 -0.8604 -0.3233
vn 0.3233 -0.8604 -0.3939
vn 0.3171 -0.7399 -0.5933
vn 0.2402 -0.8604 -0.4494
vn 0.1953 -0.7399 -0.6438
vn 0.1479 -0.8604 -0.4876
vn 0.0659 -0.7399 -0.6695
vn 0.0499 -0.8604 -0.5071
vn -0.0659 -0.7399 -0.6695
vn -0.0499 -0.8604 -0.5071
vn -0.1953 -0.7399 -0.6438
vn -0.1479 -0.8604 -0.4876
vn -0.3171 -0.7399 -0.5933
vn -0.2402 -0.8604 -0.4494
vn -0.4268 -0.7399 -0.5200
vn -0.3233 -0.8604 -0.3939
vn -0.5200 -0.7399 -0.4268
vn -0.3939 -0.8604 -0.3233
vn -0.5933 -0.7399 -0.3171
vn -0.4494 -0.8604 -0.2402
vn -0.6438 -0.7399 -0.1953
vn -0.4876 -0.8604 -0.1479
vn -0.6695 -0.7399 -0.0659
vn -0.5071 -0.8604 -0.0499
vn -0.6695 -0.7399 0.0659
vn -0.5071 -0.8604 0.0499
vn -0.6438 -0.7399 0.1953
vn -0.4876 -0.8604 0.1479
vn -0.5933 -0.7399 0.3171
vn -0.4494 -0.8604 0.2402
vn -0.5200 -0.7399 0.4268
vn -0.3939 -0.8604 0.3233
vn -0.4268 -0.7399 0.5200
vn -0.3233 -0.8604 0.3939
vn -0.3171 -0.7399 0.5933
vn -0.2402 -0.8604 0.4494
vn -0.1953 -0.7399 0.6438
vn -0.1479 -0.8604 0.4876
vn -0.0659 -0.7399 0.6695
vn -0.0499 -0.8604 0.5071
vn 0.0659 -0.7399 0.6695
vn 0.0499 -0.8604 0.5071
vn 0.1953 -0.7399 0.6438
vn 0.1479 -0.8604 0.4876
vn 0.3171 -0.7399 0.5933
vn 0.2402 -0.8604 0.4494
vn 0.4268 -0.7399 0.5200
vn 0.3233 -0.8604 0.3939
vn 0.5200 -0.7399 0.4268
vn 0.3939 -0.8604 0.3233
vn 0.5933 -0.7399 0.3171
vn 0.4494 -0.8604 0.2402
vn 0.6438 -0.7399 0.1953
vn 0.4876 -0.8604 0.1479
vn 0.6695 -0.7399 0.0659
vn 0.5071 -0.8604 0.0499
vn 0.6695 -0.7399 -0.0659
vn 0.5071 -0.8604 -0.0499
vn 0.6438 -0.7399 -0.1953
vn 0.4876 -0.8604 -0.1479
vn 0.4494 -0.8604 -0.2402
vn 0.3545 -0.9288 -0.1075
vn 0.3267 -0.9288 -0.1746
vn 0.2864 -0.9288 -0.2350
vn 0.2218 -0.9679 -0.1185
vn 0.1944 -0.9679 -0.1595
vn 0.2350 -0.9288 -0.2864
vn 0.1595 -0.9679 -0.1944
vn 0.1746 -0.9288 -0.3267
vn 0.1185 -0.9679 -0.2218
vn 0.1075 -0.9288 -0.3545
vn 0.0730 -0.9679 -0.2406
vn 0.0363 -0.9288 -0.3687
vn 0.0246 -0.9679 -0.2502
vn -0.0363 -0.9288 -0.3687
vn -0.0246 -0.9679 -0.2502
vn -0.1075 -0.9288 -0.3545
vn -0.0730 -0.9679 -0.2406
vn -0.1746 -0.9288 -0.3267
vn -0.1185 -0.9679 -0.2218
vn -0.2350 -0.9288 -0.2864
vn -0.1595 -0.9679 -0.1944
vn -0.2864 -0.9288 -0.2350
vn -0.1944 -0.9679 -0.1595
vn -0.3267 -0.9288 -0.1746
vn -0.2218 -0.9679 -0.1185
vn -0.3545 -0.9288 -0.1075
vn -0.2406 -0.9679 -0.0730
vn -0.3687 -0.9288 -0.0363
vn -0.2502 -0.9679 -0.0246
vn -0.3687 -0.9288 0.0363
vn -0.2502 -0.9679 0.0246
vn -0.3545 -0.9288 0.1075
vn -0.2406 -0.9679 0.0730
vn -0.3267 -0.9288 0.1746
vn -0.2218 -0.9679 0.1185
vn -0.2864 -0.9288 0.2350
vn -0.1944 -0.9679 0.1595
vn -0.2350 -0.9288 0.2864
vn -0.1595 -0.9679 0.1944
vn -0.1746 -0.9288 0.3267
vn -0.1185 -0.9679 0.2218
vn -0.1075 -0.9288 0.3545
vn -0.0730 -0.9679 0.2406
vn -0.0363 -0.9288 0.3687
vn -0.0246 -0.9679 0.2502
vn 0.0363 -0.9288 0.3687
vn 0.0246 -0.9679 0.2502
vn 0.1075 -0.9288 0.3545
vn 0.0730 -0.9679 0.2406
vn 0.1746 -0.9288 0.3267
vn 0.1185 -0.9679 0.2218
vn 0.2350 -0.9288 0.2864
vn 0.1595 -0.9679 0.1944
vn 0.2864 -0.9288 0.2350
vn 0.1944 -0.9679 0.1595
vn 0.3267 -0.9288 0.1746
vn 0.2218 -0.9679 0.1185
vn 0.3545 -0.9288 0.1075
vn 0.2406 -0.9679 0.0730
vn 0.3687 -0.9288 0.0363
vn 0.2502 -0.9679 0.0246
vn 0.3687 -0.9288 -0.0363
vn 0.2502 -0.9679 -0.0246
vn 0.2406 -0.9679 -0.0730
vn 0.1452 -0.9893 -0.0143
vn 0.1396 -0.9893 -0.0423
vn 0.1286 -0.9893 -0.0688
vn 0.0422 -0.9989 -0.0225
vn 0.0458 -0.9989 -0.0139
vn -0.0370 -0.9989 0.0303
vn -0.0303 -0.9989 0.0370
vn -0.0047 -0.9989 -0.0476
vn 0.0047 -0.9989 -0.0476
vn 0.0139 -0.9989 -0.0458
vn 0.0225 -0.9989 -0.0422
vn 0.0303 -0.9989 -0.0370
vn 0.0370 -0.9989 -0.0303
vn 0.0476 -0.9989 -0.0047
vn 0.0476 -0.9989 0.0047
vn 0.0458 -0.9989 0.0139
vn 0.0422 -0.9989 0.0225
vn 0.0370 -0.9989 0.0303
vn 0.0303 -0.9989 0.0370
vn 0.0225 -0.9989 0.0422
vn 0.0139 -0.9989 0.0458
vn 0.0047 -0.9989 0.0476
vn -0.0047 -0.9989 0.0476
vn -0.0139 -0.9989 0.0458
vn -0.0225 -0.9989 0.0422
vn -0.0422 -0.9989 0.0225
vn -0.0458 -0.9989 0.0139
vn -0.0476 -0.9989 0.0047
vn -0.0476 -0.9989 -0.0047
vn -0.0458 -0.9989 -0.0139
vn -0.0422 -0.9989 -0.0225
vn -0.0370 -0.9989 -0.0303
vn -0.0303 -0.9989 -0.0370
vn -0.0225 -0.9989 -0.0422
vn -0.0139 -0.9989 -0.0458
vn -0.0143 -0.9893 -0.1452
vn -0.0423 -0.9893 -0.1396
vn -0.0688 -0.9893 -0.1286
vn -0.0925 -0.9893 -0.1128
vn -0.1127 -0.9893 -0.0925
vn -0.1286 -0.9893 -0.0688
vn -0.1396 -0.9893 -0.0423
vn -0.1452 -0.9893 -0.0143
vn -0.1452 -0.9893 0.0143
vn -0.1396 -0.9893 0.0423
vn -0.1286 -0.9893 0.0688
vn -0.1128 -0.9893 0.0925
vn -0.0925 -0.9893 0.1128
vn -0.0688 -0.9893 0.1286
vn -0.0423 -0.9893 0.1396
vn -0.0143 -0.9893 0.1452
vn 0.0143 -0.9893 0.1452
vn 0.0423 -0.9893 0.1396
vn 0.0688 -0.9893 0.1286
vn 0.0925 -0.9893 0.1128
vn 0.1127 -0.9893 0.0925
vn 0.1286 -0.9893 0.0688
vn 0.1396 -0.9893 0.0423
vn 0.1452 -0.9893 0.0143
vn 0.1128 -0.9893 -0.0925
vn 0.0925 -0.9893 -0.1128
vn 0.0688 -0.9893 -0.1286
vn 0.0423 -0.9893 -0.1396
vn 0.0143 -0.9893 -0.1452
vn 0.0688 0.9893 -0.1286
vn 0.0423 0.9893 -0.1396
vn 0.0143 0.9893 -0.1452
vn 0.0139 0.9989 -0.0458
vn 0.0047 0.9989 -0.0476
vn -0.0143 0.9893 -0.1452
vn -0.0047 0.9989 -0.0476
vn -0.0423 0.9893 -0.1396
vn -0.0139 0.9989 -0.0458
vn -0.0688 0.9893 -0.1286
vn -0.0225 0.9989 -0.0422
vn -0.0925 0.9893 -0.1128
vn -0.0303 0.9989 -0.0370
vn -0.1127 0.9893 -0.0925
vn -0.0370 0.9989 -0.0303
vn -0.1286 0.9893 -0.0688
vn -0.0422 0.9989 -0.0225
vn -0.1396 0.9893 -0.0423
vn -0.0458 0.9989 -0.0139
vn -0.1452 0.9893 -0.0143
vn -0.0476 0.9989 -0.0047
vn -0.1452 0.9893 0.0143
vn -0.0476 0.9989 0.0047
vn -0.1396 0.9893 0.0423
vn -0.0458 0.9989 0.0139
vn -0.1286 0.9893 0.0688
vn -0.0422 0.9989 0.0225
vn -0.1128 0.9893 0.0925
vn -0.0370 0.9989 0.0303
vn -0.0925 0.9893 0.1128
vn -0.0303 0.9989 0.0370
vn -0.0688 0.9893 0.1286
vn -0.0225 0.9989 0.0422
vn -0.0423 0.9893 0.1396
vn -0.0139 0.9989 0.0458
vn -0.0143 0.9893 0.1452
vn -0.0047 0.9989 0.0476
vn 0.0143 0.9893 0.1452
vn 0.0047 0.9989 0.0476
vn 0.0423 0.9893 0.1396
vn 0.0139 0.9989 0.0458
vn 0.0688 0.9893 0.1286
vn 0.0225 0.9989 0.0422
vn 0.0925 0.9893 0.1128
vn 0.0303 0.9989 0.0370
vn 0.1128 0.9893 0.0925
vn 0.0370 0.9989 0.0303
vn 0.1286 0.9893 0.0688
vn 0.0422 0.9989 0.0225
vn 0.1396 0.9893 0.0423
vn 0.0458 0.9989 0.0139
vn 0.1452 0.9893 0.0143
vn 0.0476 0.9989 0.0047
vn 0.1452 0.9893 -0.0143
vn 0.0476 0.9989 -0.0047
vn 0.1396 0.9893 -0.0423
vn 0.0458 0.9989 -0.0139
vn 0.0422 0.9989 -0.0225
vn 0.1286 0.9893 -0.0688
vn 0.1128 0.9893 -0.0925
vn 0.0370 0.9989 -0.0303
vn 0.0925 0.9893 -0.1128
vn 0.0303 0.9989 -0.0370
vn 0.0225 0.9989 -0.0422
vt 0.935599 0.358224
vt 0.954801 0.358224
vt 0.954801 0.367825
vt 0.935599 0.367825
vt 0.916397 0.358224
vt 0.916397 0.367825
vt 0.935599 0.348623
vt 0.954801 0.348623
vt 0.916397 0.348623
vt 0.935599 0.339022
vt 0.954801 0.339022
vt 0.916397 0.339022
vt 0.935599 0.329421
vt 0.954801 0.329421
vt 0.916397 0.329421
vt 0.935599 0.319820
vt 0.954801 0.319820
vt 0.916397 0.319820
vt 0.935599 0.310219
vt 0.954801 0.310219
vt 0.916397 0.310219
vt 0.935599 0.300618
vt 0.954801 0.300618
vt 0.916397 0.300618
vt 0.935599 0.291017
vt 0.954801 0.291017
vt 0.916397 0.291017
vt 0.935599 0.281415
vt 0.954801 0.281415
vt 0.916397 0.281415
vt 0.935599 0.579050
vt 0.954801 0.579050
vt 0.954801 0.588651
vt 0.935599 0.588651
vt 0.916397 0.579050
vt 0.916397 0.588651
vt 0.935599 0.569448
vt 0.954801 0.569448
vt 0.916397 0.569448
vt 0.935599 0.559847
vt 0.954801 0.559847
vt 0.916397 0.559847
vt 0.935599 0.550246
vt 0.954801 0.550246
vt 0.916397 0.550246
vt 0.935599 0.540645
vt 0.954801 0.540645
vt 0.916397 0.540645
vt 0.935599 0.531044
vt 0.954801 0.531044
vt 0.916397 0.531044
vt 0.935599 0.521443
vt 0.954801 0.521443
vt 0.916397 0.521443
vt 0.935599 0.511842
vt 0.954801 0.511842
vt 0.916397 0.511842
vt 0.935599 0.502241
vt 0.954801 0.502241
vt 0.916397 0.502241
vt 0.935599 0.492640
vt 0.954801 0.492640
vt 0.916397 0.492640
vt 0.935599 0.483039
vt 0.954801 0.483039
vt 0.916397 0.483039
vt 0.935599 0.473437
vt 0.954801 0.473437
vt 0.916397 0.473437
vt 0.935599 0.463836
vt 0.954801 0.463836
vt 0.916397 0.463836
vt 0.935599 0.454235
vt 0.954801 0.454235
vt 0.916397 0.454235
vt 0.935599 0.444634
vt 0.954801 0.444634
vt 0.916397 0.444634
vt 0.935599 0.435033
vt 0.954801 0.435033
vt 0.916397 0.435033
vt 0.935599 0.425432
vt 0.954801 0.425432
vt 0.916397 0.425432
vt 0.935599 0.415831
vt 0.954801 0.415831
vt 0.916397 0.415831
vt 0.935599 0.406230
vt 0.954801 0.406230
vt 0.916397 0.406230
vt 0.935599 0.396629
vt 0.954801 0.396629
vt 0.916397 0.396629
vt 0.935599 0.387028
vt 0.954801 0.387028
vt 0.916397 0.387028
vt 0.935599 0.377426
vt 0.954801 0.377426
vt 0.916397 0.377426
vt 0.897195 0.377427
vt 0.897195 0.387028
vt 0.897195 0.367825
vt 0.897195 0.358224
vt 0.877993 0.367825
vt 0.877992 0.377427
vt 0.877993 0.358224
vt 0.897195 0.348623
vt 0.877993 0.348623
vt 0.897195 0.339022
vt 0.877993 0.339022
vt 0.897195 0.329421
vt 0.877993 0.329421
vt 0.897195 0.319820
vt 0.877993 0.319820
vt 0.897195 0.310219
vt 0.877993 0.310219
vt 0.897195 0.300618
vt 0.877993 0.300618
vt 0.897195 0.291017
vt 0.877993 0.291017
vt 0.897195 0.281415
vt 0.877993 0.281415
vt 0.897195 0.579050
vt 0.897195 0.588651
vt 0.877993 0.579050
vt 0.877993 0.588651
vt 0.897195 0.569448
vt 0.877993 0.569448
vt 0.897195 0.559847
vt 0.877993 0.559847
vt 0.897195 0.550246
vt 0.877993 0.550246
vt 0.897195 0.540645
vt 0.877993 0.540645
vt 0.897195 0.531044
vt 0.877993 0.531044
vt 0.897195 0.521443
vt 0.877993 0.521443
vt 0.897195 0.511842
vt 0.877993 0.511842
vt 0.897195 0.502241
vt 0.877993 0.502241
vt 0.897195 0.492640
vt 0.877993 0.492640
vt 0.897195 0.483039
vt 0.877993 0.483039
vt 0.897195 0.473437
vt 0.877993 0.473437
vt 0.897195 0.463836
vt 0.877993 0.463836
vt 0.897195 0.454235
vt 0.877993 0.454235
vt 0.897195 0.444634
vt 0.877993 0.444634
vt 0.897195 0.435033
vt 0.877993 0.435033
vt 0.897195 0.425432
vt 0.877993 0.425432
vt 0.897195 0.415831
vt 0.877993 0.415831
vt 0.897195 0.406230
vt 0.877993 0.406230
vt 0.897195 0.396629
vt 0.877993 0.396629
vt 0.877993 0.387028
vt 0.858790 0.387028
vt 0.858790 0.396629
vt 0.858790 0.377427
vt 0.858790 0.367825
vt 0.839588 0.377427
vt 0.839588 0.387028
vt 0.839588 0.367825
vt 0.858790 0.358224
vt 0.839588 0.358224
vt 0.839588 0.348623
vt 0.858790 0.348623
vt 0.858790 0.339022
vt 0.839588 0.339022
vt 0.858790 0.329421
vt 0.839588 0.329421
vt 0.858790 0.319820
vt 0.839588 0.319820
vt 0.858790 0.310219
vt 0.839588 0.310219
vt 0.858790 0.300618
vt 0.839588 0.300618
vt 0.858790 0.291017
vt 0.839588 0.291017
vt 0.858790 0.281416
vt 0.839588 0.281416
vt 0.858790 0.579050
vt 0.858790 0.588651
vt 0.839588 0.579050
vt 0.839588 0.588651
vt 0.858790 0.569448
vt 0.839588 0.569448
vt 0.858790 0.559847
vt 0.839588 0.559847
vt 0.858790 0.550246
vt 0.839588 0.550246
vt 0.858790 0.540645
vt 0.839588 0.540645
vt 0.858790 0.531044
vt 0.839588 0.531044
vt 0.858790 0.521443
vt 0.839588 0.521443
vt 0.858790 0.511842
vt 0.839588 0.511842
vt 0.858790 0.502241
vt 0.839588 0.502241
vt 0.858790 0.492640
vt 0.839588 0.492640
vt 0.858790 0.483039
vt 0.839588 0.483039
vt 0.858790 0.473437
vt 0.839588 0.473437
vt 0.858790 0.463836
vt 0.839588 0.463836
vt 0.858790 0.454235
vt 0.839588 0.454235
vt 0.858790 0.444634
vt 0.839588 0.444634
vt 0.858790 0.435033
vt 0.839588 0.435033
vt 0.858790 0.425432
vt 0.839588 0.425432
vt 0.858790 0.415831
vt 0.839588 0.415831
vt 0.858790 0.406230
vt 0.839588 0.406230
vt 0.839588 0.396629
vt 0.820386 0.396629
vt 0.820386 0.406230
vt 0.820386 0.387028
vt 0.820386 0.377427
vt 0.801184 0.387028
vt 0.801184 0.396629
vt 0.801184 0.377427
vt 0.820386 0.367825
vt 0.801184 0.367825
vt 0.820386 0.358224
vt 0.801184 0.358224
vt 0.820386 0.348623
vt 0.801184 0.348623
vt 0.820386 0.339022
vt 0.801184 0.339022
vt 0.820386 0.329421
vt 0.801184 0.329421
vt 0.820386 0.319820
vt 0.801184 0.319820
vt 0.820386 0.310219
vt 0.801184 0.310219
vt 0.820386 0.300618
vt 0.801184 0.300618
vt 0.820386 0.291017
vt 0.801184 0.291017
vt 0.820386 0.281416
vt 0.801184 0.281416
vt 0.820386 0.579050
vt 0.820386 0.588651
vt 0.801184 0.579050
vt 0.801184 0.588651
vt 0.820386 0.569448
vt 0.801184 0.569448
vt 0.820386 0.559847
vt 0.801184 0.559847
vt 0.820386 0.550246
vt 0.801184 0.550246
vt 0.820386 0.540645
vt 0.801184 0.540645
vt 0.820386 0.531044
vt 0.801184 0.531044
vt 0.820386 0.521443
vt 0.801184 0.521443
vt 0.820386 0.511842
vt 0.801184 0.511842
vt 0.820386 0.502241
vt 0.801184 0.502241
vt 0.820386 0.492640
vt 0.801184 0.492640
vt 0.820386 0.483039
vt 0.801184 0.483039
vt 0.820386 0.473437
vt 0.801184 0.473438
vt 0.820386 0.463836
vt 0.801184 0.463836
vt 0.820386 0.454235
vt 0.801184 0.454235
vt 0.820386 0.444634
vt 0.801184 0.444634
vt 0.820386 0.435033
vt 0.801184 0.435033
vt 0.820386 0.425432
vt 0.801184 0.425432
vt 0.820386 0.415831
vt 0.801184 0.415831
vt 0.801184 0.406230
vt 0.781981 0.406230
vt 0.781981 0.415831
vt 0.781981 0.396629
vt 0.781981 0.387028
vt 0.762779 0.396629
vt 0.762779 0.406230
vt 0.762779 0.387028
vt 0.781981 0.377427
vt 0.762779 0.377427
vt 0.781981 0.367825
vt 0.762779 0.367825
vt 0.781981 0.358224
vt 0.762779 0.358224
vt 0.781981 0.348623
vt 0.762779 0.348623
vt 0.781981 0.339022
vt 0.762779 0.339022
vt 0.781981 0.329421
vt 0.762779 0.329421
vt 0.781981 0.319820
vt 0.762779 0.319820
vt 0.781981 0.310219
vt 0.762779 0.310219
vt 0.781981 0.300618
vt 0.762779 0.300618
vt 0.781981 0.291017
vt 0.762779 0.291017
vt 0.781981 0.281416
vt 0.762779 0.281416
vt 0.781981 0.579050
vt 0.781981 0.588651
vt 0.762779 0.579050
vt 0.762779 0.588651
vt 0.781981 0.569448
vt 0.762779 0.569448
vt 0.781981 0.559847
vt 0.762779 0.559847
vt 0.781981 0.550246
vt 0.762779 0.550246
vt 0.781981 0.540645
vt 0.762779 0.540645
vt 0.781981 0.531044
vt 0.762779 0.531044
vt 0.781981 0.521443
vt 0.762779 0.521443
vt 0.781981 0.511842
vt 0.762779 0.511842
vt 0.781981 0.502241
vt 0.762779 0.502241
vt 0.781981 0.492640
vt 0.762779 0.492640
vt 0.781981 0.483039
vt 0.762779 0.483039
vt 0.781981 0.473437
vt 0.762779 0.473437
vt 0.781981 0.463836
vt 0.762779 0.463836
vt 0.781981 0.454235
vt 0.762779 0.454235
vt 0.781981 0.444634
vt 0.762779 0.444634
vt 0.781981 0.435033
vt 0.762779 0.435033
vt 0.781981 0.425432
vt 0.762779 0.425432
vt 0.762779 0.415831
vt 0.743577 0.415831
vt 0.743577 0.425432
vt 0.743577 0.406230
vt 0.743577 0.396629
vt 0.724375 0.406230
vt 0.724375 0.415831
vt 0.724375 0.396629
vt 0.743577 0.387028
vt 0.724375 0.387028
vt 0.743577 0.377427
vt 0.724375 0.377427
vt 0.743577 0.367825
vt 0.724375 0.367825
vt 0.743577 0.358224
vt 0.724375 0.358224
vt 0.743577 0.348623
vt 0.724375 0.348623
vt 0.743577 0.339022
vt 0.724375 0.339022
vt 0.743577 0.329421
vt 0.724375 0.329421
vt 0.743577 0.319820
vt 0.724375 0.319820
vt 0.743577 0.310219
vt 0.724375 0.310219
vt 0.743577 0.300618
vt 0.724375 0.300618
vt 0.743577 0.291017
vt 0.724375 0.291017
vt 0.743577 0.281416
vt 0.724375 0.281416
vt 0.743577 0.579050
vt 0.743577 0.588651
vt 0.724375 0.579050
vt 0.724375 0.588651
vt 0.743577 0.569448
vt 0.724375 0.569448
vt 0.743577 0.559847
vt 0.724375 0.559847
vt 0.743577 0.550246
vt 0.724375 0.550246
vt 0.743577 0.540645
vt 0.724375 0.540645
vt 0.743577 0.531044
vt 0.724375 0.531044
vt 0.743577 0.521443
vt 0.724375 0.521443
vt 0.743577 0.511842
vt 0.724375 0.511842
vt 0.743577 0.502241
vt 0.724375 0.502241
vt 0.743577 0.492640
vt 0.724375 0.492640
vt 0.743577 0.483039
vt 0.724375 0.483039
vt 0.743577 0.473437
vt 0.724375 0.473437
vt 0.743577 0.463836
vt 0.724375 0.463836
vt 0.743577 0.454235
vt 0.724375 0.454235
vt 0.743577 0.444634
vt 0.724375 0.444634
vt 0.743577 0.435033
vt 0.724375 0.435033
vt 0.724375 0.425432
vt 0.705173 0.425432
vt 0.705173 0.435033
vt 0.705173 0.415831
vt 0.705173 0.406230
vt 0.685970 0.411030
vt 0.685970 0.420631
vt 0.685970 0.555047
vt 0.705173 0.550246
vt 0.705173 0.559847
vt 0.685970 0.545446
vt 0.705173 0.540645
vt 0.685970 0.353424
vt 0.705173 0.348623
vt 0.705173 0.358224
vt 0.685970 0.363025
vt 0.705173 0.367825
vt 0.685970 0.372626
vt 0.705173 0.377427
vt 0.685970 0.382227
vt 0.705173 0.387028
vt 0.685970 0.391828
vt 0.705173 0.396629
vt 0.685970 0.401429
vt 0.685970 0.430233
vt 0.685970 0.439834
vt 0.705173 0.444634
vt 0.685970 0.449435
vt 0.705173 0.454235
vt 0.685970 0.459036
vt 0.705173 0.463836
vt 0.685970 0.468637
vt 0.705173 0.473437
vt 0.685970 0.478238
vt 0.705173 0.483039
vt 0.685970 0.487839
vt 0.705173 0.492640
vt 0.685970 0.497440
vt 0.705173 0.502241
vt 0.685970 0.507041
vt 0.705173 0.511842
vt 0.685970 0.516642
vt 0.705173 0.521443
vt 0.685970 0.526243
vt 0.705173 0.531044
vt 0.685970 0.535845
vt 0.685970 0.564648
vt 0.705173 0.569448
vt 0.685970 0.574249
vt 0.705173 0.579050
vt 0.685970 0.583850
vt 0.705173 0.588651
vt 0.685970 0.286216
vt 0.705173 0.281416
vt 0.705173 0.291017
vt 0.685970 0.295817
vt 0.705173 0.300618
vt 0.685970 0.305418
vt 0.705173 0.310219
vt 0.685970 0.315019
vt 0.705173 0.319820
vt 0.685970 0.324620
vt 0.705173 0.329421
vt 0.685970 0.334222
vt 0.705173 0.339022
vt 0.685970 0.343823
vt 0.974003 0.377426
vt 0.974003 0.387028
vt 0.974003 0.367825
vt 0.974003 0.358224
vt 0.993206 0.372626
vt 0.993206 0.363025
vt 0.974003 0.348623
vt 0.993206 0.353424
vt 0.974003 0.339022
vt 0.993206 0.343823
vt 0.974003 0.329421
vt 0.993206 0.334222
vt 0.974003 0.319820
vt 0.993206 0.324620
vt 0.974003 0.310219
vt 0.993206 0.315019
vt 0.974003 0.300618
vt 0.993206 0.305418
vt 0.974003 0.291017
vt 0.993206 0.295817
vt 0.974003 0.281415
vt 0.993206 0.286216
vt 0.974003 0.579050
vt 0.974003 0.588651
vt 0.993206 0.583850
vt 0.974003 0.569448
vt 0.993206 0.574249
vt 0.974003 0.559847
vt 0.993206 0.564648
vt 0.974003 0.550246
vt 0.993206 0.555047
vt 0.974003 0.540645
vt 0.993206 0.545446
vt 0.974003 0.531044
vt 0.993206 0.535845
vt 0.974003 0.521443
vt 0.993206 0.526243
vt 0.974003 0.511842
vt 0.993206 0.516642
vt 0.974003 0.502241
vt 0.993206 0.507041
vt 0.974003 0.492640
vt 0.993206 0.497440
vt 0.974003 0.483039
vt 0.993206 0.487839
vt 0.974003 0.473437
vt 0.993206 0.478238
vt 0.974003 0.463836
vt 0.993206 0.468637
vt 0.974003 0.454235
vt 0.993206 0.459036
vt 0.974003 0.444634
vt 0.993206 0.449435
vt 0.974003 0.435033
vt 0.993206 0.439834
vt 0.974003 0.425432
vt 0.993206 0.430233
vt 0.974003 0.415831
vt 0.993206 0.420631
vt 0.974003 0.406230
vt 0.993206 0.411030
vt 0.974003 0.396629
vt 0.993206 0.401429
vt 0.993206 0.391828
vt 0.993206 0.382227
s 0
usemtl マテリアル
f 2787/3108/1691 2789/3109/1691 3236/3110/1691 2788/3111/1691
f 2790/3112/1692 2787/3108/1692 2788/3111/1692 2882/3113/1692
f 2791/3114/1693 2792/3115/1693 2789/3109/1693 2787/3108/1693
f 2793/3116/1694 2791/3114/1694 2787/3108/1694 2790/3112/1694
f 2794/3117/1695 2795/3118/1695 2792/3115/1695 2791/3114/1695
f 2796/3119/1696 2794/3117/1696 2791/3114/1696 2793/3116/1696
f 2797/3120/1697 2798/3121/1697 2795/3118/1697 2794/3117/1697
f 2799/3122/1698 2797/3120/1698 2794/3117/1698 2796/3119/1698
f 2800/3123/1699 2801/3124/1699 2798/3121/1699 2797/3120/1699
f 2802/3125/1700 2800/3123/1700 2797/3120/1700 2799/3122/1700
f 2803/3126/1701 2804/3127/1701 2801/3124/1701 2800/3123/1701
f 2805/3128/1702 2803/3126/1702 2800/3123/1702 2802/3125/1702
f 2806/3129/1703 2807/3130/1703 2804/3127/1703 2803/3126/1703
f 2808/3131/1704 2806/3129/1704 2803/3126/1704 2805/3128/1704
f 2809/3132/1705 2810/3133/1705 2807/3130/1705 2806/3129/1705
f 2811/3134/1706 2809/3132/1706 2806/3129/1706 2808/3131/1706
f 2812/3135/1707 2813/3136/1707 2810/3133/1707 2809/3132/1707
f 2814/3137/1708 2812/3135/1708 2809/3132/1708 2811/3134/1708
f 2815/3138/1709 2816/3139/1709 2813/3140/1709 2812/3141/1709
f 2817/3142/1710 2815/3138/1710 2812/3141/1710 2814/3143/1710
f 2818/3144/1711 2819/3145/1711 2816/3139/1711 2815/3138/1711
f 2820/3146/1712 2818/3144/1712 2815/3138/1712 2817/3142/1712
f 2821/3147/1713 2822/3148/1713 2819/3145/1713 2818/3144/1713
f 2823/3149/1714 2821/3147/1714 2818/3144/1714 2820/3146/1714
f 2824/3150/1715 2825/3151/1715 2822/3148/1715 2821/3147/1715
f 2826/3152/1716 2824/3150/1716 2821/3147/1716 2823/3149/1716
f 2827/3153/1717 2828/3154/1717 2825/3151/1717 2824/3150/1717
f 2829/3155/1718 2827/3153/1718 2824/3150/1718 2826/3152/1718
f 2830/3156/1719 2831/3157/1719 2828/3154/1719 2827/3153/1719
f 2832/3158/1720 2830/3156/1720 2827/3153/1720 2829/3155/1720
f 2833/3159/1721 2834/3160/1721 2831/3157/1721 2830/3156/1721
f 2835/3161/1722 2833/3159/1722 2830/3156/1722 2832/3158/1722
f 2836/3162/1723 2837/3163/1723 2834/3160/1723 2833/3159/1723
f 2838/3164/1724 2836/3162/1724 2833/3159/1724 2835/3161/1724
f 2839/3165/1725 2840/3166/1725 2837/3163/1725 2836/3162/1725
f 2841/3167/1726 2839/3165/1726 2836/3162/1726 2838/3164/1726
f 2842/3168/1727 2843/3169/1727 2840/3166/1727 2839/3165/1727
f 2844/3170/1728 2842/3168/1728 2839/3165/1728 2841/3167/1728
f 2845/3171/1729 2846/3172/1729 2843/3169/1729 2842/3168/1729
f 2847/3173/1730 2845/3171/1730 2842/3168/1730 2844/3170/1730
f 2848/3174/1731 2849/3175/1731 2846/3172/1731 2845/3171/1731
f 2850/3176/1732 2848/3174/1732 2845/3171/1732 2847/3173/1732
f 2851/3177/1733 2852/3178/1733 2849/3175/1733 2848/3174/1733
f 2853/3179/1734 2851/3177/1734 2848/3174/1734 2850/3176/1734
f 2854/3180/1735 2855/3181/1735 2852/3178/1735 2851/3177/1735
f 2856/3182/1736 2854/3180/1736 2851/3177/1736 2853/3179/1736
f 2857/3183/1737 2858/3184/1737 2855/3181/1737 2854/3180/1737
f 2859/3185/1738 2857/3183/1738 2854/3180/1738 2856/3182/1738
f 2860/3186/1739 2861/3187/1739 2858/3184/1739 2857/3183/1739
f 2862/3188/1740 2860/3186/1740 2857/3183/1740 2859/3185/1740
f 2863/3189/1741 2864/3190/1741 2861/3187/1741 2860/3186/1741
f 2865/3191/1742 2863/3189/1742 2860/3186/1742 2862/3188/1742
f 2866/3192/1743 2867/3193/1743 2864/3190/1743 2863/3189/1743
f 2868/3194/1744 2866/3192/1744 2863/3189/1744 2865/3191/1744
f 2869/3195/1745 2870/3196/1745 2867/3193/1745 2866/3192/1745
f 2871/3197/1746 2869/3195/1746 2866/3192/1746 2868/3194/1746
f 2872/3198/1747 2873/3199/1747 2870/3196/1747 2869/3195/1747
f 2874/3200/1748 2872/3198/1748 2869/3195/1748 2871/3197/1748
f 2875/3201/1749 2876/3202/1749 2873/3199/1749 2872/3198/1749
f 2877/3203/1750 2875/3201/1750 2872/3198/1750 2874/3200/1750
f 2878/3204/1751 2879/3205/1751 2876/3202/1751 2875/3201/1751
f 2880/3206/1752 2878/3204/1752 2875/3201/1752 2877/3203/1752
f 2788/3111/1753 3236/3110/1753 2879/3205/1753 2878/3204/1753
f 2882/3113/1754 2788/3111/1754 2878/3204/1754 2880/3206/1754
f 2881/3207/1755 2880/3206/1755 2877/3203/1755 2943/3208/1755
f 2883/3209/1756 2882/3113/1756 2880/3206/1756 2881/3207/1756
f 2885/3210/1757 2790/3112/1757 2882/3113/1757 2883/3209/1757
f 2884/3211/1758 2883/3209/1758 2881/3207/1758 2946/3212/1758
f 2886/3213/1759 2885/3210/1759 2883/3209/1759 2884/3211/1759
f 2887/3214/1760 2793/3116/1760 2790/3112/1760 2885/3210/1760
f 2888/3215/1761 2887/3214/1761 2885/3210/1761 2886/3213/1761
f 2889/3216/1762 2796/3119/1762 2793/3116/1762 2887/3214/1762
f 2890/3217/1763 2889/3216/1763 2887/3214/1763 2888/3215/1763
f 2891/3218/1764 2799/3122/1764 2796/3119/1764 2889/3216/1764
f 2892/3219/1765 2891/3218/1765 2889/3216/1765 2890/3217/1765
f 2893/3220/1766 2802/3125/1766 2799/3122/1766 2891/3218/1766
f 2894/3221/1767 2893/3220/1767 2891/3218/1767 2892/3219/1767
f 2895/3222/1768 2805/3128/1768 2802/3125/1768 2893/3220/1768
f 2896/3223/1769 2895/3222/1769 2893/3220/1769 2894/3221/1769
f 2897/3224/1770 2808/3131/1770 2805/3128/1770 2895/3222/1770
f 2898/3225/1771 2897/3224/1771 2895/3222/1771 2896/3223/1771
f 2899/3226/1772 2811/3134/1772 2808/3131/1772 2897/3224/1772
f 2900/3227/1773 2899/3226/1773 2897/3224/1773 2898/3225/1773
f 2901/3228/1774 2814/3137/1774 2811/3134/1774 2899/3226/1774
f 2902/3229/1775 2901/3228/1775 2899/3226/1775 2900/3227/1775
f 2903/3230/1776 2817/3142/1776 2814/3143/1776 2901/3231/1776
f 2904/3232/1777 2903/3230/1777 2901/3231/1777 2902/3233/1777
f 2905/3234/1778 2820/3146/1778 2817/3142/1778 2903/3230/1778
f 2906/3235/1779 2905/3234/1779 2903/3230/1779 2904/3232/1779
f 2907/3236/1780 2823/3149/1780 2820/3146/1780 2905/3234/1780
f 2908/3237/1781 2907/3236/1781 2905/3234/1781 2906/3235/1781
f 2909/3238/1782 2826/3152/1782 2823/3149/1782 2907/3236/1782
f 2910/3239/1783 2909/3238/1783 2907/3236/1783 2908/3237/1783
f 2911/3240/1784 2829/3155/1784 2826/3152/1784 2909/3238/1784
f 2912/3241/1785 2911/3240/1785 2909/3238/1785 2910/3239/1785
f 2913/3242/1786 2832/3158/1786 2829/3155/1786 2911/3240/1786
f 2914/3243/1787 2913/3242/1787 2911/3240/1787 2912/3241/1787
f 2915/3244/1788 2835/3161/1788 2832/3158/1788 2913/3242/1788
f 2916/3245/1789 2915/3244/1789 2913/3242/1789 2914/3243/1789
f 2917/3246/1790 2838/3164/1790 2835/3161/1790 2915/3244/1790
f 2918/3247/1791 2917/3246/1791 2915/3244/1791 2916/3245/1791
f 2919/3248/1792 2841/3167/1792 2838/3164/1792 2917/3246/1792
f 2920/3249/1793 2919/3248/1793 2917/3246/1793 2918/3247/1793
f 2921/3250/1794 2844/3170/1794 2841/3167/1794 2919/3248/1794
f 2922/3251/1795 2921/3250/1795 2919/3248/1795 2920/3249/1795
f 2923/3252/1796 2847/3173/1796 2844/3170/1796 2921/3250/1796
f 2924/3253/1797 2923/3252/1797 2921/3250/1797 2922/3251/1797
f 2925/3254/1798 2850/3176/1798 2847/3173/1798 2923/3252/1798
f 2926/3255/1799 2925/3254/1799 2923/3252/1799 2924/3253/1799
f 2927/3256/1800 2853/3179/1800 2850/3176/1800 2925/3254/1800
f 2928/3257/1801 2927/3256/1801 2925/3254/1801 2926/3255/1801
f 2929/3258/1802 2856/3182/1802 2853/3179/1802 2927/3256/1802
f 2930/3259/1803 2929/3258/1803 2927/3256/1803 2928/3257/1803
f 2931/3260/1804 2859/3185/1804 2856/3182/1804 2929/3258/1804
f 2932/3261/1805 2931/3260/1805 2929/3258/1805 2930/3259/1805
f 2933/3262/1806 2862/3188/1806 2859/3185/1806 2931/3260/1806
f 2934/3263/1807 2933/3262/1807 2931/3260/1807 2932/3261/1807
f 2935/3264/1808 2865/3191/1808 2862/3188/1808 2933/3262/1808
f 2936/3265/1809 2935/3264/1809 2933/3262/1809 2934/3263/1809
f 2937/3266/1810 2868/3194/1810 2865/3191/1810 2935/3264/1810
f 2938/3267/1811 2937/3266/1811 2935/3264/1811 2936/3265/1811
f 2939/3268/1812 2871/3197/1812 2868/3194/1812 2937/3266/1812
f 2940/3269/1813 2939/3268/1813 2937/3266/1813 2938/3267/1813
f 2941/3270/1814 2874/3200/1814 2871/3197/1814 2939/3268/1814
f 2942/3271/1815 2941/3270/1815 2939/3268/1815 2940/3269/1815
f 2943/3208/1816 2877/3203/1816 2874/3200/1816 2941/3270/1816
f 2944/3272/1817 2943/3208/1817 2941/3270/1817 2942/3271/1817
f 2946/3212/1818 2881/3207/1818 2943/3208/1818 2944/3272/1818
f 2945/3273/1819 2944/3272/1819 2942/3271/1819 3007/3274/1819
f 2947/3275/1820 2946/3212/1820 2944/3272/1820 2945/3273/1820
f 2949/3276/1821 2884/3211/1821 2946/3212/1821 2947/3275/1821
f 2948/3277/1822 2947/3275/1822 2945/3273/1822 3010/3278/1822
f 2950/3279/1823 2949/3276/1823 2947/3275/1823 2948/3277/1823
f 2951/3280/1824 2886/3213/1824 2884/3211/1824 2949/3276/1824
f 2952/3281/1825 2951/3280/1825 2949/3276/1825 2950/3279/1825
f 2954/3282/1826 2953/3283/1826 2951/3280/1826 2952/3281/1826
f 2953/3283/1827 2888/3215/1827 2886/3213/1827 2951/3280/1827
f 2955/3284/1828 2890/3217/1828 2888/3215/1828 2953/3283/1828
f 2956/3285/1829 2955/3284/1829 2953/3283/1829 2954/3282/1829
f 2957/3286/1830 2892/3219/1830 2890/3217/1830 2955/3284/1830
f 2958/3287/1831 2957/3286/1831 2955/3284/1831 2956/3285/1831
f 2959/3288/1832 2894/3221/1832 2892/3219/1832 2957/3286/1832
f 2960/3289/1833 2959/3288/1833 2957/3286/1833 2958/3287/1833
f 2961/3290/1834 2896/3223/1834 2894/3221/1834 2959/3288/1834
f 2962/3291/1835 2961/3290/1835 2959/3288/1835 2960/3289/1835
f 2963/3292/1836 2898/3225/1836 2896/3223/1836 2961/3290/1836
f 2964/3293/1837 2963/3292/1837 2961/3290/1837 2962/3291/1837
f 2965/3294/1838 2900/3227/1838 2898/3225/1838 2963/3292/1838
f 2966/3295/1839 2965/3294/1839 2963/3292/1839 2964/3293/1839
f 2967/3296/1840 2902/3229/1840 2900/3227/1840 2965/3294/1840
f 2968/3297/1841 2967/3296/1841 2965/3294/1841 2966/3295/1841
f 2969/3298/1842 2904/3232/1842 2902/3233/1842 2967/3299/1842
f 2970/3300/1843 2969/3298/1843 2967/3299/1843 2968/3301/1843
f 2971/3302/1844 2906/3235/1844 2904/3232/1844 2969/3298/1844
f 2972/3303/1845 2971/3302/1845 2969/3298/1845 2970/3300/1845
f 2973/3304/1846 2908/3237/1846 2906/3235/1846 2971/3302/1846
f 2974/3305/1847 2973/3304/1847 2971/3302/1847 2972/3303/1847
f 2975/3306/1848 2910/3239/1848 2908/3237/1848 2973/3304/1848
f 2976/3307/1849 2975/3306/1849 2973/3304/1849 2974/3305/1849
f 2977/3308/1850 2912/3241/1850 2910/3239/1850 2975/3306/1850
f 2978/3309/1851 2977/3308/1851 2975/3306/1851 2976/3307/1851
f 2979/3310/1852 2914/3243/1852 2912/3241/1852 2977/3308/1852
f 2980/3311/1853 2979/3310/1853 2977/3308/1853 2978/3309/1853
f 2981/3312/1854 2916/3245/1854 2914/3243/1854 2979/3310/1854
f 2982/3313/1855 2981/3312/1855 2979/3310/1855 2980/3311/1855
f 2983/3314/1856 2918/3247/1856 2916/3245/1856 2981/3312/1856
f 2984/3315/1857 2983/3314/1857 2981/3312/1857 2982/3313/1857
f 2985/3316/1858 2920/3249/1858 2918/3247/1858 2983/3314/1858
f 2986/3317/1859 2985/3316/1859 2983/3314/1859 2984/3315/1859
f 2987/3318/1860 2922/3251/1860 2920/3249/1860 2985/3316/1860
f 2988/3319/1861 2987/3318/1861 2985/3316/1861 2986/3317/1861
f 2989/3320/1862 2924/3253/1862 2922/3251/1862 2987/3318/1862
f 2990/3321/1863 2989/3320/1863 2987/3318/1863 2988/3319/1863
f 2991/3322/1864 2926/3255/1864 2924/3253/1864 2989/3320/1864
f 2992/3323/1865 2991/3322/1865 2989/3320/1865 2990/3321/1865
f 2993/3324/1866 2928/3257/1866 2926/3255/1866 2991/3322/1866
f 2994/3325/1867 2993/3324/1867 2991/3322/1867 2992/3323/1867
f 2995/3326/1868 2930/3259/1868 2928/3257/1868 2993/3324/1868
f 2996/3327/1869 2995/3326/1869 2993/3324/1869 2994/3325/1869
f 2997/3328/1870 2932/3261/1870 2930/3259/1870 2995/3326/1870
f 2998/3329/1871 2997/3328/1871 2995/3326/1871 2996/3327/1871
f 2999/3330/1872 2934/3263/1872 2932/3261/1872 2997/3328/1872
f 3000/3331/1873 2999/3330/1873 2997/3328/1873 2998/3329/1873
f 3001/3332/1874 2936/3265/1874 2934/3263/1874 2999/3330/1874
f 3002/3333/1875 3001/3332/1875 2999/3330/1875 3000/3331/1875
f 3003/3334/1876 2938/3267/1876 2936/3265/1876 3001/3332/1876
f 3004/3335/1877 3003/3334/1877 3001/3332/1877 3002/3333/1877
f 3005/3336/1878 2940/3269/1878 2938/3267/1878 3003/3334/1878
f 3006/3337/1879 3005/3336/1879 3003/3334/1879 3004/3335/1879
f 3007/3274/1880 2942/3271/1880 2940/3269/1880 3005/3336/1880
f 3008/3338/1881 3007/3274/1881 3005/3336/1881 3006/3337/1881
f 3010/3278/1882 2945/3273/1882 3007/3274/1882 3008/3338/1882
f 3009/3339/1883 3008/3338/1883 3006/3337/1883 3071/3340/1883
f 3011/3341/1884 3010/3278/1884 3008/3338/1884 3009/3339/1884
f 3013/3342/1885 2948/3277/1885 3010/3278/1885 3011/3341/1885
f 3012/3343/1886 3011/3341/1886 3009/3339/1886 3074/3344/1886
f 3014/3345/1887 3013/3342/1887 3011/3341/1887 3012/3343/1887
f 3015/3346/1888 2950/3279/1888 2948/3277/1888 3013/3342/1888
f 3016/3347/1889 3015/3346/1889 3013/3342/1889 3014/3345/1889
f 3017/3348/1890 2952/3281/1890 2950/3279/1890 3015/3346/1890
f 3018/3349/1891 3017/3348/1891 3015/3346/1891 3016/3347/1891
f 3019/3350/1892 2954/3282/1892 2952/3281/1892 3017/3348/1892
f 3020/3351/1893 3019/3350/1893 3017/3348/1893 3018/3349/1893
f 3021/3352/1894 2956/3285/1894 2954/3282/1894 3019/3350/1894
f 3022/3353/1895 3021/3352/1895 3019/3350/1895 3020/3351/1895
f 3023/3354/1896 2958/3287/1896 2956/3285/1896 3021/3352/1896
f 3024/3355/1897 3023/3354/1897 3021/3352/1897 3022/3353/1897
f 3025/3356/1898 2960/3289/1898 2958/3287/1898 3023/3354/1898
f 3026/3357/1899 3025/3356/1899 3023/3354/1899 3024/3355/1899
f 3027/3358/1900 2962/3291/1900 2960/3289/1900 3025/3356/1900
f 3028/3359/1901 3027/3358/1901 3025/3356/1901 3026/3357/1901
f 3029/3360/1902 2964/3293/1902 2962/3291/1902 3027/3358/1902
f 3030/3361/1903 3029/3360/1903 3027/3358/1903 3028/3359/1903
f 3031/3362/1904 2966/3295/1904 2964/3293/1904 3029/3360/1904
f 3032/3363/1905 3031/3362/1905 3029/3360/1905 3030/3361/1905
f 3033/3364/1906 2968/3297/1906 2966/3295/1906 3031/3362/1906
f 3034/3365/1907 3033/3364/1907 3031/3362/1907 3032/3363/1907
f 3035/3366/1908 2970/3300/1908 2968/3301/1908 3033/3367/1908
f 3036/3368/1909 3035/3366/1909 3033/3367/1909 3034/3369/1909
f 3037/3370/1910 2972/3303/1910 2970/3300/1910 3035/3366/1910
f 3038/3371/1911 3037/3370/1911 3035/3366/1911 3036/3368/1911
f 3039/3372/1912 2974/3305/1912 2972/3303/1912 3037/3370/1912
f 3040/3373/1913 3039/3372/1913 3037/3370/1913 3038/3371/1913
f 3041/3374/1914 2976/3307/1914 2974/3305/1914 3039/3372/1914
f 3042/3375/1915 3041/3374/1915 3039/3372/1915 3040/3373/1915
f 3043/3376/1916 2978/3309/1916 2976/3307/1916 3041/3374/1916
f 3044/3377/1917 3043/3376/1917 3041/3374/1917 3042/3375/1917
f 3045/3378/1918 2980/3311/1918 2978/3309/1918 3043/3376/1918
f 3046/3379/1919 3045/3378/1919 3043/3376/1919 3044/3377/1919
f 3047/3380/1920 2982/3313/1920 2980/3311/1920 3045/3378/1920
f 3048/3381/1921 3047/3380/1921 3045/3378/1921 3046/3379/1921
f 3049/3382/1922 2984/3315/1922 2982/3313/1922 3047/3380/1922
f 3050/3383/1923 3049/3382/1923 3047/3380/1923 3048/3381/1923
f 3051/3384/1924 2986/3317/1924 2984/3315/1924 3049/3382/1924
f 3052/3385/1925 3051/3384/1925 3049/3382/1925 3050/3383/1925
f 3053/3386/1926 2988/3319/1926 2986/3317/1926 3051/3384/1926
f 3054/3387/1927 3053/3386/1927 3051/3384/1927 3052/3385/1927
f 3055/3388/1928 2990/3321/1928 2988/3319/1928 3053/3386/1928
f 3056/3389/1929 3055/3388/1929 3053/3386/1929 3054/3387/1929
f 3057/3390/1930 2992/3323/1930 2990/3321/1930 3055/3388/1930
f 3058/3391/1931 3057/3390/1931 3055/3388/1931 3056/3389/1931
f 3059/3392/1932 2994/3325/1932 2992/3323/1932 3057/3390/1932
f 3060/3393/1933 3059/3392/1933 3057/3390/1933 3058/3391/1933
f 3061/3394/1934 2996/3327/1934 2994/3325/1934 3059/3392/1934
f 3062/3395/1935 3061/3394/1935 3059/3392/1935 3060/3393/1935
f 3063/3396/1936 2998/3329/1936 2996/3327/1936 3061/3394/1936
f 3064/3397/1937 3063/3396/1937 3061/3394/1937 3062/3395/1937
f 3065/3398/1938 3000/3331/1938 2998/3329/1938 3063/3396/1938
f 3066/3399/1939 3065/3398/1939 3063/3396/1939 3064/3397/1939
f 3067/3400/1940 3002/3333/1940 3000/3331/1940 3065/3398/1940
f 3068/3401/1941 3067/3400/1941 3065/3398/1941 3066/3399/1941
f 3069/3402/1942 3004/3335/1942 3002/3333/1942 3067/3400/1942
f 3070/3403/1943 3069/3402/1943 3067/3400/1943 3068/3401/1943
f 3071/3340/1944 3006/3337/1944 3004/3335/1944 3069/3402/1944
f 3072/3404/1945 3071/3340/1945 3069/3402/1945 3070/3403/1945
f 3074/3344/1946 3009/3339/1946 3071/3340/1946 3072/3404/1946
f 3073/3405/1947 3072/3404/1947 3070/3403/1947 3135/3406/1947
f 3075/3407/1948 3074/3344/1948 3072/3404/1948 3073/3405/1948
f 3077/3408/1949 3012/3343/1949 3074/3344/1949 3075/3407/1949
f 3076/3409/1950 3075/3407/1950 3073/3405/1950 3138/3410/1950
f 3078/3411/1951 3077/3408/1951 3075/3407/1951 3076/3409/1951
f 3079/3412/1952 3014/3345/1952 3012/3343/1952 3077/3408/1952
f 3080/3413/1953 3079/3412/1953 3077/3408/1953 3078/3411/1953
f 3081/3414/1954 3016/3347/1954 3014/3345/1954 3079/3412/1954
f 3082/3415/1955 3081/3414/1955 3079/3412/1955 3080/3413/1955
f 3083/3416/1956 3018/3349/1956 3016/3347/1956 3081/3414/1956
f 3084/3417/1957 3083/3416/1957 3081/3414/1957 3082/3415/1957
f 3085/3418/1958 3020/3351/1958 3018/3349/1958 3083/3416/1958
f 3086/3419/1959 3085/3418/1959 3083/3416/1959 3084/3417/1959
f 3087/3420/1960 3022/3353/1960 3020/3351/1960 3085/3418/1960
f 3088/3421/1961 3087/3420/1961 3085/3418/1961 3086/3419/1961
f 3089/3422/1962 3024/3355/1962 3022/3353/1962 3087/3420/1962
f 3090/3423/1963 3089/3422/1963 3087/3420/1963 3088/3421/1963
f 3091/3424/1964 3026/3357/1964 3024/3355/1964 3089/3422/1964
f 3092/3425/1965 3091/3424/1965 3089/3422/1965 3090/3423/1965
f 3093/3426/1966 3028/3359/1966 3026/3357/1966 3091/3424/1966
f 3094/3427/1967 3093/3426/1967 3091/3424/1967 3092/3425/1967
f 3095/3428/1968 3030/3361/1968 3028/3359/1968 3093/3426/1968
f 3096/3429/1969 3095/3428/1969 3093/3426/1969 3094/3427/1969
f 3097/3430/1970 3032/3363/1970 3030/3361/1970 3095/3428/1970
f 3098/3431/1971 3097/3430/1971 3095/3428/1971 3096/3429/1971
f 3099/3432/1972 3034/3365/1972 3032/3363/1972 3097/3430/1972
f 3100/3433/1973 3099/3432/1973 3097/3430/1973 3098/3431/1973
f 3101/3434/1974 3036/3368/1974 3034/3369/1974 3099/3435/1974
f 3102/3436/1975 3101/3434/1975 3099/3435/1975 3100/3437/1975
f 3103/3438/1976 3038/3371/1976 3036/3368/1976 3101/3434/1976
f 3104/3439/1977 3103/3438/1977 3101/3434/1977 3102/3436/1977
f 3105/3440/1978 3040/3373/1978 3038/3371/1978 3103/3438/1978
f 3106/3441/1979 3105/3440/1979 3103/3438/1979 3104/3439/1979
f 3107/3442/1980 3042/3375/1980 3040/3373/1980 3105/3440/1980
f 3108/3443/1981 3107/3442/1981 3105/3440/1981 3106/3441/1981
f 3109/3444/1982 3044/3377/1982 3042/3375/1982 3107/3442/1982
f 3110/3445/1983 3109/3444/1983 3107/3442/1983 3108/3443/1983
f 3111/3446/1984 3046/3379/1984 3044/3377/1984 3109/3444/1984
f 3112/3447/1985 3111/3446/1985 3109/3444/1985 3110/3445/1985
f 3113/3448/1986 3048/3381/1986 3046/3379/1986 3111/3446/1986
f 3114/3449/1987 3113/3448/1987 3111/3446/1987 3112/3447/1987
f 3115/3450/1988 3050/3383/1988 3048/3381/1988 3113/3448/1988
f 3116/3451/1989 3115/3450/1989 3113/3448/1989 3114/3449/1989
f 3117/3452/1990 3052/3385/1990 3050/3383/1990 3115/3450/1990
f 3118/3453/1991 3117/3452/1991 3115/3450/1991 3116/3451/1991
f 3119/3454/1992 3054/3387/1992 3052/3385/1992 3117/3452/1992
f 3120/3455/1993 3119/3454/1993 3117/3452/1993 3118/3453/1993
f 3121/3456/1994 3056/3389/1994 3054/3387/1994 3119/3454/1994
f 3122/3457/1995 3121/3456/1995 3119/3454/1995 3120/3455/1995
f 3123/3458/1996 3058/3391/1996 3056/3389/1996 3121/3456/1996
f 3124/3459/1997 3123/3458/1997 3121/3456/1997 3122/3457/1997
f 3125/3460/1998 3060/3393/1998 3058/3391/1998 3123/3458/1998
f 3126/3461/1999 3125/3460/1999 3123/3458/1999 3124/3459/1999
f 3127/3462/2000 3062/3395/2000 3060/3393/2000 3125/3460/2000
f 3128/3463/2001 3127/3462/2001 3125/3460/2001 3126/3461/2001
f 3129/3464/2002 3064/3397/2002 3062/3395/2002 3127/3462/2002
f 3130/3465/2003 3129/3464/2003 3127/3462/2003 3128/3463/2003
f 3131/3466/2004 3066/3399/2004 3064/3397/2004 3129/3464/2004
f 3132/3467/2005 3131/3466/2005 3129/3464/2005 3130/3465/2005
f 3133/3468/2006 3068/3401/2006 3066/3399/2006 3131/3466/2006
f 3134/3469/2007 3133/3468/2007 3131/3466/2007 3132/3467/2007
f 3135/3406/2008 3070/3403/2008 3068/3401/2008 3133/3468/2008
f 3136/3470/2009 3135/3406/2009 3133/3468/2009 3134/3469/2009
f 3138/3410/2010 3073/3405/2010 3135/3406/2010 3136/3470/2010
f 3137/3471/2011 3136/3470/2011 3134/3469/2011 3199/3472/2011
f 3139/3473/2012 3138/3410/2012 3136/3470/2012 3137/3471/2012
f 3141/3474/2013 3076/3409/2013 3138/3410/2013 3139/3473/2013
f 3140/3475/2014 3139/3473/2014 3137/3471/2014 3202/3476/2014
f 3142/3477/2015 3141/3474/2015 3139/3473/2015 3140/3475/2015
f 3143/3478/2016 3078/3411/2016 3076/3409/2016 3141/3474/2016
f 3144/3479/2017 3143/3478/2017 3141/3474/2017 3142/3477/2017
f 3145/3480/2018 3080/3413/2018 3078/3411/2018 3143/3478/2018
f 3146/3481/2019 3145/3480/2019 3143/3478/2019 3144/3479/2019
f 3147/3482/2020 3082/3415/2020 3080/3413/2020 3145/3480/2020
f 3148/3483/2021 3147/3482/2021 3145/3480/2021 3146/3481/2021
f 3149/3484/2022 3084/3417/2022 3082/3415/2022 3147/3482/2022
f 3150/3485/2023 3149/3484/2023 3147/3482/2023 3148/3483/2023
f 3151/3486/2024 3086/3419/2024 3084/3417/2024 3149/3484/2024
f 3152/3487/2025 3151/3486/2025 3149/3484/2025 3150/3485/2025
f 3153/3488/2026 3088/3421/2026 3086/3419/2026 3151/3486/2026
f 3154/3489/2027 3153/3488/2027 3151/3486/2027 3152/3487/2027
f 3155/3490/2028 3090/3423/2028 3088/3421/2028 3153/3488/2028
f 3156/3491/2029 3155/3490/2029 3153/3488/2029 3154/3489/2029
f 3157/3492/2030 3092/3425/2030 3090/3423/2030 3155/3490/2030
f 3158/3493/2031 3157/3492/2031 3155/3490/2031 3156/3491/2031
f 3159/3494/2032 3094/3427/2032 3092/3425/2032 3157/3492/2032
f 3160/3495/2033 3159/3494/2033 3157/3492/2033 3158/3493/2033
f 3161/3496/2034 3096/3429/2034 3094/3427/2034 3159/3494/2034
f 3162/3497/2035 3161/3496/2035 3159/3494/2035 3160/3495/2035
f 3163/3498/2036 3098/3431/2036 3096/3429/2036 3161/3496/2036
f 3164/3499/2037 3163/3498/2037 3161/3496/2037 3162/3497/2037
f 3165/3500/2038 3100/3433/2038 3098/3431/2038 3163/3498/2038
f 3166/3501/2039 3165/3500/2039 3163/3498/2039 3164/3499/2039
f 3167/3502/2040 3102/3436/2040 3100/3437/2040 3165/3503/2040
f 3168/3504/2041 3167/3502/2041 3165/3503/2041 3166/3505/2041
f 3169/3506/2042 3104/3439/2042 3102/3436/2042 3167/3502/2042
f 3170/3507/2043 3169/3506/2043 3167/3502/2043 3168/3504/2043
f 3171/3508/2044 3106/3441/2044 3104/3439/2044 3169/3506/2044
f 3172/3509/2045 3171/3508/2045 3169/3506/2045 3170/3507/2045
f 3173/3510/2046 3108/3443/2046 3106/3441/2046 3171/3508/2046
f 3174/3511/2047 3173/3510/2047 3171/3508/2047 3172/3509/2047
f 3175/3512/2048 3110/3445/2048 3108/3443/2048 3173/3510/2048
f 3176/3513/2049 3175/3512/2049 3173/3510/2049 3174/3511/2049
f 3177/3514/2050 3112/3447/2050 3110/3445/2050 3175/3512/2050
f 3178/3515/2051 3177/3514/2051 3175/3512/2051 3176/3513/2051
f 3179/3516/2052 3114/3449/2052 3112/3447/2052 3177/3514/2052
f 3180/3517/2053 3179/3516/2053 3177/3514/2053 3178/3515/2053
f 3181/3518/2054 3116/3451/2054 3114/3449/2054 3179/3516/2054
f 3182/3519/2055 3181/3518/2055 3179/3516/2055 3180/3517/2055
f 3183/3520/2056 3118/3453/2056 3116/3451/2056 3181/3518/2056
f 3184/3521/2057 3183/3520/2057 3181/3518/2057 3182/3519/2057
f 3185/3522/2058 3120/3455/2058 3118/3453/2058 3183/3520/2058
f 3186/3523/2059 3185/3522/2059 3183/3520/2059 3184/3521/2059
f 3187/3524/2060 3122/3457/2060 3120/3455/2060 3185/3522/2060
f 3188/3525/2061 3187/3524/2061 3185/3522/2061 3186/3523/2061
f 3189/3526/2062 3124/3459/2062 3122/3457/2062 3187/3524/2062
f 3190/3527/2063 3189/3526/2063 3187/3524/2063 3188/3525/2063
f 3191/3528/2064 3126/3461/2064 3124/3459/2064 3189/3526/2064
f 3192/3529/2065 3191/3528/2065 3189/3526/2065 3190/3527/2065
f 3193/3530/2066 3128/3463/2066 3126/3461/2066 3191/3528/2066
f 3194/3531/2067 3193/3530/2067 3191/3528/2067 3192/3529/2067
f 3195/3532/2068 3130/3465/2068 3128/3463/2068 3193/3530/2068
f 3196/3533/2069 3195/3532/2069 3193/3530/2069 3194/3531/2069
f 3197/3534/2070 3132/3467/2070 3130/3465/2070 3195/3532/2070
f 3198/3535/2071 3197/3534/2071 3195/3532/2071 3196/3533/2071
f 3199/3472/2072 3134/3469/2072 3132/3467/2072 3197/3534/2072
f 3200/3536/2073 3199/3472/2073 3197/3534/2073 3198/3535/2073
f 3202/3476/2074 3137/3471/2074 3199/3472/2074 3200/3536/2074
f 3201/3537/2075 3200/3536/2075 3198/3535/2075 3212/3538/2075
f 3203/3539/2076 3202/3476/2076 3200/3536/2076 3201/3537/2076
f 3204/3540/2077 3140/3475/2077 3202/3476/2077 3203/3539/2077
f 3205/3541/2078 3204/3540/2078 3203/3539/2078
f 3205/3542/2079 3203/3539/2079 3201/3537/2079
f 3205/3543/2080 3206/3544/2080 3224/3545/2080
f 3205/3546/2081 3223/3547/2081 3206/3544/2081
f 3205/3548/2082 3234/3549/2082 3207/3550/2082
f 3205/3551/2083 3207/3550/2083 3208/3552/2083
f 3205/3553/2084 3208/3552/2084 3209/3554/2084
f 3205/3555/2085 3209/3554/2085 3210/3556/2085
f 3205/3557/2086 3210/3556/2086 3211/3558/2086
f 3205/3559/2087 3211/3558/2087 3204/3540/2087
f 3205/3560/2088 3201/3537/2088 3212/3538/2088
f 3205/3561/2089 3212/3538/2089 3213/3562/2089
f 3205/3563/2090 3213/3562/2090 3214/3564/2090
f 3205/3565/2091 3214/3564/2091 3215/3566/2091
f 3205/3567/2092 3215/3566/2092 3216/3568/2092
f 3205/3569/2093 3216/3568/2093 3217/3570/2093
f 3205/3571/2094 3217/3570/2094 3218/3572/2094
f 3205/3573/2095 3218/3572/2095 3219/3574/2095
f 3205/3575/2096 3219/3574/2096 3220/3576/2096
f 3205/3577/2097 3220/3576/2097 3221/3578/2097
f 3205/3579/2098 3221/3578/2098 3222/3580/2098
f 3205/3581/2099 3222/3580/2099 3223/3547/2099
f 3205/3582/2100 3224/3545/2100 3225/3583/2100
f 3205/3584/2101 3225/3583/2101 3226/3585/2101
f 3205/3586/2102 3226/3585/2102 3227/3587/2102
f 3205/3588/2103 3227/3589/2103 3228/3590/2103
f 3205/3591/2104 3228/3590/2104 3229/3592/2104
f 3205/3593/2105 3229/3592/2105 3230/3594/2105
f 3205/3595/2106 3230/3594/2106 3231/3596/2106
f 3205/3597/2107 3231/3596/2107 3232/3598/2107
f 3205/3599/2108 3232/3598/2108 3233/3600/2108
f 3205/3601/2109 3233/3600/2109 3234/3549/2109
f 3234/3549/2110 3152/3487/2110 3150/3485/2110 3207/3550/2110
f 3233/3600/2111 3154/3489/2111 3152/3487/2111 3234/3549/2111
f 3232/3598/2112 3156/3491/2112 3154/3489/2112 3233/3600/2112
f 3231/3596/2113 3158/3493/2113 3156/3491/2113 3232/3598/2113
f 3230/3594/2114 3160/3495/2114 3158/3493/2114 3231/3596/2114
f 3229/3592/2115 3162/3497/2115 3160/3495/2115 3230/3594/2115
f 3228/3590/2116 3164/3499/2116 3162/3497/2116 3229/3592/2116
f 3227/3589/2117 3166/3501/2117 3164/3499/2117 3228/3590/2117
f 3226/3585/2118 3168/3504/2118 3166/3505/2118 3227/3587/2118
f 3225/3583/2119 3170/3507/2119 3168/3504/2119 3226/3585/2119
f 3224/3545/2120 3172/3509/2120 3170/3507/2120 3225/3583/2120
f 3206/3544/2121 3174/3511/2121 3172/3509/2121 3224/3545/2121
f 3223/3547/2122 3176/3513/2122 3174/3511/2122 3206/3544/2122
f 3222/3580/2123 3178/3515/2123 3176/3513/2123 3223/3547/2123
f 3221/3578/2124 3180/3517/2124 3178/3515/2124 3222/3580/2124
f 3220/3576/2125 3182/3519/2125 3180/3517/2125 3221/3578/2125
f 3219/3574/2126 3184/3521/2126 3182/3519/2126 3220/3576/2126
f 3218/3572/2127 3186/3523/2127 3184/3521/2127 3219/3574/2127
f 3217/3570/2128 3188/3525/2128 3186/3523/2128 3218/3572/2128
f 3216/3568/2129 3190/3527/2129 3188/3525/2129 3217/3570/2129
f 3215/3566/2130 3192/3529/2130 3190/3527/2130 3216/3568/2130
f 3214/3564/2131 3194/3531/2131 3192/3529/2131 3215/3566/2131
f 3213/3562/2132 3196/3533/2132 3194/3531/2132 3214/3564/2132
f 3212/3538/2133 3198/3535/2133 3196/3533/2133 3213/3562/2133
f 3211/3558/2134 3142/3477/2134 3140/3475/2134 3204/3540/2134
f 3210/3556/2135 3144/3479/2135 3142/3477/2135 3211/3558/2135
f 3209/3554/2136 3146/3481/2136 3144/3479/2136 3210/3556/2136
f 3208/3552/2137 3148/3483/2137 3146/3481/2137 3209/3554/2137
f 3207/3550/2138 3150/3485/2138 3148/3483/2138 3208/3552/2138
f 2879/3205/2139 3235/3602/2139 3268/3603/2139 2876/3202/2139
f 3236/3110/2140 3237/3604/2140 3235/3602/2140 2879/3205/2140
f 2789/3109/2141 3239/3605/2141 3237/3604/2141 3236/3110/2141
f 3237/3604/2142 3238/3606/2142 3235/3602/2142
f 3239/3605/2143 3238/3607/2143 3237/3604/2143
f 2792/3115/2144 3240/3608/2144 3239/3605/2144 2789/3109/2144
f 3240/3608/2145 3238/3609/2145 3239/3605/2145
f 2795/3118/2146 3241/3610/2146 3240/3608/2146 2792/3115/2146
f 3241/3610/2147 3238/3611/2147 3240/3608/2147
f 2798/3121/2148 3242/3612/2148 3241/3610/2148 2795/3118/2148
f 3242/3612/2149 3238/3613/2149 3241/3610/2149
f 2801/3124/2150 3243/3614/2150 3242/3612/2150 2798/3121/2150
f 3243/3614/2151 3238/3615/2151 3242/3612/2151
f 2804/3127/2152 3244/3616/2152 3243/3614/2152 2801/3124/2152
f 3244/3616/2153 3238/3617/2153 3243/3614/2153
f 2807/3130/2154 3245/3618/2154 3244/3616/2154 2804/3127/2154
f 3245/3618/2155 3238/3619/2155 3244/3616/2155
f 2810/3133/2156 3246/3620/2156 3245/3618/2156 2807/3130/2156
f 3246/3620/2157 3238/3621/2157 3245/3618/2157
f 2813/3136/2158 3247/3622/2158 3246/3620/2158 2810/3133/2158
f 3247/3622/2159 3238/3623/2159 3246/3620/2159
f 2816/3139/2160 3248/3624/2160 3247/3625/2160 2813/3140/2160
f 3248/3624/2161 3238/3626/2161 3247/3625/2161
f 2819/3145/2162 3249/3627/2162 3248/3624/2162 2816/3139/2162
f 3249/3627/2163 3238/3628/2163 3248/3624/2163
f 2822/3148/2164 3250/3629/2164 3249/3627/2164 2819/3145/2164
f 3250/3629/2165 3238/3630/2165 3249/3627/2165
f 2825/3151/2166 3251/3631/2166 3250/3629/2166 2822/3148/2166
f 3251/3631/2167 3238/3632/2167 3250/3629/2167
f 2828/3154/2168 3252/3633/2168 3251/3631/2168 2825/3151/2168
f 3252/3633/2169 3238/3634/2169 3251/3631/2169
f 2831/3157/2170 3253/3635/2170 3252/3633/2170 2828/3154/2170
f 3253/3635/2171 3238/3636/2171 3252/3633/2171
f 2834/3160/2172 3254/3637/2172 3253/3635/2172 2831/3157/2172
f 3254/3637/2173 3238/3638/2173 3253/3635/2173
f 2837/3163/2174 3255/3639/2174 3254/3637/2174 2834/3160/2174
f 3255/3639/2175 3238/3640/2175 3254/3637/2175
f 2840/3166/2176 3256/3641/2176 3255/3639/2176 2837/3163/2176
f 3256/3641/2177 3238/3642/2177 3255/3639/2177
f 2843/3169/2178 3257/3643/2178 3256/3641/2178 2840/3166/2178
f 3257/3643/2179 3238/3644/2179 3256/3641/2179
f 2846/3172/2180 3258/3645/2180 3257/3643/2180 2843/3169/2180
f 3258/3645/2181 3238/3646/2181 3257/3643/2181
f 2849/3175/2182 3259/3647/2182 3258/3645/2182 2846/3172/2182
f 3259/3647/2183 3238/3648/2183 3258/3645/2183
f 2852/3178/2184 3260/3649/2184 3259/3647/2184 2849/3175/2184
f 3260/3649/2185 3238/3650/2185 3259/3647/2185
f 2855/3181/2186 3261/3651/2186 3260/3649/2186 2852/3178/2186
f 3261/3651/2187 3238/3652/2187 3260/3649/2187
f 2858/3184/2188 3262/3653/2188 3261/3651/2188 2855/3181/2188
f 3262/3653/2189 3238/3654/2189 3261/3651/2189
f 2861/3187/2190 3263/3655/2190 3262/3653/2190 2858/3184/2190
f 3263/3655/2191 3238/3656/2191 3262/3653/2191
f 2864/3190/2192 3264/3657/2192 3263/3655/2192 2861/3187/2192
f 3264/3657/2193 3238/3658/2193 3263/3655/2193
f 2867/3193/2194 3265/3659/2194 3264/3657/2194 2864/3190/2194
f 3265/3659/2195 3238/3660/2195 3264/3657/2195
f 3266/3661/2196 3238/3662/2196 3265/3659/2196
f 2870/3196/2197 3266/3661/2197 3265/3659/2197 2867/3193/2197
f 2873/3199/2198 3267/3663/2198 3266/3661/2198 2870/3196/2198
f 3267/3663/2199 3238/3664/2199 3266/3661/2199
f 2876/3202/2200 3268/3603/2200 3267/3663/2200 2873/3199/2200
f 3268/3603/2201 3238/3665/2201 3267/3663/2201
f 3235/3602/2202 3238/3666/2202 3268/3603/2202
