frame,px,py,pz,proll,ppitch,e0_alive,e0_x,e0_y,e0_z,e0_rz,e1_alive,e1_x,e1_y,e1_z,e1_rz,e2_alive,e2_x,e2_y,e2_z,e2_rz,e3_alive,e3_x,e3_y,e3_z,e3_rz,e4_alive,e4_x,e4_y,e4_z,e4_rz,e5_alive,e5_x,e5_y,e5_z,e5_rz,e6_alive,e6_x,e6_y,e6_z,e6_rz,e7_alive,e7_x,e7_y,e7_z,e7_rz,e8_alive,e8_x,e8_y,e8_z,e8_rz,e9_alive,e9_x,e9_y,e9_z,e9_rz,boss_active,boss_x,boss_y,boss_z
0,5.28978,-10.291,114.5,0.113621,-0.083074,1,-0.847391,7.7148,223.564,0,0,-15.3207,11.0375,218.15,0,1,11.8345,10.8682,217.5,0,1,-27.1334,11.553,222.961,0,1,17.8887,9.05308,219.547,0,1,14.0899,14.7152,228.961,0,1,6.56742,28.8727,229.339,0,1,-3.59133,22.7138,224.629,0,1,-11.7703,-0.266725,227.603,0,1,8.84909,-1.6172,225.748,0,0,0.0,18,283.5
1,5.24693,-10.3251,115,0.102258,-0.0747666,1,-1.0734,7.50299,223.854,0,0,-15.3207,11.0375,218.15,0,1,11.7174,10.6923,217.753,0,1,-26.9306,11.685,223.26,0,1,18.1304,9.26626,219.714,0,1,14.2927,14.8472,229.26,0,1,6.81111,28.9018,229.616,0,1,-3.40986,22.8602,224.811,0,1,-11.586,-0.172553,227.771,0,1,9.09594,-1.40082,225.914,0,0,0.0,18,284
2,5.2075,-10.3565,115.5,0.0920326,-0.0672899,1,-1.30367,7.29395,224.147,0,0,-15.3207,11.0375,218.15,0,1,11.5912,10.5097,218.008,0,1,-26.722,11.8075,223.557,0,1,18.3692,9.47704,219.882,0,1,14.5014,14.9697,229.557,0,1,7.05692,28.9194,229.891,0,1,-3.23572,22.9977,224.996,0,1,-11.3948,-0.0679569,227.939,0,1,9.34093,-1.18533,226.08,0,0,0.0,18,284.5
3,5.17123,-10.3854,116,0.0828294,-0.0605609,1,-1.53779,7.08829,224.441,0,0,-15.3207,11.0375,218.15,0,1,11.4561,10.3211,218.265,0,1,-26.5077,11.9201,223.851,0,1,18.6047,9.68481,220.052,0,1,14.7156,15.0823,229.851,0,1,7.30441,28.9251,230.163,0,1,-3.0692,23.126,225.181,0,1,-11.197,0.0467567,228.105,0,1,9.58364,-0.971364,226.247,0,0,0.0,18,285
4,5.13787,-10.412,116.5,0.0745464,-0.0545048,1,-1.77535,6.88663,224.738,0,0,-15.3207,11.0375,218.15,0,1,11.3123,10.127,218.525,0,1,-26.2883,12.0226,224.144,0,1,18.8366,9.88895,220.222,0,1,14.935,15.1848,230.144,0,1,7.55315,28.9192,230.433,0,1,-2.91058,23.2446,225.369,0,1,-10.9931,0.171253,228.271,0,1,9.82365,-0.759547,226.415,0,0,0.0,18,285.5
5,5.10717,-10.4364,117,0.0670918,-0.0490543,1,-2.01595,6.68954,225.037,0,0,-15.3207,11.0375,218.15,0,1,11.1602,9.92796,218.788,0,1,-26.0641,12.1146,224.434,0,1,19.0643,10.0889,220.393,0,1,15.1592,15.2767,230.434,0,1,7.80271,28.9015,230.7,0,1,-2.76016,23.3532,225.558,0,1,-10.7833,0.305164,228.436,0,1,10.0605,-0.550501,226.584,0,0,0.0,18,286
6,5.07892,-10.4589,117.5,0.0603826,-0.0441489,0,-2.01595,6.68954,225.037,0,0,-15.3207,11.0375,218.15,0,1,10.9999,9.7246,219.053,0,1,-25.8355,12.1958,224.722,0,1,19.2875,10.284,220.566,0,1,15.3878,15.3579,230.722,0,1,8.05266,28.8722,230.965,0,1,-2.61818,23.4515,225.749,0,1,-10.568,0.448099,228.601,0,1,10.2939,-0.344841,226.754,0,0,0.0,18,286.5
7,5.05294,-10.4796,118,0.0543443,-0.039734,0,-2.01595,6.68954,225.037,0,0,-15.3207,11.0375,218.15,0,1,10.8318,9.51749,219.32,0,1,-25.6028,12.266,225.008,0,1,19.5059,10.4737,220.74,0,1,15.6205,15.4282,231.008,0,1,8.30257,28.8313,231.227,0,1,-2.48489,23.5392,225.942,0,1,-10.3476,0.599638,228.765,0,1,10.5233,-0.143169,226.925,0,0,0.0,18,287
8,5.02904,-10.4986,118.5,0.0489099,-0.0357606,0,-2.01595,6.68954,225.037,0,0,-15.3207,11.0375,218.15,0,1,10.6561,9.30724,219.59,0,1,-25.3666,12.325,225.291,0,1,19.719,10.6574,220.915,0,1,15.8567,15.4872,231.291,0,1,8.55199,28.779,231.486,0,1,-2.36053,23.6161,226.138,0,1,-10.1225,0.759337,228.928,0,1,10.7484,0.0539227,227.097,0,0,0.0,18,287.5
9,5.00704,-10.5161,119,0.0440189,-0.0321846,0,-2.01595,6.68954,225.037,0,0,-15.3207,11.0375,218.15,0,1,10.4732,9.09448,219.863,0,1,-25.1271,12.3726,225.572,0,1,19.9265,10.8347,221.091,0,1,16.0962,15.5348,231.572,0,1,8.8005,28.7153,231.743,0,1,-2.24531,23.6819,226.335,0,1,-9.89306,0.926726,229.092,0,1,10.9687,0.245859,227.27,0,0,0.0,18,288
10,4.98681,-10.5323,119.5,0.039617,-0.0289661,0,-2.01595,6.68954,225.037,0,0,-15.3207,11.0375,218.15,0,1,10.2833,8.87982,220.138,0,1,-24.8849,12.4088,225.85,0,1,20.128,11.005,221.269,0,1,16.3384,15.5709,231.85,0,1,9.04767,28.6405,231.998,0,1,-2.13943,23.7364,226.534,0,1,-9.65968,1.10132,229.254,0,1,11.184,0.432072,227.445,0,0,0.0,18,288.5
11,4.9682,-10.5471,120,0.0356553,-0.0260695,0,-2.01595,6.68954,225.037,0,0,-15.3207,11.0375,218.15,0,1,10.0868,8.66389,220.415,0,1,-24.6403,12.4333,226.126,0,1,20.3231,11.1678,221.448,0,1,16.583,15.5955,232.126,0,1,9.29306,28.5548,232.25,0,1,-2.04308,23.7795,226.735,0,1,-9.42278,1.28259,229.417,0,1,11.3938,0.612019,227.62,0,0,0.0,18,289
12,4.95107,-10.5607,120.5,0.0320898,-0.0234625,0,-2.01595,6.68954,225.037,0,0,-15.3207,11.0375,218.15,0,1,9.88405,8.44733,220.695,0,1,-24.3938,12.4461,226.4,0,1,20.5116,11.3226,221.629,0,1,16.8295,15.6083,232.4,0,1,9.53626,28.4585,232.499,0,1,-1.95642,23.8111,226.938,0,1,-9.18276,1.47003,229.58,0,1,11.5977,0.785172,227.798,0,0,0.0,18,289.5
13,4.93531,-10.5733,121,0.0288808,-0.0211163,0,-2.01595,6.68954,225.037,0,0,-15.3207,11.0375,218.15,0,1,9.67539,8.23077,220.977,0,1,-24.1457,12.4472,226.671,0,1,20.693,11.469,221.811,0,1,17.0776,15.6094,232.671,0,1,9.77683,28.3518,232.746,0,1,-1.8796,23.8309,227.144,0,1,-8.94004,1.66307,229.742,0,1,11.7954,0.951021,227.976,0,0,0.0,18,290
14,4.48749,-10.5848,121.5,0.0859927,-0.0190047,0,-2.01595,6.68954,225.037,0,0,-15.3207,11.0375,218.15,0,1,9.46117,8.01485,221.262,0,1,-23.8966,12.4366,226.94,0,1,20.8672,11.6065,221.996,0,1,17.3267,15.5987,232.94,0,1,10.0144,28.2351,232.991,0,1,-1.81275,23.8391,227.352,0,1,-8.69503,1.86115,229.905,0,1,11.9866,1.10908,228.157,0,0,0.0,18,290.5
15,4.02548,-10.5954,122,0.137393,-0.0171042,0,-2.01595,6.68954,225.037,0,0,-15.3207,11.0375,218.15,0,1,9.24177,7.8002,221.549,0,1,-23.6468,12.4142,227.206,0,1,21.0337,11.7348,222.181,0,1,17.5765,15.5764,233.206,0,1,10.2484,28.1086,233.232,0,1,-1.756,23.8356,227.562,0,1,-8.44817,2.06369,230.067,0,1,12.1709,1.25889,228.338,0,0,0.0,18,291
16,3.55044,-10.6052,122.5,0.183654,-0.0153938,0,-2.01595,6.68954,225.037,0,0,-15.3207,11.0375,218.15,0,1,9.01757,7.58745,221.838,0,1,-23.3969,12.3802,227.47,0,1,21.1923,11.8534,222.369,0,1,17.8264,15.5424,233.47,0,1,10.4787,27.9728,233.472,0,1,-1.70944,23.8203,227.774,0,1,-8.19989,2.27009,230.23,0,1,12.348,1.4,228.522,0,0,0.0,18,291.5
17,3.0634,-10.6142,123,0.225289,-0.0138544,0,-2.01595,6.68954,225.037,0,0,-15.3207,11.0375,218.15,0,1,8.78896,7.37722,222.129,0,1,-23.1471,12.3347,227.731,0,1,21.3427,11.962,222.558,0,1,18.0762,15.497,233.731,0,1,10.7046,27.8281,233.708,0,1,-1.67315,23.7933,227.989,0,1,-7.95061,2.47976,230.393,0,1,12.5176,1.53201,228.707,0,0,0.0,18,292
18,2.56533,-10.6224,123.5,0.26276,-0.012469,0,-2.01595,6.68954,225.037,0,0,-15.3207,11.0375,218.15,0,1,8.55633,7.17014,222.423,0,1,-22.898,12.2778,227.989,0,1,21.4847,12.0603,222.749,0,1,18.3253,15.44,233.989,0,1,10.9259,27.6749,233.943,0,1,-1.64719,23.7548,228.206,0,1,-7.70077,2.69207,230.556,0,1,12.6794,1.65453,228.894,0,0,0.0,18,292.5
19,2.0571,-10.63,124,0.296484,-0.0112221,0,-2.01595,6.68954,225.037,0,0,-15.3207,11.0375,218.15,0,1,8.3201,6.9668,222.719,0,1,-22.65,12.2097,228.245,0,1,21.618,12.1481,222.942,0,1,18.5733,15.3719,234.245,0,1,11.1422,27.5135,234.174,0,1,-1.63161,23.7047,228.425,0,1,-7.45079,2.9064,230.72,0,1,12.8331,1.76719,229.082,0,0,0.0,18,293
20,1.53953,-10.637,124.5,0.326835,-0.0100999,0,-2.01595,6.68954,225.037,0,0,-15.3207,11.0375,218.15,0,1,8.08066,6.76782,223.017,0,1,-22.4035,12.1305,228.499,0,1,21.7424,12.2249,223.138,0,1,18.8198,15.2927,234.499,0,1,11.3531,27.3446,234.403,0,1,-1.62644,23.6433,228.647,0,1,-7.20113,3.12212,230.884,0,1,12.9785,1.86967,229.273,0,0,0.0,18,293.5
21,1.01336,-10.6435,125,0.354152,-0.00908987,0,-2.01595,6.68954,225.037,0,0,-15.3207,11.0375,218.15,0,1,7.83844,6.57376,223.317,0,1,-22.1589,12.0406,228.75,0,1,21.8576,12.2907,223.335,0,1,19.0644,15.2028,234.75,0,1,11.5582,27.1686,234.63,0,1,-1.63168,23.5708,228.871,0,1,-6.9522,3.33861,231.049,0,1,13.1153,1.96166,229.465,0,0,0.0,18,294
22,0.479291,-10.6494,125.5,0.378737,-0.00818088,0,-2.01595,6.68954,225.037,0,0,-15.3207,11.0375,218.15,0,1,7.59385,6.38519,223.62,0,1,-21.9167,11.9401,228.998,0,1,21.9635,12.3453,223.534,0,1,19.3066,15.1023,234.998,0,1,11.7572,26.9861,234.855,0,1,-1.64733,23.4873,229.098,0,1,-6.70444,3.55522,231.214,0,1,13.2433,2.04291,229.659,0,0,0.0,18,294.5
23,-0.0620554,-10.6549,126,0.400863,-0.00736279,0,-2.01595,6.68954,225.037,0,0,-15.3207,11.0375,218.15,0,1,7.34733,6.20268,223.924,0,1,-21.6773,11.8293,229.244,0,1,22.0598,12.3883,223.735,0,1,19.546,14.9915,235.244,0,1,11.9497,26.7974,235.076,0,1,-1.67335,23.3931,229.327,0,1,-6.45828,3.77132,231.38,0,1,13.3622,2.11316,229.856,0,0,0.0,18,295
24,-0.610094,-10.6599,126.5,0.420777,-0.00662651,0,-2.01595,6.68954,225.037,0,0,-15.3207,11.0375,218.15,0,1,7.09929,6.02676,224.23,0,1,-21.4411,11.7086,229.488,0,1,22.1465,12.4199,223.938,0,1,19.7822,14.8708,235.488,0,1,12.1353,26.6033,235.296,0,1,-1.70972,23.2885,229.558,0,1,-6.21415,3.98628,231.547,0,1,13.4718,2.17221,230.054,0,0,0.0,18,295.5
25,-1.16429,-10.6645,127,0.438699,-0.00596386,0,-2.01595,6.68954,225.037,0,0,-15.3207,11.0375,218.15,0,1,6.85018,5.85794,224.538,0,1,-21.2085,11.5784,229.728,0,1,22.2233,12.4398,224.144,0,1,20.0148,14.7406,235.728,0,1,12.3139,26.4043,235.513,0,1,-1.75635,23.1738,229.792,0,1,-5.97247,4.19946,231.714,0,1,13.572,2.21989,230.254,0,0,0.0,18,296
26,-1.72415,-10.6687,127.5,0.454829,-0.00536747,0,-2.01595,6.68954,225.037,0,0,-15.3207,11.0375,218.15,0,1,6.60041,5.69671,224.848,0,1,-20.9799,11.439,229.967,0,1,22.2901,12.4479,224.352,0,1,20.2434,14.6012,235.967,0,1,12.485,26.2009,235.728,0,1,-1.81317,23.0493,230.029,0,1,-5.73366,4.41024,231.882,0,1,13.6626,2.25606,230.457,0,0,0.0,18,296.5
27,-2.28922,-10.6726,128,0.469346,-0.00483073,0,-2.01595,6.68954,225.037,0,0,-15.3207,11.0375,218.15,0,1,6.35043,5.54356,225.16,0,1,-20.7558,11.2908,230.202,0,1,22.3469,12.4444,224.562,0,1,20.4675,14.453,236.202,0,1,12.6483,25.9938,235.94,0,1,-1.88008,22.9154,230.268,0,1,-5.49814,4.618,232.052,0,1,13.7433,2.28061,230.661,0,0,0.0,18,297
28,-2.85909,-10.6762,128.5,0.482412,-0.00434765,0,-2.01595,6.68954,225.037,0,0,-15.3207,11.0375,218.15,0,1,6.10067,5.39893,225.474,0,1,-20.5364,11.1343,230.436,0,1,22.3935,12.4291,224.774,0,1,20.6869,14.2965,236.436,0,1,12.8037,25.7835,236.15,0,1,-1.95697,22.7724,230.51,0,1,-5.26631,4.82214,232.222,0,1,13.8142,2.29347,230.868,0,0,0.0,18,297.5
29,-3.30644,-10.4344,129,0.476597,0.0243714,0,-2.01595,6.68954,225.037,0,0,-15.3207,11.0375,218.15,0,1,5.85156,5.26324,225.789,0,1,-20.3223,10.9698,230.666,0,1,22.4297,12.4021,224.989,0,1,20.901,14.1321,236.666,0,1,12.9507,25.5707,236.358,0,1,-2.04369,22.6209,230.754,0,1,-5.03858,5.02205,232.393,0,1,13.875,2.29461,231.077,0,0,0.0,18,298
30,-3.75336,-10.1836,129.5,0.471364,0.0502185,0,-2.01595,6.68954,225.037,0,0,-15.3207,11.0375,218.15,0,1,5.60353,5.13689,226.106,0,1,-20.1137,10.798,230.894,0,1,22.4557,12.3636,225.206,0,1,21.1096,13.9603,236.894,0,1,13.0892,25.3561,236.564,0,1,-2.14011,22.4612,231.001,0,1,-4.81534,5.21715,232.566,0,1,13.9256,2.28401,231.289,0,0,0.0,18,298.5
31,-4.19989,-9.92463,130,0.466654,0.0734809,0,-2.01595,6.68954,225.037,0,0,-15.3207,11.0375,218.15,0,1,5.35702,5.02026,226.425,0,1,-19.911,10.6193,231.12,0,1,22.4713,12.3135,225.425,0,1,21.3123,13.7816,237.12,0,1,13.2189,25.1401,236.767,0,1,-2.24606,22.2938,231.25,0,1,-4.59698,5.40686,232.74,0,1,13.9661,2.26172,231.503,0,0,0.0,18,299
32,-4.64605,-9.65808,130.5,0.462415,0.0944171,0,-2.01595,6.68954,225.037,0,0,-15.3207,11.0375,218.15,0,1,5.11245,4.91368,226.745,0,1,-19.7146,10.4343,231.344,0,1,22.4765,12.2522,225.647,0,1,21.5087,13.5965,237.344,0,1,13.3396,24.9236,236.969,0,1,-2.36134,22.1192,231.502,0,1,-4.38388,5.59063,232.915,0,1,13.9962,2.22779,231.719,0,0,0.0,18,299.5
33,-5.09187,-9.38457,131,0.4586,0.11326,0,-2.01595,6.68954,225.037,0,0,-15.3207,11.0375,218.15,0,1,4.87025,4.81747,227.067,0,1,-19.5248,10.2434,231.564,0,1,22.4712,12.1796,225.871,0,1,21.6985,13.4056,237.564,0,1,13.4511,24.707,237.168,0,1,-2.48576,21.9379,231.756,0,1,-4.17641,5.76793,233.091,0,1,14.0159,2.18233,231.937,0,0,0.0,18,300
34,-5.53738,-9.10465,131.5,0.455166,0.130218,0,-2.01595,6.68954,225.037,0,0,-15.3207,11.0375,218.15,0,1,4.63084,4.7319,227.39,0,1,-19.3419,10.0472,231.783,0,1,22.4556,12.0961,226.098,0,1,21.8814,13.2094,237.783,0,1,13.5531,24.4911,237.365,0,1,-2.6191,21.7505,232.013,0,1,-3.97493,5.93822,233.269,0,1,14.0252,2.12546,232.158,0,0,0.0,18,300.5
35,-5.9826,-8.81885,132,0.452076,0.14548,0,-2.01595,6.68954,225.037,0,0,-15.3207,11.0375,218.15,0,1,4.39463,4.65724,227.714,0,1,-19.1663,9.84637,231.999,0,1,22.4295,12.002,226.327,0,1,22.057,13.0086,237.999,0,1,13.6456,24.2764,237.56,0,1,-2.76114,21.5574,232.273,0,1,-3.77978,6.10101,233.448,0,1,14.0241,2.05737,232.381,0,0,0.0,18,301
36,-6.42756,-8.52762,132.5,0.449295,0.159217,0,-2.01595,6.68954,225.037,0,0,-15.3207,11.0375,218.15,0,1,4.16203,4.5937,228.04,0,1,-18.9983,9.64142,232.213,0,1,22.3932,11.8973,226.558,0,1,22.225,12.8036,238.213,0,1,13.7283,24.0637,237.753,0,1,-2.91162,21.3593,232.535,0,1,-3.59132,6.25582,233.629,0,1,14.0127,1.97823,232.607,0,0,0.0,18,301.5
37,-6.87228,-8.23141,133,0.446792,0.171579,0,-2.01595,6.68954,225.037,0,0,-15.3207,11.0375,218.15,0,1,3.93345,4.54147,228.367,0,1,-18.8381,9.43296,232.424,0,1,22.3465,11.7826,226.792,0,1,22.3852,12.5952,238.424,0,1,13.8011,23.8535,237.945,0,1,-3.07029,21.1568,232.799,0,1,-3.40985,6.4022,233.811,0,1,13.9908,1.8883,232.835,0,0,0.0,18,302
38,-7.31678,-7.93061,133.5,0.444539,0.182706,0,-2.01595,6.68954,225.037,0,0,-15.3207,11.0375,218.15,0,1,3.70929,4.5007,228.695,0,1,-18.686,9.22162,232.634,0,1,22.2897,11.6581,227.029,0,1,22.5373,12.3839,238.634,0,1,13.8639,23.6464,238.134,0,1,-3.23686,20.9504,233.066,0,1,-3.23571,6.53972,233.996,0,1,13.9585,1.78783,233.065,0,0,0.0,18,302.5
39,-7.76107,-7.62559,134,0.442511,0.192719,0,-2.01595,6.68954,225.037,0,0,-15.3207,11.0375,218.15,0,1,3.48993,4.4715,229.025,0,1,-18.5424,9.00801,232.841,0,1,22.2228,11.5242,227.268,0,1,22.6809,12.1702,238.841,0,1,13.9165,23.4431,238.322,0,1,-3.41106,20.7407,233.336,0,1,-3.06919,6.66798,234.181,0,1,13.916,1.67711,233.298,0,0,0.0,18,303
40,-8.20518,-7.31668,134.5,0.440687,0.201732,0,-2.01595,6.68954,225.037,0,0,-15.3207,11.0375,218.15,0,1,3.27575,4.45397,229.355,0,1,-18.4074,8.79276,233.045,0,1,22.1459,11.3812,227.51,0,1,22.8159,11.955,239.045,0,1,13.959,23.2441,238.508,0,1,-3.59257,20.5284,233.608,0,1,-2.91057,6.78659,234.369,0,1,13.8633,1.55647,233.534,0,0,0.0,18,303.5
41,-8.64911,-7.00421,135,0.439044,0.209843,0,-2.01595,6.68954,225.037,0,0,-15.3207,11.0375,218.15,0,1,3.06713,4.44816,229.687,0,1,-18.2812,8.5765,233.248,0,1,22.0592,11.2297,227.754,0,1,22.9421,11.7387,239.248,0,1,13.9911,23.0501,238.692,0,1,-3.78108,20.3141,233.883,0,1,-2.76015,6.89522,234.558,0,1,13.8004,1.42627,233.772,0,0,0.0,18,304
42,-9.09288,-6.68845,135.5,0.437566,0.217143,0,-2.01595,6.68954,225.037,0,0,-15.3207,11.0375,218.15,0,1,2.86443,4.45408,230.019,0,1,-18.1642,8.35986,233.449,0,1,21.9628,11.07,228.001,0,1,23.0591,11.5221,239.449,0,1,14.0128,22.8615,238.874,0,1,-3.97627,20.0983,234.16,0,1,-2.61817,6.99354,234.749,0,1,13.7275,1.28689,234.013,0,0,0.0,18,304.5
43,-9.53651,-6.36966,136,0.436236,0.223713,0,-2.01595,6.68954,225.037,0,0,-15.3207,11.0375,218.15,0,1,2.668,4.47171,230.352,0,1,-18.0565,8.14348,233.647,0,1,21.8568,10.9026,228.25,0,1,23.1668,11.3057,239.647,0,1,14.0242,22.679,239.055,0,1,-4.1778,19.8819,234.439,0,1,-2.48488,7.08126,234.942,0,1,13.6446,1.13873,234.256,0,0,0.0,18,305
44,-9.67359,-5.94656,136.5,0.392612,0.241342,0,-2.01595,6.68954,225.037,0,0,-15.3207,11.0375,218.15,0,1,2.47818,4.50101,230.686,0,1,-17.9583,7.92799,233.843,0,1,21.7415,10.728,228.502,0,1,23.2651,11.0902,239.843,0,1,14.0252,22.5031,239.234,0,1,-4.38531,19.6652,234.721,0,1,-2.36052,7.15813,235.138,0,1,13.5521,0.982229,234.502,0,0,0.0,18,305.5
45,-9.7997,-5.51731,137,0.353351,0.257207,0,-2.01595,6.68954,225.037,0,0,-15.3207,11.0375,218.15,0,1,2.2953,4.54189,231.02,0,1,-17.8697,7.71403,234.038,0,1,21.6171,10.5467,228.756,0,1,23.3536,10.8763,240.038,0,1,14.0157,22.3343,239.412,0,1,-4.59845,19.4491,235.005,0,1,-2.2453,7.22393,235.335,0,1,13.4499,0.817852,234.75,0,0,0.0,18,306
46,-9.91573,-5.08239,137.5,0.318016,0.271487,0,-2.01595,6.68954,225.037,0,0,-15.3207,11.0375,218.15,0,1,2.11967,4.59423,231.355,0,1,-17.7909,7.50223,234.23,0,1,21.4838,10.3593,229.013,0,1,23.4324,10.6645,240.23,0,1,13.9959,22.1731,239.589,0,1,-4.81684,19.2342,235.291,0,1,-2.13943,7.27845,235.534,0,1,13.3384,0.646073,235.001,0,0,0.0,18,306.5
47,-9.58913,-4.98894,138,0.226214,0.244338,0,-2.01595,6.68954,225.037,0,0,-15.3207,11.0375,218.15,0,1,1.95161,4.65787,231.691,0,1,-17.7221,7.29319,234.421,0,1,21.3417,10.1662,229.273,0,1,23.5012,10.4554,240.421,0,1,13.9657,22.02,239.764,0,1,-5.04011,19.021,235.58,0,1,-2.04307,7.32154,235.735,0,1,13.2176,0.467399,235.254,0,0,0.0,18,307
48,-9.23867,-4.90296,138.5,0.143593,0.219904,0,-2.01595,6.68954,225.037,0,0,-15.3207,11.0375,218.15,0,1,1.79141,4.73263,232.027,0,1,-17.6634,7.08755,234.609,0,1,21.1913,9.96813,229.535,0,1,23.5599,10.2498,240.609,0,1,13.9251,21.8754,239.938,0,1,-5.26787,18.8102,235.871,0,1,-1.95641,7.35307,235.938,0,1,13.0878,0.282358,235.51,0,0,0.0,18,307.5
49,-8.86624,-4.82386,139,0.0692337,0.197914,0,-2.01595,6.68954,225.037,0,0,-15.3207,11.0375,218.15,0,1,1.63934,4.81829,232.364,0,1,-17.6148,6.8859,234.796,0,1,21.0326,9.76559,229.799,0,1,23.6085,10.0481,240.796,0,1,13.8744,21.7397,240.11,0,1,-5.49973,18.6025,236.164,0,1,-1.87959,7.37295,236.144,0,1,12.9492,0.0914855,235.769,0,0,0.0,18,308
50,-8.47361,-4.75109,139.5,0.00231035,0.178122,0,-2.01595,6.68954,225.037,0,0,-15.3207,11.0375,218.15,0,1,1.49566,4.9146,232.701,0,1,-17.5765,6.68883,234.981,0,1,20.866,9.55918,230.066,0,1,23.6468,9.85105,240.981,0,1,13.8135,21.6134,240.282,0,1,-5.73527,18.3983,236.46,0,1,-1.81275,7.38113,236.352,0,1,12.802,-0.104651,236.03,0,0,0.0,18,308.5
51,-8.06239,-4.68414,140,-0.0579207,0.16031,0,-2.01595,6.68954,225.037,0,0,-15.3207,11.0375,218.15,0,1,1.36063,5.02127,233.038,0,1,-17.5486,6.49692,235.165,0,1,20.6918,9.34951,230.336,0,1,23.6748,9.65914,241.165,0,1,13.7425,21.4968,240.452,0,1,-5.9741,18.1984,236.757,0,1,-1.75599,7.37757,236.562,0,1,12.6466,-0.305484,236.293,0,0,0.0,18,309
52,-7.63406,-4.62254,140.5,-0.112129,0.144279,0,-2.01595,6.68954,225.037,0,0,-15.3207,11.0375,218.15,0,1,1.23448,5.13799,233.375,0,1,-17.5309,6.31073,235.347,0,1,20.5103,9.1372,230.608,0,1,23.6924,9.47296,241.347,0,1,13.6616,21.3903,240.621,0,1,-6.2158,18.0033,237.057,0,1,-1.70943,7.36229,236.774,0,1,12.4832,-0.510421,236.559,0,0,0.0,18,309.5
53,-7.19,-4.56588,141,-0.160916,0.129851,0,-2.01595,6.68954,225.037,0,0,-15.3207,11.0375,218.15,0,1,1.11743,5.26443,233.713,0,1,-17.5237,6.13081,235.527,0,1,20.3218,8.92287,230.883,0,1,23.6996,9.29304,241.527,0,1,13.5709,21.2941,240.79,0,1,-6.45994,17.8136,237.359,0,1,-1.67314,7.33533,236.989,0,1,12.312,-0.718856,236.828,0,0,0.0,18,310
54,-6.73147,-4.51374,141.5,-0.204824,0.116866,0,-2.01595,6.68954,225.037,0,0,-15.3207,11.0375,218.15,0,1,1.00969,5.4002,234.05,0,1,-17.5269,5.95769,235.706,0,1,20.1266,8.70714,231.16,0,1,23.6964,9.11992,241.706,0,1,13.4707,21.2086,240.957,0,1,-6.70611,17.6299,237.663,0,1,-1.64718,7.29677,237.206,0,1,12.1334,-0.930186,237.099,0,0,0.0,18,310.5
55,-6.25962,-4.46578,142,-0.244342,0.105179,0,-2.01595,6.68954,225.037,0,0,-15.3207,11.0375,218.15,0,1,0.91143,5.54492,234.388,0,1,-17.5406,5.79188,235.883,0,1,19.9251,8.49066,231.439,0,1,23.6828,8.9541,241.883,0,1,13.3609,21.134,241.124,0,1,-6.95388,17.4526,237.969,0,1,-1.6316,7.24673,237.425,0,1,11.9476,-1.14379,237.373,0,0,0.0,18,311
56,-5.90244,-4.66679,142.5,-0.262334,0.0663773,0,-2.01595,6.68954,225.037,0,0,-15.3207,11.0375,218.15,0,1,0.822834,5.69815,234.725,0,1,-17.5646,5.63386,236.059,0,1,19.7176,8.27405,231.721,0,1,23.6588,8.79608,242.059,0,1,13.2419,21.0705,241.29,0,1,-7.20282,17.2823,238.276,0,1,-1.62643,7.18535,237.647,0,1,11.7551,-1.35903,237.648,0,0,0.0,18,311.5
57,-5.53847,-4.88,143,-0.278527,0.0314553,0,-2.01595,6.68954,225.037,0,0,-15.3207,11.0375,218.15,0,1,0.744051,5.85945,235.062,0,1,-17.5989,5.48409,236.233,0,1,19.5044,8.05795,232.005,0,1,23.6244,8.64631,242.234,0,1,13.1138,21.0183,241.455,0,1,-7.45249,17.1195,238.586,0,1,-1.63168,7.11282,237.871,0,1,11.556,-1.57529,237.927,0,0,0.0,18,312
58,-5.16827,-5.10443,143.5,-0.293101,2.54568e-05,0,-2.01595,6.68954,225.037,0,0,-15.3207,11.0375,218.15,0,1,0.675219,6.02834,235.399,0,1,-17.6435,5.34302,236.407,0,1,19.286,7.84299,232.291,0,1,23.5798,8.50524,242.407,0,1,12.977,20.9776,241.62,0,1,-7.70246,16.9647,238.898,0,1,-1.64732,7.02933,238.098,0,1,11.3509,-1.79193,238.208,0,0,0.0,18,312.5
59,-4.79233,-5.3392,144,-0.306217,-0.0282614,0,-2.01595,6.68954,225.037,0,0,-15.3207,11.0375,218.15,0,1,0.616457,6.20432,235.736,0,1,-17.6984,5.21106,236.579,0,1,19.0628,7.62981,232.58,0,1,23.525,8.37328,242.579,0,1,12.8315,20.9484,241.784,0,1,-7.9523,16.8183,239.211,0,1,-1.67335,6.93515,238.327,0,1,11.1399,-2.0083,238.491,0,0,0.0,18,313
60,-4.41111,-5.58347,144.5,-0.318022,-0.0537195,0,-2.01595,6.68954,225.037,0,0,-15.3207,11.0375,218.15,0,1,0.567868,6.3869,236.072,0,1,-17.7633,5.08859,236.75,0,1,18.835,7.41903,232.871,0,1,23.46,8.25081,242.75,0,1,12.6776,20.9309,241.948,0,1,-8.20158,16.6808,239.526,0,1,-1.70971,6.83054,238.558,0,1,10.9236,-2.22379,238.776,0,0,0.0,18,313.5
61,-4.02503,-5.83648,145,-0.328646,-0.0766318,0,-2.01595,6.68954,225.037,0,0,-15.3207,11.0375,218.15,0,1,0.529535,6.57551,236.408,0,1,-17.8383,4.97598,236.92,0,1,18.6032,7.21127,233.164,0,1,23.3851,8.13819,242.92,0,1,12.5157,20.9251,242.111,0,1,-8.44985,16.5526,239.843,0,1,-1.75635,6.71581,238.792,0,1,10.7022,-2.43776,239.064,0,0,0.0,18,314
62,-3.63448,-6.09753,145.5,-0.338208,-0.0972529,0,-2.01595,6.68954,225.037,0,0,-15.3207,11.0375,218.15,0,1,0.501525,6.76962,236.743,0,1,-17.9231,4.87355,237.089,0,1,18.3676,7.00714,233.46,0,1,23.3003,8.03576,243.089,0,1,12.346,20.9311,242.274,0,1,-8.6967,16.434,240.161,0,1,-1.81317,6.59131,239.029,0,1,10.4762,-2.64957,239.354,0,0,0.0,18,314.5
63,-3.23982,-6.36599,146,-0.346813,-0.115812,0,-2.01595,6.68954,225.037,0,0,-15.3207,11.0375,218.15,0,1,0.483888,6.96866,237.077,0,1,-18.0176,4.78161,237.257,0,1,18.1288,6.80723,233.757,0,1,23.2057,7.94382,243.257,0,1,12.1689,20.9488,242.437,0,1,-8.94169,16.3254,240.481,0,1,-1.88008,6.45739,239.268,0,1,10.246,-2.85861,239.647,0,0,0.0,18,315
64,-2.84138,-6.64125,146.5,-0.354558,-0.132515,0,-2.01595,6.68954,225.037,0,0,-15.3207,11.0375,218.15,0,1,0.476652,7.17203,237.411,0,1,-18.1217,4.70042,237.424,0,1,17.8871,6.61214,234.057,0,1,23.1016,7.86263,243.424,0,1,11.9845,20.9781,242.599,0,1,-9.1844,16.2271,240.802,0,1,-1.95697,6.31444,239.51,0,1,10.0118,-3.06427,239.941,0,0,0.0,18,315.5
65,-2.43946,-6.92278,147,-0.361529,-0.147548,0,-2.01595,6.68954,225.037,0,0,-15.3207,11.0375,218.15,0,1,0.479832,7.37915,237.744,0,1,-18.2352,4.63023,237.59,0,1,17.6429,6.42244,234.359,0,1,22.9882,7.79243,243.59,0,1,11.7932,21.0191,242.762,0,1,-9.42441,16.1393,241.125,0,1,-2.04369,6.16289,239.754,0,1,9.77428,-3.26594,240.238,0,0,0.0,18,316
66,-2.03434,-7.21006,147.5,-0.367803,-0.161077,0,-2.01595,6.68954,225.037,0,0,-15.3207,11.0375,218.15,0,0,0.479832,7.37915,237.744,0,1,-18.3579,4.57123,237.756,0,1,17.3968,6.23867,234.663,0,1,22.8655,7.73344,243.756,0,1,11.5954,21.0714,242.924,0,1,-9.66129,16.0625,241.449,0,1,-2.14011,6.00318,240.001,0,1,9.53368,-3.46302,240.537,0,0,0.0,18,316.5
67,-1.62627,-7.50265,148,-0.373449,-0.173254,0,-2.01595,6.68954,225.037,0,0,-15.3207,11.0375,218.15,0,0,0.479832,7.37915,237.744,0,1,-18.4895,4.52361,237.921,0,1,17.149,6.06139,234.969,0,1,22.7339,7.68581,243.921,0,1,11.3914,21.1351,243.087,0,1,-9.89464,15.9967,241.775,0,1,-2.24606,5.83579,240.25,0,1,9.29046,-3.65495,240.838,0,0,0.0,18,317
68,-1.21549,-7.80012,148.5,-0.37853,-0.184213,0,-2.01595,6.68954,225.037,0,0,-15.3207,11.0375,218.15,0,0,0.479832,7.37915,237.744,0,1,-18.6298,4.4875,238.085,0,1,16.9001,5.89111,235.276,0,1,22.5935,7.6497,244.085,0,1,11.1816,21.2099,243.25,0,1,-10.1241,15.9422,242.102,0,1,-2.36134,5.66119,240.502,0,1,9.04505,-3.84116,241.141,0,0,0.0,18,317.5
69,-0.802217,-8.10207,149,-0.383104,-0.194076,0,-2.01595,6.68954,225.037,0,0,-15.3207,11.0375,218.15,0,0,0.479832,7.37915,237.744,0,1,-18.7787,4.46301,238.249,0,1,16.6504,5.72833,235.586,0,1,22.4447,7.62521,244.249,0,1,10.9663,21.2956,243.412,0,1,-10.3491,15.8991,242.43,0,1,-2.48576,5.4799,240.756,0,1,8.79787,-4.0211,241.446,0,0,0.0,18,318
70,-0.386652,-8.40816,149.5,-0.38722,-0.202952,0,-2.01595,6.68954,225.037,0,0,-15.3207,11.0375,218.15,0,0,0.479832,7.37915,237.744,0,1,-18.9358,4.45021,238.413,0,1,16.4004,5.57352,235.898,0,1,22.2876,7.61241,244.413,0,1,10.7459,21.392,243.576,0,1,-10.5695,15.8676,242.759,0,1,-2.61911,5.29246,241.013,0,1,8.54935,-4.19424,241.753,0,0,0.0,18,318.5
71,0.0310236,-8.71803,150,-0.390924,-0.210941,0,-2.01595,6.68954,225.037,0,0,-15.3207,11.0375,218.15,0,0,0.479832,7.37915,237.744,0,1,-19.1008,4.44914,238.576,0,1,16.1506,5.42715,236.211,0,1,22.1225,7.61133,244.576,0,1,10.5207,21.4987,243.739,0,1,-10.7847,15.8477,243.089,0,1,-2.76114,5.09942,241.273,0,1,8.29992,-4.36008,242.062,0,0,0.0,18,319
72,0.45064,-9.03141,150.5,-0.394258,-0.218132,0,-2.01595,6.68954,225.037,0,0,-15.3207,11.0375,218.15,0,0,0.479832,7.37915,237.744,0,1,-19.2736,4.45979,238.739,0,1,15.9013,5.28964,236.526,0,1,21.9498,7.62198,244.739,0,1,10.2913,21.6154,243.903,0,1,-10.9945,15.8396,243.42,0,1,-2.91163,4.90133,241.535,0,1,8.05002,-4.51814,242.373,0,0,0.0,18,319.5
73,0.872043,-9.348,151,-0.397259,-0.224603,0,-2.01595,6.68954,225.037,0,0,-15.3207,11.0375,218.15,0,0,0.479832,7.37915,237.744,0,1,-19.4537,4.48215,238.902,0,1,15.653,5.16139,236.843,0,1,21.7697,7.64434,244.902,0,1,10.0579,21.7419,244.068,0,1,-11.1984,15.8431,243.752,0,1,-3.07029,4.69878,241.799,0,1,7.80007,-4.66793,242.685,0,0,0.0,18,320
74,1.29509,-9.66754,151.5,-0.399959,-0.230427,0,-2.01595,6.68954,225.037,0,0,-15.3207,11.0375,218.15,0,0,0.479832,7.37915,237.744,0,1,-19.6409,4.51614,239.064,0,1,15.4062,5.04279,237.161,0,1,21.5825,7.67833,245.064,0,1,9.82093,21.8777,244.233,0,1,-11.3961,15.8584,244.085,0,1,-3.23687,4.49238,242.066,0,1,7.55052,-4.80904,243,0,0,0.0,18,320.5
75,1.71965,-9.98981,152,-0.40239,-0.235668,0,-2.01595,6.68954,225.037,0,0,-15.3207,11.0375,218.15,0,0,0.479832,7.37915,237.744,0,1,-19.8348,4.56166,239.227,0,1,15.1612,4.93417,237.481,0,1,21.3886,7.72385,245.227,0,1,9.58089,22.0224,244.399,0,1,-11.5873,15.8854,244.419,0,0,-3.23687,4.49238,242.066,0,1,7.30179,-4.94104,243.316,0,0,0.0,18,321
76,2.1456,-10.3146,152.5,-0.404577,-0.240386,0,-2.01595,6.68954,225.037,0,0,-15.3207,11.0375,218.15,0,0,0.479832,7.37915,237.744,0,1,-20.0351,4.61859,239.389,0,1,14.9185,4.83587,237.802,0,1,21.1883,7.78077,245.389,0,1,9.33815,22.1757,244.565,0,1,-11.7716,15.924,244.753,0,0,-3.23687,4.49238,242.066,0,1,7.05432,-5.06354,243.633,0,0,0.0,18,321.5
77,2.57282,-10.6416,153,-0.406546,-0.244631,0,-2.01595,6.68954,225.037,0,0,-15.3207,11.0375,218.15,0,0,0.479832,7.37915,237.744,0,1,-20.2415,4.68674,239.552,0,1,14.6785,4.74815,238.125,0,1,20.9819,7.84892,245.552,0,1,9.09313,22.337,244.732,0,1,-11.9487,15.974,245.088,0,0,-3.23687,4.49238,242.066,0,1,6.80853,-5.17619,243.953,0,0,0.0,18,322
78,3.00123,-10.9708,153.5,-0.408318,-0.248453,0,-2.01595,6.68954,225.037,0,0,-15.3207,11.0375,218.15,0,0,0.479832,7.37915,237.744,0,1,-20.4535,4.76593,239.715,0,1,14.4416,4.67129,238.449,0,1,20.7698,7.92811,245.715,0,1,8.84626,22.506,244.9,0,1,-12.1183,16.0354,245.424,0,0,-3.23687,4.49238,242.066,0,1,6.56486,-5.27866,244.274,0,0,0.0,18,322.5
79,3.43072,-11.302,154,-0.409912,-0.251892,0,-2.01595,6.68954,225.037,0,0,-15.3207,11.0375,218.15,0,0,0.479832,7.37915,237.744,0,1,-20.6709,4.85593,239.878,0,1,14.2082,4.60551,238.775,0,1,20.5524,8.0181,245.878,0,1,8.59796,22.682,245.07,0,1,-12.2801,16.108,245.76,0,0,-3.23687,4.49238,242.066,0,1,6.32372,-5.37065,244.596,0,0,0.0,18,323
80,3.8612,-11.6349,154.5,-0.411347,-0.254987,0,-2.01595,6.68954,225.037,0,0,-15.3207,11.0375,218.15,0,0,0.479832,7.37915,237.744,0,1,-20.8933,4.95646,240.041,0,1,13.9788,4.55101,239.102,0,1,20.3301,8.11863,246.041,0,1,8.34868,22.8646,245.24,0,1,-12.4338,16.1915,246.097,0,0,-3.23687,4.49238,242.066,0,1,6.08554,-5.45187,244.92,0,0,0.0,18,323.5
81,4.2926,-11.9695,155,-0.412639,-0.257772,0,-2.01595,6.68954,225.037,0,0,-15.3207,11.0375,218.15,0,0,0.479832,7.37915,237.744,0,1,-21.1202,5.06723,240.205,0,1,13.7537,4.50793,239.43,0,1,20.1032,8.2294,246.205,0,1,8.09883,23.0532,245.411,0,1,-12.5792,16.2857,246.434,0,0,-3.23687,4.49238,242.066,0,1,5.85073,-5.52211,245.245,0,0,0.0,18,324
82,4.72485,-12.3056,155.5,-0.413802,-0.260279,0,-2.01595,6.68954,225.037,0,0,-15.3207,11.0375,218.15,0,0,0.479832,7.37915,237.744,0,1,-21.3513,5.18792,240.369,0,1,13.5334,4.47641,239.759,0,1,19.8721,8.35009,246.369,0,1,7.84885,23.2473,245.583,0,1,-12.716,16.3903,246.771,0,0,-3.23687,4.49238,242.066,0,1,5.61969,-5.58115,245.571,0,0,0.0,18,324.5
83,5.15787,-12.6431,156,-0.414848,-0.262536,0,-2.01595,6.68954,225.037,0,0,-15.3207,11.0375,218.15,0,0,0.479832,7.37915,237.744,0,1,-21.5862,5.31817,240.534,0,1,13.3182,4.45654,240.089,0,1,19.6372,8.48034,246.534,0,1,7.59919,23.4464,245.757,0,1,-12.8439,16.505,247.108,0,0,-3.23687,4.49238,242.066,0,1,5.39283,-5.62882,245.898,0,0,0.0,18,325
84,5.5916,-12.9819,156.5,-0.41579,-0.264566,0,-2.01595,6.68954,225.037,0,0,-15.3207,11.0375,218.15,0,0,0.479832,7.37915,237.744,0,1,-21.8244,5.4576,240.699,0,1,13.1084,4.44838,240.42,0,1,19.399,8.61977,246.699,0,1,7.35026,23.6498,245.931,0,1,-12.9628,16.6296,247.445,0,0,-3.23687,4.49238,242.066,0,1,5.17054,-5.66497,246.227,0,0,0.0,18,325.5
85,6.15291,-13.0767,157,-0.434211,-0.23811,0,-2.01595,6.68954,225.037,0,0,-15.3207,11.0375,218.15,0,0,0.479832,7.37915,237.744,0,1,-22.0656,5.60581,240.865,0,1,12.9045,4.45196,240.752,0,1,19.1578,8.76797,246.865,0,1,7.10251,23.8569,246.107,0,1,-13.0724,16.7635,247.783,0,0,-3.23687,4.49238,242.066,0,1,4.95321,-5.68951,246.557,0,0,0.0,18,326
86,6.71931,-13.1639,157.5,-0.45079,-0.214299,0,-2.01595,6.68954,225.037,0,0,-15.3207,11.0375,218.15,0,0,0.479832,7.37915,237.744,0,1,-22.3093,5.76236,241.032,0,1,12.7068,4.46725,241.085,0,1,18.9141,8.92452,247.032,0,1,6.85636,24.0672,246.285,0,1,-13.1726,16.9065,248.12,0,0,-3.23687,4.49238,242.066,0,1,4.74121,-5.70236,246.888,0,0,0.0,18,326.5
87,7.29041,-13.2442,158,-0.465711,-0.192869,0,-2.01595,6.68954,225.037,0,0,-15.3207,11.0375,218.15,0,0,0.479832,7.37915,237.744,0,1,-22.5551,5.92678,241.199,0,1,12.5156,4.49423,241.419,0,1,18.6683,9.08894,247.2,0,1,6.61224,24.2799,246.464,0,1,-13.2631,17.058,248.458,0,0,-3.23687,4.49238,242.066,0,1,4.53491,-5.70348,247.219,0,0,0.0,18,327
88,7.86581,-13.3181,158.5,-0.47914,-0.173582,0,-2.01595,6.68954,225.037,0,0,-15.3207,11.0375,218.15,0,0,0.479832,7.37915,237.744,0,1,-22.8026,6.0986,241.368,0,1,12.3313,4.5328,241.753,0,1,18.4208,9.26076,247.368,0,1,6.37057,24.4946,246.644,0,1,-13.3439,17.2177,248.795,0,0,-3.23687,4.49238,242.066,0,1,4.33468,-5.69287,247.552,0,0,0.0,18,327.5
89,8.44519,-13.386,159,-0.491226,-0.156224,0,-2.01595,6.68954,225.037,0,0,-15.3207,11.0375,218.15,0,0,0.479832,7.37915,237.744,0,1,-23.0513,6.27731,241.537,0,1,12.1542,4.58285,242.088,0,1,18.1721,9.43947,247.537,0,1,6.13178,24.7105,246.826,0,1,-13.4147,17.3852,249.132,0,0,-3.23687,4.49238,242.066,0,1,4.14085,-5.67056,247.885,0,0,0.0,18,328
90,9.02821,-13.4485,159.5,-0.502103,-0.140601,0,-2.01595,6.68954,225.037,0,0,-15.3207,11.0375,218.15,0,0,0.479832,7.37915,237.744,0,1,-23.3009,6.46238,241.708,0,1,11.9846,4.64425,242.424,0,1,17.9225,9.62454,247.708,0,1,5.89628,24.9271,247.01,0,1,-13.4755,17.5598,249.469,0,0,-3.23687,4.49238,242.066,0,1,3.95377,-5.63662,248.22,0,0,0.0,18,328.5
91,9.61459,-13.506,160,-0.511893,-0.126541,0,-2.01595,6.68954,225.037,0,0,-15.3207,11.0375,218.15,0,0,0.479832,7.37915,237.744,0,1,-23.5508,6.65329,241.88,0,1,11.8228,4.7168,242.76,0,1,17.6726,9.81545,247.88,0,1,5.66447,25.1437,247.195,0,1,-13.5261,17.7411,249.805,0,0,-3.23687,4.49238,242.066,0,1,3.77375,-5.59114,248.554,0,0,0.0,18,329
92,10.2041,-13.5589,160.5,-0.520703,-0.113887,0,-2.01595,6.68954,225.037,0,0,-15.3207,11.0375,218.15,0,0,0.479832,7.37915,237.744,0,1,-23.8007,6.84945,242.052,0,1,11.6691,4.8003,243.097,0,1,17.4227,10.0116,248.052,0,1,5.43677,25.3596,247.383,0,1,-13.5665,17.9285,250.14,0,0,-3.23687,4.49238,242.066,0,1,3.60112,-5.53426,248.89,0,0,0.0,18,329.5
93,10.7964,-13.6076,161,-0.528633,-0.102498,0,-2.01595,6.68954,225.037,0,0,-15.3207,11.0375,218.15,0,0,0.479832,7.37915,237.744,0,1,-24.0501,7.05032,242.226,0,1,11.5237,4.8945,243.434,0,1,17.1732,10.2125,248.226,0,1,5.21356,25.5742,247.571,0,1,-13.5966,18.1216,250.476,0,0,-3.23687,4.49238,242.066,0,1,3.43617,-5.46615,249.226,0,0,0.0,18,330
94,11.3913,-13.6523,161.5,-0.53577,-0.0922486,0,-2.01595,6.68954,225.037,0,0,-15.3207,11.0375,218.15,0,0,0.479832,7.37915,237.744,0,1,-24.2987,7.25528,242.402,0,1,11.3869,4.99912,243.771,0,1,16.9247,10.4174,248.402,0,1,4.99523,25.787,247.762,0,1,-13.6163,18.3197,250.81,0,0,-3.23687,4.49238,242.066,0,1,3.27918,-5.387,249.562,0,0,0.0,18,330.5
95,11.9886,-13.6935,162,-0.542193,-0.0830237,0,-2.01595,6.68954,225.037,0,0,-15.3207,11.0375,218.15,0,0,0.479832,7.37915,237.744,0,1,-24.5458,7.46373,242.578,0,1,11.259,5.11386,244.108,0,1,16.6776,10.6259,248.578,0,1,4.78216,25.9972,247.955,0,1,-13.6256,18.5222,251.144,0,0,-3.23687,4.49238,242.066,0,1,3.13044,-5.29705,249.899,0,0,0.0,18,331
96,12.5882,-13.7314,162.5,-0.547974,-0.0747213,0,-2.01595,6.68954,225.037,0,0,-15.3207,11.0375,218.15,0,0,0.479832,7.37915,237.744,0,1,-24.7912,7.67508,242.756,0,1,11.1401,5.23838,244.445,0,1,16.4322,10.8372,248.756,0,1,4.57472,26.2043,248.15,0,1,-13.6245,18.7286,251.477,0,0,-3.23687,4.49238,242.066,0,1,2.99019,-5.19656,250.236,0,0,0.0,18,331.5
97,13.1898,-13.7663,163,-0.553176,-0.0672492,0,-2.01595,6.68954,225.037,0,0,-15.3207,11.0375,218.15,0,0,0.479832,7.37915,237.744,0,1,-25.0344,7.88869,242.936,0,1,11.0305,5.37232,244.783,0,1,16.189,11.0508,248.936,0,1,4.37327,26.4076,248.346,0,1,-13.613,18.9383,251.81,0,0,-3.23687,4.49238,242.066,0,1,2.85869,-5.08583,250.573,0,0,0.0,18,332
98,13.6663,-13.5532,163.5,-0.540285,-0.03224,0,-2.01595,6.68954,225.037,0,0,-15.3207,11.0375,218.15,0,0,0.479832,7.37915,237.744,0,1,-25.275,8.10394,243.117,0,1,10.9303,5.51528,245.12,0,1,15.9484,11.2661,249.117,0,1,4.17817,26.6065,248.545,0,1,-13.5911,19.1506,252.141,0,0,-3.23687,4.49238,242.066,0,1,2.73615,-4.96518,250.91,0,0,0.0,18,332.5
99,14.1401,-13.329,164,-0.528683,-0.000731731,0,-2.01595,6.68954,225.037,0,0,-15.3207,11.0375,218.15,0,0,0.479832,7.37915,237.744,0,1,-25.5125,8.3202,243.3,0,1,10.8398,5.66684,245.458,0,1,15.7109,11.4824,249.3,0,1,3.98974,26.8006,248.746,0,1,-13.5589,19.365,252.471,0,0,-3.23687,4.49238,242.066,0,1,2.6228,-4.83496,251.248,0,0,0.0,18,333
100,14.6113,-13.0943,164.5,-0.518241,0.0276257,0,-2.01595,6.68954,225.037,0,0,-15.3207,11.0375,218.15,0,0,0.479832,7.37915,237.744,0,1,-25.7466,8.53685,243.484,0,1,10.759,5.82656,245.795,0,1,15.4768,11.699,249.484,0,1,3.80832,26.9891,248.949,0,1,-13.5163,19.5807,252.801,0,0,-3.23687,4.49238,242.066,0,1,2.51883,-4.69556,251.585,0,0,0.0,18,333.5
101,15.0802,-12.8502,165,-0.508843,0.0531474,0,-2.01595,6.68954,225.037,0,0,-15.3207,11.0375,218.15,0,0,0.479832,7.37915,237.744,0,1,-25.9768,8.75323,243.67,0,1,10.6882,5.99398,246.132,0,1,15.2466,11.9154,249.67,0,1,3.63422,27.1716,249.154,0,1,-13.4635,19.7972,253.129,0,0,-3.23687,4.49238,242.066,0,1,2.42441,-4.54739,251.923,0,0,0.0,18,334
102,15.5469,-12.5973,165.5,-0.500385,0.0761169,0,-2.01595,6.68954,225.037,0,0,-15.3207,11.0375,218.15,0,0,0.479832,7.37915,237.744,0,1,-26.2027,8.96871,243.858,0,1,10.6274,6.16858,246.469,0,1,15.0207,12.1309,249.858,0,1,3.46775,27.3475,249.361,0,1,-13.4006,20.0138,253.456,0,0,-3.23687,4.49238,242.066,0,1,2.33972,-4.39088,252.26,0,0,0.0,18,334.5
103,16.0117,-12.3363,166,-0.492773,0.0967895,0,-2.01595,6.68954,225.037,0,0,-15.3207,11.0375,218.15,0,0,0.479832,7.37915,237.744,0,1,-26.424,9.18267,244.048,0,1,10.5768,6.34988,246.805,0,1,14.7994,12.3448,250.048,0,1,3.30919,27.5163,249.57,0,1,-13.3277,20.2299,253.782,0,0,-3.23687,4.49238,242.066,0,1,2.26491,-4.22649,252.597,0,0,0.0,18,335
104,16.4746,-12.068,166.5,-0.485922,0.115395,0,-2.01595,6.68954,225.037,0,0,-15.3207,11.0375,218.15,0,0,0.479832,7.37915,237.744,0,1,-26.6403,9.39447,244.239,0,1,10.5364,6.53733,247.14,0,1,14.5831,12.5566,250.239,0,1,3.15881,27.6774,249.782,0,1,-13.2449,20.4449,254.107,0,0,-3.23687,4.49238,242.066,0,1,2.20009,-4.05469,252.934,0,0,0.0,18,335.5
105,16.9358,-11.7928,167,-0.479757,0.13214,0,-2.01595,6.68954,225.037,0,0,-15.3207,11.0375,218.15,0,0,0.479832,7.37915,237.744,0,1,-26.8512,9.60349,244.433,0,1,10.5063,6.73039,247.476,0,1,14.3722,12.7657,250.433,0,1,3.01689,27.8306,249.996,0,1,-13.1523,20.658,254.43,0,0,-3.23687,4.49238,242.066,0,1,2.14538,-3.87601,253.27,0,0,0.0,18,336
106,17.3955,-11.5113,167.5,-0.474207,0.14721,0,-2.01595,6.68954,225.037,0,0,-15.3207,11.0375,218.15,0,0,0.479832,7.37915,237.744,0,1,-27.0562,9.80914,244.628,0,1,10.4866,6.92848,247.81,0,1,14.1671,12.9713,250.628,0,1,2.88366,27.9751,250.213,0,1,-13.0501,20.8688,254.752,0,0,-3.23687,4.49238,242.066,0,1,2.10089,-3.69096,253.606,0,0,0.0,18,336.5
107,17.8538,-11.2241,168,-0.469213,0.160773,0,-2.01595,6.68954,225.037,0,0,-15.3207,11.0375,218.15,0,0,0.479832,7.37915,237.744,0,1,-27.2552,10.0108,244.825,0,1,10.4773,7.13104,248.144,0,1,13.9682,13.1729,250.825,0,1,2.75936,28.1108,250.432,0,1,-12.9385,21.0766,255.072,0,0,-3.23687,4.49238,242.066,0,1,2.06668,-3.50007,253.942,0,0,0.0,18,337
108,18.3108,-10.9316,168.5,-0.464718,0.17298,0,-2.01595,6.68954,225.037,0,0,-15.3207,11.0375,218.15,0,0,0.479832,7.37915,237.744,0,1,-27.4477,10.2078,245.025,0,1,10.4784,7.33746,248.477,0,1,13.7757,13.37,251.025,0,1,2.64419,28.2371,250.653,0,1,-12.8177,21.2807,255.391,0,0,-3.23687,4.49238,242.066,0,1,2.04281,-3.30393,254.276,0,0,0.0,18,337.5
109,18.7665,-10.6342,169,-0.460673,0.183966,0,-2.01595,6.68954,225.037,0,0,-15.3207,11.0375,218.15,0,0,0.479832,7.37915,237.744,0,1,-27.6333,10.3997,245.227,0,1,10.4899,7.54713,248.81,0,1,13.5901,13.5619,251.227,0,1,2.53838,28.3537,250.876,0,1,-12.6879,21.4806,255.708,0,0,-3.23687,4.49238,242.066,0,1,2.02933,-3.10309,254.611,0,0,0.0,18,338
110,19.2212,-10.3323,169.5,-0.457032,0.193854,0,-2.01595,6.68954,225.037,0,0,-15.3207,11.0375,218.15,0,0,0.479832,7.37915,237.744,0,1,-27.8118,10.5859,245.43,0,1,10.5118,7.75945,249.141,0,1,13.4115,13.7481,251.43,0,1,2.44208,28.4602,251.103,0,1,-12.5493,21.6757,256.023,0,0,-3.23687,4.49238,242.066,0,1,2.02626,-2.89814,254.944,0,0,0.0,18,338.5
111,19.6748,-10.0263,170,-0.453755,0.202753,0,-2.01595,6.68954,225.037,0,0,-15.3207,11.0375,218.15,0,0,0.479832,7.37915,237.744,0,1,-27.9829,10.7658,245.636,0,1,10.544,7.97379,249.471,0,1,13.2405,13.928,251.636,0,1,2.35548,28.5563,251.331,0,1,-12.4021,21.8654,256.337,0,0,-3.23687,4.49238,242.066,0,1,2.03361,-2.6897,255.277,0,0,0.0,18,339
112,20.1275,-9.71644,170.5,-0.450806,0.210762,0,-2.01595,6.68954,225.037,0,0,-15.3207,11.0375,218.15,0,0,0.479832,7.37915,237.744,0,1,-28.1463,10.9389,245.844,0,1,10.5866,8.18952,249.801,0,1,13.0771,14.1011,251.844,0,1,2.27873,28.6418,251.562,0,1,-12.2467,22.0491,256.649,0,0,-3.23687,4.49238,242.066,0,1,2.05135,-2.47836,255.609,0,0,0.0,18,339.5
113,20.5794,-9.40311,171,-0.448152,0.21797,0,-2.01595,6.68954,225.037,0,0,-15.3207,11.0375,218.15,0,0,0.479832,7.37915,237.744,0,1,-28.3016,11.1047,246.055,0,1,10.6394,8.406,250.129,0,1,12.9218,14.2669,252.055,0,1,2.21195,28.7164,251.796,0,1,-12.0832,22.2264,256.959,0,0,-3.23687,4.49238,242.066,0,1,2.07947,-2.26476,255.939,0,0,0.0,18,340
114,21.0304,-9.08657,171.5,-0.445763,0.224457,0,-2.01595,6.68954,225.037,0,0,-15.3207,11.0375,218.15,0,0,0.479832,7.37915,237.744,0,1,-28.4486,11.2627,246.268,0,1,10.7023,8.62262,250.456,0,1,12.7748,14.4249,252.268,0,1,2.15526,28.7799,252.032,0,1,-11.912,22.3967,257.267,0,0,-3.23687,4.49238,242.066,0,1,2.11791,-2.04951,256.269,0,0,0.0,18,340.5
115,21.4808,-8.76706,172,-0.443613,0.230296,0,-2.01595,6.68954,225.037,0,0,-15.3207,11.0375,218.15,0,0,0.479832,7.37915,237.744,0,1,-28.5871,11.4125,246.483,0,1,10.7752,8.83872,250.782,0,1,12.6363,14.5747,252.483,0,1,2.10877,28.8321,252.27,0,1,-11.7334,22.5594,257.574,0,0,-3.23687,4.49238,242.066,0,1,2.16661,-1.83325,256.598,0,0,0.0,18,341
116,21.9304,-8.44483,172.5,-0.441678,0.235551,0,-2.01595,6.68954,225.037,0,0,-15.3207,11.0375,218.15,0,0,0.479832,7.37915,237.744,0,1,-28.7168,11.5535,246.7,0,1,10.858,9.05367,251.107,0,1,12.5066,14.7157,252.7,0,1,2.07254,28.8728,252.511,0,1,-11.5476,22.7142,257.878,0,0,-3.23687,4.49238,242.066,0,1,2.22548,-1.61661,256.925,0,0,0.0,18,341.5
117,22.3794,-8.12009,173,-0.439937,0.24028,0,-2.01595,6.68954,225.037,0,0,-15.3207,11.0375,218.15,0,0,0.479832,7.37915,237.744,0,1,-28.8374,11.6855,246.92,0,1,10.9506,9.26685,251.43,0,1,12.3859,14.8477,252.92,0,1,2.04665,28.9019,252.755,0,1,-11.355,22.8606,258.18,0,0,-3.23687,4.49238,242.066,0,1,2.29441,-1.40022,257.252,0,0,0.0,18,342
118,22.8279,-7.79305,173.5,-0.438369,0.244536,0,-2.01595,6.68954,225.037,0,0,-15.3207,11.0375,218.15,0,0,0.479832,7.37915,237.744,0,1,-28.9489,11.8079,247.142,0,1,11.0528,9.47763,251.752,0,1,12.2745,14.9701,253.142,0,1,2.03114,28.9194,253.001,0,1,-11.156,22.9981,258.481,0,0,-3.23687,4.49238,242.066,0,1,2.3733,-1.18474,257.577,0,0,0.0,18,342.5
119,23.2759,-7.46389,174,-0.436959,0.248367,0,-2.01595,6.68954,225.037,0,0,-15.3207,11.0375,218.15,0,0,0.479832,7.37915,237.744,0,1,-29.0509,11.9205,247.367,0,1,11.1644,9.68539,252.072,0,1,12.1725,15.0827,253.367,0,1,2.02604,28.9251,253.25,0,1,-10.9508,23.1263,258.779,0,0,-3.23687,4.49238,242.066,0,1,2.462,-0.970772,257.901,0,0,0.0,18,343
120,23.4169,-7.03123,174.5,-0.393263,0.26353,0,-2.01595,6.68954,225.037,0,0,-15.3207,11.0375,218.15,0,0,0.479832,7.37915,237.744,0,1,-29.1433,12.0229,247.594,0,1,11.2852,9.88951,252.391,0,1,12.08,15.1851,253.594,0,1,2.03135,28.9192,253.501,0,1,-10.7399,23.2449,259.075,0,0,-3.23687,4.49238,242.066,0,1,2.56036,-0.758961,258.223,0,0,0.0,18,343.5
121,23.5467,-6.5932,175,-0.353937,0.277177,0,-2.01595,6.68954,225.037,0,0,-15.3207,11.0375,218.15,0,0,0.479832,7.37915,237.744,0,1,-29.226,12.1149,247.823,0,1,11.415,10.0894,252.708,0,1,11.9973,15.277,253.823,0,1,2.04707,28.9015,253.755,0,1,-10.5235,23.3535,259.368,0,0,-3.23687,4.49238,242.066,0,0,2.56036,-0.758961,258.223,0,0,0.0,18,344
122,23.6661,-6.1502,175.5,-0.318543,0.289459,0,-2.01595,6.68954,225.037,0,0,-15.3207,11.0375,218.15,0,0,0.479832,7.37915,237.744,0,1,-29.2988,12.196,248.055,0,1,11.5536,10.2845,253.023,0,1,11.9246,15.3582,254.055,0,1,2.07317,28.8721,254.012,0,1,-10.3021,23.4518,259.66,0,0,-3.23687,4.49238,242.066,0,0,2.56036,-0.758961,258.223,0,0,0.0,18,344.5
123,23.7759,-5.70264,176,-0.286689,0.300513,0,-2.01595,6.68954,225.037,0,0,-15.3207,11.0375,218.15,0,0,0.479832,7.37915,237.744,0,1,-29.3615,12.2662,248.29,0,1,11.7008,10.4742,253.337,0,1,11.8618,15.4284,254.29,0,1,2.1096,28.8312,254.27,0,1,-10.0761,23.5395,259.949,0,0,-3.23687,4.49238,242.066,0,0,2.56036,-0.758961,258.223,0,0,0.0,18,345
124,23.877,-5.25089,176.5,-0.25802,0.310462,0,-2.01595,6.68954,225.037,0,0,-15.3207,11.0375,218.15,0,0,0.479832,7.37915,237.744,0,1,-29.4142,12.3252,248.527,0,1,11.8562,10.658,253.649,0,1,11.8092,15.4874,254.527,0,1,2.1563,28.7788,254.532,0,1,-9.84584,23.6163,260.236,0,0,-3.23687,4.49238,242.066,0,0,2.56036,-0.758961,258.223,0,0,0.0,18,345.5
125,23.9699,-4.79528,177,-0.232218,0.319416,0,-2.01595,6.68954,225.037,0,0,-15.3207,11.0375,218.15,0,0,0.479832,7.37915,237.744,0,1,-29.4566,12.3728,248.766,0,1,12.0197,10.8352,253.959,0,1,11.7668,15.535,254.766,0,1,2.21319,28.715,254.796,0,1,-9.61172,23.6821,260.521,0,0,-3.23687,4.49238,242.066,0,0,2.56036,-0.758961,258.223,0,0,0.0,18,346
126,24.0555,-4.33612,177.5,-0.208996,0.327474,0,-2.01595,6.68954,225.037,0,0,-15.3207,11.0375,218.15,0,0,0.479832,7.37915,237.744,0,1,-29.4886,12.4089,249.009,0,1,12.1909,11.0055,254.267,0,1,11.7347,15.5711,255.009,0,1,2.28017,28.6402,255.062,0,1,-9.37414,23.7366,260.803,0,0,-3.23687,4.49238,242.066,0,0,2.56036,-0.758961,258.223,0,0,0.0,18,346.5
127,24.1341,-3.87369,178,-0.188096,0.334727,0,-2.01595,6.68954,225.037,0,0,-15.3207,11.0375,218.15,0,0,0.479832,7.37915,237.744,0,1,-29.5104,12.4333,249.253,0,1,12.3695,11.1683,254.574,0,1,11.713,15.5955,255.253,0,1,2.35712,28.5545,255.331,0,1,-9.13353,23.7796,261.083,0,0,-3.23687,4.49238,242.066,0,0,2.56036,-0.758961,258.223,0,0,0.0,18,347
128,24.2065,-3.40826,178.5,-0.169287,0.341254,0,-2.01595,6.68954,225.037,0,0,-15.3207,11.0375,218.15,0,0,0.479832,7.37915,237.744,0,1,-27.6974,11.8658,246.825,0.3,1,12.8229,10.5668,251.584,0.3,1,11.7016,15.6083,255.5,0,1,2.44391,28.4582,255.603,0,1,-8.89031,23.8111,261.361,0,0,-3.23687,4.49238,242.066,0,0,2.56036,-0.758961,258.223,0,0,0.0,18,347.5
129,24.2731,-2.94006,179,-0.152358,0.347129,0,-2.01595,6.68954,225.037,0,0,-15.3207,11.0375,218.15,0,0,0.479832,7.37915,237.744,0,1,-25.8844,11.2982,244.396,0.6,1,13.2762,9.96534,248.594,0.6,1,11.7007,15.6094,255.75,0,1,2.5404,28.3514,255.877,0,1,-8.64489,23.831,261.636,0,0,-3.23687,4.49238,242.066,0,0,2.56036,-0.758961,258.223,0,0,0.0,18,348
130,24.3344,-2.46931,179.5,-0.137122,0.352416,0,-2.01595,6.68954,225.037,0,0,-15.3207,11.0375,218.15,0,0,0.479832,7.37915,237.744,0,1,-24.0714,10.7306,241.968,0.9,1,13.7295,9.36388,245.604,0.9,1,11.7102,15.5987,256.003,0,1,2.6464,28.2347,256.153,0,1,-8.3977,23.8391,261.909,0,0,-3.23687,4.49238,242.066,0,0,2.56036,-0.758961,258.223,0,0,0.0,18,348.5
131,24.3908,-1.99623,180,-0.12341,0.357174,0,-2.01595,6.68954,225.037,0,0,-15.3207,11.0375,218.15,0,0,0.479832,7.37915,237.744,0,1,-22.2584,10.163,239.539,1.2,1,14.1829,8.76241,242.614,1.2,1,11.73,15.5763,256.257,0,1,2.76174,28.1082,256.432,0,1,-8.14918,23.8355,262.179,0,0,-3.23687,4.49238,242.066,0,0,2.56036,-0.758961,258.223,0,0,0.0,18,349
132,24.1362,-1.62253,180.5,-0.0686427,0.349741,0,-2.01595,6.68954,225.037,0,0,-15.3207,11.0375,218.15,0,0,0.479832,7.37915,237.744,0,1,-20.4455,9.59545,237.11,1.5,1,14.6362,8.16095,239.624,1.5,1,11.7603,15.5423,256.515,0,1,2.88622,27.9724,256.713,0,1,-7.89974,23.8202,262.447,0,0,-3.23687,4.49238,242.066,0,0,2.56036,-0.758961,258.223,0,0,0.0,18,349.5
133,23.8667,-1.25044,181,-0.019352,0.343051,0,-2.01595,6.68954,225.037,0,0,-15.3207,11.0375,218.15,0,0,0.479832,7.37915,237.744,0,1,-18.6325,9.02787,234.682,1.8,1,15.0895,7.55948,236.634,1.8,1,11.8008,15.4968,256.775,0,1,3.01963,27.8276,256.997,0,1,-7.64984,23.7932,262.712,0,0,-3.23687,4.49238,242.066,0,0,2.56036,-0.758961,258.223,0,0,0.0,18,350
134,23.4564,-1.12496,181.5,0.0425832,0.308746,0,-2.01595,6.68954,225.037,0,0,-15.3207,11.0375,218.15,0,0,0.479832,7.37915,237.744,0,1,-16.8195,8.46029,232.253,2.1,1,15.5429,6.95802,233.644,2.1,1,11.8516,15.4398,257.037,0,1,3.16172,27.6743,257.283,0,1,-7.39989,23.7546,262.974,0,0,-3.23687,4.49238,242.066,0,0,2.56036,-0.758961,258.223,0,0,0.0,18,350.5
135,23.029,-1.00952,182,0.0983249,0.277872,0,-2.01595,6.68954,225.037,0,0,-15.3207,11.0375,218.15,0,0,0.479832,7.37915,237.744,0,1,-15.0065,7.89271,229.825,2.4,1,15.9962,6.35655,230.654,2.4,1,11.9125,15.3716,257.302,0,1,3.31225,27.513,257.571,0,1,-7.15033,23.7045,263.235,0,0,-3.23687,4.49238,242.066,0,0,2.56036,-0.758961,258.223,0,0,0.0,18,351
136,22.5858,-0.903317,182.5,0.148492,0.250084,0,-2.01595,6.68954,225.037,0,0,-15.3207,11.0375,218.15,0,0,0.479832,7.37915,237.744,0,1,-13.1935,7.32513,227.396,2.7,1,16.4495,5.75509,227.664,2.7,1,11.9835,15.2924,257.57,0,1,3.47097,27.3441,257.862,0,1,-6.9016,23.6431,263.492,0,0,-3.23687,4.49238,242.066,0,0,2.56036,-0.758961,258.223,0,0,0.0,18,351.5
137,22.128,-0.80561,183,0.193643,0.225076,0,-2.01595,6.68954,225.037,0,0,-15.3207,11.0375,218.15,0,0,0.479832,7.37915,237.744,0,1,-11.3805,6.75755,224.968,3,1,16.9029,5.15363,224.674,3,1,12.0644,15.2024,257.84,0,1,3.6376,27.168,258.154,0,1,-6.65413,23.5706,263.747,0,0,-3.23687,4.49238,242.066,0,0,2.56036,-0.758961,258.223,0,0,0.0,18,352
138,21.6568,-0.71572,183.5,0.234279,0.202568,0,-2.01595,6.68954,225.037,0,0,-15.3207,11.0375,218.15,0,0,0.479832,7.37915,237.744,0,1,-9.56754,6.18998,222.539,3.3,1,17.3562,4.55216,221.684,3.3,1,12.1551,15.1019,258.112,0,1,3.81184,26.9854,258.449,0,1,-6.40835,23.487,264,0,0,-3.23687,4.49238,242.066,0,0,2.56036,-0.758961,258.223,0,0,0.0,18,352.5
139,21.1733,-0.633021,184,0.270851,0.182312,0,-2.01595,6.68954,225.037,0,0,-15.3207,11.0375,218.15,0,0,0.479832,7.37915,237.744,0,1,-7.75455,5.6224,220.111,3.6,1,17.8095,3.9507,218.694,3.6,1,12.2554,14.9911,258.387,0,1,3.99339,26.7968,258.747,0,1,-6.16468,23.3928,264.25,0,0,-3.23687,4.49238,242.066,0,0,2.56036,-0.758961,258.223,0,0,0.0,18,353
140,20.6786,-0.556938,184.5,0.303766,0.16408,0,-2.01595,6.68954,225.037,0,0,-15.3207,11.0375,218.15,0,0,0.479832,7.37915,237.744,0,1,-5.94156,5.05482,217.682,3.9,1,18.2629,3.34923,215.705,3.9,1,12.3652,14.8704,258.665,0,1,4.18195,26.6027,259.046,0,1,-5.92355,23.2882,264.497,0,0,-3.23687,4.49238,242.066,0,0,2.56036,-0.758961,258.223,0,0,0.0,18,353.5
141,20.1734,-0.486941,185,0.333389,0.147672,0,-2.01595,6.68954,225.037,0,0,-15.3207,11.0375,218.15,0,0,0.479832,7.37915,237.744,0,1,-4.12858,4.48724,215.253,4.2,1,18.7162,2.74777,212.715,4.2,1,12.4842,14.7401,258.944,0,1,4.37718,26.4036,259.347,0,1,-5.68538,23.1734,264.742,0,0,-3.23687,4.49238,242.066,0,0,2.56036,-0.758961,258.223,0,0,0.0,18,354
142,19.6586,-0.422544,185.5,0.36005,0.132905,0,-2.01595,6.68954,225.037,0,0,-15.3207,11.0375,218.15,0,0,0.479832,7.37915,237.744,0,1,-2.31559,3.91966,212.825,4.5,1,19.1695,2.1463,209.725,4.5,1,12.6123,14.6007,259.227,0,1,4.57874,26.2002,259.651,0,1,-5.45057,23.0489,264.984,0,0,-3.23687,4.49238,242.066,0,0,2.56036,-0.758961,258.223,0,0,0.0,18,354.5
143,19.2619,-0.608429,186,0.366472,0.0913303,0,-2.01595,6.68954,225.037,0,0,-15.3207,11.0375,218.15,0,0,0.479832,7.37915,237.744,0,1,-0.502603,3.35208,210.396,4.8,1,19.6229,1.54484,206.735,4.8,1,12.7492,14.4525,259.511,0,1,4.78629,25.9931,259.956,0,1,-5.21955,22.9149,265.224,0,0,-3.23687,4.49238,242.066,0,0,2.56036,-0.758961,258.223,0,0,0.0,18,355
144,18.8616,-0.807728,186.5,0.372251,0.053913,0,-2.01595,6.68954,225.037,0,0,-15.3207,11.0375,218.15,0,0,0.479832,7.37915,237.744,0,1,1.31038,2.78451,207.968,5.1,1,20.0762,0.943376,203.745,5.1,1,12.8947,14.2959,259.798,0,1,4.99946,25.7828,260.263,0,1,-4.9927,22.772,265.461,0,0,-3.23687,4.49238,242.066,0,0,2.56036,-0.758961,258.223,0,0,0.0,18,355.5
145,18.4579,-1.01937,187,0.377452,0.0202374,0,-2.01595,6.68954,225.037,0,0,-15.3207,11.0375,218.15,0,0,0.479832,7.37915,237.744,0,1,3.12337,2.21693,205.539,5.4,1,20.5295,0.341911,200.755,5.4,1,13.0485,14.1315,260.087,0,1,5.21789,25.5701,260.573,0,1,-4.77042,22.6204,265.696,0,0,-3.23687,4.49238,242.066,0,0,2.56036,-0.758961,258.223,0,0,0.0,18,356
146,18.0512,-1.24236,187.5,0.382133,-0.0100706,0,-2.01595,6.68954,225.037,0,0,-15.3207,11.0375,218.15,0,0,0.479832,7.37915,237.744,0,1,4.93636,1.64935,203.111,5.7,1,20.9829,-0.259553,197.765,5.7,1,13.2105,13.9597,260.379,0,1,5.44118,25.3554,260.884,0,1,-4.5531,22.4607,265.928,0,0,-3.23687,4.49238,242.066,0,0,2.56036,-0.758961,258.223,0,0,0.0,18,356.5
147,17.6417,-1.4758,188,0.386347,-0.0373478,0,-2.01595,6.68954,225.037,0,0,-15.3207,11.0375,218.15,0,0,0.479832,7.37915,237.744,0,1,6.74934,1.08177,200.682,6,0,20.9829,-0.259553,197.765,5.7,1,13.3802,13.781,260.672,0,1,5.66897,25.1395,261.197,0,1,-4.34111,22.2932,266.158,0,0,-3.23687,4.49238,242.066,0,0,2.56036,-0.758961,258.223,0,0,0.0,18,357
148,17.2296,-1.71884,188.5,0.390138,-0.0618973,0,-2.01595,6.68954,225.037,0,0,-15.3207,11.0375,218.15,0,0,0.479832,7.37915,237.744,0,1,8.56233,0.514194,198.253,6.3,0,20.9829,-0.259553,197.765,5.7,1,13.5574,13.5959,260.968,0,1,5.90085,24.9229,261.511,0,1,-4.13483,22.1186,266.385,0,0,-3.23687,4.49238,242.066,0,0,2.56036,-0.758961,258.223,0,0,0.0,18,357.5
149,16.8151,-1.97073,189,0.393551,-0.0839918,0,-2.01595,6.68954,225.037,0,0,-15.3207,11.0375,218.15,0,0,0.479832,7.37915,237.744,0,1,10.3753,-0.0533838,195.825,6.6,0,20.9829,-0.259553,197.765,5.7,1,13.7418,13.405,261.266,0,1,6.13641,24.7063,261.828,0,1,-3.93461,21.9373,266.61,0,0,-3.23687,4.49238,242.066,0,0,2.56036,-0.758961,258.223,0,0,0.0,18,358
150,16.3984,-2.23075,189.5,0.396622,-0.103877,0,-2.01595,6.68954,225.037,0,0,-15.3207,11.0375,218.15,0,0,0.479832,7.37915,237.744,0,1,12.1883,-0.620962,193.396,6.9,0,20.9829,-0.259553,197.765,5.7,1,13.933,13.2088,261.566,0,1,6.37526,24.4904,262.146,0,1,-3.7408,21.7498,266.832,0,0,-3.23687,4.49238,242.066,0,0,2.56036,-0.758961,258.223,0,0,0.0,18,358.5
151,15.9797,-2.49825,190,0.399386,-0.121774,1,-45,7.09672,411.859,0,1,45,13.0967,401.859,0,1,-45,19.0967,391.859,0,1,45,25.0967,381.859,0,1,-45,31.0967,371.859,0,1,14.1308,13.0079,261.868,0,1,6.61697,24.2758,262.465,0,1,-3.55373,21.5568,267.052,0,0,-3.23687,4.49238,242.066,0,0,2.56036,-0.758961,258.223,0,0,0.0,18,359
152,15.5591,-2.77264,190.5,0.401874,-0.13788,1,-45,7.09672,411.859,0,1,45,13.0967,401.859,0,1,-45,19.0967,391.859,0,1,45,25.0967,381.859,0,1,-45,31.0967,371.859,0,1,14.2253,12.3729,258.853,0.3,1,7.00242,23.2313,259.59,0.3,1,-2.81729,20.6788,264.19,0.3,0,-3.23687,4.49238,242.066,0,0,2.56036,-0.758961,258.223,0,0,0.0,18,359.5
153,15.1368,-3.05336,191,0.404113,-0.152377,1,-45,7.09672,411.859,0,1,45,13.0967,401.859,0,1,-45,19.0967,391.859,0,1,45,25.0967,381.859,0,1,-45,31.0967,371.859,0,1,14.3198,11.7379,255.837,0.6,1,7.38787,22.1867,256.715,0.6,1,-2.08086,19.8008,261.327,0.6,0,-3.23687,4.49238,242.066,0,0,2.56036,-0.758961,258.223,0,0,0.0,18,360
154,14.713,-3.33991,191.5,0.406128,-0.165423,1,-45,7.09672,411.859,0,1,45,13.0967,401.859,0,1,-45,19.0967,391.859,0,1,45,25.0967,381.859,0,1,-45,31.0967,371.859,0,1,14.4143,11.1028,252.821,0.9,1,7.77332,21.1422,253.839,0.9,1,-1.34442,18.9228,258.465,0.9,0,-3.23687,4.49238,242.066,0,0,2.56036,-0.758961,258.223,0,0,0.0,18,360.5
155,14.2877,-3.63181,192,0.407942,-0.177165,1,-45,7.09672,411.859,0,1,45,13.0967,401.859,0,1,-45,19.0967,391.859,0,1,45,25.0967,381.859,0,1,-45,31.0967,371.859,0,1,14.5088,10.4678,249.805,1.2,1,8.15877,20.0977,250.964,1.2,1,-0.607981,18.0448,255.602,1.2,0,-3.23687,4.49238,242.066,0,0,2.56036,-0.758961,258.223,0,0,0.0,18,361
156,13.861,-3.92865,192.5,0.409574,-0.187733,1,-45,7.09672,411.859,0,1,45,13.0967,401.859,0,1,-45,19.0967,391.859,0,1,45,25.0967,381.859,0,1,-45,31.0967,371.859,0,1,14.6033,9.83279,246.79,1.5,1,8.54423,19.0532,248.089,1.5,1,0.128456,17.1668,252.74,1.5,0,-3.23687,4.49238,242.066,0,0,2.56036,-0.758961,258.223,0,0,0.0,18,361.5
157,13.4332,-4.23003,193,0.411043,-0.197244,1,-45,7.09672,411.859,0,1,45,13.0967,401.859,0,1,-45,19.0967,391.859,0,1,45,25.0967,381.859,0,1,-45,31.0967,371.859,0,1,14.6978,9.19776,243.774,1.8,1,8.92968,18.0086,245.213,1.8,1,0.864894,16.2888,249.877,1.8,0,-3.23687,4.49238,242.066,0,0,2.56036,-0.758961,258.223,0,0,0.0,18,362
158,13.0042,-4.53558,193.5,0.412365,-0.205804,1,-45,7.09672,411.859,0,1,45,13.0967,401.859,0,1,-45,19.0967,391.859,0,1,45,25.0967,381.859,0,1,-45,31.0967,371.859,0,1,14.7923,8.56273,240.758,2.1,1,9.31513,16.9641,242.338,2.1,1,1.60133,15.4108,247.015,2.1,0,-3.23687,4.49238,242.066,0,0,2.56036,-0.758961,258.223,0,0,0.0,18,362.5
159,12.5742,-4.84497,194,0.413555,-0.213508,1,-45,7.09672,411.859,0,1,45,13.0967,401.859,0,1,-45,19.0967,391.859,0,1,45,25.0967,381.859,0,1,-45,31.0967,371.859,0,1,14.8868,7.9277,237.742,2.4,1,9.70058,15.9196,239.463,2.4,1,2.33777,14.5327,244.152,2.4,0,-3.23687,4.49238,242.066,0,0,2.56036,-0.758961,258.223,0,0,0.0,18,363
160,12.1432,-5.1579,194.5,0.414626,-0.220441,1,-45,7.09672,411.859,0,1,45,13.0967,401.859,0,1,-45,19.0967,391.859,0,1,45,25.0967,381.859,0,1,-45,31.0967,371.859,0,1,14.9813,7.29267,234.727,2.7,1,10.086,14.875,236.587,2.7,1,3.07421,13.6547,241.29,2.7,0,-3.23687,4.49238,242.066,0,0,2.56036,-0.758961,258.223,0,0,0.0,18,363.5
161,11.7113,-5.47407,195,0.41559,-0.226681,1,-45,7.09672,411.859,0,1,45,13.0967,401.859,0,1,-45,19.0967,391.859,0,1,45,25.0967,381.859,0,1,-45,31.0967,371.859,0,1,15.0758,6.65764,231.711,3,1,10.4715,13.8305,233.712,3,1,3.81064,12.7767,238.427,3,0,-3.23687,4.49238,242.066,0,0,2.56036,-0.758961,258.223,0,0,0.0,18,364
162,11.2787,-5.79323,195.5,0.416457,-0.232298,1,-45,7.09672,411.859,0,1,45,13.0967,401.859,0,1,-45,19.0967,391.859,0,1,45,25.0967,381.859,0,1,-45,31.0967,371.859,0,1,15.1703,6.02261,228.695,3.3,1,10.8569,12.786,230.837,3.3,1,4.54708,11.8987,235.565,3.3,0,-3.23687,4.49238,242.066,0,0,2.56036,-0.758961,258.223,0,0,0.0,18,364.5
163,10.8453,-6.11515,196,0.417238,-0.237352,1,-45,7.09672,411.859,0,1,45,13.0967,401.859,0,1,-45,19.0967,391.859,0,1,45,25.0967,381.859,0,1,-45,31.0967,371.859,0,1,15.2648,5.38758,225.679,3.6,1,11.2424,11.7415,227.962,3.6,1,5.28352,11.0207,232.703,3.6,0,-3.23687,4.49238,242.066,0,0,2.56036,-0.758961,258.223,0,0,0.0,18,365
164,10.4112,-6.4396,196.5,0.41794,-0.241901,1,-45,7.09672,411.859,0,1,45,13.0967,401.859,0,1,-45,19.0967,391.859,0,1,45,25.0967,381.859,0,1,-45,31.0967,371.859,0,1,15.3593,4.75255,222.664,3.9,1,11.6278,10.6969,225.086,3.9,1,6.01996,10.1427,229.84,3.9,0,-3.23687,4.49238,242.066,0,0,2.56036,-0.758961,258.223,0,0,0.0,18,365.5
165,9.97648,-6.76637,197,0.418573,-0.245995,1,-45,7.09672,411.859,0,1,45,13.0967,401.859,0,1,-45,19.0967,391.859,0,1,45,25.0967,381.859,0,1,-45,31.0967,371.859,0,0,15.3593,4.75255,222.664,3.9,1,12.0133,9.6524,222.211,4.2,1,6.75639,9.26474,226.978,4.2,0,-3.23687,4.49238,242.066,0,0,2.56036,-0.758961,258.223,0,0,0.0,18,366
166,9.54119,-7.09529,197.5,0.419142,-0.24968,1,-45,7.09672,411.859,0,1,45,13.0967,401.859,0,1,-45,19.0967,391.859,0,1,45,25.0967,381.859,0,1,-45,31.0967,371.859,0,0,15.3593,4.75255,222.664,3.9,1,12.3987,8.60788,219.336,4.5,1,7.49283,8.38673,224.115,4.5,0,-3.23687,4.49238,242.066,0,0,2.56036,-0.758961,258.223,0,0,0.0,18,366.5
167,9.10536,-7.42618,198,0.419654,-0.252996,1,-45,7.09672,411.859,0,1,45,13.0967,401.859,0,1,-45,19.0967,391.859,0,1,45,25.0967,381.859,0,1,-45,31.0967,371.859,0,0,15.3593,4.75255,222.664,3.9,1,12.7842,7.56335,216.46,4.8,1,8.22927,7.50873,221.253,4.8,0,-3.23687,4.49238,242.066,0,0,2.56036,-0.758961,258.223,0,0,0.0,18,367
168,8.66905,-7.75888,198.5,0.420115,-0.255981,1,-45,7.09672,411.859,0,1,45,13.0967,401.859,0,1,-45,19.0967,391.859,0,1,45,25.0967,381.859,0,1,-45,31.0967,371.859,0,0,15.3593,4.75255,222.664,3.9,1,13.1696,6.51882,213.585,5.1,1,8.96571,6.63073,218.39,5.1,0,-3.23687,4.49238,242.066,0,0,2.56036,-0.758961,258.223,0,0,0.0,18,367.5
169,8.23229,-8.09325,199,0.42053,-0.258667,1,-45,7.09672,411.859,0,1,45,13.0967,401.859,0,1,-45,19.0967,391.859,0,1,45,25.0967,381.859,0,1,-45,31.0967,371.859,0,0,15.3593,4.75255,222.664,3.9,1,13.5551,5.47429,210.71,5.4,1,9.70214,5.75273,215.528,5.4,0,-3.23687,4.49238,242.066,0,0,2.56036,-0.758961,258.223,0,0,0.0,18,368
170,7.79511,-8.42915,199.5,0.420903,-0.261085,1,-45,7.09672,411.859,0,1,45,13.0967,401.859,0,1,-45,19.0967,391.859,0,1,45,25.0967,381.859,0,1,-45,31.0967,371.859,0,0,15.3593,4.75255,222.664,3.9,1,13.9405,4.42976,207.834,5.7,1,10.4386,4.87473,212.665,5.7,0,-3.23687,4.49238,242.066,0,0,2.56036,-0.758961,258.223,0,0,0.0,18,368.5
171,7.35755,-8.76647,200,0.421239,-0.26326,1,-45,7.09672,411.859,0,1,45,13.0967,401.859,0,1,-45,19.0967,391.859,0,1,45,25.0967,381.859,0,1,-45,31.0967,371.859,0,0,15.3593,4.75255,222.664,3.9,1,14.326,3.38524,204.959,6,0,10.4386,4.87473,212.665,5.7,0,-3.23687,4.49238,242.066,0,0,2.56036,-0.758961,258.223,0,0,0.0,18,369
172,6.91964,-9.10508,200.5,0.421542,-0.265219,1,-45,7.09672,411.859,0,1,45,13.0967,401.859,0,1,-45,19.0967,391.859,0,1,45,25.0967,381.859,0,1,-45,31.0967,371.859,0,0,15.3593,4.75255,222.664,3.9,1,14.7114,2.34071,202.084,6.3,0,10.4386,4.87473,212.665,5.7,0,-3.23687,4.49238,242.066,0,0,2.56036,-0.758961,258.223,0,0,0.0,18,369.5
173,6.48141,-9.44489,201,0.421814,-0.266981,1,-45,7.09672,411.859,0,1,45,13.0967,401.859,0,1,-45,19.0967,391.859,0,1,45,25.0967,381.859,0,1,-45,31.0967,371.859,0,0,15.3593,4.75255,222.664,3.9,1,15.0969,1.29618,199.208,6.6,0,10.4386,4.87473,212.665,5.7,0,-3.23687,4.49238,242.066,0,0,2.56036,-0.758961,258.223,0,0,0.0,18,370
174,6.04288,-9.7858,201.5,0.422059,-0.268567,1,-45,7.09672,411.859,0,1,45,13.0967,401.859,0,1,-45,19.0967,391.859,0,1,45,25.0967,381.859,0,1,-45,31.0967,371.859,0,0,15.3593,4.75255,222.664,3.9,1,15.4823,0.251653,196.333,6.9,0,10.4386,4.87473,212.665,5.7,0,-3.23687,4.49238,242.066,0,0,2.56036,-0.758961,258.223,0,0,0.0,18,370.5
175,5.60408,-10.1277,202,0.42228,-0.269995,1,-45,7.09672,411.859,0,1,45,13.0967,401.859,0,1,-45,19.0967,391.859,0,1,45,25.0967,381.859,0,1,-45,31.0967,371.859,0,0,15.3593,4.75255,222.664,3.9,1,15.8678,-0.792875,193.458,7.2,0,10.4386,4.87473,212.665,5.7,0,-3.23687,4.49238,242.066,0,0,2.56036,-0.758961,258.223,0,0,0.0,18,371
176,5.16502,-10.4706,202.5,0.422478,-0.27128,1,-45,7.09672,411.859,0,1,45,13.0967,401.859,0,1,-45,19.0967,391.859,0,1,45,25.0967,381.859,0,1,-45,31.0967,371.859,0,0,15.3593,4.75255,222.664,3.9,1,16.2533,-1.8374,190.583,7.5,0,10.4386,4.87473,212.665,5.7,0,-3.23687,4.49238,242.066,0,0,2.56036,-0.758961,258.223,0,0,0.0,18,371.5
177,4.72574,-10.8143,203,0.422657,-0.272436,1,-45,7.09672,411.859,0,1,45,13.0967,401.859,0,1,-45,19.0967,391.859,0,1,45,25.0967,381.859,0,1,-45,31.0967,371.859,0,0,15.3593,4.75255,222.664,3.9,1,16.6387,-2.88193,187.707,7.8,0,10.4386,4.87473,212.665,5.7,0,-3.23687,4.49238,242.066,0,0,2.56036,-0.758961,258.223,0,0,0.0,18,372
178,4.28624,-11.1588,203.5,0.422817,-0.273477,1,-45,7.09672,411.859,0,1,45,13.0967,401.859,0,1,-45,19.0967,391.859,0,1,45,25.0967,381.859,0,1,-45,31.0967,371.859,0,0,15.3593,4.75255,222.664,3.9,1,17.0242,-3.92646,184.832,8.1,0,10.4386,4.87473,212.665,5.7,0,-3.23687,4.49238,242.066,0,0,2.56036,-0.758961,258.223,0,0,0.0,18,372.5
179,3.84655,-11.504,204,0.422962,-0.274413,1,-45,7.09672,411.859,0,1,45,13.0967,401.859,0,1,-45,19.0967,391.859,0,1,45,25.0967,381.859,0,1,-45,31.0967,371.859,0,1,-45,5.90091,456.644,0,1,45,5.90091,456.644,0,1,-45,5.90091,456.644,0,1,45,5.90091,456.644,0,1,-45,5.90091,456.644,0,0,0.0,18,373
180,3.40668,-11.8499,204.5,0.423092,-0.275256,1,-45,7.09672,411.859,0,1,45,13.0967,401.859,0,1,-45,19.0967,391.859,0,1,45,25.0967,381.859,0,1,-45,31.0967,371.859,0,1,-45,5.90091,456.644,0,1,45,5.90091,456.644,0,1,-45,5.90091,456.644,0,1,45,5.90091,456.644,0,1,-45,5.90091,456.644,0,0,0.0,18,373.5
181,2.96664,-12.1964,205,0.423209,-0.276015,1,-45,7.09672,411.859,0,1,45,13.0967,401.859,0,1,-45,19.0967,391.859,0,1,45,25.0967,381.859,0,1,-45,31.0967,371.859,0,1,-45,5.90091,456.644,0,1,45,5.90091,456.644,0,1,-45,5.90091,456.644,0,1,45,5.90091,456.644,0,1,-45,5.90091,456.644,0,0,0.0,18,374
182,2.52645,-12.5435,205.5,0.423315,-0.276698,1,-45,7.09672,411.859,0,1,45,13.0967,401.859,0,1,-45,19.0967,391.859,0,1,45,25.0967,381.859,0,1,-45,31.0967,371.859,0,1,-45,5.90091,456.644,0,1,45,5.90091,456.644,0,1,-45,5.90091,456.644,0,1,45,5.90091,456.644,0,1,-45,5.90091,456.644,0,0,0.0,18,374.5
183,2.08612,-12.891,206,0.42341,-0.277312,1,-45,7.09672,411.859,0,1,45,13.0967,401.859,0,1,-45,19.0967,391.859,0,1,45,25.0967,381.859,0,1,-45,31.0967,371.859,0,1,-45,5.90091,456.644,0,1,45,5.90091,456.644,0,1,-45,5.90091,456.644,0,1,45,5.90091,456.644,0,1,-45,5.90091,456.644,0,0,0.0,18,375
184,1.64566,-13.2391,206.5,0.423495,-0.277865,1,-45,7.09672,411.859,0,1,45,13.0967,401.859,0,1,-45,19.0967,391.859,0,1,45,25.0967,381.859,0,1,-45,31.0967,371.859,0,1,-45,5.90091,456.644,0,1,45,5.90091,456.644,0,1,-45,5.90091,456.644,0,1,45,5.90091,456.644,0,1,-45,5.90091,456.644,0,0,0.0,18,375.5
185,1.07816,-13.3425,207,0.441146,-0.250079,1,-45,7.09672,411.859,0,1,45,13.0967,401.859,0,1,-45,19.0967,391.859,0,1,45,25.0967,381.859,0,1,-45,31.0967,371.859,0,1,-45,5.90091,456.644,0,1,45,5.90091,456.644,0,1,-45,5.90091,456.644,0,1,45,5.90091,456.644,0,1,-45,5.90091,456.644,0,0,0.0,18,376
186,0.506062,-13.4376,207.5,0.457031,-0.225071,1,-45,7.09672,411.859,0,1,45,13.0967,401.859,0,1,-45,19.0967,391.859,0,1,45,25.0967,381.859,0,1,-45,31.0967,371.859,0,1,-45,5.90091,456.644,0,1,45,5.90091,456.644,0,1,-45,5.90091,456.644,0,1,45,5.90091,456.644,0,1,-45,5.90091,456.644,0,0,0.0,18,376.5
187,-0.0702682,-13.5251,208,0.471328,-0.202564,1,-45,7.09672,411.859,0,1,45,13.0967,401.859,0,1,-45,19.0967,391.859,0,1,45,25.0967,381.859,0,1,-45,31.0967,371.859,0,1,-45,5.90091,456.644,0,1,45,5.90091,456.644,0,1,-45,5.90091,456.644,0,1,45,5.90091,456.644,0,1,-45,5.90091,456.644,0,0,0.0,18,377
188,-0.650492,-13.6056,208.5,0.484195,-0.182307,1,-45,7.09672,411.859,0,1,45,13.0967,401.859,0,1,-45,19.0967,391.859,0,1,45,25.0967,381.859,0,1,-45,31.0967,371.859,0,1,-45,5.90091,456.644,0,1,45,5.90091,456.644,0,1,-45,5.90091,456.644,0,1,45,5.90091,456.644,0,1,-45,5.90091,456.644,0,0,0.0,18,377.5
189,-1.2343,-13.6796,209,0.495776,-0.164077,1,-45,7.09672,411.859,0,1,45,13.0967,401.859,0,1,-45,19.0967,391.859,0,1,45,25.0967,381.859,0,1,-45,31.0967,371.859,0,1,-45,5.90091,456.644,0,1,45,5.90091,456.644,0,1,-45,5.90091,456.644,0,1,45,5.90091,456.644,0,1,-45,5.90091,456.644,0,0,0.0,18,378
190,-1.8214,-13.7477,209.5,0.506198,-0.147669,1,-45,7.09672,411.859,0,1,45,13.0967,401.859,0,1,-45,19.0967,391.859,0,1,45,25.0967,381.859,0,1,-45,31.0967,371.859,0,1,-45,5.90091,456.644,0,1,45,5.90091,456.644,0,1,-45,5.90091,456.644,0,1,45,5.90091,456.644,0,1,-45,5.90091,456.644,0,0,0.0,18,378.5
191,-2.41153,-13.8104,210,0.515578,-0.132902,1,-45,7.09672,411.859,0,1,45,13.0967,401.859,0,1,-45,19.0967,391.859,0,1,45,25.0967,381.859,0,1,-45,31.0967,371.859,0,1,-45,5.90091,456.644,0,1,45,5.90091,456.644,0,1,-45,5.90091,456.644,0,1,45,5.90091,456.644,0,1,-45,5.90091,456.644,0,0,0.0,18,379
192,-3.00446,-13.8681,210.5,0.52402,-0.119612,1,-45,7.09672,411.859,0,1,45,13.0967,401.859,0,1,-45,19.0967,391.859,0,1,45,25.0967,381.859,0,1,-45,31.0967,371.859,0,1,-45,5.90091,456.644,0,1,45,5.90091,456.644,0,1,-45,5.90091,456.644,0,1,45,5.90091,456.644,0,1,-45,5.90091,456.644,0,0,0.0,18,379.5
193,-3.59995,-13.9211,211,0.531618,-0.107651,1,-45,7.09672,411.859,0,1,45,13.0967,401.859,0,1,-45,19.0967,391.859,0,1,45,25.0967,381.859,0,1,-45,31.0967,371.859,0,1,-45,5.90091,456.644,0,1,45,5.90091,456.644,0,1,-45,5.90091,456.644,0,1,45,5.90091,456.644,0,1,-45,5.90091,456.644,0,0,0.0,18,380
194,-4.07088,-13.7248,211.5,0.520883,-0.0686013,1,-45,7.09672,411.859,0,1,45,13.0967,401.859,0,1,-45,19.0967,391.859,0,1,45,25.0967,381.859,0,1,-45,31.0967,371.859,0,1,-45,5.90091,456.644,0,1,45,5.90091,456.644,0,1,-45,5.90091,456.644,0,1,45,5.90091,456.644,0,1,-45,5.90091,456.644,0,0,0.0,18,380.5
195,-4.53949,-13.5159,212,0.511221,-0.0334569,1,-45,7.09672,411.859,0,1,45,13.0967,401.859,0,1,-45,19.0967,391.859,0,1,45,25.0967,381.859,0,1,-45,31.0967,371.859,0,1,-45,5.90091,456.644,0,1,45,5.90091,456.644,0,1,-45,5.90091,456.644,0,1,45,5.90091,456.644,0,1,-45,5.90091,456.644,0,0,0.0,18,381
196,-5.00596,-13.2954,212.5,0.502525,-0.00182695,1,-45,7.09672,411.859,0,1,45,13.0967,401.859,0,1,-45,19.0967,391.859,0,1,45,25.0967,381.859,0,1,-45,31.0967,371.859,0,1,-45,5.90091,456.644,0,1,45,5.90091,456.644,0,1,-45,5.90091,456.644,0,1,45,5.90091,456.644,0,1,-45,5.90091,456.644,0,0,0.0,18,381.5
197,-5.47048,-13.0643,213,0.494699,0.02664,1,-45,7.09672,411.859,0,1,45,13.0967,401.859,0,1,-45,19.0967,391.859,0,1,45,25.0967,381.859,0,1,-45,31.0967,371.859,0,1,-45,5.90091,456.644,0,1,45,5.90091,456.644,0,1,-45,5.90091,456.644,0,1,45,5.90091,456.644,0,1,-45,5.90091,456.644,0,0,0.0,18,382
198,-5.93319,-12.8234,213.5,0.487656,0.0522603,1,-45,7.09672,411.859,0,1,45,13.0967,401.859,0,1,-45,19.0967,391.859,0,1,45,25.0967,381.859,0,1,-45,31.0967,371.859,0,1,-45,5.90091,456.644,0,1,45,5.90091,456.644,0,1,-45,5.90091,456.644,0,1,45,5.90091,456.644,0,1,-45,5.90091,456.644,0,0,0.0,18,382.5
199,-6.39423,-12.5735,214,0.481317,0.0753185,1,-45,7.09672,411.859,0,1,45,13.0967,401.859,0,1,-45,19.0967,391.859,0,1,45,25.0967,381.859,0,1,-45,31.0967,371.859,0,1,-45,5.90091,456.644,0,1,45,5.90091,456.644,0,1,-45,5.90091,456.644,0,1,45,5.90091,456.644,0,1,-45,5.90091,456.644,0,0,0.0,18,383
200,-6.54734,-12.2137,214.5,0.433185,0.107787,1,-45,7.09672,411.859,0,1,45,13.0967,401.859,0,1,-45,19.0967,391.859,0,1,45,25.0967,381.859,0,1,-45,31.0967,371.859,0,1,-45,5.90091,456.644,0,1,45,5.90091,456.644,0,1,-45,5.90091,456.644,0,1,45,5.90091,456.644,0,1,-45,5.90091,456.644,0,0,0.0,18,383.5
201,-6.68819,-11.8428,215,0.389866,0.137008,1,-45,7.09672,411.859,0,1,45,13.0967,401.859,0,1,-45,19.0967,391.859,0,1,45,25.0967,381.859,0,1,-45,31.0967,371.859,0,1,-45,5.90091,456.644,0,1,45,5.90091,456.644,0,1,-45,5.90091,456.644,0,1,45,5.90091,456.644,0,1,-45,5.90091,456.644,0,0,0.0,18,384
202,-6.81778,-11.4615,215.5,0.35088,0.163307,1,-45,7.09672,411.859,0,1,45,13.0967,401.859,0,1,-45,19.0967,391.859,0,1,45,25.0967,381.859,0,1,-45,31.0967,371.859,0,1,-45,5.90091,456.644,0,1,45,5.90091,456.644,0,1,-45,5.90091,456.644,0,1,45,5.90091,456.644,0,1,-45,5.90091,456.644,0,0,0.0,18,384.5
203,-6.93701,-11.0707,216,0.315792,0.186976,1,-45,7.09672,411.859,0,1,45,13.0967,401.859,0,1,-45,19.0967,391.859,0,1,45,25.0967,381.859,0,1,-45,31.0967,371.859,0,1,-45,5.90091,456.644,0,1,45,5.90091,456.644,0,1,-45,5.90091,456.644,0,1,45,5.90091,456.644,0,1,-45,5.90091,456.644,0,0,0.0,18,385
204,-7.04669,-10.6711,216.5,0.284213,0.208279,1,-45,7.09672,411.859,0,1,45,13.0967,401.859,0,1,-45,19.0967,391.859,0,1,45,25.0967,381.859,0,1,-45,31.0967,371.859,0,1,-45,5.90091,456.644,0,1,45,5.90091,456.644,0,1,-45,5.90091,456.644,0,1,45,5.90091,456.644,0,1,-45,5.90091,456.644,0,0,0.0,18,385.5
205,-7.1476,-10.2636,217,0.255791,0.227451,1,-45,7.09672,411.859,0,1,45,13.0967,401.859,0,1,-45,19.0967,391.859,0,1,45,25.0967,381.859,0,1,-45,31.0967,371.859,0,1,-45,5.90091,456.644,0,1,45,5.90091,456.644,0,1,-45,5.90091,456.644,0,1,45,5.90091,456.644,0,1,-45,5.90091,456.644,0,0,0.0,18,386
206,-7.24043,-9.84861,217.5,0.230212,0.244706,1,-45,7.09672,411.859,0,1,45,13.0967,401.859,0,1,-45,19.0967,391.859,0,1,45,25.0967,381.859,0,1,-45,31.0967,371.859,0,1,-45,5.90091,456.644,0,1,45,5.90091,456.644,0,1,-45,5.90091,456.644,0,1,45,5.90091,456.644,0,1,-45,5.90091,456.644,0,0,0.0,18,386.5
207,-7.32584,-9.42685,218,0.207191,0.260235,1,-45,7.09672,411.859,0,1,45,13.0967,401.859,0,1,-45,19.0967,391.859,0,1,45,25.0967,381.859,0,1,-45,31.0967,371.859,0,1,-45,5.90091,456.644,0,1,45,5.90091,456.644,0,1,-45,5.90091,456.644,0,1,45,5.90091,456.644,0,1,-45,5.90091,456.644,0,0,0.0,18,387
208,-7.40442,-8.99883,218.5,0.186472,0.274212,1,-45,7.09672,411.859,0,1,45,13.0967,401.859,0,1,-45,19.0967,391.859,0,1,45,25.0967,381.859,0,1,-45,31.0967,371.859,0,1,-45,5.90091,456.644,0,1,45,5.90091,456.644,0,1,-45,5.90091,456.644,0,1,45,5.90091,456.644,0,1,-45,5.90091,456.644,0,0,0.0,18,387.5
209,-7.47671,-8.56505,219,0.167825,0.286791,1,-45,7.09672,411.859,0,1,45,13.0967,401.859,0,1,-45,19.0967,391.859,0,1,45,25.0967,381.859,0,1,-45,31.0967,371.859,0,1,-45,5.90091,456.644,0,1,45,5.90091,456.644,0,1,-45,5.90091,456.644,0,1,45,5.90091,456.644,0,1,-45,5.90091,456.644,0,0,0.0,18,388
210,-7.54322,-8.12597,219.5,0.151042,0.298112,1,-45,7.09672,411.859,0,1,45,13.0967,401.859,0,1,-45,19.0967,391.859,0,1,45,25.0967,381.859,0,1,-45,31.0967,371.859,0,1,-45,5.90091,456.644,0,1,45,5.90091,456.644,0,1,-45,5.90091,456.644,0,1,45,5.90091,456.644,0,1,-45,5.90091,456.644,0,0,0.0,18,388.5
211,-7.60441,-7.68202,220,0.135938,0.3083,1,-45,7.09672,411.859,0,1,45,13.0967,401.859,0,1,-45,19.0967,391.859,0,1,45,25.0967,381.859,0,1,-45,31.0967,371.859,0,1,-45,5.90091,456.644,0,1,45,5.90091,456.644,0,1,-45,5.90091,456.644,0,1,45,5.90091,456.644,0,1,-45,5.90091,456.644,0,0,0.0,18,389
212,-7.6607,-7.23358,220.5,0.122344,0.31747,1,-45,7.09672,411.859,0,1,45,13.0967,401.859,0,1,-45,19.0967,391.859,0,1,45,25.0967,381.859,0,1,-45,31.0967,371.859,0,1,-45,5.90091,456.644,0,1,45,5.90091,456.644,0,1,-45,5.90091,456.644,0,1,45,5.90091,456.644,0,1,-45,5.90091,456.644,0,0,0.0,18,389.5
213,-7.40607,-6.88256,221,0.0676834,0.314008,1,-45,7.09672,411.859,0,1,45,13.0967,401.859,0,1,-45,19.0967,391.859,0,1,45,25.0967,381.859,0,1,-45,31.0967,371.859,0,1,-45,5.90091,456.644,0,1,45,5.90091,456.644,0,1,-45,5.90091,456.644,0,1,45,5.90091,456.644,0,1,-45,5.90091,456.644,0,0,0.0,18,390
214,-7.13646,-6.53133,221.5,0.0184886,0.310891,1,-45,7.09672,411.859,0,1,45,13.0967,401.859,0,1,-45,19.0967,391.859,0,1,45,25.0967,381.859,0,1,-45,31.0967,371.859,0,1,-45,5.90091,456.644,0,1,45,5.90091,456.644,0,1,-45,5.90091,456.644,0,1,45,5.90091,456.644,0,1,-45,5.90091,456.644,0,0,0.0,18,390.5
215,-6.85307,-6.17992,222,-0.0257867,0.308086,1,-45,7.09672,411.859,0,1,45,13.0967,401.859,0,1,-45,19.0967,391.859,0,1,45,25.0967,381.859,0,1,-45,31.0967,371.859,0,1,-45,5.90091,456.644,0,1,45,5.90091,456.644,0,1,-45,5.90091,456.644,0,1,45,5.90091,456.644,0,1,-45,5.90091,456.644,0,0,0.0,18,391
216,-6.55699,-5.82833,222.5,-0.0656344,0.305562,1,-45,7.09672,411.859,0,1,45,13.0967,401.859,0,1,-45,19.0967,391.859,0,1,45,25.0967,381.859,0,1,-45,31.0967,371.859,0,1,-45,5.90091,456.644,0,1,45,5.90091,456.644,0,1,-45,5.90091,456.644,0,1,45,5.90091,456.644,0,1,-45,5.90091,456.644,0,0,0.0,18,391.5
217,-6.24924,-5.47659,223,-0.101497,0.30329,1,-45,7.09672,411.859,0,1,45,13.0967,401.859,0,1,-45,19.0967,391.859,0,1,45,25.0967,381.859,0,1,-43.336,31.751,371.049,-0.0348955,1,-45,5.90091,456.644,0,1,45,5.90091,456.644,0,1,-45,5.90091,456.644,0,1,45,5.90091,456.644,0,1,-45,5.90091,456.644,0,0,0.0,18,392
218,-5.93075,-5.1247,223.5,-0.133774,0.301245,1,-45,7.09672,411.859,0,1,45,13.0967,401.859,0,1,-45,19.0967,391.859,0,1,45,25.0967,381.859,0,1,-41.6953,32.4041,370.278,-0.0697246,1,-45,5.90091,456.644,0,1,45,5.90091,456.644,0,1,-45,5.90091,456.644,0,1,45,5.90091,456.644,0,1,-45,5.90091,456.644,0,0,0.0,18,392.5
219,-5.60239,-4.77269,224,-0.162823,0.299405,1,-45,7.09672,411.859,0,1,45,13.0967,401.859,0,1,-45,19.0967,391.859,0,1,45,25.0967,381.859,0,1,-40.0779,33.0546,369.545,-0.104421,1,-45,5.90091,456.644,0,1,45,5.90091,456.644,0,1,-45,5.90091,456.644,0,1,45,5.90091,456.644,0,1,-45,5.90091,456.644,0,0,0.0,18,393
220,-5.26495,-4.42054,224.5,-0.188967,0.297749,1,-45,7.09672,411.859,0,1,45,13.0967,401.859,0,1,-45,19.0967,391.859,0,1,45,25.0967,381.859,0,1,-38.4837,33.7014,368.849,-0.138919,1,-45,5.90091,456.644,0,1,45,5.90091,456.644,0,1,-45,5.90091,456.644,0,1,45,5.90091,456.644,0,1,-45,5.90091,456.644,0,0,0.0,18,393.5
221,-4.79222,-4.31342,225,-0.23007,0.267974,1,-45,7.09672,411.859,0,1,45,13.0967,401.859,0,1,-45,19.0967,391.859,0,1,45,25.0967,381.859,0,1,-36.9128,34.3433,368.191,-0.173152,1,-45,5.90091,456.644,0,1,45,5.90091,456.644,0,1,-45,5.90091,456.644,0,1,45,5.90091,456.644,0,1,-45,5.90091,456.644,0,0,0.0,18,394
222,-4.30731,-4.21486,225.5,-0.267063,0.241176,1,-45,7.09672,411.859,0,1,45,13.0967,401.859,0,1,-45,19.0967,391.859,0,1,45,25.0967,381.859,0,1,-35.3652,34.979,367.569,-0.207055,1,-45,5.90091,456.644,0,1,45,5.90091,456.644,0,1,-45,5.90091,456.644,0,1,45,5.90091,456.644,0,1,-45,5.90091,456.644,0,0,0.0,18,394.5
223,-3.81119,-4.12419,226,-0.300357,0.217059,1,-45,7.09672,411.859,0,1,45,13.0967,401.859,0,1,-45,19.0967,391.859,0,1,45,25.0967,381.859,0,1,-33.8408,35.6073,366.982,-0.240565,1,-45,5.90091,456.644,0,1,45,5.90091,456.644,0,1,-45,5.90091,456.644,0,1,45,5.90091,456.644,0,1,-45,5.90091,456.644,0,0,0.0,18,395
224,-3.30476,-4.04077,226.5,-0.330321,0.195353,1,-45,7.09672,411.859,0,1,45,13.0967,401.859,0,1,-45,19.0967,391.859,0,1,45,25.0967,381.859,0,1,-32.3398,36.227,366.431,-0.273616,1,-45,5.90091,456.644,0,1,45,5.90091,456.644,0,1,-45,5.90091,456.644,0,1,45,5.90091,456.644,0,1,-45,5.90091,456.644,0,0,0.0,18,395.5
225,-2.78885,-3.96403,227,-0.357289,0.175818,1,-45,7.09672,411.859,0,1,45,13.0967,401.859,0,1,-45,19.0967,391.859,0,1,45,25.0967,381.859,0,1,-30.8619,36.837,365.915,-0.306147,1,-45,5.90091,456.644,0,1,45,5.90091,456.644,0,1,-45,5.90091,456.644,0,1,45,5.90091,456.644,0,1,-45,5.90091,456.644,0,0,0.0,18,396
226,-2.26421,-3.89343,227.5,-0.38156,0.158236,1,-45,7.09672,411.859,0,1,45,13.0967,401.859,0,1,-45,19.0967,391.859,0,1,45,25.0967,381.859,0,1,-29.4074,37.436,365.433,-0.338095,1,-45,5.90091,456.644,0,1,45,5.90091,456.644,0,1,-45,5.90091,456.644,0,1,45,5.90091,456.644,0,1,-45,5.90091,456.644,0,0,0.0,18,396.5
227,-1.73154,-3.82847,228,-0.403404,0.142412,1,-45,7.09672,411.859,0,1,45,13.0967,401.859,0,1,-45,19.0967,391.859,0,1,45,25.0967,381.859,0,1,-27.9762,38.0229,364.984,-0.369399,1,-45,5.90091,456.644,0,1,45,5.90091,456.644,0,1,-45,5.90091,456.644,0,1,45,5.90091,456.644,0,1,-45,5.90091,456.644,0,0,0.0,18,397
228,-1.19149,-3.76871,228.5,-0.423064,0.128171,1,-45,7.09672,411.859,0,1,45,13.0967,401.859,0,1,-45,19.0967,391.859,0,1,45,25.0967,381.859,0,1,-26.5682,38.5967,364.568,-0.4,1,-45,5.90091,456.644,0,1,45,5.90091,456.644,0,1,-45,5.90091,456.644,0,1,45,5.90091,456.644,0,1,-45,5.90091,456.644,0,0,0.0,18,397.5
229,-0.644637,-3.71373,229,-0.440757,0.115354,1,-45,7.09672,411.859,0,1,45,13.0967,401.859,0,1,-45,19.0967,391.859,0,1,45,25.0967,381.859,0,1,-25.1835,39.1562,364.185,-0.42984,1,-45,5.90091,456.644,0,1,45,5.90091,456.644,0,1,-45,5.90091,456.644,0,1,45,5.90091,456.644,0,1,-45,5.90091,456.644,0,0,0.0,18,398
230,-0.0915341,-3.66315,229.5,-0.456682,0.103819,1,-45,7.09672,411.859,0,1,45,13.0967,401.859,0,1,-45,19.0967,391.859,0,1,45,25.0967,381.859,0,1,-23.822,39.7004,363.833,-0.458861,1,-45,5.90091,456.644,0,1,45,5.90091,456.644,0,1,-45,5.90091,456.644,0,1,45,5.90091,456.644,0,1,-45,5.90091,456.644,0,0,0.0,18,398.5
231,0.46732,-3.61662,230,-0.471014,0.0934367,1,-45,7.09672,411.859,0,1,45,13.0967,401.859,0,1,-45,19.0967,391.859,0,1,45,25.0967,381.859,0,1,-22.4838,40.2281,363.513,-0.487009,1,-45,5.90091,456.644,0,1,45,5.90091,456.644,0,1,-45,5.90091,456.644,0,1,45,5.90091,456.644,0,1,-45,5.90091,456.644,0,0,0.0,18,399
232,1.03147,-3.57381,230.5,-0.483912,0.084093,1,-45,7.09672,411.859,0,1,45,13.0967,401.859,0,1,-45,19.0967,391.859,0,1,45,25.0967,381.859,0,1,-21.1689,40.7385,363.223,-0.51423,1,-45,5.90091,456.644,0,1,45,5.90091,456.644,0,1,-45,5.90091,456.644,0,1,45,5.90091,456.644,0,1,-45,5.90091,456.644,0,0,0.0,18,399.5
233,1.60048,-3.53442,231,-0.495521,0.0756837,1,-45,7.09672,411.859,0,1,45,13.0967,401.859,0,1,-45,19.0967,391.859,0,1,45,25.0967,381.859,0,1,-19.8773,41.2306,362.963,-0.540472,1,-45,5.90091,456.644,0,1,45,5.90091,456.644,0,1,-45,5.90091,456.644,0,1,45,5.90091,456.644,0,1,-45,5.90091,456.644,0,0,0.0,18,400
234,2.17397,-3.49819,231.5,-0.505969,0.0681153,1,-45,7.09672,411.859,0,1,45,13.0967,401.859,0,1,-45,19.0967,391.859,0,1,45,25.0967,381.859,0,1,-18.609,41.7033,362.733,-0.565686,1,-45,5.90091,456.644,0,1,45,5.90091,456.644,0,1,-45,5.90091,456.644,0,1,45,5.90091,456.644,0,1,-45,5.90091,456.644,0,0,0.0,18,400.5
235,2.75159,-3.46485,232,-0.515372,0.0613038,1,-45,7.09672,411.859,0,1,45,13.0967,401.859,0,1,-45,19.0967,391.859,0,1,45,25.0967,381.859,0,1,-17.3639,42.1559,362.531,-0.589822,1,-45,5.90091,456.644,0,1,45,5.90091,456.644,0,1,-45,5.90091,456.644,0,1,45,5.90091,456.644,0,1,-45,5.90091,456.644,0,0,0.0,18,401
236,3.33299,-3.43418,232.5,-0.523835,0.0551734,1,-45,7.09672,411.859,0,1,45,13.0967,401.859,0,1,-45,19.0967,391.859,0,1,45,25.0967,381.859,0,1,-16.1421,42.5874,362.358,-0.612836,1,-45,5.90091,456.644,0,1,45,5.90091,456.644,0,1,-45,5.90091,456.644,0,1,45,5.90091,456.644,0,1,-45,5.90091,456.644,0,0,0.0,18,401.5
237,3.91789,-3.40596,233,-0.531451,0.0496561,1,-45,7.09672,411.859,0,1,45,13.0967,401.859,0,1,-45,19.0967,391.859,0,1,43.8503,25.751,381.049,0.0348955,1,-14.9435,42.997,362.213,-0.634683,1,-45,5.90091,456.644,0,1,45,5.90091,456.644,0,1,-45,5.90091,456.644,0,1,45,5.90091,456.644,0,1,-45,5.90091,456.644,0,0,0.0,18,402
238,4.50599,-3.38,233.5,-0.538306,0.0446905,1,-45,7.09672,411.859,0,1,45,13.0967,401.859,0,1,-45,19.0967,391.859,0,1,42.7167,26.4041,380.278,0.0697246,1,-13.7683,43.384,362.095,-0.655322,1,-45,5.90091,456.644,0,1,45,5.90091,456.644,0,1,-45,5.90091,456.644,0,1,45,5.90091,456.644,0,1,-45,5.90091,456.644,0,0,0.0,18,402.5
239,5.09704,-3.35612,234,-0.544476,0.0402214,1,-45,7.09672,411.859,0,1,45,13.0967,401.859,0,1,-45,19.0967,391.859,0,1,41.5992,27.0546,379.545,0.104421,1,-12.6163,43.7476,362.003,-0.674713,1,-45,5.90091,456.644,0,1,45,5.90091,456.644,0,1,-45,5.90091,456.644,0,1,45,5.90091,456.644,0,1,-45,5.90091,456.644,0,0,0.0,18,403
240,5.69081,-3.33415,234.5,-0.550028,0.0361993,1,-45,7.09672,411.859,0,1,45,13.0967,401.859,0,1,-45,19.0967,391.859,0,1,40.4978,27.7014,378.849,0.138919,1,-11.4876,44.0871,361.937,-0.69282,1,-45,5.90091,456.644,0,1,45,5.90091,456.644,0,1,-45,5.90091,456.644,0,1,45,5.90091,456.644,0,1,-45,5.90091,456.644,0,0,0.0,18,403.5
241,6.28707,-3.31394,235,-0.555025,0.0325794,1,-45,7.09672,411.859,0,1,45,13.0967,401.859,0,1,-45,19.0967,391.859,0,1,39.4124,28.3433,378.191,0.173152,1,-10.3821,44.4019,361.897,-0.709609,1,-45,5.90091,456.644,0,1,45,5.90091,456.644,0,1,-45,5.90091,456.644,0,1,45,5.90091,456.644,0,1,-45,5.90091,456.644,0,0,0.0,18,404
242,6.75872,-3.05021,235.5,-0.541949,0.0576057,1,-45,7.09672,411.859,0,1,45,13.0967,401.859,0,1,-45,19.0967,391.859,0,1,38.3432,28.979,377.569,0.207055,1,-9.29996,44.6913,361.881,-0.725046,1,-45,5.90091,456.644,0,1,45,5.90091,456.644,0,1,-45,5.90091,456.644,0,1,45,5.90091,456.644,0,1,-45,5.90091,456.644,0,0,0.0,18,404.5
243,7.22799,-2.7793,236,-0.530181,0.0801294,1,-45,7.09672,411.859,0,1,45,13.0967,401.859,0,1,-45,19.0967,391.859,0,1,37.29,29.6073,376.982,0.240565,1,-8.24106,44.9549,361.89,-0.739104,1,-45,5.90091,456.644,0,1,45,5.90091,456.644,0,1,-45,5.90091,456.644,0,1,45,5.90091,456.644,0,1,-45,5.90091,456.644,0,0,0.0,18,405
244,7.69507,-2.50177,236.5,-0.519589,0.100401,1,-45,7.09672,411.859,0,1,45,13.0967,401.859,0,1,-45,19.0967,391.859,0,1,36.2528,30.227,376.431,0.273616,1,-7.20543,45.1921,361.923,-0.751754,1,-45,5.90091,456.644,0,1,45,5.90091,456.644,0,1,-45,5.90091,456.644,0,1,45,5.90091,456.644,0,1,-45,5.90091,456.644,0,0,0.0,18,405.5
245,8.16014,-2.21817,237,-0.510056,0.118645,1,-45,7.09672,411.859,0,1,45,13.0967,401.859,0,1,-45,19.0967,391.859,0,1,35.2318,30.837,375.915,0.306147,1,-6.19307,45.4025,361.978,-0.762974,1,-45,5.90091,456.644,0,1,45,5.90091,456.644,0,1,-45,5.90091,456.644,0,1,45,5.90091,456.644,0,1,-45,5.90091,456.644,0,0,0.0,18,406
246,8.62336,-1.92896,237.5,-0.501477,0.135065,1,-45,7.09672,411.859,0,1,45,13.0967,401.859,0,1,-45,19.0967,391.859,0,1,34.2268,31.436,375.433,0.338095,1,-5.20399,45.5856,362.056,-0.772741,1,-45,5.90091,456.644,0,1,45,5.90091,456.644,0,1,-45,5.90091,456.644,0,1,45,5.90091,456.644,0,1,-45,5.90091,456.644,0,0,0.0,18,406.5
247,9.08488,-1.63461,238,-0.493756,0.149843,1,-45,7.09672,411.859,0,1,45,13.0967,401.859,0,1,-45,19.0967,391.859,0,1,33.238,32.0229,374.984,0.369399,1,-4.23818,45.7412,362.156,-0.781037,1,-45,5.90091,456.644,0,1,45,5.90091,456.644,0,1,-45,5.90091,456.644,0,1,45,5.90091,456.644,0,1,-45,5.90091,456.644,0,0,0.0,18,407
248,9.23842,-1.23399,238.5,-0.44438,0.174858,1,-45,7.09672,411.859,0,1,45,13.0967,401.859,0,1,-45,19.0967,391.859,0,1,32.2652,32.5967,374.568,0.4,1,-3.29565,45.8688,362.277,-0.787846,1,-45,5.90091,456.644,0,1,45,5.90091,456.644,0,1,-45,5.90091,456.644,0,1,45,5.90091,456.644,0,1,-45,5.90091,456.644,0,0,0.0,18,407.5
249,9.37968,-0.825416,239,-0.399942,0.197372,1,-45,7.09672,411.859,0,1,45,13.0967,401.859,0,1,-45,19.0967,391.859,0,1,31.3084,33.1562,374.185,0.42984,1,-2.37638,45.9684,362.419,-0.793156,1,-45,5.90091,456.644,0,1,45,5.90091,456.644,0,1,-45,5.90091,456.644,0,1,45,5.90091,456.644,0,1,-45,5.90091,456.644,0,0,0.0,18,408
250,9.50963,-0.409529,239.5,-0.359948,0.217635,1,-45,7.09672,411.859,0,1,45,13.0967,401.859,0,1,-45,19.0967,391.859,0,1,30.3678,33.7004,373.833,0.458861,1,-1.4804,46.0396,362.582,-0.796956,1,-45,5.90091,456.644,0,1,45,5.90091,456.644,0,1,-45,5.90091,456.644,0,1,45,5.90091,456.644,0,1,-45,5.90091,456.644,0,0,0.0,18,408.5
251,9.62919,0.0130875,240,-0.323953,0.235872,1,-45,7.09672,411.859,0,1,45,13.0967,401.859,0,1,-45,19.0967,391.859,0,1,29.4432,34.2281,373.513,0.487009,1,-0.607676,46.0824,362.764,-0.799239,1,-45,5.90091,456.644,0,1,45,5.90091,456.644,0,1,-45,5.90091,456.644,0,1,45,5.90091,456.644,0,1,-45,5.90091,456.644,0,0,0.0,18,409
252,9.73919,0.441895,240.5,-0.291558,0.252285,1,-45,7.09672,411.859,0,1,45,13.0967,401.859,0,1,-45,19.0967,391.859,0,1,28.5348,34.7385,373.223,0.51423,1,0.241771,46.0967,362.965,-0.8,1,-45,5.90091,456.644,0,1,45,5.90091,456.644,0,1,-45,5.90091,456.644,0,1,45,5.90091,456.644,0,1,-45,5.90091,456.644,0,0,0.0,18,409.5
253,9.84038,0.876397,241,-0.262402,0.267056,1,-45,7.09672,411.859,0,1,45,13.0967,401.859,0,1,-45,19.0967,391.859,0,1,27.6424,35.2306,372.963,0.540472,1,1.06794,46.0824,363.184,-0.799239,1,-45,5.90091,456.644,0,1,45,5.90091,456.644,0,1,-45,5.90091,456.644,0,1,45,5.90091,456.644,0,1,-45,5.90091,456.644,0,0,0.0,18,410
254,9.93348,1.31614,241.5,-0.236162,0.28035,1,-45,7.09672,411.859,0,1,45,13.0967,401.859,0,1,-45,19.0967,391.859,0,1,26.766,35.7033,372.733,0.565686,1,1.87084,46.0396,363.421,-0.796956,1,-45,5.90091,456.644,0,1,45,5.90091,456.644,0,1,-45,5.90091,456.644,0,1,45,5.90091,456.644,0,1,-45,5.90091,456.644,0,0,0.0,18,410.5
255,10.0191,1.7607,242,-0.212546,0.292315,1,-45,7.09672,411.859,0,1,45,13.0967,401.859,0,1,-45,19.0967,391.859,0,1,25.9058,36.1559,372.531,0.589822,1,2.65047,45.9684,363.676,-0.793156,1,-45,5.90091,456.644,0,1,45,5.90091,456.644,0,1,-45,5.90091,456.644,0,1,45,5.90091,456.644,0,1,-45,5.90091,456.644,0,0,0.0,18,411
256,10.0979,2.2097,242.5,-0.191291,0.303084,1,-45,7.09672,411.859,0,1,45,13.0967,401.859,0,1,-45,19.0967,391.859,0,1,25.0616,36.5874,372.358,0.612836,1,3.40683,45.8688,363.947,-0.787846,1,-45,5.90091,456.644,0,1,45,5.90091,456.644,0,1,-45,5.90091,456.644,0,1,45,5.90091,456.644,0,1,-45,5.90091,456.644,0,0,0.0,18,411.5
257,10.1704,2.66278,243,-0.172162,0.312776,1,-45,7.09672,411.859,0,1,45,13.0967,401.859,0,1,-43.9981,19.751,391.049,-0.0348955,1,24.2335,36.997,372.213,0.634683,1,4.13991,45.7412,364.235,-0.781037,1,-45,5.90091,456.644,0,1,45,5.90091,456.644,0,1,-45,5.90091,456.644,0,1,45,5.90091,456.644,0,1,-45,5.90091,456.644,0,0,0.0,18,412
258,10.2371,3.11961,243.5,-0.154946,0.321498,1,-45,7.09672,411.859,0,1,45,13.0967,401.859,0,1,-43.0101,20.4041,390.278,-0.0697246,1,23.4215,37.384,372.095,0.655322,1,4.84972,45.5856,364.538,-0.772741,1,-45,5.90091,456.644,0,1,45,5.90091,456.644,0,1,-45,5.90091,456.644,0,1,45,5.90091,456.644,0,1,-45,5.90091,456.644,0,0,0.0,18,412.5
259,10.2985,3.5799,244,-0.139451,0.329348,1,-45,7.09672,411.859,0,1,45,13.0967,401.859,0,1,-42.0362,21.0546,389.545,-0.104421,1,22.6256,37.7476,372.003,0.674713,1,5.53626,45.4025,364.856,-0.762974,1,-45,5.90091,456.644,0,1,45,5.90091,456.644,0,1,-45,5.90091,456.644,0,1,45,5.90091,456.644,0,1,-45,5.90091,456.644,0,0,0.0,18,413
260,10.3549,4.04336,244.5,-0.125506,0.336413,1,-45,7.09672,411.859,0,1,45,13.0967,401.859,0,1,-41.0763,21.7014,388.849,-0.138919,1,21.8457,38.0871,371.937,0.69282,1,6.19953,45.1921,365.189,-0.751754,1,-45,5.90091,456.644,0,1,45,5.90091,456.644,0,1,-45,5.90091,456.644,0,1,45,5.90091,456.644,0,1,-45,5.90091,456.644,0,0,0.0,18,413.5
261,10.4069,4.50974,245,-0.112955,0.342772,1,-45,7.09672,411.859,0,1,45,13.0967,401.859,0,1,-40.1304,22.3433,388.191,-0.173152,1,21.082,38.4019,371.897,0.709609,1,6.83952,44.9549,365.535,-0.739104,1,-45,5.90091,456.644,0,1,45,5.90091,456.644,0,1,-45,5.90091,456.644,0,1,45,5.90091,456.644,0,1,-45,5.90091,456.644,0,0,0.0,18,414
262,10.4547,4.97882,245.5,-0.10166,0.348495,1,-45,7.09672,411.859,0,1,45,13.0967,401.859,0,1,-39.1985,22.979,387.569,-0.207055,1,20.3343,38.6913,371.881,0.725046,1,7.45624,44.6913,365.894,-0.725046,1,-45,5.90091,456.644,0,1,45,5.90091,456.644,0,1,-45,5.90091,456.644,0,1,45,5.90091,456.644,0,1,-45,5.90091,456.644,0,0,0.0,18,414.5
263,10.4986,5.45037,246,-0.0914939,0.353645,1,-45,7.09672,411.859,0,1,45,13.0967,401.859,0,1,-38.2806,23.6073,386.982,-0.240565,1,19.6027,38.9549,371.89,0.739104,1,8.04969,44.4019,366.267,-0.709609,1,-45,5.90091,456.644,0,1,45,5.90091,456.644,0,1,-45,5.90091,456.644,0,1,45,5.90091,456.644,0,1,-45,5.90091,456.644,0,0,0.0,18,415
264,10.5391,5.92419,246.5,-0.0823445,0.358281,1,-45,7.09672,411.859,0,1,45,13.0967,401.859,0,1,-37.3768,24.227,386.431,-0.273616,1,18.8871,39.1921,371.923,0.751754,1,8.61987,44.0871,366.651,-0.69282,1,-45,5.90091,456.644,0,1,45,5.90091,456.644,0,1,-45,5.90091,456.644,0,1,45,5.90091,456.644,0,1,-45,5.90091,456.644,0,0,0.0,18,415.5
265,10.5763,6.40011,247,-0.0741101,0.362453,1,-45,7.09672,411.859,0,1,45,13.0967,401.859,0,1,-36.4869,24.837,385.915,-0.306147,1,18.1877,39.4025,371.978,0.762974,1,9.16677,43.7476,367.047,-0.674713,1,-45,5.90091,456.644,0,1,45,5.90091,456.644,0,1,-45,5.90091,456.644,0,1,45,5.90091,456.644,0,1,-45,5.90091,456.644,0,0,0.0,18,416
266,10.6105,6.87796,247.5,-0.0666991,0.366207,1,-45,7.09672,411.859,0,1,45,13.0967,401.859,0,1,-35.6111,25.436,385.433,-0.338095,1,17.5043,39.5856,372.056,0.772741,1,9.6904,43.384,367.454,-0.655322,1,-45,5.90091,456.644,0,1,45,5.90091,456.644,0,1,-45,5.90091,456.644,0,1,45,5.90091,456.644,0,1,-45,5.90091,456.644,0,0,0.0,18,416.5
267,10.642,7.35757,248,-0.0600292,0.369587,1,-45,7.09672,411.859,0,1,45,13.0967,401.859,0,1,-34.7493,26.0229,384.984,-0.369399,1,16.837,39.7412,372.156,0.781037,1,10.1908,42.997,367.871,-0.634683,1,-45,5.90091,456.644,0,1,45,5.90091,456.644,0,1,-45,5.90091,456.644,0,1,45,5.90091,456.644,0,1,-45,5.90091,456.644,0,0,0.0,18,417
268,10.3645,7.73729,248.5,-0.0115998,0.360912,1,-45,7.09672,411.859,0,1,45,13.0967,401.859,0,1,-33.9015,26.5967,384.568,-0.4,1,16.1858,39.8688,372.277,0.787846,1,10.6678,42.5874,368.298,-0.612836,1,-45,5.90091,456.644,0,1,45,5.90091,456.644,0,1,-45,5.90091,456.644,0,1,45,5.90091,456.644,0,1,-45,5.90091,456.644,0,0,0.0,18,417.5
269,10.0739,8.11491,249,0.0319866,0.353105,1,-45,7.09672,411.859,0,1,45,13.0967,401.859,0,1,-33.0677,27.1562,384.185,-0.42984,1,15.5507,39.9684,372.419,0.793156,1,11.1217,42.1559,368.734,-0.589822,1,-45,5.90091,456.644,0,1,45,5.90091,456.644,0,1,-45,5.90091,456.644,0,1,45,5.90091,456.644,0,1,-45,5.90091,456.644,0,0,0.0,18,418
270,9.77123,8.4906,249.5,0.0712143,0.346079,1,-45,7.09672,411.859,0,1,45,13.0967,401.859,0,1,-32.2479,27.7004,383.833,-0.458861,1,14.9316,40.0396,372.582,0.796956,1,11.5522,41.7033,369.179,-0.565686,1,-45,5.90091,456.644,0,1,45,5.90091,456.644,0,1,-45,5.90091,456.644,0,1,45,5.90091,456.644,0,1,-45,5.90091,456.644,0,0,0.0,18,418.5
271,9.45738,8.86452,250,0.106519,0.339755,1,-45,7.09672,411.859,0,1,45,13.0967,401.859,0,1,-31.4422,28.2281,383.513,-0.487009,1,14.3287,40.0824,372.764,0.799239,1,11.9595,41.2306,369.632,-0.540473,1,-45,5.90091,456.644,0,1,45,5.90091,456.644,0,1,-45,5.90091,456.644,0,1,45,5.90091,456.644,0,1,-45,5.90091,456.644,0,0,0.0,18,419
272,9.13329,9.02354,250.5,0.138294,0.334064,1,-45,7.09672,411.859,0,1,45,13.0967,401.859,0,1,-30.6504,28.7385,383.223,-0.51423,1,13.7418,40.0967,372.965,0.8,1,12.3435,40.7385,370.092,-0.514231,1,-45,5.90091,456.644,0,1,45,5.90091,456.644,0,1,-45,5.90091,456.644,0,1,45,5.90091,456.644,0,1,-45,5.90091,456.644,0,0,0.0,18,419.5
273,8.79977,9.14165,251,0.166891,0.328942,1,-45,7.09672,411.859,0,1,45,13.0967,401.859,0,1,-29.8727,29.2306,382.963,-0.540472,1,13.1709,40.0824,373.184,0.799239,1,12.7042,40.2281,370.559,-0.48701,1,-45,5.90091,456.644,0,1,45,5.90091,456.644,0,1,-45,5.90091,456.644,0,1,45,5.90091,456.644,0,1,-45,5.90091,456.644,0,0,0.0,18,420
274,8.45757,9.25032,251.5,0.192628,0.324332,1,-45,7.09672,411.859,0,1,45,13.0967,401.859,0,1,-29.109,29.7033,382.733,-0.565686,1,12.6162,40.0396,373.421,0.796956,1,13.0416,39.7004,371.032,-0.458862,1,-45,5.90091,456.644,0,1,45,5.90091,456.644,0,1,-45,5.90091,456.644,0,1,45,5.90091,456.644,0,1,-45,5.90091,456.644,0,0,0.0,18,420.5
275,8.1074,9.3503,252,0.215792,0.320183,1,-45,7.09672,411.859,0,1,45,13.0967,401.859,0,1,-28.3593,30.1559,382.531,-0.589822,1,12.0776,39.9684,373.676,0.793156,1,13.3558,39.1562,371.512,-0.42984,1,-45,5.90091,456.644,0,1,45,5.90091,456.644,0,1,-45,5.90091,456.644,0,1,45,5.90091,456.644,0,1,-45,5.90091,456.644,0,0,0.0,18,421
276,7.74988,9.44227,252.5,0.236639,0.316449,1,-45,7.09672,411.859,0,1,45,13.0967,401.859,0,1,-27.6236,30.5874,382.358,-0.612836,1,11.555,39.8688,373.947,0.787846,1,13.6467,38.5967,371.996,-0.400001,1,-45,5.90091,456.644,0,1,45,5.90091,456.644,0,1,-45,5.90091,456.644,0,1,45,5.90091,456.644,0,1,-45,5.90091,456.644,0,0,0.0,18,421.5
277,7.38561,9.52689,253,0.255401,0.313088,1,-45,7.09672,411.859,0,1,43.1883,13.751,401.049,0.0348955,1,-26.9019,30.997,382.213,-0.634683,1,11.0485,39.7412,374.235,0.781037,1,13.9144,38.023,372.485,-0.369399,1,-45,5.90091,456.644,0,1,45,5.90091,456.644,0,1,-45,5.90091,456.644,0,1,45,5.90091,456.644,0,1,-45,5.90091,456.644,0,0,0.0,18,422
278,7.01512,9.60474,253.5,0.272288,0.310064,1,-45,7.09672,411.859,0,1,41.4019,14.4041,400.278,0.0697246,1,-26.1942,31.384,382.095,-0.655322,1,10.5581,39.5856,374.538,0.772741,1,14.1587,37.436,372.978,-0.338095,1,-45,5.90091,456.644,0,1,45,5.90091,456.644,0,1,-45,5.90091,456.644,0,1,45,5.90091,456.644,0,1,-45,5.90091,456.644,0,0,0.0,18,422.5
279,6.63892,9.67636,254,0.287485,0.307342,1,-45,7.09672,411.859,0,1,39.6409,15.0546,399.545,0.104421,1,-25.5006,31.7476,382.003,-0.674713,1,10.0837,39.4025,374.856,0.762974,1,14.3798,36.837,373.474,-0.306147,1,-45,5.90091,456.644,0,1,45,5.90091,456.644,0,1,-45,5.90091,456.644,0,1,45,5.90091,456.644,0,1,-45,5.90091,456.644,0,0,0.0,18,423
280,6.25746,9.74225,254.5,0.301163,0.304892,1,-45,7.09672,411.859,0,1,37.9052,15.7014,398.849,0.138919,1,-24.8209,32.0871,381.937,-0.69282,1,9.62546,39.1921,375.189,0.751754,1,14.5776,36.227,373.974,-0.273617,1,-45,5.90091,456.644,0,1,45,5.90091,456.644,0,1,-45,5.90091,456.644,0,1,45,5.90091,456.644,0,1,-45,5.90091,456.644,0,0,0.0,18,423.5
281,5.87116,9.80287,255,0.313473,0.302687,1,-45,7.09672,411.859,0,1,36.1948,16.3433,398.191,0.173152,1,-24.1553,32.4019,381.897,-0.709609,1,9.18328,38.9549,375.535,0.739104,1,14.7522,35.6073,374.475,-0.240565,1,-45,5.90091,456.644,0,1,45,5.90091,456.644,0,1,-45,5.90091,456.644,0,1,45,5.90091,456.644,0,1,-45,5.90091,456.644,0,0,0.0,18,424
282,5.48041,9.85864,255.5,0.324552,0.300703,1,-45,7.09672,411.859,0,1,34.5098,16.979,397.569,0.207055,1,-23.5037,32.6913,381.881,-0.725046,1,8.75718,38.6913,375.894,0.725046,1,14.9034,34.979,374.978,-0.207056,1,-45,5.90091,456.644,0,1,45,5.90091,456.644,0,1,-45,5.90091,456.644,0,1,45,5.90091,456.644,0,1,-45,5.90091,456.644,0,0,0.0,18,424.5
283,5.08557,9.90995,256,0.334524,0.298917,1,-45,7.09672,411.859,0,1,32.8501,17.6073,396.982,0.240565,1,-22.8661,32.9549,381.89,-0.739104,1,8.34715,38.4019,376.267,0.709609,1,15.0314,34.3433,375.482,-0.173153,1,-45,5.90091,456.644,0,1,45,5.90091,456.644,0,1,-45,5.90091,456.644,0,1,45,5.90091,456.644,0,1,-45,5.90091,456.644,0,0,0.0,18,425
284,4.68695,9.95715,256.5,0.343498,0.297309,1,-45,7.09672,411.859,0,1,31.2158,18.227,396.431,0.273616,1,-22.2425,33.1921,381.923,-0.751754,1,7.95321,38.0871,376.651,0.69282,1,15.1362,33.7015,375.987,-0.138919,1,-45,5.90091,456.644,0,1,45,5.90091,456.644,0,1,-45,5.90091,456.644,0,1,45,5.90091,456.644,0,1,-45,5.90091,456.644,0,0,0.0,18,425.5
285,4.28487,10.0006,257,0.351574,0.295863,1,-45,7.09672,411.859,0,1,29.6068,18.837,395.915,0.306147,1,-21.6329,33.4025,381.978,-0.762974,1,7.57534,37.7476,377.047,0.674713,1,15.2176,33.0546,376.492,-0.104422,1,-45,5.90091,456.644,0,1,45,5.90091,456.644,0,1,-45,5.90091,456.644,0,1,45,5.90091,456.644,0,1,-45,5.90091,456.644,0,0,0.0,18,426
286,3.87961,10.0405,257.5,0.358843,0.294561,1,-45,7.09672,411.859,0,1,28.0231,19.436,395.433,0.338095,1,-21.0373,33.5856,382.056,-0.772741,1,7.21356,37.384,377.454,0.655322,1,15.2758,32.4041,376.996,-0.0697255,1,-45,5.90091,456.644,0,1,45,5.90091,456.644,0,1,-45,5.90091,456.644,0,1,45,5.90091,456.644,0,1,-45,5.90091,456.644,0,0,0.0,18,426.5
287,3.4714,10.0773,258,0.365385,0.293389,1,-45,7.09672,411.859,0,1,26.4648,20.0229,394.984,0.369399,1,-20.4558,33.7412,382.156,-0.781037,1,6.86786,36.997,377.871,0.634683,1,15.3107,31.751,377.499,-0.0348964,1,-45,5.90091,456.644,0,1,45,5.90091,456.644,0,1,-45,5.90091,456.644,0,1,45,5.90091,456.644,0,1,-45,5.90091,456.644,0,0,0.0,18,427
288,3.0605,10.1111,258.5,0.371273,0.292334,1,-45,7.09672,411.859,0,1,24.9318,20.5967,394.568,0.4,1,-19.8882,33.8688,382.277,-0.787846,1,6.53823,36.5874,378.298,0.612836,1,15.3224,31.0967,378,-8.83736e-07,1,-45,5.90091,456.644,0,1,45,5.90091,456.644,0,1,-45,5.90091,456.644,0,1,45,5.90091,456.644,0,1,-45,5.90091,456.644,0,0,0.0,18,427.5
289,2.64712,10.1422,259,0.376572,0.291385,1,-45,7.09672,411.859,0,1,23.4242,21.1562,394.185,0.42984,1,-19.3347,33.9684,382.419,-0.793156,1,6.22468,36.1559,378.734,0.589822,1,15.3224,31.0967,378.5,0,1,-45,5.90091,456.644,0,1,45,5.90091,456.644,0,1,-45,5.90091,456.644,0,1,45,5.90091,456.644,0,1,-45,5.90091,456.644,0,0,0.0,18,428
290,2.23145,10.1708,259.5,0.381341,0.290531,1,-45,7.09672,411.859,0,1,21.9419,21.7004,393.833,0.458861,1,-18.7952,34.0396,382.582,-0.796956,1,5.92721,35.7033,379.179,0.565686,1,9.56121,28.5747,379.097,0,1,-45,5.90091,456.644,0,1,45,5.90091,456.644,0,1,-45,5.90091,456.644,0,1,45,5.90091,456.644,0,1,-45,5.90091,456.644,0,0,0.0,18,428.5
291,1.81368,10.1972,260,0.385634,0.289762,1,-45,7.09672,411.859,0,1,20.4849,22.2281,393.513,0.487009,1,-18.2697,34.0824,382.764,-0.799239,1,5.64583,35.2306,379.632,0.540473,1,9.49639,28.7465,379.434,0,1,-45,5.90091,456.644,0,1,45,5.90091,456.644,0,1,-45,5.90091,456.644,0,1,45,5.90091,456.644,0,1,-45,5.90091,456.644,0,0,0.0,18,429
292,1.26705,10.2214,260.5,0.40707,0.260786,1,-45,7.09672,411.859,0,1,19.0533,22.7385,393.223,0.51423,1,-17.7582,34.0967,382.965,-0.8,1,5.38052,34.7385,380.092,0.514231,1,9.44169,28.9252,379.77,0,1,-45,5.90091,456.644,0,1,45,5.90091,456.644,0,1,-45,5.90091,456.644,0,1,45,5.90091,456.644,0,1,-45,5.90091,456.644,0,0,0.0,18,429.5
293,0.714156,10.2437,261,0.426363,0.234707,1,-45,7.09672,411.859,0,1,17.647,23.2306,392.963,0.540472,1,-17.2608,34.0824,383.184,-0.799239,1,5.13129,34.2281,380.559,0.48701,1,9.3972,29.1102,380.106,0,1,-45,5.90091,456.644,0,1,45,5.90091,456.644,0,1,-45,5.90091,456.644,0,1,45,5.90091,456.644,0,1,-45,5.90091,456.644,0,0,0.0,18,430
294,0.155493,10.2642,261.5,0.443727,0.211236,1,-45,7.09672,411.859,0,1,16.266,23.7033,392.733,0.565686,1,-16.7773,34.0396,383.421,-0.796956,1,4.89814,33.7004,381.032,0.458862,1,9.36299,29.3011,380.442,0,1,-45,5.90091,456.644,0,1,45,5.90091,456.644,0,1,-45,5.90091,456.644,0,1,45,5.90091,456.644,0,1,-45,5.90091,456.644,0,0,0.0,18,430.5
295,-0.408478,10.2831,262,0.459354,0.190113,1,-45,7.09672,411.859,0,1,14.9104,24.1559,392.531,0.589822,1,-16.3079,33.9684,383.676,-0.793156,1,4.68107,33.1562,381.512,0.42984,1,9.33912,29.4973,380.777,0,1,-45,5.90091,456.644,0,1,45,5.90091,456.644,0,1,-45,5.90091,456.644,0,1,45,5.90091,456.644,0,1,-45,5.90091,456.644,0,0,0.0,18,431
296,-0.977331,10.3004,262.5,0.473419,0.171102,1,-45,7.09672,411.859,0,1,13.5801,24.5874,392.358,0.612836,1,-15.8524,33.8688,383.947,-0.787846,1,4.48007,32.5967,381.996,0.400001,1,9.32564,29.6981,381.111,0,1,-45,5.90091,456.644,0,1,45,5.90091,456.644,0,1,-45,5.90091,456.644,0,1,45,5.90091,456.644,0,1,-45,5.90091,456.644,0,0,0.0,18,431.5
297,-1.55068,10.3164,263,0.486077,0.153991,1,-44.6601,7.75101,411.049,-0.0348955,1,12.2752,24.997,392.213,0.634683,1,-15.411,33.7412,384.235,-0.781037,1,4.29516,32.023,382.485,0.369399,1,9.32258,29.9031,381.444,0,1,-45,5.90091,456.644,0,1,45,5.90091,456.644,0,1,-45,5.90091,456.644,0,1,45,5.90091,456.644,0,1,-45,5.90091,456.644,0,0,0.0,18,432
298,-2.12815,10.3311,263.5,0.497469,0.138592,1,-44.3249,8.40405,410.278,-0.0697246,1,10.9956,25.384,392.095,0.655322,1,-14.9836,33.5856,384.538,-0.772741,1,4.12633,31.436,382.978,0.338095,1,9.32992,30.1115,381.777,0,1,-45,5.90091,456.644,0,1,45,5.90091,456.644,0,1,-45,5.90091,456.644,0,1,45,5.90091,456.644,0,1,-45,5.90091,456.644,0,0,0.0,18,432.5
299,-2.70943,10.3446,264,0.507722,0.124733,1,-43.9945,9.05461,409.545,-0.104421,1,9.74133,25.7476,392.003,0.674713,1,-14.5702,33.4025,384.856,-0.762974,1,3.97357,30.837,383.474,0.306147,1,9.34767,30.3228,382.109,0,1,-45,5.90091,456.644,0,1,45,5.90091,456.644,0,1,-45,5.90091,456.644,0,1,45,5.90091,456.644,0,1,-45,5.90091,456.644,0,0,0.0,18,433
300,-3.29421,10.357,264.5,0.51695,0.11226,1,-43.6689,9.70144,408.849,-0.138919,1,8.51241,26.0871,391.937,0.69282,1,-14.1708,33.1921,385.189,-0.751754,1,3.8369,30.227,383.974,0.273617,1,9.37579,30.5364,382.439,0,1,-45,5.90091,456.644,0,1,45,5.90091,456.644,0,1,-45,5.90091,456.644,0,1,45,5.90091,456.644,0,1,-45,5.90091,456.644,0,0,0.0,18,433.5
301,-3.8822,10.3685,265,0.525255,0.101034,1,-43.348,10.3433,408.191,-0.173152,1,7.30883,26.4019,391.897,0.709609,1,-13.7855,32.9549,385.535,-0.739104,1,3.7163,29.6073,384.475,0.240565,1,9.41423,30.7517,382.769,0,1,-45,5.90091,456.644,0,1,45,5.90091,456.644,0,1,-45,5.90091,456.644,0,1,45,5.90091,456.644,0,1,-45,5.90091,456.644,0,0,0.0,18,434
302,-4.47316,10.379,265.5,0.53273,0.0909303,1,-43.0318,10.979,407.569,-0.207055,1,6.13058,26.6913,391.881,0.725046,1,-13.4141,32.6913,385.894,-0.725046,1,3.61179,28.979,384.978,0.207056,1,9.46293,30.9679,383.098,0,1,-45,5.90091,456.644,0,1,45,5.90091,456.644,0,1,-45,5.90091,456.644,0,1,45,5.90091,456.644,0,1,-45,5.90091,456.644,0,0,0.0,18,434.5
303,-5.06684,10.3887,266,0.539457,0.0818373,1,-42.7205,11.6073,406.982,-0.240565,1,4.97768,26.9549,391.89,0.739104,1,-13.0568,32.4019,386.267,-0.709609,1,3.52335,28.3433,385.482,0.173153,1,9.5218,31.1846,383.426,0,1,-45,5.90091,456.644,0,1,45,5.90091,456.644,0,1,-45,5.90091,456.644,0,1,45,5.90091,456.644,0,1,-45,5.90091,456.644,0,0,0.0,18,435
304,-5.66302,10.3976,266.5,0.545511,0.0736536,1,-42.4138,12.227,406.431,-0.273616,1,3.85011,27.1921,391.923,0.751754,1,-12.7135,32.0871,386.651,-0.69282,1,3.45099,27.7015,385.987,0.138919,1,9.59074,31.401,383.752,0,1,-45,5.90091,456.644,0,1,45,5.90091,456.644,0,1,-45,5.90091,456.644,0,1,45,5.90091,456.644,0,1,-45,5.90091,456.644,0,0,0.0,18,435.5
305,-6.26151,10.4058,267,0.55096,0.0662882,1,-42.1119,12.837,405.915,-0.306147,1,2.74788,27.4025,391.978,0.762974,1,-12.3842,31.7476,387.047,-0.674713,1,3.39472,27.0546,386.492,0.104422,1,9.66963,31.6165,384.077,0,1,-45,5.90091,456.644,0,1,45,5.90091,456.644,0,1,-45,5.90091,456.644,0,1,45,5.90091,456.644,0,1,-45,5.90091,456.644,0,0,0.0,18,436
306,-6.86212,10.4133,267.5,0.555864,0.0596594,1,-41.8148,13.436,405.433,-0.338095,1,1.67099,27.5856,392.056,0.772741,1,-12.0689,31.384,387.454,-0.655322,1,3.35452,26.4041,386.996,0.0697255,1,9.75833,31.8304,384.401,0,1,-45,5.90091,456.644,0,1,45,5.90091,456.644,0,1,-45,5.90091,456.644,0,1,45,5.90091,456.644,0,1,-45,5.90091,456.644,0,0,0.0,18,436.5
307,-7.33776,10.1751,268,0.542704,0.0254092,1,-41.5225,14.0229,404.984,-0.369399,1,0.619436,27.7412,392.156,0.781037,1,-11.7676,30.997,387.871,-0.634683,1,3.3304,25.751,387.499,0.0348964,1,9.85669,32.0422,384.723,0,1,-45,5.90091,456.644,0,1,45,5.90091,456.644,0,1,-45,5.90091,456.644,0,1,45,5.90091,456.644,0,1,-45,5.90091,456.644,0,0,0.0,18,437
308,-7.81071,9.92768,268.5,0.53086,-0.00541602,1,-41.2348,14.5967,404.568,-0.4,1,-0.40677,27.8688,392.277,0.787846,1,-11.4803,30.5874,388.298,-0.612836,1,3.32236,25.0967,388,8.83736e-07,1,9.96453,32.2513,385.044,0,1,-45,5.90091,456.644,0,1,45,5.90091,456.644,0,1,-45,5.90091,456.644,0,1,45,5.90091,456.644,0,1,-45,5.90091,456.644,0,0,0.0,18,437.5
309,-8.28117,9.67177,269,0.5202,-0.0331587,1,-40.952,15.1562,404.185,-0.42984,1,-1.40765,27.9684,392.419,0.793156,1,-11.207,30.1559,388.734,-0.589822,1,3.32236,25.0967,388.5,0,1,10.0817,32.4569,385.363,0,1,-45,5.90091,456.644,0,1,45,5.90091,456.644,0,1,-45,5.90091,456.644,0,1,45,5.90091,456.644,0,1,-45,5.90091,456.644,0,0,0.0,18,438
310,-8.74935,9.40804,269.5,0.510607,-0.0581271,1,-40.6739,15.7004,403.833,-0.458861,1,-2.38318,28.0396,392.582,0.796956,1,-10.9478,29.7033,389.179,-0.565686,1,8.7466,27.2693,389.663,0,1,10.2079,32.6586,385.681,0,1,-45,5.90091,456.644,0,1,45,5.90091,456.644,0,1,-45,5.90091,456.644,0,1,45,5.90091,456.644,0,1,-45,5.90091,456.644,0,0,0.0,18,438.5
311,-9.21544,9.13713,270,0.501972,-0.0805987,1,-40.4005,16.2281,403.513,-0.487009,1,-3.33338,28.0824,392.764,0.799239,1,-10.7026,29.2306,389.632,-0.540473,1,8.63506,27.4479,389.996,0,1,10.3431,32.8557,385.997,0,1,-45,5.90091,456.644,0,1,45,5.90091,456.644,0,1,-45,5.90091,456.644,0,1,45,5.90091,456.644,0,1,-45,5.90091,456.644,0,0,0.0,18,439
312,-9.67959,8.85961,270.5,0.494202,-0.100823,1,-40.1319,16.7385,403.223,-0.51423,1,-4.25824,28.0967,392.965,0.8,1,-10.4713,28.7385,390.092,-0.514231,1,8.5143,27.6197,390.328,0,1,10.4868,33.0476,386.312,0,1,-45,5.90091,456.644,0,1,45,5.90091,456.644,0,1,-45,5.90091,456.644,0,1,45,5.90091,456.644,0,1,-45,5.90091,456.644,0,0,0.0,18,439.5
313,-10.142,8.57601,271,0.487208,-0.119025,1,-39.8681,17.2306,402.963,-0.540472,1,-5.15775,28.0824,393.184,0.799239,1,-10.2541,28.2281,390.559,-0.48701,1,8.38453,27.784,390.659,0,1,10.639,33.2338,386.624,0,1,-45,5.90091,456.644,0,1,45,5.90091,456.644,0,1,-45,5.90091,456.644,0,1,45,5.90091,456.644,0,1,-45,5.90091,456.644,0,0,0.0,18,440
314,-10.6027,8.2868,271.5,0.480914,-0.135407,1,-39.609,17.7033,402.733,-0.565686,1,-6.03193,28.0396,393.421,0.796956,1,-10.0509,27.7004,391.032,-0.458862,1,8.24597,27.9405,390.989,0,1,10.7993,33.4137,386.935,0,1,-45,5.90091,456.644,0,1,45,5.90091,456.644,0,1,-45,5.90091,456.644,0,1,45,5.90091,456.644,0,1,-45,5.90091,456.644,0,0,0.0,18,440.5
315,-11.0619,7.99246,272,0.475249,-0.15015,1,-39.3546,18.1559,402.531,-0.589822,1,-6.88078,27.9684,393.676,0.793156,1,-9.86177,27.1562,391.512,-0.42984,1,8.09886,28.0886,391.318,0,1,10.9674,33.5868,387.244,0,1,-45,5.90091,456.644,0,1,45,5.90091,456.644,0,1,-45,5.90091,456.644,0,1,45,5.90091,456.644,0,1,-45,5.90091,456.644,0,0,0.0,18,441
316,-11.5198,7.69337,272.5,0.47015,-0.16342,1,-39.105,18.5874,402.358,-0.612836,1,-7.70428,27.8688,393.947,0.787846,1,-9.6866,26.5967,391.996,-0.400001,1,7.94346,28.228,391.646,0,1,11.1431,33.7527,387.551,0,1,-45,5.90091,456.644,0,1,45,5.90091,456.644,0,1,-45,5.90091,456.644,0,1,45,5.90091,456.644,0,1,-45,5.90091,456.644,0,0,0.0,18,441.5
317,-11.9764,7.38993,273,0.465562,-0.175362,1,-38.8602,18.997,402.213,-0.634683,1,-8.50245,27.7412,394.235,0.781037,1,-9.52545,26.023,392.485,-0.369399,1,7.78004,28.3581,391.973,0,1,11.3261,33.9107,387.856,0,1,-45,5.90091,456.644,0,1,45,5.90091,456.644,0,1,-45,5.90091,456.644,0,1,45,5.90091,456.644,0,1,-45,5.90091,456.644,0,0,0.0,18,442
318,-12.4318,7.08247,273.5,0.461432,-0.18611,1,-38.6201,19.384,402.095,-0.655322,1,-9.27527,27.5856,394.538,0.772741,1,-9.37831,25.436,392.978,-0.338095,1,7.60888,28.4787,392.299,0,1,11.516,34.0605,388.16,0,1,-45,5.90091,456.644,0,1,45,5.90091,456.644,0,1,-45,5.90091,456.644,0,1,45,5.90091,456.644,0,1,-45,5.90091,456.644,0,0,0.0,18,442.5
319,-12.8861,6.77133,274,0.457715,-0.195783,1,-38.3848,19.7476,402.003,-0.674713,1,-10.0228,27.4025,394.856,0.762974,1,-9.24518,24.837,393.474,-0.306147,1,7.43028,28.5894,392.623,0,1,11.7125,34.2016,388.461,0,1,-45,5.90091,456.644,0,1,45,5.90091,456.644,0,1,-45,5.90091,456.644,0,1,45,5.90091,456.644,0,1,-45,5.90091,456.644,0,0,0.0,18,443
320,-13.3395,6.4568,274.5,0.45437,-0.204489,1,-38.1542,20.0871,401.937,-0.69282,1,-10.7449,27.1921,395.189,0.751754,1,-9.12607,24.227,393.974,-0.273617,1,7.24455,28.6898,392.946,0,1,11.9152,34.3336,388.76,0,1,-45,5.90091,456.644,0,1,45,5.90091,456.644,0,1,-45,5.90091,456.644,0,1,45,5.90091,456.644,0,1,-45,5.90091,456.644,0,0,0.0,18,443.5
321,-13.7919,6.13915,275,0.451359,-0.212325,1,-37.9284,20.4019,401.897,-0.709609,1,-11.4417,26.9549,395.535,0.739104,1,-9.02097,23.6073,394.475,-0.240565,1,7.05202,28.7797,393.267,0,1,12.1239,34.4561,389.057,0,1,-45,5.90091,456.644,0,1,45,5.90091,456.644,0,1,-45,5.90091,456.644,0,1,45,5.90091,456.644,0,1,-45,5.90091,456.644,0,0,0.0,18,444
322,-14.2435,5.81862,275.5,0.44865,-0.219376,1,-37.7074,20.6913,401.881,-0.725046,1,-12.1132,26.6913,395.894,0.725046,1,-8.92988,22.979,394.978,-0.207056,1,6.853,28.8588,393.587,0,1,12.3381,34.5687,389.351,0,1,-45,5.90091,456.644,0,1,45,5.90091,456.644,0,1,-45,5.90091,456.644,0,1,45,5.90091,456.644,0,1,-45,5.90091,456.644,0,0,0.0,18,444.5
323,-14.6943,5.49545,276,0.446211,-0.225723,1,-37.4911,20.9549,401.89,-0.739104,1,-12.7593,26.4019,396.267,0.709609,1,-8.85281,22.3433,395.482,-0.173153,1,6.64786,28.9269,393.906,0,1,12.5576,34.6711,389.644,0,1,-45,5.90091,456.644,0,1,45,5.90091,456.644,0,1,-45,5.90091,456.644,0,1,45,5.90091,456.644,0,1,-45,5.90091,456.644,0,0,0.0,18,445
324,-15.1444,5.16985,276.5,0.444017,-0.231435,1,-37.2795,21.1921,401.923,-0.751754,1,-13.3801,26.0871,396.651,0.69282,1,-8.78975,21.7015,395.987,-0.138919,1,6.43695,28.9837,394.223,0,1,12.7818,34.7631,389.934,0,1,-45,5.90091,456.644,0,1,45,5.90091,456.644,0,1,-45,5.90091,456.644,0,1,45,5.90091,456.644,0,1,-45,5.90091,456.644,0,0,0.0,18,445.5
325,-15.5939,4.84201,277,0.442041,-0.236576,1,-37.0727,21.4025,401.978,-0.762974,1,-13.9756,25.7476,397.047,0.674713,1,-8.7407,21.0546,396.492,-0.104422,1,6.22063,29.0291,394.538,0,1,13.0104,34.8443,390.222,0,1,-45,5.90091,456.644,0,1,45,5.90091,456.644,0,1,-45,5.90091,456.644,0,1,45,5.90091,456.644,0,1,-45,5.90091,456.644,0,0,0.0,18,446
326,-16.0427,4.51212,277.5,0.440264,-0.241202,1,-36.8707,21.5856,402.056,-0.772741,1,-14.5457,25.384,397.454,0.655322,1,-8.70567,20.4041,396.996,-0.0697255,1,5.99928,29.063,394.851,0,1,13.243,34.9145,390.508,0,1,-45,5.90091,456.644,0,1,45,5.90091,456.644,0,1,-45,5.90091,456.644,0,1,45,5.90091,456.644,0,1,-45,5.90091,456.644,0,0,0.0,18,446.5
327,-16.491,4.18033,278,0.438664,-0.245366,1,-36.6734,21.7412,402.156,-0.781037,1,-15.0905,24.997,397.871,0.634683,1,-8.68465,19.751,397.499,-0.0348964,1,5.77328,29.0852,395.163,0,1,13.4793,34.9735,390.791,0,1,-45,5.90091,456.644,0,1,45,5.90091,456.644,0,1,-45,5.90091,456.644,0,1,45,5.90091,456.644,0,1,-45,5.90091,456.644,0,0,0.0,18,447
328,-16.9388,3.84681,278.5,0.437224,-0.249114,1,-36.4808,21.8688,402.277,-0.787846,1,-15.6099,24.5874,398.298,0.612836,1,-8.67764,19.0967,398,-8.83736e-07,1,5.54303,29.0958,395.472,0,1,13.7187,35.0212,391.072,0,1,-45,5.90091,456.644,0,1,45,5.90091,456.644,0,1,-45,5.90091,456.644,0,1,45,5.90091,456.644,0,1,-45,5.90091,456.644,0,0,0.0,18,447.5
329,-17.3861,3.51168,279,0.435928,-0.252487,1,-36.2931,21.9684,402.419,-0.793156,1,-16.104,24.1559,398.734,0.589822,1,-8.67764,19.0967,398.5,0,1,5.30892,29.0946,395.78,0,1,13.9609,35.0573,391.35,0,1,-45,5.90091,456.644,0,1,45,5.90091,456.644,0,1,-45,5.90091,456.644,0,1,45,5.90091,456.644,0,1,-45,5.90091,456.644,0,0,0.0,18,448
330,-17.833,3.17507,279.5,0.434761,-0.255523,1,-36.11,22.0396,402.582,-0.796956,1,-16.5728,23.7033,399.179,0.565686,1,-2.852,20.3328,399.255,0,1,5.07137,29.0817,396.086,0,1,14.2055,35.0818,391.626,0,1,-45,5.90091,456.644,0,1,45,5.90091,456.644,0,1,-45,5.90091,456.644,0,1,45,5.90091,456.644,0,1,-45,5.90091,456.644,0,0,0.0,18,448.5
331,-18.2795,2.83711,280,0.433712,-0.258255,1,-35.9318,22.0824,402.764,-0.799239,1,-17.0162,23.2306,399.632,0.540473,1,-2.91687,20.537,399.591,0,1,4.83078,29.0571,396.39,0,1,14.4521,35.0947,391.9,0,1,-45,5.90091,456.644,0,1,45,5.90091,456.644,0,1,-45,5.90091,456.644,0,1,45,5.90091,456.644,0,1,-45,5.90091,456.644,0,0,0.0,18,449
332,-18.7257,2.49791,280.5,0.432767,-0.260713,1,-35.7582,22.0967,402.965,-0.8,1,-17.4343,22.7385,400.092,0.514231,1,-2.99174,20.7369,399.927,0,1,4.58757,29.0209,396.692,0,1,14.7001,35.0957,392.171,0,1,-45,5.90091,456.644,0,1,45,5.90091,456.644,0,1,-45,5.90091,456.644,0,1,45,5.90091,456.644,0,1,-45,5.90091,456.644,0,0,0.0,18,449.5
333,-19.1715,2.15755,281,0.431917,-0.262926,1,-35.5895,22.0824,403.184,-0.799239,1,-17.827,22.2281,400.559,0.48701,1,-3.07648,20.932,400.262,0,1,4.34216,28.9732,396.991,0,1,14.9492,35.0851,392.44,0,1,-45,5.90091,456.644,0,1,45,5.90091,456.644,0,1,-45,5.90091,456.644,0,1,45,5.90091,456.644,0,1,-45,5.90091,456.644,0,0,0.0,18,450
334,-19.6169,1.81614,281.5,0.431151,-0.264918,1,-35.4255,22.0396,403.421,-0.796956,1,-18.1945,21.7004,401.032,0.458862,1,-3.17094,21.1217,400.596,0,1,4.09498,28.9141,397.289,0,1,15.199,35.0628,392.706,0,1,-45,5.90091,456.644,0,1,45,5.90091,456.644,0,1,-45,5.90091,456.644,0,1,45,5.90091,456.644,0,1,-45,5.90091,456.644,0,0,0.0,18,450.5
335,-20.0621,1.47376,282,0.430463,-0.26671,1,-35.2662,21.9684,403.676,-0.793156,1,-18.5365,21.1562,401.512,0.42984,1,-3.27496,21.3055,400.929,0,1,3.84647,28.8438,397.585,0,1,15.449,35.0288,392.97,0,1,-45,5.90091,456.644,0,1,45,5.90091,456.644,0,1,-45,5.90091,456.644,0,1,45,5.90091,456.644,0,1,-45,5.90091,456.644,0,0,0.0,18,451
336,-20.5071,1.13048,282.5,0.429843,-0.268324,1,-35.1117,21.8688,403.947,-0.787846,1,-18.8533,20.5967,401.996,0.400001,1,-3.38836,21.4828,401.262,0,1,3.59704,28.7625,397.878,0,1,15.6988,34.9833,393.231,0,1,-45,5.90091,456.644,0,1,45,5.90091,456.644,0,1,-45,5.90091,456.644,0,1,45,5.90091,456.644,0,1,-45,5.90091,456.644,0,0,0.0,18,451.5
337,-20.9518,0.786387,283,0.429285,-0.269776,1,-34.9619,21.7412,404.235,-0.781037,1,-19.1447,20.023,402.485,0.369399,1,-3.51094,21.6531,401.594,0,1,3.34714,28.6704,398.169,0,1,15.9479,34.9264,393.489,0,1,-45,5.90091,456.644,0,1,45,5.90091,456.644,0,1,-45,5.90091,456.644,0,1,45,5.90091,456.644,0,1,-45,5.90091,456.644,0,0,0.0,18,452
338,-21.3963,0.441532,283.5,0.428783,-0.271082,1,-34.8169,21.5856,404.538,-0.772741,1,-19.4107,19.436,402.978,0.338095,1,-3.64249,21.8159,401.925,0,1,3.09719,28.5679,398.458,0,1,16.1959,34.8583,393.745,0,1,-45,5.90091,456.644,0,1,45,5.90091,456.644,0,1,-45,5.90091,456.644,0,1,45,5.90091,456.644,0,1,-45,5.90091,456.644,0,0,0.0,18,452.5
339,-21.8406,0.0959821,284,0.428331,-0.272258,1,-34.6767,21.4025,404.856,-0.762974,1,-19.6514,18.837,403.474,0.306147,1,-3.78278,21.9708,402.255,0,1,2.84763,28.4552,398.744,0,1,16.4424,34.7791,393.999,0,1,-45,5.90091,456.644,0,1,45,5.90091,456.644,0,1,-45,5.90091,456.644,0,1,45,5.90091,456.644,0,1,-45,5.90091,456.644,0,0,0.0,18,453
340,-22.2847,-0.250208,284.5,0.427924,-0.273317,1,-34.5412,21.1921,405.189,-0.751754,1,-19.8668,18.227,403.974,0.273617,1,-3.93157,22.1172,402.584,0,1,2.5989,28.3327,399.029,0,1,16.687,34.6891,394.25,0,1,-45,5.90091,456.644,0,1,45,5.90091,456.644,0,1,-45,5.90091,456.644,0,1,45,5.90091,456.644,0,1,-45,5.90091,456.644,0,0,0.0,18,453.5
341,-22.7286,-0.596988,285,0.427558,-0.274269,1,-34.4105,20.9549,405.535,-0.739104,1,-20.0568,17.6073,404.475,0.240565,1,-4.08859,22.2547,402.912,0,1,2.35143,28.2006,399.31,0,1,16.9292,34.5886,394.498,0,1,-45,5.90091,456.644,0,1,45,5.90091,456.644,0,1,-45,5.90091,456.644,0,1,45,5.90091,456.644,0,1,-45,5.90091,456.644,0,0,0.0,18,454
342,-23.1723,-0.94431,285.5,0.427229,-0.275127,1,-34.2845,20.6913,405.894,-0.725046,1,-20.2215,16.979,404.978,0.207056,1,-4.25358,22.383,403.238,0,1,2.10563,28.0595,399.59,0,1,17.1686,34.4779,394.744,0,1,-45,5.90091,456.644,0,1,45,5.90091,456.644,0,1,-45,5.90091,456.644,0,1,45,5.90091,456.644,0,1,-45,5.90091,456.644,0,0,0.0,18,454.5
343,-23.616,-1.29213,286,0.426932,-0.275898,1,-34.1633,20.4019,406.267,-0.709609,1,-20.3609,16.3433,405.482,0.173153,1,-4.42625,22.5017,403.564,0,1,1.86196,27.9096,399.867,0,1,17.4048,34.3572,394.988,0,1,-45,5.90091,456.644,0,1,45,5.90091,456.644,0,1,-45,5.90091,456.644,0,1,45,5.90091,456.644,0,1,-45,5.90091,456.644,0,0,0.0,18,455
344,-24.0594,-1.64041,286.5,0.426666,-0.276593,1,-34.0468,20.0871,406.651,-0.69282,1,-20.4749,15.7015,405.987,0.138919,1,-4.6063,22.6103,403.888,0,1,1.62081,27.7515,400.141,0,1,17.6374,34.227,395.228,0,1,-45,5.90091,456.644,0,1,45,5.90091,456.644,0,1,-45,5.90091,456.644,0,1,45,5.90091,456.644,0,1,-45,5.90091,456.644,0,0,0.0,18,455.5
345,-24.5028,-1.98911,287,0.426425,-0.277218,1,-33.9351,19.7476,407.047,-0.674713,1,-20.5636,15.0546,406.492,0.104422,1,-4.79342,22.7087,404.21,0,1,1.38262,27.5857,400.413,0,1,17.8659,34.0876,395.467,0,1,-45,5.90091,456.644,0,1,45,5.90091,456.644,0,1,-45,5.90091,456.644,0,1,45,5.90091,456.644,0,1,-45,5.90091,456.644,0,0,0.0,18,456
346,-24.946,-2.3382,287.5,0.426209,-0.27778,1,-33.8281,19.384,407.454,-0.655322,1,-20.627,14.4041,406.996,0.0697255,1,-4.98728,22.7964,404.532,0,1,1.1478,27.4125,400.683,0,1,18.0901,33.9394,395.702,0,1,-45,5.90091,456.644,0,1,45,5.90091,456.644,0,1,-45,5.90091,456.644,0,1,45,5.90091,456.644,0,1,-45,5.90091,456.644,0,0,0.0,18,456.5
347,-25.3892,-2.68764,288,0.426015,-0.278286,1,-33.7259,18.997,407.871,-0.634683,1,-20.665,13.751,407.499,0.0348964,1,-5.18755,22.8733,404.851,0,1,0.916751,27.2325,400.95,0,1,18.3094,33.7828,395.936,0,1,-45,5.90091,456.644,0,1,45,5.90091,456.644,0,1,-45,5.90091,456.644,0,1,45,5.90091,456.644,0,1,-45,5.90091,456.644,0,0,0.0,18,457
348,-25.8322,-3.03742,288.5,0.42584,-0.278742,1,-33.6284,18.5874,408.298,-0.612836,1,-20.6776,13.0967,408,8.83736e-07,1,-5.39387,22.9391,405.169,0,1,0.689878,27.0463,401.215,0,1,18.5236,33.6184,396.166,0,1,-45,5.90091,456.644,0,1,45,5.90091,456.644,0,1,-45,5.90091,456.644,0,1,45,5.90091,456.644,0,1,-45,5.90091,456.644,0,0,0.0,18,457.5
349,-26.2752,-3.3875,289,0.425682,-0.279152,1,-33.5357,18.1559,408.734,-0.589822,1,-20.6776,13.0967,408.5,0,1,-5.6059,22.9937,405.486,0,1,0.467575,26.8543,401.477,0,1,18.7322,33.4466,396.394,0,1,-45,5.90091,456.644,0,1,45,5.90091,456.644,0,1,-45,5.90091,456.644,0,1,45,5.90091,456.644,0,1,-45,5.90091,456.644,0,0,0.0,18,458
350,-26.7181,-3.73785,289.5,0.42554,-0.279521,1,-33.4478,17.7033,409.179,-0.565686,1,-17.1463,15.5523,407.062,0,1,-5.82325,23.0368,405.8,0,1,0.250227,26.6572,401.736,0,1,18.9349,33.2679,396.62,0,1,-45,5.90091,456.644,0,1,45,5.90091,456.644,0,1,-45,5.90091,456.644,0,1,45,5.90091,456.644,0,1,-45,5.90091,456.644,0,0,0.0,18,458.5
351,-26.548,-4.08846,290,0.34056,-0.279853,1,-33.3646,17.2306,409.632,-0.540473,1,-16.9473,15.7196,407.24,0,1,-6.04556,23.0684,406.113,0,1,0.0382123,26.4555,401.993,0,1,19.1313,33.0829,396.844,0,1,-45,5.90091,456.644,0,1,45,5.90091,456.644,0,1,-45,5.90091,456.644,0,1,45,5.90091,456.644,0,1,-45,5.90091,456.644,0,0,0.0,18,459
352,-26.3563,-4.43931,290.5,0.264077,-0.280152,1,-33.2862,16.7385,410.092,-0.514231,1,-16.7548,15.8793,407.42,0,1,-6.27244,23.0883,406.425,0,1,-0.168102,26.2498,402.248,0,1,19.3211,32.892,397.064,0,1,-45,5.90091,456.644,0,1,45,5.90091,456.644,0,1,-45,5.90091,456.644,0,1,45,5.90091,456.644,0,1,-45,5.90091,456.644,0,0,0.0,18,459.5
353,-26.1445,-4.79037,291,0.195243,-0.280421,1,-33.2125,16.2281,410.559,-0.48701,1,-16.5691,16.0308,407.602,0,1,-6.5035,23.0965,406.734,0,1,-0.368357,26.0408,402.5,0,1,19.504,32.6958,397.283,0,1,-45,5.90091,456.644,0,1,45,5.90091,456.644,0,1,-45,5.90091,456.644,0,1,45,5.90091,456.644,0,1,-45,5.90091,456.644,0,0,0.0,18,460
354,-25.7873,-4.8965,291.5,0.115719,-0.252379,1,-33.1435,15.7004,411.032,-0.458862,1,-16.3905,16.1737,407.785,0,1,-6.73833,23.093,407.041,0,1,-0.562206,25.8289,402.749,0,1,19.6796,32.495,397.499,0,1,-45,5.90091,456.644,0,1,45,5.90091,456.644,0,1,-45,5.90091,456.644,0,1,45,5.90091,456.644,0,1,-45,5.90091,456.644,0,0,0.0,18,460.5
355,-25.4088,-4.99414,292,0.0441471,-0.227141,1,-33.0794,15.1562,411.512,-0.42984,1,-16.2194,16.3075,407.97,0,1,-6.97652,23.0777,407.347,0,1,-0.749311,25.615,402.996,0,1,19.8476,32.29,397.713,0,1,-45,5.90091,456.644,0,1,45,5.90091,456.644,0,1,-45,5.90091,456.644,0,1,45,5.90091,456.644,0,1,-45,5.90091,456.644,0,0,0.0,18,461
356,-25.0105,-5.08397,292.5,-0.0202677,-0.204427,1,-33.0199,14.5967,411.996,-0.400001,1,-16.056,16.432,408.156,0,1,-7.21767,23.0508,407.65,0,1,-0.929349,25.3995,403.24,0,1,20.0078,32.0816,397.924,0,1,-45,5.90091,456.644,0,1,45,5.90091,456.644,0,1,-45,5.90091,456.644,0,1,45,5.90091,456.644,0,1,-45,5.90091,456.644,0,0,0.0,18,461.5
357,-24.5941,-5.16662,293,-0.0782409,-0.183984,1,-32.9653,14.023,412.485,-0.369399,1,-15.9006,16.5466,408.344,0,1,-7.46135,23.0123,407.952,0,1,-1.10201,25.1831,403.482,0,1,20.1598,31.8702,398.134,0,1,-45,5.90091,456.644,0,1,45,5.90091,456.644,0,1,-45,5.90091,456.644,0,1,45,5.90091,456.644,0,1,-45,5.90091,456.644,0,0,0.0,18,462
358,-24.161,-5.24265,293.5,-0.130417,-0.165586,1,-32.9153,13.436,412.978,-0.338095,1,-15.7535,16.6512,408.534,0,1,-7.70715,22.9622,408.251,0,1,-1.26698,24.9664,403.721,0,1,20.3035,31.6566,398.341,0,1,-45,5.90091,456.644,0,1,45,5.90091,456.644,0,1,-45,5.90091,456.644,0,1,45,5.90091,456.644,0,1,-45,5.90091,456.644,0,0,0.0,18,462.5
359,-23.7126,-5.3126,294,-0.177375,-0.149027,1,-32.8702,12.837,413.474,-0.306147,1,-15.615,16.7453,408.726,0,1,-7.95463,22.9009,408.548,0,1,-1.42399,24.7502,403.958,0,1,20.4385,31.4414,398.545,0,1,-45,5.90091,456.644,0,1,45,5.90091,456.644,0,1,-45,5.90091,456.644,0,1,45,5.90091,456.644,0,1,-45,5.90091,456.644,0,0,0.0,18,463
360,-23.25,-5.37695,294.5,-0.219638,-0.134125,1,-32.8298,12.227,413.974,-0.273617,1,-15.4853,16.8287,408.92,0,1,-8.20336,22.8284,408.844,0,1,-1.57277,24.535,404.192,0,1,20.5646,31.2251,398.748,0,1,-45,5.90091,456.644,0,1,45,5.90091,456.644,0,1,-45,5.90091,456.644,0,1,45,5.90091,456.644,0,1,-45,5.90091,456.644,0,0,0.0,18,463.5
361,-22.7744,-5.43616,295,-0.257674,-0.120712,1,-32.7941,11.6073,414.475,-0.240565,1,-15.3645,16.9012,409.116,0,1,-8.45292,22.7449,409.136,0,1,-1.71304,24.3214,404.424,0,1,20.6817,31.0085,398.949,0,1,-45,5.90091,456.644,0,1,45,5.90091,456.644,0,1,-45,5.90091,456.644,0,1,45,5.90091,456.644,0,1,-45,5.90091,456.644,0,0,0.0,18,464
362,-22.2869,-5.49063,295.5,-0.291906,-0.108641,1,-32.7632,10.979,414.978,-0.207056,1,-15.253,16.9625,409.314,0,1,-8.70286,22.6508,409.427,0,1,-1.84457,24.11,404.653,0,1,20.7894,30.7921,399.147,0,1,-45,5.90091,456.644,0,1,45,5.90091,456.644,0,1,-45,5.90091,456.644,0,1,45,5.90091,456.644,0,1,-45,5.90091,456.644,0,0,0.0,18,464.5
363,-21.7884,-5.54074,296,-0.322716,-0.0977769,1,-32.7371,10.3433,415.482,-0.173153,1,-15.1509,17.0124,409.514,0,1,-8.95277,22.5462,409.715,0,1,-1.96714,23.9016,404.88,0,1,20.8876,30.5766,399.343,0,1,-45,5.90091,456.644,0,1,45,5.90091,456.644,0,1,-45,5.90091,456.644,0,1,45,5.90091,456.644,0,1,-45,5.90091,456.644,0,0,0.0,18,465
364,-21.2798,-5.58684,296.5,-0.350444,-0.0879992,1,-32.7157,9.70145,415.987,-0.138919,1,-15.0584,17.0509,409.716,0,1,-9.20219,22.4315,410.001,0,1,-2.08052,23.6967,405.104,0,1,20.9762,30.3626,399.538,0,1,-45,5.90091,456.644,0,1,45,5.90091,456.644,0,1,-45,5.90091,456.644,0,1,45,5.90091,456.644,0,1,-45,5.90091,456.644,0,0,0.0,18,465.5
365,-20.7618,-5.62925,297,-0.3754,-0.0791993,1,-32.699,9.05463,416.492,-0.104422,1,-14.9757,17.0778,409.92,0,1,-9.45071,22.307,410.285,0,1,-2.18453,23.4959,405.326,0,1,21.0549,30.1508,399.73,0,1,-45,5.90091,456.644,0,1,45,5.90091,456.644,0,1,-45,5.90091,456.644,0,1,45,5.90091,456.644,0,1,-45,5.90091,456.644,0,0,0.0,18,466
366,-20.2353,-5.66828,297.5,-0.39786,-0.0712793,1,-32.6872,8.40407,416.996,-0.0697255,1,-14.9029,17.093,410.127,0,1,-9.69788,22.1731,410.566,0,1,-2.27897,23.2998,405.545,0,1,21.1238,29.9418,399.921,0,1,-45,5.90091,456.644,0,1,45,5.90091,456.644,0,1,-45,5.90091,456.644,0,1,45,5.90091,456.644,0,1,-45,5.90091,456.644,0,0,0.0,18,466.5
367,-19.7009,-5.70417,298,-0.418074,-0.0641514,1,-32.68,7.75103,417.499,-0.0348964,1,-14.84,17.0965,410.335,0,1,-9.94328,22.0302,410.845,0,1,-2.36369,23.1089,405.762,0,1,21.1825,29.7361,400.109,0,1,-45,5.90091,456.644,0,1,45,5.90091,456.644,0,1,-45,5.90091,456.644,0,1,45,5.90091,456.644,0,1,-45,5.90091,456.644,0,0,0.0,18,467
368,-19.1593,-5.7372,298.5,-0.436266,-0.0577363,1,-32.6776,7.09673,418,-8.83736e-07,1,-14.7873,17.0882,410.546,0,1,-10.1865,21.8787,411.122,0,1,-2.43854,22.9239,405.977,0,1,21.2311,29.5345,400.296,0,1,-45,5.90091,456.644,0,1,45,5.90091,456.644,0,1,-45,5.90091,456.644,0,1,45,5.90091,456.644,0,1,-45,5.90091,456.644,0,0,0.0,18,467.5
369,-18.611,-5.76759,299,-0.45264,-0.0519626,1,-32.6776,7.09672,418.5,0,1,-14.7449,17.0683,410.76,0,1,-10.4271,21.719,411.396,0,1,-2.50339,22.7453,406.189,0,1,21.2694,29.3374,400.481,0,1,-45,5.90091,456.644,0,1,45,5.90091,456.644,0,1,-45,5.90091,456.644,0,1,45,5.90091,456.644,0,1,-45,5.90091,456.644,0,0,0.0,18,468
370,-18.0565,-5.79554,299.5,-0.467376,-0.0467664,1,-38.5773,4.99846,419.305,0,1,-14.7127,17.0367,410.975,0,1,-10.6646,21.5516,411.668,0,0,-2.50339,22.7453,406.189,0,1,21.2973,29.1455,400.665,0,1,-45,5.90091,456.644,0,1,45,5.90091,456.644,0,1,-45,5.90091,456.644,0,1,45,5.90091,456.644,0,1,-45,5.90091,456.644,0,0,0.0,18,468.5
371,-17.4964,-5.82126,300,-0.480638,-0.0420897,1,-38.6177,5.18591,419.64,0,1,-14.6909,16.9935,411.193,0,1,-10.8987,21.377,411.937,0,0,-2.50339,22.7453,406.189,0,1,21.315,28.9593,400.847,0,1,-45,5.90091,456.644,0,1,45,5.90091,456.644,0,1,-45,5.90091,456.644,0,1,45,5.90091,456.644,0,1,-45,5.90091,456.644,0,0,0.0,18,469
372,-16.9312,-5.84492,300.5,-0.492574,-0.0378808,1,-38.6478,5.37897,419.976,0,1,-14.6795,16.9389,411.413,0,1,-11.129,21.1957,412.203,0,0,-2.50339,22.7453,406.189,0,1,21.3222,28.7794,401.027,0,1,-45,5.90091,456.644,0,1,45,5.90091,456.644,0,1,-45,5.90091,456.644,0,1,45,5.90091,456.644,0,1,-45,5.90091,456.644,0,0,0.0,18,469.5
373,-16.3611,-5.86669,301,-0.503317,-0.0340927,1,-38.6675,5.57706,420.31,0,1,-14.6785,16.873,411.636,0,1,-11.355,21.0083,412.467,0,0,-2.50339,22.7453,406.189,0,1,21.319,28.6063,401.206,0,1,-45,5.90091,456.644,0,1,45,5.90091,456.644,0,1,-45,5.90091,456.644,0,1,45,5.90091,456.644,0,1,-45,5.90091,456.644,0,0,0.0,18,470
374,-15.7866,-5.88671,301.5,-0.512985,-0.0306834,1,-38.6768,5.77962,420.644,0,1,-14.6879,16.7961,411.861,0,1,-11.5763,20.8153,412.729,0,0,-2.50339,22.7453,406.189,0,1,21.3053,28.4405,401.383,0,1,-45,5.90091,456.644,0,1,45,5.90091,456.644,0,1,-45,5.90091,456.644,0,1,45,5.90091,456.644,0,1,-45,5.90091,456.644,0,0,0.0,18,470.5
375,-15.2081,-5.90514,302,-0.521687,-0.0276151,1,-38.6757,5.98603,420.977,0,1,-14.7077,16.7083,412.089,0,1,-11.7926,20.6172,412.988,0,0,-2.50339,22.7453,406.189,0,1,21.2813,28.2824,401.559,0,1,-45,5.90091,456.644,0,1,45,5.90091,456.644,0,1,-45,5.90091,456.644,0,1,45,5.90091,456.644,0,1,-45,5.90091,456.644,0,0,0.0,18,471
376,-14.6259,-5.92209,302.5,-0.529518,-0.0248536,1,-38.6642,6.19571,421.31,0,1,-14.7379,16.6099,412.319,0,1,-12.0035,20.4147,413.245,0,0,-2.50339,22.7453,406.189,0,1,21.247,28.1327,401.733,0,1,-45,5.90091,456.644,0,1,45,5.90091,456.644,0,1,-45,5.90091,456.644,0,1,45,5.90091,456.644,0,1,-45,5.90091,456.644,0,0,0.0,18,471.5
377,-14.0403,-5.93768,303,-0.536566,-0.0223682,1,-38.6423,6.40803,421.641,0,1,-14.7784,16.5012,412.552,0,1,-12.2086,20.2083,413.499,0,0,-2.50339,22.7453,406.189,0,1,21.2024,27.9916,401.907,0,1,-45,5.90091,456.644,0,1,45,5.90091,456.644,0,1,-45,5.90091,456.644,0,1,45,5.90091,456.644,0,1,-45,5.90091,456.644,0,0,0.0,18,472
378,-13.4515,-5.95203,303.5,-0.54291,-0.0201314,1,-38.6101,6.62237,421.971,0,1,-14.8291,16.3825,412.787,0,1,-12.4076,19.9986,413.75,0,0,-2.50339,22.7453,406.189,0,1,21.1475,27.8596,402.079,0,1,-45,5.90091,456.644,0,1,45,5.90091,456.644,0,1,-45,5.90091,456.644,0,1,45,5.90091,456.644,0,1,-45,5.90091,456.644,0,0,0.0,18,472.5
379,-12.8598,-5.96523,304,-0.548619,-0.0181182,1,-38.5675,6.8381,422.301,0,1,-14.8899,16.2542,413.024,0,1,-12.6002,19.7863,413.999,0,0,-2.50339,22.7453,406.189,0,1,21.0826,27.7372,402.25,0,1,-45,5.90091,456.644,0,1,45,5.90091,456.644,0,1,-45,5.90091,456.644,0,1,45,5.90091,456.644,0,1,-45,5.90091,456.644,0,0,0.0,18,473
380,-12.2655,-5.97737,304.5,-0.553757,-0.0163064,1,-38.5147,7.05459,422.629,0,1,-14.9609,16.1166,413.264,0,1,-12.7859,19.572,414.245,0,0,-2.50339,22.7453,406.189,0,1,21.0076,27.6246,402.42,0,1,-45,5.90091,456.644,0,1,45,5.90091,456.644,0,1,-45,5.90091,456.644,0,1,45,5.90091,456.644,0,1,-45,5.90091,456.644,0,0,0.0,18,473.5
381,-11.6687,-5.98854,305,-0.558381,-0.0146758,1,-38.4518,7.2712,422.956,0,1,-15.0417,15.9702,413.507,0,1,-12.9645,19.3562,414.489,0,0,-2.50339,22.7453,406.189,0,1,20.9228,27.5221,402.589,0,1,-45,5.90091,456.644,0,1,45,5.90091,456.644,0,1,-45,5.90091,456.644,0,1,45,5.90091,456.644,0,1,-45,5.90091,456.644,0,0,0.0,18,474
382,-11.0696,-5.99882,305.5,-0.562543,-0.0132082,1,-38.3789,7.4873,423.282,0,1,-15.1323,15.8153,413.752,0,1,-13.1356,19.1398,414.73,0,0,-2.50339,22.7453,406.189,0,1,20.8283,27.4302,402.757,0,1,-45,5.90091,456.644,0,1,45,5.90091,456.644,0,1,-45,5.90091,456.644,0,1,45,5.90091,456.644,0,1,-45,5.90091,456.644,0,0,0.0,18,474.5
383,-10.4685,-6.00828,306,-0.566289,-0.0118874,1,-38.2961,7.70225,423.607,0,1,-15.2326,15.6525,414,0,1,-13.299,18.9231,414.969,0,0,-2.50339,22.7453,406.189,0,1,20.7242,27.349,402.924,0,1,-45,5.90091,456.644,0,1,45,5.90091,456.644,0,1,-45,5.90091,456.644,0,1,45,5.90091,456.644,0,1,-45,5.90091,456.644,0,0,0.0,18,475
384,-9.86542,-6.01698,306.5,-0.56966,-0.0106986,1,-38.2035,7.91543,423.93,0,1,-15.3423,15.4821,414.251,0,1,-13.4544,18.707,415.205,0,0,-2.50339,22.7453,406.189,0,1,20.6107,27.2788,403.09,0,1,-45,5.90091,456.644,0,1,45,5.90091,456.644,0,1,-45,5.90091,456.644,0,1,45,5.90091,456.644,0,1,-45,5.90091,456.644,0,0,0.0,18,475.5
385,-9.26062,-6.02498,307,-0.572694,-0.00962877,1,-38.1013,8.12621,424.252,0,1,-15.4612,15.3048,414.503,0,1,-13.6015,18.4921,415.439,0,0,-2.50339,22.7453,406.189,0,1,20.4881,27.2198,403.256,0,1,-45,5.90091,456.644,0,1,45,5.90091,456.644,0,1,-45,5.90091,456.644,0,1,45,5.90091,456.644,0,1,-45,5.90091,456.644,0,0,0.0,18,476
386,-8.65421,-6.03234,307.5,-0.575424,-0.0086659,1,-37.9897,8.33396,424.572,0,1,-15.5893,15.121,414.759,0,1,-13.7401,18.2789,415.67,0,0,-2.50339,22.7453,406.189,0,1,20.3564,27.1722,403.421,0,1,-45,5.90091,456.644,0,1,45,5.90091,456.644,0,1,-45,5.90091,456.644,0,1,45,5.90091,456.644,0,1,-45,5.90091,456.644,0,0,0.0,18,476.5
387,-8.04631,-6.03912,308,-0.577882,-0.00779931,1,-37.8689,8.53809,424.891,0,1,-15.7261,14.9312,415.017,0,1,-13.8698,18.0681,415.898,0,0,-2.50339,22.7453,406.189,0,1,20.2161,27.1361,403.585,0,1,-44.4791,6.55521,455.84,-0.0348955,1,43.3692,6.55521,455.84,0.0348955,1,-43.8171,6.55521,455.84,-0.0348955,1,44.0313,6.55521,455.84,0.0348955,1,-43.1551,6.55521,455.84,-0.0348955,0,0.0,18,477
388,-7.43704,-6.04535,308.5,-0.580094,-0.00701938,1,-37.7391,8.73799,425.208,0,1,-15.8716,14.7361,415.277,0,1,-13.9906,17.8603,416.125,0,0,-2.50339,22.7453,406.189,0,1,20.0672,27.1116,403.749,0,1,-43.9655,7.20825,455.075,-0.0697246,1,41.7613,7.20825,455.075,0.0697246,1,-42.6507,7.20825,455.075,-0.0697246,1,43.0761,7.20825,455.075,0.0697246,1,-41.3359,7.20825,455.075,-0.0697246,0,0.0,18,477.5
389,-6.82651,-6.05108,309,-0.582084,-0.00631744,1,-37.6005,8.93308,425.523,0,1,-16.0253,14.5362,415.54,0,1,-14.1021,17.6562,416.348,0,0,-2.50339,22.7453,406.189,0,1,19.9101,27.0988,403.913,0,1,-43.4592,7.85881,454.348,-0.104421,1,40.1762,7.85881,454.348,0.104421,1,-41.5009,7.85881,454.348,-0.104421,1,42.1345,7.85881,454.348,0.104421,1,-39.5426,7.85881,454.348,-0.104421,0,0.0,18,478
390,-6.21482,-6.05636,309.5,-0.583876,-0.00568569,1,-37.4533,9.12277,425.837,0,1,-16.1872,14.332,415.806,0,1,-14.2042,17.4563,416.57,0,0,-2.50339,22.7453,406.189,0,1,19.7451,27.0977,404.076,0,1,-42.9602,8.50564,453.658,-0.138919,1,38.6138,8.50564,453.658,0.138919,1,-40.3676,8.50564,453.658,-0.138919,1,41.2064,8.50564,453.658,0.138919,1,-37.775,8.50564,453.658,-0.138919,0,0.0,18,478.5
391,-5.60207,-6.06121,310,-0.585488,-0.00511712,1,-37.2979,9.30653,426.149,0,1,-16.3569,14.1242,416.074,0,1,-14.2967,17.2612,416.789,0,0,-2.50339,22.7453,406.189,0,1,19.5724,27.1084,404.239,0,1,-42.4685,9.14751,453.005,-0.173152,1,37.0743,9.14751,453.005,0.173152,1,-39.2509,9.14751,453.005,-0.173152,1,40.2919,9.14751,453.005,0.173152,1,-36.0333,9.14751,453.005,-0.173152,0,0.0,18,479
392,-4.98834,-6.06568,310.5,-0.58694,-0.00460541,1,-37.1344,9.4838,426.459,0,1,-16.534,13.9134,416.345,0,1,-14.3795,17.0715,417.005,0,0,-2.50339,22.7453,406.189,0,1,19.3922,27.1307,404.402,0,1,-41.984,9.7832,452.388,-0.207055,1,35.5576,9.7832,452.388,0.207055,1,-38.1507,9.7832,452.388,-0.207055,1,39.391,9.7832,452.388,0.207055,1,-34.3174,9.7832,452.388,-0.207055,0,0.0,18,479.5
393,-4.3737,-6.06978,311,-0.588246,-0.00414487,1,-36.9632,9.65407,426.767,0,1,-16.7184,13.7002,416.618,0,1,-14.4523,16.8877,417.22,0,0,-2.50339,22.7453,406.189,0,1,19.2051,27.1647,404.564,0,1,-41.5069,10.4115,451.808,-0.240565,1,34.0637,10.4115,451.808,0.240565,1,-37.0671,10.4115,451.808,-0.240565,1,38.5035,10.4115,451.808,0.240565,1,-32.6273,10.4115,451.808,-0.240565,0,0.0,18,480
394,-3.75824,-6.07356,311.5,-0.589421,-0.00373038,1,-36.7846,9.81684,427.074,0,1,-16.9096,13.4853,416.893,0,1,-14.5152,16.7104,417.431,0,0,-2.50339,22.7453,406.189,0,1,19.0112,27.2102,404.727,0,1,-41.037,11.0312,451.262,-0.273616,1,32.5926,11.0312,451.262,0.273616,1,-36,11.0312,451.262,-0.273616,1,37.6297,11.0312,451.262,0.273616,1,-30.9629,11.0312,451.262,-0.273616,0,0.0,18,480.5
395,-3.14202,-6.07704,312,-0.590479,-0.00335734,1,-36.5988,9.97163,427.378,0,1,-17.1074,13.2691,417.171,0,1,-14.5679,16.5401,417.641,0,0,-2.50339,22.7453,406.189,0,1,18.8108,27.2671,404.889,0,1,-40.5744,11.6412,450.751,-0.306147,1,31.1443,11.6412,450.751,0.306147,1,-34.9494,11.6412,450.751,-0.306147,1,36.7693,11.6412,450.751,0.306147,1,-29.3244,11.6412,450.751,-0.306147,0,0.0,18,481
396,-2.52509,-6.08024,312.5,-0.591431,-0.00302161,1,-36.4062,10.118,427.68,0,1,-17.3113,13.0525,417.451,0,1,-14.6103,16.3773,417.848,0,0,-2.50339,22.7453,406.189,0,1,18.6045,27.3353,405.052,0,1,-40.1191,12.2402,450.274,-0.338095,1,29.7189,12.2402,450.274,0.338095,1,-33.9154,12.2402,450.274,-0.338095,1,35.9226,12.2402,450.274,0.338095,1,-27.7117,12.2402,450.274,-0.338095,0,0.0,18,481.5
397,-1.90752,-6.08318,313,-0.592288,-0.00271945,1,-36.2072,10.2555,427.981,0,1,-17.5211,12.8361,417.734,0,1,-14.6425,16.2224,418.054,0,0,-2.50339,22.7453,406.189,0,1,18.3924,27.4145,405.215,0,1,-39.6711,12.8271,449.83,-0.369399,1,28.3162,12.8271,449.83,0.369399,1,-32.8979,12.8271,449.83,-0.369399,1,35.0893,12.8271,449.83,0.369399,1,-26.1248,12.8271,449.83,-0.369399,0,0.0,18,482
398,-1.28935,-6.08589,313.5,-0.593059,-0.0024475,1,-36.002,10.3837,428.279,0,1,-17.7364,12.6203,418.019,0,1,-14.6643,16.076,418.257,0,0,-2.50339,22.7453,406.189,0,1,18.175,27.5045,405.378,0,1,-39.2303,13.4009,449.419,-0.4,1,26.9363,13.4009,449.419,0.4,1,-31.897,13.4009,449.419,-0.4,1,34.2697,13.4009,449.419,0.4,1,-24.5637,13.4009,449.419,-0.4,0,0.0,18,482.5
399,-0.670635,-6.08838,314,-0.593753,-0.00220275,1,-35.791,10.5023,428.575,0,1,-17.9568,12.406,418.306,0,1,-14.6758,15.9385,418.457,0,0,-2.50339,22.7453,406.189,0,1,17.9527,27.605,405.541,0,1,-38.7969,13.9604,449.041,-0.42984,1,25.5793,13.9604,449.041,0.42984,1,-30.9126,13.9604,449.041,-0.42984,1,33.4635,13.9604,449.041,0.42984,1,-23.0284,13.9604,449.041,-0.42984,0,0.0,18,483
400,-0.0514188,-6.09067,314.5,-0.594378,-0.00198248,1,-35.5747,10.6109,428.868,0,1,-18.1819,12.1937,418.596,0,1,-14.6768,15.8102,418.656,0,0,-2.50339,22.7453,406.189,0,1,17.7257,27.7158,405.705,0,1,-38.3707,14.5046,448.694,-0.458861,1,24.245,14.5046,448.694,0.458861,1,-29.9448,14.5046,448.694,-0.458861,1,32.6709,14.5046,448.694,0.458861,1,-21.5189,14.5046,448.694,-0.458861,0,0.0,18,483.5
401,0.568261,-6.09278,315,-0.59494,-0.00178423,1,-35.3533,10.7092,429.16,0,1,-18.4114,11.9841,418.888,0,1,-14.6674,15.6916,418.853,0,0,-2.50339,22.7453,406.189,0,1,17.4946,27.8365,405.869,0,1,-37.9518,15.0323,448.378,-0.487009,1,22.9336,15.0323,448.378,0.487009,1,-28.9935,15.0323,448.378,-0.487009,1,31.8919,15.0323,448.378,0.487009,1,-20.0352,15.0323,448.378,-0.487009,0,0.0,18,484
402,1.06145,-6.33985,315.5,-0.577873,-0.0298901,1,-35.1273,10.7969,429.449,0,1,-18.6448,11.7777,419.182,0,1,-14.6476,15.583,419.048,0,0,-2.50339,22.7453,406.189,0,1,17.2598,27.9667,406.034,0,1,-37.5402,15.5427,448.093,-0.51423,1,21.6449,15.5427,448.093,0.51423,1,-28.0588,15.5427,448.093,-0.51423,1,31.1264,15.5427,448.093,0.51423,1,-18.5773,15.5427,448.093,-0.51423,0,0.0,18,484.5
403,1.55053,-6.59543,316,-0.562512,-0.0551853,1,-34.897,10.8737,429.736,0,1,-18.8817,11.5752,419.479,0,1,-14.6175,15.4846,419.24,0,0,-2.50339,22.7453,406.189,0,1,17.0216,28.1061,406.199,0,1,-37.1359,16.0348,447.838,-0.540472,1,20.3791,16.0348,447.838,0.540472,1,-27.1406,16.0348,447.838,-0.540472,1,30.3745,16.0348,447.838,0.540472,1,-17.1452,16.0348,447.838,-0.540472,0,0.0,18,485
404,2.03584,-6.85886,316.5,-0.548687,-0.0779511,1,-34.6629,10.9395,430.021,0,1,-19.1217,11.3771,419.777,0,1,-14.577,15.3969,419.431,0,0,-2.50339,22.7453,406.189,0,1,16.7804,28.2543,406.365,0,1,-36.7389,16.5075,447.612,-0.565686,1,19.1361,16.5075,447.612,0.565686,1,-26.2389,16.5075,447.612,-0.565686,1,29.6361,16.5075,447.612,0.565686,1,-15.7389,16.5075,447.612,-0.565686,0,0.0,18,485.5
405,2.51769,-7.1295,317,-0.536245,-0.0984402,1,-34.4253,10.994,430.303,0,1,-19.3644,11.1841,420.078,0,1,-14.5263,15.32,419.62,0,0,-2.50339,22.7453,406.189,0,1,16.5367,28.4109,406.532,0,1,-36.3492,16.9601,447.415,-0.589822,1,17.9159,16.9601,447.415,0.589822,1,-25.3538,16.9601,447.415,-0.589822,1,28.9113,16.9601,447.415,0.589822,1,-14.3584,16.9601,447.415,-0.589822,0,0.0,18,486
406,2.99634,-7.40676,317.5,-0.525047,-0.11688,1,-34.1847,11.037,430.583,0,1,-19.6094,10.9967,420.38,0,1,-14.4655,15.2542,419.808,0,0,-2.50339,22.7453,406.189,0,1,16.2909,28.5753,406.699,0,1,-35.9667,17.3916,447.246,-0.612836,1,16.7185,17.3916,447.246,0.612836,1,-24.4852,17.3916,447.246,-0.612836,1,28.2,17.3916,447.246,0.612836,1,-13.0037,17.3916,447.246,-0.612836,0,0.0,18,486.5
407,3.47206,-7.69014,318,-0.514968,-0.133477,1,-33.9415,11.0685,430.861,0,1,-19.8563,10.8155,420.685,0,1,-14.3945,15.1997,419.993,0,0,-2.50339,22.7453,406.189,0,1,16.0434,28.7471,406.868,0,1,-35.5915,17.8012,447.105,-0.634683,1,15.5439,17.8012,447.105,0.634683,1,-23.6332,17.8012,447.105,-0.634683,1,27.5022,17.8012,447.105,0.634683,1,-11.6749,17.8012,447.105,-0.634683,0,0.0,18,487
408,3.94507,-7.97912,318.5,-0.505898,-0.148413,1,-33.6961,11.0884,431.136,0,1,-20.1046,10.641,420.991,0,1,-14.3137,15.1566,420.177,0,0,-2.50339,22.7453,406.189,0,1,15.7946,28.9258,407.037,0,1,-35.2236,18.1882,446.991,-0.655322,1,14.3921,18.1882,446.991,0.655322,1,-22.7977,18.1882,446.991,-0.655322,1,26.818,18.1882,446.991,0.655322,1,-10.3718,18.1882,446.991,-0.655322,0,0.0,18,487.5
409,4.4156,-8.27328,319,-0.497735,-0.161856,1,-33.4489,11.0965,431.409,0,1,-20.3539,10.4736,421.3,0,1,-14.2231,15.125,420.359,0,0,-2.50339,22.7453,406.189,0,1,15.5451,29.1109,407.208,0,1,-34.863,18.5518,446.904,-0.674713,1,13.2631,18.5518,446.904,0.674713,1,-21.9788,18.5518,446.904,-0.674713,1,26.1474,18.5518,446.904,0.674713,1,-9.09451,18.5518,446.904,-0.674713,0,0.0,18,488
410,4.88384,-8.57218,319.5,-0.490387,-0.173955,1,-33.2003,11.0929,431.679,0,1,-20.6037,10.314,421.61,0,1,-14.1229,15.1051,420.539,0,0,-2.50339,22.7453,406.189,0,1,15.2951,29.3018,407.38,0,1,-34.5097,18.8913,446.842,-0.69282,1,12.1569,18.8913,446.842,0.69282,1,-21.1764,18.8913,446.842,-0.69282,1,25.4903,18.8913,446.842,0.69282,1,-7.84304,18.8913,446.842,-0.69282,0,0.0,18,488.5
411,5.34997,-8.87545,320,-0.483775,-0.184844,1,-32.9509,11.0776,431.947,0,1,-20.8537,10.1625,421.923,0,1,-14.0132,15.0969,420.718,0,0,-2.50339,22.7453,406.189,0,1,15.0452,29.498,407.552,0,1,-34.1637,19.2061,446.805,-0.709609,1,11.0736,19.2061,446.805,0.709609,1,-20.3905,19.2061,446.805,-0.709609,1,24.8467,19.2061,446.805,0.709609,1,-6.61738,19.2061,446.805,-0.709609,0,0.0,18,489
412,5.81417,-9.18275,320.5,-0.477824,-0.194644,1,-32.701,11.0506,432.212,0,1,-21.1033,10.0196,422.237,0,1,-13.8942,15.1005,420.896,0,0,-2.50339,22.7453,406.189,0,1,14.7958,29.6988,407.726,0,1,-33.8249,19.4955,446.794,-0.725046,1,10.013,19.4955,446.794,0.725046,1,-19.6212,19.4955,446.794,-0.725046,1,24.2167,19.4955,446.794,0.725046,1,-5.41752,19.4955,446.794,-0.725046,0,0.0,18,489.5
413,6.27659,-9.49375,321,-0.472468,-0.203463,1,-32.4511,11.012,432.474,0,1,-21.3523,9.88576,422.552,0,1,-13.7662,15.1158,421.072,0,0,-2.50339,22.7453,406.189,0,1,14.5473,29.9038,407.902,0,1,-33.4935,19.7591,446.806,-0.739104,1,8.97527,19.7591,446.806,0.739104,1,-18.8685,19.7591,446.806,-0.739104,1,23.6003,19.7591,446.806,0.739104,1,-4.24346,19.7591,446.806,-0.739104,0,0.0,18,490
414,6.73738,-9.80816,321.5,-0.467648,-0.211401,1,-32.2015,10.9619,432.735,0,1,-21.6,9.76133,422.87,0,1,-13.6294,15.1427,421.247,0,0,-2.50339,22.7453,406.189,0,1,14.3001,30.1123,408.078,0,1,-33.1693,19.9963,446.842,-0.751754,1,7.96033,19.9963,446.842,0.751754,1,-18.1322,19.9963,446.842,-0.751754,1,22.9974,19.9963,446.842,0.751754,1,-3.09521,19.9963,446.842,-0.751754,0,0.0,18,490.5
415,7.19665,-10.1257,322,-0.463309,-0.218546,1,-31.9528,10.9005,432.992,0,1,-21.8462,9.64668,423.189,0,1,-13.484,15.1812,421.421,0,0,-2.50339,22.7453,406.189,0,1,14.0547,30.3236,408.256,0,1,-32.8524,20.2067,446.901,-0.762974,1,6.96819,20.2067,446.901,0.762974,1,-17.4126,20.2067,446.901,-0.762974,1,22.408,20.2067,446.901,0.762974,1,-1.97276,20.2067,446.901,-0.762974,0,0.0,18,491
416,7.65454,-10.4461,322.5,-0.459405,-0.224975,1,-31.7053,10.8279,433.247,0,1,-22.0903,9.54215,423.509,0,1,-13.3302,15.2313,421.593,0,0,-2.50339,22.7453,406.189,0,1,13.8116,30.5372,408.436,0,1,-32.5428,20.3898,446.983,-0.772741,1,5.99887,20.3898,446.983,0.772741,1,-16.7094,20.3898,446.983,-0.772741,1,21.8322,20.3898,446.983,0.772741,1,-0.876111,20.3898,446.983,-0.772741,0,0.0,18,491.5
417,8.11115,-10.7692,323,-0.455891,-0.230762,1,-31.4595,10.7444,433.5,0,1,-22.332,9.44805,423.831,0,1,-13.1683,15.2926,421.764,0,0,-2.50339,22.7453,406.189,0,1,13.571,30.7525,408.617,0,1,-32.2405,20.5454,447.086,-0.781037,1,5.05235,20.5454,447.086,0.781037,1,-16.0229,20.5454,447.086,-0.781037,1,21.2699,20.5454,447.086,0.781037,1,0.194733,20.5454,447.086,-0.781037,0,0.0,18,492
418,8.56659,-11.0947,323.5,-0.452728,-0.23597,1,-31.2159,10.6502,433.75,0,1,-22.5708,9.36465,424.155,0,1,-12.9987,15.3652,421.934,0,0,-2.50339,22.7453,406.189,0,1,13.3335,30.9687,408.8,0,1,-31.9454,20.673,447.211,-0.787846,1,4.12864,20.673,447.211,0.787846,1,-15.3528,20.673,447.211,-0.787846,1,20.7212,20.673,447.211,0.787846,1,1.23976,20.673,447.211,-0.787846,0,0.0,18,492.5
419,9.02095,-11.4224,324,-0.449882,-0.240657,1,-30.9747,10.5455,433.997,0,1,-22.8063,9.29219,424.479,0,1,-12.8215,15.4486,422.103,0,0,-2.50339,22.7453,406.189,0,1,13.0994,31.1854,408.984,0,1,-31.6577,20.7726,447.357,-0.793156,1,3.22774,20.7726,447.357,0.793156,1,-14.6993,20.7726,447.357,-0.793156,1,20.1861,20.7726,447.357,0.793156,1,2.259,20.7726,447.357,-0.793156,0,0.0,18,493
420,9.47431,-11.7522,324.5,-0.44732,-0.244876,1,-30.7366,10.4308,434.242,0,1,-23.0381,9.2309,424.806,0,1,-12.6372,15.5428,422.271,0,0,-2.50339,22.7453,406.189,0,1,12.8692,31.4018,409.17,0,1,-31.3772,20.8438,447.522,-0.796956,1,2.34965,20.8438,447.522,0.796956,1,-14.0624,20.8438,447.522,-0.796956,1,19.6645,20.8438,447.522,0.796956,1,3.25243,20.8438,447.522,-0.796956,0,0.0,18,493.5
421,9.92677,-12.084,325,-0.445014,-0.248673,1,-30.5017,10.3062,434.484,0,1,-23.2659,9.18095,425.133,0,1,-12.446,15.6474,422.439,0,0,-2.50339,22.7453,406.189,0,1,12.6432,31.6172,409.358,0,1,-31.104,20.8866,447.707,-0.799239,1,1.49436,20.8866,447.707,0.799239,1,-13.442,20.8866,447.707,-0.799239,1,19.1564,20.8866,447.707,0.799239,1,4.22006,20.8866,447.707,-0.799239,0,0.0,18,494
422,10.3784,-12.4174,325.5,-0.442939,-0.25209,1,-30.2707,10.1723,434.724,0,1,-23.4891,9.14248,425.461,0,1,-12.2482,15.7621,422.605,0,0,-2.50339,22.7453,406.189,0,1,12.4219,31.8312,409.548,0,1,-30.8381,20.9009,447.911,-0.8,1,0.661879,20.9009,447.911,0.8,1,-12.8381,20.9009,447.911,-0.8,1,18.6619,20.9009,447.911,0.8,1,5.16189,20.9009,447.911,-0.8,0,0.0,18,494.5
423,10.8292,-12.7525,326,-0.441072,-0.255165,1,-30.0439,10.0293,434.961,0,1,-23.7075,9.11562,425.791,0,1,-12.0443,15.8866,422.771,0,0,-2.50339,22.7453,406.189,0,1,12.2056,32.043,409.739,0,1,-30.5795,20.8866,448.133,-0.799239,1,-0.147792,20.8866,448.133,0.799239,1,-12.2508,20.8866,448.133,-0.799239,1,18.1809,20.8866,448.133,0.799239,1,6.07791,20.8866,448.133,-0.799239,0,0.0,18,495
424,11.2793,-13.089,326.5,-0.439391,-0.257933,1,-29.8216,9.87774,435.196,0,1,-23.9205,9.10043,426.121,0,1,-11.8345,16.0205,422.936,0,0,-2.50339,22.7453,406.189,0,1,11.9948,32.252,409.933,0,1,-30.3282,20.8438,448.374,-0.796956,1,-0.934654,20.8438,448.374,0.796956,1,-11.68,20.8438,448.374,-0.796956,1,17.7135,20.8438,448.374,0.796956,1,6.96812,20.8438,448.374,-0.796956,0,0.0,18,495.5
425,11.7288,-13.4269,327,-0.437878,-0.260424,1,-29.6043,9.718,435.428,0,1,-24.128,9.09696,426.453,0,1,-11.6192,16.1635,423.101,0,0,-2.50339,22.7453,406.189,0,1,11.7897,32.4577,410.128,0,1,-30.0841,20.7726,448.631,-0.793156,1,-1.69871,20.7726,448.631,0.793156,1,-11.1258,20.7726,448.631,-0.793156,1,17.2596,20.7726,448.631,0.793156,1,7.83254,20.7726,448.631,-0.793156,0,0.0,18,496
426,12.1777,-13.7661,327.5,-0.436517,-0.262666,1,-29.3923,9.55058,435.658,0,1,-24.3295,9.10523,426.785,0,1,-11.3988,16.315,423.265,0,0,-2.50339,22.7453,406.189,0,1,11.5908,32.6593,410.325,0,1,-29.8474,20.673,448.905,-0.787846,1,-2.43996,20.673,448.905,0.787846,1,-10.5881,20.673,448.905,-0.787846,1,16.8193,20.673,448.905,0.787846,1,8.67115,20.673,448.905,-0.787846,0,0.0,18,496.5
427,12.626,-14.1064,328,-0.435292,-0.264683,1,-29.186,9.37595,435.885,0,1,-24.5246,9.12521,427.119,0,1,-11.1737,16.4747,423.428,0,0,-2.50339,22.7453,406.189,0,1,11.3983,32.8564,410.525,0,1,-29.6179,20.5454,449.195,-0.781037,1,-3.1584,20.5454,449.195,0.781037,1,-10.067,20.5454,449.195,-0.781037,1,16.3925,20.5454,449.195,0.781037,1,9.48396,20.5454,449.195,-0.781037,0,0.0,18,497
428,13.0738,-14.4478,328.5,-0.434189,-0.266499,1,-28.9858,9.19464,436.11,0,1,-24.7131,9.15683,427.453,0,1,-10.9443,16.6421,423.592,0,0,-2.50339,22.7453,406.189,0,1,11.2126,33.0483,410.727,0,1,-29.3957,20.3898,449.501,-0.772741,1,-3.85403,20.3898,449.501,0.772741,1,-9.56238,20.3898,449.501,-0.772741,1,15.9793,20.3898,449.501,0.772741,1,10.271,20.3898,449.501,-0.772741,0,0.0,18,497.5
429,13.5211,-14.7901,329,-0.433196,-0.268134,1,-28.792,9.00718,436.332,0,1,-24.8945,9.20001,427.787,0,1,-10.7109,16.8167,423.754,0,0,-2.50339,22.7453,406.189,0,1,11.0341,33.2344,410.93,0,1,-29.1808,20.2067,449.821,-0.762974,1,-4.52686,20.2067,449.821,0.762974,1,-9.07432,20.2067,449.821,-0.762974,1,15.5796,20.2067,449.821,0.762974,1,11.0322,20.2067,449.821,-0.762974,0,0.0,18,498
430,13.968,-15.1334,329.5,-0.432303,-0.269605,1,-28.6049,8.81412,436.552,0,1,-25.0687,9.25462,428.123,0,1,-10.474,16.998,423.917,0,0,-2.50339,22.7453,406.189,0,1,10.863,33.4143,411.136,0,0,-29.1808,20.2067,449.821,-0.762974,1,-5.17688,19.9963,450.156,0.751754,1,-8.60281,19.9963,450.156,-0.751754,1,15.1935,19.9963,450.156,0.751754,1,11.7676,19.9963,450.156,-0.751754,0,0.0,18,498.5
431,14.4145,-15.3224,330,-0.431499,-0.270928,1,-28.4249,8.61601,436.77,0,1,-25.2352,9.32051,428.458,0,1,-10.234,17.1854,424.08,0,0,-2.50339,22.7453,406.189,0,1,10.6997,33.5875,411.344,0,0,-29.1808,20.2067,449.821,-0.762974,1,-5.80409,19.7591,450.505,0.739104,1,-8.14785,19.7591,450.505,-0.739104,1,14.8209,19.7591,450.505,0.739104,1,12.4772,19.7591,450.505,-0.739104,0,0.0,18,499
432,14.9876,-15.4166,330.5,-0.448349,-0.243835,1,-28.2523,8.41345,436.985,0,1,-25.3938,9.39747,428.795,0,1,-9.99124,17.3784,424.242,0,0,-2.50339,22.7453,406.189,0,1,10.5443,33.7533,411.555,0,0,-29.1808,20.2067,449.821,-0.762974,1,-6.40849,19.4955,450.866,0.725046,1,-7.70943,19.4955,450.866,-0.725046,1,14.4619,19.4955,450.866,0.725046,1,13.1609,19.4955,450.866,-0.725046,0,0.0,18,499.5
433,15.1315,-15.5033,331,-0.403514,-0.219452,1,-28.0874,8.20703,437.198,0,1,-25.5442,9.48528,429.131,0,1,-9.74624,17.5765,424.405,0,0,-2.50339,22.7453,406.189,0,1,10.3973,33.9113,411.768,0,0,-29.1808,20.2067,449.821,-0.762974,1,-6.99009,19.2061,451.241,0.709609,1,-7.28755,19.2061,451.241,-0.709609,1,14.1164,19.2061,451.241,0.709609,1,13.8189,19.2061,451.241,-0.709609,0,0.0,18,500
434,15.2639,-15.583,331.5,-0.363163,-0.197507,1,-27.9304,7.99734,437.408,0,1,-25.6862,9.58368,429.468,0,1,-9.49938,17.7791,424.567,0,0,-2.50339,22.7453,406.189,0,1,10.2588,34.061,411.983,0,0,-29.1808,20.2067,449.821,-0.762974,1,-7.54888,18.8913,451.627,0.69282,1,-6.88222,18.8913,451.627,-0.69282,1,13.7845,18.8913,451.627,0.69282,1,14.4511,18.8913,451.627,-0.69282,0,0.0,18,500.5
435,15.3857,-15.6564,332,-0.326847,-0.177756,1,-27.7817,7.78502,437.617,0,1,-25.8194,9.69239,429.806,0,1,-9.2511,17.9855,424.73,0,0,-2.50339,22.7453,406.189,0,1,10.1292,34.2021,412.2,0,0,-29.1808,20.2067,449.821,-0.762974,1,-8.08486,18.5518,452.025,0.674713,1,-6.49343,18.5518,452.025,-0.674713,1,13.4661,18.5518,452.025,0.674713,1,15.0575,18.5518,452.025,-0.674713,0,0.0,18,501
436,15.4977,-15.7239,332.5,-0.294162,-0.15998,1,-27.6415,7.57068,437.823,0,1,-25.9438,9.81109,430.143,0,1,-9.00182,18.1951,424.893,0,0,-2.50339,22.7453,406.189,0,1,10.0085,34.334,412.42,0,0,-29.1808,20.2067,449.821,-0.762974,1,-8.59803,18.1882,452.434,0.655322,1,-6.12119,18.1882,452.434,-0.655322,1,13.1612,18.1882,452.434,0.655322,1,15.6381,18.1882,452.434,-0.655322,0,0.0,18,501.5
437,15.6008,-15.786,333,-0.264746,-0.143982,1,-27.51,7.35495,438.027,0,1,-26.059,9.93942,430.48,0,1,-8.75197,18.4074,425.056,0,0,-2.50339,22.7453,406.189,0,1,9.89704,34.4565,412.642,0,0,-29.1808,20.2067,449.821,-0.762974,1,-9.08839,17.8012,452.853,0.634683,1,-5.76549,17.8012,452.853,-0.634683,1,12.8699,17.8012,452.853,0.634683,1,16.1928,17.8012,452.853,-0.634683,0,0.0,18,502
438,15.2623,-15.8431,333.5,-0.178271,-0.129584,1,-27.3875,7.13846,438.228,0,1,-26.1648,10.077,430.818,0,1,-8.502,18.6218,425.22,0,0,-2.50339,22.7453,406.189,0,1,9.79501,34.5691,412.867,0,0,-29.1808,20.2067,449.821,-0.762974,1,-9.55595,17.3916,453.281,0.612836,1,-5.42633,17.3916,453.281,-0.612836,1,12.5922,17.3916,453.281,0.612836,1,16.7218,17.3916,453.281,-0.612836,0,0.0,18,502.5
439,14.9008,-15.8956,334,-0.100444,-0.116626,1,-27.2741,6.92185,438.428,0,1,-26.2612,10.2235,431.155,0,1,-8.25233,18.8375,425.384,0,0,-2.50339,22.7453,406.189,0,1,9.70258,34.6715,413.094,0,0,-29.1808,20.2067,449.821,-0.762974,1,-10.0007,16.9601,453.719,0.589822,1,-5.10372,16.9601,453.719,-0.589822,1,12.328,16.9601,453.719,0.589822,1,17.225,16.9601,453.719,-0.589822,0,0.0,18,503
440,14.5183,-15.944,334.5,-0.0303996,-0.104963,1,-27.1702,6.70575,438.626,0,1,-26.3478,10.3783,431.493,0,1,-8.00341,19.054,425.549,0,0,-2.50339,22.7453,406.189,0,1,9.6199,34.7634,413.323,0,0,-29.1808,20.2067,449.821,-0.762974,1,-10.4226,16.5075,454.165,0.565686,1,-4.79765,16.5075,454.165,-0.565686,1,12.0774,16.5075,454.165,0.565686,1,17.7023,16.5075,454.165,-0.565686,0,0.0,18,503.5
441,14.1164,-15.9885,335,0.0326404,-0.0944668,1,-27.0758,6.4908,438.821,0,1,-26.4246,10.5412,431.83,0,1,-7.75565,19.2706,425.714,0,0,-2.50339,22.7453,406.189,0,1,9.54712,34.8446,413.555,0,0,-29.1808,20.2067,449.821,-0.762974,1,-10.8218,16.0348,454.62,0.540473,1,-4.50813,16.0348,454.62,-0.540473,1,11.8403,16.0348,454.62,0.540473,1,18.1539,16.0348,454.62,-0.540473,0,0.0,18,504
442,13.6967,-16.0294,335.5,0.0893763,-0.0850201,1,-26.9911,6.27762,439.015,0,1,-26.4914,10.7116,432.167,0,1,-7.50949,19.4867,425.88,0,0,-2.50339,22.7453,406.189,0,1,9.48437,34.9148,413.79,0,0,-29.1808,20.2067,449.821,-0.762974,1,-11.1981,15.5427,455.081,0.514231,1,-4.23515,15.5427,455.081,-0.514231,1,11.6167,15.5427,455.081,0.514231,1,18.5797,15.5427,455.081,-0.514231,0,0.0,18,504.5
443,13.2605,-16.067,336,0.140439,-0.0765181,1,-26.9163,6.06685,439.207,0,1,-26.5482,10.8889,432.503,0,1,-7.26536,19.7016,426.047,0,0,-2.50339,22.7453,406.189,0,1,9.43175,34.9737,414.027,0,0,-29.1808,20.2067,449.821,-0.762974,1,-11.5516,15.0323,455.55,0.48701,1,-3.97872,15.0323,455.55,-0.48701,1,11.4067,15.0323,455.55,0.48701,1,18.9796,15.0323,455.55,-0.48701,0,0.0,18,505
444,12.8092,-16.1017,336.5,0.186395,-0.0688663,1,-26.8515,5.8591,439.396,0,1,-26.5947,11.0727,432.839,0,1,-7.02368,19.9148,426.214,0,0,-2.50339,22.7453,406.189,0,1,9.38935,35.0213,414.266,0,0,-29.1808,20.2067,449.821,-0.762974,1,-11.8823,14.5046,456.024,0.458862,1,-3.73883,14.5046,456.024,-0.458862,1,11.2103,14.5046,456.024,0.458862,1,19.3538,14.5046,456.024,-0.458862,0,0.0,18,505.5
445,12.471,-15.8884,337,0.210182,-0.0336954,1,-26.7969,5.65498,439.584,0,1,-26.631,11.2625,433.175,0,1,-6.78487,20.1256,426.382,0,0,-2.50339,22.7453,406.189,0,1,9.35726,35.0574,414.509,0,0,-29.1808,20.2067,449.821,-0.762974,1,-12.1902,13.9604,456.505,0.42984,1,-3.51548,13.9604,456.505,-0.42984,1,11.0274,13.9604,456.505,0.42984,1,19.7021,13.9604,456.505,-0.42984,0,0.0,18,506
446,12.1244,-15.6639,337.5,0.23159,-0.00204159,1,-26.7524,5.45508,439.77,0,1,-26.6569,11.4576,433.51,0,1,-6.54935,20.3334,426.552,0,0,-2.50339,22.7453,406.189,0,1,9.33552,35.0819,414.753,0,0,-29.1808,20.2067,449.821,-0.762974,1,-12.4753,13.4009,456.99,0.400001,1,-3.30868,13.4009,456.99,-0.400001,1,10.858,13.4009,456.99,0.400001,1,20.0247,13.4009,456.99,-0.400001,0,0.0,18,506.5
447,11.7702,-15.4291,338,0.250857,0.0264468,1,-26.7182,5.26001,439.955,0,1,-26.6725,11.6576,433.844,0,1,-6.31752,20.5375,426.722,0,0,-2.50339,22.7453,406.189,0,1,9.32417,35.0947,415,0,0,-29.1808,20.2067,449.821,-0.762974,1,-12.7376,12.8272,457.48,0.369399,1,-3.11842,12.8272,457.48,-0.369399,1,10.7022,12.8272,457.48,0.369399,1,20.3214,12.8272,457.48,-0.369399,0,0.0,18,507
448,11.409,-15.1848,338.5,0.268198,0.0520864,1,-26.6944,5.07032,440.138,0,1,-26.6776,11.8618,434.177,0,1,-6.08979,20.7374,426.893,0,0,-2.50339,22.7453,406.189,0,1,9.32323,35.0957,415.25,0,0,-29.1808,20.2067,449.821,-0.762974,1,-12.9771,12.2402,457.974,0.338095,1,-2.94471,12.2402,457.974,-0.338095,1,10.5599,12.2402,457.974,0.338095,1,20.5923,12.2402,457.974,-0.338095,0,0.0,18,507.5
449,11.0414,-14.9317,339,0.283805,0.0751621,1,-26.6809,4.88658,440.319,0,1,-26.6724,12.0695,434.51,0,1,-5.86655,20.9325,427.066,0,0,-2.50339,22.7453,406.189,0,1,9.33271,35.0851,415.503,0,0,-29.1808,20.2067,449.821,-0.762974,1,-13.1938,11.6412,458.471,0.306147,1,-2.78753,11.6412,458.471,-0.306147,1,10.4312,11.6412,458.471,0.306147,1,20.8375,11.6412,458.471,-0.306147,0,0.0,18,508
450,10.6678,-14.6707,339.5,0.297851,0.0959301,1,-26.6779,4.70932,440.499,0,1,-26.6567,12.2804,434.842,0,1,-5.64819,21.1222,427.24,0,0,-2.50339,22.7453,406.189,0,1,9.35258,35.0627,415.757,0,0,-29.1808,20.2067,449.821,-0.762974,1,-13.3876,11.0312,458.971,0.273617,1,-2.64691,11.0312,458.971,-0.273617,1,10.3161,11.0312,458.971,0.273617,1,21.0568,11.0312,458.971,-0.273617,0,0.0,18,508.5
451,10.2887,-14.4022,340,0.310492,0.114621,1,-26.6852,4.53906,440.677,0,1,-26.6307,12.4936,435.173,0,0,-5.64819,21.1222,427.24,0,0,-2.50339,22.7453,406.189,0,1,9.38282,35.0287,416.015,0,0,-29.1808,20.2067,449.821,-0.762974,1,-13.5587,10.4115,459.473,0.240565,1,-2.52283,10.4115,459.473,-0.240565,1,10.2144,10.4115,459.473,0.240565,1,21.2503,10.4115,459.473,-0.240565,0,0.0,18,509
452,9.90458,-14.1269,340.5,0.321869,0.131444,1,-26.703,4.37631,440.854,0,1,-26.5943,12.7085,435.503,0,0,-5.64819,21.1222,427.24,0,0,-2.50339,22.7453,406.189,0,1,9.42337,34.9831,416.275,0,0,-29.1808,20.2067,449.821,-0.762974,1,-13.707,9.78322,459.977,0.207056,1,-2.41529,9.78322,459.977,-0.207056,1,10.1264,9.78322,459.977,0.207056,1,21.418,9.78322,459.977,-0.207056,0,0.0,18,509.5
453,9.51585,-13.8453,341,0.332109,0.146583,1,-26.7312,4.22153,441.029,0,1,-26.5476,12.9246,435.832,0,0,-5.64819,21.1222,427.24,0,0,-2.50339,22.7453,406.189,0,1,9.47416,34.9262,416.537,0,0,-29.1808,20.2067,449.821,-0.762974,1,-13.8324,9.14752,460.481,0.173153,1,-2.3243,9.14752,460.481,-0.173153,1,10.0519,9.14752,460.481,0.173153,1,21.56,9.14752,460.481,-0.173153,0,0.0,18,510
454,9.12286,-13.558,341.5,0.341324,0.160209,1,-26.7696,4.07519,441.203,0,1,-26.4908,13.1412,436.16,0,0,-5.64819,21.1222,427.24,0,0,-2.50339,22.7453,406.189,0,1,9.5351,34.858,416.802,0,0,-29.1808,20.2067,449.821,-0.762974,1,-13.935,8.50565,460.987,0.138919,1,-2.24985,8.50565,460.987,-0.138919,1,9.9909,8.50565,460.987,0.138919,1,21.6761,8.50565,460.987,-0.138919,0,0.0,18,510.5
455,8.72596,-13.2654,342,0.349618,0.172473,1,-26.8183,3.93771,441.376,0,1,-26.4238,13.3577,436.487,0,0,-5.64819,21.1222,427.24,0,0,-2.50339,22.7453,406.189,0,1,9.60608,34.7788,417.07,0,0,-29.1808,20.2067,449.821,-0.762974,1,-14.0149,7.85882,461.492,0.104422,1,-2.19194,7.85882,461.492,-0.104422,1,9.94348,7.85882,461.492,0.104422,1,21.7664,7.85882,461.492,-0.104422,0,0.0,18,511
456,8.32546,-12.9679,342.5,0.357083,0.18351,1,-26.8772,3.8095,441.547,0,1,-26.3469,13.5735,436.812,0,0,-5.64819,21.1222,427.24,0,0,-2.50339,22.7453,406.189,0,1,9.68699,34.6888,417.34,0,0,-29.1808,20.2067,449.821,-0.762974,1,-14.0719,7.20827,461.996,0.0697255,1,-2.15058,7.20827,461.996,-0.0697255,1,9.90961,7.20827,461.996,0.0697255,1,21.8309,7.20827,461.996,-0.0697255,0,0.0,18,511.5
457,7.92164,-12.6659,343,0.363801,0.193443,1,-26.9462,3.69093,441.718,0,1,-26.2602,13.7878,437.136,0,0,-5.64819,21.1222,427.24,0,0,-2.50339,22.7453,406.189,0,1,9.77768,34.5883,417.612,0,0,-29.1808,20.2067,449.821,-0.762974,1,-14.1061,6.55522,462.499,0.0348964,1,-2.12577,6.55522,462.499,-0.0348964,1,9.88928,6.55522,462.499,0.0348964,1,21.8696,6.55522,462.499,-0.0348964,0,0.0,18,512
458,7.51477,-12.3598,343.5,0.369847,0.202383,1,-27.0251,3.58235,441.888,0,1,-26.1638,14.0001,437.459,0,0,-5.64819,21.1222,427.24,0,0,-2.50339,22.7453,406.189,0,1,9.87799,34.4775,417.887,0,0,-29.1808,20.2067,449.821,-0.762974,1,-14.1175,5.90093,463,8.83736e-07,1,-2.11749,5.90093,463,-8.83736e-07,1,9.88251,5.90093,463,8.83736e-07,1,21.8825,5.90093,463,-8.83736e-07,0,0.0,18,512.5
459,7.10509,-12.0499,344,0.375289,0.210429,1,-27.1138,3.48408,442.056,0,1,-26.0578,14.2097,437.78,0,0,-5.64819,21.1222,427.24,0,0,-2.50339,22.7453,406.189,0,1,9.98775,34.3568,418.165,0,0,-29.1808,20.2067,449.821,-0.762974,1,-14.1175,5.90091,463.5,0,1,-2.11749,5.90091,463.5,0,1,9.88251,5.90091,463.5,0,1,21.8825,5.90091,463.5,0,0,0.0,18,513
460,6.69283,-11.7365,344.5,0.380186,0.21767,1,-27.2122,3.39641,442.224,0,1,-25.9425,14.4161,438.1,0,0,-5.64819,21.1222,427.24,0,0,-2.50339,22.7453,406.189,0,1,10.1068,34.2265,418.444,0,0,-29.1808,20.2067,449.821,-0.762974,1,-16.3858,2.05825,462.275,0,1,-5.35968,7.30037,466.742,0,1,9.45764,9.28275,466.487,0,1,20.2771,8.61993,466.632,0,0,0.0,18,513.5
461,6.2782,-11.4199,345,0.384594,0.224188,1,-27.3201,3.31959,442.391,0,1,-25.818,14.6186,438.418,0,0,-5.64819,21.1222,427.24,0,0,-2.50339,22.7453,406.189,0,1,10.2349,34.0871,418.727,0,0,-29.1808,20.2067,449.821,-0.762974,1,-16.6152,2.00375,462.602,0,1,-5.56716,7.09544,466.997,0,1,9.20871,9.16214,466.772,0,1,20.0377,8.45711,466.905,0,0,0.0,18,514
462,5.86138,-11.1004,345.5,0.388561,0.230053,1,-27.4373,3.25385,442.557,0,1,-25.6847,14.8166,438.734,0,0,-5.64819,21.1222,427.24,0,0,-2.50339,22.7453,406.189,0,1,10.3718,33.9388,419.011,0,0,-29.1808,20.2067,449.821,-0.762974,1,-16.8403,1.96067,462.93,0,1,-5.76866,6.88701,467.25,0,1,8.96095,9.03197,467.054,0,1,19.8014,8.28679,467.176,0,0,0.0,18,514.5
463,5.44256,-10.7781,346,0.392131,0.235332,1,-27.5635,3.19938,442.722,0,1,-25.5426,15.0096,439.049,0,0,-5.64819,21.1222,427.24,0,0,-2.50339,22.7453,406.189,0,1,10.5173,33.7823,419.298,0,0,-29.1808,20.2067,449.821,-0.762974,1,-17.0606,1.92916,463.259,0,1,-5.96381,6.67569,467.5,0,1,8.71479,8.8926,467.334,0,1,19.5688,8.10947,467.444,0,0,0.0,18,515
464,5.02188,-10.4533,346.5,0.395345,0.240083,1,-27.6987,3.15635,442.887,0,1,-25.3921,15.197,439.362,0,0,-5.64819,21.1222,427.24,0,0,-2.50339,22.7453,406.189,0,1,10.6711,33.6179,419.587,0,0,-29.1808,20.2067,449.821,-0.762974,1,-17.2759,1.90929,463.589,0,1,-6.15229,6.46209,467.747,0,1,8.47065,8.74447,467.612,0,1,19.3403,7.92567,467.709,0,0,0.0,18,515.5
465,4.5995,-10.1262,347,0.398237,0.244359,1,-27.8424,3.12487,443.051,0,1,-25.2334,15.3782,439.673,0,0,-5.64819,21.1222,427.24,0,0,-2.50339,22.7453,406.189,0,1,10.833,33.446,419.879,0,0,-29.1808,20.2067,449.821,-0.762974,1,-17.4856,1.90114,463.92,0,1,-6.33377,6.24685,467.992,0,1,8.22897,8.58799,467.887,0,1,19.1161,7.73593,467.972,0,0,0.0,18,516
466,4.17556,-9.79704,347.5,0.400839,0.248207,1,-27.9946,3.10505,443.215,0,1,-25.0668,15.5528,439.983,0,0,-5.64819,21.1222,427.24,0,0,-2.50339,22.7453,406.189,0,1,11.0027,33.2673,420.172,0,0,-29.1808,20.2067,449.821,-0.762974,1,-17.6895,1.90472,464.252,0,1,-6.50793,6.03059,468.234,0,1,7.99016,8.42363,468.159,0,1,18.8967,7.54081,468.233,0,0,0.0,18,516.5
467,3.75018,-9.46589,348,0.403182,0.251671,1,-28.1549,3.09693,443.378,0,1,-24.8926,15.7201,440.29,0,0,-5.64819,21.1222,427.24,0,0,-2.50339,22.7453,406.189,0,1,11.1799,33.0822,420.468,0,0,-29.1808,20.2067,449.821,-0.762974,1,-17.8872,1.92001,464.585,0,1,-6.67447,5.81396,468.474,0,1,7.75463,8.25187,468.429,0,1,18.6825,7.34088,468.491,0,0,0.0,18,517
468,3.32347,-9.13295,348.5,0.40529,0.254788,1,-28.3231,3.10055,443.541,0,1,-24.7111,15.8797,440.596,0,0,-5.64819,21.1222,427.24,0,0,-2.50339,22.7453,406.189,0,1,11.3643,32.8913,420.766,0,0,-29.1808,20.2067,449.821,-0.762974,1,-18.0784,1.94699,464.919,0,1,-6.83309,5.59757,468.711,0,1,7.52279,8.07321,468.697,0,1,18.4739,7.13673,468.746,0,0,0.0,18,517.5
469,2.89555,-8.79836,349,0.407187,0.257594,1,-28.4988,3.11589,443.704,0,1,-24.5226,16.0312,440.899,0,0,-5.64819,21.1222,427.24,0,0,-2.50339,22.7453,406.189,0,1,11.5556,32.6952,421.066,0,0,-29.1808,20.2067,449.821,-0.762974,1,-18.2627,1.98556,465.253,0,1,-6.98353,5.38208,468.946,0,1,7.29505,7.88818,468.962,0,1,18.2711,6.92895,468.999,0,0,0.0,18,518
470,2.4665,-8.46225,349.5,0.408895,0.260119,1,-28.6818,3.14291,443.867,0,1,-24.3274,16.1741,441.201,0,0,-5.64819,21.1222,427.24,0,0,-2.50339,22.7453,406.189,0,1,11.7534,32.4943,421.368,0,0,-29.1808,20.2067,449.821,-0.762974,1,-18.4398,2.03563,465.588,0,1,-7.12553,5.16811,469.178,0,1,7.0718,7.69732,469.225,0,1,18.0747,6.71816,469.25,0,0,0.0,18,518.5
471,2.03642,-8.12475,350,0.410432,0.262391,1,-28.8717,3.18152,444.029,0,1,-24.1258,16.3079,441.5,0,0,-5.64819,21.1222,427.24,0,0,-2.50339,22.7453,406.189,0,1,11.4274,30.9748,418.705,0.3,0,-29.1808,20.2067,449.821,-0.762974,1,-18.6094,2.09702,465.924,0,1,-7.25883,4.95629,469.407,0,1,6.85343,7.50119,469.485,0,1,17.8849,6.50496,469.498,0,0,0.0,18,519
472,1.47847,-8.03109,350.5,0.429389,0.236152,1,-29.0682,3.23162,444.192,0,1,-23.9183,16.4323,441.797,0,0,-5.64819,21.1222,427.24,0,0,-2.50339,22.7453,406.189,0,1,11.1015,29.4553,416.042,0.6,0,-29.1808,20.2067,449.821,-0.762974,1,-18.7712,2.16958,466.26,0,1,-7.3832,4.74724,469.635,0,1,6.64032,7.30037,469.742,0,1,17.7019,6.29,469.743,0,0,0.0,18,519.5
473,0.915159,-7.94493,351,0.44645,0.212537,1,-29.271,3.29306,444.354,0,1,-23.7051,16.547,442.092,0,0,-5.64819,21.1222,427.24,0,0,-2.50339,22.7453,406.189,0,1,10.7755,27.9358,413.379,0.9,0,-29.1808,20.2067,449.821,-0.762974,1,-18.9249,2.25308,466.597,0,1,-7.49844,4.54157,469.859,0,1,6.43284,7.09544,469.997,0,1,17.5263,6.07389,469.986,0,0,0.0,18,520
474,0.346912,-7.86566,351.5,0.461805,0.191283,1,-29.4797,3.36565,444.517,0,1,-23.4867,16.6515,442.385,0,0,-5.64819,21.1222,427.24,0,0,-2.50339,22.7453,406.189,0,1,10.4496,26.4163,410.716,1.2,0,-29.1808,20.2067,449.821,-0.762974,1,-19.0703,2.34728,466.934,0,0,-7.49844,4.54157,469.859,0,1,6.23134,6.88701,470.25,0,1,17.3582,5.85728,470.226,0,0,0.0,18,520.5
475,-0.225876,-7.79273,352,0.475625,0.172155,1,-29.6939,3.44919,444.68,0,1,-23.2634,16.7456,442.676,0,0,-5.64819,21.1222,427.24,0,0,-2.50339,22.7453,406.189,0,1,10.1236,24.8968,408.053,1.5,0,-29.1808,20.2067,449.821,-0.762974,1,-19.207,2.45191,467.271,0,0,-7.49844,4.54157,469.859,0,1,6.03619,6.67569,470.5,0,1,17.198,5.6408,470.464,0,0,0.0,18,521
476,-0.80284,-7.72564,352.5,0.488062,0.154939,1,-29.9134,3.54343,444.843,0,1,-23.0357,16.8289,442.965,0,0,-5.64819,21.1222,427.24,0,0,-2.50339,22.7453,406.189,0,1,9.79767,23.3773,405.39,1.8,0,-29.1808,20.2067,449.821,-0.762974,1,-19.335,2.56665,467.608,0,0,-7.49844,4.54157,469.859,0,1,5.84771,6.46209,470.747,0,1,17.0459,5.42508,470.699,0,0,0.0,18,521.5
477,-1.38365,-7.66391,353,0.499256,0.139445,1,-30.1376,3.64809,445.007,0,1,-22.8038,16.9014,443.251,0,0,-5.64819,21.1222,427.24,0,0,-2.50339,22.7453,406.189,0,1,9.47171,21.8578,402.727,2.1,0,-29.1808,20.2067,449.821,-0.762974,1,-19.4539,2.69118,467.945,0,0,-7.49844,4.54157,469.859,0,1,5.66623,6.24685,470.992,0,1,16.9022,5.21075,470.931,0,0,0.0,18,522
478,-1.96799,-7.60712,353.5,0.50933,0.125501,1,-30.3662,3.76287,445.17,0,1,-22.5683,16.9626,443.534,0,0,-5.64819,21.1222,427.24,0,0,-2.50339,22.7453,406.189,0,1,9.14576,20.3382,400.064,2.4,0,-29.1808,20.2067,449.821,-0.762974,1,-19.5635,2.82512,468.283,0,0,-7.49844,4.54157,469.859,0,1,5.49207,6.03059,471.234,0,1,16.7671,4.99845,471.162,0,0,0.0,18,522.5
479,-2.55559,-7.55488,354,0.518397,0.112951,1,-30.5989,3.88743,445.335,0,1,-22.3294,17.0126,443.816,0,0,-5.64819,21.1222,427.24,0,0,-2.50339,22.7453,406.189,0,1,8.8198,18.8187,397.401,2.7,0,-29.1808,20.2067,449.821,-0.762974,1,-19.6637,2.96808,468.62,0,0,-7.49844,4.54157,469.859,0,1,5.32553,5.81396,471.474,0,1,16.6409,4.7888,471.389,0,0,0.0,18,523
480,-3.14617,-7.50681,354.5,0.526558,0.101656,1,-30.8351,4.0214,445.5,0,1,-22.0877,17.051,444.095,0,0,-5.64819,21.1222,427.24,0,0,-2.50339,22.7453,406.189,0,1,8.49385,17.2992,394.738,3,0,-29.1808,20.2067,449.821,-0.762974,1,-19.7542,3.11964,468.958,0,0,-7.49844,4.54157,469.859,0,1,5.16691,5.59757,471.711,0,1,16.5239,4.58241,471.615,0,0,0.0,18,523.5
481,-3.73951,-7.46259,355,0.533902,0.09149,1,-31.0746,4.16439,445.665,0,1,-21.8436,17.0779,444.371,0,0,-5.64819,21.1222,427.24,0,0,-2.50339,22.7453,406.189,0,1,8.16789,15.7797,392.075,3.3,0,-29.1808,20.2067,449.821,-0.762974,1,-19.835,3.27936,469.295,0,0,-7.49844,4.54157,469.859,0,1,5.01647,5.38208,471.946,0,1,16.4161,4.37988,471.837,0,0,0.0,18,524
482,-4.33539,-7.42191,355.5,0.540512,0.082341,1,-31.3168,4.31598,445.832,0,1,-21.5974,17.093,444.645,0,0,-5.64819,21.1222,427.24,0,0,-2.50339,22.7453,406.189,0,1,7.84194,14.2602,389.412,3.6,0,-29.1808,20.2067,449.821,-0.762974,1,-19.9058,3.44678,469.632,0,0,-7.49844,4.54157,469.859,0,1,4.87447,5.16811,472.178,0,1,16.3178,4.18182,472.058,0,0,0.0,18,524.5
483,-4.93359,-7.38448,356,0.54646,0.0741069,1,-31.5614,4.47573,445.999,0,1,-21.3496,17.0965,444.917,0,0,-5.64819,21.1222,427.24,0,0,-2.50339,22.7453,406.189,0,1,7.51598,12.7407,386.749,3.9,0,-29.1808,20.2067,449.821,-0.762974,1,-19.9666,3.62139,469.969,0,0,-7.49844,4.54157,469.859,0,1,4.74117,4.95629,472.407,0,1,16.2292,3.9888,472.276,0,0,0.0,18,525
484,-5.53394,-7.35004,356.5,0.551814,0.0666962,1,-31.8079,4.64317,446.167,0,1,-21.1007,17.0882,445.186,0,0,-5.64819,21.1222,427.24,0,0,-2.50339,22.7453,406.189,0,1,7.19002,11.2212,384.086,4.2,0,-29.1808,20.2067,449.821,-0.762974,1,-20.0172,3.80269,470.305,0,0,-7.49844,4.54157,469.859,0,1,4.6168,4.74724,472.635,0,1,16.1504,3.80139,472.491,0,0,0.0,18,525.5
485,-6.13626,-7.31836,357,0.556633,0.0600266,1,-32.056,4.8178,446.336,0,1,-20.851,17.0682,445.453,0,0,-5.64819,21.1222,427.24,0,0,-2.50339,22.7453,406.189,0,1,6.86407,9.7017,381.423,4.5,0,-29.1808,20.2067,449.821,-0.762974,1,-20.0576,3.99014,470.641,0,0,-7.49844,4.54157,469.859,0,1,4.50156,4.54157,472.859,0,1,16.0815,3.62014,472.705,0,0,0.0,18,526
486,-6.74039,-7.28922,357.5,0.56097,0.0540239,1,-32.3051,4.99913,446.506,0,1,-20.601,17.0365,445.717,0,0,-5.64819,21.1222,427.24,0,0,-2.50339,22.7453,406.189,0,1,6.53811,8.1822,378.759,4.8,0,-29.1808,20.2067,449.821,-0.762974,1,-20.0877,4.1832,470.976,0,0,-7.49844,4.54157,469.859,0,1,4.39567,4.33989,473.082,0,1,16.0227,3.44557,472.916,0,0,0.0,18,526.5
487,-7.3462,-7.2624,358,0.564873,0.0486215,1,-32.5549,5.1866,446.676,0,1,-20.3512,16.9933,445.979,0,0,-5.64819,21.1222,427.24,0,0,-2.50339,22.7453,406.189,0,1,6.21216,6.66269,376.096,5.1,0,-29.1808,20.2067,449.821,-0.762974,1,-20.1074,4.3813,471.31,0,0,-7.49844,4.54157,469.859,0,1,4.2993,4.14279,473.301,0,1,15.9741,3.27822,473.124,0,0,0.0,18,527
488,-7.82661,-7.48287,358.5,0.550812,0.0154751,1,-32.8049,5.37967,446.849,0,1,-20.1019,16.9387,446.238,0,0,-5.64819,21.1222,427.24,0,0,-2.50339,22.7453,406.189,0,1,5.8862,5.14319,373.433,5.4,0,-29.1808,20.2067,449.821,-0.762974,1,-20.1167,4.58385,471.644,0,0,-7.49844,4.54157,469.859,0,1,4.21262,3.95085,473.519,0,1,15.9357,3.11855,473.331,0,0,0.0,18,527.5
489,-8.30395,-7.71398,359,0.538157,-0.0143567,1,-33.0546,5.57779,447.022,0,1,-19.8536,16.8728,446.494,0,0,-5.64819,21.1222,427.24,0,0,-2.50339,22.7453,406.189,0,1,5.56025,3.62368,370.77,5.7,0,-29.1808,20.2067,449.821,-0.762974,1,-20.1156,4.79027,471.977,0,0,-7.49844,4.54157,469.859,0,1,4.13578,3.76463,473.734,0,1,15.9077,2.96704,473.535,0,0,0.0,18,528
490,-8.77846,-7.95488,359.5,0.526768,-0.0412053,1,-33.3037,5.78035,447.196,0,1,-19.6068,16.7958,446.749,0,0,-5.64819,21.1222,427.24,0,0,-2.50339,22.7453,406.189,0,1,5.23429,2.10417,368.107,6,0,-29.1808,20.2067,449.821,-0.762974,1,-20.1041,4.99995,472.31,0,0,-7.49844,4.54157,469.859,0,1,4.06892,3.58467,473.947,0,1,15.89,2.82415,473.737,0,0,0.0,18,528.5
491,-9.25037,-8.2048,360,0.516517,-0.065369,1,-33.5518,5.98678,447.372,0,1,-19.3618,16.708,447,0,0,-5.64819,21.1222,427.24,0,0,-2.50339,22.7453,406.189,0,1,4.90834,0.584668,365.444,6.3,0,-29.1808,20.2067,449.821,-0.762974,1,-20.0822,5.21226,472.641,0,0,-7.49844,4.54157,469.859,0,1,4.01215,3.41151,474.157,0,1,15.8827,2.69027,473.937,0,0,0.0,18,529
492,-9.71987,-8.46301,360.5,0.507292,-0.0871164,1,-33.7983,6.19647,447.549,0,1,-19.1191,16.6096,447.249,0,0,-5.64819,21.1222,427.24,0,0,-2.50339,22.7453,406.189,0,1,4.58238,-0.934839,362.781,6.6,0,-29.1808,20.2067,449.821,-0.762974,1,-20.0499,5.4266,472.971,0,0,-7.49844,4.54157,469.859,0,1,3.96557,3.24565,474.366,0,1,15.8859,2.56582,474.135,0,0,0.0,18,529.5
493,-10.1872,-8.72884,361,0.498989,-0.106689,1,-34.0428,6.4088,447.728,0,1,-18.8791,16.5008,447.495,0,0,-5.64819,21.1222,427.24,0,0,-2.50339,22.7453,406.189,0,1,4.25643,-2.45434,360.118,6.9,0,-29.1808,20.2067,449.821,-0.762974,1,-20.0074,5.64233,473.301,0,0,-7.49844,4.54157,469.859,0,1,3.92927,3.08758,474.572,0,1,15.8994,2.45114,474.331,0,0,0.0,18,530
494,-10.6524,-9.00169,361.5,0.491517,-0.124304,1,-34.285,6.62315,447.908,0,1,-18.6422,16.3821,447.739,0,0,-5.64819,21.1222,427.24,0,0,-2.50339,22.7453,406.189,0,1,3.93047,-3.97385,357.455,7.2,0,-29.1808,20.2067,449.821,-0.762974,1,-19.9546,5.85882,473.629,0,0,-7.49844,4.54157,469.859,0,1,3.90329,2.93776,474.776,0,1,15.9233,2.34659,474.525,0,0,0.0,18,530.5
495,-11.1159,-9.281,362,0.484791,-0.140158,1,-34.5244,6.83888,448.09,0,1,-18.4089,16.2538,447.98,0,0,-5.64819,21.1222,427.24,0,0,-2.50339,22.7453,406.189,0,1,3.60452,-5.49336,354.792,7.5,0,-29.1808,20.2067,449.821,-0.762974,1,-19.8917,6.07543,473.956,0,0,-7.49844,4.54157,469.859,0,1,3.8877,2.79664,474.977,0,1,15.9576,2.25246,474.717,0,0,0.0,18,531
496,-11.5775,-9.56625,362.5,0.478739,-0.154427,1,-34.7606,7.05537,448.273,0,1,-18.1795,16.1162,448.219,0,0,-5.64819,21.1222,427.24,0,0,-2.50339,22.7453,406.189,0,1,3.27856,-7.01286,352.129,7.8,0,-29.1808,20.2067,449.821,-0.762974,1,-19.8187,6.29154,474.282,0,0,-7.49844,4.54157,469.859,0,1,3.88251,2.66462,475.177,0,1,16.0022,2.16904,474.907,0,0,0.0,18,531.5
497,-12.0376,-9.85696,363,0.473291,-0.167268,1,-34.9932,7.27198,448.458,0,1,-17.9544,15.9697,448.455,0,0,-5.64819,21.1222,427.24,0,0,-2.50339,22.7453,406.189,0,1,2.9526,-8.53237,349.466,8.1,0,-29.1808,20.2067,449.821,-0.762974,1,-19.7359,6.50649,474.607,0,0,-7.49844,4.54157,469.859,0,1,3.88774,2.54209,475.375,0,1,16.057,2.09656,475.095,0,0,0.0,18,532
498,-12.4963,-10.1527,363.5,0.468389,-0.178826,1,-35.2217,7.48807,448.645,0,1,-17.7341,15.8148,448.689,0,0,-5.64819,21.1222,427.24,0,0,-2.50339,22.7453,406.189,0,1,2.62665,-10.0519,346.803,8.4,0,-29.1808,20.2067,449.821,-0.762974,1,-19.6433,6.71967,474.93,0,0,-7.49844,4.54157,469.859,0,1,3.90337,2.42941,475.57,0,1,16.1219,2.03524,475.282,0,0,0.0,18,532.5
499,-12.9536,-10.4531,364,0.463976,-0.189227,1,-35.4459,7.70302,448.834,0,1,-17.5188,15.6519,448.92,0,0,-5.64819,21.1222,427.24,0,0,-2.50339,22.7453,406.189,0,1,2.30069,-11.5714,344.14,8.7,0,-29.1808,20.2067,449.821,-0.762974,1,-19.5411,6.93044,475.252,0,0,-7.49844,4.54157,469.859,0,1,3.92938,2.32692,475.764,0,1,16.1968,1.98526,475.467,0,0,0.0,18,533
500,-13.4097,-10.7577,364.5,0.460005,-0.198589,1,-35.6652,7.9162,449.024,0,1,-17.3091,15.4816,449.149,0,0,-5.64819,21.1222,427.24,0,0,-2.50339,22.7453,406.189,0,0,1.97474,-13.0909,341.477,9,0,-29.1808,20.2067,449.821,-0.762974,1,-19.4295,7.1382,475.572,0,0,-7.49844,4.54157,469.859,0,1,3.96573,2.23491,475.955,0,1,16.2815,1.94676,475.65,0,0,0.0,18,533.5
501,-13.8647,-11.0662,365,0.456431,-0.207014,1,-35.8794,8.12697,449.216,0,1,-17.1052,15.3042,449.375,0,0,-5.64819,21.1222,427.24,0,0,-2.50339,22.7453,406.189,0,0,1.97474,-13.0909,341.477,9,0,-29.1808,20.2067,449.821,-0.762974,1,-19.3087,7.34233,475.891,0,0,-7.49844,4.54157,469.859,0,1,4.01234,2.15366,476.145,0,1,16.376,1.91987,475.831,0,0,0.0,18,534
502,-14.3186,-11.3784,365.5,0.453214,-0.214597,1,-36.088,8.33471,449.41,0,1,-16.9075,15.1204,449.599,0,0,-5.64819,21.1222,427.24,0,0,-2.50339,22.7453,406.189,0,0,1.97474,-13.0909,341.477,9,0,-29.1808,20.2067,449.821,-0.762974,1,-19.1789,7.54222,476.208,0,0,-7.49844,4.54157,469.859,0,1,4.06915,2.08339,476.333,0,1,16.48,1.90465,476.011,0,0,0.0,18,534.5
503,-14.7715,-11.6938,366,0.450319,-0.221422,1,-36.2906,8.53882,449.607,0,1,-16.7163,14.9306,449.82,0,0,-5.64819,21.1222,427.24,0,0,-2.50339,22.7453,406.189,0,0,1.97474,-13.0909,341.477,9,0,-29.1808,20.2067,449.821,-0.762974,1,-19.0403,7.73731,476.523,0,0,-7.49844,4.54157,469.859,0,1,4.13605,2.02433,476.519,0,1,16.5934,1.90115,476.19,0,0,0.0,18,535
504,-15.2236,-12.0123,366.5,0.447714,-0.227564,1,-36.487,8.7387,449.805,0,1,-16.532,14.7354,450.039,0,0,-5.64819,21.1222,427.24,0,0,-2.50339,22.7453,406.189,0,0,1.97474,-13.0909,341.477,9,0,-29.1808,20.2067,449.821,-0.762974,1,-18.8931,7.92701,476.837,0,0,-7.49844,4.54157,469.859,0,1,4.21292,1.97664,476.703,0,1,16.716,1.90939,476.367,0,0,0.0,18,535.5
505,-15.6749,-12.3336,367,0.445369,-0.233092,1,-36.6768,8.93377,450.005,0,1,-16.355,14.5355,450.256,0,0,-5.64819,21.1222,427.24,0,0,-2.50339,22.7453,406.189,0,0,1.97474,-13.0909,341.477,9,0,-29.1808,20.2067,449.821,-0.762974,1,-18.7377,8.11076,477.149,0,0,-7.49844,4.54157,469.859,0,1,4.29963,1.94045,476.886,0,1,16.8476,1.92934,476.542,0,0,0.0,18,536
506,-16.1254,-12.6575,367.5,0.443258,-0.238067,1,-36.8597,9.12345,450.208,0,1,-16.1854,14.3313,450.47,0,0,-5.64819,21.1222,427.24,0,0,-2.50339,22.7453,406.189,0,0,1.97474,-13.0909,341.477,9,0,-29.1808,20.2067,449.821,-0.762974,1,-18.5742,8.28803,477.459,0,0,-7.49844,4.54157,469.859,0,1,4.39604,1.91589,477.067,0,1,16.9879,1.96093,476.717,0,0,0.0,18,536.5
507,-16.5752,-12.9838,368,0.441359,-0.242544,1,-37.0352,9.30719,450.412,0,1,-16.0236,14.1235,450.682,0,0,-5.64819,21.1222,427.24,0,0,-2.50339,22.7453,406.189,0,0,1.97474,-13.0909,341.477,9,0,-29.1808,20.2067,449.821,-0.762974,1,-18.403,8.4583,477.767,0,0,-7.49844,4.54157,469.859,0,0,4.39604,1.91589,477.067,0,1,17.1367,2.00409,476.89,0,0,0.0,18,537
508,-17.0244,-13.3122,368.5,0.439649,-0.246574,1,-37.2033,9.48443,450.619,0,1,-15.8699,13.9127,450.892,0,0,-5.64819,21.1222,427.24,0,0,-2.50339,22.7453,406.189,0,0,1.97474,-13.0909,341.477,9,0,-29.1808,20.2067,449.821,-0.762974,1,-18.2244,8.62107,478.074,0,0,-7.49844,4.54157,469.859,0,0,4.39604,1.91589,477.067,0,1,17.2938,2.05867,477.061,0,0,0.0,18,537.5
509,-17.4731,-13.6426,369,0.438111,-0.250201,1,-37.3634,9.65468,450.828,0,1,-15.7246,13.6995,451.099,0,0,-5.64819,21.1222,427.24,0,0,-2.50339,22.7453,406.189,0,0,1.97474,-13.0909,341.477,9,0,-29.1808,20.2067,449.821,-0.762974,1,-18.0386,8.77586,478.378,0,0,-7.49844,4.54157,469.859,0,0,4.39604,1.91589,477.067,0,1,17.4588,2.12452,477.232,0,0,0.0,18,538
510,-17.9212,-13.9749,369.5,0.436726,-0.253465,1,-37.5155,9.81742,451.04,0,1,-15.5878,13.4845,451.305,0,0,-5.64819,21.1222,427.24,0,0,-2.50339,22.7453,406.189,0,0,1.97474,-13.0909,341.477,9,0,-29.1808,20.2067,449.821,-0.762974,1,-17.846,8.92221,478.68,0,0,-7.49844,4.54157,469.859,0,0,4.39604,1.91589,477.067,0,1,17.6314,2.20145,477.402,0,0,0.0,18,538.5
511,-18.3687,-14.3089,370,0.43548,-0.256403,1,-37.6591,9.97218,451.253,0,1,-15.4599,13.2684,451.508,0,0,-5.64819,21.1222,427.24,0,0,-2.50339,22.7453,406.189,0,0,1.97474,-13.0909,341.477,9,0,-29.1808,20.2067,449.821,-0.762974,1,-17.647,9.05971,478.981,0,0,-7.49844,4.54157,469.859,0,0,4.39604,1.91589,477.067,0,1,17.8115,2.28924,477.571,0,0,0.0,18,539
512,-18.8159,-14.6445,370.5,0.434358,-0.259047,1,-37.7941,10.1185,451.469,0,1,-15.341,13.0518,451.709,0,0,-5.64819,21.1222,427.24,0,0,-2.50339,22.7453,406.189,0,0,1.97474,-13.0909,341.477,9,0,-29.1808,20.2067,449.821,-0.762974,1,-17.4418,9.18793,479.279,0,0,-7.49844,4.54157,469.859,0,0,4.39604,1.91589,477.067,0,1,17.9986,2.38761,477.738,0,0,0.0,18,539.5
513,-19.2626,-14.9815,371,0.433349,-0.261427,1,-37.9202,10.256,451.688,0,1,-15.2314,12.8353,451.907,0,0,-5.64819,21.1222,427.24,0,0,-2.50339,22.7453,406.189,0,0,1.97474,-13.0909,341.477,9,0,-29.1808,20.2067,449.821,-0.762974,1,-17.2309,9.30652,479.575,0,0,-7.49844,4.54157,469.859,0,0,4.39604,1.91589,477.067,0,1,18.1925,2.4963,477.905,0,0,0.0,18,540
514,-19.4025,-15.3198,371.5,0.390014,-0.275284,1,-38.0372,10.3842,451.908,0,1,-15.1313,12.6196,452.104,0,0,-5.64819,21.1222,427.24,0,0,-2.50339,22.7453,406.189,0,0,1.97474,-13.0909,341.477,9,0,-29.1808,20.2067,449.821,-0.762974,1,-17.0145,9.41512,479.869,0,0,-7.49844,4.54157,469.859,0,0,4.39604,1.91589,477.067,0,1,18.3928,2.61497,478.072,0,0,0.0,18,540.5
515,-19.2249,-15.4142,372,0.308586,-0.27604,1,-38.1449,10.5027,452.132,0,1,-15.0408,12.4053,452.299,0,0,-5.64819,21.1222,427.24,0,0,-2.50339,22.7453,406.189,0,0,1.97474,-13.0909,341.477,9,0,-29.1808,20.2067,449.821,-0.762974,1,-16.7931,9.5134,480.16,0,0,-7.49844,4.54157,469.859,0,0,4.39604,1.91589,477.067,0,1,18.5991,2.74327,478.237,0,0,0.0,18,541
516,-18.8991,-15.5011,372.5,0.217728,-0.248436,1,-38.2431,10.6113,452.357,0,1,-14.96,12.193,452.492,0,0,-5.64819,21.1222,427.24,0,0,-2.50339,22.7453,406.189,0,0,1.97474,-13.0909,341.477,9,0,-29.1808,20.2067,449.821,-0.762974,1,-16.5671,9.60109,480.449,0,0,-7.49844,4.54157,469.859,0,0,4.39604,1.91589,477.067,0,1,18.8112,2.88084,478.402,0,0,0.0,18,541.5
517,-18.5495,-15.581,373,0.135955,-0.223592,1,-38.3317,10.7095,452.585,0,1,-14.8892,11.9834,452.683,0,0,-5.64819,21.1222,427.24,0,0,-2.50339,22.7453,406.189,0,0,1.97474,-13.0909,341.477,9,0,-29.1808,20.2067,449.821,-0.762974,1,-16.3368,9.67793,480.736,0,0,-7.49844,4.54157,469.859,0,0,4.39604,1.91589,477.067,0,1,19.0285,3.02727,478.566,0,0,0.0,18,542
518,-18.1777,-15.6545,373.5,0.0623593,-0.201233,1,-38.4104,10.7972,452.816,0,1,-14.8285,11.777,452.872,0,0,-5.64819,21.1222,427.24,0,0,-2.50339,22.7453,406.189,0,0,1.97474,-13.0909,341.477,9,0,-29.1808,20.2067,449.821,-0.762974,1,-16.1027,9.74368,481.021,0,0,-7.49844,4.54157,469.859,0,0,4.39604,1.91589,477.067,0,1,19.2508,3.18213,478.73,0,0,0.0,18,542.5
519,-17.7858,-15.7222,374,-0.00387661,-0.18111,1,-38.4792,10.874,453.049,0,1,-14.7778,11.5745,453.059,0,0,-5.64819,21.1222,427.24,0,0,-2.50339,22.7453,406.189,0,0,1.97474,-13.0909,341.477,9,0,-29.1808,20.2067,449.821,-0.762974,1,-15.8651,9.79817,481.303,0,0,-7.49844,4.54157,469.859,0,0,4.39604,1.91589,477.067,0,1,19.4777,3.34496,478.894,0,0,0.0,18,543
520,-17.3752,-15.7844,374.5,-0.063489,-0.162999,1,-38.5379,10.9397,453.284,0,1,-14.7375,11.3764,453.244,0,0,-5.64819,21.1222,427.24,0,0,-2.50339,22.7453,406.189,0,0,1.97474,-13.0909,341.477,9,0,-29.1808,20.2067,449.821,-0.762974,1,-15.6245,9.84122,481.583,0,0,-7.49844,4.54157,469.859,0,0,4.39604,1.91589,477.067,0,1,19.7088,3.51529,479.057,0,0,0.0,18,543.5
521,-16.9474,-15.8416,375,-0.11714,-0.146699,1,-38.5864,10.9941,453.522,0,1,-14.7074,11.1835,453.428,0,0,-5.64819,21.1222,427.24,0,0,-2.50339,22.7453,406.189,0,0,1.97474,-13.0909,341.477,9,0,-29.1808,20.2067,449.821,-0.762974,1,-15.3813,9.87272,481.861,0,0,-7.49844,4.54157,469.859,0,0,4.39604,1.91589,477.067,0,1,19.9436,3.69262,479.22,0,0,0.0,18,544
522,-16.5039,-15.8943,375.5,-0.165426,-0.132029,1,-38.6247,11.0372,453.763,0,1,-14.6877,10.9961,453.61,0,0,-5.64819,21.1222,427.24,0,0,-2.50339,22.7453,406.189,0,0,1.97474,-13.0909,341.477,9,0,-29.1808,20.2067,449.821,-0.762974,1,-15.1359,9.89256,482.136,0,0,-7.49844,4.54157,469.859,0,0,4.39604,1.91589,477.067,0,1,20.1818,3.87643,479.382,0,0,0.0,18,544.5
523,-16.0458,-15.9428,376,-0.208883,-0.118826,1,-38.6527,11.0686,454.006,0,1,-14.6784,10.8149,453.791,0,0,-5.64819,21.1222,427.24,0,0,-2.50339,22.7453,406.189,0,0,1.97474,-13.0909,341.477,9,0,-29.1808,20.2067,449.821,-0.762974,1,-14.8887,9.9007,482.409,0,0,-7.49844,4.54157,469.859,0,0,4.39604,1.91589,477.067,0,1,20.423,4.06617,479.545,0,0,0.0,18,545
524,-15.5744,-15.9873,376.5,-0.247995,-0.106943,1,-38.6703,11.0884,454.252,0,1,-14.6796,10.6403,453.97,0,0,-5.64819,21.1222,427.24,0,0,-2.50339,22.7453,406.189,0,0,1.97474,-13.0909,341.477,9,0,-29.1808,20.2067,449.821,-0.762974,1,-14.6402,9.8971,482.679,0,0,-7.49844,4.54157,469.859,0,0,4.39604,1.91589,477.067,0,1,20.6667,4.2613,479.707,0,0,0.0,18,545.5
525,-15.0907,-16.0284,377,-0.283196,-0.0962491,1,-38.6775,11.0965,454.5,0,1,-14.6911,10.473,454.148,0,0,-5.64819,21.1222,427.24,0,0,-2.50339,22.7453,406.189,0,0,1.97474,-13.0909,341.477,9,0,-29.1808,20.2067,449.821,-0.762974,1,-14.3907,9.88178,482.947,0,0,-7.49844,4.54157,469.859,0,0,4.39604,1.91589,477.067,0,1,20.9125,4.46123,479.87,0,0,0.0,18,546
526,-14.5957,-16.0661,377.5,-0.314876,-0.0866242,1,-38.6742,11.0929,454.751,0,1,-14.713,10.3134,454.324,0,0,-5.64819,21.1222,427.24,0,0,-2.50339,22.7453,406.189,0,0,1.97474,-13.0909,341.477,9,0,-29.1808,20.2067,449.821,-0.762974,1,-14.1408,9.85478,483.212,0,0,-7.49844,4.54157,469.859,0,0,4.39604,1.91589,477.067,0,1,21.1599,4.66539,480.032,0,0,0.0,18,546.5
527,-14.0903,-16.1008,378,-0.343388,-0.0779617,1,-38.6606,11.0775,455.004,0,1,-14.7453,10.162,454.499,0,0,-5.64819,21.1222,427.24,0,0,-2.50339,22.7453,406.189,0,0,1.97474,-13.0909,341.477,9,0,-29.1808,20.2067,449.821,-0.762974,1,-13.8909,9.81618,483.474,0,0,-7.49844,4.54157,469.859,0,0,4.39604,1.91589,477.067,0,1,21.4087,4.87317,480.195,0,0,0.0,18,547
528,-13.5753,-16.1327,378.5,-0.36905,-0.0701656,1,-38.6366,11.0505,455.26,0,1,-14.7879,10.0191,454.672,0,0,-5.64819,21.1222,427.24,0,0,-2.50339,22.7453,406.189,0,0,1.97474,-13.0909,341.477,9,0,-29.1808,20.2067,449.821,-0.762974,1,-13.6413,9.7661,483.735,0,0,-7.49844,4.54157,469.859,0,0,4.39604,1.91589,477.067,0,1,21.6582,5.08397,480.358,0,0,0.0,18,547.5
529,-13.0515,-16.1621,379,-0.392145,-0.063149,1,-38.6022,11.0118,455.518,0,1,-14.8407,9.88529,454.845,0,0,-5.64819,21.1222,427.24,0,0,-2.50339,22.7453,406.189,0,0,1.97474,-13.0909,341.477,9,0,-29.1808,20.2067,449.821,-0.762974,1,-13.3926,9.70469,483.992,0,0,-7.49844,4.54157,469.859,0,0,4.39604,1.91589,477.067,0,1,21.9082,5.29716,480.522,0,0,0.0,18,548
530,-12.5197,-16.1891,379.5,-0.41293,-0.0568341,1,-38.5575,10.9617,455.779,0,1,-14.9036,9.7609,455.016,0,0,-5.64819,21.1222,427.24,0,0,-2.50339,22.7453,406.189,0,0,1.97474,-13.0909,341.477,9,0,-29.1808,20.2067,449.821,-0.762974,1,-13.1451,9.63211,484.247,0,0,-7.49844,4.54157,469.859,0,0,4.39604,1.91589,477.067,0,1,22.1581,5.51213,480.686,0,0,0.0,18,548.5
531,-11.9803,-16.214,380,-0.431637,-0.0511507,1,-38.5027,10.9003,456.043,0,1,-14.8325,8.76596,452.098,0.3,0,-5.64819,21.1222,427.24,0,0,-2.50339,22.7453,406.189,0,0,1.97474,-13.0909,341.477,9,0,-29.1808,20.2067,449.821,-0.762974,1,-12.8993,9.54859,484.5,0,0,-7.49844,4.54157,469.859,0,0,4.39604,1.91589,477.067,0,1,22.4075,5.72823,480.85,0,0,0.0,18,549
532,-11.4342,-16.2369,380.5,-0.448473,-0.0460356,1,-38.4377,10.8276,456.309,0,1,-14.7615,7.77102,449.181,0.6,0,-5.64819,21.1222,427.24,0,0,-2.50339,22.7453,406.189,0,0,1.97474,-13.0909,341.477,9,0,-29.1808,20.2067,449.821,-0.762974,1,-12.6557,9.45437,484.75,0,0,-7.49844,4.54157,469.859,0,0,4.39604,1.91589,477.067,0,1,22.656,5.94484,481.015,0,0,0.0,18,549.5
533,-10.8817,-16.2579,381,-0.463626,-0.0414321,1,-38.3627,10.7441,456.578,0,1,-14.6904,6.77608,446.263,0.9,0,-5.64819,21.1222,427.24,0,0,-2.50339,22.7453,406.189,0,0,1.97474,-13.0909,341.477,9,0,-29.1808,20.2067,449.821,-0.762974,1,-12.4145,9.34972,484.997,0,0,-7.49844,4.54157,469.859,0,0,4.39604,1.91589,477.067,0,1,22.9032,6.16132,481.18,0,0,0.0,18,550
534,-10.3234,-16.2773,381.5,-0.477264,-0.0372888,1,-38.2779,10.6498,456.849,0,1,-14.6193,5.78114,443.346,1.2,0,-5.64819,21.1222,427.24,0,0,-2.50339,22.7453,406.189,0,0,1.97474,-13.0909,341.477,9,0,-29.1808,20.2067,449.821,-0.762974,1,-12.1764,9.23496,485.242,0,0,-7.49844,4.54157,469.859,0,0,4.39604,1.91589,477.067,0,1,23.1486,6.37704,481.347,0,0,0.0,18,550.5
535,-9.75979,-16.2951,382,-0.489537,-0.03356,1,-38.1833,10.5452,457.122,0,0,-14.6193,5.78114,443.346,1.2,0,-5.64819,21.1222,427.24,0,0,-2.50339,22.7453,406.189,0,0,1.97474,-13.0909,341.477,9,0,-29.1808,20.2067,449.821,-0.762974,1,-11.9416,9.11042,485.484,0,0,-7.49844,4.54157,469.859,0,0,4.39604,1.91589,477.067,0,1,23.3918,6.59136,481.513,0,0,0.0,18,551
536,-9.19126,-16.3115,382.5,-0.500583,-0.030204,1,-38.0792,10.4304,457.398,0,0,-14.6193,5.78114,443.346,1.2,0,-5.64819,21.1222,427.24,0,0,-2.50339,22.7453,406.189,0,0,1.97474,-13.0909,341.477,9,0,-29.1808,20.2067,449.821,-0.762974,1,-11.7105,8.97646,485.724,0,0,-7.49844,4.54157,469.859,0,0,4.39604,1.91589,477.067,0,1,23.6324,6.80366,481.681,0,0,0.0,18,551.5
537,-8.61821,-16.3266,383,-0.510525,-0.0271836,1,-37.9657,10.3058,457.676,0,0,-14.6193,5.78114,443.346,1.2,0,-5.64819,21.1222,427.24,0,0,-2.50339,22.7453,406.189,0,0,1.97474,-13.0909,341.477,9,0,-29.1808,20.2067,449.821,-0.762974,1,-11.4837,8.83349,485.961,0,0,-7.49844,4.54157,469.859,0,0,4.39604,1.91589,477.067,0,1,23.8699,7.01331,481.85,0,0,0.0,18,552
538,-8.041,-16.3405,383.5,-0.519473,-0.0244652,1,-37.8431,10.1718,457.957,0,0,-14.6193,5.78114,443.346,1.2,0,-5.64819,21.1222,427.24,0,0,-2.50339,22.7453,406.189,0,0,1.97474,-13.0909,341.477,9,0,-29.1808,20.2067,449.821,-0.762974,1,-11.2614,8.68191,486.196,0,0,-7.49844,4.54157,469.859,0,0,4.39604,1.91589,477.067,0,1,24.104,7.2197,482.02,0,0,0.0,18,552.5
539,-7.45997,-16.3532,384,-0.527525,-0.0220187,1,-37.7114,10.0288,458.24,0,0,-14.6193,5.78114,443.346,1.2,0,-5.64819,21.1222,427.24,0,0,-2.50339,22.7453,406.189,0,0,1.97474,-13.0909,341.477,9,0,-29.1808,20.2067,449.821,-0.762974,1,-11.0441,8.52217,486.428,0,0,-7.49844,4.54157,469.859,0,0,4.39604,1.91589,477.067,0,1,24.3342,7.42221,482.19,0,0,0.0,18,553
540,-6.87543,-16.365,384.5,-0.534773,-0.0198168,1,-37.5711,9.87721,458.526,0,0,-14.6193,5.78114,443.346,1.2,0,-5.64819,21.1222,427.24,0,0,-2.50339,22.7453,406.189,0,0,1.97474,-13.0909,341.477,9,0,-29.1808,20.2067,449.821,-0.762974,1,-10.8321,8.35474,486.658,0,0,-7.49844,4.54157,469.859,0,0,4.39604,1.91589,477.067,0,1,24.5602,7.62027,482.362,0,0,0.0,18,553.5
541,-6.28764,-16.3758,385,-0.541295,-0.0178351,1,-37.4222,9.71744,458.813,0,0,-14.6193,5.78114,443.346,1.2,0,-5.64819,21.1222,427.24,0,0,-2.50339,22.7453,406.189,0,0,1.97474,-13.0909,341.477,9,0,-29.1808,20.2067,449.821,-0.762974,1,-10.6258,8.18012,486.885,0,0,-7.49844,4.54157,469.859,0,0,4.39604,1.91589,477.067,0,1,24.7816,7.81328,482.535,0,0,0.0,18,554
542,-5.69688,-16.3857,385.5,-0.547166,-0.0160516,1,-37.2651,9.55,459.103,0,0,-14.6193,5.78114,443.346,1.2,0,-5.64819,21.1222,427.24,0,0,-2.50339,22.7453,406.189,0,0,1.97474,-13.0909,341.477,9,0,-29.1808,20.2067,449.821,-0.762974,1,-10.4256,7.99881,487.11,0,0,-7.49844,4.54157,469.859,0,0,4.39604,1.91589,477.067,0,1,24.9979,8.00068,482.71,0,0,0.0,18,554.5
543,-5.10339,-16.3949,386,-0.552449,-0.0144465,1,-37.1,9.37535,459.396,0,0,-14.6193,5.78114,443.346,1.2,0,-5.64819,21.1222,427.24,0,0,-2.50339,22.7453,406.189,0,0,1.97474,-13.0909,341.477,9,0,-29.1808,20.2067,449.821,-0.762974,1,-10.2318,7.81134,487.332,0,0,-7.49844,4.54157,469.859,0,0,4.39604,1.91589,477.067,0,1,25.2087,8.18192,482.885,0,0,0.0,18,555
544,-4.50737,-16.4033,386.5,-0.557204,-0.0130018,1,-36.9273,9.19403,459.69,0,0,-14.6193,5.78114,443.346,1.2,0,-5.64819,21.1222,427.24,0,0,-2.50339,22.7453,406.189,0,0,1.97474,-13.0909,341.477,9,0,-29.1808,20.2067,449.821,-0.762974,1,-10.0447,7.61828,487.552,0,0,-7.49844,4.54157,469.859,0,0,4.39604,1.91589,477.067,0,1,25.4139,8.35648,483.062,0,0,0.0,18,555.5
545,-3.90903,-16.411,387,-0.561484,-0.0117016,1,-36.7472,9.00655,459.987,0,0,-14.6193,5.78114,443.346,1.2,0,-5.64819,21.1222,427.24,0,0,-2.50339,22.7453,406.189,0,0,1.97474,-13.0909,341.477,9,0,-29.1808,20.2067,449.821,-0.762974,1,-9.86473,7.42017,487.77,0,0,-7.49844,4.54157,469.859,0,0,4.39604,1.91589,477.067,0,1,25.6129,8.52382,483.24,0,0,0.0,18,556
546,-3.30856,-16.4181,387.5,-0.565336,-0.0105315,1,-36.56,8.81347,460.286,0,0,-14.6193,5.78114,443.346,1.2,0,-5.64819,21.1222,427.24,0,0,-2.50339,22.7453,406.189,0,0,1.97474,-13.0909,341.477,9,0,-29.1808,20.2067,449.821,-0.762974,1,-9.69212,7.21761,487.985,0,0,-7.49844,4.54157,469.859,0,0,4.39604,1.91589,477.067,0,1,25.8054,8.68348,483.42,0,0,0.0,18,556.5
547,-2.70612,-16.4247,388,-0.568802,-0.00947832,1,-36.3661,8.61535,460.587,0,0,-14.6193,5.78114,443.346,1.2,0,-5.64819,21.1222,427.24,0,0,-2.50339,22.7453,406.189,0,0,1.97474,-13.0909,341.477,9,0,-29.1808,20.2067,449.821,-0.762974,1,-9.52719,7.01118,488.198,0,0,-7.49844,4.54157,469.859,0,0,4.39604,1.91589,477.067,0,1,25.9911,8.83497,483.602,0,0,0.0,18,557
548,-2.10189,-16.4307,388.5,-0.571922,-0.00853049,1,-36.1657,8.41279,460.89,0,0,-14.6193,5.78114,443.346,1.2,0,-5.64819,21.1222,427.24,0,0,-2.50339,22.7453,406.189,0,0,1.97474,-13.0909,341.477,9,0,-29.1808,20.2067,449.821,-0.762974,1,-9.37022,6.8015,488.408,0,0,-7.49844,4.54157,469.859,0,0,4.39604,1.91589,477.067,0,1,26.1696,8.97786,483.785,0,0,0.0,18,557.5
549,-1.62291,-16.1911,389,-0.557156,0.0206068,1,-35.9594,8.20635,461.195,0,0,-14.6193,5.78114,443.346,1.2,0,-5.64819,21.1222,427.24,0,0,-2.50339,22.7453,406.189,0,0,1.97474,-13.0909,341.477,9,0,-29.1808,20.2067,449.821,-0.762974,1,-9.2215,6.58918,488.617,0,0,-7.49844,4.54157,469.859,0,0,4.39604,1.91589,477.067,0,1,26.3408,9.11172,483.97,0,0,0.0,18,558
550,-1.14689,-15.9424,389.5,-0.543867,0.0468304,1,-35.7473,7.99667,461.502,0,0,-14.6193,5.78114,443.346,1.2,0,-5.64819,21.1222,427.24,0,0,-2.50339,22.7453,406.189,0,0,1.97474,-13.0909,341.477,9,0,-29.1808,20.2067,449.821,-0.762974,1,-9.08128,6.37484,488.823,0,0,-7.49844,4.54157,469.859,0,0,4.39604,1.91589,477.067,0,1,26.5042,9.23616,484.156,0,0,0.0,18,558.5
551,-0.673602,-15.6853,390,-0.531907,0.0704316,1,-34.4902,7.10567,458.831,0.3,0,-14.6193,5.78114,443.346,1.2,0,-5.64819,21.1222,427.24,0,0,-2.50339,22.7453,406.189,0,0,1.97474,-13.0909,341.477,9,0,-29.1808,20.2067,449.821,-0.762974,1,-8.9498,6.15911,489.027,0,0,-7.49844,4.54157,469.859,0,0,4.39604,1.91589,477.067,0,1,26.6595,9.35082,484.344,0,0,0.0,18,559
552,-0.20282,-15.4205,390.5,-0.521142,0.0916728,1,-33.2332,6.21466,456.16,0.6,0,-14.6193,5.78114,443.346,1.2,0,-5.64819,21.1222,427.24,0,0,-2.50339,22.7453,406.189,0,0,1.97474,-13.0909,341.477,9,0,-29.1808,20.2067,449.821,-0.762974,1,-8.82729,5.94262,489.228,0,0,-7.49844,4.54157,469.859,0,0,4.39604,1.91589,477.067,0,1,26.8066,9.45536,484.534,0,0,0.0,18,559.5
553,0.265655,-15.1486,391,-0.511454,0.11079,1,-31.9762,5.32365,453.49,0.9,0,-14.6193,5.78114,443.346,1.2,0,-5.64819,21.1222,427.24,0,0,-2.50339,22.7453,406.189,0,0,1.97474,-13.0909,341.477,9,0,-29.1808,20.2067,449.821,-0.762974,1,-8.71396,5.72601,489.428,0,0,-7.49844,4.54157,469.859,0,0,4.39604,1.91589,477.067,0,1,26.9451,9.54948,484.726,0,0,0.0,18,560
554,0.732008,-14.8702,391.5,-0.502735,0.127995,1,-30.7191,4.43265,450.819,1.2,0,-14.6193,5.78114,443.346,1.2,0,-5.64819,21.1222,427.24,0,0,-2.50339,22.7453,406.189,0,0,1.97474,-13.0909,341.477,9,0,-29.1808,20.2067,449.821,-0.762974,1,-8.61001,5.50991,489.626,0,0,-7.49844,4.54157,469.859,0,0,4.39604,1.91589,477.067,0,1,27.0749,9.63289,484.92,0,0,0.0,18,560.5
555,1.19641,-14.5857,392,-0.494888,0.14348,1,-29.4621,3.54164,448.148,1.5,0,-14.6193,5.78114,443.346,1.2,0,-5.64819,21.1222,427.24,0,0,-2.50339,22.7453,406.189,0,0,1.97474,-13.0909,341.477,9,0,-29.1808,20.2067,449.821,-0.762974,1,-8.51562,5.29495,489.821,0,0,-7.49844,4.54157,469.859,0,0,4.39604,1.91589,477.067,0,1,27.1956,9.70535,485.116,0,0,0.0,18,561
556,1.65901,-14.2957,392.5,-0.487826,0.157416,1,-28.205,2.65064,445.477,1.8,0,-14.6193,5.78114,443.346,1.2,0,-5.64819,21.1222,427.24,0,0,-2.50339,22.7453,406.189,0,0,1.97474,-13.0909,341.477,9,0,-29.1808,20.2067,449.821,-0.762974,1,-8.43096,5.08178,490.015,0,0,-7.49844,4.54157,469.859,0,0,4.39604,1.91589,477.067,0,1,27.3071,9.76666,485.314,0,0,0.0,18,561.5
557,2.11996,-14.0007,393,-0.48147,0.169959,1,-26.948,1.75963,442.807,2.1,0,-14.6193,5.78114,443.346,1.2,0,-5.64819,21.1222,427.24,0,0,-2.50339,22.7453,406.189,0,0,1.97474,-13.0909,341.477,9,0,-29.1808,20.2067,449.821,-0.762974,1,-8.35617,4.87101,490.207,0,0,-7.49844,4.54157,469.859,0,0,4.39604,1.91589,477.067,0,1,27.4092,9.81663,485.514,0,0,0.0,18,562
558,2.57939,-13.7009,393.5,-0.475749,0.181247,1,-25.691,0.868624,440.136,2.4,0,-14.6193,5.78114,443.346,1.2,0,-5.64819,21.1222,427.24,0,0,-2.50339,22.7453,406.189,0,0,1.97474,-13.0909,341.477,9,0,-29.1808,20.2067,449.821,-0.762974,1,-8.29138,4.66326,490.396,0,0,-7.49844,4.54157,469.859,0,0,4.39604,1.91589,477.067,0,1,27.5017,9.85511,485.716,0,0,0.0,18,562.5
559,3.03742,-13.3969,394,-0.470601,0.191407,1,-24.4339,-0.0223823,437.465,2.7,0,-14.6193,5.78114,443.346,1.2,0,-5.64819,21.1222,427.24,0,0,-2.50339,22.7453,406.189,0,0,1.97474,-13.0909,341.477,9,0,-29.1808,20.2067,449.821,-0.762974,1,-8.2367,4.45914,490.584,0,0,-7.49844,4.54157,469.859,0,0,4.39604,1.91589,477.067,0,1,27.5844,9.88199,485.92,0,0,0.0,18,563
560,3.49416,-13.0889,394.5,-0.465967,0.20055,1,-23.1769,-0.913388,434.794,3,0,-14.6193,5.78114,443.346,1.2,0,-5.64819,21.1222,427.24,0,0,-2.50339,22.7453,406.189,0,0,1.97474,-13.0909,341.477,9,0,-29.1808,20.2067,449.821,-0.762974,1,-8.19223,4.25925,490.77,0,0,-7.49844,4.54157,469.859,0,0,4.39604,1.91589,477.067,0,1,27.6573,9.89719,486.127,0,0,0.0,18,563.5
561,3.94972,-12.7772,395,-0.461797,0.20878,1,-21.9198,-1.80439,432.124,3.3,0,-14.6193,5.78114,443.346,1.2,0,-5.64819,21.1222,427.24,0,0,-2.50339,22.7453,406.189,0,0,1.97474,-13.0909,341.477,9,0,-29.1808,20.2067,449.821,-0.762974,1,-8.15805,4.06417,490.955,0,0,-7.49844,4.54157,469.859,0,0,4.39604,1.91589,477.067,0,1,27.7201,9.90067,486.335,0,0,0.0,18,564
562,4.40419,-12.4622,395.5,-0.458043,0.216186,1,-20.6628,-2.6954,429.453,3.6,0,-14.6193,5.78114,443.346,1.2,0,-5.64819,21.1222,427.24,0,0,-2.50339,22.7453,406.189,0,0,1.97474,-13.0909,341.477,9,0,-29.1808,20.2067,449.821,-0.762974,1,-8.13421,3.87449,491.138,0,0,-7.49844,4.54157,469.859,0,0,4.39604,1.91589,477.067,0,1,27.7728,9.89242,486.546,0,0,0.0,18,564.5
563,4.85766,-12.1441,396,-0.454665,0.222852,1,-19.4058,-3.58641,426.782,3.9,0,-14.6193,5.78114,443.346,1.2,0,-5.64819,21.1222,427.24,0,0,-2.50339,22.7453,406.189,0,0,1.97474,-13.0909,341.477,9,0,-29.1808,20.2067,449.821,-0.762974,1,-8.12076,3.69074,491.319,0,0,-7.49844,4.54157,469.859,0,0,4.39604,1.91589,477.067,0,1,27.8153,9.87246,486.76,0,0,0.0,18,565
564,5.3102,-11.8232,396.5,-0.451625,0.228851,1,-18.1487,-4.47741,424.111,4.2,0,-14.6193,5.78114,443.346,1.2,0,-5.64819,21.1222,427.24,0,0,-2.50339,22.7453,406.189,0,0,1.97474,-13.0909,341.477,9,0,-29.1808,20.2067,449.821,-0.762974,1,-8.11772,3.51349,491.499,0,0,-7.49844,4.54157,469.859,0,0,4.39604,1.91589,477.067,0,1,27.8474,9.84085,486.975,0,0,0.0,18,565.5
565,5.7619,-11.4997,397,-0.448889,0.23425,1,-16.8917,-5.36842,421.441,4.5,0,-14.6193,5.78114,443.346,1.2,0,-5.64819,21.1222,427.24,0,0,-2.50339,22.7453,406.189,0,0,1.97474,-13.0909,341.477,9,0,-29.1808,20.2067,449.821,-0.762974,1,-8.12509,3.34322,491.677,0,0,-7.49844,4.54157,469.859,0,0,4.39604,1.91589,477.067,0,1,27.8692,9.79769,487.193,0,0,0.0,18,566
566,6.21282,-11.1737,397.5,-0.446427,0.239109,1,-15.6346,-6.25942,418.77,4.8,0,-14.6193,5.78114,443.346,1.2,0,-5.64819,21.1222,427.24,0,0,-2.50339,22.7453,406.189,0,0,1.97474,-13.0909,341.477,9,0,-29.1808,20.2067,449.821,-0.762974,1,-8.14286,3.18047,491.854,0,0,-7.49844,4.54157,469.859,0,0,4.39604,1.91589,477.067,0,1,27.8807,9.74309,487.413,0,0,0.0,18,566.5
567,6.66302,-10.8456,398,-0.44421,0.243483,1,-14.3776,-7.15043,416.099,5.1,0,-14.6193,5.78114,443.346,1.2,0,-5.64819,21.1222,427.24,0,0,-2.50339,22.7453,406.189,0,0,1.97474,-13.0909,341.477,9,0,-29.1808,20.2067,449.821,-0.762974,1,-8.17101,3.0257,492.029,0,0,-7.49844,4.54157,469.859,0,0,4.39604,1.91589,477.067,0,1,27.8817,9.67722,487.636,0,0,0.0,18,567
568,7.11255,-10.5154,398.5,-0.442216,0.247419,1,-13.1206,-8.04144,413.428,5.4,0,-14.6193,5.78114,443.346,1.2,0,-5.64819,21.1222,427.24,0,0,-2.50339,22.7453,406.189,0,0,1.97474,-13.0909,341.477,9,0,-29.1808,20.2067,449.821,-0.762974,1,-8.20948,2.87936,492.203,0,0,-7.49844,4.54157,469.859,0,0,4.39604,1.91589,477.067,0,1,27.8723,9.60028,487.861,0,0,0.0,18,567.5
569,7.56148,-10.1834,399,-0.440421,0.250961,1,-11.8635,-8.93244,410.758,5.7,0,-14.6193,5.78114,443.346,1.2,0,-5.64819,21.1222,427.24,0,0,-2.50339,22.7453,406.189,0,0,1.97474,-13.0909,341.477,9,0,-29.1808,20.2067,449.821,-0.762974,1,-8.2582,2.74188,492.376,0,0,-7.49844,4.54157,469.859,0,0,4.39604,1.91589,477.067,0,1,27.8524,9.51248,488.089,0,0,0.0,18,568
570,8.00986,-9.84959,399.5,-0.438805,0.254149,1,-10.6065,-9.82345,408.087,6,0,-14.6193,5.78114,443.346,1.2,0,-5.64819,21.1222,427.24,0,0,-2.50339,22.7453,406.189,0,0,1.97474,-13.0909,341.477,9,0,-29.1808,20.2067,449.821,-0.762974,1,-8.3171,2.61367,492.547,0,0,-7.49844,4.54157,469.859,0,0,4.39604,1.91589,477.067,0,1,27.8223,9.4141,488.319,0,0,0.0,18,568.5
571,8.45771,-9.51423,400,-0.437351,0.257019,1,-9.34943,-10.7145,405.416,6.3,0,-14.6193,5.78114,443.346,1.2,0,-5.64819,21.1222,427.24,0,0,-2.50339,22.7453,406.189,0,0,1.97474,-13.0909,341.477,9,0,-29.1808,20.2067,449.821,-0.762974,1,-8.38606,2.49511,492.718,0,0,-7.49844,4.54157,469.859,0,0,4.39604,1.91589,477.067,0,1,27.7818,9.3054,488.552,0,0,0.0,18,569
572,8.9051,-9.17743,400.5,-0.436042,0.259601,1,-8.09239,-11.6055,402.745,6.6,0,-14.6193,5.78114,443.346,1.2,0,-5.64819,21.1222,427.24,0,0,-2.50339,22.7453,406.189,0,0,1.97474,-13.0909,341.477,9,0,-29.1808,20.2067,449.821,-0.762974,1,-8.46497,2.38653,492.888,0,0,-7.49844,4.54157,469.859,0,0,4.39604,1.91589,477.067,0,1,27.7311,9.18672,488.787,0,0,0.0,18,569.5
573,9.04563,-8.73774,401,-0.392438,0.273641,1,-6.83535,-12.4965,400.075,6.9,0,-14.6193,5.78114,443.346,1.2,0,-5.64819,21.1222,427.24,0,0,-2.50339,22.7453,406.189,0,0,1.97474,-13.0909,341.477,9,0,-29.1808,20.2067,449.821,-0.762974,1,-8.5537,2.28826,493.056,0,0,-7.49844,4.54157,469.859,0,0,4.39604,1.91589,477.067,0,1,27.6702,9.0584,489.024,0,0,0.0,18,570
574,9.17492,-8.29323,401.5,-0.353194,0.286277,1,-5.57831,-13.3875,397.404,7.2,0,-14.6193,5.78114,443.346,1.2,0,-5.64819,21.1222,427.24,0,0,-2.50339,22.7453,406.189,0,0,1.97474,-13.0909,341.477,9,0,-29.1808,20.2067,449.821,-0.762974,1,-8.65208,2.20059,493.224,0,0,-7.49844,4.54157,469.859,0,0,4.39604,1.91589,477.067,0,1,27.5993,8.92082,489.264,0,0,0.0,18,570.5
575,9.29387,-8.19095,402,-0.317875,0.257649,1,-4.32127,-14.2785,394.733,7.5,0,-14.6193,5.78114,443.346,1.2,0,-5.64819,21.1222,427.24,0,0,-2.50339,22.7453,406.189,0,0,1.97474,-13.0909,341.477,9,0,-29.1808,20.2067,449.821,-0.762974,1,-8.75995,2.12377,493.391,0,0,-7.49844,4.54157,469.859,0,0,4.39604,1.91589,477.067,0,1,27.5185,8.77439,489.507,0,0,0.0,18,571
576,8.96997,-8.09685,402.5,-0.226087,0.231884,1,-3.06423,-15.1695,392.062,7.8,0,-14.6193,5.78114,443.346,1.2,0,-5.64819,21.1222,427.24,0,0,-2.50339,22.7453,406.189,0,0,1.97474,-13.0909,341.477,9,0,-29.1808,20.2067,449.821,-0.762974,1,-8.87712,2.05804,493.557,0,0,-7.49844,4.54157,469.859,0,0,4.39604,1.91589,477.067,0,1,27.4278,8.61952,489.752,0,0,0.0,18,571.5
577,8.62199,-8.01028,403,-0.143479,0.208696,1,-1.80719,-16.0605,389.392,8.1,0,-14.6193,5.78114,443.346,1.2,0,-5.64819,21.1222,427.24,0,0,-2.50339,22.7453,406.189,0,0,1.97474,-13.0909,341.477,9,0,-29.1808,20.2067,449.821,-0.762974,1,-9.00339,2.00357,493.722,0,0,-7.49844,4.54157,469.859,0,0,4.39604,1.91589,477.067,0,1,27.3276,8.45668,490,0,0,0.0,18,572
578,8.25184,-7.93063,403.5,-0.0691307,0.187826,1,-0.550149,-16.9515,386.721,8.4,0,-14.6193,5.78114,443.346,1.2,0,-5.64819,21.1222,427.24,0,0,-2.50339,22.7453,406.189,0,0,1.97474,-13.0909,341.477,9,0,-29.1808,20.2067,449.821,-0.762974,1,-9.13853,1.96054,493.887,0,0,-7.49844,4.54157,469.859,0,0,4.39604,1.91589,477.067,0,1,27.2179,8.28634,490.251,0,0,0.0,18,572.5
579,7.8613,-7.85736,404,-0.00221762,0.169044,1,0.706891,-17.8425,384.05,8.7,0,-14.6193,5.78114,443.346,1.2,0,-5.64819,21.1222,427.24,0,0,-2.50339,22.7453,406.189,0,0,1.97474,-13.0909,341.477,9,0,-29.1808,20.2067,449.821,-0.762974,1,-9.28232,1.92907,494.051,0,0,-7.49844,4.54157,469.859,0,0,4.39604,1.91589,477.067,0,1,27.0989,8.109,490.503,0,0,0.0,18,573
580,7.45201,-7.78995,404.5,0.0580041,0.152139,1,-45,15.1715,619.293,0,1,45,28.4863,619.293,0,1,-45,23.4005,619.293,0,1,45,6.94254,619.293,0,1,-45,1.85674,619.293,0,0,-29.1808,20.2067,449.821,-0.762974,1,-9.4345,1.90924,494.215,0,0,-7.49844,4.54157,469.859,0,0,4.39604,1.91589,477.067,0,1,26.9709,7.92519,490.759,0,0,0.0,18,573.5
581,7.02546,-7.72793,405,0.112204,0.136925,1,-45,15.1715,619.293,0,1,45,28.4863,619.293,0,1,-45,23.4005,619.293,0,1,45,6.94254,619.293,0,1,-45,1.85674,619.293,0,0,-29.1808,20.2067,449.821,-0.762974,1,-9.59481,1.90113,494.378,0,0,-7.49844,4.54157,469.859,0,0,4.39604,1.91589,477.067,0,1,26.834,7.73544,491.017,0,0,0.0,18,574
582,6.58303,-7.67087,405.5,0.160983,0.123233,1,-45,15.1715,619.293,0,1,45,28.4863,619.293,0,1,-45,23.4005,619.293,0,1,45,6.94254,619.293,0,1,-45,1.85674,619.293,0,0,-29.1808,20.2067,449.821,-0.762974,1,-9.76297,1.90475,494.541,0,0,-7.49844,4.54157,469.859,0,0,4.39604,1.91589,477.067,0,1,26.6886,7.54031,491.277,0,0,0.0,18,574.5
583,6.126,-7.61838,406,0.204885,0.110909,1,-45,15.1715,619.293,0,1,45,28.4863,619.293,0,1,-45,23.4005,619.293,0,1,45,6.94254,619.293,0,1,-45,1.85674,619.293,0,0,-29.1808,20.2067,449.821,-0.762974,1,-9.93869,1.92009,494.704,0,0,-7.49844,4.54157,469.859,0,0,4.39604,1.91589,477.067,0,1,26.5348,7.34037,491.54,0,0,0.0,18,575
584,5.65553,-7.57009,406.5,0.244397,0.0998185,1,-45,15.1715,619.293,0,1,45,28.4863,619.293,0,1,-45,23.4005,619.293,0,1,45,6.94254,619.293,0,1,-45,1.85674,619.293,0,0,-29.1808,20.2067,449.821,-0.762974,1,-10.1217,1.94711,494.867,0,0,-7.49844,4.54157,469.859,0,0,4.39604,1.91589,477.067,0,1,26.3729,7.13621,491.806,0,0,0.0,18,575.5
585,5.17269,-7.52566,407,0.279957,0.0898366,1,-45,15.1715,619.293,0,1,45,28.4863,619.293,0,1,-45,23.4005,619.293,0,1,45,6.94254,619.293,0,1,-45,1.85674,619.293,0,0,-29.1808,20.2067,449.821,-0.762974,1,-10.3116,1.98573,495.029,0,0,-7.49844,4.54157,469.859,0,0,4.39604,1.91589,477.067,0,1,26.2033,6.92842,492.074,0,0,0.0,18,576
586,4.67849,-7.48478,407.5,0.311961,0.080853,1,-45,15.1715,619.293,0,1,45,28.4863,619.293,0,1,-45,23.4005,619.293,0,1,45,6.94254,619.293,0,1,-45,1.85674,619.293,0,0,-29.1808,20.2067,449.821,-0.762974,1,-10.5081,2.03583,495.192,0,0,-7.49844,4.54157,469.859,0,0,4.39604,1.91589,477.067,0,1,26.0261,6.71762,492.345,0,0,0.0,18,576.5
587,4.17382,-7.44718,408,0.340765,0.0727677,1,-45,15.1715,619.293,0,1,45,28.4863,619.293,0,1,-45,23.4005,619.293,0,1,45,6.94254,619.293,0,1,-45,1.85674,619.293,0,0,-29.1808,20.2067,449.821,-0.762974,1,-10.7109,2.09727,495.354,0,0,-7.49844,4.54157,469.859,0,0,4.39604,1.91589,477.067,0,1,25.8418,6.50442,492.618,0,0,0.0,18,577
588,3.65952,-7.41258,408.5,0.366689,0.0654909,1,-45,15.1715,619.293,0,1,45,28.4863,619.293,0,1,-45,23.4005,619.293,0,1,45,6.94254,619.293,0,1,-45,1.85674,619.293,0,0,-29.1808,20.2067,449.821,-0.762974,1,-10.9196,2.16986,495.517,0,0,-7.49844,4.54157,469.859,0,0,4.39604,1.91589,477.067,0,1,25.6506,6.28946,492.893,0,0,0.0,18,577.5
589,3.13637,-7.38075,409,0.39002,0.0589418,1,-45,15.1715,619.293,0,1,45,28.4863,619.293,0,1,-45,23.4005,619.293,0,1,45,6.94254,619.293,0,1,-45,1.85674,619.293,0,0,-29.1808,20.2067,449.821,-0.762974,1,-11.1338,2.2534,495.68,0,0,-7.49844,4.54157,469.859,0,0,4.39604,1.91589,477.067,0,1,25.4528,6.07335,493.171,0,0,0.0,18,578
590,2.60507,-7.35147,409.5,0.411018,0.0530476,1,-45,15.1715,619.293,0,1,45,28.4863,619.293,0,1,-45,23.4005,619.293,0,1,45,6.94254,619.293,0,1,-45,1.85674,619.293,0,0,-29.1808,20.2067,449.821,-0.762974,1,-11.3532,2.34764,495.843,0,0,-7.49844,4.54157,469.859,0,0,4.39604,1.91589,477.067,0,1,25.2488,5.85674,493.451,0,0,0.0,18,578.5
591,2.06628,-7.32452,410,0.429916,0.0477429,1,-45,15.1715,619.293,0,1,45,28.4863,619.293,0,1,-45,23.4005,619.293,0,1,45,6.94254,619.293,0,1,-45,1.85674,619.293,0,0,-29.1808,20.2067,449.821,-0.762974,1,-11.5775,2.4523,496.007,0,0,-7.49844,4.54157,469.859,0,0,4.39604,1.91589,477.067,0,1,25.039,5.64026,493.734,0,0,0.0,18,579
592,1.52058,-7.29974,410.5,0.446924,0.0429686,1,-45,15.1715,619.293,0,1,45,28.4863,619.293,0,1,-45,23.4005,619.293,0,1,45,6.94254,619.293,0,1,-45,1.85674,619.293,0,0,-29.1808,20.2067,449.821,-0.762974,1,-11.8061,2.56709,496.17,0,0,-7.49844,4.54157,469.859,0,0,4.39604,1.91589,477.067,0,1,24.8237,5.42454,494.019,0,0,0.0,18,579.5
593,0.968546,-7.27694,411,0.462232,0.0386717,1,-45,15.1715,619.293,0,1,45,28.4863,619.293,0,1,-45,23.4005,619.293,0,1,45,6.94254,619.293,0,1,-45,1.85674,619.293,0,0,-29.1808,20.2067,449.821,-0.762974,1,-12.0388,2.69165,496.335,0,0,-7.49844,4.54157,469.859,0,0,4.39604,1.91589,477.067,0,1,24.6033,5.21022,494.306,0,0,0.0,18,580
594,0.410672,-7.25596,411.5,0.476009,0.0348045,1,-45,15.1715,619.293,0,1,45,28.4863,619.293,0,1,-45,23.4005,619.293,0,1,45,6.94254,619.293,0,1,-45,1.85674,619.293,0,0,-29.1808,20.2067,449.821,-0.762974,1,-12.275,2.82562,496.5,0,0,-7.49844,4.54157,469.859,0,0,4.39604,1.91589,477.067,0,1,24.3782,4.99793,494.596,0,0,0.0,18,580.5
595,-0.0256512,-7.48179,412,0.470834,0.00303982,1,-45,15.1715,619.293,0,1,45,28.4863,619.293,0,1,-45,23.4005,619.293,0,1,45,6.94254,619.293,0,1,-45,1.85674,619.293,0,0,-29.1808,20.2067,449.821,-0.762974,1,-12.5145,2.96861,496.665,0,0,-7.49844,4.54157,469.859,0,0,4.39604,1.91589,477.067,0,1,24.1488,4.78828,494.888,0,0,0.0,18,581
596,-0.462424,-7.71784,412.5,0.466177,-0.0255484,1,-45,15.1715,619.293,0,1,45,28.4863,619.293,0,1,-45,23.4005,619.293,0,1,45,6.94254,619.293,0,1,-45,1.85674,619.293,0,0,-29.1808,20.2067,449.821,-0.762974,1,-12.7567,3.1202,496.832,0,0,-7.49844,4.54157,469.859,0,0,4.39604,1.91589,477.067,0,1,23.9154,4.5819,495.182,0,0,0.0,18,581.5
597,-0.899611,-7.96329,413,0.461986,-0.0512779,1,-45,15.1715,619.293,0,1,45,28.4863,619.293,0,1,-45,23.4005,619.293,0,1,45,6.94254,619.293,0,1,-45,1.85674,619.293,0,0,-29.1808,20.2067,449.821,-0.762974,1,-13.0013,3.27995,496.999,0,0,-7.49844,4.54157,469.859,0,0,4.39604,1.91589,477.067,0,1,23.6785,4.37939,495.479,0,0,0.0,18,582
598,-1.33718,-8.21738,413.5,0.458214,-0.0744344,1,-45,15.1715,619.293,0,1,45,28.4863,619.293,0,1,-45,23.4005,619.293,0,1,45,6.94254,619.293,0,1,-45,1.85674,619.293,0,0,-29.1808,20.2067,449.821,-0.762974,1,-13.2478,3.44739,497.167,0,0,-7.49844,4.54157,469.859,0,0,4.39604,1.91589,477.067,0,1,23.4385,4.18134,495.777,0,0,0.0,18,582.5
599,-1.77509,-8.47944,414,0.454819,-0.0952752,1,-45,15.1715,619.293,0,1,45,28.4863,619.293,0,1,-45,23.4005,619.293,0,1,45,6.94254,619.293,0,1,-45,1.85674,619.293,0,0,-29.1808,20.2067,449.821,-0.762974,1,-13.4959,3.62204,497.336,0,0,-7.49844,4.54157,469.859,0,0,4.39604,1.91589,477.067,0,1,23.1957,3.98833,496.078,0,0,0.0,18,583
600,-2.21333,-8.74881,414.5,0.451763,-0.114032,1,-45,15.1715,619.293,0,1,45,28.4863,619.293,0,1,-45,23.4005,619.293,0,1,45,6.94254,619.293,0,1,-45,1.85674,619.293,0,0,-29.1808,20.2067,449.821,-0.762974,1,-13.745,3.80336,497.506,0,0,-7.49844,4.54157,469.859,0,0,4.39604,1.91589,477.067,0,1,22.9507,3.80094,496.38,0,0,0.0,18,583.5
601,-2.65187,-9.02492,415,0.449013,-0.130913,1,-45,15.1715,619.293,0,1,45,28.4863,619.293,0,1,-45,23.4005,619.293,0,1,45,6.94254,619.293,0,1,-45,1.85674,619.293,0,0,-29.1808,20.2067,449.821,-0.762974,1,-13.9948,3.99083,497.676,0,0,-7.49844,4.54157,469.859,0,0,4.39604,1.91589,477.067,0,1,22.7039,3.6197,496.685,0,0,0.0,18,584
602,-3.09068,-9.30722,415.5,0.446538,-0.146106,1,-45,15.1715,619.293,0,1,45,28.4863,619.293,0,1,-45,23.4005,619.293,0,1,45,6.94254,619.293,0,1,-45,1.85674,619.293,0,0,-29.1808,20.2067,449.821,-0.762974,1,-14.2448,4.18391,497.848,0,0,-7.49844,4.54157,469.859,0,0,4.39604,1.91589,477.067,0,1,22.4556,3.44516,496.991,0,0,0.0,18,584.5
603,-3.52974,-9.59523,416,0.444311,-0.15978,1,-45,15.1715,619.293,0,1,45,28.4863,619.293,0,1,-45,23.4005,619.293,0,1,45,6.94254,619.293,0,1,-45,1.85674,619.293,0,0,-29.1808,20.2067,449.821,-0.762974,0,-14.2448,4.18391,497.848,0,0,-7.49844,4.54157,469.859,0,0,4.39604,1.91589,477.067,0,1,22.2063,3.27782,497.3,0,0,0.0,18,585
604,-3.96902,-9.88848,416.5,0.442306,-0.172086,1,-45,15.1715,619.293,0,1,45,28.4863,619.293,0,1,-45,23.4005,619.293,0,1,45,6.94254,619.293,0,1,-45,1.85674,619.293,0,0,-29.1808,20.2067,449.821,-0.762974,0,-14.2448,4.18391,497.848,0,0,-7.49844,4.54157,469.859,0,0,4.39604,1.91589,477.067,0,1,21.9565,3.11817,497.61,0,0,0.0,18,585.5
605,-4.40853,-10.1865,417,0.440502,-0.183162,1,-45,15.1715,619.293,0,1,45,28.4863,619.293,0,1,-45,23.4005,619.293,0,1,45,6.94254,619.293,0,1,-45,1.85674,619.293,0,0,-29.1808,20.2067,449.821,-0.762974,0,-14.2448,4.18391,497.848,0,0,-7.49844,4.54157,469.859,0,0,4.39604,1.91589,477.067,0,1,21.7065,2.96669,497.923,0,0,0.0,18,586
606,-4.84822,-10.4891,417.5,0.438878,-0.19313,1,-45,15.1715,619.293,0,1,45,28.4863,619.293,0,1,-45,23.4005,619.293,0,1,45,6.94254,619.293,0,1,-45,1.85674,619.293,0,0,-29.1808,20.2067,449.821,-0.762974,0,-14.2448,4.18391,497.848,0,0,-7.49844,4.54157,469.859,0,0,4.39604,1.91589,477.067,0,1,21.4568,2.82381,498.237,0,0,0.0,18,586.5
607,-5.2881,-10.7957,418,0.437417,-0.202101,1,-45,15.1715,619.293,0,1,45,28.4863,619.293,0,1,-45,23.4005,619.293,0,1,45,6.94254,619.293,0,1,-45,1.85674,619.293,0,0,-29.1808,20.2067,449.821,-0.762974,0,-14.2448,4.18391,497.848,0,0,-7.49844,4.54157,469.859,0,0,4.39604,1.91589,477.067,0,1,21.2079,2.68996,498.552,0,0,0.0,18,587
608,-5.72814,-11.106,418.5,0.436102,-0.210175,1,-45,15.1715,619.293,0,1,45,28.4863,619.293,0,1,-45,23.4005,619.293,0,1,45,6.94254,619.293,0,1,-45,1.85674,619.293,0,0,-29.1808,20.2067,449.821,-0.762974,0,-14.2448,4.18391,497.848,0,0,-7.49844,4.54157,469.859,0,0,4.39604,1.91589,477.067,0,1,20.9601,2.56553,498.87,0,0,0.0,18,587.5
609,-6.16833,-11.4198,419,0.434918,-0.217442,1,-45,15.1715,619.293,0,1,45,28.4863,619.293,0,1,-45,23.4005,619.293,0,1,45,6.94254,619.293,0,1,-45,1.85674,619.293,0,0,-29.1808,20.2067,449.821,-0.762974,0,-14.2448,4.18391,497.848,0,0,-7.49844,4.54157,469.859,0,0,4.39604,1.91589,477.067,0,1,20.714,2.45088,499.189,0,0,0.0,18,588
610,-6.60867,-11.7368,419.5,0.433852,-0.223982,1,-45,15.1715,619.293,0,1,45,28.4863,619.293,0,1,-45,23.4005,619.293,0,1,45,6.94254,619.293,0,1,-45,1.85674,619.293,0,0,-29.1808,20.2067,449.821,-0.762974,0,-14.2448,4.18391,497.848,0,0,-7.49844,4.54157,469.859,0,0,4.39604,1.91589,477.067,0,1,20.4699,2.34635,499.509,0,0,0.0,18,588.5
611,-7.04913,-12.0567,420,0.432894,-0.229868,1,-45,15.1715,619.293,0,1,45,28.4863,619.293,0,1,-45,23.4005,619.293,0,1,45,6.94254,619.293,0,1,-45,1.85674,619.293,0,0,-29.1808,20.2067,449.821,-0.762974,0,-14.2448,4.18391,497.848,0,0,-7.49844,4.54157,469.859,0,0,4.39604,1.91589,477.067,0,1,20.2282,2.25225,499.831,0,0,0.0,18,589
612,-7.18329,-12.4809,420.5,0.389604,-0.246881,1,-45,15.1715,619.293,0,1,45,28.4863,619.293,0,1,-45,23.4005,619.293,0,1,45,6.94254,619.293,0,1,-45,1.85674,619.293,0,0,-29.1808,20.2067,449.821,-0.762974,0,-14.2448,4.18391,497.848,0,0,-7.49844,4.54157,469.859,0,0,4.39604,1.91589,477.067,0,1,19.9894,2.16885,500.155,0,0,0.0,18,589.5
613,-7.30673,-12.9111,421,0.350644,-0.262193,1,-45,15.1715,619.293,0,1,45,28.4863,619.293,0,1,-45,23.4005,619.293,0,1,45,6.94254,619.293,0,1,-45,1.85674,619.293,0,0,-29.1808,20.2067,449.821,-0.762974,0,-14.2448,4.18391,497.848,0,0,-7.49844,4.54157,469.859,0,0,4.39604,1.91589,477.067,0,1,19.7538,2.09639,500.479,0,0,0.0,18,590
614,-7.11387,-13.2453,421.5,0.273153,-0.264258,1,-45,15.1715,619.293,0,1,45,28.4863,619.293,0,1,-45,23.4005,619.293,0,1,45,6.94254,619.293,0,1,-45,1.85674,619.293,0,0,-29.1808,20.2067,449.821,-0.762974,0,-14.2448,4.18391,497.848,0,0,-7.49844,4.54157,469.859,0,0,4.39604,1.91589,477.067,0,1,19.522,2.0351,500.806,0,0,0.0,18,590.5
615,-6.90109,-13.5811,422,0.203411,-0.266117,1,-45,15.1715,619.293,0,1,45,28.4863,619.293,0,1,-45,23.4005,619.293,0,1,45,6.94254,619.293,0,1,-45,1.85674,619.293,0,0,-29.1808,20.2067,449.821,-0.762974,0,-14.2448,4.18391,497.848,0,0,-7.49844,4.54157,469.859,0,0,4.39604,1.91589,477.067,0,1,19.2943,1.98515,501.133,0,0,0.0,18,591
616,-6.54306,-13.6732,422.5,0.12307,-0.239505,1,-45,15.1715,619.293,0,1,45,28.4863,619.293,0,1,-45,23.4005,619.293,0,1,45,6.94254,619.293,0,1,-45,1.85674,619.293,0,0,-29.1808,20.2067,449.821,-0.762974,0,-14.2448,4.18391,497.848,0,0,-7.49844,4.54157,469.859,0,0,4.39604,1.91589,477.067,0,1,19.0711,1.94668,501.461,0,0,0.0,18,591.5
617,-6.16367,-13.7579,423,0.0507632,-0.215554,1,-45,15.1715,619.293,0,1,45,28.4863,619.293,0,1,-45,23.4005,619.293,0,1,45,6.94254,619.293,0,1,-45,1.85674,619.293,0,0,-29.1808,20.2067,449.821,-0.762974,0,-14.2448,4.18391,497.848,0,0,-7.49844,4.54157,469.859,0,0,4.39604,1.91589,477.067,0,1,18.8527,1.91982,501.791,0,0,0.0,18,592
618,-5.76463,-13.8359,423.5,-0.0143132,-0.193999,1,-45,15.1715,619.293,0,1,45,28.4863,619.293,0,1,-45,23.4005,619.293,0,1,45,6.94254,619.293,0,1,-45,1.85674,619.293,0,0,-29.1808,20.2067,449.821,-0.762974,0,-14.2448,4.18391,497.848,0,0,-7.49844,4.54157,469.859,0,0,4.39604,1.91589,477.067,0,1,18.6396,1.90463,502.121,0,0,0.0,18,592.5
619,-5.34751,-13.9076,424,-0.0728818,-0.174599,1,-45,15.1715,619.293,0,1,45,28.4863,619.293,0,1,-45,23.4005,619.293,0,1,45,6.94254,619.293,0,1,-45,1.85674,619.293,0,0,-29.1808,20.2067,449.821,-0.762974,0,-14.2448,4.18391,497.848,0,0,-7.49844,4.54157,469.859,0,0,4.39604,1.91589,477.067,0,1,18.4322,1.90116,502.453,0,0,0.0,18,593
620,-4.91376,-13.9736,424.5,-0.125594,-0.157139,1,-45,15.1715,619.293,0,1,45,28.4863,619.293,0,1,-45,23.4005,619.293,0,1,45,6.94254,619.293,0,1,-45,1.85674,619.293,0,0,-29.1808,20.2067,449.821,-0.762974,0,-14.2448,4.18391,497.848,0,0,-7.49844,4.54157,469.859,0,0,4.39604,1.91589,477.067,0,1,18.2307,1.90943,502.785,0,0,0.0,18,593.5
621,-4.46472,-14.0342,425,-0.173034,-0.141425,1,-45,15.1715,619.293,0,1,45,28.4863,619.293,0,1,-45,23.4005,619.293,0,1,45,6.94254,619.293,0,1,-45,1.85674,619.293,0,0,-29.1808,20.2067,449.821,-0.762974,0,-14.2448,4.18391,497.848,0,0,-7.49844,4.54157,469.859,0,0,4.39604,1.91589,477.067,0,1,18.0355,1.9294,503.119,0,0,0.0,18,594
622,-4.00159,-14.0901,425.5,-0.215731,-0.127283,1,-45,15.1715,619.293,0,1,45,28.4863,619.293,0,1,-45,23.4005,619.293,0,1,45,6.94254,619.293,0,1,-45,1.85674,619.293,0,0,-29.1808,20.2067,449.821,-0.762974,0,-14.2448,4.18391,497.848,0,0,-7.49844,4.54157,469.859,0,0,4.39604,1.91589,477.067,0,1,17.8471,1.96103,503.453,0,0,0.0,18,594.5
623,-3.52552,-14.1415,426,-0.254158,-0.114554,1,-45,15.1715,619.293,0,1,45,28.4863,619.293,0,1,-45,23.4005,619.293,0,1,45,6.94254,619.293,0,1,-45,1.85674,619.293,0,0,-29.1808,20.2067,449.821,-0.762974,0,-14.2448,4.18391,497.848,0,0,-7.49844,4.54157,469.859,0,0,4.39604,1.91589,477.067,0,1,17.6656,2.00421,503.787,0,0,0.0,18,595
624,-3.03753,-14.1887,426.5,-0.288742,-0.103099,1,-45,15.1715,619.293,0,1,45,28.4863,619.293,0,1,-45,23.4005,619.293,0,1,45,6.94254,619.293,0,1,-45,1.85674,619.293,0,0,-29.1808,20.2067,449.821,-0.762974,0,-14.2448,4.18391,497.848,0,0,-7.49844,4.54157,469.859,0,0,4.39604,1.91589,477.067,0,1,17.4915,2.05882,504.123,0,0,0.0,18,595.5
625,-2.53858,-14.2322,427,-0.319868,-0.0927891,1,-45,15.1715,619.293,0,1,45,28.4863,619.293,0,1,-45,23.4005,619.293,0,1,45,6.94254,619.293,0,1,-45,1.85674,619.293,0,0,-29.1808,20.2067,449.821,-0.762974,0,-14.2448,4.18391,497.848,0,0,-7.49844,4.54157,469.859,0,0,4.39604,1.91589,477.067,0,1,17.325,2.1247,504.458,0,0,0.0,18,596
626,-2.02955,-14.2722,427.5,-0.347881,-0.0835102,1,-45,15.1715,619.293,0,1,45,28.4863,619.293,0,1,-45,23.4005,619.293,0,1,45,6.94254,619.293,0,1,-45,1.85674,619.293,0,0,-29.1808,20.2067,449.821,-0.762974,0,-14.2448,4.18391,497.848,0,0,-7.49844,4.54157,469.859,0,0,4.39604,1.91589,477.067,0,1,17.1664,2.20166,504.795,0,0,0.0,18,596.5
627,-1.51124,-14.309,428,-0.373093,-0.0751592,1,-45,15.1715,619.293,0,1,45,28.4863,619.293,0,1,-45,23.4005,619.293,0,1,45,6.94254,619.293,0,1,-45,1.85674,619.293,0,0,-29.1808,20.2067,449.821,-0.762974,0,-14.2448,4.18391,497.848,0,0,-7.49844,4.54157,469.859,0,0,4.39604,1.91589,477.067,0,1,17.016,2.28947,505.131,0,0,0.0,18,597
628,-0.984393,-14.3429,428.5,-0.395784,-0.0676432,1,-45,15.1715,619.293,0,1,45,28.4863,619.293,0,1,-45,23.4005,619.293,0,1,45,6.94254,619.293,0,1,-45,1.85674,619.293,0,0,-29.1808,20.2067,449.821,-0.762974,0,-14.2448,4.18391,497.848,0,0,-7.49844,4.54157,469.859,0,0,4.39604,1.91589,477.067,0,1,16.874,2.38788,505.468,0,0,0.0,18,597.5
629,-0.449695,-14.374,429,-0.416205,-0.0608789,1,-45,15.1715,619.293,0,1,45,28.4863,619.293,0,1,-45,23.4005,619.293,0,1,45,6.94254,619.293,0,1,-45,1.85674,619.293,0,0,-29.1808,20.2067,449.821,-0.762974,0,-14.2448,4.18391,497.848,0,0,-7.49844,4.54157,469.859,0,0,4.39604,1.91589,477.067,0,1,16.7407,2.49658,505.806,0,0,0.0,18,598
630,0.0922268,-14.4027,429.5,-0.434585,-0.054791,1,-45,15.1715,619.293,0,1,45,28.4863,619.293,0,1,-45,23.4005,619.293,0,1,45,6.94254,619.293,0,1,-45,1.85674,619.293,0,0,-29.1808,20.2067,449.821,-0.762974,0,-14.2448,4.18391,497.848,0,0,-7.49844,4.54157,469.859,0,0,4.39604,1.91589,477.067,0,1,16.6164,2.61528,506.143,0,0,0.0,18,598.5
631,0.640795,-14.429,430,-0.451126,-0.0493119,1,-45,15.1715,619.293,0,1,45,28.4863,619.293,0,1,-45,23.4005,619.293,0,1,45,6.94254,619.293,0,1,-45,1.85674,619.293,0,0,-29.1808,20.2067,449.821,-0.762974,0,-14.2448,4.18391,497.848,0,0,-7.49844,4.54157,469.859,0,0,4.39604,1.91589,477.067,0,1,16.5012,2.74361,506.48,0,0,0.0,18,599
632,1.19548,-14.4533,430.5,-0.466014,-0.0443807,1,-45,15.1715,619.293,0,1,45,28.4863,619.293,0,1,-45,23.4005,619.293,0,1,45,6.94254,619.293,0,1,-45,1.85674,619.293,0,0,-29.1808,20.2067,449.821,-0.762974,0,-14.2448,4.18391,497.848,0,0,-7.49844,4.54157,469.859,0,0,4.39604,1.91589,477.067,0,1,16.3953,2.88121,506.818,0,0,0.0,18,599.5
633,1.75579,-14.4756,431,-0.479412,-0.0399427,1,-45,15.1715,619.293,0,1,45,28.4863,619.293,0,1,-45,23.4005,619.293,0,1,45,6.94254,619.293,0,1,-45,1.85674,619.293,0,0,-29.1808,20.2067,449.821,-0.762974,0,-14.2448,4.18391,497.848,0,0,-7.49844,4.54157,469.859,0,0,4.39604,1.91589,477.067,0,1,16.299,3.02766,507.155,0,0,0.0,18,600
634,2.32127,-14.4961,431.5,-0.491471,-0.0359484,1,-45,15.1715,619.293,0,1,45,28.4863,619.293,0,1,-45,23.4005,619.293,0,1,45,6.94254,619.293,0,1,-45,1.85674,619.293,0,0,-29.1808,20.2067,449.821,-0.762974,0,-14.2448,4.18391,497.848,0,0,-7.49844,4.54157,469.859,0,0,4.39604,1.91589,477.067,0,1,16.2123,3.18254,507.493,0,0,0.0,18,600.5
635,2.89152,-14.515,432,-0.502324,-0.0323535,1,-45,15.1715,619.293,0,1,45,28.4863,619.293,0,1,-45,23.4005,619.293,0,1,45,6.94254,619.293,0,1,-45,1.85674,619.293,0,0,-29.1808,20.2067,449.821,-0.762974,0,-14.2448,4.18391,497.848,0,0,-7.49844,4.54157,469.859,0,0,4.39604,1.91589,477.067,0,1,16.1355,3.34539,507.83,0,0,0.0,18,601
636,3.46614,-14.5324,432.5,-0.512092,-0.0291182,1,-45,15.1715,619.293,0,1,45,28.4863,619.293,0,1,-45,23.4005,619.293,0,1,45,6.94254,619.293,0,1,-45,1.85674,619.293,0,0,-29.1808,20.2067,449.821,-0.762974,0,-14.2448,4.18391,497.848,0,0,-7.49844,4.54157,469.859,0,0,4.39604,1.91589,477.067,0,1,16.0687,3.51574,508.167,0,0,0.0,18,601.5
637,4.0448,-14.5484,433,-0.520882,-0.0262064,1,-45,15.1715,619.293,0,1,45,28.4863,619.293,0,1,-45,23.4005,619.293,0,1,45,6.94254,619.293,0,1,-45,1.85674,619.293,0,0,-29.1808,20.2067,449.821,-0.762974,0,-14.2448,4.18391,497.848,0,0,-7.49844,4.54157,469.859,0,0,4.39604,1.91589,477.067,0,1,16.012,3.69309,508.503,0,0,0.0,18,602
638,4.62716,-14.5631,433.5,-0.528794,-0.0235857,1,-45,15.1715,619.293,0,1,45,28.4863,619.293,0,1,-45,23.4005,619.293,0,1,45,6.94254,619.293,0,1,-45,1.85674,619.293,0,0,-29.1808,20.2067,449.821,-0.762974,0,-14.2448,4.18391,497.848,0,0,-7.49844,4.54157,469.859,0,0,4.39604,1.91589,477.067,0,1,15.9654,3.87692,508.839,0,0,0.0,18,602.5
639,5.21293,-14.5766,434,-0.535915,-0.0212272,1,-45,15.1715,619.293,0,1,45,28.4863,619.293,0,1,-45,23.4005,619.293,0,1,45,6.94254,619.293,0,1,-45,1.85674,619.293,0,0,-29.1808,20.2067,449.821,-0.762974,0,-14.2448,4.18391,497.848,0,0,-7.49844,4.54157,469.859,0,0,4.39604,1.91589,477.067,0,1,15.9292,4.06668,509.175,0,0,0.0,18,603
640,5.80184,-14.5891,434.5,-0.542323,-0.0191044,1,-45,15.1715,619.293,0,1,45,28.4863,619.293,0,1,-45,23.4005,619.293,0,1,45,6.94254,619.293,0,1,-45,1.85674,619.293,0,0,-29.1808,20.2067,449.821,-0.762974,0,-14.2448,4.18391,497.848,0,0,-7.49844,4.54157,469.859,0,0,4.39604,1.91589,477.067,0,1,15.9032,4.26182,509.51,0,0,0.0,18,603.5
641,6.39364,-14.6005,435,-0.548091,-0.017194,1,-45,15.1715,619.293,0,1,45,28.4863,619.293,0,1,-45,23.4005,619.293,0,1,45,6.94254,619.293,0,1,-45,1.85674,619.293,0,0,-29.1808,20.2067,449.821,-0.762974,0,-14.2448,4.18391,497.848,0,0,-7.49844,4.54157,469.859,0,0,4.39604,1.91589,477.067,0,1,15.4836,3.5224,506.546,0.3,0,0.0,18,604
642,6.9881,-14.6111,435.5,-0.553282,-0.0154746,1,-45,15.1715,619.293,0,1,45,28.4863,619.293,0,1,-45,23.4005,619.293,0,1,45,6.94254,619.293,0,1,-45,1.85674,619.293,0,0,-29.1808,20.2067,449.821,-0.762974,0,-14.2448,4.18391,497.848,0,0,-7.49844,4.54157,469.859,0,0,4.39604,1.91589,477.067,0,1,15.064,2.78297,503.582,0.6,0,0.0,18,604.5
643,7.585,-14.6208,436,-0.557954,-0.0139271,1,-45,15.1715,619.293,0,1,45,28.4863,619.293,0,1,-45,23.4005,619.293,0,1,45,6.94254,619.293,0,1,-45,1.85674,619.293,0,0,-29.1808,20.2067,449.821,-0.762974,0,-14.2448,4.18391,497.848,0,0,-7.49844,4.54157,469.859,0,0,4.39604,1.91589,477.067,0,1,14.6444,2.04355,500.618,0.9,0,0.0,18,605
644,8.18414,-14.6297,436.5,-0.562158,-0.0125344,1,-45,15.1715,619.293,0,1,45,28.4863,619.293,0,1,-45,23.4005,619.293,0,1,45,6.94254,619.293,0,1,-45,1.85674,619.293,0,0,-29.1808,20.2067,449.821,-0.762974,0,-14.2448,4.18391,497.848,0,0,-7.49844,4.54157,469.859,0,0,4.39604,1.91589,477.067,0,1,14.2248,1.30413,497.654,1.2,0,0.0,18,605.5
645,8.78536,-14.6379,437,-0.565943,-0.011281,1,-45,15.1715,619.293,0,1,45,28.4863,619.293,0,1,-45,23.4005,619.293,0,1,45,6.94254,619.293,0,1,-45,1.85674,619.293,0,0,-29.1808,20.2067,449.821,-0.762974,0,-14.2448,4.18391,497.848,0,0,-7.49844,4.54157,469.859,0,0,4.39604,1.91589,477.067,0,1,13.8052,0.564707,494.691,1.5,0,0.0,18,606
646,9.38848,-14.6454,437.5,-0.569348,-0.0101529,1,-45,15.1715,619.293,0,1,45,28.4863,619.293,0,1,-45,23.4005,619.293,0,1,45,6.94254,619.293,0,1,-45,1.85674,619.293,0,0,-29.1808,20.2067,449.821,-0.762974,0,-14.2448,4.18391,497.848,0,0,-7.49844,4.54157,469.859,0,0,4.39604,1.91589,477.067,0,1,13.3856,-0.174715,491.727,1.8,0,0.0,18,606.5
647,9.99334,-14.6524,438,-0.572413,-0.0091376,1,-45,15.1715,619.293,0,1,45,28.4863,619.293,0,1,-45,23.4005,619.293,0,1,45,6.94254,619.293,0,1,-45,1.85674,619.293,0,0,-29.1808,20.2067,449.821,-0.762974,0,-14.2448,4.18391,497.848,0,0,-7.49844,4.54157,469.859,0,0,4.39604,1.91589,477.067,0,1,12.966,-0.914137,488.763,2.1,0,0.0,18,607
648,10.5998,-14.6588,438.5,-0.575172,-0.00822384,1,-45,15.1715,619.293,0,1,45,28.4863,619.293,0,1,-45,23.4005,619.293,0,1,45,6.94254,619.293,0,1,-45,1.85674,619.293,0,0,-29.1808,20.2067,449.821,-0.762974,0,-14.2448,4.18391,497.848,0,0,-7.49844,4.54157,469.859,0,0,4.39604,1.91589,477.067,0,1,12.5464,-1.65356,485.799,2.4,0,0.0,18,607.5
649,11.2078,-14.6646,439,-0.577655,-0.00740145,1,-45,15.1715,619.293,0,1,45,28.4863,619.293,0,1,-45,23.4005,619.293,0,1,45,6.94254,619.293,0,1,-45,1.85674,619.293,0,0,-29.1808,20.2067,449.821,-0.762974,0,-14.2448,4.18391,497.848,0,0,-7.49844,4.54157,469.859,0,0,4.39604,1.91589,477.067,0,1,12.1268,-2.39298,482.835,2.7,0,0.0,18,608
650,11.6902,-14.4249,439.5,-0.562316,0.021623,1,-45,15.1715,619.293,0,1,45,28.4863,619.293,0,1,-45,23.4005,619.293,0,1,45,6.94254,619.293,0,1,-45,1.85674,619.293,0,0,-29.1808,20.2067,449.821,-0.762974,0,-14.2448,4.18391,497.848,0,0,-7.49844,4.54157,469.859,0,0,4.39604,1.91589,477.067,0,1,11.7072,-3.1324,479.872,3,0,0.0,18,608.5
651,12.1694,-14.1761,440,-0.548511,0.0477449,1,-45,15.1715,619.293,0,1,45,28.4863,619.293,0,1,-45,23.4005,619.293,0,1,45,6.94254,619.293,0,1,-45,1.85674,619.293,0,0,-29.1808,20.2067,449.821,-0.762974,0,-14.2448,4.18391,497.848,0,0,-7.49844,4.54157,469.859,0,0,4.39604,1.91589,477.067,0,1,11.2876,-3.87183,476.908,3.3,0,0.0,18,609
652,12.6455,-13.9189,440.5,-0.536086,0.0712547,1,-45,15.1715,619.293,0,1,45,28.4863,619.293,0,1,-45,23.4005,619.293,0,1,45,6.94254,619.293,0,1,-45,1.85674,619.293,0,0,-29.1808,20.2067,449.821,-0.762974,0,-14.2448,4.18391,497.848,0,0,-7.49844,4.54157,469.859,0,0,4.39604,1.91589,477.067,0,1,10.868,-4.61125,473.944,3.6,0,0.0,18,609.5
653,13.119,-13.654,441,-0.524904,0.0924135,1,-45,15.1715,619.293,0,1,45,28.4863,619.293,0,1,-45,23.4005,619.293,0,1,45,6.94254,619.293,0,1,-45,1.85674,619.293,0,0,-29.1808,20.2067,449.821,-0.762974,0,-14.2448,4.18391,497.848,0,0,-7.49844,4.54157,469.859,0,0,4.39604,1.91589,477.067,0,1,10.4484,-5.35067,470.98,3.9,0,0.0,18,610
654,13.5899,-13.382,441.5,-0.51484,0.111456,1,-45,15.1715,619.293,0,1,45,28.4863,619.293,0,1,-45,23.4005,619.293,0,1,45,6.94254,619.293,0,1,-45,1.85674,619.293,0,0,-29.1808,20.2067,449.821,-0.762974,0,-14.2448,4.18391,497.848,0,0,-7.49844,4.54157,469.859,0,0,4.39604,1.91589,477.067,0,1,10.0288,-6.09009,468.016,4.2,0,0.0,18,610.5
655,14.0585,-13.1034,442,-0.505782,0.128595,1,-45,15.1715,619.293,0,1,45,28.4863,619.293,0,1,-45,23.4005,619.293,0,1,45,6.94254,619.293,0,1,-45,1.85674,619.293,0,0,-29.1808,20.2067,449.821,-0.762974,0,-14.2448,4.18391,497.848,0,0,-7.49844,4.54157,469.859,0,0,4.39604,1.91589,477.067,0,1,9.6092,-6.82951,465.052,4.5,0,0.0,18,611
656,14.525,-12.8189,442.5,-0.49763,0.14402,1,-45,15.1715,619.293,0,1,45,28.4863,619.293,0,1,-45,23.4005,619.293,0,1,45,6.94254,619.293,0,1,-45,1.85674,619.293,0,0,-29.1808,20.2067,449.821,-0.762974,0,-14.2448,4.18391,497.848,0,0,-7.49844,4.54157,469.859,0,0,4.39604,1.91589,477.067,0,1,9.1896,-7.56894,462.089,4.8,0,0.0,18,611.5
657,14.9895,-12.5288,443,-0.490294,0.157902,1,-45,15.1715,619.293,0,1,45,28.4863,619.293,0,1,-45,23.4005,619.293,0,1,45,6.94254,619.293,0,1,-45,1.85674,619.293,0,1,-45,14.1792,669.216,0,1,45,14.1792,669.216,0,1,-45,14.1792,669.216,0,1,45,14.1792,669.216,0,1,-45,14.1792,669.216,0,0,0.0,18,612
658,15.1458,-12.1322,443.5,-0.441264,0.182112,1,-45,15.1715,619.293,0,1,45,28.4863,619.293,0,1,-45,23.4005,619.293,0,1,45,6.94254,619.293,0,1,-45,1.85674,619.293,0,1,-45,14.1792,669.216,0,1,45,14.1792,669.216,0,1,-45,14.1792,669.216,0,1,45,14.1792,669.216,0,1,-45,14.1792,669.216,0,0,0.0,18,612.5
659,15.2896,-11.7272,444,-0.397138,0.203901,1,-45,15.1715,619.293,0,1,45,28.4863,619.293,0,1,-45,23.4005,619.293,0,1,45,6.94254,619.293,0,1,-45,1.85674,619.293,0,1,-45,14.1792,669.216,0,1,45,14.1792,669.216,0,1,-45,14.1792,669.216,0,1,45,14.1792,669.216,0,1,-45,14.1792,669.216,0,0,0.0,18,613
660,15.4219,-11.3147,444.5,-0.357424,0.223511,1,-45,15.1715,619.293,0,1,45,28.4863,619.293,0,1,-45,23.4005,619.293,0,1,45,6.94254,619.293,0,1,-45,1.85674,619.293,0,1,-45,14.1792,669.216,0,1,45,14.1792,669.216,0,1,-45,14.1792,669.216,0,1,45,14.1792,669.216,0,1,-45,14.1792,669.216,0,0,0.0,18,613.5
661,15.5436,-10.8952,445,-0.321682,0.24116,1,-45,15.1715,619.293,0,1,45,28.4863,619.293,0,1,-45,23.4005,619.293,0,1,45,6.94254,619.293,0,1,-45,1.85674,619.293,0,1,-45,14.1792,669.216,0,1,45,14.1792,669.216,0,1,-45,14.1792,669.216,0,1,45,14.1792,669.216,0,1,-45,14.1792,669.216,0,0,0.0,18,614
662,15.6556,-10.4692,445.5,-0.289514,0.257044,1,-45,15.1715,619.293,0,1,45,28.4863,619.293,0,1,-45,23.4005,619.293,0,1,45,6.94254,619.293,0,1,-45,1.85674,619.293,0,1,-45,14.1792,669.216,0,1,45,14.1792,669.216,0,1,-45,14.1792,669.216,0,1,45,14.1792,669.216,0,1,-45,14.1792,669.216,0,0,0.0,18,614.5
663,15.4522,-10.1388,446,-0.218136,0.259624,1,-45,15.1715,619.293,0,1,45,28.4863,619.293,0,1,-45,23.4005,619.293,0,1,45,6.94254,619.293,0,1,-45,1.85674,619.293,0,1,-45,14.1792,669.216,0,1,45,14.1792,669.216,0,1,-45,14.1792,669.216,0,1,45,14.1792,669.216,0,1,-45,14.1792,669.216,0,0,0.0,18,615
664,15.2297,-9.8066,446.5,-0.153896,0.261945,1,-45,15.1715,619.293,0,1,45,28.4863,619.293,0,1,-45,23.4005,619.293,0,1,45,6.94254,619.293,0,1,-45,1.85674,619.293,0,1,-45,14.1792,669.216,0,1,45,14.1792,669.216,0,1,-45,14.1792,669.216,0,1,45,14.1792,669.216,0,1,-45,14.1792,669.216,0,0,0.0,18,615.5
665,14.9896,-9.47268,447,-0.0960798,0.264035,1,-45,15.1715,619.293,0,1,45,28.4863,619.293,0,1,-45,23.4005,619.293,0,1,45,6.94254,619.293,0,1,-45,1.85674,619.293,0,1,-45,14.1792,669.216,0,1,45,14.1792,669.216,0,1,-45,14.1792,669.216,0,1,45,14.1792,669.216,0,1,-45,14.1792,669.216,0,0,0.0,18,616
666,14.7334,-9.13719,447.5,-0.0440454,0.265916,1,-45,15.1715,619.293,0,1,45,28.4863,619.293,0,1,-45,23.4005,619.293,0,1,45,6.94254,619.293,0,1,-45,1.85674,619.293,0,1,-45,14.1792,669.216,0,1,45,14.1792,669.216,0,1,-45,14.1792,669.216,0,1,45,14.1792,669.216,0,1,-45,14.1792,669.216,0,0,0.0,18,616.5
667,14.4624,-8.80025,448,0.00278554,0.267609,1,-45,15.1715,619.293,0,1,45,28.4863,619.293,0,1,-45,23.4005,619.293,0,1,45,6.94254,619.293,0,1,-45,1.85674,619.293,0,1,-45,14.1792,669.216,0,1,45,14.1792,669.216,0,1,-45,14.1792,669.216,0,1,45,14.1792,669.216,0,1,-45,14.1792,669.216,0,0,0.0,18,617
668,14.1777,-8.46198,448.5,0.0449334,0.269132,1,-45,15.1715,619.293,0,1,45,28.4863,619.293,0,1,-45,23.4005,619.293,0,1,45,6.94254,619.293,0,1,-45,1.85674,619.293,0,1,-45,14.1792,669.216,0,1,45,14.1792,669.216,0,1,-45,14.1792,669.216,0,1,45,14.1792,669.216,0,1,-45,14.1792,669.216,0,0,0.0,18,617.5
669,13.8804,-8.12249,449,0.0828665,0.270503,1,-45,15.1715,619.293,0,1,45,28.4863,619.293,0,1,-45,23.4005,619.293,0,1,45,6.94254,619.293,0,1,-45,1.85674,619.293,0,1,-45,14.1792,669.216,0,1,45,14.1792,669.216,0,1,-45,14.1792,669.216,0,1,45,14.1792,669.216,0,1,-45,14.1792,669.216,0,0,0.0,18,618
670,13.5715,-7.78187,449.5,0.117006,0.271737,1,-45,15.1715,619.293,0,1,45,28.4863,619.293,0,1,-45,23.4005,619.293,0,1,45,6.94254,619.293,0,1,-45,1.85674,619.293,0,1,-45,14.1792,669.216,0,1,45,14.1792,669.216,0,1,-45,14.1792,669.216,0,1,45,14.1792,669.216,0,1,-45,14.1792,669.216,0,0,0.0,18,618.5
671,13.252,-7.44022,450,0.147732,0.272848,1,-45,15.1715,619.293,0,1,45,28.4863,619.293,0,1,-45,23.4005,619.293,0,1,45,6.94254,619.293,0,1,-45,1.85674,619.293,0,1,-45,14.1792,669.216,0,1,45,14.1792,669.216,0,1,-45,14.1792,669.216,0,1,45,14.1792,669.216,0,1,-45,14.1792,669.216,0,0,0.0,18,619
672,12.9227,-7.09762,450.5,0.175385,0.273847,1,-45,15.1715,619.293,0,1,45,28.4863,619.293,0,1,-45,23.4005,619.293,0,1,45,6.94254,619.293,0,1,-45,1.85674,619.293,0,1,-45,14.1792,669.216,0,1,45,14.1792,669.216,0,1,-45,14.1792,669.216,0,1,45,14.1792,669.216,0,1,-45,14.1792,669.216,0,0,0.0,18,619.5
673,12.5843,-6.75414,451,0.200273,0.274747,1,-45,15.1715,619.293,0,1,45,28.4863,619.293,0,1,-45,23.4005,619.293,0,1,45,6.94254,619.293,0,1,-45,1.85674,619.293,0,1,-45,14.1792,669.216,0,1,45,14.1792,669.216,0,1,-45,14.1792,669.216,0,1,45,14.1792,669.216,0,1,-45,14.1792,669.216,0,0,0.0,18,620
674,12.2377,-6.40986,451.5,0.222672,0.275556,1,-45,15.1715,619.293,0,1,45,28.4863,619.293,0,1,-45,23.4005,619.293,0,1,45,6.94254,619.293,0,1,-45,1.85674,619.293,0,1,-45,14.1792,669.216,0,1,45,14.1792,669.216,0,1,-45,14.1792,669.216,0,1,45,14.1792,669.216,0,1,-45,14.1792,669.216,0,0,0.0,18,620.5
675,11.8835,-6.06483,452,0.242831,0.276285,1,-45,15.1715,619.293,0,1,45,28.4863,619.293,0,1,-45,23.4005,619.293,0,1,45,6.94254,619.293,0,1,-45,1.85674,619.293,0,1,-45,14.1792,669.216,0,1,45,14.1792,669.216,0,1,-45,14.1792,669.216,0,1,45,14.1792,669.216,0,1,-45,14.1792,669.216,0,0,0.0,18,621
676,11.5222,-5.71912,452.5,0.260975,0.276941,1,-45,15.1715,619.293,0,1,45,28.4863,619.293,0,1,-45,23.4005,619.293,0,1,45,6.94254,619.293,0,1,-45,1.85674,619.293,0,1,-45,14.1792,669.216,0,1,45,14.1792,669.216,0,1,-45,14.1792,669.216,0,1,45,14.1792,669.216,0,1,-45,14.1792,669.216,0,0,0.0,18,621.5
677,11.1545,-5.37279,453,0.277304,0.277531,1,-45,15.1715,619.293,0,1,45,28.4863,619.293,0,1,-45,23.4005,619.293,0,1,45,6.94254,619.293,0,1,-45,1.85674,619.293,0,1,-45,14.1792,669.216,0,1,45,14.1792,669.216,0,1,-45,14.1792,669.216,0,1,45,14.1792,669.216,0,1,-45,14.1792,669.216,0,0,0.0,18,622
678,10.7809,-5.02587,453.5,0.292,0.278062,1,-45,15.1715,619.293,0,1,45,28.4863,619.293,0,1,-45,23.4005,619.293,0,1,45,6.94254,619.293,0,1,-45,1.85674,619.293,0,1,-45,14.1792,669.216,0,1,45,14.1792,669.216,0,1,-45,14.1792,669.216,0,1,45,14.1792,669.216,0,1,-45,14.1792,669.216,0,0,0.0,18,622.5
679,10.4018,-4.67843,454,0.305226,0.27854,1,-45,15.1715,619.293,0,1,45,28.4863,619.293,0,1,-45,23.4005,619.293,0,1,45,6.94254,619.293,0,1,-45,1.85674,619.293,0,1,-45,14.1792,669.216,0,1,45,14.1792,669.216,0,1,-45,14.1792,669.216,0,1,45,14.1792,669.216,0,1,-45,14.1792,669.216,0,0,0.0,18,623
680,10.0176,-4.3305,454.5,0.31713,0.27897,1,-45,15.1715,619.293,0,1,45,28.4863,619.293,0,1,-45,23.4005,619.293,0,1,45,6.94254,619.293,0,1,-45,1.85674,619.293,0,1,-45,14.1792,669.216,0,1,45,14.1792,669.216,0,1,-45,14.1792,669.216,0,1,45,14.1792,669.216,0,1,-45,14.1792,669.216,0,0,0.0,18,623.5
681,9.62886,-3.98211,455,0.327843,0.279358,1,-45,15.1715,619.293,0,1,45,28.4863,619.293,0,1,-45,23.4005,619.293,0,1,45,6.94254,619.293,0,1,-45,1.85674,619.293,0,1,-45,14.1792,669.216,0,1,45,14.1792,669.216,0,1,-45,14.1792,669.216,0,1,45,14.1792,669.216,0,1,-45,14.1792,669.216,0,0,0.0,18,624
682,9.23584,-3.63332,455.5,0.337485,0.279706,1,-45,15.1715,619.293,0,1,45,28.4863,619.293,0,1,-45,23.4005,619.293,0,1,45,6.94254,619.293,0,1,-45,1.85674,619.293,0,1,-45,14.1792,669.216,0,1,45,14.1792,669.216,0,1,-45,14.1792,669.216,0,1,45,14.1792,669.216,0,1,-45,14.1792,669.216,0,0,0.0,18,624.5
683,8.83891,-3.28414,456,0.346163,0.28002,1,-45,15.1715,619.293,0,1,45,28.4863,619.293,0,1,-45,23.4005,619.293,0,1,45,6.94254,619.293,0,1,-45,1.85674,619.293,0,1,-45,14.1792,669.216,0,1,45,14.1792,669.216,0,1,-45,14.1792,669.216,0,1,45,14.1792,669.216,0,1,-45,14.1792,669.216,0,0,0.0,18,625
684,8.43838,-2.93461,456.5,0.353973,0.280302,1,-45,15.1715,619.293,0,1,45,28.4863,619.293,0,1,-45,23.4005,619.293,0,1,45,6.94254,619.293,0,1,-45,1.85674,619.293,0,1,-45,14.1792,669.216,0,1,45,14.1792,669.216,0,1,-45,14.1792,669.216,0,1,45,14.1792,669.216,0,1,-45,14.1792,669.216,0,0,0.0,18,625.5
685,8.03453,-2.58476,457,0.361002,0.280556,1,-45,15.1715,619.293,0,1,45,28.4863,619.293,0,1,-45,23.4005,619.293,0,1,45,6.94254,619.293,0,1,-45,1.85674,619.293,0,1,-45,14.1792,669.216,0,1,45,14.1792,669.216,0,1,-45,14.1792,669.216,0,1,45,14.1792,669.216,0,1,-45,14.1792,669.216,0,0,0.0,18,626
686,7.62764,-2.23462,457.5,0.367329,0.280785,1,-45,15.1715,619.293,0,1,45,28.4863,619.293,0,1,-45,23.4005,619.293,0,1,45,6.94254,619.293,0,1,-45,1.85674,619.293,0,1,-45,14.1792,669.216,0,1,45,14.1792,669.216,0,1,-45,14.1792,669.216,0,1,45,14.1792,669.216,0,1,-45,14.1792,669.216,0,0,0.0,18,626.5
687,7.21794,-1.8842,458,0.373022,0.280991,1,-45,15.1715,619.293,0,1,45,28.4863,619.293,0,1,-45,23.4005,619.293,0,1,45,6.94254,619.293,0,1,-45,1.85674,619.293,0,1,-45,14.1792,669.216,0,1,45,14.1792,669.216,0,1,-45,14.1792,669.216,0,1,45,14.1792,669.216,0,1,-45,14.1792,669.216,0,0,0.0,18,627
688,6.80567,-1.53353,458.5,0.378146,0.281176,1,-45,15.1715,619.293,0,1,45,28.4863,619.293,0,1,-45,23.4005,619.293,0,1,45,6.94254,619.293,0,1,-45,1.85674,619.293,0,1,-45,14.1792,669.216,0,1,45,14.1792,669.216,0,1,-45,14.1792,669.216,0,1,45,14.1792,669.216,0,1,-45,14.1792,669.216,0,0,0.0,18,627.5
689,6.39102,-1.18263,459,0.382758,0.281343,1,-45,15.1715,619.293,0,1,45,28.4863,619.293,0,1,-45,23.4005,619.293,0,1,45,6.94254,619.293,0,1,-45,1.85674,619.293,0,1,-45,14.1792,669.216,0,1,45,14.1792,669.216,0,1,-45,14.1792,669.216,0,1,45,14.1792,669.216,0,1,-45,14.1792,669.216,0,0,0.0,18,628
690,5.97419,-0.831518,459.5,0.386909,0.281493,1,-45,15.1715,619.293,0,1,45,28.4863,619.293,0,1,-45,23.4005,619.293,0,1,45,6.94254,619.293,0,1,-45,1.85674,619.293,0,1,-45,14.1792,669.216,0,1,45,14.1792,669.216,0,1,-45,14.1792,669.216,0,1,45,14.1792,669.216,0,1,-45,14.1792,669.216,0,0,0.0,18,628.5
691,5.55535,-0.48021,460,0.390644,0.281628,1,-45,15.1715,619.293,0,1,45,28.4863,619.293,0,1,-45,23.4005,619.293,0,1,45,6.94254,619.293,0,1,-45,1.85674,619.293,0,1,-45,14.1792,669.216,0,1,45,14.1792,669.216,0,1,-45,14.1792,669.216,0,1,45,14.1792,669.216,0,1,-45,14.1792,669.216,0,0,0.0,18,629
692,5.13466,-0.128723,460.5,0.394006,0.281749,1,-45,15.1715,619.293,0,1,45,28.4863,619.293,0,1,-45,23.4005,619.293,0,1,45,6.94254,619.293,0,1,-45,1.85674,619.293,0,1,-45,14.1792,669.216,0,1,45,14.1792,669.216,0,1,-45,14.1792,669.216,0,1,45,14.1792,669.216,0,1,-45,14.1792,669.216,0,0,0.0,18,629.5
693,4.71227,0.222929,461,0.397032,0.281858,1,-45,15.1715,619.293,0,1,45,28.4863,619.293,0,1,-45,23.4005,619.293,0,1,45,6.94254,619.293,0,1,-45,1.85674,619.293,0,1,-45,14.1792,669.216,0,1,45,14.1792,669.216,0,1,-45,14.1792,669.216,0,1,45,14.1792,669.216,0,1,-45,14.1792,669.216,0,0,0.0,18,630
694,4.28831,0.574734,461.5,0.399755,0.281957,1,-45,15.1715,619.293,0,1,45,28.4863,619.293,0,1,-45,23.4005,619.293,0,1,45,6.94254,619.293,0,1,-45,1.85674,619.293,0,1,-45,14.1792,669.216,0,1,45,14.1792,669.216,0,1,-45,14.1792,669.216,0,1,45,14.1792,669.216,0,1,-45,14.1792,669.216,0,0,0.0,18,630.5
695,3.86292,0.926678,462,0.402206,0.282045,1,-45,15.1715,619.293,0,1,45,28.4863,619.293,0,1,-45,23.4005,619.293,0,1,45,6.94254,619.293,0,1,-45,1.85674,619.293,0,1,-45,14.1792,669.216,0,1,45,14.1792,669.216,0,1,-45,14.1792,669.216,0,1,45,14.1792,669.216,0,1,-45,14.1792,669.216,0,0,0.0,18,631
696,3.4362,1.27875,462.5,0.404412,0.282125,1,-45,15.1715,619.293,0,1,45,28.4863,619.293,0,1,-45,23.4005,619.293,0,1,45,6.94254,619.293,0,1,-45,1.85674,619.293,0,1,-45,14.1792,669.216,0,1,45,14.1792,669.216,0,1,-45,14.1792,669.216,0,1,45,14.1792,669.216,0,1,-45,14.1792,669.216,0,0,0.0,18,631.5
697,3.00827,1.63094,463,0.406397,0.282197,1,-45,15.1715,619.293,0,1,45,28.4863,619.293,0,1,-45,23.4005,619.293,0,1,45,6.94254,619.293,0,1,-45,1.85674,619.293,0,1,-45,14.1792,669.216,0,1,45,14.1792,669.216,0,1,-45,14.1792,669.216,0,1,45,14.1792,669.216,0,1,-45,14.1792,669.216,0,0,0.0,18,632
698,2.57921,1.98324,463.5,0.408184,0.282262,1,-45,15.1715,619.293,0,1,45,28.4863,619.293,0,1,-45,23.4005,619.293,0,1,45,6.94254,619.293,0,1,-45,1.85674,619.293,0,1,-45,14.1792,669.216,0,1,45,14.1792,669.216,0,1,-45,14.1792,669.216,0,1,45,14.1792,669.216,0,1,-45,14.1792,669.216,0,0,0.0,18,632.5
699,2.14913,2.33564,464,0.409792,0.28232,1,-45,15.1715,619.293,0,1,45,28.4863,619.293,0,1,-45,23.4005,619.293,0,1,45,6.94254,619.293,0,1,-45,1.85674,619.293,0,1,-45,14.1792,669.216,0,1,45,14.1792,669.216,0,1,-45,14.1792,669.216,0,1,45,14.1792,669.216,0,1,-45,14.1792,669.216,0,0,0.0,18,633
700,1.71809,2.68814,464.5,0.411239,0.282372,1,-45,15.1715,619.293,0,1,45,28.4863,619.293,0,1,-45,23.4005,619.293,0,1,45,6.94254,619.293,0,1,-45,1.85674,619.293,0,1,-45,14.1792,669.216,0,1,45,14.1792,669.216,0,1,-45,14.1792,669.216,0,1,45,14.1792,669.216,0,1,-45,14.1792,669.216,0,0,0.0,18,633.5
701,1.28618,3.04072,465,0.412542,0.282419,1,-45,15.1715,619.293,0,1,45,28.4863,619.293,0,1,-45,23.4005,619.293,0,1,45,6.94254,619.293,0,1,-45,1.85674,619.293,0,1,-45,14.1792,669.216,0,1,45,14.1792,669.216,0,1,-45,14.1792,669.216,0,1,45,14.1792,669.216,0,1,-45,14.1792,669.216,0,0,0.0,18,634
702,0.853474,3.39337,465.5,0.413714,0.282461,1,-45,15.1715,619.293,0,1,45,28.4863,619.293,0,1,-45,23.4005,619.293,0,1,45,6.94254,619.293,0,1,-45,1.85674,619.293,0,1,-45,14.1792,669.216,0,1,45,14.1792,669.216,0,1,-45,14.1792,669.216,0,1,45,14.1792,669.216,0,1,-45,14.1792,669.216,0,0,0.0,18,634.5
703,0.420026,3.7461,466,0.414769,0.2825,1,-45,15.1715,619.293,0,1,45,28.4863,619.293,0,1,-45,23.4005,619.293,0,1,45,6.94254,619.293,0,1,-45,1.85674,619.293,0,1,-45,14.1792,669.216,0,1,45,14.1792,669.216,0,1,-45,14.1792,669.216,0,1,45,14.1792,669.216,0,1,-45,14.1792,669.216,0,0,0.0,18,635
704,-0.0141023,4.09889,466.5,0.415718,0.282534,1,-45,15.1715,619.293,0,1,45,28.4863,619.293,0,1,-45,23.4005,619.293,0,1,45,6.94254,619.293,0,1,-45,1.85674,619.293,0,1,-45,14.1792,669.216,0,1,45,14.1792,669.216,0,1,-45,14.1792,669.216,0,1,45,14.1792,669.216,0,1,-45,14.1792,669.216,0,0,0.0,18,635.5
705,-0.448856,4.45175,467,0.416573,0.282565,1,-45,15.1715,619.293,0,1,45,28.4863,619.293,0,1,-45,23.4005,619.293,0,1,45,6.94254,619.293,0,1,-45,1.85674,619.293,0,1,-45,14.1792,669.216,0,1,45,14.1792,669.216,0,1,-45,14.1792,669.216,0,1,45,14.1792,669.216,0,1,-45,14.1792,669.216,0,0,0.0,18,636
706,-0.884184,4.80466,467.5,0.417342,0.282593,1,-45,15.1715,619.293,0,1,45,28.4863,619.293,0,1,-45,23.4005,619.293,0,1,45,6.94254,619.293,0,1,-45,1.85674,619.293,0,1,-45,14.1792,669.216,0,1,45,14.1792,669.216,0,1,-45,14.1792,669.216,0,1,45,14.1792,669.216,0,1,-45,14.1792,669.216,0,0,0.0,18,636.5
707,-1.32004,5.15762,468,0.418034,0.282618,1,-45,15.1715,619.293,0,1,45,28.4863,619.293,0,1,-45,23.4005,619.293,0,1,45,6.94254,619.293,0,1,-45,1.85674,619.293,0,1,-45,14.1792,669.216,0,1,45,14.1792,669.216,0,1,-45,14.1792,669.216,0,1,45,14.1792,669.216,0,1,-45,14.1792,669.216,0,0,0.0,18,637
708,-1.75639,5.51063,468.5,0.418657,0.28264,1,-45,15.1715,619.293,0,1,45,28.4863,619.293,0,1,-45,23.4005,619.293,0,1,45,6.94254,619.293,0,1,-45,1.85674,619.293,0,1,-45,14.1792,669.216,0,1,45,14.1792,669.216,0,1,-45,14.1792,669.216,0,1,45,14.1792,669.216,0,1,-45,14.1792,669.216,0,0,0.0,18,637.5
709,-2.19318,5.86368,469,0.419218,0.28266,1,-45,15.1715,619.293,0,1,45,28.4863,619.293,0,1,-45,23.4005,619.293,0,1,45,6.94254,619.293,0,1,-45,1.85674,619.293,0,1,-45,14.1792,669.216,0,1,45,14.1792,669.216,0,1,-45,14.1792,669.216,0,1,45,14.1792,669.216,0,1,-45,14.1792,669.216,0,0,0.0,18,638
710,-2.63038,6.21678,469.5,0.419723,0.282679,1,-45,15.1715,619.293,0,1,45,28.4863,619.293,0,1,-45,23.4005,619.293,0,1,45,6.94254,619.293,0,1,-45,1.85674,619.293,0,1,-45,14.1792,669.216,0,1,45,14.1792,669.216,0,1,-45,14.1792,669.216,0,1,45,14.1792,669.216,0,1,-45,14.1792,669.216,0,0,0.0,18,638.5
711,-3.06796,6.56991,470,0.420177,0.282695,1,-45,15.1715,619.293,0,1,45,28.4863,619.293,0,1,-45,23.4005,619.293,0,1,45,6.94254,619.293,0,1,-45,1.85674,619.293,0,1,-45,14.1792,669.216,0,1,45,14.1792,669.216,0,1,-45,14.1792,669.216,0,1,45,14.1792,669.216,0,1,-45,14.1792,669.216,0,0,0.0,18,639
712,-3.5059,6.92307,470.5,0.420585,0.28271,1,-43.518,15.8258,618.485,-0.0348955,1,43.7325,29.1406,618.485,0.0348955,1,-44.2166,24.0548,618.485,-0.0348955,1,43.3008,7.59683,618.485,0.0348955,1,-43.7848,2.51103,618.485,-0.0348955,1,-45,14.1792,669.216,0,1,45,14.1792,669.216,0,1,-45,14.1792,669.216,0,1,45,14.1792,669.216,0,1,-45,14.1792,669.216,0,0,0.0,18,639.5
713,-3.94415,7.27627,471,0.420953,0.282723,1,-42.0567,16.4789,617.716,-0.0697246,1,42.4828,29.7937,617.716,0.0697246,1,-43.4441,24.7079,617.716,-0.0697246,1,41.6253,8.24987,617.716,0.0697246,1,-42.5866,3.16408,617.716,-0.0697246,1,-45,14.1792,669.216,0,1,45,14.1792,669.216,0,1,-45,14.1792,669.216,0,1,45,14.1792,669.216,0,1,-45,14.1792,669.216,0,0,0.0,18,640
714,-4.3827,7.62949,471.5,0.421284,0.282735,1,-40.6161,17.1294,616.985,-0.104421,1,41.2508,30.4442,616.985,0.104421,1,-42.6826,25.3584,616.985,-0.104421,1,39.9736,8.90043,616.985,0.104421,1,-41.4054,3.81464,616.985,-0.104421,1,-45,14.1792,669.216,0,1,45,14.1792,669.216,0,1,-45,14.1792,669.216,0,1,45,14.1792,669.216,0,1,-45,14.1792,669.216,0,0,0.0,18,640.5
715,-4.82151,7.98274,472,0.421582,0.282746,1,-39.1962,17.7763,616.291,-0.138919,1,40.0366,31.091,616.291,0.138919,1,-41.9321,26.0053,616.291,-0.138919,1,38.3457,9.54726,616.291,0.138919,1,-40.2412,4.46147,616.291,-0.138919,1,-45,14.1792,669.216,0,1,45,14.1792,669.216,0,1,-45,14.1792,669.216,0,1,45,14.1792,669.216,0,1,-45,14.1792,669.216,0,0,0.0,18,641
716,-5.26058,8.33601,472.5,0.421851,0.282755,1,-37.7971,18.4181,615.634,-0.173152,1,38.84,31.7329,615.634,0.173152,1,-41.1925,26.6471,615.634,-0.173152,1,36.7415,10.1891,615.634,0.173152,1,-39.094,5.10334,615.634,-0.173152,1,-45,14.1792,669.216,0,1,45,14.1792,669.216,0,1,-45,14.1792,669.216,0,1,45,14.1792,669.216,0,1,-45,14.1792,669.216,0,0,0.0,18,641.5
717,-5.69988,8.68931,473,0.422092,0.282764,1,-36.4187,19.0538,615.014,-0.207055,1,37.6612,32.3686,615.014,0.207055,1,-40.4639,27.2828,615.014,-0.207055,1,35.1611,10.8248,615.014,0.207055,1,-37.9638,5.73903,615.014,-0.207055,1,-45,14.1792,669.216,0,1,45,14.1792,669.216,0,1,-45,14.1792,669.216,0,1,45,14.1792,669.216,0,1,-45,14.1792,669.216,0,0,0.0,18,642
718,-6.13939,9.04263,473.5,0.422309,0.282772,1,-35.061,19.6821,614.429,-0.240565,1,36.5001,32.9969,614.429,0.240565,1,-39.7462,27.9111,614.429,-0.240565,1,33.6045,11.4531,614.429,0.240565,1,-36.8506,6.36733,614.429,-0.240565,1,-45,14.1792,669.216,0,1,45,14.1792,669.216,0,1,-45,14.1792,669.216,0,1,45,14.1792,669.216,0,1,-45,14.1792,669.216,0,0,0.0,18,642.5
719,-6.5791,9.2235,474,0.422505,0.282779,1,-33.7241,20.3018,613.88,-0.273616,1,35.3567,33.6166,613.88,0.273616,1,-39.0395,28.5308,613.88,-0.273616,1,32.0716,12.0728,613.88,0.273616,1,-35.7544,6.98705,613.88,-0.273616,1,-45,14.1792,669.216,0,1,45,14.1792,669.216,0,1,-45,14.1792,669.216,0,1,45,14.1792,669.216,0,1,-45,14.1792,669.216,0,0,0.0,18,643
720,-7.01898,9.32562,474.5,0.422681,0.282785,1,-32.4079,20.9118,613.365,-0.306147,1,34.2311,34.2266,613.365,0.306147,1,-38.3437,29.1408,613.365,-0.306147,1,30.5625,12.6828,613.365,0.306147,1,-34.6752,7.597,613.365,-0.306147,1,-45,14.1792,669.216,0,1,45,14.1792,669.216,0,1,-45,14.1792,669.216,0,1,45,14.1792,669.216,0,1,-45,14.1792,669.216,0,0,0.0,18,643.5
721,-7.45903,9.41957,475,0.422839,0.282791,1,-31.1124,21.5108,612.885,-0.338095,1,33.1232,34.8256,612.885,0.338095,1,-37.6589,29.7398,612.885,-0.338095,1,29.0772,13.2818,612.885,0.338095,1,-33.6129,8.19602,612.885,-0.338095,1,-45,14.1792,669.216,0,1,45,14.1792,669.216,0,1,-45,14.1792,669.216,0,1,45,14.1792,669.216,0,1,-45,14.1792,669.216,0,0,0.0,18,644
722,-7.89923,9.506,475.5,0.422981,0.282796,1,-29.8376,22.0978,612.437,-0.369399,1,32.033,35.4126,612.437,0.369399,1,-36.9851,30.3268,612.437,-0.369399,1,27.6156,13.8688,612.437,0.369399,1,-32.5677,8.78297,612.437,-0.369399,1,-45,14.1792,669.216,0,1,45,14.1792,669.216,0,1,-45,14.1792,669.216,0,1,45,14.1792,669.216,0,1,-45,14.1792,669.216,0,0,0.0,18,644.5
723,-8.33957,9.58552,476,0.42311,0.282801,1,-28.5836,22.6715,612.023,-0.4,1,30.9605,35.9863,612.023,0.4,1,-36.3222,30.9005,612.023,-0.4,1,26.1778,14.4425,612.023,0.4,1,-31.5395,9.35674,612.023,-0.4,1,-45,14.1792,669.216,0,1,45,14.1792,669.216,0,1,-45,14.1792,669.216,0,1,45,14.1792,669.216,0,1,-45,14.1792,669.216,0,0,0.0,18,645
724,-8.78003,9.65868,476.5,0.423225,0.282805,1,-27.3503,23.231,611.641,-0.42984,1,29.9058,36.5458,611.641,0.42984,1,-35.6702,31.46,611.641,-0.42984,1,24.7638,15.002,611.641,0.42984,1,-30.5282,9.91624,611.641,-0.42984,1,-45,14.1792,669.216,0,1,45,14.1792,669.216,0,1,-45,14.1792,669.216,0,1,45,14.1792,669.216,0,1,-45,14.1792,669.216,0,0,0.0,18,645.5
725,-9.22062,9.72598,477,0.423329,0.282809,1,-26.1377,23.7752,611.291,-0.458861,1,28.8688,37.09,611.291,0.458861,1,-35.0293,32.0042,611.291,-0.458861,1,23.3735,15.5462,611.291,0.458861,1,-29.534,10.4604,611.291,-0.458861,1,-45,14.1792,669.216,0,1,45,14.1792,669.216,0,1,-45,14.1792,669.216,0,1,45,14.1792,669.216,0,1,-45,14.1792,669.216,0,0,0.0,18,646
726,-9.04849,9.78791,477.5,0.33857,0.282812,1,-24.9459,24.303,610.972,-0.487009,1,27.8495,37.6177,610.972,0.487009,1,-34.3992,32.5319,610.972,-0.487009,1,22.007,16.074,610.972,0.487009,1,-28.5567,10.9882,610.972,-0.487009,1,-45,14.1792,669.216,0,1,45,14.1792,669.216,0,1,-45,14.1792,669.216,0,1,45,14.1792,669.216,0,1,-45,14.1792,669.216,0,0,0.0,18,646.5
727,-8.85477,9.84487,478,0.262286,0.282815,1,-23.7747,24.8133,610.684,-0.51423,1,26.848,38.1281,610.684,0.51423,1,-33.7802,33.0423,610.684,-0.51423,1,20.6643,16.5844,610.684,0.51423,1,-27.5965,11.4986,610.684,-0.51423,1,-45,14.1792,669.216,0,1,45,14.1792,669.216,0,1,-45,14.1792,669.216,0,1,45,14.1792,669.216,0,1,-45,14.1792,669.216,0,0,0.0,18,647
728,-8.51427,9.89728,478.5,0.176058,0.254534,1,-22.6244,25.3054,610.425,-0.540472,1,25.8641,38.6202,610.425,0.540472,1,-33.1721,33.5344,610.425,-0.540472,1,19.3453,17.0764,610.425,0.540472,1,-26.6532,11.9906,610.425,-0.540472,1,-45,14.1792,669.216,0,1,45,14.1792,669.216,0,1,-45,14.1792,669.216,0,1,45,14.1792,669.216,0,1,-45,14.1792,669.216,0,0,0.0,18,647.5
729,-8.15102,9.9455,479,0.0984519,0.22908,1,-21.4947,25.7781,610.196,-0.565686,1,24.898,39.0929,610.196,0.565686,1,-32.5749,34.0071,610.196,-0.565686,1,18.0501,17.5491,610.196,0.565686,1,-25.727,12.4633,610.196,-0.565686,1,-45,14.1792,669.216,0,1,45,14.1792,669.216,0,1,-45,14.1792,669.216,0,1,45,14.1792,669.216,0,1,-45,14.1792,669.216,0,0,0.0,18,648
730,-7.76682,9.98986,479.5,0.0286067,0.206172,1,-20.3857,26.2307,609.996,-0.589822,1,23.9497,39.5455,609.996,0.589822,1,-31.9887,34.4597,609.996,-0.589822,1,16.7786,18.0017,609.996,0.589822,1,-24.8177,12.9159,609.996,-0.589822,1,-45,14.1792,669.216,0,1,45,14.1792,669.216,0,1,-45,14.1792,669.216,0,1,45,14.1792,669.216,0,1,-45,14.1792,669.216,0,0,0.0,18,648.5
731,-7.36337,10.0307,480,-0.034254,0.185555,1,-19.2975,26.6622,609.824,-0.612836,1,23.019,39.977,609.824,0.612836,1,-31.4135,34.8912,609.824,-0.612836,1,15.531,18.4332,609.824,0.612836,1,-23.9254,13.3474,609.824,-0.612836,1,-45,14.1792,669.216,0,1,45,14.1792,669.216,0,1,-45,14.1792,669.216,0,1,45,14.1792,669.216,0,1,-45,14.1792,669.216,0,0,0.0,18,649
732,-6.94218,10.0682,480.5,-0.0908286,0.167,1,-18.2301,27.0718,609.68,-0.634683,1,22.1061,40.3866,609.68,0.634683,1,-30.8492,35.3008,609.68,-0.634683,1,14.307,18.8428,609.68,0.634683,1,-23.0501,13.757,609.68,-0.634683,1,-45,14.1792,669.216,0,1,45,14.1792,669.216,0,1,-45,14.1792,669.216,0,1,45,14.1792,669.216,0,1,-45,14.1792,669.216,0,0,0.0,18,649.5
733,-6.50469,10.1028,481,-0.141746,0.1503,1,-17.1833,27.4588,609.563,-0.655322,1,21.2109,40.7736,609.563,0.655322,1,-30.2959,35.6878,609.563,-0.655322,1,13.1069,19.2298,609.563,0.655322,1,-22.1919,14.144,609.563,-0.655322,1,-45,14.1792,669.216,0,1,45,14.1792,669.216,0,1,-45,14.1792,669.216,0,1,45,14.1792,669.216,0,1,-45,14.1792,669.216,0,0,0.0,18,650
734,-6.05221,10.1345,481.5,-0.187571,0.13527,1,-16.1573,27.8224,609.473,-0.674713,1,20.3334,41.1372,609.473,0.674713,1,-29.7535,36.0514,609.473,-0.674713,1,11.9305,19.5934,609.473,0.674713,1,-21.3506,14.5076,609.473,-0.674713,1,-45,14.1792,669.216,0,1,45,14.1792,669.216,0,1,-45,14.1792,669.216,0,1,45,14.1792,669.216,0,1,-45,14.1792,669.216,0,0,0.0,18,650.5
735,-5.58592,10.1638,482,-0.228814,0.121743,1,-15.152,28.1619,609.408,-0.69282,1,19.4737,41.4767,609.408,0.69282,1,-29.2221,36.3909,609.408,-0.69282,1,10.7779,19.9329,609.408,0.69282,1,-20.5263,14.8471,609.408,-0.69282,1,-45,14.1792,669.216,0,1,45,14.1792,669.216,0,1,-45,14.1792,669.216,0,1,45,14.1792,669.216,0,1,-45,14.1792,669.216,0,0,0.0,18,651
736,-5.10693,10.1907,482.5,-0.265933,0.109568,1,-14.1674,28.4767,609.369,-0.709609,1,18.6317,41.7915,609.369,0.709609,1,-28.7017,36.7057,609.369,-0.709609,1,9.64903,20.2477,609.369,0.709609,1,-19.719,15.1619,609.369,-0.709609,1,-45,14.1792,669.216,0,1,45,14.1792,669.216,0,1,-45,14.1792,669.216,0,1,45,14.1792,669.216,0,1,-45,14.1792,669.216,0,0,0.0,18,651.5
737,-4.61626,10.2154,483,-0.299339,0.0986116,1,-13.2036,28.7662,609.355,-0.725046,1,17.8074,42.0809,609.355,0.725046,1,-28.1922,36.9951,609.355,-0.725046,1,8.54394,20.5372,609.355,0.725046,1,-18.9287,15.4514,609.355,-0.725046,1,-45,14.1792,669.216,0,1,45,14.1792,669.216,0,1,-45,14.1792,669.216,0,1,45,14.1792,669.216,0,1,-45,14.1792,669.216,0,0,0.0,18,652
738,-4.11485,10.2382,483.5,-0.329405,0.0887504,1,-12.2604,29.0297,609.365,-0.739104,1,17.0008,42.3445,609.365,0.739104,1,-27.6936,37.2587,609.365,-0.739104,1,7.46261,20.8007,609.365,0.739104,1,-18.1554,15.7149,609.365,-0.739104,1,-45,14.1792,669.216,0,1,45,14.1792,669.216,0,1,-45,14.1792,669.216,0,1,45,14.1792,669.216,0,1,-45,14.1792,669.216,0,0,0.0,18,652.5
739,-3.60354,10.2591,484,-0.356465,0.0798754,1,-11.3381,29.2669,609.398,-0.751754,1,16.212,42.5817,609.398,0.751754,1,-27.206,37.4959,609.398,-0.751754,1,6.40505,21.0379,609.398,0.751754,1,-17.3991,15.9521,609.398,-0.751754,1,-45,14.1792,669.216,0,1,45,14.1792,669.216,0,1,-45,14.1792,669.216,0,1,45,14.1792,669.216,0,1,-45,14.1792,669.216,0,0,0.0,18,653
740,-3.08315,10.2784,484.5,-0.380818,0.0718878,1,-10.4364,29.4773,609.455,-0.762974,1,15.4409,42.7921,609.455,0.762974,1,-26.7294,37.7063,609.455,-0.762974,1,5.37126,21.2483,609.455,0.762974,1,-16.6598,16.1625,609.455,-0.762974,1,-45,14.1792,669.216,0,1,45,14.1792,669.216,0,1,-45,14.1792,669.216,0,1,45,14.1792,669.216,0,1,-45,14.1792,669.216,0,0,0.0,18,653.5
741,-2.55438,10.2961,485,-0.402737,0.0646991,1,-9.55547,29.6604,609.534,-0.772741,1,14.6875,42.9752,609.534,0.772741,1,-26.2638,37.8894,609.534,-0.772741,1,4.36123,21.4314,609.534,0.772741,1,-15.9375,16.3456,609.534,-0.772741,1,-45,14.1792,669.216,0,1,45,14.1792,669.216,0,1,-45,14.1792,669.216,0,1,45,14.1792,669.216,0,1,-45,14.1792,669.216,0,0,0.0,18,654
742,-2.01792,10.3124,485.5,-0.422463,0.0582291,1,-8.69526,29.816,609.635,-0.781037,1,13.9519,43.1308,609.635,0.781037,1,-25.809,38.045,609.635,-0.781037,1,3.37497,21.587,609.635,0.781037,1,-15.2321,16.5012,609.635,-0.781037,1,-45,14.1792,669.216,0,1,45,14.1792,669.216,0,1,-45,14.1792,669.216,0,1,45,14.1792,669.216,0,1,-45,14.1792,669.216,0,0,0.0,18,654.5
743,-1.47437,10.3274,486,-0.440217,0.0524062,1,-7.8558,29.9437,609.757,-0.787846,1,13.2339,43.2584,609.757,0.787846,1,-25.3653,38.1726,609.757,-0.787846,1,2.41248,21.7147,609.757,0.787846,1,-14.5438,16.6289,609.757,-0.787846,1,-45,14.1792,669.216,0,1,45,14.1792,669.216,0,1,-45,14.1792,669.216,0,1,45,14.1792,669.216,0,1,-45,14.1792,669.216,0,0,0.0,18,655
744,-0.924308,10.3412,486.5,-0.456195,0.0471656,1,-7.03705,30.0432,609.9,-0.793156,1,12.5337,43.358,609.9,0.793156,1,-24.9325,38.2722,609.9,-0.793156,1,1.47374,21.8142,609.9,0.793156,1,-13.8725,16.7284,609.9,-0.793156,1,-45,14.1792,669.216,0,1,45,14.1792,669.216,0,1,-45,14.1792,669.216,0,1,45,14.1792,669.216,0,1,-45,14.1792,669.216,0,0,0.0,18,655.5
745,-0.368249,10.3539,487,-0.470575,0.042449,1,-6.23903,30.1145,610.064,-0.796956,1,11.8513,43.4292,610.064,0.796956,1,-24.5107,38.3434,610.064,-0.796956,1,0.558781,21.8855,610.064,0.796956,1,-13.2182,16.7997,610.064,-0.796956,1,-45,14.1792,669.216,0,1,45,14.1792,669.216,0,1,-45,14.1792,669.216,0,1,45,14.1792,669.216,0,1,-45,14.1792,669.216,0,0,0.0,18,656
746,0.193324,10.3656,487.5,-0.483518,0.0382041,1,-5.46174,30.1573,610.246,-0.799239,1,11.1865,43.472,610.246,0.799239,1,-24.0998,38.3863,610.246,-0.799239,1,-0.33242,21.9283,610.246,0.799239,1,-12.5808,16.8425,610.246,-0.799239,1,-45,14.1792,669.216,0,1,45,14.1792,669.216,0,1,-45,14.1792,669.216,0,1,45,14.1792,669.216,0,1,-45,14.1792,669.216,0,0,0.0,18,656.5
747,0.759972,10.3764,488,-0.495166,0.0343837,1,-4.70517,30.1715,610.448,-0.8,1,10.5395,43.4863,610.448,0.8,1,-23.6999,38.4005,610.448,-0.8,1,-1.19986,21.9425,610.448,0.8,1,-11.9605,16.8567,610.448,-0.8,1,-45,14.1792,669.216,0,1,45,14.1792,669.216,0,1,-45,14.1792,669.216,0,1,45,14.1792,669.216,0,1,-45,14.1792,669.216,0,0,0.0,18,657
748,1.33129,10.3863,488.5,-0.50565,0.0309454,1,-3.96934,30.1573,610.669,-0.799239,1,9.91021,43.472,610.669,0.799239,1,-23.3109,38.3863,610.669,-0.799239,1,-2.04352,21.9283,610.669,0.799239,1,-11.3571,16.8425,610.669,-0.799239,1,-45,14.1792,669.216,0,1,45,14.1792,669.216,0,1,-45,14.1792,669.216,0,1,45,14.1792,669.216,0,1,-45,14.1792,669.216,0,0,0.0,18,657.5
749,1.9069,10.3954,489,-0.515085,0.0278508,1,-3.25423,30.1145,610.907,-0.796956,1,9.29864,43.4292,610.907,0.796956,1,-22.9329,38.3434,610.907,-0.796956,1,-2.86343,21.8855,610.907,0.796956,1,-10.7708,16.7997,610.907,-0.796956,1,-45,14.1792,669.216,0,1,45,14.1792,669.216,0,1,-45,14.1792,669.216,0,1,45,14.1792,669.216,0,1,-45,14.1792,669.216,0,0,0.0,18,658
750,2.48646,10.4037,489.5,-0.523576,0.0250657,1,-2.55985,30.0432,611.162,-0.793156,1,8.7048,43.358,611.162,0.793156,1,-22.5658,38.2722,611.162,-0.793156,1,-3.65957,21.8142,611.162,0.793156,1,-10.2014,16.7284,611.162,-0.793156,1,-45,14.1792,669.216,0,1,45,14.1792,669.216,0,1,-45,14.1792,669.216,0,1,45,14.1792,669.216,0,1,-45,14.1792,669.216,0,0,0.0,18,658.5
751,2.94274,10.1663,490,-0.513645,-0.00572511,1,-1.8862,29.9437,611.435,-0.787846,1,8.12869,43.2584,611.435,0.787846,1,-22.2097,38.1726,611.435,-0.787846,1,-4.43194,21.7147,611.435,0.787846,1,-9.64909,16.6289,611.435,-0.787846,1,-45,14.1792,669.216,0,1,45,14.1792,669.216,0,1,-45,14.1792,669.216,0,1,45,14.1792,669.216,0,1,-45,14.1792,669.216,0,0,0.0,18,659
752,3.39787,9.91959,490.5,-0.504707,-0.0334369,1,-1.23327,29.816,611.723,-0.781037,1,7.5703,43.1308,611.723,0.781037,1,-21.8646,38.045,611.723,-0.781037,1,-5.18055,21.587,611.723,0.781037,1,-9.11373,16.5012,611.723,-0.781037,1,-45,14.1792,669.216,0,1,45,14.1792,669.216,0,1,-45,14.1792,669.216,0,1,45,14.1792,669.216,0,1,-45,14.1792,669.216,0,0,0.0,18,659.5
753,3.85194,9.66432,491,-0.496663,-0.0583775,1,-0.601076,29.6604,612.027,-0.772741,1,7.02964,42.9752,612.027,0.772741,1,-21.5304,37.8894,612.027,-0.772741,1,-5.90539,21.4314,612.027,0.772741,1,-8.59536,16.3456,612.027,-0.772741,1,-45,14.1792,669.216,0,1,45,14.1792,669.216,0,1,-45,14.1792,669.216,0,1,45,14.1792,669.216,0,1,-45,14.1792,669.216,0,0,0.0,18,660
754,4.30505,9.40119,491.5,-0.489423,-0.080824,1,0.0103927,29.4773,612.345,-0.762974,1,6.50671,42.7921,612.345,0.762974,1,-21.2072,37.7063,612.345,-0.762974,1,-6.60646,21.2483,612.345,0.762974,1,-8.09399,16.1625,612.345,-0.762974,1,-45,14.1792,669.216,0,1,45,14.1792,669.216,0,1,-45,14.1792,669.216,0,1,45,14.1792,669.216,0,1,-45,14.1792,669.216,0,0,0.0,18,660.5
755,4.75726,9.13083,492,-0.482907,-0.101026,1,0.601136,29.2669,612.679,-0.751754,1,6.0015,42.5817,612.679,0.751754,1,-20.8949,37.4959,612.679,-0.751754,1,-7.28378,21.0379,612.679,0.751754,1,-7.60962,15.9521,612.679,-0.751754,1,-45,14.1792,669.216,0,1,45,14.1792,669.216,0,1,-45,14.1792,669.216,0,1,45,14.1792,669.216,0,1,-45,14.1792,669.216,0,0,0.0,18,661
756,5.20864,8.85381,492.5,-0.477043,-0.119208,1,1.17115,29.0297,613.026,-0.739104,1,5.51402,42.3445,613.026,0.739104,1,-20.5936,37.2587,613.026,-0.739104,1,-7.93733,20.8007,613.026,0.739104,1,-7.14224,15.7149,613.026,-0.739104,1,-45,14.1792,669.216,0,1,45,14.1792,669.216,0,1,-45,14.1792,669.216,0,1,45,14.1792,669.216,0,1,-45,14.1792,669.216,0,0,0.0,18,661.5
757,5.65928,8.57067,493,-0.471765,-0.135571,1,1.72044,28.7662,613.386,-0.725046,1,5.04426,42.0809,613.386,0.725046,1,-20.3032,36.9951,613.386,-0.725046,1,-8.56711,20.5372,613.386,0.725046,1,-6.69185,15.4514,613.386,-0.725046,1,-45,14.1792,669.216,0,1,45,14.1792,669.216,0,1,-45,14.1792,669.216,0,1,45,14.1792,669.216,0,1,-45,14.1792,669.216,0,0,0.0,18,662
758,6.10922,8.2819,493.5,-0.467015,-0.150298,1,2.249,28.4767,613.759,-0.709609,1,4.59223,41.7915,613.759,0.709609,1,-20.0238,36.7057,613.759,-0.709609,1,-9.17312,20.2477,613.759,0.709609,1,-6.25846,15.1619,613.759,-0.709609,1,-45,14.1792,669.216,0,1,45,14.1792,669.216,0,1,-45,14.1792,669.216,0,1,45,14.1792,669.216,0,1,-45,14.1792,669.216,0,0,0.0,18,662.5
759,6.55852,7.98794,494,-0.46274,-0.163553,1,2.75683,28.1619,614.144,-0.69282,1,4.15793,41.4767,614.144,0.69282,1,-19.7554,36.3909,614.144,-0.69282,1,-9.75538,19.9329,614.144,0.69282,1,-5.84207,14.8471,614.144,-0.69282,1,-45,14.1792,669.216,0,1,45,14.1792,669.216,0,1,-45,14.1792,669.216,0,1,45,14.1792,669.216,0,1,-45,14.1792,669.216,0,0,0.0,18,663
760,7.00723,7.68922,494.5,-0.458892,-0.175482,1,3.24393,27.8224,614.54,-0.674713,1,3.74136,41.1372,614.54,0.674713,1,-19.4979,36.0514,614.54,-0.674713,1,-10.3139,19.5934,614.54,0.674713,1,-5.44267,14.5076,614.54,-0.674713,1,-45,14.1792,669.216,0,1,45,14.1792,669.216,0,1,-45,14.1792,669.216,0,1,45,14.1792,669.216,0,1,-45,14.1792,669.216,0,0,0.0,18,663.5
761,7.45539,7.3861,495,-0.455429,-0.186218,1,3.7103,27.4588,614.948,-0.655322,1,3.34251,40.7736,614.948,0.655322,1,-19.2514,35.6878,614.948,-0.655322,1,-10.8486,19.2298,614.948,0.655322,1,-5.06027,14.144,614.948,-0.655322,1,-45,14.1792,669.216,0,1,45,14.1792,669.216,0,1,-45,14.1792,669.216,0,1,45,14.1792,669.216,0,1,-45,14.1792,669.216,0,0,0.0,18,664
762,7.90306,7.07896,495.5,-0.452313,-0.19588,1,4.15595,27.0718,615.365,-0.634683,1,2.96139,40.3866,615.365,0.634683,1,-19.0158,35.3008,615.365,-0.634683,1,-11.3595,18.8428,615.365,0.634683,1,-4.69487,13.757,615.365,-0.634683,1,-45,14.1792,669.216,0,1,45,14.1792,669.216,0,1,-45,14.1792,669.216,0,1,45,14.1792,669.216,0,1,-45,14.1792,669.216,0,0,0.0,18,664.5
763,8.35028,6.7681,496,-0.449508,-0.204577,1,4.58087,26.6622,615.793,-0.612836,1,2.59799,39.977,615.793,0.612836,1,-18.7912,34.8912,615.793,-0.612836,1,-11.8467,18.4332,615.793,0.612836,1,-4.34646,13.3474,615.793,-0.612836,1,-45,14.1792,669.216,0,1,45,14.1792,669.216,0,1,-45,14.1792,669.216,0,1,45,14.1792,669.216,0,1,-45,14.1792,669.216,0,0,0.0,18,665
764,8.79707,6.45382,496.5,-0.446983,-0.212403,1,4.98506,26.2307,616.229,-0.589822,1,2.25232,39.5455,616.229,0.589822,1,-18.5775,34.4597,616.229,-0.589822,1,-12.3102,18.0017,616.229,0.589822,1,-4.01504,12.9159,616.229,-0.589822,1,-45,14.1792,669.216,0,1,45,14.1792,669.216,0,1,-45,14.1792,669.216,0,1,45,14.1792,669.216,0,1,-45,14.1792,669.216,0,0,0.0,18,665.5
765,9.24347,6.13641,497,-0.444712,-0.219447,1,5.36852,25.7781,616.675,-0.565686,1,1.92438,39.0929,616.675,0.565686,1,-18.3748,34.0071,616.675,-0.565686,1,-12.7498,17.5491,616.675,0.565686,1,-3.70062,12.4634,616.675,-0.565686,1,-45,14.1792,669.216,0,1,45,14.1792,669.216,0,1,-45,14.1792,669.216,0,1,45,14.1792,669.216,0,1,-45,14.1792,669.216,0,0,0.0,18,666
766,9.68951,5.8161,497.5,-0.442667,-0.225787,1,5.73126,25.3054,617.128,-0.540473,1,1.61417,38.6202,617.128,0.540473,1,-18.1831,33.5344,617.128,-0.540473,1,-13.1657,17.0764,617.128,0.540473,1,-3.4032,11.9906,617.128,-0.540473,1,-45,14.1792,669.216,0,1,45,14.1792,669.216,0,1,-45,14.1792,669.216,0,1,45,14.1792,669.216,0,1,-45,14.1792,669.216,0,0,0.0,18,666.5
767,10.1352,5.49313,498,-0.440827,-0.231492,1,6.07327,24.8134,617.589,-0.514231,1,1.32168,38.1282,617.589,0.514231,1,-18.0023,33.0424,617.589,-0.514231,1,-13.5578,16.5844,617.589,0.514231,1,-3.12277,11.4986,617.589,-0.514231,1,-45,14.1792,669.216,0,1,45,14.1792,669.216,0,1,-45,14.1792,669.216,0,1,45,14.1792,669.216,0,1,-45,14.1792,669.216,0,0,0.0,18,667
768,10.2742,5.06618,498.5,-0.396744,-0.248343,1,6.39455,24.303,618.056,-0.48701,1,1.04692,37.6178,618.056,0.48701,1,-17.8325,32.532,618.056,-0.48701,1,-13.9262,16.074,618.056,0.48701,1,-2.85934,10.9882,618.056,-0.48701,1,-45,14.1792,669.216,0,1,45,14.1792,669.216,0,1,-45,14.1792,669.216,0,1,45,14.1792,669.216,0,1,-45,14.1792,669.216,0,0,0.0,18,667.5
769,10.4021,4.63339,499,-0.357069,-0.263509,1,6.6951,23.7752,618.53,-0.458862,1,0.789883,37.09,618.53,0.458862,1,-17.6736,32.0042,618.53,-0.458862,1,-14.2708,15.5462,618.53,0.458862,1,-2.6129,10.4604,618.53,-0.458862,1,-45,14.1792,669.216,0,1,45,14.1792,669.216,0,1,-45,14.1792,669.216,0,1,45,14.1792,669.216,0,1,-45,14.1792,669.216,0,0,0.0,18,668
770,10.5198,4.19522,499.5,-0.321362,-0.277158,1,6.97493,23.231,619.01,-0.42984,1,0.550572,36.5458,619.01,0.42984,1,-17.5257,31.46,619.01,-0.42984,1,-14.5916,15.002,619.01,0.42984,1,-2.38346,9.91625,619.01,-0.42984,1,-45,14.1792,669.216,0,1,45,14.1792,669.216,0,1,-45,14.1792,669.216,0,1,45,14.1792,669.216,0,1,-45,14.1792,669.216,0,0,0.0,18,668.5
771,10.628,3.7521,500,-0.289226,-0.289442,1,7.23403,22.6715,619.494,-0.400001,1,0.328989,35.9863,619.494,0.400001,1,-17.3887,30.9005,619.494,-0.400001,1,-14.8887,14.4425,619.494,0.400001,1,-2.17102,9.35675,619.494,-0.400001,1,-45,14.1792,669.216,0,1,45,14.1792,669.216,0,1,-45,14.1792,669.216,0,1,45,14.1792,669.216,0,1,-45,14.1792,669.216,0,0,0.0,18,669
772,10.7276,3.30443,500.5,-0.260304,-0.300498,1,7.4724,22.0978,619.984,-0.369399,1,0.125133,35.4126,619.984,0.369399,1,-17.2627,30.3268,619.984,-0.369399,1,-15.162,13.8688,619.984,0.369399,1,-1.97557,8.78298,619.984,-0.369399,1,-45,14.1792,669.216,0,1,45,14.1792,669.216,0,1,-45,14.1792,669.216,0,1,45,14.1792,669.216,0,1,-45,14.1792,669.216,0,0,0.0,18,669.5
773,10.5128,2.95411,501,-0.191847,-0.298732,1,7.69004,21.5108,620.477,-0.338095,1,-0.0609959,34.8256,620.477,0.338095,1,-17.1477,29.7398,620.477,-0.338095,1,-15.4115,13.2818,620.477,0.338095,1,-1.79711,8.19603,620.477,-0.338095,1,-45,14.1792,669.216,0,1,45,14.1792,669.216,0,1,-45,14.1792,669.216,0,1,45,14.1792,669.216,0,1,-45,14.1792,669.216,0,0,0.0,18,670
774,10.2798,2.60354,501.5,-0.130236,-0.297143,1,7.88695,20.9118,620.973,-0.306147,1,-0.2294,34.2266,620.973,0.306147,1,-17.0436,29.1408,620.973,-0.306147,1,-15.6373,12.6828,620.973,0.306147,1,-1.63565,7.59701,620.973,-0.306147,1,-45,14.1792,669.216,0,1,45,14.1792,669.216,0,1,-45,14.1792,669.216,0,1,45,14.1792,669.216,0,1,-45,14.1792,669.216,0,0,0.0,18,670.5
775,10.0301,2.25272,502,-0.0747858,-0.295713,1,8.06314,20.3018,621.473,-0.273617,1,-0.380076,33.6166,621.473,0.273617,1,-16.9504,28.5308,621.473,-0.273617,1,-15.8393,12.0729,621.473,0.273617,1,-1.49119,6.98706,621.473,-0.273617,1,-45,14.1792,669.216,0,1,45,14.1792,669.216,0,1,-45,14.1792,669.216,0,1,45,14.1792,669.216,0,1,-45,14.1792,669.216,0,0,0.0,18,671
776,9.63814,2.14682,502.5,-0.00730718,-0.266142,1,8.2186,19.6821,621.974,-0.240565,1,-0.513025,32.9969,621.974,0.240565,1,-16.8682,27.9111,621.974,-0.240565,1,-16.0175,11.4531,621.974,0.240565,1,-1.36372,6.36734,621.974,-0.240565,1,-45,14.1792,669.216,0,1,45,14.1792,669.216,0,1,-45,14.1792,669.216,0,1,45,14.1792,669.216,0,1,-45,14.1792,669.216,0,0,0.0,18,671.5
777,9.22751,2.04939,503,0.0534235,-0.239528,1,8.35333,19.0538,622.478,-0.207056,1,-0.628249,32.3686,622.478,0.207056,1,-16.797,27.2828,622.478,-0.207056,1,-16.172,10.8248,622.478,0.207056,1,-1.25325,5.73904,622.478,-0.207056,1,-45,14.1792,669.216,0,1,45,14.1792,669.216,0,1,-45,14.1792,669.216,0,1,45,14.1792,669.216,0,1,-45,14.1792,669.216,0,0,0.0,18,672
778,8.79973,1.95975,503.5,0.108081,-0.215575,1,8.46733,18.4181,622.982,-0.173153,1,-0.725746,31.7329,622.982,0.173153,1,-16.7368,26.6471,622.982,-0.173153,1,-16.3027,10.1891,622.982,0.173153,1,-1.15977,5.10335,622.982,-0.173153,1,-45,14.1792,669.216,0,1,45,14.1792,669.216,0,1,-45,14.1792,669.216,0,1,45,14.1792,669.216,0,1,-45,14.1792,669.216,0,0,0.0,18,672.5
779,8.35618,1.87728,504,0.157273,-0.194018,1,8.56061,17.7763,623.487,-0.138919,1,-0.805515,31.0911,623.487,0.138919,1,-16.6875,26.0053,623.487,-0.138919,1,-16.4097,9.54727,623.487,0.138919,1,-1.08329,4.46148,623.487,-0.138919,1,-45,14.1792,669.216,0,1,45,14.1792,669.216,0,1,-45,14.1792,669.216,0,1,45,14.1792,669.216,0,1,-45,14.1792,669.216,0,0,0.0,18,673
780,7.8981,1.80142,504.5,0.201546,-0.174616,1,8.63316,17.1294,623.992,-0.104422,1,-0.867557,30.4442,623.992,0.104422,1,-16.6491,25.3584,623.992,-0.104422,1,-16.4929,8.90045,623.992,0.104422,1,-1.02381,3.81465,623.992,-0.104422,1,-45,14.1792,669.216,0,1,45,14.1792,669.216,0,1,-45,14.1792,669.216,0,1,45,14.1792,669.216,0,1,-45,14.1792,669.216,0,0,0.0,18,673.5
781,7.42668,1.73162,505,0.241391,-0.157154,1,8.68497,16.4789,624.496,-0.0697255,1,-0.911875,29.7937,624.496,0.0697255,1,-16.6217,24.7079,624.496,-0.0697255,1,-16.5523,8.24989,624.496,0.0697255,1,-0.98132,3.1641,624.496,-0.0697255,1,-45,14.1792,669.216,0,1,45,14.1792,669.216,0,1,-45,14.1792,669.216,0,1,45,14.1792,669.216,0,1,-45,14.1792,669.216,0,0,0.0,18,674
782,6.94296,1.6674,505.5,0.277252,-0.141439,1,8.71607,15.8258,624.999,-0.0348964,1,-0.938464,29.1406,624.999,0.0348964,1,-16.6053,24.0548,624.999,-0.0348964,1,-16.5879,7.59684,624.999,0.0348964,1,-0.955826,2.51105,624.999,-0.0348964,1,-45,14.1792,669.216,0,1,45,14.1792,669.216,0,1,-45,14.1792,669.216,0,1,45,14.1792,669.216,0,1,-45,14.1792,669.216,0,0,0.0,18,674.5
783,6.44795,1.60832,506,0.309527,-0.127295,1,8.72643,15.1716,625.5,-8.83736e-07,1,-0.94733,28.4863,625.5,8.83736e-07,1,-16.5998,23.4005,625.5,-8.83736e-07,1,-16.5998,6.94255,625.5,8.83736e-07,1,-0.947328,1.85676,625.5,-8.83736e-07,1,-45,14.1792,669.216,0,1,45,14.1792,669.216,0,1,-45,14.1792,669.216,0,1,45,14.1792,669.216,0,1,-45,14.1792,669.216,0,0,0.0,18,675
784,5.94253,1.55397,506.5,0.338574,-0.114565,1,8.72643,15.1715,626,0,1,-0.94733,28.4863,626,0,1,-16.5998,23.4005,626,0,1,-16.5998,6.94254,626,0,1,-0.947328,1.85674,626,0,1,-45,14.1792,669.216,0,1,45,14.1792,669.216,0,1,-45,14.1792,669.216,0,1,45,14.1792,669.216,0,1,-45,14.1792,669.216,0,0,0.0,18,675.5
785,5.42755,1.50397,507,0.364717,-0.103109,1,2.76737,14.5256,627.407,0,1,-0.771691,28.0114,625.72,0,1,-21.8655,22.2469,629.135,0,1,-12.6783,7.50313,623.372,0,1,-5.53609,-1.98551,627.561,0,1,-45,14.1792,669.216,0,1,45,14.1792,669.216,0,1,-45,14.1792,669.216,0,1,45,14.1792,669.216,0,1,-45,14.1792,669.216,0,0,0.0,18,676
786,4.90377,1.45796,507.5,0.388245,-0.0927979,1,2.80169,14.7402,627.737,0,1,-0.522023,28.2271,625.884,0,1,-21.9807,22.0412,629.359,0,1,-12.8708,7.28789,623.648,0,1,-5.37109,-1.91965,627.732,0,1,-45,14.1792,669.216,0,1,45,14.1792,669.216,0,1,-45,14.1792,669.216,0,1,45,14.1792,669.216,0,1,-45,14.1792,669.216,0,0,0.0,18,676.5
787,4.37189,1.41564,508,0.409421,-0.0835182,1,2.8463,14.9562,628.067,0,1,-0.273095,28.4436,626.049,0,1,-22.0866,21.8395,629.582,0,1,-13.0699,7.07163,623.927,0,1,-5.19841,-1.84272,627.902,0,1,-45,14.1792,669.216,0,1,45,14.1792,669.216,0,1,-45,14.1792,669.216,0,1,45,14.1792,669.216,0,1,-45,14.1792,669.216,0,0,0.0,18,677
788,3.83256,1.3767,508.5,0.428479,-0.0751663,1,2.90111,15.1727,628.395,0,1,-0.025336,28.6602,626.214,0,1,-22.183,21.6424,629.801,0,1,-13.275,6.85499,624.208,0,1,-5.01834,-1.75494,628.071,0,1,-45,14.1792,669.216,0,1,45,14.1792,669.216,0,1,-45,14.1792,669.216,0,1,45,14.1792,669.216,0,1,-45,14.1792,669.216,0,0,0.0,18,677.5
789,3.28638,1.34088,509,0.445631,-0.0676497,1,2.96603,15.3893,628.721,0,1,0.220822,28.8763,626.38,0,1,-22.2697,21.4505,630.019,0,1,-13.486,6.63862,624.491,0,1,-4.83121,-1.65656,628.238,0,1,-45,14.1792,669.216,0,1,45,14.1792,669.216,0,1,-45,14.1792,669.216,0,1,45,14.1792,669.216,0,1,-45,14.1792,669.216,0,0,0.0,18,678
790,2.73389,1.30793,509.5,0.461068,-0.0608847,1,3.04096,15.6052,629.047,0,1,0.464952,29.0912,626.547,0,1,-22.3465,21.2642,630.234,0,1,-13.7023,6.42313,624.776,0,1,-4.63734,-1.54788,628.405,0,1,-45,14.1792,669.216,0,1,45,14.1792,669.216,0,1,-45,14.1792,669.216,0,1,45,14.1792,669.216,0,1,-45,14.1792,669.216,0,0,0.0,18,678.5
791,2.1756,1.27761,510,0.474961,-0.0547963,1,3.12575,15.8199,629.371,0,1,0.706631,29.3044,626.714,0,1,-22.4134,21.0843,630.447,0,1,-13.9237,6.20916,625.064,0,1,-4.43706,-1.42922,628.572,0,1,-45,14.1792,669.216,0,1,45,14.1792,669.216,0,1,-45,14.1792,669.216,0,1,45,14.1792,669.216,0,1,-45,14.1792,669.216,0,0,0.0,18,679
792,1.61197,1.24971,510.5,0.487465,-0.0493166,1,3.22026,16.0326,629.694,0,1,0.945439,29.5152,626.882,0,1,-22.4702,20.9111,630.657,0,1,-14.1497,5.99735,625.354,0,1,-4.23073,-1.30091,628.737,0,1,-45,14.1792,669.216,0,1,45,14.1792,669.216,0,1,-45,14.1792,669.216,0,1,45,14.1792,669.216,0,1,-45,14.1792,669.216,0,0,0.0,18,679.5
793,1.04344,1.22405,511,0.498718,-0.044385,1,3.32434,16.2428,630.016,0,1,1.18096,29.723,627.052,0,1,-22.5167,20.7453,630.866,0,1,-14.3799,5.78831,625.647,0,1,-4.0187,-1.16334,628.902,0,1,-45,14.1792,669.216,0,1,45,14.1792,669.216,0,1,-45,14.1792,669.216,0,1,45,14.1792,669.216,0,1,-45,14.1792,669.216,0,0,0.0,18,680
794,0.470383,1.20044,511.5,0.508847,-0.0399465,1,3.43779,16.4499,630.336,0,1,1.41279,29.9271,627.222,0,1,-22.553,20.5872,631.072,0,1,-14.6141,5.58265,625.941,0,1,-3.80133,-1.01691,629.066,0,1,-45,14.1792,669.216,0,1,45,14.1792,669.216,0,1,-45,14.1792,669.216,0,1,45,14.1792,669.216,0,1,-45,14.1792,669.216,0,0,0.0,18,680.5
795,-0.106826,1.17872,512,0.517962,-0.0359518,1,3.56042,16.6532,630.654,0,1,1.64052,30.127,627.393,0,1,-22.579,20.4374,631.276,0,1,-14.8516,5.38099,626.238,0,1,-3.57901,-0.862054,629.23,0,1,-45,14.1792,669.216,0,1,45,14.1792,669.216,0,1,-45,14.1792,669.216,0,1,45,14.1792,669.216,0,1,-45,14.1792,669.216,0,0,0.0,18,681
796,-0.687858,1.15873,512.5,0.526166,-0.0323566,1,3.69202,16.8522,630.971,0,1,1.86376,30.3221,627.566,0,1,-22.5946,20.2963,631.477,0,1,-15.0922,5.1839,626.537,0,1,-3.35213,-0.699223,629.394,0,1,-45,14.1792,669.216,0,1,45,14.1792,669.216,0,1,-45,14.1792,669.216,0,1,45,14.1792,669.216,0,1,-45,14.1792,669.216,0,0,0.0,18,681.5
797,-1.27241,1.14035,513,0.533549,-0.029121,1,3.83235,17.0463,631.286,0,1,2.08212,30.5118,627.74,0,1,-22.5998,20.1642,631.677,0,1,-15.3354,4.99198,626.838,0,1,-3.12107,-0.528893,629.557,0,1,-45,14.1792,669.216,0,1,45,14.1792,669.216,0,1,-45,14.1792,669.216,0,1,45,14.1792,669.216,0,1,-45,14.1792,669.216,0,0,0.0,18,682
798,-1.86019,1.12344,513.5,0.540194,-0.0262089,1,3.98119,17.2348,631.599,0,1,2.29522,30.6956,627.915,0,1,-22.5946,20.0417,631.875,0,1,-15.5809,4.80577,627.141,0,1,-2.88623,-0.351565,629.72,0,1,-45,14.1792,669.216,0,1,45,14.1792,669.216,0,1,-45,14.1792,669.216,0,1,45,14.1792,669.216,0,1,-45,14.1792,669.216,0,0,0.0,18,682.5
799,-2.45096,1.10787,514,0.546175,-0.023588,1,4.13826,17.4173,631.911,0,1,2.50269,30.8729,628.091,0,1,-22.5789,19.929,632.07,0,1,-15.828,4.62583,627.446,0,1,-2.64803,-0.167761,629.882,0,1,-45,14.1792,669.216,0,1,45,14.1792,669.216,0,1,-45,14.1792,669.216,0,1,45,14.1792,669.216,0,1,-45,14.1792,669.216,0,0,0.0,18,683
800,-3.04446,1.09356,514.5,0.551557,-0.0212292,1,4.30329,17.5932,632.221,0,1,2.70417,31.0432,628.269,0,1,-22.5529,19.8265,632.264,0,1,-16.0766,4.45269,627.753,0,1,-2.40688,0.0219822,630.045,0,1,-45,14.1792,669.216,0,1,45,14.1792,669.216,0,1,-45,14.1792,669.216,0,1,45,14.1792,669.216,0,1,-45,14.1792,669.216,0,0,0.0,18,683.5
801,-3.64048,1.08039,515,0.556402,-0.0191063,1,4.476,17.7621,632.529,0,1,2.89932,31.206,628.448,0,1,-22.5166,19.7345,632.455,0,1,-16.326,4.28685,628.062,0,1,-2.16319,0.217109,630.207,0,1,-45,14.1792,669.216,0,1,45,14.1792,669.216,0,1,-45,14.1792,669.216,0,1,45,14.1792,669.216,0,1,-45,14.1792,669.216,0,0,0.0,18,684
802,-4.23882,1.06827,515.5,0.560761,-0.0171956,1,4.65609,17.9233,632.835,0,1,3.08779,31.3608,628.629,0,1,-22.47,19.6533,632.645,0,1,-16.5759,4.1288,628.373,0,1,-1.9174,0.417043,630.37,0,1,-45,14.1792,669.216,0,1,45,14.1792,669.216,0,1,-45,14.1792,669.216,0,1,45,14.1792,669.216,0,1,-45,14.1792,669.216,0,0,0.0,18,684.5
803,-4.83929,1.05712,516,0.564685,-0.0154761,1,4.84325,18.0764,633.139,0,1,3.26925,31.5072,628.811,0,1,-22.4132,19.583,632.833,0,1,-16.8258,3.97901,628.685,0,1,-1.66991,0.6212,630.532,0,1,-45,14.1792,669.216,0,1,45,14.1792,669.216,0,1,-45,14.1792,669.216,0,1,45,14.1792,669.216,0,1,-45,14.1792,669.216,0,0,0.0,18,685
804,-5.44173,1.04687,516.5,0.568217,-0.0139285,1,5.03715,18.221,633.44,0,1,3.4434,31.6447,628.995,0,1,-22.3463,19.5239,633.019,0,1,-17.0754,3.8379,629,0,1,-1.42118,0.828984,630.695,0,1,-45,14.1792,669.216,0,1,45,14.1792,669.216,0,1,-45,14.1792,669.216,0,1,45,14.1792,669.216,0,1,-45,14.1792,669.216,0,0,0.0,18,685.5
805,-6.04597,1.03743,517,0.571395,-0.0125356,1,5.23745,18.3567,633.74,0,1,3.60992,31.7729,629.181,0,1,-22.2694,19.4762,633.203,0,1,-17.3241,3.70591,629.316,0,1,-1.17162,1.03978,630.858,0,1,-45,14.1792,669.216,0,1,45,14.1792,669.216,0,1,-45,14.1792,669.216,0,1,45,14.1792,669.216,0,1,-45,14.1792,669.216,0,0,0.0,18,686
806,-6.65187,1.02875,517.5,0.574256,-0.0112821,1,5.44381,18.483,634.038,0,1,3.76853,31.8916,629.369,0,1,-22.1827,19.4401,633.386,0,1,-17.5716,3.5834,629.633,0,1,-0.921676,1.25297,631.022,0,1,-45,14.1792,669.216,0,1,45,14.1792,669.216,0,1,-45,14.1792,669.216,0,1,45,14.1792,669.216,0,1,-45,14.1792,669.216,0,0,0.0,18,686.5
807,-7.2593,1.02077,518,0.57683,-0.0101539,1,5.65586,18.5996,634.334,0,1,3.91896,32.0002,629.558,0,1,-22.0863,19.4155,633.567,0,1,-17.8174,3.47075,629.953,0,1,-0.671774,1.46794,631.186,0,1,-45,14.1792,669.216,0,1,45,14.1792,669.216,0,1,-45,14.1792,669.216,0,1,45,14.1792,669.216,0,1,-45,14.1792,669.216,0,0,0.0,18,687
808,-7.74121,1.25855,518.5,0.561573,0.0191458,1,5.87325,18.7062,634.627,0,1,4.06093,32.0985,629.749,0,1,-21.9804,19.4026,633.747,0,1,-18.0611,3.36829,630.274,0,1,-0.42235,1.68404,631.35,0,1,-45,14.1792,669.216,0,1,45,14.1792,669.216,0,1,-45,14.1792,669.216,0,1,45,14.1792,669.216,0,1,-45,14.1792,669.216,0,0,0.0,18,687.5
809,-8.21993,1.50559,519,0.547843,0.0455155,1,6.09559,18.8024,634.918,0,1,4.19422,32.1862,629.942,0,1,-21.8651,19.4015,633.925,0,1,-18.3022,3.27631,630.596,0,1,-0.173837,1.90065,631.515,0,1,-45,14.1792,669.216,0,1,45,14.1792,669.216,0,1,-45,14.1792,669.216,0,1,45,14.1792,669.216,0,1,-45,14.1792,669.216,0,0,0.0,18,688
810,-8.6957,1.76116,519.5,0.535485,0.0692482,1,6.3225,18.8879,635.207,0,1,4.31858,32.2631,630.138,0,1,-21.7407,19.4121,634.102,0,1,-18.5404,3.19508,630.92,0,1,0.0733328,2.11713,631.68,0,1,-45,14.1792,669.216,0,1,45,14.1792,669.216,0,1,-45,14.1792,669.216,0,1,45,14.1792,669.216,0,1,-45,14.1792,669.216,0,0,0.0,18,688.5
811,-9.16877,2.02456,520,0.524363,0.0906077,1,6.55358,18.9626,635.494,0,1,4.4338,32.3289,630.335,0,1,-21.6073,19.4343,634.277,0,1,-18.7752,3.12485,631.245,0,1,0.318731,2.33285,631.847,0,1,-45,14.1792,669.216,0,1,45,14.1792,669.216,0,1,-45,14.1792,669.216,0,1,45,14.1792,669.216,0,1,-45,14.1792,669.216,0,0,0.0,18,689
812,-9.63935,2.29518,520.5,0.514353,0.109831,1,6.78843,19.0261,635.778,0,1,4.53968,32.3834,630.534,0,1,-21.4653,19.4683,634.451,0,1,-19.0062,3.06581,631.571,0,1,0.561932,2.54718,632.013,0,1,-44.1964,14.8335,668.41,-0.0348955,1,43.652,14.8335,668.41,0.0348955,1,-43.5343,14.8335,668.41,-0.0348955,1,44.314,14.8335,668.41,0.0348955,1,-42.8723,14.8335,668.41,-0.0348955,0,0.0,18,689.5
813,-10.1076,2.57243,521,0.505344,0.127132,1,7.02664,19.0783,636.06,0,1,4.63603,32.4265,630.735,0,1,-21.3148,19.5137,634.624,0,1,-19.2331,3.01815,631.898,0,1,0.802512,2.75947,632.181,0,1,-43.404,15.4866,667.643,-0.0697246,1,42.3229,15.4866,667.643,0.0697246,1,-42.0892,15.4866,667.643,-0.0697246,1,43.6377,15.4866,667.643,0.0697246,1,-40.7743,15.4866,667.643,-0.0697246,0,0.0,18,690
814,-10.5738,2.85579,521.5,0.497236,0.142703,1,7.26781,19.1191,636.339,0,1,4.72269,32.458,630.938,0,1,-21.1562,19.5706,634.796,0,1,-19.4554,2.982,632.227,0,1,1.04006,2.96912,632.35,0,1,-42.6228,16.1371,666.914,-0.104421,1,41.0126,16.1371,666.914,0.104421,1,-40.6645,16.1371,666.914,-0.104421,1,42.9709,16.1371,666.914,0.104421,1,-38.7061,16.1371,666.914,-0.104421,0,0.0,18,690.5
815,-11.0381,3.14476,522,0.489939,0.156717,1,7.51151,19.1482,636.616,0,1,4.79951,32.4779,631.144,0,1,-20.9896,19.6386,634.966,0,1,-19.6727,2.95746,632.557,0,1,1.27415,3.17551,632.52,0,1,-41.8529,16.784,666.222,-0.138919,1,39.7212,16.784,666.222,0.138919,1,-39.2603,16.784,666.222,-0.138919,1,42.3138,16.784,666.222,0.138919,1,-36.6677,16.784,666.222,-0.138919,0,0.0,18,691
816,-11.5005,3.4389,522.5,0.483371,0.16933,1,7.75731,19.1657,636.891,0,1,4.86636,32.4861,631.352,0,1,-20.8154,19.7178,635.136,0,1,-19.8847,2.94462,632.888,0,1,1.50439,3.37803,632.69,0,1,-41.0942,17.4258,665.567,-0.173152,1,38.4486,17.4258,665.567,0.173152,1,-37.8766,17.4258,665.567,-0.173152,1,41.6662,17.4258,665.567,0.173152,1,-34.659,17.4258,665.567,-0.173152,0,0.0,18,691.5
817,-11.9613,3.73779,523,0.477461,0.180681,1,8.0048,19.1715,637.163,0,1,4.92311,32.4825,631.562,0,1,-20.6339,19.8077,635.304,0,1,-20.091,2.9435,633.219,0,1,1.73037,3.57608,632.862,0,1,-40.3468,18.0615,664.949,-0.207055,1,37.1949,18.0615,664.949,0.207055,1,-36.5135,18.0615,664.949,-0.207055,1,41.0282,18.0615,664.949,0.207055,1,-32.6801,18.0615,664.949,-0.207055,0,0.0,18,692
818,-12.4206,4.04105,523.5,0.472141,0.190897,1,8.25354,19.1656,637.433,0,1,4.96967,32.4673,631.774,0,1,-20.4454,19.9081,635.472,0,1,-20.2912,2.95411,633.552,0,1,1.9517,3.76909,633.035,0,1,-39.6106,18.6898,664.366,-0.240565,1,35.96,18.6898,664.366,0.240565,1,-35.1708,18.6898,664.366,-0.240565,1,40.3998,18.6898,664.366,0.240565,1,-30.731,18.6898,664.366,-0.240565,0,0.0,18,692.5
819,-12.8785,4.34834,524,0.467353,0.200092,1,8.50311,19.1479,637.7,0,1,5.00596,32.4403,631.989,0,1,-20.2503,20.0189,635.639,0,1,-20.485,2.97642,633.885,0,1,2.168,3.9565,633.21,0,1,-38.8856,19.3095,663.819,-0.273616,1,34.744,19.3095,663.819,0.273616,1,-33.8486,19.3095,663.819,-0.273616,1,39.781,19.3095,663.819,0.273616,1,-28.8116,19.3095,663.819,-0.273616,0,0.0,18,693
820,-13.3352,4.65933,524.5,0.463044,0.208367,1,8.75306,19.1186,637.965,0,1,5.03192,32.4017,632.206,0,1,-20.0487,20.1395,635.805,0,1,-20.6721,3.01037,634.22,0,1,2.3789,4.13774,633.385,0,1,-38.1719,19.9195,663.306,-0.306147,1,33.5468,19.9195,663.306,0.306147,1,-32.5469,19.9195,663.306,-0.306147,1,39.1718,19.9195,663.306,0.306147,1,-26.9219,19.9195,663.306,-0.306147,0,0.0,18,693.5
821,-13.9176,4.72859,525,0.47674,0.18753,1,9.00296,19.0777,638.227,0,1,5.0475,32.3517,632.425,0,1,-19.8412,20.2697,635.97,0,1,-20.8521,3.05585,634.554,0,1,2.58402,4.31229,633.562,0,1,-37.4694,20.5185,662.827,-0.338095,1,32.3685,20.5185,662.827,0.338095,1,-31.2657,20.5185,662.827,-0.338095,1,38.5722,20.5185,662.827,0.338095,1,-25.062,20.5185,662.827,-0.338095,0,0.0,18,694
822,-14.07,4.79231,525.5,0.429066,0.168777,1,9.25238,19.0254,638.486,0,1,5.05267,32.2903,632.647,0,1,-19.6281,20.409,636.135,0,1,-21.0248,3.11274,634.89,0,1,2.783,4.47964,633.74,0,1,-36.7782,21.1055,662.382,-0.369399,1,31.2091,21.1055,662.382,0.369399,1,-30.0051,21.1055,662.382,-0.369399,1,37.9822,21.1055,662.382,0.369399,1,-23.2319,21.1055,662.382,-0.369399,0,0.0,18,694.5
823,-13.777,4.85094,526,0.326159,0.151899,1,9.50089,18.9617,638.743,0,1,5.04743,32.2178,632.871,0,1,-19.4097,20.5572,636.299,0,1,-21.1897,3.18085,635.226,0,1,2.97552,4.6393,633.92,0,1,-36.0982,21.6792,661.969,-0.4,1,30.0685,21.6792,661.969,0.4,1,-28.7649,21.6792,661.969,-0.4,1,37.4018,21.6792,661.969,0.4,1,-21.4315,21.6792,661.969,-0.4,0,0.0,18,695
824,-13.4573,4.90487,526.5,0.233543,0.13671,1,9.74806,18.8869,638.998,0,1,5.03178,32.1343,633.098,0,1,-19.1865,20.7137,636.463,0,1,-21.3467,3.26,635.562,0,1,3.16122,4.79079,634.102,0,1,-35.4294,22.2387,661.589,-0.42984,1,28.9467,22.2387,661.589,0.42984,1,-27.5452,22.2387,661.589,-0.42984,1,36.831,22.2387,661.589,0.42984,1,-19.6609,22.2387,661.589,-0.42984,0,0.0,18,695.5
825,-13.1133,4.95449,527,0.150189,0.123039,1,9.99345,18.8012,639.25,0,1,5.00575,32.0401,633.327,0,1,-18.9587,20.8781,636.626,0,1,-21.4954,3.34996,635.899,0,1,3.3398,4.93368,634.285,0,1,-34.7719,22.7829,661.241,-0.458861,1,27.8438,22.7829,661.241,0.458861,1,-26.346,22.7829,661.241,-0.458861,1,36.2697,22.7829,661.241,0.458861,1,-17.9201,22.7829,661.241,-0.458861,0,0.0,18,696
826,-12.7467,5.00014,527.5,0.0751701,0.110735,1,10.2366,18.7049,639.499,0,1,4.96939,31.9355,633.558,0,1,-18.7269,21.0498,636.789,0,1,-21.6357,3.45045,636.236,0,1,3.51093,5.06754,634.47,0,1,-34.1256,23.3107,660.923,-0.487009,1,26.7598,23.3107,660.923,0.487009,1,-25.1673,23.3107,660.923,-0.487009,1,35.7181,23.3107,660.923,0.487009,1,-16.209,23.3107,660.923,-0.487009,0,0.0,18,696.5
827,-12.3595,5.04214,528,0.00765306,0.0996612,1,10.4772,18.5982,639.746,0,1,4.92276,31.8208,633.792,0,1,-18.4913,21.2285,636.952,0,1,-21.7672,3.56118,636.573,0,1,3.67432,5.19198,634.656,0,1,-33.4906,23.8211,660.637,-0.51423,1,25.6946,23.8211,660.637,0.51423,1,-24.0091,23.8211,660.637,-0.51423,1,35.1761,23.8211,660.637,0.51423,1,-14.5276,23.8211,660.637,-0.51423,0,0.0,18,697
828,-11.9533,5.08078,528.5,-0.0531122,0.0896951,1,10.7148,18.4815,639.991,0,1,4.86594,31.6963,634.029,0,1,-18.2525,21.4135,637.115,0,1,-21.8897,3.68183,636.91,0,1,3.82969,5.30664,634.844,0,1,-32.8668,24.3131,660.38,-0.540472,1,24.6482,24.3131,660.38,0.540472,1,-22.8714,24.3131,660.38,-0.540472,1,34.6436,24.3131,660.38,0.540472,1,-12.8761,24.3131,660.38,-0.540472,0,0.0,18,697.5
829,-11.5296,5.11633,529,-0.107801,0.0807256,1,10.9488,18.355,640.232,0,1,4.79902,31.5624,634.268,0,1,-18.0108,21.6044,637.277,0,1,-22.0031,3.81205,637.248,0,1,3.97677,5.41119,635.034,0,1,-32.2542,24.7859,660.153,-0.565686,1,23.6208,24.7859,660.153,0.565686,1,-21.7542,24.7859,660.153,-0.565686,1,34.1208,24.7859,660.153,0.565686,1,-11.2542,24.7859,660.153,-0.565686,0,0.0,18,698
830,-11.0897,5.14903,529.5,-0.157021,0.072653,1,11.1791,18.2192,640.472,0,1,4.72214,31.4194,634.51,0,1,-17.7667,21.8005,637.44,0,1,-22.107,3.95145,637.585,0,1,4.1153,5.5053,635.226,0,1,-31.6529,25.2384,659.954,-0.589822,1,22.6121,25.2384,659.954,0.589822,1,-20.6575,25.2384,659.954,-0.589822,1,33.6075,25.2384,659.954,0.589822,1,-9.66217,25.2384,659.954,-0.589822,0,0.0,18,698.5
831,-10.6351,5.17912,530,-0.201319,0.0653877,1,11.405,18.0745,640.708,0,1,4.63541,31.2679,634.754,0,1,-17.5205,22.0014,637.602,0,1,-22.2015,4.09963,637.923,0,1,4.24504,5.58871,635.42,0,1,-31.0628,25.6699,659.784,-0.612836,1,21.6223,25.6699,659.784,0.612836,1,-19.5814,25.6699,659.784,-0.612836,1,33.1038,25.6699,659.784,0.612836,1,-8.09988,25.6699,659.784,-0.612836,0,0.0,18,699
832,-10.1668,5.2068,530.5,-0.241187,0.058849,1,11.6263,17.9213,640.943,0,1,4.53899,31.1082,635.001,0,1,-17.2727,22.2063,637.765,0,1,-22.2861,4.25614,638.26,0,1,4.36577,5.66118,635.616,0,1,-30.484,26.0795,659.641,-0.634683,1,20.6514,26.0795,659.641,0.634683,1,-18.5257,26.0795,659.641,-0.634683,1,32.6097,26.0795,659.641,0.634683,1,-6.56732,26.0795,659.641,-0.634683,0,0.0,18,699.5
833,-9.686,5.23226,531,-0.277068,0.0529641,1,11.8426,17.7599,641.174,0,1,4.43305,30.9408,635.25,0,1,-17.0238,22.4147,637.928,0,1,-22.361,4.42054,638.597,0,1,4.47728,5.72248,635.814,0,1,-29.9164,26.4665,659.526,-0.655322,1,19.6993,26.4665,659.526,0.655322,1,-17.4905,26.4665,659.526,-0.655322,1,32.1253,26.4665,659.526,0.655322,1,-5.06455,26.4665,659.526,-0.655322,0,0.0,18,700
834,-9.19365,5.25569,531.5,-0.309361,0.0476676,1,12.0535,17.591,641.403,0,1,4.31776,30.7662,635.502,0,1,-16.7741,22.626,638.091,0,1,-22.4258,4.59233,638.934,0,1,4.57937,5.77245,636.014,0,1,-29.36,26.8301,659.437,-0.674713,1,18.7661,26.8301,659.437,0.674713,1,-16.4758,26.8301,659.437,-0.674713,1,31.6504,26.8301,659.437,0.674713,1,-3.59151,26.8301,659.437,-0.674713,0,0.0,18,700.5
835,-8.69069,5.27725,532,-0.338425,0.0429009,1,12.2586,17.415,641.63,0,1,4.19334,30.5849,635.756,0,1,-16.5241,22.8396,638.255,0,1,-22.4805,4.77102,639.27,0,1,4.67187,5.81093,636.216,0,1,-28.8149,27.1696,659.374,-0.69282,1,17.8517,27.1696,659.374,0.69282,1,-15.4816,27.1696,659.374,-0.69282,1,31.1851,27.1696,659.374,0.69282,1,-2.14824,27.1696,659.374,-0.69282,0,0.0,18,701
836,-8.17797,5.29708,532.5,-0.364583,0.0386108,1,12.4576,17.2325,641.854,0,1,4.06,30.3974,636.013,0,1,-16.2743,23.0549,638.418,0,1,-22.525,4.95607,639.606,0,1,4.75461,5.83781,636.42,0,1,-28.281,27.4844,659.336,-0.709609,1,16.9562,27.4844,659.336,0.709609,1,-14.5079,27.4844,659.336,-0.709609,1,30.7294,27.4844,659.336,0.709609,1,-0.734726,27.4844,659.336,-0.709609,0,0.0,18,701.5
837,-7.65626,5.31532,533,-0.388124,0.0347497,1,12.6501,17.0438,642.076,0,1,3.91796,30.2044,636.273,0,1,-16.025,23.2711,638.583,0,1,-22.5592,5.14695,639.942,0,1,4.82745,5.85302,636.627,0,1,-27.7584,27.7739,659.323,-0.725046,1,16.0796,27.7739,659.323,0.725046,1,-13.5547,27.7739,659.323,-0.725046,1,30.2833,27.7739,659.323,0.725046,1,0.649031,27.7739,659.323,-0.725046,0,0.0,18,702
838,-7.12629,5.3321,533.5,-0.409312,0.0312747,1,12.8357,16.8497,642.296,0,1,3.76748,30.0063,636.535,0,1,-15.7767,23.4878,638.748,0,1,-22.583,5.3431,640.276,0,1,4.89027,5.8565,636.835,0,1,-27.247,28.0374,659.334,-0.739104,1,15.2218,28.0374,659.334,0.739104,1,-12.622,28.0374,659.334,-0.739104,1,29.8468,28.0374,659.334,0.739104,1,2.00303,28.0374,659.334,-0.739104,0,0.0,18,702.5
839,-6.58872,5.34755,534,-0.428381,0.0281473,1,13.0143,16.6507,642.513,0,1,3.60881,29.8038,636.799,0,1,-15.5299,23.7042,638.914,0,1,-22.5965,5.54395,640.611,0,1,4.94296,5.84825,637.046,0,1,-26.7468,28.2746,659.369,-0.751754,1,14.3828,28.2746,659.369,0.751754,1,-11.7098,28.2746,659.369,-0.751754,1,29.4198,28.2746,659.369,0.751754,1,3.32727,28.2746,659.369,-0.751754,0,0.0,18,703
840,-6.04415,5.36175,534.5,-0.445543,0.0253325,1,13.1854,16.4473,642.728,0,1,3.44224,29.5973,637.066,0,1,-15.2849,23.9196,639.08,0,1,-22.5996,5.74889,640.944,0,1,4.98542,5.82829,637.26,0,1,-26.2579,28.485,659.427,-0.762974,1,13.5627,28.485,659.427,0.762974,1,-10.8181,28.485,659.427,-0.762974,1,29.0025,28.485,659.427,0.762974,1,4.62175,28.485,659.427,-0.762974,0,0.0,18,703.5
841,-5.49315,5.37482,535,-0.460988,0.0227993,1,13.3487,16.2402,642.94,0,1,3.26804,29.3877,637.336,0,1,-15.0422,24.1336,639.247,0,1,-22.5922,5.95734,641.277,0,1,5.01759,5.79668,637.475,0,1,-25.7802,28.6681,659.507,-0.772741,1,12.7614,28.6681,659.507,0.772741,1,-9.94687,28.6681,659.507,-0.772741,1,28.5948,28.6681,659.507,0.772741,1,5.88647,28.6681,659.507,-0.772741,0,0.0,18,704
842,-4.93623,5.38685,535.5,-0.47489,0.0205194,1,13.5041,16.0299,643.15,0,1,3.08653,29.1754,637.608,0,1,-14.8022,24.3454,639.415,0,1,-22.5745,6.16867,641.609,0,1,5.0394,5.75352,637.693,0,1,-25.3138,28.8237,659.61,-0.781037,1,11.9791,28.8237,659.61,0.781037,1,-9.09616,28.8237,659.61,-0.781037,1,28.1966,28.8237,659.61,0.781037,1,7.12143,28.8237,659.61,-0.781037,0,0.0,18,704.5
843,-4.37386,5.39791,536,-0.487401,0.0184674,1,13.6511,15.8171,643.358,0,1,2.89801,28.961,637.883,0,1,-14.5653,24.5545,639.584,0,1,-22.5464,6.38228,641.939,0,1,5.05082,5.69892,637.913,0,1,-24.8586,28.9514,659.733,-0.787846,1,11.2155,28.9514,659.733,0.787846,1,-8.26596,28.9514,659.733,-0.787846,1,27.8081,28.9514,659.733,0.787846,1,8.32663,28.9514,659.733,-0.787846,0,0.0,18,705
844,-3.80648,5.40808,536.5,-0.498661,0.0166207,1,13.7896,15.6025,643.564,0,1,2.70282,28.7453,638.16,0,1,-14.3319,24.7601,639.754,0,1,-22.5079,6.59753,642.269,0,1,5.05183,5.63306,638.136,0,1,-24.4146,29.0509,659.878,-0.793156,1,10.4708,29.0509,659.878,0.793156,1,-7.45625,29.0509,659.878,-0.793156,1,27.4292,29.0509,659.878,0.793156,1,9.50208,29.0509,659.878,-0.793156,0,0.0,18,705.5
845,-3.2345,5.41745,537,-0.508795,0.0149586,1,13.9193,15.3865,643.767,0,1,2.5013,28.5288,638.439,0,1,-14.1025,24.9618,639.925,0,1,-22.4592,6.81379,642.598,0,1,5.04242,5.55612,638.361,0,1,-23.9819,29.1222,660.042,-0.796956,1,9.74498,29.1222,660.042,0.796956,1,-6.66705,29.1222,660.042,-0.796956,1,27.0598,29.1222,660.042,0.796956,1,10.6478,29.1222,660.042,-0.796956,0,0.0,18,706
846,-2.65827,5.42606,537.5,-0.517915,0.0134627,1,14.04,15.17,643.969,0,1,2.29379,28.3122,638.721,0,1,-13.8774,25.1589,640.097,0,1,-22.4003,7.03043,642.925,0,1,5.02261,5.46832,638.589,0,1,-23.5604,29.165,660.226,-0.799239,1,9.038,29.165,660.226,0.799239,1,-5.89834,29.165,660.226,-0.799239,1,26.7,29.165,660.226,0.799239,1,11.7637,29.165,660.226,-0.799239,0,0.0,18,706.5
847,-2.07814,5.43399,538,-0.526124,0.0121165,1,14.1515,14.9534,644.168,0,1,2.08065,28.0961,639.005,0,1,-13.6571,25.3508,640.27,0,1,-22.3314,7.24681,643.252,0,1,4.99245,5.36993,638.819,0,1,-23.1501,29.1792,660.429,-0.8,1,8.34986,29.1792,660.429,0.8,1,-5.15013,29.1792,660.429,-0.8,1,26.3499,29.1792,660.429,0.8,1,12.8499,29.1792,660.429,-0.8,0,0.0,18,707
848,-1.49442,5.44128,538.5,-0.533511,0.0109048,1,14.2535,14.7375,644.365,0,1,1.86226,27.8812,639.291,0,1,-13.4418,25.537,640.445,0,1,-22.2525,7.4623,643.577,0,1,4.95197,5.26124,639.052,0,1,-22.7511,29.165,660.65,-0.799239,1,7.68059,29.165,660.65,0.799239,1,-4.42242,29.165,660.65,-0.799239,1,26.0093,29.165,660.65,0.799239,1,13.9063,29.165,660.65,-0.799239,0,0.0,18,707.5
849,-0.907396,5.44798,539,-0.54016,0.00981434,1,14.346,14.5228,644.56,0,1,1.63899,27.668,639.58,0,1,-13.2321,25.717,640.62,0,1,-22.1638,7.67626,643.901,0,1,4.90125,5.14256,639.287,0,1,-22.3634,29.1222,660.89,-0.796956,1,7.03016,29.1222,660.89,0.796956,1,-3.71521,29.1222,660.89,-0.796956,1,25.6783,29.1222,660.89,0.796956,1,14.9329,29.1222,660.89,-0.796956,0,0.0,18,708
850,-0.317336,5.45416,539.5,-0.546144,0.00883291,1,14.4287,14.3101,644.753,0,1,1.41122,27.4572,639.871,0,1,-13.0282,25.8901,640.798,0,1,-22.0655,7.88807,644.223,0,1,4.84038,5.01424,639.524,0,1,-21.9868,29.0509,661.146,-0.793156,1,6.39859,29.0509,661.146,0.793156,1,-3.0285,29.0509,661.146,-0.793156,1,25.3569,29.0509,661.146,0.793156,1,15.9298,29.0509,661.146,-0.793156,0,0.0,18,708.5
851,0.27552,5.45983,540,-0.55153,0.00794962,1,14.5015,14.0999,644.945,0,1,1.17937,27.2494,640.164,0,1,-12.8304,26.056,640.976,0,1,-21.9576,8.09711,644.544,0,1,4.76946,4.87667,639.764,0,1,-21.6215,28.9514,661.419,-0.787846,1,5.78587,28.9514,661.419,0.787846,1,-2.36228,28.9514,661.419,-0.787846,1,25.0451,28.9514,661.419,0.787846,1,16.897,28.9514,661.419,-0.787846,0,0.0,18,709
852,0.870947,5.46506,540.5,-0.556377,0.00715465,1,14.5643,13.8928,645.134,0,1,0.943824,27.0453,640.46,0,1,-12.6393,26.2141,641.157,0,1,-21.8405,8.30277,644.863,0,1,4.68862,4.73023,640.007,0,1,-21.2675,28.8237,661.708,-0.781037,1,5.192,28.8237,661.708,0.781037,1,-1.71657,28.8237,661.708,-0.781037,1,24.7429,28.8237,661.708,0.781037,1,17.8344,28.8237,661.708,-0.781037,0,0.0,18,709.5
853,1.46874,5.46986,541,-0.560739,0.00643919,1,14.6169,13.6895,645.322,0,1,0.704996,26.8454,640.757,0,1,-12.4549,26.3639,641.338,0,1,-21.7142,8.50443,645.181,0,1,4.598,4.57536,640.252,0,1,-20.9247,28.6681,662.013,-0.772741,1,4.61699,28.6681,662.013,0.772741,1,-1.09135,28.6681,662.013,-0.772741,1,24.4503,28.6681,662.013,0.772741,1,18.742,28.6681,662.013,-0.772741,0,0.0,18,710
854,2.06871,5.47428,541.5,-0.564665,0.00579527,1,14.6593,13.4905,645.508,0,1,0.463299,26.6503,641.057,0,1,-12.2778,26.505,641.522,0,1,-21.5791,8.7015,645.497,0,1,4.49775,4.41252,640.5,0,1,-20.5931,28.485,662.333,-0.762974,1,4.06082,28.485,662.333,0.762974,1,-0.486637,28.485,662.333,-0.762974,1,24.1673,28.485,662.333,0.762974,1,19.6198,28.485,662.333,-0.762974,0,0.0,18,710.5
855,2.67068,5.47835,542,-0.568199,0.00521574,1,14.6915,13.2965,645.692,0,1,0.219153,26.4606,641.359,0,1,-12.1082,26.637,641.707,0,1,-21.4353,8.89342,645.812,0,1,4.38805,4.24218,640.75,0,1,-20.2728,28.2746,662.667,-0.751754,1,3.52351,28.2746,662.667,0.751754,1,0.0975828,28.2746,662.667,-0.751754,1,23.8939,28.2746,662.667,0.751754,1,20.468,28.2746,662.667,-0.751754,0,0.0,18,711
856,3.2745,5.48209,542.5,-0.571379,0.00469417,1,14.7132,13.1079,645.874,0,1,-0.0270174,26.2768,641.663,0,1,-11.9464,26.7595,641.894,0,1,-21.2832,9.07962,646.124,0,1,4.26909,4.06485,641.003,0,1,-19.9637,28.0374,663.015,-0.739104,1,3.00506,28.0374,663.015,0.739104,1,0.661303,28.0374,663.015,-0.739104,1,23.6301,28.0374,663.015,0.739104,1,21.2863,28.0374,663.015,-0.739104,0,0.0,18,711.5
857,3.88001,5.48553,543,-0.574241,0.00422475,1,14.7246,12.9254,646.055,0,1,-0.274785,26.0996,641.969,0,1,-11.7927,26.8722,642.082,0,1,-21.1229,9.25955,646.435,0,1,4.14107,3.88103,641.259,0,1,-19.6658,27.7739,663.376,-0.725046,1,2.50546,27.7739,663.376,0.725046,1,1.20452,27.7739,663.376,-0.725046,1,23.3758,27.7739,663.376,0.725046,1,22.0749,27.7739,663.376,-0.725046,0,0.0,18,712
858,4.48707,5.4887,543.5,-0.576817,0.00380228,1,14.7256,12.7495,646.234,0,1,-0.523721,25.9293,642.276,0,1,-11.6473,26.9746,642.273,0,1,-20.9547,9.43268,646.744,0,1,4.00422,3.69128,641.517,0,1,-19.3792,27.4844,663.749,-0.709609,1,2.02471,27.4844,663.749,0.709609,1,1.72725,27.4844,663.749,-0.709609,1,23.1312,27.4844,663.749,0.709609,1,22.8337,27.4844,663.749,-0.709609,0,0.0,18,712.5
859,5.09558,5.49161,544,-0.579135,0.00342205,1,14.7161,12.5807,646.412,0,1,-0.773391,25.7665,642.586,0,1,-11.5105,27.0666,642.465,0,1,-20.779,9.59851,647.051,0,1,3.85878,3.49616,641.777,0,1,-19.1039,27.1696,664.135,-0.69282,1,1.56281,27.1696,664.135,0.69282,1,2.22947,27.1696,664.135,-0.69282,1,22.8961,27.1696,664.135,0.69282,1,23.5628,27.1696,664.135,-0.69282,0,0.0,18,713
860,5.7054,5.4943,544.5,-0.581222,0.00307984,1,14.6963,12.4195,646.589,0,1,-1.02336,25.6117,642.898,0,1,-11.3826,27.1479,642.659,0,1,-20.5961,9.75655,647.357,0,1,3.70499,3.29621,642.04,0,1,-18.8397,26.8301,664.532,-0.674713,1,1.11976,26.8301,664.532,0.674713,1,2.71119,26.8301,664.532,-0.674713,1,22.6707,26.8301,664.532,0.674713,1,24.2621,26.8301,664.532,-0.674713,0,0.0,18,713.5
861,6.31644,5.49676,545,-0.583099,0.00277186,1,14.6661,12.2664,646.764,0,1,-1.2732,25.4653,643.211,0,1,-11.2637,27.2181,642.856,0,1,-20.4062,9.90633,647.66,0,1,3.54312,3.09205,642.306,0,1,-18.5868,26.4665,664.94,-0.655322,1,0.695575,26.4665,664.94,0.655322,1,3.17242,26.4665,664.94,-0.655322,1,22.4548,26.4665,664.94,0.655322,1,24.9317,26.4665,664.94,-0.655322,0,0.0,18,714
862,6.92859,5.49903,545.5,-0.58479,0.00249467,1,14.6255,12.1218,646.938,0,1,-1.52248,25.3278,643.526,0,1,-11.154,27.2772,643.054,0,1,-20.2097,10.0474,647.961,0,1,3.37347,2.88427,642.574,0,1,-18.3452,26.0796,665.359,-0.634683,1,0.290236,26.0796,665.359,0.634683,1,3.61314,26.0796,665.359,-0.634683,1,22.2486,26.0796,665.359,0.634683,1,25.5715,26.0796,665.359,-0.634683,0,0.0,18,714.5
863,7.41485,5.25599,546,-0.568737,-0.0260391,1,14.5748,11.9861,647.11,0,1,-1.77076,25.1996,643.843,0,1,-11.0538,27.3249,643.254,0,1,-20.0069,10.1794,648.26,0,1,3.19631,2.67347,642.845,0,1,-18.1148,25.6699,665.787,-0.612836,1,-0.0962493,25.6699,665.787,0.612836,1,4.03337,25.6699,665.787,-0.612836,1,22.0519,25.6699,665.787,0.612836,1,26.1815,25.6699,665.787,-0.612836,0,0.0,18,715
864,7.89757,5.0041,546.5,-0.55429,-0.0517194,1,14.5139,11.8598,647.282,0,1,-2.0176,25.081,644.161,0,1,-10.9633,27.361,643.457,0,1,-19.7982,10.3019,648.557,0,1,3.01196,2.46027,643.118,0,1,-17.8956,25.2384,666.224,-0.589822,1,-0.463883,25.2384,666.224,0.589822,1,4.4331,25.2384,666.224,-0.589822,1,21.8648,25.2384,666.224,0.589822,1,26.7618,25.2384,666.224,-0.589822,0,0.0,18,715.5
865,8.37702,4.74409,547,-0.541287,-0.0748318,1,14.4429,11.7432,647.452,0,1,-2.2626,24.9723,644.481,0,1,-10.8825,27.3856,643.661,0,1,-19.584,10.4145,648.851,0,1,2.82073,2.24531,643.393,0,1,-17.6877,24.7859,666.67,-0.565686,1,-0.812661,24.7859,666.67,0.565686,1,4.81233,24.7859,666.67,-0.565686,1,21.6873,24.7859,666.67,0.565686,1,27.3123,24.7859,666.67,-0.565686,0,0.0,18,716
866,8.85347,4.47658,547.5,-0.529585,-0.0956329,1,14.362,11.6367,647.621,0,1,-2.5053,24.874,644.802,0,1,-10.8117,27.3984,643.868,0,1,-19.3646,10.517,649.144,0,1,2.62297,2.0292,643.671,0,1,-17.491,24.3131,667.124,-0.540473,1,-1.14259,24.3131,667.124,0.540473,1,5.17106,24.3131,667.124,-0.540473,1,21.5194,24.3131,667.124,0.540473,1,27.8331,24.3131,667.124,-0.540473,0,0.0,18,716.5
867,9.32716,4.2022,548,-0.519053,-0.114354,1,14.2713,11.5405,647.79,0,1,-2.74531,24.7863,645.125,0,1,-10.7508,27.3996,644.077,0,1,-19.1404,10.6089,649.434,0,1,2.41901,1.81259,643.951,0,1,-17.3055,23.8211,667.585,-0.514231,1,-1.45366,23.8211,667.585,0.514231,1,5.50929,23.8211,667.585,-0.514231,1,21.3612,23.8211,667.585,0.514231,1,28.3241,23.8211,667.585,-0.514231,0,0.0,18,717
868,9.79832,3.92148,548.5,-0.509574,-0.131203,1,14.171,11.455,647.957,0,1,-2.98219,24.7095,645.449,0,1,-10.7002,27.389,644.289,0,1,-18.9117,10.6901,649.722,0,1,2.2092,1.59611,644.234,0,1,-17.1313,23.3107,668.053,-0.48701,1,-1.74588,23.3107,668.053,0.48701,1,5.82703,23.3107,668.053,-0.48701,1,21.2124,23.3107,668.053,0.48701,1,28.7854,23.3107,668.053,-0.48701,0,0.0,18,717.5
869,10.2671,3.63494,549,-0.501043,-0.146367,1,14.0613,11.3804,648.124,0,1,-3.21554,24.6437,645.775,0,1,-10.6598,27.3667,644.503,0,1,-18.6791,10.7603,650.008,0,1,1.99391,1.38039,644.519,0,1,-16.9683,22.7829,668.527,-0.458862,1,-2.01925,22.7829,668.527,0.458862,1,6.12426,22.7829,668.527,-0.458862,1,21.0733,22.7829,668.527,0.458862,1,29.2168,22.7829,668.527,-0.458862,0,0.0,18,718
870,10.7338,3.34303,549.5,-0.493365,-0.160014,1,13.9423,11.3169,648.29,0,1,-3.44496,24.5892,646.102,0,1,-10.6297,27.3328,644.719,0,1,-18.4429,10.8194,650.291,0,1,1.77352,1.16607,644.806,0,1,-16.8166,22.2388,669.007,-0.42984,1,-2.27377,22.2388,669.007,0.42984,1,6.40099,22.2388,669.007,-0.42984,1,20.9438,22.2388,669.007,0.42984,1,29.6186,22.2388,669.007,-0.42984,0,0.0,18,718.5
871,11.1985,3.04619,550,-0.486455,-0.172297,1,13.8142,11.2647,648.455,0,1,-3.67004,24.5461,646.43,0,1,-10.61,27.2873,644.937,0,1,-18.2034,10.867,650.572,0,1,1.54841,0.953774,645.096,0,1,-16.6761,21.6793,669.492,-0.400001,1,-2.50943,21.6793,669.492,0.400001,1,6.65723,21.6793,669.492,-0.400001,1,20.8239,21.6793,669.492,0.400001,1,29.9906,21.6793,669.492,-0.400001,0,0.0,18,719
872,11.6614,2.74482,550.5,-0.480236,-0.183352,1,13.6773,11.2239,648.62,0,1,-3.89039,24.5146,646.759,0,1,-10.6006,27.2304,645.158,0,1,-17.9612,10.9031,650.85,0,1,1.31897,0.744128,645.388,0,1,-16.5468,21.1055,669.982,-0.369399,1,-2.72624,21.1055,669.982,0.369399,1,6.89297,21.1055,669.982,-0.369399,1,20.7136,21.1055,669.982,0.369399,1,30.3328,21.1055,669.982,-0.369399,0,0.0,18,719.5
873,12.1225,2.43927,551,-0.474639,-0.193301,1,13.5319,11.1948,648.784,0,1,-4.10563,24.4947,647.089,0,1,-10.6017,27.1623,645.381,0,1,-17.7166,10.9276,651.126,0,1,1.08559,0.537748,645.682,0,1,-16.4288,20.5185,670.475,-0.338095,1,-2.92419,20.5185,670.475,0.338095,1,7.10821,20.5185,670.475,-0.338095,1,20.6128,20.5185,670.475,0.338095,1,30.6452,20.5185,670.475,-0.338095,0,0.0,18,720
874,12.5822,2.12988,551.5,-0.469601,-0.202255,1,13.378,11.1773,648.948,0,1,-4.31539,24.4865,647.42,0,1,-10.6132,27.0832,645.607,0,1,-17.4701,10.9405,651.4,0,1,0.848678,0.335234,645.979,0,1,-16.3221,19.9195,670.972,-0.306147,1,-3.1033,19.9195,670.972,0.306147,1,7.30295,19.9195,670.972,-0.306147,1,20.5217,19.9195,670.972,0.306147,1,30.9279,19.9195,670.972,-0.306147,0,0.0,18,720.5
875,13.0404,1.81696,552,-0.465068,-0.210314,1,13.2161,11.1715,649.111,0,1,-4.51931,24.4901,647.752,0,1,-10.6351,26.9933,645.835,0,1,-17.222,10.9416,651.671,0,1,0.608652,0.137183,646.277,0,1,-16.2265,19.3096,671.472,-0.273617,1,-3.26355,19.3096,671.472,0.273617,1,7.47719,19.3096,671.472,-0.273617,1,20.4402,19.3096,671.472,0.273617,1,31.1809,19.3096,671.472,-0.273617,0,0.0,18,721
876,13.4974,1.50078,552.5,-0.460987,-0.217567,1,13.0464,11.1775,649.274,0,1,-4.71702,24.5054,648.085,0,1,-10.6673,26.8928,646.065,0,1,-16.9729,10.9309,651.94,0,1,0.365925,-0.0558209,646.578,0,1,-16.1422,18.6898,671.974,-0.240565,1,-3.40494,18.6898,671.974,0.240565,1,7.63093,18.6898,671.974,-0.240565,1,20.3682,18.6898,671.974,0.240565,1,31.4041,18.6898,671.974,-0.240565,0,0.0,18,721.5
877,13.9531,1.18162,553,-0.457315,-0.224094,1,12.8692,11.1952,649.437,0,1,-4.90819,24.5324,648.419,0,1,-10.7098,26.7821,646.298,0,1,-16.7231,10.9086,652.206,0,1,0.120918,-0.243218,646.88,0,1,-16.0692,18.0615,672.477,-0.207056,1,-3.52749,18.0615,672.477,0.207056,1,7.76417,18.0615,672.477,-0.207056,1,20.3058,18.0615,672.477,0.207056,1,31.5975,18.0615,672.477,-0.207056,0,0.0,18,722
878,14.4077,0.859706,553.5,-0.45401,-0.229969,1,12.6849,11.2245,649.599,0,1,-5.09248,24.571,648.753,0,1,-10.7626,26.6614,646.534,0,1,-16.4731,10.8746,652.47,0,1,-0.125942,-0.424455,647.185,0,1,-16.0073,17.4259,672.982,-0.173153,1,-3.63118,17.4259,672.982,0.173153,1,7.87692,17.4259,672.982,-0.173153,1,20.2531,17.4259,672.982,0.173153,1,31.7612,17.4259,672.982,-0.173153,0,0.0,18,722.5
879,14.8614,0.535261,554,-0.451035,-0.235256,1,12.4936,11.2654,649.762,0,1,-5.26958,24.621,649.088,0,1,-10.8255,26.5312,646.772,0,1,-16.2234,10.8291,652.731,0,1,-0.374229,-0.598998,647.492,0,1,-15.9568,16.784,673.487,-0.138919,1,-3.71602,16.784,673.487,0.138919,1,7.96916,16.784,673.487,-0.138919,1,20.2099,16.784,673.487,0.138919,1,31.8951,16.784,673.487,-0.138919,0,0.0,18,723
880,15.0076,0.10695,554.5,-0.405932,-0.251731,1,12.2958,11.3178,649.924,0,1,-5.43918,24.6824,649.424,0,1,-10.8984,26.3918,647.013,0,1,-15.9743,10.7722,652.989,0,1,-0.623511,-0.76634,647.8,0,1,-15.9174,16.1372,673.992,-0.104422,1,-3.782,16.1372,673.992,0.104422,1,8.04091,16.1372,673.992,-0.104422,1,20.1763,16.1372,673.992,0.104422,1,31.9992,16.1372,673.992,-0.104422,0,0.0,18,723.5
881,15.1422,-0.327096,555,-0.365339,-0.266558,1,12.0918,11.3815,650.087,0,1,-5.60098,24.755,649.76,0,1,-10.9812,26.2437,647.256,0,1,-15.7262,10.7041,653.245,0,1,-0.873354,-0.925988,648.11,0,1,-15.8893,15.4866,674.496,-0.0697255,1,-3.82914,15.4866,674.496,0.0697255,1,8.09216,15.4866,674.496,-0.0697255,1,20.1523,15.4866,674.496,0.0697255,1,32.0736,15.4866,674.496,-0.0697255,0,0.0,18,724
882,15.266,-0.766418,555.5,-0.328805,-0.279902,1,11.882,11.4563,650.25,0,1,-5.7547,24.8385,650.097,0,1,-11.0738,26.0872,647.502,0,1,-15.4797,10.6249,653.499,0,1,-1.12333,-1.07747,648.423,0,1,-15.8725,14.8336,674.999,-0.0348964,1,-3.85742,14.8336,674.999,0.0348964,1,8.1229,14.8336,674.999,-0.0348964,1,20.138,14.8336,674.999,0.0348964,1,32.1183,14.8336,674.999,-0.0348964,0,0.0,18,724.5
883,15.3799,-1.21059,556,-0.295924,-0.291912,1,11.6667,11.542,650.412,0,1,-5.90007,24.9327,650.434,0,1,-11.1759,25.9228,647.75,0,1,-15.2352,10.5349,653.75,0,1,-1.37299,-1.22035,648.737,0,1,-15.8668,14.1793,675.5,-8.83736e-07,1,-3.86684,14.1793,675.5,8.83736e-07,1,8.13316,14.1793,675.5,-8.83736e-07,1,20.1332,14.1793,675.5,8.83736e-07,1,32.1332,14.1793,675.5,-8.83736e-07,0,0.0,18,725
884,15.1783,-1.5577,556.5,-0.223905,-0.291005,1,11.4463,11.6383,650.576,0,1,-6.03685,25.0373,650.771,0,1,-11.2875,25.751,648.001,0,1,-14.993,10.4344,653.998,0,0,-1.37299,-1.22035,648.737,0,1,-15.8668,14.1792,676,0,1,-3.86684,14.1792,676,0,1,8.13316,14.1792,676,0,1,20.1332,14.1792,676,0,1,32.1332,14.1792,676,0,0,0.0,18,725.5
885,14.9574,-1.90532,557,-0.159088,-0.290189,1,11.2211,11.7451,650.739,0,1,-6.16479,25.152,651.108,0,1,-11.4083,25.5724,648.254,0,1,-14.7536,10.3237,654.244,0,0,-1.37299,-1.22035,648.737,0,1,-11.1213,15.7392,673.282,0,1,-1.92753,18.1755,678.541,0,1,13.5135,16.6336,673.25,0,1,14.917,15.5801,678.127,0,1,26.607,10.2026,678.095,0,0,0.0,18,726
886,14.5919,-2.00829,557.5,-0.0831795,-0.26117,1,10.9917,11.8618,650.903,0,1,-6.28368,25.2766,651.445,0,1,-11.5381,25.3873,648.51,0,1,-14.5174,10.203,654.488,0,0,-1.37299,-1.22035,648.737,0,1,-11.2784,15.5375,673.546,0,1,-2.16572,18.1602,678.847,0,1,13.3982,16.459,673.502,0,1,15.045,15.7809,678.444,0,1,26.7091,10.1851,678.275,0,0,0.0,18,726.5
887,14.2057,-2.10302,558,-0.0148616,-0.235053,1,10.7583,11.9883,651.068,0,1,-6.3933,25.4105,651.783,0,1,-11.6767,25.1964,648.769,0,1,-14.2848,10.0728,654.728,0,0,-1.37299,-1.22035,648.737,0,1,-11.4434,15.3318,673.813,0,1,-2.40687,18.1333,679.15,0,1,13.2738,16.2778,673.756,0,1,15.1819,15.977,678.76,0,1,26.8207,10.1792,678.454,0,0,0.0,18,727
888,13.8004,-2.19017,558.5,0.0466246,-0.211548,1,10.5213,12.1241,651.233,0,1,-6.49347,25.5534,652.12,0,1,-11.8238,25.0003,649.03,0,1,-14.0562,9.93336,654.967,0,0,-1.37299,-1.22035,648.737,0,1,-11.6161,15.1227,674.082,0,1,-2.65055,18.0948,679.452,0,1,13.1405,16.0903,674.013,0,1,15.3274,16.1678,679.074,0,1,26.9414,10.1851,678.631,0,0,0.0,18,727.5
889,13.3775,-2.27034,559,0.101962,-0.190393,1,10.2813,12.2688,651.399,0,1,-6.58401,25.705,652.458,0,1,-11.9792,24.7995,649.293,0,1,-13.8321,9.78517,655.202,0,0,-1.37299,-1.22035,648.737,0,1,-11.7962,14.9109,674.354,0,1,-2.89635,18.0448,679.751,0,1,12.9984,15.8973,674.273,0,1,15.4812,16.3528,679.387,0,1,27.0712,10.2027,678.807,0,0,0.0,18,728
890,12.9384,-2.34411,559.5,0.151766,-0.171353,1,10.0385,12.4221,651.565,0,1,-6.66477,25.8647,652.795,0,1,-12.1427,24.5945,649.559,0,1,-13.6127,9.62864,655.436,0,0,-1.37299,-1.22035,648.737,0,1,-11.9833,14.6969,674.628,0,1,-3.14383,17.9834,680.048,0,1,12.8479,15.6992,674.535,0,1,15.643,16.5314,679.697,0,1,27.2098,10.232,678.982,0,0,0.0,18,728.5
891,12.4845,-2.41197,560,0.196589,-0.154218,1,9.79352,12.5834,651.732,0,1,-6.7356,26.0321,653.132,0,1,-12.3139,24.3861,649.828,0,1,-13.3986,9.46423,655.666,0,0,-1.37299,-1.22035,648.737,0,1,-12.1772,14.4814,674.904,0,1,-3.39256,17.9109,680.344,0,1,12.6893,15.4966,674.799,0,1,15.8127,16.7031,680.006,0,1,27.3569,10.2729,679.155,0,0,0.0,18,729
892,12.0169,-2.47441,560.5,0.23693,-0.138796,1,9.54665,12.7523,651.901,0,1,-6.79639,26.2068,653.469,0,1,-12.4925,24.1748,650.099,0,1,-13.1899,9.29243,655.894,0,0,-1.37299,-1.22035,648.737,0,1,-12.3775,14.265,675.183,0,1,-3.64212,17.8275,680.636,0,1,12.5227,15.2902,675.067,0,1,15.9899,16.8674,680.312,0,1,27.5123,10.3252,679.327,0,0,0.0,18,729.5
893,11.5366,-2.53185,561,0.273237,-0.124917,1,9.29836,12.9284,652.07,0,1,-6.84702,26.388,653.805,0,1,-12.6782,23.9612,650.372,0,1,-12.9873,9.11373,656.12,0,0,-1.37299,-1.22035,648.737,0,1,-12.5838,14.0484,675.464,0,1,-3.89206,17.7333,680.927,0,1,12.3485,15.0806,675.336,0,1,16.1743,17.0238,680.617,0,1,27.6758,10.3888,679.498,0,0,0.0,18,730
894,11.0448,-2.58469,561.5,0.305914,-0.112425,1,9.04907,13.111,652.24,0,1,-6.88741,26.5755,654.14,0,1,-12.8708,23.7459,650.648,0,1,-12.7908,8.92866,656.344,0,0,-1.37299,-1.22035,648.737,0,1,-12.7958,13.8321,675.748,0,1,-4.14197,17.6287,681.215,0,1,12.167,14.8682,675.608,0,1,16.3655,17.1719,680.92,0,1,27.8469,10.4635,679.668,0,0,0.0,18,730.5
895,10.5424,-2.63331,562,0.335322,-0.101182,1,8.79922,13.2996,652.411,0,1,-6.91749,26.7686,654.476,0,1,-13.0698,23.5297,650.927,0,1,-12.601,8.73777,656.564,0,0,-1.37299,-1.22035,648.737,0,1,-13.0132,13.6169,676.034,0,1,-4.39139,17.514,681.501,0,1,11.9785,14.6539,675.883,0,1,16.5633,17.3112,681.221,0,1,28.0256,10.5492,679.837,0,0,0.0,18,731
896,10.0301,-2.67803,562.5,0.36179,-0.0910642,1,8.54925,13.4937,652.583,0,1,-6.9372,26.9667,654.81,0,1,-13.275,23.313,651.208,0,1,-12.4182,8.54161,656.783,0,0,-1.37299,-1.22035,648.737,0,1,-13.2355,13.4033,676.322,0,1,-4.63991,17.3895,681.785,0,1,11.7833,14.4382,676.16,0,1,16.7673,17.4413,681.519,0,1,28.2113,10.6454,680.005,0,0,0.0,18,731.5
897,9.50885,-2.71918,563,0.385611,-0.0819578,1,8.29958,13.6928,652.757,0,1,-6.94652,27.1692,655.144,0,1,-13.4859,23.0967,651.491,0,1,-12.2426,8.34076,656.999,0,0,-1.37299,-1.22035,648.737,0,1,-13.4624,13.192,676.613,0,1,-4.88708,17.2556,682.066,0,1,11.5817,14.2217,676.439,0,1,16.9771,17.5619,681.816,0,1,28.4038,10.7521,680.172,0,0,0.0,18,732
898,8.97928,-2.75704,563.5,0.40705,-0.073762,1,8.05065,13.8962,652.931,0,1,-6.94542,27.3756,655.477,0,1,-13.7023,22.8812,651.776,0,1,-12.0745,8.13581,657.213,0,0,-1.37299,-1.22035,648.737,0,1,-13.6935,12.9836,676.905,0,1,-5.13248,17.1127,682.345,0,1,11.3742,14.0051,676.721,0,1,17.1924,17.6725,682.11,0,1,28.6029,10.8688,680.338,0,0,0.0,18,732.5
899,8.44207,-2.79187,564,0.426345,-0.0663858,1,7.8029,14.1033,653.107,0,1,-6.93391,27.5853,655.81,0,1,-13.9236,22.6672,652.064,0,1,-11.9144,7.92736,657.424,0,0,-1.37299,-1.22035,648.737,0,1,-13.9284,12.7787,677.201,0,1,-5.37569,16.9612,682.622,0,1,11.1611,13.789,677.005,0,1,17.4128,17.7729,682.402,0,1,28.808,10.9952,680.504,0,0,0.0,18,733
900,7.89783,-2.82391,564.5,0.44371,-0.0597472,1,7.55675,14.3136,653.285,0,1,-6.91201,27.7976,656.141,0,1,-14.1496,22.4554,652.354,0,1,-11.7623,7.71602,657.634,0,0,-1.37299,-1.22035,648.737,0,1,-14.1666,12.5779,677.498,0,1,-5.61628,16.8015,682.896,0,1,10.9427,13.574,677.291,0,1,17.6379,17.8627,682.692,0,1,29.0189,11.1309,680.669,0,0,0.0,18,733.5
901,7.34714,-2.85339,565,0.459339,-0.0537725,1,7.31263,14.5263,653.464,0,1,-6.87976,28.012,656.471,0,1,-14.3799,22.2463,652.647,0,1,-11.6186,7.50241,657.841,0,0,-1.37299,-1.22035,648.737,0,1,-14.4077,12.3818,677.797,0,1,-5.85383,16.6341,683.168,0,1,10.7194,13.3609,677.58,0,1,17.8674,17.9417,682.979,0,1,29.2353,11.2756,680.834,0,0,0.0,18,734
902,6.7905,-2.88051,565.5,0.473405,-0.0483953,1,7.07097,14.741,653.644,0,1,-6.8372,28.2277,656.801,0,1,-14.614,22.0407,652.941,0,1,-11.4836,7.28716,658.045,0,0,-1.37299,-1.22035,648.737,0,1,-14.6514,12.191,678.098,0,1,-6.08793,16.4595,683.437,0,1,10.4917,13.1501,677.871,0,1,18.1008,18.0097,683.264,0,1,29.4566,11.4288,680.997,0,0,0.0,18,734.5
903,6.22839,-2.90546,566,0.486065,-0.0435557,1,6.83218,14.9569,653.826,0,1,-6.78443,28.4442,657.129,0,1,-14.8516,21.839,653.238,0,1,-11.3575,7.07089,658.248,0,0,-1.37299,-1.22035,648.737,0,1,-14.8972,12.006,678.402,0,1,-6.31817,16.2783,683.703,0,1,10.2598,12.9423,678.164,0,1,18.3377,18.0665,683.547,0,1,29.6826,11.5901,681.161,0,0,0.0,18,735
904,5.66125,-2.92842,566.5,0.497458,-0.0392002,1,6.59667,15.1735,654.01,0,1,-6.72152,28.6608,657.456,0,1,-15.0922,21.6419,653.537,0,1,-11.2405,6.85425,658.449,0,0,-1.37299,-1.22035,648.737,0,1,-15.1447,11.8274,678.707,0,1,-6.54416,16.0908,683.967,0,1,10.0243,12.7382,678.46,0,1,18.5777,18.1119,683.828,0,1,29.9129,11.759,681.324,0,0,0.0,18,735.5
905,5.08948,-2.94953,567,0.507713,-0.0352801,1,6.36487,15.3901,654.195,0,1,-6.64859,28.8769,657.782,0,1,-15.3354,21.45,653.838,0,1,-11.1328,6.63788,658.647,0,0,-1.37299,-1.22035,648.737,0,1,-15.3934,11.6556,679.015,0,1,-6.7655,15.8978,684.229,0,1,9.78544,12.5383,678.757,0,1,18.8205,18.1457,684.106,0,1,30.147,11.9349,681.487,0,0,0.0,18,736
906,4.51346,-2.96896,567.5,0.516941,-0.0317521,1,6.13716,15.606,654.383,0,1,-6.56576,29.0918,658.107,0,1,-15.5808,21.2638,654.141,0,1,-11.0345,6.42239,658.843,0,0,-1.37299,-1.22035,648.737,0,1,-15.643,11.4913,679.324,0,1,-6.98181,15.6997,684.488,0,1,9.54374,12.3432,679.057,0,1,19.0655,18.1679,684.381,0,1,30.3846,12.1175,681.65,0,0,0.0,18,736.5
907,3.93351,-2.98684,568,0.525247,-0.0285769,1,5.91395,15.8206,654.571,0,1,-6.47317,29.305,658.43,0,1,-15.828,21.0839,654.446,0,1,-10.946,6.20843,659.038,0,0,-1.37299,-1.22035,648.737,0,1,-15.8929,11.3349,679.635,0,1,-7.19272,15.4972,684.745,0,1,9.29959,12.1535,679.359,0,1,19.3123,18.1783,684.654,0,1,30.6252,12.3061,681.812,0,0,0.0,18,737
908,3.34996,-3.00328,568.5,0.532722,-0.0257192,1,5.69562,16.0334,654.762,0,1,-6.371,29.5158,658.752,0,1,-16.0765,20.9107,654.753,0,1,-10.8672,5.99662,659.23,0,0,-1.37299,-1.22035,648.737,0,1,-16.1428,11.1868,679.948,0,1,-7.39785,15.2908,684.999,0,1,9.05342,11.9697,679.663,0,1,19.5606,18.1771,684.925,0,1,30.8684,12.5002,681.975,0,0,0.0,18,737.5
909,2.7631,-3.01841,569,0.53945,-0.0231473,1,5.48255,16.2436,654.955,0,1,-6.25941,29.7236,659.072,0,1,-16.3259,20.7449,655.062,0,1,-10.7984,5.78759,659.421,0,0,-1.37299,-1.22035,648.737,0,1,-16.3923,11.0475,680.263,0,1,-7.59685,15.0811,685.25,0,1,8.80565,11.7924,679.969,0,1,19.8099,18.1641,685.193,0,1,31.1138,12.6992,682.137,0,0,0.0,18,738
910,2.3001,-2.7872,569.5,0.527932,0.0074517,1,5.27511,16.4506,655.15,0,1,-6.1386,29.9277,659.391,0,1,-16.5758,20.5868,655.373,0,1,-10.7397,5.58194,659.609,0,0,-1.37299,-1.22035,648.737,0,1,-16.6408,10.9173,680.579,0,1,-7.78938,14.8688,685.499,0,1,8.55672,11.6222,680.276,0,1,20.0598,18.1395,685.459,0,1,31.361,12.9026,682.3,0,0,0.0,18,738.5
911,1.83879,-2.5462,570,0.517565,0.0349908,1,5.07367,16.654,655.346,0,1,-6.00878,30.1276,659.708,0,1,-16.8258,20.437,655.685,0,1,-10.6911,5.38029,659.796,0,0,-1.37299,-1.22035,648.737,0,1,-16.8879,10.7968,680.897,0,1,-7.97509,14.6545,685.745,0,1,8.30705,11.4594,680.586,0,1,20.3097,18.1032,685.722,0,1,31.6095,13.1097,682.463,0,0,0.0,18,739
912,1.37903,-2.2962,570.5,0.508235,0.059776,1,4.87856,16.8529,655.545,0,1,-5.87017,30.3227,660.023,0,1,-17.0753,20.2959,656,0,1,-10.6528,5.18322,659.981,0,0,-1.37299,-1.22035,648.737,0,1,-17.1333,10.6861,681.217,0,1,-8.15368,14.4388,685.989,0,1,8.05708,11.3046,680.898,0,1,20.5594,18.0554,685.983,0,1,31.8589,13.3199,682.626,0,0,0.0,18,739.5
913,0.920696,-2.03791,571,0.499838,0.0820827,1,4.69013,17.047,655.746,0,1,-5.72302,30.5124,660.337,0,1,-17.3241,20.1639,656.316,0,1,-10.6248,4.99131,660.165,0,0,-1.37299,-1.22035,648.737,0,1,-17.3765,10.5858,681.538,0,1,-8.32483,14.2223,686.23,0,1,7.80723,11.1582,681.211,0,1,20.8083,17.9962,686.241,0,1,32.1088,13.5327,682.789,0,0,0.0,18,740
914,0.463672,-1.772,571.5,0.49228,0.102159,1,4.50871,17.2355,655.949,0,1,-5.56757,30.6961,660.649,0,1,-17.5715,20.0414,656.633,0,1,-10.6072,4.80512,660.347,0,0,-1.37299,-1.22035,648.737,0,1,-17.6171,10.4959,681.86,0,1,-8.48823,14.0057,686.469,0,1,7.55796,11.0207,681.526,0,1,21.0561,17.9259,686.496,0,1,32.3588,13.7473,682.953,0,0,0.0,18,740.5
915,0.00785375,-1.49908,572,0.485479,0.120227,1,4.33462,17.418,656.154,0,1,-5.40411,30.8734,660.959,0,1,-17.8173,19.9288,656.953,0,1,-10.6,4.6252,660.527,0,0,-1.37299,-1.22035,648.737,0,1,-17.8547,10.4169,682.184,0,1,-8.64362,13.7896,686.705,0,1,7.30968,10.8925,681.843,0,1,21.3022,17.8445,686.749,0,1,32.6083,13.9633,683.117,0,0,0.0,18,741
916,-0.446854,-1.21971,572.5,0.479357,0.136489,1,4.16814,17.5939,656.361,0,1,-5.23291,31.0437,661.267,0,1,-18.061,19.8263,657.274,0,1,-10.6032,4.45208,660.706,0,0,-1.37299,-1.22035,648.737,0,1,-18.0887,10.3488,682.51,0,1,-8.79071,13.5746,686.939,0,1,7.06284,10.7739,682.161,0,1,21.5464,17.7524,687,0,1,32.857,14.1798,683.282,0,0,0.0,18,741.5
917,-0.900541,-0.934405,573,0.473848,0.151124,1,4.00958,17.7626,656.57,0,1,-5.05427,31.2064,661.574,0,1,-18.3021,19.7343,657.596,0,1,-10.6168,4.28627,660.883,0,0,-1.37299,-1.22035,648.737,0,1,-18.319,10.2921,682.836,0,1,-8.92925,13.3614,687.17,0,1,6.81784,10.6652,682.481,0,1,21.788,17.6498,687.248,0,1,33.1045,14.3964,683.447,0,0,0.0,18,742
918,-1.35329,-0.64364,573.5,0.46889,0.164296,1,3.85921,17.9238,656.782,0,1,-4.8685,31.3612,661.878,0,1,-18.5403,19.6531,657.92,0,1,-10.6408,4.12825,661.059,0,0,-1.37299,-1.22035,648.737,0,1,-18.5449,10.2467,683.164,0,1,-9.05901,13.1506,687.398,0,1,6.57514,10.5669,682.802,0,1,22.0268,17.5371,687.493,0,1,33.3503,14.6123,683.613,0,0,0.0,18,742.5
919,-1.80517,-0.347851,574,0.464427,0.176151,1,3.71728,18.0769,656.996,0,1,-4.67592,31.5076,662.18,0,1,-18.7751,19.5829,658.245,0,1,-10.6752,3.97848,661.233,0,0,-1.37299,-1.22035,648.737,0,1,-18.7663,10.2129,683.493,0,1,-9.17976,12.9429,687.625,0,1,6.33513,10.4792,683.125,0,1,22.2623,17.4145,687.736,0,1,33.594,14.827,683.78,0,0,0.0,18,743
920,-2.25626,-0.0474417,574.5,0.460411,0.18682,1,3.58405,18.2215,657.213,0,1,-4.47688,31.6451,662.481,0,1,-19.0062,19.5238,658.571,0,1,-10.7198,3.83741,661.407,0,0,-1.37299,-1.22035,648.737,0,1,-18.9826,10.1907,683.823,0,1,-9.29128,12.7387,687.848,0,1,6.09825,10.4024,683.449,0,1,22.4942,17.2824,687.976,0,1,33.8351,15.0397,683.948,0,0,0.0,18,743.5
921,-2.70661,0.257219,575,0.456796,0.196422,1,3.45975,18.3572,657.432,0,1,-4.2717,31.7733,662.779,0,1,-19.233,19.4761,658.898,0,1,-10.7746,3.70544,661.579,0,0,-1.37299,-1.22035,648.737,0,1,-19.1935,10.1802,684.154,0,1,-9.39338,12.5388,688.07,0,1,5.8649,10.3366,683.775,0,1,22.7219,17.1412,688.214,0,1,34.0733,15.2499,684.116,0,0,0.0,18,744
922,-3.1563,0.565792,575.5,0.453543,0.205064,1,3.34459,18.4835,657.653,0,1,-4.06076,31.8919,663.075,0,1,-19.4553,19.44,659.227,0,1,-10.8396,3.58298,661.75,0,0,-1.37299,-1.22035,648.737,0,1,-19.3986,10.1814,684.486,0,1,-9.4859,12.3437,688.289,0,1,5.63549,10.2821,684.102,0,1,22.9451,16.9913,688.449,0,1,34.3081,15.457,684.286,0,0,0.0,18,744.5
923,-3.73228,0.632832,576,0.468189,0.184558,1,3.23877,18.6,657.876,0,1,-3.84441,32.0005,663.369,0,1,-19.6726,19.4155,659.557,0,1,-10.9145,3.47036,661.92,0,0,-1.37299,-1.22035,648.737,0,1,-19.5975,10.1943,684.819,0,1,-9.56866,12.154,688.505,0,1,5.41041,10.239,684.43,0,1,23.1634,16.8331,688.682,0,1,34.5392,15.6604,684.456,0,0,0.0,18,745
924,-4.31218,0.69451,576.5,0.48137,0.166102,1,3.14248,18.7066,658.103,0,1,-3.62303,32.0988,663.66,0,1,-19.8846,19.4026,659.888,0,1,-10.9993,3.36794,662.089,0,0,-1.37299,-1.22035,648.737,0,1,-19.7901,10.219,685.152,0,1,-9.64152,11.9702,688.719,0,1,5.19006,10.2075,684.759,0,1,23.3765,16.6672,688.912,0,1,34.766,15.8594,684.628,0,0,0.0,18,745.5
925,-4.8957,0.751253,577,0.493233,0.149492,1,3.05588,18.8027,658.331,0,1,-3.397,32.1865,663.949,0,1,-20.0909,19.4015,660.219,0,1,-11.0939,3.27599,662.257,0,0,-1.37299,-1.22035,648.737,0,1,-19.9757,10.2553,685.486,0,1,-9.70435,11.7929,688.931,0,1,4.97481,10.1876,685.089,0,1,23.584,16.494,689.14,0,1,34.9883,16.0534,684.801,0,0,0.0,18,746
926,-5.48253,0.803456,577.5,0.503909,0.134543,1,2.97912,18.8882,658.562,0,1,-3.16673,32.2633,664.236,0,1,-20.2912,19.4121,660.552,0,1,-11.198,3.19481,662.424,0,0,-1.37299,-1.22035,648.737,0,1,-20.1543,10.303,685.821,0,1,-9.75706,11.6226,689.141,0,1,4.76506,10.1795,685.42,0,1,23.7854,16.314,689.365,0,1,35.2057,16.242,684.975,0,0,0.0,18,746.5
927,-6.07241,0.851484,578,0.513519,0.121088,1,2.91234,18.9628,658.796,0,1,-2.9326,32.3291,664.521,0,1,-20.485,19.4344,660.885,0,1,-11.3115,3.12461,662.59,0,0,-1.37299,-1.22035,648.737,0,1,-20.3254,10.3622,686.157,0,1,-9.79954,11.4598,689.348,0,1,4.56114,10.183,685.752,0,1,23.9806,16.1277,689.588,0,1,35.4177,16.4245,685.15,0,0,0.0,18,747
928,-6.66511,0.895669,578.5,0.522167,0.108979,1,2.85566,19.0263,659.032,0,1,-2.69502,32.3836,664.803,0,1,-20.6721,19.4684,661.219,0,1,-11.4341,3.06562,662.756,0,0,-1.37299,-1.22035,648.737,0,1,-20.4888,10.4325,686.493,0,1,-9.83172,11.305,689.554,0,1,4.36343,10.1983,686.085,0,1,24.169,15.9357,689.808,0,1,35.624,16.6004,685.327,0,0,0.0,18,747.5
929,-6.82705,0.936319,579,0.46995,0.0980815,1,2.80916,19.0785,659.27,0,1,-2.45441,32.4266,665.083,0,1,-20.8521,19.5138,661.554,0,1,-11.5657,3.018,662.921,0,0,-1.37299,-1.22035,648.737,0,1,-20.6442,10.5138,686.829,0,1,-9.85355,11.1586,689.757,0,1,4.17226,10.2253,686.419,0,1,24.3504,15.7386,690.026,0,1,35.8242,16.7693,685.505,0,0,0.0,18,748
930,-6.97604,0.973718,579.5,0.422955,0.0882734,1,2.77294,19.1192,659.511,0,1,-2.21119,32.4581,665.361,0,1,-21.0247,19.5707,661.89,0,1,-11.7061,2.98189,663.085,0,0,-1.37299,-1.22035,648.737,0,1,-20.7912,10.6059,687.166,0,1,-9.86498,11.021,689.957,0,1,3.98797,10.2639,686.753,0,1,24.5246,15.5368,690.242,0,1,36.018,16.9305,685.684,0,0,0.0,18,748.5
931,-7.11311,1.00812,580,0.380659,0.079446,1,2.74705,19.1483,659.755,0,1,-1.96577,32.478,665.636,0,1,-21.1897,19.6388,662.226,0,1,-11.8549,2.95739,663.249,0,0,-1.37299,-1.22035,648.737,0,1,-20.9297,10.7085,687.503,0,1,-9.866,10.8928,690.156,0,1,3.81087,10.314,687.088,0,1,24.6911,15.3311,690.455,0,1,36.2051,17.0837,685.865,0,0,0.0,18,749
932,-7.23922,1.03978,580.5,0.342593,0.0715014,1,2.73154,19.1658,660.001,0,1,-1.71858,32.4861,665.909,0,1,-21.3467,19.718,662.562,0,1,-12.012,2.94459,663.413,0,0,-1.37299,-1.22035,648.737,0,1,-21.0595,10.8212,687.841,0,1,-9.85661,10.7741,690.353,0,1,3.64128,10.3753,687.424,0,1,24.8496,15.1221,690.666,0,1,36.3852,17.2283,686.048,0,0,0.0,18,749.5
933,-7.35523,1.0689,581,0.308334,0.0643513,1,2.72643,19.1715,660.25,0,1,-1.47006,32.4825,666.179,0,1,-21.4954,19.8079,662.899,0,1,-12.1771,2.94352,663.576,0,0,-1.37299,-1.22035,648.737,0,1,-21.1802,10.9438,688.178,0,1,-9.83682,10.6655,690.548,0,1,3.47948,10.4479,687.76,0,1,25,14.9102,690.875,0,1,36.5578,17.364,686.233,0,0,0.0,18,750
934,-7.46197,1.09569,581.5,0.277501,0.0579162,1,2.73175,19.1656,660.501,0,1,-1.22062,32.4672,666.447,0,1,-21.6357,19.9084,663.236,0,1,-12.3498,2.95417,663.739,0,0,-1.37299,-1.22035,648.737,0,1,-21.2917,11.0759,688.515,0,1,-9.80667,10.5672,690.74,0,1,3.32576,10.5314,688.097,0,1,25.142,14.6962,691.082,0,1,36.7228,17.4904,686.419,0,0,0.0,18,750.5
935,-7.56016,1.12034,582,0.249751,0.0521245,1,2.74746,19.1479,660.755,0,1,-0.970717,32.4402,666.712,0,1,-21.7672,20.0191,663.573,0,1,-12.5299,2.97653,663.902,0,0,-1.37299,-1.22035,648.737,0,1,-21.3937,11.2171,688.853,0,1,-9.76621,10.4794,690.931,0,1,3.18039,10.6256,688.434,0,1,25.2752,14.4807,691.286,0,1,36.8798,17.607,686.607,0,0,0.0,18,751
936,-7.21717,1.14302,582.5,0.164776,0.0469121,1,2.77356,19.1185,661.012,0,1,-0.720769,32.4016,666.974,0,1,-21.8897,20.1398,663.91,0,1,-12.7171,3.01052,664.064,0,0,-1.37299,-1.22035,648.737,0,1,-21.4862,11.367,689.19,0,1,-9.71551,10.4026,691.12,0,1,3.04361,10.7302,688.771,0,1,25.3995,14.2643,691.488,0,1,37.0285,17.7136,686.796,0,0,0.0,18,751.5
937,-6.97854,0.918749,583,0.105872,0.0139366,1,2.80999,19.0775,661.271,0,1,-0.471215,32.3515,667.235,0,1,-22.0031,20.27,664.248,0,1,-12.911,3.05604,664.227,0,0,-1.37299,-1.22035,648.737,0,1,-21.5689,11.5251,689.528,0,1,-9.65465,10.3367,691.307,0,0,3.04361,10.7302,688.771,0,1,25.5147,14.0477,691.688,0,1,37.1688,17.8098,686.988,0,0,0.0,18,752
938,-6.72364,0.684138,583.5,0.052858,-0.0157413,1,2.85669,19.0251,661.532,0,1,-0.222486,32.2901,667.492,0,1,-22.107,20.4094,664.585,0,1,-13.1113,3.11296,664.389,0,0,-1.37299,-1.22035,648.737,0,1,-21.6418,11.691,689.865,0,1,-9.58375,10.2822,691.493,0,0,3.04361,10.7302,688.771,0,1,25.6206,13.8315,691.886,0,1,37.3003,17.8954,687.181,0,0,0.0,18,752.5
939,-6.45378,0.440012,584,0.00514582,-0.0424515,1,2.91358,18.9614,661.796,0,1,0.0249836,32.2175,667.747,0,1,-22.2014,20.5576,664.923,0,1,-13.3177,3.18112,664.552,0,0,-1.37299,-1.22035,648.737,0,1,-21.7046,11.8642,690.201,0,1,-9.50292,10.2391,691.677,0,0,3.04361,10.7302,688.771,0,1,25.7169,13.6162,692.082,0,1,37.4228,17.9701,687.377,0,0,0.0,18,753
940,-6.17015,0.187132,584.5,-0.0377952,-0.0664906,1,2.98056,18.8866,662.062,0,1,0.270766,32.134,668,0,1,-22.2861,20.7141,665.26,0,1,-13.5298,3.26031,664.715,0,0,-1.37299,-1.22035,648.737,0,1,-21.7572,12.0442,690.538,0,1,-9.41231,10.2076,691.859,0,0,3.04361,10.7302,688.771,0,1,25.8035,13.4026,692.276,0,1,37.5362,18.0336,687.574,0,0,0.0,18,753.5
941,-5.87386,-0.0738022,585,-0.0764421,-0.0881258,1,3.05751,18.8009,662.331,0,1,0.514433,32.0398,668.25,0,1,-22.3609,20.8785,665.597,0,1,-13.7472,3.3503,664.878,0,0,-1.37299,-1.22035,648.737,0,1,-21.7997,12.2305,690.873,0,1,-9.31208,10.1877,692.039,0,0,3.04361,10.7302,688.771,0,1,25.8803,13.1913,692.468,0,1,37.6402,18.0859,687.774,0,0,0.0,18,754
942,-5.56592,-0.342146,585.5,-0.111224,-0.107597,1,3.14431,18.7045,662.603,0,1,0.755564,31.9352,668.497,0,1,-22.4258,21.0503,665.934,0,1,-13.9695,3.45083,665.041,0,0,-1.37299,-1.22035,648.737,0,1,-21.8318,12.4225,691.209,0,1,-9.20239,10.1795,692.218,0,0,3.04361,10.7302,688.771,0,1,25.9471,12.9829,692.659,0,1,37.7346,18.1267,687.975,0,0,0.0,18,754.5
943,-5.24725,-0.617306,586,-0.142528,-0.125122,1,3.24079,18.5978,662.877,0,1,0.993738,31.8204,668.742,0,1,-22.4805,21.229,666.27,0,1,-14.1965,3.5616,665.205,0,0,-1.37299,-1.22035,648.737,0,1,-21.8536,12.6196,691.543,0,1,-9.08344,10.183,692.396,0,0,3.04361,10.7302,688.771,0,1,26.0038,12.778,692.847,0,1,37.8193,18.1559,688.179,0,0,0.0,18,755
944,-5.22514,-1.00027,586.5,-0.128275,-0.15261,1,3.34679,18.481,663.153,0,1,1.22854,31.6959,668.984,0,1,-22.525,21.414,666.606,0,1,-14.4275,3.68229,665.369,0,0,-1.37299,-1.22035,648.737,0,1,-21.865,12.8213,691.877,0,1,-8.95544,10.1983,692.572,0,0,3.04361,10.7302,688.771,0,1,26.0503,12.5773,693.033,0,1,37.8942,18.1734,688.385,0,0,0.0,18,755.5
945,-5.20479,-1.39261,587,-0.115448,-0.177349,1,3.46214,18.3546,663.432,0,1,1.45957,31.5619,669.224,0,1,-22.5592,21.6049,666.942,0,1,-14.6624,3.81254,665.534,0,0,-1.37299,-1.22035,648.737,0,1,-21.866,13.027,692.211,0,1,-8.8186,10.2252,692.747,0,0,3.04361,10.7302,688.771,0,1,26.0866,12.3812,693.218,0,1,37.959,18.1792,688.594,0,0,0.0,18,756
946,-5.18608,-1.79355,587.5,-0.103903,-0.199614,1,3.58662,18.2187,663.713,0,1,1.68642,31.4189,669.461,0,1,-22.583,21.801,667.276,0,1,-14.9006,3.95197,665.699,0,0,-1.37299,-1.22035,648.737,0,1,-21.8566,13.2361,692.543,0,1,-8.67316,10.2638,692.92,0,0,3.04361,10.7302,688.771,0,1,26.1125,12.1904,693.401,0,1,38.0137,18.1733,688.804,0,0,0.0,18,756.5
947,-5.16886,-2.20242,588,-0.0935128,-0.219653,1,3.72002,18.074,663.997,0,1,1.9087,31.2674,669.696,0,1,-22.5965,22.0019,667.611,0,1,-15.1418,4.10018,665.865,0,0,-1.37299,-1.22035,648.737,0,1,-21.8367,13.4479,692.875,0,1,-8.51939,10.3138,693.093,0,0,3.04361,10.7302,688.771,0,1,26.128,12.0054,693.583,0,1,38.0582,18.1557,689.017,0,0,0.0,18,757
948,-5.15302,-2.61858,588.5,-0.0841615,-0.237687,1,3.86211,17.9207,664.283,0,1,2.12602,31.1076,669.928,0,1,-22.5996,22.2068,667.944,0,1,-15.3855,4.25673,666.032,0,0,-1.37299,-1.22035,648.737,0,1,-21.8065,13.6619,693.205,0,1,-8.35754,10.3752,693.264,0,0,3.04361,10.7302,688.771,0,1,26.1332,11.8268,693.763,0,1,38.0925,18.1264,689.232,0,0,0.0,18,757.5
949,-5.13844,-3.04144,589,-0.0757453,-0.253919,1,4.01265,17.7594,664.571,0,1,2.338,30.9402,670.158,0,1,-22.5922,22.4153,668.277,0,1,-15.6313,4.42115,666.199,0,0,-1.37299,-1.22035,648.737,0,1,-21.766,13.8774,693.535,0,1,-8.18789,10.4477,693.434,0,0,3.04361,10.7302,688.771,0,1,26.1279,11.6551,693.941,0,1,38.1164,18.0856,689.449,0,0,0.0,18,758
950,-5.12503,-3.47048,589.5,-0.0681708,-0.268527,1,4.17136,17.5905,664.862,0,1,2.54428,30.7656,670.385,0,1,-22.5745,22.6266,668.609,0,1,-15.8788,4.59296,666.368,0,0,-1.37299,-1.22035,648.737,0,1,-21.7153,14.0938,693.864,0,1,-8.01074,10.5312,693.603,0,0,3.04361,10.7302,688.771,0,1,26.1122,11.4908,694.118,0,1,38.1299,18.0333,689.669,0,0,0.0,18,758.5
951,-5.1127,-3.9052,590,-0.0613537,-0.281674,1,4.33799,17.4144,665.154,0,1,2.74451,30.5843,670.61,0,1,-22.5464,22.8402,668.939,0,1,-16.1275,4.77167,666.537,0,0,-1.37299,-1.22035,648.737,0,1,-21.6544,14.3105,694.191,0,1,-7.8264,10.6253,693.771,0,0,3.04361,10.7302,688.771,0,1,26.0861,11.3344,694.294,0,1,38.1329,17.9696,689.891,0,0,0.0,18,759
952,-5.10135,-4.34513,590.5,-0.0552184,-0.293507,1,4.51223,17.2318,665.449,0,1,2.93832,30.3968,670.832,0,1,-22.5079,23.0555,669.269,0,1,-16.3771,4.95675,666.708,0,0,-1.37299,-1.22035,648.737,0,1,-21.5835,14.5267,694.517,0,1,-7.63518,10.7299,693.939,0,0,3.04361,10.7302,688.771,0,1,26.0497,11.1863,694.468,0,1,38.1256,17.8949,690.116,0,0,0.0,18,759.5
953,-5.09091,-4.78988,591,-0.0496965,-0.304156,1,4.69379,17.0432,665.747,0,1,3.12538,30.2037,671.052,0,1,-22.4592,23.2717,669.598,0,1,-16.6271,5.14765,666.88,0,0,-1.37299,-1.22035,648.737,0,1,-21.5026,14.7419,694.842,0,1,-7.43743,10.8447,694.105,0,0,3.04361,10.7302,688.771,0,1,26.003,11.047,694.641,0,1,38.1079,17.8092,690.343,0,0,0.0,18,760
954,-5.0813,-5.23904,591.5,-0.0447269,-0.31374,1,4.88234,16.8491,666.046,0,1,3.30538,30.0056,671.27,0,1,-22.4004,23.4884,669.925,0,1,-16.877,5.34382,667.052,0,0,-1.37299,-1.22035,648.737,0,1,-21.412,14.9555,695.165,0,1,-7.23347,10.9691,694.271,0,0,3.04361,10.7302,688.771,0,1,25.9462,10.9169,694.813,0,1,38.0798,17.7129,690.573,0,0,0.0,18,760.5
955,-5.07246,-5.69227,592,-0.0402542,-0.322366,1,5.07757,16.65,666.347,0,1,3.478,29.8031,671.485,0,1,-22.3314,23.7048,670.252,0,1,-17.1264,5.54468,667.226,0,0,-1.37299,-1.22035,648.737,0,1,-21.3117,15.1668,695.487,0,1,-7.02367,11.1031,694.436,0,0,3.04361,10.7302,688.771,0,1,25.8792,10.7964,694.984,0,1,38.0414,17.6063,690.805,0,0,0.0,18,761
956,-5.06433,-6.14924,592.5,-0.0362288,-0.33013,1,5.27914,16.4466,666.651,0,1,3.64293,29.5967,671.698,0,1,-22.2525,23.9202,670.577,0,1,-17.3749,5.74964,667.402,0,0,-1.37299,-1.22035,648.737,0,1,-21.202,15.3752,695.808,0,1,-6.8084,11.246,694.601,0,0,3.04361,10.7302,688.771,0,1,25.8023,10.6858,695.154,0,1,37.9927,17.4896,691.039,0,0,0.0,18,761.5
957,-5.05685,-6.60965,593,-0.0326059,-0.337117,1,5.48668,16.2395,666.956,0,1,3.7999,29.387,671.908,0,1,-22.1638,24.1342,670.901,0,1,-17.6221,5.9581,667.578,0,0,-1.37299,-1.22035,648.737,0,1,-21.083,15.5801,696.127,0,1,-6.58801,11.3975,694.765,0,0,3.04361,10.7302,688.771,0,1,25.7155,10.5854,695.323,0,1,37.9338,17.3632,691.277,0,0,0.0,18,762
958,-5.04997,-7.07323,593.5,-0.0293453,-0.343405,1,5.69985,16.0292,667.263,0,1,3.94862,29.1746,672.117,0,1,-22.0655,24.346,671.223,0,1,-17.8674,6.16944,667.756,0,0,-1.37299,-1.22035,648.737,0,1,-20.9549,15.7809,696.444,0,1,-6.36291,11.5572,694.928,0,0,3.04361,10.7302,688.771,0,1,25.619,10.4956,695.49,0,1,37.8649,17.2274,691.516,0,0,0.0,18,762.5
959,-4.73723,-7.43819,594,-0.0688372,-0.337349,1,5.91828,15.8164,667.573,0,1,4.08885,28.9603,672.323,0,1,-21.9576,24.5551,671.544,0,1,-18.1106,6.38305,667.936,0,0,-1.37299,-1.22035,648.737,0,1,-20.8181,15.977,696.76,0,1,-6.13347,11.7246,695.092,0,0,3.04361,10.7302,688.771,0,1,25.5131,10.4166,695.657,0,1,37.7861,17.0827,691.758,0,0,0.0,18,763
960,-4.41415,-7.80224,594.5,-0.10438,-0.331898,1,6.14158,15.6018,667.884,0,1,4.22033,28.7446,672.527,0,1,-21.8405,24.7607,671.863,0,1,-18.3512,6.59831,668.117,0,0,-1.37299,-1.22035,648.737,0,1,-20.6726,16.1678,697.074,0,1,-5.90009,11.8992,695.254,0,0,3.04361,10.7302,688.771,0,1,25.3977,10.3486,695.824,0,1,37.6974,16.9295,692.003,0,0,0.0,18,763.5
961,-4.08156,-8.16544,595,-0.136368,-0.326993,1,6.36936,15.3858,668.197,0,1,4.34284,28.5281,672.729,0,1,-21.7142,24.9624,672.181,0,1,-18.5887,6.81458,668.3,0,0,-1.37299,-1.22035,648.737,0,1,-20.5188,16.3528,697.387,0,1,-5.66319,12.0805,695.417,0,0,3.04361,10.7302,688.771,0,1,25.2733,10.2919,695.989,0,1,37.599,16.7682,692.25,0,0,0.0,18,764
962,-3.74022,-8.52788,595.5,-0.165158,-0.322578,1,6.60124,15.1693,668.511,0,1,4.45617,28.3115,672.928,0,1,-21.5791,25.1595,672.497,0,1,-18.8228,7.03121,668.484,0,0,-1.37299,-1.22035,648.737,0,1,-20.3569,16.5314,697.697,0,1,-5.42317,12.2679,695.58,0,0,3.04361,10.7302,688.771,0,1,25.1399,10.2466,696.154,0,1,37.4912,16.5993,692.5,0,0,0.0,18,764.5
963,-3.39083,-8.8896,596,-0.191068,-0.318604,1,6.8368,14.9527,668.828,0,1,4.56012,28.0954,673.126,0,1,-21.4354,25.3514,672.812,0,1,-19.053,7.24759,668.67,0,0,-1.37299,-1.22035,648.737,0,1,-20.1872,16.7032,698.006,0,1,-5.18044,12.461,695.742,0,0,3.04361,10.7302,688.771,0,1,24.9978,10.2128,696.318,0,1,37.3741,16.4233,692.753,0,0,0.0,18,765
964,-3.03404,-9.25067,596.5,-0.214388,-0.315028,1,7.07565,14.7368,669.146,0,1,4.65451,27.8804,673.321,0,1,-21.2832,25.5376,673.124,0,1,-19.279,7.46308,668.858,0,0,-1.37299,-1.22035,648.737,0,1,-20.0101,16.8675,698.312,0,1,-4.93544,12.659,695.905,0,0,3.04361,10.7302,688.771,0,1,24.8473,10.1906,696.482,0,1,37.2479,16.2408,693.008,0,0,0.0,18,765.5
965,-2.67044,-9.61114,597,-0.235376,-0.311809,1,7.31736,14.5222,669.465,0,1,4.73918,27.6672,673.515,0,1,-21.1229,25.7175,673.435,0,1,-19.5003,7.67703,669.048,0,0,-1.37299,-1.22035,648.737,0,1,-19.8257,17.0239,698.617,0,1,-4.68858,12.8616,696.067,0,0,3.04361,10.7302,688.771,0,1,24.6886,10.1801,696.646,0,1,37.1128,16.0522,693.265,0,0,0.0,18,766
966,-2.17365,-9.72592,597.5,-0.271838,-0.280629,1,6.90519,13.5756,666.56,0.3,1,4.45971,26.3399,670.746,0.3,1,-20.4776,24.4699,670.69,0.3,1,-18.8348,6.99292,666.116,0.3,0,-1.37299,-1.22035,648.737,0,1,-19.6344,17.172,698.92,0,1,-4.4403,13.068,696.23,0,0,3.04361,10.7302,688.771,0,1,24.522,10.1814,696.809,0,1,36.969,15.8581,693.525,0,0,0.0,18,766.5
967,-1.66661,-9.83153,598,-0.304654,-0.252566,1,6.49301,12.629,663.655,0.6,1,4.18023,25.0126,667.977,0.6,1,-19.8322,23.2224,667.946,0.6,1,-18.1693,6.30881,663.184,0.6,0,-1.37299,-1.22035,648.737,0,1,-19.4367,17.3113,699.221,0,1,-4.19102,13.2777,696.393,0,0,3.04361,10.7302,688.771,0,1,24.3477,10.1944,696.972,0,1,36.8169,15.6591,693.788,0,0,0.0,18,767
968,-1.15012,-9.92868,598.5,-0.334189,-0.227309,1,6.08084,11.6824,660.749,0.9,1,3.90076,23.6853,665.208,0.9,1,-19.1868,21.9748,665.201,0.9,1,-17.5039,5.6247,660.252,0.9,0,-1.37299,-1.22035,648.737,0,1,-19.2327,17.4414,699.519,0,1,-3.94117,13.49,696.556,0,0,3.04361,10.7302,688.771,0,1,24.1662,10.2191,697.134,0,1,36.6566,15.4557,694.053,0,0,0.0,18,767.5
969,-0.62496,-10.0181,599,-0.36077,-0.204578,1,5.66866,10.7358,657.844,1.2,1,3.62128,22.358,662.439,1.2,1,-18.5415,20.7273,662.456,1.2,1,-16.8384,4.94059,657.32,1.2,0,-1.37299,-1.22035,648.737,0,1,-19.0229,17.5619,699.816,0,1,-3.6912,13.7043,696.72,0,0,3.04361,10.7302,688.771,0,1,23.9776,10.2554,697.297,0,1,36.4885,15.2486,694.32,0,0,0.0,18,768
970,-0.0918086,-10.1003,599.5,-0.384693,-0.18412,1,5.25649,9.78922,654.939,1.5,1,3.34181,21.0306,659.67,1.5,1,-17.8961,19.4797,659.711,1.5,0,-16.8384,4.94059,657.32,1.2,0,-1.37299,-1.22035,648.737,0,1,-18.8076,17.6725,700.11,0,1,-3.44154,13.92,696.884,0,0,3.04361,10.7302,688.771,0,1,23.7824,10.3032,697.459,0,1,36.3128,15.0383,694.59,0,0,0.0,18,768.5
971,0.44869,-10.1759,600,-0.406224,-0.165708,1,4.84432,8.84262,652.033,1.8,1,3.06234,19.7033,656.901,1.8,1,-17.2508,18.2321,656.966,1.8,0,-16.8384,4.94059,657.32,1.2,0,-1.37299,-1.22035,648.737,0,1,-18.5872,17.7729,700.402,0,0,-3.44154,13.92,696.884,0,0,3.04361,10.7302,688.771,0,1,23.5809,10.3624,697.622,0,1,36.1299,14.8256,694.863,0,0,0.0,18,769
972,0.995949,-10.2455,600.5,-0.425601,-0.149137,1,4.43214,7.89603,649.128,2.1,1,2.78286,18.376,654.132,2.1,1,-16.6054,16.9846,654.221,2.1,0,-16.8384,4.94059,657.32,1.2,0,-1.37299,-1.22035,648.737,0,1,-18.362,17.8627,700.692,0,0,-3.44154,13.92,696.884,0,0,3.04361,10.7302,688.771,0,1,23.3733,10.4328,697.784,0,1,35.94,14.6109,695.138,0,0,0.0,18,769.5
973,1.54943,-10.3096,601,-0.443041,-0.134224,1,4.01997,6.94944,646.223,2.4,1,2.50339,17.0487,651.364,2.4,1,-15.9601,15.737,651.477,2.4,0,-16.8384,4.94059,657.32,1.2,0,-1.37299,-1.22035,648.737,0,1,-18.1326,17.9418,700.979,0,0,-3.44154,13.92,696.884,0,0,3.04361,10.7302,688.771,0,1,23.1602,10.5141,697.947,0,1,35.7435,14.395,695.415,0,0,0.0,18,770
974,2.10863,-10.3685,601.5,-0.458737,-0.120801,1,3.60779,6.00285,643.317,2.7,1,2.22392,15.7213,648.595,2.7,1,-15.3147,14.4894,648.732,2.7,0,-16.8384,4.94059,657.32,1.2,0,-1.37299,-1.22035,648.737,0,1,-17.8992,18.0098,701.264,0,0,-3.44154,13.92,696.884,0,0,3.04361,10.7302,688.771,0,1,22.9418,10.6063,698.11,0,1,35.5408,14.1784,695.695,0,0,0.0,18,770.5
975,2.67309,-10.4227,602,-0.472863,-0.108721,1,3.19562,5.05626,640.412,3,1,1.94444,14.394,645.826,3,1,-14.6693,13.2419,645.987,3,0,-16.8384,4.94059,657.32,1.2,0,-1.37299,-1.22035,648.737,0,1,-17.6623,18.0665,701.547,0,0,-3.44154,13.92,696.884,0,0,3.04361,10.7302,688.771,0,1,22.7185,10.7089,698.274,0,1,35.3321,13.9619,695.977,0,0,0.0,18,771
976,3.2424,-10.4725,602.5,-0.485577,-0.0978491,1,2.78344,4.10966,637.507,3.3,1,1.66497,13.0667,643.057,3.3,1,-14.024,11.9943,643.242,3.3,0,-16.8384,4.94059,657.32,1.2,0,-1.37299,-1.22035,648.737,0,1,-17.4222,18.1119,701.828,0,0,-3.44154,13.92,696.884,0,0,3.04361,10.7302,688.771,0,1,22.4907,10.8216,698.438,0,1,35.1179,13.7459,696.262,0,0,0.0,18,771.5
977,3.81616,-10.5184,603,-0.497019,-0.0880642,1,2.37127,3.16307,634.601,3.6,1,1.3855,11.7394,640.288,3.6,1,-13.3786,10.7468,640.497,3.6,0,-16.8384,4.94059,657.32,1.2,0,-1.37299,-1.22035,648.737,0,1,-17.1795,18.1457,702.106,0,0,-3.44154,13.92,696.884,0,0,3.04361,10.7302,688.771,0,1,22.2588,10.9443,698.602,0,1,34.8985,13.5313,696.549,0,0,0.0,18,772
978,4.39402,-10.5606,603.5,-0.507317,-0.0792578,1,1.9591,2.21648,631.696,3.9,1,1.10602,10.412,637.519,3.9,1,-12.7333,9.49919,637.753,3.9,0,-16.8384,4.94059,657.32,1.2,0,-1.37299,-1.22035,648.737,0,1,-16.9345,18.1679,702.381,0,0,-3.44154,13.92,696.884,0,0,3.04361,10.7302,688.771,0,1,22.0232,11.0764,698.767,0,1,34.6743,13.3185,696.838,0,0,0.0,18,772.5
979,4.97565,-10.5994,604,-0.516586,-0.071332,1,1.54692,1.26989,628.791,4.2,1,0.82655,9.08472,634.75,4.2,1,-12.0879,8.25163,635.008,4.2,0,-16.8384,4.94059,657.32,1.2,0,-1.37299,-1.22035,648.737,0,1,-16.6876,18.1783,702.654,0,0,-3.44154,13.92,696.884,0,0,3.04361,10.7302,688.771,0,1,21.7844,11.2176,698.932,0,1,34.4457,13.1083,697.129,0,0,0.0,18,773
980,5.56076,-10.6352,604.5,-0.524927,-0.0641988,1,1.13475,0.323295,625.885,4.5,1,0.547076,7.7574,631.981,4.5,1,-11.4425,7.00407,632.263,4.5,0,-16.8384,4.94059,657.32,1.2,0,-1.37299,-1.22035,648.737,0,1,-16.4393,18.1771,702.925,0,0,-3.44154,13.92,696.884,0,0,3.04361,10.7302,688.771,0,1,21.5427,11.3675,699.098,0,1,34.213,12.9012,697.423,0,0,0.0,18,773.5
981,6.14905,-10.668,605,-0.532434,-0.0577789,0,1.13475,0.323295,625.885,4.5,1,0.267602,6.43007,629.212,4.8,1,-10.7972,5.7565,629.518,4.8,0,-16.8384,4.94059,657.32,1.2,0,-1.37299,-1.22035,648.737,0,1,-16.19,18.1641,703.193,0,0,-3.44154,13.92,696.884,0,0,3.04361,10.7302,688.771,0,1,21.2985,11.5257,699.265,0,1,33.9768,12.6979,697.719,0,0,0.0,18,774
982,6.74028,-10.6983,605.5,-0.539191,-0.052001,0,1.13475,0.323295,625.885,4.5,1,-0.011871,5.10275,626.443,5.1,1,-10.1518,4.50894,626.773,5.1,0,-16.8384,4.94059,657.32,1.2,0,-1.37299,-1.22035,648.737,0,1,-15.9402,18.1394,703.459,0,0,-3.44154,13.92,696.884,0,0,3.04361,10.7302,688.771,0,1,21.0523,11.6916,699.433,0,1,33.7374,12.4989,698.017,0,0,0.0,18,774.5
983,7.33421,-10.7261,606,-0.545272,-0.0468009,0,1.13475,0.323295,625.885,4.5,1,-0.291345,3.77543,623.674,5.4,1,-9.50647,3.26138,624.029,5.4,0,-16.8384,4.94059,657.32,1.2,0,-1.37299,-1.22035,648.737,0,1,-15.6902,18.1032,703.722,0,0,-3.44154,13.92,696.884,0,0,3.04361,10.7302,688.771,0,1,20.8046,11.8648,699.602,0,1,33.4951,12.3048,698.317,0,0,0.0,18,775
984,7.93063,-10.7517,606.5,-0.550745,-0.0421208,0,1.13475,0.323295,625.885,4.5,1,-0.570818,2.4481,620.905,5.7,1,-8.86112,2.01382,621.284,5.7,0,-16.8384,4.94059,657.32,1.2,0,-1.37299,-1.22035,648.737,0,1,-15.4405,18.0554,703.983,0,0,-3.44154,13.92,696.884,0,0,3.04361,10.7302,688.771,0,1,20.5556,12.0449,699.771,0,1,33.2506,12.1163,698.62,0,0,0.0,18,775.5
985,8.52933,-10.7752,607,-0.55567,-0.0379087,0,1.13475,0.323295,625.885,4.5,1,-0.850292,1.12078,618.136,6,1,-8.21576,0.766255,618.539,6,0,-16.8384,4.94059,657.32,1.2,0,-1.37299,-1.22035,648.737,0,1,-15.1916,17.9962,704.241,0,0,-3.44154,13.92,696.884,0,0,3.04361,10.7302,688.771,0,1,20.3059,12.2311,699.942,0,1,33.004,11.9338,698.924,0,0,0.0,18,776
986,9.13014,-10.7969,607.5,-0.560103,-0.0341179,0,1.13475,0.323295,625.885,4.5,1,-1.12977,-0.206543,615.368,6.3,1,-7.5704,-0.481307,615.794,6.3,0,-16.8384,4.94059,657.32,1.2,0,-1.37299,-1.22035,648.737,0,1,-14.9439,17.9258,704.496,0,0,-3.44154,13.92,696.884,0,0,3.04361,10.7302,688.771,0,1,20.056,12.4231,700.114,0,1,32.756,11.7578,699.23,0,0,0.0,18,776.5
987,9.73288,-10.8168,608,-0.564093,-0.0307061,0,1.13475,0.323295,625.885,4.5,1,-1.40924,-1.53387,612.599,6.6,1,-6.92504,-1.72887,613.049,6.6,0,-16.8384,4.94059,657.32,1.2,0,-1.37299,-1.22035,648.737,0,1,-14.6977,17.8445,704.749,0,0,-3.44154,13.92,696.884,0,0,3.04361,10.7302,688.771,0,1,19.8061,12.6203,700.287,0,1,32.5069,11.589,699.538,0,0,0.0,18,777
988,10.3374,-10.8351,608.5,-0.567684,-0.0276355,0,1.13475,0.323295,625.885,4.5,1,-1.68871,-2.86119,609.83,6.9,1,-6.27968,-2.97643,610.305,6.9,0,-16.8384,4.94059,657.32,1.2,0,-1.37299,-1.22035,648.737,0,1,-14.4536,17.7524,705,0,0,-3.44154,13.92,696.884,0,0,3.04361,10.7302,688.771,0,1,19.5569,12.822,700.461,0,1,32.2571,11.4278,699.848,0,0,0.0,18,777.5
989,10.9436,-10.852,609,-0.570915,-0.0248719,0,1.13475,0.323295,625.885,4.5,1,-1.96819,-4.18851,607.061,7.2,1,-5.63433,-4.22399,607.56,7.2,0,-16.8384,4.94059,657.32,1.2,0,-1.37299,-1.22035,648.737,0,1,-14.2119,17.6498,705.248,0,0,-3.44154,13.92,696.884,0,0,3.04361,10.7302,688.771,0,1,19.3086,13.0277,700.637,0,1,32.0071,11.2747,700.16,0,0,0.0,18,778
990,11.5512,-10.8675,609.5,-0.573824,-0.0223847,0,1.13475,0.323295,625.885,4.5,1,-2.24766,-5.51584,604.292,7.5,1,-4.98897,-5.47155,604.815,7.5,0,-16.8384,4.94059,657.32,1.2,0,-1.37299,-1.22035,648.737,0,1,-13.9731,17.537,705.493,0,0,-3.44154,13.92,696.884,0,0,3.04361,10.7302,688.771,0,1,19.0617,13.2368,700.814,0,1,31.7574,11.13,700.474,0,0,0.0,18,778.5
991,12.1603,-10.8818,610,-0.576441,-0.0201463,0,1.13475,0.323295,625.885,4.5,1,-2.52713,-6.84316,601.523,7.8,1,-4.34361,-6.71912,602.07,7.8,0,-16.8384,4.94059,657.32,1.2,0,-1.37299,-1.22035,648.737,0,1,-13.7376,17.4144,705.736,0,0,-3.44154,13.92,696.884,0,0,3.04361,10.7302,688.771,0,1,18.8168,13.4487,700.992,0,1,31.5083,10.9943,700.789,0,0,0.0,18,779
992,12.6437,-10.6498,610.5,-0.561224,0.0101526,0,1.13475,0.323295,625.885,4.5,1,-2.80661,-8.17048,598.754,8.1,1,-3.69825,-7.96668,599.325,8.1,0,-16.8384,4.94059,657.32,1.2,0,-1.37299,-1.22035,648.737,0,1,-13.5058,17.2823,705.976,0,0,-3.44154,13.92,696.884,0,0,3.04361,10.7302,688.771,0,1,18.5741,13.6626,701.172,0,1,31.2602,10.868,701.106,0,0,0.0,18,779.5
993,13.1238,-10.4081,611,-0.547528,0.0374217,0,1.13475,0.323295,625.885,4.5,1,-3.08608,-9.49781,595.985,8.4,1,-3.05289,-9.21424,596.58,8.4,0,-16.8384,4.94059,657.32,1.2,0,-1.37299,-1.22035,648.737,0,1,-13.2781,17.1411,706.214,0,0,-3.44154,13.92,696.884,0,0,3.04361,10.7302,688.771,0,1,18.3341,13.8781,701.353,0,1,31.0137,10.7513,701.425,0,0,0.0,18,780
994,13.6008,-10.1574,611.5,-0.535201,0.0619638,0,1.13475,0.323295,625.885,4.5,1,-3.36555,-10.8251,593.216,8.7,1,-2.40754,-10.4618,593.836,8.7,0,-16.8384,4.94059,657.32,1.2,0,-1.37299,-1.22035,648.737,0,1,-13.0548,16.9912,706.449,0,0,-3.44154,13.92,696.884,0,0,3.04361,10.7302,688.771,0,1,18.0972,14.0945,701.536,0,1,30.7692,10.6448,701.745,0,0,0.0,18,780.5
995,14.0751,-9.8985,612,-0.524108,0.0840517,1,-45,14.5686,783.759,0,1,45,14.5686,768.759,0,1,-45,14.5686,768.759,0,1,45,14.5686,753.759,0,1,-45,14.5686,753.759,0,1,-12.8365,16.8331,706.682,0,0,-3.44154,13.92,696.884,0,0,3.04361,10.7302,688.771,0,1,17.8639,14.3112,701.721,0,1,30.527,10.5486,702.067,0,0,0.0,18,781
996,14.5467,-9.63203,612.5,-0.514123,0.103931,1,-45,14.5686,783.759,0,1,45,14.5686,768.759,0,1,-45,14.5686,768.759,0,1,45,14.5686,753.759,0,1,-45,14.5686,753.759,0,1,-12.6234,16.6672,706.912,0,0,-3.44154,13.92,696.884,0,0,3.04361,10.7302,688.771,0,1,17.6345,14.5274,701.907,0,1,30.2875,10.463,702.39,0,0,0.0,18,781.5
997,15.016,-9.35859,613,-0.505137,0.121822,1,-45,14.5686,783.759,0,1,45,14.5686,768.759,0,1,-45,14.5686,768.759,0,1,43.2697,15.2229,753.173,0.0348955,1,-43.1442,15.2229,753.173,-0.0348955,1,-12.416,16.4939,707.14,0,0,-3.44154,13.92,696.884,0,0,3.04361,10.7302,688.771,0,1,17.4094,14.7427,702.096,0,1,30.0513,10.3883,702.714,0,0,0.0,18,782
998,15.4831,-9.07874,613.5,-0.49705,0.137924,1,-45,14.5686,783.759,0,1,45,14.5686,768.759,0,1,-45,14.5686,768.759,0,1,41.5637,15.8759,752.622,0.0697246,1,-41.3144,15.8759,752.622,-0.0697246,1,-12.2145,16.3139,707.365,0,0,-3.44154,13.92,696.884,0,0,3.04361,10.7302,688.771,0,1,17.1891,14.9562,702.286,0,1,29.8187,10.3248,703.04,0,0,0.0,18,782.5
999,15.9482,-8.793,614,-0.489771,0.152416,1,-45,14.5686,783.759,0,1,45,14.5686,768.759,0,1,-45,14.5686,768.759,0,1,39.8818,16.5265,752.106,0.104421,1,-39.5106,16.5265,752.106,-0.104421,1,-12.0194,16.1276,707.588,0,0,-3.44154,13.92,696.884,0,0,3.04361,10.7302,688.771,0,1,16.9739,15.1675,702.478,0,1,29.5902,10.2726,703.367,0,0,0.0,18,783
1000,16.4114,-8.50183,614.5,-0.483221,0.165459,1,-45,14.5686,783.759,0,1,45,14.5686,768.759,0,1,-45,14.5686,768.759,0,1,38.2241,17.1733,751.625,0.138919,1,-37.7327,17.1733,751.625,-0.138919,1,-11.8309,15.9357,707.808,0,0,-3.44154,13.92,696.884,0,0,3.04361,10.7302,688.771,0,1,16.7641,15.3759,702.671,0,1,29.366,10.2318,703.695,0,0,0.0,18,783.5
1001,16.8729,-8.20567,615,-0.477325,0.177197,1,-45,14.5686,783.759,0,1,45,14.5686,768.759,0,1,-45,14.5686,768.759,0,1,36.5907,17.8152,751.177,0.173152,1,-35.9807,17.8152,751.177,-0.173152,1,-11.6495,15.7385,708.026,0,0,-3.44154,13.92,696.884,0,0,3.04361,10.7302,688.771,0,1,16.5602,15.5808,702.867,0,1,29.1466,10.2026,704.025,0,0,0.0,18,784
1002,17.3329,-7.90492,615.5,-0.472019,0.187762,1,-45,14.5686,783.759,0,1,45,14.5686,768.759,0,1,-45,14.5686,768.759,0,1,34.9814,18.4509,750.763,0.207055,1,-34.2547,18.4509,750.763,-0.207055,1,-11.4754,15.5368,708.242,0,0,-3.44154,13.92,696.884,0,0,3.04361,10.7302,688.771,0,1,16.3626,15.7816,703.065,0,1,28.9325,10.1851,704.355,0,0,0.0,18,784.5
1003,17.7914,-7.59995,616,-0.467243,0.19727,1,-45,14.5686,783.759,0,1,45,14.5686,768.759,0,1,-45,14.5686,768.759,0,1,33.3963,19.0792,750.382,0.240565,1,-32.5547,19.0792,750.382,-0.240565,1,-11.3089,15.3311,708.455,0,0,-3.44154,13.92,696.884,0,0,3.04361,10.7302,688.771,0,1,16.1714,15.9777,703.265,0,1,28.7238,10.1792,704.687,0,0,0.0,18,785
1004,18.2486,-7.29108,616.5,-0.462945,0.205827,1,-45,14.5686,783.759,0,1,45,14.5686,768.759,0,1,-45,14.5686,768.759,0,1,31.8355,19.6989,750.032,0.273616,1,-30.8806,19.6989,750.032,-0.273616,1,-11.1503,15.122,708.666,0,0,-3.44154,13.92,696.884,0,0,3.04361,10.7302,688.771,0,1,15.9872,16.1685,703.467,0,1,28.5211,10.1852,705.019,0,0,0.0,18,785.5
1005,18.3981,-6.87711,617,-0.416651,0.225244,1,-45,14.5686,783.759,0,1,45,14.5686,768.759,0,1,-45,14.5686,768.759,0,1,30.2988,20.3088,749.714,0.306147,1,-29.2324,20.3088,749.714,-0.306147,1,-10.9999,14.9102,708.875,0,0,-3.44154,13.92,696.884,0,0,3.04361,10.7302,688.771,0,1,15.8101,16.3534,703.671,0,1,28.3247,10.2028,705.352,0,0,0.0,18,786
1006,18.2293,-6.55779,617.5,-0.332559,0.231004,1,-45,14.5686,783.759,0,1,45,14.5686,768.759,0,1,-45,14.5686,768.759,0,1,28.7863,20.9079,749.427,0.338095,1,-27.6103,20.9079,749.427,-0.338095,1,-10.858,14.6962,709.082,0,0,-3.44154,13.92,696.884,0,0,3.04361,10.7302,688.771,0,1,15.6405,16.532,703.878,0,1,28.1349,10.2321,705.686,0,0,0.0,18,786.5
1007,18.0386,-6.23573,618,-0.256877,0.236188,1,-45,14.5686,783.759,0,1,45,14.5686,768.759,0,1,-45,14.5686,768.759,0,1,27.2981,21.4948,749.171,0.369399,1,-26.014,21.4948,749.171,-0.369399,1,-10.7247,14.4807,709.286,0,0,-3.44154,13.92,696.884,0,0,3.04361,10.7302,688.771,0,1,15.4788,16.7037,704.086,0,1,27.952,10.273,706.02,0,0,0.0,18,787
1008,17.8279,-5.91116,618.5,-0.188763,0.240853,1,-45,14.5686,783.759,0,1,45,14.5686,768.759,0,1,-45,14.5686,768.759,0,1,25.834,22.0686,748.944,0.4,1,-24.4438,22.0686,748.944,-0.4,1,-10.6004,14.2643,709.488,0,0,-3.44154,13.92,696.884,0,0,3.04361,10.7302,688.771,0,1,15.3251,16.868,704.297,0,1,27.7764,10.3253,706.355,0,0,0.0,18,787.5
1009,17.5986,-5.58426,619,-0.12746,0.245052,1,-45,14.5686,783.759,0,1,45,14.5686,768.759,0,1,-45,14.5686,768.759,0,1,24.3941,22.6281,748.746,0.42984,1,-22.8995,22.6281,748.746,-0.42984,1,-10.4852,14.0477,709.688,0,0,-3.44154,13.92,696.884,0,0,3.04361,10.7302,688.771,0,1,15.1798,17.0244,704.51,0,1,27.6083,10.389,706.691,0,0,0.0,18,788
1010,17.2254,-5.50036,619.5,-0.0547142,0.220547,1,-45,14.5686,783.759,0,1,45,14.5686,768.759,0,1,-45,14.5686,768.759,0,1,22.9785,23.1722,748.578,0.458861,1,-21.3811,23.1722,748.578,-0.458861,1,-10.3794,13.8314,709.886,0,0,-3.44154,13.92,696.884,0,0,3.04361,10.7302,688.771,0,1,15.043,17.1724,704.726,0,1,27.4481,10.4637,707.027,0,0,0.0,18,788.5
1011,16.832,-5.42318,620,0.0107572,0.198492,1,-45,14.5686,783.759,0,1,43.5456,15.2229,767.952,0.0348955,1,-43.4201,15.2229,767.952,-0.0348955,1,21.587,23.7,748.437,0.487009,1,-19.8887,23.7,748.437,-0.487009,1,-10.2831,13.6162,710.082,0,0,-3.44154,13.92,696.884,0,0,3.04361,10.7302,688.771,0,1,14.9151,17.3117,704.944,0,1,27.296,10.5494,707.364,0,0,0.0,18,789
1012,16.4202,-5.35217,620.5,0.0696815,0.178643,1,-45,14.5686,783.759,0,1,42.1115,15.8759,767.184,0.0697246,1,-41.8623,15.8759,767.184,-0.0697246,1,20.2197,24.2104,748.324,0.51423,1,-18.4223,24.2104,748.324,-0.51423,1,-10.1965,13.4026,710.276,0,0,-3.44154,13.92,696.884,0,0,3.04361,10.7302,688.771,0,1,14.7963,17.4418,705.164,0,1,27.1524,10.6457,707.701,0,0,0.0,18,789.5
1013,15.9912,-5.28684,621,0.122713,0.160779,1,-45,14.5686,783.759,0,1,40.6978,16.5265,766.453,0.104421,1,-40.3265,16.5265,766.453,-0.104421,1,18.8766,24.7024,748.237,0.540472,1,-16.9818,24.7024,748.237,-0.540472,1,-10.1197,13.1913,710.468,0,0,-3.44154,13.92,696.884,0,0,3.04361,10.7302,688.771,0,1,14.6867,17.5623,705.387,0,1,27.0173,10.7524,708.038,0,0,0.0,18,790
1014,15.5466,-5.22673,621.5,0.170442,0.144701,1,-45,14.5686,783.759,0,1,39.3044,17.1733,765.761,0.138919,1,-38.8129,17.1733,765.761,-0.138919,1,17.5578,25.1752,748.177,0.565686,1,-15.5672,25.1752,748.177,-0.565686,1,-10.0529,12.9829,710.659,0,0,-3.44154,13.92,696.884,0,0,3.04361,10.7302,688.771,0,1,14.5866,17.6729,705.612,0,1,26.8912,10.8691,708.375,0,0,0.0,18,790.5
1015,15.0876,-5.17144,622,0.213398,0.130231,1,-45,14.5686,783.759,0,1,37.9313,17.8152,765.105,0.173152,1,-37.3214,17.8152,765.105,-0.173152,1,16.2631,25.6278,748.143,0.589822,1,-14.1786,25.6278,748.143,-0.589822,1,-9.99618,12.778,710.847,0,0,-3.44154,13.92,696.884,0,0,3.04361,10.7302,688.771,0,1,14.4961,17.7732,705.839,0,1,26.7741,10.9955,708.713,0,0,0.0,18,791
1016,14.6153,-5.12057,622.5,0.252058,0.117208,1,-45,14.5686,783.759,0,1,36.5786,18.4509,764.485,0.207055,1,-35.8519,18.4509,764.485,-0.207055,1,14.9926,26.0593,748.134,0.612836,1,-12.816,26.0593,748.134,-0.612836,1,-9.94966,12.5772,711.033,0,0,-3.44154,13.92,696.884,0,0,3.04361,10.7302,688.771,0,1,14.4154,17.863,706.069,0,1,26.6664,11.1313,709.05,0,0,0.0,18,791.5
1017,14.1307,-5.07376,623,0.286852,0.105487,1,-45,14.5686,783.759,0,1,35.2463,19.0792,763.902,0.240565,1,-34.4046,19.0792,763.902,-0.240565,1,13.7463,26.4689,748.149,0.634683,1,-11.4793,26.4689,748.149,-0.634683,1,-9.91341,12.3811,711.218,0,0,-3.44154,13.92,696.884,0,0,3.04361,10.7302,688.771,0,1,14.3446,17.942,706.302,0,1,26.5681,11.276,709.388,0,0,0.0,18,792
1018,13.6349,-5.03071,623.5,0.318167,0.0949383,1,-45,14.5686,783.759,0,1,33.9342,19.6989,763.353,0.273616,1,-32.9793,19.6989,763.353,-0.273616,1,12.5243,26.8559,748.189,0.655322,1,-10.1686,26.8559,748.189,-0.655322,1,-9.8875,12.1903,711.401,0,0,-3.44154,13.92,696.884,0,0,3.04361,10.7302,688.771,0,1,14.2838,18.01,706.537,0,1,26.4795,11.4292,709.725,0,0,0.0,18,792.5
1019,13.1288,-4.99109,624,0.34635,0.0854445,1,-45,14.5686,783.759,0,1,32.6426,20.3088,762.839,0.306147,1,-31.5762,20.3088,762.839,-0.306147,1,11.3264,27.2195,748.252,0.674713,1,-8.88385,27.2195,748.252,-0.674713,1,-9.87197,12.0053,711.583,0,0,-3.44154,13.92,696.884,0,0,3.04361,10.7302,688.771,0,1,14.2333,18.0667,706.775,0,1,26.4008,11.5905,710.062,0,0,0.0,18,793
1020,12.6132,-4.95465,624.5,0.371715,0.0769,1,-45,14.5686,783.759,0,1,31.3712,20.9079,762.359,0.338095,1,-30.1951,20.9079,762.359,-0.338095,1,10.1527,27.559,748.337,0.69282,1,-7.62504,27.559,748.337,-0.69282,1,-9.86684,11.8267,711.763,0,0,-3.44154,13.92,696.884,0,0,3.04361,10.7302,688.771,0,1,14.1929,18.112,707.015,0,1,26.3319,11.7594,710.399,0,0,0.0,18,793.5
1021,12.2158,-5.16625,625,0.37697,0.0409257,1,-45,14.5686,783.759,0,1,30.1202,21.4948,761.913,0.369399,1,-28.8362,21.4948,761.913,-0.369399,1,9.00324,27.8738,748.446,0.709609,1,-6.39219,27.8738,748.446,-0.709609,1,-9.87213,11.655,711.941,0,0,-3.44154,13.92,696.884,0,0,3.04361,10.7302,688.771,0,1,14.1629,18.1458,707.257,0,1,26.2732,11.9354,710.736,0,0,0.0,18,794
1022,11.8148,-5.38921,625.5,0.3817,0.00854889,1,-45,14.5686,783.759,0,1,28.8896,22.0686,761.5,0.4,1,-27.4993,22.0686,761.5,-0.4,1,7.87796,28.1632,748.575,0.725046,1,-5.18529,28.1632,748.575,-0.725046,1,-9.88783,11.4907,712.118,0,0,-3.44154,13.92,696.884,0,0,3.04361,10.7302,688.771,0,1,14.1432,18.1679,707.502,0,1,26.2246,12.118,711.072,0,0,0.0,18,794.5
1023,11.4105,-5.62261,626,0.385956,-0.0205903,1,-45,14.5686,783.759,0,1,27.6792,22.6281,761.118,0.42984,1,-26.1846,22.6281,761.118,-0.42984,1,6.77689,28.4268,748.726,0.739104,1,-4.00435,28.4268,748.726,-0.739104,1,-9.9139,11.3343,712.294,0,0,-3.44154,13.92,696.884,0,0,3.04361,10.7302,688.771,0,1,14.1339,18.1784,707.75,0,1,26.1862,12.3066,711.408,0,0,0.0,18,795
1024,11.0032,-5.86563,626.5,0.389787,-0.0468155,1,-45,14.5686,783.759,0,1,26.4893,23.1722,760.769,0.458861,1,-24.8919,23.1722,760.769,-0.458861,1,5.70001,28.664,748.898,0.751754,1,-2.84935,28.664,748.898,-0.751754,1,-9.95031,11.1863,712.468,0,0,-3.44154,13.92,696.884,0,0,3.04361,10.7302,688.771,0,1,14.1351,18.1771,708,0,1,26.1582,12.5007,711.743,0,0,0.0,18,795.5
1025,10.5931,-6.11749,627,0.393235,-0.0704182,1,-45,14.5686,783.759,0,1,25.3196,23.7,760.451,0.487009,1,-23.6213,23.7,760.451,-0.487009,1,4.64733,28.8743,749.089,0.762974,1,-1.72032,28.8743,749.089,-0.762974,1,-9.99699,11.047,712.641,0,0,-3.44154,13.92,696.884,0,0,3.04361,10.7302,688.771,0,1,14.1467,18.164,708.253,0,1,26.1406,12.6997,712.077,0,0,0.0,18,796
1026,10.1805,-6.37749,627.5,0.396338,-0.0916607,1,-45,14.5686,783.759,0,1,24.1703,24.2104,760.163,0.51423,1,-22.3729,24.2104,760.163,-0.51423,1,3.61885,29.0575,749.3,0.772741,1,-0.617238,29.0575,749.3,-0.772741,1,-10.0539,10.9169,712.813,0,0,-3.44154,13.92,696.884,0,0,3.04361,10.7302,688.771,0,1,14.1686,18.1393,708.509,0,1,26.1334,12.9031,712.411,0,0,0.0,18,796.5
1027,9.76552,-6.64497,628,0.39913,-0.110779,1,-45,14.5686,783.759,0,1,23.0414,24.7024,759.905,0.540472,1,-21.1465,24.7024,759.905,-0.540472,1,2.61457,29.213,749.53,0.781037,1,0.459888,29.213,749.53,-0.781037,1,-10.1208,10.7964,712.984,0,0,-3.44154,13.92,696.884,0,0,3.04361,10.7302,688.771,0,1,14.2009,18.103,708.767,0,1,26.1365,13.1102,712.744,0,0,0.0,18,797
1028,9.3484,-6.91933,628.5,0.401644,-0.127985,1,-45,14.5686,783.759,0,1,21.9328,25.1752,759.677,0.565686,1,-19.9422,25.1752,759.677,-0.565686,1,1.6345,29.3407,749.778,0.787846,1,1.51105,29.3407,749.778,-0.787846,1,-10.1977,10.6858,713.154,0,0,-3.44154,13.92,696.884,0,0,3.04361,10.7302,688.771,0,1,14.2435,18.0552,709.027,0,1,26.1501,13.3205,713.076,0,0,0.0,18,797.5
1029,8.92929,-7.20003,629,0.403906,-0.143471,1,-45,14.5686,783.759,0,1,20.8445,25.6278,759.478,0.589822,1,-18.76,25.6278,759.478,-0.589822,1,0.678617,29.4403,750.043,0.793156,1,2.53627,29.4403,750.043,-0.793156,1,-10.2845,10.5854,713.323,0,0,-3.44154,13.92,696.884,0,0,3.04361,10.7302,688.771,0,1,14.2963,17.996,709.29,0,1,26.1741,13.5333,713.407,0,0,0.0,18,798
1030,8.50835,-7.48656,629.5,0.405941,-0.157408,1,-45,14.5686,783.759,0,1,19.7766,26.0593,759.307,0.612836,1,-17.6,26.0593,759.307,-0.612836,1,-0.253061,29.5115,750.326,0.796956,1,3.53553,29.5115,750.326,-0.796956,1,-10.381,10.4956,713.49,0,0,-3.44154,13.92,696.884,0,0,3.04361,10.7302,688.771,0,1,14.3593,17.9256,709.556,0,1,26.2084,13.7479,713.737,0,0,0.0,18,798.5
1031,8.08574,-7.77846,630,0.407774,-0.169952,1,-45,14.5686,783.759,0,1,18.729,26.4689,759.163,0.634683,1,-16.462,26.4689,759.163,-0.634683,1,-1.16054,29.5543,750.625,0.799239,1,4.50883,29.5543,750.625,-0.799239,1,-10.487,10.4166,713.657,0,0,-3.44154,13.92,696.884,0,0,3.04361,10.7302,688.771,0,1,14.4323,17.8442,709.824,0,1,26.253,13.9639,714.067,0,0,0.0,18,799
1032,7.66158,-8.07528,630.5,0.409423,-0.181241,1,-45,14.5686,783.759,0,1,17.7017,26.8559,759.047,0.655322,1,-15.3461,26.8559,759.047,-0.655322,1,-2.04382,29.5686,750.94,0.8,1,5.45618,29.5686,750.94,-0.8,1,-10.6023,10.3486,713.824,0,0,-3.44154,13.92,696.884,0,0,3.04361,10.7302,688.771,0,1,14.5151,17.7521,710.094,0,1,26.3078,14.1804,714.395,0,0,0.0,18,799.5
1033,7.23599,-8.37664,631,0.410907,-0.191401,1,-45,14.5686,783.759,0,1,16.6948,27.2195,758.957,0.674713,1,-14.2523,27.2195,758.957,-0.674713,1,-2.9029,29.5543,751.27,0.799239,1,6.37758,29.5543,751.27,-0.799239,1,-10.7268,10.2919,713.989,0,0,-3.44154,13.92,696.884,0,0,3.04361,10.7302,688.771,0,1,14.6078,17.6495,710.367,0,1,26.3728,14.397,714.721,0,0,0.0,18,800
1034,6.8091,-8.68218,631.5,0.412243,-0.200545,1,-45,14.5686,783.759,0,1,15.7083,27.559,758.893,0.69282,1,-13.1806,27.559,758.893,-0.69282,1,-3.73778,29.5115,751.615,0.796956,1,7.27302,29.5115,751.615,-0.796956,1,-10.8602,10.2466,714.154,0,0,-3.44154,13.92,696.884,0,0,3.04361,10.7302,688.771,0,1,14.71,17.5367,710.643,0,1,26.4477,14.6129,715.047,0,0,0.0,18,800.5
1035,6.381,-8.99156,632,0.413445,-0.208775,1,-45,14.5686,783.759,0,1,14.7421,27.8738,758.855,0.709609,1,-12.131,27.8738,758.855,-0.709609,1,-4.54847,29.4403,751.975,0.793156,1,8.1425,29.4403,751.975,-0.793156,1,-11.0022,10.2128,714.318,0,0,-3.44154,13.92,696.884,0,0,3.04361,10.7302,688.771,0,1,14.8216,17.414,710.92,0,1,26.5325,14.8276,715.371,0,0,0.0,18,801
1036,5.9518,-9.30447,632.5,0.414527,-0.216182,1,-45,14.5686,783.759,0,1,13.7962,28.1632,758.841,0.725046,1,-11.1035,28.1632,758.841,-0.725046,1,-5.33495,29.3407,752.348,0.787846,1,8.98604,29.3407,752.348,-0.787846,1,-11.1528,10.1906,714.482,0,0,-3.44154,13.92,696.884,0,0,3.04361,10.7302,688.771,0,1,14.9425,17.2819,711.201,0,1,26.627,15.0403,715.694,0,0,0.0,18,801.5
1037,5.52158,-9.62064,633,0.4155,-0.222848,1,-45,14.5686,783.759,0,1,12.8706,28.4268,758.851,0.739104,1,-10.0981,28.4268,758.851,-0.739104,1,-6.09724,29.213,752.733,0.781037,1,9.80361,29.213,752.733,-0.781037,1,-11.3115,10.1801,714.646,0,0,-3.44154,13.92,696.884,0,0,3.04361,10.7302,688.771,0,1,15.0723,17.1407,711.483,0,1,26.7311,15.2505,716.016,0,0,0.0,18,802
1038,5.09042,-9.93979,633.5,0.416377,-0.228847,1,-45,14.5686,783.759,0,1,11.9654,28.664,758.885,0.751754,1,-9.11479,28.664,758.885,-0.751754,1,-6.83532,29.0575,753.132,0.772741,1,10.5952,29.0575,753.132,-0.772741,1,-11.4781,10.1814,714.809,0,0,-3.44154,13.92,696.884,0,0,3.04361,10.7302,688.771,0,1,15.211,16.9907,711.768,0,1,26.8445,15.4576,716.336,0,0,0.0,18,802.5
1039,4.53147,-10.0166,634,0.434739,-0.205963,1,-45,14.5686,783.759,0,1,11.0806,28.8743,758.943,0.762974,1,-8.15358,28.8743,758.943,-0.762974,1,-7.5492,28.8743,753.542,0.762974,1,11.3609,28.8743,753.542,-0.762974,1,-11.6523,10.1944,714.972,0,0,-3.44154,13.92,696.884,0,0,3.04361,10.7302,688.771,0,1,15.3581,16.8326,712.056,0,1,26.9671,15.6609,716.654,0,0,0.0,18,803
1040,3.96724,-10.0872,634.5,0.451265,-0.185366,1,-45,14.5686,783.759,0,1,10.2161,29.0575,759.022,0.772741,1,-7.21446,29.0575,759.022,-0.772741,1,-8.23889,28.664,753.964,0.751754,1,12.1006,28.664,753.964,-0.751754,1,-11.8338,10.2191,715.134,0,0,-3.44154,13.92,696.884,0,0,3.04361,10.7302,688.771,0,1,15.5136,16.6666,712.345,0,1,27.0987,15.8599,716.971,0,0,0.0,18,803.5
1041,3.39815,-10.1522,635,0.466139,-0.16683,1,-43.6959,15.2229,782.952,-0.0348955,1,9.3719,29.213,759.124,0.781037,1,-6.29744,29.213,759.124,-0.781037,1,-8.90437,28.4268,754.396,0.739104,1,12.8144,28.4268,754.396,-0.739104,1,-12.0224,10.2554,715.297,0,0,-3.44154,13.92,696.884,0,0,3.04361,10.7302,688.771,0,1,15.6771,16.4934,712.637,0,1,27.2391,16.054,717.286,0,0,0.0,18,804
1042,2.82459,-10.212,635.5,0.479525,-0.150147,1,-42.4101,15.8759,782.184,-0.0697246,1,8.54808,29.3407,759.247,0.787846,1,-5.40253,29.3407,759.247,-0.787846,1,-9.54566,28.1632,754.838,0.725046,1,13.5022,28.1632,754.838,-0.725046,1,-12.2176,10.3032,715.459,0,0,-3.44154,13.92,696.884,0,0,3.04361,10.7302,688.771,0,1,15.8483,16.3134,712.931,0,1,27.3879,16.2425,717.599,0,0,0.0,18,804.5
1043,2.24691,-10.267,636,0.491572,-0.135132,1,-41.1425,16.5265,781.453,-0.104421,1,7.74459,29.4403,759.39,0.793156,1,-4.52971,29.4403,759.39,-0.793156,1,-10.1627,27.8738,755.29,0.709609,1,14.164,27.8738,755.29,-0.709609,1,-12.4192,10.3624,715.622,0,0,-3.44154,13.92,696.884,0,0,3.04361,10.7302,688.771,0,1,16.027,16.1271,713.227,0,1,27.545,16.425,717.911,0,0,0.0,18,805
1044,1.66545,-10.3176,636.5,0.502415,-0.121619,1,-39.8931,17.1733,780.761,-0.138919,1,6.96144,29.5115,759.554,0.796956,1,-3.67898,29.5115,759.554,-0.796956,1,-10.7556,27.559,755.751,0.69282,1,14.7999,27.559,755.751,-0.69282,1,-12.6267,10.4328,715.784,0,0,-3.44154,13.92,696.884,0,0,3.04361,10.7302,688.771,0,1,16.2128,15.9351,713.526,0,1,27.71,16.6009,718.221,0,0,0.0,18,805.5
1045,1.0805,-10.3641,637,0.512174,-0.109457,1,-38.662,17.8152,780.105,-0.173152,1,6.19864,29.5543,759.737,0.799239,1,-2.85035,29.5543,759.737,-0.799239,1,-11.3243,27.2195,756.22,0.674713,1,15.4099,27.2195,756.22,-0.674713,1,-12.8399,10.5142,715.947,0,0,-3.44154,13.92,696.884,0,0,3.04361,10.7302,688.771,0,1,16.4054,15.7379,713.826,0,1,27.8827,16.7698,718.529,0,0,0.0,18,806
1046,0.492353,-10.407,637.5,0.520956,-0.0985112,1,-37.4491,18.4509,779.485,-0.207055,1,5.45618,29.5686,759.94,0.8,1,-2.04382,29.5686,759.94,-0.8,1,-11.8688,26.8559,756.697,0.655322,1,15.9938,26.8559,756.697,-0.655322,1,-13.0583,10.6063,716.11,0,0,-3.44154,13.92,696.884,0,0,3.04361,10.7302,688.771,0,1,16.6045,15.5362,714.129,0,1,28.0628,16.931,718.835,0,0,0.0,18,806.5
1047,-0.0987461,-10.4464,638,0.528861,-0.0886601,1,-36.2545,19.0792,778.902,-0.240565,1,4.73406,29.5543,760.161,0.799239,1,-1.25938,29.5543,760.161,-0.799239,1,-12.3891,26.4689,757.182,0.634683,1,16.5519,26.4689,757.182,-0.634683,1,-13.2816,10.7089,716.274,0,0,-3.44154,13.92,696.884,0,0,3.04361,10.7302,688.771,0,1,16.8097,15.3305,714.434,0,1,28.25,17.0841,719.139,0,0,0.0,18,807
1048,-0.692557,-10.4826,638.5,0.535975,-0.0797941,1,-35.0781,19.6989,778.353,-0.273616,1,4.03228,29.5115,760.399,0.796956,1,-0.497046,29.5115,760.399,-0.796956,1,-12.8852,26.0593,757.673,0.612836,1,17.0839,26.0593,757.673,-0.612836,1,-13.5094,10.8217,716.438,0,0,-3.44154,13.92,696.884,0,0,3.04361,10.7302,688.771,0,0,16.8097,15.3305,714.434,0,1,28.4439,17.2287,719.44,0,0,0.0,18,807.5
1049,-1.28886,-10.516,639,0.542377,-0.0718147,1,-33.9199,20.3088,777.839,-0.306147,1,3.35084,29.4403,760.655,0.793156,1,0.243199,29.4403,760.655,-0.793156,1,-13.3571,25.6278,758.17,0.589822,1,17.5901,25.6278,758.17,-0.589822,1,-13.7413,10.9443,716.602,0,0,-3.44154,13.92,696.884,0,0,3.04361,10.7302,688.771,0,0,16.8097,15.3305,714.434,0,1,28.6442,17.3644,719.74,0,0,0.0,18,808
1050,-1.88746,-10.5466,639.5,0.548139,-0.0646332,1,-32.78,20.9079,777.359,-0.338095,1,2.68974,29.3407,760.928,0.787846,1,0.961343,29.3407,760.928,-0.787846,1,-13.8048,25.1752,758.672,0.565686,1,18.0702,25.1752,758.672,-0.565686,1,-13.9768,11.0764,716.767,0,0,-3.44154,13.92,696.884,0,0,3.04361,10.7302,688.771,0,0,16.8097,15.3305,714.434,0,1,28.8505,17.4907,720.038,0,0,0.0,18,808.5
1051,-2.48818,-10.5749,640,0.553325,-0.0581699,1,-31.6583,21.4948,776.913,-0.369399,1,2.04898,29.213,761.216,0.781037,1,1.65739,29.213,761.216,-0.781037,1,-14.2283,24.7025,759.18,0.540473,1,18.5244,24.7025,759.18,-0.540473,1,-14.2157,11.2176,716.932,0,0,-3.44154,13.92,696.884,0,0,3.04361,10.7302,688.771,0,0,16.8097,15.3305,714.434,0,1,29.0626,17.6073,720.334,0,0,0.0,18,809
1052,-3.09083,-10.6008,640.5,0.557993,-0.0523529,1,-30.5549,22.0686,776.5,-0.4,1,1.42857,29.0575,761.521,0.772741,1,2.33134,29.0575,761.521,-0.772741,1,-14.6276,24.2104,759.692,0.514231,1,18.9527,24.2104,759.692,-0.514231,1,-14.4574,11.3675,717.098,0,0,-3.44154,13.92,696.884,0,0,3.04361,10.7302,688.771,0,0,16.8097,15.3305,714.434,0,1,29.28,17.7139,720.627,0,0,0.0,18,809.5
1053,-3.69528,-10.6247,641,0.562194,-0.0471176,1,-29.4697,22.6281,776.118,-0.42984,1,0.828498,28.8743,761.84,0.762974,1,2.9832,28.8743,761.84,-0.762974,1,-15.0026,23.7,760.207,0.48701,1,19.355,23.7,760.207,-0.48701,1,-14.7015,11.5257,717.265,0,0,-3.44154,13.92,696.884,0,0,3.04361,10.7302,688.771,0,0,16.8097,15.3305,714.434,0,1,29.5023,17.8101,720.918,0,0,0.0,18,810
1054,-4.17445,-10.4016,641.5,0.548401,-0.0141216,1,-28.4027,23.1722,775.769,-0.458861,1,0.248765,28.664,762.173,0.751754,1,3.61296,28.664,762.173,-0.751754,1,-15.3535,23.1722,760.726,0.458862,1,19.7313,23.1722,760.726,-0.458862,1,-14.9477,11.6916,717.433,0,0,-3.44154,13.92,696.884,0,0,3.04361,10.7302,688.771,0,0,16.8097,15.3305,714.434,0,1,29.7292,17.8956,721.207,0,0,0.0,18,810.5
1055,-4.65064,-10.168,642,0.535987,0.0155749,1,-27.354,23.7,775.451,-0.487009,1,-0.310625,28.4268,762.521,0.739104,1,4.22062,28.4268,762.521,-0.739104,1,-15.6802,22.6281,761.248,0.42984,1,20.0817,22.6281,761.248,-0.42984,1,-15.1955,11.8649,717.602,0,0,-3.44154,13.92,696.884,0,0,3.04361,10.7302,688.771,0,0,16.8097,15.3305,714.434,0,1,29.9603,17.9703,721.494,0,0,0.0,18,811
1056,-5.12408,-9.92483,642.5,0.524815,0.0423016,1,-26.3235,24.2104,775.163,-0.51423,1,-0.849673,28.1632,762.881,0.725046,1,4.80618,28.1632,762.881,-0.725046,1,-15.9827,22.0686,761.771,0.400001,1,20.4062,22.0686,761.771,-0.400001,1,-15.4444,12.0449,717.771,0,0,-3.44154,13.92,696.884,0,0,3.04361,10.7302,688.771,0,0,16.8097,15.3305,714.434,0,1,30.1951,18.0338,721.778,0,0,0.0,18,811.5
1057,-5.59501,-9.67282,643,0.51476,0.0663558,1,-25.3112,24.7024,774.905,-0.540472,1,-1.36838,27.8738,763.255,0.709609,1,5.36965,27.8738,763.255,-0.709609,1,-16.261,21.4948,762.296,0.369399,1,20.7046,21.4948,762.296,-0.369399,1,-15.6941,12.2312,717.942,0,0,-3.44154,13.92,696.884,0,0,3.04361,10.7302,688.771,0,0,16.8097,15.3305,714.434,0,1,30.4333,18.086,722.06,0,0,0.0,18,812
1058,-6.06362,-9.41269,643.5,0.50571,0.0880045,1,-24.3172,25.1752,774.677,-0.565686,1,-1.86675,27.559,763.64,0.69282,1,5.91102,27.559,763.64,-0.69282,1,-16.5151,20.9079,762.822,0.338095,1,20.9772,20.9079,762.822,-0.338095,1,-15.9441,12.4232,718.114,0,0,-3.44154,13.92,696.884,0,0,3.04361,10.7302,688.771,0,0,16.8097,15.3305,714.434,0,1,30.6745,18.1268,722.339,0,0,0.0,18,812.5
1059,-6.5301,-9.14508,644,0.497566,0.107488,1,-23.3414,25.6278,774.478,-0.589822,1,-2.34477,27.2195,764.037,0.674713,1,6.4303,27.2195,764.037,-0.674713,1,-16.745,20.3089,763.348,0.306147,1,21.2237,20.3089,763.348,-0.306147,1,-16.1939,12.6203,718.287,0,0,-3.44154,13.92,696.884,0,0,3.04361,10.7302,688.771,0,0,16.8097,15.3305,714.434,0,1,30.9182,18.1559,722.616,0,0,0.0,18,813
1060,-6.99461,-8.8706,644.5,0.490235,0.125024,1,-22.3839,26.0593,774.307,-0.612836,1,-2.80245,26.8559,764.444,0.655322,1,6.92747,26.8559,764.444,-0.655322,1,-16.9507,19.6989,763.874,0.273617,1,21.4443,19.6989,763.874,-0.273617,1,-16.4432,12.8221,718.461,0,0,-3.44154,13.92,696.884,0,0,3.04361,10.7302,688.771,0,0,16.8097,15.3305,714.434,0,1,31.164,18.1735,722.891,0,0,0.0,18,813.5
1061,-7.45732,-8.58979,645,0.483638,0.140806,1,-21.4446,26.4689,774.163,-0.634683,1,-3.2398,26.4689,764.862,0.634683,1,7.40255,26.4689,764.862,-0.634683,1,-17.1322,19.0792,764.398,0.240565,1,21.639,19.0792,764.398,-0.240565,1,-16.6915,13.0278,718.637,0,0,-3.44154,13.92,696.884,0,0,3.04361,10.7302,688.771,0,0,16.8097,15.3305,714.434,0,1,31.4115,18.1792,723.163,0,0,0.0,18,814
1062,-7.91837,-8.30316,645.5,0.477701,0.155009,1,-20.5236,26.8559,774.047,-0.655322,1,-3.65679,26.0593,765.29,0.612836,1,7.85554,26.0593,765.29,-0.612836,1,-17.2895,18.4509,764.922,0.207056,1,21.8077,18.4509,764.922,-0.207056,1,-16.9383,13.2369,718.814,0,0,-3.44154,13.92,696.884,0,0,3.04361,10.7302,688.771,0,0,16.8097,15.3305,714.434,0,1,31.6602,18.1733,723.433,0,0,0.0,18,814.5
1063,-8.37789,-8.01118,646,0.472357,0.167793,1,-19.6207,27.2195,773.957,-0.674713,1,-4.05346,25.6278,765.727,0.589822,1,8.28643,25.6278,765.727,-0.589822,1,-17.4226,17.8152,765.443,0.173153,1,21.9505,17.8152,765.443,-0.173153,1,-17.1833,13.4487,718.992,0,0,-3.44154,13.92,696.884,0,0,3.04361,10.7302,688.771,0,0,16.8097,15.3305,714.434,0,1,31.9098,18.1556,723.7,0,0,0.0,18,815
1064,-8.836,-7.71427,646.5,0.467548,0.179298,1,-18.7362,27.559,773.893,-0.69282,1,-4.42977,25.1752,766.172,0.565686,1,8.69522,25.1752,766.172,-0.565686,1,-17.5315,17.1733,765.962,0.138919,1,22.0673,17.1733,765.962,-0.138919,1,-17.426,13.6627,719.172,0,0,-3.44154,13.92,696.884,0,0,3.04361,10.7302,688.771,0,0,16.8097,15.3305,714.434,0,1,32.1598,18.1263,723.964,0,0,0.0,18,815.5
1065,-9.29282,-7.41283,647,0.463219,0.189652,1,-17.8698,27.8738,773.855,-0.709609,1,-4.78575,24.7025,766.626,0.540473,1,9.08191,24.7025,766.626,-0.540473,1,-17.6162,16.5265,766.478,0.104422,1,22.1581,16.5265,766.478,-0.104422,1,-17.666,13.8782,719.353,0,0,-3.44154,13.92,696.884,0,0,3.04361,10.7302,688.771,0,0,16.8097,15.3305,714.434,0,1,32.4097,18.0854,724.227,0,0,0.0,18,816
1066,-9.74845,-7.10723,647.5,0.459324,0.198971,1,-17.0217,28.1632,773.841,-0.725046,1,-5.12138,24.2104,767.087,0.514231,1,9.44651,24.2104,767.087,-0.514231,1,-17.6767,15.8759,766.99,0.0697255,1,22.223,15.8759,766.99,-0.0697255,1,-17.3101,13.0079,716.417,0.3,0,-3.44154,13.92,696.884,0,0,3.04361,10.7302,688.771,0,0,16.8097,15.3305,714.434,0,1,31.0228,17.2179,721.613,0.3,0,0.0,18,816.5
1067,-10.203,-6.79778,648,0.455818,0.207358,1,-16.1918,28.4268,773.851,-0.739104,1,-5.43668,23.7,767.555,0.48701,1,9.78901,23.7,767.555,-0.48701,1,-17.713,15.2229,767.497,0.0348964,1,22.2619,15.2229,767.497,-0.0348964,1,-16.9542,12.1376,713.48,0.6,0,-3.44154,13.92,696.884,0,0,3.04361,10.7302,688.771,0,0,16.8097,15.3305,714.434,0,1,29.6359,16.3504,719,0.6,0,0.0,18,817
1068,-10.6565,-6.48481,648.5,0.452663,0.214907,1,-15.3802,28.664,773.885,-0.751754,1,-5.73162,23.1722,768.029,0.458862,1,10.1094,23.1722,768.029,-0.458862,1,-17.7251,14.5686,768,8.83736e-07,1,22.2749,14.5686,768,-8.83736e-07,1,-16.5983,11.2672,710.544,0.9,0,-3.44154,13.92,696.884,0,0,3.04361,10.7302,688.771,0,0,16.8097,15.3305,714.434,0,1,28.249,15.4829,716.386,0.9,0,0.0,18,817.5
1069,-10.8027,-6.06705,649,0.407396,0.233416,1,-14.5868,28.8743,773.943,-0.762974,1,-6.00624,22.6281,768.508,0.42984,1,10.4077,22.6281,768.508,-0.42984,1,-17.7251,14.5686,768.5,0,1,22.2749,14.5686,768.5,0,1,-16.2424,10.3969,707.607,1.2,0,-3.44154,13.92,696.884,0,0,3.04361,10.7302,688.771,0,0,16.8097,15.3305,714.434,0,1,26.8621,14.6153,713.772,1.2,0,0.0,18,818
1070,-10.9372,-5.64272,649.5,0.366657,0.250075,1,-13.8117,29.0575,774.022,-0.772741,1,-6.2605,22.0686,768.993,0.400001,1,10.6839,22.0686,768.993,-0.400001,1,-23.7242,13.4163,769.711,0,1,27.9281,16.2874,769.461,0,1,-15.8865,9.52661,704.671,1.5,0,-3.44154,13.92,696.884,0,0,3.04361,10.7302,688.771,0,0,16.8097,15.3305,714.434,0,1,25.4752,13.7478,711.159,1.5,0,0.0,18,818.5
1071,-11.0609,-5.21233,650,0.329991,0.265067,1,-13.0548,29.213,774.124,-0.781037,1,-6.49443,21.4948,769.483,0.369399,1,10.938,21.4948,769.483,-0.369399,1,-23.7148,13.6254,770.043,0,1,27.8394,16.4804,769.795,0,1,-15.5306,8.6563,701.735,1.8,0,-3.44154,13.92,696.884,0,0,3.04361,10.7302,688.771,0,0,16.8097,15.3305,714.434,0,1,24.0883,12.8803,708.545,1.8,0,0.0,18,819
1072,-10.8683,-4.87791,650.5,0.254565,0.266845,1,-12.3161,29.3407,774.247,-0.787846,1,-6.70802,20.9079,769.976,0.338095,1,11.1701,20.9079,769.976,-0.338095,1,-23.695,13.8372,770.375,0,1,27.7411,16.6679,770.129,0,1,-15.1746,7.78598,698.798,2.1,0,-3.44154,13.92,696.884,0,0,3.04361,10.7302,688.771,0,0,16.8097,15.3305,714.434,0,1,22.7014,12.0128,705.932,2.1,0,0.0,18,819.5
1073,-10.6558,-4.54196,651,0.186682,0.268444,1,-11.5957,29.4403,774.39,-0.793156,1,-6.90126,20.3089,770.473,0.306147,1,11.38,20.3089,770.473,-0.306147,1,-23.6648,14.0512,770.705,0,1,27.6333,16.8491,770.463,0,1,-14.8187,6.91566,695.862,2.4,0,-3.44154,13.92,696.884,0,0,3.04361,10.7302,688.771,0,0,16.8097,15.3305,714.434,0,1,21.3144,11.1452,703.318,2.4,0,0.0,18,820
1074,-10.298,-4.44973,651.5,0.108014,0.2416,1,-10.8935,29.5115,774.554,-0.796956,1,-7.07417,19.6989,770.972,0.273617,1,11.5678,19.6989,770.972,-0.273617,1,-23.6243,14.2667,771.035,0,1,27.5162,17.0237,770.795,0,1,-14.4628,6.04534,692.925,2.7,0,-3.44154,13.92,696.884,0,0,3.04361,10.7302,688.771,0,0,16.8097,15.3305,714.434,0,1,19.9275,10.2777,700.704,2.7,0,0.0,18,820.5
1075,-9.91883,-4.36488,652,0.0372128,0.21744,1,-10.2095,29.5543,774.737,-0.799239,1,-7.22673,19.0792,771.474,0.240565,1,11.7335,19.0792,771.474,-0.240565,1,-23.5736,14.4831,771.364,0,1,27.3901,17.1911,771.127,0,1,-14.1069,5.17503,689.989,3,0,-3.44154,13.92,696.884,0,0,3.04361,10.7302,688.771,0,0,16.8097,15.3305,714.434,0,1,18.5406,9.41018,698.091,3,0,0.0,18,821
1076,-9.51999,-4.28682,652.5,-0.0265085,0.195696,1,-9.54382,29.5686,774.94,-0.8,1,-7.35895,18.4509,771.977,0.207056,1,11.8772,18.4509,771.977,-0.207056,1,-23.5127,14.6998,771.691,0,1,27.255,17.3507,771.457,0,1,-13.751,4.30471,687.052,3.3,0,-3.44154,13.92,696.884,0,0,3.04361,10.7302,688.771,0,0,16.8097,15.3305,714.434,0,1,17.1537,8.54265,695.477,3.3,0,0.0,18,821.5
1077,-9.10305,-4.215,653,-0.0838576,0.176126,1,-8.89634,29.5543,775.161,-0.799239,1,-7.47083,17.8152,772.482,0.173153,1,11.9987,17.8152,772.482,-0.173153,1,-23.4417,14.916,772.017,0,1,27.1113,17.5023,771.787,0,1,-13.3951,3.43439,684.116,3.6,0,-3.44154,13.92,696.884,0,0,3.04361,10.7302,688.771,0,0,16.8097,15.3305,714.434,0,1,15.7668,7.67513,692.864,3.6,0,0.0,18,822
1078,-8.66947,-4.14893,653.5,-0.135472,0.158514,1,-8.26711,29.5115,775.399,-0.796956,1,-7.56236,17.1733,772.987,0.138919,1,12.0981,17.1733,772.987,-0.138919,1,-23.3609,15.1312,772.342,0,1,26.9591,17.6452,772.115,0,0,-13.3951,3.43439,684.116,3.6,0,-3.44154,13.92,696.884,0,0,3.04361,10.7302,688.771,0,0,16.8097,15.3305,714.434,0,1,14.3799,6.8076,690.25,3.9,0,0.0,18,822.5
1079,-8.22058,-4.08814,654,-0.181925,0.142662,1,-7.65611,29.4403,775.655,-0.793156,1,-7.63356,16.5265,773.492,0.104422,1,12.1755,16.5265,773.492,-0.104422,1,-23.2702,15.3448,772.665,0,1,26.7989,17.7791,772.443,0,0,-13.3951,3.43439,684.116,3.6,0,-3.44154,13.92,696.884,0,0,3.04361,10.7302,688.771,0,0,16.8097,15.3305,714.434,0,1,12.993,5.94008,687.636,4.2,0,0.0,18,823
1080,-7.75759,-4.03222,654.5,-0.223732,0.128396,1,-7.06335,29.3407,775.928,-0.787846,1,-7.68441,15.8759,773.996,0.0697255,1,12.2307,15.8759,773.996,-0.0697255,1,-23.17,15.5561,772.987,0,1,26.6308,17.9035,772.769,0,0,-13.3951,3.43439,684.116,3.6,0,-3.44154,13.92,696.884,0,0,3.04361,10.7302,688.771,0,0,16.8097,15.3305,714.434,0,1,11.6061,5.07255,685.023,4.5,0,0.0,18,823.5
1081,-7.28165,-3.98077,655,-0.261359,0.115557,1,-6.48883,29.213,776.216,-0.781037,1,-7.71492,15.2229,774.499,0.0348964,1,12.2639,15.2229,774.499,-0.0348964,1,-23.0602,15.7645,773.308,0,1,26.4551,18.0182,773.094,0,0,-13.3951,3.43439,684.116,3.6,0,-3.44154,13.92,696.884,0,0,3.04361,10.7302,688.771,0,0,16.8097,15.3305,714.434,0,1,10.2192,4.20503,682.409,4.8,0,0.0,18,824
1082,-6.79378,-3.93343,655.5,-0.295223,0.104001,1,-5.93255,29.0575,776.521,-0.772741,1,-7.72509,14.5686,775,8.83736e-07,1,12.2749,14.5686,775,-8.83736e-07,1,-22.9412,15.9695,773.627,0,1,26.2722,18.1228,773.417,0,0,-13.3951,3.43439,684.116,3.6,0,-3.44154,13.92,696.884,0,0,3.04361,10.7302,688.771,0,0,16.8097,15.3305,714.434,0,1,8.83234,3.3375,679.796,5.1,0,0.0,18,824.5
1083,-6.29494,-3.88988,656,-0.325701,0.0936008,1,-5.3945,28.8743,776.84,-0.762974,1,-7.72509,14.5686,775.5,0,1,12.2749,14.5686,775.5,0,1,-22.8132,16.1702,773.944,0,1,26.0824,18.2169,773.739,0,0,-13.3951,3.43439,684.116,3.6,0,-3.44154,13.92,696.884,0,0,3.04361,10.7302,688.771,0,0,16.8097,15.3305,714.434,0,1,7.44544,2.46998,677.182,5.4,0,0.0,18,825
1084,-5.78601,-3.84982,656.5,-0.353131,0.0842407,1,-4.8747,28.664,777.173,-0.751754,1,-5.22862,18.5536,777.9,0,1,8.5449,15.4705,778.75,0,1,-22.6763,16.3663,774.26,0,1,25.8859,18.3004,774.06,0,0,-13.3951,3.43439,684.116,3.6,0,-3.44154,13.92,696.884,0,0,3.04361,10.7302,688.771,0,0,16.8097,15.3305,714.434,0,1,6.05854,1.60245,674.569,5.7,0,0.0,18,825.5
1085,-5.26779,-3.81296,657,-0.377818,0.0758166,1,-4.37313,28.4268,777.521,-0.739104,1,-5.45805,18.5665,778.21,0,1,8.35237,15.2582,778.999,0,1,-22.5309,16.5572,774.574,0,1,25.6832,18.3729,774.379,0,0,-13.3951,3.43439,684.116,3.6,0,-3.44154,13.92,696.884,0,0,3.04361,10.7302,688.771,0,0,16.8097,15.3305,714.434,0,1,4.67163,0.734927,671.955,6,0,0.0,18,826
1086,-4.74103,-3.77905,657.5,-0.400036,0.068235,1,-3.8898,28.1632,777.881,-0.725046,1,-5.69142,18.5676,778.519,0,1,8.16665,15.0438,779.245,0,1,-22.3771,16.7421,774.887,0,1,25.4745,18.4342,774.696,0,0,-13.3951,3.43439,684.116,3.6,0,-3.44154,13.92,696.884,0,0,3.04361,10.7302,688.771,0,0,16.8097,15.3305,714.434,0,1,3.28473,-0.132598,669.341,6.3,0,0.0,18,826.5
1087,-4.20641,-3.74786,658,-0.420032,0.0614115,1,-3.42471,27.8738,778.255,-0.709609,1,-5.92832,18.5571,778.825,0,1,7.98807,14.8281,779.489,0,1,-22.2152,16.9208,775.197,0,1,25.2603,18.4842,775.012,0,0,-13.3951,3.43439,684.116,3.6,0,-3.44154,13.92,696.884,0,0,3.04361,10.7302,688.771,0,0,16.8097,15.3305,714.434,0,1,1.89783,-1.00012,666.728,6.6,0,0.0,18,827
1088,-3.66456,-3.71916,658.5,-0.438029,0.0552703,1,-2.97786,27.559,778.64,-0.69282,1,-6.16833,18.5348,779.129,0,1,7.81692,14.6116,779.73,0,1,-22.0455,17.0925,775.506,0,1,25.0409,18.5227,775.326,0,0,-13.3951,3.43439,684.116,3.6,0,-3.44154,13.92,696.884,0,0,3.04361,10.7302,688.771,0,0,16.8097,15.3305,714.434,0,1,0.51093,-1.86765,664.114,6.9,0,0.0,18,827.5
1089,-3.11606,-3.69275,659,-0.454226,0.0497433,1,-2.54925,27.2195,779.037,-0.674713,1,-6.41105,18.5009,779.432,0,1,7.65352,14.395,779.969,0,1,-21.8683,17.2568,775.812,0,1,24.8168,18.5496,775.638,0,0,-13.3951,3.43439,684.116,3.6,0,-3.44154,13.92,696.884,0,0,3.04361,10.7302,688.771,0,0,16.8097,15.3305,714.434,0,1,-0.875971,-2.73517,661.501,7.2,0,0.0,18,828
1090,-2.56144,-3.66846,659.5,-0.468804,0.044769,1,-2.13888,26.8559,779.444,-0.655322,1,-6.65605,18.4555,779.732,0,1,7.49813,14.1789,780.205,0,1,-21.684,17.4132,776.117,0,1,24.5882,18.5648,775.949,0,1,-45,5.16551,916.373,0,1,45,5.16551,916.373,0,1,-45,5.16551,916.373,0,1,45,5.16551,916.373,0,1,-45,5.16551,916.373,0,0,0.0,18,828.5
1091,-2.00119,-3.64611,660,-0.481923,0.0402921,1,-1.74675,26.4689,779.862,-0.634683,1,-6.90291,18.3987,780.03,0,1,7.35104,13.964,780.439,0,1,-21.4927,17.5613,776.42,0,1,24.3556,18.5684,776.257,0,1,-45,5.16551,916.373,0,1,45,5.16551,916.373,0,1,-45,5.16551,916.373,0,1,45,5.16551,916.373,0,1,-45,5.16551,916.373,0,0,0.0,18,829
1092,-1.56267,-3.87068,660.5,-0.476157,0.00797858,1,-1.37285,26.0593,780.29,-0.612836,1,-7.15119,18.3306,780.326,0,1,7.21249,13.7508,780.67,0,1,-21.2949,17.7006,776.721,0,1,24.1193,18.5601,776.564,0,1,-45,5.16551,916.373,0,1,45,5.16551,916.373,0,1,-45,5.16551,916.373,0,1,45,5.16551,916.373,0,1,-45,5.16551,916.373,0,0,0.0,18,829.5
1093,-1.12389,-4.10557,661,-0.470968,-0.0211036,1,-1.0172,25.6278,780.727,-0.589822,1,-7.40047,18.2515,780.62,0,1,7.08274,13.54,780.898,0,1,-21.091,17.8307,777.019,0,1,23.8799,18.5402,776.869,0,1,-45,5.16551,916.373,0,1,45,5.16551,916.373,0,1,-45,5.16551,916.373,0,1,45,5.16551,916.373,0,1,-45,5.16551,916.373,0,0,0.0,18,830
1094,-0.68485,-4.34995,661.5,-0.466298,-0.0472775,1,-0.679782,25.1752,781.172,-0.565686,1,-7.65032,18.1616,780.911,0,1,6.96199,13.3322,781.125,0,1,-20.8811,17.9512,777.316,0,1,23.6377,18.5086,777.171,0,1,-45,5.16551,916.373,0,1,45,5.16551,916.373,0,1,-45,5.16551,916.373,0,1,45,5.16551,916.373,0,1,-45,5.16551,916.373,0,0,0.0,18,830.5
1095,-0.245579,-4.60306,662,-0.462094,-0.070834,1,-0.360604,24.7025,781.626,-0.540473,1,-7.90029,18.0611,781.2,0,1,6.85047,13.1281,781.348,0,1,-20.6658,18.0619,777.61,0,1,23.3931,18.4655,777.472,0,1,-45,5.16551,916.373,0,1,45,5.16551,916.373,0,1,-45,5.16551,916.373,0,1,45,5.16551,916.373,0,1,-45,5.16551,916.373,0,0,0.0,18,831
1096,0.193905,-4.86421,662.5,-0.458311,-0.0920349,1,-0.0596621,24.2104,782.087,-0.514231,1,-8.14996,17.9504,781.487,0,1,6.74836,12.9281,781.57,0,1,-20.4454,18.1622,777.902,0,1,23.1466,18.4109,777.77,0,1,-45,5.16551,916.373,0,1,45,5.16551,916.373,0,1,-45,5.16551,916.373,0,1,45,5.16551,916.373,0,1,-45,5.16551,916.373,0,0,0.0,18,831.5
1097,0.633586,-5.13275,663,-0.454906,-0.111116,1,0.223039,23.7,782.555,-0.48701,1,-8.39889,17.8298,781.772,0,1,6.65585,12.733,781.789,0,1,-20.2203,18.2521,778.192,0,1,22.8986,18.3451,778.067,0,1,-45,5.16551,916.373,0,1,45,5.16551,916.373,0,1,-45,5.16551,916.373,0,1,45,5.16551,916.373,0,1,-45,5.16551,916.373,0,0,0.0,18,832
1098,1.07345,-5.4081,663.5,-0.451842,-0.128288,1,0.487499,23.1722,783.029,-0.458862,1,-8.64665,17.6996,782.054,0,1,6.57309,12.5433,782.005,0,1,-19.9909,18.3311,778.479,0,1,22.6494,18.2682,778.361,0,1,-45,5.16551,916.373,0,1,45,5.16551,916.373,0,1,-45,5.16551,916.373,0,1,45,5.16551,916.373,0,1,-45,5.16551,916.373,0,0,0.0,18,832.5
1099,1.51348,-5.6897,664,-0.449084,-0.143744,1,0.733724,22.6281,783.508,-0.42984,1,-8.89281,17.5603,782.334,0,1,6.50023,12.3595,782.219,0,1,-19.7575,18.3991,778.764,0,1,22.3997,18.1804,778.653,0,1,-45,5.16551,916.373,0,1,45,5.16551,916.373,0,1,-45,5.16551,916.373,0,1,45,5.16551,916.373,0,1,-45,5.16551,916.373,0,0,0.0,18,833
1100,1.95366,-5.97705,664.5,-0.446602,-0.157654,1,0.96171,22.0686,783.993,-0.400001,1,-9.13695,17.4121,782.612,0,1,6.43739,12.1822,782.431,0,1,-19.5205,18.4558,779.047,0,1,22.1497,18.082,778.943,0,1,-45,5.16551,916.373,0,1,45,5.16551,916.373,0,1,-45,5.16551,916.373,0,1,45,5.16551,916.373,0,1,-45,5.16551,916.373,0,0,0.0,18,833.5
1101,2.39398,-6.26971,665,-0.444369,-0.170173,1,1.17146,21.4948,784.483,-0.369399,1,-9.37863,17.2557,782.887,0,1,6.38469,12.0119,782.641,0,1,-19.2805,18.5012,779.328,0,1,21.8999,17.9734,779.23,0,1,-45,5.16551,916.373,0,1,45,5.16551,916.373,0,1,-45,5.16551,916.373,0,1,45,5.16551,916.373,0,1,-45,5.16551,916.373,0,0,0.0,18,834
1102,2.83443,-6.56723,665.5,-0.442358,-0.18144,1,1.36296,20.9079,784.976,-0.338095,1,-9.61745,17.0913,783.159,0,1,6.34221,11.8491,782.848,0,1,-19.0378,18.535,779.606,0,1,21.6508,17.8547,779.515,0,1,-45,5.16551,916.373,0,1,45,5.16551,916.373,0,1,-45,5.16551,916.373,0,1,45,5.16551,916.373,0,1,-45,5.16551,916.373,0,0,0.0,18,834.5
1103,3.275,-6.86924,666,-0.440549,-0.19158,1,1.53623,20.3089,785.473,-0.306147,1,-9.85298,16.9195,783.429,0,1,6.31003,11.6943,783.054,0,1,-18.7928,18.5572,779.881,0,1,21.4028,17.7264,779.798,0,1,-45,5.16551,916.373,0,1,45,5.16551,916.373,0,1,-45,5.16551,916.373,0,1,45,5.16551,916.373,0,1,-45,5.16551,916.373,0,0,0.0,18,835
1104,3.71568,-7.17537,666.5,-0.43892,-0.200706,1,1.69126,19.6989,785.972,-0.273617,1,-10.0848,16.7409,783.697,0,1,6.2882,11.5479,783.257,0,1,-18.5459,18.5677,780.154,0,1,21.1563,17.5889,780.078,0,1,-45,5.16551,916.373,0,1,45,5.16551,916.373,0,1,-45,5.16551,916.373,0,1,45,5.16551,916.373,0,1,-45,5.16551,916.373,0,0,0.0,18,835.5
1105,4.15646,-7.48529,667,-0.437455,-0.20892,1,1.82805,19.0792,786.474,-0.240565,1,-10.3126,16.5559,783.962,0,1,6.27677,11.4104,783.457,0,1,-18.2976,18.5664,780.425,0,1,20.9117,17.4425,780.356,0,1,-45,5.16551,916.373,0,1,45,5.16551,916.373,0,1,-45,5.16551,916.373,0,1,45,5.16551,916.373,0,1,-45,5.16551,916.373,0,0,0.0,18,836
1106,4.59734,-7.79871,667.5,-0.436136,-0.216312,1,1.94661,18.4509,786.977,-0.207056,1,-10.5358,16.365,784.225,0,1,6.27575,11.2821,783.656,0,1,-18.0483,18.5535,780.693,0,1,20.6695,17.2876,780.632,0,1,-45,5.16551,916.373,0,1,45,5.16551,916.373,0,1,-45,5.16551,916.373,0,1,45,5.16551,916.373,0,1,-45,5.16551,916.373,0,0,0.0,18,836.5
1107,5.0383,-8.11533,668,-0.434948,-0.222965,1,2.04692,17.8152,787.482,-0.173153,1,-10.7542,16.1689,784.485,0,1,6.28514,11.1635,783.853,0,1,-17.7985,18.5288,780.959,0,1,20.4301,17.1248,780.905,0,1,-45,5.16551,916.373,0,1,45,5.16551,916.373,0,1,-45,5.16551,916.373,0,1,45,5.16551,916.373,0,1,-45,5.16551,916.373,0,0,0.0,18,837
1108,5.47934,-8.43491,668.5,-0.43388,-0.228953,1,2.12899,17.1733,787.987,-0.138919,1,-10.9673,15.968,784.742,0,1,6.30493,11.0549,784.048,0,1,-17.5485,18.4925,781.222,0,1,20.1938,16.9545,781.176,0,1,-45,5.16551,916.373,0,1,45,5.16551,916.373,0,1,-45,5.16551,916.373,0,1,45,5.16551,916.373,0,1,-45,5.16551,916.373,0,0,0.0,18,837.5
1109,5.92045,-8.75721,669,-0.432918,-0.234342,1,2.19283,16.5265,788.492,-0.104422,1,-11.1748,15.7631,784.997,0,1,6.33508,10.9565,784.24,0,1,-17.2988,18.4447,781.483,0,1,19.9612,16.7771,781.444,0,1,-45,5.16551,916.373,0,1,45,5.16551,916.373,0,1,-45,5.16551,916.373,0,1,45,5.16551,916.373,0,1,-45,5.16551,916.373,0,0,0.0,18,838
1110,6.36162,-9.08201,669.5,-0.432053,-0.239192,1,2.23843,15.8759,788.996,-0.0697255,1,-11.3763,15.5547,785.25,0,1,6.37554,10.8688,784.431,0,1,-17.0499,18.3856,781.741,0,1,19.7327,16.5933,781.709,0,1,-45,5.16551,916.373,0,1,45,5.16551,916.373,0,1,-45,5.16551,916.373,0,1,45,5.16551,916.373,0,1,-45,5.16551,916.373,0,0,0.0,18,838.5
1111,6.80286,-9.40911,670,-0.431274,-0.243557,1,2.26578,15.2229,789.499,-0.0348964,1,-11.5714,15.3434,785.5,0,1,6.42624,10.7919,784.62,0,1,-16.8021,18.3152,781.996,0,1,19.5085,16.4036,781.972,0,1,-45,5.16551,916.373,0,1,45,5.16551,916.373,0,1,-45,5.16551,916.373,0,1,45,5.16551,916.373,0,1,-45,5.16551,916.373,0,0,0.0,18,839
1112,7.24416,-9.73832,670.5,-0.430573,-0.247486,1,2.27491,14.5686,790,-8.83736e-07,1,-11.7599,15.1298,785.747,0,1,6.4871,10.7261,784.807,0,1,-16.556,18.2339,782.249,0,1,19.2891,16.2085,782.233,0,1,-45,5.16551,916.373,0,1,45,5.16551,916.373,0,1,-45,5.16551,916.373,0,1,45,5.16551,916.373,0,1,-45,5.16551,916.373,0,0,0.0,18,839.5
1113,7.6855,-10.0695,671,-0.429942,-0.251021,1,2.27491,14.5686,790.5,0,1,-11.9414,14.9145,785.992,0,1,6.558,10.6716,784.993,0,1,-16.3119,18.1418,782.5,0,1,19.0749,16.0086,782.491,0,1,-45,5.16551,916.373,0,1,45,5.16551,916.373,0,1,-45,5.16551,916.373,0,1,45,5.16551,916.373,0,1,-45,5.16551,916.373,0,0,0.0,18,840
1114,8.12689,-10.4024,671.5,-0.429374,-0.254203,1,-3.60541,10.8367,792.907,0,1,-12.1155,14.6983,786.234,0,1,6.63883,10.6285,785.177,0,1,-16.0702,18.0392,782.748,0,1,18.8663,15.8044,782.747,0,1,-45,5.16551,916.373,0,1,45,5.16551,916.373,0,1,-45,5.16551,916.373,0,1,45,5.16551,916.373,0,1,-45,5.16551,916.373,0,0,0.0,18,840.5
1115,8.56833,-10.737,672,-0.428863,-0.257067,1,-3.55063,10.7642,793.095,0,1,-12.2821,14.4816,786.474,0,1,6.72944,10.5969,785.359,0,1,-15.8314,17.9264,782.993,0,1,18.6635,15.5966,782.999,0,1,-45,5.16551,916.373,0,1,45,5.16551,916.373,0,1,-45,5.16551,916.373,0,1,45,5.16551,916.373,0,1,-45,5.16551,916.373,0,0,0.0,18,841
1116,9.00981,-11.0732,672.5,-0.428403,-0.259645,1,-3.48574,10.7029,793.282,0,1,-12.4407,14.2653,786.711,0,1,6.82967,10.577,785.539,0,1,-15.5959,17.8038,783.236,0,1,18.4671,15.3858,783.25,0,1,-45,5.16551,916.373,0,1,45,5.16551,916.373,0,1,-45,5.16551,916.373,0,1,45,5.16551,916.373,0,1,-45,5.16551,916.373,0,0,0.0,18,841.5
1117,9.45133,-11.4107,673,-0.427989,-0.261965,1,-3.41086,10.6529,793.467,0,1,-12.5911,14.0498,786.945,0,1,6.93936,10.5688,785.718,0,1,-15.3641,17.6717,783.476,0,1,18.2773,15.1726,783.498,0,1,-45,5.16551,916.373,0,1,45,5.16551,916.373,0,1,-45,5.16551,916.373,0,1,45,5.16551,916.373,0,1,-45,5.16551,916.373,0,0,0.0,18,842
1118,9.89287,-11.7495,673.5,-0.427617,-0.264053,1,-3.3261,10.6144,793.65,0,1,-12.7331,13.8358,787.178,0,1,7.05831,10.5724,785.896,0,1,-15.1363,17.5305,783.714,0,1,18.0943,14.9577,783.743,0,1,-45,5.16551,916.373,0,1,45,5.16551,916.373,0,1,-45,5.16551,916.373,0,1,45,5.16551,916.373,0,1,-45,5.16551,916.373,0,0,0.0,18,842.5
1119,10.3345,-12.0894,674,-0.427282,-0.265932,1,-3.23162,10.5875,793.831,0,1,-12.8664,13.624,787.407,0,1,7.18631,10.5876,786.072,0,1,-14.9131,17.3806,783.949,0,1,17.9187,14.7416,783.986,0,1,-45,5.16551,916.373,0,1,45,5.16551,916.373,0,1,-45,5.16551,916.373,0,1,45,5.16551,916.373,0,1,-45,5.16551,916.373,0,0,0.0,18,843
1120,10.7761,-12.4305,674.5,-0.42698,-0.267623,1,-3.12758,10.5723,794.011,0,1,-12.9908,13.4149,787.635,0,1,7.32315,10.6146,786.247,0,1,-14.6948,17.2225,784.182,0,1,17.7506,14.525,784.226,0,1,-45,5.16551,916.373,0,1,45,5.16551,916.373,0,1,-45,5.16551,916.373,0,1,45,5.16551,916.373,0,1,-45,5.16551,916.373,0,0,0.0,18,843.5
1121,11.2177,-12.7726,675,-0.426708,-0.269145,1,-3.01417,10.5688,794.19,0,1,-13.106,13.2093,787.859,0,1,7.46859,10.6531,786.42,0,1,-14.4817,17.0565,784.412,0,1,17.5904,14.3085,784.464,0,1,-45,5.16551,916.373,0,1,45,5.16551,916.373,0,1,-45,5.16551,916.373,0,1,45,5.16551,916.373,0,1,-45,5.16551,916.373,0,0,0.0,18,844
1122,11.7863,-12.8704,675.5,-0.444037,-0.24223,1,-2.89157,10.5771,794.367,0,1,-13.2119,13.0076,788.082,0,1,7.62236,10.7031,786.593,0,1,-14.2743,16.8833,784.64,0,1,17.4383,14.0928,784.699,0,1,-45,5.16551,916.373,0,1,45,5.16551,916.373,0,1,-45,5.16551,916.373,0,1,45,5.16551,916.373,0,1,-45,5.16551,916.373,0,0,0.0,18,844.5
1123,12.3594,-12.9604,676,-0.459634,-0.218007,1,-2.76,10.597,794.542,0,1,-13.3083,12.8105,788.301,0,1,7.78422,10.7645,786.764,0,1,-14.0728,16.7033,784.865,0,1,17.2946,13.8784,784.931,0,1,-45,5.16551,916.373,0,1,45,5.16551,916.373,0,1,-45,5.16551,916.373,0,1,45,5.16551,916.373,0,1,-45,5.16551,916.373,0,0,0.0,18,845
1124,12.9366,-13.0433,676.5,-0.47367,-0.196206,1,-2.6197,10.6286,794.716,0,1,-13.395,12.6185,788.519,0,1,7.95386,10.837,786.934,0,1,-13.8777,16.517,785.088,0,1,17.1595,13.6661,785.162,0,1,-45,5.16551,916.373,0,1,45,5.16551,916.373,0,1,-45,5.16551,916.373,0,1,45,5.16551,916.373,0,1,-45,5.16551,916.373,0,0,0.0,18,845.5
1125,13.5177,-13.1195,677,-0.486303,-0.176586,1,-2.4709,10.6718,794.89,0,1,-13.4718,12.4323,788.734,0,1,8.13101,10.9205,787.103,0,1,-13.6892,16.325,785.308,0,1,17.0333,13.4565,785.389,0,1,-45,5.16551,916.373,0,1,45,5.16551,916.373,0,1,-45,5.16551,916.373,0,1,45,5.16551,916.373,0,1,-45,5.16551,916.373,0,0,0.0,18,846
1126,14.1023,-13.1896,677.5,-0.497673,-0.158927,1,-2.31386,10.7263,795.061,0,1,-13.5387,12.2524,788.947,0,1,8.31536,11.0147,787.271,0,1,-13.5078,16.1279,785.526,0,1,16.9163,13.2501,785.615,0,1,-45,5.16551,916.373,0,1,45,5.16551,916.373,0,1,-45,5.16551,916.373,0,1,45,5.16551,916.373,0,1,-45,5.16551,916.373,0,0,0.0,18,846.5
1127,14.6901,-13.254,678,-0.507906,-0.143034,1,-2.14885,10.7922,795.232,0,1,-13.5954,12.0792,789.157,0,1,8.50657,11.1193,787.439,0,1,-13.3337,15.9262,785.742,0,1,16.8085,13.0476,785.837,0,1,-45,5.16551,916.373,0,1,45,5.16551,916.373,0,1,-45,5.16551,916.373,0,1,45,5.16551,916.373,0,1,-45,5.16551,916.373,0,0,0.0,18,847
1128,15.2809,-13.3134,678.5,-0.517115,-0.128731,1,-1.97617,10.8691,795.402,0,1,-13.642,11.9133,789.366,0,1,8.70433,11.234,787.605,0,1,-13.1672,15.7205,785.955,0,1,16.7102,12.8495,786.058,0,1,-45,5.16551,916.373,0,1,45,5.16551,916.373,0,1,-45,5.16551,916.373,0,1,45,5.16551,916.373,0,1,-45,5.16551,916.373,0,0,0.0,18,847.5
1129,15.8744,-13.368,679,-0.525404,-0.115858,1,-1.79611,10.9569,795.571,0,1,-13.6783,11.7553,789.572,0,1,8.90828,11.3585,787.771,0,1,-13.0086,15.5114,786.166,0,1,16.6216,12.6565,786.276,0,1,-45,5.16551,916.373,0,1,45,5.16551,916.373,0,1,-45,5.16551,916.373,0,1,45,5.16551,916.373,0,1,-45,5.16551,916.373,0,0,0.0,18,848
1130,16.4705,-13.4182,679.5,-0.532863,-0.104272,1,-1.60897,11.0553,795.738,0,1,-13.7043,11.6054,789.776,0,1,9.11808,11.4924,787.936,0,1,-12.8582,15.2995,786.375,0,1,16.5428,12.4691,786.491,0,1,-45,5.16551,916.373,0,1,45,5.16551,916.373,0,1,-45,5.16551,916.373,0,1,45,5.16551,916.373,0,1,-45,5.16551,916.373,0,0,0.0,18,848.5
1131,17.0688,-13.4644,680,-0.539577,-0.0938449,1,-1.4151,11.164,795.905,0,1,-13.7199,11.4643,789.977,0,1,9.33335,11.6353,788.101,0,1,-12.7163,15.0856,786.582,0,1,16.4739,12.2878,786.705,0,1,-45,5.16551,916.373,0,1,45,5.16551,916.373,0,1,-45,5.16551,916.373,0,1,45,5.16551,916.373,0,1,-45,5.16551,916.373,0,0,0.0,18,849
1132,17.5424,-13.2618,680.5,-0.528046,-0.0561762,1,-1.21483,11.2826,796.072,0,1,-13.7251,11.3323,790.177,0,1,9.55374,11.7869,788.265,0,1,-12.583,14.8701,786.786,0,1,16.4151,12.1133,786.916,0,1,-45,5.16551,916.373,0,1,45,5.16551,916.373,0,1,-45,5.16551,916.373,0,1,45,5.16551,916.373,0,1,-45,5.16551,916.373,0,0,0.0,18,849.5
1133,18.0134,-13.0471,681,-0.517668,-0.0222743,1,-1.00849,11.4109,796.237,0,1,-13.7199,11.2098,790.375,0,1,9.77884,11.9466,788.428,0,1,-12.4587,14.6537,786.988,0,1,16.3665,11.9459,787.124,0,1,-45,5.16551,916.373,0,1,45,5.16551,916.373,0,1,-45,5.16551,916.373,0,1,45,5.16551,916.373,0,1,-45,5.16551,916.373,0,0,0.0,18,850
1134,18.4821,-12.8213,681.5,-0.508327,0.00823743,1,-0.79646,11.5485,796.402,0,1,-13.7042,11.0971,790.57,0,1,10.0083,12.114,788.592,0,1,-12.3435,14.437,787.188,0,1,16.3281,11.7862,787.331,0,1,-45,5.16551,916.373,0,1,45,5.16551,916.373,0,1,-45,5.16551,916.373,0,1,45,5.16551,916.373,0,1,-45,5.16551,916.373,0,0,0.0,18,850.5
1135,18.9487,-12.5852,682,-0.499921,0.035698,1,-0.579095,11.6949,796.566,0,1,-13.6782,10.9946,790.764,0,1,10.2417,12.2886,788.754,0,1,-12.2377,14.2208,787.386,0,1,16.3001,11.6347,787.535,0,1,-45,5.16551,916.373,0,1,45,5.16551,916.373,0,1,-45,5.16551,916.373,0,1,45,5.16551,916.373,0,1,-45,5.16551,916.373,0,0,0.0,18,851
1136,19.4133,-12.3398,682.5,-0.492355,0.0604124,1,-0.356776,11.8498,796.73,0,1,-13.6419,10.9026,790.955,0,1,10.4786,12.4698,788.917,0,1,-12.1414,14.0055,787.582,0,1,16.2824,11.4918,787.737,0,1,-45,5.16551,916.373,0,1,45,5.16551,916.373,0,1,-45,5.16551,916.373,0,1,45,5.16551,916.373,0,1,-45,5.16551,916.373,0,0,0.0,18,851.5
1137,19.8761,-12.0857,683,-0.485546,0.0826555,1,-0.129889,12.0126,796.894,0,1,-13.5953,10.8213,791.145,0,1,10.7186,12.6573,789.08,0,1,-12.0547,13.792,787.776,0,1,16.2751,11.3579,787.937,0,1,-45,5.16551,916.373,0,1,45,5.16551,916.373,0,1,-45,5.16551,916.373,0,1,45,5.16551,916.373,0,1,-45,5.16551,916.373,0,0,0.0,18,852
1138,20.3372,-11.8237,683.5,-0.479418,0.102674,1,0.101173,12.183,797.057,0,1,-13.5385,10.7511,791.333,0,1,10.9613,12.8503,789.242,0,1,-11.978,13.5807,787.968,0,1,16.2783,11.2335,788.135,0,1,-45,5.16551,916.373,0,1,45,5.16551,916.373,0,1,-45,5.16551,916.373,0,1,45,5.16551,916.373,0,1,-45,5.16551,916.373,0,0,0.0,18,852.5
1139,20.7968,-11.5543,684,-0.473902,0.120691,1,0.336008,12.3603,797.22,0,1,-13.4716,10.692,791.519,0,1,11.2063,13.0484,789.405,0,1,-11.9111,13.3723,788.159,0,1,16.2918,11.1188,788.331,0,1,-45,5.16551,916.373,0,1,45,5.16551,916.373,0,1,-45,5.16551,916.373,0,1,45,5.16551,916.373,0,1,-45,5.16551,916.373,0,0,0.0,18,853
1140,21.255,-11.2782,684.5,-0.468939,0.136906,1,0.574208,12.5441,797.382,0,1,-13.3947,10.6443,791.703,0,1,11.4532,13.2509,789.567,0,1,-11.8544,13.1674,788.347,0,1,16.3157,11.0143,788.525,0,1,-45,5.16551,916.373,0,1,45,5.16551,916.373,0,1,-45,5.16551,916.373,0,1,45,5.16551,916.373,0,1,-45,5.16551,916.373,0,0,0.0,18,853.5
1141,21.7119,-10.9959,685,-0.464471,0.1515,1,0.815361,12.7338,797.545,0,1,-13.308,10.6081,791.886,0,1,11.7015,13.4573,789.73,0,1,-11.8079,12.9666,788.533,0,1,16.35,10.9201,788.717,0,1,-45,5.16551,916.373,0,1,45,5.16551,916.373,0,1,-45,5.16551,916.373,0,1,45,5.16551,916.373,0,1,-45,5.16551,916.373,0,0,0.0,18,854
1142,22.1675,-10.7079,685.5,-0.46045,0.164634,1,1.05905,12.929,797.707,0,1,-13.2116,10.5836,792.067,0,1,11.9507,13.667,789.893,0,1,-11.7717,12.7705,788.718,0,1,16.3946,10.8367,788.907,0,1,-45,5.16551,916.373,0,1,45,5.16551,916.373,0,1,-45,5.16551,916.373,0,1,45,5.16551,916.373,0,1,-45,5.16551,916.373,0,0,0.0,18,854.5
1143,22.6221,-10.4147,686,-0.456832,0.176455,1,1.30484,13.1289,797.87,0,1,-13.1056,10.5707,792.247,0,1,12.2006,13.8793,790.056,0,1,-11.7458,12.5797,788.901,0,1,16.4494,10.7642,789.095,0,1,-45,5.16551,916.373,0,1,45,5.16551,916.373,0,1,-45,5.16551,916.373,0,1,45,5.16551,916.373,0,1,-45,5.16551,916.373,0,0,0.0,18,855
1144,23.0757,-10.1166,686.5,-0.453575,0.187094,1,1.55232,13.3331,798.032,0,1,-12.9904,10.5695,792.425,0,1,12.4506,14.0936,790.22,0,1,-11.7302,12.3947,789.083,0,1,16.5143,10.7029,789.282,0,1,-45,5.16551,916.373,0,1,45,5.16551,916.373,0,1,-45,5.16551,916.373,0,1,45,5.16551,916.373,0,1,-45,5.16551,916.373,0,0,0.0,18,855.5
1145,23.5283,-9.81414,687,-0.450644,0.196669,1,1.80106,13.5408,798.195,0,1,-12.866,10.5801,792.602,0,1,12.7002,14.3094,790.384,0,1,-11.7251,12.2161,789.263,0,1,16.5891,10.6529,789.467,0,1,-45,5.16551,916.373,0,1,45,5.16551,916.373,0,1,-45,5.16551,916.373,0,1,45,5.16551,916.373,0,1,-45,5.16551,916.373,0,0,0.0,18,856
1146,23.9801,-9.50755,687.5,-0.448006,0.205286,1,2.05062,13.7516,798.358,0,1,-12.7326,10.6024,792.777,0,1,12.9491,14.5259,790.549,0,1,-11.7304,12.0444,789.441,0,1,16.6739,10.6144,789.65,0,1,-45,5.16551,916.373,0,1,45,5.16551,916.373,0,1,-45,5.16551,916.373,0,1,45,5.16551,916.373,0,1,-45,5.16551,916.373,0,0,0.0,18,856.5
1147,24.4311,-9.19721,688,-0.445632,0.213042,1,2.30056,13.9648,798.522,0,1,-12.5906,10.6363,792.951,0,1,13.1969,14.7425,790.714,0,1,-11.7461,11.8801,789.618,0,1,16.7684,10.5875,789.831,0,1,-45,5.16551,916.373,0,1,45,5.16551,916.373,0,1,-45,5.16551,916.373,0,1,45,5.16551,916.373,0,1,-45,5.16551,916.373,0,0,0.0,18,857
1148,24.8814,-8.88341,688.5,-0.443495,0.220022,1,2.55047,14.1798,798.686,0,1,-12.4401,10.6818,793.124,0,1,13.4431,14.9586,790.88,0,1,-11.7721,11.7237,789.794,0,1,16.8724,10.5723,790.011,0,1,-45,5.16551,916.373,0,1,45,5.16551,916.373,0,1,-45,5.16551,916.373,0,1,45,5.16551,916.373,0,1,-45,5.16551,916.373,0,0,0.0,18,857.5
1149,25.331,-8.56643,689,-0.441572,0.226304,1,2.79989,14.3959,798.85,0,1,-12.2815,10.7386,793.296,0,1,13.6872,15.1735,791.047,0,1,-11.8086,11.5756,789.968,0,1,16.9858,10.5688,790.19,0,1,-45,5.16551,916.373,0,1,45,5.16551,916.373,0,1,-45,5.16551,916.373,0,1,45,5.16551,916.373,0,1,-45,5.16551,916.373,0,0,0.0,18,858
1150,25.9069,-8.49166,689.5,-0.457415,0.203674,1,3.0484,14.6125,799.015,0,1,-12.1149,10.8067,793.466,0,1,13.9289,15.3867,791.214,0,1,-11.8552,11.4364,790.141,0,1,17.1084,10.5771,790.367,0,1,-45,5.16551,916.373,0,1,45,5.16551,916.373,0,1,-45,5.16551,916.373,0,1,45,5.16551,916.373,0,1,-45,5.16551,916.373,0,0,0.0,18,858.5
1151,26.0534,-8.42286,690,-0.411673,0.183306,1,3.29557,14.829,799.18,0,1,-11.9407,10.8858,793.636,0,1,14.1677,15.5975,791.382,0,1,-11.9121,11.3063,790.313,0,1,17.24,10.597,790.542,0,1,-45,5.16551,916.373,0,1,45,5.16551,916.373,0,1,-45,5.16551,916.373,0,1,45,5.16551,916.373,0,1,-45,5.16551,916.373,0,0,0.0,18,859
1152,26.1882,-8.35957,690.5,-0.370506,0.164976,1,3.54097,15.0447,799.347,0,1,-11.7592,10.9757,793.804,0,1,14.4032,15.8052,791.552,0,1,-11.9791,11.1857,790.484,0,1,17.3803,10.6286,790.716,0,1,-45,5.16551,916.373,0,1,45,5.16551,916.373,0,1,-45,5.16551,916.373,0,1,45,5.16551,916.373,0,1,-45,5.16551,916.373,0,0,0.0,18,859.5
1153,26.3122,-8.30134,691,-0.333455,0.148478,1,3.78417,15.259,799.513,0,1,-11.5707,11.0762,793.972,0,1,14.635,16.0094,791.722,0,1,-12.056,11.0751,790.654,0,1,17.5291,10.6718,790.89,0,1,-45,5.16551,916.373,0,1,45,5.16551,916.373,0,1,-45,5.16551,916.373,0,1,45,5.16551,916.373,0,1,-45,5.16551,916.373,0,0,0.0,18,860
1154,26.4263,-8.24778,691.5,-0.30011,0.13363,1,4.02475,15.4713,799.681,0,1,-11.3755,11.1869,794.139,0,1,14.8628,16.2093,791.893,0,1,-12.1428,10.9748,790.823,0,1,17.6861,10.7263,791.061,0,1,-45,5.16551,916.373,0,1,45,5.16551,916.373,0,1,-45,5.16551,916.373,0,1,45,5.16551,916.373,0,1,-45,5.16551,916.373,0,0,0.0,18,860.5
1155,26.5313,-8.19849,692,-0.270099,0.120267,1,4.26229,15.681,799.85,0,1,-11.174,11.3075,794.305,0,1,15.086,16.4044,792.066,0,1,-12.2392,10.885,790.99,0,1,17.8512,10.7922,791.232,0,1,-45,5.16551,916.373,0,1,45,5.16551,916.373,0,1,-45,5.16551,916.373,0,1,45,5.16551,916.373,0,1,-45,5.16551,916.373,0,0,0.0,18,861
1156,26.6278,-8.15315,692.5,-0.243089,0.10824,1,4.49639,15.8874,800.02,0,1,-10.9665,11.4377,794.47,0,1,15.3044,16.5941,792.24,0,1,-12.3452,10.8059,791.157,0,1,18.0238,10.8691,791.402,0,1,-45,5.16551,916.373,0,1,45,5.16551,916.373,0,1,-45,5.16551,916.373,0,1,45,5.16551,916.373,0,1,-45,5.16551,916.373,0,0,0.0,18,861.5
1157,26.7167,-8.11144,693,-0.21878,0.0974164,1,4.72662,16.0899,800.19,0,1,-10.7534,11.5771,794.635,0,1,15.5175,16.7779,792.415,0,1,-12.4605,10.738,791.324,0,1,18.2039,10.9569,791.571,0,1,-45,5.16551,916.373,0,1,45,5.16551,916.373,0,1,-45,5.16551,916.373,0,1,45,5.16551,916.373,0,1,-45,5.16551,916.373,0,0,0.0,18,862
1158,26.7984,-8.07306,693.5,-0.196902,0.0876748,1,4.95261,16.2879,800.362,0,1,-10.535,11.7253,794.799,0,1,15.7249,16.9552,792.591,0,1,-12.585,10.6812,791.489,0,1,18.391,11.0553,791.738,0,1,-45,5.16551,916.373,0,1,45,5.16551,916.373,0,1,-45,5.16551,916.373,0,1,45,5.16551,916.373,0,1,-45,5.16551,916.373,0,0,0.0,18,862.5
1159,26.8736,-8.03776,694,-0.177212,0.0789073,1,5.17394,16.4809,800.535,0,1,-10.3117,11.8817,794.963,0,1,15.9264,17.1255,792.769,0,1,-12.7184,10.6359,791.654,0,1,18.5849,11.164,791.905,0,1,-45,5.16551,916.373,0,1,45,5.16551,916.373,0,1,-45,5.16551,916.373,0,1,45,5.16551,916.373,0,1,-45,5.16551,916.373,0,0,0.0,18,863
1160,26.9427,-8.00527,694.5,-0.159491,0.0710166,1,5.39024,16.6683,800.71,0,1,-10.084,12.0461,795.126,0,1,16.1216,17.2882,792.948,0,1,-12.8605,10.6021,791.818,0,1,18.7852,11.2826,792.072,0,1,-45,5.16551,916.373,0,1,45,5.16551,916.373,0,1,-45,5.16551,916.373,0,1,45,5.16551,916.373,0,1,-45,5.16551,916.373,0,0,0.0,18,863.5
1161,27.0064,-7.97539,695,-0.143542,0.0639149,1,5.60113,16.8496,800.885,0,1,-9.85214,12.2179,795.289,0,1,16.31,17.4431,793.129,0,1,-13.011,10.58,791.982,0,1,18.9915,11.4109,792.237,0,1,-45,5.16551,916.373,0,1,45,5.16551,916.373,0,1,-45,5.16551,916.373,0,1,45,5.16551,916.373,0,1,-45,5.16551,916.373,0,0,0.0,18,864
1162,27.0649,-7.9479,695.5,-0.129187,0.0575234,1,5.80625,17.0241,801.062,0,1,-9.6166,12.3966,795.452,0,1,16.4915,17.5894,793.311,0,1,-13.1697,10.5695,792.146,0,1,19.2036,11.5485,792.402,0,1,-45,5.16551,916.373,0,1,45,5.16551,916.373,0,1,-45,5.16551,916.373,0,1,45,5.16551,916.373,0,1,-45,5.16551,916.373,0,0,0.0,18,864.5
1163,27.1188,-7.92261,696,-0.116269,0.0517711,1,6.00524,17.1915,801.24,0,1,-9.37777,12.5816,795.615,0,1,16.6656,17.727,793.495,0,1,-13.3363,10.5708,792.309,0,1,19.4209,11.6949,792.566,0,1,-45,5.16551,916.373,0,1,45,5.16551,916.373,0,1,-45,5.16551,916.373,0,1,45,5.16551,916.373,0,1,-45,5.16551,916.373,0,0,0.0,18,865
1164,27.1684,-7.89934,696.5,-0.104642,0.046594,1,6.19776,17.3511,801.42,0,1,-9.13608,12.7725,795.777,0,1,16.8322,17.8552,793.681,0,1,-13.5105,10.5838,792.472,0,1,19.6432,11.8498,792.73,0,1,-45,5.16551,916.373,0,1,45,5.16551,916.373,0,1,-45,5.16551,916.373,0,1,45,5.16551,916.373,0,1,-45,5.16551,916.373,0,0,0.0,18,865.5
1165,27.214,-7.87793,697,-0.0941776,0.0419346,1,6.38346,17.5026,801.602,0,1,-8.89194,12.9686,795.94,0,1,16.9908,17.9738,793.869,0,1,-13.6921,10.6084,792.634,0,1,19.8701,12.0126,792.894,0,1,-45,5.16551,916.373,0,1,45,5.16551,916.373,0,1,-45,5.16551,916.373,0,1,45,5.16551,916.373,0,1,-45,5.16551,916.373,0,0,0.0,18,866
1166,27.2559,-7.85823,697.5,-0.0847598,0.0377411,1,6.56203,17.6455,801.785,0,1,-8.64577,13.1694,796.102,0,1,17.1412,18.0825,794.058,0,1,-13.8806,10.6447,792.797,0,1,20.1012,12.183,793.057,0,1,-45,5.16551,916.373,0,1,45,5.16551,916.373,0,1,-45,5.16551,916.373,0,1,45,5.16551,916.373,0,1,-45,5.16551,916.373,0,0,0.0,18,866.5
1167,27.2945,-7.84011,698,-0.0762838,0.033967,1,6.73317,17.7794,801.97,0,1,-8.398,13.3743,796.265,0,1,17.2832,18.1808,794.249,0,1,-14.0758,10.6926,792.959,0,1,20.336,12.3603,793.22,0,1,-45,5.16551,916.373,0,1,45,5.16551,916.373,0,1,-45,5.16551,916.373,0,1,45,5.16551,916.373,0,1,-45,5.16551,916.373,0,0,0.0,18,867
1168,27.33,-7.82344,698.5,-0.0686555,0.0305703,1,6.89656,17.9038,802.156,0,1,-8.14907,13.5828,796.428,0,1,17.4165,18.2685,794.442,0,1,-14.2774,10.7517,793.122,0,1,20.5742,12.5441,793.382,0,1,-45,5.16551,916.373,0,1,45,5.16551,916.373,0,1,-45,5.16551,916.373,0,1,45,5.16551,916.373,0,1,-45,5.16551,916.373,0,0,0.0,18,867.5
1169,27.3626,-7.80811,699,-0.0617899,0.0275133,1,7.05193,18.0185,802.344,0,1,-7.8994,13.7941,796.591,0,1,17.5408,18.3454,794.638,0,1,-14.4849,10.8221,793.284,0,1,20.8154,12.7338,793.545,0,1,-45,5.16551,916.373,0,1,45,5.16551,916.373,0,1,-45,5.16551,916.373,0,1,45,5.16551,916.373,0,1,-45,5.16551,916.373,0,0,0.0,18,868
1170,27.3927,-7.794,699.5,-0.0556109,0.0247619,1,7.19901,18.123,802.534,0,1,-7.64943,14.0077,796.755,0,1,17.656,18.4112,794.835,0,1,-14.6981,10.9035,793.447,0,1,21.0591,12.929,793.707,0,1,-45,5.16551,916.373,0,1,45,5.16551,916.373,0,1,-45,5.16551,916.373,0,1,45,5.16551,916.373,0,1,-45,5.16551,916.373,0,0,0.0,18,868.5
1171,27.4203,-7.78101,700,-0.0500498,0.0222857,1,7.33754,18.2171,802.726,0,1,-7.39959,14.2229,796.918,0,1,17.7619,18.4657,795.034,0,1,-14.9165,10.9956,793.61,0,1,21.3049,13.1289,793.87,0,1,-45,5.16551,916.373,0,1,45,5.16551,916.373,0,1,-45,5.16551,916.373,0,1,45,5.16551,916.373,0,1,-45,5.16551,916.373,0,0,0.0,18,869
1172,27.4458,-7.76907,700.5,-0.0450448,0.0200572,1,7.46728,18.3006,802.92,0,1,-7.15031,14.4392,797.083,0,1,17.8583,18.5088,795.235,0,1,-15.1398,11.0982,793.774,0,1,21.5523,13.3331,794.032,0,1,-45,5.16551,916.373,0,1,45,5.16551,916.373,0,1,-45,5.16551,916.373,0,1,45,5.16551,916.373,0,1,-45,5.16551,916.373,0,0,0.0,18,869.5
1173,27.4692,-7.75809,701,-0.0405404,0.0180515,1,7.58801,18.373,803.116,0,1,-6.90203,14.6558,797.248,0,1,17.9449,18.5403,795.438,0,1,-15.3676,11.211,793.938,0,1,21.8011,13.5408,794.195,0,1,-45,5.16551,916.373,0,1,45,5.16551,916.373,0,1,-45,5.16551,916.373,0,1,45,5.16551,916.373,0,1,-45,5.16551,916.373,0,0,0.0,18,870
1174,27.4907,-7.74798,701.5,-0.0364863,0.0162463,1,7.69951,18.4343,803.314,0,1,-6.65518,14.8722,797.414,0,1,18.0217,18.5602,795.644,0,1,-15.5995,11.3336,794.102,0,1,22.0506,13.7516,794.358,0,1,-45,5.16551,916.373,0,1,45,5.16551,916.373,0,1,-45,5.16551,916.373,0,1,45,5.16551,916.373,0,1,-45,5.16551,916.373,0,0,0.0,18,870.5
1175,27.5105,-7.73868,702,-0.0328377,0.0146217,1,7.8016,18.4843,803.514,0,1,-6.41019,15.0877,797.58,0,1,18.0886,18.5684,795.852,0,1,-15.835,11.4657,794.267,0,1,22.3006,13.9648,794.522,0,1,-45,5.16551,916.373,0,1,45,5.16551,916.373,0,1,-45,5.16551,916.373,0,1,45,5.16551,916.373,0,1,-45,5.16551,916.373,0,0,0.0,18,871
1176,27.5287,-7.73012,702.5,-0.0295539,0.0131595,1,7.8941,18.5228,803.716,0,1,-6.16748,15.3017,797.747,0,1,18.1453,18.5648,796.062,0,1,-16.0739,11.607,794.432,0,1,22.5505,14.1798,794.686,0,1,-45,5.16551,916.373,0,1,45,5.16551,916.373,0,1,-45,5.16551,916.373,0,1,45,5.16551,916.373,0,1,-45,5.16551,916.373,0,0,0.0,18,871.5
1177,27.5455,-7.72225,703,-0.0265985,0.0118436,1,7.97684,18.5497,803.92,0,1,-5.92747,15.5135,797.915,0,1,18.1919,18.5495,796.274,0,1,-16.3156,11.7569,794.598,0,1,22.7999,14.3959,794.85,0,1,-45,5.16551,916.373,0,1,45,5.16551,916.373,0,1,-45,5.16551,916.373,0,1,45,5.16551,916.373,0,1,-45,5.16551,916.373,0,0,0.0,18,872
1178,27.5609,-7.71501,703.5,-0.0239387,0.0106592,1,8.04969,18.5649,804.127,0,1,-5.69059,15.7225,798.084,0,1,18.2282,18.5226,796.489,0,1,-16.5598,11.915,794.765,0,1,23.0484,14.6125,795.015,0,1,-45,5.16551,916.373,0,1,45,5.16551,916.373,0,1,-45,5.16551,916.373,0,1,45,5.16551,916.373,0,1,-45,5.16551,916.373,0,0,0.0,18,872.5
1179,27.5751,-7.70835,704,-0.0215448,0.00959328,1,8.11251,18.5683,804.335,0,1,-5.45723,15.9282,798.254,0,1,18.2542,18.484,796.706,0,1,-16.8059,12.081,794.933,0,1,23.2956,14.829,795.18,0,1,-45,5.16551,916.373,0,1,45,5.16551,916.373,0,1,-45,5.16551,916.373,0,1,45,5.16551,916.373,0,1,-45,5.16551,916.373,0,0,0.0,18,873
1180,27.5882,-7.70222,704.5,-0.0193903,0.00863395,1,8.1652,18.5601,804.546,0,1,-5.22782,16.1299,798.425,0,1,18.2697,18.434,796.925,0,1,-17.0537,12.2542,795.102,0,1,23.541,15.0447,795.346,0,1,-45,5.16551,916.373,0,1,45,5.16551,916.373,0,1,-45,5.16551,916.373,0,1,45,5.16551,916.373,0,1,-45,5.16551,916.373,0,0,0.0,18,873.5
1181,27.6002,-7.69658,705,-0.0174513,0.00777056,1,8.20766,18.5401,804.76,0,1,-5.00273,16.327,798.597,0,1,18.2749,18.3726,797.147,0,1,-17.3027,12.4342,795.271,0,1,23.7842,15.259,795.513,0,1,-45,5.16551,916.373,0,1,45,5.16551,916.373,0,1,-45,5.16551,916.373,0,1,45,5.16551,916.373,0,1,-45,5.16551,916.373,0,0,0.0,18,874
1182,27.6112,-7.69139,705.5,-0.0157062,0.0069935,1,8.23982,18.5085,804.975,0,1,-4.78238,16.5189,798.77,0,1,18.2697,18.3,797.371,0,1,-17.5523,12.6205,795.442,0,1,24.0248,15.4713,795.681,0,1,-45,5.16551,916.373,0,1,45,5.16551,916.373,0,1,-45,5.16551,916.373,0,1,45,5.16551,916.373,0,1,-45,5.16551,916.373,0,0,0.0,18,874.5
1183,27.6214,-7.68662,706,-0.0141355,0.00629415,1,8.26163,18.4654,805.193,0,1,-4.56713,16.7051,798.945,0,1,18.254,18.2166,797.598,0,1,-17.8023,12.8125,795.614,0,1,24.2623,15.681,795.85,0,1,-45,5.16551,916.373,0,1,45,5.16551,916.373,0,1,-45,5.16551,916.373,0,1,45,5.16551,916.373,0,1,-45,5.16551,916.373,0,0,0.0,18,875
1184,27.6307,-7.68223,706.5,-0.012722,0.00566474,1,8.27305,18.4108,805.413,0,1,-4.35736,16.8851,799.12,0,1,18.228,18.1224,797.827,0,1,-18.0521,13.0097,795.787,0,1,24.4964,15.8874,796.02,0,1,-45,5.16551,916.373,0,1,45,5.16551,916.373,0,1,-45,5.16551,916.373,0,1,45,5.16551,916.373,0,1,-45,5.16551,916.373,0,0,0.0,18,875.5
1185,27.6393,-7.67819,707,-0.0114498,0.00509826,1,8.27406,18.3449,805.636,0,1,-4.15344,17.0582,799.298,0,1,18.1916,18.0178,798.058,0,1,-18.3014,13.2114,795.961,0,1,24.7266,16.0899,796.19,0,1,-45,5.16551,916.373,0,1,45,5.16551,916.373,0,1,-45,5.16551,916.373,0,1,45,5.16551,916.373,0,1,-45,5.16551,916.373,0,0,0.0,18,876
1186,27.6472,-7.67447,707.5,-0.0103048,0.00458843,1,8.26465,18.268,805.861,0,1,-3.95572,17.2241,799.476,0,1,18.145,17.903,798.292,0,1,-18.5497,13.4171,796.137,0,1,24.9526,16.2879,796.362,0,1,-45,5.16551,916.373,0,1,45,5.16551,916.373,0,1,-45,5.16551,916.373,0,1,45,5.16551,916.373,0,1,-45,5.16551,916.373,0,0,0.0,18,876.5
1187,27.6545,-7.67105,708,-0.00927433,0.00412959,1,8.24485,18.1802,806.089,0,1,-3.76454,17.3821,799.657,0,1,18.0882,17.7785,798.529,0,1,-18.7965,13.6262,796.314,0,1,25.174,16.481,796.535,0,1,-45,5.16551,916.373,0,1,45,5.16551,916.373,0,1,-45,5.16551,916.373,0,1,45,5.16551,916.373,0,1,-45,5.16551,916.373,0,0,0.0,18,877
1188,27.6612,-7.66791,708.5,-0.0083469,0.00371663,1,8.21468,18.0818,806.319,0,1,-3.58024,17.5319,799.838,0,1,18.0213,17.6446,798.768,0,1,-19.0415,13.838,796.492,0,1,25.3903,16.6684,796.71,0,1,-45,5.16551,916.373,0,1,45,5.16551,916.373,0,1,-45,5.16551,916.373,0,1,45,5.16551,916.373,0,1,-45,5.16551,916.373,0,0,0.0,18,877.5
1189,27.6674,-7.66501,709,-0.00751221,0.00334497,1,8.1742,17.9731,806.552,0,1,-3.40313,17.673,800.022,0,1,17.9444,17.5017,799.01,0,1,-19.2842,14.052,796.672,0,1,25.6011,16.8496,796.885,0,1,-45,5.16551,916.373,0,1,45,5.16551,916.373,0,1,-45,5.16551,916.373,0,1,45,5.16551,916.373,0,1,-45,5.16551,916.373,0,0,0.0,18,878
1190,27.6731,-7.66235,709.5,-0.00676099,0.00301047,1,8.12348,17.8544,806.787,0,1,-3.23352,17.805,800.207,0,1,17.8576,17.3501,799.254,0,1,-19.5242,14.2675,796.853,0,1,25.8063,17.0241,797.062,0,1,-45,5.16551,916.373,0,1,45,5.16551,916.373,0,1,-45,5.16551,916.373,0,1,45,5.16551,916.373,0,1,-45,5.16551,916.373,0,0,0.0,18,878.5
1191,27.6783,-7.6599,710,-0.00608489,0.00270942,1,8.06261,17.7261,807.024,0,1,-3.07171,17.9276,800.394,0,1,17.7612,17.1904,799.501,0,1,-19.7611,14.4839,797.036,0,1,26.0053,17.1915,797.24,0,1,-45,5.16551,916.373,0,1,45,5.16551,916.373,0,1,-45,5.16551,916.373,0,1,45,5.16551,916.373,0,1,-45,5.16551,916.373,0,0,0.0,18,879
1192,27.6831,-7.65765,710.5,-0.0054764,0.00243848,1,7.9917,17.5885,807.264,0,1,-2.91798,18.0402,800.582,0,1,17.6553,17.023,799.75,0,1,-19.9944,14.7005,797.221,0,1,26.1978,17.3512,797.42,0,1,-45,5.16551,916.373,0,1,45,5.16551,916.373,0,1,-45,5.16551,916.373,0,1,45,5.16551,916.373,0,1,-45,5.16551,916.373,0,0,0.0,18,879.5
1193,27.6875,-7.65558,711,-0.00492876,0.00219463,1,7.91085,17.4421,807.507,0,1,-2.77259,18.1427,800.773,0,1,17.54,16.8484,800.002,0,1,-20.2238,14.9168,797.407,0,1,26.3835,17.5026,797.602,0,1,-45,5.16551,916.373,0,1,45,5.16551,916.373,0,1,-45,5.16551,916.373,0,1,45,5.16551,916.373,0,1,-45,5.16551,916.373,0,0,0.0,18,880
1194,27.6915,-7.65367,711.5,-0.00443588,0.00197517,1,7.82023,17.2872,807.752,0,1,-2.6358,18.2347,800.965,0,1,17.4156,16.6671,800.256,0,1,-20.4489,15.132,797.596,0,1,26.562,17.6455,797.785,0,1,-45,5.16551,916.373,0,1,45,5.16551,916.373,0,1,-45,5.16551,916.373,0,1,45,5.16551,916.373,0,1,-45,5.16551,916.373,0,0,0.0,18,880.5
1195,27.6953,-7.65191,712,-0.0039923,0.00177765,1,7.71998,17.1244,808,0,1,-2.50784,18.3159,801.159,0,1,17.2822,16.4797,800.513,0,1,-20.6692,15.3456,797.786,0,1,26.7332,17.7794,797.97,0,1,-45,5.16551,916.373,0,1,45,5.16551,916.373,0,1,-45,5.16551,916.373,0,1,45,5.16551,916.373,0,1,-45,5.16551,916.373,0,0,0.0,18,881
1196,27.6987,-7.6503,712.5,-0.00359307,0.00159989,1,7.61028,16.954,808.25,0,1,-2.38894,18.3862,801.356,0,1,17.1402,16.2866,800.773,0,1,-20.8844,15.5569,797.978,0,1,26.8966,17.9038,798.156,0,1,-45,5.16551,916.373,0,1,45,5.16551,916.373,0,1,-45,5.16551,916.373,0,1,45,5.16551,916.373,0,1,-45,5.16551,916.373,0,0,0.0,18,881.5
1197,27.7019,-7.64881,713,-0.00323376,0.0014399,1,7.49132,16.7767,808.503,0,1,-2.2793,18.4452,801.554,0,1,16.9897,16.0886,801.035,0,1,-21.0941,15.7653,798.171,0,1,27.0519,18.0185,798.344,0,1,-45,5.16551,916.373,0,1,45,5.16551,916.373,0,1,-45,5.16551,916.373,0,1,45,5.16551,916.373,0,1,-45,5.16551,916.373,0,0,0.0,18,882
1198,27.7048,-7.64745,713.5,-0.00291038,0.00129591,1,7.3633,16.5929,808.759,0,1,-2.17912,18.4929,801.754,0,1,16.831,15.886,801.299,0,1,-21.298,15.9702,798.367,0,1,27.199,18.123,798.534,0,1,-45,5.16551,916.373,0,1,45,5.16551,916.373,0,1,-45,5.16551,916.373,0,1,45,5.16551,916.373,0,1,-45,5.16551,916.373,0,0,0.0,18,882.5
1199,27.7075,-7.64619,714,-0.00261935,0.00116632,1,7.22645,16.4031,809.017,0,1,-2.08856,18.5291,801.957,0,1,16.6645,15.6796,801.566,0,1,-21.4957,16.171,798.565,0,1,27.3375,18.2172,798.726,0,1,-45,5.16551,916.373,0,1,45,5.16551,916.373,0,1,-45,5.16551,916.373,0,1,45,5.16551,916.373,0,1,-45,5.16551,916.373,0,0,0.0,18,883
1200,27.7099,-7.64503,714.5,-0.00235741,0.00104969,1,7.081,16.208,809.277,0,1,-2.00779,18.5536,802.161,0,1,16.4903,15.4699,801.836,0,1,-21.6868,16.367,798.765,0,1,27.4673,18.3006,798.92,0,1,-45,5.16551,916.373,0,1,45,5.16551,916.373,0,1,-45,5.16551,916.373,0,1,45,5.16551,916.373,0,1,-45,5.16551,916.373,0,0,0.0,18,883.5
1201,27.7122,-7.64397,715,-0.00212167,0.000944718,1,6.92722,16.0081,809.54,0,1,-1.93694,18.5665,802.368,0,1,16.3088,15.2576,802.108,0,1,-21.8711,16.5578,798.967,0,1,27.588,18.373,799.116,0,1,-45,5.16551,916.373,0,1,45,5.16551,916.373,0,1,-45,5.16551,916.373,0,1,45,5.16551,916.373,0,1,-45,5.16551,916.373,0,0,0.0,18,884
1202,27.7143,-7.64299,715.5,-0.0019095,0.000850246,1,6.76535,15.8039,809.806,0,1,-1.87614,18.5676,802.577,0,1,16.1202,15.0433,802.383,0,1,-22.0482,16.7428,799.171,0,1,27.6995,18.4343,799.314,0,1,-45,5.16551,916.373,0,1,45,5.16551,916.373,0,1,-45,5.16551,916.373,0,1,45,5.16551,916.373,0,1,-45,5.16551,916.373,0,0,0.0,18,884.5
1203,27.7162,-7.64209,716,-0.00171855,0.000765221,1,6.59569,15.5961,810.074,0,1,-1.82549,18.557,802.789,0,1,15.9251,14.8276,802.66,0,1,-22.2177,16.9214,799.378,0,1,27.8016,18.4843,799.514,0,1,-45,5.16551,916.373,0,1,45,5.16551,916.373,0,1,-45,5.16551,916.373,0,1,45,5.16551,916.373,0,1,-45,5.16551,916.373,0,0,0.0,18,885
1204,27.718,-7.64126,716.5,-0.0015467,0.000688699,1,6.41854,15.3853,810.345,0,1,-1.78508,18.5347,803.003,0,1,15.7235,14.6111,802.939,0,1,-22.3795,17.0931,799.586,0,1,27.8941,18.5228,799.716,0,1,-45,5.16551,916.373,0,1,45,5.16551,916.373,0,1,-45,5.16551,916.373,0,1,45,5.16551,916.373,0,1,-45,5.16551,916.373,0,0,0.0,18,885.5
1205,27.7196,-7.6405,717,-0.00139203,0.000619829,1,6.23418,15.1721,810.618,0,1,-1.75498,18.5008,803.219,0,1,15.516,14.3945,803.221,0,1,-22.5332,17.2574,799.797,0,1,27.9768,18.5497,799.92,0,1,-45,5.16551,916.373,0,1,45,5.16551,916.373,0,1,-45,5.16551,916.373,0,1,45,5.16551,916.373,0,1,-45,5.16551,916.373,0,0,0.0,18,886
1206,27.7211,-7.6398,717.5,-0.00125282,0.000557846,1,6.04296,14.9571,810.893,0,1,-1.73525,18.4554,803.437,0,1,15.3029,14.1784,803.505,0,1,-22.6785,17.4138,800.01,0,1,28.0497,18.5649,800.127,0,1,-45,5.16551,916.373,0,1,45,5.16551,916.373,0,1,-45,5.16551,916.373,0,1,45,5.16551,916.373,0,1,-45,5.16551,916.373,0,0,0.0,18,886.5
1207,27.7225,-7.63915,718,-0.00112754,0.000502062,1,5.8452,14.741,811.171,0,1,-1.72591,18.3985,803.658,0,1,15.0845,13.9634,803.791,0,1,-22.8152,17.5618,800.226,0,1,28.1125,18.5683,800.335,0,1,-45,5.16551,916.373,0,1,45,5.16551,916.373,0,1,-45,5.16551,916.373,0,1,45,5.16551,916.373,0,1,-45,5.16551,916.373,0,0,0.0,18,887
1208,27.7237,-7.63856,718.5,-0.00101479,0.000451856,1,5.64123,14.5244,811.451,0,1,-1.72699,18.3304,803.881,0,1,14.8612,13.7502,804.08,0,1,-22.9431,17.7011,800.444,0,1,28.1652,18.5601,800.546,0,1,-45,5.16551,916.373,0,1,45,5.16551,916.373,0,1,-45,5.16551,916.373,0,1,45,5.16551,916.373,0,1,-45,5.16551,916.373,0,0,0.0,18,887.5
1209,27.7249,-7.63801,719,-0.000913309,0.00040667,1,5.43143,14.3079,811.734,0,1,-1.73848,18.2513,804.107,0,1,14.6335,13.5395,804.371,0,1,-23.062,17.8312,800.664,0,1,28.2077,18.5401,800.76,0,1,-45,5.16551,916.373,0,1,45,5.16551,916.373,0,1,-45,5.16551,916.373,0,1,45,5.16551,916.373,0,1,-45,5.16551,916.373,0,0,0.0,18,888
1210,27.726,-7.63751,719.5,-0.000821978,0.000366003,1,5.21614,14.0922,812.019,0,1,-1.76036,18.1613,804.335,0,1,14.4016,13.3317,804.664,0,1,-23.1716,17.9517,800.887,0,1,28.2398,18.5085,800.975,0,1,-45,5.16551,916.373,0,1,45,5.16551,916.373,0,1,-45,5.16551,916.373,0,1,45,5.16551,916.373,0,1,-45,5.16551,916.373,0,0,0.0,18,888.5
1211,27.7269,-7.63705,720,-0.00073978,0.000329403,1,4.99575,13.8779,812.306,0,1,-1.7926,18.0609,804.565,0,1,14.1661,13.1276,804.96,0,1,-23.2717,18.0622,801.112,0,1,28.2616,18.4654,801.193,0,1,-45,5.16551,916.373,0,1,45,5.16551,916.373,0,1,-45,5.16551,916.373,0,1,45,5.16551,916.373,0,1,-45,5.16551,916.373,0,0,0.0,18,889
1212,27.7278,-7.63662,720.5,-0.000665802,0.000296462,1,4.77064,13.6656,812.596,0,1,-1.83513,17.9501,804.798,0,1,13.9272,12.9277,805.257,0,1,-23.3622,18.1626,801.339,0,1,28.2731,18.4108,801.413,0,1,-45,5.16551,916.373,0,1,45,5.16551,916.373,0,1,-45,5.16551,916.373,0,1,45,5.16551,916.373,0,1,-45,5.16551,916.373,0,0,0.0,18,889.5
1213,27.7287,-7.63623,721,-0.000599222,0.000266816,1,4.54119,13.456,812.888,0,1,-1.88789,17.8295,805.034,0,1,13.6855,12.7326,805.557,0,1,-23.4429,18.2524,801.569,0,1,28.2741,18.3449,801.636,0,1,-45,5.16551,916.373,0,1,45,5.16551,916.373,0,1,-45,5.16551,916.373,0,1,45,5.16551,916.373,0,1,-45,5.16551,916.373,0,0,0.0,18,890
1214,27.7294,-7.63587,721.5,-0.0005393,0.000240134,1,4.30781,13.2496,813.182,0,1,-1.95077,17.6993,805.272,0,1,13.4414,12.5429,805.859,0,1,-23.5137,18.3314,801.802,0,1,28.2647,18.268,801.861,0,1,-45,5.16551,916.373,0,1,45,5.16551,916.373,0,1,-45,5.16551,916.373,0,1,45,5.16551,916.373,0,1,-45,5.16551,916.373,0,0,0.0,18,890.5
1215,27.7301,-7.63554,722,-0.00048537,0.000216121,1,4.0709,13.0471,813.479,0,1,-2.02369,17.5599,805.513,0,1,13.1952,12.3591,806.163,0,1,-23.5744,18.3993,802.037,0,1,28.2448,18.1802,802.089,0,1,-45,5.16551,916.373,0,1,45,5.16551,916.373,0,1,-45,5.16551,916.373,0,1,45,5.16551,916.373,0,1,-45,5.16551,916.373,0,0,0.0,18,891
1216,27.7308,-7.63524,722.5,-0.000436833,0.000194509,1,3.83088,12.849,813.777,0,1,-2.1065,17.4118,805.756,0,1,12.9474,12.1818,806.469,0,1,-23.625,18.456,802.275,0,1,28.2147,18.0818,802.319,0,1,-45,5.16551,916.373,0,1,45,5.16551,916.373,0,1,-45,5.16551,916.373,0,1,45,5.16551,916.373,0,1,-45,5.16551,916.373,0,0,0.0,18,891.5
1217,27.7314,-7.63496,723,-0.00039315,0.000175058,1,3.58815,12.656,814.078,0,1,-2.19906,17.2553,806.002,0,1,12.6985,12.0115,806.776,0,1,-23.6653,18.5013,802.515,0,1,28.1742,17.9731,802.552,0,1,-45,5.16551,916.373,0,1,45,5.16551,916.373,0,1,-45,5.16551,916.373,0,1,45,5.16551,916.373,0,1,-45,5.16551,916.373,0,0,0.0,18,892
1218,27.7319,-7.6347,723.5,-0.000353835,0.000157552,1,3.34315,12.4686,814.38,0,1,-2.30121,17.0909,806.25,0,1,12.4488,11.8488,807.086,0,1,-23.6954,18.5351,802.757,0,1,28.1235,17.8544,802.787,0,1,-45,5.16551,916.373,0,1,45,5.16551,916.373,0,1,-45,5.16551,916.373,0,1,45,5.16551,916.373,0,1,-45,5.16551,916.373,0,0,0.0,18,892.5
1219,27.7324,-7.63446,724,-0.000318451,0.000141797,1,3.09628,12.2874,814.685,0,1,-2.41278,16.9191,806.501,0,1,12.1989,11.694,807.398,0,1,-23.715,18.5573,803.002,0,1,28.0626,17.7261,803.024,0,1,-45,5.16551,916.373,0,1,45,5.16551,916.373,0,1,-45,5.16551,916.373,0,1,45,5.16551,916.373,0,1,-45,5.16551,916.373,0,0,0.0,18,893
1220,27.7329,-7.63424,724.5,-0.000286606,0.000127617,1,2.848,12.1128,814.992,0,1,-2.53357,16.7404,806.754,0,1,11.949,11.5476,807.711,0,1,-23.7243,18.5677,803.25,0,1,27.9917,17.5885,803.264,0,1,-45,5.16551,916.373,0,1,45,5.16551,916.373,0,1,-45,5.16551,916.373,0,1,45,5.16551,916.373,0,1,-45,5.16551,916.373,0,0,0.0,18,893.5
1221,27.7333,-7.63404,725,-0.000257945,0.000114856,1,2.59872,11.9455,815.3,0,1,-2.66338,16.5554,807.01,0,1,11.6997,11.4101,808.026,0,1,-23.7232,18.5664,803.5,0,1,27.9109,17.4421,803.507,0,1,-45,5.16551,916.373,0,1,45,5.16551,916.373,0,1,-45,5.16551,916.373,0,1,45,5.16551,916.373,0,1,-45,5.16551,916.373,0,0,0.0,18,894
1222,27.7337,-7.63386,725.5,-0.000232151,0.00010337,1,2.34887,11.7859,815.61,0,1,-2.80197,16.3645,807.269,0,1,11.4515,11.2818,808.343,0,1,-23.7116,18.5534,803.753,0,1,27.8202,17.2872,803.752,0,1,-45,5.16551,916.373,0,1,45,5.16551,916.373,0,1,-45,5.16551,916.373,0,1,45,5.16551,916.373,0,1,-45,5.16551,916.373,0,0,0.0,18,894.5
1223,27.7341,-7.63369,726,-0.000208936,9.3033e-05,1,2.0989,11.6344,815.923,0,1,-2.9491,16.1684,807.53,0,1,11.2046,11.1632,808.661,0,1,-23.6896,18.5287,804.009,0,1,27.72,17.1244,804,0,1,-45,5.16551,916.373,0,1,45,5.16551,916.373,0,1,-45,5.16551,916.373,0,1,45,5.16551,916.373,0,1,-45,5.16551,916.373,0,0,0.0,18,895
1224,27.7344,-7.63353,726.5,-0.000188042,8.37297e-05,1,1.84923,11.4915,816.237,0,1,-3.10453,15.9675,807.793,0,1,10.9596,11.0546,808.981,0,1,-23.6573,18.4924,804.267,0,1,27.6103,16.954,804.25,0,1,-45,5.16551,916.373,0,1,45,5.16551,916.373,0,1,-45,5.16551,916.373,0,1,45,5.16551,916.373,0,1,-45,5.16551,916.373,0,0,0.0,18,895.5
1225,27.7347,-7.63339,727,-0.000169238,7.53567e-05,1,1.60031,11.3576,816.552,0,1,-3.26797,15.7626,808.059,0,1,10.7169,10.9563,809.302,0,1,-23.6147,18.4445,804.527,0,1,27.4913,16.7767,804.503,0,1,-45,5.16551,916.373,0,1,45,5.16551,916.373,0,1,-45,5.16551,916.373,0,1,45,5.16551,916.373,0,1,-45,5.16551,916.373,0,0,0.0,18,896
1226,27.735,-7.63326,727.5,-0.000152314,6.7821e-05,1,1.35255,11.2332,816.87,0,1,-3.43915,15.5542,808.328,0,1,10.4769,10.8686,809.625,0,1,-23.5619,18.3853,804.79,0,1,27.3633,16.5929,804.759,0,1,-45,5.16551,916.373,0,1,45,5.16551,916.373,0,1,-45,5.16551,916.373,0,1,45,5.16551,916.373,0,1,-45,5.16551,916.373,0,0,0.0,18,896.5
1227,27.7353,-7.63313,728,-0.000137083,6.10389e-05,1,1.10639,11.1186,817.189,0,1,-3.61778,15.3428,808.599,0,1,10.24,10.7917,809.949,0,1,-23.499,18.3149,805.056,0,1,27.2264,16.4031,805.017,0,1,-45,5.16551,916.373,0,1,45,5.16551,916.373,0,1,-45,5.16551,916.373,0,1,45,5.16551,916.373,0,1,-45,5.16551,916.373,0,0,0.0,18,897
1228,27.7355,-7.63302,728.5,-0.000123374,5.4935e-05,1,0.86226,11.014,817.509,0,1,-3.80353,15.1292,808.872,0,1,10.0067,10.7259,810.275,0,1,-23.426,18.2335,805.324,0,1,27.081,16.208,805.277,0,1,-45,5.16551,916.373,0,1,45,5.16551,916.373,0,1,-45,5.16551,916.373,0,1,45,5.16551,916.373,0,1,-45,5.16551,916.373,0,0,0.0,18,897.5
1229,27.7357,-7.63292,729,-0.000111037,4.94415e-05,1,0.620582,10.9199,817.831,0,1,-3.99609,14.914,809.148,0,1,9.77727,10.6714,810.602,0,1,-23.3431,18.1414,805.594,0,1,26.9272,16.008,805.54,0,1,-45,5.16551,916.373,0,1,45,5.16551,916.373,0,1,-45,5.16551,916.373,0,1,45,5.16551,916.373,0,1,-45,5.16551,916.373,0,0,0.0,18,898
1230,27.7359,-7.63282,729.5,-9.99333e-05,4.44974e-05,1,0.381776,10.8365,818.155,0,1,-4.19512,14.6977,809.427,0,1,9.55219,10.6284,810.93,0,1,-23.2505,18.0388,805.867,0,1,26.7653,15.8039,805.806,0,1,-45,5.16551,916.373,0,1,45,5.16551,916.373,0,1,-45,5.16551,916.373,0,1,45,5.16551,916.373,0,1,-45,5.16551,916.373,0,0,0.0,18,898.5
1231,27.7361,-7.63274,730,-8.994e-05,4.00476e-05,1,0.146256,10.7641,818.479,0,1,-4.40028,14.4811,809.708,0,1,9.33184,10.5968,811.259,0,1,-23.1483,17.926,806.143,0,1,26.5957,15.5961,806.074,0,1,-45,5.16551,916.373,0,1,45,5.16551,916.373,0,1,-45,5.16551,916.373,0,1,45,5.16551,916.373,0,1,-45,5.16551,916.373,0,0,0.0,18,899
1232,27.7363,-7.63266,730.5,-8.0946e-05,3.60429e-05,1,-0.085568,10.7028,818.806,0,1,-4.61121,14.2647,809.991,0,1,9.1166,10.577,811.589,0,1,-23.0366,17.8034,806.42,0,1,26.4185,15.3853,806.345,0,1,-45,5.16551,916.373,0,1,45,5.16551,916.373,0,1,-45,5.16551,916.373,0,1,45,5.16551,916.373,0,1,-45,5.16551,916.373,0,0,0.0,18,899.5
1233,27.7365,-7.63258,731,-7.28514e-05,3.24386e-05,1,-0.313295,10.6528,819.133,0,1,-4.82755,14.0492,810.276,0,1,8.90684,10.5688,811.92,0,1,-22.9158,17.6712,806.701,0,1,26.2342,15.1721,806.618,0,1,-45,5.16551,916.373,0,1,45,5.16551,916.373,0,1,-45,5.16551,916.373,0,1,45,5.16551,916.373,0,1,-45,5.16551,916.373,0,0,0.0,18,900
1234,27.7366,-7.63252,731.5,-6.55662e-05,2.91947e-05,1,-0.536529,10.6144,819.461,0,1,-5.04891,13.8353,810.564,0,1,8.70292,10.5724,812.252,0,1,-22.7859,17.53,806.983,0,1,26.043,14.9571,806.893,0,1,-45,5.16551,916.373,0,1,45,5.16551,916.373,0,1,-45,5.16551,916.373,0,1,45,5.16551,916.373,0,1,-45,5.16551,916.373,0,0,0.0,18,900.5
1235,27.7367,-7.63245,732,-5.90096e-05,2.62753e-05,1,-0.754883,10.5875,819.791,0,1,-5.27493,13.6234,810.854,0,1,8.50521,10.5877,812.585,0,1,-22.6473,17.3801,807.268,0,1,25.8452,14.741,807.171,0,1,-45,5.16551,916.373,0,1,45,5.16551,916.373,0,1,-45,5.16551,916.373,0,1,45,5.16551,916.373,0,1,-45,5.16551,916.373,0,0,0.0,18,901
1236,27.7369,-7.6324,732.5,-5.31086e-05,2.36477e-05,1,-0.967978,10.5723,820.121,0,1,-5.50519,13.4144,811.147,0,1,8.31404,10.6147,812.919,0,1,-22.5001,17.2219,807.556,0,1,25.6412,14.5244,807.451,0,1,-45,5.16551,916.373,0,1,45,5.16551,916.373,0,1,-45,5.16551,916.373,0,1,45,5.16551,916.373,0,1,-45,5.16551,916.373,0,0,0.0,18,901.5
1237,27.737,-7.63234,733,-4.77978e-05,2.1283e-05,1,-1.17544,10.5688,820.453,0,1,-5.73931,13.2087,811.441,0,1,8.12975,10.6532,813.253,0,1,-22.3446,17.056,807.845,0,1,25.4314,14.3079,807.734,0,1,-45,5.16551,916.373,0,1,45,5.16551,916.373,0,1,-45,5.16551,916.373,0,1,45,5.16551,916.373,0,1,-45,5.16551,916.373,0,0,0.0,18,902
1238,27.7371,-7.63229,733.5,-4.3018e-05,1.91547e-05,1,-1.37692,10.5771,820.785,0,1,-5.97687,13.0071,811.738,0,1,7.95265,10.7033,813.588,0,1,-22.1811,16.8827,808.137,0,1,25.2161,14.0922,808.019,0,1,-45,5.16551,916.373,0,1,45,5.16551,916.373,0,1,-45,5.16551,916.373,0,1,45,5.16551,916.373,0,1,-45,5.16551,916.373,0,0,0.0,18,902.5
1239,27.7372,-7.63225,734,-3.87162e-05,1.72392e-05,1,-1.57206,10.5971,821.119,0,1,-6.21747,12.81,812.037,0,1,7.78305,10.7647,813.924,0,1,-22.0099,16.7027,808.431,0,1,24.9957,13.8779,808.306,0,1,-45,5.16551,916.373,0,1,45,5.16551,916.373,0,1,-45,5.16551,916.373,0,1,45,5.16551,916.373,0,1,-45,5.16551,916.373,0,0,0.0,18,903
1240,27.7373,-7.63221,734.5,-3.48446e-05,1.55153e-05,1,-1.76051,10.6287,821.453,0,1,-6.46069,12.6181,812.338,0,1,7.62125,10.8372,814.26,0,1,-21.8312,16.5164,808.727,0,1,24.7706,13.6656,808.596,0,1,-45,5.16551,916.373,0,1,45,5.16551,916.373,0,1,-45,5.16551,916.373,0,1,45,5.16551,916.373,0,1,-45,5.16551,916.373,0,0,0.0,18,903.5
1241,27.7373,-7.63217,735,-3.13601e-05,1.39637e-05,1,-1.94197,10.6719,821.787,0,1,-6.7061,12.4319,812.641,0,1,7.46753,10.9207,814.597,0,1,-21.6454,16.3244,809.026,0,1,24.5412,13.456,808.888,0,1,-45,5.16551,916.373,0,1,45,5.16551,916.373,0,1,-45,5.16551,916.373,0,1,45,5.16551,916.373,0,1,-45,5.16551,916.373,0,0,0.0,18,904
1242,27.7374,-7.63214,735.5,-2.82241e-05,1.25674e-05,1,-2.1161,10.7265,822.123,0,1,-6.95328,12.2519,812.946,0,1,7.32216,11.0149,814.934,0,1,-21.4528,16.1272,809.326,0,1,24.3078,13.2496,809.182,0,1,-45,5.16551,916.373,0,1,45,5.16551,916.373,0,1,-45,5.16551,916.373,0,1,45,5.16551,916.373,0,1,-45,5.16551,916.373,0,0,0.0,18,904.5
1243,27.7375,-7.6321,736,-2.54017e-05,1.13106e-05,1,-2.28261,10.7924,822.458,0,1,-7.2018,12.0788,813.253,0,1,7.18538,11.1196,815.271,0,1,-21.2538,15.9255,809.629,0,1,24.0709,13.0471,809.479,0,1,-45,5.16551,916.373,0,1,45,5.16551,916.373,0,1,-45,5.16551,916.373,0,1,45,5.16551,916.373,0,1,-45,5.16551,916.373,0,0,0.0,18,905
1244,27.7375,-7.63207,736.5,-2.28615e-05,1.01796e-05,1,-2.44121,10.8693,822.795,0,1,-7.45123,11.9129,813.562,0,1,7.05744,11.2343,815.608,0,1,-21.0486,15.7198,809.934,0,1,23.8309,12.849,809.777,0,1,-45,5.16551,916.373,0,1,45,5.16551,916.373,0,1,-45,5.16551,916.373,0,1,45,5.16551,916.373,0,1,-45,5.16551,916.373,0,0,0.0,18,905.5
1245,27.7376,-7.63205,737,-2.05754e-05,9.16161e-06,1,-2.59163,10.9571,823.131,0,1,-7.70114,11.7549,813.873,0,1,6.93855,11.3588,815.945,0,1,-20.8376,15.5107,810.24,0,1,23.5881,12.656,810.078,0,1,-45,5.16551,916.373,0,1,45,5.16551,916.373,0,1,-45,5.16551,916.373,0,1,45,5.16551,916.373,0,1,-45,5.16551,916.373,0,0,0.0,18,906
1246,27.7376,-7.63202,737.5,-1.85178e-05,8.24545e-06,1,-2.73359,11.0555,823.468,0,1,-7.95108,11.6051,814.185,0,1,6.82893,11.4928,816.283,0,1,-20.6212,15.2989,810.549,0,1,23.3431,12.4686,810.38,0,1,-45,5.16551,916.373,0,1,45,5.16551,916.373,0,1,-45,5.16551,916.373,0,1,45,5.16551,916.373,0,1,-45,5.16551,916.373,0,0,0.0,18,906.5
1247,27.7377,-7.632,738,-1.6666e-05,7.42091e-06,1,-2.86686,11.1643,823.806,0,1,-8.20063,11.464,814.5,0,1,6.72876,11.6357,816.62,0,1,-20.3998,15.0849,810.859,0,1,23.0963,12.2874,810.685,0,1,-45,5.16551,916.373,0,1,45,5.16551,916.373,0,1,-45,5.16551,916.373,0,1,45,5.16551,916.373,0,1,-45,5.16551,916.373,0,0,0.0,18,907
1248,27.7377,-7.63198,738.5,-1.49994e-05,6.67882e-06,1,-2.99121,11.2829,824.143,0,1,-8.44936,11.332,814.816,0,1,6.63822,11.7873,816.958,0,1,-20.1738,14.8694,811.171,0,1,22.848,12.1128,810.992,0,1,-45,5.16551,916.373,0,1,45,5.16551,916.373,0,1,-45,5.16551,916.373,0,1,45,5.16551,916.373,0,1,-45,5.16551,916.373,0,0,0.0,18,907.5
1249,27.7378,-7.63196,739,-1.34995e-05,6.01093e-06,1,-3.10641,11.4113,824.48,0,1,-8.69684,11.2095,815.133,0,1,6.55746,11.947,817.295,0,1,-19.9435,14.653,811.485,0,1,22.5987,11.9455,811.3,0,1,-45,5.16551,916.373,0,1,45,5.16551,916.373,0,1,-45,5.16551,916.373,0,1,45,5.16551,916.373,0,1,-45,5.16551,916.373,0,0,0.0,18,908
1250,27.7378,-7.63194,739.5,-1.21495e-05,5.40984e-06,1,-3.21228,11.5489,824.818,0,1,-8.94262,11.0968,815.453,0,1,6.48663,12.1144,817.632,0,1,-19.7094,14.4364,811.801,0,1,22.3489,11.7858,811.61,0,1,-45,5.16551,916.373,0,1,45,5.16551,916.373,0,1,-45,5.16551,916.373,0,1,45,5.16551,916.373,0,1,-45,5.16551,916.373,0,0,0.0,18,908.5
1251,27.7379,-7.63192,740,-1.09346e-05,4.86886e-06,1,-3.30862,11.6953,825.155,0,1,-9.1863,10.9944,815.774,0,1,6.42585,12.289,817.969,0,1,-18.0776,13.6774,809.297,0.3,1,22.5694,10.9913,808.639,0.3,1,-45,5.16551,916.373,0,1,45,5.16551,916.373,0,1,-45,5.16551,916.373,0,1,45,5.16551,916.373,0,1,-45,5.16551,916.373,0,0,0.0,18,909
1252,27.7379,-7.63191,740.5,-9.84113e-06,4.38197e-06,1,-3.39526,11.8502,825.493,0,1,-9.42743,10.9024,816.096,0,1,6.37522,12.4703,818.305,0,1,-16.4459,12.9185,806.794,0.6,1,22.7899,10.1968,805.668,0.6,1,-45,5.16551,916.373,0,1,45,5.16551,916.373,0,1,-45,5.16551,916.373,0,1,45,5.16551,916.373,0,1,-45,5.16551,916.373,0,0,0.0,18,909.5
1253,27.7379,-7.63189,741,-8.85702e-06,3.94377e-06,1,-3.47206,12.0131,825.83,0,1,-9.66561,10.8211,816.42,0,1,6.33483,12.6578,818.64,0,1,-14.8141,12.1595,804.29,0.9,1,23.0104,9.40227,802.697,0.9,1,-45,5.16551,916.373,0,1,45,5.16551,916.373,0,1,-45,5.16551,916.373,0,1,45,5.16551,916.373,0,1,-45,5.16551,916.373,0,0,0.0,18,910
1254,27.7379,-7.63188,741.5,-7.97132e-06,3.5494e-06,1,-3.53889,12.1834,826.167,0,1,-9.90043,10.7509,816.745,0,1,6.30475,12.8508,818.976,0,1,-13.1824,11.4006,801.786,1.2,1,23.2309,8.60774,799.726,1.2,1,-45,5.16551,916.373,0,1,45,5.16551,916.373,0,1,-45,5.16551,916.373,0,1,45,5.16551,916.373,0,1,-45,5.16551,916.373,0,0,0.0,18,910.5
1255,27.738,-7.63187,742,-7.17418e-06,3.19446e-06,1,-3.59563,12.3608,826.503,0,1,-10.1315,10.6919,817.071,0,1,6.28503,13.0489,819.31,0,1,-11.5507,10.6416,799.283,1.5,1,23.4514,7.81321,796.755,1.5,1,-45,5.16551,916.373,0,1,45,5.16551,916.373,0,1,-45,5.16551,916.373,0,1,45,5.16551,916.373,0,1,-45,5.16551,916.373,0,0,0.0,18,911
1256,27.738,-7.63186,742.5,-6.45677e-06,2.87501e-06,1,-3.64217,12.5446,826.839,0,1,-10.3583,10.6442,817.398,0,1,6.27572,13.2515,819.644,0,1,-9.91893,9.88269,796.779,1.8,1,23.6719,7.01869,793.784,1.8,1,-45,5.16551,916.373,0,1,45,5.16551,916.373,0,1,-45,5.16551,916.373,0,1,45,5.16551,916.373,0,1,-45,5.16551,916.373,0,0,0.0,18,911.5
1257,27.738,-7.63185,743,-5.81109e-06,2.58751e-06,1,-3.67844,12.7343,827.175,0,1,-10.5806,10.6081,817.727,0,1,6.27681,13.4579,819.977,0,1,-8.28719,9.12375,794.275,2.1,1,23.8924,6.22416,790.813,2.1,1,-45,5.16551,916.373,0,1,45,5.16551,916.373,0,1,-45,5.16551,916.373,0,1,45,5.16551,916.373,0,1,-45,5.16551,916.373,0,0,0.0,18,912
1258,27.738,-7.63184,743.5,-5.22998e-06,2.32876e-06,1,-3.70438,12.9295,827.51,0,1,-10.7979,10.5835,818.057,0,1,6.28832,13.6676,820.31,0,1,-6.65545,8.36481,791.772,2.4,1,24.1129,5.42963,787.842,2.4,1,-45,5.16551,916.373,0,1,45,5.16551,916.373,0,1,-45,5.16551,916.373,0,1,45,5.16551,916.373,0,1,-45,5.16551,916.373,0,0,0.0,18,912.5
1259,27.7381,-7.63183,744,-4.70698e-06,2.09588e-06,1,-3.71994,13.1294,827.844,0,1,-11.0099,10.5707,818.388,0,1,6.31022,13.8799,820.641,0,1,-5.02371,7.60586,789.268,2.7,1,24.3334,4.6351,784.871,2.7,1,-45,5.16551,916.373,0,1,45,5.16551,916.373,0,1,-45,5.16551,916.373,0,1,45,5.16551,916.373,0,1,-45,5.16551,916.373,0,0,0.0,18,913
1260,27.7381,-7.63182,744.5,-4.23628e-06,1.88629e-06,1,-3.72509,13.3336,828.177,0,1,-11.2162,10.5696,818.719,0,1,6.34248,14.0942,820.971,0,1,-3.39197,6.84692,786.764,3,1,24.5539,3.84058,781.9,3,1,-45,5.16551,916.373,0,1,45,5.16551,916.373,0,1,-45,5.16551,916.373,0,1,45,5.16551,916.373,0,1,-45,5.16551,916.373,0,0,0.0,18,913.5
1261,27.7381,-7.63182,745,-3.81266e-06,1.69766e-06,1,-3.71983,13.5414,828.51,0,1,-11.4165,10.5802,819.052,0,1,6.38503,14.31,821.301,0,1,-1.76023,6.08797,784.261,3.3,1,24.7744,3.04605,778.929,3.3,1,-45,5.16551,916.373,0,1,45,5.16551,916.373,0,1,-45,5.16551,916.373,0,1,45,5.16551,916.373,0,1,-45,5.16551,916.373,0,0,0.0,18,914
1262,27.7381,-7.63181,745.5,-3.43139e-06,1.5279e-06,1,-3.70416,13.7522,828.842,0,1,-11.6103,10.6025,819.385,0,1,6.43781,14.5264,821.629,0,1,-0.128493,5.32903,781.757,3.6,1,24.9949,2.25152,775.958,3.6,1,-45,5.16551,916.373,0,1,45,5.16551,916.373,0,1,-45,5.16551,916.373,0,1,45,5.16551,916.373,0,1,-45,5.16551,916.373,0,0,0.0,18,914.5
1263,27.7381,-7.6318,746,-3.08825e-06,1.37511e-06,1,-3.67812,13.9654,829.173,0,1,-11.7974,10.6364,819.719,0,1,6.50072,14.7431,821.956,0,1,1.50325,4.57008,779.253,3.9,1,25.2154,1.457,772.987,3.9,1,-45,5.16551,916.373,0,1,45,5.16551,916.373,0,1,-45,5.16551,916.373,0,1,45,5.16551,916.373,0,1,-45,5.16551,916.373,0,0,0.0,18,915
1264,27.7381,-7.6318,746.5,-2.77943e-06,1.2376e-06,1,-3.64173,14.1804,829.503,0,1,-11.9774,10.6819,820.054,0,1,6.57365,14.9592,822.282,0,1,3.13499,3.81114,776.75,4.2,1,25.4359,0.662469,770.016,4.2,1,-45,5.16551,916.373,0,1,45,5.16551,916.373,0,1,-45,5.16551,916.373,0,1,45,5.16551,916.373,0,1,-45,5.16551,916.373,0,0,0.0,18,915.5
1265,27.7381,-7.63179,747,-2.50148e-06,1.11384e-06,1,-3.59508,14.3965,829.832,0,1,-10.5536,10.0253,817.399,0.3,1,7.36634,14.113,819.425,0.3,1,4.76673,3.05219,774.246,4.5,1,25.6564,-0.132058,767.045,4.5,1,-45,5.16551,916.373,0,1,45,5.16551,916.373,0,1,-45,5.16551,916.373,0,1,45,5.16551,916.373,0,1,-45,5.16551,916.373,0,0,0.0,18,916
1266,27.7381,-7.63179,747.5,-2.25133e-06,1.00245e-06,1,-3.53824,14.6131,830.16,0,1,-9.12973,9.36877,814.745,0.6,1,8.15902,13.2669,816.568,0.6,1,6.39846,2.29325,771.742,4.8,1,25.8769,-0.926585,764.074,4.8,1,-45,5.16551,916.373,0,1,45,5.16551,916.373,0,1,-45,5.16551,916.373,0,1,45,5.16551,916.373,0,1,-45,5.16551,916.373,0,0,0.0,18,916.5
1267,27.7382,-7.63178,748,-2.0262e-06,9.02209e-07,1,-3.47131,14.8296,830.487,0,1,-7.70589,8.71221,812.09,0.9,1,8.95171,12.4208,813.711,0.9,1,8.0302,1.5343,769.239,5.1,1,26.0974,-1.72111,761.103,5.1,1,-45,5.16551,916.373,0,1,45,5.16551,916.373,0,1,-45,5.16551,916.373,0,1,45,5.16551,916.373,0,1,-45,5.16551,916.373,0,0,0.0,18,917
1268,27.7382,-7.63178,748.5,-1.82358e-06,8.11988e-07,1,-3.3944,15.0453,830.812,0,1,-6.28205,8.05564,809.435,1.2,1,9.7444,11.5747,810.854,1.2,1,9.66194,0.77536,766.735,5.4,1,26.3179,-2.51564,758.132,5.4,1,-45,5.16551,916.373,0,1,45,5.16551,916.373,0,1,-45,5.16551,916.373,0,1,45,5.16551,916.373,0,1,-45,5.16551,916.373,0,0,0.0,18,917.5
1269,27.7382,-7.63178,749,-1.64122e-06,7.30789e-07,1,-3.30765,15.2596,831.136,0,1,-4.85822,7.39908,806.78,1.5,1,10.5371,10.7286,807.997,1.5,1,11.2937,0.016416,764.231,5.7,1,26.5384,-3.31017,755.161,5.7,1,-45,5.16551,916.373,0,1,45,5.16551,916.373,0,1,-45,5.16551,916.373,0,1,45,5.16551,916.373,0,1,-45,5.16551,916.373,0,0,0.0,18,918
1270,27.7382,-7.63177,749.5,-1.4771e-06,6.5771e-07,1,-3.21121,15.4719,831.459,0,1,-3.43438,6.74252,804.125,1.8,1,11.3298,9.88247,805.14,1.8,1,12.9254,-0.742528,761.728,6,1,26.7589,-4.10469,752.19,6,1,-45,5.16551,916.373,0,1,45,5.16551,916.373,0,1,-45,5.16551,916.373,0,1,45,5.16551,916.373,0,1,-45,5.16551,916.373,0,0,0.0,18,918.5
