FLOOR,0.00,-20.00,0.00,300.0,1.0,200.0,0.0,0.0,0.0,-0.0000,0.0000,0.0000
FLOOR,-80.00,-20.00,0.00,300.0,1.0,200.0,0.0,0.0,0.0,-0.0000,0.0000,0.0000
FLOOR,80.00,-20.00,0.00,300.0,1.0,200.0,0.0,0.0,0.0,-0.0000,0.0000,0.0000
FLOOR,-160.00,-20.00,0.00,300.0,1.0,200.0,0.0,0.0,0.0,-0.0000,0.0000,0.0000
FLOOR,160.00,-20.00,0.00,300.0,1.0,200.0,0.0,0.0,0.0,-0.0000,0.0000,0.0000
FLOOR,-240.00,-20.00,0.00,300.0,1.0,200.0,0.0,0.0,0.0,-0.0000,0.0000,0.0000
FLOOR,240.00,-20.00,0.00,300.0,1.0,200.0,0.0,0.0,0.0,-0.0000,0.0000,0.0000
FLOOR,-320.00,-20.00,0.00,300.0,1.0,200.0,0.0,0.0,0.0,-0.0000,0.0000,0.0000
FLOOR,320.00,-20.00,0.00,300.0,1.0,200.0,0.0,0.0,0.0,-0.0000,0.0000,0.0000
FLOOR,-400.00,-20.00,0.00,300.0,1.0,200.0,0.0,0.0,0.0,-0.0000,0.0000,0.0000
FLOOR,400.00,-20.00,0.00,300.0,1.0,200.0,0.0,0.0,0.0,-0.0000,0.0000,0.0000
FLOOR,-480.00,-20.00,0.00,300.0,1.0,200.0,0.0,0.0,0.0,-0.0000,0.0000,0.0000
FLOOR,480.00,-20.00,0.00,300.0,1.0,200.0,0.0,0.0,0.0,-0.0000,0.0000,0.0000
FLOOR,-560.00,-20.00,0.00,300.0,1.0,200.0,0.0,0.0,0.0,-0.0000,0.0000,0.0000
FLOOR,560.00,-20.00,0.00,300.0,1.0,200.0,0.0,0.0,0.0,-0.0000,0.0000,0.0000
FLOOR,-640.00,-20.00,0.00,300.0,1.0,200.0,0.0,0.0,0.0,-0.0000,0.0000,0.0000
FLOOR,640.00,-20.00,0.00,300.0,1.0,200.0,0.0,0.0,0.0,-0.0000,0.0000,0.0000
FLOOR,-720.00,-20.00,0.00,300.0,1.0,200.0,0.0,0.0,0.0,-0.0000,0.0000,0.0000
FLOOR,720.00,-20.00,0.00,300.0,1.0,200.0,0.0,0.0,0.0,-0.0000,0.0000,0.0000
FLOOR,-800.00,-20.00,0.00,300.0,1.0,200.0,0.0,0.0,0.0,-0.0000,0.0000,0.0000
FLOOR,800.00,-20.00,0.00,300.0,1.0,200.0,0.0,0.0,0.0,-0.0000,0.0000,0.0000
FLOOR,0.00,-20.00,100.00,300.0,1.0,200.0,0.0,0.0,0.0,-0.0000,0.0000,0.0000
FLOOR,-80.00,-20.00,100.00,300.0,1.0,200.0,0.0,0.0,0.0,-0.0000,0.0000,0.0000
FLOOR,80.00,-20.00,100.00,300.0,1.0,200.0,0.0,0.0,0.0,-0.0000,0.0000,0.0000
FLOOR,-160.00,-20.00,100.00,300.0,1.0,200.0,0.0,0.0,0.0,-0.0000,0.0000,0.0000
FLOOR,160.00,-20.00,100.00,300.0,1.0,200.0,0.0,0.0,0.0,-0.0000,0.0000,0.0000
FLOOR,-240.00,-20.00,100.00,300.0,1.0,200.0,0.0,0.0,0.0,-0.0000,0.0000,0.0000
FLOOR,240.00,-20.00,100.00,300.0,1.0,200.0,0.0,0.0,0.0,-0.0000,0.0000,0.0000
FLOOR,-320.00,-20.00,100.00,300.0,1.0,200.0,0.0,0.0,0.0,-0.0000,0.0000,0.0000
FLOOR,320.00,-20.00,100.00,300.0,1.0,200.0,0.0,0.0,0.0,-0.0000,0.0000,0.0000
FLOOR,-400.00,-20.00,100.00,300.0,1.0,200.0,0.0,0.0,0.0,-0.0000,0.0000,0.0000
FLOOR,400.00,-20.00,100.00,300.0,1.0,200.0,0.0,0.0,0.0,-0.0000,0.0000,0.0000
FLOOR,-480.00,-20.00,100.00,300.0,1.0,200.0,0.0,0.0,0.0,-0.0000,0.0000,0.0000
FLOOR,480.00,-20.00,100.00,300.0,1.0,200.0,0.0,0.0,0.0,-0.0000,0.0000,0.0000
FLOOR,-560.00,-20.00,100.00,300.0,1.0,200.0,0.0,0.0,0.0,-0.0000,0.0000,0.0000
FLOOR,560.00,-20.00,100.00,300.0,1.0,200.0,0.0,0.0,0.0,-0.0000,0.0000,0.0000
FLOOR,-640.00,-20.00,100.00,300.0,1.0,200.0,0.0,0.0,0.0,-0.0000,0.0000,0.0000
FLOOR,640.00,-20.00,100.00,300.0,1.0,200.0,0.0,0.0,0.0,-0.0000,0.0000,0.0000
FLOOR,-720.00,-20.00,100.00,300.0,1.0,200.0,0.0,0.0,0.0,-0.0000,0.0000,0.0000
FLOOR,720.00,-20.00,100.00,300.0,1.0,200.0,0.0,0.0,0.0,-0.0000,0.0000,0.0000
FLOOR,-800.00,-20.00,100.00,300.0,1.0,200.0,0.0,0.0,0.0,-0.0000,0.0000,0.0000
FLOOR,800.00,-20.00,100.00,300.0,1.0,200.0,0.0,0.0,0.0,-0.0000,0.0000,0.0000
FLOOR,0.00,-20.00,200.00,300.0,1.0,200.0,0.0,0.0,0.0,-0.0000,0.0000,0.0000
FLOOR,-80.00,-20.00,200.00,300.0,1.0,200.0,0.0,0.0,0.0,-0.0000,0.0000,0.0000
FLOOR,80.00,-20.00,200.00,300.0,1.0,200.0,0.0,0.0,0.0,-0.0000,0.0000,0.0000
FLOOR,-160.00,-20.00,200.00,300.0,1.0,200.0,0.0,0.0,0.0,-0.0000,0.0000,0.0000
FLOOR,160.00,-20.00,200.00,300.0,1.0,200.0,0.0,0.0,0.0,-0.0000,0.0000,0.0000
FLOOR,-240.00,-20.00,200.00,300.0,1.0,200.0,0.0,0.0,0.0,-0.0000,0.0000,0.0000
FLOOR,240.00,-20.00,200.00,300.0,1.0,200.0,0.0,0.0,0.0,-0.0000,0.0000,0.0000
FLOOR,-320.00,-20.00,200.00,300.0,1.0,200.0,0.0,0.0,0.0,-0.0000,0.0000,0.0000
FLOOR,320.00,-20.00,200.00,300.0,1.0,200.0,0.0,0.0,0.0,-0.0000,0.0000,0.0000
FLOOR,-400.00,-20.00,200.00,300.0,1.0,200.0,0.0,0.0,0.0,-0.0000,0.0000,0.0000
FLOOR,400.00,-20.00,200.00,300.0,1.0,200.0,0.0,0.0,0.0,-0.0000,0.0000,0.0000
FLOOR,-480.00,-20.00,200.00,300.0,1.0,200.0,0.0,0.0,0.0,-0.0000,0.0000,0.0000
FLOOR,480.00,-20.00,200.00,300.0,1.0,200.0,0.0,0.0,0.0,-0.0000,0.0000,0.0000
FLOOR,-560.00,-20.00,200.00,300.0,1.0,200.0,0.0,0.0,0.0,-0.0000,0.0000,0.0000
FLOOR,560.00,-20.00,200.00,300.0,1.0,200.0,0.0,0.0,0.0,-0.0000,0.0000,0.0000
FLOOR,-640.00,-20.00,200.00,300.0,1.0,200.0,0.0,0.0,0.0,-0.0000,0.0000,0.0000
FLOOR,640.00,-20.00,200.00,300.0,1.0,200.0,0.0,0.0,0.0,-0.0000,0.0000,0.0000
FLOOR,-720.00,-20.00,200.00,300.0,1.0,200.0,0.0,0.0,0.0,-0.0000,0.0000,0.0000
FLOOR,720.00,-20.00,200.00,300.0,1.0,200.0,0.0,0.0,0.0,-0.0000,0.0000,0.0000
FLOOR,-800.00,-20.00,200.00,300.0,1.0,200.0,0.0,0.0,0.0,-0.0000,0.0000,0.0000
FLOOR,800.00,-20.00,200.00,300.0,1.0,200.0,0.0,0.0,0.0,-0.0000,0.0000,0.0000
FLOOR,0.00,-20.00,300.00,300.0,1.0,200.0,0.0,0.0,0.0,-0.0000,0.0000,0.0000
FLOOR,-80.00,-20.00,300.00,300.0,1.0,200.0,0.0,0.0,0.0,-0.0000,0.0000,0.0000
FLOOR,80.00,-20.00,300.00,300.0,1.0,200.0,0.0,0.0,0.0,-0.0000,0.0000,0.0000
FLOOR,-160.00,-20.00,300.00,300.0,1.0,200.0,0.0,0.0,0.0,-0.0000,0.0000,0.0000
FLOOR,160.00,-20.00,300.00,300.0,1.0,200.0,0.0,0.0,0.0,-0.0000,0.0000,0.0000
FLOOR,-240.00,-20.00,300.00,300.0,1.0,200.0,0.0,0.0,0.0,-0.0000,0.0000,0.0000
FLOOR,240.00,-20.00,300.00,300.0,1.0,200.0,0.0,0.0,0.0,-0.0000,0.0000,0.0000
FLOOR,-320.00,-20.00,300.00,300.0,1.0,200.0,0.0,0.0,0.0,-0.0000,0.0000,0.0000
FLOOR,320.00,-20.00,300.00,300.0,1.0,200.0,0.0,0.0,0.0,-0.0000,0.0000,0.0000
FLOOR,-400.00,-20.00,300.00,300.0,1.0,200.0,0.0,0.0,0.0,-0.0000,0.0000,0.0000
FLOOR,400.00,-20.00,300.00,300.0,1.0,200.0,0.0,0.0,0.0,-0.0000,0.0000,0.0000
FLOOR,-480.00,-20.00,300.00,300.0,1.0,200.0,0.0,0.0,0.0,-0.0000,0.0000,0.0000
FLOOR,480.00,-20.00,300.00,300.0,1.0,200.0,0.0,0.0,0.0,-0.0000,0.0000,0.0000
FLOOR,-560.00,-20.00,300.00,300.0,1.0,200.0,0.0,0.0,0.0,-0.0000,0.0000,0.0000
FLOOR,560.00,-20.00,300.00,300.0,1.0,200.0,0.0,0.0,0.0,-0.0000,0.0000,0.0000
FLOOR,-640.00,-20.00,300.00,300.0,1.0,200.0,0.0,0.0,0.0,-0.0000,0.0000,0.0000
FLOOR,640.00,-20.00,300.00,300.0,1.0,200.0,0.0,0.0,0.0,-0.0000,0.0000,0.0000
FLOOR,-720.00,-20.00,300.00,300.0,1.0,200.0,0.0,0.0,0.0,-0.0000,0.0000,0.0000
FLOOR,720.00,-20.00,300.00,300.0,1.0,200.0,0.0,0.0,0.0,-0.0000,0.0000,0.0000
FLOOR,-800.00,-20.00,300.00,300.0,1.0,200.0,0.0,0.0,0.0,-0.0000,0.0000,0.0000
FLOOR,800.00,-20.00,300.00,300.0,1.0,200.0,0.0,0.0,0.0,-0.0000,0.0000,0.0000
FLOOR,0.00,-20.00,400.00,300.0,1.0,200.0,0.0,0.0,0.0,-0.0000,0.0000,0.0000
FLOOR,-80.00,-20.00,400.00,300.0,1.0,200.0,0.0,0.0,0.0,-0.0000,0.0000,0.0000
FLOOR,80.00,-20.00,400.00,300.0,1.0,200.0,0.0,0.0,0.0,-0.0000,0.0000,0.0000
FLOOR,-160.00,-20.00,400.00,300.0,1.0,200.0,0.0,0.0,0.0,-0.0000,0.0000,0.0000
FLOOR,160.00,-20.00,400.00,300.0,1.0,200.0,0.0,0.0,0.0,-0.0000,0.0000,0.0000
FLOOR,-240.00,-20.00,400.00,300.0,1.0,200.0,0.0,0.0,0.0,-0.0000,0.0000,0.0000
FLOOR,240.00,-20.00,400.00,300.0,1.0,200.0,0.0,0.0,0.0,-0.0000,0.0000,0.0000
FLOOR,-320.00,-20.00,400.00,300.0,1.0,200.0,0.0,0.0,0.0,-0.0000,0.0000,0.0000
FLOOR,320.00,-20.00,400.00,300.0,1.0,200.0,0.0,0.0,0.0,-0.0000,0.0000,0.0000
FLOOR,-400.00,-20.00,400.00,300.0,1.0,200.0,0.0,0.0,0.0,-0.0000,0.0000,0.0000
FLOOR,400.00,-20.00,400.00,300.0,1.0,200.0,0.0,0.0,0.0,-0.0000,0.0000,0.0000
FLOOR,-480.00,-20.00,400.00,300.0,1.0,200.0,0.0,0.0,0.0,-0.0000,0.0000,0.0000
FLOOR,480.00,-20.00,400.00,300.0,1.0,200.0,0.0,0.0,0.0,-0.0000,0.0000,0.0000
FLOOR,-560.00,-20.00,400.00,300.0,1.0,200.0,0.0,0.0,0.0,-0.0000,0.0000,0.0000
FLOOR,560.00,-20.00,400.00,300.0,1.0,200.0,0.0,0.0,0.0,-0.0000,0.0000,0.0000
FLOOR,-640.00,-20.00,400.00,300.0,1.0,200.0,0.0,0.0,0.0,-0.0000,0.0000,0.0000
FLOOR,640.00,-20.00,400.00,300.0,1.0,200.0,0.0,0.0,0.0,-0.0000,0.0000,0.0000
FLOOR,-720.00,-20.00,400.00,300.0,1.0,200.0,0.0,0.0,0.0,-0.0000,0.0000,0.0000
FLOOR,720.00,-20.00,400.00,300.0,1.0,200.0,0.0,0.0,0.0,-0.0000,0.0000,0.0000
FLOOR,-800.00,-20.00,400.00,300.0,1.0,200.0,0.0,0.0,0.0,-0.0000,0.0000,0.0000
FLOOR,800.00,-20.00,400.00,300.0,1.0,200.0,0.0,0.0,0.0,-0.0000,0.0000,0.0000
FLOOR,0.00,-20.00,500.00,300.0,1.0,200.0,0.0,0.0,0.0,-0.0000,0.0000,0.0000
FLOOR,-80.00,-20.00,500.00,300.0,1.0,200.0,0.0,0.0,0.0,-0.0000,0.0000,0.0000
FLOOR,80.00,-20.00,500.00,300.0,1.0,200.0,0.0,0.0,0.0,-0.0000,0.0000,0.0000
FLOOR,-160.00,-20.00,500.00,300.0,1.0,200.0,0.0,0.0,0.0,-0.0000,0.0000,0.0000
FLOOR,160.00,-20.00,500.00,300.0,1.0,200.0,0.0,0.0,0.0,-0.0000,0.0000,0.0000
FLOOR,-240.00,-20.00,500.00,300.0,1.0,200.0,0.0,0.0,0.0,-0.0000,0.0000,0.0000
FLOOR,240.00,-20.00,500.00,300.0,1.0,200.0,0.0,0.0,0.0,-0.0000,0.0000,0.0000
FLOOR,-320.00,-20.00,500.00,300.0,1.0,200.0,0.0,0.0,0.0,-0.0000,0.0000,0.0000
FLOOR,320.00,-20.00,500.00,300.0,1.0,200.0,0.0,0.0,0.0,-0.0000,0.0000,0.0000
FLOOR,-400.00,-20.00,500.00,300.0,1.0,200.0,0.0,0.0,0.0,-0.0000,0.0000,0.0000
FLOOR,400.00,-20.00,500.00,300.0,1.0,200.0,0.0,0.0,0.0,-0.0000,0.0000,0.0000
FLOOR,-480.00,-20.00,500.00,300.0,1.0,200.0,0.0,0.0,0.0,-0.0000,0.0000,0.0000
FLOOR,480.00,-20.00,500.00,300.0,1.0,200.0,0.0,0.0,0.0,-0.0000,0.0000,0.0000
FLOOR,-560.00,-20.00,500.00,300.0,1.0,200.0,0.0,0.0,0.0,-0.0000,0.0000,0.0000
FLOOR,560.00,-20.00,500.00,300.0,1.0,200.0,0.0,0.0,0.0,-0.0000,0.0000,0.0000
FLOOR,-640.00,-20.00,500.00,300.0,1.0,200.0,0.0,0.0,0.0,-0.0000,0.0000,0.0000
FLOOR,640.00,-20.00,500.00,300.0,1.0,200.0,0.0,0.0,0.0,-0.0000,0.0000,0.0000
FLOOR,-720.00,-20.00,500.00,300.0,1.0,200.0,0.0,0.0,0.0,-0.0000,0.0000,0.0000
FLOOR,720.00,-20.00,500.00,300.0,1.0,200.0,0.0,0.0,0.0,-0.0000,0.0000,0.0000
FLOOR,-800.00,-20.00,500.00,300.0,1.0,200.0,0.0,0.0,0.0,-0.0000,0.0000,0.0000
FLOOR,800.00,-20.00,500.00,300.0,1.0,200.0,0.0,0.0,0.0,-0.0000,0.0000,0.0000
FLOOR,0.00,-20.00,600.00,300.0,1.0,200.0,0.0,0.0,0.0,-0.0000,0.0000,0.0000
FLOOR,-80.00,-20.00,600.00,300.0,1.0,200.0,0.0,0.0,0.0,-0.0000,0.0000,0.0000
FLOOR,80.00,-20.00,600.00,300.0,1.0,200.0,0.0,0.0,0.0,-0.0000,0.0000,0.0000
FLOOR,-160.00,-20.00,600.00,300.0,1.0,200.0,0.0,0.0,0.0,-0.0000,0.0000,0.0000
FLOOR,160.00,-20.00,600.00,300.0,1.0,200.0,0.0,0.0,0.0,-0.0000,0.0000,0.0000
FLOOR,-240.00,-20.00,600.00,300.0,1.0,200.0,0.0,0.0,0.0,-0.0000,0.0000,0.0000
FLOOR,240.00,-20.00,600.00,300.0,1.0,200.0,0.0,0.0,0.0,-0.0000,0.0000,0.0000
FLOOR,-320.00,-20.00,600.00,300.0,1.0,200.0,0.0,0.0,0.0,-0.0000,0.0000,0.0000
FLOOR,320.00,-20.00,600.00,300.0,1.0,200.0,0.0,0.0,0.0,-0.0000,0.0000,0.0000
FLOOR,-400.00,-20.00,600.00,300.0,1.0,200.0,0.0,0.0,0.0,-0.0000,0.0000,0.0000
FLOOR,400.00,-20.00,600.00,300.0,1.0,200.0,0.0,0.0,0.0,-0.0000,0.0000,0.0000
FLOOR,-480.00,-20.00,600.00,300.0,1.0,200.0,0.0,0.0,0.0,-0.0000,0.0000,0.0000
FLOOR,480.00,-20.00,600.00,300.0,1.0,200.0,0.0,0.0,0.0,-0.0000,0.0000,0.0000
FLOOR,-560.00,-20.00,600.00,300.0,1.0,200.0,0.0,0.0,0.0,-0.0000,0.0000,0.0000
FLOOR,560.00,-20.00,600.00,300.0,1.0,200.0,0.0,0.0,0.0,-0.0000,0.0000,0.0000
FLOOR,-640.00,-20.00,600.00,300.0,1.0,200.0,0.0,0.0,0.0,-0.0000,0.0000,0.0000
FLOOR,640.00,-20.00,600.00,300.0,1.0,200.0,0.0,0.0,0.0,-0.0000,0.0000,0.0000
FLOOR,-720.00,-20.00,600.00,300.0,1.0,200.0,0.0,0.0,0.0,-0.0000,0.0000,0.0000
FLOOR,720.00,-20.00,600.00,300.0,1.0,200.0,0.0,0.0,0.0,-0.0000,0.0000,0.0000
FLOOR,-800.00,-20.00,600.00,300.0,1.0,200.0,0.0,0.0,0.0,-0.0000,0.0000,0.0000
FLOOR,800.00,-20.00,600.00,300.0,1.0,200.0,0.0,0.0,0.0,-0.0000,0.0000,0.0000
FLOOR,0.00,-20.00,700.00,300.0,1.0,200.0,0.0,0.0,0.0,-0.0000,0.0000,0.0000
FLOOR,-80.00,-20.00,700.00,300.0,1.0,200.0,0.0,0.0,0.0,-0.0000,0.0000,0.0000
FLOOR,80.00,-20.00,700.00,300.0,1.0,200.0,0.0,0.0,0.0,-0.0000,0.0000,0.0000
FLOOR,-160.00,-20.00,700.00,300.0,1.0,200.0,0.0,0.0,0.0,-0.0000,0.0000,0.0000
FLOOR,160.00,-20.00,700.00,300.0,1.0,200.0,0.0,0.0,0.0,-0.0000,0.0000,0.0000
FLOOR,-240.00,-20.00,700.00,300.0,1.0,200.0,0.0,0.0,0.0,-0.0000,0.0000,0.0000
FLOOR,240.00,-20.00,700.00,300.0,1.0,200.0,0.0,0.0,0.0,-0.0000,0.0000,0.0000
FLOOR,-320.00,-20.00,700.00,300.0,1.0,200.0,0.0,0.0,0.0,-0.0000,0.0000,0.0000
FLOOR,320.00,-20.00,700.00,300.0,1.0,200.0,0.0,0.0,0.0,-0.0000,0.0000,0.0000
FLOOR,-400.00,-20.00,700.00,300.0,1.0,200.0,0.0,0.0,0.0,-0.0000,0.0000,0.0000
FLOOR,400.00,-20.00,700.00,300.0,1.0,200.0,0.0,0.0,0.0,-0.0000,0.0000,0.0000
FLOOR,-480.00,-20.00,700.00,300.0,1.0,200.0,0.0,0.0,0.0,-0.0000,0.0000,0.0000
FLOOR,480.00,-20.00,700.00,300.0,1.0,200.0,0.0,0.0,0.0,-0.0000,0.0000,0.0000
FLOOR,-560.00,-20.00,700.00,300.0,1.0,200.0,0.0,0.0,0.0,-0.0000,0.0000,0.0000
FLOOR,560.00,-20.00,700.00,300.0,1.0,200.0,0.0,0.0,0.0,-0.0000,0.0000,0.0000
FLOOR,-640.00,-20.00,700.00,300.0,1.0,200.0,0.0,0.0,0.0,-0.0000,0.0000,0.0000
FLOOR,640.00,-20.00,700.00,300.0,1.0,200.0,0.0,0.0,0.0,-0.0000,0.0000,0.0000
FLOOR,-720.00,-20.00,700.00,300.0,1.0,200.0,0.0,0.0,0.0,-0.0000,0.0000,0.0000
FLOOR,720.00,-20.00,700.00,300.0,1.0,200.0,0.0,0.0,0.0,-0.0000,0.0000,0.0000
FLOOR,-800.00,-20.00,700.00,300.0,1.0,200.0,0.0,0.0,0.0,-0.0000,0.0000,0.0000
FLOOR,800.00,-20.00,700.00,300.0,1.0,200.0,0.0,0.0,0.0,-0.0000,0.0000,0.0000
FLOOR,0.00,-20.00,800.00,300.0,1.0,200.0,0.0,0.0,0.0,-0.0000,0.0000,0.0000
FLOOR,-80.00,-20.00,800.00,300.0,1.0,200.0,0.0,0.0,0.0,-0.0000,0.0000,0.0000
FLOOR,80.00,-20.00,800.00,300.0,1.0,200.0,0.0,0.0,0.0,-0.0000,0.0000,0.0000
FLOOR,-160.00,-20.00,800.00,300.0,1.0,200.0,0.0,0.0,0.0,-0.0000,0.0000,0.0000
FLOOR,160.00,-20.00,800.00,300.0,1.0,200.0,0.0,0.0,0.0,-0.0000,0.0000,0.0000
FLOOR,-240.00,-20.00,800.00,300.0,1.0,200.0,0.0,0.0,0.0,-0.0000,0.0000,0.0000
FLOOR,240.00,-20.00,800.00,300.0,1.0,200.0,0.0,0.0,0.0,-0.0000,0.0000,0.0000
FLOOR,-320.00,-20.00,800.00,300.0,1.0,200.0,0.0,0.0,0.0,-0.0000,0.0000,0.0000
FLOOR,320.00,-20.00,800.00,300.0,1.0,200.0,0.0,0.0,0.0,-0.0000,0.0000,0.0000
FLOOR,-400.00,-20.00,800.00,300.0,1.0,200.0,0.0,0.0,0.0,-0.0000,0.0000,0.0000
FLOOR,400.00,-20.00,800.00,300.0,1.0,200.0,0.0,0.0,0.0,-0.0000,0.0000,0.0000
FLOOR,-480.00,-20.00,800.00,300.0,1.0,200.0,0.0,0.0,0.0,-0.0000,0.0000,0.0000
FLOOR,480.00,-20.00,800.00,300.0,1.0,200.0,0.0,0.0,0.0,-0.0000,0.0000,0.0000
FLOOR,-560.00,-20.00,800.00,300.0,1.0,200.0,0.0,0.0,0.0,-0.0000,0.0000,0.0000
FLOOR,560.00,-20.00,800.00,300.0,1.0,200.0,0.0,0.0,0.0,-0.0000,0.0000,0.0000
FLOOR,-640.00,-20.00,800.00,300.0,1.0,200.0,0.0,0.0,0.0,-0.0000,0.0000,0.0000
FLOOR,640.00,-20.00,800.00,300.0,1.0,200.0,0.0,0.0,0.0,-0.0000,0.0000,0.0000
FLOOR,-720.00,-20.00,800.00,300.0,1.0,200.0,0.0,0.0,0.0,-0.0000,0.0000,0.0000
FLOOR,720.00,-20.00,800.00,300.0,1.0,200.0,0.0,0.0,0.0,-0.0000,0.0000,0.0000
FLOOR,-800.00,-20.00,800.00,300.0,1.0,200.0,0.0,0.0,0.0,-0.0000,0.0000,0.0000
FLOOR,800.00,-20.00,800.00,300.0,1.0,200.0,0.0,0.0,0.0,-0.0000,0.0000,0.0000
FLOOR,0.00,-20.00,900.00,300.0,1.0,200.0,0.0,0.0,0.0,-0.0000,0.0000,0.0000
FLOOR,-80.00,-20.00,900.00,300.0,1.0,200.0,0.0,0.0,0.0,-0.0000,0.0000,0.0000
FLOOR,80.00,-20.00,900.00,300.0,1.0,200.0,0.0,0.0,0.0,-0.0000,0.0000,0.0000
FLOOR,-160.00,-20.00,900.00,300.0,1.0,200.0,0.0,0.0,0.0,-0.0000,0.0000,0.0000
FLOOR,160.00,-20.00,900.00,300.0,1.0,200.0,0.0,0.0,0.0,-0.0000,0.0000,0.0000
FLOOR,-240.00,-20.00,900.00,300.0,1.0,200.0,0.0,0.0,0.0,-0.0000,0.0000,0.0000
FLOOR,240.00,-20.00,900.00,300.0,1.0,200.0,0.0,0.0,0.0,-0.0000,0.0000,0.0000
FLOOR,-320.00,-20.00,900.00,300.0,1.0,200.0,0.0,0.0,0.0,-0.0000,0.0000,0.0000
FLOOR,320.00,-20.00,900.00,300.0,1.0,200.0,0.0,0.0,0.0,-0.0000,0.0000,0.0000
FLOOR,-400.00,-20.00,900.00,300.0,1.0,200.0,0.0,0.0,0.0,-0.0000,0.0000,0.0000
FLOOR,400.00,-20.00,900.00,300.0,1.0,200.0,0.0,0.0,0.0,-0.0000,0.0000,0.0000
FLOOR,-480.00,-20.00,900.00,300.0,1.0,200.0,0.0,0.0,0.0,-0.0000,0.0000,0.0000
FLOOR,480.00,-20.00,900.00,300.0,1.0,200.0,0.0,0.0,0.0,-0.0000,0.0000,0.0000
FLOOR,-560.00,-20.00,900.00,300.0,1.0,200.0,0.0,0.0,0.0,-0.0000,0.0000,0.0000
FLOOR,560.00,-20.00,900.00,300.0,1.0,200.0,0.0,0.0,0.0,-0.0000,0.0000,0.0000
FLOOR,-640.00,-20.00,900.00,300.0,1.0,200.0,0.0,0.0,0.0,-0.0000,0.0000,0.0000
FLOOR,640.00,-20.00,900.00,300.0,1.0,200.0,0.0,0.0,0.0,-0.0000,0.0000,0.0000
FLOOR,-720.00,-20.00,900.00,300.0,1.0,200.0,0.0,0.0,0.0,-0.0000,0.0000,0.0000
FLOOR,720.00,-20.00,900.00,300.0,1.0,200.0,0.0,0.0,0.0,-0.0000,0.0000,0.0000
FLOOR,-800.00,-20.00,900.00,300.0,1.0,200.0,0.0,0.0,0.0,-0.0000,0.0000,0.0000
FLOOR,800.00,-20.00,900.00,300.0,1.0,200.0,0.0,0.0,0.0,-0.0000,0.0000,0.0000
FLOOR,0.00,-20.00,1000.00,300.0,1.0,200.0,0.0,0.0,0.0,-0.0000,0.0000,0.0000
FLOOR,-80.00,-20.00,1000.00,300.0,1.0,200.0,0.0,0.0,0.0,-0.0000,0.0000,0.0000
FLOOR,80.00,-20.00,1000.00,300.0,1.0,200.0,0.0,0.0,0.0,-0.0000,0.0000,0.0000
FLOOR,-160.00,-20.00,1000.00,300.0,1.0,200.0,0.0,0.0,0.0,-0.0000,0.0000,0.0000
FLOOR,160.00,-20.00,1000.00,300.0,1.0,200.0,0.0,0.0,0.0,-0.0000,0.0000,0.0000
FLOOR,-240.00,-20.00,1000.00,300.0,1.0,200.0,0.0,0.0,0.0,-0.0000,0.0000,0.0000
FLOOR,240.00,-20.00,1000.00,300.0,1.0,200.0,0.0,0.0,0.0,-0.0000,0.0000,0.0000
FLOOR,-320.00,-20.00,1000.00,300.0,1.0,200.0,0.0,0.0,0.0,-0.0000,0.0000,0.0000
FLOOR,320.00,-20.00,1000.00,300.0,1.0,200.0,0.0,0.0,0.0,-0.0000,0.0000,0.0000
FLOOR,-400.00,-20.00,1000.00,300.0,1.0,200.0,0.0,0.0,0.0,-0.0000,0.0000,0.0000
FLOOR,400.00,-20.00,1000.00,300.0,1.0,200.0,0.0,0.0,0.0,-0.0000,0.0000,0.0000
FLOOR,-480.00,-20.00,1000.00,300.0,1.0,200.0,0.0,0.0,0.0,-0.0000,0.0000,0.0000
FLOOR,480.00,-20.00,1000.00,300.0,1.0,200.0,0.0,0.0,0.0,-0.0000,0.0000,0.0000
FLOOR,-560.00,-20.00,1000.00,300.0,1.0,200.0,0.0,0.0,0.0,-0.0000,0.0000,0.0000
FLOOR,560.00,-20.00,1000.00,300.0,1.0,200.0,0.0,0.0,0.0,-0.0000,0.0000,0.0000
FLOOR,-640.00,-20.00,1000.00,300.0,1.0,200.0,0.0,0.0,0.0,-0.0000,0.0000,0.0000
FLOOR,640.00,-20.00,1000.00,300.0,1.0,200.0,0.0,0.0,0.0,-0.0000,0.0000,0.0000
FLOOR,-720.00,-20.00,1000.00,300.0,1.0,200.0,0.0,0.0,0.0,-0.0000,0.0000,0.0000
FLOOR,720.00,-20.00,1000.00,300.0,1.0,200.0,0.0,0.0,0.0,-0.0000,0.0000,0.0000
FLOOR,-800.00,-20.00,1000.00,300.0,1.0,200.0,0.0,0.0,0.0,-0.0000,0.0000,0.0000
FLOOR,800.00,-20.00,1000.00,300.0,1.0,200.0,0.0,0.0,0.0,-0.0000,0.0000,0.0000
FLOOR,0.00,-20.00,1100.00,300.0,1.0,200.0,0.0,0.0,0.0,-0.0000,-1.5708,0.0000
FLOOR,-0.00,-20.00,1180.00,300.0,1.0,200.0,0.0,0.0,0.0,-0.0000,-1.5708,0.0000
FLOOR,0.00,-20.00,1020.00,300.0,1.0,200.0,0.0,0.0,0.0,-0.0000,-1.5708,0.0000
FLOOR,-0.00,-20.00,1260.00,300.0,1.0,200.0,0.0,0.0,0.0,-0.0000,-1.5708,0.0000
FLOOR,0.00,-20.00,940.00,300.0,1.0,200.0,0.0,0.0,0.0,-0.0000,-1.5708,0.0000
FLOOR,-0.00,-20.00,1340.00,300.0,1.0,200.0,0.0,0.0,0.0,-0.0000,-1.5708,0.0000
FLOOR,0.00,-20.00,860.00,300.0,1.0,200.0,0.0,0.0,0.0,-0.0000,-1.5708,0.0000
FLOOR,-0.00,-20.00,1420.00,300.0,1.0,200.0,0.0,0.0,0.0,-0.0000,-1.5708,0.0000
FLOOR,0.00,-20.00,780.00,300.0,1.0,200.0,0.0,0.0,0.0,-0.0000,-1.5708,0.0000
FLOOR,-0.00,-20.00,1500.00,300.0,1.0,200.0,0.0,0.0,0.0,-0.0000,-1.5708,0.0000
FLOOR,0.00,-20.00,700.00,300.0,1.0,200.0,0.0,0.0,0.0,-0.0000,-1.5708,0.0000
FLOOR,-0.00,-20.00,1580.00,300.0,1.0,200.0,0.0,0.0,0.0,-0.0000,-1.5708,0.0000
FLOOR,0.00,-20.00,620.00,300.0,1.0,200.0,0.0,0.0,0.0,-0.0000,-1.5708,0.0000
FLOOR,-0.00,-20.00,1660.00,300.0,1.0,200.0,0.0,0.0,0.0,-0.0000,-1.5708,0.0000
FLOOR,0.00,-20.00,540.00,300.0,1.0,200.0,0.0,0.0,0.0,-0.0000,-1.5708,0.0000
FLOOR,-0.00,-20.00,1740.00,300.0,1.0,200.0,0.0,0.0,0.0,-0.0000,-1.5708,0.0000
FLOOR,0.00,-20.00,460.00,300.0,1.0,200.0,0.0,0.0,0.0,-0.0000,-1.5708,0.0000
FLOOR,-0.00,-20.00,1820.00,300.0,1.0,200.0,0.0,0.0,0.0,-0.0000,-1.5708,0.0000
FLOOR,0.00,-20.00,380.00,300.0,1.0,200.0,0.0,0.0,0.0,-0.0000,-1.5708,0.0000
FLOOR,-0.00,-20.00,1900.00,300.0,1.0,200.0,0.0,0.0,0.0,-0.0000,-1.5708,0.0000
FLOOR,0.00,-20.00,300.00,300.0,1.0,200.0,0.0,0.0,0.0,-0.0000,-1.5708,0.0000
FLOOR,100.00,-20.00,1100.00,300.0,1.0,200.0,0.0,0.0,0.0,-0.0000,-1.5708,0.0000
FLOOR,100.00,-20.00,1180.00,300.0,1.0,200.0,0.0,0.0,0.0,-0.0000,-1.5708,0.0000
FLOOR,100.00,-20.00,1020.00,300.0,1.0,200.0,0.0,0.0,0.0,-0.0000,-1.5708,0.0000
FLOOR,100.00,-20.00,1260.00,300.0,1.0,200.0,0.0,0.0,0.0,-0.0000,-1.5708,0.0000
FLOOR,100.00,-20.00,940.00,300.0,1.0,200.0,0.0,0.0,0.0,-0.0000,-1.5708,0.0000
FLOOR,100.00,-20.00,1340.00,300.0,1.0,200.0,0.0,0.0,0.0,-0.0000,-1.5708,0.0000
FLOOR,100.00,-20.00,860.00,300.0,1.0,200.0,0.0,0.0,0.0,-0.0000,-1.5708,0.0000
FLOOR,100.00,-20.00,1420.00,300.0,1.0,200.0,0.0,0.0,0.0,-0.0000,-1.5708,0.0000
FLOOR,100.00,-20.00,780.00,300.0,1.0,200.0,0.0,0.0,0.0,-0.0000,-1.5708,0.0000
FLOOR,100.00,-20.00,1500.00,300.0,1.0,200.0,0.0,0.0,0.0,-0.0000,-1.5708,0.0000
FLOOR,100.00,-20.00,700.00,300.0,1.0,200.0,0.0,0.0,0.0,-0.0000,-1.5708,0.0000
FLOOR,100.00,-20.00,1580.00,300.0,1.0,200.0,0.0,0.0,0.0,-0.0000,-1.5708,0.0000
FLOOR,100.00,-20.00,620.00,300.0,1.0,200.0,0.0,0.0,0.0,-0.0000,-1.5708,0.0000
FLOOR,100.00,-20.00,1660.00,300.0,1.0,200.0,0.0,0.0,0.0,-0.0000,-1.5708,0.0000
FLOOR,100.00,-20.00,540.00,300.0,1.0,200.0,0.0,0.0,0.0,-0.0000,-1.5708,0.0000
FLOOR,100.00,-20.00,1740.00,300.0,1.0,200.0,0.0,0.0,0.0,-0.0000,-1.5708,0.0000
FLOOR,100.00,-20.00,460.00,300.0,1.0,200.0,0.0,0.0,0.0,-0.0000,-1.5708,0.0000
FLOOR,100.00,-20.00,1820.00,300.0,1.0,200.0,0.0,0.0,0.0,-0.0000,-1.5708,0.0000
FLOOR,100.00,-20.00,380.00,300.0,1.0,200.0,0.0,0.0,0.0,-0.0000,-1.5708,0.0000
FLOOR,100.00,-20.00,1900.00,300.0,1.0,200.0,0.0,0.0,0.0,-0.0000,-1.5708,0.0000
FLOOR,100.00,-20.00,300.00,300.0,1.0,200.0,0.0,0.0,0.0,-0.0000,-1.5708,0.0000
FLOOR,200.00,-20.00,1100.00,300.0,1.0,200.0,0.0,0.0,0.0,-0.0000,-1.5708,0.0000
FLOOR,200.00,-20.00,1180.00,300.0,1.0,200.0,0.0,0.0,0.0,-0.0000,-1.5708,0.0000
FLOOR,200.00,-20.00,1020.00,300.0,1.0,200.0,0.0,0.0,0.0,-0.0000,-1.5708,0.0000
FLOOR,200.00,-20.00,1260.00,300.0,1.0,200.0,0.0,0.0,0.0,-0.0000,-1.5708,0.0000
FLOOR,200.00,-20.00,940.00,300.0,1.0,200.0,0.0,0.0,0.0,-0.0000,-1.5708,0.0000
FLOOR,200.00,-20.00,1340.00,300.0,1.0,200.0,0.0,0.0,0.0,-0.0000,-1.5708,0.0000
FLOOR,200.00,-20.00,860.00,300.0,1.0,200.0,0.0,0.0,0.0,-0.0000,-1.5708,0.0000
FLOOR,200.00,-20.00,1420.00,300.0,1.0,200.0,0.0,0.0,0.0,-0.0000,-1.5708,0.0000
FLOOR,200.00,-20.00,780.00,300.0,1.0,200.0,0.0,0.0,0.0,-0.0000,-1.5708,0.0000
FLOOR,200.00,-20.00,1500.00,300.0,1.0,200.0,0.0,0.0,0.0,-0.0000,-1.5708,0.0000
FLOOR,200.00,-20.00,700.00,300.0,1.0,200.0,0.0,0.0,0.0,-0.0000,-1.5708,0.0000
FLOOR,200.00,-20.00,1580.00,300.0,1.0,200.0,0.0,0.0,0.0,-0.0000,-1.5708,0.0000
FLOOR,200.00,-20.00,620.00,300.0,1.0,200.0,0.0,0.0,0.0,-0.0000,-1.5708,0.0000
FLOOR,200.00,-20.00,1660.00,300.0,1.0,200.0,0.0,0.0,0.0,-0.0000,-1.5708,0.0000
FLOOR,200.00,-20.00,540.00,300.0,1.0,200.0,0.0,0.0,0.0,-0.0000,-1.5708,0.0000
FLOOR,200.00,-20.00,1740.00,300.0,1.0,200.0,0.0,0.0,0.0,-0.0000,-1.5708,0.0000
FLOOR,200.00,-20.00,460.00,300.0,1.0,200.0,0.0,0.0,0.0,-0.0000,-1.5708,0.0000
FLOOR,200.00,-20.00,1820.00,300.0,1.0,200.0,0.0,0.0,0.0,-0.0000,-1.5708,0.0000
FLOOR,200.00,-20.00,380.00,300.0,1.0,200.0,0.0,0.0,0.0,-0.0000,-1.5708,0.0000
FLOOR,200.00,-20.00,1900.00,300.0,1.0,200.0,0.0,0.0,0.0,-0.0000,-1.5708,0.0000
FLOOR,200.00,-20.00,300.00,300.0,1.0,200.0,0.0,0.0,0.0,-0.0000,-1.5708,0.0000
FLOOR,300.00,-20.00,1100.00,300.0,1.0,200.0,0.0,0.0,0.0,-0.0000,-1.5708,0.0000
FLOOR,300.00,-20.00,1180.00,300.0,1.0,200.0,0.0,0.0,0.0,-0.0000,-1.5708,0.0000
FLOOR,300.00,-20.00,1020.00,300.0,1.0,200.0,0.0,0.0,0.0,-0.0000,-1.5708,0.0000
FLOOR,300.00,-20.00,1260.00,300.0,1.0,200.0,0.0,0.0,0.0,-0.0000,-1.5708,0.0000
FLOOR,300.00,-20.00,940.00,300.0,1.0,200.0,0.0,0.0,0.0,-0.0000,-1.5708,0.0000
FLOOR,300.00,-20.00,1340.00,300.0,1.0,200.0,0.0,0.0,0.0,-0.0000,-1.5708,0.0000
FLOOR,300.00,-20.00,860.00,300.0,1.0,200.0,0.0,0.0,0.0,-0.0000,-1.5708,0.0000
FLOOR,300.00,-20.00,1420.00,300.0,1.0,200.0,0.0,0.0,0.0,-0.0000,-1.5708,0.0000
FLOOR,300.00,-20.00,780.00,300.0,1.0,200.0,0.0,0.0,0.0,-0.0000,-1.5708,0.0000
FLOOR,300.00,-20.00,1500.00,300.0,1.0,200.0,0.0,0.0,0.0,-0.0000,-1.5708,0.0000
FLOOR,300.00,-20.00,700.00,300.0,1.0,200.0,0.0,0.0,0.0,-0.0000,-1.5708,0.0000
FLOOR,300.00,-20.00,1580.00,300.0,1.0,200.0,0.0,0.0,0.0,-0.0000,-1.5708,0.0000
FLOOR,300.00,-20.00,620.00,300.0,1.0,200.0,0.0,0.0,0.0,-0.0000,-1.5708,0.0000
FLOOR,300.00,-20.00,1660.00,300.0,1.0,200.0,0.0,0.0,0.0,-0.0000,-1.5708,0.0000
FLOOR,300.00,-20.00,540.00,300.0,1.0,200.0,0.0,0.0,0.0,-0.0000,-1.5708,0.0000
FLOOR,300.00,-20.00,1740.00,300.0,1.0,200.0,0.0,0.0,0.0,-0.0000,-1.5708,0.0000
FLOOR,300.00,-20.00,460.00,300.0,1.0,200.0,0.0,0.0,0.0,-0.0000,-1.5708,0.0000
FLOOR,300.00,-20.00,1820.00,300.0,1.0,200.0,0.0,0.0,0.0,-0.0000,-1.5708,0.0000
FLOOR,300.00,-20.00,380.00,300.0,1.0,200.0,0.0,0.0,0.0,-0.0000,-1.5708,0.0000
FLOOR,300.00,-20.00,1900.00,300.0,1.0,200.0,0.0,0.0,0.0,-0.0000,-1.5708,0.0000
FLOOR,300.00,-20.00,300.00,300.0,1.0,200.0,0.0,0.0,0.0,-0.0000,-1.5708,0.0000
FLOOR,400.00,-20.00,1100.00,300.0,1.0,200.0,0.0,0.0,0.0,-0.0000,-1.5708,0.0000
FLOOR,400.00,-20.00,1180.00,300.0,1.0,200.0,0.0,0.0,0.0,-0.0000,-1.5708,0.0000
FLOOR,400.00,-20.00,1020.00,300.0,1.0,200.0,0.0,0.0,0.0,-0.0000,-1.5708,0.0000
FLOOR,400.00,-20.00,1260.00,300.0,1.0,200.0,0.0,0.0,0.0,-0.0000,-1.5708,0.0000
FLOOR,400.00,-20.00,940.00,300.0,1.0,200.0,0.0,0.0,0.0,-0.0000,-1.5708,0.0000
FLOOR,400.00,-20.00,1340.00,300.0,1.0,200.0,0.0,0.0,0.0,-0.0000,-1.5708,0.0000
FLOOR,400.00,-20.00,860.00,300.0,1.0,200.0,0.0,0.0,0.0,-0.0000,-1.5708,0.0000
FLOOR,400.00,-20.00,1420.00,300.0,1.0,200.0,0.0,0.0,0.0,-0.0000,-1.5708,0.0000
FLOOR,400.00,-20.00,780.00,300.0,1.0,200.0,0.0,0.0,0.0,-0.0000,-1.5708,0.0000
FLOOR,400.00,-20.00,1500.00,300.0,1.0,200.0,0.0,0.0,0.0,-0.0000,-1.5708,0.0000
FLOOR,400.00,-20.00,700.00,300.0,1.0,200.0,0.0,0.0,0.0,-0.0000,-1.5708,0.0000
FLOOR,400.00,-20.00,1580.00,300.0,1.0,200.0,0.0,0.0,0.0,-0.0000,-1.5708,0.0000
FLOOR,400.00,-20.00,620.00,300.0,1.0,200.0,0.0,0.0,0.0,-0.0000,-1.5708,0.0000
FLOOR,400.00,-20.00,1660.00,300.0,1.0,200.0,0.0,0.0,0.0,-0.0000,-1.5708,0.0000
FLOOR,400.00,-20.00,540.00,300.0,1.0,200.0,0.0,0.0,0.0,-0.0000,-1.5708,0.0000
FLOOR,400.00,-20.00,1740.00,300.0,1.0,200.0,0.0,0.0,0.0,-0.0000,-1.5708,0.0000
FLOOR,400.00,-20.00,460.00,300.0,1.0,200.0,0.0,0.0,0.0,-0.0000,-1.5708,0.0000
FLOOR,400.00,-20.00,1820.00,300.0,1.0,200.0,0.0,0.0,0.0,-0.0000,-1.5708,0.0000
FLOOR,400.00,-20.00,380.00,300.0,1.0,200.0,0.0,0.0,0.0,-0.0000,-1.5708,0.0000
FLOOR,400.00,-20.00,1900.00,300.0,1.0,200.0,0.0,0.0,0.0,-0.0000,-1.5708,0.0000
FLOOR,400.00,-20.00,300.00,300.0,1.0,200.0,0.0,0.0,0.0,-0.0000,-1.5708,0.0000
FLOOR,500.00,-20.00,1100.00,300.0,1.0,200.0,0.0,0.0,0.0,-0.0000,-1.5708,0.0000
FLOOR,500.00,-20.00,1180.00,300.0,1.0,200.0,0.0,0.0,0.0,-0.0000,-1.5708,0.0000
FLOOR,500.00,-20.00,1020.00,300.0,1.0,200.0,0.0,0.0,0.0,-0.0000,-1.5708,0.0000
FLOOR,500.00,-20.00,1260.00,300.0,1.0,200.0,0.0,0.0,0.0,-0.0000,-1.5708,0.0000
FLOOR,500.00,-20.00,940.00,300.0,1.0,200.0,0.0,0.0,0.0,-0.0000,-1.5708,0.0000
FLOOR,500.00,-20.00,1340.00,300.0,1.0,200.0,0.0,0.0,0.0,-0.0000,-1.5708,0.0000
FLOOR,500.00,-20.00,860.00,300.0,1.0,200.0,0.0,0.0,0.0,-0.0000,-1.5708,0.0000
FLOOR,500.00,-20.00,1420.00,300.0,1.0,200.0,0.0,0.0,0.0,-0.0000,-1.5708,0.0000
FLOOR,500.00,-20.00,780.00,300.0,1.0,200.0,0.0,0.0,0.0,-0.0000,-1.5708,0.0000
FLOOR,500.00,-20.00,1500.00,300.0,1.0,200.0,0.0,0.0,0.0,-0.0000,-1.5708,0.0000
FLOOR,500.00,-20.00,700.00,300.0,1.0,200.0,0.0,0.0,0.0,-0.0000,-1.5708,0.0000
FLOOR,500.00,-20.00,1580.00,300.0,1.0,200.0,0.0,0.0,0.0,-0.0000,-1.5708,0.0000
FLOOR,500.00,-20.00,620.00,300.0,1.0,200.0,0.0,0.0,0.0,-0.0000,-1.5708,0.0000
FLOOR,500.00,-20.00,1660.00,300.0,1.0,200.0,0.0,0.0,0.0,-0.0000,-1.5708,0.0000
FLOOR,500.00,-20.00,540.00,300.0,1.0,200.0,0.0,0.0,0.0,-0.0000,-1.5708,0.0000
FLOOR,500.00,-20.00,1740.00,300.0,1.0,200.0,0.0,0.0,0.0,-0.0000,-1.5708,0.0000
FLOOR,500.00,-20.00,460.00,300.0,1.0,200.0,0.0,0.0,0.0,-0.0000,-1.5708,0.0000
FLOOR,500.00,-20.00,1820.00,300.0,1.0,200.0,0.0,0.0,0.0,-0.0000,-1.5708,0.0000
FLOOR,500.00,-20.00,380.00,300.0,1.0,200.0,0.0,0.0,0.0,-0.0000,-1.5708,0.0000
FLOOR,500.00,-20.00,1900.00,300.0,1.0,200.0,0.0,0.0,0.0,-0.0000,-1.5708,0.0000
FLOOR,500.00,-20.00,300.00,300.0,1.0,200.0,0.0,0.0,0.0,-0.0000,-1.5708,0.0000
FLOOR,600.00,-20.00,1100.00,300.0,1.0,200.0,0.0,0.0,0.0,-0.0000,-1.5708,0.0000
FLOOR,600.00,-20.00,1180.00,300.0,1.0,200.0,0.0,0.0,0.0,-0.0000,-1.5708,0.0000
FLOOR,600.00,-20.00,1020.00,300.0,1.0,200.0,0.0,0.0,0.0,-0.0000,-1.5708,0.0000
FLOOR,600.00,-20.00,1260.00,300.0,1.0,200.0,0.0,0.0,0.0,-0.0000,-1.5708,0.0000
FLOOR,600.00,-20.00,940.00,300.0,1.0,200.0,0.0,0.0,0.0,-0.0000,-1.5708,0.0000
FLOOR,600.00,-20.00,1340.00,300.0,1.0,200.0,0.0,0.0,0.0,-0.0000,-1.5708,0.0000
FLOOR,600.00,-20.00,860.00,300.0,1.0,200.0,0.0,0.0,0.0,-0.0000,-1.5708,0.0000
FLOOR,600.00,-20.00,1420.00,300.0,1.0,200.0,0.0,0.0,0.0,-0.0000,-1.5708,0.0000
FLOOR,600.00,-20.00,780.00,300.0,1.0,200.0,0.0,0.0,0.0,-0.0000,-1.5708,0.0000
FLOOR,600.00,-20.00,1500.00,300.0,1.0,200.0,0.0,0.0,0.0,-0.0000,-1.5708,0.0000
FLOOR,600.00,-20.00,700.00,300.0,1.0,200.0,0.0,0.0,0.0,-0.0000,-1.5708,0.0000
FLOOR,600.00,-20.00,1580.00,300.0,1.0,200.0,0.0,0.0,0.0,-0.0000,-1.5708,0.0000
FLOOR,600.00,-20.00,620.00,300.0,1.0,200.0,0.0,0.0,0.0,-0.0000,-1.5708,0.0000
FLOOR,600.00,-20.00,1660.00,300.0,1.0,200.0,0.0,0.0,0.0,-0.0000,-1.5708,0.0000
FLOOR,600.00,-20.00,540.00,300.0,1.0,200.0,0.0,0.0,0.0,-0.0000,-1.5708,0.0000
FLOOR,600.00,-20.00,1740.00,300.0,1.0,200.0,0.0,0.0,0.0,-0.0000,-1.5708,0.0000
FLOOR,600.00,-20.00,460.00,300.0,1.0,200.0,0.0,0.0,0.0,-0.0000,-1.5708,0.0000
FLOOR,600.00,-20.00,1820.00,300.0,1.0,200.0,0.0,0.0,0.0,-0.0000,-1.5708,0.0000
FLOOR,600.00,-20.00,380.00,300.0,1.0,200.0,0.0,0.0,0.0,-0.0000,-1.5708,0.0000
FLOOR,600.00,-20.00,1900.00,300.0,1.0,200.0,0.0,0.0,0.0,-0.0000,-1.5708,0.0000
FLOOR,600.00,-20.00,300.00,300.0,1.0,200.0,0.0,0.0,0.0,-0.0000,-1.5708,0.0000
FLOOR,700.00,-20.00,1100.00,300.0,1.0,200.0,0.0,0.0,0.0,-0.0000,-1.5708,0.0000
FLOOR,700.00,-20.00,1180.00,300.0,1.0,200.0,0.0,0.0,0.0,-0.0000,-1.5708,0.0000
FLOOR,700.00,-20.00,1020.00,300.0,1.0,200.0,0.0,0.0,0.0,-0.0000,-1.5708,0.0000
FLOOR,700.00,-20.00,1260.00,300.0,1.0,200.0,0.0,0.0,0.0,-0.0000,-1.5708,0.0000
FLOOR,700.00,-20.00,940.00,300.0,1.0,200.0,0.0,0.0,0.0,-0.0000,-1.5708,0.0000
FLOOR,700.00,-20.00,1340.00,300.0,1.0,200.0,0.0,0.0,0.0,-0.0000,-1.5708,0.0000
FLOOR,700.00,-20.00,860.00,300.0,1.0,200.0,0.0,0.0,0.0,-0.0000,-1.5708,0.0000
FLOOR,700.00,-20.00,1420.00,300.0,1.0,200.0,0.0,0.0,0.0,-0.0000,-1.5708,0.0000
FLOOR,700.00,-20.00,780.00,300.0,1.0,200.0,0.0,0.0,0.0,-0.0000,-1.5708,0.0000
FLOOR,700.00,-20.00,1500.00,300.0,1.0,200.0,0.0,0.0,0.0,-0.0000,-1.5708,0.0000
FLOOR,700.00,-20.00,700.00,300.0,1.0,200.0,0.0,0.0,0.0,-0.0000,-1.5708,0.0000
FLOOR,700.00,-20.00,1580.00,300.0,1.0,200.0,0.0,0.0,0.0,-0.0000,-1.5708,0.0000
FLOOR,700.00,-20.00,620.00,300.0,1.0,200.0,0.0,0.0,0.0,-0.0000,-1.5708,0.0000
FLOOR,700.00,-20.00,1660.00,300.0,1.0,200.0,0.0,0.0,0.0,-0.0000,-1.5708,0.0000
FLOOR,700.00,-20.00,540.00,300.0,1.0,200.0,0.0,0.0,0.0,-0.0000,-1.5708,0.0000
FLOOR,700.00,-20.00,1740.00,300.0,1.0,200.0,0.0,0.0,0.0,-0.0000,-1.5708,0.0000
FLOOR,700.00,-20.00,460.00,300.0,1.0,200.0,0.0,0.0,0.0,-0.0000,-1.5708,0.0000
FLOOR,700.00,-20.00,1820.00,300.0,1.0,200.0,0.0,0.0,0.0,-0.0000,-1.5708,0.0000
FLOOR,700.00,-20.00,380.00,300.0,1.0,200.0,0.0,0.0,0.0,-0.0000,-1.5708,0.0000
FLOOR,700.00,-20.00,1900.00,300.0,1.0,200.0,0.0,0.0,0.0,-0.0000,-1.5708,0.0000
FLOOR,700.00,-20.00,300.00,300.0,1.0,200.0,0.0,0.0,0.0,-0.0000,-1.5708,0.0000
FLOOR,800.00,-20.00,1100.00,300.0,1.0,200.0,0.0,0.0,0.0,-0.0000,-1.5708,0.0000
FLOOR,800.00,-20.00,1180.00,300.0,1.0,200.0,0.0,0.0,0.0,-0.0000,-1.5708,0.0000
FLOOR,800.00,-20.00,1020.00,300.0,1.0,200.0,0.0,0.0,0.0,-0.0000,-1.5708,0.0000
FLOOR,800.00,-20.00,1260.00,300.0,1.0,200.0,0.0,0.0,0.0,-0.0000,-1.5708,0.0000
FLOOR,800.00,-20.00,940.00,300.0,1.0,200.0,0.0,0.0,0.0,-0.0000,-1.5708,0.0000
FLOOR,800.00,-20.00,1340.00,300.0,1.0,200.0,0.0,0.0,0.0,-0.0000,-1.5708,0.0000
FLOOR,800.00,-20.00,860.00,300.0,1.0,200.0,0.0,0.0,0.0,-0.0000,-1.5708,0.0000
FLOOR,800.00,-20.00,1420.00,300.0,1.0,200.0,0.0,0.0,0.0,-0.0000,-1.5708,0.0000
FLOOR,800.00,-20.00,780.00,300.0,1.0,200.0,0.0,0.0,0.0,-0.0000,-1.5708,0.0000
FLOOR,800.00,-20.00,1500.00,300.0,1.0,200.0,0.0,0.0,0.0,-0.0000,-1.5708,0.0000
FLOOR,800.00,-20.00,700.00,300.0,1.0,200.0,0.0,0.0,0.0,-0.0000,-1.5708,0.0000
FLOOR,800.00,-20.00,1580.00,300.0,1.0,200.0,0.0,0.0,0.0,-0.0000,-1.5708,0.0000
FLOOR,800.00,-20.00,620.00,300.0,1.0,200.0,0.0,0.0,0.0,-0.0000,-1.5708,0.0000
FLOOR,800.00,-20.00,1660.00,300.0,1.0,200.0,0.0,0.0,0.0,-0.0000,-1.5708,0.0000
FLOOR,800.00,-20.00,540.00,300.0,1.0,200.0,0.0,0.0,0.0,-0.0000,-1.5708,0.0000
FLOOR,800.00,-20.00,1740.00,300.0,1.0,200.0,0.0,0.0,0.0,-0.0000,-1.5708,0.0000
FLOOR,800.00,-20.00,460.00,300.0,1.0,200.0,0.0,0.0,0.0,-0.0000,-1.5708,0.0000
FLOOR,800.00,-20.00,1820.00,300.0,1.0,200.0,0.0,0.0,0.0,-0.0000,-1.5708,0.0000
FLOOR,800.00,-20.00,380.00,300.0,1.0,200.0,0.0,0.0,0.0,-0.0000,-1.5708,0.0000
FLOOR,800.00,-20.00,1900.00,300.0,1.0,200.0,0.0,0.0,0.0,-0.0000,-1.5708,0.0000
FLOOR,800.00,-20.00,300.00,300.0,1.0,200.0,0.0,0.0,0.0,-0.0000,-1.5708,0.0000
FLOOR,900.00,-20.00,1100.00,300.0,1.0,200.0,0.0,0.0,0.0,-0.0000,-1.5708,0.0000
FLOOR,900.00,-20.00,1180.00,300.0,1.0,200.0,0.0,0.0,0.0,-0.0000,-1.5708,0.0000
FLOOR,900.00,-20.00,1020.00,300.0,1.0,200.0,0.0,0.0,0.0,-0.0000,-1.5708,0.0000
FLOOR,900.00,-20.00,1260.00,300.0,1.0,200.0,0.0,0.0,0.0,-0.0000,-1.5708,0.0000
FLOOR,900.00,-20.00,940.00,300.0,1.0,200.0,0.0,0.0,0.0,-0.0000,-1.5708,0.0000
FLOOR,900.00,-20.00,1340.00,300.0,1.0,200.0,0.0,0.0,0.0,-0.0000,-1.5708,0.0000
FLOOR,900.00,-20.00,860.00,300.0,1.0,200.0,0.0,0.0,0.0,-0.0000,-1.5708,0.0000
FLOOR,900.00,-20.00,1420.00,300.0,1.0,200.0,0.0,0.0,0.0,-0.0000,-1.5708,0.0000
FLOOR,900.00,-20.00,780.00,300.0,1.0,200.0,0.0,0.0,0.0,-0.0000,-1.5708,0.0000
FLOOR,900.00,-20.00,1500.00,300.0,1.0,200.0,0.0,0.0,0.0,-0.0000,-1.5708,0.0000
FLOOR,900.00,-20.00,700.00,300.0,1.0,200.0,0.0,0.0,0.0,-0.0000,-1.5708,0.0000
FLOOR,900.00,-20.00,1580.00,300.0,1.0,200.0,0.0,0.0,0.0,-0.0000,-1.5708,0.0000
FLOOR,900.00,-20.00,620.00,300.0,1.0,200.0,0.0,0.0,0.0,-0.0000,-1.5708,0.0000
FLOOR,900.00,-20.00,1660.00,300.0,1.0,200.0,0.0,0.0,0.0,-0.0000,-1.5708,0.0000
FLOOR,900.00,-20.00,540.00,300.0,1.0,200.0,0.0,0.0,0.0,-0.0000,-1.5708,0.0000
FLOOR,900.00,-20.00,1740.00,300.0,1.0,200.0,0.0,0.0,0.0,-0.0000,-1.5708,0.0000
FLOOR,900.00,-20.00,460.00,300.0,1.0,200.0,0.0,0.0,0.0,-0.0000,-1.5708,0.0000
FLOOR,900.00,-20.00,1820.00,300.0,1.0,200.0,0.0,0.0,0.0,-0.0000,-1.5708,0.0000
FLOOR,900.00,-20.00,380.00,300.0,1.0,200.0,0.0,0.0,0.0,-0.0000,-1.5708,0.0000
FLOOR,900.00,-20.00,1900.00,300.0,1.0,200.0,0.0,0.0,0.0,-0.0000,-1.5708,0.0000
FLOOR,900.00,-20.00,300.00,300.0,1.0,200.0,0.0,0.0,0.0,-0.0000,-1.5708,0.0000
FLOOR,1000.00,-20.00,1100.00,300.0,1.0,200.0,0.0,0.0,0.0,-0.0000,-1.5708,0.0000
FLOOR,1000.00,-20.00,1180.00,300.0,1.0,200.0,0.0,0.0,0.0,-0.0000,-1.5708,0.0000
FLOOR,1000.00,-20.00,1020.00,300.0,1.0,200.0,0.0,0.0,0.0,-0.0000,-1.5708,0.0000
FLOOR,1000.00,-20.00,1260.00,300.0,1.0,200.0,0.0,0.0,0.0,-0.0000,-1.5708,0.0000
FLOOR,1000.00,-20.00,940.00,300.0,1.0,200.0,0.0,0.0,0.0,-0.0000,-1.5708,0.0000
FLOOR,1000.00,-20.00,1340.00,300.0,1.0,200.0,0.0,0.0,0.0,-0.0000,-1.5708,0.0000
FLOOR,1000.00,-20.00,860.00,300.0,1.0,200.0,0.0,0.0,0.0,-0.0000,-1.5708,0.0000
FLOOR,1000.00,-20.00,1420.00,300.0,1.0,200.0,0.0,0.0,0.0,-0.0000,-1.5708,0.0000
FLOOR,1000.00,-20.00,780.00,300.0,1.0,200.0,0.0,0.0,0.0,-0.0000,-1.5708,0.0000
FLOOR,1000.00,-20.00,1500.00,300.0,1.0,200.0,0.0,0.0,0.0,-0.0000,-1.5708,0.0000
FLOOR,1000.00,-20.00,700.00,300.0,1.0,200.0,0.0,0.0,0.0,-0.0000,-1.5708,0.0000
FLOOR,1000.00,-20.00,1580.00,300.0,1.0,200.0,0.0,0.0,0.0,-0.0000,-1.5708,0.0000
FLOOR,1000.00,-20.00,620.00,300.0,1.0,200.0,0.0,0.0,0.0,-0.0000,-1.5708,0.0000
FLOOR,1000.00,-20.00,1660.00,300.0,1.0,200.0,0.0,0.0,0.0,-0.0000,-1.5708,0.0000
FLOOR,1000.00,-20.00,540.00,300.0,1.0,200.0,0.0,0.0,0.0,-0.0000,-1.5708,0.0000
FLOOR,1000.00,-20.00,1740.00,300.0,1.0,200.0,0.0,0.0,0.0,-0.0000,-1.5708,0.0000
FLOOR,1000.00,-20.00,460.00,300.0,1.0,200.0,0.0,0.0,0.0,-0.0000,-1.5708,0.0000
FLOOR,1000.00,-20.00,1820.00,300.0,1.0,200.0,0.0,0.0,0.0,-0.0000,-1.5708,0.0000
FLOOR,1000.00,-20.00,380.00,300.0,1.0,200.0,0.0,0.0,0.0,-0.0000,-1.5708,0.0000
FLOOR,1000.00,-20.00,1900.00,300.0,1.0,200.0,0.0,0.0,0.0,-0.0000,-1.5708,0.0000
FLOOR,1000.00,-20.00,300.00,300.0,1.0,200.0,0.0,0.0,0.0,-0.0000,-1.5708,0.0000
FLOOR,1100.00,-20.00,1100.00,300.0,1.0,200.0,0.0,0.0,0.0,-0.0000,-1.5708,0.0000
FLOOR,1100.00,-20.00,1180.00,300.0,1.0,200.0,0.0,0.0,0.0,-0.0000,-1.5708,0.0000
FLOOR,1100.00,-20.00,1020.00,300.0,1.0,200.0,0.0,0.0,0.0,-0.0000,-1.5708,0.0000
FLOOR,1100.00,-20.00,1260.00,300.0,1.0,200.0,0.0,0.0,0.0,-0.0000,-1.5708,0.0000
FLOOR,1100.00,-20.00,940.00,300.0,1.0,200.0,0.0,0.0,0.0,-0.0000,-1.5708,0.0000
FLOOR,1100.00,-20.00,1340.00,300.0,1.0,200.0,0.0,0.0,0.0,-0.0000,-1.5708,0.0000
FLOOR,1100.00,-20.00,860.00,300.0,1.0,200.0,0.0,0.0,0.0,-0.0000,-1.5708,0.0000
FLOOR,1100.00,-20.00,1420.00,300.0,1.0,200.0,0.0,0.0,0.0,-0.0000,-1.5708,0.0000
FLOOR,1100.00,-20.00,780.00,300.0,1.0,200.0,0.0,0.0,0.0,-0.0000,-1.5708,0.0000
FLOOR,1100.00,-20.00,1500.00,300.0,1.0,200.0,0.0,0.0,0.0,-0.0000,-1.5708,0.0000
FLOOR,1100.00,-20.00,700.00,300.0,1.0,200.0,0.0,0.0,0.0,-0.0000,-1.5708,0.0000
FLOOR,1100.00,-20.00,1580.00,300.0,1.0,200.0,0.0,0.0,0.0,-0.0000,-1.5708,0.0000
FLOOR,1100.00,-20.00,620.00,300.0,1.0,200.0,0.0,0.0,0.0,-0.0000,-1.5708,0.0000
FLOOR,1100.00,-20.00,1660.00,300.0,1.0,200.0,0.0,0.0,0.0,-0.0000,-1.5708,0.0000
FLOOR,1100.00,-20.00,540.00,300.0,1.0,200.0,0.0,0.0,0.0,-0.0000,-1.5708,0.0000
FLOOR,1100.00,-20.00,1740.00,300.0,1.0,200.0,0.0,0.0,0.0,-0.0000,-1.5708,0.0000
FLOOR,1100.00,-20.00,460.00,300.0,1.0,200.0,0.0,0.0,0.0,-0.0000,-1.5708,0.0000
FLOOR,1100.00,-20.00,1820.00,300.0,1.0,200.0,0.0,0.0,0.0,-0.0000,-1.5708,0.0000
FLOOR,1100.00,-20.00,380.00,300.0,1.0,200.0,0.0,0.0,0.0,-0.0000,-1.5708,0.0000
FLOOR,1100.00,-20.00,1900.00,300.0,1.0,200.0,0.0,0.0,0.0,-0.0000,-1.5708,0.0000
FLOOR,1100.00,-20.00,300.00,300.0,1.0,200.0,0.0,0.0,0.0,-0.0000,-1.5708,0.0000
FLOOR,1200.00,-20.00,1100.00,300.0,1.0,200.0,0.0,0.0,0.0,-0.0000,-1.5708,0.0000
FLOOR,1200.00,-20.00,1180.00,300.0,1.0,200.0,0.0,0.0,0.0,-0.0000,-1.5708,0.0000
FLOOR,1200.00,-20.00,1020.00,300.0,1.0,200.0,0.0,0.0,0.0,-0.0000,-1.5708,0.0000
FLOOR,1200.00,-20.00,1260.00,300.0,1.0,200.0,0.0,0.0,0.0,-0.0000,-1.5708,0.0000
FLOOR,1200.00,-20.00,940.00,300.0,1.0,200.0,0.0,0.0,0.0,-0.0000,-1.5708,0.0000
FLOOR,1200.00,-20.00,1340.00,300.0,1.0,200.0,0.0,0.0,0.0,-0.0000,-1.5708,0.0000
FLOOR,1200.00,-20.00,860.00,300.0,1.0,200.0,0.0,0.0,0.0,-0.0000,-1.5708,0.0000
FLOOR,1200.00,-20.00,1420.00,300.0,1.0,200.0,0.0,0.0,0.0,-0.0000,-1.5708,0.0000
FLOOR,1200.00,-20.00,780.00,300.0,1.0,200.0,0.0,0.0,0.0,-0.0000,-1.5708,0.0000
FLOOR,1200.00,-20.00,1500.00,300.0,1.0,200.0,0.0,0.0,0.0,-0.0000,-1.5708,0.0000
FLOOR,1200.00,-20.00,700.00,300.0,1.0,200.0,0.0,0.0,0.0,-0.0000,-1.5708,0.0000
FLOOR,1200.00,-20.00,1580.00,300.0,1.0,200.0,0.0,0.0,0.0,-0.0000,-1.5708,0.0000
FLOOR,1200.00,-20.00,620.00,300.0,1.0,200.0,0.0,0.0,0.0,-0.0000,-1.5708,0.0000
FLOOR,1200.00,-20.00,1660.00,300.0,1.0,200.0,0.0,0.0,0.0,-0.0000,-1.5708,0.0000
FLOOR,1200.00,-20.00,540.00,300.0,1.0,200.0,0.0,0.0,0.0,-0.0000,-1.5708,0.0000
FLOOR,1200.00,-20.00,1740.00,300.0,1.0,200.0,0.0,0.0,0.0,-0.0000,-1.5708,0.0000
FLOOR,1200.00,-20.00,460.00,300.0,1.0,200.0,0.0,0.0,0.0,-0.0000,-1.5708,0.0000
FLOOR,1200.00,-20.00,1820.00,300.0,1.0,200.0,0.0,0.0,0.0,-0.0000,-1.5708,0.0000
FLOOR,1200.00,-20.00,380.00,300.0,1.0,200.0,0.0,0.0,0.0,-0.0000,-1.5708,0.0000
FLOOR,1200.00,-20.00,1900.00,300.0,1.0,200.0,0.0,0.0,0.0,-0.0000,-1.5708,0.0000
FLOOR,1200.00,-20.00,300.00,300.0,1.0,200.0,0.0,0.0,0.0,-0.0000,-1.5708,0.0000
FLOOR,1300.00,-20.00,1100.00,300.0,1.0,200.0,0.0,0.0,0.0,-0.0000,-1.5708,0.0000
FLOOR,1300.00,-20.00,1180.00,300.0,1.0,200.0,0.0,0.0,0.0,-0.0000,-1.5708,0.0000
FLOOR,1300.00,-20.00,1020.00,300.0,1.0,200.0,0.0,0.0,0.0,-0.0000,-1.5708,0.0000
FLOOR,1300.00,-20.00,1260.00,300.0,1.0,200.0,0.0,0.0,0.0,-0.0000,-1.5708,0.0000
FLOOR,1300.00,-20.00,940.00,300.0,1.0,200.0,0.0,0.0,0.0,-0.0000,-1.5708,0.0000
FLOOR,1300.00,-20.00,1340.00,300.0,1.0,200.0,0.0,0.0,0.0,-0.0000,-1.5708,0.0000
FLOOR,1300.00,-20.00,860.00,300.0,1.0,200.0,0.0,0.0,0.0,-0.0000,-1.5708,0.0000
FLOOR,1300.00,-20.00,1420.00,300.0,1.0,200.0,0.0,0.0,0.0,-0.0000,-1.5708,0.0000
FLOOR,1300.00,-20.00,780.00,300.0,1.0,200.0,0.0,0.0,0.0,-0.0000,-1.5708,0.0000
FLOOR,1300.00,-20.00,1500.00,300.0,1.0,200.0,0.0,0.0,0.0,-0.0000,-1.5708,0.0000
FLOOR,1300.00,-20.00,700.00,300.0,1.0,200.0,0.0,0.0,0.0,-0.0000,-1.5708,0.0000
FLOOR,1300.00,-20.00,1580.00,300.0,1.0,200.0,0.0,0.0,0.0,-0.0000,-1.5708,0.0000
FLOOR,1300.00,-20.00,620.00,300.0,1.0,200.0,0.0,0.0,0.0,-0.0000,-1.5708,0.0000
FLOOR,1300.00,-20.00,1660.00,300.0,1.0,200.0,0.0,0.0,0.0,-0.0000,-1.5708,0.0000
FLOOR,1300.00,-20.00,540.00,300.0,1.0,200.0,0.0,0.0,0.0,-0.0000,-1.5708,0.0000
FLOOR,1300.00,-20.00,1740.00,300.0,1.0,200.0,0.0,0.0,0.0,-0.0000,-1.5708,0.0000
FLOOR,1300.00,-20.00,460.00,300.0,1.0,200.0,0.0,0.0,0.0,-0.0000,-1.5708,0.0000
FLOOR,1300.00,-20.00,1820.00,300.0,1.0,200.0,0.0,0.0,0.0,-0.0000,-1.5708,0.0000
FLOOR,1300.00,-20.00,380.00,300.0,1.0,200.0,0.0,0.0,0.0,-0.0000,-1.5708,0.0000
FLOOR,1300.00,-20.00,1900.00,300.0,1.0,200.0,0.0,0.0,0.0,-0.0000,-1.5708,0.0000
FLOOR,1300.00,-20.00,300.00,300.0,1.0,200.0,0.0,0.0,0.0,-0.0000,-1.5708,0.0000
FLOOR,1400.00,-20.00,1100.00,300.0,1.0,200.0,0.0,0.0,0.0,-0.0000,-1.5708,0.0000
FLOOR,1400.00,-20.00,1180.00,300.0,1.0,200.0,0.0,0.0,0.0,-0.0000,-1.5708,0.0000
FLOOR,1400.00,-20.00,1020.00,300.0,1.0,200.0,0.0,0.0,0.0,-0.0000,-1.5708,0.0000
FLOOR,1400.00,-20.00,1260.00,300.0,1.0,200.0,0.0,0.0,0.0,-0.0000,-1.5708,0.0000
FLOOR,1400.00,-20.00,940.00,300.0,1.0,200.0,0.0,0.0,0.0,-0.0000,-1.5708,0.0000
FLOOR,1400.00,-20.00,1340.00,300.0,1.0,200.0,0.0,0.0,0.0,-0.0000,-1.5708,0.0000
FLOOR,1400.00,-20.00,860.00,300.0,1.0,200.0,0.0,0.0,0.0,-0.0000,-1.5708,0.0000
FLOOR,1400.00,-20.00,1420.00,300.0,1.0,200.0,0.0,0.0,0.0,-0.0000,-1.5708,0.0000
FLOOR,1400.00,-20.00,780.00,300.0,1.0,200.0,0.0,0.0,0.0,-0.0000,-1.5708,0.0000
FLOOR,1400.00,-20.00,1500.00,300.0,1.0,200.0,0.0,0.0,0.0,-0.0000,-1.5708,0.0000
FLOOR,1400.00,-20.00,700.00,300.0,1.0,200.0,0.0,0.0,0.0,-0.0000,-1.5708,0.0000
FLOOR,1400.00,-20.00,1580.00,300.0,1.0,200.0,0.0,0.0,0.0,-0.0000,-1.5708,0.0000
FLOOR,1400.00,-20.00,620.00,300.0,1.0,200.0,0.0,0.0,0.0,-0.0000,-1.5708,0.0000
FLOOR,1400.00,-20.00,1660.00,300.0,1.0,200.0,0.0,0.0,0.0,-0.0000,-1.5708,0.0000
FLOOR,1400.00,-20.00,540.00,300.0,1.0,200.0,0.0,0.0,0.0,-0.0000,-1.5708,0.0000
FLOOR,1400.00,-20.00,1740.00,300.0,1.0,200.0,0.0,0.0,0.0,-0.0000,-1.5708,0.0000
FLOOR,1400.00,-20.00,460.00,300.0,1.0,200.0,0.0,0.0,0.0,-0.0000,-1.5708,0.0000
FLOOR,1400.00,-20.00,1820.00,300.0,1.0,200.0,0.0,0.0,0.0,-0.0000,-1.5708,0.0000
FLOOR,1400.00,-20.00,380.00,300.0,1.0,200.0,0.0,0.0,0.0,-0.0000,-1.5708,0.0000
FLOOR,1400.00,-20.00,1900.00,300.0,1.0,200.0,0.0,0.0,0.0,-0.0000,-1.5708,0.0000
FLOOR,1400.00,-20.00,300.00,300.0,1.0,200.0,0.0,0.0,0.0,-0.0000,-1.5708,0.0000
FLOOR,1500.00,-20.00,1100.00,300.0,1.0,200.0,0.0,0.0,0.0,-0.0000,-1.5708,0.0000
FLOOR,1500.00,-20.00,1180.00,300.0,1.0,200.0,0.0,0.0,0.0,-0.0000,-1.5708,0.0000
FLOOR,1500.00,-20.00,1020.00,300.0,1.0,200.0,0.0,0.0,0.0,-0.0000,-1.5708,0.0000
FLOOR,1500.00,-20.00,1260.00,300.0,1.0,200.0,0.0,0.0,0.0,-0.0000,-1.5708,0.0000
FLOOR,1500.00,-20.00,940.00,300.0,1.0,200.0,0.0,0.0,0.0,-0.0000,-1.5708,0.0000
FLOOR,1500.00,-20.00,1340.00,300.0,1.0,200.0,0.0,0.0,0.0,-0.0000,-1.5708,0.0000
FLOOR,1500.00,-20.00,860.00,300.0,1.0,200.0,0.0,0.0,0.0,-0.0000,-1.5708,0.0000
FLOOR,1500.00,-20.00,1420.00,300.0,1.0,200.0,0.0,0.0,0.0,-0.0000,-1.5708,0.0000
FLOOR,1500.00,-20.00,780.00,300.0,1.0,200.0,0.0,0.0,0.0,-0.0000,-1.5708,0.0000
FLOOR,1500.00,-20.00,1500.00,300.0,1.0,200.0,0.0,0.0,0.0,-0.0000,-1.5708,0.0000
FLOOR,1500.00,-20.00,700.00,300.0,1.0,200.0,0.0,0.0,0.0,-0.0000,-1.5708,0.0000
FLOOR,1500.00,-20.00,1580.00,300.0,1.0,200.0,0.0,0.0,0.0,-0.0000,-1.5708,0.0000
FLOOR,1500.00,-20.00,620.00,300.0,1.0,200.0,0.0,0.0,0.0,-0.0000,-1.5708,0.0000
FLOOR,1500.00,-20.00,1660.00,300.0,1.0,200.0,0.0,0.0,0.0,-0.0000,-1.5708,0.0000
FLOOR,1500.00,-20.00,540.00,300.0,1.0,200.0,0.0,0.0,0.0,-0.0000,-1.5708,0.0000
FLOOR,1500.00,-20.00,1740.00,300.0,1.0,200.0,0.0,0.0,0.0,-0.0000,-1.5708,0.0000
FLOOR,1500.00,-20.00,460.00,300.0,1.0,200.0,0.0,0.0,0.0,-0.0000,-1.5708,0.0000
FLOOR,1500.00,-20.00,1820.00,300.0,1.0,200.0,0.0,0.0,0.0,-0.0000,-1.5708,0.0000
FLOOR,1500.00,-20.00,380.00,300.0,1.0,200.0,0.0,0.0,0.0,-0.0000,-1.5708,0.0000
FLOOR,1500.00,-20.00,1900.00,300.0,1.0,200.0,0.0,0.0,0.0,-0.0000,-1.5708,0.0000
FLOOR,1500.00,-20.00,300.00,300.0,1.0,200.0,0.0,0.0,0.0,-0.0000,-1.5708,0.0000
FLOOR,1600.00,-20.00,1100.00,300.0,1.0,200.0,0.0,0.0,0.0,-0.0000,-1.5708,0.0000
FLOOR,1600.00,-20.00,1180.00,300.0,1.0,200.0,0.0,0.0,0.0,-0.0000,-1.5708,0.0000
FLOOR,1600.00,-20.00,1020.00,300.0,1.0,200.0,0.0,0.0,0.0,-0.0000,-1.5708,0.0000
FLOOR,1600.00,-20.00,1260.00,300.0,1.0,200.0,0.0,0.0,0.0,-0.0000,-1.5708,0.0000
FLOOR,1600.00,-20.00,940.00,300.0,1.0,200.0,0.0,0.0,0.0,-0.0000,-1.5708,0.0000
FLOOR,1600.00,-20.00,1340.00,300.0,1.0,200.0,0.0,0.0,0.0,-0.0000,-1.5708,0.0000
FLOOR,1600.00,-20.00,860.00,300.0,1.0,200.0,0.0,0.0,0.0,-0.0000,-1.5708,0.0000
FLOOR,1600.00,-20.00,1420.00,300.0,1.0,200.0,0.0,0.0,0.0,-0.0000,-1.5708,0.0000
FLOOR,1600.00,-20.00,780.00,300.0,1.0,200.0,0.0,0.0,0.0,-0.0000,-1.5708,0.0000
FLOOR,1600.00,-20.00,1500.00,300.0,1.0,200.0,0.0,0.0,0.0,-0.0000,-1.5708,0.0000
FLOOR,1600.00,-20.00,700.00,300.0,1.0,200.0,0.0,0.0,0.0,-0.0000,-1.5708,0.0000
FLOOR,1600.00,-20.00,1580.00,300.0,1.0,200.0,0.0,0.0,0.0,-0.0000,-1.5708,0.0000
FLOOR,1600.00,-20.00,620.00,300.0,1.0,200.0,0.0,0.0,0.0,-0.0000,-1.5708,0.0000
FLOOR,1600.00,-20.00,1660.00,300.0,1.0,200.0,0.0,0.0,0.0,-0.0000,-1.5708,0.0000
FLOOR,1600.00,-20.00,540.00,300.0,1.0,200.0,0.0,0.0,0.0,-0.0000,-1.5708,0.0000
FLOOR,1600.00,-20.00,1740.00,300.0,1.0,200.0,0.0,0.0,0.0,-0.0000,-1.5708,0.0000
FLOOR,1600.00,-20.00,460.00,300.0,1.0,200.0,0.0,0.0,0.0,-0.0000,-1.5708,0.0000
FLOOR,1600.00,-20.00,1820.00,300.0,1.0,200.0,0.0,0.0,0.0,-0.0000,-1.5708,0.0000
FLOOR,1600.00,-20.00,380.00,300.0,1.0,200.0,0.0,0.0,0.0,-0.0000,-1.5708,0.0000
FLOOR,1600.00,-20.00,1900.00,300.0,1.0,200.0,0.0,0.0,0.0,-0.0000,-1.5708,0.0000
FLOOR,1600.00,-20.00,300.00,300.0,1.0,200.0,0.0,0.0,0.0,-0.0000,-1.5708,0.0000
FLOOR,1700.00,-20.00,1100.00,300.0,1.0,200.0,0.0,0.0,0.0,-0.0000,-1.5708,0.0000
FLOOR,1700.00,-20.00,1180.00,300.0,1.0,200.0,0.0,0.0,0.0,-0.0000,-1.5708,0.0000
FLOOR,1700.00,-20.00,1020.00,300.0,1.0,200.0,0.0,0.0,0.0,-0.0000,-1.5708,0.0000
FLOOR,1700.00,-20.00,1260.00,300.0,1.0,200.0,0.0,0.0,0.0,-0.0000,-1.5708,0.0000
FLOOR,1700.00,-20.00,940.00,300.0,1.0,200.0,0.0,0.0,0.0,-0.0000,-1.5708,0.0000
FLOOR,1700.00,-20.00,1340.00,300.0,1.0,200.0,0.0,0.0,0.0,-0.0000,-1.5708,0.0000
FLOOR,1700.00,-20.00,860.00,300.0,1.0,200.0,0.0,0.0,0.0,-0.0000,-1.5708,0.0000
FLOOR,1700.00,-20.00,1420.00,300.0,1.0,200.0,0.0,0.0,0.0,-0.0000,-1.5708,0.0000
FLOOR,1700.00,-20.00,780.00,300.0,1.0,200.0,0.0,0.0,0.0,-0.0000,-1.5708,0.0000
FLOOR,1700.00,-20.00,1500.00,300.0,1.0,200.0,0.0,0.0,0.0,-0.0000,-1.5708,0.0000
FLOOR,1700.00,-20.00,700.00,300.0,1.0,200.0,0.0,0.0,0.0,-0.0000,-1.5708,0.0000
FLOOR,1700.00,-20.00,1580.00,300.0,1.0,200.0,0.0,0.0,0.0,-0.0000,-1.5708,0.0000
FLOOR,1700.00,-20.00,620.00,300.0,1.0,200.0,0.0,0.0,0.0,-0.0000,-1.5708,0.0000
FLOOR,1700.00,-20.00,1660.00,300.0,1.0,200.0,0.0,0.0,0.0,-0.0000,-1.5708,0.0000
FLOOR,1700.00,-20.00,540.00,300.0,1.0,200.0,0.0,0.0,0.0,-0.0000,-1.5708,0.0000
FLOOR,1700.00,-20.00,1740.00,300.0,1.0,200.0,0.0,0.0,0.0,-0.0000,-1.5708,0.0000
FLOOR,1700.00,-20.00,460.00,300.0,1.0,200.0,0.0,0.0,0.0,-0.0000,-1.5708,0.0000
FLOOR,1700.00,-20.00,1820.00,300.0,1.0,200.0,0.0,0.0,0.0,-0.0000,-1.5708,0.0000
FLOOR,1700.00,-20.00,380.00,300.0,1.0,200.0,0.0,0.0,0.0,-0.0000,-1.5708,0.0000
FLOOR,1700.00,-20.00,1900.00,300.0,1.0,200.0,0.0,0.0,0.0,-0.0000,-1.5708,0.0000
FLOOR,1700.00,-20.00,300.00,300.0,1.0,200.0,0.0,0.0,0.0,-0.0000,-1.5708,0.0000
FLOOR,1800.00,-20.00,1100.00,300.0,1.0,200.0,0.0,0.0,0.0,-0.0000,-1.5708,0.0000
FLOOR,1800.00,-20.00,1180.00,300.0,1.0,200.0,0.0,0.0,0.0,-0.0000,-1.5708,0.0000
FLOOR,1800.00,-20.00,1020.00,300.0,1.0,200.0,0.0,0.0,0.0,-0.0000,-1.5708,0.0000
FLOOR,1800.00,-20.00,1260.00,300.0,1.0,200.0,0.0,0.0,0.0,-0.0000,-1.5708,0.0000
FLOOR,1800.00,-20.00,940.00,300.0,1.0,200.0,0.0,0.0,0.0,-0.0000,-1.5708,0.0000
FLOOR,1800.00,-20.00,1340.00,300.0,1.0,200.0,0.0,0.0,0.0,-0.0000,-1.5708,0.0000
FLOOR,1800.00,-20.00,860.00,300.0,1.0,200.0,0.0,0.0,0.0,-0.0000,-1.5708,0.0000
FLOOR,1800.00,-20.00,1420.00,300.0,1.0,200.0,0.0,0.0,0.0,-0.0000,-1.5708,0.0000
FLOOR,1800.00,-20.00,780.00,300.0,1.0,200.0,0.0,0.0,0.0,-0.0000,-1.5708,0.0000
FLOOR,1800.00,-20.00,1500.00,300.0,1.0,200.0,0.0,0.0,0.0,-0.0000,-1.5708,0.0000
FLOOR,1800.00,-20.00,700.00,300.0,1.0,200.0,0.0,0.0,0.0,-0.0000,-1.5708,0.0000
FLOOR,1800.00,-20.00,1580.00,300.0,1.0,200.0,0.0,0.0,0.0,-0.0000,-1.5708,0.0000
FLOOR,1800.00,-20.00,620.00,300.0,1.0,200.0,0.0,0.0,0.0,-0.0000,-1.5708,0.0000
FLOOR,1800.00,-20.00,1660.00,300.0,1.0,200.0,0.0,0.0,0.0,-0.0000,-1.5708,0.0000
FLOOR,1800.00,-20.00,540.00,300.0,1.0,200.0,0.0,0.0,0.0,-0.0000,-1.5708,0.0000
FLOOR,1800.00,-20.00,1740.00,300.0,1.0,200.0,0.0,0.0,0.0,-0.0000,-1.5708,0.0000
FLOOR,1800.00,-20.00,460.00,300.0,1.0,200.0,0.0,0.0,0.0,-0.0000,-1.5708,0.0000
FLOOR,1800.00,-20.00,1820.00,300.0,1.0,200.0,0.0,0.0,0.0,-0.0000,-1.5708,0.0000
FLOOR,1800.00,-20.00,380.00,300.0,1.0,200.0,0.0,0.0,0.0,-0.0000,-1.5708,0.0000
FLOOR,1800.00,-20.00,1900.00,300.0,1.0,200.0,0.0,0.0,0.0,-0.0000,-1.5708,0.0000
FLOOR,1800.00,-20.00,300.00,300.0,1.0,200.0,0.0,0.0,0.0,-0.0000,-1.5708,0.0000
FLOOR,1900.00,-20.00,1100.00,300.0,1.0,200.0,0.0,0.0,0.0,-0.0000,-1.5708,0.0000
FLOOR,1900.00,-20.00,1180.00,300.0,1.0,200.0,0.0,0.0,0.0,-0.0000,-1.5708,0.0000
FLOOR,1900.00,-20.00,1020.00,300.0,1.0,200.0,0.0,0.0,0.0,-0.0000,-1.5708,0.0000
FLOOR,1900.00,-20.00,1260.00,300.0,1.0,200.0,0.0,0.0,0.0,-0.0000,-1.5708,0.0000
FLOOR,1900.00,-20.00,940.00,300.0,1.0,200.0,0.0,0.0,0.0,-0.0000,-1.5708,0.0000
FLOOR,1900.00,-20.00,1340.00,300.0,1.0,200.0,0.0,0.0,0.0,-0.0000,-1.5708,0.0000
FLOOR,1900.00,-20.00,860.00,300.0,1.0,200.0,0.0,0.0,0.0,-0.0000,-1.5708,0.0000
FLOOR,1900.00,-20.00,1420.00,300.0,1.0,200.0,0.0,0.0,0.0,-0.0000,-1.5708,0.0000
FLOOR,1900.00,-20.00,780.00,300.0,1.0,200.0,0.0,0.0,0.0,-0.0000,-1.5708,0.0000
FLOOR,1900.00,-20.00,1500.00,300.0,1.0,200.0,0.0,0.0,0.0,-0.0000,-1.5708,0.0000
FLOOR,1900.00,-20.00,700.00,300.0,1.0,200.0,0.0,0.0,0.0,-0.0000,-1.5708,0.0000
FLOOR,1900.00,-20.00,1580.00,300.0,1.0,200.0,0.0,0.0,0.0,-0.0000,-1.5708,0.0000
FLOOR,1900.00,-20.00,620.00,300.0,1.0,200.0,0.0,0.0,0.0,-0.0000,-1.5708,0.0000
FLOOR,1900.00,-20.00,1660.00,300.0,1.0,200.0,0.0,0.0,0.0,-0.0000,-1.5708,0.0000
FLOOR,1900.00,-20.00,540.00,300.0,1.0,200.0,0.0,0.0,0.0,-0.0000,-1.5708,0.0000
FLOOR,1900.00,-20.00,1740.00,300.0,1.0,200.0,0.0,0.0,0.0,-0.0000,-1.5708,0.0000
FLOOR,1900.00,-20.00,460.00,300.0,1.0,200.0,0.0,0.0,0.0,-0.0000,-1.5708,0.0000
FLOOR,1900.00,-20.00,1820.00,300.0,1.0,200.0,0.0,0.0,0.0,-0.0000,-1.5708,0.0000
FLOOR,1900.00,-20.00,380.00,300.0,1.0,200.0,0.0,0.0,0.0,-0.0000,-1.5708,0.0000
FLOOR,1900.00,-20.00,1900.00,300.0,1.0,200.0,0.0,0.0,0.0,-0.0000,-1.5708,0.0000
FLOOR,1900.00,-20.00,300.00,300.0,1.0,200.0,0.0,0.0,0.0,-0.0000,-1.5708,0.0000
FLOOR,2000.00,-20.00,1100.00,300.0,1.0,200.0,0.0,0.0,0.0,-0.0000,-1.5708,0.0000
FLOOR,2000.00,-20.00,1180.00,300.0,1.0,200.0,0.0,0.0,0.0,-0.0000,-1.5708,0.0000
FLOOR,2000.00,-20.00,1020.00,300.0,1.0,200.0,0.0,0.0,0.0,-0.0000,-1.5708,0.0000
FLOOR,2000.00,-20.00,1260.00,300.0,1.0,200.0,0.0,0.0,0.0,-0.0000,-1.5708,0.0000
FLOOR,2000.00,-20.00,940.00,300.0,1.0,200.0,0.0,0.0,0.0,-0.0000,-1.5708,0.0000
FLOOR,2000.00,-20.00,1340.00,300.0,1.0,200.0,0.0,0.0,0.0,-0.0000,-1.5708,0.0000
FLOOR,2000.00,-20.00,860.00,300.0,1.0,200.0,0.0,0.0,0.0,-0.0000,-1.5708,0.0000
FLOOR,2000.00,-20.00,1420.00,300.0,1.0,200.0,0.0,0.0,0.0,-0.0000,-1.5708,0.0000
FLOOR,2000.00,-20.00,780.00,300.0,1.0,200.0,0.0,0.0,0.0,-0.0000,-1.5708,0.0000
FLOOR,2000.00,-20.00,1500.00,300.0,1.0,200.0,0.0,0.0,0.0,-0.0000,-1.5708,0.0000
FLOOR,2000.00,-20.00,700.00,300.0,1.0,200.0,0.0,0.0,0.0,-0.0000,-1.5708,0.0000
FLOOR,2000.00,-20.00,1580.00,300.0,1.0,200.0,0.0,0.0,0.0,-0.0000,-1.5708,0.0000
FLOOR,2000.00,-20.00,620.00,300.0,1.0,200.0,0.0,0.0,0.0,-0.0000,-1.5708,0.0000
FLOOR,2000.00,-20.00,1660.00,300.0,1.0,200.0,0.0,0.0,0.0,-0.0000,-1.5708,0.0000
FLOOR,2000.00,-20.00,540.00,300.0,1.0,200.0,0.0,0.0,0.0,-0.0000,-1.5708,0.0000
FLOOR,2000.00,-20.00,1740.00,300.0,1.0,200.0,0.0,0.0,0.0,-0.0000,-1.5708,0.0000
FLOOR,2000.00,-20.00,460.00,300.0,1.0,200.0,0.0,0.0,0.0,-0.0000,-1.5708,0.0000
FLOOR,2000.00,-20.00,1820.00,300.0,1.0,200.0,0.0,0.0,0.0,-0.0000,-1.5708,0.0000
FLOOR,2000.00,-20.00,380.00,300.0,1.0,200.0,0.0,0.0,0.0,-0.0000,-1.5708,0.0000
FLOOR,2000.00,-20.00,1900.00,300.0,1.0,200.0,0.0,0.0,0.0,-0.0000,-1.5708,0.0000
FLOOR,2000.00,-20.00,300.00,300.0,1.0,200.0,0.0,0.0,0.0,-0.0000,-1.5708,0.0000
FLOOR,2100.00,-20.00,1100.00,300.0,1.0,200.0,0.0,0.0,0.0,-0.0000,-1.5708,0.0000
FLOOR,2100.00,-20.00,1180.00,300.0,1.0,200.0,0.0,0.0,0.0,-0.0000,-1.5708,0.0000
FLOOR,2100.00,-20.00,1020.00,300.0,1.0,200.0,0.0,0.0,0.0,-0.0000,-1.5708,0.0000
FLOOR,2100.00,-20.00,1260.00,300.0,1.0,200.0,0.0,0.0,0.0,-0.0000,-1.5708,0.0000
FLOOR,2100.00,-20.00,940.00,300.0,1.0,200.0,0.0,0.0,0.0,-0.0000,-1.5708,0.0000
FLOOR,2100.00,-20.00,1340.00,300.0,1.0,200.0,0.0,0.0,0.0,-0.0000,-1.5708,0.0000
FLOOR,2100.00,-20.00,860.00,300.0,1.0,200.0,0.0,0.0,0.0,-0.0000,-1.5708,0.0000
FLOOR,2100.00,-20.00,1420.00,300.0,1.0,200.0,0.0,0.0,0.0,-0.0000,-1.5708,0.0000
FLOOR,2100.00,-20.00,780.00,300.0,1.0,200.0,0.0,0.0,0.0,-0.0000,-1.5708,0.0000
FLOOR,2100.00,-20.00,1500.00,300.0,1.0,200.0,0.0,0.0,0.0,-0.0000,-1.5708,0.0000
FLOOR,2100.00,-20.00,700.00,300.0,1.0,200.0,0.0,0.0,0.0,-0.0000,-1.5708,0.0000
FLOOR,2100.00,-20.00,1580.00,300.0,1.0,200.0,0.0,0.0,0.0,-0.0000,-1.5708,0.0000
FLOOR,2100.00,-20.00,620.00,300.0,1.0,200.0,0.0,0.0,0.0,-0.0000,-1.5708,0.0000
FLOOR,2100.00,-20.00,1660.00,300.0,1.0,200.0,0.0,0.0,0.0,-0.0000,-1.5708,0.0000
FLOOR,2100.00,-20.00,540.00,300.0,1.0,200.0,0.0,0.0,0.0,-0.0000,-1.5708,0.0000
FLOOR,2100.00,-20.00,1740.00,300.0,1.0,200.0,0.0,0.0,0.0,-0.0000,-1.5708,0.0000
FLOOR,2100.00,-20.00,460.00,300.0,1.0,200.0,0.0,0.0,0.0,-0.0000,-1.5708,0.0000
FLOOR,2100.00,-20.00,1820.00,300.0,1.0,200.0,0.0,0.0,0.0,-0.0000,-1.5708,0.0000
FLOOR,2100.00,-20.00,380.00,300.0,1.0,200.0,0.0,0.0,0.0,-0.0000,-1.5708,0.0000
FLOOR,2100.00,-20.00,1900.00,300.0,1.0,200.0,0.0,0.0,0.0,-0.0000,-1.5708,0.0000
FLOOR,2100.00,-20.00,300.00,300.0,1.0,200.0,0.0,0.0,0.0,-0.0000,-1.5708,0.0000
FLOOR,2200.00,-20.00,1100.00,300.0,1.0,200.0,0.0,0.0,0.0,-0.0000,-1.5708,0.0000
FLOOR,2200.00,-20.00,1180.00,300.0,1.0,200.0,0.0,0.0,0.0,-0.0000,-1.5708,0.0000
FLOOR,2200.00,-20.00,1020.00,300.0,1.0,200.0,0.0,0.0,0.0,-0.0000,-1.5708,0.0000
FLOOR,2200.00,-20.00,1260.00,300.0,1.0,200.0,0.0,0.0,0.0,-0.0000,-1.5708,0.0000
FLOOR,2200.00,-20.00,940.00,300.0,1.0,200.0,0.0,0.0,0.0,-0.0000,-1.5708,0.0000
FLOOR,2200.00,-20.00,1340.00,300.0,1.0,200.0,0.0,0.0,0.0,-0.0000,-1.5708,0.0000
FLOOR,2200.00,-20.00,860.00,300.0,1.0,200.0,0.0,0.0,0.0,-0.0000,-1.5708,0.0000
FLOOR,2200.00,-20.00,1420.00,300.0,1.0,200.0,0.0,0.0,0.0,-0.0000,-1.5708,0.0000
FLOOR,2200.00,-20.00,780.00,300.0,1.0,200.0,0.0,0.0,0.0,-0.0000,-1.5708,0.0000
FLOOR,2200.00,-20.00,1500.00,300.0,1.0,200.0,0.0,0.0,0.0,-0.0000,-1.5708,0.0000
FLOOR,2200.00,-20.00,700.00,300.0,1.0,200.0,0.0,0.0,0.0,-0.0000,-1.5708,0.0000
FLOOR,2200.00,-20.00,1580.00,300.0,1.0,200.0,0.0,0.0,0.0,-0.0000,-1.5708,0.0000
FLOOR,2200.00,-20.00,620.00,300.0,1.0,200.0,0.0,0.0,0.0,-0.0000,-1.5708,0.0000
FLOOR,2200.00,-20.00,1660.00,300.0,1.0,200.0,0.0,0.0,0.0,-0.0000,-1.5708,0.0000
FLOOR,2200.00,-20.00,540.00,300.0,1.0,200.0,0.0,0.0,0.0,-0.0000,-1.5708,0.0000
FLOOR,2200.00,-20.00,1740.00,300.0,1.0,200.0,0.0,0.0,0.0,-0.0000,-1.5708,0.0000
FLOOR,2200.00,-20.00,460.00,300.0,1.0,200.0,0.0,0.0,0.0,-0.0000,-1.5708,0.0000
FLOOR,2200.00,-20.00,1820.00,300.0,1.0,200.0,0.0,0.0,0.0,-0.0000,-1.5708,0.0000
FLOOR,2200.00,-20.00,380.00,300.0,1.0,200.0,0.0,0.0,0.0,-0.0000,-1.5708,0.0000
FLOOR,2200.00,-20.00,1900.00,300.0,1.0,200.0,0.0,0.0,0.0,-0.0000,-1.5708,0.0000
FLOOR,2200.00,-20.00,300.00,300.0,1.0,200.0,0.0,0.0,0.0,-0.0000,-1.5708,0.0000
FLOOR,2300.00,-20.00,1100.00,300.0,1.0,200.0,0.0,0.0,0.0,-0.0000,-1.5708,0.0000
FLOOR,2300.00,-20.00,1180.00,300.0,1.0,200.0,0.0,0.0,0.0,-0.0000,-1.5708,0.0000
FLOOR,2300.00,-20.00,1020.00,300.0,1.0,200.0,0.0,0.0,0.0,-0.0000,-1.5708,0.0000
FLOOR,2300.00,-20.00,1260.00,300.0,1.0,200.0,0.0,0.0,0.0,-0.0000,-1.5708,0.0000
FLOOR,2300.00,-20.00,940.00,300.0,1.0,200.0,0.0,0.0,0.0,-0.0000,-1.5708,0.0000
FLOOR,2300.00,-20.00,1340.00,300.0,1.0,200.0,0.0,0.0,0.0,-0.0000,-1.5708,0.0000
FLOOR,2300.00,-20.00,860.00,300.0,1.0,200.0,0.0,0.0,0.0,-0.0000,-1.5708,0.0000
FLOOR,2300.00,-20.00,1420.00,300.0,1.0,200.0,0.0,0.0,0.0,-0.0000,-1.5708,0.0000
FLOOR,2300.00,-20.00,780.00,300.0,1.0,200.0,0.0,0.0,0.0,-0.0000,-1.5708,0.0000
FLOOR,2300.00,-20.00,1500.00,300.0,1.0,200.0,0.0,0.0,0.0,-0.0000,-1.5708,0.0000
FLOOR,2300.00,-20.00,700.00,300.0,1.0,200.0,0.0,0.0,0.0,-0.0000,-1.5708,0.0000
FLOOR,2300.00,-20.00,1580.00,300.0,1.0,200.0,0.0,0.0,0.0,-0.0000,-1.5708,0.0000
FLOOR,2300.00,-20.00,620.00,300.0,1.0,200.0,0.0,0.0,0.0,-0.0000,-1.5708,0.0000
FLOOR,2300.00,-20.00,1660.00,300.0,1.0,200.0,0.0,0.0,0.0,-0.0000,-1.5708,0.0000
FLOOR,2300.00,-20.00,540.00,300.0,1.0,200.0,0.0,0.0,0.0,-0.0000,-1.5708,0.0000
FLOOR,2300.00,-20.00,1740.00,300.0,1.0,200.0,0.0,0.0,0.0,-0.0000,-1.5708,0.0000
FLOOR,2300.00,-20.00,460.00,300.0,1.0,200.0,0.0,0.0,0.0,-0.0000,-1.5708,0.0000
FLOOR,2300.00,-20.00,1820.00,300.0,1.0,200.0,0.0,0.0,0.0,-0.0000,-1.5708,0.0000
FLOOR,2300.00,-20.00,380.00,300.0,1.0,200.0,0.0,0.0,0.0,-0.0000,-1.5708,0.0000
FLOOR,2300.00,-20.00,1900.00,300.0,1.0,200.0,0.0,0.0,0.0,-0.0000,-1.5708,0.0000
FLOOR,2300.00,-20.00,300.00,300.0,1.0,200.0,0.0,0.0,0.0,-0.0000,-1.5708,0.0000
FLOOR,2400.00,-20.00,1100.00,300.0,1.0,200.0,0.0,0.0,0.0,-0.0000,-1.5708,0.0000
FLOOR,2400.00,-20.00,1180.00,300.0,1.0,200.0,0.0,0.0,0.0,-0.0000,-1.5708,0.0000
FLOOR,2400.00,-20.00,1020.00,300.0,1.0,200.0,0.0,0.0,0.0,-0.0000,-1.5708,0.0000
FLOOR,2400.00,-20.00,1260.00,300.0,1.0,200.0,0.0,0.0,0.0,-0.0000,-1.5708,0.0000
FLOOR,2400.00,-20.00,940.00,300.0,1.0,200.0,0.0,0.0,0.0,-0.0000,-1.5708,0.0000
FLOOR,2400.00,-20.00,1340.00,300.0,1.0,200.0,0.0,0.0,0.0,-0.0000,-1.5708,0.0000
FLOOR,2400.00,-20.00,860.00,300.0,1.0,200.0,0.0,0.0,0.0,-0.0000,-1.5708,0.0000
FLOOR,2400.00,-20.00,1420.00,300.0,1.0,200.0,0.0,0.0,0.0,-0.0000,-1.5708,0.0000
FLOOR,2400.00,-20.00,780.00,300.0,1.0,200.0,0.0,0.0,0.0,-0.0000,-1.5708,0.0000
FLOOR,2400.00,-20.00,1500.00,300.0,1.0,200.0,0.0,0.0,0.0,-0.0000,-1.5708,0.0000
FLOOR,2400.00,-20.00,700.00,300.0,1.0,200.0,0.0,0.0,0.0,-0.0000,-1.5708,0.0000
FLOOR,2400.00,-20.00,1580.00,300.0,1.0,200.0,0.0,0.0,0.0,-0.0000,-1.5708,0.0000
FLOOR,2400.00,-20.00,620.00,300.0,1.0,200.0,0.0,0.0,0.0,-0.0000,-1.5708,0.0000
FLOOR,2400.00,-20.00,1660.00,300.0,1.0,200.0,0.0,0.0,0.0,-0.0000,-1.5708,0.0000
FLOOR,2400.00,-20.00,540.00,300.0,1.0,200.0,0.0,0.0,0.0,-0.0000,-1.5708,0.0000
FLOOR,2400.00,-20.00,1740.00,300.0,1.0,200.0,0.0,0.0,0.0,-0.0000,-1.5708,0.0000
FLOOR,2400.00,-20.00,460.00,300.0,1.0,200.0,0.0,0.0,0.0,-0.0000,-1.5708,0.0000
FLOOR,2400.00,-20.00,1820.00,300.0,1.0,200.0,0.0,0.0,0.0,-0.0000,-1.5708,0.0000
FLOOR,2400.00,-20.00,380.00,300.0,1.0,200.0,0.0,0.0,0.0,-0.0000,-1.5708,0.0000
FLOOR,2400.00,-20.00,1900.00,300.0,1.0,200.0,0.0,0.0,0.0,-0.0000,-1.5708,0.0000
FLOOR,2400.00,-20.00,300.00,300.0,1.0,200.0,0.0,0.0,0.0,-0.0000,-1.5708,0.0000
FLOOR,2500.00,-20.00,1100.00,300.0,1.0,200.0,0.0,0.0,0.0,-0.0000,-1.5708,0.0000
FLOOR,2500.00,-20.00,1180.00,300.0,1.0,200.0,0.0,0.0,0.0,-0.0000,-1.5708,0.0000
FLOOR,2500.00,-20.00,1020.00,300.0,1.0,200.0,0.0,0.0,0.0,-0.0000,-1.5708,0.0000
FLOOR,2500.00,-20.00,1260.00,300.0,1.0,200.0,0.0,0.0,0.0,-0.0000,-1.5708,0.0000
FLOOR,2500.00,-20.00,940.00,300.0,1.0,200.0,0.0,0.0,0.0,-0.0000,-1.5708,0.0000
FLOOR,2500.00,-20.00,1340.00,300.0,1.0,200.0,0.0,0.0,0.0,-0.0000,-1.5708,0.0000
FLOOR,2500.00,-20.00,860.00,300.0,1.0,200.0,0.0,0.0,0.0,-0.0000,-1.5708,0.0000
FLOOR,2500.00,-20.00,1420.00,300.0,1.0,200.0,0.0,0.0,0.0,-0.0000,-1.5708,0.0000
FLOOR,2500.00,-20.00,780.00,300.0,1.0,200.0,0.0,0.0,0.0,-0.0000,-1.5708,0.0000
FLOOR,2500.00,-20.00,1500.00,300.0,1.0,200.0,0.0,0.0,0.0,-0.0000,-1.5708,0.0000
FLOOR,2500.00,-20.00,700.00,300.0,1.0,200.0,0.0,0.0,0.0,-0.0000,-1.5708,0.0000
FLOOR,2500.00,-20.00,1580.00,300.0,1.0,200.0,0.0,0.0,0.0,-0.0000,-1.5708,0.0000
FLOOR,2500.00,-20.00,620.00,300.0,1.0,200.0,0.0,0.0,0.0,-0.0000,-1.5708,0.0000
FLOOR,2500.00,-20.00,1660.00,300.0,1.0,200.0,0.0,0.0,0.0,-0.0000,-1.5708,0.0000
FLOOR,2500.00,-20.00,540.00,300.0,1.0,200.0,0.0,0.0,0.0,-0.0000,-1.5708,0.0000
FLOOR,2500.00,-20.00,1740.00,300.0,1.0,200.0,0.0,0.0,0.0,-0.0000,-1.5708,0.0000
FLOOR,2500.00,-20.00,460.00,300.0,1.0,200.0,0.0,0.0,0.0,-0.0000,-1.5708,0.0000
FLOOR,2500.00,-20.00,1820.00,300.0,1.0,200.0,0.0,0.0,0.0,-0.0000,-1.5708,0.0000
FLOOR,2500.00,-20.00,380.00,300.0,1.0,200.0,0.0,0.0,0.0,-0.0000,-1.5708,0.0000
FLOOR,2500.00,-20.00,1900.00,300.0,1.0,200.0,0.0,0.0,0.0,-0.0000,-1.5708,0.0000
FLOOR,2500.00,-20.00,300.00,300.0,1.0,200.0,0.0,0.0,0.0,-0.0000,-1.5708,0.0000
FLOOR,2600.00,-20.00,1100.00,300.0,1.0,200.0,0.0,0.0,0.0,-0.0000,-1.5708,0.0000
FLOOR,2600.00,-20.00,1180.00,300.0,1.0,200.0,0.0,0.0,0.0,-0.0000,-1.5708,0.0000
FLOOR,2600.00,-20.00,1020.00,300.0,1.0,200.0,0.0,0.0,0.0,-0.0000,-1.5708,0.0000
FLOOR,2600.00,-20.00,1260.00,300.0,1.0,200.0,0.0,0.0,0.0,-0.0000,-1.5708,0.0000
FLOOR,2600.00,-20.00,940.00,300.0,1.0,200.0,0.0,0.0,0.0,-0.0000,-1.5708,0.0000
FLOOR,2600.00,-20.00,1340.00,300.0,1.0,200.0,0.0,0.0,0.0,-0.0000,-1.5708,0.0000
FLOOR,2600.00,-20.00,860.00,300.0,1.0,200.0,0.0,0.0,0.0,-0.0000,-1.5708,0.0000
FLOOR,2600.00,-20.00,1420.00,300.0,1.0,200.0,0.0,0.0,0.0,-0.0000,-1.5708,0.0000
FLOOR,2600.00,-20.00,780.00,300.0,1.0,200.0,0.0,0.0,0.0,-0.0000,-1.5708,0.0000
FLOOR,2600.00,-20.00,1500.00,300.0,1.0,200.0,0.0,0.0,0.0,-0.0000,-1.5708,0.0000
FLOOR,2600.00,-20.00,700.00,300.0,1.0,200.0,0.0,0.0,0.0,-0.0000,-1.5708,0.0000
FLOOR,2600.00,-20.00,1580.00,300.0,1.0,200.0,0.0,0.0,0.0,-0.0000,-1.5708,0.0000
FLOOR,2600.00,-20.00,620.00,300.0,1.0,200.0,0.0,0.0,0.0,-0.0000,-1.5708,0.0000
FLOOR,2600.00,-20.00,1660.00,300.0,1.0,200.0,0.0,0.0,0.0,-0.0000,-1.5708,0.0000
FLOOR,2600.00,-20.00,540.00,300.0,1.0,200.0,0.0,0.0,0.0,-0.0000,-1.5708,0.0000
FLOOR,2600.00,-20.00,1740.00,300.0,1.0,200.0,0.0,0.0,0.0,-0.0000,-1.5708,0.0000
FLOOR,2600.00,-20.00,460.00,300.0,1.0,200.0,0.0,0.0,0.0,-0.0000,-1.5708,0.0000
FLOOR,2600.00,-20.00,1820.00,300.0,1.0,200.0,0.0,0.0,0.0,-0.0000,-1.5708,0.0000
FLOOR,2600.00,-20.00,380.00,300.0,1.0,200.0,0.0,0.0,0.0,-0.0000,-1.5708,0.0000
FLOOR,2600.00,-20.00,1900.00,300.0,1.0,200.0,0.0,0.0,0.0,-0.0000,-1.5708,0.0000
FLOOR,2600.00,-20.00,300.00,300.0,1.0,200.0,0.0,0.0,0.0,-0.0000,-1.5708,0.0000
FLOOR,2700.00,-20.00,1100.00,300.0,1.0,200.0,0.0,0.0,0.0,-0.0000,-1.5708,0.0000
FLOOR,2700.00,-20.00,1180.00,300.0,1.0,200.0,0.0,0.0,0.0,-0.0000,-1.5708,0.0000
FLOOR,2700.00,-20.00,1020.00,300.0,1.0,200.0,0.0,0.0,0.0,-0.0000,-1.5708,0.0000
FLOOR,2700.00,-20.00,1260.00,300.0,1.0,200.0,0.0,0.0,0.0,-0.0000,-1.5708,0.0000
FLOOR,2700.00,-20.00,940.00,300.0,1.0,200.0,0.0,0.0,0.0,-0.0000,-1.5708,0.0000
FLOOR,2700.00,-20.00,1340.00,300.0,1.0,200.0,0.0,0.0,0.0,-0.0000,-1.5708,0.0000
FLOOR,2700.00,-20.00,860.00,300.0,1.0,200.0,0.0,0.0,0.0,-0.0000,-1.5708,0.0000
FLOOR,2700.00,-20.00,1420.00,300.0,1.0,200.0,0.0,0.0,0.0,-0.0000,-1.5708,0.0000
FLOOR,2700.00,-20.00,780.00,300.0,1.0,200.0,0.0,0.0,0.0,-0.0000,-1.5708,0.0000
FLOOR,2700.00,-20.00,1500.00,300.0,1.0,200.0,0.0,0.0,0.0,-0.0000,-1.5708,0.0000
FLOOR,2700.00,-20.00,700.00,300.0,1.0,200.0,0.0,0.0,0.0,-0.0000,-1.5708,0.0000
FLOOR,2700.00,-20.00,1580.00,300.0,1.0,200.0,0.0,0.0,0.0,-0.0000,-1.5708,0.0000
FLOOR,2700.00,-20.00,620.00,300.0,1.0,200.0,0.0,0.0,0.0,-0.0000,-1.5708,0.0000
FLOOR,2700.00,-20.00,1660.00,300.0,1.0,200.0,0.0,0.0,0.0,-0.0000,-1.5708,0.0000
FLOOR,2700.00,-20.00,540.00,300.0,1.0,200.0,0.0,0.0,0.0,-0.0000,-1.5708,0.0000
FLOOR,2700.00,-20.00,1740.00,300.0,1.0,200.0,0.0,0.0,0.0,-0.0000,-1.5708,0.0000
FLOOR,2700.00,-20.00,460.00,300.0,1.0,200.0,0.0,0.0,0.0,-0.0000,-1.5708,0.0000
FLOOR,2700.00,-20.00,1820.00,300.0,1.0,200.0,0.0,0.0,0.0,-0.0000,-1.5708,0.0000
FLOOR,2700.00,-20.00,380.00,300.0,1.0,200.0,0.0,0.0,0.0,-0.0000,-1.5708,0.0000
FLOOR,2700.00,-20.00,1900.00,300.0,1.0,200.0,0.0,0.0,0.0,-0.0000,-1.5708,0.0000
FLOOR,2700.00,-20.00,300.00,300.0,1.0,200.0,0.0,0.0,0.0,-0.0000,-1.5708,0.0000
FLOOR,2800.00,-20.00,1100.00,300.0,1.0,200.0,0.0,0.0,0.0,-0.0000,-1.5708,0.0000
FLOOR,2800.00,-20.00,1180.00,300.0,1.0,200.0,0.0,0.0,0.0,-0.0000,-1.5708,0.0000
FLOOR,2800.00,-20.00,1020.00,300.0,1.0,200.0,0.0,0.0,0.0,-0.0000,-1.5708,0.0000
FLOOR,2800.00,-20.00,1260.00,300.0,1.0,200.0,0.0,0.0,0.0,-0.0000,-1.5708,0.0000
FLOOR,2800.00,-20.00,940.00,300.0,1.0,200.0,0.0,0.0,0.0,-0.0000,-1.5708,0.0000
FLOOR,2800.00,-20.00,1340.00,300.0,1.0,200.0,0.0,0.0,0.0,-0.0000,-1.5708,0.0000
FLOOR,2800.00,-20.00,860.00,300.0,1.0,200.0,0.0,0.0,0.0,-0.0000,-1.5708,0.0000
FLOOR,2800.00,-20.00,1420.00,300.0,1.0,200.0,0.0,0.0,0.0,-0.0000,-1.5708,0.0000
FLOOR,2800.00,-20.00,780.00,300.0,1.0,200.0,0.0,0.0,0.0,-0.0000,-1.5708,0.0000
FLOOR,2800.00,-20.00,1500.00,300.0,1.0,200.0,0.0,0.0,0.0,-0.0000,-1.5708,0.0000
FLOOR,2800.00,-20.00,700.00,300.0,1.0,200.0,0.0,0.0,0.0,-0.0000,-1.5708,0.0000
FLOOR,2800.00,-20.00,1580.00,300.0,1.0,200.0,0.0,0.0,0.0,-0.0000,-1.5708,0.0000
FLOOR,2800.00,-20.00,620.00,300.0,1.0,200.0,0.0,0.0,0.0,-0.0000,-1.5708,0.0000
FLOOR,2800.00,-20.00,1660.00,300.0,1.0,200.0,0.0,0.0,0.0,-0.0000,-1.5708,0.0000
FLOOR,2800.00,-20.00,540.00,300.0,1.0,200.0,0.0,0.0,0.0,-0.0000,-1.5708,0.0000
FLOOR,2800.00,-20.00,1740.00,300.0,1.0,200.0,0.0,0.0,0.0,-0.0000,-1.5708,0.0000
FLOOR,2800.00,-20.00,460.00,300.0,1.0,200.0,0.0,0.0,0.0,-0.0000,-1.5708,0.0000
FLOOR,2800.00,-20.00,1820.00,300.0,1.0,200.0,0.0,0.0,0.0,-0.0000,-1.5708,0.0000
FLOOR,2800.00,-20.00,380.00,300.0,1.0,200.0,0.0,0.0,0.0,-0.0000,-1.5708,0.0000
FLOOR,2800.00,-20.00,1900.00,300.0,1.0,200.0,0.0,0.0,0.0,-0.0000,-1.5708,0.0000
FLOOR,2800.00,-20.00,300.00,300.0,1.0,200.0,0.0,0.0,0.0,-0.0000,-1.5708,0.0000
FLOOR,2900.00,-20.00,1100.00,300.0,1.0,200.0,0.0,0.0,0.0,-0.0000,-1.5708,0.0000
FLOOR,2900.00,-20.00,1180.00,300.0,1.0,200.0,0.0,0.0,0.0,-0.0000,-1.5708,0.0000
FLOOR,2900.00,-20.00,1020.00,300.0,1.0,200.0,0.0,0.0,0.0,-0.0000,-1.5708,0.0000
FLOOR,2900.00,-20.00,1260.00,300.0,1.0,200.0,0.0,0.0,0.0,-0.0000,-1.5708,0.0000
FLOOR,2900.00,-20.00,940.00,300.0,1.0,200.0,0.0,0.0,0.0,-0.0000,-1.5708,0.0000
FLOOR,2900.00,-20.00,1340.00,300.0,1.0,200.0,0.0,0.0,0.0,-0.0000,-1.5708,0.0000
FLOOR,2900.00,-20.00,860.00,300.0,1.0,200.0,0.0,0.0,0.0,-0.0000,-1.5708,0.0000
FLOOR,2900.00,-20.00,1420.00,300.0,1.0,200.0,0.0,0.0,0.0,-0.0000,-1.5708,0.0000
FLOOR,2900.00,-20.00,780.00,300.0,1.0,200.0,0.0,0.0,0.0,-0.0000,-1.5708,0.0000
FLOOR,2900.00,-20.00,1500.00,300.0,1.0,200.0,0.0,0.0,0.0,-0.0000,-1.5708,0.0000
FLOOR,2900.00,-20.00,700.00,300.0,1.0,200.0,0.0,0.0,0.0,-0.0000,-1.5708,0.0000
FLOOR,2900.00,-20.00,1580.00,300.0,1.0,200.0,0.0,0.0,0.0,-0.0000,-1.5708,0.0000
FLOOR,2900.00,-20.00,620.00,300.0,1.0,200.0,0.0,0.0,0.0,-0.0000,-1.5708,0.0000
FLOOR,2900.00,-20.00,1660.00,300.0,1.0,200.0,0.0,0.0,0.0,-0.0000,-1.5708,0.0000
FLOOR,2900.00,-20.00,540.00,300.0,1.0,200.0,0.0,0.0,0.0,-0.0000,-1.5708,0.0000
FLOOR,2900.00,-20.00,1740.00,300.0,1.0,200.0,0.0,0.0,0.0,-0.0000,-1.5708,0.0000
FLOOR,2900.00,-20.00,460.00,300.0,1.0,200.0,0.0,0.0,0.0,-0.0000,-1.5708,0.0000
FLOOR,2900.00,-20.00,1820.00,300.0,1.0,200.0,0.0,0.0,0.0,-0.0000,-1.5708,0.0000
FLOOR,2900.00,-20.00,380.00,300.0,1.0,200.0,0.0,0.0,0.0,-0.0000,-1.5708,0.0000
FLOOR,2900.00,-20.00,1900.00,300.0,1.0,200.0,0.0,0.0,0.0,-0.0000,-1.5708,0.0000
FLOOR,2900.00,-20.00,300.00,300.0,1.0,200.0,0.0,0.0,0.0,-0.0000,-1.5708,0.0000
FLOOR,3000.00,-20.00,1100.00,300.0,1.0,200.0,0.0,0.0,0.0,-0.0000,-1.5708,0.0000
FLOOR,3000.00,-20.00,1180.00,300.0,1.0,200.0,0.0,0.0,0.0,-0.0000,-1.5708,0.0000
FLOOR,3000.00,-20.00,1020.00,300.0,1.0,200.0,0.0,0.0,0.0,-0.0000,-1.5708,0.0000
FLOOR,3000.00,-20.00,1260.00,300.0,1.0,200.0,0.0,0.0,0.0,-0.0000,-1.5708,0.0000
FLOOR,3000.00,-20.00,940.00,300.0,1.0,200.0,0.0,0.0,0.0,-0.0000,-1.5708,0.0000
FLOOR,3000.00,-20.00,1340.00,300.0,1.0,200.0,0.0,0.0,0.0,-0.0000,-1.5708,0.0000
FLOOR,3000.00,-20.00,860.00,300.0,1.0,200.0,0.0,0.0,0.0,-0.0000,-1.5708,0.0000
FLOOR,3000.00,-20.00,1420.00,300.0,1.0,200.0,0.0,0.0,0.0,-0.0000,-1.5708,0.0000
FLOOR,3000.00,-20.00,780.00,300.0,1.0,200.0,0.0,0.0,0.0,-0.0000,-1.5708,0.0000
FLOOR,3000.00,-20.00,1500.00,300.0,1.0,200.0,0.0,0.0,0.0,-0.0000,-1.5708,0.0000
FLOOR,3000.00,-20.00,700.00,300.0,1.0,200.0,0.0,0.0,0.0,-0.0000,-1.5708,0.0000
FLOOR,3000.00,-20.00,1580.00,300.0,1.0,200.0,0.0,0.0,0.0,-0.0000,-1.5708,0.0000
FLOOR,3000.00,-20.00,620.00,300.0,1.0,200.0,0.0,0.0,0.0,-0.0000,-1.5708,0.0000
FLOOR,3000.00,-20.00,1660.00,300.0,1.0,200.0,0.0,0.0,0.0,-0.0000,-1.5708,0.0000
FLOOR,3000.00,-20.00,540.00,300.0,1.0,200.0,0.0,0.0,0.0,-0.0000,-1.5708,0.0000
FLOOR,3000.00,-20.00,1740.00,300.0,1.0,200.0,0.0,0.0,0.0,-0.0000,-1.5708,0.0000
FLOOR,3000.00,-20.00,460.00,300.0,1.0,200.0,0.0,0.0,0.0,-0.0000,-1.5708,0.0000
FLOOR,3000.00,-20.00,1820.00,300.0,1.0,200.0,0.0,0.0,0.0,-0.0000,-1.5708,0.0000
FLOOR,3000.00,-20.00,380.00,300.0,1.0,200.0,0.0,0.0,0.0,-0.0000,-1.5708,0.0000
FLOOR,3000.00,-20.00,1900.00,300.0,1.0,200.0,0.0,0.0,0.0,-0.0000,-1.5708,0.0000
FLOOR,3000.00,-20.00,300.00,300.0,1.0,200.0,0.0,0.0,0.0,-0.0000,-1.5708,0.0000
FLOOR,3100.00,-20.00,1100.00,300.0,1.0,200.0,0.0,0.0,0.0,-0.0000,-1.5708,0.0000
FLOOR,3100.00,-20.00,1180.00,300.0,1.0,200.0,0.0,0.0,0.0,-0.0000,-1.5708,0.0000
FLOOR,3100.00,-20.00,1020.00,300.0,1.0,200.0,0.0,0.0,0.0,-0.0000,-1.5708,0.0000
FLOOR,3100.00,-20.00,1260.00,300.0,1.0,200.0,0.0,0.0,0.0,-0.0000,-1.5708,0.0000
FLOOR,3100.00,-20.00,940.00,300.0,1.0,200.0,0.0,0.0,0.0,-0.0000,-1.5708,0.0000
FLOOR,3100.00,-20.00,1340.00,300.0,1.0,200.0,0.0,0.0,0.0,-0.0000,-1.5708,0.0000
FLOOR,3100.00,-20.00,860.00,300.0,1.0,200.0,0.0,0.0,0.0,-0.0000,-1.5708,0.0000
FLOOR,3100.00,-20.00,1420.00,300.0,1.0,200.0,0.0,0.0,0.0,-0.0000,-1.5708,0.0000
FLOOR,3100.00,-20.00,780.00,300.0,1.0,200.0,0.0,0.0,0.0,-0.0000,-1.5708,0.0000
FLOOR,3100.00,-20.00,1500.00,300.0,1.0,200.0,0.0,0.0,0.0,-0.0000,-1.5708,0.0000
FLOOR,3100.00,-20.00,700.00,300.0,1.0,200.0,0.0,0.0,0.0,-0.0000,-1.5708,0.0000
FLOOR,3100.00,-20.00,1580.00,300.0,1.0,200.0,0.0,0.0,0.0,-0.0000,-1.5708,0.0000
FLOOR,3100.00,-20.00,620.00,300.0,1.0,200.0,0.0,0.0,0.0,-0.0000,-1.5708,0.0000
FLOOR,3100.00,-20.00,1660.00,300.0,1.0,200.0,0.0,0.0,0.0,-0.0000,-1.5708,0.0000
FLOOR,3100.00,-20.00,540.00,300.0,1.0,200.0,0.0,0.0,0.0,-0.0000,-1.5708,0.0000
FLOOR,3100.00,-20.00,1740.00,300.0,1.0,200.0,0.0,0.0,0.0,-0.0000,-1.5708,0.0000
FLOOR,3100.00,-20.00,460.00,300.0,1.0,200.0,0.0,0.0,0.0,-0.0000,-1.5708,0.0000
FLOOR,3100.00,-20.00,1820.00,300.0,1.0,200.0,0.0,0.0,0.0,-0.0000,-1.5708,0.0000
FLOOR,3100.00,-20.00,380.00,300.0,1.0,200.0,0.0,0.0,0.0,-0.0000,-1.5708,0.0000
FLOOR,3100.00,-20.00,1900.00,300.0,1.0,200.0,0.0,0.0,0.0,-0.0000,-1.5708,0.0000
FLOOR,3100.00,-20.00,300.00,300.0,1.0,200.0,0.0,0.0,0.0,-0.0000,-1.5708,0.0000
FLOOR,3200.00,-20.00,1100.00,300.0,1.0,200.0,0.0,0.0,0.0,-0.0000,-1.5708,0.0000
FLOOR,3200.00,-20.00,1180.00,300.0,1.0,200.0,0.0,0.0,0.0,-0.0000,-1.5708,0.0000
FLOOR,3200.00,-20.00,1020.00,300.0,1.0,200.0,0.0,0.0,0.0,-0.0000,-1.5708,0.0000
FLOOR,3200.00,-20.00,1260.00,300.0,1.0,200.0,0.0,0.0,0.0,-0.0000,-1.5708,0.0000
FLOOR,3200.00,-20.00,940.00,300.0,1.0,200.0,0.0,0.0,0.0,-0.0000,-1.5708,0.0000
FLOOR,3200.00,-20.00,1340.00,300.0,1.0,200.0,0.0,0.0,0.0,-0.0000,-1.5708,0.0000
FLOOR,3200.00,-20.00,860.00,300.0,1.0,200.0,0.0,0.0,0.0,-0.0000,-1.5708,0.0000
FLOOR,3200.00,-20.00,1420.00,300.0,1.0,200.0,0.0,0.0,0.0,-0.0000,-1.5708,0.0000
FLOOR,3200.00,-20.00,780.00,300.0,1.0,200.0,0.0,0.0,0.0,-0.0000,-1.5708,0.0000
FLOOR,3200.00,-20.00,1500.00,300.0,1.0,200.0,0.0,0.0,0.0,-0.0000,-1.5708,0.0000
FLOOR,3200.00,-20.00,700.00,300.0,1.0,200.0,0.0,0.0,0.0,-0.0000,-1.5708,0.0000
FLOOR,3200.00,-20.00,1580.00,300.0,1.0,200.0,0.0,0.0,0.0,-0.0000,-1.5708,0.0000
FLOOR,3200.00,-20.00,620.00,300.0,1.0,200.0,0.0,0.0,0.0,-0.0000,-1.5708,0.0000
FLOOR,3200.00,-20.00,1660.00,300.0,1.0,200.0,0.0,0.0,0.0,-0.0000,-1.5708,0.0000
FLOOR,3200.00,-20.00,540.00,300.0,1.0,200.0,0.0,0.0,0.0,-0.0000,-1.5708,0.0000
FLOOR,3200.00,-20.00,1740.00,300.0,1.0,200.0,0.0,0.0,0.0,-0.0000,-1.5708,0.0000
FLOOR,3200.00,-20.00,460.00,300.0,1.0,200.0,0.0,0.0,0.0,-0.0000,-1.5708,0.0000
FLOOR,3200.00,-20.00,1820.00,300.0,1.0,200.0,0.0,0.0,0.0,-0.0000,-1.5708,0.0000
FLOOR,3200.00,-20.00,380.00,300.0,1.0,200.0,0.0,0.0,0.0,-0.0000,-1.5708,0.0000
FLOOR,3200.00,-20.00,1900.00,300.0,1.0,200.0,0.0,0.0,0.0,-0.0000,-1.5708,0.0000
FLOOR,3200.00,-20.00,300.00,300.0,1.0,200.0,0.0,0.0,0.0,-0.0000,-1.5708,0.0000
FLOOR,3300.00,-20.00,1100.00,300.0,1.0,200.0,0.0,0.0,0.0,-0.0000,-1.5708,0.0000
FLOOR,3300.00,-20.00,1180.00,300.0,1.0,200.0,0.0,0.0,0.0,-0.0000,-1.5708,0.0000
FLOOR,3300.00,-20.00,1020.00,300.0,1.0,200.0,0.0,0.0,0.0,-0.0000,-1.5708,0.0000
FLOOR,3300.00,-20.00,1260.00,300.0,1.0,200.0,0.0,0.0,0.0,-0.0000,-1.5708,0.0000
FLOOR,3300.00,-20.00,940.00,300.0,1.0,200.0,0.0,0.0,0.0,-0.0000,-1.5708,0.0000
FLOOR,3300.00,-20.00,1340.00,300.0,1.0,200.0,0.0,0.0,0.0,-0.0000,-1.5708,0.0000
FLOOR,3300.00,-20.00,860.00,300.0,1.0,200.0,0.0,0.0,0.0,-0.0000,-1.5708,0.0000
FLOOR,3300.00,-20.00,1420.00,300.0,1.0,200.0,0.0,0.0,0.0,-0.0000,-1.5708,0.0000
FLOOR,3300.00,-20.00,780.00,300.0,1.0,200.0,0.0,0.0,0.0,-0.0000,-1.5708,0.0000
FLOOR,3300.00,-20.00,1500.00,300.0,1.0,200.0,0.0,0.0,0.0,-0.0000,-1.5708,0.0000
FLOOR,3300.00,-20.00,700.00,300.0,1.0,200.0,0.0,0.0,0.0,-0.0000,-1.5708,0.0000
FLOOR,3300.00,-20.00,1580.00,300.0,1.0,200.0,0.0,0.0,0.0,-0.0000,-1.5708,0.0000
FLOOR,3300.00,-20.00,620.00,300.0,1.0,200.0,0.0,0.0,0.0,-0.0000,-1.5708,0.0000
FLOOR,3300.00,-20.00,1660.00,300.0,1.0,200.0,0.0,0.0,0.0,-0.0000,-1.5708,0.0000
FLOOR,3300.00,-20.00,540.00,300.0,1.0,200.0,0.0,0.0,0.0,-0.0000,-1.5708,0.0000
FLOOR,3300.00,-20.00,1740.00,300.0,1.0,200.0,0.0,0.0,0.0,-0.0000,-1.5708,0.0000
FLOOR,3300.00,-20.00,460.00,300.0,1.0,200.0,0.0,0.0,0.0,-0.0000,-1.5708,0.0000
FLOOR,3300.00,-20.00,1820.00,300.0,1.0,200.0,0.0,0.0,0.0,-0.0000,-1.5708,0.0000
FLOOR,3300.00,-20.00,380.00,300.0,1.0,200.0,0.0,0.0,0.0,-0.0000,-1.5708,0.0000
FLOOR,3300.00,-20.00,1900.00,300.0,1.0,200.0,0.0,0.0,0.0,-0.0000,-1.5708,0.0000
FLOOR,3300.00,-20.00,300.00,300.0,1.0,200.0,0.0,0.0,0.0,-0.0000,-1.5708,0.0000
FLOOR,3400.00,-20.00,1100.00,300.0,1.0,200.0,0.0,0.0,0.0,-0.0000,-1.5708,0.0000
FLOOR,3400.00,-20.00,1180.00,300.0,1.0,200.0,0.0,0.0,0.0,-0.0000,-1.5708,0.0000
FLOOR,3400.00,-20.00,1020.00,300.0,1.0,200.0,0.0,0.0,0.0,-0.0000,-1.5708,0.0000
FLOOR,3400.00,-20.00,1260.00,300.0,1.0,200.0,0.0,0.0,0.0,-0.0000,-1.5708,0.0000
FLOOR,3400.00,-20.00,940.00,300.0,1.0,200.0,0.0,0.0,0.0,-0.0000,-1.5708,0.0000
FLOOR,3400.00,-20.00,1340.00,300.0,1.0,200.0,0.0,0.0,0.0,-0.0000,-1.5708,0.0000
FLOOR,3400.00,-20.00,860.00,300.0,1.0,200.0,0.0,0.0,0.0,-0.0000,-1.5708,0.0000
FLOOR,3400.00,-20.00,1420.00,300.0,1.0,200.0,0.0,0.0,0.0,-0.0000,-1.5708,0.0000
FLOOR,3400.00,-20.00,780.00,300.0,1.0,200.0,0.0,0.0,0.0,-0.0000,-1.5708,0.0000
FLOOR,3400.00,-20.00,1500.00,300.0,1.0,200.0,0.0,0.0,0.0,-0.0000,-1.5708,0.0000
FLOOR,3400.00,-20.00,700.00,300.0,1.0,200.0,0.0,0.0,0.0,-0.0000,-1.5708,0.0000
FLOOR,3400.00,-20.00,1580.00,300.0,1.0,200.0,0.0,0.0,0.0,-0.0000,-1.5708,0.0000
FLOOR,3400.00,-20.00,620.00,300.0,1.0,200.0,0.0,0.0,0.0,-0.0000,-1.5708,0.0000
FLOOR,3400.00,-20.00,1660.00,300.0,1.0,200.0,0.0,0.0,0.0,-0.0000,-1.5708,0.0000
FLOOR,3400.00,-20.00,540.00,300.0,1.0,200.0,0.0,0.0,0.0,-0.0000,-1.5708,0.0000
FLOOR,3400.00,-20.00,1740.00,300.0,1.0,200.0,0.0,0.0,0.0,-0.0000,-1.5708,0.0000
FLOOR,3400.00,-20.00,460.00,300.0,1.0,200.0,0.0,0.0,0.0,-0.0000,-1.5708,0.0000
FLOOR,3400.00,-20.00,1820.00,300.0,1.0,200.0,0.0,0.0,0.0,-0.0000,-1.5708,0.0000
FLOOR,3400.00,-20.00,380.00,300.0,1.0,200.0,0.0,0.0,0.0,-0.0000,-1.5708,0.0000
FLOOR,3400.00,-20.00,1900.00,300.0,1.0,200.0,0.0,0.0,0.0,-0.0000,-1.5708,0.0000
FLOOR,3400.00,-20.00,300.00,300.0,1.0,200.0,0.0,0.0,0.0,-0.0000,-1.5708,0.0000
FLOOR,3500.00,-20.00,1100.00,300.0,1.0,200.0,0.0,0.0,0.0,-0.0000,-1.5708,0.0000
FLOOR,3500.00,-20.00,1180.00,300.0,1.0,200.0,0.0,0.0,0.0,-0.0000,-1.5708,0.0000
FLOOR,3500.00,-20.00,1020.00,300.0,1.0,200.0,0.0,0.0,0.0,-0.0000,-1.5708,0.0000
FLOOR,3500.00,-20.00,1260.00,300.0,1.0,200.0,0.0,0.0,0.0,-0.0000,-1.5708,0.0000
FLOOR,3500.00,-20.00,940.00,300.0,1.0,200.0,0.0,0.0,0.0,-0.0000,-1.5708,0.0000
FLOOR,3500.00,-20.00,1340.00,300.0,1.0,200.0,0.0,0.0,0.0,-0.0000,-1.5708,0.0000
FLOOR,3500.00,-20.00,860.00,300.0,1.0,200.0,0.0,0.0,0.0,-0.0000,-1.5708,0.0000
FLOOR,3500.00,-20.00,1420.00,300.0,1.0,200.0,0.0,0.0,0.0,-0.0000,-1.5708,0.0000
FLOOR,3500.00,-20.00,780.00,300.0,1.0,200.0,0.0,0.0,0.0,-0.0000,-1.5708,0.0000
FLOOR,3500.00,-20.00,1500.00,300.0,1.0,200.0,0.0,0.0,0.0,-0.0000,-1.5708,0.0000
FLOOR,3500.00,-20.00,700.00,300.0,1.0,200.0,0.0,0.0,0.0,-0.0000,-1.5708,0.0000
FLOOR,3500.00,-20.00,1580.00,300.0,1.0,200.0,0.0,0.0,0.0,-0.0000,-1.5708,0.0000
FLOOR,3500.00,-20.00,620.00,300.0,1.0,200.0,0.0,0.0,0.0,-0.0000,-1.5708,0.0000
FLOOR,3500.00,-20.00,1660.00,300.0,1.0,200.0,0.0,0.0,0.0,-0.0000,-1.5708,0.0000
FLOOR,3500.00,-20.00,540.00,300.0,1.0,200.0,0.0,0.0,0.0,-0.0000,-1.5708,0.0000
FLOOR,3500.00,-20.00,1740.00,300.0,1.0,200.0,0.0,0.0,0.0,-0.0000,-1.5708,0.0000
FLOOR,3500.00,-20.00,460.00,300.0,1.0,200.0,0.0,0.0,0.0,-0.0000,-1.5708,0.0000
FLOOR,3500.00,-20.00,1820.00,300.0,1.0,200.0,0.0,0.0,0.0,-0.0000,-1.5708,0.0000
FLOOR,3500.00,-20.00,380.00,300.0,1.0,200.0,0.0,0.0,0.0,-0.0000,-1.5708,0.0000
FLOOR,3500.00,-20.00,1900.00,300.0,1.0,200.0,0.0,0.0,0.0,-0.0000,-1.5708,0.0000
FLOOR,3500.00,-20.00,300.00,300.0,1.0,200.0,0.0,0.0,0.0,-0.0000,-1.5708,0.0000
FLOOR,3600.00,-20.00,1100.00,300.0,1.0,200.0,0.0,0.0,0.0,-0.0000,-1.5708,0.0000
FLOOR,3600.00,-20.00,1180.00,300.0,1.0,200.0,0.0,0.0,0.0,-0.0000,-1.5708,0.0000
FLOOR,3600.00,-20.00,1020.00,300.0,1.0,200.0,0.0,0.0,0.0,-0.0000,-1.5708,0.0000
FLOOR,3600.00,-20.00,1260.00,300.0,1.0,200.0,0.0,0.0,0.0,-0.0000,-1.5708,0.0000
FLOOR,3600.00,-20.00,940.00,300.0,1.0,200.0,0.0,0.0,0.0,-0.0000,-1.5708,0.0000
FLOOR,3600.00,-20.00,1340.00,300.0,1.0,200.0,0.0,0.0,0.0,-0.0000,-1.5708,0.0000
FLOOR,3600.00,-20.00,860.00,300.0,1.0,200.0,0.0,0.0,0.0,-0.0000,-1.5708,0.0000
FLOOR,3600.00,-20.00,1420.00,300.0,1.0,200.0,0.0,0.0,0.0,-0.0000,-1.5708,0.0000
FLOOR,3600.00,-20.00,780.00,300.0,1.0,200.0,0.0,0.0,0.0,-0.0000,-1.5708,0.0000
FLOOR,3600.00,-20.00,1500.00,300.0,1.0,200.0,0.0,0.0,0.0,-0.0000,-1.5708,0.0000
FLOOR,3600.00,-20.00,700.00,300.0,1.0,200.0,0.0,0.0,0.0,-0.0000,-1.5708,0.0000
FLOOR,3600.00,-20.00,1580.00,300.0,1.0,200.0,0.0,0.0,0.0,-0.0000,-1.5708,0.0000
FLOOR,3600.00,-20.00,620.00,300.0,1.0,200.0,0.0,0.0,0.0,-0.0000,-1.5708,0.0000
FLOOR,3600.00,-20.00,1660.00,300.0,1.0,200.0,0.0,0.0,0.0,-0.0000,-1.5708,0.0000
FLOOR,3600.00,-20.00,540.00,300.0,1.0,200.0,0.0,0.0,0.0,-0.0000,-1.5708,0.0000
FLOOR,3600.00,-20.00,1740.00,300.0,1.0,200.0,0.0,0.0,0.0,-0.0000,-1.5708,0.0000
FLOOR,3600.00,-20.00,460.00,300.0,1.0,200.0,0.0,0.0,0.0,-0.0000,-1.5708,0.0000
FLOOR,3600.00,-20.00,1820.00,300.0,1.0,200.0,0.0,0.0,0.0,-0.0000,-1.5708,0.0000
FLOOR,3600.00,-20.00,380.00,300.0,1.0,200.0,0.0,0.0,0.0,-0.0000,-1.5708,0.0000
FLOOR,3600.00,-20.00,1900.00,300.0,1.0,200.0,0.0,0.0,0.0,-0.0000,-1.5708,0.0000
FLOOR,3600.00,-20.00,300.00,300.0,1.0,200.0,0.0,0.0,0.0,-0.0000,-1.5708,0.0000
FLOOR,3700.00,-20.00,1100.00,300.0,1.0,200.0,0.0,0.0,0.0,-0.0000,-1.5708,0.0000
FLOOR,3700.00,-20.00,1180.00,300.0,1.0,200.0,0.0,0.0,0.0,-0.0000,-1.5708,0.0000
FLOOR,3700.00,-20.00,1020.00,300.0,1.0,200.0,0.0,0.0,0.0,-0.0000,-1.5708,0.0000
FLOOR,3700.00,-20.00,1260.00,300.0,1.0,200.0,0.0,0.0,0.0,-0.0000,-1.5708,0.0000
FLOOR,3700.00,-20.00,940.00,300.0,1.0,200.0,0.0,0.0,0.0,-0.0000,-1.5708,0.0000
FLOOR,3700.00,-20.00,1340.00,300.0,1.0,200.0,0.0,0.0,0.0,-0.0000,-1.5708,0.0000
FLOOR,3700.00,-20.00,860.00,300.0,1.0,200.0,0.0,0.0,0.0,-0.0000,-1.5708,0.0000
FLOOR,3700.00,-20.00,1420.00,300.0,1.0,200.0,0.0,0.0,0.0,-0.0000,-1.5708,0.0000
FLOOR,3700.00,-20.00,780.00,300.0,1.0,200.0,0.0,0.0,0.0,-0.0000,-1.5708,0.0000
FLOOR,3700.00,-20.00,1500.00,300.0,1.0,200.0,0.0,0.0,0.0,-0.0000,-1.5708,0.0000
FLOOR,3700.00,-20.00,700.00,300.0,1.0,200.0,0.0,0.0,0.0,-0.0000,-1.5708,0.0000
FLOOR,3700.00,-20.00,1580.00,300.0,1.0,200.0,0.0,0.0,0.0,-0.0000,-1.5708,0.0000
FLOOR,3700.00,-20.00,620.00,300.0,1.0,200.0,0.0,0.0,0.0,-0.0000,-1.5708,0.0000
FLOOR,3700.00,-20.00,1660.00,300.0,1.0,200.0,0.0,0.0,0.0,-0.0000,-1.5708,0.0000
FLOOR,3700.00,-20.00,540.00,300.0,1.0,200.0,0.0,0.0,0.0,-0.0000,-1.5708,0.0000
FLOOR,3700.00,-20.00,1740.00,300.0,1.0,200.0,0.0,0.0,0.0,-0.0000,-1.5708,0.0000
FLOOR,3700.00,-20.00,460.00,300.0,1.0,200.0,0.0,0.0,0.0,-0.0000,-1.5708,0.0000
FLOOR,3700.00,-20.00,1820.00,300.0,1.0,200.0,0.0,0.0,0.0,-0.0000,-1.5708,0.0000
FLOOR,3700.00,-20.00,380.00,300.0,1.0,200.0,0.0,0.0,0.0,-0.0000,-1.5708,0.0000
FLOOR,3700.00,-20.00,1900.00,300.0,1.0,200.0,0.0,0.0,0.0,-0.0000,-1.5708,0.0000
FLOOR,3700.00,-20.00,300.00,300.0,1.0,200.0,0.0,0.0,0.0,-0.0000,-1.5708,0.0000
FLOOR,3800.00,-20.00,1100.00,300.0,1.0,200.0,0.0,0.0,0.0,-0.0000,-1.5708,0.0000
FLOOR,3800.00,-20.00,1180.00,300.0,1.0,200.0,0.0,0.0,0.0,-0.0000,-1.5708,0.0000
FLOOR,3800.00,-20.00,1020.00,300.0,1.0,200.0,0.0,0.0,0.0,-0.0000,-1.5708,0.0000
FLOOR,3800.00,-20.00,1260.00,300.0,1.0,200.0,0.0,0.0,0.0,-0.0000,-1.5708,0.0000
FLOOR,3800.00,-20.00,940.00,300.0,1.0,200.0,0.0,0.0,0.0,-0.0000,-1.5708,0.0000
FLOOR,3800.00,-20.00,1340.00,300.0,1.0,200.0,0.0,0.0,0.0,-0.0000,-1.5708,0.0000
FLOOR,3800.00,-20.00,860.00,300.0,1.0,200.0,0.0,0.0,0.0,-0.0000,-1.5708,0.0000
FLOOR,3800.00,-20.00,1420.00,300.0,1.0,200.0,0.0,0.0,0.0,-0.0000,-1.5708,0.0000
FLOOR,3800.00,-20.00,780.00,300.0,1.0,200.0,0.0,0.0,0.0,-0.0000,-1.5708,0.0000
FLOOR,3800.00,-20.00,1500.00,300.0,1.0,200.0,0.0,0.0,0.0,-0.0000,-1.5708,0.0000
FLOOR,3800.00,-20.00,700.00,300.0,1.0,200.0,0.0,0.0,0.0,-0.0000,-1.5708,0.0000
FLOOR,3800.00,-20.00,1580.00,300.0,1.0,200.0,0.0,0.0,0.0,-0.0000,-1.5708,0.0000
FLOOR,3800.00,-20.00,620.00,300.0,1.0,200.0,0.0,0.0,0.0,-0.0000,-1.5708,0.0000
FLOOR,3800.00,-20.00,1660.00,300.0,1.0,200.0,0.0,0.0,0.0,-0.0000,-1.5708,0.0000
FLOOR,3800.00,-20.00,540.00,300.0,1.0,200.0,0.0,0.0,0.0,-0.0000,-1.5708,0.0000
FLOOR,3800.00,-20.00,1740.00,300.0,1.0,200.0,0.0,0.0,0.0,-0.0000,-1.5708,0.0000
FLOOR,3800.00,-20.00,460.00,300.0,1.0,200.0,0.0,0.0,0.0,-0.0000,-1.5708,0.0000
FLOOR,3800.00,-20.00,1820.00,300.0,1.0,200.0,0.0,0.0,0.0,-0.0000,-1.5708,0.0000
FLOOR,3800.00,-20.00,380.00,300.0,1.0,200.0,0.0,0.0,0.0,-0.0000,-1.5708,0.0000
FLOOR,3800.00,-20.00,1900.00,300.0,1.0,200.0,0.0,0.0,0.0,-0.0000,-1.5708,0.0000
FLOOR,3800.00,-20.00,300.00,300.0,1.0,200.0,0.0,0.0,0.0,-0.0000,-1.5708,0.0000
FLOOR,3900.00,-20.00,1100.00,300.0,1.0,200.0,0.0,0.0,0.0,-0.0000,-1.5708,0.0000
FLOOR,3900.00,-20.00,1180.00,300.0,1.0,200.0,0.0,0.0,0.0,-0.0000,-1.5708,0.0000
FLOOR,3900.00,-20.00,1020.00,300.0,1.0,200.0,0.0,0.0,0.0,-0.0000,-1.5708,0.0000
FLOOR,3900.00,-20.00,1260.00,300.0,1.0,200.0,0.0,0.0,0.0,-0.0000,-1.5708,0.0000
FLOOR,3900.00,-20.00,940.00,300.0,1.0,200.0,0.0,0.0,0.0,-0.0000,-1.5708,0.0000
FLOOR,3900.00,-20.00,1340.00,300.0,1.0,200.0,0.0,0.0,0.0,-0.0000,-1.5708,0.0000
FLOOR,3900.00,-20.00,860.00,300.0,1.0,200.0,0.0,0.0,0.0,-0.0000,-1.5708,0.0000
FLOOR,3900.00,-20.00,1420.00,300.0,1.0,200.0,0.0,0.0,0.0,-0.0000,-1.5708,0.0000
FLOOR,3900.00,-20.00,780.00,300.0,1.0,200.0,0.0,0.0,0.0,-0.0000,-1.5708,0.0000
FLOOR,3900.00,-20.00,1500.00,300.0,1.0,200.0,0.0,0.0,0.0,-0.0000,-1.5708,0.0000
FLOOR,3900.00,-20.00,700.00,300.0,1.0,200.0,0.0,0.0,0.0,-0.0000,-1.5708,0.0000
FLOOR,3900.00,-20.00,1580.00,300.0,1.0,200.0,0.0,0.0,0.0,-0.0000,-1.5708,0.0000
FLOOR,3900.00,-20.00,620.00,300.0,1.0,200.0,0.0,0.0,0.0,-0.0000,-1.5708,0.0000
FLOOR,3900.00,-20.00,1660.00,300.0,1.0,200.0,0.0,0.0,0.0,-0.0000,-1.5708,0.0000
FLOOR,3900.00,-20.00,540.00,300.0,1.0,200.0,0.0,0.0,0.0,-0.0000,-1.5708,0.0000
FLOOR,3900.00,-20.00,1740.00,300.0,1.0,200.0,0.0,0.0,0.0,-0.0000,-1.5708,0.0000
FLOOR,3900.00,-20.00,460.00,300.0,1.0,200.0,0.0,0.0,0.0,-0.0000,-1.5708,0.0000
FLOOR,3900.00,-20.00,1820.00,300.0,1.0,200.0,0.0,0.0,0.0,-0.0000,-1.5708,0.0000
FLOOR,3900.00,-20.00,380.00,300.0,1.0,200.0,0.0,0.0,0.0,-0.0000,-1.5708,0.0000
FLOOR,3900.00,-20.00,1900.00,300.0,1.0,200.0,0.0,0.0,0.0,-0.0000,-1.5708,0.0000
FLOOR,3900.00,-20.00,300.00,300.0,1.0,200.0,0.0,0.0,0.0,-0.0000,-1.5708,0.0000
FLOOR,4000.00,-20.00,1100.00,300.0,1.0,200.0,0.0,0.0,0.0,-0.0000,-1.5708,0.0000
FLOOR,4000.00,-20.00,1180.00,300.0,1.0,200.0,0.0,0.0,0.0,-0.0000,-1.5708,0.0000
FLOOR,4000.00,-20.00,1020.00,300.0,1.0,200.0,0.0,0.0,0.0,-0.0000,-1.5708,0.0000
FLOOR,4000.00,-20.00,1260.00,300.0,1.0,200.0,0.0,0.0,0.0,-0.0000,-1.5708,0.0000
FLOOR,4000.00,-20.00,940.00,300.0,1.0,200.0,0.0,0.0,0.0,-0.0000,-1.5708,0.0000
FLOOR,4000.00,-20.00,1340.00,300.0,1.0,200.0,0.0,0.0,0.0,-0.0000,-1.5708,0.0000
FLOOR,4000.00,-20.00,860.00,300.0,1.0,200.0,0.0,0.0,0.0,-0.0000,-1.5708,0.0000
FLOOR,4000.00,-20.00,1420.00,300.0,1.0,200.0,0.0,0.0,0.0,-0.0000,-1.5708,0.0000
FLOOR,4000.00,-20.00,780.00,300.0,1.0,200.0,0.0,0.0,0.0,-0.0000,-1.5708,0.0000
FLOOR,4000.00,-20.00,1500.00,300.0,1.0,200.0,0.0,0.0,0.0,-0.0000,-1.5708,0.0000
FLOOR,4000.00,-20.00,700.00,300.0,1.0,200.0,0.0,0.0,0.0,-0.0000,-1.5708,0.0000
FLOOR,4000.00,-20.00,1580.00,300.0,1.0,200.0,0.0,0.0,0.0,-0.0000,-1.5708,0.0000
FLOOR,4000.00,-20.00,620.00,300.0,1.0,200.0,0.0,0.0,0.0,-0.0000,-1.5708,0.0000
FLOOR,4000.00,-20.00,1660.00,300.0,1.0,200.0,0.0,0.0,0.0,-0.0000,-1.5708,0.0000
FLOOR,4000.00,-20.00,540.00,300.0,1.0,200.0,0.0,0.0,0.0,-0.0000,-1.5708,0.0000
FLOOR,4000.00,-20.00,1740.00,300.0,1.0,200.0,0.0,0.0,0.0,-0.0000,-1.5708,0.0000
FLOOR,4000.00,-20.00,460.00,300.0,1.0,200.0,0.0,0.0,0.0,-0.0000,-1.5708,0.0000
FLOOR,4000.00,-20.00,1820.00,300.0,1.0,200.0,0.0,0.0,0.0,-0.0000,-1.5708,0.0000
FLOOR,4000.00,-20.00,380.00,300.0,1.0,200.0,0.0,0.0,0.0,-0.0000,-1.5708,0.0000
FLOOR,4000.00,-20.00,1900.00,300.0,1.0,200.0,0.0,0.0,0.0,-0.0000,-1.5708,0.0000
FLOOR,4000.00,-20.00,300.00,300.0,1.0,200.0,0.0,0.0,0.0,-0.0000,-1.5708,0.0000
FLOOR,4100.00,-20.00,1100.00,300.0,1.0,200.0,0.0,0.0,0.0,-0.0000,-1.5708,0.0000
FLOOR,4100.00,-20.00,1180.00,300.0,1.0,200.0,0.0,0.0,0.0,-0.0000,-1.5708,0.0000
FLOOR,4100.00,-20.00,1020.00,300.0,1.0,200.0,0.0,0.0,0.0,-0.0000,-1.5708,0.0000
FLOOR,4100.00,-20.00,1260.00,300.0,1.0,200.0,0.0,0.0,0.0,-0.0000,-1.5708,0.0000
FLOOR,4100.00,-20.00,940.00,300.0,1.0,200.0,0.0,0.0,0.0,-0.0000,-1.5708,0.0000
FLOOR,4100.00,-20.00,1340.00,300.0,1.0,200.0,0.0,0.0,0.0,-0.0000,-1.5708,0.0000
FLOOR,4100.00,-20.00,860.00,300.0,1.0,200.0,0.0,0.0,0.0,-0.0000,-1.5708,0.0000
FLOOR,4100.00,-20.00,1420.00,300.0,1.0,200.0,0.0,0.0,0.0,-0.0000,-1.5708,0.0000
FLOOR,4100.00,-20.00,780.00,300.0,1.0,200.0,0.0,0.0,0.0,-0.0000,-1.5708,0.0000
FLOOR,4100.00,-20.00,1500.00,300.0,1.0,200.0,0.0,0.0,0.0,-0.0000,-1.5708,0.0000
FLOOR,4100.00,-20.00,700.00,300.0,1.0,200.0,0.0,0.0,0.0,-0.0000,-1.5708,0.0000
FLOOR,4100.00,-20.00,1580.00,300.0,1.0,200.0,0.0,0.0,0.0,-0.0000,-1.5708,0.0000
FLOOR,4100.00,-20.00,620.00,300.0,1.0,200.0,0.0,0.0,0.0,-0.0000,-1.5708,0.0000
FLOOR,4100.00,-20.00,1660.00,300.0,1.0,200.0,0.0,0.0,0.0,-0.0000,-1.5708,0.0000
FLOOR,4100.00,-20.00,540.00,300.0,1.0,200.0,0.0,0.0,0.0,-0.0000,-1.5708,0.0000
FLOOR,4100.00,-20.00,1740.00,300.0,1.0,200.0,0.0,0.0,0.0,-0.0000,-1.5708,0.0000
FLOOR,4100.00,-20.00,460.00,300.0,1.0,200.0,0.0,0.0,0.0,-0.0000,-1.5708,0.0000
FLOOR,4100.00,-20.00,1820.00,300.0,1.0,200.0,0.0,0.0,0.0,-0.0000,-1.5708,0.0000
FLOOR,4100.00,-20.00,380.00,300.0,1.0,200.0,0.0,0.0,0.0,-0.0000,-1.5708,0.0000
FLOOR,4100.00,-20.00,1900.00,300.0,1.0,200.0,0.0,0.0,0.0,-0.0000,-1.5708,0.0000
FLOOR,4100.00,-20.00,300.00,300.0,1.0,200.0,0.0,0.0,0.0,-0.0000,-1.5708,0.0000
FLOOR,4200.00,-20.00,1100.00,300.0,1.0,200.0,0.0,0.0,0.0,-0.0000,-1.5708,0.0000
FLOOR,4200.00,-20.00,1180.00,300.0,1.0,200.0,0.0,0.0,0.0,-0.0000,-1.5708,0.0000
FLOOR,4200.00,-20.00,1020.00,300.0,1.0,200.0,0.0,0.0,0.0,-0.0000,-1.5708,0.0000
FLOOR,4200.00,-20.00,1260.00,300.0,1.0,200.0,0.0,0.0,0.0,-0.0000,-1.5708,0.0000
FLOOR,4200.00,-20.00,940.00,300.0,1.0,200.0,0.0,0.0,0.0,-0.0000,-1.5708,0.0000
FLOOR,4200.00,-20.00,1340.00,300.0,1.0,200.0,0.0,0.0,0.0,-0.0000,-1.5708,0.0000
FLOOR,4200.00,-20.00,860.00,300.0,1.0,200.0,0.0,0.0,0.0,-0.0000,-1.5708,0.0000
FLOOR,4200.00,-20.00,1420.00,300.0,1.0,200.0,0.0,0.0,0.0,-0.0000,-1.5708,0.0000
FLOOR,4200.00,-20.00,780.00,300.0,1.0,200.0,0.0,0.0,0.0,-0.0000,-1.5708,0.0000
FLOOR,4200.00,-20.00,1500.00,300.0,1.0,200.0,0.0,0.0,0.0,-0.0000,-1.5708,0.0000
FLOOR,4200.00,-20.00,700.00,300.0,1.0,200.0,0.0,0.0,0.0,-0.0000,-1.5708,0.0000
FLOOR,4200.00,-20.00,1580.00,300.0,1.0,200.0,0.0,0.0,0.0,-0.0000,-1.5708,0.0000
FLOOR,4200.00,-20.00,620.00,300.0,1.0,200.0,0.0,0.0,0.0,-0.0000,-1.5708,0.0000
FLOOR,4200.00,-20.00,1660.00,300.0,1.0,200.0,0.0,0.0,0.0,-0.0000,-1.5708,0.0000
FLOOR,4200.00,-20.00,540.00,300.0,1.0,200.0,0.0,0.0,0.0,-0.0000,-1.5708,0.0000
FLOOR,4200.00,-20.00,1740.00,300.0,1.0,200.0,0.0,0.0,0.0,-0.0000,-1.5708,0.0000
FLOOR,4200.00,-20.00,460.00,300.0,1.0,200.0,0.0,0.0,0.0,-0.0000,-1.5708,0.0000
FLOOR,4200.00,-20.00,1820.00,300.0,1.0,200.0,0.0,0.0,0.0,-0.0000,-1.5708,0.0000
FLOOR,4200.00,-20.00,380.00,300.0,1.0,200.0,0.0,0.0,0.0,-0.0000,-1.5708,0.0000
FLOOR,4200.00,-20.00,1900.00,300.0,1.0,200.0,0.0,0.0,0.0,-0.0000,-1.5708,0.0000
FLOOR,4200.00,-20.00,300.00,300.0,1.0,200.0,0.0,0.0,0.0,-0.0000,-1.5708,0.0000
FLOOR,4300.00,-20.00,1100.00,300.0,1.0,200.0,0.0,0.0,0.0,-0.0000,-1.5708,0.0000
FLOOR,4300.00,-20.00,1180.00,300.0,1.0,200.0,0.0,0.0,0.0,-0.0000,-1.5708,0.0000
FLOOR,4300.00,-20.00,1020.00,300.0,1.0,200.0,0.0,0.0,0.0,-0.0000,-1.5708,0.0000
FLOOR,4300.00,-20.00,1260.00,300.0,1.0,200.0,0.0,0.0,0.0,-0.0000,-1.5708,0.0000
FLOOR,4300.00,-20.00,940.00,300.0,1.0,200.0,0.0,0.0,0.0,-0.0000,-1.5708,0.0000
FLOOR,4300.00,-20.00,1340.00,300.0,1.0,200.0,0.0,0.0,0.0,-0.0000,-1.5708,0.0000
FLOOR,4300.00,-20.00,860.00,300.0,1.0,200.0,0.0,0.0,0.0,-0.0000,-1.5708,0.0000
FLOOR,4300.00,-20.00,1420.00,300.0,1.0,200.0,0.0,0.0,0.0,-0.0000,-1.5708,0.0000
FLOOR,4300.00,-20.00,780.00,300.0,1.0,200.0,0.0,0.0,0.0,-0.0000,-1.5708,0.0000
FLOOR,4300.00,-20.00,1500.00,300.0,1.0,200.0,0.0,0.0,0.0,-0.0000,-1.5708,0.0000
FLOOR,4300.00,-20.00,700.00,300.0,1.0,200.0,0.0,0.0,0.0,-0.0000,-1.5708,0.0000
FLOOR,4300.00,-20.00,1580.00,300.0,1.0,200.0,0.0,0.0,0.0,-0.0000,-1.5708,0.0000
FLOOR,4300.00,-20.00,620.00,300.0,1.0,200.0,0.0,0.0,0.0,-0.0000,-1.5708,0.0000
FLOOR,4300.00,-20.00,1660.00,300.0,1.0,200.0,0.0,0.0,0.0,-0.0000,-1.5708,0.0000
FLOOR,4300.00,-20.00,540.00,300.0,1.0,200.0,0.0,0.0,0.0,-0.0000,-1.5708,0.0000
FLOOR,4300.00,-20.00,1740.00,300.0,1.0,200.0,0.0,0.0,0.0,-0.0000,-1.5708,0.0000
FLOOR,4300.00,-20.00,460.00,300.0,1.0,200.0,0.0,0.0,0.0,-0.0000,-1.5708,0.0000
FLOOR,4300.00,-20.00,1820.00,300.0,1.0,200.0,0.0,0.0,0.0,-0.0000,-1.5708,0.0000
FLOOR,4300.00,-20.00,380.00,300.0,1.0,200.0,0.0,0.0,0.0,-0.0000,-1.5708,0.0000
FLOOR,4300.00,-20.00,1900.00,300.0,1.0,200.0,0.0,0.0,0.0,-0.0000,-1.5708,0.0000
FLOOR,4300.00,-20.00,300.00,300.0,1.0,200.0,0.0,0.0,0.0,-0.0000,-1.5708,0.0000
FLOOR,4400.00,-20.00,1100.00,300.0,1.0,200.0,0.0,0.0,0.0,-0.0000,-1.5708,0.0000
FLOOR,4400.00,-20.00,1180.00,300.0,1.0,200.0,0.0,0.0,0.0,-0.0000,-1.5708,0.0000
FLOOR,4400.00,-20.00,1020.00,300.0,1.0,200.0,0.0,0.0,0.0,-0.0000,-1.5708,0.0000
FLOOR,4400.00,-20.00,1260.00,300.0,1.0,200.0,0.0,0.0,0.0,-0.0000,-1.5708,0.0000
FLOOR,4400.00,-20.00,940.00,300.0,1.0,200.0,0.0,0.0,0.0,-0.0000,-1.5708,0.0000
FLOOR,4400.00,-20.00,1340.00,300.0,1.0,200.0,0.0,0.0,0.0,-0.0000,-1.5708,0.0000
FLOOR,4400.00,-20.00,860.00,300.0,1.0,200.0,0.0,0.0,0.0,-0.0000,-1.5708,0.0000
FLOOR,4400.00,-20.00,1420.00,300.0,1.0,200.0,0.0,0.0,0.0,-0.0000,-1.5708,0.0000
FLOOR,4400.00,-20.00,780.00,300.0,1.0,200.0,0.0,0.0,0.0,-0.0000,-1.5708,0.0000
FLOOR,4400.00,-20.00,1500.00,300.0,1.0,200.0,0.0,0.0,0.0,-0.0000,-1.5708,0.0000
FLOOR,4400.00,-20.00,700.00,300.0,1.0,200.0,0.0,0.0,0.0,-0.0000,-1.5708,0.0000
FLOOR,4400.00,-20.00,1580.00,300.0,1.0,200.0,0.0,0.0,0.0,-0.0000,-1.5708,0.0000
FLOOR,4400.00,-20.00,620.00,300.0,1.0,200.0,0.0,0.0,0.0,-0.0000,-1.5708,0.0000
FLOOR,4400.00,-20.00,1660.00,300.0,1.0,200.0,0.0,0.0,0.0,-0.0000,-1.5708,0.0000
FLOOR,4400.00,-20.00,540.00,300.0,1.0,200.0,0.0,0.0,0.0,-0.0000,-1.5708,0.0000
FLOOR,4400.00,-20.00,1740.00,300.0,1.0,200.0,0.0,0.0,0.0,-0.0000,-1.5708,0.0000
FLOOR,4400.00,-20.00,460.00,300.0,1.0,200.0,0.0,0.0,0.0,-0.0000,-1.5708,0.0000
FLOOR,4400.00,-20.00,1820.00,300.0,1.0,200.0,0.0,0.0,0.0,-0.0000,-1.5708,0.0000
FLOOR,4400.00,-20.00,380.00,300.0,1.0,200.0,0.0,0.0,0.0,-0.0000,-1.5708,0.0000
FLOOR,4400.00,-20.00,1900.00,300.0,1.0,200.0,0.0,0.0,0.0,-0.0000,-1.5708,0.0000
FLOOR,4400.00,-20.00,300.00,300.0,1.0,200.0,0.0,0.0,0.0,-0.0000,-1.5708,0.0000
FLOOR,4500.00,-20.00,1100.00,300.0,1.0,200.0,0.0,0.0,0.0,-0.0000,-1.5708,0.0000
FLOOR,4500.00,-20.00,1180.00,300.0,1.0,200.0,0.0,0.0,0.0,-0.0000,-1.5708,0.0000
FLOOR,4500.00,-20.00,1020.00,300.0,1.0,200.0,0.0,0.0,0.0,-0.0000,-1.5708,0.0000
FLOOR,4500.00,-20.00,1260.00,300.0,1.0,200.0,0.0,0.0,0.0,-0.0000,-1.5708,0.0000
FLOOR,4500.00,-20.00,940.00,300.0,1.0,200.0,0.0,0.0,0.0,-0.0000,-1.5708,0.0000
FLOOR,4500.00,-20.00,1340.00,300.0,1.0,200.0,0.0,0.0,0.0,-0.0000,-1.5708,0.0000
FLOOR,4500.00,-20.00,860.00,300.0,1.0,200.0,0.0,0.0,0.0,-0.0000,-1.5708,0.0000
FLOOR,4500.00,-20.00,1420.00,300.0,1.0,200.0,0.0,0.0,0.0,-0.0000,-1.5708,0.0000
FLOOR,4500.00,-20.00,780.00,300.0,1.0,200.0,0.0,0.0,0.0,-0.0000,-1.5708,0.0000
FLOOR,4500.00,-20.00,1500.00,300.0,1.0,200.0,0.0,0.0,0.0,-0.0000,-1.5708,0.0000
FLOOR,4500.00,-20.00,700.00,300.0,1.0,200.0,0.0,0.0,0.0,-0.0000,-1.5708,0.0000
FLOOR,4500.00,-20.00,1580.00,300.0,1.0,200.0,0.0,0.0,0.0,-0.0000,-1.5708,0.0000
FLOOR,4500.00,-20.00,620.00,300.0,1.0,200.0,0.0,0.0,0.0,-0.0000,-1.5708,0.0000
FLOOR,4500.00,-20.00,1660.00,300.0,1.0,200.0,0.0,0.0,0.0,-0.0000,-1.5708,0.0000
FLOOR,4500.00,-20.00,540.00,300.0,1.0,200.0,0.0,0.0,0.0,-0.0000,-1.5708,0.0000
FLOOR,4500.00,-20.00,1740.00,300.0,1.0,200.0,0.0,0.0,0.0,-0.0000,-1.5708,0.0000
FLOOR,4500.00,-20.00,460.00,300.0,1.0,200.0,0.0,0.0,0.0,-0.0000,-1.5708,0.0000
FLOOR,4500.00,-20.00,1820.00,300.0,1.0,200.0,0.0,0.0,0.0,-0.0000,-1.5708,0.0000
FLOOR,4500.00,-20.00,380.00,300.0,1.0,200.0,0.0,0.0,0.0,-0.0000,-1.5708,0.0000
FLOOR,4500.00,-20.00,1900.00,300.0,1.0,200.0,0.0,0.0,0.0,-0.0000,-1.5708,0.0000
FLOOR,4500.00,-20.00,300.00,300.0,1.0,200.0,0.0,0.0,0.0,-0.0000,-1.5708,0.0000
FLOOR,4600.00,-20.00,1100.00,300.0,1.0,200.0,0.0,0.0,0.0,-0.0000,-1.5708,0.0000
FLOOR,4600.00,-20.00,1180.00,300.0,1.0,200.0,0.0,0.0,0.0,-0.0000,-1.5708,0.0000
FLOOR,4600.00,-20.00,1020.00,300.0,1.0,200.0,0.0,0.0,0.0,-0.0000,-1.5708,0.0000
FLOOR,4600.00,-20.00,1260.00,300.0,1.0,200.0,0.0,0.0,0.0,-0.0000,-1.5708,0.0000
FLOOR,4600.00,-20.00,940.00,300.0,1.0,200.0,0.0,0.0,0.0,-0.0000,-1.5708,0.0000
FLOOR,4600.00,-20.00,1340.00,300.0,1.0,200.0,0.0,0.0,0.0,-0.0000,-1.5708,0.0000
FLOOR,4600.00,-20.00,860.00,300.0,1.0,200.0,0.0,0.0,0.0,-0.0000,-1.5708,0.0000
FLOOR,4600.00,-20.00,1420.00,300.0,1.0,200.0,0.0,0.0,0.0,-0.0000,-1.5708,0.0000
FLOOR,4600.00,-20.00,780.00,300.0,1.0,200.0,0.0,0.0,0.0,-0.0000,-1.5708,0.0000
FLOOR,4600.00,-20.00,1500.00,300.0,1.0,200.0,0.0,0.0,0.0,-0.0000,-1.5708,0.0000
FLOOR,4600.00,-20.00,700.00,300.0,1.0,200.0,0.0,0.0,0.0,-0.0000,-1.5708,0.0000
FLOOR,4600.00,-20.00,1580.00,300.0,1.0,200.0,0.0,0.0,0.0,-0.0000,-1.5708,0.0000
FLOOR,4600.00,-20.00,620.00,300.0,1.0,200.0,0.0,0.0,0.0,-0.0000,-1.5708,0.0000
FLOOR,4600.00,-20.00,1660.00,300.0,1.0,200.0,0.0,0.0,0.0,-0.0000,-1.5708,0.0000
FLOOR,4600.00,-20.00,540.00,300.0,1.0,200.0,0.0,0.0,0.0,-0.0000,-1.5708,0.0000
FLOOR,4600.00,-20.00,1740.00,300.0,1.0,200.0,0.0,0.0,0.0,-0.0000,-1.5708,0.0000
FLOOR,4600.00,-20.00,460.00,300.0,1.0,200.0,0.0,0.0,0.0,-0.0000,-1.5708,0.0000
FLOOR,4600.00,-20.00,1820.00,300.0,1.0,200.0,0.0,0.0,0.0,-0.0000,-1.5708,0.0000
FLOOR,4600.00,-20.00,380.00,300.0,1.0,200.0,0.0,0.0,0.0,-0.0000,-1.5708,0.0000
FLOOR,4600.00,-20.00,1900.00,300.0,1.0,200.0,0.0,0.0,0.0,-0.0000,-1.5708,0.0000
FLOOR,4600.00,-20.00,300.00,300.0,1.0,200.0,0.0,0.0,0.0,-0.0000,-1.5708,0.0000
FLOOR,4700.00,-20.00,1100.00,300.0,1.0,200.0,0.0,0.0,0.0,-0.0000,-1.5708,0.0000
FLOOR,4700.00,-20.00,1180.00,300.0,1.0,200.0,0.0,0.0,0.0,-0.0000,-1.5708,0.0000
FLOOR,4700.00,-20.00,1020.00,300.0,1.0,200.0,0.0,0.0,0.0,-0.0000,-1.5708,0.0000
FLOOR,4700.00,-20.00,1260.00,300.0,1.0,200.0,0.0,0.0,0.0,-0.0000,-1.5708,0.0000
FLOOR,4700.00,-20.00,940.00,300.0,1.0,200.0,0.0,0.0,0.0,-0.0000,-1.5708,0.0000
FLOOR,4700.00,-20.00,1340.00,300.0,1.0,200.0,0.0,0.0,0.0,-0.0000,-1.5708,0.0000
FLOOR,4700.00,-20.00,860.00,300.0,1.0,200.0,0.0,0.0,0.0,-0.0000,-1.5708,0.0000
FLOOR,4700.00,-20.00,1420.00,300.0,1.0,200.0,0.0,0.0,0.0,-0.0000,-1.5708,0.0000
FLOOR,4700.00,-20.00,780.00,300.0,1.0,200.0,0.0,0.0,0.0,-0.0000,-1.5708,0.0000
FLOOR,4700.00,-20.00,1500.00,300.0,1.0,200.0,0.0,0.0,0.0,-0.0000,-1.5708,0.0000
FLOOR,4700.00,-20.00,700.00,300.0,1.0,200.0,0.0,0.0,0.0,-0.0000,-1.5708,0.0000
FLOOR,4700.00,-20.00,1580.00,300.0,1.0,200.0,0.0,0.0,0.0,-0.0000,-1.5708,0.0000
FLOOR,4700.00,-20.00,620.00,300.0,1.0,200.0,0.0,0.0,0.0,-0.0000,-1.5708,0.0000
FLOOR,4700.00,-20.00,1660.00,300.0,1.0,200.0,0.0,0.0,0.0,-0.0000,-1.5708,0.0000
FLOOR,4700.00,-20.00,540.00,300.0,1.0,200.0,0.0,0.0,0.0,-0.0000,-1.5708,0.0000
FLOOR,4700.00,-20.00,1740.00,300.0,1.0,200.0,0.0,0.0,0.0,-0.0000,-1.5708,0.0000
FLOOR,4700.00,-20.00,460.00,300.0,1.0,200.0,0.0,0.0,0.0,-0.0000,-1.5708,0.0000
FLOOR,4700.00,-20.00,1820.00,300.0,1.0,200.0,0.0,0.0,0.0,-0.0000,-1.5708,0.0000
FLOOR,4700.00,-20.00,380.00,300.0,1.0,200.0,0.0,0.0,0.0,-0.0000,-1.5708,0.0000
FLOOR,4700.00,-20.00,1900.00,300.0,1.0,200.0,0.0,0.0,0.0,-0.0000,-1.5708,0.0000
FLOOR,4700.00,-20.00,300.00,300.0,1.0,200.0,0.0,0.0,0.0,-0.0000,-1.5708,0.0000
FLOOR,4800.00,-20.00,1100.00,300.0,1.0,200.0,0.0,0.0,0.0,-0.0000,-1.5708,0.0000
FLOOR,4800.00,-20.00,1180.00,300.0,1.0,200.0,0.0,0.0,0.0,-0.0000,-1.5708,0.0000
FLOOR,4800.00,-20.00,1020.00,300.0,1.0,200.0,0.0,0.0,0.0,-0.0000,-1.5708,0.0000
FLOOR,4800.00,-20.00,1260.00,300.0,1.0,200.0,0.0,0.0,0.0,-0.0000,-1.5708,0.0000
FLOOR,4800.00,-20.00,940.00,300.0,1.0,200.0,0.0,0.0,0.0,-0.0000,-1.5708,0.0000
FLOOR,4800.00,-20.00,1340.00,300.0,1.0,200.0,0.0,0.0,0.0,-0.0000,-1.5708,0.0000
FLOOR,4800.00,-20.00,860.00,300.0,1.0,200.0,0.0,0.0,0.0,-0.0000,-1.5708,0.0000
FLOOR,4800.00,-20.00,1420.00,300.0,1.0,200.0,0.0,0.0,0.0,-0.0000,-1.5708,0.0000
FLOOR,4800.00,-20.00,780.00,300.0,1.0,200.0,0.0,0.0,0.0,-0.0000,-1.5708,0.0000
FLOOR,4800.00,-20.00,1500.00,300.0,1.0,200.0,0.0,0.0,0.0,-0.0000,-1.5708,0.0000
FLOOR,4800.00,-20.00,700.00,300.0,1.0,200.0,0.0,0.0,0.0,-0.0000,-1.5708,0.0000
FLOOR,4800.00,-20.00,1580.00,300.0,1.0,200.0,0.0,0.0,0.0,-0.0000,-1.5708,0.0000
FLOOR,4800.00,-20.00,620.00,300.0,1.0,200.0,0.0,0.0,0.0,-0.0000,-1.5708,0.0000
FLOOR,4800.00,-20.00,1660.00,300.0,1.0,200.0,0.0,0.0,0.0,-0.0000,-1.5708,0.0000
FLOOR,4800.00,-20.00,540.00,300.0,1.0,200.0,0.0,0.0,0.0,-0.0000,-1.5708,0.0000
FLOOR,4800.00,-20.00,1740.00,300.0,1.0,200.0,0.0,0.0,0.0,-0.0000,-1.5708,0.0000
FLOOR,4800.00,-20.00,460.00,300.0,1.0,200.0,0.0,0.0,0.0,-0.0000,-1.5708,0.0000
FLOOR,4800.00,-20.00,1820.00,300.0,1.0,200.0,0.0,0.0,0.0,-0.0000,-1.5708,0.0000
FLOOR,4800.00,-20.00,380.00,300.0,1.0,200.0,0.0,0.0,0.0,-0.0000,-1.5708,0.0000
FLOOR,4800.00,-20.00,1900.00,300.0,1.0,200.0,0.0,0.0,0.0,-0.0000,-1.5708,0.0000
FLOOR,4800.00,-20.00,300.00,300.0,1.0,200.0,0.0,0.0,0.0,-0.0000,-1.5708,0.0000
FLOOR,4900.00,-20.00,1100.00,300.0,1.0,200.0,0.0,0.0,0.0,-0.0000,-1.5708,0.0000
FLOOR,4900.00,-20.00,1180.00,300.0,1.0,200.0,0.0,0.0,0.0,-0.0000,-1.5708,0.0000
FLOOR,4900.00,-20.00,1020.00,300.0,1.0,200.0,0.0,0.0,0.0,-0.0000,-1.5708,0.0000
FLOOR,4900.00,-20.00,1260.00,300.0,1.0,200.0,0.0,0.0,0.0,-0.0000,-1.5708,0.0000
FLOOR,4900.00,-20.00,940.00,300.0,1.0,200.0,0.0,0.0,0.0,-0.0000,-1.5708,0.0000
FLOOR,4900.00,-20.00,1340.00,300.0,1.0,200.0,0.0,0.0,0.0,-0.0000,-1.5708,0.0000
FLOOR,4900.00,-20.00,860.00,300.0,1.0,200.0,0.0,0.0,0.0,-0.0000,-1.5708,0.0000
FLOOR,4900.00,-20.00,1420.00,300.0,1.0,200.0,0.0,0.0,0.0,-0.0000,-1.5708,0.0000
FLOOR,4900.00,-20.00,780.00,300.0,1.0,200.0,0.0,0.0,0.0,-0.0000,-1.5708,0.0000
FLOOR,4900.00,-20.00,1500.00,300.0,1.0,200.0,0.0,0.0,0.0,-0.0000,-1.5708,0.0000
FLOOR,4900.00,-20.00,700.00,300.0,1.0,200.0,0.0,0.0,0.0,-0.0000,-1.5708,0.0000
FLOOR,4900.00,-20.00,1580.00,300.0,1.0,200.0,0.0,0.0,0.0,-0.0000,-1.5708,0.0000
FLOOR,4900.00,-20.00,620.00,300.0,1.0,200.0,0.0,0.0,0.0,-0.0000,-1.5708,0.0000
FLOOR,4900.00,-20.00,1660.00,300.0,1.0,200.0,0.0,0.0,0.0,-0.0000,-1.5708,0.0000
FLOOR,4900.00,-20.00,540.00,300.0,1.0,200.0,0.0,0.0,0.0,-0.0000,-1.5708,0.0000
FLOOR,4900.00,-20.00,1740.00,300.0,1.0,200.0,0.0,0.0,0.0,-0.0000,-1.5708,0.0000
FLOOR,4900.00,-20.00,460.00,300.0,1.0,200.0,0.0,0.0,0.0,-0.0000,-1.5708,0.0000
FLOOR,4900.00,-20.00,1820.00,300.0,1.0,200.0,0.0,0.0,0.0,-0.0000,-1.5708,0.0000
FLOOR,4900.00,-20.00,380.00,300.0,1.0,200.0,0.0,0.0,0.0,-0.0000,-1.5708,0.0000
FLOOR,4900.00,-20.00,1900.00,300.0,1.0,200.0,0.0,0.0,0.0,-0.0000,-1.5708,0.0000
FLOOR,4900.00,-20.00,300.00,300.0,1.0,200.0,0.0,0.0,0.0,-0.0000,-1.5708,0.0000
FLOOR,5000.00,-20.00,1100.00,300.0,1.0,200.0,0.0,0.0,0.0,-0.0000,-1.5708,0.0000
FLOOR,5000.00,-20.00,1180.00,300.0,1.0,200.0,0.0,0.0,0.0,-0.0000,-1.5708,0.0000
FLOOR,5000.00,-20.00,1020.00,300.0,1.0,200.0,0.0,0.0,0.0,-0.0000,-1.5708,0.0000
FLOOR,5000.00,-20.00,1260.00,300.0,1.0,200.0,0.0,0.0,0.0,-0.0000,-1.5708,0.0000
FLOOR,5000.00,-20.00,940.00,300.0,1.0,200.0,0.0,0.0,0.0,-0.0000,-1.5708,0.0000
FLOOR,5000.00,-20.00,1340.00,300.0,1.0,200.0,0.0,0.0,0.0,-0.0000,-1.5708,0.0000
FLOOR,5000.00,-20.00,860.00,300.0,1.0,200.0,0.0,0.0,0.0,-0.0000,-1.5708,0.0000
FLOOR,5000.00,-20.00,1420.00,300.0,1.0,200.0,0.0,0.0,0.0,-0.0000,-1.5708,0.0000
FLOOR,5000.00,-20.00,780.00,300.0,1.0,200.0,0.0,0.0,0.0,-0.0000,-1.5708,0.0000
FLOOR,5000.00,-20.00,1500.00,300.0,1.0,200.0,0.0,0.0,0.0,-0.0000,-1.5708,0.0000
FLOOR,5000.00,-20.00,700.00,300.0,1.0,200.0,0.0,0.0,0.0,-0.0000,-1.5708,0.0000
FLOOR,5000.00,-20.00,1580.00,300.0,1.0,200.0,0.0,0.0,0.0,-0.0000,-1.5708,0.0000
FLOOR,5000.00,-20.00,620.00,300.0,1.0,200.0,0.0,0.0,0.0,-0.0000,-1.5708,0.0000
FLOOR,5000.00,-20.00,1660.00,300.0,1.0,200.0,0.0,0.0,0.0,-0.0000,-1.5708,0.0000
FLOOR,5000.00,-20.00,540.00,300.0,1.0,200.0,0.0,0.0,0.0,-0.0000,-1.5708,0.0000
FLOOR,5000.00,-20.00,1740.00,300.0,1.0,200.0,0.0,0.0,0.0,-0.0000,-1.5708,0.0000
FLOOR,5000.00,-20.00,460.00,300.0,1.0,200.0,0.0,0.0,0.0,-0.0000,-1.5708,0.0000
FLOOR,5000.00,-20.00,1820.00,300.0,1.0,200.0,0.0,0.0,0.0,-0.0000,-1.5708,0.0000
FLOOR,5000.00,-20.00,380.00,300.0,1.0,200.0,0.0,0.0,0.0,-0.0000,-1.5708,0.0000
FLOOR,5000.00,-20.00,1900.00,300.0,1.0,200.0,0.0,0.0,0.0,-0.0000,-1.5708,0.0000
FLOOR,5000.00,-20.00,300.00,300.0,1.0,200.0,0.0,0.0,0.0,-0.0000,-1.5708,0.0000
FLOOR,5100.00,-20.00,1100.00,300.0,1.0,200.0,0.0,0.0,0.0,-0.0000,-1.5708,0.0000
FLOOR,5100.00,-20.00,1180.00,300.0,1.0,200.0,0.0,0.0,0.0,-0.0000,-1.5708,0.0000
FLOOR,5100.00,-20.00,1020.00,300.0,1.0,200.0,0.0,0.0,0.0,-0.0000,-1.5708,0.0000
FLOOR,5100.00,-20.00,1260.00,300.0,1.0,200.0,0.0,0.0,0.0,-0.0000,-1.5708,0.0000
FLOOR,5100.00,-20.00,940.00,300.0,1.0,200.0,0.0,0.0,0.0,-0.0000,-1.5708,0.0000
FLOOR,5100.00,-20.00,1340.00,300.0,1.0,200.0,0.0,0.0,0.0,-0.0000,-1.5708,0.0000
FLOOR,5100.00,-20.00,860.00,300.0,1.0,200.0,0.0,0.0,0.0,-0.0000,-1.5708,0.0000
FLOOR,5100.00,-20.00,1420.00,300.0,1.0,200.0,0.0,0.0,0.0,-0.0000,-1.5708,0.0000
FLOOR,5100.00,-20.00,780.00,300.0,1.0,200.0,0.0,0.0,0.0,-0.0000,-1.5708,0.0000
FLOOR,5100.00,-20.00,1500.00,300.0,1.0,200.0,0.0,0.0,0.0,-0.0000,-1.5708,0.0000
FLOOR,5100.00,-20.00,700.00,300.0,1.0,200.0,0.0,0.0,0.0,-0.0000,-1.5708,0.0000
FLOOR,5100.00,-20.00,1580.00,300.0,1.0,200.0,0.0,0.0,0.0,-0.0000,-1.5708,0.0000
FLOOR,5100.00,-20.00,620.00,300.0,1.0,200.0,0.0,0.0,0.0,-0.0000,-1.5708,0.0000
FLOOR,5100.00,-20.00,1660.00,300.0,1.0,200.0,0.0,0.0,0.0,-0.0000,-1.5708,0.0000
FLOOR,5100.00,-20.00,540.00,300.0,1.0,200.0,0.0,0.0,0.0,-0.0000,-1.5708,0.0000
FLOOR,5100.00,-20.00,1740.00,300.0,1.0,200.0,0.0,0.0,0.0,-0.0000,-1.5708,0.0000
FLOOR,5100.00,-20.00,460.00,300.0,1.0,200.0,0.0,0.0,0.0,-0.0000,-1.5708,0.0000
FLOOR,5100.00,-20.00,1820.00,300.0,1.0,200.0,0.0,0.0,0.0,-0.0000,-1.5708,0.0000
FLOOR,5100.00,-20.00,380.00,300.0,1.0,200.0,0.0,0.0,0.0,-0.0000,-1.5708,0.0000
FLOOR,5100.00,-20.00,1900.00,300.0,1.0,200.0,0.0,0.0,0.0,-0.0000,-1.5708,0.0000
FLOOR,5100.00,-20.00,300.00,300.0,1.0,200.0,0.0,0.0,0.0,-0.0000,-1.5708,0.0000
FLOOR,5200.00,-20.00,1100.00,300.0,1.0,200.0,0.0,0.0,0.0,-0.0000,-1.5708,0.0000
FLOOR,5200.00,-20.00,1180.00,300.0,1.0,200.0,0.0,0.0,0.0,-0.0000,-1.5708,0.0000
FLOOR,5200.00,-20.00,1020.00,300.0,1.0,200.0,0.0,0.0,0.0,-0.0000,-1.5708,0.0000
FLOOR,5200.00,-20.00,1260.00,300.0,1.0,200.0,0.0,0.0,0.0,-0.0000,-1.5708,0.0000
FLOOR,5200.00,-20.00,940.00,300.0,1.0,200.0,0.0,0.0,0.0,-0.0000,-1.5708,0.0000
FLOOR,5200.00,-20.00,1340.00,300.0,1.0,200.0,0.0,0.0,0.0,-0.0000,-1.5708,0.0000
FLOOR,5200.00,-20.00,860.00,300.0,1.0,200.0,0.0,0.0,0.0,-0.0000,-1.5708,0.0000
FLOOR,5200.00,-20.00,1420.00,300.0,1.0,200.0,0.0,0.0,0.0,-0.0000,-1.5708,0.0000
FLOOR,5200.00,-20.00,780.00,300.0,1.0,200.0,0.0,0.0,0.0,-0.0000,-1.5708,0.0000
FLOOR,5200.00,-20.00,1500.00,300.0,1.0,200.0,0.0,0.0,0.0,-0.0000,-1.5708,0.0000
FLOOR,5200.00,-20.00,700.00,300.0,1.0,200.0,0.0,0.0,0.0,-0.0000,-1.5708,0.0000
FLOOR,5200.00,-20.00,1580.00,300.0,1.0,200.0,0.0,0.0,0.0,-0.0000,-1.5708,0.0000
FLOOR,5200.00,-20.00,620.00,300.0,1.0,200.0,0.0,0.0,0.0,-0.0000,-1.5708,0.0000
FLOOR,5200.00,-20.00,1660.00,300.0,1.0,200.0,0.0,0.0,0.0,-0.0000,-1.5708,0.0000
FLOOR,5200.00,-20.00,540.00,300.0,1.0,200.0,0.0,0.0,0.0,-0.0000,-1.5708,0.0000
FLOOR,5200.00,-20.00,1740.00,300.0,1.0,200.0,0.0,0.0,0.0,-0.0000,-1.5708,0.0000
FLOOR,5200.00,-20.00,460.00,300.0,1.0,200.0,0.0,0.0,0.0,-0.0000,-1.5708,0.0000
FLOOR,5200.00,-20.00,1820.00,300.0,1.0,200.0,0.0,0.0,0.0,-0.0000,-1.5708,0.0000
FLOOR,5200.00,-20.00,380.00,300.0,1.0,200.0,0.0,0.0,0.0,-0.0000,-1.5708,0.0000
FLOOR,5200.00,-20.00,1900.00,300.0,1.0,200.0,0.0,0.0,0.0,-0.0000,-1.5708,0.0000
FLOOR,5200.00,-20.00,300.00,300.0,1.0,200.0,0.0,0.0,0.0,-0.0000,-1.5708,0.0000
BUILDING,40.00,-14.95,50.00,12.71,10.00,10.22,0.0,0.0000,0.0
BUILDING,-40.00,-14.96,50.00,11.95,10.00,9.16,0.0,0.0000,0.0
BUILDING,120.00,-14.56,50.00,11.81,10.00,12.58,0.0,0.0000,0.0
BUILDING,-120.00,-14.80,50.00,11.95,10.00,13.05,0.0,0.0000,0.0
BUILDING,-120.00,-4.80,50.00,11.95,10.00,13.05,0.0,0.0000,0.0
BUILDING,-120.00,5.20,50.00,11.95,10.00,13.05,0.0,0.0000,0.0
BUILDING,-120.00,15.20,50.00,11.95,10.00,13.05,0.0,0.0000,0.0
ENEMY,-96.00,44.87,52.97,3.8,3.8,3.8,0.0,0.0,0.0
BUILDING,200.00,-13.86,50.00,10.08,10.00,12.82,0.0,0.0000,0.0
BUILDING,200.00,-3.86,50.00,10.08,10.00,12.82,0.0,0.0000,0.0
BUILDING,-200.00,-14.87,50.00,13.24,10.00,12.02,0.0,0.0000,0.0
BUILDING,-200.00,-4.87,50.00,13.24,10.00,12.02,0.0,0.0000,0.0
BUILDING,-200.00,5.13,50.00,13.24,10.00,12.02,0.0,0.0000,0.0
BUILDING,-280.00,-15.57,50.00,9.39,10.00,10.47,0.0,0.0000,0.0
BUILDING,-280.00,-5.57,50.00,9.39,10.00,10.47,0.0,0.0000,0.0
BUILDING,-280.00,4.43,50.00,9.39,10.00,10.47,0.0,0.0000,0.0
BUILDING,-280.00,14.43,50.00,9.39,10.00,10.47,0.0,0.0000,0.0
BUILDING,-280.00,24.43,50.00,9.39,10.00,10.47,0.0,0.0000,0.0
BUILDING,-280.00,34.43,50.00,9.39,10.00,10.47,0.0,0.0000,0.0
BUILDING,-280.00,44.43,50.00,9.39,10.00,10.47,0.0,0.0000,0.0
BUILDING,-280.00,54.43,50.00,9.39,10.00,10.47,0.0,0.0000,0.0
BUILDING,-360.00,-17.06,50.00,12.52,10.00,9.23,0.0,0.0000,0.0
BUILDING,-360.00,-7.06,50.00,12.52,10.00,9.23,0.0,0.0000,0.0
BUILDING,-360.00,2.94,50.00,12.52,10.00,9.23,0.0,0.0000,0.0
BUILDING,-360.00,12.94,50.00,12.52,10.00,9.23,0.0,0.0000,0.0
BUILDING,-360.00,22.94,50.00,12.52,10.00,9.23,0.0,0.0000,0.0
BUILDING,-360.00,32.94,50.00,12.52,10.00,9.23,0.0,0.0000,0.0
BUILDING,440.00,-12.16,50.00,13.28,10.00,13.33,0.0,0.0000,0.0
BUILDING,440.00,-2.16,50.00,13.28,10.00,13.33,0.0,0.0000,0.0
BUILDING,440.00,7.84,50.00,13.28,10.00,13.33,0.0,0.0000,0.0
BUILDING,440.00,17.84,50.00,13.28,10.00,13.33,0.0,0.0000,0.0
BUILDING,440.00,27.84,50.00,13.28,10.00,13.33,0.0,0.0000,0.0
BUILDING,440.00,37.84,50.00,13.28,10.00,13.33,0.0,0.0000,0.0
BUILDING,440.00,47.84,50.00,13.28,10.00,13.33,0.0,0.0000,0.0
BUILDING,-440.00,-19.20,50.00,9.81,10.00,10.78,0.0,0.0000,0.0
BUILDING,-440.00,-9.20,50.00,9.81,10.00,10.78,0.0,0.0000,0.0
BUILDING,-440.00,0.80,50.00,9.81,10.00,10.78,0.0,0.0000,0.0
BUILDING,-440.00,10.80,50.00,9.81,10.00,10.78,0.0,0.0000,0.0
BUILDING,-440.00,20.80,50.00,9.81,10.00,10.78,0.0,0.0000,0.0
BUILDING,-440.00,30.80,50.00,9.81,10.00,10.78,0.0,0.0000,0.0
BUILDING,-520.00,-21.48,50.00,12.05,10.00,9.86,0.0,0.0000,0.0
BUILDING,-520.00,-11.48,50.00,12.05,10.00,9.86,0.0,0.0000,0.0
BUILDING,-520.00,-1.48,50.00,12.05,10.00,9.86,0.0,0.0000,0.0
BUILDING,600.00,-12.21,50.00,10.35,10.00,13.63,0.0,0.0000,0.0
BUILDING,600.00,-2.21,50.00,10.35,10.00,13.63,0.0,0.0000,0.0
BUILDING,600.00,7.79,50.00,10.35,10.00,13.63,0.0,0.0000,0.0
BUILDING,600.00,17.79,50.00,10.35,10.00,13.63,0.0,0.0000,0.0
BUILDING,600.00,27.79,50.00,10.35,10.00,13.63,0.0,0.0000,0.0
BUILDING,600.00,37.79,50.00,10.35,10.00,13.63,0.0,0.0000,0.0
BUILDING,600.00,47.79,50.00,10.35,10.00,13.63,0.0,0.0000,0.0
BUILDING,600.00,57.79,50.00,10.35,10.00,13.63,0.0,0.0000,0.0
BUILDING,600.00,67.79,50.00,10.35,10.00,13.63,0.0,0.0000,0.0
BUILDING,600.00,77.79,50.00,10.35,10.00,13.63,0.0,0.0000,0.0
BUILDING,-600.00,-23.21,50.00,13.21,10.00,12.88,0.0,0.0000,0.0
BUILDING,-600.00,-13.21,50.00,13.21,10.00,12.88,0.0,0.0000,0.0
BUILDING,-600.00,-3.21,50.00,13.21,10.00,12.88,0.0,0.0000,0.0
BUILDING,-600.00,6.79,50.00,13.21,10.00,12.88,0.0,0.0000,0.0
BUILDING,680.00,-12.33,50.00,11.01,10.00,9.33,0.0,0.0000,0.0
BUILDING,680.00,-2.33,50.00,11.01,10.00,9.33,0.0,0.0000,0.0
BUILDING,680.00,7.67,50.00,11.01,10.00,9.33,0.0,0.0000,0.0
BUILDING,680.00,17.67,50.00,11.01,10.00,9.33,0.0,0.0000,0.0
BUILDING,680.00,27.67,50.00,11.01,10.00,9.33,0.0,0.0000,0.0
BUILDING,680.00,37.67,50.00,11.01,10.00,9.33,0.0,0.0000,0.0
BUILDING,680.00,47.67,50.00,11.01,10.00,9.33,0.0,0.0000,0.0
BUILDING,680.00,57.67,50.00,11.01,10.00,9.33,0.0,0.0000,0.0
BUILDING,680.00,67.67,50.00,11.01,10.00,9.33,0.0,0.0000,0.0
BUILDING,-680.00,-23.63,50.00,10.57,10.00,12.28,0.0,0.0000,0.0
BUILDING,-680.00,-13.63,50.00,10.57,10.00,12.28,0.0,0.0000,0.0
BUILDING,-680.00,-3.63,50.00,10.57,10.00,12.28,0.0,0.0000,0.0
BUILDING,-680.00,6.37,50.00,10.57,10.00,12.28,0.0,0.0000,0.0
BUILDING,-680.00,16.37,50.00,10.57,10.00,12.28,0.0,0.0000,0.0
BUILDING,-680.00,26.37,50.00,10.57,10.00,12.28,0.0,0.0000,0.0
BUILDING,-680.00,36.37,50.00,10.57,10.00,12.28,0.0,0.0000,0.0
BUILDING,-760.00,-22.30,50.00,9.70,10.00,12.72,0.0,0.0000,0.0
BUILDING,-760.00,-12.30,50.00,9.70,10.00,12.72,0.0,0.0000,0.0
BUILDING,-760.00,-2.30,50.00,9.70,10.00,12.72,0.0,0.0000,0.0
BUILDING,-760.00,7.70,50.00,9.70,10.00,12.72,0.0,0.0000,0.0
BUILDING,-760.00,17.70,50.00,9.70,10.00,12.72,0.0,0.0000,0.0
BUILDING,-840.00,-19.18,50.00,11.00,10.00,10.10,0.0,0.0000,0.0
BUILDING,-840.00,-9.18,50.00,11.00,10.00,10.10,0.0,0.0000,0.0
BUILDING,-840.00,0.82,50.00,11.00,10.00,10.10,0.0,0.0000,0.0
BUILDING,-840.00,10.82,50.00,11.00,10.00,10.10,0.0,0.0000,0.0
BUILDING,-840.00,20.82,50.00,11.00,10.00,10.10,0.0,0.0000,0.0
BUILDING,-840.00,30.82,50.00,11.00,10.00,10.10,0.0,0.0000,0.0
BUILDING,-840.00,40.82,50.00,11.00,10.00,10.10,0.0,0.0000,0.0
BUILDING,-840.00,50.82,50.00,11.00,10.00,10.10,0.0,0.0000,0.0
BUILDING,920.00,-12.62,50.00,12.78,10.00,13.31,0.0,0.0000,0.0
BUILDING,920.00,-2.62,50.00,12.78,10.00,13.31,0.0,0.0000,0.0
BUILDING,920.00,7.38,50.00,12.78,10.00,13.31,0.0,0.0000,0.0
BUILDING,920.00,17.38,50.00,12.78,10.00,13.31,0.0,0.0000,0.0
BUILDING,920.00,27.38,50.00,12.78,10.00,13.31,0.0,0.0000,0.0
BUILDING,920.00,37.38,50.00,12.78,10.00,13.31,0.0,0.0000,0.0
BUILDING,-920.00,-14.87,50.00,11.11,10.00,9.32,0.0,0.0000,0.0
BUILDING,-920.00,-4.87,50.00,11.11,10.00,9.32,0.0,0.0000,0.0
BUILDING,-920.00,5.13,50.00,11.11,10.00,9.32,0.0,0.0000,0.0
BUILDING,-920.00,15.13,50.00,11.11,10.00,9.32,0.0,0.0000,0.0
BUILDING,-920.00,25.13,50.00,11.11,10.00,9.32,0.0,0.0000,0.0
BUILDING,-920.00,35.13,50.00,11.11,10.00,9.32,0.0,0.0000,0.0
BUILDING,-920.00,45.13,50.00,11.11,10.00,9.32,0.0,0.0000,0.0
BUILDING,-920.00,55.13,50.00,11.11,10.00,9.32,0.0,0.0000,0.0
BUILDING,-920.00,65.13,50.00,11.11,10.00,9.32,0.0,0.0000,0.0
BUILDING,-920.00,75.13,50.00,11.11,10.00,9.32,0.0,0.0000,0.0
BUILDING,-920.00,85.13,50.00,11.11,10.00,9.32,0.0,0.0000,0.0
BUILDING,200.00,-13.98,130.00,12.41,10.00,11.68,0.0,0.0000,0.0
BUILDING,-200.00,-14.36,130.00,10.47,10.00,9.79,0.0,0.0000,0.0
ENEMY,-160.00,14.31,133.30,3.8,3.8,3.8,0.0,0.0,0.0
BUILDING,360.00,-12.22,130.00,13.35,10.00,10.49,0.0,0.0000,0.0
BUILDING,360.00,-2.22,130.00,13.35,10.00,10.49,0.0,0.0000,0.0
BUILDING,360.00,7.78,130.00,13.35,10.00,10.49,0.0,0.0000,0.0
BUILDING,360.00,17.78,130.00,13.35,10.00,10.49,0.0,0.0000,0.0
BUILDING,360.00,27.78,130.00,13.35,10.00,10.49,0.0,0.0000,0.0
BUILDING,360.00,37.78,130.00,13.35,10.00,10.49,0.0,0.0000,0.0
BUILDING,360.00,47.78,130.00,13.35,10.00,10.49,0.0,0.0000,0.0
BUILDING,-360.00,-14.75,130.00,10.87,10.00,9.81,0.0,0.0000,0.0
BUILDING,-360.00,-4.75,130.00,10.87,10.00,9.81,0.0,0.0000,0.0
BUILDING,-360.00,5.25,130.00,10.87,10.00,9.81,0.0,0.0000,0.0
BUILDING,-360.00,15.25,130.00,10.87,10.00,9.81,0.0,0.0000,0.0
BUILDING,-360.00,25.25,130.00,10.87,10.00,9.81,0.0,0.0000,0.0
BUILDING,-360.00,35.25,130.00,10.87,10.00,9.81,0.0,0.0000,0.0
BUILDING,-360.00,45.25,130.00,10.87,10.00,9.81,0.0,0.0000,0.0
BUILDING,520.00,-9.74,130.00,9.10,10.00,13.65,0.0,0.0000,0.0
BUILDING,520.00,0.26,130.00,9.10,10.00,13.65,0.0,0.0000,0.0
BUILDING,520.00,10.26,130.00,9.10,10.00,13.65,0.0,0.0000,0.0
BUILDING,520.00,20.26,130.00,9.10,10.00,13.65,0.0,0.0000,0.0
BUILDING,520.00,30.26,130.00,9.10,10.00,13.65,0.0,0.0000,0.0
BUILDING,520.00,40.26,130.00,9.10,10.00,13.65,0.0,0.0000,0.0
BUILDING,520.00,50.26,130.00,9.10,10.00,13.65,0.0,0.0000,0.0
BUILDING,520.00,60.26,130.00,9.10,10.00,13.65,0.0,0.0000,0.0
BUILDING,520.00,70.26,130.00,9.10,10.00,13.65,0.0,0.0000,0.0
BUILDING,520.00,80.26,130.00,9.10,10.00,13.65,0.0,0.0000,0.0
BUILDING,520.00,90.26,130.00,9.10,10.00,13.65,0.0,0.0000,0.0
BUILDING,600.00,-8.29,130.00,10.20,10.00,11.84,0.0,0.0000,0.0
BUILDING,600.00,1.71,130.00,10.20,10.00,11.84,0.0,0.0000,0.0
BUILDING,600.00,11.71,130.00,10.20,10.00,11.84,0.0,0.0000,0.0
BUILDING,600.00,21.71,130.00,10.20,10.00,11.84,0.0,0.0000,0.0
BUILDING,600.00,31.71,130.00,10.20,10.00,11.84,0.0,0.0000,0.0
BUILDING,600.00,41.71,130.00,10.20,10.00,11.84,0.0,0.0000,0.0
BUILDING,600.00,51.71,130.00,10.20,10.00,11.84,0.0,0.0000,0.0
BUILDING,600.00,61.71,130.00,10.20,10.00,11.84,0.0,0.0000,0.0
BUILDING,760.00,-5.94,130.00,9.64,10.00,11.38,0.0,0.0000,0.0
BUILDING,760.00,4.06,130.00,9.64,10.00,11.38,0.0,0.0000,0.0
BUILDING,760.00,14.06,130.00,9.64,10.00,11.38,0.0,0.0000,0.0
BUILDING,760.00,24.06,130.00,9.64,10.00,11.38,0.0,0.0000,0.0
BUILDING,760.00,34.06,130.00,9.64,10.00,11.38,0.0,0.0000,0.0
BUILDING,760.00,44.06,130.00,9.64,10.00,11.38,0.0,0.0000,0.0
BUILDING,760.00,54.06,130.00,9.64,10.00,11.38,0.0,0.0000,0.0
BUILDING,760.00,64.06,130.00,9.64,10.00,11.38,0.0,0.0000,0.0
BUILDING,760.00,74.06,130.00,9.64,10.00,11.38,0.0,0.0000,0.0
BUILDING,760.00,84.06,130.00,9.64,10.00,11.38,0.0,0.0000,0.0
BUILDING,-760.00,-19.18,130.00,11.12,10.00,10.06,0.0,0.0000,0.0
BUILDING,-760.00,-9.18,130.00,11.12,10.00,10.06,0.0,0.0000,0.0
BUILDING,-760.00,0.82,130.00,11.12,10.00,10.06,0.0,0.0000,0.0
BUILDING,-760.00,10.82,130.00,11.12,10.00,10.06,0.0,0.0000,0.0
BUILDING,-760.00,20.82,130.00,11.12,10.00,10.06,0.0,0.0000,0.0
BUILDING,-760.00,30.82,130.00,11.12,10.00,10.06,0.0,0.0000,0.0
BUILDING,-760.00,40.82,130.00,11.12,10.00,10.06,0.0,0.0000,0.0
BUILDING,-760.00,50.82,130.00,11.12,10.00,10.06,0.0,0.0000,0.0
BUILDING,-840.00,-17.46,130.00,10.99,10.00,12.36,0.0,0.0000,0.0
BUILDING,-840.00,-7.46,130.00,10.99,10.00,12.36,0.0,0.0000,0.0
BUILDING,-840.00,2.54,130.00,10.99,10.00,12.36,0.0,0.0000,0.0
BUILDING,-840.00,12.54,130.00,10.99,10.00,12.36,0.0,0.0000,0.0
BUILDING,-840.00,22.54,130.00,10.99,10.00,12.36,0.0,0.0000,0.0
BUILDING,-840.00,32.54,130.00,10.99,10.00,12.36,0.0,0.0000,0.0
BUILDING,-840.00,42.54,130.00,10.99,10.00,12.36,0.0,0.0000,0.0
BUILDING,-920.00,-14.50,130.00,10.12,10.00,10.69,0.0,0.0000,0.0
BUILDING,-920.00,-4.50,130.00,10.12,10.00,10.69,0.0,0.0000,0.0
BUILDING,-920.00,5.50,130.00,10.12,10.00,10.69,0.0,0.0000,0.0
BUILDING,-920.00,15.50,130.00,10.12,10.00,10.69,0.0,0.0000,0.0
BUILDING,-920.00,25.50,130.00,10.12,10.00,10.69,0.0,0.0000,0.0
BUILDING,-920.00,35.50,130.00,10.12,10.00,10.69,0.0,0.0000,0.0
BUILDING,-920.00,45.50,130.00,10.12,10.00,10.69,0.0,0.0000,0.0
BUILDING,200.00,-13.97,210.00,13.30,10.00,9.35,0.0,0.0000,0.0
BUILDING,-200.00,-14.21,210.00,11.70,10.00,12.62,0.0,0.0000,0.0
BUILDING,-200.00,-4.21,210.00,11.70,10.00,12.62,0.0,0.0000,0.0
BUILDING,280.00,-12.82,210.00,12.92,10.00,13.04,0.0,0.0000,0.0
BUILDING,280.00,-2.82,210.00,12.92,10.00,13.04,0.0,0.0000,0.0
BUILDING,280.00,7.18,210.00,12.92,10.00,13.04,0.0,0.0000,0.0
BUILDING,280.00,17.18,210.00,12.92,10.00,13.04,0.0,0.0000,0.0
BUILDING,280.00,27.18,210.00,12.92,10.00,13.04,0.0,0.0000,0.0
BUILDING,280.00,37.18,210.00,12.92,10.00,13.04,0.0,0.0000,0.0
BUILDING,280.00,47.18,210.00,12.92,10.00,13.04,0.0,0.0000,0.0
BUILDING,-280.00,-13.66,210.00,10.77,10.00,11.06,0.0,0.0000,0.0
BUILDING,-280.00,-3.66,210.00,10.77,10.00,11.06,0.0,0.0000,0.0
BUILDING,-280.00,6.34,210.00,10.77,10.00,11.06,0.0,0.0000,0.0
BUILDING,-280.00,16.34,210.00,10.77,10.00,11.06,0.0,0.0000,0.0
BUILDING,-280.00,26.34,210.00,10.77,10.00,11.06,0.0,0.0000,0.0
BUILDING,-280.00,36.34,210.00,10.77,10.00,11.06,0.0,0.0000,0.0
BUILDING,-280.00,46.34,210.00,10.77,10.00,11.06,0.0,0.0000,0.0
BUILDING,-280.00,56.34,210.00,10.77,10.00,11.06,0.0,0.0000,0.0
BUILDING,-280.00,66.34,210.00,10.77,10.00,11.06,0.0,0.0000,0.0
BUILDING,360.00,-11.11,210.00,13.92,10.00,9.49,0.0,0.0000,0.0
BUILDING,360.00,-1.11,210.00,13.92,10.00,9.49,0.0,0.0000,0.0
BUILDING,360.00,8.89,210.00,13.92,10.00,9.49,0.0,0.0000,0.0
BUILDING,360.00,18.89,210.00,13.92,10.00,9.49,0.0,0.0000,0.0
BUILDING,360.00,28.89,210.00,13.92,10.00,9.49,0.0,0.0000,0.0
BUILDING,360.00,38.89,210.00,13.92,10.00,9.49,0.0,0.0000,0.0
BUILDING,360.00,48.89,210.00,13.92,10.00,9.49,0.0,0.0000,0.0
BUILDING,360.00,58.89,210.00,13.92,10.00,9.49,0.0,0.0000,0.0
BUILDING,360.00,68.89,210.00,13.92,10.00,9.49,0.0,0.0000,0.0
BUILDING,360.00,78.89,210.00,13.92,10.00,9.49,0.0,0.0000,0.0
BUILDING,360.00,88.89,210.00,13.92,10.00,9.49,0.0,0.0000,0.0
BUILDING,360.00,98.89,210.00,13.92,10.00,9.49,0.0,0.0000,0.0
BUILDING,-360.00,-13.22,210.00,10.24,10.00,9.95,0.0,0.0000,0.0
BUILDING,-360.00,-3.22,210.00,10.24,10.00,9.95,0.0,0.0000,0.0
BUILDING,-360.00,6.78,210.00,10.24,10.00,9.95,0.0,0.0000,0.0
BUILDING,-360.00,16.78,210.00,10.24,10.00,9.95,0.0,0.0000,0.0
BUILDING,-360.00,26.78,210.00,10.24,10.00,9.95,0.0,0.0000,0.0
BUILDING,-360.00,36.78,210.00,10.24,10.00,9.95,0.0,0.0000,0.0
BUILDING,440.00,-8.81,210.00,11.31,10.00,13.37,0.0,0.0000,0.0
BUILDING,440.00,1.19,210.00,11.31,10.00,13.37,0.0,0.0000,0.0
BUILDING,440.00,11.19,210.00,11.31,10.00,13.37,0.0,0.0000,0.0
BUILDING,440.00,21.19,210.00,11.31,10.00,13.37,0.0,0.0000,0.0
BUILDING,440.00,31.19,210.00,11.31,10.00,13.37,0.0,0.0000,0.0
BUILDING,440.00,41.19,210.00,11.31,10.00,13.37,0.0,0.0000,0.0
BUILDING,440.00,51.19,210.00,11.31,10.00,13.37,0.0,0.0000,0.0
BUILDING,440.00,61.19,210.00,11.31,10.00,13.37,0.0,0.0000,0.0
BUILDING,440.00,71.19,210.00,11.31,10.00,13.37,0.0,0.0000,0.0
BUILDING,440.00,81.19,210.00,11.31,10.00,13.37,0.0,0.0000,0.0
BUILDING,-520.00,-13.19,210.00,14.00,10.00,13.18,0.0,0.0000,0.0
BUILDING,-520.00,-3.19,210.00,14.00,10.00,13.18,0.0,0.0000,0.0
BUILDING,-520.00,6.81,210.00,14.00,10.00,13.18,0.0,0.0000,0.0
BUILDING,-520.00,16.81,210.00,14.00,10.00,13.18,0.0,0.0000,0.0
BUILDING,-520.00,26.81,210.00,14.00,10.00,13.18,0.0,0.0000,0.0
BUILDING,-520.00,36.81,210.00,14.00,10.00,13.18,0.0,0.0000,0.0
BUILDING,-520.00,46.81,210.00,14.00,10.00,13.18,0.0,0.0000,0.0
BUILDING,-520.00,56.81,210.00,14.00,10.00,13.18,0.0,0.0000,0.0
BUILDING,-520.00,66.81,210.00,14.00,10.00,13.18,0.0,0.0000,0.0
BUILDING,-520.00,76.81,210.00,14.00,10.00,13.18,0.0,0.0000,0.0
BUILDING,-520.00,86.81,210.00,14.00,10.00,13.18,0.0,0.0000,0.0
BUILDING,680.00,-1.15,210.00,11.41,10.00,13.32,0.0,0.0000,0.0
BUILDING,680.00,8.85,210.00,11.41,10.00,13.32,0.0,0.0000,0.0
BUILDING,680.00,18.85,210.00,11.41,10.00,13.32,0.0,0.0000,0.0
BUILDING,680.00,28.85,210.00,11.41,10.00,13.32,0.0,0.0000,0.0
BUILDING,680.00,38.85,210.00,11.41,10.00,13.32,0.0,0.0000,0.0
BUILDING,680.00,48.85,210.00,11.41,10.00,13.32,0.0,0.0000,0.0
BUILDING,680.00,58.85,210.00,11.41,10.00,13.32,0.0,0.0000,0.0
BUILDING,680.00,68.85,210.00,11.41,10.00,13.32,0.0,0.0000,0.0
BUILDING,680.00,78.85,210.00,11.41,10.00,13.32,0.0,0.0000,0.0
BUILDING,680.00,88.85,210.00,11.41,10.00,13.32,0.0,0.0000,0.0
BUILDING,680.00,98.85,210.00,11.41,10.00,13.32,0.0,0.0000,0.0
BUILDING,680.00,108.85,210.00,11.41,10.00,13.32,0.0,0.0000,0.0
BUILDING,-680.00,-14.00,210.00,13.93,10.00,10.33,0.0,0.0000,0.0
BUILDING,-680.00,-4.00,210.00,13.93,10.00,10.33,0.0,0.0000,0.0
BUILDING,-680.00,6.00,210.00,13.93,10.00,10.33,0.0,0.0000,0.0
BUILDING,-680.00,16.00,210.00,13.93,10.00,10.33,0.0,0.0000,0.0
BUILDING,-680.00,26.00,210.00,13.93,10.00,10.33,0.0,0.0000,0.0
BUILDING,-680.00,36.00,210.00,13.93,10.00,10.33,0.0,0.0000,0.0
BUILDING,760.00,-0.09,210.00,12.48,10.00,12.65,0.0,0.0000,0.0
BUILDING,760.00,9.91,210.00,12.48,10.00,12.65,0.0,0.0000,0.0
BUILDING,760.00,19.91,210.00,12.48,10.00,12.65,0.0,0.0000,0.0
BUILDING,760.00,29.91,210.00,12.48,10.00,12.65,0.0,0.0000,0.0
BUILDING,760.00,39.91,210.00,12.48,10.00,12.65,0.0,0.0000,0.0
BUILDING,760.00,49.91,210.00,12.48,10.00,12.65,0.0,0.0000,0.0
BUILDING,760.00,59.91,210.00,12.48,10.00,12.65,0.0,0.0000,0.0
BUILDING,760.00,69.91,210.00,12.48,10.00,12.65,0.0,0.0000,0.0
BUILDING,760.00,79.91,210.00,12.48,10.00,12.65,0.0,0.0000,0.0
BUILDING,760.00,89.91,210.00,12.48,10.00,12.65,0.0,0.0000,0.0
BUILDING,760.00,99.91,210.00,12.48,10.00,12.65,0.0,0.0000,0.0
BUILDING,760.00,109.91,210.00,12.48,10.00,12.65,0.0,0.0000,0.0
BUILDING,-760.00,-14.03,210.00,9.77,10.00,10.48,0.0,0.0000,0.0
BUILDING,-760.00,-4.03,210.00,9.77,10.00,10.48,0.0,0.0000,0.0
BUILDING,-760.00,5.97,210.00,9.77,10.00,10.48,0.0,0.0000,0.0
BUILDING,-760.00,15.97,210.00,9.77,10.00,10.48,0.0,0.0000,0.0
BUILDING,-760.00,25.97,210.00,9.77,10.00,10.48,0.0,0.0000,0.0
BUILDING,-760.00,35.97,210.00,9.77,10.00,10.48,0.0,0.0000,0.0
BUILDING,-760.00,45.97,210.00,9.77,10.00,10.48,0.0,0.0000,0.0
BUILDING,-760.00,55.97,210.00,9.77,10.00,10.48,0.0,0.0000,0.0
BUILDING,-760.00,65.97,210.00,9.77,10.00,10.48,0.0,0.0000,0.0
BUILDING,840.00,-0.63,210.00,9.30,10.00,10.57,0.0,0.0000,0.0
BUILDING,840.00,9.37,210.00,9.30,10.00,10.57,0.0,0.0000,0.0
BUILDING,840.00,19.37,210.00,9.30,10.00,10.57,0.0,0.0000,0.0
BUILDING,840.00,29.37,210.00,9.30,10.00,10.57,0.0,0.0000,0.0
BUILDING,840.00,39.37,210.00,9.30,10.00,10.57,0.0,0.0000,0.0
BUILDING,840.00,49.37,210.00,9.30,10.00,10.57,0.0,0.0000,0.0
BUILDING,840.00,59.37,210.00,9.30,10.00,10.57,0.0,0.0000,0.0
BUILDING,840.00,69.37,210.00,9.30,10.00,10.57,0.0,0.0000,0.0
BUILDING,840.00,79.37,210.00,9.30,10.00,10.57,0.0,0.0000,0.0
BUILDING,840.00,89.37,210.00,9.30,10.00,10.57,0.0,0.0000,0.0
BUILDING,840.00,99.37,210.00,9.30,10.00,10.57,0.0,0.0000,0.0
BUILDING,840.00,109.37,210.00,9.30,10.00,10.57,0.0,0.0000,0.0
BUILDING,-840.00,-13.38,210.00,9.79,10.00,13.80,0.0,0.0000,0.0
BUILDING,-840.00,-3.38,210.00,9.79,10.00,13.80,0.0,0.0000,0.0
BUILDING,-840.00,6.62,210.00,9.79,10.00,13.80,0.0,0.0000,0.0
BUILDING,-840.00,16.62,210.00,9.79,10.00,13.80,0.0,0.0000,0.0
BUILDING,-840.00,26.62,210.00,9.79,10.00,13.80,0.0,0.0000,0.0
BUILDING,-840.00,36.62,210.00,9.79,10.00,13.80,0.0,0.0000,0.0
BUILDING,-840.00,46.62,210.00,9.79,10.00,13.80,0.0,0.0000,0.0
BUILDING,-840.00,56.62,210.00,9.79,10.00,13.80,0.0,0.0000,0.0
BUILDING,-840.00,66.62,210.00,9.79,10.00,13.80,0.0,0.0000,0.0
BUILDING,-840.00,76.62,210.00,9.79,10.00,13.80,0.0,0.0000,0.0
BUILDING,920.00,-2.79,210.00,9.34,10.00,13.31,0.0,0.0000,0.0
BUILDING,920.00,7.21,210.00,9.34,10.00,13.31,0.0,0.0000,0.0
BUILDING,920.00,17.21,210.00,9.34,10.00,13.31,0.0,0.0000,0.0
BUILDING,920.00,27.21,210.00,9.34,10.00,13.31,0.0,0.0000,0.0
BUILDING,920.00,37.21,210.00,9.34,10.00,13.31,0.0,0.0000,0.0
BUILDING,920.00,47.21,210.00,9.34,10.00,13.31,0.0,0.0000,0.0
BUILDING,920.00,57.21,210.00,9.34,10.00,13.31,0.0,0.0000,0.0
BUILDING,920.00,67.21,210.00,9.34,10.00,13.31,0.0,0.0000,0.0
BUILDING,920.00,77.21,210.00,9.34,10.00,13.31,0.0,0.0000,0.0
BUILDING,920.00,87.21,210.00,9.34,10.00,13.31,0.0,0.0000,0.0
BUILDING,920.00,97.21,210.00,9.34,10.00,13.31,0.0,0.0000,0.0
BUILDING,920.00,107.21,210.00,9.34,10.00,13.31,0.0,0.0000,0.0
BUILDING,200.00,-13.68,290.00,13.67,10.00,10.02,0.0,0.0000,0.0
BUILDING,200.00,-3.68,290.00,13.67,10.00,10.02,0.0,0.0000,0.0
BUILDING,200.00,6.32,290.00,13.67,10.00,10.02,0.0,0.0000,0.0
BUILDING,-200.00,-14.35,290.00,9.65,10.00,12.23,0.0,0.0000,0.0
BUILDING,-200.00,-4.35,290.00,9.65,10.00,12.23,0.0,0.0000,0.0
BUILDING,-200.00,5.65,290.00,9.65,10.00,12.23,0.0,0.0000,0.0
BUILDING,-200.00,15.65,290.00,9.65,10.00,12.23,0.0,0.0000,0.0
BUILDING,360.00,-9.26,290.00,13.99,10.00,13.98,0.0,0.0000,0.0
BUILDING,360.00,0.74,290.00,13.99,10.00,13.98,0.0,0.0000,0.0
BUILDING,360.00,10.74,290.00,13.99,10.00,13.98,0.0,0.0000,0.0
BUILDING,360.00,20.74,290.00,13.99,10.00,13.98,0.0,0.0000,0.0
BUILDING,360.00,30.74,290.00,13.99,10.00,13.98,0.0,0.0000,0.0
BUILDING,360.00,40.74,290.00,13.99,10.00,13.98,0.0,0.0000,0.0
BUILDING,360.00,50.74,290.00,13.99,10.00,13.98,0.0,0.0000,0.0
BUILDING,360.00,60.74,290.00,13.99,10.00,13.98,0.0,0.0000,0.0
BUILDING,360.00,70.74,290.00,13.99,10.00,13.98,0.0,0.0000,0.0
BUILDING,360.00,80.74,290.00,13.99,10.00,13.98,0.0,0.0000,0.0
BUILDING,360.00,90.74,290.00,13.99,10.00,13.98,0.0,0.0000,0.0
BUILDING,360.00,100.74,290.00,13.99,10.00,13.98,0.0,0.0000,0.0
BUILDING,-360.00,-12.73,290.00,9.66,10.00,10.75,0.0,0.0000,0.0
BUILDING,-360.00,-2.73,290.00,9.66,10.00,10.75,0.0,0.0000,0.0
BUILDING,-360.00,7.27,290.00,9.66,10.00,10.75,0.0,0.0000,0.0
BUILDING,-360.00,17.27,290.00,9.66,10.00,10.75,0.0,0.0000,0.0
BUILDING,-360.00,27.27,290.00,9.66,10.00,10.75,0.0,0.0000,0.0
BUILDING,-360.00,37.27,290.00,9.66,10.00,10.75,0.0,0.0000,0.0
BUILDING,-360.00,47.27,290.00,9.66,10.00,10.75,0.0,0.0000,0.0
BUILDING,-360.00,57.27,290.00,9.66,10.00,10.75,0.0,0.0000,0.0
BUILDING,440.00,-5.81,290.00,9.79,10.00,13.17,0.0,0.0000,0.0
BUILDING,440.00,4.19,290.00,9.79,10.00,13.17,0.0,0.0000,0.0
BUILDING,440.00,14.19,290.00,9.79,10.00,13.17,0.0,0.0000,0.0
BUILDING,440.00,24.19,290.00,9.79,10.00,13.17,0.0,0.0000,0.0
BUILDING,440.00,34.19,290.00,9.79,10.00,13.17,0.0,0.0000,0.0
BUILDING,440.00,44.19,290.00,9.79,10.00,13.17,0.0,0.0000,0.0
BUILDING,440.00,54.19,290.00,9.79,10.00,13.17,0.0,0.0000,0.0
BUILDING,440.00,64.19,290.00,9.79,10.00,13.17,0.0,0.0000,0.0
BUILDING,440.00,74.19,290.00,9.79,10.00,13.17,0.0,0.0000,0.0
BUILDING,440.00,84.19,290.00,9.79,10.00,13.17,0.0,0.0000,0.0
BUILDING,440.00,94.19,290.00,9.79,10.00,13.17,0.0,0.0000,0.0
BUILDING,-440.00,-11.60,290.00,11.64,10.00,12.34,0.0,0.0000,0.0
BUILDING,-440.00,-1.60,290.00,11.64,10.00,12.34,0.0,0.0000,0.0
BUILDING,-440.00,8.40,290.00,11.64,10.00,12.34,0.0,0.0000,0.0
BUILDING,-440.00,18.40,290.00,11.64,10.00,12.34,0.0,0.0000,0.0
BUILDING,-440.00,28.40,290.00,11.64,10.00,12.34,0.0,0.0000,0.0
BUILDING,-440.00,38.40,290.00,11.64,10.00,12.34,0.0,0.0000,0.0
BUILDING,-440.00,48.40,290.00,11.64,10.00,12.34,0.0,0.0000,0.0
BUILDING,-440.00,58.40,290.00,11.64,10.00,12.34,0.0,0.0000,0.0
BUILDING,-440.00,68.40,290.00,11.64,10.00,12.34,0.0,0.0000,0.0
BUILDING,-440.00,78.40,290.00,11.64,10.00,12.34,0.0,0.0000,0.0
BUILDING,-440.00,88.40,290.00,11.64,10.00,12.34,0.0,0.0000,0.0
BUILDING,-440.00,98.40,290.00,11.64,10.00,12.34,0.0,0.0000,0.0
BUILDING,-520.00,-10.42,290.00,10.32,10.00,13.45,0.0,0.0000,0.0
BUILDING,-520.00,-0.42,290.00,10.32,10.00,13.45,0.0,0.0000,0.0
BUILDING,-520.00,9.58,290.00,10.32,10.00,13.45,0.0,0.0000,0.0
BUILDING,-520.00,19.58,290.00,10.32,10.00,13.45,0.0,0.0000,0.0
BUILDING,-520.00,29.58,290.00,10.32,10.00,13.45,0.0,0.0000,0.0
BUILDING,-520.00,39.58,290.00,10.32,10.00,13.45,0.0,0.0000,0.0
BUILDING,-520.00,49.58,290.00,10.32,10.00,13.45,0.0,0.0000,0.0
BUILDING,-520.00,59.58,290.00,10.32,10.00,13.45,0.0,0.0000,0.0
BUILDING,600.00,1.28,290.00,12.02,10.00,12.59,0.0,0.0000,0.0
BUILDING,600.00,11.28,290.00,12.02,10.00,12.59,0.0,0.0000,0.0
BUILDING,600.00,21.28,290.00,12.02,10.00,12.59,0.0,0.0000,0.0
BUILDING,600.00,31.28,290.00,12.02,10.00,12.59,0.0,0.0000,0.0
BUILDING,600.00,41.28,290.00,12.02,10.00,12.59,0.0,0.0000,0.0
BUILDING,600.00,51.28,290.00,12.02,10.00,12.59,0.0,0.0000,0.0
BUILDING,600.00,61.28,290.00,12.02,10.00,12.59,0.0,0.0000,0.0
BUILDING,600.00,71.28,290.00,12.02,10.00,12.59,0.0,0.0000,0.0
BUILDING,600.00,81.28,290.00,12.02,10.00,12.59,0.0,0.0000,0.0
BUILDING,600.00,91.28,290.00,12.02,10.00,12.59,0.0,0.0000,0.0
BUILDING,600.00,101.28,290.00,12.02,10.00,12.59,0.0,0.0000,0.0
BUILDING,600.00,111.28,290.00,12.02,10.00,12.59,0.0,0.0000,0.0
BUILDING,-600.00,-9.38,290.00,11.53,10.00,10.26,0.0,0.0000,0.0
BUILDING,-600.00,0.62,290.00,11.53,10.00,10.26,0.0,0.0000,0.0
BUILDING,-600.00,10.62,290.00,11.53,10.00,10.26,0.0,0.0000,0.0
BUILDING,-600.00,20.62,290.00,11.53,10.00,10.26,0.0,0.0000,0.0
BUILDING,-600.00,30.62,290.00,11.53,10.00,10.26,0.0,0.0000,0.0
BUILDING,-600.00,40.62,290.00,11.53,10.00,10.26,0.0,0.0000,0.0
BUILDING,-600.00,50.62,290.00,11.53,10.00,10.26,0.0,0.0000,0.0
BUILDING,-600.00,60.62,290.00,11.53,10.00,10.26,0.0,0.0000,0.0
BUILDING,-600.00,70.62,290.00,11.53,10.00,10.26,0.0,0.0000,0.0
BUILDING,-600.00,80.62,290.00,11.53,10.00,10.26,0.0,0.0000,0.0
BUILDING,680.00,3.41,290.00,11.12,10.00,10.38,0.0,0.0000,0.0
BUILDING,680.00,13.41,290.00,11.12,10.00,10.38,0.0,0.0000,0.0
BUILDING,680.00,23.41,290.00,11.12,10.00,10.38,0.0,0.0000,0.0
BUILDING,680.00,33.41,290.00,11.12,10.00,10.38,0.0,0.0000,0.0
BUILDING,680.00,43.41,290.00,11.12,10.00,10.38,0.0,0.0000,0.0
BUILDING,680.00,53.41,290.00,11.12,10.00,10.38,0.0,0.0000,0.0
BUILDING,680.00,63.41,290.00,11.12,10.00,10.38,0.0,0.0000,0.0
BUILDING,680.00,73.41,290.00,11.12,10.00,10.38,0.0,0.0000,0.0
BUILDING,680.00,83.41,290.00,11.12,10.00,10.38,0.0,0.0000,0.0
BUILDING,680.00,93.41,290.00,11.12,10.00,10.38,0.0,0.0000,0.0
BUILDING,680.00,103.41,290.00,11.12,10.00,10.38,0.0,0.0000,0.0
BUILDING,680.00,113.41,290.00,11.12,10.00,10.38,0.0,0.0000,0.0
ENEMY,544.00,142.66,292.06,3.8,3.8,3.8,0.0,0.0,0.0
BUILDING,-680.00,-8.59,290.00,11.21,10.00,12.53,0.0,0.0000,0.0
BUILDING,-680.00,1.41,290.00,11.21,10.00,12.53,0.0,0.0000,0.0
BUILDING,-680.00,11.41,290.00,11.21,10.00,12.53,0.0,0.0000,0.0
BUILDING,-680.00,21.41,290.00,11.21,10.00,12.53,0.0,0.0000,0.0
BUILDING,-680.00,31.41,290.00,11.21,10.00,12.53,0.0,0.0000,0.0
BUILDING,-680.00,41.41,290.00,11.21,10.00,12.53,0.0,0.0000,0.0
BUILDING,-680.00,51.41,290.00,11.21,10.00,12.53,0.0,0.0000,0.0
BUILDING,-680.00,61.41,290.00,11.21,10.00,12.53,0.0,0.0000,0.0
BUILDING,-680.00,71.41,290.00,11.21,10.00,12.53,0.0,0.0000,0.0
BUILDING,-680.00,81.41,290.00,11.21,10.00,12.53,0.0,0.0000,0.0
BUILDING,-680.00,91.41,290.00,11.21,10.00,12.53,0.0,0.0000,0.0
BUILDING,-680.00,101.41,290.00,11.21,10.00,12.53,0.0,0.0000,0.0
BUILDING,760.00,3.67,290.00,13.52,10.00,11.73,0.0,0.0000,0.0
BUILDING,760.00,13.67,290.00,13.52,10.00,11.73,0.0,0.0000,0.0
BUILDING,760.00,23.67,290.00,13.52,10.00,11.73,0.0,0.0000,0.0
BUILDING,760.00,33.67,290.00,13.52,10.00,11.73,0.0,0.0000,0.0
BUILDING,760.00,43.67,290.00,13.52,10.00,11.73,0.0,0.0000,0.0
BUILDING,760.00,53.67,290.00,13.52,10.00,11.73,0.0,0.0000,0.0
BUILDING,760.00,63.67,290.00,13.52,10.00,11.73,0.0,0.0000,0.0
BUILDING,760.00,73.67,290.00,13.52,10.00,11.73,0.0,0.0000,0.0
BUILDING,760.00,83.67,290.00,13.52,10.00,11.73,0.0,0.0000,0.0
BUILDING,760.00,93.67,290.00,13.52,10.00,11.73,0.0,0.0000,0.0
BUILDING,760.00,103.67,290.00,13.52,10.00,11.73,0.0,0.0000,0.0
BUILDING,760.00,113.67,290.00,13.52,10.00,11.73,0.0,0.0000,0.0
BUILDING,-760.00,-8.04,290.00,11.15,10.00,9.21,0.0,0.0000,0.0
BUILDING,-760.00,1.96,290.00,11.15,10.00,9.21,0.0,0.0000,0.0
BUILDING,-760.00,11.96,290.00,11.15,10.00,9.21,0.0,0.0000,0.0
BUILDING,-760.00,21.96,290.00,11.15,10.00,9.21,0.0,0.0000,0.0
BUILDING,-760.00,31.96,290.00,11.15,10.00,9.21,0.0,0.0000,0.0
BUILDING,-760.00,41.96,290.00,11.15,10.00,9.21,0.0,0.0000,0.0
BUILDING,-760.00,51.96,290.00,11.15,10.00,9.21,0.0,0.0000,0.0
BUILDING,-760.00,61.96,290.00,11.15,10.00,9.21,0.0,0.0000,0.0
BUILDING,-760.00,71.96,290.00,11.15,10.00,9.21,0.0,0.0000,0.0
BUILDING,920.00,-1.89,290.00,10.05,10.00,10.25,0.0,0.0000,0.0
BUILDING,920.00,8.11,290.00,10.05,10.00,10.25,0.0,0.0000,0.0
BUILDING,920.00,18.11,290.00,10.05,10.00,10.25,0.0,0.0000,0.0
BUILDING,920.00,28.11,290.00,10.05,10.00,10.25,0.0,0.0000,0.0
BUILDING,920.00,38.11,290.00,10.05,10.00,10.25,0.0,0.0000,0.0
BUILDING,920.00,48.11,290.00,10.05,10.00,10.25,0.0,0.0000,0.0
BUILDING,920.00,58.11,290.00,10.05,10.00,10.25,0.0,0.0000,0.0
BUILDING,920.00,68.11,290.00,10.05,10.00,10.25,0.0,0.0000,0.0
BUILDING,920.00,78.11,290.00,10.05,10.00,10.25,0.0,0.0000,0.0
BUILDING,920.00,88.11,290.00,10.05,10.00,10.25,0.0,0.0000,0.0
BUILDING,920.00,98.11,290.00,10.05,10.00,10.25,0.0,0.0000,0.0
BUILDING,920.00,108.11,290.00,10.05,10.00,10.25,0.0,0.0000,0.0
BUILDING,-360.00,-13.16,370.00,13.62,10.00,12.91,0.0,0.0000,0.0
BUILDING,-360.00,-3.16,370.00,13.62,10.00,12.91,0.0,0.0000,0.0
BUILDING,-360.00,6.84,370.00,13.62,10.00,12.91,0.0,0.0000,0.0
BUILDING,-360.00,16.84,370.00,13.62,10.00,12.91,0.0,0.0000,0.0
BUILDING,-360.00,26.84,370.00,13.62,10.00,12.91,0.0,0.0000,0.0
BUILDING,-360.00,36.84,370.00,13.62,10.00,12.91,0.0,0.0000,0.0
BUILDING,-360.00,46.84,370.00,13.62,10.00,12.91,0.0,0.0000,0.0
BUILDING,-360.00,56.84,370.00,13.62,10.00,12.91,0.0,0.0000,0.0
BUILDING,-360.00,66.84,370.00,13.62,10.00,12.91,0.0,0.0000,0.0
BUILDING,-360.00,76.84,370.00,13.62,10.00,12.91,0.0,0.0000,0.0
BUILDING,-360.00,86.84,370.00,13.62,10.00,12.91,0.0,0.0000,0.0
BUILDING,440.00,-2.89,370.00,13.05,10.00,10.33,0.0,0.0000,0.0
BUILDING,440.00,7.11,370.00,13.05,10.00,10.33,0.0,0.0000,0.0
BUILDING,440.00,17.11,370.00,13.05,10.00,10.33,0.0,0.0000,0.0
BUILDING,440.00,27.11,370.00,13.05,10.00,10.33,0.0,0.0000,0.0
BUILDING,440.00,37.11,370.00,13.05,10.00,10.33,0.0,0.0000,0.0
BUILDING,440.00,47.11,370.00,13.05,10.00,10.33,0.0,0.0000,0.0
BUILDING,440.00,57.11,370.00,13.05,10.00,10.33,0.0,0.0000,0.0
BUILDING,440.00,67.11,370.00,13.05,10.00,10.33,0.0,0.0000,0.0
BUILDING,440.00,77.11,370.00,13.05,10.00,10.33,0.0,0.0000,0.0
BUILDING,440.00,87.11,370.00,13.05,10.00,10.33,0.0,0.0000,0.0
BUILDING,440.00,97.11,370.00,13.05,10.00,10.33,0.0,0.0000,0.0
BUILDING,440.00,107.11,370.00,13.05,10.00,10.33,0.0,0.0000,0.0
BUILDING,-440.00,-11.61,370.00,13.29,10.00,10.11,0.0,0.0000,0.0
BUILDING,-440.00,-1.61,370.00,13.29,10.00,10.11,0.0,0.0000,0.0
BUILDING,-440.00,8.39,370.00,13.29,10.00,10.11,0.0,0.0000,0.0
BUILDING,-440.00,18.39,370.00,13.29,10.00,10.11,0.0,0.0000,0.0
BUILDING,-440.00,28.39,370.00,13.29,10.00,10.11,0.0,0.0000,0.0
BUILDING,-440.00,38.39,370.00,13.29,10.00,10.11,0.0,0.0000,0.0
BUILDING,-440.00,48.39,370.00,13.29,10.00,10.11,0.0,0.0000,0.0
BUILDING,520.00,1.23,370.00,13.10,10.00,13.36,0.0,0.0000,0.0
BUILDING,520.00,11.23,370.00,13.10,10.00,13.36,0.0,0.0000,0.0
BUILDING,520.00,21.23,370.00,13.10,10.00,13.36,0.0,0.0000,0.0
BUILDING,520.00,31.23,370.00,13.10,10.00,13.36,0.0,0.0000,0.0
BUILDING,520.00,41.23,370.00,13.10,10.00,13.36,0.0,0.0000,0.0
BUILDING,520.00,51.23,370.00,13.10,10.00,13.36,0.0,0.0000,0.0
BUILDING,520.00,61.23,370.00,13.10,10.00,13.36,0.0,0.0000,0.0
BUILDING,520.00,71.23,370.00,13.10,10.00,13.36,0.0,0.0000,0.0
BUILDING,520.00,81.23,370.00,13.10,10.00,13.36,0.0,0.0000,0.0
BUILDING,520.00,91.23,370.00,13.10,10.00,13.36,0.0,0.0000,0.0
BUILDING,520.00,101.23,370.00,13.10,10.00,13.36,0.0,0.0000,0.0
BUILDING,520.00,111.23,370.00,13.10,10.00,13.36,0.0,0.0000,0.0
BUILDING,-520.00,-9.50,370.00,10.64,10.00,13.32,0.0,0.0000,0.0
BUILDING,-520.00,0.50,370.00,10.64,10.00,13.32,0.0,0.0000,0.0
BUILDING,-520.00,10.50,370.00,10.64,10.00,13.32,0.0,0.0000,0.0
BUILDING,-520.00,20.50,370.00,10.64,10.00,13.32,0.0,0.0000,0.0
BUILDING,-520.00,30.50,370.00,10.64,10.00,13.32,0.0,0.0000,0.0
BUILDING,-520.00,40.50,370.00,10.64,10.00,13.32,0.0,0.0000,0.0
BUILDING,-520.00,50.50,370.00,10.64,10.00,13.32,0.0,0.0000,0.0
BUILDING,-520.00,60.50,370.00,10.64,10.00,13.32,0.0,0.0000,0.0
BUILDING,-520.00,70.50,370.00,10.64,10.00,13.32,0.0,0.0000,0.0
BUILDING,-520.00,80.50,370.00,10.64,10.00,13.32,0.0,0.0000,0.0
BUILDING,-520.00,90.50,370.00,10.64,10.00,13.32,0.0,0.0000,0.0
BUILDING,600.00,4.34,370.00,11.55,10.00,12.40,0.0,0.0000,0.0
BUILDING,600.00,14.34,370.00,11.55,10.00,12.40,0.0,0.0000,0.0
BUILDING,600.00,24.34,370.00,11.55,10.00,12.40,0.0,0.0000,0.0
BUILDING,600.00,34.34,370.00,11.55,10.00,12.40,0.0,0.0000,0.0
BUILDING,600.00,44.34,370.00,11.55,10.00,12.40,0.0,0.0000,0.0
BUILDING,600.00,54.34,370.00,11.55,10.00,12.40,0.0,0.0000,0.0
BUILDING,600.00,64.34,370.00,11.55,10.00,12.40,0.0,0.0000,0.0
BUILDING,600.00,74.34,370.00,11.55,10.00,12.40,0.0,0.0000,0.0
BUILDING,600.00,84.34,370.00,11.55,10.00,12.40,0.0,0.0000,0.0
BUILDING,600.00,94.34,370.00,11.55,10.00,12.40,0.0,0.0000,0.0
BUILDING,600.00,104.34,370.00,11.55,10.00,12.40,0.0,0.0000,0.0
BUILDING,600.00,114.34,370.00,11.55,10.00,12.40,0.0,0.0000,0.0
BUILDING,-600.00,-7.10,370.00,9.58,10.00,13.85,0.0,0.0000,0.0
BUILDING,-600.00,2.90,370.00,9.58,10.00,13.85,0.0,0.0000,0.0
BUILDING,-600.00,12.90,370.00,9.58,10.00,13.85,0.0,0.0000,0.0
BUILDING,-600.00,22.90,370.00,9.58,10.00,13.85,0.0,0.0000,0.0
BUILDING,-600.00,32.90,370.00,9.58,10.00,13.85,0.0,0.0000,0.0
BUILDING,-600.00,42.90,370.00,9.58,10.00,13.85,0.0,0.0000,0.0
BUILDING,-600.00,52.90,370.00,9.58,10.00,13.85,0.0,0.0000,0.0
BUILDING,-600.00,62.90,370.00,9.58,10.00,13.85,0.0,0.0000,0.0
BUILDING,-600.00,72.90,370.00,9.58,10.00,13.85,0.0,0.0000,0.0
BUILDING,-680.00,-4.76,370.00,11.98,10.00,10.73,0.0,0.0000,0.0
BUILDING,-680.00,5.24,370.00,11.98,10.00,10.73,0.0,0.0000,0.0
BUILDING,-680.00,15.24,370.00,11.98,10.00,10.73,0.0,0.0000,0.0
BUILDING,-680.00,25.24,370.00,11.98,10.00,10.73,0.0,0.0000,0.0
BUILDING,-680.00,35.24,370.00,11.98,10.00,10.73,0.0,0.0000,0.0
BUILDING,-680.00,45.24,370.00,11.98,10.00,10.73,0.0,0.0000,0.0
BUILDING,-680.00,55.24,370.00,11.98,10.00,10.73,0.0,0.0000,0.0
BUILDING,-680.00,65.24,370.00,11.98,10.00,10.73,0.0,0.0000,0.0
BUILDING,-680.00,75.24,370.00,11.98,10.00,10.73,0.0,0.0000,0.0
BUILDING,-680.00,85.24,370.00,11.98,10.00,10.73,0.0,0.0000,0.0
BUILDING,760.00,4.61,370.00,9.58,10.00,13.50,0.0,0.0000,0.0
BUILDING,760.00,14.61,370.00,9.58,10.00,13.50,0.0,0.0000,0.0
BUILDING,760.00,24.61,370.00,9.58,10.00,13.50,0.0,0.0000,0.0
BUILDING,760.00,34.61,370.00,9.58,10.00,13.50,0.0,0.0000,0.0
BUILDING,760.00,44.61,370.00,9.58,10.00,13.50,0.0,0.0000,0.0
BUILDING,760.00,54.61,370.00,9.58,10.00,13.50,0.0,0.0000,0.0
BUILDING,760.00,64.61,370.00,9.58,10.00,13.50,0.0,0.0000,0.0
BUILDING,760.00,74.61,370.00,9.58,10.00,13.50,0.0,0.0000,0.0
BUILDING,760.00,84.61,370.00,9.58,10.00,13.50,0.0,0.0000,0.0
BUILDING,760.00,94.61,370.00,9.58,10.00,13.50,0.0,0.0000,0.0
BUILDING,760.00,104.61,370.00,9.58,10.00,13.50,0.0,0.0000,0.0
BUILDING,760.00,114.61,370.00,9.58,10.00,13.50,0.0,0.0000,0.0
BUILDING,-760.00,-2.87,370.00,9.01,10.00,13.63,0.0,0.0000,0.0
BUILDING,-760.00,7.13,370.00,9.01,10.00,13.63,0.0,0.0000,0.0
BUILDING,-760.00,17.13,370.00,9.01,10.00,13.63,0.0,0.0000,0.0
BUILDING,-760.00,27.13,370.00,9.01,10.00,13.63,0.0,0.0000,0.0
BUILDING,-760.00,37.13,370.00,9.01,10.00,13.63,0.0,0.0000,0.0
BUILDING,-760.00,47.13,370.00,9.01,10.00,13.63,0.0,0.0000,0.0
BUILDING,-760.00,57.13,370.00,9.01,10.00,13.63,0.0,0.0000,0.0
BUILDING,-760.00,67.13,370.00,9.01,10.00,13.63,0.0,0.0000,0.0
BUILDING,-760.00,77.13,370.00,9.01,10.00,13.63,0.0,0.0000,0.0
BUILDING,-760.00,87.13,370.00,9.01,10.00,13.63,0.0,0.0000,0.0
BUILDING,-760.00,97.13,370.00,9.01,10.00,13.63,0.0,0.0000,0.0
BUILDING,-760.00,107.13,370.00,9.01,10.00,13.63,0.0,0.0000,0.0
BUILDING,920.00,-3.29,370.00,11.16,10.00,13.74,0.0,0.0000,0.0
BUILDING,920.00,6.71,370.00,11.16,10.00,13.74,0.0,0.0000,0.0
BUILDING,920.00,16.71,370.00,11.16,10.00,13.74,0.0,0.0000,0.0
BUILDING,920.00,26.71,370.00,11.16,10.00,13.74,0.0,0.0000,0.0
BUILDING,920.00,36.71,370.00,11.16,10.00,13.74,0.0,0.0000,0.0
BUILDING,920.00,46.71,370.00,11.16,10.00,13.74,0.0,0.0000,0.0
BUILDING,920.00,56.71,370.00,11.16,10.00,13.74,0.0,0.0000,0.0
BUILDING,920.00,66.71,370.00,11.16,10.00,13.74,0.0,0.0000,0.0
BUILDING,920.00,76.71,370.00,11.16,10.00,13.74,0.0,0.0000,0.0
BUILDING,920.00,86.71,370.00,11.16,10.00,13.74,0.0,0.0000,0.0
BUILDING,920.00,96.71,370.00,11.16,10.00,13.74,0.0,0.0000,0.0
BUILDING,920.00,106.71,370.00,11.16,10.00,13.74,0.0,0.0000,0.0
BUILDING,-920.00,-1.40,370.00,13.24,10.00,12.60,0.0,0.0000,0.0
BUILDING,-920.00,8.60,370.00,13.24,10.00,12.60,0.0,0.0000,0.0
BUILDING,-920.00,18.60,370.00,13.24,10.00,12.60,0.0,0.0000,0.0
BUILDING,-920.00,28.60,370.00,13.24,10.00,12.60,0.0,0.0000,0.0
BUILDING,-920.00,38.60,370.00,13.24,10.00,12.60,0.0,0.0000,0.0
BUILDING,-920.00,48.60,370.00,13.24,10.00,12.60,0.0,0.0000,0.0
BUILDING,-920.00,58.60,370.00,13.24,10.00,12.60,0.0,0.0000,0.0
BUILDING,-920.00,68.60,370.00,13.24,10.00,12.60,0.0,0.0000,0.0
BUILDING,-920.00,78.60,370.00,13.24,10.00,12.60,0.0,0.0000,0.0
BUILDING,-920.00,88.60,370.00,13.24,10.00,12.60,0.0,0.0000,0.0
BUILDING,-920.00,98.60,370.00,13.24,10.00,12.60,0.0,0.0000,0.0
BUILDING,-920.00,108.60,370.00,13.24,10.00,12.60,0.0,0.0000,0.0
BUILDING,40.00,-14.94,450.00,10.63,10.00,12.49,0.0,0.0000,0.0
BUILDING,40.00,-4.94,450.00,10.63,10.00,12.49,0.0,0.0000,0.0
BUILDING,40.00,5.06,450.00,10.63,10.00,12.49,0.0,0.0000,0.0
BUILDING,40.00,15.06,450.00,10.63,10.00,12.49,0.0,0.0000,0.0
BUILDING,-40.00,-14.96,450.00,12.39,10.00,13.51,0.0,0.0000,0.0
BUILDING,-40.00,-4.96,450.00,12.39,10.00,13.51,0.0,0.0000,0.0
BUILDING,-40.00,5.04,450.00,12.39,10.00,13.51,0.0,0.0000,0.0
BUILDING,-40.00,15.04,450.00,12.39,10.00,13.51,0.0,0.0000,0.0
BUILDING,120.00,-14.23,450.00,10.52,10.00,10.05,0.0,0.0000,0.0
BUILDING,-120.00,-14.81,450.00,11.32,10.00,11.21,0.0,0.0000,0.0
BUILDING,-120.00,-4.81,450.00,11.32,10.00,11.21,0.0,0.0000,0.0
BUILDING,-120.00,5.19,450.00,11.32,10.00,11.21,0.0,0.0000,0.0
BUILDING,200.00,-12.42,450.00,12.29,10.00,10.42,0.0,0.0000,0.0
BUILDING,200.00,-2.42,450.00,12.29,10.00,10.42,0.0,0.0000,0.0
BUILDING,-200.00,-14.72,450.00,13.09,10.00,12.76,0.0,0.0000,0.0
BUILDING,280.00,-9.34,450.00,9.74,10.00,9.23,0.0,0.0000,0.0
BUILDING,280.00,0.66,450.00,9.74,10.00,9.23,0.0,0.0000,0.0
BUILDING,280.00,10.66,450.00,9.74,10.00,9.23,0.0,0.0000,0.0
BUILDING,280.00,20.66,450.00,9.74,10.00,9.23,0.0,0.0000,0.0
BUILDING,280.00,30.66,450.00,9.74,10.00,9.23,0.0,0.0000,0.0
BUILDING,280.00,40.66,450.00,9.74,10.00,9.23,0.0,0.0000,0.0
BUILDING,280.00,50.66,450.00,9.74,10.00,9.23,0.0,0.0000,0.0
BUILDING,280.00,60.66,450.00,9.74,10.00,9.23,0.0,0.0000,0.0
BUILDING,280.00,70.66,450.00,9.74,10.00,9.23,0.0,0.0000,0.0
BUILDING,-280.00,-14.58,450.00,11.28,10.00,13.43,0.0,0.0000,0.0
BUILDING,-280.00,-4.58,450.00,11.28,10.00,13.43,0.0,0.0000,0.0
BUILDING,-280.00,5.42,450.00,11.28,10.00,13.43,0.0,0.0000,0.0
BUILDING,-280.00,15.42,450.00,11.28,10.00,13.43,0.0,0.0000,0.0
BUILDING,-280.00,25.42,450.00,11.28,10.00,13.43,0.0,0.0000,0.0
BUILDING,-280.00,35.42,450.00,11.28,10.00,13.43,0.0,0.0000,0.0
BUILDING,-360.00,-14.02,450.00,10.22,10.00,12.28,0.0,0.0000,0.0
BUILDING,-360.00,-4.02,450.00,10.22,10.00,12.28,0.0,0.0000,0.0
BUILDING,-360.00,5.98,450.00,10.22,10.00,12.28,0.0,0.0000,0.0
BUILDING,-360.00,15.98,450.00,10.22,10.00,12.28,0.0,0.0000,0.0
BUILDING,-360.00,25.98,450.00,10.22,10.00,12.28,0.0,0.0000,0.0
BUILDING,-360.00,35.98,450.00,10.22,10.00,12.28,0.0,0.0000,0.0
BUILDING,-360.00,45.98,450.00,10.22,10.00,12.28,0.0,0.0000,0.0
BUILDING,-360.00,55.98,450.00,10.22,10.00,12.28,0.0,0.0000,0.0
BUILDING,-360.00,65.98,450.00,10.22,10.00,12.28,0.0,0.0000,0.0
ENEMY,-288.00,94.99,454.05,3.8,3.8,3.8,0.0,0.0,0.0
BUILDING,440.00,-0.90,450.00,10.09,10.00,13.02,0.0,0.0000,0.0
BUILDING,440.00,9.10,450.00,10.09,10.00,13.02,0.0,0.0000,0.0
BUILDING,440.00,19.10,450.00,10.09,10.00,13.02,0.0,0.0000,0.0
BUILDING,440.00,29.10,450.00,10.09,10.00,13.02,0.0,0.0000,0.0
BUILDING,440.00,39.10,450.00,10.09,10.00,13.02,0.0,0.0000,0.0
BUILDING,440.00,49.10,450.00,10.09,10.00,13.02,0.0,0.0000,0.0
BUILDING,440.00,59.10,450.00,10.09,10.00,13.02,0.0,0.0000,0.0
BUILDING,440.00,69.10,450.00,10.09,10.00,13.02,0.0,0.0000,0.0
BUILDING,440.00,79.10,450.00,10.09,10.00,13.02,0.0,0.0000,0.0
BUILDING,440.00,89.10,450.00,10.09,10.00,13.02,0.0,0.0000,0.0
BUILDING,440.00,99.10,450.00,10.09,10.00,13.02,0.0,0.0000,0.0
BUILDING,440.00,109.10,450.00,10.09,10.00,13.02,0.0,0.0000,0.0
BUILDING,-440.00,-12.67,450.00,10.25,10.00,13.24,0.0,0.0000,0.0
BUILDING,-440.00,-2.67,450.00,10.25,10.00,13.24,0.0,0.0000,0.0
BUILDING,-440.00,7.33,450.00,10.25,10.00,13.24,0.0,0.0000,0.0
BUILDING,-440.00,17.33,450.00,10.25,10.00,13.24,0.0,0.0000,0.0
BUILDING,-440.00,27.33,450.00,10.25,10.00,13.24,0.0,0.0000,0.0
BUILDING,-440.00,37.33,450.00,10.25,10.00,13.24,0.0,0.0000,0.0
BUILDING,-440.00,47.33,450.00,10.25,10.00,13.24,0.0,0.0000,0.0
BUILDING,-440.00,57.33,450.00,10.25,10.00,13.24,0.0,0.0000,0.0
BUILDING,-440.00,67.33,450.00,10.25,10.00,13.24,0.0,0.0000,0.0
BUILDING,-440.00,77.33,450.00,10.25,10.00,13.24,0.0,0.0000,0.0
BUILDING,-520.00,-10.33,450.00,11.98,10.00,13.75,0.0,0.0000,0.0
BUILDING,-520.00,-0.33,450.00,11.98,10.00,13.75,0.0,0.0000,0.0
BUILDING,-520.00,9.67,450.00,11.98,10.00,13.75,0.0,0.0000,0.0
BUILDING,-520.00,19.67,450.00,11.98,10.00,13.75,0.0,0.0000,0.0
BUILDING,-520.00,29.67,450.00,11.98,10.00,13.75,0.0,0.0000,0.0
BUILDING,-520.00,39.67,450.00,11.98,10.00,13.75,0.0,0.0000,0.0
BUILDING,-520.00,49.67,450.00,11.98,10.00,13.75,0.0,0.0000,0.0
BUILDING,-520.00,59.67,450.00,11.98,10.00,13.75,0.0,0.0000,0.0
BUILDING,-520.00,69.67,450.00,11.98,10.00,13.75,0.0,0.0000,0.0
BUILDING,-520.00,79.67,450.00,11.98,10.00,13.75,0.0,0.0000,0.0
BUILDING,-520.00,89.67,450.00,11.98,10.00,13.75,0.0,0.0000,0.0
BUILDING,600.00,5.13,450.00,13.46,10.00,11.13,0.0,0.0000,0.0
BUILDING,600.00,15.13,450.00,13.46,10.00,11.13,0.0,0.0000,0.0
BUILDING,600.00,25.13,450.00,13.46,10.00,11.13,0.0,0.0000,0.0
BUILDING,600.00,35.13,450.00,13.46,10.00,11.13,0.0,0.0000,0.0
BUILDING,600.00,45.13,450.00,13.46,10.00,11.13,0.0,0.0000,0.0
BUILDING,600.00,55.13,450.00,13.46,10.00,11.13,0.0,0.0000,0.0
BUILDING,600.00,65.13,450.00,13.46,10.00,11.13,0.0,0.0000,0.0
BUILDING,600.00,75.13,450.00,13.46,10.00,11.13,0.0,0.0000,0.0
BUILDING,600.00,85.13,450.00,13.46,10.00,11.13,0.0,0.0000,0.0
BUILDING,600.00,95.13,450.00,13.46,10.00,11.13,0.0,0.0000,0.0
BUILDING,600.00,105.13,450.00,13.46,10.00,11.13,0.0,0.0000,0.0
BUILDING,600.00,115.13,450.00,13.46,10.00,11.13,0.0,0.0000,0.0
BUILDING,-600.00,-7.12,450.00,12.72,10.00,11.37,0.0,0.0000,0.0
BUILDING,-600.00,2.88,450.00,12.72,10.00,11.37,0.0,0.0000,0.0
BUILDING,-600.00,12.88,450.00,12.72,10.00,11.37,0.0,0.0000,0.0
BUILDING,-600.00,22.88,450.00,12.72,10.00,11.37,0.0,0.0000,0.0
BUILDING,-600.00,32.88,450.00,12.72,10.00,11.37,0.0,0.0000,0.0
BUILDING,-600.00,42.88,450.00,12.72,10.00,11.37,0.0,0.0000,0.0
BUILDING,-600.00,52.88,450.00,12.72,10.00,11.37,0.0,0.0000,0.0
BUILDING,-600.00,62.88,450.00,12.72,10.00,11.37,0.0,0.0000,0.0
BUILDING,-600.00,72.88,450.00,12.72,10.00,11.37,0.0,0.0000,0.0
BUILDING,-600.00,82.88,450.00,12.72,10.00,11.37,0.0,0.0000,0.0
BUILDING,680.00,5.24,450.00,10.39,10.00,12.89,0.0,0.0000,0.0
BUILDING,680.00,15.24,450.00,10.39,10.00,12.89,0.0,0.0000,0.0
BUILDING,680.00,25.24,450.00,10.39,10.00,12.89,0.0,0.0000,0.0
BUILDING,680.00,35.24,450.00,10.39,10.00,12.89,0.0,0.0000,0.0
BUILDING,680.00,45.24,450.00,10.39,10.00,12.89,0.0,0.0000,0.0
BUILDING,680.00,55.24,450.00,10.39,10.00,12.89,0.0,0.0000,0.0
BUILDING,680.00,65.24,450.00,10.39,10.00,12.89,0.0,0.0000,0.0
BUILDING,680.00,75.24,450.00,10.39,10.00,12.89,0.0,0.0000,0.0
BUILDING,680.00,85.24,450.00,10.39,10.00,12.89,0.0,0.0000,0.0
BUILDING,680.00,95.24,450.00,10.39,10.00,12.89,0.0,0.0000,0.0
BUILDING,680.00,105.24,450.00,10.39,10.00,12.89,0.0,0.0000,0.0
BUILDING,680.00,115.24,450.00,10.39,10.00,12.89,0.0,0.0000,0.0
BUILDING,-680.00,-3.46,450.00,9.39,10.00,10.43,0.0,0.0000,0.0
BUILDING,-680.00,6.54,450.00,9.39,10.00,10.43,0.0,0.0000,0.0
BUILDING,-680.00,16.54,450.00,9.39,10.00,10.43,0.0,0.0000,0.0
BUILDING,-680.00,26.54,450.00,9.39,10.00,10.43,0.0,0.0000,0.0
BUILDING,-680.00,36.54,450.00,9.39,10.00,10.43,0.0,0.0000,0.0
BUILDING,-680.00,46.54,450.00,9.39,10.00,10.43,0.0,0.0000,0.0
BUILDING,-680.00,56.54,450.00,9.39,10.00,10.43,0.0,0.0000,0.0
BUILDING,-680.00,66.54,450.00,9.39,10.00,10.43,0.0,0.0000,0.0
BUILDING,-680.00,76.54,450.00,9.39,10.00,10.43,0.0,0.0000,0.0
BUILDING,-680.00,86.54,450.00,9.39,10.00,10.43,0.0,0.0000,0.0
BUILDING,-680.00,96.54,450.00,9.39,10.00,10.43,0.0,0.0000,0.0
BUILDING,-680.00,106.54,450.00,9.39,10.00,10.43,0.0,0.0000,0.0
BUILDING,760.00,3.09,450.00,9.40,10.00,9.75,0.0,0.0000,0.0
BUILDING,760.00,13.09,450.00,9.40,10.00,9.75,0.0,0.0000,0.0
BUILDING,760.00,23.09,450.00,9.40,10.00,9.75,0.0,0.0000,0.0
BUILDING,760.00,33.09,450.00,9.40,10.00,9.75,0.0,0.0000,0.0
BUILDING,760.00,43.09,450.00,9.40,10.00,9.75,0.0,0.0000,0.0
BUILDING,760.00,53.09,450.00,9.40,10.00,9.75,0.0,0.0000,0.0
BUILDING,760.00,63.09,450.00,9.40,10.00,9.75,0.0,0.0000,0.0
BUILDING,760.00,73.09,450.00,9.40,10.00,9.75,0.0,0.0000,0.0
BUILDING,760.00,83.09,450.00,9.40,10.00,9.75,0.0,0.0000,0.0
BUILDING,760.00,93.09,450.00,9.40,10.00,9.75,0.0,0.0000,0.0
BUILDING,760.00,103.09,450.00,9.40,10.00,9.75,0.0,0.0000,0.0
BUILDING,760.00,113.09,450.00,9.40,10.00,9.75,0.0,0.0000,0.0
BUILDING,-760.00,-0.00,450.00,9.32,10.00,11.04,0.0,0.0000,0.0
BUILDING,-760.00,10.00,450.00,9.32,10.00,11.04,0.0,0.0000,0.0
BUILDING,-760.00,20.00,450.00,9.32,10.00,11.04,0.0,0.0000,0.0
BUILDING,-760.00,30.00,450.00,9.32,10.00,11.04,0.0,0.0000,0.0
BUILDING,-760.00,40.00,450.00,9.32,10.00,11.04,0.0,0.0000,0.0
BUILDING,-760.00,50.00,450.00,9.32,10.00,11.04,0.0,0.0000,0.0
BUILDING,-760.00,60.00,450.00,9.32,10.00,11.04,0.0,0.0000,0.0
BUILDING,-760.00,70.00,450.00,9.32,10.00,11.04,0.0,0.0000,0.0
BUILDING,-760.00,80.00,450.00,9.32,10.00,11.04,0.0,0.0000,0.0
BUILDING,-760.00,90.00,450.00,9.32,10.00,11.04,0.0,0.0000,0.0
BUILDING,-760.00,100.00,450.00,9.32,10.00,11.04,0.0,0.0000,0.0
BUILDING,-760.00,110.00,450.00,9.32,10.00,11.04,0.0,0.0000,0.0
BUILDING,840.00,-0.86,450.00,13.16,10.00,10.95,0.0,0.0000,0.0
BUILDING,840.00,9.14,450.00,13.16,10.00,10.95,0.0,0.0000,0.0
BUILDING,840.00,19.14,450.00,13.16,10.00,10.95,0.0,0.0000,0.0
BUILDING,840.00,29.14,450.00,13.16,10.00,10.95,0.0,0.0000,0.0
BUILDING,840.00,39.14,450.00,13.16,10.00,10.95,0.0,0.0000,0.0
BUILDING,840.00,49.14,450.00,13.16,10.00,10.95,0.0,0.0000,0.0
BUILDING,840.00,59.14,450.00,13.16,10.00,10.95,0.0,0.0000,0.0
BUILDING,840.00,69.14,450.00,13.16,10.00,10.95,0.0,0.0000,0.0
BUILDING,840.00,79.14,450.00,13.16,10.00,10.95,0.0,0.0000,0.0
BUILDING,840.00,89.14,450.00,13.16,10.00,10.95,0.0,0.0000,0.0
BUILDING,840.00,99.14,450.00,13.16,10.00,10.95,0.0,0.0000,0.0
BUILDING,840.00,109.14,450.00,13.16,10.00,10.95,0.0,0.0000,0.0
BUILDING,920.00,-5.61,450.00,10.90,10.00,9.03,0.0,0.0000,0.0
BUILDING,920.00,4.39,450.00,10.90,10.00,9.03,0.0,0.0000,0.0
BUILDING,920.00,14.39,450.00,10.90,10.00,9.03,0.0,0.0000,0.0
BUILDING,920.00,24.39,450.00,10.90,10.00,9.03,0.0,0.0000,0.0
BUILDING,920.00,34.39,450.00,10.90,10.00,9.03,0.0,0.0000,0.0
BUILDING,920.00,44.39,450.00,10.90,10.00,9.03,0.0,0.0000,0.0
BUILDING,920.00,54.39,450.00,10.90,10.00,9.03,0.0,0.0000,0.0
BUILDING,920.00,64.39,450.00,10.90,10.00,9.03,0.0,0.0000,0.0
BUILDING,920.00,74.39,450.00,10.90,10.00,9.03,0.0,0.0000,0.0
BUILDING,920.00,84.39,450.00,10.90,10.00,9.03,0.0,0.0000,0.0
BUILDING,920.00,94.39,450.00,10.90,10.00,9.03,0.0,0.0000,0.0
BUILDING,920.00,104.39,450.00,10.90,10.00,9.03,0.0,0.0000,0.0
BUILDING,200.00,-11.80,530.00,11.44,10.00,10.36,0.0,0.0000,0.0
BUILDING,200.00,-1.80,530.00,11.44,10.00,10.36,0.0,0.0000,0.0
BUILDING,-200.00,-14.62,530.00,12.62,10.00,13.20,0.0,0.0000,0.0
BUILDING,-200.00,-4.62,530.00,12.62,10.00,13.20,0.0,0.0000,0.0
BUILDING,-200.00,5.38,530.00,12.62,10.00,13.20,0.0,0.0000,0.0
BUILDING,-200.00,15.38,530.00,12.62,10.00,13.20,0.0,0.0000,0.0
BUILDING,-280.00,-14.76,530.00,11.96,10.00,12.31,0.0,0.0000,0.0
BUILDING,-280.00,-4.76,530.00,11.96,10.00,12.31,0.0,0.0000,0.0
BUILDING,-280.00,5.24,530.00,11.96,10.00,12.31,0.0,0.0000,0.0
BUILDING,-280.00,15.24,530.00,11.96,10.00,12.31,0.0,0.0000,0.0
BUILDING,-280.00,25.24,530.00,11.96,10.00,12.31,0.0,0.0000,0.0
BUILDING,-280.00,35.24,530.00,11.96,10.00,12.31,0.0,0.0000,0.0
BUILDING,-280.00,45.24,530.00,11.96,10.00,12.31,0.0,0.0000,0.0
BUILDING,-280.00,55.24,530.00,11.96,10.00,12.31,0.0,0.0000,0.0
BUILDING,-280.00,65.24,530.00,11.96,10.00,12.31,0.0,0.0000,0.0
BUILDING,360.00,-4.35,530.00,9.91,10.00,10.30,0.0,0.0000,0.0
BUILDING,360.00,5.65,530.00,9.91,10.00,10.30,0.0,0.0000,0.0
BUILDING,360.00,15.65,530.00,9.91,10.00,10.30,0.0,0.0000,0.0
BUILDING,360.00,25.65,530.00,9.91,10.00,10.30,0.0,0.0000,0.0
BUILDING,360.00,35.65,530.00,9.91,10.00,10.30,0.0,0.0000,0.0
BUILDING,360.00,45.65,530.00,9.91,10.00,10.30,0.0,0.0000,0.0
BUILDING,360.00,55.65,530.00,9.91,10.00,10.30,0.0,0.0000,0.0
BUILDING,360.00,65.65,530.00,9.91,10.00,10.30,0.0,0.0000,0.0
BUILDING,360.00,75.65,530.00,9.91,10.00,10.30,0.0,0.0000,0.0
BUILDING,360.00,85.65,530.00,9.91,10.00,10.30,0.0,0.0000,0.0
BUILDING,360.00,95.65,530.00,9.91,10.00,10.30,0.0,0.0000,0.0
BUILDING,360.00,105.65,530.00,9.91,10.00,10.30,0.0,0.0000,0.0
BUILDING,-360.00,-14.74,530.00,12.81,10.00,10.90,0.0,0.0000,0.0
BUILDING,-360.00,-4.74,530.00,12.81,10.00,10.90,0.0,0.0000,0.0
BUILDING,-360.00,5.26,530.00,12.81,10.00,10.90,0.0,0.0000,0.0
BUILDING,-360.00,15.26,530.00,12.81,10.00,10.90,0.0,0.0000,0.0
BUILDING,-360.00,25.26,530.00,12.81,10.00,10.90,0.0,0.0000,0.0
BUILDING,-360.00,35.26,530.00,12.81,10.00,10.90,0.0,0.0000,0.0
BUILDING,-360.00,45.26,530.00,12.81,10.00,10.90,0.0,0.0000,0.0
BUILDING,-360.00,55.26,530.00,12.81,10.00,10.90,0.0,0.0000,0.0
BUILDING,-440.00,-14.03,530.00,11.35,10.00,12.75,0.0,0.0000,0.0
BUILDING,-440.00,-4.03,530.00,11.35,10.00,12.75,0.0,0.0000,0.0
BUILDING,-440.00,5.97,530.00,11.35,10.00,12.75,0.0,0.0000,0.0
BUILDING,-440.00,15.97,530.00,11.35,10.00,12.75,0.0,0.0000,0.0
BUILDING,-440.00,25.97,530.00,11.35,10.00,12.75,0.0,0.0000,0.0
BUILDING,-440.00,35.97,530.00,11.35,10.00,12.75,0.0,0.0000,0.0
BUILDING,-520.00,-12.17,530.00,12.91,10.00,12.26,0.0,0.0000,0.0
BUILDING,-520.00,-2.17,530.00,12.91,10.00,12.26,0.0,0.0000,0.0
BUILDING,-520.00,7.83,530.00,12.91,10.00,12.26,0.0,0.0000,0.0
BUILDING,-520.00,17.83,530.00,12.91,10.00,12.26,0.0,0.0000,0.0
BUILDING,-520.00,27.83,530.00,12.91,10.00,12.26,0.0,0.0000,0.0
BUILDING,-520.00,37.83,530.00,12.91,10.00,12.26,0.0,0.0000,0.0
BUILDING,-520.00,47.83,530.00,12.91,10.00,12.26,0.0,0.0000,0.0
BUILDING,-600.00,-8.99,530.00,12.11,10.00,10.19,0.0,0.0000,0.0
BUILDING,-600.00,1.01,530.00,12.11,10.00,10.19,0.0,0.0000,0.0
BUILDING,-600.00,11.01,530.00,12.11,10.00,10.19,0.0,0.0000,0.0
BUILDING,-600.00,21.01,530.00,12.11,10.00,10.19,0.0,0.0000,0.0
BUILDING,-600.00,31.01,530.00,12.11,10.00,10.19,0.0,0.0000,0.0
BUILDING,-600.00,41.01,530.00,12.11,10.00,10.19,0.0,0.0000,0.0
BUILDING,-600.00,51.01,530.00,12.11,10.00,10.19,0.0,0.0000,0.0
BUILDING,-600.00,61.01,530.00,12.11,10.00,10.19,0.0,0.0000,0.0
BUILDING,680.00,2.94,530.00,11.33,10.00,10.28,0.0,0.0000,0.0
BUILDING,680.00,12.94,530.00,11.33,10.00,10.28,0.0,0.0000,0.0
BUILDING,680.00,22.94,530.00,11.33,10.00,10.28,0.0,0.0000,0.0
BUILDING,680.00,32.94,530.00,11.33,10.00,10.28,0.0,0.0000,0.0
BUILDING,680.00,42.94,530.00,11.33,10.00,10.28,0.0,0.0000,0.0
BUILDING,680.00,52.94,530.00,11.33,10.00,10.28,0.0,0.0000,0.0
BUILDING,680.00,62.94,530.00,11.33,10.00,10.28,0.0,0.0000,0.0
BUILDING,680.00,72.94,530.00,11.33,10.00,10.28,0.0,0.0000,0.0
BUILDING,680.00,82.94,530.00,11.33,10.00,10.28,0.0,0.0000,0.0
BUILDING,680.00,92.94,530.00,11.33,10.00,10.28,0.0,0.0000,0.0
BUILDING,680.00,102.94,530.00,11.33,10.00,10.28,0.0,0.0000,0.0
BUILDING,680.00,112.94,530.00,11.33,10.00,10.28,0.0,0.0000,0.0
BUILDING,-680.00,-4.73,530.00,12.59,10.00,12.89,0.0,0.0000,0.0
BUILDING,-680.00,5.27,530.00,12.59,10.00,12.89,0.0,0.0000,0.0
BUILDING,-680.00,15.27,530.00,12.59,10.00,12.89,0.0,0.0000,0.0
BUILDING,-680.00,25.27,530.00,12.59,10.00,12.89,0.0,0.0000,0.0
BUILDING,-680.00,35.27,530.00,12.59,10.00,12.89,0.0,0.0000,0.0
BUILDING,-680.00,45.27,530.00,12.59,10.00,12.89,0.0,0.0000,0.0
BUILDING,-680.00,55.27,530.00,12.59,10.00,12.89,0.0,0.0000,0.0
BUILDING,-680.00,65.27,530.00,12.59,10.00,12.89,0.0,0.0000,0.0
BUILDING,-680.00,75.27,530.00,12.59,10.00,12.89,0.0,0.0000,0.0
BUILDING,-680.00,85.27,530.00,12.59,10.00,12.89,0.0,0.0000,0.0
BUILDING,-680.00,95.27,530.00,12.59,10.00,12.89,0.0,0.0000,0.0
BUILDING,-680.00,105.27,530.00,12.59,10.00,12.89,0.0,0.0000,0.0
BUILDING,760.00,0.33,530.00,9.13,10.00,10.56,0.0,0.0000,0.0
BUILDING,760.00,10.33,530.00,9.13,10.00,10.56,0.0,0.0000,0.0
BUILDING,760.00,20.33,530.00,9.13,10.00,10.56,0.0,0.0000,0.0
BUILDING,760.00,30.33,530.00,9.13,10.00,10.56,0.0,0.0000,0.0
BUILDING,760.00,40.33,530.00,9.13,10.00,10.56,0.0,0.0000,0.0
BUILDING,760.00,50.33,530.00,9.13,10.00,10.56,0.0,0.0000,0.0
BUILDING,760.00,60.33,530.00,9.13,10.00,10.56,0.0,0.0000,0.0
BUILDING,760.00,70.33,530.00,9.13,10.00,10.56,0.0,0.0000,0.0
BUILDING,760.00,80.33,530.00,9.13,10.00,10.56,0.0,0.0000,0.0
BUILDING,760.00,90.33,530.00,9.13,10.00,10.56,0.0,0.0000,0.0
BUILDING,760.00,100.33,530.00,9.13,10.00,10.56,0.0,0.0000,0.0
BUILDING,760.00,110.33,530.00,9.13,10.00,10.56,0.0,0.0000,0.0
BUILDING,840.00,-3.40,530.00,9.99,10.00,11.96,0.0,0.0000,0.0
BUILDING,840.00,6.60,530.00,9.99,10.00,11.96,0.0,0.0000,0.0
BUILDING,840.00,16.60,530.00,9.99,10.00,11.96,0.0,0.0000,0.0
BUILDING,840.00,26.60,530.00,9.99,10.00,11.96,0.0,0.0000,0.0
BUILDING,840.00,36.60,530.00,9.99,10.00,11.96,0.0,0.0000,0.0
BUILDING,840.00,46.60,530.00,9.99,10.00,11.96,0.0,0.0000,0.0
BUILDING,840.00,56.60,530.00,9.99,10.00,11.96,0.0,0.0000,0.0
BUILDING,840.00,66.60,530.00,9.99,10.00,11.96,0.0,0.0000,0.0
BUILDING,840.00,76.60,530.00,9.99,10.00,11.96,0.0,0.0000,0.0
BUILDING,840.00,86.60,530.00,9.99,10.00,11.96,0.0,0.0000,0.0
BUILDING,840.00,96.60,530.00,9.99,10.00,11.96,0.0,0.0000,0.0
BUILDING,840.00,106.60,530.00,9.99,10.00,11.96,0.0,0.0000,0.0
BUILDING,-840.00,4.02,530.00,12.86,10.00,13.25,0.0,0.0000,0.0
BUILDING,-840.00,14.02,530.00,12.86,10.00,13.25,0.0,0.0000,0.0
BUILDING,-840.00,24.02,530.00,12.86,10.00,13.25,0.0,0.0000,0.0
BUILDING,-840.00,34.02,530.00,12.86,10.00,13.25,0.0,0.0000,0.0
BUILDING,-840.00,44.02,530.00,12.86,10.00,13.25,0.0,0.0000,0.0
BUILDING,-840.00,54.02,530.00,12.86,10.00,13.25,0.0,0.0000,0.0
BUILDING,-840.00,64.02,530.00,12.86,10.00,13.25,0.0,0.0000,0.0
BUILDING,-840.00,74.02,530.00,12.86,10.00,13.25,0.0,0.0000,0.0
BUILDING,-840.00,84.02,530.00,12.86,10.00,13.25,0.0,0.0000,0.0
BUILDING,-840.00,94.02,530.00,12.86,10.00,13.25,0.0,0.0000,0.0
BUILDING,-840.00,104.02,530.00,12.86,10.00,13.25,0.0,0.0000,0.0
BUILDING,-840.00,114.02,530.00,12.86,10.00,13.25,0.0,0.0000,0.0
BUILDING,920.00,-7.25,530.00,12.91,10.00,10.74,0.0,0.0000,0.0
BUILDING,920.00,2.75,530.00,12.91,10.00,10.74,0.0,0.0000,0.0
BUILDING,920.00,12.75,530.00,12.91,10.00,10.74,0.0,0.0000,0.0
BUILDING,920.00,22.75,530.00,12.91,10.00,10.74,0.0,0.0000,0.0
BUILDING,920.00,32.75,530.00,12.91,10.00,10.74,0.0,0.0000,0.0
BUILDING,920.00,42.75,530.00,12.91,10.00,10.74,0.0,0.0000,0.0
BUILDING,920.00,52.75,530.00,12.91,10.00,10.74,0.0,0.0000,0.0
BUILDING,920.00,62.75,530.00,12.91,10.00,10.74,0.0,0.0000,0.0
BUILDING,920.00,72.75,530.00,12.91,10.00,10.74,0.0,0.0000,0.0
BUILDING,920.00,82.75,530.00,12.91,10.00,10.74,0.0,0.0000,0.0
BUILDING,920.00,92.75,530.00,12.91,10.00,10.74,0.0,0.0000,0.0
BUILDING,920.00,102.75,530.00,12.91,10.00,10.74,0.0,0.0000,0.0
BUILDING,-920.00,6.74,530.00,12.24,10.00,9.06,0.0,0.0000,0.0
BUILDING,-920.00,16.74,530.00,12.24,10.00,9.06,0.0,0.0000,0.0
BUILDING,-920.00,26.74,530.00,12.24,10.00,9.06,0.0,0.0000,0.0
BUILDING,-920.00,36.74,530.00,12.24,10.00,9.06,0.0,0.0000,0.0
BUILDING,-920.00,46.74,530.00,12.24,10.00,9.06,0.0,0.0000,0.0
BUILDING,-920.00,56.74,530.00,12.24,10.00,9.06,0.0,0.0000,0.0
BUILDING,-920.00,66.74,530.00,12.24,10.00,9.06,0.0,0.0000,0.0
BUILDING,-920.00,76.74,530.00,12.24,10.00,9.06,0.0,0.0000,0.0
BUILDING,-920.00,86.74,530.00,12.24,10.00,9.06,0.0,0.0000,0.0
BUILDING,-920.00,96.74,530.00,12.24,10.00,9.06,0.0,0.0000,0.0
BUILDING,-920.00,106.74,530.00,12.24,10.00,9.06,0.0,0.0000,0.0
BUILDING,-920.00,116.74,530.00,12.24,10.00,9.06,0.0,0.0000,0.0
BUILDING,200.00,-11.48,610.00,11.18,10.00,12.67,0.0,0.0000,0.0
BUILDING,200.00,-1.48,610.00,11.18,10.00,12.67,0.0,0.0000,0.0
BUILDING,-200.00,-14.27,610.00,11.32,10.00,13.13,0.0,0.0000,0.0
BUILDING,-200.00,-4.27,610.00,11.32,10.00,13.13,0.0,0.0000,0.0
BUILDING,-200.00,5.73,610.00,11.32,10.00,13.13,0.0,0.0000,0.0
BUILDING,-200.00,15.73,610.00,11.32,10.00,13.13,0.0,0.0000,0.0
BUILDING,280.00,-8.20,610.00,13.15,10.00,9.43,0.0,0.0000,0.0
BUILDING,280.00,1.80,610.00,13.15,10.00,9.43,0.0,0.0000,0.0
BUILDING,280.00,11.80,610.00,13.15,10.00,9.43,0.0,0.0000,0.0
BUILDING,280.00,21.80,610.00,13.15,10.00,9.43,0.0,0.0000,0.0
BUILDING,280.00,31.80,610.00,13.15,10.00,9.43,0.0,0.0000,0.0
BUILDING,280.00,41.80,610.00,13.15,10.00,9.43,0.0,0.0000,0.0
BUILDING,280.00,51.80,610.00,13.15,10.00,9.43,0.0,0.0000,0.0
BUILDING,280.00,61.80,610.00,13.15,10.00,9.43,0.0,0.0000,0.0
BUILDING,280.00,71.80,610.00,13.15,10.00,9.43,0.0,0.0000,0.0
BUILDING,-280.00,-14.46,610.00,11.85,10.00,12.34,0.0,0.0000,0.0
BUILDING,-280.00,-4.46,610.00,11.85,10.00,12.34,0.0,0.0000,0.0
BUILDING,-280.00,5.54,610.00,11.85,10.00,12.34,0.0,0.0000,0.0
BUILDING,-280.00,15.54,610.00,11.85,10.00,12.34,0.0,0.0000,0.0
BUILDING,-280.00,25.54,610.00,11.85,10.00,12.34,0.0,0.0000,0.0
BUILDING,-280.00,35.54,610.00,11.85,10.00,12.34,0.0,0.0000,0.0
BUILDING,-280.00,45.54,610.00,11.85,10.00,12.34,0.0,0.0000,0.0
BUILDING,-280.00,55.54,610.00,11.85,10.00,12.34,0.0,0.0000,0.0
BUILDING,-280.00,65.54,610.00,11.85,10.00,12.34,0.0,0.0000,0.0
BUILDING,360.00,-4.57,610.00,9.91,10.00,10.06,0.0,0.0000,0.0
BUILDING,360.00,5.43,610.00,9.91,10.00,10.06,0.0,0.0000,0.0
BUILDING,360.00,15.43,610.00,9.91,10.00,10.06,0.0,0.0000,0.0
BUILDING,360.00,25.43,610.00,9.91,10.00,10.06,0.0,0.0000,0.0
BUILDING,360.00,35.43,610.00,9.91,10.00,10.06,0.0,0.0000,0.0
BUILDING,360.00,45.43,610.00,9.91,10.00,10.06,0.0,0.0000,0.0
BUILDING,360.00,55.43,610.00,9.91,10.00,10.06,0.0,0.0000,0.0
BUILDING,360.00,65.43,610.00,9.91,10.00,10.06,0.0,0.0000,0.0
BUILDING,360.00,75.43,610.00,9.91,10.00,10.06,0.0,0.0000,0.0
BUILDING,360.00,85.43,610.00,9.91,10.00,10.06,0.0,0.0000,0.0
BUILDING,360.00,95.43,610.00,9.91,10.00,10.06,0.0,0.0000,0.0
BUILDING,360.00,105.43,610.00,9.91,10.00,10.06,0.0,0.0000,0.0
BUILDING,-360.00,-14.85,610.00,12.51,10.00,10.38,0.0,0.0000,0.0
BUILDING,-360.00,-4.85,610.00,12.51,10.00,10.38,0.0,0.0000,0.0
BUILDING,-360.00,5.15,610.00,12.51,10.00,10.38,0.0,0.0000,0.0
BUILDING,-360.00,15.15,610.00,12.51,10.00,10.38,0.0,0.0000,0.0
BUILDING,-360.00,25.15,610.00,12.51,10.00,10.38,0.0,0.0000,0.0
BUILDING,-360.00,35.15,610.00,12.51,10.00,10.38,0.0,0.0000,0.0
BUILDING,-360.00,45.15,610.00,12.51,10.00,10.38,0.0,0.0000,0.0
BUILDING,-360.00,55.15,610.00,12.51,10.00,10.38,0.0,0.0000,0.0
BUILDING,-360.00,65.15,610.00,12.51,10.00,10.38,0.0,0.0000,0.0
BUILDING,-360.00,75.15,610.00,12.51,10.00,10.38,0.0,0.0000,0.0
ENEMY,-288.00,106.53,603.78,3.8,3.8,3.8,0.0,0.0,0.0
BUILDING,-440.00,-14.91,610.00,12.45,10.00,12.23,0.0,0.0000,0.0
BUILDING,-440.00,-4.91,610.00,12.45,10.00,12.23,0.0,0.0000,0.0
BUILDING,-440.00,5.09,610.00,12.45,10.00,12.23,0.0,0.0000,0.0
BUILDING,-440.00,15.09,610.00,12.45,10.00,12.23,0.0,0.0000,0.0
BUILDING,-440.00,25.09,610.00,12.45,10.00,12.23,0.0,0.0000,0.0
BUILDING,-440.00,35.09,610.00,12.45,10.00,12.23,0.0,0.0000,0.0
BUILDING,-440.00,45.09,610.00,12.45,10.00,12.23,0.0,0.0000,0.0
BUILDING,-520.00,-13.98,610.00,11.02,10.00,10.22,0.0,0.0000,0.0
BUILDING,-520.00,-3.98,610.00,11.02,10.00,10.22,0.0,0.0000,0.0
BUILDING,-520.00,6.02,610.00,11.02,10.00,10.22,0.0,0.0000,0.0
BUILDING,-520.00,16.02,610.00,11.02,10.00,10.22,0.0,0.0000,0.0
BUILDING,-520.00,26.02,610.00,11.02,10.00,10.22,0.0,0.0000,0.0
BUILDING,-520.00,36.02,610.00,11.02,10.00,10.22,0.0,0.0000,0.0
BUILDING,-520.00,46.02,610.00,11.02,10.00,10.22,0.0,0.0000,0.0
BUILDING,600.00,1.12,610.00,11.65,10.00,11.13,0.0,0.0000,0.0
BUILDING,600.00,11.12,610.00,11.65,10.00,11.13,0.0,0.0000,0.0
BUILDING,600.00,21.12,610.00,11.65,10.00,11.13,0.0,0.0000,0.0
BUILDING,600.00,31.12,610.00,11.65,10.00,11.13,0.0,0.0000,0.0
BUILDING,600.00,41.12,610.00,11.65,10.00,11.13,0.0,0.0000,0.0
BUILDING,600.00,51.12,610.00,11.65,10.00,11.13,0.0,0.0000,0.0
BUILDING,600.00,61.12,610.00,11.65,10.00,11.13,0.0,0.0000,0.0
BUILDING,600.00,71.12,610.00,11.65,10.00,11.13,0.0,0.0000,0.0
BUILDING,600.00,81.12,610.00,11.65,10.00,11.13,0.0,0.0000,0.0
BUILDING,600.00,91.12,610.00,11.65,10.00,11.13,0.0,0.0000,0.0
BUILDING,600.00,101.12,610.00,11.65,10.00,11.13,0.0,0.0000,0.0
BUILDING,600.00,111.12,610.00,11.65,10.00,11.13,0.0,0.0000,0.0
BUILDING,-600.00,-11.60,610.00,11.27,10.00,10.53,0.0,0.0000,0.0
BUILDING,-600.00,-1.60,610.00,11.27,10.00,10.53,0.0,0.0000,0.0
BUILDING,-600.00,8.40,610.00,11.27,10.00,10.53,0.0,0.0000,0.0
BUILDING,-600.00,18.40,610.00,11.27,10.00,10.53,0.0,0.0000,0.0
BUILDING,-600.00,28.40,610.00,11.27,10.00,10.53,0.0,0.0000,0.0
BUILDING,-600.00,38.40,610.00,11.27,10.00,10.53,0.0,0.0000,0.0
BUILDING,-600.00,48.40,610.00,11.27,10.00,10.53,0.0,0.0000,0.0
BUILDING,-600.00,58.40,610.00,11.27,10.00,10.53,0.0,0.0000,0.0
BUILDING,-600.00,68.40,610.00,11.27,10.00,10.53,0.0,0.0000,0.0
BUILDING,-600.00,78.40,610.00,11.27,10.00,10.53,0.0,0.0000,0.0
BUILDING,-600.00,88.40,610.00,11.27,10.00,10.53,0.0,0.0000,0.0
BUILDING,-600.00,98.40,610.00,11.27,10.00,10.53,0.0,0.0000,0.0
BUILDING,-680.00,-7.68,610.00,11.68,10.00,12.81,0.0,0.0000,0.0
BUILDING,-680.00,2.32,610.00,11.68,10.00,12.81,0.0,0.0000,0.0
BUILDING,-680.00,12.32,610.00,11.68,10.00,12.81,0.0,0.0000,0.0
BUILDING,-680.00,22.32,610.00,11.68,10.00,12.81,0.0,0.0000,0.0
BUILDING,-680.00,32.32,610.00,11.68,10.00,12.81,0.0,0.0000,0.0
BUILDING,-680.00,42.32,610.00,11.68,10.00,12.81,0.0,0.0000,0.0
BUILDING,-680.00,52.32,610.00,11.68,10.00,12.81,0.0,0.0000,0.0
BUILDING,-680.00,62.32,610.00,11.68,10.00,12.81,0.0,0.0000,0.0
BUILDING,-680.00,72.32,610.00,11.68,10.00,12.81,0.0,0.0000,0.0
BUILDING,-680.00,82.32,610.00,11.68,10.00,12.81,0.0,0.0000,0.0
BUILDING,-680.00,92.32,610.00,11.68,10.00,12.81,0.0,0.0000,0.0
BUILDING,-680.00,102.32,610.00,11.68,10.00,12.81,0.0,0.0000,0.0
BUILDING,760.00,-2.12,610.00,10.38,10.00,11.95,0.0,0.0000,0.0
BUILDING,760.00,7.88,610.00,10.38,10.00,11.95,0.0,0.0000,0.0
BUILDING,760.00,17.88,610.00,10.38,10.00,11.95,0.0,0.0000,0.0
BUILDING,760.00,27.88,610.00,10.38,10.00,11.95,0.0,0.0000,0.0
BUILDING,760.00,37.88,610.00,10.38,10.00,11.95,0.0,0.0000,0.0
BUILDING,760.00,47.88,610.00,10.38,10.00,11.95,0.0,0.0000,0.0
BUILDING,760.00,57.88,610.00,10.38,10.00,11.95,0.0,0.0000,0.0
BUILDING,760.00,67.88,610.00,10.38,10.00,11.95,0.0,0.0000,0.0
BUILDING,760.00,77.88,610.00,10.38,10.00,11.95,0.0,0.0000,0.0
BUILDING,760.00,87.88,610.00,10.38,10.00,11.95,0.0,0.0000,0.0
BUILDING,760.00,97.88,610.00,10.38,10.00,11.95,0.0,0.0000,0.0
BUILDING,760.00,107.88,610.00,10.38,10.00,11.95,0.0,0.0000,0.0
BUILDING,-760.00,-2.70,610.00,13.16,10.00,10.48,0.0,0.0000,0.0
BUILDING,-760.00,7.30,610.00,13.16,10.00,10.48,0.0,0.0000,0.0
BUILDING,-760.00,17.30,610.00,13.16,10.00,10.48,0.0,0.0000,0.0
BUILDING,-760.00,27.30,610.00,13.16,10.00,10.48,0.0,0.0000,0.0
BUILDING,-760.00,37.30,610.00,13.16,10.00,10.48,0.0,0.0000,0.0
BUILDING,-760.00,47.30,610.00,13.16,10.00,10.48,0.0,0.0000,0.0
BUILDING,-760.00,57.30,610.00,13.16,10.00,10.48,0.0,0.0000,0.0
BUILDING,-760.00,67.30,610.00,13.16,10.00,10.48,0.0,0.0000,0.0
BUILDING,-760.00,77.30,610.00,13.16,10.00,10.48,0.0,0.0000,0.0
BUILDING,-760.00,87.30,610.00,13.16,10.00,10.48,0.0,0.0000,0.0
BUILDING,840.00,-4.75,610.00,11.67,10.00,10.37,0.0,0.0000,0.0
BUILDING,840.00,5.25,610.00,11.67,10.00,10.37,0.0,0.0000,0.0
BUILDING,840.00,15.25,610.00,11.67,10.00,10.37,0.0,0.0000,0.0
BUILDING,840.00,25.25,610.00,11.67,10.00,10.37,0.0,0.0000,0.0
BUILDING,840.00,35.25,610.00,11.67,10.00,10.37,0.0,0.0000,0.0
BUILDING,840.00,45.25,610.00,11.67,10.00,10.37,0.0,0.0000,0.0
BUILDING,840.00,55.25,610.00,11.67,10.00,10.37,0.0,0.0000,0.0
BUILDING,840.00,65.25,610.00,11.67,10.00,10.37,0.0,0.0000,0.0
BUILDING,840.00,75.25,610.00,11.67,10.00,10.37,0.0,0.0000,0.0
BUILDING,840.00,85.25,610.00,11.67,10.00,10.37,0.0,0.0000,0.0
BUILDING,840.00,95.25,610.00,11.67,10.00,10.37,0.0,0.0000,0.0
BUILDING,840.00,105.25,610.00,11.67,10.00,10.37,0.0,0.0000,0.0
BUILDING,-840.00,2.42,610.00,13.72,10.00,12.19,0.0,0.0000,0.0
BUILDING,-840.00,12.42,610.00,13.72,10.00,12.19,0.0,0.0000,0.0
BUILDING,-840.00,22.42,610.00,13.72,10.00,12.19,0.0,0.0000,0.0
BUILDING,-840.00,32.42,610.00,13.72,10.00,12.19,0.0,0.0000,0.0
BUILDING,-840.00,42.42,610.00,13.72,10.00,12.19,0.0,0.0000,0.0
BUILDING,-840.00,52.42,610.00,13.72,10.00,12.19,0.0,0.0000,0.0
BUILDING,-840.00,62.42,610.00,13.72,10.00,12.19,0.0,0.0000,0.0
BUILDING,-840.00,72.42,610.00,13.72,10.00,12.19,0.0,0.0000,0.0
BUILDING,-840.00,82.42,610.00,13.72,10.00,12.19,0.0,0.0000,0.0
BUILDING,-840.00,92.42,610.00,13.72,10.00,12.19,0.0,0.0000,0.0
BUILDING,-840.00,102.42,610.00,13.72,10.00,12.19,0.0,0.0000,0.0
BUILDING,-840.00,112.42,610.00,13.72,10.00,12.19,0.0,0.0000,0.0
BUILDING,920.00,-7.11,610.00,11.87,10.00,11.35,0.0,0.0000,0.0
BUILDING,920.00,2.89,610.00,11.87,10.00,11.35,0.0,0.0000,0.0
BUILDING,920.00,12.89,610.00,11.87,10.00,11.35,0.0,0.0000,0.0
BUILDING,920.00,22.89,610.00,11.87,10.00,11.35,0.0,0.0000,0.0
BUILDING,920.00,32.89,610.00,11.87,10.00,11.35,0.0,0.0000,0.0
BUILDING,920.00,42.89,610.00,11.87,10.00,11.35,0.0,0.0000,0.0
BUILDING,920.00,52.89,610.00,11.87,10.00,11.35,0.0,0.0000,0.0
BUILDING,920.00,62.89,610.00,11.87,10.00,11.35,0.0,0.0000,0.0
BUILDING,920.00,72.89,610.00,11.87,10.00,11.35,0.0,0.0000,0.0
BUILDING,-920.00,6.59,610.00,10.26,10.00,13.31,0.0,0.0000,0.0
BUILDING,-920.00,16.59,610.00,10.26,10.00,13.31,0.0,0.0000,0.0
BUILDING,-920.00,26.59,610.00,10.26,10.00,13.31,0.0,0.0000,0.0
BUILDING,-920.00,36.59,610.00,10.26,10.00,13.31,0.0,0.0000,0.0
BUILDING,-920.00,46.59,610.00,10.26,10.00,13.31,0.0,0.0000,0.0
BUILDING,-920.00,56.59,610.00,10.26,10.00,13.31,0.0,0.0000,0.0
BUILDING,-920.00,66.59,610.00,10.26,10.00,13.31,0.0,0.0000,0.0
BUILDING,-920.00,76.59,610.00,10.26,10.00,13.31,0.0,0.0000,0.0
BUILDING,-920.00,86.59,610.00,10.26,10.00,13.31,0.0,0.0000,0.0
BUILDING,-920.00,96.59,610.00,10.26,10.00,13.31,0.0,0.0000,0.0
BUILDING,-920.00,106.59,610.00,10.26,10.00,13.31,0.0,0.0000,0.0
BUILDING,-920.00,116.59,610.00,10.26,10.00,13.31,0.0,0.0000,0.0
BUILDING,200.00,-11.57,690.00,9.43,10.00,10.24,0.0,0.0000,0.0
BUILDING,200.00,-1.57,690.00,9.43,10.00,10.24,0.0,0.0000,0.0
BUILDING,200.00,8.43,690.00,9.43,10.00,10.24,0.0,0.0000,0.0
BUILDING,-200.00,-13.80,690.00,12.88,10.00,10.90,0.0,0.0000,0.0
BUILDING,-200.00,-3.80,690.00,12.88,10.00,10.90,0.0,0.0000,0.0
BUILDING,280.00,-8.71,690.00,13.95,10.00,10.53,0.0,0.0000,0.0
BUILDING,280.00,1.29,690.00,13.95,10.00,10.53,0.0,0.0000,0.0
BUILDING,280.00,11.29,690.00,13.95,10.00,10.53,0.0,0.0000,0.0
BUILDING,280.00,21.29,690.00,13.95,10.00,10.53,0.0,0.0000,0.0
BUILDING,280.00,31.29,690.00,13.95,10.00,10.53,0.0,0.0000,0.0
BUILDING,280.00,41.29,690.00,13.95,10.00,10.53,0.0,0.0000,0.0
BUILDING,280.00,51.29,690.00,13.95,10.00,10.53,0.0,0.0000,0.0
BUILDING,280.00,61.29,690.00,13.95,10.00,10.53,0.0,0.0000,0.0
BUILDING,280.00,71.29,690.00,13.95,10.00,10.53,0.0,0.0000,0.0
BUILDING,280.00,81.29,690.00,13.95,10.00,10.53,0.0,0.0000,0.0
BUILDING,280.00,91.29,690.00,13.95,10.00,10.53,0.0,0.0000,0.0
BUILDING,280.00,101.29,690.00,13.95,10.00,10.53,0.0,0.0000,0.0
BUILDING,-280.00,-13.77,690.00,9.50,10.00,12.81,0.0,0.0000,0.0
BUILDING,-280.00,-3.77,690.00,9.50,10.00,12.81,0.0,0.0000,0.0
BUILDING,-280.00,6.23,690.00,9.50,10.00,12.81,0.0,0.0000,0.0
BUILDING,-280.00,16.23,690.00,9.50,10.00,12.81,0.0,0.0000,0.0
BUILDING,-280.00,26.23,690.00,9.50,10.00,12.81,0.0,0.0000,0.0
BUILDING,-280.00,36.23,690.00,9.50,10.00,12.81,0.0,0.0000,0.0
BUILDING,-280.00,46.23,690.00,9.50,10.00,12.81,0.0,0.0000,0.0
BUILDING,-280.00,56.23,690.00,9.50,10.00,12.81,0.0,0.0000,0.0
BUILDING,-280.00,66.23,690.00,9.50,10.00,12.81,0.0,0.0000,0.0
BUILDING,-280.00,76.23,690.00,9.50,10.00,12.81,0.0,0.0000,0.0
BUILDING,-280.00,86.23,690.00,9.50,10.00,12.81,0.0,0.0000,0.0
BUILDING,360.00,-5.78,690.00,9.79,10.00,9.87,0.0,0.0000,0.0
BUILDING,360.00,4.22,690.00,9.79,10.00,9.87,0.0,0.0000,0.0
BUILDING,360.00,14.22,690.00,9.79,10.00,9.87,0.0,0.0000,0.0
BUILDING,360.00,24.22,690.00,9.79,10.00,9.87,0.0,0.0000,0.0
BUILDING,360.00,34.22,690.00,9.79,10.00,9.87,0.0,0.0000,0.0
BUILDING,360.00,44.22,690.00,9.79,10.00,9.87,0.0,0.0000,0.0
BUILDING,360.00,54.22,690.00,9.79,10.00,9.87,0.0,0.0000,0.0
BUILDING,360.00,64.22,690.00,9.79,10.00,9.87,0.0,0.0000,0.0
BUILDING,360.00,74.22,690.00,9.79,10.00,9.87,0.0,0.0000,0.0
BUILDING,-360.00,-14.25,690.00,12.45,10.00,11.35,0.0,0.0000,0.0
BUILDING,-360.00,-4.25,690.00,12.45,10.00,11.35,0.0,0.0000,0.0
BUILDING,-360.00,5.75,690.00,12.45,10.00,11.35,0.0,0.0000,0.0
BUILDING,-360.00,15.75,690.00,12.45,10.00,11.35,0.0,0.0000,0.0
BUILDING,-360.00,25.75,690.00,12.45,10.00,11.35,0.0,0.0000,0.0
BUILDING,-360.00,35.75,690.00,12.45,10.00,11.35,0.0,0.0000,0.0
BUILDING,-360.00,45.75,690.00,12.45,10.00,11.35,0.0,0.0000,0.0
BUILDING,-360.00,55.75,690.00,12.45,10.00,11.35,0.0,0.0000,0.0
BUILDING,-360.00,65.75,690.00,12.45,10.00,11.35,0.0,0.0000,0.0
ENEMY,-288.00,89.20,686.74,3.8,3.8,3.8,0.0,0.0,0.0
BUILDING,-440.00,-14.84,690.00,13.62,10.00,12.94,0.0,0.0000,0.0
BUILDING,-440.00,-4.84,690.00,13.62,10.00,12.94,0.0,0.0000,0.0
BUILDING,-440.00,5.16,690.00,13.62,10.00,12.94,0.0,0.0000,0.0
BUILDING,-440.00,15.16,690.00,13.62,10.00,12.94,0.0,0.0000,0.0
BUILDING,-440.00,25.16,690.00,13.62,10.00,12.94,0.0,0.0000,0.0
BUILDING,-440.00,35.16,690.00,13.62,10.00,12.94,0.0,0.0000,0.0
BUILDING,-440.00,45.16,690.00,13.62,10.00,12.94,0.0,0.0000,0.0
BUILDING,520.00,-1.92,690.00,11.13,10.00,11.72,0.0,0.0000,0.0
BUILDING,520.00,8.08,690.00,11.13,10.00,11.72,0.0,0.0000,0.0
BUILDING,520.00,18.08,690.00,11.13,10.00,11.72,0.0,0.0000,0.0
BUILDING,520.00,28.08,690.00,11.13,10.00,11.72,0.0,0.0000,0.0
BUILDING,520.00,38.08,690.00,11.13,10.00,11.72,0.0,0.0000,0.0
BUILDING,520.00,48.08,690.00,11.13,10.00,11.72,0.0,0.0000,0.0
BUILDING,520.00,58.08,690.00,11.13,10.00,11.72,0.0,0.0000,0.0
BUILDING,520.00,68.08,690.00,11.13,10.00,11.72,0.0,0.0000,0.0
BUILDING,520.00,78.08,690.00,11.13,10.00,11.72,0.0,0.0000,0.0
BUILDING,520.00,88.08,690.00,11.13,10.00,11.72,0.0,0.0000,0.0
BUILDING,520.00,98.08,690.00,11.13,10.00,11.72,0.0,0.0000,0.0
BUILDING,520.00,108.08,690.00,11.13,10.00,11.72,0.0,0.0000,0.0
BUILDING,-600.00,-13.70,690.00,12.96,10.00,11.98,0.0,0.0000,0.0
BUILDING,-600.00,-3.70,690.00,12.96,10.00,11.98,0.0,0.0000,0.0
BUILDING,-600.00,6.30,690.00,12.96,10.00,11.98,0.0,0.0000,0.0
BUILDING,-600.00,16.30,690.00,12.96,10.00,11.98,0.0,0.0000,0.0
BUILDING,-600.00,26.30,690.00,12.96,10.00,11.98,0.0,0.0000,0.0
BUILDING,-600.00,36.30,690.00,12.96,10.00,11.98,0.0,0.0000,0.0
BUILDING,-600.00,46.30,690.00,12.96,10.00,11.98,0.0,0.0000,0.0
BUILDING,-680.00,-10.90,690.00,12.44,10.00,12.50,0.0,0.0000,0.0
BUILDING,-680.00,-0.90,690.00,12.44,10.00,12.50,0.0,0.0000,0.0
BUILDING,-680.00,9.10,690.00,12.44,10.00,12.50,0.0,0.0000,0.0
BUILDING,-680.00,19.10,690.00,12.44,10.00,12.50,0.0,0.0000,0.0
BUILDING,-680.00,29.10,690.00,12.44,10.00,12.50,0.0,0.0000,0.0
BUILDING,-680.00,39.10,690.00,12.44,10.00,12.50,0.0,0.0000,0.0
BUILDING,-680.00,49.10,690.00,12.44,10.00,12.50,0.0,0.0000,0.0
BUILDING,-680.00,59.10,690.00,12.44,10.00,12.50,0.0,0.0000,0.0
BUILDING,-680.00,69.10,690.00,12.44,10.00,12.50,0.0,0.0000,0.0
BUILDING,-680.00,79.10,690.00,12.44,10.00,12.50,0.0,0.0000,0.0
BUILDING,760.00,-3.04,690.00,11.19,10.00,11.99,0.0,0.0000,0.0
BUILDING,760.00,6.96,690.00,11.19,10.00,11.99,0.0,0.0000,0.0
BUILDING,760.00,16.96,690.00,11.19,10.00,11.99,0.0,0.0000,0.0
BUILDING,760.00,26.96,690.00,11.19,10.00,11.99,0.0,0.0000,0.0
BUILDING,760.00,36.96,690.00,11.19,10.00,11.99,0.0,0.0000,0.0
BUILDING,760.00,46.96,690.00,11.19,10.00,11.99,0.0,0.0000,0.0
BUILDING,760.00,56.96,690.00,11.19,10.00,11.99,0.0,0.0000,0.0
BUILDING,760.00,66.96,690.00,11.19,10.00,11.99,0.0,0.0000,0.0
BUILDING,760.00,76.96,690.00,11.19,10.00,11.99,0.0,0.0000,0.0
BUILDING,760.00,86.96,690.00,11.19,10.00,11.99,0.0,0.0000,0.0
BUILDING,760.00,96.96,690.00,11.19,10.00,11.99,0.0,0.0000,0.0
BUILDING,760.00,106.96,690.00,11.19,10.00,11.99,0.0,0.0000,0.0
BUILDING,840.00,-4.16,690.00,9.46,10.00,13.81,0.0,0.0000,0.0
BUILDING,840.00,5.84,690.00,9.46,10.00,13.81,0.0,0.0000,0.0
BUILDING,840.00,15.84,690.00,9.46,10.00,13.81,0.0,0.0000,0.0
BUILDING,840.00,25.84,690.00,9.46,10.00,13.81,0.0,0.0000,0.0
BUILDING,840.00,35.84,690.00,9.46,10.00,13.81,0.0,0.0000,0.0
BUILDING,840.00,45.84,690.00,9.46,10.00,13.81,0.0,0.0000,0.0
BUILDING,840.00,55.84,690.00,9.46,10.00,13.81,0.0,0.0000,0.0
BUILDING,840.00,65.84,690.00,9.46,10.00,13.81,0.0,0.0000,0.0
BUILDING,840.00,75.84,690.00,9.46,10.00,13.81,0.0,0.0000,0.0
BUILDING,840.00,85.84,690.00,9.46,10.00,13.81,0.0,0.0000,0.0
BUILDING,-840.00,-1.41,690.00,14.00,10.00,12.36,0.0,0.0000,0.0
BUILDING,-840.00,8.59,690.00,14.00,10.00,12.36,0.0,0.0000,0.0
BUILDING,-840.00,18.59,690.00,14.00,10.00,12.36,0.0,0.0000,0.0
BUILDING,-840.00,28.59,690.00,14.00,10.00,12.36,0.0,0.0000,0.0
BUILDING,-840.00,38.59,690.00,14.00,10.00,12.36,0.0,0.0000,0.0
BUILDING,-840.00,48.59,690.00,14.00,10.00,12.36,0.0,0.0000,0.0
BUILDING,-840.00,58.59,690.00,14.00,10.00,12.36,0.0,0.0000,0.0
BUILDING,-840.00,68.59,690.00,14.00,10.00,12.36,0.0,0.0000,0.0
BUILDING,-840.00,78.59,690.00,14.00,10.00,12.36,0.0,0.0000,0.0
BUILDING,-840.00,88.59,690.00,14.00,10.00,12.36,0.0,0.0000,0.0
BUILDING,-840.00,98.59,690.00,14.00,10.00,12.36,0.0,0.0000,0.0
BUILDING,920.00,-5.08,690.00,11.35,10.00,12.26,0.0,0.0000,0.0
BUILDING,920.00,4.92,690.00,11.35,10.00,12.26,0.0,0.0000,0.0
BUILDING,920.00,14.92,690.00,11.35,10.00,12.26,0.0,0.0000,0.0
BUILDING,920.00,24.92,690.00,11.35,10.00,12.26,0.0,0.0000,0.0
BUILDING,920.00,34.92,690.00,11.35,10.00,12.26,0.0,0.0000,0.0
BUILDING,920.00,44.92,690.00,11.35,10.00,12.26,0.0,0.0000,0.0
BUILDING,920.00,54.92,690.00,11.35,10.00,12.26,0.0,0.0000,0.0
BUILDING,920.00,64.92,690.00,11.35,10.00,12.26,0.0,0.0000,0.0
BUILDING,920.00,74.92,690.00,11.35,10.00,12.26,0.0,0.0000,0.0
BUILDING,920.00,84.92,690.00,11.35,10.00,12.26,0.0,0.0000,0.0
BUILDING,-920.00,3.57,690.00,11.18,10.00,13.07,0.0,0.0000,0.0
BUILDING,-920.00,13.57,690.00,11.18,10.00,13.07,0.0,0.0000,0.0
BUILDING,-920.00,23.57,690.00,11.18,10.00,13.07,0.0,0.0000,0.0
BUILDING,-920.00,33.57,690.00,11.18,10.00,13.07,0.0,0.0000,0.0
BUILDING,-920.00,43.57,690.00,11.18,10.00,13.07,0.0,0.0000,0.0
BUILDING,-920.00,53.57,690.00,11.18,10.00,13.07,0.0,0.0000,0.0
BUILDING,-920.00,63.57,690.00,11.18,10.00,13.07,0.0,0.0000,0.0
BUILDING,-920.00,73.57,690.00,11.18,10.00,13.07,0.0,0.0000,0.0
BUILDING,-920.00,83.57,690.00,11.18,10.00,13.07,0.0,0.0000,0.0
BUILDING,-920.00,93.57,690.00,11.18,10.00,13.07,0.0,0.0000,0.0
BUILDING,-920.00,103.57,690.00,11.18,10.00,13.07,0.0,0.0000,0.0
BUILDING,-920.00,113.57,690.00,11.18,10.00,13.07,0.0,0.0000,0.0
BUILDING,200.00,-12.04,770.00,12.47,10.00,10.44,0.0,0.0000,0.0
BUILDING,200.00,-2.04,770.00,12.47,10.00,10.44,0.0,0.0000,0.0
BUILDING,200.00,7.96,770.00,12.47,10.00,10.44,0.0,0.0000,0.0
BUILDING,200.00,17.96,770.00,12.47,10.00,10.44,0.0,0.0000,0.0
BUILDING,280.00,-9.77,770.00,9.44,10.00,10.26,0.0,0.0000,0.0
BUILDING,280.00,0.23,770.00,9.44,10.00,10.26,0.0,0.0000,0.0
BUILDING,280.00,10.23,770.00,9.44,10.00,10.26,0.0,0.0000,0.0
BUILDING,280.00,20.23,770.00,9.44,10.00,10.26,0.0,0.0000,0.0
BUILDING,280.00,30.23,770.00,9.44,10.00,10.26,0.0,0.0000,0.0
BUILDING,280.00,40.23,770.00,9.44,10.00,10.26,0.0,0.0000,0.0
BUILDING,280.00,50.23,770.00,9.44,10.00,10.26,0.0,0.0000,0.0
BUILDING,280.00,60.23,770.00,9.44,10.00,10.26,0.0,0.0000,0.0
BUILDING,280.00,70.23,770.00,9.44,10.00,10.26,0.0,0.0000,0.0
BUILDING,280.00,80.23,770.00,9.44,10.00,10.26,0.0,0.0000,0.0
BUILDING,280.00,90.23,770.00,9.44,10.00,10.26,0.0,0.0000,0.0
BUILDING,440.00,-5.54,770.00,11.31,10.00,9.27,0.0,0.0000,0.0
BUILDING,440.00,4.46,770.00,11.31,10.00,9.27,0.0,0.0000,0.0
BUILDING,440.00,14.46,770.00,11.31,10.00,9.27,0.0,0.0000,0.0
BUILDING,440.00,24.46,770.00,11.31,10.00,9.27,0.0,0.0000,0.0
BUILDING,440.00,34.46,770.00,11.31,10.00,9.27,0.0,0.0000,0.0
BUILDING,440.00,44.46,770.00,11.31,10.00,9.27,0.0,0.0000,0.0
BUILDING,440.00,54.46,770.00,11.31,10.00,9.27,0.0,0.0000,0.0
BUILDING,440.00,64.46,770.00,11.31,10.00,9.27,0.0,0.0000,0.0
BUILDING,440.00,74.46,770.00,11.31,10.00,9.27,0.0,0.0000,0.0
BUILDING,440.00,84.46,770.00,11.31,10.00,9.27,0.0,0.0000,0.0
BUILDING,440.00,94.46,770.00,11.31,10.00,9.27,0.0,0.0000,0.0
BUILDING,440.00,104.46,770.00,11.31,10.00,9.27,0.0,0.0000,0.0
BUILDING,-440.00,-13.89,770.00,12.13,10.00,12.80,0.0,0.0000,0.0
BUILDING,-440.00,-3.89,770.00,12.13,10.00,12.80,0.0,0.0000,0.0
BUILDING,-440.00,6.11,770.00,12.13,10.00,12.80,0.0,0.0000,0.0
BUILDING,-440.00,16.11,770.00,12.13,10.00,12.80,0.0,0.0000,0.0
BUILDING,-440.00,26.11,770.00,12.13,10.00,12.80,0.0,0.0000,0.0
BUILDING,-440.00,36.11,770.00,12.13,10.00,12.80,0.0,0.0000,0.0
BUILDING,-440.00,46.11,770.00,12.13,10.00,12.80,0.0,0.0000,0.0
BUILDING,-440.00,56.11,770.00,12.13,10.00,12.80,0.0,0.0000,0.0
BUILDING,-440.00,66.11,770.00,12.13,10.00,12.80,0.0,0.0000,0.0
BUILDING,520.00,-4.08,770.00,11.19,10.00,12.49,0.0,0.0000,0.0
BUILDING,520.00,5.92,770.00,11.19,10.00,12.49,0.0,0.0000,0.0
BUILDING,520.00,15.92,770.00,11.19,10.00,12.49,0.0,0.0000,0.0
BUILDING,520.00,25.92,770.00,11.19,10.00,12.49,0.0,0.0000,0.0
BUILDING,520.00,35.92,770.00,11.19,10.00,12.49,0.0,0.0000,0.0
BUILDING,520.00,45.92,770.00,11.19,10.00,12.49,0.0,0.0000,0.0
BUILDING,520.00,55.92,770.00,11.19,10.00,12.49,0.0,0.0000,0.0
BUILDING,520.00,65.92,770.00,11.19,10.00,12.49,0.0,0.0000,0.0
BUILDING,520.00,75.92,770.00,11.19,10.00,12.49,0.0,0.0000,0.0
BUILDING,520.00,85.92,770.00,11.19,10.00,12.49,0.0,0.0000,0.0
BUILDING,520.00,95.92,770.00,11.19,10.00,12.49,0.0,0.0000,0.0
BUILDING,520.00,105.92,770.00,11.19,10.00,12.49,0.0,0.0000,0.0
BUILDING,600.00,-3.11,770.00,12.55,10.00,10.55,0.0,0.0000,0.0
BUILDING,600.00,6.89,770.00,12.55,10.00,10.55,0.0,0.0000,0.0
BUILDING,600.00,16.89,770.00,12.55,10.00,10.55,0.0,0.0000,0.0
BUILDING,600.00,26.89,770.00,12.55,10.00,10.55,0.0,0.0000,0.0
BUILDING,600.00,36.89,770.00,12.55,10.00,10.55,0.0,0.0000,0.0
BUILDING,600.00,46.89,770.00,12.55,10.00,10.55,0.0,0.0000,0.0
BUILDING,600.00,56.89,770.00,12.55,10.00,10.55,0.0,0.0000,0.0
BUILDING,600.00,66.89,770.00,12.55,10.00,10.55,0.0,0.0000,0.0
BUILDING,600.00,76.89,770.00,12.55,10.00,10.55,0.0,0.0000,0.0
BUILDING,600.00,86.89,770.00,12.55,10.00,10.55,0.0,0.0000,0.0
BUILDING,600.00,96.89,770.00,12.55,10.00,10.55,0.0,0.0000,0.0
ENEMY,480.00,121.79,765.87,3.8,3.8,3.8,0.0,0.0,0.0
BUILDING,680.00,-2.48,770.00,12.24,10.00,9.77,0.0,0.0000,0.0
BUILDING,680.00,7.52,770.00,12.24,10.00,9.77,0.0,0.0000,0.0
BUILDING,680.00,17.52,770.00,12.24,10.00,9.77,0.0,0.0000,0.0
BUILDING,680.00,27.52,770.00,12.24,10.00,9.77,0.0,0.0000,0.0
BUILDING,680.00,37.52,770.00,12.24,10.00,9.77,0.0,0.0000,0.0
BUILDING,680.00,47.52,770.00,12.24,10.00,9.77,0.0,0.0000,0.0
BUILDING,680.00,57.52,770.00,12.24,10.00,9.77,0.0,0.0000,0.0
BUILDING,680.00,67.52,770.00,12.24,10.00,9.77,0.0,0.0000,0.0
BUILDING,680.00,77.52,770.00,12.24,10.00,9.77,0.0,0.0000,0.0
BUILDING,680.00,87.52,770.00,12.24,10.00,9.77,0.0,0.0000,0.0
BUILDING,680.00,97.52,770.00,12.24,10.00,9.77,0.0,0.0000,0.0
BUILDING,-680.00,-13.06,770.00,10.37,10.00,13.17,0.0,0.0000,0.0
BUILDING,-680.00,-3.06,770.00,10.37,10.00,13.17,0.0,0.0000,0.0
BUILDING,-680.00,6.94,770.00,10.37,10.00,13.17,0.0,0.0000,0.0
BUILDING,-680.00,16.94,770.00,10.37,10.00,13.17,0.0,0.0000,0.0
BUILDING,-680.00,26.94,770.00,10.37,10.00,13.17,0.0,0.0000,0.0
BUILDING,-680.00,36.94,770.00,10.37,10.00,13.17,0.0,0.0000,0.0
BUILDING,-680.00,46.94,770.00,10.37,10.00,13.17,0.0,0.0000,0.0
BUILDING,-680.00,56.94,770.00,10.37,10.00,13.17,0.0,0.0000,0.0
BUILDING,-680.00,66.94,770.00,10.37,10.00,13.17,0.0,0.0000,0.0
BUILDING,-680.00,76.94,770.00,10.37,10.00,13.17,0.0,0.0000,0.0
BUILDING,-680.00,86.94,770.00,10.37,10.00,13.17,0.0,0.0000,0.0
BUILDING,760.00,-2.11,770.00,9.72,10.00,9.95,0.0,0.0000,0.0
BUILDING,760.00,7.89,770.00,9.72,10.00,9.95,0.0,0.0000,0.0
BUILDING,760.00,17.89,770.00,9.72,10.00,9.95,0.0,0.0000,0.0
BUILDING,760.00,27.89,770.00,9.72,10.00,9.95,0.0,0.0000,0.0
BUILDING,760.00,37.89,770.00,9.72,10.00,9.95,0.0,0.0000,0.0
BUILDING,760.00,47.89,770.00,9.72,10.00,9.95,0.0,0.0000,0.0
BUILDING,760.00,57.89,770.00,9.72,10.00,9.95,0.0,0.0000,0.0
BUILDING,760.00,67.89,770.00,9.72,10.00,9.95,0.0,0.0000,0.0
BUILDING,760.00,77.89,770.00,9.72,10.00,9.95,0.0,0.0000,0.0
BUILDING,760.00,87.89,770.00,9.72,10.00,9.95,0.0,0.0000,0.0
BUILDING,760.00,97.89,770.00,9.72,10.00,9.95,0.0,0.0000,0.0
BUILDING,760.00,107.89,770.00,9.72,10.00,9.95,0.0,0.0000,0.0
BUILDING,840.00,-1.96,770.00,10.38,10.00,12.95,0.0,0.0000,0.0
BUILDING,840.00,8.04,770.00,10.38,10.00,12.95,0.0,0.0000,0.0
BUILDING,840.00,18.04,770.00,10.38,10.00,12.95,0.0,0.0000,0.0
BUILDING,840.00,28.04,770.00,10.38,10.00,12.95,0.0,0.0000,0.0
BUILDING,840.00,38.04,770.00,10.38,10.00,12.95,0.0,0.0000,0.0
BUILDING,840.00,48.04,770.00,10.38,10.00,12.95,0.0,0.0000,0.0
BUILDING,840.00,58.04,770.00,10.38,10.00,12.95,0.0,0.0000,0.0
BUILDING,840.00,68.04,770.00,10.38,10.00,12.95,0.0,0.0000,0.0
BUILDING,840.00,78.04,770.00,10.38,10.00,12.95,0.0,0.0000,0.0
BUILDING,840.00,88.04,770.00,10.38,10.00,12.95,0.0,0.0000,0.0
BUILDING,840.00,98.04,770.00,10.38,10.00,12.95,0.0,0.0000,0.0
BUILDING,920.00,-2.10,770.00,10.41,10.00,10.49,0.0,0.0000,0.0
BUILDING,920.00,7.90,770.00,10.41,10.00,10.49,0.0,0.0000,0.0
BUILDING,920.00,17.90,770.00,10.41,10.00,10.49,0.0,0.0000,0.0
BUILDING,920.00,27.90,770.00,10.41,10.00,10.49,0.0,0.0000,0.0
BUILDING,920.00,37.90,770.00,10.41,10.00,10.49,0.0,0.0000,0.0
BUILDING,920.00,47.90,770.00,10.41,10.00,10.49,0.0,0.0000,0.0
BUILDING,920.00,57.90,770.00,10.41,10.00,10.49,0.0,0.0000,0.0
BUILDING,920.00,67.90,770.00,10.41,10.00,10.49,0.0,0.0000,0.0
BUILDING,920.00,77.90,770.00,10.41,10.00,10.49,0.0,0.0000,0.0
BUILDING,920.00,87.90,770.00,10.41,10.00,10.49,0.0,0.0000,0.0
BUILDING,920.00,97.90,770.00,10.41,10.00,10.49,0.0,0.0000,0.0
BUILDING,40.00,-14.90,850.00,11.23,10.00,11.42,0.0,0.0000,0.0
BUILDING,40.00,-4.90,850.00,11.23,10.00,11.42,0.0,0.0000,0.0
BUILDING,120.00,-14.11,850.00,13.35,10.00,13.90,0.0,0.0000,0.0
BUILDING,120.00,-4.11,850.00,13.35,10.00,13.90,0.0,0.0000,0.0
BUILDING,120.00,5.89,850.00,13.35,10.00,13.90,0.0,0.0000,0.0
BUILDING,-120.00,-14.24,850.00,9.22,10.00,12.72,0.0,0.0000,0.0
BUILDING,-120.00,-4.24,850.00,9.22,10.00,12.72,0.0,0.0000,0.0
BUILDING,-120.00,5.76,850.00,9.22,10.00,12.72,0.0,0.0000,0.0
BUILDING,-120.00,15.76,850.00,9.22,10.00,12.72,0.0,0.0000,0.0
BUILDING,-200.00,-13.32,850.00,11.48,10.00,9.19,0.0,0.0000,0.0
BUILDING,-200.00,-3.32,850.00,11.48,10.00,9.19,0.0,0.0000,0.0
BUILDING,280.00,-10.98,850.00,13.37,10.00,11.20,0.0,0.0000,0.0
BUILDING,280.00,-0.98,850.00,13.37,10.00,11.20,0.0,0.0000,0.0
BUILDING,280.00,9.02,850.00,13.37,10.00,11.20,0.0,0.0000,0.0
BUILDING,280.00,19.02,850.00,13.37,10.00,11.20,0.0,0.0000,0.0
BUILDING,280.00,29.02,850.00,13.37,10.00,11.20,0.0,0.0000,0.0
BUILDING,280.00,39.02,850.00,13.37,10.00,11.20,0.0,0.0000,0.0
BUILDING,280.00,49.02,850.00,13.37,10.00,11.20,0.0,0.0000,0.0
BUILDING,-280.00,-12.57,850.00,9.72,10.00,13.35,0.0,0.0000,0.0
BUILDING,-280.00,-2.57,850.00,9.72,10.00,13.35,0.0,0.0000,0.0
BUILDING,-280.00,7.43,850.00,9.72,10.00,13.35,0.0,0.0000,0.0
BUILDING,-280.00,17.43,850.00,9.72,10.00,13.35,0.0,0.0000,0.0
BUILDING,-280.00,27.43,850.00,9.72,10.00,13.35,0.0,0.0000,0.0
BUILDING,-280.00,37.43,850.00,9.72,10.00,13.35,0.0,0.0000,0.0
BUILDING,-280.00,47.43,850.00,9.72,10.00,13.35,0.0,0.0000,0.0
BUILDING,-280.00,57.43,850.00,9.72,10.00,13.35,0.0,0.0000,0.0
BUILDING,-280.00,67.43,850.00,9.72,10.00,13.35,0.0,0.0000,0.0
BUILDING,-280.00,77.43,850.00,9.72,10.00,13.35,0.0,0.0000,0.0
BUILDING,-280.00,87.43,850.00,9.72,10.00,13.35,0.0,0.0000,0.0
BUILDING,360.00,-9.07,850.00,10.69,10.00,12.46,0.0,0.0000,0.0
BUILDING,360.00,0.93,850.00,10.69,10.00,12.46,0.0,0.0000,0.0
BUILDING,360.00,10.93,850.00,10.69,10.00,12.46,0.0,0.0000,0.0
BUILDING,360.00,20.93,850.00,10.69,10.00,12.46,0.0,0.0000,0.0
BUILDING,360.00,30.93,850.00,10.69,10.00,12.46,0.0,0.0000,0.0
BUILDING,360.00,40.93,850.00,10.69,10.00,12.46,0.0,0.0000,0.0
BUILDING,360.00,50.93,850.00,10.69,10.00,12.46,0.0,0.0000,0.0
BUILDING,360.00,60.93,850.00,10.69,10.00,12.46,0.0,0.0000,0.0
BUILDING,360.00,70.93,850.00,10.69,10.00,12.46,0.0,0.0000,0.0
BUILDING,360.00,80.93,850.00,10.69,10.00,12.46,0.0,0.0000,0.0
BUILDING,520.00,-5.10,850.00,12.13,10.00,13.44,0.0,0.0000,0.0
BUILDING,520.00,4.90,850.00,12.13,10.00,13.44,0.0,0.0000,0.0
BUILDING,520.00,14.90,850.00,12.13,10.00,13.44,0.0,0.0000,0.0
BUILDING,520.00,24.90,850.00,12.13,10.00,13.44,0.0,0.0000,0.0
BUILDING,520.00,34.90,850.00,12.13,10.00,13.44,0.0,0.0000,0.0
BUILDING,520.00,44.90,850.00,12.13,10.00,13.44,0.0,0.0000,0.0
BUILDING,520.00,54.90,850.00,12.13,10.00,13.44,0.0,0.0000,0.0
BUILDING,520.00,64.90,850.00,12.13,10.00,13.44,0.0,0.0000,0.0
BUILDING,520.00,74.90,850.00,12.13,10.00,13.44,0.0,0.0000,0.0
BUILDING,520.00,84.90,850.00,12.13,10.00,13.44,0.0,0.0000,0.0
BUILDING,520.00,94.90,850.00,12.13,10.00,13.44,0.0,0.0000,0.0
BUILDING,-520.00,-13.25,850.00,9.34,10.00,12.16,0.0,0.0000,0.0
BUILDING,-520.00,-3.25,850.00,9.34,10.00,12.16,0.0,0.0000,0.0
BUILDING,-520.00,6.75,850.00,9.34,10.00,12.16,0.0,0.0000,0.0
BUILDING,-520.00,16.75,850.00,9.34,10.00,12.16,0.0,0.0000,0.0
BUILDING,-520.00,26.75,850.00,9.34,10.00,12.16,0.0,0.0000,0.0
BUILDING,-520.00,36.75,850.00,9.34,10.00,12.16,0.0,0.0000,0.0
BUILDING,-520.00,46.75,850.00,9.34,10.00,12.16,0.0,0.0000,0.0
BUILDING,-520.00,56.75,850.00,9.34,10.00,12.16,0.0,0.0000,0.0
BUILDING,-520.00,66.75,850.00,9.34,10.00,12.16,0.0,0.0000,0.0
BUILDING,-520.00,76.75,850.00,9.34,10.00,12.16,0.0,0.0000,0.0
BUILDING,680.00,-1.36,850.00,12.80,10.00,12.52,0.0,0.0000,0.0
BUILDING,680.00,8.64,850.00,12.80,10.00,12.52,0.0,0.0000,0.0
BUILDING,680.00,18.64,850.00,12.80,10.00,12.52,0.0,0.0000,0.0
BUILDING,680.00,28.64,850.00,12.80,10.00,12.52,0.0,0.0000,0.0
BUILDING,680.00,38.64,850.00,12.80,10.00,12.52,0.0,0.0000,0.0
BUILDING,680.00,48.64,850.00,12.80,10.00,12.52,0.0,0.0000,0.0
BUILDING,680.00,58.64,850.00,12.80,10.00,12.52,0.0,0.0000,0.0
BUILDING,680.00,68.64,850.00,12.80,10.00,12.52,0.0,0.0000,0.0
BUILDING,680.00,78.64,850.00,12.80,10.00,12.52,0.0,0.0000,0.0
BUILDING,680.00,88.64,850.00,12.80,10.00,12.52,0.0,0.0000,0.0
BUILDING,680.00,98.64,850.00,12.80,10.00,12.52,0.0,0.0000,0.0
BUILDING,-680.00,-13.50,850.00,13.52,10.00,9.23,0.0,0.0000,0.0
BUILDING,-680.00,-3.50,850.00,13.52,10.00,9.23,0.0,0.0000,0.0
BUILDING,-680.00,6.50,850.00,13.52,10.00,9.23,0.0,0.0000,0.0
BUILDING,-680.00,16.50,850.00,13.52,10.00,9.23,0.0,0.0000,0.0
BUILDING,-680.00,26.50,850.00,13.52,10.00,9.23,0.0,0.0000,0.0
BUILDING,-680.00,36.50,850.00,13.52,10.00,9.23,0.0,0.0000,0.0
BUILDING,-680.00,46.50,850.00,13.52,10.00,9.23,0.0,0.0000,0.0
BUILDING,-680.00,56.50,850.00,13.52,10.00,9.23,0.0,0.0000,0.0
BUILDING,760.00,0.01,850.00,11.15,10.00,10.22,0.0,0.0000,0.0
BUILDING,760.00,10.01,850.00,11.15,10.00,10.22,0.0,0.0000,0.0
BUILDING,760.00,20.01,850.00,11.15,10.00,10.22,0.0,0.0000,0.0
BUILDING,760.00,30.01,850.00,11.15,10.00,10.22,0.0,0.0000,0.0
BUILDING,760.00,40.01,850.00,11.15,10.00,10.22,0.0,0.0000,0.0
BUILDING,760.00,50.01,850.00,11.15,10.00,10.22,0.0,0.0000,0.0
BUILDING,760.00,60.01,850.00,11.15,10.00,10.22,0.0,0.0000,0.0
BUILDING,760.00,70.01,850.00,11.15,10.00,10.22,0.0,0.0000,0.0
BUILDING,760.00,80.01,850.00,11.15,10.00,10.22,0.0,0.0000,0.0
BUILDING,760.00,90.01,850.00,11.15,10.00,10.22,0.0,0.0000,0.0
BUILDING,760.00,100.01,850.00,11.15,10.00,10.22,0.0,0.0000,0.0
BUILDING,760.00,110.01,850.00,11.15,10.00,10.22,0.0,0.0000,0.0
BUILDING,-760.00,-12.07,850.00,9.85,10.00,9.39,0.0,0.0000,0.0
BUILDING,-760.00,-2.07,850.00,9.85,10.00,9.39,0.0,0.0000,0.0
BUILDING,-760.00,7.93,850.00,9.85,10.00,9.39,0.0,0.0000,0.0
BUILDING,-760.00,17.93,850.00,9.85,10.00,9.39,0.0,0.0000,0.0
BUILDING,-760.00,27.93,850.00,9.85,10.00,9.39,0.0,0.0000,0.0
BUILDING,-760.00,37.93,850.00,9.85,10.00,9.39,0.0,0.0000,0.0
BUILDING,-760.00,47.93,850.00,9.85,10.00,9.39,0.0,0.0000,0.0
BUILDING,-760.00,57.93,850.00,9.85,10.00,9.39,0.0,0.0000,0.0
BUILDING,840.00,0.63,850.00,11.49,10.00,11.92,0.0,0.0000,0.0
BUILDING,840.00,10.63,850.00,11.49,10.00,11.92,0.0,0.0000,0.0
BUILDING,840.00,20.63,850.00,11.49,10.00,11.92,0.0,0.0000,0.0
BUILDING,840.00,30.63,850.00,11.49,10.00,11.92,0.0,0.0000,0.0
BUILDING,840.00,40.63,850.00,11.49,10.00,11.92,0.0,0.0000,0.0
BUILDING,840.00,50.63,850.00,11.49,10.00,11.92,0.0,0.0000,0.0
BUILDING,840.00,60.63,850.00,11.49,10.00,11.92,0.0,0.0000,0.0
BUILDING,840.00,70.63,850.00,11.49,10.00,11.92,0.0,0.0000,0.0
BUILDING,840.00,80.63,850.00,11.49,10.00,11.92,0.0,0.0000,0.0
BUILDING,840.00,90.63,850.00,11.49,10.00,11.92,0.0,0.0000,0.0
BUILDING,840.00,100.63,850.00,11.49,10.00,11.92,0.0,0.0000,0.0
BUILDING,840.00,110.63,850.00,11.49,10.00,11.92,0.0,0.0000,0.0
BUILDING,-840.00,-9.35,850.00,10.28,10.00,9.05,0.0,0.0000,0.0
BUILDING,-840.00,0.65,850.00,10.28,10.00,9.05,0.0,0.0000,0.0
BUILDING,-840.00,10.65,850.00,10.28,10.00,9.05,0.0,0.0000,0.0
BUILDING,-840.00,20.65,850.00,10.28,10.00,9.05,0.0,0.0000,0.0
BUILDING,-840.00,30.65,850.00,10.28,10.00,9.05,0.0,0.0000,0.0
BUILDING,-840.00,40.65,850.00,10.28,10.00,9.05,0.0,0.0000,0.0
BUILDING,-840.00,50.65,850.00,10.28,10.00,9.05,0.0,0.0000,0.0
BUILDING,-840.00,60.65,850.00,10.28,10.00,9.05,0.0,0.0000,0.0
BUILDING,-840.00,70.65,850.00,10.28,10.00,9.05,0.0,0.0000,0.0
BUILDING,-840.00,80.65,850.00,10.28,10.00,9.05,0.0,0.0000,0.0
BUILDING,-840.00,90.65,850.00,10.28,10.00,9.05,0.0,0.0000,0.0
BUILDING,-920.00,-5.70,850.00,9.37,10.00,13.73,0.0,0.0000,0.0
BUILDING,-920.00,4.30,850.00,9.37,10.00,13.73,0.0,0.0000,0.0
BUILDING,-920.00,14.30,850.00,9.37,10.00,13.73,0.0,0.0000,0.0
BUILDING,-920.00,24.30,850.00,9.37,10.00,13.73,0.0,0.0000,0.0
BUILDING,-920.00,34.30,850.00,9.37,10.00,13.73,0.0,0.0000,0.0
BUILDING,-920.00,44.30,850.00,9.37,10.00,13.73,0.0,0.0000,0.0
BUILDING,-920.00,54.30,850.00,9.37,10.00,13.73,0.0,0.0000,0.0
BUILDING,-920.00,64.30,850.00,9.37,10.00,13.73,0.0,0.0000,0.0
BUILDING,-920.00,74.30,850.00,9.37,10.00,13.73,0.0,0.0000,0.0
BUILDING,-920.00,84.30,850.00,9.37,10.00,13.73,0.0,0.0000,0.0
BUILDING,200.00,-13.40,930.00,13.27,10.00,9.53,0.0,0.0000,0.0
BUILDING,200.00,-3.40,930.00,13.27,10.00,9.53,0.0,0.0000,0.0
BUILDING,200.00,6.60,930.00,13.27,10.00,9.53,0.0,0.0000,0.0
BUILDING,200.00,16.60,930.00,13.27,10.00,9.53,0.0,0.0000,0.0
BUILDING,-200.00,-13.63,930.00,13.96,10.00,10.48,0.0,0.0000,0.0
BUILDING,-200.00,-3.63,930.00,13.96,10.00,10.48,0.0,0.0000,0.0
BUILDING,-200.00,6.37,930.00,13.96,10.00,10.48,0.0,0.0000,0.0
BUILDING,280.00,-11.95,930.00,9.04,10.00,13.33,0.0,0.0000,0.0
BUILDING,280.00,-1.95,930.00,9.04,10.00,13.33,0.0,0.0000,0.0
BUILDING,280.00,8.05,930.00,9.04,10.00,13.33,0.0,0.0000,0.0
BUILDING,280.00,18.05,930.00,9.04,10.00,13.33,0.0,0.0000,0.0
BUILDING,280.00,28.05,930.00,9.04,10.00,13.33,0.0,0.0000,0.0
BUILDING,280.00,38.05,930.00,9.04,10.00,13.33,0.0,0.0000,0.0
BUILDING,280.00,48.05,930.00,9.04,10.00,13.33,0.0,0.0000,0.0
BUILDING,280.00,58.05,930.00,9.04,10.00,13.33,0.0,0.0000,0.0
BUILDING,280.00,68.05,930.00,9.04,10.00,13.33,0.0,0.0000,0.0
BUILDING,-520.00,-11.93,930.00,10.10,10.00,9.95,0.0,0.0000,0.0
BUILDING,-520.00,-1.93,930.00,10.10,10.00,9.95,0.0,0.0000,0.0
BUILDING,-520.00,8.07,930.00,10.10,10.00,9.95,0.0,0.0000,0.0
BUILDING,-520.00,18.07,930.00,10.10,10.00,9.95,0.0,0.0000,0.0
BUILDING,-520.00,28.07,930.00,10.10,10.00,9.95,0.0,0.0000,0.0
BUILDING,-520.00,38.07,930.00,10.10,10.00,9.95,0.0,0.0000,0.0
BUILDING,-520.00,48.07,930.00,10.10,10.00,9.95,0.0,0.0000,0.0
BUILDING,-520.00,58.07,930.00,10.10,10.00,9.95,0.0,0.0000,0.0
BUILDING,-520.00,68.07,930.00,10.10,10.00,9.95,0.0,0.0000,0.0
BUILDING,680.00,0.41,930.00,12.14,10.00,13.52,0.0,0.0000,0.0
BUILDING,680.00,10.41,930.00,12.14,10.00,13.52,0.0,0.0000,0.0
BUILDING,680.00,20.41,930.00,12.14,10.00,13.52,0.0,0.0000,0.0
BUILDING,680.00,30.41,930.00,12.14,10.00,13.52,0.0,0.0000,0.0
BUILDING,680.00,40.41,930.00,12.14,10.00,13.52,0.0,0.0000,0.0
BUILDING,680.00,50.41,930.00,12.14,10.00,13.52,0.0,0.0000,0.0
BUILDING,680.00,60.41,930.00,12.14,10.00,13.52,0.0,0.0000,0.0
BUILDING,680.00,70.41,930.00,12.14,10.00,13.52,0.0,0.0000,0.0
BUILDING,680.00,80.41,930.00,12.14,10.00,13.52,0.0,0.0000,0.0
BUILDING,680.00,90.41,930.00,12.14,10.00,13.52,0.0,0.0000,0.0
BUILDING,680.00,100.41,930.00,12.14,10.00,13.52,0.0,0.0000,0.0
BUILDING,680.00,110.41,930.00,12.14,10.00,13.52,0.0,0.0000,0.0
BUILDING,-680.00,-12.47,930.00,9.17,10.00,10.82,0.0,0.0000,0.0
BUILDING,-680.00,-2.47,930.00,9.17,10.00,10.82,0.0,0.0000,0.0
BUILDING,-680.00,7.53,930.00,9.17,10.00,10.82,0.0,0.0000,0.0
BUILDING,-680.00,17.53,930.00,9.17,10.00,10.82,0.0,0.0000,0.0
BUILDING,-680.00,27.53,930.00,9.17,10.00,10.82,0.0,0.0000,0.0
BUILDING,-680.00,37.53,930.00,9.17,10.00,10.82,0.0,0.0000,0.0
BUILDING,-680.00,47.53,930.00,9.17,10.00,10.82,0.0,0.0000,0.0
BUILDING,-680.00,57.53,930.00,9.17,10.00,10.82,0.0,0.0000,0.0
BUILDING,-680.00,67.53,930.00,9.17,10.00,10.82,0.0,0.0000,0.0
BUILDING,-680.00,77.53,930.00,9.17,10.00,10.82,0.0,0.0000,0.0
BUILDING,-760.00,-12.10,930.00,9.88,10.00,9.66,0.0,0.0000,0.0
BUILDING,-760.00,-2.10,930.00,9.88,10.00,9.66,0.0,0.0000,0.0
BUILDING,-760.00,7.90,930.00,9.88,10.00,9.66,0.0,0.0000,0.0
BUILDING,-760.00,17.90,930.00,9.88,10.00,9.66,0.0,0.0000,0.0
BUILDING,-760.00,27.90,930.00,9.88,10.00,9.66,0.0,0.0000,0.0
BUILDING,-760.00,37.90,930.00,9.88,10.00,9.66,0.0,0.0000,0.0
BUILDING,-760.00,47.90,930.00,9.88,10.00,9.66,0.0,0.0000,0.0
BUILDING,-760.00,57.90,930.00,9.88,10.00,9.66,0.0,0.0000,0.0
BUILDING,-760.00,67.90,930.00,9.88,10.00,9.66,0.0,0.0000,0.0
BUILDING,-760.00,77.90,930.00,9.88,10.00,9.66,0.0,0.0000,0.0
BUILDING,-840.00,-10.87,930.00,13.15,10.00,10.28,0.0,0.0000,0.0
BUILDING,-840.00,-0.87,930.00,13.15,10.00,10.28,0.0,0.0000,0.0
BUILDING,-840.00,9.13,930.00,13.15,10.00,10.28,0.0,0.0000,0.0
BUILDING,-840.00,19.13,930.00,13.15,10.00,10.28,0.0,0.0000,0.0
BUILDING,-840.00,29.13,930.00,13.15,10.00,10.28,0.0,0.0000,0.0
BUILDING,-840.00,39.13,930.00,13.15,10.00,10.28,0.0,0.0000,0.0
BUILDING,-840.00,49.13,930.00,13.15,10.00,10.28,0.0,0.0000,0.0
BUILDING,-840.00,59.13,930.00,13.15,10.00,10.28,0.0,0.0000,0.0
BUILDING,-840.00,69.13,930.00,13.15,10.00,10.28,0.0,0.0000,0.0
BUILDING,920.00,0.50,930.00,12.73,10.00,10.69,0.0,0.0000,0.0
BUILDING,920.00,10.50,930.00,12.73,10.00,10.69,0.0,0.0000,0.0
BUILDING,920.00,20.50,930.00,12.73,10.00,10.69,0.0,0.0000,0.0
BUILDING,920.00,30.50,930.00,12.73,10.00,10.69,0.0,0.0000,0.0
BUILDING,920.00,40.50,930.00,12.73,10.00,10.69,0.0,0.0000,0.0
BUILDING,920.00,50.50,930.00,12.73,10.00,10.69,0.0,0.0000,0.0
BUILDING,920.00,60.50,930.00,12.73,10.00,10.69,0.0,0.0000,0.0
BUILDING,920.00,70.50,930.00,12.73,10.00,10.69,0.0,0.0000,0.0
BUILDING,920.00,80.50,930.00,12.73,10.00,10.69,0.0,0.0000,0.0
BUILDING,920.00,90.50,930.00,12.73,10.00,10.69,0.0,0.0000,0.0
BUILDING,920.00,100.50,930.00,12.73,10.00,10.69,0.0,0.0000,0.0
BUILDING,920.00,110.50,930.00,12.73,10.00,10.69,0.0,0.0000,0.0
BUILDING,-280.00,-13.67,1010.00,9.07,10.00,11.68,0.0,0.0000,0.0
BUILDING,-280.00,-3.67,1010.00,9.07,10.00,11.68,0.0,0.0000,0.0
BUILDING,-280.00,6.33,1010.00,9.07,10.00,11.68,0.0,0.0000,0.0
BUILDING,-280.00,16.33,1010.00,9.07,10.00,11.68,0.0,0.0000,0.0
BUILDING,-280.00,26.33,1010.00,9.07,10.00,11.68,0.0,0.0000,0.0
BUILDING,-280.00,36.33,1010.00,9.07,10.00,11.68,0.0,0.0000,0.0
BUILDING,-280.00,46.33,1010.00,9.07,10.00,11.68,0.0,0.0000,0.0
BUILDING,-280.00,56.33,1010.00,9.07,10.00,11.68,0.0,0.0000,0.0
BUILDING,-280.00,66.33,1010.00,9.07,10.00,11.68,0.0,0.0000,0.0
BUILDING,360.00,-10.22,1010.00,10.31,10.00,10.91,0.0,0.0000,0.0
BUILDING,360.00,-0.22,1010.00,10.31,10.00,10.91,0.0,0.0000,0.0
BUILDING,360.00,9.78,1010.00,10.31,10.00,10.91,0.0,0.0000,0.0
BUILDING,360.00,19.78,1010.00,10.31,10.00,10.91,0.0,0.0000,0.0
BUILDING,360.00,29.78,1010.00,10.31,10.00,10.91,0.0,0.0000,0.0
BUILDING,360.00,39.78,1010.00,10.31,10.00,10.91,0.0,0.0000,0.0
BUILDING,360.00,49.78,1010.00,10.31,10.00,10.91,0.0,0.0000,0.0
BUILDING,360.00,59.78,1010.00,10.31,10.00,10.91,0.0,0.0000,0.0
BUILDING,360.00,69.78,1010.00,10.31,10.00,10.91,0.0,0.0000,0.0
BUILDING,360.00,79.78,1010.00,10.31,10.00,10.91,0.0,0.0000,0.0
BUILDING,360.00,89.78,1010.00,10.31,10.00,10.91,0.0,0.0000,0.0
BUILDING,360.00,99.78,1010.00,10.31,10.00,10.91,0.0,0.0000,0.0
BUILDING,-360.00,-12.92,1010.00,10.17,10.00,9.13,0.0,0.0000,0.0
BUILDING,-360.00,-2.92,1010.00,10.17,10.00,9.13,0.0,0.0000,0.0
BUILDING,-360.00,7.08,1010.00,10.17,10.00,9.13,0.0,0.0000,0.0
BUILDING,-360.00,17.08,1010.00,10.17,10.00,9.13,0.0,0.0000,0.0
BUILDING,-360.00,27.08,1010.00,10.17,10.00,9.13,0.0,0.0000,0.0
BUILDING,-360.00,37.08,1010.00,10.17,10.00,9.13,0.0,0.0000,0.0
BUILDING,-360.00,47.08,1010.00,10.17,10.00,9.13,0.0,0.0000,0.0
BUILDING,-360.00,57.08,1010.00,10.17,10.00,9.13,0.0,0.0000,0.0
BUILDING,-360.00,67.08,1010.00,10.17,10.00,9.13,0.0,0.0000,0.0
BUILDING,-360.00,77.08,1010.00,10.17,10.00,9.13,0.0,0.0000,0.0
BUILDING,-360.00,87.08,1010.00,10.17,10.00,9.13,0.0,0.0000,0.0
BUILDING,440.00,-7.27,1010.00,10.11,10.00,9.32,0.0,0.0000,0.0
BUILDING,440.00,2.73,1010.00,10.11,10.00,9.32,0.0,0.0000,0.0
BUILDING,440.00,12.73,1010.00,10.11,10.00,9.32,0.0,0.0000,0.0
BUILDING,440.00,22.73,1010.00,10.11,10.00,9.32,0.0,0.0000,0.0
BUILDING,440.00,32.73,1010.00,10.11,10.00,9.32,0.0,0.0000,0.0
BUILDING,440.00,42.73,1010.00,10.11,10.00,9.32,0.0,0.0000,0.0
BUILDING,440.00,52.73,1010.00,10.11,10.00,9.32,0.0,0.0000,0.0
BUILDING,440.00,62.73,1010.00,10.11,10.00,9.32,0.0,0.0000,0.0
BUILDING,440.00,72.73,1010.00,10.11,10.00,9.32,0.0,0.0000,0.0
BUILDING,440.00,82.73,1010.00,10.11,10.00,9.32,0.0,0.0000,0.0
BUILDING,440.00,92.73,1010.00,10.11,10.00,9.32,0.0,0.0000,0.0
BUILDING,440.00,102.73,1010.00,10.11,10.00,9.32,0.0,0.0000,0.0
BUILDING,520.00,-3.93,1010.00,9.58,10.00,9.23,0.0,0.0000,0.0
BUILDING,520.00,6.07,1010.00,9.58,10.00,9.23,0.0,0.0000,0.0
BUILDING,520.00,16.07,1010.00,9.58,10.00,9.23,0.0,0.0000,0.0
BUILDING,520.00,26.07,1010.00,9.58,10.00,9.23,0.0,0.0000,0.0
BUILDING,520.00,36.07,1010.00,9.58,10.00,9.23,0.0,0.0000,0.0
BUILDING,520.00,46.07,1010.00,9.58,10.00,9.23,0.0,0.0000,0.0
BUILDING,520.00,56.07,1010.00,9.58,10.00,9.23,0.0,0.0000,0.0
BUILDING,520.00,66.07,1010.00,9.58,10.00,9.23,0.0,0.0000,0.0
BUILDING,520.00,76.07,1010.00,9.58,10.00,9.23,0.0,0.0000,0.0
BUILDING,520.00,86.07,1010.00,9.58,10.00,9.23,0.0,0.0000,0.0
BUILDING,520.00,96.07,1010.00,9.58,10.00,9.23,0.0,0.0000,0.0
BUILDING,520.00,106.07,1010.00,9.58,10.00,9.23,0.0,0.0000,0.0
ENEMY,416.00,138.02,1004.24,3.8,3.8,3.8,0.0,0.0,0.0
BUILDING,-520.00,-11.57,1010.00,9.68,10.00,11.27,0.0,0.0000,0.0
BUILDING,-520.00,-1.57,1010.00,9.68,10.00,11.27,0.0,0.0000,0.0
BUILDING,-520.00,8.43,1010.00,9.68,10.00,11.27,0.0,0.0000,0.0
BUILDING,-520.00,18.43,1010.00,9.68,10.00,11.27,0.0,0.0000,0.0
BUILDING,-520.00,28.43,1010.00,9.68,10.00,11.27,0.0,0.0000,0.0
BUILDING,-520.00,38.43,1010.00,9.68,10.00,11.27,0.0,0.0000,0.0
BUILDING,-520.00,48.43,1010.00,9.68,10.00,11.27,0.0,0.0000,0.0
BUILDING,-520.00,58.43,1010.00,9.68,10.00,11.27,0.0,0.0000,0.0
BUILDING,-520.00,68.43,1010.00,9.68,10.00,11.27,0.0,0.0000,0.0
BUILDING,-520.00,78.43,1010.00,9.68,10.00,11.27,0.0,0.0000,0.0
BUILDING,-520.00,88.43,1010.00,9.68,10.00,11.27,0.0,0.0000,0.0
BUILDING,680.00,1.46,1010.00,12.63,10.00,13.43,0.0,0.0000,0.0
BUILDING,680.00,11.46,1010.00,12.63,10.00,13.43,0.0,0.0000,0.0
BUILDING,680.00,21.46,1010.00,12.63,10.00,13.43,0.0,0.0000,0.0
BUILDING,680.00,31.46,1010.00,12.63,10.00,13.43,0.0,0.0000,0.0
BUILDING,680.00,41.46,1010.00,12.63,10.00,13.43,0.0,0.0000,0.0
BUILDING,680.00,51.46,1010.00,12.63,10.00,13.43,0.0,0.0000,0.0
BUILDING,680.00,61.46,1010.00,12.63,10.00,13.43,0.0,0.0000,0.0
BUILDING,680.00,71.46,1010.00,12.63,10.00,13.43,0.0,0.0000,0.0
BUILDING,680.00,81.46,1010.00,12.63,10.00,13.43,0.0,0.0000,0.0
BUILDING,680.00,91.46,1010.00,12.63,10.00,13.43,0.0,0.0000,0.0
BUILDING,680.00,101.46,1010.00,12.63,10.00,13.43,0.0,0.0000,0.0
BUILDING,680.00,111.46,1010.00,12.63,10.00,13.43,0.0,0.0000,0.0
BUILDING,760.00,2.13,1010.00,9.16,10.00,10.85,0.0,0.0000,0.0
BUILDING,760.00,12.13,1010.00,9.16,10.00,10.85,0.0,0.0000,0.0
BUILDING,760.00,22.13,1010.00,9.16,10.00,10.85,0.0,0.0000,0.0
BUILDING,760.00,32.13,1010.00,9.16,10.00,10.85,0.0,0.0000,0.0
BUILDING,760.00,42.13,1010.00,9.16,10.00,10.85,0.0,0.0000,0.0
BUILDING,760.00,52.13,1010.00,9.16,10.00,10.85,0.0,0.0000,0.0
BUILDING,760.00,62.13,1010.00,9.16,10.00,10.85,0.0,0.0000,0.0
BUILDING,760.00,72.13,1010.00,9.16,10.00,10.85,0.0,0.0000,0.0
BUILDING,760.00,82.13,1010.00,9.16,10.00,10.85,0.0,0.0000,0.0
BUILDING,760.00,92.13,1010.00,9.16,10.00,10.85,0.0,0.0000,0.0
BUILDING,760.00,102.13,1010.00,9.16,10.00,10.85,0.0,0.0000,0.0
BUILDING,760.00,112.13,1010.00,9.16,10.00,10.85,0.0,0.0000,0.0
BUILDING,-840.00,-10.48,1010.00,10.84,10.00,13.51,0.0,0.0000,0.0
BUILDING,-840.00,-0.48,1010.00,10.84,10.00,13.51,0.0,0.0000,0.0
BUILDING,-840.00,9.52,1010.00,10.84,10.00,13.51,0.0,0.0000,0.0
BUILDING,-840.00,19.52,1010.00,10.84,10.00,13.51,0.0,0.0000,0.0
BUILDING,-840.00,29.52,1010.00,10.84,10.00,13.51,0.0,0.0000,0.0
BUILDING,-840.00,39.52,1010.00,10.84,10.00,13.51,0.0,0.0000,0.0
BUILDING,-840.00,49.52,1010.00,10.84,10.00,13.51,0.0,0.0000,0.0
BUILDING,-840.00,59.52,1010.00,10.84,10.00,13.51,0.0,0.0000,0.0
BUILDING,-840.00,69.52,1010.00,10.84,10.00,13.51,0.0,0.0000,0.0
BUILDING,-840.00,79.52,1010.00,10.84,10.00,13.51,0.0,0.0000,0.0
BUILDING,-840.00,89.52,1010.00,10.84,10.00,13.51,0.0,0.0000,0.0
BUILDING,-840.00,99.52,1010.00,10.84,10.00,13.51,0.0,0.0000,0.0
BUILDING,920.00,-2.22,1010.00,9.95,10.00,9.61,0.0,0.0000,0.0
BUILDING,920.00,7.78,1010.00,9.95,10.00,9.61,0.0,0.0000,0.0
BUILDING,920.00,17.78,1010.00,9.95,10.00,9.61,0.0,0.0000,0.0
BUILDING,920.00,27.78,1010.00,9.95,10.00,9.61,0.0,0.0000,0.0
BUILDING,920.00,37.78,1010.00,9.95,10.00,9.61,0.0,0.0000,0.0
BUILDING,920.00,47.78,1010.00,9.95,10.00,9.61,0.0,0.0000,0.0
BUILDING,920.00,57.78,1010.00,9.95,10.00,9.61,0.0,0.0000,0.0
BUILDING,920.00,67.78,1010.00,9.95,10.00,9.61,0.0,0.0000,0.0
BUILDING,920.00,77.78,1010.00,9.95,10.00,9.61,0.0,0.0000,0.0
BUILDING,920.00,87.78,1010.00,9.95,10.00,9.61,0.0,0.0000,0.0
BUILDING,920.00,97.78,1010.00,9.95,10.00,9.61,0.0,0.0000,0.0
BUILDING,920.00,107.78,1010.00,9.95,10.00,9.61,0.0,0.0000,0.0
BUILDING,-920.00,-9.72,1010.00,10.06,10.00,12.20,0.0,0.0000,0.0
BUILDING,-920.00,0.28,1010.00,10.06,10.00,12.20,0.0,0.0000,0.0
BUILDING,-920.00,10.28,1010.00,10.06,10.00,12.20,0.0,0.0000,0.0
BUILDING,-920.00,20.28,1010.00,10.06,10.00,12.20,0.0,0.0000,0.0
BUILDING,-920.00,30.28,1010.00,10.06,10.00,12.20,0.0,0.0000,0.0
BUILDING,-920.00,40.28,1010.00,10.06,10.00,12.20,0.0,0.0000,0.0
BUILDING,-920.00,50.28,1010.00,10.06,10.00,12.20,0.0,0.0000,0.0
BUILDING,-920.00,60.28,1010.00,10.06,10.00,12.20,0.0,0.0000,0.0
BUILDING,-920.00,70.28,1010.00,10.06,10.00,12.20,0.0,0.0000,0.0
BUILDING,-920.00,80.28,1010.00,10.06,10.00,12.20,0.0,0.0000,0.0
BUILDING,-920.00,90.28,1010.00,10.06,10.00,12.20,0.0,0.0000,0.0
BUILDING,-920.00,100.28,1010.00,10.06,10.00,12.20,0.0,0.0000,0.0
BUILDING,-280.00,-15.12,1090.00,13.29,10.00,9.72,0.0,0.0000,0.0
BUILDING,-280.00,-5.12,1090.00,13.29,10.00,9.72,0.0,0.0000,0.0
BUILDING,-280.00,4.88,1090.00,13.29,10.00,9.72,0.0,0.0000,0.0
BUILDING,-280.00,14.88,1090.00,13.29,10.00,9.72,0.0,0.0000,0.0
BUILDING,-280.00,24.88,1090.00,13.29,10.00,9.72,0.0,0.0000,0.0
BUILDING,-280.00,34.88,1090.00,13.29,10.00,9.72,0.0,0.0000,0.0
BUILDING,-280.00,44.88,1090.00,13.29,10.00,9.72,0.0,0.0000,0.0
BUILDING,-360.00,-14.75,1090.00,11.94,10.00,9.08,0.0,0.0000,0.0
BUILDING,-360.00,-4.75,1090.00,11.94,10.00,9.08,0.0,0.0000,0.0
BUILDING,-360.00,5.25,1090.00,11.94,10.00,9.08,0.0,0.0000,0.0
BUILDING,-360.00,15.25,1090.00,11.94,10.00,9.08,0.0,0.0000,0.0
BUILDING,-360.00,25.25,1090.00,11.94,10.00,9.08,0.0,0.0000,0.0
BUILDING,-360.00,35.25,1090.00,11.94,10.00,9.08,0.0,0.0000,0.0
BUILDING,-360.00,45.25,1090.00,11.94,10.00,9.08,0.0,0.0000,0.0
BUILDING,-600.00,-11.67,1090.00,11.29,10.00,13.82,0.0,0.0000,0.0
BUILDING,-600.00,-1.67,1090.00,11.29,10.00,13.82,0.0,0.0000,0.0
BUILDING,-600.00,8.33,1090.00,11.29,10.00,13.82,0.0,0.0000,0.0
BUILDING,-600.00,18.33,1090.00,11.29,10.00,13.82,0.0,0.0000,0.0
BUILDING,-600.00,28.33,1090.00,11.29,10.00,13.82,0.0,0.0000,0.0
BUILDING,-600.00,38.33,1090.00,11.29,10.00,13.82,0.0,0.0000,0.0
BUILDING,-600.00,48.33,1090.00,11.29,10.00,13.82,0.0,0.0000,0.0
BUILDING,-600.00,58.33,1090.00,11.29,10.00,13.82,0.0,0.0000,0.0
BUILDING,-600.00,68.33,1090.00,11.29,10.00,13.82,0.0,0.0000,0.0
BUILDING,-680.00,-10.54,1090.00,10.61,10.00,9.74,0.0,0.0000,0.0
BUILDING,-680.00,-0.54,1090.00,10.61,10.00,9.74,0.0,0.0000,0.0
BUILDING,-680.00,9.46,1090.00,10.61,10.00,9.74,0.0,0.0000,0.0
BUILDING,-680.00,19.46,1090.00,10.61,10.00,9.74,0.0,0.0000,0.0
BUILDING,-680.00,29.46,1090.00,10.61,10.00,9.74,0.0,0.0000,0.0
BUILDING,-680.00,39.46,1090.00,10.61,10.00,9.74,0.0,0.0000,0.0
BUILDING,-680.00,49.46,1090.00,10.61,10.00,9.74,0.0,0.0000,0.0
BUILDING,-760.00,-9.70,1090.00,11.53,10.00,11.15,0.0,0.0000,0.0
BUILDING,-760.00,0.30,1090.00,11.53,10.00,11.15,0.0,0.0000,0.0
BUILDING,-760.00,10.30,1090.00,11.53,10.00,11.15,0.0,0.0000,0.0
BUILDING,-760.00,20.30,1090.00,11.53,10.00,11.15,0.0,0.0000,0.0
BUILDING,-760.00,30.30,1090.00,11.53,10.00,11.15,0.0,0.0000,0.0
BUILDING,-760.00,40.30,1090.00,11.53,10.00,11.15,0.0,0.0000,0.0
BUILDING,-760.00,50.30,1090.00,11.53,10.00,11.15,0.0,0.0000,0.0
BUILDING,-760.00,60.30,1090.00,11.53,10.00,11.15,0.0,0.0000,0.0
BUILDING,-760.00,70.30,1090.00,11.53,10.00,11.15,0.0,0.0000,0.0
BUILDING,-760.00,80.30,1090.00,11.53,10.00,11.15,0.0,0.0000,0.0
BUILDING,-760.00,90.30,1090.00,11.53,10.00,11.15,0.0,0.0000,0.0
BUILDING,-840.00,-9.21,1090.00,13.44,10.00,11.07,0.0,0.0000,0.0
BUILDING,-840.00,0.79,1090.00,13.44,10.00,11.07,0.0,0.0000,0.0
BUILDING,-840.00,10.79,1090.00,13.44,10.00,11.07,0.0,0.0000,0.0
BUILDING,-840.00,20.79,1090.00,13.44,10.00,11.07,0.0,0.0000,0.0
BUILDING,-840.00,30.79,1090.00,13.44,10.00,11.07,0.0,0.0000,0.0
BUILDING,-840.00,40.79,1090.00,13.44,10.00,11.07,0.0,0.0000,0.0
BUILDING,-840.00,50.79,1090.00,13.44,10.00,11.07,0.0,0.0000,0.0
BUILDING,-840.00,60.79,1090.00,13.44,10.00,11.07,0.0,0.0000,0.0
BUILDING,-840.00,70.79,1090.00,13.44,10.00,11.07,0.0,0.0000,0.0
BUILDING,-840.00,80.79,1090.00,13.44,10.00,11.07,0.0,0.0000,0.0
BUILDING,-840.00,90.79,1090.00,13.44,10.00,11.07,0.0,0.0000,0.0
BUILDING,-920.00,-9.00,1090.00,12.43,10.00,11.37,0.0,0.0000,0.0
BUILDING,-920.00,1.00,1090.00,12.43,10.00,11.37,0.0,0.0000,0.0
BUILDING,-920.00,11.00,1090.00,12.43,10.00,11.37,0.0,0.0000,0.0
BUILDING,-920.00,21.00,1090.00,12.43,10.00,11.37,0.0,0.0000,0.0
BUILDING,-920.00,31.00,1090.00,12.43,10.00,11.37,0.0,0.0000,0.0
BUILDING,-920.00,41.00,1090.00,12.43,10.00,11.37,0.0,0.0000,0.0
BUILDING,-920.00,51.00,1090.00,12.43,10.00,11.37,0.0,0.0000,0.0
BUILDING,-920.00,61.00,1090.00,12.43,10.00,11.37,0.0,0.0000,0.0
BUILDING,-920.00,71.00,1090.00,12.43,10.00,11.37,0.0,0.0000,0.0
BUILDING,70.00,-13.99,900.00,11.93,10.00,11.81,0.0,-1.5708,0.0
BUILDING,70.00,-15.97,1300.00,13.37,10.00,13.71,0.0,-1.5708,0.0
BUILDING,70.00,-5.97,1300.00,13.37,10.00,13.71,0.0,-1.5708,0.0
BUILDING,70.00,-16.72,1380.00,12.00,10.00,10.76,0.0,-1.5708,0.0
BUILDING,70.00,-6.72,1380.00,12.00,10.00,10.76,0.0,-1.5708,0.0
BUILDING,70.00,3.28,1380.00,12.00,10.00,10.76,0.0,-1.5708,0.0
BUILDING,70.00,13.28,1380.00,12.00,10.00,10.76,0.0,-1.5708,0.0
BUILDING,70.00,23.28,1380.00,12.00,10.00,10.76,0.0,-1.5708,0.0
BUILDING,70.00,33.28,1380.00,12.00,10.00,10.76,0.0,-1.5708,0.0
BUILDING,70.00,43.28,1380.00,12.00,10.00,10.76,0.0,-1.5708,0.0
BUILDING,70.00,-9.52,740.00,11.41,10.00,13.24,0.0,-1.5708,0.0
BUILDING,70.00,0.48,740.00,11.41,10.00,13.24,0.0,-1.5708,0.0
BUILDING,70.00,10.48,740.00,11.41,10.00,13.24,0.0,-1.5708,0.0
BUILDING,70.00,20.48,740.00,11.41,10.00,13.24,0.0,-1.5708,0.0
BUILDING,70.00,30.48,740.00,11.41,10.00,13.24,0.0,-1.5708,0.0
BUILDING,70.00,40.48,740.00,11.41,10.00,13.24,0.0,-1.5708,0.0
BUILDING,70.00,50.48,740.00,11.41,10.00,13.24,0.0,-1.5708,0.0
BUILDING,70.00,60.48,740.00,11.41,10.00,13.24,0.0,-1.5708,0.0
BUILDING,70.00,70.48,740.00,11.41,10.00,13.24,0.0,-1.5708,0.0
BUILDING,70.00,80.48,740.00,11.41,10.00,13.24,0.0,-1.5708,0.0
BUILDING,70.00,90.48,740.00,11.41,10.00,13.24,0.0,-1.5708,0.0
BUILDING,70.00,100.48,740.00,11.41,10.00,13.24,0.0,-1.5708,0.0
BUILDING,70.00,-17.19,1460.00,12.81,10.00,11.87,0.0,-1.5708,0.0
BUILDING,70.00,-7.19,1460.00,12.81,10.00,11.87,0.0,-1.5708,0.0
BUILDING,70.00,2.81,1460.00,12.81,10.00,11.87,0.0,-1.5708,0.0
BUILDING,70.00,12.81,1460.00,12.81,10.00,11.87,0.0,-1.5708,0.0
BUILDING,70.00,22.81,1460.00,12.81,10.00,11.87,0.0,-1.5708,0.0
BUILDING,70.00,-15.97,1620.00,11.78,10.00,12.04,0.0,-1.5708,0.0
BUILDING,70.00,-5.97,1620.00,11.78,10.00,12.04,0.0,-1.5708,0.0
BUILDING,70.00,4.03,1620.00,11.78,10.00,12.04,0.0,-1.5708,0.0
BUILDING,70.00,14.03,1620.00,11.78,10.00,12.04,0.0,-1.5708,0.0
BUILDING,70.00,24.03,1620.00,11.78,10.00,12.04,0.0,-1.5708,0.0
BUILDING,70.00,34.03,1620.00,11.78,10.00,12.04,0.0,-1.5708,0.0
BUILDING,70.00,44.03,1620.00,11.78,10.00,12.04,0.0,-1.5708,0.0
BUILDING,70.00,54.03,1620.00,11.78,10.00,12.04,0.0,-1.5708,0.0
BUILDING,70.00,64.03,1620.00,11.78,10.00,12.04,0.0,-1.5708,0.0
BUILDING,70.00,74.03,1620.00,11.78,10.00,12.04,0.0,-1.5708,0.0
BUILDING,70.00,-2.30,500.00,9.90,10.00,12.51,0.0,-1.5708,0.0
BUILDING,70.00,7.70,500.00,9.90,10.00,12.51,0.0,-1.5708,0.0
BUILDING,70.00,17.70,500.00,9.90,10.00,12.51,0.0,-1.5708,0.0
BUILDING,70.00,27.70,500.00,9.90,10.00,12.51,0.0,-1.5708,0.0
BUILDING,70.00,37.70,500.00,9.90,10.00,12.51,0.0,-1.5708,0.0
BUILDING,70.00,47.70,500.00,9.90,10.00,12.51,0.0,-1.5708,0.0
BUILDING,70.00,57.70,500.00,9.90,10.00,12.51,0.0,-1.5708,0.0
BUILDING,70.00,67.70,500.00,9.90,10.00,12.51,0.0,-1.5708,0.0
BUILDING,70.00,77.70,500.00,9.90,10.00,12.51,0.0,-1.5708,0.0
BUILDING,70.00,87.70,500.00,9.90,10.00,12.51,0.0,-1.5708,0.0
BUILDING,70.00,97.70,500.00,9.90,10.00,12.51,0.0,-1.5708,0.0
BUILDING,70.00,-14.23,1700.00,9.91,10.00,9.72,0.0,-1.5708,0.0
BUILDING,70.00,-4.23,1700.00,9.91,10.00,9.72,0.0,-1.5708,0.0
BUILDING,70.00,5.77,1700.00,9.91,10.00,9.72,0.0,-1.5708,0.0
BUILDING,70.00,15.77,1700.00,9.91,10.00,9.72,0.0,-1.5708,0.0
BUILDING,70.00,25.77,1700.00,9.91,10.00,9.72,0.0,-1.5708,0.0
BUILDING,70.00,35.77,1700.00,9.91,10.00,9.72,0.0,-1.5708,0.0
BUILDING,70.00,-2.74,420.00,12.17,10.00,9.15,0.0,-1.5708,0.0
BUILDING,70.00,7.26,420.00,12.17,10.00,9.15,0.0,-1.5708,0.0
BUILDING,70.00,17.26,420.00,12.17,10.00,9.15,0.0,-1.5708,0.0
BUILDING,70.00,27.26,420.00,12.17,10.00,9.15,0.0,-1.5708,0.0
BUILDING,70.00,37.26,420.00,12.17,10.00,9.15,0.0,-1.5708,0.0
BUILDING,70.00,47.26,420.00,12.17,10.00,9.15,0.0,-1.5708,0.0
BUILDING,70.00,57.26,420.00,12.17,10.00,9.15,0.0,-1.5708,0.0
BUILDING,70.00,67.26,420.00,12.17,10.00,9.15,0.0,-1.5708,0.0
BUILDING,70.00,77.26,420.00,12.17,10.00,9.15,0.0,-1.5708,0.0
BUILDING,70.00,87.26,420.00,12.17,10.00,9.15,0.0,-1.5708,0.0
BUILDING,70.00,97.26,420.00,12.17,10.00,9.15,0.0,-1.5708,0.0
BUILDING,70.00,107.26,420.00,12.17,10.00,9.15,0.0,-1.5708,0.0
BUILDING,70.00,-12.11,1780.00,11.27,10.00,9.79,0.0,-1.5708,0.0
BUILDING,70.00,-2.11,1780.00,11.27,10.00,9.79,0.0,-1.5708,0.0
BUILDING,70.00,7.89,1780.00,11.27,10.00,9.79,0.0,-1.5708,0.0
BUILDING,70.00,17.89,1780.00,11.27,10.00,9.79,0.0,-1.5708,0.0
BUILDING,70.00,27.89,1780.00,11.27,10.00,9.79,0.0,-1.5708,0.0
BUILDING,70.00,37.89,1780.00,11.27,10.00,9.79,0.0,-1.5708,0.0
BUILDING,70.00,47.89,1780.00,11.27,10.00,9.79,0.0,-1.5708,0.0
BUILDING,70.00,57.89,1780.00,11.27,10.00,9.79,0.0,-1.5708,0.0
BUILDING,70.00,67.89,1780.00,11.27,10.00,9.79,0.0,-1.5708,0.0
BUILDING,70.00,77.89,1780.00,11.27,10.00,9.79,0.0,-1.5708,0.0
BUILDING,70.00,-5.24,340.00,11.98,10.00,13.42,0.0,-1.5708,0.0
BUILDING,70.00,4.76,340.00,11.98,10.00,13.42,0.0,-1.5708,0.0
BUILDING,70.00,14.76,340.00,11.98,10.00,13.42,0.0,-1.5708,0.0
BUILDING,70.00,24.76,340.00,11.98,10.00,13.42,0.0,-1.5708,0.0
BUILDING,70.00,34.76,340.00,11.98,10.00,13.42,0.0,-1.5708,0.0
BUILDING,70.00,44.76,340.00,11.98,10.00,13.42,0.0,-1.5708,0.0
BUILDING,70.00,54.76,340.00,11.98,10.00,13.42,0.0,-1.5708,0.0
BUILDING,70.00,64.76,340.00,11.98,10.00,13.42,0.0,-1.5708,0.0
BUILDING,70.00,74.76,340.00,11.98,10.00,13.42,0.0,-1.5708,0.0
BUILDING,70.00,84.76,340.00,11.98,10.00,13.42,0.0,-1.5708,0.0
BUILDING,70.00,94.76,340.00,11.98,10.00,13.42,0.0,-1.5708,0.0
BUILDING,70.00,104.76,340.00,11.98,10.00,13.42,0.0,-1.5708,0.0
BUILDING,70.00,-9.42,260.00,10.36,10.00,12.31,0.0,-1.5708,0.0
BUILDING,70.00,0.58,260.00,10.36,10.00,12.31,0.0,-1.5708,0.0
BUILDING,70.00,10.58,260.00,10.36,10.00,12.31,0.0,-1.5708,0.0
BUILDING,70.00,20.58,260.00,10.36,10.00,12.31,0.0,-1.5708,0.0
BUILDING,70.00,30.58,260.00,10.36,10.00,12.31,0.0,-1.5708,0.0
BUILDING,70.00,40.58,260.00,10.36,10.00,12.31,0.0,-1.5708,0.0
BUILDING,70.00,50.58,260.00,10.36,10.00,12.31,0.0,-1.5708,0.0
BUILDING,70.00,60.58,260.00,10.36,10.00,12.31,0.0,-1.5708,0.0
BUILDING,70.00,-8.63,1940.00,10.08,10.00,11.56,0.0,-1.5708,0.0
BUILDING,70.00,1.37,1940.00,10.08,10.00,11.56,0.0,-1.5708,0.0
BUILDING,70.00,11.37,1940.00,10.08,10.00,11.56,0.0,-1.5708,0.0
BUILDING,70.00,21.37,1940.00,10.08,10.00,11.56,0.0,-1.5708,0.0
BUILDING,70.00,31.37,1940.00,10.08,10.00,11.56,0.0,-1.5708,0.0
BUILDING,70.00,41.37,1940.00,10.08,10.00,11.56,0.0,-1.5708,0.0
BUILDING,70.00,51.37,1940.00,10.08,10.00,11.56,0.0,-1.5708,0.0
BUILDING,70.00,61.37,1940.00,10.08,10.00,11.56,0.0,-1.5708,0.0
BUILDING,70.00,71.37,1940.00,10.08,10.00,11.56,0.0,-1.5708,0.0
BUILDING,70.00,81.37,1940.00,10.08,10.00,11.56,0.0,-1.5708,0.0
BUILDING,70.00,-14.34,180.00,12.39,10.00,11.43,0.0,-1.5708,0.0
BUILDING,70.00,-4.34,180.00,12.39,10.00,11.43,0.0,-1.5708,0.0
BUILDING,70.00,5.66,180.00,12.39,10.00,11.43,0.0,-1.5708,0.0
BUILDING,70.00,15.66,180.00,12.39,10.00,11.43,0.0,-1.5708,0.0
BUILDING,70.00,25.66,180.00,12.39,10.00,11.43,0.0,-1.5708,0.0
BUILDING,70.00,35.66,180.00,12.39,10.00,11.43,0.0,-1.5708,0.0
BUILDING,70.00,45.66,180.00,12.39,10.00,11.43,0.0,-1.5708,0.0
BUILDING,70.00,55.66,180.00,12.39,10.00,11.43,0.0,-1.5708,0.0
BUILDING,70.00,65.66,180.00,12.39,10.00,11.43,0.0,-1.5708,0.0
BUILDING,70.00,75.66,180.00,12.39,10.00,11.43,0.0,-1.5708,0.0
BUILDING,70.00,85.66,180.00,12.39,10.00,11.43,0.0,-1.5708,0.0
BUILDING,70.00,-7.94,2020.00,13.92,10.00,9.27,0.0,-1.5708,0.0
BUILDING,70.00,2.06,2020.00,13.92,10.00,9.27,0.0,-1.5708,0.0
BUILDING,70.00,12.06,2020.00,13.92,10.00,9.27,0.0,-1.5708,0.0
BUILDING,70.00,22.06,2020.00,13.92,10.00,9.27,0.0,-1.5708,0.0
BUILDING,70.00,32.06,2020.00,13.92,10.00,9.27,0.0,-1.5708,0.0
BUILDING,70.00,42.06,2020.00,13.92,10.00,9.27,0.0,-1.5708,0.0
BUILDING,70.00,52.06,2020.00,13.92,10.00,9.27,0.0,-1.5708,0.0
BUILDING,70.00,62.06,2020.00,13.92,10.00,9.27,0.0,-1.5708,0.0
BUILDING,70.00,72.06,2020.00,13.92,10.00,9.27,0.0,-1.5708,0.0
BUILDING,70.00,82.06,2020.00,13.92,10.00,9.27,0.0,-1.5708,0.0
BUILDING,70.00,92.06,2020.00,13.92,10.00,9.27,0.0,-1.5708,0.0
BUILDING,150.00,-15.46,1220.00,9.04,10.00,12.74,0.0,-1.5708,0.0
BUILDING,150.00,-13.87,900.00,11.50,10.00,13.17,0.0,-1.5708,0.0
BUILDING,150.00,-3.87,900.00,11.50,10.00,13.17,0.0,-1.5708,0.0
BUILDING,150.00,-16.53,1300.00,11.18,10.00,11.30,0.0,-1.5708,0.0
BUILDING,150.00,-12.08,820.00,11.87,10.00,12.55,0.0,-1.5708,0.0
BUILDING,150.00,-2.08,820.00,11.87,10.00,12.55,0.0,-1.5708,0.0
BUILDING,150.00,7.92,820.00,11.87,10.00,12.55,0.0,-1.5708,0.0
BUILDING,150.00,17.92,820.00,11.87,10.00,12.55,0.0,-1.5708,0.0
BUILDING,150.00,27.92,820.00,11.87,10.00,12.55,0.0,-1.5708,0.0
BUILDING,150.00,37.92,820.00,11.87,10.00,12.55,0.0,-1.5708,0.0
BUILDING,150.00,47.92,820.00,11.87,10.00,12.55,0.0,-1.5708,0.0
BUILDING,150.00,57.92,820.00,11.87,10.00,12.55,0.0,-1.5708,0.0
BUILDING,150.00,67.92,820.00,11.87,10.00,12.55,0.0,-1.5708,0.0
BUILDING,150.00,77.92,820.00,11.87,10.00,12.55,0.0,-1.5708,0.0
BUILDING,150.00,-18.07,1380.00,13.83,10.00,9.86,0.0,-1.5708,0.0
BUILDING,150.00,-8.07,1380.00,13.83,10.00,9.86,0.0,-1.5708,0.0
BUILDING,150.00,1.93,1380.00,13.83,10.00,9.86,0.0,-1.5708,0.0
BUILDING,150.00,11.93,1380.00,13.83,10.00,9.86,0.0,-1.5708,0.0
BUILDING,150.00,-9.70,740.00,13.60,10.00,9.44,0.0,-1.5708,0.0
BUILDING,150.00,0.30,740.00,13.60,10.00,9.44,0.0,-1.5708,0.0
BUILDING,150.00,10.30,740.00,13.60,10.00,9.44,0.0,-1.5708,0.0
BUILDING,150.00,20.30,740.00,13.60,10.00,9.44,0.0,-1.5708,0.0
BUILDING,150.00,30.30,740.00,13.60,10.00,9.44,0.0,-1.5708,0.0
BUILDING,150.00,40.30,740.00,13.60,10.00,9.44,0.0,-1.5708,0.0
BUILDING,150.00,50.30,740.00,13.60,10.00,9.44,0.0,-1.5708,0.0
BUILDING,150.00,60.30,740.00,13.60,10.00,9.44,0.0,-1.5708,0.0
BUILDING,150.00,70.30,740.00,13.60,10.00,9.44,0.0,-1.5708,0.0
BUILDING,150.00,80.30,740.00,13.60,10.00,9.44,0.0,-1.5708,0.0
BUILDING,150.00,90.30,740.00,13.60,10.00,9.44,0.0,-1.5708,0.0
BUILDING,150.00,100.30,740.00,13.60,10.00,9.44,0.0,-1.5708,0.0
BUILDING,150.00,-19.58,1460.00,11.00,10.00,9.39,0.0,-1.5708,0.0
BUILDING,150.00,-9.58,1460.00,11.00,10.00,9.39,0.0,-1.5708,0.0
BUILDING,150.00,0.42,1460.00,11.00,10.00,9.39,0.0,-1.5708,0.0
BUILDING,150.00,10.42,1460.00,11.00,10.00,9.39,0.0,-1.5708,0.0
BUILDING,150.00,20.42,1460.00,11.00,10.00,9.39,0.0,-1.5708,0.0
BUILDING,150.00,30.42,1460.00,11.00,10.00,9.39,0.0,-1.5708,0.0
BUILDING,150.00,40.42,1460.00,11.00,10.00,9.39,0.0,-1.5708,0.0
BUILDING,150.00,50.42,1460.00,11.00,10.00,9.39,0.0,-1.5708,0.0
BUILDING,150.00,-20.44,1540.00,9.38,10.00,12.17,0.0,-1.5708,0.0
BUILDING,150.00,-10.44,1540.00,9.38,10.00,12.17,0.0,-1.5708,0.0
BUILDING,150.00,-0.44,1540.00,9.38,10.00,12.17,0.0,-1.5708,0.0
BUILDING,150.00,9.56,1540.00,9.38,10.00,12.17,0.0,-1.5708,0.0
BUILDING,150.00,-5.93,580.00,10.76,10.00,13.79,0.0,-1.5708,0.0
BUILDING,150.00,4.07,580.00,10.76,10.00,13.79,0.0,-1.5708,0.0
BUILDING,150.00,14.07,580.00,10.76,10.00,13.79,0.0,-1.5708,0.0
BUILDING,150.00,24.07,580.00,10.76,10.00,13.79,0.0,-1.5708,0.0
BUILDING,150.00,34.07,580.00,10.76,10.00,13.79,0.0,-1.5708,0.0
BUILDING,150.00,44.07,580.00,10.76,10.00,13.79,0.0,-1.5708,0.0
BUILDING,150.00,54.07,580.00,10.76,10.00,13.79,0.0,-1.5708,0.0
BUILDING,150.00,64.07,580.00,10.76,10.00,13.79,0.0,-1.5708,0.0
BUILDING,150.00,74.07,580.00,10.76,10.00,13.79,0.0,-1.5708,0.0
BUILDING,150.00,84.07,580.00,10.76,10.00,13.79,0.0,-1.5708,0.0
BUILDING,150.00,94.07,580.00,10.76,10.00,13.79,0.0,-1.5708,0.0
BUILDING,150.00,-20.18,1620.00,9.73,10.00,9.99,0.0,-1.5708,0.0
BUILDING,150.00,-10.18,1620.00,9.73,10.00,9.99,0.0,-1.5708,0.0
BUILDING,150.00,-0.18,1620.00,9.73,10.00,9.99,0.0,-1.5708,0.0
BUILDING,150.00,-18.63,1700.00,13.76,10.00,12.14,0.0,-1.5708,0.0
BUILDING,150.00,-8.63,1700.00,13.76,10.00,12.14,0.0,-1.5708,0.0
BUILDING,150.00,1.37,1700.00,13.76,10.00,12.14,0.0,-1.5708,0.0
BUILDING,150.00,11.37,1700.00,13.76,10.00,12.14,0.0,-1.5708,0.0
BUILDING,150.00,21.37,1700.00,13.76,10.00,12.14,0.0,-1.5708,0.0
BUILDING,150.00,-8.03,420.00,11.24,10.00,13.62,0.0,-1.5708,0.0
BUILDING,150.00,1.97,420.00,11.24,10.00,13.62,0.0,-1.5708,0.0
BUILDING,150.00,11.97,420.00,11.24,10.00,13.62,0.0,-1.5708,0.0
BUILDING,150.00,21.97,420.00,11.24,10.00,13.62,0.0,-1.5708,0.0
BUILDING,150.00,31.97,420.00,11.24,10.00,13.62,0.0,-1.5708,0.0
BUILDING,150.00,41.97,420.00,11.24,10.00,13.62,0.0,-1.5708,0.0
BUILDING,150.00,51.97,420.00,11.24,10.00,13.62,0.0,-1.5708,0.0
BUILDING,150.00,61.97,420.00,11.24,10.00,13.62,0.0,-1.5708,0.0
BUILDING,150.00,71.97,420.00,11.24,10.00,13.62,0.0,-1.5708,0.0
BUILDING,150.00,81.97,420.00,11.24,10.00,13.62,0.0,-1.5708,0.0
BUILDING,150.00,91.97,420.00,11.24,10.00,13.62,0.0,-1.5708,0.0
BUILDING,150.00,101.97,420.00,11.24,10.00,13.62,0.0,-1.5708,0.0
BUILDING,150.00,-16.03,1780.00,10.62,10.00,13.85,0.0,-1.5708,0.0
BUILDING,150.00,-6.03,1780.00,10.62,10.00,13.85,0.0,-1.5708,0.0
BUILDING,150.00,3.97,1780.00,10.62,10.00,13.85,0.0,-1.5708,0.0
BUILDING,150.00,13.97,1780.00,10.62,10.00,13.85,0.0,-1.5708,0.0
BUILDING,150.00,23.97,1780.00,10.62,10.00,13.85,0.0,-1.5708,0.0
BUILDING,150.00,33.97,1780.00,10.62,10.00,13.85,0.0,-1.5708,0.0
BUILDING,150.00,43.97,1780.00,10.62,10.00,13.85,0.0,-1.5708,0.0
BUILDING,150.00,53.97,1780.00,10.62,10.00,13.85,0.0,-1.5708,0.0
BUILDING,150.00,63.97,1780.00,10.62,10.00,13.85,0.0,-1.5708,0.0
BUILDING,150.00,-11.68,340.00,11.21,10.00,10.51,0.0,-1.5708,0.0
BUILDING,150.00,-1.68,340.00,11.21,10.00,10.51,0.0,-1.5708,0.0
BUILDING,150.00,8.32,340.00,11.21,10.00,10.51,0.0,-1.5708,0.0
BUILDING,150.00,18.32,340.00,11.21,10.00,10.51,0.0,-1.5708,0.0
BUILDING,150.00,28.32,340.00,11.21,10.00,10.51,0.0,-1.5708,0.0
BUILDING,150.00,38.32,340.00,11.21,10.00,10.51,0.0,-1.5708,0.0
BUILDING,150.00,48.32,340.00,11.21,10.00,10.51,0.0,-1.5708,0.0
BUILDING,150.00,58.32,340.00,11.21,10.00,10.51,0.0,-1.5708,0.0
BUILDING,150.00,68.32,340.00,11.21,10.00,10.51,0.0,-1.5708,0.0
BUILDING,150.00,78.32,340.00,11.21,10.00,10.51,0.0,-1.5708,0.0
BUILDING,150.00,-12.92,1860.00,9.37,10.00,11.31,0.0,-1.5708,0.0
BUILDING,150.00,-2.92,1860.00,9.37,10.00,11.31,0.0,-1.5708,0.0
BUILDING,150.00,7.08,1860.00,9.37,10.00,11.31,0.0,-1.5708,0.0
BUILDING,150.00,17.08,1860.00,9.37,10.00,11.31,0.0,-1.5708,0.0
BUILDING,150.00,27.08,1860.00,9.37,10.00,11.31,0.0,-1.5708,0.0
BUILDING,150.00,37.08,1860.00,9.37,10.00,11.31,0.0,-1.5708,0.0
BUILDING,150.00,47.08,1860.00,9.37,10.00,11.31,0.0,-1.5708,0.0
BUILDING,150.00,57.08,1860.00,9.37,10.00,11.31,0.0,-1.5708,0.0
BUILDING,150.00,67.08,1860.00,9.37,10.00,11.31,0.0,-1.5708,0.0
BUILDING,150.00,77.08,1860.00,9.37,10.00,11.31,0.0,-1.5708,0.0
ENEMY,146.81,101.50,1708.00,3.8,3.8,3.8,0.0,0.0,0.0
BUILDING,150.00,-16.24,260.00,12.08,10.00,11.54,0.0,-1.5708,0.0
BUILDING,150.00,-6.24,260.00,12.08,10.00,11.54,0.0,-1.5708,0.0
BUILDING,150.00,3.76,260.00,12.08,10.00,11.54,0.0,-1.5708,0.0
BUILDING,150.00,13.76,260.00,12.08,10.00,11.54,0.0,-1.5708,0.0
BUILDING,150.00,23.76,260.00,12.08,10.00,11.54,0.0,-1.5708,0.0
BUILDING,150.00,-10.06,1940.00,13.48,10.00,11.25,0.0,-1.5708,0.0
BUILDING,150.00,-0.06,1940.00,13.48,10.00,11.25,0.0,-1.5708,0.0
BUILDING,150.00,9.94,1940.00,13.48,10.00,11.25,0.0,-1.5708,0.0
BUILDING,150.00,19.94,1940.00,13.48,10.00,11.25,0.0,-1.5708,0.0
BUILDING,150.00,29.94,1940.00,13.48,10.00,11.25,0.0,-1.5708,0.0
BUILDING,150.00,39.94,1940.00,13.48,10.00,11.25,0.0,-1.5708,0.0
BUILDING,150.00,49.94,1940.00,13.48,10.00,11.25,0.0,-1.5708,0.0
BUILDING,150.00,59.94,1940.00,13.48,10.00,11.25,0.0,-1.5708,0.0
BUILDING,150.00,69.94,1940.00,13.48,10.00,11.25,0.0,-1.5708,0.0
BUILDING,150.00,79.94,1940.00,13.48,10.00,11.25,0.0,-1.5708,0.0
BUILDING,150.00,89.94,1940.00,13.48,10.00,11.25,0.0,-1.5708,0.0
BUILDING,150.00,99.94,1940.00,13.48,10.00,11.25,0.0,-1.5708,0.0
BUILDING,150.00,-20.67,180.00,12.03,10.00,11.51,0.0,-1.5708,0.0
BUILDING,150.00,-10.67,180.00,12.03,10.00,11.51,0.0,-1.5708,0.0
BUILDING,150.00,-0.67,180.00,12.03,10.00,11.51,0.0,-1.5708,0.0
BUILDING,150.00,9.33,180.00,12.03,10.00,11.51,0.0,-1.5708,0.0
BUILDING,150.00,19.33,180.00,12.03,10.00,11.51,0.0,-1.5708,0.0
BUILDING,150.00,-8.10,2020.00,13.91,10.00,9.42,0.0,-1.5708,0.0
BUILDING,150.00,1.90,2020.00,13.91,10.00,9.42,0.0,-1.5708,0.0
BUILDING,150.00,11.90,2020.00,13.91,10.00,9.42,0.0,-1.5708,0.0
BUILDING,150.00,21.90,2020.00,13.91,10.00,9.42,0.0,-1.5708,0.0
BUILDING,150.00,31.90,2020.00,13.91,10.00,9.42,0.0,-1.5708,0.0
BUILDING,150.00,41.90,2020.00,13.91,10.00,9.42,0.0,-1.5708,0.0
BUILDING,150.00,51.90,2020.00,13.91,10.00,9.42,0.0,-1.5708,0.0
BUILDING,150.00,61.90,2020.00,13.91,10.00,9.42,0.0,-1.5708,0.0
BUILDING,150.00,71.90,2020.00,13.91,10.00,9.42,0.0,-1.5708,0.0
BUILDING,150.00,81.90,2020.00,13.91,10.00,9.42,0.0,-1.5708,0.0
BUILDING,230.00,-13.89,900.00,10.86,10.00,10.41,0.0,-1.5708,0.0
BUILDING,230.00,-3.89,900.00,10.86,10.00,10.41,0.0,-1.5708,0.0
BUILDING,230.00,6.11,900.00,10.86,10.00,10.41,0.0,-1.5708,0.0
BUILDING,230.00,-16.76,1300.00,12.95,10.00,12.24,0.0,-1.5708,0.0
BUILDING,230.00,-12.41,820.00,10.93,10.00,10.26,0.0,-1.5708,0.0
BUILDING,230.00,-2.41,820.00,10.93,10.00,10.26,0.0,-1.5708,0.0
BUILDING,230.00,7.59,820.00,10.93,10.00,10.26,0.0,-1.5708,0.0
BUILDING,230.00,17.59,820.00,10.93,10.00,10.26,0.0,-1.5708,0.0
BUILDING,230.00,27.59,820.00,10.93,10.00,10.26,0.0,-1.5708,0.0
BUILDING,230.00,37.59,820.00,10.93,10.00,10.26,0.0,-1.5708,0.0
BUILDING,230.00,47.59,820.00,10.93,10.00,10.26,0.0,-1.5708,0.0
BUILDING,230.00,57.59,820.00,10.93,10.00,10.26,0.0,-1.5708,0.0
BUILDING,230.00,67.59,820.00,10.93,10.00,10.26,0.0,-1.5708,0.0
BUILDING,230.00,77.59,820.00,10.93,10.00,10.26,0.0,-1.5708,0.0
BUILDING,230.00,87.59,820.00,10.93,10.00,10.26,0.0,-1.5708,0.0
BUILDING,230.00,97.59,820.00,10.93,10.00,10.26,0.0,-1.5708,0.0
BUILDING,230.00,-10.76,740.00,10.67,10.00,11.91,0.0,-1.5708,0.0
BUILDING,230.00,-0.76,740.00,10.67,10.00,11.91,0.0,-1.5708,0.0
BUILDING,230.00,9.24,740.00,10.67,10.00,11.91,0.0,-1.5708,0.0
BUILDING,230.00,19.24,740.00,10.67,10.00,11.91,0.0,-1.5708,0.0
BUILDING,230.00,29.24,740.00,10.67,10.00,11.91,0.0,-1.5708,0.0
BUILDING,230.00,39.24,740.00,10.67,10.00,11.91,0.0,-1.5708,0.0
BUILDING,230.00,49.24,740.00,10.67,10.00,11.91,0.0,-1.5708,0.0
BUILDING,230.00,59.24,740.00,10.67,10.00,11.91,0.0,-1.5708,0.0
BUILDING,230.00,-21.32,1460.00,12.49,10.00,10.96,0.0,-1.5708,0.0
BUILDING,230.00,-11.32,1460.00,12.49,10.00,10.96,0.0,-1.5708,0.0
BUILDING,230.00,-1.32,1460.00,12.49,10.00,10.96,0.0,-1.5708,0.0
BUILDING,230.00,8.68,1460.00,12.49,10.00,10.96,0.0,-1.5708,0.0
BUILDING,230.00,18.68,1460.00,12.49,10.00,10.96,0.0,-1.5708,0.0
BUILDING,230.00,28.68,1460.00,12.49,10.00,10.96,0.0,-1.5708,0.0
BUILDING,230.00,38.68,1460.00,12.49,10.00,10.96,0.0,-1.5708,0.0
BUILDING,230.00,48.68,1460.00,12.49,10.00,10.96,0.0,-1.5708,0.0
BUILDING,230.00,-23.44,1540.00,12.22,10.00,10.64,0.0,-1.5708,0.0
BUILDING,230.00,-13.44,1540.00,12.22,10.00,10.64,0.0,-1.5708,0.0
BUILDING,230.00,-3.44,1540.00,12.22,10.00,10.64,0.0,-1.5708,0.0
BUILDING,230.00,6.56,1540.00,12.22,10.00,10.64,0.0,-1.5708,0.0
BUILDING,230.00,16.56,1540.00,12.22,10.00,10.64,0.0,-1.5708,0.0
BUILDING,230.00,-14.03,420.00,11.12,10.00,10.81,0.0,-1.5708,0.0
BUILDING,230.00,-4.03,420.00,11.12,10.00,10.81,0.0,-1.5708,0.0
BUILDING,230.00,5.97,420.00,11.12,10.00,10.81,0.0,-1.5708,0.0
BUILDING,230.00,15.97,420.00,11.12,10.00,10.81,0.0,-1.5708,0.0
BUILDING,230.00,25.97,420.00,11.12,10.00,10.81,0.0,-1.5708,0.0
BUILDING,230.00,35.97,420.00,11.12,10.00,10.81,0.0,-1.5708,0.0
BUILDING,230.00,45.97,420.00,11.12,10.00,10.81,0.0,-1.5708,0.0
BUILDING,230.00,55.97,420.00,11.12,10.00,10.81,0.0,-1.5708,0.0
BUILDING,230.00,65.97,420.00,11.12,10.00,10.81,0.0,-1.5708,0.0
BUILDING,230.00,75.97,420.00,11.12,10.00,10.81,0.0,-1.5708,0.0
BUILDING,230.00,85.97,420.00,11.12,10.00,10.81,0.0,-1.5708,0.0
BUILDING,230.00,-21.60,1780.00,10.71,10.00,12.83,0.0,-1.5708,0.0
BUILDING,230.00,-11.60,1780.00,10.71,10.00,12.83,0.0,-1.5708,0.0
BUILDING,230.00,-1.60,1780.00,10.71,10.00,12.83,0.0,-1.5708,0.0
BUILDING,230.00,8.40,1780.00,10.71,10.00,12.83,0.0,-1.5708,0.0
BUILDING,230.00,-18.06,1860.00,13.22,10.00,9.51,0.0,-1.5708,0.0
BUILDING,230.00,-8.06,1860.00,13.22,10.00,9.51,0.0,-1.5708,0.0
BUILDING,230.00,1.94,1860.00,13.22,10.00,9.51,0.0,-1.5708,0.0
BUILDING,230.00,11.94,1860.00,13.22,10.00,9.51,0.0,-1.5708,0.0
BUILDING,230.00,21.94,1860.00,13.22,10.00,9.51,0.0,-1.5708,0.0
BUILDING,230.00,31.94,1860.00,13.22,10.00,9.51,0.0,-1.5708,0.0
BUILDING,230.00,-25.03,180.00,13.38,10.00,12.09,0.0,-1.5708,0.0
BUILDING,230.00,-15.03,180.00,13.38,10.00,12.09,0.0,-1.5708,0.0
BUILDING,230.00,-5.03,180.00,13.38,10.00,12.09,0.0,-1.5708,0.0
BUILDING,230.00,-10.56,2020.00,13.16,10.00,12.86,0.0,-1.5708,0.0
BUILDING,230.00,-0.56,2020.00,13.16,10.00,12.86,0.0,-1.5708,0.0
BUILDING,230.00,9.44,2020.00,13.16,10.00,12.86,0.0,-1.5708,0.0
BUILDING,230.00,19.44,2020.00,13.16,10.00,12.86,0.0,-1.5708,0.0
BUILDING,230.00,29.44,2020.00,13.16,10.00,12.86,0.0,-1.5708,0.0
BUILDING,230.00,39.44,2020.00,13.16,10.00,12.86,0.0,-1.5708,0.0
BUILDING,230.00,49.44,2020.00,13.16,10.00,12.86,0.0,-1.5708,0.0
BUILDING,230.00,59.44,2020.00,13.16,10.00,12.86,0.0,-1.5708,0.0
BUILDING,310.00,-14.19,900.00,12.05,10.00,12.76,0.0,-1.5708,0.0
BUILDING,310.00,-4.19,900.00,12.05,10.00,12.76,0.0,-1.5708,0.0
BUILDING,310.00,5.81,900.00,12.05,10.00,12.76,0.0,-1.5708,0.0
BUILDING,310.00,15.81,900.00,12.05,10.00,12.76,0.0,-1.5708,0.0
BUILDING,310.00,-16.70,1300.00,10.55,10.00,13.04,0.0,-1.5708,0.0
BUILDING,310.00,-19.02,1380.00,13.92,10.00,11.31,0.0,-1.5708,0.0
BUILDING,310.00,-9.02,1380.00,13.92,10.00,11.31,0.0,-1.5708,0.0
BUILDING,310.00,0.98,1380.00,13.92,10.00,11.31,0.0,-1.5708,0.0
BUILDING,310.00,10.98,1380.00,13.92,10.00,11.31,0.0,-1.5708,0.0
BUILDING,310.00,20.98,1380.00,13.92,10.00,11.31,0.0,-1.5708,0.0
BUILDING,310.00,30.98,1380.00,13.92,10.00,11.31,0.0,-1.5708,0.0
BUILDING,310.00,40.98,1380.00,13.92,10.00,11.31,0.0,-1.5708,0.0
BUILDING,310.00,50.98,1380.00,13.92,10.00,11.31,0.0,-1.5708,0.0
BUILDING,310.00,-12.68,740.00,11.09,10.00,9.81,0.0,-1.5708,0.0
BUILDING,310.00,-2.68,740.00,11.09,10.00,9.81,0.0,-1.5708,0.0
BUILDING,310.00,7.32,740.00,11.09,10.00,9.81,0.0,-1.5708,0.0
BUILDING,310.00,17.32,740.00,11.09,10.00,9.81,0.0,-1.5708,0.0
BUILDING,310.00,27.32,740.00,11.09,10.00,9.81,0.0,-1.5708,0.0
BUILDING,310.00,37.32,740.00,11.09,10.00,9.81,0.0,-1.5708,0.0
BUILDING,310.00,47.32,740.00,11.09,10.00,9.81,0.0,-1.5708,0.0
BUILDING,310.00,57.32,740.00,11.09,10.00,9.81,0.0,-1.5708,0.0
BUILDING,310.00,67.32,740.00,11.09,10.00,9.81,0.0,-1.5708,0.0
BUILDING,310.00,77.32,740.00,11.09,10.00,9.81,0.0,-1.5708,0.0
BUILDING,310.00,-22.10,1460.00,9.26,10.00,11.40,0.0,-1.5708,0.0
BUILDING,310.00,-12.10,1460.00,9.26,10.00,11.40,0.0,-1.5708,0.0
BUILDING,310.00,-2.10,1460.00,9.26,10.00,11.40,0.0,-1.5708,0.0
BUILDING,310.00,7.90,1460.00,9.26,10.00,11.40,0.0,-1.5708,0.0
BUILDING,310.00,17.90,1460.00,9.26,10.00,11.40,0.0,-1.5708,0.0
BUILDING,310.00,-13.89,580.00,10.43,10.00,12.82,0.0,-1.5708,0.0
BUILDING,310.00,-3.89,580.00,10.43,10.00,12.82,0.0,-1.5708,0.0
BUILDING,310.00,6.11,580.00,10.43,10.00,12.82,0.0,-1.5708,0.0
BUILDING,310.00,16.11,580.00,10.43,10.00,12.82,0.0,-1.5708,0.0
BUILDING,310.00,26.11,580.00,10.43,10.00,12.82,0.0,-1.5708,0.0
BUILDING,310.00,36.11,580.00,10.43,10.00,12.82,0.0,-1.5708,0.0
BUILDING,310.00,-16.14,500.00,9.46,10.00,13.55,0.0,-1.5708,0.0
BUILDING,310.00,-6.14,500.00,9.46,10.00,13.55,0.0,-1.5708,0.0
BUILDING,310.00,3.86,500.00,9.46,10.00,13.55,0.0,-1.5708,0.0
BUILDING,310.00,13.86,500.00,9.46,10.00,13.55,0.0,-1.5708,0.0
BUILDING,310.00,23.86,500.00,9.46,10.00,13.55,0.0,-1.5708,0.0
BUILDING,310.00,33.86,500.00,9.46,10.00,13.55,0.0,-1.5708,0.0
BUILDING,310.00,43.86,500.00,9.46,10.00,13.55,0.0,-1.5708,0.0
BUILDING,310.00,53.86,500.00,9.46,10.00,13.55,0.0,-1.5708,0.0
BUILDING,310.00,-27.47,1780.00,11.51,10.00,10.18,0.0,-1.5708,0.0
BUILDING,310.00,-17.47,1780.00,11.51,10.00,10.18,0.0,-1.5708,0.0
BUILDING,310.00,-7.47,1780.00,11.51,10.00,10.18,0.0,-1.5708,0.0
BUILDING,310.00,2.53,1780.00,11.51,10.00,10.18,0.0,-1.5708,0.0
BUILDING,310.00,-22.41,340.00,10.59,10.00,9.50,0.0,-1.5708,0.0
BUILDING,310.00,-12.41,340.00,10.59,10.00,9.50,0.0,-1.5708,0.0
BUILDING,310.00,-2.41,340.00,10.59,10.00,9.50,0.0,-1.5708,0.0
BUILDING,310.00,-24.41,1860.00,9.69,10.00,10.43,0.0,-1.5708,0.0
BUILDING,310.00,-14.41,1860.00,9.69,10.00,10.43,0.0,-1.5708,0.0
BUILDING,310.00,-4.41,1860.00,9.69,10.00,10.43,0.0,-1.5708,0.0
BUILDING,310.00,-25.11,260.00,12.79,10.00,11.35,0.0,-1.5708,0.0
BUILDING,310.00,-15.11,260.00,12.79,10.00,11.35,0.0,-1.5708,0.0
BUILDING,310.00,-26.71,180.00,13.17,10.00,11.74,0.0,-1.5708,0.0
BUILDING,310.00,-16.71,180.00,13.17,10.00,11.74,0.0,-1.5708,0.0
BUILDING,310.00,-15.44,2020.00,12.88,10.00,10.19,0.0,-1.5708,0.0
BUILDING,310.00,-5.44,2020.00,12.88,10.00,10.19,0.0,-1.5708,0.0
BUILDING,310.00,4.56,2020.00,12.88,10.00,10.19,0.0,-1.5708,0.0
BUILDING,310.00,14.56,2020.00,12.88,10.00,10.19,0.0,-1.5708,0.0
BUILDING,310.00,24.56,2020.00,12.88,10.00,10.19,0.0,-1.5708,0.0
BUILDING,390.00,-16.54,1300.00,12.16,10.00,11.88,0.0,-1.5708,0.0
BUILDING,390.00,-14.71,820.00,12.07,10.00,10.20,0.0,-1.5708,0.0
BUILDING,390.00,-4.71,820.00,12.07,10.00,10.20,0.0,-1.5708,0.0
BUILDING,390.00,5.29,820.00,12.07,10.00,10.20,0.0,-1.5708,0.0
BUILDING,390.00,15.29,820.00,12.07,10.00,10.20,0.0,-1.5708,0.0
BUILDING,390.00,25.29,820.00,12.07,10.00,10.20,0.0,-1.5708,0.0
BUILDING,390.00,35.29,820.00,12.07,10.00,10.20,0.0,-1.5708,0.0
BUILDING,390.00,-18.76,1380.00,11.62,10.00,10.80,0.0,-1.5708,0.0
BUILDING,390.00,-8.76,1380.00,11.62,10.00,10.80,0.0,-1.5708,0.0
BUILDING,390.00,1.24,1380.00,11.62,10.00,10.80,0.0,-1.5708,0.0
BUILDING,390.00,11.24,1380.00,11.62,10.00,10.80,0.0,-1.5708,0.0
BUILDING,390.00,-15.04,740.00,11.77,10.00,10.95,0.0,-1.5708,0.0
BUILDING,390.00,-5.04,740.00,11.77,10.00,10.95,0.0,-1.5708,0.0
BUILDING,390.00,4.96,740.00,11.77,10.00,10.95,0.0,-1.5708,0.0
BUILDING,390.00,14.96,740.00,11.77,10.00,10.95,0.0,-1.5708,0.0
BUILDING,390.00,24.96,740.00,11.77,10.00,10.95,0.0,-1.5708,0.0
BUILDING,390.00,34.96,740.00,11.77,10.00,10.95,0.0,-1.5708,0.0
BUILDING,390.00,44.96,740.00,11.77,10.00,10.95,0.0,-1.5708,0.0
BUILDING,390.00,54.96,740.00,11.77,10.00,10.95,0.0,-1.5708,0.0
BUILDING,390.00,64.96,740.00,11.77,10.00,10.95,0.0,-1.5708,0.0
BUILDING,390.00,-21.98,1460.00,10.27,10.00,9.08,0.0,-1.5708,0.0
BUILDING,390.00,-11.98,1460.00,10.27,10.00,9.08,0.0,-1.5708,0.0
BUILDING,390.00,-1.98,1460.00,10.27,10.00,9.08,0.0,-1.5708,0.0
BUILDING,390.00,8.02,1460.00,10.27,10.00,9.08,0.0,-1.5708,0.0
BUILDING,390.00,18.02,1460.00,10.27,10.00,9.08,0.0,-1.5708,0.0
BUILDING,390.00,-16.02,660.00,12.29,10.00,9.52,0.0,-1.5708,0.0
BUILDING,390.00,-6.02,660.00,12.29,10.00,9.52,0.0,-1.5708,0.0
BUILDING,390.00,3.98,660.00,12.29,10.00,9.52,0.0,-1.5708,0.0
BUILDING,390.00,13.98,660.00,12.29,10.00,9.52,0.0,-1.5708,0.0
BUILDING,390.00,23.98,660.00,12.29,10.00,9.52,0.0,-1.5708,0.0
BUILDING,390.00,33.98,660.00,12.29,10.00,9.52,0.0,-1.5708,0.0
BUILDING,390.00,43.98,660.00,12.29,10.00,9.52,0.0,-1.5708,0.0
BUILDING,390.00,53.98,660.00,12.29,10.00,9.52,0.0,-1.5708,0.0
BUILDING,390.00,63.98,660.00,12.29,10.00,9.52,0.0,-1.5708,0.0
BUILDING,390.00,73.98,660.00,12.29,10.00,9.52,0.0,-1.5708,0.0
BUILDING,390.00,-17.70,580.00,11.73,10.00,13.07,0.0,-1.5708,0.0
BUILDING,390.00,-7.70,580.00,11.73,10.00,13.07,0.0,-1.5708,0.0
BUILDING,390.00,2.30,580.00,11.73,10.00,13.07,0.0,-1.5708,0.0
BUILDING,390.00,12.30,580.00,11.73,10.00,13.07,0.0,-1.5708,0.0
BUILDING,390.00,22.30,580.00,11.73,10.00,13.07,0.0,-1.5708,0.0
BUILDING,390.00,32.30,580.00,11.73,10.00,13.07,0.0,-1.5708,0.0
BUILDING,390.00,-19.90,500.00,11.39,10.00,9.91,0.0,-1.5708,0.0
BUILDING,390.00,-9.90,500.00,11.39,10.00,9.91,0.0,-1.5708,0.0
BUILDING,390.00,0.10,500.00,11.39,10.00,9.91,0.0,-1.5708,0.0
BUILDING,390.00,10.10,500.00,11.39,10.00,9.91,0.0,-1.5708,0.0
BUILDING,390.00,20.10,500.00,11.39,10.00,9.91,0.0,-1.5708,0.0
BUILDING,390.00,30.10,500.00,11.39,10.00,9.91,0.0,-1.5708,0.0
BUILDING,390.00,40.10,500.00,11.39,10.00,9.91,0.0,-1.5708,0.0
BUILDING,390.00,50.10,500.00,11.39,10.00,9.91,0.0,-1.5708,0.0
BUILDING,390.00,60.10,500.00,11.39,10.00,9.91,0.0,-1.5708,0.0
BUILDING,390.00,-32.07,1780.00,9.22,10.00,10.00,0.0,-1.5708,0.0
ENEMY,390.23,-0.87,1644.00,3.8,3.8,3.8,0.0,0.0,0.0
BUILDING,390.00,-30.32,1860.00,9.18,10.00,12.23,0.0,-1.5708,0.0
BUILDING,390.00,-26.59,1940.00,10.66,10.00,9.62,0.0,-1.5708,0.0
BUILDING,390.00,-16.59,1940.00,10.66,10.00,9.62,0.0,-1.5708,0.0
BUILDING,390.00,-6.59,1940.00,10.66,10.00,9.62,0.0,-1.5708,0.0
BUILDING,390.00,3.41,1940.00,10.66,10.00,9.62,0.0,-1.5708,0.0
BUILDING,390.00,13.41,1940.00,10.66,10.00,9.62,0.0,-1.5708,0.0
BUILDING,390.00,23.41,1940.00,10.66,10.00,9.62,0.0,-1.5708,0.0
BUILDING,470.00,-15.57,900.00,13.01,10.00,12.64,0.0,-1.5708,0.0
BUILDING,470.00,-5.57,900.00,13.01,10.00,12.64,0.0,-1.5708,0.0
BUILDING,470.00,-16.47,1300.00,11.73,10.00,10.61,0.0,-1.5708,0.0
BUILDING,470.00,-16.21,820.00,11.23,10.00,12.59,0.0,-1.5708,0.0
BUILDING,470.00,-6.21,820.00,11.23,10.00,12.59,0.0,-1.5708,0.0
BUILDING,470.00,3.79,820.00,11.23,10.00,12.59,0.0,-1.5708,0.0
BUILDING,470.00,13.79,820.00,11.23,10.00,12.59,0.0,-1.5708,0.0
BUILDING,470.00,23.79,820.00,11.23,10.00,12.59,0.0,-1.5708,0.0
BUILDING,470.00,33.79,820.00,11.23,10.00,12.59,0.0,-1.5708,0.0
BUILDING,470.00,43.79,820.00,11.23,10.00,12.59,0.0,-1.5708,0.0
BUILDING,470.00,-18.43,1380.00,9.21,10.00,13.35,0.0,-1.5708,0.0
BUILDING,470.00,-8.43,1380.00,9.21,10.00,13.35,0.0,-1.5708,0.0
BUILDING,470.00,1.57,1380.00,9.21,10.00,13.35,0.0,-1.5708,0.0
BUILDING,470.00,11.57,1380.00,9.21,10.00,13.35,0.0,-1.5708,0.0
BUILDING,470.00,21.57,1380.00,9.21,10.00,13.35,0.0,-1.5708,0.0
BUILDING,470.00,31.57,1380.00,9.21,10.00,13.35,0.0,-1.5708,0.0
BUILDING,470.00,41.57,1380.00,9.21,10.00,13.35,0.0,-1.5708,0.0
BUILDING,470.00,-21.40,1460.00,9.38,10.00,12.19,0.0,-1.5708,0.0
BUILDING,470.00,-11.40,1460.00,9.38,10.00,12.19,0.0,-1.5708,0.0
BUILDING,470.00,-1.40,1460.00,9.38,10.00,12.19,0.0,-1.5708,0.0
BUILDING,470.00,-25.13,1540.00,9.71,10.00,12.04,0.0,-1.5708,0.0
BUILDING,470.00,-20.05,580.00,10.18,10.00,12.23,0.0,-1.5708,0.0
BUILDING,470.00,-10.05,580.00,10.18,10.00,12.23,0.0,-1.5708,0.0
BUILDING,470.00,-0.05,580.00,10.18,10.00,12.23,0.0,-1.5708,0.0
BUILDING,470.00,-21.54,500.00,12.40,10.00,13.74,0.0,-1.5708,0.0
BUILDING,470.00,-11.54,500.00,12.40,10.00,13.74,0.0,-1.5708,0.0
BUILDING,470.00,-1.54,500.00,12.40,10.00,13.74,0.0,-1.5708,0.0
BUILDING,470.00,8.46,500.00,12.40,10.00,13.74,0.0,-1.5708,0.0
BUILDING,470.00,-22.80,420.00,10.83,10.00,10.57,0.0,-1.5708,0.0
BUILDING,470.00,-12.80,420.00,10.83,10.00,10.57,0.0,-1.5708,0.0
BUILDING,470.00,-2.80,420.00,10.83,10.00,10.57,0.0,-1.5708,0.0
BUILDING,470.00,7.20,420.00,10.83,10.00,10.57,0.0,-1.5708,0.0
BUILDING,470.00,17.20,420.00,10.83,10.00,10.57,0.0,-1.5708,0.0
BUILDING,470.00,27.20,420.00,10.83,10.00,10.57,0.0,-1.5708,0.0
BUILDING,470.00,-23.70,340.00,11.50,10.00,10.93,0.0,-1.5708,0.0
BUILDING,470.00,-13.70,340.00,11.50,10.00,10.93,0.0,-1.5708,0.0
BUILDING,470.00,-3.70,340.00,11.50,10.00,10.93,0.0,-1.5708,0.0
BUILDING,470.00,-34.23,1860.00,12.52,10.00,10.07,0.0,-1.5708,0.0
BUILDING,470.00,-24.23,260.00,10.00,10.00,9.68,0.0,-1.5708,0.0
BUILDING,470.00,-14.23,260.00,10.00,10.00,9.68,0.0,-1.5708,0.0
BUILDING,470.00,-4.23,260.00,10.00,10.00,9.68,0.0,-1.5708,0.0
BUILDING,470.00,5.77,260.00,10.00,10.00,9.68,0.0,-1.5708,0.0
BUILDING,470.00,15.77,260.00,10.00,10.00,9.68,0.0,-1.5708,0.0
BUILDING,470.00,-31.90,1940.00,11.23,10.00,9.44,0.0,-1.5708,0.0
BUILDING,470.00,-21.90,1940.00,11.23,10.00,9.44,0.0,-1.5708,0.0
BUILDING,470.00,-11.90,1940.00,11.23,10.00,9.44,0.0,-1.5708,0.0
BUILDING,470.00,-1.90,1940.00,11.23,10.00,9.44,0.0,-1.5708,0.0
BUILDING,470.00,-27.82,2020.00,12.55,10.00,11.75,0.0,-1.5708,0.0
BUILDING,470.00,-17.82,2020.00,12.55,10.00,11.75,0.0,-1.5708,0.0
BUILDING,550.00,-15.06,1060.00,12.56,10.00,13.64,0.0,-1.5708,0.0
BUILDING,550.00,-15.51,980.00,13.93,10.00,12.96,0.0,-1.5708,0.0
BUILDING,550.00,-15.57,1220.00,11.77,10.00,10.84,0.0,-1.5708,0.0
BUILDING,550.00,-5.57,1220.00,11.77,10.00,10.84,0.0,-1.5708,0.0
BUILDING,550.00,-16.32,900.00,9.33,10.00,10.99,0.0,-1.5708,0.0
BUILDING,550.00,-16.64,1300.00,12.85,10.00,13.12,0.0,-1.5708,0.0
BUILDING,550.00,-6.64,1300.00,12.85,10.00,13.12,0.0,-1.5708,0.0
BUILDING,550.00,3.36,1300.00,12.85,10.00,13.12,0.0,-1.5708,0.0
BUILDING,550.00,-18.40,1380.00,11.33,10.00,11.59,0.0,-1.5708,0.0
BUILDING,550.00,-8.40,1380.00,11.33,10.00,11.59,0.0,-1.5708,0.0
BUILDING,550.00,1.60,1380.00,11.33,10.00,11.59,0.0,-1.5708,0.0
BUILDING,550.00,11.60,1380.00,11.33,10.00,11.59,0.0,-1.5708,0.0
BUILDING,550.00,21.60,1380.00,11.33,10.00,11.59,0.0,-1.5708,0.0
BUILDING,550.00,31.60,1380.00,11.33,10.00,11.59,0.0,-1.5708,0.0
BUILDING,550.00,41.60,1380.00,11.33,10.00,11.59,0.0,-1.5708,0.0
BUILDING,550.00,-20.93,1460.00,9.91,10.00,13.83,0.0,-1.5708,0.0
BUILDING,550.00,-10.93,1460.00,9.91,10.00,13.83,0.0,-1.5708,0.0
BUILDING,550.00,-0.93,1460.00,9.91,10.00,13.83,0.0,-1.5708,0.0
BUILDING,550.00,9.07,1460.00,9.91,10.00,13.83,0.0,-1.5708,0.0
BUILDING,550.00,19.07,1460.00,9.91,10.00,13.83,0.0,-1.5708,0.0
BUILDING,550.00,29.07,1460.00,9.91,10.00,13.83,0.0,-1.5708,0.0
BUILDING,550.00,39.07,1460.00,9.91,10.00,13.83,0.0,-1.5708,0.0
BUILDING,550.00,-24.16,1540.00,11.59,10.00,10.52,0.0,-1.5708,0.0
BUILDING,550.00,-14.16,1540.00,11.59,10.00,10.52,0.0,-1.5708,0.0
BUILDING,550.00,-27.82,1620.00,13.47,10.00,13.23,0.0,-1.5708,0.0
BUILDING,550.00,-17.82,1620.00,13.47,10.00,13.23,0.0,-1.5708,0.0
BUILDING,550.00,-7.82,1620.00,13.47,10.00,13.23,0.0,-1.5708,0.0
BUILDING,550.00,2.18,1620.00,13.47,10.00,13.23,0.0,-1.5708,0.0
BUILDING,550.00,-21.04,500.00,10.37,10.00,12.13,0.0,-1.5708,0.0
BUILDING,550.00,-11.04,500.00,10.37,10.00,12.13,0.0,-1.5708,0.0
BUILDING,550.00,-1.04,500.00,10.37,10.00,12.13,0.0,-1.5708,0.0
BUILDING,550.00,8.96,500.00,10.37,10.00,12.13,0.0,-1.5708,0.0
BUILDING,550.00,18.96,500.00,10.37,10.00,12.13,0.0,-1.5708,0.0
BUILDING,550.00,28.96,500.00,10.37,10.00,12.13,0.0,-1.5708,0.0
BUILDING,550.00,38.96,500.00,10.37,10.00,12.13,0.0,-1.5708,0.0
BUILDING,550.00,-31.36,1700.00,9.84,10.00,13.71,0.0,-1.5708,0.0
BUILDING,550.00,-21.36,1700.00,9.84,10.00,13.71,0.0,-1.5708,0.0
BUILDING,550.00,-11.36,1700.00,9.84,10.00,13.71,0.0,-1.5708,0.0
BUILDING,550.00,-1.36,1700.00,9.84,10.00,13.71,0.0,-1.5708,0.0
BUILDING,550.00,-21.40,420.00,13.51,10.00,10.69,0.0,-1.5708,0.0
BUILDING,550.00,-11.40,420.00,13.51,10.00,10.69,0.0,-1.5708,0.0
BUILDING,550.00,-1.40,420.00,13.51,10.00,10.69,0.0,-1.5708,0.0
BUILDING,550.00,8.60,420.00,13.51,10.00,10.69,0.0,-1.5708,0.0
BUILDING,550.00,18.60,420.00,13.51,10.00,10.69,0.0,-1.5708,0.0
BUILDING,550.00,28.60,420.00,13.51,10.00,10.69,0.0,-1.5708,0.0
BUILDING,550.00,38.60,420.00,13.51,10.00,10.69,0.0,-1.5708,0.0
BUILDING,550.00,48.60,420.00,13.51,10.00,10.69,0.0,-1.5708,0.0
BUILDING,550.00,-34.09,1780.00,9.41,10.00,13.74,0.0,-1.5708,0.0
BUILDING,550.00,-21.79,340.00,12.83,10.00,11.08,0.0,-1.5708,0.0
BUILDING,550.00,-11.79,340.00,12.83,10.00,11.08,0.0,-1.5708,0.0
BUILDING,550.00,-1.79,340.00,12.83,10.00,11.08,0.0,-1.5708,0.0
BUILDING,550.00,8.21,340.00,12.83,10.00,11.08,0.0,-1.5708,0.0
BUILDING,550.00,-35.32,1860.00,11.73,10.00,12.21,0.0,-1.5708,0.0
BUILDING,550.00,-25.32,1860.00,11.73,10.00,12.21,0.0,-1.5708,0.0
BUILDING,550.00,-22.44,260.00,11.03,10.00,11.27,0.0,-1.5708,0.0
BUILDING,550.00,-12.44,260.00,11.03,10.00,11.27,0.0,-1.5708,0.0
BUILDING,550.00,-2.44,260.00,11.03,10.00,11.27,0.0,-1.5708,0.0
BUILDING,550.00,7.56,260.00,11.03,10.00,11.27,0.0,-1.5708,0.0
BUILDING,550.00,17.56,260.00,11.03,10.00,11.27,0.0,-1.5708,0.0
BUILDING,550.00,27.56,260.00,11.03,10.00,11.27,0.0,-1.5708,0.0
BUILDING,550.00,37.56,260.00,11.03,10.00,11.27,0.0,-1.5708,0.0
BUILDING,550.00,47.56,260.00,11.03,10.00,11.27,0.0,-1.5708,0.0
BUILDING,550.00,-34.59,1940.00,11.42,10.00,10.02,0.0,-1.5708,0.0
BUILDING,550.00,-23.51,180.00,10.60,10.00,13.94,0.0,-1.5708,0.0
BUILDING,550.00,-13.51,180.00,10.60,10.00,13.94,0.0,-1.5708,0.0
BUILDING,550.00,-3.51,180.00,10.60,10.00,13.94,0.0,-1.5708,0.0
BUILDING,550.00,6.49,180.00,10.60,10.00,13.94,0.0,-1.5708,0.0
BUILDING,550.00,16.49,180.00,10.60,10.00,13.94,0.0,-1.5708,0.0
BUILDING,550.00,26.49,180.00,10.60,10.00,13.94,0.0,-1.5708,0.0
BUILDING,550.00,36.49,180.00,10.60,10.00,13.94,0.0,-1.5708,0.0
BUILDING,550.00,-31.97,2020.00,11.57,10.00,9.53,0.0,-1.5708,0.0
BUILDING,630.00,-17.94,820.00,13.07,10.00,13.67,0.0,-1.5708,0.0
BUILDING,630.00,-7.94,820.00,13.07,10.00,13.67,0.0,-1.5708,0.0
BUILDING,630.00,2.06,820.00,13.07,10.00,13.67,0.0,-1.5708,0.0
BUILDING,630.00,12.06,820.00,13.07,10.00,13.67,0.0,-1.5708,0.0
BUILDING,630.00,22.06,820.00,13.07,10.00,13.67,0.0,-1.5708,0.0
BUILDING,630.00,-18.84,1380.00,11.49,10.00,11.57,0.0,-1.5708,0.0
BUILDING,630.00,-8.84,1380.00,11.49,10.00,11.57,0.0,-1.5708,0.0
BUILDING,630.00,1.16,1380.00,11.49,10.00,11.57,0.0,-1.5708,0.0
BUILDING,630.00,11.16,1380.00,11.49,10.00,11.57,0.0,-1.5708,0.0
BUILDING,630.00,21.16,1380.00,11.49,10.00,11.57,0.0,-1.5708,0.0
BUILDING,630.00,-18.83,740.00,9.45,10.00,10.97,0.0,-1.5708,0.0
BUILDING,630.00,-8.83,740.00,9.45,10.00,10.97,0.0,-1.5708,0.0
BUILDING,630.00,1.17,740.00,9.45,10.00,10.97,0.0,-1.5708,0.0
BUILDING,630.00,11.17,740.00,9.45,10.00,10.97,0.0,-1.5708,0.0
BUILDING,630.00,-21.04,1460.00,10.76,10.00,9.25,0.0,-1.5708,0.0
BUILDING,630.00,-11.04,1460.00,10.76,10.00,9.25,0.0,-1.5708,0.0
BUILDING,630.00,-1.04,1460.00,10.76,10.00,9.25,0.0,-1.5708,0.0
BUILDING,630.00,8.96,1460.00,10.76,10.00,9.25,0.0,-1.5708,0.0
BUILDING,630.00,18.96,1460.00,10.76,10.00,9.25,0.0,-1.5708,0.0
BUILDING,630.00,28.96,1460.00,10.76,10.00,9.25,0.0,-1.5708,0.0
BUILDING,630.00,38.96,1460.00,10.76,10.00,9.25,0.0,-1.5708,0.0
BUILDING,630.00,-23.63,1540.00,10.43,10.00,9.04,0.0,-1.5708,0.0
BUILDING,630.00,-13.63,1540.00,10.43,10.00,9.04,0.0,-1.5708,0.0
BUILDING,630.00,-3.63,1540.00,10.43,10.00,9.04,0.0,-1.5708,0.0
BUILDING,630.00,6.37,1540.00,10.43,10.00,9.04,0.0,-1.5708,0.0
BUILDING,630.00,16.37,1540.00,10.43,10.00,9.04,0.0,-1.5708,0.0
BUILDING,630.00,-19.32,580.00,12.64,10.00,12.82,0.0,-1.5708,0.0
BUILDING,630.00,-9.32,580.00,12.64,10.00,12.82,0.0,-1.5708,0.0
BUILDING,630.00,0.68,580.00,12.64,10.00,12.82,0.0,-1.5708,0.0
BUILDING,630.00,10.68,580.00,12.64,10.00,12.82,0.0,-1.5708,0.0
BUILDING,630.00,20.68,580.00,12.64,10.00,12.82,0.0,-1.5708,0.0
BUILDING,630.00,30.68,580.00,12.64,10.00,12.82,0.0,-1.5708,0.0
BUILDING,630.00,-26.51,1620.00,11.81,10.00,10.81,0.0,-1.5708,0.0
BUILDING,630.00,-16.51,1620.00,11.81,10.00,10.81,0.0,-1.5708,0.0
BUILDING,630.00,-6.51,1620.00,11.81,10.00,10.81,0.0,-1.5708,0.0
BUILDING,630.00,3.49,1620.00,11.81,10.00,10.81,0.0,-1.5708,0.0
BUILDING,630.00,13.49,1620.00,11.81,10.00,10.81,0.0,-1.5708,0.0
BUILDING,630.00,-19.18,500.00,12.82,10.00,10.40,0.0,-1.5708,0.0
BUILDING,630.00,-9.18,500.00,12.82,10.00,10.40,0.0,-1.5708,0.0
BUILDING,630.00,0.82,500.00,12.82,10.00,10.40,0.0,-1.5708,0.0
BUILDING,630.00,10.82,500.00,12.82,10.00,10.40,0.0,-1.5708,0.0
BUILDING,630.00,20.82,500.00,12.82,10.00,10.40,0.0,-1.5708,0.0
BUILDING,630.00,30.82,500.00,12.82,10.00,10.40,0.0,-1.5708,0.0
BUILDING,630.00,40.82,500.00,12.82,10.00,10.40,0.0,-1.5708,0.0
BUILDING,630.00,-29.46,1700.00,9.64,10.00,9.48,0.0,-1.5708,0.0
BUILDING,630.00,-32.07,1780.00,12.77,10.00,10.00,0.0,-1.5708,0.0
BUILDING,630.00,-20.05,340.00,9.19,10.00,12.57,0.0,-1.5708,0.0
BUILDING,630.00,-10.05,340.00,9.19,10.00,12.57,0.0,-1.5708,0.0
BUILDING,630.00,-0.05,340.00,9.19,10.00,12.57,0.0,-1.5708,0.0
BUILDING,630.00,-33.83,1860.00,12.03,10.00,11.58,0.0,-1.5708,0.0
BUILDING,630.00,-21.74,260.00,10.96,10.00,12.08,0.0,-1.5708,0.0
BUILDING,630.00,-11.74,260.00,10.96,10.00,12.08,0.0,-1.5708,0.0
BUILDING,630.00,-1.74,260.00,10.96,10.00,12.08,0.0,-1.5708,0.0
BUILDING,630.00,8.26,260.00,10.96,10.00,12.08,0.0,-1.5708,0.0
BUILDING,630.00,-34.26,1940.00,13.14,10.00,11.66,0.0,-1.5708,0.0
BUILDING,630.00,-24.26,1940.00,13.14,10.00,11.66,0.0,-1.5708,0.0
BUILDING,630.00,-24.26,180.00,10.84,10.00,12.37,0.0,-1.5708,0.0
BUILDING,630.00,-14.26,180.00,10.84,10.00,12.37,0.0,-1.5708,0.0
BUILDING,630.00,-33.14,2020.00,13.36,10.00,12.15,0.0,-1.5708,0.0
BUILDING,630.00,-23.14,2020.00,13.36,10.00,12.15,0.0,-1.5708,0.0
BUILDING,630.00,-13.14,2020.00,13.36,10.00,12.15,0.0,-1.5708,0.0
BUILDING,710.00,-16.90,900.00,11.92,10.00,9.85,0.0,-1.5708,0.0
BUILDING,710.00,-17.67,1300.00,9.74,10.00,12.40,0.0,-1.5708,0.0
BUILDING,710.00,-7.67,1300.00,9.74,10.00,12.40,0.0,-1.5708,0.0
BUILDING,710.00,2.33,1300.00,9.74,10.00,12.40,0.0,-1.5708,0.0
ENEMY,704.15,33.71,1260.00,3.8,3.8,3.8,0.0,0.0,0.0
BUILDING,710.00,-17.74,820.00,11.09,10.00,11.06,0.0,-1.5708,0.0
BUILDING,710.00,-7.74,820.00,11.09,10.00,11.06,0.0,-1.5708,0.0
BUILDING,710.00,2.26,820.00,11.09,10.00,11.06,0.0,-1.5708,0.0
BUILDING,710.00,12.26,820.00,11.09,10.00,11.06,0.0,-1.5708,0.0
BUILDING,710.00,22.26,820.00,11.09,10.00,11.06,0.0,-1.5708,0.0
BUILDING,710.00,32.26,820.00,11.09,10.00,11.06,0.0,-1.5708,0.0
BUILDING,710.00,-19.71,1380.00,13.60,10.00,13.36,0.0,-1.5708,0.0
BUILDING,710.00,-9.71,1380.00,13.60,10.00,13.36,0.0,-1.5708,0.0
BUILDING,710.00,0.29,1380.00,13.60,10.00,13.36,0.0,-1.5708,0.0
BUILDING,710.00,10.29,1380.00,13.60,10.00,13.36,0.0,-1.5708,0.0
BUILDING,710.00,20.29,1380.00,13.60,10.00,13.36,0.0,-1.5708,0.0
BUILDING,710.00,30.29,1380.00,13.60,10.00,13.36,0.0,-1.5708,0.0
BUILDING,710.00,40.29,1380.00,13.60,10.00,13.36,0.0,-1.5708,0.0
BUILDING,710.00,50.29,1380.00,13.60,10.00,13.36,0.0,-1.5708,0.0
BUILDING,710.00,-18.07,740.00,11.59,10.00,11.80,0.0,-1.5708,0.0
BUILDING,710.00,-8.07,740.00,11.59,10.00,11.80,0.0,-1.5708,0.0
BUILDING,710.00,1.93,740.00,11.59,10.00,11.80,0.0,-1.5708,0.0
BUILDING,710.00,11.93,740.00,11.59,10.00,11.80,0.0,-1.5708,0.0
BUILDING,710.00,21.93,740.00,11.59,10.00,11.80,0.0,-1.5708,0.0
BUILDING,710.00,-21.88,1460.00,10.57,10.00,9.87,0.0,-1.5708,0.0
BUILDING,710.00,-11.88,1460.00,10.57,10.00,9.87,0.0,-1.5708,0.0
BUILDING,710.00,-1.88,1460.00,10.57,10.00,9.87,0.0,-1.5708,0.0
BUILDING,710.00,8.12,1460.00,10.57,10.00,9.87,0.0,-1.5708,0.0
BUILDING,710.00,18.12,1460.00,10.57,10.00,9.87,0.0,-1.5708,0.0
BUILDING,710.00,28.12,1460.00,10.57,10.00,9.87,0.0,-1.5708,0.0
BUILDING,710.00,-17.85,660.00,12.38,10.00,13.34,0.0,-1.5708,0.0
BUILDING,710.00,-7.85,660.00,12.38,10.00,13.34,0.0,-1.5708,0.0
BUILDING,710.00,2.15,660.00,12.38,10.00,13.34,0.0,-1.5708,0.0
BUILDING,710.00,12.15,660.00,12.38,10.00,13.34,0.0,-1.5708,0.0
BUILDING,710.00,22.15,660.00,12.38,10.00,13.34,0.0,-1.5708,0.0
BUILDING,710.00,32.15,660.00,12.38,10.00,13.34,0.0,-1.5708,0.0
BUILDING,710.00,-17.38,580.00,9.96,10.00,10.23,0.0,-1.5708,0.0
BUILDING,710.00,-7.38,580.00,9.96,10.00,10.23,0.0,-1.5708,0.0
BUILDING,710.00,2.62,580.00,9.96,10.00,10.23,0.0,-1.5708,0.0
BUILDING,710.00,12.62,580.00,9.96,10.00,10.23,0.0,-1.5708,0.0
BUILDING,710.00,22.62,580.00,9.96,10.00,10.23,0.0,-1.5708,0.0
BUILDING,710.00,32.62,580.00,9.96,10.00,10.23,0.0,-1.5708,0.0
BUILDING,710.00,42.62,580.00,9.96,10.00,10.23,0.0,-1.5708,0.0
BUILDING,710.00,52.62,580.00,9.96,10.00,10.23,0.0,-1.5708,0.0
BUILDING,710.00,-26.04,1620.00,12.86,10.00,12.52,0.0,-1.5708,0.0
BUILDING,710.00,-16.04,1620.00,12.86,10.00,12.52,0.0,-1.5708,0.0
BUILDING,710.00,-6.04,1620.00,12.86,10.00,12.52,0.0,-1.5708,0.0
BUILDING,710.00,-17.17,500.00,10.74,10.00,13.67,0.0,-1.5708,0.0
BUILDING,710.00,-7.17,500.00,10.74,10.00,13.67,0.0,-1.5708,0.0
BUILDING,710.00,2.83,500.00,10.74,10.00,13.67,0.0,-1.5708,0.0
BUILDING,710.00,12.83,500.00,10.74,10.00,13.67,0.0,-1.5708,0.0
BUILDING,710.00,22.83,500.00,10.74,10.00,13.67,0.0,-1.5708,0.0
BUILDING,710.00,32.83,500.00,10.74,10.00,13.67,0.0,-1.5708,0.0
BUILDING,710.00,42.83,500.00,10.74,10.00,13.67,0.0,-1.5708,0.0
BUILDING,710.00,52.83,500.00,10.74,10.00,13.67,0.0,-1.5708,0.0
BUILDING,710.00,-27.93,1700.00,11.87,10.00,11.72,0.0,-1.5708,0.0
BUILDING,710.00,-17.82,420.00,13.77,10.00,13.02,0.0,-1.5708,0.0
BUILDING,710.00,-7.82,420.00,13.77,10.00,13.02,0.0,-1.5708,0.0
BUILDING,710.00,2.18,420.00,13.77,10.00,13.02,0.0,-1.5708,0.0
BUILDING,710.00,12.18,420.00,13.77,10.00,13.02,0.0,-1.5708,0.0
BUILDING,710.00,22.18,420.00,13.77,10.00,13.02,0.0,-1.5708,0.0
BUILDING,710.00,32.18,420.00,13.77,10.00,13.02,0.0,-1.5708,0.0
BUILDING,710.00,-29.60,1780.00,9.40,10.00,13.62,0.0,-1.5708,0.0
BUILDING,710.00,-19.60,1780.00,9.40,10.00,13.62,0.0,-1.5708,0.0
BUILDING,710.00,-9.60,1780.00,9.40,10.00,13.62,0.0,-1.5708,0.0
BUILDING,710.00,0.40,1780.00,9.40,10.00,13.62,0.0,-1.5708,0.0
BUILDING,710.00,10.40,1780.00,9.40,10.00,13.62,0.0,-1.5708,0.0
BUILDING,710.00,-30.91,1860.00,10.36,10.00,11.81,0.0,-1.5708,0.0
BUILDING,710.00,-20.91,1860.00,10.36,10.00,11.81,0.0,-1.5708,0.0
BUILDING,710.00,-10.91,1860.00,10.36,10.00,11.81,0.0,-1.5708,0.0
BUILDING,710.00,-22.97,260.00,11.93,10.00,10.21,0.0,-1.5708,0.0
BUILDING,710.00,-12.97,260.00,11.93,10.00,10.21,0.0,-1.5708,0.0
BUILDING,710.00,-2.97,260.00,11.93,10.00,10.21,0.0,-1.5708,0.0
BUILDING,710.00,7.03,260.00,11.93,10.00,10.21,0.0,-1.5708,0.0
BUILDING,710.00,17.03,260.00,11.93,10.00,10.21,0.0,-1.5708,0.0
BUILDING,710.00,27.03,260.00,11.93,10.00,10.21,0.0,-1.5708,0.0
BUILDING,710.00,37.03,260.00,11.93,10.00,10.21,0.0,-1.5708,0.0
BUILDING,710.00,-31.58,1940.00,10.16,10.00,9.50,0.0,-1.5708,0.0
BUILDING,710.00,-21.58,1940.00,10.16,10.00,9.50,0.0,-1.5708,0.0
BUILDING,710.00,-11.58,1940.00,10.16,10.00,9.50,0.0,-1.5708,0.0
BUILDING,710.00,-1.58,1940.00,10.16,10.00,9.50,0.0,-1.5708,0.0
BUILDING,710.00,-27.00,180.00,12.85,10.00,9.03,0.0,-1.5708,0.0
BUILDING,710.00,-17.00,180.00,12.85,10.00,9.03,0.0,-1.5708,0.0
BUILDING,710.00,-7.00,180.00,12.85,10.00,9.03,0.0,-1.5708,0.0
BUILDING,710.00,3.00,180.00,12.85,10.00,9.03,0.0,-1.5708,0.0
BUILDING,710.00,13.00,180.00,12.85,10.00,9.03,0.0,-1.5708,0.0
BUILDING,710.00,23.00,180.00,12.85,10.00,9.03,0.0,-1.5708,0.0
BUILDING,790.00,-16.59,900.00,10.61,10.00,12.23,0.0,-1.5708,0.0
BUILDING,790.00,-6.59,900.00,10.61,10.00,12.23,0.0,-1.5708,0.0
BUILDING,790.00,-18.20,1300.00,11.68,10.00,12.62,0.0,-1.5708,0.0
BUILDING,790.00,-20.70,1380.00,13.67,10.00,9.18,0.0,-1.5708,0.0
BUILDING,790.00,-10.70,1380.00,13.67,10.00,9.18,0.0,-1.5708,0.0
BUILDING,790.00,-0.70,1380.00,13.67,10.00,9.18,0.0,-1.5708,0.0
BUILDING,790.00,9.30,1380.00,13.67,10.00,9.18,0.0,-1.5708,0.0
BUILDING,790.00,-23.22,1460.00,13.81,10.00,13.63,0.0,-1.5708,0.0
BUILDING,790.00,-13.22,1460.00,13.81,10.00,13.63,0.0,-1.5708,0.0
BUILDING,790.00,-3.22,1460.00,13.81,10.00,13.63,0.0,-1.5708,0.0
BUILDING,790.00,6.78,1460.00,13.81,10.00,13.63,0.0,-1.5708,0.0
BUILDING,790.00,16.78,1460.00,13.81,10.00,13.63,0.0,-1.5708,0.0
BUILDING,790.00,26.78,1460.00,13.81,10.00,13.63,0.0,-1.5708,0.0
BUILDING,790.00,36.78,1460.00,13.81,10.00,13.63,0.0,-1.5708,0.0
BUILDING,790.00,-16.13,660.00,12.01,10.00,13.64,0.0,-1.5708,0.0
BUILDING,790.00,-6.13,660.00,12.01,10.00,13.64,0.0,-1.5708,0.0
BUILDING,790.00,3.87,660.00,12.01,10.00,13.64,0.0,-1.5708,0.0
BUILDING,790.00,13.87,660.00,12.01,10.00,13.64,0.0,-1.5708,0.0
BUILDING,790.00,23.87,660.00,12.01,10.00,13.64,0.0,-1.5708,0.0
BUILDING,790.00,33.87,660.00,12.01,10.00,13.64,0.0,-1.5708,0.0
BUILDING,790.00,43.87,660.00,12.01,10.00,13.64,0.0,-1.5708,0.0
BUILDING,790.00,53.87,660.00,12.01,10.00,13.64,0.0,-1.5708,0.0
BUILDING,790.00,63.87,660.00,12.01,10.00,13.64,0.0,-1.5708,0.0
BUILDING,790.00,-25.34,1540.00,11.72,10.00,11.47,0.0,-1.5708,0.0
BUILDING,790.00,-15.34,1540.00,11.72,10.00,11.47,0.0,-1.5708,0.0
BUILDING,790.00,-5.34,1540.00,11.72,10.00,11.47,0.0,-1.5708,0.0
BUILDING,790.00,4.66,1540.00,11.72,10.00,11.47,0.0,-1.5708,0.0
BUILDING,790.00,14.66,1540.00,11.72,10.00,11.47,0.0,-1.5708,0.0
BUILDING,790.00,24.66,1540.00,11.72,10.00,11.47,0.0,-1.5708,0.0
BUILDING,790.00,-26.82,1620.00,13.04,10.00,10.65,0.0,-1.5708,0.0
BUILDING,790.00,-16.82,1620.00,13.04,10.00,10.65,0.0,-1.5708,0.0
BUILDING,790.00,-16.11,500.00,9.93,10.00,12.68,0.0,-1.5708,0.0
BUILDING,790.00,-6.11,500.00,9.93,10.00,12.68,0.0,-1.5708,0.0
BUILDING,790.00,3.89,500.00,9.93,10.00,12.68,0.0,-1.5708,0.0
BUILDING,790.00,13.89,500.00,9.93,10.00,12.68,0.0,-1.5708,0.0
BUILDING,790.00,23.89,500.00,9.93,10.00,12.68,0.0,-1.5708,0.0
BUILDING,790.00,33.89,500.00,9.93,10.00,12.68,0.0,-1.5708,0.0
BUILDING,790.00,43.89,500.00,9.93,10.00,12.68,0.0,-1.5708,0.0
BUILDING,790.00,53.89,500.00,9.93,10.00,12.68,0.0,-1.5708,0.0
BUILDING,790.00,63.89,500.00,9.93,10.00,12.68,0.0,-1.5708,0.0
BUILDING,790.00,73.89,500.00,9.93,10.00,12.68,0.0,-1.5708,0.0
BUILDING,790.00,-27.68,1700.00,9.88,10.00,13.28,0.0,-1.5708,0.0
BUILDING,790.00,-28.05,1780.00,11.00,10.00,9.48,0.0,-1.5708,0.0
BUILDING,790.00,-21.34,340.00,9.03,10.00,10.92,0.0,-1.5708,0.0
BUILDING,790.00,-11.34,340.00,9.03,10.00,10.92,0.0,-1.5708,0.0
BUILDING,790.00,-1.34,340.00,9.03,10.00,10.92,0.0,-1.5708,0.0
BUILDING,790.00,8.66,340.00,9.03,10.00,10.92,0.0,-1.5708,0.0
BUILDING,790.00,-28.13,1860.00,10.51,10.00,12.61,0.0,-1.5708,0.0
BUILDING,790.00,-18.13,1860.00,10.51,10.00,12.61,0.0,-1.5708,0.0
ENEMY,792.89,9.71,1708.00,3.8,3.8,3.8,0.0,0.0,0.0
BUILDING,790.00,-25.94,260.00,11.33,10.00,9.80,0.0,-1.5708,0.0
BUILDING,870.00,-16.04,900.00,11.39,10.00,11.27,0.0,-1.5708,0.0
BUILDING,870.00,-18.46,1300.00,12.79,10.00,13.01,0.0,-1.5708,0.0
BUILDING,870.00,-8.46,1300.00,12.79,10.00,13.01,0.0,-1.5708,0.0
BUILDING,870.00,1.54,1300.00,12.79,10.00,13.01,0.0,-1.5708,0.0
BUILDING,870.00,-21.43,1380.00,13.37,10.00,9.41,0.0,-1.5708,0.0
BUILDING,870.00,-11.43,1380.00,13.37,10.00,9.41,0.0,-1.5708,0.0
BUILDING,870.00,-1.43,1380.00,13.37,10.00,9.41,0.0,-1.5708,0.0
BUILDING,870.00,8.57,1380.00,13.37,10.00,9.41,0.0,-1.5708,0.0
BUILDING,870.00,18.57,1380.00,13.37,10.00,9.41,0.0,-1.5708,0.0
BUILDING,870.00,28.57,1380.00,13.37,10.00,9.41,0.0,-1.5708,0.0
BUILDING,870.00,38.57,1380.00,13.37,10.00,9.41,0.0,-1.5708,0.0
BUILDING,870.00,-24.52,1460.00,9.56,10.00,13.14,0.0,-1.5708,0.0
BUILDING,870.00,-14.52,1460.00,9.56,10.00,13.14,0.0,-1.5708,0.0
BUILDING,870.00,-4.52,1460.00,9.56,10.00,13.14,0.0,-1.5708,0.0
BUILDING,870.00,5.48,1460.00,9.56,10.00,13.14,0.0,-1.5708,0.0
BUILDING,870.00,15.48,1460.00,9.56,10.00,13.14,0.0,-1.5708,0.0
BUILDING,870.00,25.48,1460.00,9.56,10.00,13.14,0.0,-1.5708,0.0
BUILDING,870.00,-14.91,660.00,9.75,10.00,10.64,0.0,-1.5708,0.0
BUILDING,870.00,-4.91,660.00,9.75,10.00,10.64,0.0,-1.5708,0.0
BUILDING,870.00,5.09,660.00,9.75,10.00,10.64,0.0,-1.5708,0.0
BUILDING,870.00,15.09,660.00,9.75,10.00,10.64,0.0,-1.5708,0.0
BUILDING,870.00,25.09,660.00,9.75,10.00,10.64,0.0,-1.5708,0.0
BUILDING,870.00,35.09,660.00,9.75,10.00,10.64,0.0,-1.5708,0.0
BUILDING,870.00,45.09,660.00,9.75,10.00,10.64,0.0,-1.5708,0.0
BUILDING,870.00,55.09,660.00,9.75,10.00,10.64,0.0,-1.5708,0.0
BUILDING,870.00,65.09,660.00,9.75,10.00,10.64,0.0,-1.5708,0.0
BUILDING,870.00,75.09,660.00,9.75,10.00,10.64,0.0,-1.5708,0.0
BUILDING,870.00,-27.07,1540.00,12.58,10.00,11.44,0.0,-1.5708,0.0
BUILDING,870.00,-17.07,1540.00,12.58,10.00,11.44,0.0,-1.5708,0.0
BUILDING,870.00,-15.07,580.00,11.27,10.00,11.57,0.0,-1.5708,0.0
BUILDING,870.00,-5.07,580.00,11.27,10.00,11.57,0.0,-1.5708,0.0
BUILDING,870.00,4.93,580.00,11.27,10.00,11.57,0.0,-1.5708,0.0
BUILDING,870.00,14.93,580.00,11.27,10.00,11.57,0.0,-1.5708,0.0
BUILDING,870.00,24.93,580.00,11.27,10.00,11.57,0.0,-1.5708,0.0
BUILDING,870.00,-28.59,1620.00,12.36,10.00,10.54,0.0,-1.5708,0.0
BUILDING,870.00,-18.59,1620.00,12.36,10.00,10.54,0.0,-1.5708,0.0
BUILDING,870.00,-8.59,1620.00,12.36,10.00,10.54,0.0,-1.5708,0.0
ENEMY,862.55,14.46,1516.00,3.8,3.8,3.8,0.0,0.0,0.0
BUILDING,870.00,-16.55,500.00,9.23,10.00,10.72,0.0,-1.5708,0.0
BUILDING,870.00,-6.55,500.00,9.23,10.00,10.72,0.0,-1.5708,0.0
BUILDING,870.00,3.45,500.00,9.23,10.00,10.72,0.0,-1.5708,0.0
BUILDING,870.00,13.45,500.00,9.23,10.00,10.72,0.0,-1.5708,0.0
BUILDING,870.00,23.45,500.00,9.23,10.00,10.72,0.0,-1.5708,0.0
BUILDING,870.00,-28.16,1780.00,9.16,10.00,11.04,0.0,-1.5708,0.0
BUILDING,870.00,-18.16,1780.00,9.16,10.00,11.04,0.0,-1.5708,0.0
BUILDING,870.00,-8.16,1780.00,9.16,10.00,11.04,0.0,-1.5708,0.0
BUILDING,870.00,-29.47,260.00,10.87,10.00,13.46,0.0,-1.5708,0.0
BUILDING,870.00,-19.47,260.00,10.87,10.00,13.46,0.0,-1.5708,0.0
BUILDING,870.00,-9.47,260.00,10.87,10.00,13.46,0.0,-1.5708,0.0
BUILDING,870.00,-34.32,180.00,12.41,10.00,12.31,0.0,-1.5708,0.0
BUILDING,870.00,-23.98,2020.00,9.59,10.00,13.96,0.0,-1.5708,0.0
BUILDING,870.00,-13.98,2020.00,9.59,10.00,13.96,0.0,-1.5708,0.0
BUILDING,870.00,-3.98,2020.00,9.59,10.00,13.96,0.0,-1.5708,0.0
BUILDING,870.00,6.02,2020.00,9.59,10.00,13.96,0.0,-1.5708,0.0
BUILDING,950.00,-15.07,1060.00,13.17,10.00,12.78,0.0,-1.5708,0.0
BUILDING,950.00,-15.10,1140.00,11.66,10.00,13.12,0.0,-1.5708,0.0
BUILDING,950.00,-5.10,1140.00,11.66,10.00,13.12,0.0,-1.5708,0.0
BUILDING,950.00,4.90,1140.00,11.66,10.00,13.12,0.0,-1.5708,0.0
BUILDING,950.00,-15.39,980.00,9.94,10.00,13.38,0.0,-1.5708,0.0
BUILDING,950.00,-5.39,980.00,9.94,10.00,13.38,0.0,-1.5708,0.0
BUILDING,950.00,-16.10,1220.00,12.07,10.00,13.68,0.0,-1.5708,0.0
BUILDING,950.00,-6.10,1220.00,12.07,10.00,13.68,0.0,-1.5708,0.0
BUILDING,950.00,3.90,1220.00,12.07,10.00,13.68,0.0,-1.5708,0.0
BUILDING,950.00,-15.46,900.00,9.50,10.00,9.17,0.0,-1.5708,0.0
BUILDING,950.00,-15.14,820.00,9.22,10.00,11.19,0.0,-1.5708,0.0
BUILDING,950.00,-5.14,820.00,9.22,10.00,11.19,0.0,-1.5708,0.0
BUILDING,950.00,4.86,820.00,9.22,10.00,11.19,0.0,-1.5708,0.0
BUILDING,950.00,14.86,820.00,9.22,10.00,11.19,0.0,-1.5708,0.0
BUILDING,950.00,24.86,820.00,9.22,10.00,11.19,0.0,-1.5708,0.0
BUILDING,950.00,34.86,820.00,9.22,10.00,11.19,0.0,-1.5708,0.0
BUILDING,950.00,44.86,820.00,9.22,10.00,11.19,0.0,-1.5708,0.0
BUILDING,950.00,54.86,820.00,9.22,10.00,11.19,0.0,-1.5708,0.0
BUILDING,950.00,64.86,820.00,9.22,10.00,11.19,0.0,-1.5708,0.0
BUILDING,950.00,74.86,820.00,9.22,10.00,11.19,0.0,-1.5708,0.0
BUILDING,950.00,-25.17,1460.00,10.17,10.00,13.58,0.0,-1.5708,0.0
BUILDING,950.00,-15.17,1460.00,10.17,10.00,13.58,0.0,-1.5708,0.0
BUILDING,950.00,-5.17,1460.00,10.17,10.00,13.58,0.0,-1.5708,0.0
BUILDING,950.00,-14.65,660.00,13.09,10.00,10.18,0.0,-1.5708,0.0
BUILDING,950.00,-4.65,660.00,13.09,10.00,10.18,0.0,-1.5708,0.0
BUILDING,950.00,5.35,660.00,13.09,10.00,10.18,0.0,-1.5708,0.0
BUILDING,950.00,15.35,660.00,13.09,10.00,10.18,0.0,-1.5708,0.0
BUILDING,950.00,25.35,660.00,13.09,10.00,10.18,0.0,-1.5708,0.0
BUILDING,950.00,35.35,660.00,13.09,10.00,10.18,0.0,-1.5708,0.0
BUILDING,950.00,45.35,660.00,13.09,10.00,10.18,0.0,-1.5708,0.0
BUILDING,950.00,55.35,660.00,13.09,10.00,10.18,0.0,-1.5708,0.0
BUILDING,950.00,65.35,660.00,13.09,10.00,10.18,0.0,-1.5708,0.0
BUILDING,950.00,75.35,660.00,13.09,10.00,10.18,0.0,-1.5708,0.0
BUILDING,950.00,85.35,660.00,13.09,10.00,10.18,0.0,-1.5708,0.0
BUILDING,950.00,-15.68,580.00,10.50,10.00,9.30,0.0,-1.5708,0.0
BUILDING,950.00,-5.68,580.00,10.50,10.00,9.30,0.0,-1.5708,0.0
BUILDING,950.00,4.32,580.00,10.50,10.00,9.30,0.0,-1.5708,0.0
BUILDING,950.00,14.32,580.00,10.50,10.00,9.30,0.0,-1.5708,0.0
BUILDING,950.00,24.32,580.00,10.50,10.00,9.30,0.0,-1.5708,0.0
BUILDING,950.00,34.32,580.00,10.50,10.00,9.30,0.0,-1.5708,0.0
BUILDING,950.00,44.32,580.00,10.50,10.00,9.30,0.0,-1.5708,0.0
BUILDING,950.00,54.32,580.00,10.50,10.00,9.30,0.0,-1.5708,0.0
BUILDING,950.00,-30.96,1700.00,11.78,10.00,9.23,0.0,-1.5708,0.0
BUILDING,950.00,-20.96,1700.00,11.78,10.00,9.23,0.0,-1.5708,0.0
BUILDING,950.00,-22.15,420.00,12.93,10.00,10.59,0.0,-1.5708,0.0
BUILDING,950.00,-12.15,420.00,12.93,10.00,10.59,0.0,-1.5708,0.0
BUILDING,950.00,-2.15,420.00,12.93,10.00,10.59,0.0,-1.5708,0.0
BUILDING,950.00,7.85,420.00,12.93,10.00,10.59,0.0,-1.5708,0.0
BUILDING,950.00,17.85,420.00,12.93,10.00,10.59,0.0,-1.5708,0.0
BUILDING,950.00,27.85,420.00,12.93,10.00,10.59,0.0,-1.5708,0.0
BUILDING,950.00,-29.76,1780.00,9.92,10.00,11.69,0.0,-1.5708,0.0
BUILDING,950.00,-19.76,1780.00,9.92,10.00,11.69,0.0,-1.5708,0.0
BUILDING,950.00,-9.76,1780.00,9.92,10.00,11.69,0.0,-1.5708,0.0
BUILDING,950.00,-27.05,340.00,9.72,10.00,11.32,0.0,-1.5708,0.0
BUILDING,950.00,-17.05,340.00,9.72,10.00,11.32,0.0,-1.5708,0.0
BUILDING,950.00,-7.05,340.00,9.72,10.00,11.32,0.0,-1.5708,0.0
BUILDING,950.00,2.95,340.00,9.72,10.00,11.32,0.0,-1.5708,0.0
BUILDING,950.00,12.95,340.00,9.72,10.00,11.32,0.0,-1.5708,0.0
BUILDING,950.00,22.95,340.00,9.72,10.00,11.32,0.0,-1.5708,0.0
BUILDING,950.00,-27.29,1860.00,11.79,10.00,9.67,0.0,-1.5708,0.0
BUILDING,950.00,-17.29,1860.00,11.79,10.00,9.67,0.0,-1.5708,0.0
BUILDING,950.00,-7.29,1860.00,11.79,10.00,9.67,0.0,-1.5708,0.0
BUILDING,950.00,2.71,1860.00,11.79,10.00,9.67,0.0,-1.5708,0.0
BUILDING,950.00,-31.93,260.00,9.40,10.00,11.25,0.0,-1.5708,0.0
BUILDING,950.00,-21.93,260.00,9.40,10.00,11.25,0.0,-1.5708,0.0
BUILDING,950.00,-11.93,260.00,9.40,10.00,11.25,0.0,-1.5708,0.0
BUILDING,950.00,-1.93,260.00,9.40,10.00,11.25,0.0,-1.5708,0.0
BUILDING,950.00,-24.25,1940.00,9.26,10.00,10.89,0.0,-1.5708,0.0
BUILDING,950.00,-14.25,1940.00,9.26,10.00,10.89,0.0,-1.5708,0.0
BUILDING,950.00,-4.25,1940.00,9.26,10.00,10.89,0.0,-1.5708,0.0
BUILDING,950.00,-35.75,180.00,9.94,10.00,12.81,0.0,-1.5708,0.0
BUILDING,950.00,-21.47,2020.00,10.04,10.00,13.54,0.0,-1.5708,0.0
BUILDING,950.00,-11.47,2020.00,10.04,10.00,13.54,0.0,-1.5708,0.0
BUILDING,950.00,-1.47,2020.00,10.04,10.00,13.54,0.0,-1.5708,0.0
BUILDING,950.00,8.53,2020.00,10.04,10.00,13.54,0.0,-1.5708,0.0
BUILDING,950.00,18.53,2020.00,10.04,10.00,13.54,0.0,-1.5708,0.0
BUILDING,950.00,28.53,2020.00,10.04,10.00,13.54,0.0,-1.5708,0.0
BUILDING,1030.00,-20.90,1380.00,10.02,10.00,13.58,0.0,-1.5708,0.0
BUILDING,1030.00,-10.90,1380.00,10.02,10.00,13.58,0.0,-1.5708,0.0
BUILDING,1030.00,-0.90,1380.00,10.02,10.00,13.58,0.0,-1.5708,0.0
BUILDING,1030.00,9.10,1380.00,10.02,10.00,13.58,0.0,-1.5708,0.0
BUILDING,1030.00,19.10,1380.00,10.02,10.00,13.58,0.0,-1.5708,0.0
BUILDING,1030.00,29.10,1380.00,10.02,10.00,13.58,0.0,-1.5708,0.0
BUILDING,1030.00,39.10,1380.00,10.02,10.00,13.58,0.0,-1.5708,0.0
BUILDING,1030.00,49.10,1380.00,10.02,10.00,13.58,0.0,-1.5708,0.0
BUILDING,1030.00,-24.76,1460.00,12.24,10.00,10.54,0.0,-1.5708,0.0
BUILDING,1030.00,-14.76,1460.00,12.24,10.00,10.54,0.0,-1.5708,0.0
BUILDING,1030.00,-4.76,1460.00,12.24,10.00,10.54,0.0,-1.5708,0.0
BUILDING,1030.00,5.24,1460.00,12.24,10.00,10.54,0.0,-1.5708,0.0
BUILDING,1030.00,15.24,1460.00,12.24,10.00,10.54,0.0,-1.5708,0.0
BUILDING,1030.00,25.24,1460.00,12.24,10.00,10.54,0.0,-1.5708,0.0
BUILDING,1030.00,-28.60,1540.00,11.35,10.00,13.20,0.0,-1.5708,0.0
BUILDING,1030.00,-18.60,1540.00,11.35,10.00,13.20,0.0,-1.5708,0.0
BUILDING,1030.00,-8.60,1540.00,11.35,10.00,13.20,0.0,-1.5708,0.0
BUILDING,1030.00,1.40,1540.00,11.35,10.00,13.20,0.0,-1.5708,0.0
BUILDING,1030.00,11.40,1540.00,11.35,10.00,13.20,0.0,-1.5708,0.0
BUILDING,1030.00,-17.04,580.00,9.23,10.00,13.32,0.0,-1.5708,0.0
BUILDING,1030.00,-7.04,580.00,9.23,10.00,13.32,0.0,-1.5708,0.0
BUILDING,1030.00,2.96,580.00,9.23,10.00,13.32,0.0,-1.5708,0.0
BUILDING,1030.00,12.96,580.00,9.23,10.00,13.32,0.0,-1.5708,0.0
BUILDING,1030.00,22.96,580.00,9.23,10.00,13.32,0.0,-1.5708,0.0
BUILDING,1030.00,32.96,580.00,9.23,10.00,13.32,0.0,-1.5708,0.0
BUILDING,1030.00,42.96,580.00,9.23,10.00,13.32,0.0,-1.5708,0.0
BUILDING,1030.00,52.96,580.00,9.23,10.00,13.32,0.0,-1.5708,0.0
BUILDING,1030.00,-31.50,1620.00,13.67,10.00,11.90,0.0,-1.5708,0.0
BUILDING,1030.00,-21.50,1620.00,13.67,10.00,11.90,0.0,-1.5708,0.0
BUILDING,1030.00,-11.50,1620.00,13.67,10.00,11.90,0.0,-1.5708,0.0
BUILDING,1030.00,-20.06,500.00,10.15,10.00,11.85,0.0,-1.5708,0.0
BUILDING,1030.00,-10.06,500.00,10.15,10.00,11.85,0.0,-1.5708,0.0
BUILDING,1030.00,-0.06,500.00,10.15,10.00,11.85,0.0,-1.5708,0.0
BUILDING,1030.00,9.94,500.00,10.15,10.00,11.85,0.0,-1.5708,0.0
BUILDING,1030.00,19.94,500.00,10.15,10.00,11.85,0.0,-1.5708,0.0
BUILDING,1030.00,-32.72,1700.00,10.69,10.00,12.82,0.0,-1.5708,0.0
BUILDING,1030.00,-22.72,1700.00,10.69,10.00,12.82,0.0,-1.5708,0.0
BUILDING,1030.00,-12.72,1700.00,10.69,10.00,12.82,0.0,-1.5708,0.0
BUILDING,1030.00,-28.26,340.00,12.97,10.00,9.85,0.0,-1.5708,0.0
BUILDING,1030.00,-18.26,340.00,12.97,10.00,9.85,0.0,-1.5708,0.0
BUILDING,1030.00,-8.26,340.00,12.97,10.00,9.85,0.0,-1.5708,0.0
BUILDING,1030.00,1.74,340.00,12.97,10.00,9.85,0.0,-1.5708,0.0
BUILDING,1030.00,11.74,340.00,12.97,10.00,9.85,0.0,-1.5708,0.0
BUILDING,1030.00,-29.13,1860.00,13.95,10.00,13.79,0.0,-1.5708,0.0
BUILDING,1030.00,-19.13,1860.00,13.95,10.00,13.79,0.0,-1.5708,0.0
BUILDING,1030.00,-9.13,1860.00,13.95,10.00,13.79,0.0,-1.5708,0.0
BUILDING,1030.00,0.87,1860.00,13.95,10.00,13.79,0.0,-1.5708,0.0
BUILDING,1030.00,-25.16,1940.00,9.24,10.00,9.03,0.0,-1.5708,0.0
BUILDING,1030.00,-15.16,1940.00,9.24,10.00,9.03,0.0,-1.5708,0.0
BUILDING,1030.00,-5.16,1940.00,9.24,10.00,9.03,0.0,-1.5708,0.0
BUILDING,1030.00,4.84,1940.00,9.24,10.00,9.03,0.0,-1.5708,0.0
BUILDING,1030.00,14.84,1940.00,9.24,10.00,9.03,0.0,-1.5708,0.0
BUILDING,1030.00,24.84,1940.00,9.24,10.00,9.03,0.0,-1.5708,0.0
BUILDING,1030.00,-34.18,180.00,12.54,10.00,9.05,0.0,-1.5708,0.0
BUILDING,1030.00,-20.97,2020.00,12.19,10.00,13.67,0.0,-1.5708,0.0
BUILDING,1030.00,-10.97,2020.00,12.19,10.00,13.67,0.0,-1.5708,0.0
BUILDING,1030.00,-0.97,2020.00,12.19,10.00,13.67,0.0,-1.5708,0.0
BUILDING,1030.00,9.03,2020.00,12.19,10.00,13.67,0.0,-1.5708,0.0
BUILDING,1030.00,19.03,2020.00,12.19,10.00,13.67,0.0,-1.5708,0.0
BUILDING,1030.00,29.03,2020.00,12.19,10.00,13.67,0.0,-1.5708,0.0
BUILDING,1030.00,39.03,2020.00,12.19,10.00,13.67,0.0,-1.5708,0.0
BUILDING,1110.00,-14.92,900.00,11.68,10.00,10.43,0.0,-1.5708,0.0
BUILDING,1110.00,-4.92,900.00,11.68,10.00,10.43,0.0,-1.5708,0.0
BUILDING,1110.00,5.08,900.00,11.68,10.00,10.43,0.0,-1.5708,0.0
BUILDING,1110.00,-17.02,1300.00,13.03,10.00,13.55,0.0,-1.5708,0.0
BUILDING,1110.00,-7.02,1300.00,13.03,10.00,13.55,0.0,-1.5708,0.0
BUILDING,1110.00,2.98,1300.00,13.03,10.00,13.55,0.0,-1.5708,0.0
BUILDING,1110.00,-14.84,820.00,10.20,10.00,12.10,0.0,-1.5708,0.0
BUILDING,1110.00,-4.84,820.00,10.20,10.00,12.10,0.0,-1.5708,0.0
BUILDING,1110.00,5.16,820.00,10.20,10.00,12.10,0.0,-1.5708,0.0
BUILDING,1110.00,15.16,820.00,10.20,10.00,12.10,0.0,-1.5708,0.0
BUILDING,1110.00,25.16,820.00,10.20,10.00,12.10,0.0,-1.5708,0.0
BUILDING,1110.00,35.16,820.00,10.20,10.00,12.10,0.0,-1.5708,0.0
BUILDING,1110.00,45.16,820.00,10.20,10.00,12.10,0.0,-1.5708,0.0
BUILDING,1110.00,-19.65,1380.00,9.40,10.00,13.80,0.0,-1.5708,0.0
BUILDING,1110.00,-9.65,1380.00,9.40,10.00,13.80,0.0,-1.5708,0.0
BUILDING,1110.00,0.35,1380.00,9.40,10.00,13.80,0.0,-1.5708,0.0
BUILDING,1110.00,10.35,1380.00,9.40,10.00,13.80,0.0,-1.5708,0.0
BUILDING,1110.00,20.35,1380.00,9.40,10.00,13.80,0.0,-1.5708,0.0
BUILDING,1110.00,30.35,1380.00,9.40,10.00,13.80,0.0,-1.5708,0.0
BUILDING,1110.00,40.35,1380.00,9.40,10.00,13.80,0.0,-1.5708,0.0
BUILDING,1110.00,-15.17,740.00,10.13,10.00,12.42,0.0,-1.5708,0.0
BUILDING,1110.00,-5.17,740.00,10.13,10.00,12.42,0.0,-1.5708,0.0
BUILDING,1110.00,4.83,740.00,10.13,10.00,12.42,0.0,-1.5708,0.0
BUILDING,1110.00,14.83,740.00,10.13,10.00,12.42,0.0,-1.5708,0.0
BUILDING,1110.00,24.83,740.00,10.13,10.00,12.42,0.0,-1.5708,0.0
BUILDING,1110.00,34.83,740.00,10.13,10.00,12.42,0.0,-1.5708,0.0
BUILDING,1110.00,44.83,740.00,10.13,10.00,12.42,0.0,-1.5708,0.0
BUILDING,1110.00,54.83,740.00,10.13,10.00,12.42,0.0,-1.5708,0.0
BUILDING,1110.00,64.83,740.00,10.13,10.00,12.42,0.0,-1.5708,0.0
BUILDING,1110.00,74.83,740.00,10.13,10.00,12.42,0.0,-1.5708,0.0
BUILDING,1110.00,-23.27,1460.00,12.80,10.00,9.47,0.0,-1.5708,0.0
BUILDING,1110.00,-13.27,1460.00,12.80,10.00,9.47,0.0,-1.5708,0.0
BUILDING,1110.00,-3.27,1460.00,12.80,10.00,9.47,0.0,-1.5708,0.0
BUILDING,1110.00,6.73,1460.00,12.80,10.00,9.47,0.0,-1.5708,0.0
BUILDING,1110.00,16.73,1460.00,12.80,10.00,9.47,0.0,-1.5708,0.0
BUILDING,1110.00,26.73,1460.00,12.80,10.00,9.47,0.0,-1.5708,0.0
BUILDING,1110.00,36.73,1460.00,12.80,10.00,9.47,0.0,-1.5708,0.0
BUILDING,1110.00,-16.24,660.00,12.18,10.00,12.51,0.0,-1.5708,0.0
BUILDING,1110.00,-6.24,660.00,12.18,10.00,12.51,0.0,-1.5708,0.0
BUILDING,1110.00,3.76,660.00,12.18,10.00,12.51,0.0,-1.5708,0.0
BUILDING,1110.00,13.76,660.00,12.18,10.00,12.51,0.0,-1.5708,0.0
BUILDING,1110.00,23.76,660.00,12.18,10.00,12.51,0.0,-1.5708,0.0
BUILDING,1110.00,-18.21,580.00,11.83,10.00,13.29,0.0,-1.5708,0.0
BUILDING,1110.00,-8.21,580.00,11.83,10.00,13.29,0.0,-1.5708,0.0
BUILDING,1110.00,1.79,580.00,11.83,10.00,13.29,0.0,-1.5708,0.0
BUILDING,1110.00,11.79,580.00,11.83,10.00,13.29,0.0,-1.5708,0.0
BUILDING,1110.00,21.79,580.00,11.83,10.00,13.29,0.0,-1.5708,0.0
BUILDING,1110.00,31.79,580.00,11.83,10.00,13.29,0.0,-1.5708,0.0
BUILDING,1110.00,-30.82,1620.00,10.15,10.00,13.51,0.0,-1.5708,0.0
BUILDING,1110.00,-20.92,500.00,9.23,10.00,9.37,0.0,-1.5708,0.0
BUILDING,1110.00,-10.92,500.00,9.23,10.00,9.37,0.0,-1.5708,0.0
BUILDING,1110.00,-0.92,500.00,9.23,10.00,9.37,0.0,-1.5708,0.0
BUILDING,1110.00,9.08,500.00,9.23,10.00,9.37,0.0,-1.5708,0.0
BUILDING,1110.00,19.08,500.00,9.23,10.00,9.37,0.0,-1.5708,0.0
BUILDING,1110.00,-23.98,420.00,9.90,10.00,13.25,0.0,-1.5708,0.0
BUILDING,1110.00,-13.98,420.00,9.90,10.00,13.25,0.0,-1.5708,0.0
ENEMY,1104.66,8.51,556.00,3.8,3.8,3.8,0.0,0.0,0.0
BUILDING,1110.00,-28.82,260.00,10.20,10.00,13.17,0.0,-1.5708,0.0
BUILDING,1110.00,-18.82,260.00,10.20,10.00,13.17,0.0,-1.5708,0.0
BUILDING,1110.00,-8.82,260.00,10.20,10.00,13.17,0.0,-1.5708,0.0
BUILDING,1110.00,1.18,260.00,10.20,10.00,13.17,0.0,-1.5708,0.0
BUILDING,1110.00,-29.72,180.00,9.70,10.00,13.94,0.0,-1.5708,0.0
BUILDING,1110.00,-19.72,180.00,9.70,10.00,13.94,0.0,-1.5708,0.0
BUILDING,1110.00,-9.72,180.00,9.70,10.00,13.94,0.0,-1.5708,0.0
BUILDING,1110.00,0.28,180.00,9.70,10.00,13.94,0.0,-1.5708,0.0
BUILDING,1110.00,10.28,180.00,9.70,10.00,13.94,0.0,-1.5708,0.0
BUILDING,1110.00,-22.13,2020.00,9.27,10.00,11.19,0.0,-1.5708,0.0
BUILDING,1110.00,-12.13,2020.00,9.27,10.00,11.19,0.0,-1.5708,0.0
BUILDING,1110.00,-2.13,2020.00,9.27,10.00,11.19,0.0,-1.5708,0.0
BUILDING,1110.00,7.87,2020.00,9.27,10.00,11.19,0.0,-1.5708,0.0
BUILDING,1110.00,17.87,2020.00,9.27,10.00,11.19,0.0,-1.5708,0.0
BUILDING,1190.00,-16.25,1300.00,12.92,10.00,11.25,0.0,-1.5708,0.0
BUILDING,1190.00,-6.25,1300.00,12.92,10.00,11.25,0.0,-1.5708,0.0
BUILDING,1190.00,-15.18,820.00,11.16,10.00,12.40,0.0,-1.5708,0.0
BUILDING,1190.00,-5.18,820.00,11.16,10.00,12.40,0.0,-1.5708,0.0
BUILDING,1190.00,4.82,820.00,11.16,10.00,12.40,0.0,-1.5708,0.0
BUILDING,1190.00,14.82,820.00,11.16,10.00,12.40,0.0,-1.5708,0.0
BUILDING,1190.00,24.82,820.00,11.16,10.00,12.40,0.0,-1.5708,0.0
BUILDING,1190.00,34.82,820.00,11.16,10.00,12.40,0.0,-1.5708,0.0
BUILDING,1190.00,44.82,820.00,11.16,10.00,12.40,0.0,-1.5708,0.0
BUILDING,1190.00,54.82,820.00,11.16,10.00,12.40,0.0,-1.5708,0.0
BUILDING,1190.00,-18.15,1380.00,10.48,10.00,10.23,0.0,-1.5708,0.0
BUILDING,1190.00,-8.15,1380.00,10.48,10.00,10.23,0.0,-1.5708,0.0
BUILDING,1190.00,1.85,1380.00,10.48,10.00,10.23,0.0,-1.5708,0.0
BUILDING,1190.00,11.85,1380.00,10.48,10.00,10.23,0.0,-1.5708,0.0
BUILDING,1190.00,21.85,1380.00,10.48,10.00,10.23,0.0,-1.5708,0.0
BUILDING,1190.00,31.85,1380.00,10.48,10.00,10.23,0.0,-1.5708,0.0
BUILDING,1190.00,41.85,1380.00,10.48,10.00,10.23,0.0,-1.5708,0.0
BUILDING,1190.00,51.85,1380.00,10.48,10.00,10.23,0.0,-1.5708,0.0
BUILDING,1190.00,-15.73,740.00,12.56,10.00,12.17,0.0,-1.5708,0.0
BUILDING,1190.00,-5.73,740.00,12.56,10.00,12.17,0.0,-1.5708,0.0
BUILDING,1190.00,4.27,740.00,12.56,10.00,12.17,0.0,-1.5708,0.0
BUILDING,1190.00,14.27,740.00,12.56,10.00,12.17,0.0,-1.5708,0.0
BUILDING,1190.00,24.27,740.00,12.56,10.00,12.17,0.0,-1.5708,0.0
BUILDING,1190.00,34.27,740.00,12.56,10.00,12.17,0.0,-1.5708,0.0
BUILDING,1190.00,44.27,740.00,12.56,10.00,12.17,0.0,-1.5708,0.0
BUILDING,1190.00,54.27,740.00,12.56,10.00,12.17,0.0,-1.5708,0.0
BUILDING,1190.00,-21.04,1460.00,9.46,10.00,13.71,0.0,-1.5708,0.0
BUILDING,1190.00,-11.04,1460.00,9.46,10.00,13.71,0.0,-1.5708,0.0
BUILDING,1190.00,-1.04,1460.00,9.46,10.00,13.71,0.0,-1.5708,0.0
BUILDING,1190.00,-24.63,1540.00,9.94,10.00,11.24,0.0,-1.5708,0.0
BUILDING,1190.00,-14.63,1540.00,9.94,10.00,11.24,0.0,-1.5708,0.0
BUILDING,1190.00,-18.19,580.00,9.45,10.00,11.77,0.0,-1.5708,0.0
BUILDING,1190.00,-8.19,580.00,9.45,10.00,11.77,0.0,-1.5708,0.0
BUILDING,1190.00,1.81,580.00,9.45,10.00,11.77,0.0,-1.5708,0.0
BUILDING,1190.00,11.81,580.00,9.45,10.00,11.77,0.0,-1.5708,0.0
BUILDING,1190.00,-31.05,1700.00,10.94,10.00,9.42,0.0,-1.5708,0.0
BUILDING,1190.00,-21.05,1700.00,10.94,10.00,9.42,0.0,-1.5708,0.0
BUILDING,1190.00,-22.58,340.00,12.43,10.00,9.85,0.0,-1.5708,0.0
BUILDING,1190.00,-12.58,340.00,12.43,10.00,9.85,0.0,-1.5708,0.0
BUILDING,1190.00,-2.58,340.00,12.43,10.00,9.85,0.0,-1.5708,0.0
BUILDING,1190.00,-31.27,1860.00,9.32,10.00,11.17,0.0,-1.5708,0.0
BUILDING,1190.00,-23.27,260.00,10.81,10.00,13.72,0.0,-1.5708,0.0
BUILDING,1190.00,-13.27,260.00,10.81,10.00,13.72,0.0,-1.5708,0.0
BUILDING,1190.00,-28.21,1940.00,9.98,10.00,9.53,0.0,-1.5708,0.0
BUILDING,1190.00,-18.21,1940.00,9.98,10.00,9.53,0.0,-1.5708,0.0
BUILDING,1190.00,-8.21,1940.00,9.98,10.00,9.53,0.0,-1.5708,0.0
BUILDING,1190.00,1.79,1940.00,9.98,10.00,9.53,0.0,-1.5708,0.0
BUILDING,1190.00,-23.69,2020.00,10.90,10.00,13.31,0.0,-1.5708,0.0
BUILDING,1190.00,-13.69,2020.00,10.90,10.00,13.31,0.0,-1.5708,0.0
BUILDING,1190.00,-3.69,2020.00,10.90,10.00,13.31,0.0,-1.5708,0.0
BUILDING,1190.00,6.31,2020.00,10.90,10.00,13.31,0.0,-1.5708,0.0
BUILDING,1190.00,16.31,2020.00,10.90,10.00,13.31,0.0,-1.5708,0.0
BUILDING,1190.00,26.31,2020.00,10.90,10.00,13.31,0.0,-1.5708,0.0
BUILDING,1270.00,-15.17,900.00,11.40,10.00,9.89,0.0,-1.5708,0.0
BUILDING,1270.00,-15.68,1300.00,13.84,10.00,12.91,0.0,-1.5708,0.0
BUILDING,1270.00,-5.68,1300.00,13.84,10.00,12.91,0.0,-1.5708,0.0
BUILDING,1270.00,4.32,1300.00,13.84,10.00,12.91,0.0,-1.5708,0.0
BUILDING,1270.00,-15.40,820.00,10.83,10.00,13.66,0.0,-1.5708,0.0
BUILDING,1270.00,-5.40,820.00,10.83,10.00,13.66,0.0,-1.5708,0.0
BUILDING,1270.00,4.60,820.00,10.83,10.00,13.66,0.0,-1.5708,0.0
BUILDING,1270.00,14.60,820.00,10.83,10.00,13.66,0.0,-1.5708,0.0
BUILDING,1270.00,24.60,820.00,10.83,10.00,13.66,0.0,-1.5708,0.0
BUILDING,1270.00,34.60,820.00,10.83,10.00,13.66,0.0,-1.5708,0.0
BUILDING,1270.00,44.60,820.00,10.83,10.00,13.66,0.0,-1.5708,0.0
BUILDING,1270.00,54.60,820.00,10.83,10.00,13.66,0.0,-1.5708,0.0
BUILDING,1270.00,-15.75,740.00,9.13,10.00,12.64,0.0,-1.5708,0.0
BUILDING,1270.00,-5.75,740.00,9.13,10.00,12.64,0.0,-1.5708,0.0
BUILDING,1270.00,4.25,740.00,9.13,10.00,12.64,0.0,-1.5708,0.0
BUILDING,1270.00,14.25,740.00,9.13,10.00,12.64,0.0,-1.5708,0.0
BUILDING,1270.00,24.25,740.00,9.13,10.00,12.64,0.0,-1.5708,0.0
BUILDING,1270.00,34.25,740.00,9.13,10.00,12.64,0.0,-1.5708,0.0
BUILDING,1270.00,44.25,740.00,9.13,10.00,12.64,0.0,-1.5708,0.0
BUILDING,1270.00,54.25,740.00,9.13,10.00,12.64,0.0,-1.5708,0.0
BUILDING,1270.00,64.25,740.00,9.13,10.00,12.64,0.0,-1.5708,0.0
BUILDING,1270.00,-18.71,1460.00,13.16,10.00,9.35,0.0,-1.5708,0.0
BUILDING,1270.00,-8.71,1460.00,13.16,10.00,9.35,0.0,-1.5708,0.0
BUILDING,1270.00,1.29,1460.00,13.16,10.00,9.35,0.0,-1.5708,0.0
BUILDING,1270.00,11.29,1460.00,13.16,10.00,9.35,0.0,-1.5708,0.0
BUILDING,1270.00,21.29,1460.00,13.16,10.00,9.35,0.0,-1.5708,0.0
BUILDING,1270.00,31.29,1460.00,13.16,10.00,9.35,0.0,-1.5708,0.0
BUILDING,1270.00,-21.33,1540.00,12.17,10.00,10.21,0.0,-1.5708,0.0
BUILDING,1270.00,-11.33,1540.00,12.17,10.00,10.21,0.0,-1.5708,0.0
BUILDING,1270.00,-1.33,1540.00,12.17,10.00,10.21,0.0,-1.5708,0.0
BUILDING,1270.00,8.67,1540.00,12.17,10.00,10.21,0.0,-1.5708,0.0
BUILDING,1270.00,-16.56,500.00,11.40,10.00,11.00,0.0,-1.5708,0.0
BUILDING,1270.00,-6.56,500.00,11.40,10.00,11.00,0.0,-1.5708,0.0
BUILDING,1270.00,3.44,500.00,11.40,10.00,11.00,0.0,-1.5708,0.0
BUILDING,1270.00,13.44,500.00,11.40,10.00,11.00,0.0,-1.5708,0.0
BUILDING,1270.00,23.44,500.00,11.40,10.00,11.00,0.0,-1.5708,0.0
BUILDING,1270.00,33.44,500.00,11.40,10.00,11.00,0.0,-1.5708,0.0
BUILDING,1270.00,43.44,500.00,11.40,10.00,11.00,0.0,-1.5708,0.0
BUILDING,1270.00,53.44,500.00,11.40,10.00,11.00,0.0,-1.5708,0.0
BUILDING,1270.00,63.44,500.00,11.40,10.00,11.00,0.0,-1.5708,0.0
BUILDING,1270.00,-16.54,420.00,9.18,10.00,13.84,0.0,-1.5708,0.0
BUILDING,1270.00,-6.54,420.00,9.18,10.00,13.84,0.0,-1.5708,0.0
BUILDING,1270.00,3.46,420.00,9.18,10.00,13.84,0.0,-1.5708,0.0
BUILDING,1270.00,13.46,420.00,9.18,10.00,13.84,0.0,-1.5708,0.0
BUILDING,1270.00,23.46,420.00,9.18,10.00,13.84,0.0,-1.5708,0.0
BUILDING,1270.00,33.46,420.00,9.18,10.00,13.84,0.0,-1.5708,0.0
BUILDING,1270.00,43.46,420.00,9.18,10.00,13.84,0.0,-1.5708,0.0
BUILDING,1270.00,53.46,420.00,9.18,10.00,13.84,0.0,-1.5708,0.0
BUILDING,1270.00,63.46,420.00,9.18,10.00,13.84,0.0,-1.5708,0.0
BUILDING,1270.00,-16.52,340.00,9.55,10.00,10.24,0.0,-1.5708,0.0
BUILDING,1270.00,-6.52,340.00,9.55,10.00,10.24,0.0,-1.5708,0.0
BUILDING,1270.00,3.48,340.00,9.55,10.00,10.24,0.0,-1.5708,0.0
BUILDING,1270.00,13.48,340.00,9.55,10.00,10.24,0.0,-1.5708,0.0
BUILDING,1270.00,23.48,340.00,9.55,10.00,10.24,0.0,-1.5708,0.0
BUILDING,1270.00,-29.06,1860.00,9.22,10.00,13.92,0.0,-1.5708,0.0
BUILDING,1270.00,-19.06,1860.00,9.22,10.00,13.92,0.0,-1.5708,0.0
BUILDING,1270.00,-9.06,1860.00,9.22,10.00,13.92,0.0,-1.5708,0.0
BUILDING,1270.00,0.94,1860.00,9.22,10.00,13.92,0.0,-1.5708,0.0
BUILDING,1270.00,-16.71,260.00,13.83,10.00,11.15,0.0,-1.5708,0.0
BUILDING,1270.00,-6.71,260.00,13.83,10.00,11.15,0.0,-1.5708,0.0
BUILDING,1270.00,3.29,260.00,13.83,10.00,11.15,0.0,-1.5708,0.0
BUILDING,1270.00,13.29,260.00,13.83,10.00,11.15,0.0,-1.5708,0.0
BUILDING,1270.00,23.29,260.00,13.83,10.00,11.15,0.0,-1.5708,0.0
BUILDING,1270.00,33.29,260.00,13.83,10.00,11.15,0.0,-1.5708,0.0
BUILDING,1270.00,43.29,260.00,13.83,10.00,11.15,0.0,-1.5708,0.0
ENEMY,1270.16,66.40,428.00,3.8,3.8,3.8,0.0,0.0,0.0
BUILDING,1270.00,-27.38,1940.00,12.44,10.00,10.11,0.0,-1.5708,0.0
BUILDING,1270.00,-17.38,1940.00,12.44,10.00,10.11,0.0,-1.5708,0.0
BUILDING,1270.00,-7.38,1940.00,12.44,10.00,10.11,0.0,-1.5708,0.0
BUILDING,1270.00,2.62,1940.00,12.44,10.00,10.11,0.0,-1.5708,0.0
BUILDING,1270.00,12.62,1940.00,12.44,10.00,10.11,0.0,-1.5708,0.0
BUILDING,1270.00,-17.30,180.00,11.94,10.00,11.50,0.0,-1.5708,0.0
BUILDING,1270.00,-7.30,180.00,11.94,10.00,11.50,0.0,-1.5708,0.0
BUILDING,1270.00,2.70,180.00,11.94,10.00,11.50,0.0,-1.5708,0.0
BUILDING,1270.00,12.70,180.00,11.94,10.00,11.50,0.0,-1.5708,0.0
BUILDING,1270.00,22.70,180.00,11.94,10.00,11.50,0.0,-1.5708,0.0
BUILDING,1270.00,32.70,180.00,11.94,10.00,11.50,0.0,-1.5708,0.0
BUILDING,1270.00,42.70,180.00,11.94,10.00,11.50,0.0,-1.5708,0.0
BUILDING,1270.00,52.70,180.00,11.94,10.00,11.50,0.0,-1.5708,0.0
BUILDING,1270.00,62.70,180.00,11.94,10.00,11.50,0.0,-1.5708,0.0
BUILDING,1270.00,72.70,180.00,11.94,10.00,11.50,0.0,-1.5708,0.0
BUILDING,1270.00,-24.06,2020.00,10.48,10.00,13.60,0.0,-1.5708,0.0
BUILDING,1270.00,-14.06,2020.00,10.48,10.00,13.60,0.0,-1.5708,0.0
BUILDING,1350.00,-15.10,980.00,11.28,10.00,10.03,0.0,-1.5708,0.0
BUILDING,1350.00,-5.10,980.00,11.28,10.00,10.03,0.0,-1.5708,0.0
BUILDING,1350.00,-15.14,1220.00,12.61,10.00,11.26,0.0,-1.5708,0.0
BUILDING,1350.00,-5.14,1220.00,12.61,10.00,11.26,0.0,-1.5708,0.0
BUILDING,1350.00,4.86,1220.00,12.61,10.00,11.26,0.0,-1.5708,0.0
BUILDING,1350.00,-15.20,900.00,9.11,10.00,10.72,0.0,-1.5708,0.0
BUILDING,1350.00,-14.84,740.00,9.80,10.00,11.80,0.0,-1.5708,0.0
BUILDING,1350.00,-4.84,740.00,9.80,10.00,11.80,0.0,-1.5708,0.0
BUILDING,1350.00,5.16,740.00,9.80,10.00,11.80,0.0,-1.5708,0.0
BUILDING,1350.00,15.16,740.00,9.80,10.00,11.80,0.0,-1.5708,0.0
BUILDING,1350.00,25.16,740.00,9.80,10.00,11.80,0.0,-1.5708,0.0
BUILDING,1350.00,35.16,740.00,9.80,10.00,11.80,0.0,-1.5708,0.0
BUILDING,1350.00,45.16,740.00,9.80,10.00,11.80,0.0,-1.5708,0.0
BUILDING,1350.00,55.16,740.00,9.80,10.00,11.80,0.0,-1.5708,0.0
BUILDING,1350.00,65.16,740.00,9.80,10.00,11.80,0.0,-1.5708,0.0
BUILDING,1350.00,75.16,740.00,9.80,10.00,11.80,0.0,-1.5708,0.0
BUILDING,1350.00,-16.88,1460.00,12.15,10.00,9.93,0.0,-1.5708,0.0
BUILDING,1350.00,-6.88,1460.00,12.15,10.00,9.93,0.0,-1.5708,0.0
BUILDING,1350.00,3.12,1460.00,12.15,10.00,9.93,0.0,-1.5708,0.0
BUILDING,1350.00,13.12,1460.00,12.15,10.00,9.93,0.0,-1.5708,0.0
BUILDING,1350.00,23.12,1460.00,12.15,10.00,9.93,0.0,-1.5708,0.0
BUILDING,1350.00,33.12,1460.00,12.15,10.00,9.93,0.0,-1.5708,0.0
BUILDING,1350.00,43.12,1460.00,12.15,10.00,9.93,0.0,-1.5708,0.0
BUILDING,1350.00,53.12,1460.00,12.15,10.00,9.93,0.0,-1.5708,0.0
BUILDING,1350.00,-14.11,660.00,12.07,10.00,9.99,0.0,-1.5708,0.0
BUILDING,1350.00,-4.11,660.00,12.07,10.00,9.99,0.0,-1.5708,0.0
BUILDING,1350.00,5.89,660.00,12.07,10.00,9.99,0.0,-1.5708,0.0
BUILDING,1350.00,15.89,660.00,12.07,10.00,9.99,0.0,-1.5708,0.0
BUILDING,1350.00,25.89,660.00,12.07,10.00,9.99,0.0,-1.5708,0.0
BUILDING,1350.00,35.89,660.00,12.07,10.00,9.99,0.0,-1.5708,0.0
BUILDING,1350.00,45.89,660.00,12.07,10.00,9.99,0.0,-1.5708,0.0
BUILDING,1350.00,55.89,660.00,12.07,10.00,9.99,0.0,-1.5708,0.0
BUILDING,1350.00,65.89,660.00,12.07,10.00,9.99,0.0,-1.5708,0.0
BUILDING,1350.00,75.89,660.00,12.07,10.00,9.99,0.0,-1.5708,0.0
BUILDING,1350.00,85.89,660.00,12.07,10.00,9.99,0.0,-1.5708,0.0
BUILDING,1350.00,-18.26,1540.00,10.07,10.00,10.39,0.0,-1.5708,0.0
BUILDING,1350.00,-8.26,1540.00,10.07,10.00,10.39,0.0,-1.5708,0.0
BUILDING,1350.00,1.74,1540.00,10.07,10.00,10.39,0.0,-1.5708,0.0
BUILDING,1350.00,11.74,1540.00,10.07,10.00,10.39,0.0,-1.5708,0.0
BUILDING,1350.00,21.74,1540.00,10.07,10.00,10.39,0.0,-1.5708,0.0
BUILDING,1350.00,31.74,1540.00,10.07,10.00,10.39,0.0,-1.5708,0.0
BUILDING,1350.00,41.74,1540.00,10.07,10.00,10.39,0.0,-1.5708,0.0
BUILDING,1350.00,51.74,1540.00,10.07,10.00,10.39,0.0,-1.5708,0.0
BUILDING,1350.00,61.74,1540.00,10.07,10.00,10.39,0.0,-1.5708,0.0
BUILDING,1350.00,-20.03,1620.00,9.93,10.00,10.63,0.0,-1.5708,0.0
BUILDING,1350.00,-10.03,1620.00,9.93,10.00,10.63,0.0,-1.5708,0.0
BUILDING,1350.00,-0.03,1620.00,9.93,10.00,10.63,0.0,-1.5708,0.0
BUILDING,1350.00,9.97,1620.00,9.93,10.00,10.63,0.0,-1.5708,0.0
BUILDING,1350.00,19.97,1620.00,9.93,10.00,10.63,0.0,-1.5708,0.0
BUILDING,1350.00,29.97,1620.00,9.93,10.00,10.63,0.0,-1.5708,0.0
BUILDING,1350.00,39.97,1620.00,9.93,10.00,10.63,0.0,-1.5708,0.0
BUILDING,1350.00,-11.70,500.00,11.64,10.00,12.20,0.0,-1.5708,0.0
BUILDING,1350.00,-1.70,500.00,11.64,10.00,12.20,0.0,-1.5708,0.0
BUILDING,1350.00,8.30,500.00,11.64,10.00,12.20,0.0,-1.5708,0.0
BUILDING,1350.00,18.30,500.00,11.64,10.00,12.20,0.0,-1.5708,0.0
BUILDING,1350.00,28.30,500.00,11.64,10.00,12.20,0.0,-1.5708,0.0
BUILDING,1350.00,38.30,500.00,11.64,10.00,12.20,0.0,-1.5708,0.0
BUILDING,1350.00,48.30,500.00,11.64,10.00,12.20,0.0,-1.5708,0.0
BUILDING,1350.00,58.30,500.00,11.64,10.00,12.20,0.0,-1.5708,0.0
BUILDING,1350.00,68.30,500.00,11.64,10.00,12.20,0.0,-1.5708,0.0
BUILDING,1350.00,78.30,500.00,11.64,10.00,12.20,0.0,-1.5708,0.0
BUILDING,1350.00,-21.93,1700.00,9.57,10.00,10.76,0.0,-1.5708,0.0
BUILDING,1350.00,-11.93,1700.00,9.57,10.00,10.76,0.0,-1.5708,0.0
BUILDING,1350.00,-1.93,1700.00,9.57,10.00,10.76,0.0,-1.5708,0.0
BUILDING,1350.00,8.07,1700.00,9.57,10.00,10.76,0.0,-1.5708,0.0
BUILDING,1350.00,18.07,1700.00,9.57,10.00,10.76,0.0,-1.5708,0.0
BUILDING,1350.00,28.07,1700.00,9.57,10.00,10.76,0.0,-1.5708,0.0
BUILDING,1350.00,38.07,1700.00,9.57,10.00,10.76,0.0,-1.5708,0.0
BUILDING,1350.00,-10.63,420.00,12.53,10.00,10.49,0.0,-1.5708,0.0
BUILDING,1350.00,-0.63,420.00,12.53,10.00,10.49,0.0,-1.5708,0.0
BUILDING,1350.00,9.37,420.00,12.53,10.00,10.49,0.0,-1.5708,0.0
BUILDING,1350.00,19.37,420.00,12.53,10.00,10.49,0.0,-1.5708,0.0
BUILDING,1350.00,29.37,420.00,12.53,10.00,10.49,0.0,-1.5708,0.0
BUILDING,1350.00,39.37,420.00,12.53,10.00,10.49,0.0,-1.5708,0.0
BUILDING,1350.00,49.37,420.00,12.53,10.00,10.49,0.0,-1.5708,0.0
BUILDING,1350.00,59.37,420.00,12.53,10.00,10.49,0.0,-1.5708,0.0
BUILDING,1350.00,69.37,420.00,12.53,10.00,10.49,0.0,-1.5708,0.0
BUILDING,1350.00,79.37,420.00,12.53,10.00,10.49,0.0,-1.5708,0.0
BUILDING,1350.00,89.37,420.00,12.53,10.00,10.49,0.0,-1.5708,0.0
BUILDING,1350.00,99.37,420.00,12.53,10.00,10.49,0.0,-1.5708,0.0
BUILDING,1350.00,-23.52,1780.00,10.57,10.00,10.19,0.0,-1.5708,0.0
BUILDING,1350.00,-13.52,1780.00,10.57,10.00,10.19,0.0,-1.5708,0.0
BUILDING,1350.00,-3.52,1780.00,10.57,10.00,10.19,0.0,-1.5708,0.0
BUILDING,1350.00,-10.23,340.00,11.55,10.00,11.09,0.0,-1.5708,0.0
BUILDING,1350.00,-0.23,340.00,11.55,10.00,11.09,0.0,-1.5708,0.0
BUILDING,1350.00,9.77,340.00,11.55,10.00,11.09,0.0,-1.5708,0.0
BUILDING,1350.00,19.77,340.00,11.55,10.00,11.09,0.0,-1.5708,0.0
BUILDING,1350.00,29.77,340.00,11.55,10.00,11.09,0.0,-1.5708,0.0
BUILDING,1350.00,39.77,340.00,11.55,10.00,11.09,0.0,-1.5708,0.0
BUILDING,1350.00,49.77,340.00,11.55,10.00,11.09,0.0,-1.5708,0.0
BUILDING,1350.00,59.77,340.00,11.55,10.00,11.09,0.0,-1.5708,0.0
BUILDING,1350.00,-24.29,1860.00,11.43,10.00,11.69,0.0,-1.5708,0.0
BUILDING,1350.00,-14.29,1860.00,11.43,10.00,11.69,0.0,-1.5708,0.0
BUILDING,1350.00,-4.29,1860.00,11.43,10.00,11.69,0.0,-1.5708,0.0
BUILDING,1350.00,-23.82,1940.00,11.45,10.00,9.70,0.0,-1.5708,0.0
BUILDING,1350.00,-13.82,1940.00,11.45,10.00,9.70,0.0,-1.5708,0.0
BUILDING,1350.00,-3.82,1940.00,11.45,10.00,9.70,0.0,-1.5708,0.0
BUILDING,1350.00,-12.70,180.00,13.33,10.00,13.76,0.0,-1.5708,0.0
BUILDING,1350.00,-2.70,180.00,13.33,10.00,13.76,0.0,-1.5708,0.0
BUILDING,1350.00,7.30,180.00,13.33,10.00,13.76,0.0,-1.5708,0.0
BUILDING,1350.00,17.30,180.00,13.33,10.00,13.76,0.0,-1.5708,0.0
BUILDING,1350.00,27.30,180.00,13.33,10.00,13.76,0.0,-1.5708,0.0
BUILDING,1350.00,37.30,180.00,13.33,10.00,13.76,0.0,-1.5708,0.0
BUILDING,1350.00,-22.03,2020.00,13.82,10.00,11.53,0.0,-1.5708,0.0
BUILDING,1350.00,-12.03,2020.00,13.82,10.00,11.53,0.0,-1.5708,0.0
BUILDING,1350.00,-2.03,2020.00,13.82,10.00,11.53,0.0,-1.5708,0.0
BUILDING,1350.00,7.97,2020.00,13.82,10.00,11.53,0.0,-1.5708,0.0
BUILDING,1350.00,17.97,2020.00,13.82,10.00,11.53,0.0,-1.5708,0.0
BUILDING,1350.00,27.97,2020.00,13.82,10.00,11.53,0.0,-1.5708,0.0
BUILDING,1430.00,-14.93,900.00,12.98,10.00,10.10,0.0,-1.5708,0.0
ENEMY,1426.83,7.77,940.00,3.8,3.8,3.8,0.0,0.0,0.0
BUILDING,1430.00,-14.30,820.00,11.75,10.00,9.57,0.0,-1.5708,0.0
BUILDING,1430.00,-4.30,820.00,11.75,10.00,9.57,0.0,-1.5708,0.0
BUILDING,1430.00,5.70,820.00,11.75,10.00,9.57,0.0,-1.5708,0.0
BUILDING,1430.00,15.70,820.00,11.75,10.00,9.57,0.0,-1.5708,0.0
BUILDING,1430.00,25.70,820.00,11.75,10.00,9.57,0.0,-1.5708,0.0
BUILDING,1430.00,35.70,820.00,11.75,10.00,9.57,0.0,-1.5708,0.0
BUILDING,1430.00,45.70,820.00,11.75,10.00,9.57,0.0,-1.5708,0.0
BUILDING,1430.00,55.70,820.00,11.75,10.00,9.57,0.0,-1.5708,0.0
BUILDING,1430.00,65.70,820.00,11.75,10.00,9.57,0.0,-1.5708,0.0
BUILDING,1430.00,-15.94,1460.00,12.80,10.00,11.21,0.0,-1.5708,0.0
BUILDING,1430.00,-5.94,1460.00,12.80,10.00,11.21,0.0,-1.5708,0.0
BUILDING,1430.00,4.06,1460.00,12.80,10.00,11.21,0.0,-1.5708,0.0
BUILDING,1430.00,14.06,1460.00,12.80,10.00,11.21,0.0,-1.5708,0.0
BUILDING,1430.00,24.06,1460.00,12.80,10.00,11.21,0.0,-1.5708,0.0
BUILDING,1430.00,-11.01,660.00,13.15,10.00,12.76,0.0,-1.5708,0.0
BUILDING,1430.00,-1.01,660.00,13.15,10.00,12.76,0.0,-1.5708,0.0
BUILDING,1430.00,8.99,660.00,13.15,10.00,12.76,0.0,-1.5708,0.0
BUILDING,1430.00,18.99,660.00,13.15,10.00,12.76,0.0,-1.5708,0.0
BUILDING,1430.00,28.99,660.00,13.15,10.00,12.76,0.0,-1.5708,0.0
BUILDING,1430.00,38.99,660.00,13.15,10.00,12.76,0.0,-1.5708,0.0
BUILDING,1430.00,48.99,660.00,13.15,10.00,12.76,0.0,-1.5708,0.0
BUILDING,1430.00,58.99,660.00,13.15,10.00,12.76,0.0,-1.5708,0.0
BUILDING,1430.00,68.99,660.00,13.15,10.00,12.76,0.0,-1.5708,0.0
BUILDING,1430.00,78.99,660.00,13.15,10.00,12.76,0.0,-1.5708,0.0
BUILDING,1430.00,88.99,660.00,13.15,10.00,12.76,0.0,-1.5708,0.0
BUILDING,1430.00,98.99,660.00,13.15,10.00,12.76,0.0,-1.5708,0.0
BUILDING,1430.00,-8.66,580.00,13.31,10.00,9.43,0.0,-1.5708,0.0
BUILDING,1430.00,1.34,580.00,13.31,10.00,9.43,0.0,-1.5708,0.0
BUILDING,1430.00,11.34,580.00,13.31,10.00,9.43,0.0,-1.5708,0.0
BUILDING,1430.00,21.34,580.00,13.31,10.00,9.43,0.0,-1.5708,0.0
BUILDING,1430.00,31.34,580.00,13.31,10.00,9.43,0.0,-1.5708,0.0
BUILDING,1430.00,41.34,580.00,13.31,10.00,9.43,0.0,-1.5708,0.0
BUILDING,1430.00,51.34,580.00,13.31,10.00,9.43,0.0,-1.5708,0.0
BUILDING,1430.00,61.34,580.00,13.31,10.00,9.43,0.0,-1.5708,0.0
BUILDING,1430.00,71.34,580.00,13.31,10.00,9.43,0.0,-1.5708,0.0
BUILDING,1430.00,81.34,580.00,13.31,10.00,9.43,0.0,-1.5708,0.0
BUILDING,1430.00,-16.53,1620.00,10.05,10.00,12.69,0.0,-1.5708,0.0
BUILDING,1430.00,-6.53,1620.00,10.05,10.00,12.69,0.0,-1.5708,0.0
BUILDING,1430.00,3.47,1620.00,10.05,10.00,12.69,0.0,-1.5708,0.0
BUILDING,1430.00,13.47,1620.00,10.05,10.00,12.69,0.0,-1.5708,0.0
BUILDING,1430.00,23.47,1620.00,10.05,10.00,12.69,0.0,-1.5708,0.0
BUILDING,1430.00,33.47,1620.00,10.05,10.00,12.69,0.0,-1.5708,0.0
BUILDING,1430.00,-16.99,1700.00,9.83,10.00,9.70,0.0,-1.5708,0.0
BUILDING,1430.00,-6.99,1700.00,9.83,10.00,9.70,0.0,-1.5708,0.0
BUILDING,1430.00,3.01,1700.00,9.83,10.00,9.70,0.0,-1.5708,0.0
BUILDING,1430.00,13.01,1700.00,9.83,10.00,9.70,0.0,-1.5708,0.0
BUILDING,1430.00,23.01,1700.00,9.83,10.00,9.70,0.0,-1.5708,0.0
BUILDING,1430.00,33.01,1700.00,9.83,10.00,9.70,0.0,-1.5708,0.0
BUILDING,1430.00,43.01,1700.00,9.83,10.00,9.70,0.0,-1.5708,0.0
BUILDING,1430.00,53.01,1700.00,9.83,10.00,9.70,0.0,-1.5708,0.0
BUILDING,1430.00,-5.19,420.00,11.85,10.00,11.66,0.0,-1.5708,0.0
BUILDING,1430.00,4.81,420.00,11.85,10.00,11.66,0.0,-1.5708,0.0
BUILDING,1430.00,14.81,420.00,11.85,10.00,11.66,0.0,-1.5708,0.0
BUILDING,1430.00,24.81,420.00,11.85,10.00,11.66,0.0,-1.5708,0.0
BUILDING,1430.00,34.81,420.00,11.85,10.00,11.66,0.0,-1.5708,0.0
BUILDING,1430.00,44.81,420.00,11.85,10.00,11.66,0.0,-1.5708,0.0
BUILDING,1430.00,54.81,420.00,11.85,10.00,11.66,0.0,-1.5708,0.0
BUILDING,1430.00,64.81,420.00,11.85,10.00,11.66,0.0,-1.5708,0.0
BUILDING,1430.00,74.81,420.00,11.85,10.00,11.66,0.0,-1.5708,0.0
BUILDING,1430.00,-17.52,1780.00,10.46,10.00,11.86,0.0,-1.5708,0.0
BUILDING,1430.00,-7.52,1780.00,10.46,10.00,11.86,0.0,-1.5708,0.0
BUILDING,1430.00,2.48,1780.00,10.46,10.00,11.86,0.0,-1.5708,0.0
BUILDING,1430.00,12.48,1780.00,10.46,10.00,11.86,0.0,-1.5708,0.0
BUILDING,1430.00,22.48,1780.00,10.46,10.00,11.86,0.0,-1.5708,0.0
BUILDING,1430.00,32.48,1780.00,10.46,10.00,11.86,0.0,-1.5708,0.0
BUILDING,1430.00,42.48,1780.00,10.46,10.00,11.86,0.0,-1.5708,0.0
BUILDING,1430.00,52.48,1780.00,10.46,10.00,11.86,0.0,-1.5708,0.0
BUILDING,1430.00,62.48,1780.00,10.46,10.00,11.86,0.0,-1.5708,0.0
BUILDING,1430.00,-5.34,340.00,13.08,10.00,9.68,0.0,-1.5708,0.0
BUILDING,1430.00,4.66,340.00,13.08,10.00,9.68,0.0,-1.5708,0.0
BUILDING,1430.00,14.66,340.00,13.08,10.00,9.68,0.0,-1.5708,0.0
BUILDING,1430.00,24.66,340.00,13.08,10.00,9.68,0.0,-1.5708,0.0
BUILDING,1430.00,34.66,340.00,13.08,10.00,9.68,0.0,-1.5708,0.0
BUILDING,1430.00,44.66,340.00,13.08,10.00,9.68,0.0,-1.5708,0.0
BUILDING,1430.00,54.66,340.00,13.08,10.00,9.68,0.0,-1.5708,0.0
BUILDING,1430.00,64.66,340.00,13.08,10.00,9.68,0.0,-1.5708,0.0
BUILDING,1430.00,74.66,340.00,13.08,10.00,9.68,0.0,-1.5708,0.0
BUILDING,1430.00,84.66,340.00,13.08,10.00,9.68,0.0,-1.5708,0.0
BUILDING,1430.00,94.66,340.00,13.08,10.00,9.68,0.0,-1.5708,0.0
BUILDING,1430.00,104.66,340.00,13.08,10.00,9.68,0.0,-1.5708,0.0
BUILDING,1430.00,-17.92,1860.00,13.96,10.00,13.34,0.0,-1.5708,0.0
BUILDING,1430.00,-7.92,1860.00,13.96,10.00,13.34,0.0,-1.5708,0.0
BUILDING,1430.00,2.08,1860.00,13.96,10.00,13.34,0.0,-1.5708,0.0
BUILDING,1430.00,12.08,1860.00,13.96,10.00,13.34,0.0,-1.5708,0.0
BUILDING,1430.00,-17.94,1940.00,10.61,10.00,10.24,0.0,-1.5708,0.0
BUILDING,1430.00,-7.94,1940.00,10.61,10.00,10.24,0.0,-1.5708,0.0
BUILDING,1430.00,2.06,1940.00,10.61,10.00,10.24,0.0,-1.5708,0.0
BUILDING,1430.00,12.06,1940.00,10.61,10.00,10.24,0.0,-1.5708,0.0
BUILDING,1430.00,22.06,1940.00,10.61,10.00,10.24,0.0,-1.5708,0.0
BUILDING,1430.00,32.06,1940.00,10.61,10.00,10.24,0.0,-1.5708,0.0
BUILDING,1430.00,42.06,1940.00,10.61,10.00,10.24,0.0,-1.5708,0.0
BUILDING,1430.00,52.06,1940.00,10.61,10.00,10.24,0.0,-1.5708,0.0
BUILDING,1430.00,62.06,1940.00,10.61,10.00,10.24,0.0,-1.5708,0.0
BUILDING,1430.00,-10.55,180.00,11.89,10.00,10.34,0.0,-1.5708,0.0
BUILDING,1430.00,-0.55,180.00,11.89,10.00,10.34,0.0,-1.5708,0.0
BUILDING,1430.00,9.45,180.00,11.89,10.00,10.34,0.0,-1.5708,0.0
BUILDING,1430.00,19.45,180.00,11.89,10.00,10.34,0.0,-1.5708,0.0
BUILDING,1430.00,29.45,180.00,11.89,10.00,10.34,0.0,-1.5708,0.0
BUILDING,1430.00,39.45,180.00,11.89,10.00,10.34,0.0,-1.5708,0.0
BUILDING,1430.00,49.45,180.00,11.89,10.00,10.34,0.0,-1.5708,0.0
BUILDING,1430.00,59.45,180.00,11.89,10.00,10.34,0.0,-1.5708,0.0
BUILDING,1430.00,-17.37,2020.00,12.97,10.00,12.84,0.0,-1.5708,0.0
BUILDING,1430.00,-7.37,2020.00,12.97,10.00,12.84,0.0,-1.5708,0.0
BUILDING,1430.00,2.63,2020.00,12.97,10.00,12.84,0.0,-1.5708,0.0
BUILDING,1430.00,12.63,2020.00,12.97,10.00,12.84,0.0,-1.5708,0.0
BUILDING,1430.00,22.63,2020.00,12.97,10.00,12.84,0.0,-1.5708,0.0
BUILDING,1430.00,32.63,2020.00,12.97,10.00,12.84,0.0,-1.5708,0.0
BUILDING,1430.00,42.63,2020.00,12.97,10.00,12.84,0.0,-1.5708,0.0
BUILDING,1430.00,52.63,2020.00,12.97,10.00,12.84,0.0,-1.5708,0.0
BUILDING,1430.00,62.63,2020.00,12.97,10.00,12.84,0.0,-1.5708,0.0
BUILDING,1430.00,72.63,2020.00,12.97,10.00,12.84,0.0,-1.5708,0.0
BUILDING,1510.00,-14.32,900.00,13.34,10.00,13.24,0.0,-1.5708,0.0
BUILDING,1510.00,-12.90,820.00,10.79,10.00,9.32,0.0,-1.5708,0.0
BUILDING,1510.00,-2.90,820.00,10.79,10.00,9.32,0.0,-1.5708,0.0
BUILDING,1510.00,7.10,820.00,10.79,10.00,9.32,0.0,-1.5708,0.0
BUILDING,1510.00,17.10,820.00,10.79,10.00,9.32,0.0,-1.5708,0.0
BUILDING,1510.00,27.10,820.00,10.79,10.00,9.32,0.0,-1.5708,0.0
BUILDING,1510.00,37.10,820.00,10.79,10.00,9.32,0.0,-1.5708,0.0
BUILDING,1510.00,47.10,820.00,10.79,10.00,9.32,0.0,-1.5708,0.0
BUILDING,1510.00,57.10,820.00,10.79,10.00,9.32,0.0,-1.5708,0.0
BUILDING,1510.00,67.10,820.00,10.79,10.00,9.32,0.0,-1.5708,0.0
BUILDING,1510.00,77.10,820.00,10.79,10.00,9.32,0.0,-1.5708,0.0
BUILDING,1510.00,87.10,820.00,10.79,10.00,9.32,0.0,-1.5708,0.0
BUILDING,1510.00,-15.85,1380.00,13.12,10.00,11.47,0.0,-1.5708,0.0
BUILDING,1510.00,-5.85,1380.00,13.12,10.00,11.47,0.0,-1.5708,0.0
BUILDING,1510.00,4.15,1380.00,13.12,10.00,11.47,0.0,-1.5708,0.0
BUILDING,1510.00,14.15,1380.00,13.12,10.00,11.47,0.0,-1.5708,0.0
BUILDING,1510.00,24.15,1380.00,13.12,10.00,11.47,0.0,-1.5708,0.0
BUILDING,1510.00,34.15,1380.00,13.12,10.00,11.47,0.0,-1.5708,0.0
BUILDING,1510.00,44.15,1380.00,13.12,10.00,11.47,0.0,-1.5708,0.0
BUILDING,1510.00,54.15,1380.00,13.12,10.00,11.47,0.0,-1.5708,0.0
BUILDING,1510.00,-10.56,740.00,11.89,10.00,11.83,0.0,-1.5708,0.0
BUILDING,1510.00,-0.56,740.00,11.89,10.00,11.83,0.0,-1.5708,0.0
BUILDING,1510.00,9.44,740.00,11.89,10.00,11.83,0.0,-1.5708,0.0
BUILDING,1510.00,19.44,740.00,11.89,10.00,11.83,0.0,-1.5708,0.0
BUILDING,1510.00,29.44,740.00,11.89,10.00,11.83,0.0,-1.5708,0.0
BUILDING,1510.00,39.44,740.00,11.89,10.00,11.83,0.0,-1.5708,0.0
BUILDING,1510.00,49.44,740.00,11.89,10.00,11.83,0.0,-1.5708,0.0
BUILDING,1510.00,59.44,740.00,11.89,10.00,11.83,0.0,-1.5708,0.0
BUILDING,1510.00,69.44,740.00,11.89,10.00,11.83,0.0,-1.5708,0.0
BUILDING,1510.00,79.44,740.00,11.89,10.00,11.83,0.0,-1.5708,0.0
BUILDING,1510.00,89.44,740.00,11.89,10.00,11.83,0.0,-1.5708,0.0
BUILDING,1510.00,-15.85,1460.00,12.81,10.00,9.23,0.0,-1.5708,0.0
BUILDING,1510.00,-5.85,1460.00,12.81,10.00,9.23,0.0,-1.5708,0.0
BUILDING,1510.00,4.15,1460.00,12.81,10.00,9.23,0.0,-1.5708,0.0
BUILDING,1510.00,14.15,1460.00,12.81,10.00,9.23,0.0,-1.5708,0.0
BUILDING,1510.00,24.15,1460.00,12.81,10.00,9.23,0.0,-1.5708,0.0
BUILDING,1510.00,34.15,1460.00,12.81,10.00,9.23,0.0,-1.5708,0.0
BUILDING,1510.00,44.15,1460.00,12.81,10.00,9.23,0.0,-1.5708,0.0
BUILDING,1510.00,54.15,1460.00,12.81,10.00,9.23,0.0,-1.5708,0.0
BUILDING,1510.00,64.15,1460.00,12.81,10.00,9.23,0.0,-1.5708,0.0
BUILDING,1510.00,74.15,1460.00,12.81,10.00,9.23,0.0,-1.5708,0.0
BUILDING,1510.00,-15.41,1540.00,11.21,10.00,9.00,0.0,-1.5708,0.0
BUILDING,1510.00,-5.41,1540.00,11.21,10.00,9.00,0.0,-1.5708,0.0
BUILDING,1510.00,4.59,1540.00,11.21,10.00,9.00,0.0,-1.5708,0.0
BUILDING,1510.00,14.59,1540.00,11.21,10.00,9.00,0.0,-1.5708,0.0
BUILDING,1510.00,24.59,1540.00,11.21,10.00,9.00,0.0,-1.5708,0.0
BUILDING,1510.00,34.59,1540.00,11.21,10.00,9.00,0.0,-1.5708,0.0
BUILDING,1510.00,-4.54,580.00,13.55,10.00,13.41,0.0,-1.5708,0.0
BUILDING,1510.00,5.46,580.00,13.55,10.00,13.41,0.0,-1.5708,0.0
BUILDING,1510.00,15.46,580.00,13.55,10.00,13.41,0.0,-1.5708,0.0
BUILDING,1510.00,25.46,580.00,13.55,10.00,13.41,0.0,-1.5708,0.0
BUILDING,1510.00,35.46,580.00,13.55,10.00,13.41,0.0,-1.5708,0.0
BUILDING,1510.00,45.46,580.00,13.55,10.00,13.41,0.0,-1.5708,0.0
BUILDING,1510.00,55.46,580.00,13.55,10.00,13.41,0.0,-1.5708,0.0
BUILDING,1510.00,65.46,580.00,13.55,10.00,13.41,0.0,-1.5708,0.0
BUILDING,1510.00,75.46,580.00,13.55,10.00,13.41,0.0,-1.5708,0.0
BUILDING,1510.00,85.46,580.00,13.55,10.00,13.41,0.0,-1.5708,0.0
BUILDING,1510.00,95.46,580.00,13.55,10.00,13.41,0.0,-1.5708,0.0
BUILDING,1510.00,105.46,580.00,13.55,10.00,13.41,0.0,-1.5708,0.0
BUILDING,1510.00,-13.48,1700.00,10.25,10.00,10.86,0.0,-1.5708,0.0
BUILDING,1510.00,-3.48,1700.00,10.25,10.00,10.86,0.0,-1.5708,0.0
BUILDING,1510.00,6.52,1700.00,10.25,10.00,10.86,0.0,-1.5708,0.0
BUILDING,1510.00,16.52,1700.00,10.25,10.00,10.86,0.0,-1.5708,0.0
BUILDING,1510.00,26.52,1700.00,10.25,10.00,10.86,0.0,-1.5708,0.0
BUILDING,1510.00,36.52,1700.00,10.25,10.00,10.86,0.0,-1.5708,0.0
BUILDING,1510.00,46.52,1700.00,10.25,10.00,10.86,0.0,-1.5708,0.0
BUILDING,1510.00,56.52,1700.00,10.25,10.00,10.86,0.0,-1.5708,0.0
BUILDING,1510.00,-1.56,420.00,12.13,10.00,12.63,0.0,-1.5708,0.0
BUILDING,1510.00,8.44,420.00,12.13,10.00,12.63,0.0,-1.5708,0.0
BUILDING,1510.00,18.44,420.00,12.13,10.00,12.63,0.0,-1.5708,0.0
BUILDING,1510.00,28.44,420.00,12.13,10.00,12.63,0.0,-1.5708,0.0
BUILDING,1510.00,38.44,420.00,12.13,10.00,12.63,0.0,-1.5708,0.0
BUILDING,1510.00,48.44,420.00,12.13,10.00,12.63,0.0,-1.5708,0.0
BUILDING,1510.00,58.44,420.00,12.13,10.00,12.63,0.0,-1.5708,0.0
BUILDING,1510.00,68.44,420.00,12.13,10.00,12.63,0.0,-1.5708,0.0
BUILDING,1510.00,78.44,420.00,12.13,10.00,12.63,0.0,-1.5708,0.0
BUILDING,1510.00,88.44,420.00,12.13,10.00,12.63,0.0,-1.5708,0.0
BUILDING,1510.00,98.44,420.00,12.13,10.00,12.63,0.0,-1.5708,0.0
BUILDING,1510.00,108.44,420.00,12.13,10.00,12.63,0.0,-1.5708,0.0
BUILDING,1510.00,-12.42,1780.00,12.52,10.00,9.01,0.0,-1.5708,0.0
BUILDING,1510.00,-2.42,1780.00,12.52,10.00,9.01,0.0,-1.5708,0.0
BUILDING,1510.00,7.58,1780.00,12.52,10.00,9.01,0.0,-1.5708,0.0
BUILDING,1510.00,17.58,1780.00,12.52,10.00,9.01,0.0,-1.5708,0.0
BUILDING,1510.00,27.58,1780.00,12.52,10.00,9.01,0.0,-1.5708,0.0
BUILDING,1510.00,37.58,1780.00,12.52,10.00,9.01,0.0,-1.5708,0.0
BUILDING,1510.00,47.58,1780.00,12.52,10.00,9.01,0.0,-1.5708,0.0
BUILDING,1510.00,-2.84,340.00,11.60,10.00,11.23,0.0,-1.5708,0.0
BUILDING,1510.00,7.16,340.00,11.60,10.00,11.23,0.0,-1.5708,0.0
BUILDING,1510.00,17.16,340.00,11.60,10.00,11.23,0.0,-1.5708,0.0
BUILDING,1510.00,27.16,340.00,11.60,10.00,11.23,0.0,-1.5708,0.0
BUILDING,1510.00,37.16,340.00,11.60,10.00,11.23,0.0,-1.5708,0.0
BUILDING,1510.00,47.16,340.00,11.60,10.00,11.23,0.0,-1.5708,0.0
BUILDING,1510.00,57.16,340.00,11.60,10.00,11.23,0.0,-1.5708,0.0
BUILDING,1510.00,67.16,340.00,11.60,10.00,11.23,0.0,-1.5708,0.0
BUILDING,1510.00,77.16,340.00,11.60,10.00,11.23,0.0,-1.5708,0.0
BUILDING,1510.00,87.16,340.00,11.60,10.00,11.23,0.0,-1.5708,0.0
BUILDING,1510.00,97.16,340.00,11.60,10.00,11.23,0.0,-1.5708,0.0
ENEMY,1504.31,121.28,492.00,3.8,3.8,3.8,0.0,0.0,0.0
BUILDING,1510.00,-6.09,260.00,9.35,10.00,10.92,0.0,-1.5708,0.0
BUILDING,1510.00,3.91,260.00,9.35,10.00,10.92,0.0,-1.5708,0.0
BUILDING,1510.00,13.91,260.00,9.35,10.00,10.92,0.0,-1.5708,0.0
BUILDING,1510.00,23.91,260.00,9.35,10.00,10.92,0.0,-1.5708,0.0
BUILDING,1510.00,33.91,260.00,9.35,10.00,10.92,0.0,-1.5708,0.0
BUILDING,1510.00,43.91,260.00,9.35,10.00,10.92,0.0,-1.5708,0.0
BUILDING,1510.00,53.91,260.00,9.35,10.00,10.92,0.0,-1.5708,0.0
BUILDING,1510.00,63.91,260.00,9.35,10.00,10.92,0.0,-1.5708,0.0
BUILDING,1510.00,73.91,260.00,9.35,10.00,10.92,0.0,-1.5708,0.0
BUILDING,1510.00,83.91,260.00,9.35,10.00,10.92,0.0,-1.5708,0.0
BUILDING,1510.00,93.91,260.00,9.35,10.00,10.92,0.0,-1.5708,0.0
BUILDING,1510.00,103.91,260.00,9.35,10.00,10.92,0.0,-1.5708,0.0
BUILDING,1510.00,-11.09,1940.00,10.84,10.00,10.50,0.0,-1.5708,0.0
BUILDING,1510.00,-1.09,1940.00,10.84,10.00,10.50,0.0,-1.5708,0.0
BUILDING,1510.00,8.91,1940.00,10.84,10.00,10.50,0.0,-1.5708,0.0
BUILDING,1510.00,18.91,1940.00,10.84,10.00,10.50,0.0,-1.5708,0.0
BUILDING,1510.00,28.91,1940.00,10.84,10.00,10.50,0.0,-1.5708,0.0
BUILDING,1510.00,38.91,1940.00,10.84,10.00,10.50,0.0,-1.5708,0.0
BUILDING,1510.00,48.91,1940.00,10.84,10.00,10.50,0.0,-1.5708,0.0
BUILDING,1510.00,58.91,1940.00,10.84,10.00,10.50,0.0,-1.5708,0.0
BUILDING,1510.00,68.91,1940.00,10.84,10.00,10.50,0.0,-1.5708,0.0
BUILDING,1590.00,-13.50,900.00,11.20,10.00,12.61,0.0,-1.5708,0.0
BUILDING,1590.00,-3.50,900.00,11.20,10.00,12.61,0.0,-1.5708,0.0
BUILDING,1590.00,-15.59,1300.00,12.08,10.00,11.21,0.0,-1.5708,0.0
BUILDING,1590.00,-5.59,1300.00,12.08,10.00,11.21,0.0,-1.5708,0.0
BUILDING,1590.00,4.41,1300.00,12.08,10.00,11.21,0.0,-1.5708,0.0
BUILDING,1590.00,-16.08,1380.00,11.95,10.00,10.92,0.0,-1.5708,0.0
BUILDING,1590.00,-6.08,1380.00,11.95,10.00,10.92,0.0,-1.5708,0.0
BUILDING,1590.00,3.92,1380.00,11.95,10.00,10.92,0.0,-1.5708,0.0
BUILDING,1590.00,13.92,1380.00,11.95,10.00,10.92,0.0,-1.5708,0.0
BUILDING,1590.00,23.92,1380.00,11.95,10.00,10.92,0.0,-1.5708,0.0
BUILDING,1590.00,-8.17,740.00,10.24,10.00,12.22,0.0,-1.5708,0.0
BUILDING,1590.00,1.83,740.00,10.24,10.00,12.22,0.0,-1.5708,0.0
BUILDING,1590.00,11.83,740.00,10.24,10.00,12.22,0.0,-1.5708,0.0
BUILDING,1590.00,21.83,740.00,10.24,10.00,12.22,0.0,-1.5708,0.0
BUILDING,1590.00,31.83,740.00,10.24,10.00,12.22,0.0,-1.5708,0.0
BUILDING,1590.00,41.83,740.00,10.24,10.00,12.22,0.0,-1.5708,0.0
BUILDING,1590.00,51.83,740.00,10.24,10.00,12.22,0.0,-1.5708,0.0
BUILDING,1590.00,61.83,740.00,10.24,10.00,12.22,0.0,-1.5708,0.0
BUILDING,1590.00,71.83,740.00,10.24,10.00,12.22,0.0,-1.5708,0.0
BUILDING,1590.00,-16.24,1460.00,12.04,10.00,12.89,0.0,-1.5708,0.0
BUILDING,1590.00,-6.24,1460.00,12.04,10.00,12.89,0.0,-1.5708,0.0
BUILDING,1590.00,3.76,1460.00,12.04,10.00,12.89,0.0,-1.5708,0.0
BUILDING,1590.00,13.76,1460.00,12.04,10.00,12.89,0.0,-1.5708,0.0
BUILDING,1590.00,23.76,1460.00,12.04,10.00,12.89,0.0,-1.5708,0.0
BUILDING,1590.00,33.76,1460.00,12.04,10.00,12.89,0.0,-1.5708,0.0
BUILDING,1590.00,43.76,1460.00,12.04,10.00,12.89,0.0,-1.5708,0.0
BUILDING,1590.00,53.76,1460.00,12.04,10.00,12.89,0.0,-1.5708,0.0
BUILDING,1590.00,63.76,1460.00,12.04,10.00,12.89,0.0,-1.5708,0.0
BUILDING,1590.00,73.76,1460.00,12.04,10.00,12.89,0.0,-1.5708,0.0
BUILDING,1590.00,-15.69,1540.00,10.03,10.00,12.03,0.0,-1.5708,0.0
BUILDING,1590.00,-5.69,1540.00,10.03,10.00,12.03,0.0,-1.5708,0.0
BUILDING,1590.00,4.31,1540.00,10.03,10.00,12.03,0.0,-1.5708,0.0
BUILDING,1590.00,14.31,1540.00,10.03,10.00,12.03,0.0,-1.5708,0.0
BUILDING,1590.00,24.31,1540.00,10.03,10.00,12.03,0.0,-1.5708,0.0
BUILDING,1590.00,34.31,1540.00,10.03,10.00,12.03,0.0,-1.5708,0.0
BUILDING,1590.00,44.31,1540.00,10.03,10.00,12.03,0.0,-1.5708,0.0
BUILDING,1590.00,-1.66,580.00,9.27,10.00,13.49,0.0,-1.5708,0.0
BUILDING,1590.00,8.34,580.00,9.27,10.00,13.49,0.0,-1.5708,0.0
BUILDING,1590.00,18.34,580.00,9.27,10.00,13.49,0.0,-1.5708,0.0
BUILDING,1590.00,28.34,580.00,9.27,10.00,13.49,0.0,-1.5708,0.0
BUILDING,1590.00,38.34,580.00,9.27,10.00,13.49,0.0,-1.5708,0.0
BUILDING,1590.00,48.34,580.00,9.27,10.00,13.49,0.0,-1.5708,0.0
BUILDING,1590.00,58.34,580.00,9.27,10.00,13.49,0.0,-1.5708,0.0
BUILDING,1590.00,68.34,580.00,9.27,10.00,13.49,0.0,-1.5708,0.0
BUILDING,1590.00,78.34,580.00,9.27,10.00,13.49,0.0,-1.5708,0.0
BUILDING,1590.00,88.34,580.00,9.27,10.00,13.49,0.0,-1.5708,0.0
BUILDING,1590.00,98.34,580.00,9.27,10.00,13.49,0.0,-1.5708,0.0
BUILDING,1590.00,108.34,580.00,9.27,10.00,13.49,0.0,-1.5708,0.0
BUILDING,1590.00,-14.25,1620.00,10.21,10.00,12.19,0.0,-1.5708,0.0
BUILDING,1590.00,-4.25,1620.00,10.21,10.00,12.19,0.0,-1.5708,0.0
BUILDING,1590.00,5.75,1620.00,10.21,10.00,12.19,0.0,-1.5708,0.0
BUILDING,1590.00,15.75,1620.00,10.21,10.00,12.19,0.0,-1.5708,0.0
BUILDING,1590.00,25.75,1620.00,10.21,10.00,12.19,0.0,-1.5708,0.0
BUILDING,1590.00,35.75,1620.00,10.21,10.00,12.19,0.0,-1.5708,0.0
BUILDING,1590.00,-12.03,1700.00,13.67,10.00,9.66,0.0,-1.5708,0.0
BUILDING,1590.00,-2.03,1700.00,13.67,10.00,9.66,0.0,-1.5708,0.0
BUILDING,1590.00,7.97,1700.00,13.67,10.00,9.66,0.0,-1.5708,0.0
BUILDING,1590.00,17.97,1700.00,13.67,10.00,9.66,0.0,-1.5708,0.0
BUILDING,1590.00,27.97,1700.00,13.67,10.00,9.66,0.0,-1.5708,0.0
BUILDING,1590.00,37.97,1700.00,13.67,10.00,9.66,0.0,-1.5708,0.0
BUILDING,1590.00,47.97,1700.00,13.67,10.00,9.66,0.0,-1.5708,0.0
BUILDING,1590.00,57.97,1700.00,13.67,10.00,9.66,0.0,-1.5708,0.0
BUILDING,1590.00,67.97,1700.00,13.67,10.00,9.66,0.0,-1.5708,0.0
BUILDING,1590.00,-0.28,420.00,11.73,10.00,9.86,0.0,-1.5708,0.0
BUILDING,1590.00,9.72,420.00,11.73,10.00,9.86,0.0,-1.5708,0.0
BUILDING,1590.00,19.72,420.00,11.73,10.00,9.86,0.0,-1.5708,0.0
BUILDING,1590.00,29.72,420.00,11.73,10.00,9.86,0.0,-1.5708,0.0
BUILDING,1590.00,39.72,420.00,11.73,10.00,9.86,0.0,-1.5708,0.0
BUILDING,1590.00,49.72,420.00,11.73,10.00,9.86,0.0,-1.5708,0.0
BUILDING,1590.00,59.72,420.00,11.73,10.00,9.86,0.0,-1.5708,0.0
BUILDING,1590.00,69.72,420.00,11.73,10.00,9.86,0.0,-1.5708,0.0
BUILDING,1590.00,79.72,420.00,11.73,10.00,9.86,0.0,-1.5708,0.0
BUILDING,1590.00,89.72,420.00,11.73,10.00,9.86,0.0,-1.5708,0.0
BUILDING,1590.00,99.72,420.00,11.73,10.00,9.86,0.0,-1.5708,0.0
BUILDING,1590.00,109.72,420.00,11.73,10.00,9.86,0.0,-1.5708,0.0
BUILDING,1590.00,-2.71,340.00,9.34,10.00,10.31,0.0,-1.5708,0.0
BUILDING,1590.00,7.29,340.00,9.34,10.00,10.31,0.0,-1.5708,0.0
BUILDING,1590.00,17.29,340.00,9.34,10.00,10.31,0.0,-1.5708,0.0
BUILDING,1590.00,27.29,340.00,9.34,10.00,10.31,0.0,-1.5708,0.0
BUILDING,1590.00,37.29,340.00,9.34,10.00,10.31,0.0,-1.5708,0.0
BUILDING,1590.00,47.29,340.00,9.34,10.00,10.31,0.0,-1.5708,0.0
BUILDING,1590.00,57.29,340.00,9.34,10.00,10.31,0.0,-1.5708,0.0
BUILDING,1590.00,67.29,340.00,9.34,10.00,10.31,0.0,-1.5708,0.0
BUILDING,1590.00,77.29,340.00,9.34,10.00,10.31,0.0,-1.5708,0.0
BUILDING,1590.00,87.29,340.00,9.34,10.00,10.31,0.0,-1.5708,0.0
BUILDING,1590.00,97.29,340.00,9.34,10.00,10.31,0.0,-1.5708,0.0
BUILDING,1590.00,107.29,340.00,9.34,10.00,10.31,0.0,-1.5708,0.0
ENEMY,1594.34,128.02,492.00,3.8,3.8,3.8,0.0,0.0,0.0
BUILDING,1590.00,-6.91,1860.00,12.56,10.00,12.84,0.0,-1.5708,0.0
BUILDING,1590.00,3.09,1860.00,12.56,10.00,12.84,0.0,-1.5708,0.0
BUILDING,1590.00,13.09,1860.00,12.56,10.00,12.84,0.0,-1.5708,0.0
BUILDING,1590.00,23.09,1860.00,12.56,10.00,12.84,0.0,-1.5708,0.0
BUILDING,1590.00,33.09,1860.00,12.56,10.00,12.84,0.0,-1.5708,0.0
BUILDING,1590.00,43.09,1860.00,12.56,10.00,12.84,0.0,-1.5708,0.0
BUILDING,1590.00,53.09,1860.00,12.56,10.00,12.84,0.0,-1.5708,0.0
BUILDING,1590.00,63.09,1860.00,12.56,10.00,12.84,0.0,-1.5708,0.0
BUILDING,1590.00,73.09,1860.00,12.56,10.00,12.84,0.0,-1.5708,0.0
BUILDING,1590.00,83.09,1860.00,12.56,10.00,12.84,0.0,-1.5708,0.0
BUILDING,1590.00,93.09,1860.00,12.56,10.00,12.84,0.0,-1.5708,0.0
BUILDING,1590.00,103.09,1860.00,12.56,10.00,12.84,0.0,-1.5708,0.0
BUILDING,1590.00,-6.84,260.00,11.68,10.00,12.08,0.0,-1.5708,0.0
BUILDING,1590.00,3.16,260.00,11.68,10.00,12.08,0.0,-1.5708,0.0
BUILDING,1590.00,13.16,260.00,11.68,10.00,12.08,0.0,-1.5708,0.0
BUILDING,1590.00,23.16,260.00,11.68,10.00,12.08,0.0,-1.5708,0.0
BUILDING,1590.00,33.16,260.00,11.68,10.00,12.08,0.0,-1.5708,0.0
BUILDING,1590.00,43.16,260.00,11.68,10.00,12.08,0.0,-1.5708,0.0
BUILDING,1590.00,53.16,260.00,11.68,10.00,12.08,0.0,-1.5708,0.0
BUILDING,1590.00,63.16,260.00,11.68,10.00,12.08,0.0,-1.5708,0.0
BUILDING,1590.00,73.16,260.00,11.68,10.00,12.08,0.0,-1.5708,0.0
BUILDING,1590.00,83.16,260.00,11.68,10.00,12.08,0.0,-1.5708,0.0
BUILDING,1590.00,93.16,260.00,11.68,10.00,12.08,0.0,-1.5708,0.0
BUILDING,1590.00,103.16,260.00,11.68,10.00,12.08,0.0,-1.5708,0.0
BUILDING,1590.00,-5.08,1940.00,13.60,10.00,13.87,0.0,-1.5708,0.0
BUILDING,1590.00,4.92,1940.00,13.60,10.00,13.87,0.0,-1.5708,0.0
BUILDING,1590.00,14.92,1940.00,13.60,10.00,13.87,0.0,-1.5708,0.0
BUILDING,1590.00,24.92,1940.00,13.60,10.00,13.87,0.0,-1.5708,0.0
BUILDING,1590.00,34.92,1940.00,13.60,10.00,13.87,0.0,-1.5708,0.0
BUILDING,1590.00,44.92,1940.00,13.60,10.00,13.87,0.0,-1.5708,0.0
BUILDING,1590.00,54.92,1940.00,13.60,10.00,13.87,0.0,-1.5708,0.0
BUILDING,1590.00,64.92,1940.00,13.60,10.00,13.87,0.0,-1.5708,0.0
BUILDING,1590.00,74.92,1940.00,13.60,10.00,13.87,0.0,-1.5708,0.0
BUILDING,1590.00,84.92,1940.00,13.60,10.00,13.87,0.0,-1.5708,0.0
BUILDING,1590.00,94.92,1940.00,13.60,10.00,13.87,0.0,-1.5708,0.0
BUILDING,1590.00,104.92,1940.00,13.60,10.00,13.87,0.0,-1.5708,0.0
BUILDING,1590.00,-11.73,180.00,12.17,10.00,13.17,0.0,-1.5708,0.0
BUILDING,1590.00,-1.73,180.00,12.17,10.00,13.17,0.0,-1.5708,0.0
BUILDING,1590.00,8.27,180.00,12.17,10.00,13.17,0.0,-1.5708,0.0
BUILDING,1590.00,18.27,180.00,12.17,10.00,13.17,0.0,-1.5708,0.0
BUILDING,1590.00,28.27,180.00,12.17,10.00,13.17,0.0,-1.5708,0.0
BUILDING,1590.00,38.27,180.00,12.17,10.00,13.17,0.0,-1.5708,0.0
BUILDING,1590.00,48.27,180.00,12.17,10.00,13.17,0.0,-1.5708,0.0
BUILDING,1590.00,58.27,180.00,12.17,10.00,13.17,0.0,-1.5708,0.0
BUILDING,1590.00,68.27,180.00,12.17,10.00,13.17,0.0,-1.5708,0.0
BUILDING,1590.00,78.27,180.00,12.17,10.00,13.17,0.0,-1.5708,0.0
BUILDING,1590.00,88.27,180.00,12.17,10.00,13.17,0.0,-1.5708,0.0
BUILDING,1590.00,-4.22,2020.00,11.19,10.00,13.77,0.0,-1.5708,0.0
BUILDING,1590.00,5.78,2020.00,11.19,10.00,13.77,0.0,-1.5708,0.0
BUILDING,1590.00,15.78,2020.00,11.19,10.00,13.77,0.0,-1.5708,0.0
BUILDING,1590.00,25.78,2020.00,11.19,10.00,13.77,0.0,-1.5708,0.0
BUILDING,1590.00,35.78,2020.00,11.19,10.00,13.77,0.0,-1.5708,0.0
BUILDING,1590.00,45.78,2020.00,11.19,10.00,13.77,0.0,-1.5708,0.0
BUILDING,1590.00,55.78,2020.00,11.19,10.00,13.77,0.0,-1.5708,0.0
BUILDING,1590.00,65.78,2020.00,11.19,10.00,13.77,0.0,-1.5708,0.0
BUILDING,1590.00,75.78,2020.00,11.19,10.00,13.77,0.0,-1.5708,0.0
BUILDING,1590.00,85.78,2020.00,11.19,10.00,13.77,0.0,-1.5708,0.0
BUILDING,1590.00,95.78,2020.00,11.19,10.00,13.77,0.0,-1.5708,0.0
BUILDING,1590.00,105.78,2020.00,11.19,10.00,13.77,0.0,-1.5708,0.0
BUILDING,1670.00,-12.65,900.00,9.60,10.00,12.54,0.0,-1.5708,0.0
BUILDING,1670.00,-2.65,900.00,9.60,10.00,12.54,0.0,-1.5708,0.0
BUILDING,1670.00,-15.38,1300.00,11.62,10.00,12.91,0.0,-1.5708,0.0
BUILDING,1670.00,-5.38,1300.00,11.62,10.00,12.91,0.0,-1.5708,0.0
BUILDING,1670.00,-9.90,820.00,12.75,10.00,13.37,0.0,-1.5708,0.0
BUILDING,1670.00,0.10,820.00,12.75,10.00,13.37,0.0,-1.5708,0.0
BUILDING,1670.00,10.10,820.00,12.75,10.00,13.37,0.0,-1.5708,0.0
BUILDING,1670.00,20.10,820.00,12.75,10.00,13.37,0.0,-1.5708,0.0
BUILDING,1670.00,30.10,820.00,12.75,10.00,13.37,0.0,-1.5708,0.0
BUILDING,1670.00,40.10,820.00,12.75,10.00,13.37,0.0,-1.5708,0.0
BUILDING,1670.00,50.10,820.00,12.75,10.00,13.37,0.0,-1.5708,0.0
BUILDING,1670.00,60.10,820.00,12.75,10.00,13.37,0.0,-1.5708,0.0
BUILDING,1670.00,70.10,820.00,12.75,10.00,13.37,0.0,-1.5708,0.0
BUILDING,1670.00,-16.03,1380.00,10.68,10.00,11.15,0.0,-1.5708,0.0
BUILDING,1670.00,-6.03,1380.00,10.68,10.00,11.15,0.0,-1.5708,0.0
BUILDING,1670.00,3.97,1380.00,10.68,10.00,11.15,0.0,-1.5708,0.0
BUILDING,1670.00,13.97,1380.00,10.68,10.00,11.15,0.0,-1.5708,0.0
BUILDING,1670.00,23.97,1380.00,10.68,10.00,11.15,0.0,-1.5708,0.0
BUILDING,1670.00,-6.44,740.00,12.14,10.00,11.48,0.0,-1.5708,0.0
BUILDING,1670.00,3.56,740.00,12.14,10.00,11.48,0.0,-1.5708,0.0
BUILDING,1670.00,13.56,740.00,12.14,10.00,11.48,0.0,-1.5708,0.0
BUILDING,1670.00,23.56,740.00,12.14,10.00,11.48,0.0,-1.5708,0.0
BUILDING,1670.00,33.56,740.00,12.14,10.00,11.48,0.0,-1.5708,0.0
BUILDING,1670.00,43.56,740.00,12.14,10.00,11.48,0.0,-1.5708,0.0
BUILDING,1670.00,53.56,740.00,12.14,10.00,11.48,0.0,-1.5708,0.0
BUILDING,1670.00,63.56,740.00,12.14,10.00,11.48,0.0,-1.5708,0.0
BUILDING,1670.00,73.56,740.00,12.14,10.00,11.48,0.0,-1.5708,0.0
BUILDING,1670.00,83.56,740.00,12.14,10.00,11.48,0.0,-1.5708,0.0
BUILDING,1670.00,93.56,740.00,12.14,10.00,11.48,0.0,-1.5708,0.0
BUILDING,1670.00,103.56,740.00,12.14,10.00,11.48,0.0,-1.5708,0.0
BUILDING,1670.00,-16.54,1460.00,9.83,10.00,9.79,0.0,-1.5708,0.0
BUILDING,1670.00,-6.54,1460.00,9.83,10.00,9.79,0.0,-1.5708,0.0
BUILDING,1670.00,3.46,1460.00,9.83,10.00,9.79,0.0,-1.5708,0.0
BUILDING,1670.00,13.46,1460.00,9.83,10.00,9.79,0.0,-1.5708,0.0
BUILDING,1670.00,23.46,1460.00,9.83,10.00,9.79,0.0,-1.5708,0.0
BUILDING,1670.00,33.46,1460.00,9.83,10.00,9.79,0.0,-1.5708,0.0
BUILDING,1670.00,43.46,1460.00,9.83,10.00,9.79,0.0,-1.5708,0.0
BUILDING,1670.00,53.46,1460.00,9.83,10.00,9.79,0.0,-1.5708,0.0
BUILDING,1670.00,63.46,1460.00,9.83,10.00,9.79,0.0,-1.5708,0.0
BUILDING,1670.00,-16.35,1540.00,10.14,10.00,11.54,0.0,-1.5708,0.0
BUILDING,1670.00,-6.35,1540.00,10.14,10.00,11.54,0.0,-1.5708,0.0
BUILDING,1670.00,3.65,1540.00,10.14,10.00,11.54,0.0,-1.5708,0.0
BUILDING,1670.00,13.65,1540.00,10.14,10.00,11.54,0.0,-1.5708,0.0
BUILDING,1670.00,23.65,1540.00,10.14,10.00,11.54,0.0,-1.5708,0.0
ENEMY,1666.17,54.01,1452.00,3.8,3.8,3.8,0.0,0.0,0.0
BUILDING,1670.00,-0.57,580.00,13.60,10.00,9.89,0.0,-1.5708,0.0
BUILDING,1670.00,9.43,580.00,13.60,10.00,9.89,0.0,-1.5708,0.0
BUILDING,1670.00,19.43,580.00,13.60,10.00,9.89,0.0,-1.5708,0.0
BUILDING,1670.00,29.43,580.00,13.60,10.00,9.89,0.0,-1.5708,0.0
BUILDING,1670.00,39.43,580.00,13.60,10.00,9.89,0.0,-1.5708,0.0
BUILDING,1670.00,49.43,580.00,13.60,10.00,9.89,0.0,-1.5708,0.0
BUILDING,1670.00,59.43,580.00,13.60,10.00,9.89,0.0,-1.5708,0.0
BUILDING,1670.00,69.43,580.00,13.60,10.00,9.89,0.0,-1.5708,0.0
BUILDING,1670.00,79.43,580.00,13.60,10.00,9.89,0.0,-1.5708,0.0
BUILDING,1670.00,89.43,580.00,13.60,10.00,9.89,0.0,-1.5708,0.0
BUILDING,1670.00,99.43,580.00,13.60,10.00,9.89,0.0,-1.5708,0.0
BUILDING,1670.00,109.43,580.00,13.60,10.00,9.89,0.0,-1.5708,0.0
BUILDING,1670.00,-15.02,1620.00,12.70,10.00,11.10,0.0,-1.5708,0.0
BUILDING,1670.00,-5.02,1620.00,12.70,10.00,11.10,0.0,-1.5708,0.0
BUILDING,1670.00,4.98,1620.00,12.70,10.00,11.10,0.0,-1.5708,0.0
BUILDING,1670.00,14.98,1620.00,12.70,10.00,11.10,0.0,-1.5708,0.0
BUILDING,1670.00,24.98,1620.00,12.70,10.00,11.10,0.0,-1.5708,0.0
BUILDING,1670.00,34.98,1620.00,12.70,10.00,11.10,0.0,-1.5708,0.0
BUILDING,1670.00,44.98,1620.00,12.70,10.00,11.10,0.0,-1.5708,0.0
BUILDING,1670.00,54.98,1620.00,12.70,10.00,11.10,0.0,-1.5708,0.0
BUILDING,1670.00,64.98,1620.00,12.70,10.00,11.10,0.0,-1.5708,0.0
BUILDING,1670.00,74.98,1620.00,12.70,10.00,11.10,0.0,-1.5708,0.0
BUILDING,1670.00,0.24,500.00,10.60,10.00,13.13,0.0,-1.5708,0.0
BUILDING,1670.00,10.24,500.00,10.60,10.00,13.13,0.0,-1.5708,0.0
BUILDING,1670.00,20.24,500.00,10.60,10.00,13.13,0.0,-1.5708,0.0
BUILDING,1670.00,30.24,500.00,10.60,10.00,13.13,0.0,-1.5708,0.0
BUILDING,1670.00,40.24,500.00,10.60,10.00,13.13,0.0,-1.5708,0.0
BUILDING,1670.00,50.24,500.00,10.60,10.00,13.13,0.0,-1.5708,0.0
BUILDING,1670.00,60.24,500.00,10.60,10.00,13.13,0.0,-1.5708,0.0
BUILDING,1670.00,70.24,500.00,10.60,10.00,13.13,0.0,-1.5708,0.0
BUILDING,1670.00,80.24,500.00,10.60,10.00,13.13,0.0,-1.5708,0.0
BUILDING,1670.00,90.24,500.00,10.60,10.00,13.13,0.0,-1.5708,0.0
BUILDING,1670.00,100.24,500.00,10.60,10.00,13.13,0.0,-1.5708,0.0
BUILDING,1670.00,110.24,500.00,10.60,10.00,13.13,0.0,-1.5708,0.0
BUILDING,1670.00,-12.42,1700.00,13.51,10.00,9.90,0.0,-1.5708,0.0
BUILDING,1670.00,-2.42,1700.00,13.51,10.00,9.90,0.0,-1.5708,0.0
BUILDING,1670.00,7.58,1700.00,13.51,10.00,9.90,0.0,-1.5708,0.0
BUILDING,1670.00,17.58,1700.00,13.51,10.00,9.90,0.0,-1.5708,0.0
BUILDING,1670.00,27.58,1700.00,13.51,10.00,9.90,0.0,-1.5708,0.0
BUILDING,1670.00,37.58,1700.00,13.51,10.00,9.90,0.0,-1.5708,0.0
BUILDING,1670.00,47.58,1700.00,13.51,10.00,9.90,0.0,-1.5708,0.0
BUILDING,1670.00,57.58,1700.00,13.51,10.00,9.90,0.0,-1.5708,0.0
BUILDING,1670.00,67.58,1700.00,13.51,10.00,9.90,0.0,-1.5708,0.0
BUILDING,1670.00,77.58,1700.00,13.51,10.00,9.90,0.0,-1.5708,0.0
BUILDING,1670.00,87.58,1700.00,13.51,10.00,9.90,0.0,-1.5708,0.0
BUILDING,1670.00,97.58,1700.00,13.51,10.00,9.90,0.0,-1.5708,0.0
BUILDING,1670.00,-3.95,340.00,13.33,10.00,12.87,0.0,-1.5708,0.0
BUILDING,1670.00,6.05,340.00,13.33,10.00,12.87,0.0,-1.5708,0.0
BUILDING,1670.00,16.05,340.00,13.33,10.00,12.87,0.0,-1.5708,0.0
BUILDING,1670.00,26.05,340.00,13.33,10.00,12.87,0.0,-1.5708,0.0
BUILDING,1670.00,36.05,340.00,13.33,10.00,12.87,0.0,-1.5708,0.0
BUILDING,1670.00,46.05,340.00,13.33,10.00,12.87,0.0,-1.5708,0.0
BUILDING,1670.00,56.05,340.00,13.33,10.00,12.87,0.0,-1.5708,0.0
BUILDING,1670.00,66.05,340.00,13.33,10.00,12.87,0.0,-1.5708,0.0
BUILDING,1670.00,76.05,340.00,13.33,10.00,12.87,0.0,-1.5708,0.0
BUILDING,1670.00,86.05,340.00,13.33,10.00,12.87,0.0,-1.5708,0.0
BUILDING,1670.00,96.05,340.00,13.33,10.00,12.87,0.0,-1.5708,0.0
BUILDING,1670.00,106.05,340.00,13.33,10.00,12.87,0.0,-1.5708,0.0
BUILDING,1670.00,-4.85,1860.00,9.04,10.00,10.00,0.0,-1.5708,0.0
BUILDING,1670.00,5.15,1860.00,9.04,10.00,10.00,0.0,-1.5708,0.0
BUILDING,1670.00,15.15,1860.00,9.04,10.00,10.00,0.0,-1.5708,0.0
BUILDING,1670.00,25.15,1860.00,9.04,10.00,10.00,0.0,-1.5708,0.0
BUILDING,1670.00,35.15,1860.00,9.04,10.00,10.00,0.0,-1.5708,0.0
BUILDING,1670.00,45.15,1860.00,9.04,10.00,10.00,0.0,-1.5708,0.0
BUILDING,1670.00,55.15,1860.00,9.04,10.00,10.00,0.0,-1.5708,0.0
BUILDING,1670.00,65.15,1860.00,9.04,10.00,10.00,0.0,-1.5708,0.0
BUILDING,1670.00,75.15,1860.00,9.04,10.00,10.00,0.0,-1.5708,0.0
BUILDING,1670.00,85.15,1860.00,9.04,10.00,10.00,0.0,-1.5708,0.0
BUILDING,1670.00,95.15,1860.00,9.04,10.00,10.00,0.0,-1.5708,0.0
BUILDING,1670.00,105.15,1860.00,9.04,10.00,10.00,0.0,-1.5708,0.0
BUILDING,1670.00,-8.08,260.00,10.21,10.00,10.84,0.0,-1.5708,0.0
BUILDING,1670.00,1.92,260.00,10.21,10.00,10.84,0.0,-1.5708,0.0
BUILDING,1670.00,11.92,260.00,10.21,10.00,10.84,0.0,-1.5708,0.0
BUILDING,1670.00,21.92,260.00,10.21,10.00,10.84,0.0,-1.5708,0.0
BUILDING,1670.00,31.92,260.00,10.21,10.00,10.84,0.0,-1.5708,0.0
BUILDING,1670.00,41.92,260.00,10.21,10.00,10.84,0.0,-1.5708,0.0
BUILDING,1670.00,51.92,260.00,10.21,10.00,10.84,0.0,-1.5708,0.0
BUILDING,1670.00,61.92,260.00,10.21,10.00,10.84,0.0,-1.5708,0.0
BUILDING,1670.00,71.92,260.00,10.21,10.00,10.84,0.0,-1.5708,0.0
BUILDING,1670.00,81.92,260.00,10.21,10.00,10.84,0.0,-1.5708,0.0
BUILDING,1670.00,91.92,260.00,10.21,10.00,10.84,0.0,-1.5708,0.0
BUILDING,1670.00,101.92,260.00,10.21,10.00,10.84,0.0,-1.5708,0.0
BUILDING,1750.00,-14.91,1060.00,9.75,10.00,13.66,0.0,-1.5708,0.0
BUILDING,1750.00,-4.91,1060.00,9.75,10.00,13.66,0.0,-1.5708,0.0
ENEMY,1752.04,21.59,1068.00,3.8,3.8,3.8,0.0,0.0,0.0
BUILDING,1750.00,-14.94,1140.00,13.75,10.00,9.01,0.0,-1.5708,0.0
BUILDING,1750.00,-12.02,900.00,11.10,10.00,13.81,0.0,-1.5708,0.0
BUILDING,1750.00,-2.02,900.00,11.10,10.00,13.81,0.0,-1.5708,0.0
BUILDING,1750.00,-14.88,1300.00,9.47,10.00,13.61,0.0,-1.5708,0.0
BUILDING,1750.00,-4.88,1300.00,9.47,10.00,13.61,0.0,-1.5708,0.0
BUILDING,1750.00,5.12,1300.00,9.47,10.00,13.61,0.0,-1.5708,0.0
BUILDING,1750.00,-9.08,820.00,13.48,10.00,11.29,0.0,-1.5708,0.0
BUILDING,1750.00,0.92,820.00,13.48,10.00,11.29,0.0,-1.5708,0.0
BUILDING,1750.00,10.92,820.00,13.48,10.00,11.29,0.0,-1.5708,0.0
BUILDING,1750.00,20.92,820.00,13.48,10.00,11.29,0.0,-1.5708,0.0
BUILDING,1750.00,30.92,820.00,13.48,10.00,11.29,0.0,-1.5708,0.0
BUILDING,1750.00,40.92,820.00,13.48,10.00,11.29,0.0,-1.5708,0.0
BUILDING,1750.00,50.92,820.00,13.48,10.00,11.29,0.0,-1.5708,0.0
BUILDING,1750.00,60.92,820.00,13.48,10.00,11.29,0.0,-1.5708,0.0
BUILDING,1750.00,70.92,820.00,13.48,10.00,11.29,0.0,-1.5708,0.0
BUILDING,1750.00,80.92,820.00,13.48,10.00,11.29,0.0,-1.5708,0.0
BUILDING,1750.00,90.92,820.00,13.48,10.00,11.29,0.0,-1.5708,0.0
BUILDING,1750.00,100.92,820.00,13.48,10.00,11.29,0.0,-1.5708,0.0
BUILDING,1750.00,-15.48,1380.00,9.67,10.00,13.10,0.0,-1.5708,0.0
BUILDING,1750.00,-5.48,1380.00,9.67,10.00,13.10,0.0,-1.5708,0.0
BUILDING,1750.00,4.52,1380.00,9.67,10.00,13.10,0.0,-1.5708,0.0
BUILDING,1750.00,14.52,1380.00,9.67,10.00,13.10,0.0,-1.5708,0.0
BUILDING,1750.00,24.52,1380.00,9.67,10.00,13.10,0.0,-1.5708,0.0
BUILDING,1750.00,34.52,1380.00,9.67,10.00,13.10,0.0,-1.5708,0.0
BUILDING,1750.00,44.52,1380.00,9.67,10.00,13.10,0.0,-1.5708,0.0
BUILDING,1750.00,54.52,1380.00,9.67,10.00,13.10,0.0,-1.5708,0.0
BUILDING,1750.00,64.52,1380.00,9.67,10.00,13.10,0.0,-1.5708,0.0
BUILDING,1750.00,-5.76,740.00,12.31,10.00,9.65,0.0,-1.5708,0.0
BUILDING,1750.00,4.24,740.00,12.31,10.00,9.65,0.0,-1.5708,0.0
BUILDING,1750.00,14.24,740.00,12.31,10.00,9.65,0.0,-1.5708,0.0
BUILDING,1750.00,24.24,740.00,12.31,10.00,9.65,0.0,-1.5708,0.0
BUILDING,1750.00,34.24,740.00,12.31,10.00,9.65,0.0,-1.5708,0.0
BUILDING,1750.00,44.24,740.00,12.31,10.00,9.65,0.0,-1.5708,0.0
BUILDING,1750.00,54.24,740.00,12.31,10.00,9.65,0.0,-1.5708,0.0
BUILDING,1750.00,64.24,740.00,12.31,10.00,9.65,0.0,-1.5708,0.0
BUILDING,1750.00,74.24,740.00,12.31,10.00,9.65,0.0,-1.5708,0.0
BUILDING,1750.00,84.24,740.00,12.31,10.00,9.65,0.0,-1.5708,0.0
BUILDING,1750.00,94.24,740.00,12.31,10.00,9.65,0.0,-1.5708,0.0
BUILDING,1750.00,104.24,740.00,12.31,10.00,9.65,0.0,-1.5708,0.0
BUILDING,1750.00,-16.62,1540.00,10.63,10.00,11.26,0.0,-1.5708,0.0
BUILDING,1750.00,-6.62,1540.00,10.63,10.00,11.26,0.0,-1.5708,0.0
BUILDING,1750.00,3.38,1540.00,10.63,10.00,11.26,0.0,-1.5708,0.0
BUILDING,1750.00,13.38,1540.00,10.63,10.00,11.26,0.0,-1.5708,0.0
BUILDING,1750.00,23.38,1540.00,10.63,10.00,11.26,0.0,-1.5708,0.0
BUILDING,1750.00,33.38,1540.00,10.63,10.00,11.26,0.0,-1.5708,0.0
BUILDING,1750.00,43.38,1540.00,10.63,10.00,11.26,0.0,-1.5708,0.0
BUILDING,1750.00,53.38,1540.00,10.63,10.00,11.26,0.0,-1.5708,0.0
BUILDING,1750.00,63.38,1540.00,10.63,10.00,11.26,0.0,-1.5708,0.0
BUILDING,1750.00,73.38,1540.00,10.63,10.00,11.26,0.0,-1.5708,0.0
BUILDING,1750.00,-15.92,1620.00,9.54,10.00,9.53,0.0,-1.5708,0.0
BUILDING,1750.00,-5.92,1620.00,9.54,10.00,9.53,0.0,-1.5708,0.0
BUILDING,1750.00,4.08,1620.00,9.54,10.00,9.53,0.0,-1.5708,0.0
BUILDING,1750.00,14.08,1620.00,9.54,10.00,9.53,0.0,-1.5708,0.0
BUILDING,1750.00,24.08,1620.00,9.54,10.00,9.53,0.0,-1.5708,0.0
BUILDING,1750.00,34.08,1620.00,9.54,10.00,9.53,0.0,-1.5708,0.0
BUILDING,1750.00,44.08,1620.00,9.54,10.00,9.53,0.0,-1.5708,0.0
BUILDING,1750.00,54.08,1620.00,9.54,10.00,9.53,0.0,-1.5708,0.0
BUILDING,1750.00,64.08,1620.00,9.54,10.00,9.53,0.0,-1.5708,0.0
BUILDING,1750.00,-0.95,500.00,11.68,10.00,13.82,0.0,-1.5708,0.0
BUILDING,1750.00,9.05,500.00,11.68,10.00,13.82,0.0,-1.5708,0.0
BUILDING,1750.00,19.05,500.00,11.68,10.00,13.82,0.0,-1.5708,0.0
BUILDING,1750.00,29.05,500.00,11.68,10.00,13.82,0.0,-1.5708,0.0
BUILDING,1750.00,39.05,500.00,11.68,10.00,13.82,0.0,-1.5708,0.0
BUILDING,1750.00,49.05,500.00,11.68,10.00,13.82,0.0,-1.5708,0.0
BUILDING,1750.00,59.05,500.00,11.68,10.00,13.82,0.0,-1.5708,0.0
BUILDING,1750.00,69.05,500.00,11.68,10.00,13.82,0.0,-1.5708,0.0
BUILDING,1750.00,79.05,500.00,11.68,10.00,13.82,0.0,-1.5708,0.0
BUILDING,1750.00,89.05,500.00,11.68,10.00,13.82,0.0,-1.5708,0.0
BUILDING,1750.00,99.05,500.00,11.68,10.00,13.82,0.0,-1.5708,0.0
BUILDING,1750.00,-13.72,1700.00,13.26,10.00,9.45,0.0,-1.5708,0.0
BUILDING,1750.00,-3.72,1700.00,13.26,10.00,9.45,0.0,-1.5708,0.0
BUILDING,1750.00,6.28,1700.00,13.26,10.00,9.45,0.0,-1.5708,0.0
BUILDING,1750.00,16.28,1700.00,13.26,10.00,9.45,0.0,-1.5708,0.0
BUILDING,1750.00,26.28,1700.00,13.26,10.00,9.45,0.0,-1.5708,0.0
BUILDING,1750.00,36.28,1700.00,13.26,10.00,9.45,0.0,-1.5708,0.0
BUILDING,1750.00,46.28,1700.00,13.26,10.00,9.45,0.0,-1.5708,0.0
BUILDING,1750.00,56.28,1700.00,13.26,10.00,9.45,0.0,-1.5708,0.0
BUILDING,1750.00,-2.42,420.00,12.48,10.00,9.20,0.0,-1.5708,0.0
BUILDING,1750.00,7.58,420.00,12.48,10.00,9.20,0.0,-1.5708,0.0
BUILDING,1750.00,17.58,420.00,12.48,10.00,9.20,0.0,-1.5708,0.0
BUILDING,1750.00,27.58,420.00,12.48,10.00,9.20,0.0,-1.5708,0.0
BUILDING,1750.00,37.58,420.00,12.48,10.00,9.20,0.0,-1.5708,0.0
BUILDING,1750.00,47.58,420.00,12.48,10.00,9.20,0.0,-1.5708,0.0
BUILDING,1750.00,57.58,420.00,12.48,10.00,9.20,0.0,-1.5708,0.0
BUILDING,1750.00,67.58,420.00,12.48,10.00,9.20,0.0,-1.5708,0.0
BUILDING,1750.00,77.58,420.00,12.48,10.00,9.20,0.0,-1.5708,0.0
BUILDING,1750.00,87.58,420.00,12.48,10.00,9.20,0.0,-1.5708,0.0
BUILDING,1750.00,97.58,420.00,12.48,10.00,9.20,0.0,-1.5708,0.0
BUILDING,1750.00,107.58,420.00,12.48,10.00,9.20,0.0,-1.5708,0.0
BUILDING,1750.00,-10.03,1780.00,12.56,10.00,13.84,0.0,-1.5708,0.0
BUILDING,1750.00,-0.03,1780.00,12.56,10.00,13.84,0.0,-1.5708,0.0
BUILDING,1750.00,9.97,1780.00,12.56,10.00,13.84,0.0,-1.5708,0.0
BUILDING,1750.00,19.97,1780.00,12.56,10.00,13.84,0.0,-1.5708,0.0
BUILDING,1750.00,29.97,1780.00,12.56,10.00,13.84,0.0,-1.5708,0.0
BUILDING,1750.00,39.97,1780.00,12.56,10.00,13.84,0.0,-1.5708,0.0
BUILDING,1750.00,49.97,1780.00,12.56,10.00,13.84,0.0,-1.5708,0.0
BUILDING,1750.00,-5.10,340.00,10.30,10.00,13.95,0.0,-1.5708,0.0
BUILDING,1750.00,4.90,340.00,10.30,10.00,13.95,0.0,-1.5708,0.0
BUILDING,1750.00,14.90,340.00,10.30,10.00,13.95,0.0,-1.5708,0.0
BUILDING,1750.00,24.90,340.00,10.30,10.00,13.95,0.0,-1.5708,0.0
BUILDING,1750.00,34.90,340.00,10.30,10.00,13.95,0.0,-1.5708,0.0
BUILDING,1750.00,44.90,340.00,10.30,10.00,13.95,0.0,-1.5708,0.0
BUILDING,1750.00,54.90,340.00,10.30,10.00,13.95,0.0,-1.5708,0.0
BUILDING,1750.00,64.90,340.00,10.30,10.00,13.95,0.0,-1.5708,0.0
BUILDING,1750.00,74.90,340.00,10.30,10.00,13.95,0.0,-1.5708,0.0
BUILDING,1750.00,84.90,340.00,10.30,10.00,13.95,0.0,-1.5708,0.0
BUILDING,1750.00,94.90,340.00,10.30,10.00,13.95,0.0,-1.5708,0.0
ENEMY,1749.28,119.75,492.00,3.8,3.8,3.8,0.0,0.0,0.0
BUILDING,1750.00,-8.27,260.00,9.51,10.00,12.97,0.0,-1.5708,0.0
BUILDING,1750.00,1.73,260.00,9.51,10.00,12.97,0.0,-1.5708,0.0
BUILDING,1750.00,11.73,260.00,9.51,10.00,12.97,0.0,-1.5708,0.0
BUILDING,1750.00,21.73,260.00,9.51,10.00,12.97,0.0,-1.5708,0.0
BUILDING,1750.00,31.73,260.00,9.51,10.00,12.97,0.0,-1.5708,0.0
BUILDING,1750.00,41.73,260.00,9.51,10.00,12.97,0.0,-1.5708,0.0
BUILDING,1750.00,51.73,260.00,9.51,10.00,12.97,0.0,-1.5708,0.0
BUILDING,1750.00,61.73,260.00,9.51,10.00,12.97,0.0,-1.5708,0.0
BUILDING,1750.00,71.73,260.00,9.51,10.00,12.97,0.0,-1.5708,0.0
BUILDING,1750.00,81.73,260.00,9.51,10.00,12.97,0.0,-1.5708,0.0
BUILDING,1750.00,91.73,260.00,9.51,10.00,12.97,0.0,-1.5708,0.0
BUILDING,1750.00,-0.58,1940.00,9.65,10.00,13.12,0.0,-1.5708,0.0
BUILDING,1750.00,9.42,1940.00,9.65,10.00,13.12,0.0,-1.5708,0.0
BUILDING,1750.00,19.42,1940.00,9.65,10.00,13.12,0.0,-1.5708,0.0
BUILDING,1750.00,29.42,1940.00,9.65,10.00,13.12,0.0,-1.5708,0.0
BUILDING,1750.00,39.42,1940.00,9.65,10.00,13.12,0.0,-1.5708,0.0
BUILDING,1750.00,49.42,1940.00,9.65,10.00,13.12,0.0,-1.5708,0.0
BUILDING,1750.00,59.42,1940.00,9.65,10.00,13.12,0.0,-1.5708,0.0
BUILDING,1750.00,69.42,1940.00,9.65,10.00,13.12,0.0,-1.5708,0.0
BUILDING,1750.00,79.42,1940.00,9.65,10.00,13.12,0.0,-1.5708,0.0
BUILDING,1750.00,89.42,1940.00,9.65,10.00,13.12,0.0,-1.5708,0.0
BUILDING,1750.00,99.42,1940.00,9.65,10.00,13.12,0.0,-1.5708,0.0
BUILDING,1750.00,109.42,1940.00,9.65,10.00,13.12,0.0,-1.5708,0.0
BUILDING,1750.00,-11.09,180.00,9.42,10.00,11.93,0.0,-1.5708,0.0
BUILDING,1750.00,-1.09,180.00,9.42,10.00,11.93,0.0,-1.5708,0.0
BUILDING,1750.00,8.91,180.00,9.42,10.00,11.93,0.0,-1.5708,0.0
BUILDING,1750.00,18.91,180.00,9.42,10.00,11.93,0.0,-1.5708,0.0
BUILDING,1750.00,28.91,180.00,9.42,10.00,11.93,0.0,-1.5708,0.0
BUILDING,1750.00,38.91,180.00,9.42,10.00,11.93,0.0,-1.5708,0.0
BUILDING,1750.00,48.91,180.00,9.42,10.00,11.93,0.0,-1.5708,0.0
BUILDING,1750.00,58.91,180.00,9.42,10.00,11.93,0.0,-1.5708,0.0
BUILDING,1750.00,68.91,180.00,9.42,10.00,11.93,0.0,-1.5708,0.0
BUILDING,1750.00,78.91,180.00,9.42,10.00,11.93,0.0,-1.5708,0.0
BUILDING,1750.00,88.91,180.00,9.42,10.00,11.93,0.0,-1.5708,0.0
BUILDING,1750.00,98.91,180.00,9.42,10.00,11.93,0.0,-1.5708,0.0
BUILDING,1750.00,3.21,2020.00,9.99,10.00,12.23,0.0,-1.5708,0.0
BUILDING,1750.00,13.21,2020.00,9.99,10.00,12.23,0.0,-1.5708,0.0
BUILDING,1750.00,23.21,2020.00,9.99,10.00,12.23,0.0,-1.5708,0.0
BUILDING,1750.00,33.21,2020.00,9.99,10.00,12.23,0.0,-1.5708,0.0
BUILDING,1750.00,43.21,2020.00,9.99,10.00,12.23,0.0,-1.5708,0.0
BUILDING,1750.00,53.21,2020.00,9.99,10.00,12.23,0.0,-1.5708,0.0
BUILDING,1750.00,63.21,2020.00,9.99,10.00,12.23,0.0,-1.5708,0.0
BUILDING,1750.00,73.21,2020.00,9.99,10.00,12.23,0.0,-1.5708,0.0
BUILDING,1750.00,83.21,2020.00,9.99,10.00,12.23,0.0,-1.5708,0.0
BUILDING,1750.00,93.21,2020.00,9.99,10.00,12.23,0.0,-1.5708,0.0
BUILDING,1750.00,103.21,2020.00,9.99,10.00,12.23,0.0,-1.5708,0.0
BUILDING,1750.00,113.21,2020.00,9.99,10.00,12.23,0.0,-1.5708,0.0
BUILDING,1830.00,-14.19,1300.00,13.11,10.00,10.97,0.0,-1.5708,0.0
BUILDING,1830.00,-4.19,1300.00,13.11,10.00,10.97,0.0,-1.5708,0.0
BUILDING,1830.00,5.81,1300.00,13.11,10.00,10.97,0.0,-1.5708,0.0
BUILDING,1830.00,15.81,1300.00,13.11,10.00,10.97,0.0,-1.5708,0.0
ENEMY,1825.09,44.01,1260.00,3.8,3.8,3.8,0.0,0.0,0.0
BUILDING,1830.00,-8.98,820.00,10.37,10.00,11.23,0.0,-1.5708,0.0
BUILDING,1830.00,1.02,820.00,10.37,10.00,11.23,0.0,-1.5708,0.0
BUILDING,1830.00,11.02,820.00,10.37,10.00,11.23,0.0,-1.5708,0.0
BUILDING,1830.00,21.02,820.00,10.37,10.00,11.23,0.0,-1.5708,0.0
BUILDING,1830.00,31.02,820.00,10.37,10.00,11.23,0.0,-1.5708,0.0
BUILDING,1830.00,41.02,820.00,10.37,10.00,11.23,0.0,-1.5708,0.0
BUILDING,1830.00,51.02,820.00,10.37,10.00,11.23,0.0,-1.5708,0.0
BUILDING,1830.00,61.02,820.00,10.37,10.00,11.23,0.0,-1.5708,0.0
BUILDING,1830.00,71.02,820.00,10.37,10.00,11.23,0.0,-1.5708,0.0
BUILDING,1830.00,-14.46,1380.00,10.23,10.00,10.48,0.0,-1.5708,0.0
BUILDING,1830.00,-4.46,1380.00,10.23,10.00,10.48,0.0,-1.5708,0.0
BUILDING,1830.00,5.54,1380.00,10.23,10.00,10.48,0.0,-1.5708,0.0
BUILDING,1830.00,15.54,1380.00,10.23,10.00,10.48,0.0,-1.5708,0.0
BUILDING,1830.00,25.54,1380.00,10.23,10.00,10.48,0.0,-1.5708,0.0
BUILDING,1830.00,35.54,1380.00,10.23,10.00,10.48,0.0,-1.5708,0.0
BUILDING,1830.00,45.54,1380.00,10.23,10.00,10.48,0.0,-1.5708,0.0
BUILDING,1830.00,55.54,1380.00,10.23,10.00,10.48,0.0,-1.5708,0.0
BUILDING,1830.00,65.54,1380.00,10.23,10.00,10.48,0.0,-1.5708,0.0
BUILDING,1830.00,75.54,1380.00,10.23,10.00,10.48,0.0,-1.5708,0.0
BUILDING,1830.00,-6.09,740.00,9.44,10.00,10.92,0.0,-1.5708,0.0
BUILDING,1830.00,3.91,740.00,9.44,10.00,10.92,0.0,-1.5708,0.0
BUILDING,1830.00,13.91,740.00,9.44,10.00,10.92,0.0,-1.5708,0.0
BUILDING,1830.00,23.91,740.00,9.44,10.00,10.92,0.0,-1.5708,0.0
BUILDING,1830.00,33.91,740.00,9.44,10.00,10.92,0.0,-1.5708,0.0
BUILDING,1830.00,43.91,740.00,9.44,10.00,10.92,0.0,-1.5708,0.0
BUILDING,1830.00,53.91,740.00,9.44,10.00,10.92,0.0,-1.5708,0.0
BUILDING,1830.00,63.91,740.00,9.44,10.00,10.92,0.0,-1.5708,0.0
BUILDING,1830.00,73.91,740.00,9.44,10.00,10.92,0.0,-1.5708,0.0
BUILDING,1830.00,-15.20,1460.00,10.25,10.00,13.97,0.0,-1.5708,0.0
BUILDING,1830.00,-5.20,1460.00,10.25,10.00,13.97,0.0,-1.5708,0.0
BUILDING,1830.00,4.80,1460.00,10.25,10.00,13.97,0.0,-1.5708,0.0
BUILDING,1830.00,14.80,1460.00,10.25,10.00,13.97,0.0,-1.5708,0.0
BUILDING,1830.00,24.80,1460.00,10.25,10.00,13.97,0.0,-1.5708,0.0
BUILDING,1830.00,34.80,1460.00,10.25,10.00,13.97,0.0,-1.5708,0.0
BUILDING,1830.00,44.80,1460.00,10.25,10.00,13.97,0.0,-1.5708,0.0
BUILDING,1830.00,54.80,1460.00,10.25,10.00,13.97,0.0,-1.5708,0.0
BUILDING,1830.00,64.80,1460.00,10.25,10.00,13.97,0.0,-1.5708,0.0
BUILDING,1830.00,-3.76,660.00,12.91,10.00,10.80,0.0,-1.5708,0.0
BUILDING,1830.00,6.24,660.00,12.91,10.00,10.80,0.0,-1.5708,0.0
BUILDING,1830.00,16.24,660.00,12.91,10.00,10.80,0.0,-1.5708,0.0
BUILDING,1830.00,26.24,660.00,12.91,10.00,10.80,0.0,-1.5708,0.0
BUILDING,1830.00,36.24,660.00,12.91,10.00,10.80,0.0,-1.5708,0.0
BUILDING,1830.00,46.24,660.00,12.91,10.00,10.80,0.0,-1.5708,0.0
BUILDING,1830.00,56.24,660.00,12.91,10.00,10.80,0.0,-1.5708,0.0
BUILDING,1830.00,66.24,660.00,12.91,10.00,10.80,0.0,-1.5708,0.0
BUILDING,1830.00,76.24,660.00,12.91,10.00,10.80,0.0,-1.5708,0.0
BUILDING,1830.00,86.24,660.00,12.91,10.00,10.80,0.0,-1.5708,0.0
BUILDING,1830.00,96.24,660.00,12.91,10.00,10.80,0.0,-1.5708,0.0
BUILDING,1830.00,106.24,660.00,12.91,10.00,10.80,0.0,-1.5708,0.0
BUILDING,1830.00,-15.95,1540.00,11.51,10.00,10.94,0.0,-1.5708,0.0
BUILDING,1830.00,-5.95,1540.00,11.51,10.00,10.94,0.0,-1.5708,0.0
BUILDING,1830.00,4.05,1540.00,11.51,10.00,10.94,0.0,-1.5708,0.0
BUILDING,1830.00,14.05,1540.00,11.51,10.00,10.94,0.0,-1.5708,0.0
BUILDING,1830.00,24.05,1540.00,11.51,10.00,10.94,0.0,-1.5708,0.0
BUILDING,1830.00,34.05,1540.00,11.51,10.00,10.94,0.0,-1.5708,0.0
BUILDING,1830.00,44.05,1540.00,11.51,10.00,10.94,0.0,-1.5708,0.0
BUILDING,1830.00,54.05,1540.00,11.51,10.00,10.94,0.0,-1.5708,0.0
BUILDING,1830.00,64.05,1540.00,11.51,10.00,10.94,0.0,-1.5708,0.0
BUILDING,1830.00,-2.47,580.00,9.15,10.00,13.05,0.0,-1.5708,0.0
BUILDING,1830.00,7.53,580.00,9.15,10.00,13.05,0.0,-1.5708,0.0
BUILDING,1830.00,17.53,580.00,9.15,10.00,13.05,0.0,-1.5708,0.0
BUILDING,1830.00,27.53,580.00,9.15,10.00,13.05,0.0,-1.5708,0.0
BUILDING,1830.00,37.53,580.00,9.15,10.00,13.05,0.0,-1.5708,0.0
BUILDING,1830.00,47.53,580.00,9.15,10.00,13.05,0.0,-1.5708,0.0
BUILDING,1830.00,57.53,580.00,9.15,10.00,13.05,0.0,-1.5708,0.0
BUILDING,1830.00,67.53,580.00,9.15,10.00,13.05,0.0,-1.5708,0.0
BUILDING,1830.00,77.53,580.00,9.15,10.00,13.05,0.0,-1.5708,0.0
BUILDING,1830.00,87.53,580.00,9.15,10.00,13.05,0.0,-1.5708,0.0
BUILDING,1830.00,97.53,580.00,9.15,10.00,13.05,0.0,-1.5708,0.0
BUILDING,1830.00,107.53,580.00,9.15,10.00,13.05,0.0,-1.5708,0.0
BUILDING,1830.00,-2.38,500.00,12.83,10.00,14.00,0.0,-1.5708,0.0
BUILDING,1830.00,7.62,500.00,12.83,10.00,14.00,0.0,-1.5708,0.0
BUILDING,1830.00,17.62,500.00,12.83,10.00,14.00,0.0,-1.5708,0.0
BUILDING,1830.00,27.62,500.00,12.83,10.00,14.00,0.0,-1.5708,0.0
BUILDING,1830.00,37.62,500.00,12.83,10.00,14.00,0.0,-1.5708,0.0
BUILDING,1830.00,47.62,500.00,12.83,10.00,14.00,0.0,-1.5708,0.0
BUILDING,1830.00,57.62,500.00,12.83,10.00,14.00,0.0,-1.5708,0.0
BUILDING,1830.00,67.62,500.00,12.83,10.00,14.00,0.0,-1.5708,0.0
BUILDING,1830.00,77.62,500.00,12.83,10.00,14.00,0.0,-1.5708,0.0
BUILDING,1830.00,87.62,500.00,12.83,10.00,14.00,0.0,-1.5708,0.0
BUILDING,1830.00,97.62,500.00,12.83,10.00,14.00,0.0,-1.5708,0.0
BUILDING,1830.00,107.62,500.00,12.83,10.00,14.00,0.0,-1.5708,0.0
BUILDING,1830.00,-14.74,1700.00,10.21,10.00,11.67,0.0,-1.5708,0.0
BUILDING,1830.00,-4.74,1700.00,10.21,10.00,11.67,0.0,-1.5708,0.0
BUILDING,1830.00,5.26,1700.00,10.21,10.00,11.67,0.0,-1.5708,0.0
BUILDING,1830.00,15.26,1700.00,10.21,10.00,11.67,0.0,-1.5708,0.0
BUILDING,1830.00,25.26,1700.00,10.21,10.00,11.67,0.0,-1.5708,0.0
BUILDING,1830.00,35.26,1700.00,10.21,10.00,11.67,0.0,-1.5708,0.0
BUILDING,1830.00,45.26,1700.00,10.21,10.00,11.67,0.0,-1.5708,0.0
BUILDING,1830.00,55.26,1700.00,10.21,10.00,11.67,0.0,-1.5708,0.0
BUILDING,1830.00,65.26,1700.00,10.21,10.00,11.67,0.0,-1.5708,0.0
BUILDING,1830.00,75.26,1700.00,10.21,10.00,11.67,0.0,-1.5708,0.0
BUILDING,1830.00,85.26,1700.00,10.21,10.00,11.67,0.0,-1.5708,0.0
BUILDING,1830.00,-7.36,1860.00,10.77,10.00,13.20,0.0,-1.5708,0.0
BUILDING,1830.00,2.64,1860.00,10.77,10.00,13.20,0.0,-1.5708,0.0
BUILDING,1830.00,12.64,1860.00,10.77,10.00,13.20,0.0,-1.5708,0.0
BUILDING,1830.00,22.64,1860.00,10.77,10.00,13.20,0.0,-1.5708,0.0
BUILDING,1830.00,32.64,1860.00,10.77,10.00,13.20,0.0,-1.5708,0.0
BUILDING,1830.00,42.64,1860.00,10.77,10.00,13.20,0.0,-1.5708,0.0
BUILDING,1830.00,52.64,1860.00,10.77,10.00,13.20,0.0,-1.5708,0.0
BUILDING,1830.00,62.64,1860.00,10.77,10.00,13.20,0.0,-1.5708,0.0
BUILDING,1830.00,72.64,1860.00,10.77,10.00,13.20,0.0,-1.5708,0.0
BUILDING,1830.00,82.64,1860.00,10.77,10.00,13.20,0.0,-1.5708,0.0
BUILDING,1830.00,92.64,1860.00,10.77,10.00,13.20,0.0,-1.5708,0.0
BUILDING,1830.00,102.64,1860.00,10.77,10.00,13.20,0.0,-1.5708,0.0
BUILDING,1830.00,-6.48,260.00,10.59,10.00,12.69,0.0,-1.5708,0.0
BUILDING,1830.00,3.52,260.00,10.59,10.00,12.69,0.0,-1.5708,0.0
BUILDING,1830.00,13.52,260.00,10.59,10.00,12.69,0.0,-1.5708,0.0
BUILDING,1830.00,23.52,260.00,10.59,10.00,12.69,0.0,-1.5708,0.0
BUILDING,1830.00,33.52,260.00,10.59,10.00,12.69,0.0,-1.5708,0.0
BUILDING,1830.00,43.52,260.00,10.59,10.00,12.69,0.0,-1.5708,0.0
BUILDING,1830.00,53.52,260.00,10.59,10.00,12.69,0.0,-1.5708,0.0
BUILDING,1830.00,63.52,260.00,10.59,10.00,12.69,0.0,-1.5708,0.0
BUILDING,1830.00,73.52,260.00,10.59,10.00,12.69,0.0,-1.5708,0.0
BUILDING,1830.00,83.52,260.00,10.59,10.00,12.69,0.0,-1.5708,0.0
BUILDING,1830.00,93.52,260.00,10.59,10.00,12.69,0.0,-1.5708,0.0
BUILDING,1830.00,103.52,260.00,10.59,10.00,12.69,0.0,-1.5708,0.0
BUILDING,1830.00,-2.18,1940.00,12.50,10.00,13.74,0.0,-1.5708,0.0
BUILDING,1830.00,7.82,1940.00,12.50,10.00,13.74,0.0,-1.5708,0.0
BUILDING,1830.00,17.82,1940.00,12.50,10.00,13.74,0.0,-1.5708,0.0
BUILDING,1830.00,27.82,1940.00,12.50,10.00,13.74,0.0,-1.5708,0.0
BUILDING,1830.00,37.82,1940.00,12.50,10.00,13.74,0.0,-1.5708,0.0
BUILDING,1830.00,47.82,1940.00,12.50,10.00,13.74,0.0,-1.5708,0.0
BUILDING,1830.00,57.82,1940.00,12.50,10.00,13.74,0.0,-1.5708,0.0
BUILDING,1830.00,67.82,1940.00,12.50,10.00,13.74,0.0,-1.5708,0.0
BUILDING,1830.00,77.82,1940.00,12.50,10.00,13.74,0.0,-1.5708,0.0
BUILDING,1830.00,87.82,1940.00,12.50,10.00,13.74,0.0,-1.5708,0.0
BUILDING,1830.00,97.82,1940.00,12.50,10.00,13.74,0.0,-1.5708,0.0
BUILDING,1830.00,107.82,1940.00,12.50,10.00,13.74,0.0,-1.5708,0.0
BUILDING,1830.00,-7.76,180.00,13.18,10.00,13.05,0.0,-1.5708,0.0
BUILDING,1830.00,2.24,180.00,13.18,10.00,13.05,0.0,-1.5708,0.0
BUILDING,1830.00,12.24,180.00,13.18,10.00,13.05,0.0,-1.5708,0.0
BUILDING,1830.00,22.24,180.00,13.18,10.00,13.05,0.0,-1.5708,0.0
BUILDING,1830.00,32.24,180.00,13.18,10.00,13.05,0.0,-1.5708,0.0
BUILDING,1830.00,42.24,180.00,13.18,10.00,13.05,0.0,-1.5708,0.0
BUILDING,1830.00,52.24,180.00,13.18,10.00,13.05,0.0,-1.5708,0.0
BUILDING,1830.00,62.24,180.00,13.18,10.00,13.05,0.0,-1.5708,0.0
BUILDING,1830.00,72.24,180.00,13.18,10.00,13.05,0.0,-1.5708,0.0
BUILDING,1830.00,2.65,2020.00,11.45,10.00,9.45,0.0,-1.5708,0.0
BUILDING,1830.00,12.65,2020.00,11.45,10.00,9.45,0.0,-1.5708,0.0
BUILDING,1830.00,22.65,2020.00,11.45,10.00,9.45,0.0,-1.5708,0.0
BUILDING,1830.00,32.65,2020.00,11.45,10.00,9.45,0.0,-1.5708,0.0
BUILDING,1830.00,42.65,2020.00,11.45,10.00,9.45,0.0,-1.5708,0.0
BUILDING,1830.00,52.65,2020.00,11.45,10.00,9.45,0.0,-1.5708,0.0
BUILDING,1830.00,62.65,2020.00,11.45,10.00,9.45,0.0,-1.5708,0.0
BUILDING,1830.00,72.65,2020.00,11.45,10.00,9.45,0.0,-1.5708,0.0
BUILDING,1830.00,82.65,2020.00,11.45,10.00,9.45,0.0,-1.5708,0.0
BUILDING,1830.00,92.65,2020.00,11.45,10.00,9.45,0.0,-1.5708,0.0
BUILDING,1830.00,102.65,2020.00,11.45,10.00,9.45,0.0,-1.5708,0.0
BUILDING,1830.00,112.65,2020.00,11.45,10.00,9.45,0.0,-1.5708,0.0
BUILDING,1910.00,-11.90,900.00,10.70,10.00,9.89,0.0,-1.5708,0.0
BUILDING,1910.00,-1.90,900.00,10.70,10.00,9.89,0.0,-1.5708,0.0
BUILDING,1910.00,-9.48,820.00,11.93,10.00,13.59,0.0,-1.5708,0.0
BUILDING,1910.00,0.52,820.00,11.93,10.00,13.59,0.0,-1.5708,0.0
BUILDING,1910.00,10.52,820.00,11.93,10.00,13.59,0.0,-1.5708,0.0
BUILDING,1910.00,20.52,820.00,11.93,10.00,13.59,0.0,-1.5708,0.0
BUILDING,1910.00,30.52,820.00,11.93,10.00,13.59,0.0,-1.5708,0.0
BUILDING,1910.00,40.52,820.00,11.93,10.00,13.59,0.0,-1.5708,0.0
BUILDING,1910.00,50.52,820.00,11.93,10.00,13.59,0.0,-1.5708,0.0
BUILDING,1910.00,60.52,820.00,11.93,10.00,13.59,0.0,-1.5708,0.0
BUILDING,1910.00,70.52,820.00,11.93,10.00,13.59,0.0,-1.5708,0.0
BUILDING,1910.00,-5.05,660.00,10.98,10.00,9.51,0.0,-1.5708,0.0
BUILDING,1910.00,4.95,660.00,10.98,10.00,9.51,0.0,-1.5708,0.0
BUILDING,1910.00,14.95,660.00,10.98,10.00,9.51,0.0,-1.5708,0.0
BUILDING,1910.00,24.95,660.00,10.98,10.00,9.51,0.0,-1.5708,0.0
BUILDING,1910.00,34.95,660.00,10.98,10.00,9.51,0.0,-1.5708,0.0
BUILDING,1910.00,44.95,660.00,10.98,10.00,9.51,0.0,-1.5708,0.0
BUILDING,1910.00,54.95,660.00,10.98,10.00,9.51,0.0,-1.5708,0.0
BUILDING,1910.00,64.95,660.00,10.98,10.00,9.51,0.0,-1.5708,0.0
BUILDING,1910.00,74.95,660.00,10.98,10.00,9.51,0.0,-1.5708,0.0
BUILDING,1910.00,84.95,660.00,10.98,10.00,9.51,0.0,-1.5708,0.0
BUILDING,1910.00,94.95,660.00,10.98,10.00,9.51,0.0,-1.5708,0.0
BUILDING,1910.00,104.95,660.00,10.98,10.00,9.51,0.0,-1.5708,0.0
BUILDING,1910.00,-14.29,1540.00,12.66,10.00,11.18,0.0,-1.5708,0.0
BUILDING,1910.00,-4.29,1540.00,12.66,10.00,11.18,0.0,-1.5708,0.0
BUILDING,1910.00,5.71,1540.00,12.66,10.00,11.18,0.0,-1.5708,0.0
BUILDING,1910.00,15.71,1540.00,12.66,10.00,11.18,0.0,-1.5708,0.0
BUILDING,1910.00,25.71,1540.00,12.66,10.00,11.18,0.0,-1.5708,0.0
BUILDING,1910.00,35.71,1540.00,12.66,10.00,11.18,0.0,-1.5708,0.0
BUILDING,1910.00,45.71,1540.00,12.66,10.00,11.18,0.0,-1.5708,0.0
BUILDING,1910.00,-3.67,580.00,9.87,10.00,13.84,0.0,-1.5708,0.0
BUILDING,1910.00,6.33,580.00,9.87,10.00,13.84,0.0,-1.5708,0.0
BUILDING,1910.00,16.33,580.00,9.87,10.00,13.84,0.0,-1.5708,0.0
BUILDING,1910.00,26.33,580.00,9.87,10.00,13.84,0.0,-1.5708,0.0
BUILDING,1910.00,36.33,580.00,9.87,10.00,13.84,0.0,-1.5708,0.0
BUILDING,1910.00,46.33,580.00,9.87,10.00,13.84,0.0,-1.5708,0.0
BUILDING,1910.00,56.33,580.00,9.87,10.00,13.84,0.0,-1.5708,0.0
BUILDING,1910.00,66.33,580.00,9.87,10.00,13.84,0.0,-1.5708,0.0
BUILDING,1910.00,76.33,580.00,9.87,10.00,13.84,0.0,-1.5708,0.0
BUILDING,1910.00,86.33,580.00,9.87,10.00,13.84,0.0,-1.5708,0.0
BUILDING,1910.00,96.33,580.00,9.87,10.00,13.84,0.0,-1.5708,0.0
BUILDING,1910.00,106.33,580.00,9.87,10.00,13.84,0.0,-1.5708,0.0
BUILDING,1910.00,-14.50,1700.00,13.07,10.00,10.89,0.0,-1.5708,0.0
BUILDING,1910.00,-4.50,1700.00,13.07,10.00,10.89,0.0,-1.5708,0.0
BUILDING,1910.00,5.50,1700.00,13.07,10.00,10.89,0.0,-1.5708,0.0
BUILDING,1910.00,15.50,1700.00,13.07,10.00,10.89,0.0,-1.5708,0.0
BUILDING,1910.00,25.50,1700.00,13.07,10.00,10.89,0.0,-1.5708,0.0
BUILDING,1910.00,35.50,1700.00,13.07,10.00,10.89,0.0,-1.5708,0.0
BUILDING,1910.00,45.50,1700.00,13.07,10.00,10.89,0.0,-1.5708,0.0
BUILDING,1910.00,55.50,1700.00,13.07,10.00,10.89,0.0,-1.5708,0.0
BUILDING,1910.00,65.50,1700.00,13.07,10.00,10.89,0.0,-1.5708,0.0
BUILDING,1910.00,75.50,1700.00,13.07,10.00,10.89,0.0,-1.5708,0.0
BUILDING,1910.00,-2.66,420.00,12.64,10.00,13.74,0.0,-1.5708,0.0
BUILDING,1910.00,7.34,420.00,12.64,10.00,13.74,0.0,-1.5708,0.0
BUILDING,1910.00,17.34,420.00,12.64,10.00,13.74,0.0,-1.5708,0.0
BUILDING,1910.00,27.34,420.00,12.64,10.00,13.74,0.0,-1.5708,0.0
BUILDING,1910.00,37.34,420.00,12.64,10.00,13.74,0.0,-1.5708,0.0
BUILDING,1910.00,47.34,420.00,12.64,10.00,13.74,0.0,-1.5708,0.0
BUILDING,1910.00,57.34,420.00,12.64,10.00,13.74,0.0,-1.5708,0.0
BUILDING,1910.00,67.34,420.00,12.64,10.00,13.74,0.0,-1.5708,0.0
BUILDING,1910.00,77.34,420.00,12.64,10.00,13.74,0.0,-1.5708,0.0
BUILDING,1910.00,87.34,420.00,12.64,10.00,13.74,0.0,-1.5708,0.0
BUILDING,1910.00,97.34,420.00,12.64,10.00,13.74,0.0,-1.5708,0.0
BUILDING,1910.00,-12.75,1780.00,9.16,10.00,12.01,0.0,-1.5708,0.0
BUILDING,1910.00,-2.75,1780.00,9.16,10.00,12.01,0.0,-1.5708,0.0
BUILDING,1910.00,7.25,1780.00,9.16,10.00,12.01,0.0,-1.5708,0.0
BUILDING,1910.00,17.25,1780.00,9.16,10.00,12.01,0.0,-1.5708,0.0
BUILDING,1910.00,27.25,1780.00,9.16,10.00,12.01,0.0,-1.5708,0.0
BUILDING,1910.00,37.25,1780.00,9.16,10.00,12.01,0.0,-1.5708,0.0
BUILDING,1910.00,47.25,1780.00,9.16,10.00,12.01,0.0,-1.5708,0.0
BUILDING,1910.00,57.25,1780.00,9.16,10.00,12.01,0.0,-1.5708,0.0
BUILDING,1910.00,67.25,1780.00,9.16,10.00,12.01,0.0,-1.5708,0.0
BUILDING,1910.00,77.25,1780.00,9.16,10.00,12.01,0.0,-1.5708,0.0
BUILDING,1910.00,-9.39,1860.00,9.52,10.00,11.48,0.0,-1.5708,0.0
BUILDING,1910.00,0.61,1860.00,9.52,10.00,11.48,0.0,-1.5708,0.0
BUILDING,1910.00,10.61,1860.00,9.52,10.00,11.48,0.0,-1.5708,0.0
BUILDING,1910.00,20.61,1860.00,9.52,10.00,11.48,0.0,-1.5708,0.0
BUILDING,1910.00,30.61,1860.00,9.52,10.00,11.48,0.0,-1.5708,0.0
BUILDING,1910.00,40.61,1860.00,9.52,10.00,11.48,0.0,-1.5708,0.0
BUILDING,1910.00,50.61,1860.00,9.52,10.00,11.48,0.0,-1.5708,0.0
BUILDING,1910.00,60.61,1860.00,9.52,10.00,11.48,0.0,-1.5708,0.0
BUILDING,1910.00,70.61,1860.00,9.52,10.00,11.48,0.0,-1.5708,0.0
BUILDING,1910.00,80.61,1860.00,9.52,10.00,11.48,0.0,-1.5708,0.0
BUILDING,1910.00,90.61,1860.00,9.52,10.00,11.48,0.0,-1.5708,0.0
BUILDING,1910.00,100.61,1860.00,9.52,10.00,11.48,0.0,-1.5708,0.0
BUILDING,1910.00,-2.80,260.00,13.91,10.00,9.84,0.0,-1.5708,0.0
BUILDING,1910.00,7.20,260.00,13.91,10.00,9.84,0.0,-1.5708,0.0
BUILDING,1910.00,17.20,260.00,13.91,10.00,9.84,0.0,-1.5708,0.0
BUILDING,1910.00,27.20,260.00,13.91,10.00,9.84,0.0,-1.5708,0.0
BUILDING,1910.00,37.20,260.00,13.91,10.00,9.84,0.0,-1.5708,0.0
BUILDING,1910.00,47.20,260.00,13.91,10.00,9.84,0.0,-1.5708,0.0
BUILDING,1910.00,57.20,260.00,13.91,10.00,9.84,0.0,-1.5708,0.0
BUILDING,1910.00,67.20,260.00,13.91,10.00,9.84,0.0,-1.5708,0.0
BUILDING,1910.00,77.20,260.00,13.91,10.00,9.84,0.0,-1.5708,0.0
BUILDING,1910.00,87.20,260.00,13.91,10.00,9.84,0.0,-1.5708,0.0
BUILDING,1910.00,97.20,260.00,13.91,10.00,9.84,0.0,-1.5708,0.0
BUILDING,1910.00,107.20,260.00,13.91,10.00,9.84,0.0,-1.5708,0.0
BUILDING,1910.00,-4.82,1940.00,12.35,10.00,12.65,0.0,-1.5708,0.0
BUILDING,1910.00,5.18,1940.00,12.35,10.00,12.65,0.0,-1.5708,0.0
BUILDING,1910.00,15.18,1940.00,12.35,10.00,12.65,0.0,-1.5708,0.0
BUILDING,1910.00,25.18,1940.00,12.35,10.00,12.65,0.0,-1.5708,0.0
BUILDING,1910.00,35.18,1940.00,12.35,10.00,12.65,0.0,-1.5708,0.0
BUILDING,1910.00,45.18,1940.00,12.35,10.00,12.65,0.0,-1.5708,0.0
BUILDING,1910.00,55.18,1940.00,12.35,10.00,12.65,0.0,-1.5708,0.0
BUILDING,1910.00,65.18,1940.00,12.35,10.00,12.65,0.0,-1.5708,0.0
BUILDING,1910.00,75.18,1940.00,12.35,10.00,12.65,0.0,-1.5708,0.0
BUILDING,1910.00,85.18,1940.00,12.35,10.00,12.65,0.0,-1.5708,0.0
BUILDING,1910.00,95.18,1940.00,12.35,10.00,12.65,0.0,-1.5708,0.0
BUILDING,1910.00,105.18,1940.00,12.35,10.00,12.65,0.0,-1.5708,0.0
BUILDING,1910.00,-3.06,180.00,10.25,10.00,9.34,0.0,-1.5708,0.0
BUILDING,1910.00,6.94,180.00,10.25,10.00,9.34,0.0,-1.5708,0.0
BUILDING,1910.00,16.94,180.00,10.25,10.00,9.34,0.0,-1.5708,0.0
BUILDING,1910.00,26.94,180.00,10.25,10.00,9.34,0.0,-1.5708,0.0
BUILDING,1910.00,36.94,180.00,10.25,10.00,9.34,0.0,-1.5708,0.0
BUILDING,1910.00,46.94,180.00,10.25,10.00,9.34,0.0,-1.5708,0.0
BUILDING,1910.00,56.94,180.00,10.25,10.00,9.34,0.0,-1.5708,0.0
BUILDING,1910.00,66.94,180.00,10.25,10.00,9.34,0.0,-1.5708,0.0
BUILDING,1910.00,76.94,180.00,10.25,10.00,9.34,0.0,-1.5708,0.0
BUILDING,1910.00,86.94,180.00,10.25,10.00,9.34,0.0,-1.5708,0.0
BUILDING,1910.00,96.94,180.00,10.25,10.00,9.34,0.0,-1.5708,0.0
BUILDING,1910.00,0.11,2020.00,9.24,10.00,11.19,0.0,-1.5708,0.0
BUILDING,1910.00,10.11,2020.00,9.24,10.00,11.19,0.0,-1.5708,0.0
BUILDING,1910.00,20.11,2020.00,9.24,10.00,11.19,0.0,-1.5708,0.0
BUILDING,1910.00,30.11,2020.00,9.24,10.00,11.19,0.0,-1.5708,0.0
BUILDING,1910.00,40.11,2020.00,9.24,10.00,11.19,0.0,-1.5708,0.0
BUILDING,1910.00,50.11,2020.00,9.24,10.00,11.19,0.0,-1.5708,0.0
BUILDING,1910.00,60.11,2020.00,9.24,10.00,11.19,0.0,-1.5708,0.0
BUILDING,1910.00,70.11,2020.00,9.24,10.00,11.19,0.0,-1.5708,0.0
BUILDING,1910.00,80.11,2020.00,9.24,10.00,11.19,0.0,-1.5708,0.0
BUILDING,1910.00,90.11,2020.00,9.24,10.00,11.19,0.0,-1.5708,0.0
BUILDING,1910.00,100.11,2020.00,9.24,10.00,11.19,0.0,-1.5708,0.0
BUILDING,1910.00,110.11,2020.00,9.24,10.00,11.19,0.0,-1.5708,0.0
BUILDING,1990.00,-12.31,900.00,12.94,10.00,11.89,0.0,-1.5708,0.0
BUILDING,1990.00,-2.31,900.00,12.94,10.00,11.89,0.0,-1.5708,0.0
BUILDING,1990.00,7.69,900.00,12.94,10.00,11.89,0.0,-1.5708,0.0
BUILDING,1990.00,17.69,900.00,12.94,10.00,11.89,0.0,-1.5708,0.0
BUILDING,1990.00,-13.09,1300.00,9.37,10.00,13.23,0.0,-1.5708,0.0
BUILDING,1990.00,-3.09,1300.00,9.37,10.00,13.23,0.0,-1.5708,0.0
BUILDING,1990.00,6.91,1300.00,9.37,10.00,13.23,0.0,-1.5708,0.0
BUILDING,1990.00,16.91,1300.00,9.37,10.00,13.23,0.0,-1.5708,0.0
BUILDING,1990.00,-10.25,820.00,9.37,10.00,9.85,0.0,-1.5708,0.0
BUILDING,1990.00,-0.25,820.00,9.37,10.00,9.85,0.0,-1.5708,0.0
BUILDING,1990.00,9.75,820.00,9.37,10.00,9.85,0.0,-1.5708,0.0
BUILDING,1990.00,19.75,820.00,9.37,10.00,9.85,0.0,-1.5708,0.0
BUILDING,1990.00,29.75,820.00,9.37,10.00,9.85,0.0,-1.5708,0.0
BUILDING,1990.00,39.75,820.00,9.37,10.00,9.85,0.0,-1.5708,0.0
BUILDING,1990.00,49.75,820.00,9.37,10.00,9.85,0.0,-1.5708,0.0
BUILDING,1990.00,-8.06,740.00,10.69,10.00,13.93,0.0,-1.5708,0.0
BUILDING,1990.00,1.94,740.00,10.69,10.00,13.93,0.0,-1.5708,0.0
BUILDING,1990.00,11.94,740.00,10.69,10.00,13.93,0.0,-1.5708,0.0
BUILDING,1990.00,21.94,740.00,10.69,10.00,13.93,0.0,-1.5708,0.0
BUILDING,1990.00,31.94,740.00,10.69,10.00,13.93,0.0,-1.5708,0.0
BUILDING,1990.00,41.94,740.00,10.69,10.00,13.93,0.0,-1.5708,0.0
BUILDING,1990.00,51.94,740.00,10.69,10.00,13.93,0.0,-1.5708,0.0
BUILDING,1990.00,61.94,740.00,10.69,10.00,13.93,0.0,-1.5708,0.0
BUILDING,1990.00,-5.91,660.00,9.82,10.00,13.45,0.0,-1.5708,0.0
BUILDING,1990.00,4.09,660.00,9.82,10.00,13.45,0.0,-1.5708,0.0
BUILDING,1990.00,14.09,660.00,9.82,10.00,13.45,0.0,-1.5708,0.0
BUILDING,1990.00,24.09,660.00,9.82,10.00,13.45,0.0,-1.5708,0.0
BUILDING,1990.00,34.09,660.00,9.82,10.00,13.45,0.0,-1.5708,0.0
BUILDING,1990.00,44.09,660.00,9.82,10.00,13.45,0.0,-1.5708,0.0
BUILDING,1990.00,54.09,660.00,9.82,10.00,13.45,0.0,-1.5708,0.0
BUILDING,1990.00,64.09,660.00,9.82,10.00,13.45,0.0,-1.5708,0.0
BUILDING,1990.00,74.09,660.00,9.82,10.00,13.45,0.0,-1.5708,0.0
BUILDING,1990.00,84.09,660.00,9.82,10.00,13.45,0.0,-1.5708,0.0
BUILDING,1990.00,94.09,660.00,9.82,10.00,13.45,0.0,-1.5708,0.0
BUILDING,1990.00,104.09,660.00,9.82,10.00,13.45,0.0,-1.5708,0.0
BUILDING,1990.00,-12.10,1540.00,13.87,10.00,11.05,0.0,-1.5708,0.0
BUILDING,1990.00,-2.10,1540.00,13.87,10.00,11.05,0.0,-1.5708,0.0
BUILDING,1990.00,7.90,1540.00,13.87,10.00,11.05,0.0,-1.5708,0.0
BUILDING,1990.00,17.90,1540.00,13.87,10.00,11.05,0.0,-1.5708,0.0
BUILDING,1990.00,27.90,1540.00,13.87,10.00,11.05,0.0,-1.5708,0.0
BUILDING,1990.00,37.90,1540.00,13.87,10.00,11.05,0.0,-1.5708,0.0
BUILDING,1990.00,47.90,1540.00,13.87,10.00,11.05,0.0,-1.5708,0.0
BUILDING,1990.00,57.90,1540.00,13.87,10.00,11.05,0.0,-1.5708,0.0
BUILDING,1990.00,-12.56,1620.00,10.41,10.00,10.19,0.0,-1.5708,0.0
BUILDING,1990.00,-2.56,1620.00,10.41,10.00,10.19,0.0,-1.5708,0.0
BUILDING,1990.00,7.44,1620.00,10.41,10.00,10.19,0.0,-1.5708,0.0
BUILDING,1990.00,17.44,1620.00,10.41,10.00,10.19,0.0,-1.5708,0.0
BUILDING,1990.00,27.44,1620.00,10.41,10.00,10.19,0.0,-1.5708,0.0
BUILDING,1990.00,37.44,1620.00,10.41,10.00,10.19,0.0,-1.5708,0.0
BUILDING,1990.00,47.44,1620.00,10.41,10.00,10.19,0.0,-1.5708,0.0
BUILDING,1990.00,57.44,1620.00,10.41,10.00,10.19,0.0,-1.5708,0.0
BUILDING,1990.00,67.44,1620.00,10.41,10.00,10.19,0.0,-1.5708,0.0
BUILDING,1990.00,77.44,1620.00,10.41,10.00,10.19,0.0,-1.5708,0.0
BUILDING,1990.00,87.44,1620.00,10.41,10.00,10.19,0.0,-1.5708,0.0
ENEMY,1995.10,114.30,1516.00,3.8,3.8,3.8,0.0,0.0,0.0
BUILDING,1990.00,-1.99,500.00,9.02,10.00,9.44,0.0,-1.5708,0.0
BUILDING,1990.00,8.01,500.00,9.02,10.00,9.44,0.0,-1.5708,0.0
BUILDING,1990.00,18.01,500.00,9.02,10.00,9.44,0.0,-1.5708,0.0
BUILDING,1990.00,28.01,500.00,9.02,10.00,9.44,0.0,-1.5708,0.0
BUILDING,1990.00,38.01,500.00,9.02,10.00,9.44,0.0,-1.5708,0.0
BUILDING,1990.00,48.01,500.00,9.02,10.00,9.44,0.0,-1.5708,0.0
BUILDING,1990.00,58.01,500.00,9.02,10.00,9.44,0.0,-1.5708,0.0
BUILDING,1990.00,68.01,500.00,9.02,10.00,9.44,0.0,-1.5708,0.0
BUILDING,1990.00,78.01,500.00,9.02,10.00,9.44,0.0,-1.5708,0.0
BUILDING,1990.00,88.01,500.00,9.02,10.00,9.44,0.0,-1.5708,0.0
BUILDING,1990.00,98.01,500.00,9.02,10.00,9.44,0.0,-1.5708,0.0
BUILDING,1990.00,108.01,500.00,9.02,10.00,9.44,0.0,-1.5708,0.0
BUILDING,1990.00,-12.75,1700.00,10.00,10.00,9.13,0.0,-1.5708,0.0
BUILDING,1990.00,-2.75,1700.00,10.00,10.00,9.13,0.0,-1.5708,0.0
BUILDING,1990.00,7.25,1700.00,10.00,10.00,9.13,0.0,-1.5708,0.0
BUILDING,1990.00,17.25,1700.00,10.00,10.00,9.13,0.0,-1.5708,0.0
BUILDING,1990.00,27.25,1700.00,10.00,10.00,9.13,0.0,-1.5708,0.0
BUILDING,1990.00,37.25,1700.00,10.00,10.00,9.13,0.0,-1.5708,0.0
BUILDING,1990.00,47.25,1700.00,10.00,10.00,9.13,0.0,-1.5708,0.0
BUILDING,1990.00,57.25,1700.00,10.00,10.00,9.13,0.0,-1.5708,0.0
BUILDING,1990.00,67.25,1700.00,10.00,10.00,9.13,0.0,-1.5708,0.0
BUILDING,1990.00,-0.31,420.00,11.37,10.00,9.58,0.0,-1.5708,0.0
BUILDING,1990.00,9.69,420.00,11.37,10.00,9.58,0.0,-1.5708,0.0
BUILDING,1990.00,19.69,420.00,11.37,10.00,9.58,0.0,-1.5708,0.0
BUILDING,1990.00,29.69,420.00,11.37,10.00,9.58,0.0,-1.5708,0.0
BUILDING,1990.00,39.69,420.00,11.37,10.00,9.58,0.0,-1.5708,0.0
BUILDING,1990.00,49.69,420.00,11.37,10.00,9.58,0.0,-1.5708,0.0
BUILDING,1990.00,59.69,420.00,11.37,10.00,9.58,0.0,-1.5708,0.0
BUILDING,1990.00,69.69,420.00,11.37,10.00,9.58,0.0,-1.5708,0.0
BUILDING,1990.00,79.69,420.00,11.37,10.00,9.58,0.0,-1.5708,0.0
BUILDING,1990.00,89.69,420.00,11.37,10.00,9.58,0.0,-1.5708,0.0
BUILDING,1990.00,99.69,420.00,11.37,10.00,9.58,0.0,-1.5708,0.0
BUILDING,1990.00,-12.07,1780.00,10.33,10.00,12.21,0.0,-1.5708,0.0
BUILDING,1990.00,-2.07,1780.00,10.33,10.00,12.21,0.0,-1.5708,0.0
BUILDING,1990.00,7.93,1780.00,10.33,10.00,12.21,0.0,-1.5708,0.0
BUILDING,1990.00,17.93,1780.00,10.33,10.00,12.21,0.0,-1.5708,0.0
BUILDING,1990.00,27.93,1780.00,10.33,10.00,12.21,0.0,-1.5708,0.0
BUILDING,1990.00,37.93,1780.00,10.33,10.00,12.21,0.0,-1.5708,0.0
BUILDING,1990.00,47.93,1780.00,10.33,10.00,12.21,0.0,-1.5708,0.0
BUILDING,1990.00,57.93,1780.00,10.33,10.00,12.21,0.0,-1.5708,0.0
BUILDING,1990.00,67.93,1780.00,10.33,10.00,12.21,0.0,-1.5708,0.0
BUILDING,1990.00,77.93,1780.00,10.33,10.00,12.21,0.0,-1.5708,0.0
BUILDING,1990.00,87.93,1780.00,10.33,10.00,12.21,0.0,-1.5708,0.0
BUILDING,1990.00,97.93,1780.00,10.33,10.00,12.21,0.0,-1.5708,0.0
BUILDING,1990.00,1.00,340.00,10.85,10.00,11.23,0.0,-1.5708,0.0
BUILDING,1990.00,11.00,340.00,10.85,10.00,11.23,0.0,-1.5708,0.0
BUILDING,1990.00,21.00,340.00,10.85,10.00,11.23,0.0,-1.5708,0.0
BUILDING,1990.00,31.00,340.00,10.85,10.00,11.23,0.0,-1.5708,0.0
BUILDING,1990.00,41.00,340.00,10.85,10.00,11.23,0.0,-1.5708,0.0
BUILDING,1990.00,51.00,340.00,10.85,10.00,11.23,0.0,-1.5708,0.0
BUILDING,1990.00,61.00,340.00,10.85,10.00,11.23,0.0,-1.5708,0.0
BUILDING,1990.00,71.00,340.00,10.85,10.00,11.23,0.0,-1.5708,0.0
BUILDING,1990.00,81.00,340.00,10.85,10.00,11.23,0.0,-1.5708,0.0
BUILDING,1990.00,91.00,340.00,10.85,10.00,11.23,0.0,-1.5708,0.0
BUILDING,1990.00,101.00,340.00,10.85,10.00,11.23,0.0,-1.5708,0.0
BUILDING,1990.00,111.00,340.00,10.85,10.00,11.23,0.0,-1.5708,0.0
BUILDING,1990.00,-10.11,1860.00,13.19,10.00,11.82,0.0,-1.5708,0.0
BUILDING,1990.00,-0.11,1860.00,13.19,10.00,11.82,0.0,-1.5708,0.0
BUILDING,1990.00,9.89,1860.00,13.19,10.00,11.82,0.0,-1.5708,0.0
BUILDING,1990.00,19.89,1860.00,13.19,10.00,11.82,0.0,-1.5708,0.0
BUILDING,1990.00,29.89,1860.00,13.19,10.00,11.82,0.0,-1.5708,0.0
BUILDING,1990.00,39.89,1860.00,13.19,10.00,11.82,0.0,-1.5708,0.0
BUILDING,1990.00,49.89,1860.00,13.19,10.00,11.82,0.0,-1.5708,0.0
BUILDING,1990.00,59.89,1860.00,13.19,10.00,11.82,0.0,-1.5708,0.0
BUILDING,1990.00,1.67,260.00,9.43,10.00,10.72,0.0,-1.5708,0.0
BUILDING,1990.00,11.67,260.00,9.43,10.00,10.72,0.0,-1.5708,0.0
BUILDING,1990.00,21.67,260.00,9.43,10.00,10.72,0.0,-1.5708,0.0
BUILDING,1990.00,31.67,260.00,9.43,10.00,10.72,0.0,-1.5708,0.0
BUILDING,1990.00,41.67,260.00,9.43,10.00,10.72,0.0,-1.5708,0.0
BUILDING,1990.00,51.67,260.00,9.43,10.00,10.72,0.0,-1.5708,0.0
BUILDING,1990.00,61.67,260.00,9.43,10.00,10.72,0.0,-1.5708,0.0
BUILDING,1990.00,71.67,260.00,9.43,10.00,10.72,0.0,-1.5708,0.0
BUILDING,1990.00,81.67,260.00,9.43,10.00,10.72,0.0,-1.5708,0.0
BUILDING,1990.00,91.67,260.00,9.43,10.00,10.72,0.0,-1.5708,0.0
BUILDING,1990.00,101.67,260.00,9.43,10.00,10.72,0.0,-1.5708,0.0
BUILDING,1990.00,111.67,260.00,9.43,10.00,10.72,0.0,-1.5708,0.0
BUILDING,1990.00,1.48,180.00,9.30,10.00,10.94,0.0,-1.5708,0.0
BUILDING,1990.00,11.48,180.00,9.30,10.00,10.94,0.0,-1.5708,0.0
BUILDING,1990.00,21.48,180.00,9.30,10.00,10.94,0.0,-1.5708,0.0
BUILDING,1990.00,31.48,180.00,9.30,10.00,10.94,0.0,-1.5708,0.0
BUILDING,1990.00,41.48,180.00,9.30,10.00,10.94,0.0,-1.5708,0.0
BUILDING,1990.00,51.48,180.00,9.30,10.00,10.94,0.0,-1.5708,0.0
BUILDING,1990.00,61.48,180.00,9.30,10.00,10.94,0.0,-1.5708,0.0
BUILDING,1990.00,71.48,180.00,9.30,10.00,10.94,0.0,-1.5708,0.0
BUILDING,1990.00,81.48,180.00,9.30,10.00,10.94,0.0,-1.5708,0.0
BUILDING,1990.00,91.48,180.00,9.30,10.00,10.94,0.0,-1.5708,0.0
BUILDING,1990.00,101.48,180.00,9.30,10.00,10.94,0.0,-1.5708,0.0
BUILDING,1990.00,111.48,180.00,9.30,10.00,10.94,0.0,-1.5708,0.0
BUILDING,2070.00,-12.77,900.00,13.51,10.00,12.57,0.0,-1.5708,0.0
BUILDING,2070.00,-2.77,900.00,13.51,10.00,12.57,0.0,-1.5708,0.0
BUILDING,2070.00,7.23,900.00,13.51,10.00,12.57,0.0,-1.5708,0.0
BUILDING,2070.00,17.23,900.00,13.51,10.00,12.57,0.0,-1.5708,0.0
BUILDING,2070.00,-11.81,1380.00,9.74,10.00,13.75,0.0,-1.5708,0.0
BUILDING,2070.00,-1.81,1380.00,9.74,10.00,13.75,0.0,-1.5708,0.0
BUILDING,2070.00,8.19,1380.00,9.74,10.00,13.75,0.0,-1.5708,0.0
BUILDING,2070.00,18.19,1380.00,9.74,10.00,13.75,0.0,-1.5708,0.0
BUILDING,2070.00,28.19,1380.00,9.74,10.00,13.75,0.0,-1.5708,0.0
BUILDING,2070.00,38.19,1380.00,9.74,10.00,13.75,0.0,-1.5708,0.0
BUILDING,2070.00,48.19,1380.00,9.74,10.00,13.75,0.0,-1.5708,0.0
BUILDING,2070.00,58.19,1380.00,9.74,10.00,13.75,0.0,-1.5708,0.0
BUILDING,2070.00,68.19,1380.00,9.74,10.00,13.75,0.0,-1.5708,0.0
BUILDING,2070.00,78.19,1380.00,9.74,10.00,13.75,0.0,-1.5708,0.0
BUILDING,2070.00,88.19,1380.00,9.74,10.00,13.75,0.0,-1.5708,0.0
BUILDING,2070.00,-10.78,1460.00,13.04,10.00,9.63,0.0,-1.5708,0.0
BUILDING,2070.00,-0.78,1460.00,13.04,10.00,9.63,0.0,-1.5708,0.0
BUILDING,2070.00,9.22,1460.00,13.04,10.00,9.63,0.0,-1.5708,0.0
BUILDING,2070.00,19.22,1460.00,13.04,10.00,9.63,0.0,-1.5708,0.0
BUILDING,2070.00,29.22,1460.00,13.04,10.00,9.63,0.0,-1.5708,0.0
BUILDING,2070.00,39.22,1460.00,13.04,10.00,9.63,0.0,-1.5708,0.0
BUILDING,2070.00,49.22,1460.00,13.04,10.00,9.63,0.0,-1.5708,0.0
BUILDING,2070.00,59.22,1460.00,13.04,10.00,9.63,0.0,-1.5708,0.0
BUILDING,2070.00,-10.19,1540.00,9.74,10.00,11.98,0.0,-1.5708,0.0
BUILDING,2070.00,-0.19,1540.00,9.74,10.00,11.98,0.0,-1.5708,0.0
BUILDING,2070.00,9.81,1540.00,9.74,10.00,11.98,0.0,-1.5708,0.0
BUILDING,2070.00,19.81,1540.00,9.74,10.00,11.98,0.0,-1.5708,0.0
BUILDING,2070.00,29.81,1540.00,9.74,10.00,11.98,0.0,-1.5708,0.0
BUILDING,2070.00,39.81,1540.00,9.74,10.00,11.98,0.0,-1.5708,0.0
BUILDING,2070.00,49.81,1540.00,9.74,10.00,11.98,0.0,-1.5708,0.0
BUILDING,2070.00,59.81,1540.00,9.74,10.00,11.98,0.0,-1.5708,0.0
BUILDING,2070.00,69.81,1540.00,9.74,10.00,11.98,0.0,-1.5708,0.0
BUILDING,2070.00,79.81,1540.00,9.74,10.00,11.98,0.0,-1.5708,0.0
BUILDING,2070.00,89.81,1540.00,9.74,10.00,11.98,0.0,-1.5708,0.0
BUILDING,2070.00,99.81,1540.00,9.74,10.00,11.98,0.0,-1.5708,0.0
BUILDING,2070.00,0.24,500.00,10.99,10.00,10.63,0.0,-1.5708,0.0
BUILDING,2070.00,10.24,500.00,10.99,10.00,10.63,0.0,-1.5708,0.0
BUILDING,2070.00,20.24,500.00,10.99,10.00,10.63,0.0,-1.5708,0.0
BUILDING,2070.00,30.24,500.00,10.99,10.00,10.63,0.0,-1.5708,0.0
BUILDING,2070.00,40.24,500.00,10.99,10.00,10.63,0.0,-1.5708,0.0
BUILDING,2070.00,50.24,500.00,10.99,10.00,10.63,0.0,-1.5708,0.0
BUILDING,2070.00,60.24,500.00,10.99,10.00,10.63,0.0,-1.5708,0.0
BUILDING,2070.00,70.24,500.00,10.99,10.00,10.63,0.0,-1.5708,0.0
BUILDING,2070.00,80.24,500.00,10.99,10.00,10.63,0.0,-1.5708,0.0
BUILDING,2070.00,90.24,500.00,10.99,10.00,10.63,0.0,-1.5708,0.0
BUILDING,2070.00,100.24,500.00,10.99,10.00,10.63,0.0,-1.5708,0.0
BUILDING,2070.00,110.24,500.00,10.99,10.00,10.63,0.0,-1.5708,0.0
BUILDING,2070.00,-10.04,1700.00,12.93,10.00,12.12,0.0,-1.5708,0.0
BUILDING,2070.00,-0.04,1700.00,12.93,10.00,12.12,0.0,-1.5708,0.0
BUILDING,2070.00,9.96,1700.00,12.93,10.00,12.12,0.0,-1.5708,0.0
BUILDING,2070.00,19.96,1700.00,12.93,10.00,12.12,0.0,-1.5708,0.0
BUILDING,2070.00,29.96,1700.00,12.93,10.00,12.12,0.0,-1.5708,0.0
BUILDING,2070.00,39.96,1700.00,12.93,10.00,12.12,0.0,-1.5708,0.0
BUILDING,2070.00,49.96,1700.00,12.93,10.00,12.12,0.0,-1.5708,0.0
BUILDING,2070.00,2.96,420.00,9.75,10.00,11.83,0.0,-1.5708,0.0
BUILDING,2070.00,12.96,420.00,9.75,10.00,11.83,0.0,-1.5708,0.0
BUILDING,2070.00,22.96,420.00,9.75,10.00,11.83,0.0,-1.5708,0.0
BUILDING,2070.00,32.96,420.00,9.75,10.00,11.83,0.0,-1.5708,0.0
BUILDING,2070.00,42.96,420.00,9.75,10.00,11.83,0.0,-1.5708,0.0
BUILDING,2070.00,52.96,420.00,9.75,10.00,11.83,0.0,-1.5708,0.0
BUILDING,2070.00,62.96,420.00,9.75,10.00,11.83,0.0,-1.5708,0.0
BUILDING,2070.00,72.96,420.00,9.75,10.00,11.83,0.0,-1.5708,0.0
BUILDING,2070.00,82.96,420.00,9.75,10.00,11.83,0.0,-1.5708,0.0
BUILDING,2070.00,92.96,420.00,9.75,10.00,11.83,0.0,-1.5708,0.0
BUILDING,2070.00,102.96,420.00,9.75,10.00,11.83,0.0,-1.5708,0.0
BUILDING,2070.00,112.96,420.00,9.75,10.00,11.83,0.0,-1.5708,0.0
BUILDING,2070.00,4.81,340.00,11.81,10.00,9.50,0.0,-1.5708,0.0
BUILDING,2070.00,14.81,340.00,11.81,10.00,9.50,0.0,-1.5708,0.0
BUILDING,2070.00,24.81,340.00,11.81,10.00,9.50,0.0,-1.5708,0.0
BUILDING,2070.00,34.81,340.00,11.81,10.00,9.50,0.0,-1.5708,0.0
BUILDING,2070.00,44.81,340.00,11.81,10.00,9.50,0.0,-1.5708,0.0
BUILDING,2070.00,54.81,340.00,11.81,10.00,9.50,0.0,-1.5708,0.0
BUILDING,2070.00,64.81,340.00,11.81,10.00,9.50,0.0,-1.5708,0.0
BUILDING,2070.00,74.81,340.00,11.81,10.00,9.50,0.0,-1.5708,0.0
BUILDING,2070.00,84.81,340.00,11.81,10.00,9.50,0.0,-1.5708,0.0
BUILDING,2070.00,94.81,340.00,11.81,10.00,9.50,0.0,-1.5708,0.0
BUILDING,2070.00,104.81,340.00,11.81,10.00,9.50,0.0,-1.5708,0.0
BUILDING,2070.00,114.81,340.00,11.81,10.00,9.50,0.0,-1.5708,0.0
BUILDING,2070.00,-8.95,1860.00,13.39,10.00,10.32,0.0,-1.5708,0.0
BUILDING,2070.00,1.05,1860.00,13.39,10.00,10.32,0.0,-1.5708,0.0
BUILDING,2070.00,11.05,1860.00,13.39,10.00,10.32,0.0,-1.5708,0.0
BUILDING,2070.00,21.05,1860.00,13.39,10.00,10.32,0.0,-1.5708,0.0
BUILDING,2070.00,31.05,1860.00,13.39,10.00,10.32,0.0,-1.5708,0.0
BUILDING,2070.00,41.05,1860.00,13.39,10.00,10.32,0.0,-1.5708,0.0
BUILDING,2070.00,51.05,1860.00,13.39,10.00,10.32,0.0,-1.5708,0.0
BUILDING,2070.00,61.05,1860.00,13.39,10.00,10.32,0.0,-1.5708,0.0
BUILDING,2070.00,71.05,1860.00,13.39,10.00,10.32,0.0,-1.5708,0.0
BUILDING,2070.00,81.05,1860.00,13.39,10.00,10.32,0.0,-1.5708,0.0
BUILDING,2070.00,5.29,260.00,9.19,10.00,10.38,0.0,-1.5708,0.0
BUILDING,2070.00,15.29,260.00,9.19,10.00,10.38,0.0,-1.5708,0.0
BUILDING,2070.00,25.29,260.00,9.19,10.00,10.38,0.0,-1.5708,0.0
BUILDING,2070.00,35.29,260.00,9.19,10.00,10.38,0.0,-1.5708,0.0
BUILDING,2070.00,45.29,260.00,9.19,10.00,10.38,0.0,-1.5708,0.0
BUILDING,2070.00,55.29,260.00,9.19,10.00,10.38,0.0,-1.5708,0.0
BUILDING,2070.00,65.29,260.00,9.19,10.00,10.38,0.0,-1.5708,0.0
BUILDING,2070.00,75.29,260.00,9.19,10.00,10.38,0.0,-1.5708,0.0
BUILDING,2070.00,85.29,260.00,9.19,10.00,10.38,0.0,-1.5708,0.0
BUILDING,2070.00,95.29,260.00,9.19,10.00,10.38,0.0,-1.5708,0.0
BUILDING,2070.00,105.29,260.00,9.19,10.00,10.38,0.0,-1.5708,0.0
BUILDING,2070.00,115.29,260.00,9.19,10.00,10.38,0.0,-1.5708,0.0
BUILDING,2070.00,-7.20,1940.00,11.01,10.00,10.98,0.0,-1.5708,0.0
BUILDING,2070.00,2.80,1940.00,11.01,10.00,10.98,0.0,-1.5708,0.0
BUILDING,2070.00,12.80,1940.00,11.01,10.00,10.98,0.0,-1.5708,0.0
BUILDING,2070.00,22.80,1940.00,11.01,10.00,10.98,0.0,-1.5708,0.0
BUILDING,2070.00,32.80,1940.00,11.01,10.00,10.98,0.0,-1.5708,0.0
BUILDING,2070.00,42.80,1940.00,11.01,10.00,10.98,0.0,-1.5708,0.0
BUILDING,2070.00,52.80,1940.00,11.01,10.00,10.98,0.0,-1.5708,0.0
BUILDING,2070.00,62.80,1940.00,11.01,10.00,10.98,0.0,-1.5708,0.0
BUILDING,2070.00,72.80,1940.00,11.01,10.00,10.98,0.0,-1.5708,0.0
BUILDING,2070.00,82.80,1940.00,11.01,10.00,10.98,0.0,-1.5708,0.0
BUILDING,2070.00,92.80,1940.00,11.01,10.00,10.98,0.0,-1.5708,0.0
BUILDING,2070.00,102.80,1940.00,11.01,10.00,10.98,0.0,-1.5708,0.0
BUILDING,2070.00,4.20,180.00,12.73,10.00,13.60,0.0,-1.5708,0.0
BUILDING,2070.00,14.20,180.00,12.73,10.00,13.60,0.0,-1.5708,0.0
BUILDING,2070.00,24.20,180.00,12.73,10.00,13.60,0.0,-1.5708,0.0
BUILDING,2070.00,34.20,180.00,12.73,10.00,13.60,0.0,-1.5708,0.0
BUILDING,2070.00,44.20,180.00,12.73,10.00,13.60,0.0,-1.5708,0.0
BUILDING,2070.00,54.20,180.00,12.73,10.00,13.60,0.0,-1.5708,0.0
BUILDING,2070.00,64.20,180.00,12.73,10.00,13.60,0.0,-1.5708,0.0
BUILDING,2070.00,74.20,180.00,12.73,10.00,13.60,0.0,-1.5708,0.0
BUILDING,2070.00,84.20,180.00,12.73,10.00,13.60,0.0,-1.5708,0.0
BUILDING,2070.00,94.20,180.00,12.73,10.00,13.60,0.0,-1.5708,0.0
BUILDING,2070.00,104.20,180.00,12.73,10.00,13.60,0.0,-1.5708,0.0
BUILDING,2070.00,114.20,180.00,12.73,10.00,13.60,0.0,-1.5708,0.0
BUILDING,2070.00,-4.65,2020.00,10.55,10.00,13.21,0.0,-1.5708,0.0
BUILDING,2070.00,5.35,2020.00,10.55,10.00,13.21,0.0,-1.5708,0.0
BUILDING,2070.00,15.35,2020.00,10.55,10.00,13.21,0.0,-1.5708,0.0
BUILDING,2070.00,25.35,2020.00,10.55,10.00,13.21,0.0,-1.5708,0.0
BUILDING,2070.00,35.35,2020.00,10.55,10.00,13.21,0.0,-1.5708,0.0
BUILDING,2070.00,45.35,2020.00,10.55,10.00,13.21,0.0,-1.5708,0.0
BUILDING,2070.00,55.35,2020.00,10.55,10.00,13.21,0.0,-1.5708,0.0
BUILDING,2070.00,65.35,2020.00,10.55,10.00,13.21,0.0,-1.5708,0.0
BUILDING,2070.00,75.35,2020.00,10.55,10.00,13.21,0.0,-1.5708,0.0
BUILDING,2070.00,85.35,2020.00,10.55,10.00,13.21,0.0,-1.5708,0.0
BUILDING,2070.00,95.35,2020.00,10.55,10.00,13.21,0.0,-1.5708,0.0
BUILDING,2070.00,105.35,2020.00,10.55,10.00,13.21,0.0,-1.5708,0.0
BUILDING,2150.00,-14.93,1060.00,9.67,10.00,13.87,0.0,-1.5708,0.0
BUILDING,2150.00,-4.93,1060.00,9.67,10.00,13.87,0.0,-1.5708,0.0
BUILDING,2150.00,-14.33,980.00,12.02,10.00,9.45,0.0,-1.5708,0.0
BUILDING,2150.00,-4.33,980.00,12.02,10.00,9.45,0.0,-1.5708,0.0
BUILDING,2150.00,5.67,980.00,12.02,10.00,9.45,0.0,-1.5708,0.0
BUILDING,2150.00,15.67,980.00,12.02,10.00,9.45,0.0,-1.5708,0.0
BUILDING,2150.00,-13.10,900.00,12.80,10.00,13.34,0.0,-1.5708,0.0
BUILDING,2150.00,-3.10,900.00,12.80,10.00,13.34,0.0,-1.5708,0.0
BUILDING,2150.00,6.90,900.00,12.80,10.00,13.34,0.0,-1.5708,0.0
BUILDING,2150.00,16.90,900.00,12.80,10.00,13.34,0.0,-1.5708,0.0
BUILDING,2150.00,-13.42,1300.00,9.33,10.00,12.55,0.0,-1.5708,0.0
BUILDING,2150.00,-3.42,1300.00,9.33,10.00,12.55,0.0,-1.5708,0.0
BUILDING,2150.00,-12.13,1380.00,9.14,10.00,9.96,0.0,-1.5708,0.0
BUILDING,2150.00,-2.13,1380.00,9.14,10.00,9.96,0.0,-1.5708,0.0
BUILDING,2150.00,7.87,1380.00,9.14,10.00,9.96,0.0,-1.5708,0.0
BUILDING,2150.00,17.87,1380.00,9.14,10.00,9.96,0.0,-1.5708,0.0
BUILDING,2150.00,27.87,1380.00,9.14,10.00,9.96,0.0,-1.5708,0.0
BUILDING,2150.00,37.87,1380.00,9.14,10.00,9.96,0.0,-1.5708,0.0
BUILDING,2150.00,47.87,1380.00,9.14,10.00,9.96,0.0,-1.5708,0.0
BUILDING,2150.00,57.87,1380.00,9.14,10.00,9.96,0.0,-1.5708,0.0
BUILDING,2150.00,67.87,1380.00,9.14,10.00,9.96,0.0,-1.5708,0.0
BUILDING,2150.00,77.87,1380.00,9.14,10.00,9.96,0.0,-1.5708,0.0
BUILDING,2150.00,87.87,1380.00,9.14,10.00,9.96,0.0,-1.5708,0.0
BUILDING,2150.00,-10.71,1460.00,9.25,10.00,10.80,0.0,-1.5708,0.0
BUILDING,2150.00,-0.71,1460.00,9.25,10.00,10.80,0.0,-1.5708,0.0
BUILDING,2150.00,9.29,1460.00,9.25,10.00,10.80,0.0,-1.5708,0.0
BUILDING,2150.00,19.29,1460.00,9.25,10.00,10.80,0.0,-1.5708,0.0
BUILDING,2150.00,29.29,1460.00,9.25,10.00,10.80,0.0,-1.5708,0.0
BUILDING,2150.00,39.29,1460.00,9.25,10.00,10.80,0.0,-1.5708,0.0
BUILDING,2150.00,49.29,1460.00,9.25,10.00,10.80,0.0,-1.5708,0.0
BUILDING,2150.00,59.29,1460.00,9.25,10.00,10.80,0.0,-1.5708,0.0
BUILDING,2150.00,69.29,1460.00,9.25,10.00,10.80,0.0,-1.5708,0.0
BUILDING,2150.00,79.29,1460.00,9.25,10.00,10.80,0.0,-1.5708,0.0
BUILDING,2150.00,-4.87,660.00,11.53,10.00,12.18,0.0,-1.5708,0.0
BUILDING,2150.00,5.13,660.00,11.53,10.00,12.18,0.0,-1.5708,0.0
BUILDING,2150.00,15.13,660.00,11.53,10.00,12.18,0.0,-1.5708,0.0
BUILDING,2150.00,25.13,660.00,11.53,10.00,12.18,0.0,-1.5708,0.0
BUILDING,2150.00,35.13,660.00,11.53,10.00,12.18,0.0,-1.5708,0.0
BUILDING,2150.00,45.13,660.00,11.53,10.00,12.18,0.0,-1.5708,0.0
BUILDING,2150.00,55.13,660.00,11.53,10.00,12.18,0.0,-1.5708,0.0
BUILDING,2150.00,65.13,660.00,11.53,10.00,12.18,0.0,-1.5708,0.0
BUILDING,2150.00,75.13,660.00,11.53,10.00,12.18,0.0,-1.5708,0.0
BUILDING,2150.00,85.13,660.00,11.53,10.00,12.18,0.0,-1.5708,0.0
BUILDING,2150.00,95.13,660.00,11.53,10.00,12.18,0.0,-1.5708,0.0
BUILDING,2150.00,105.13,660.00,11.53,10.00,12.18,0.0,-1.5708,0.0
BUILDING,2150.00,-9.37,1540.00,11.44,10.00,11.23,0.0,-1.5708,0.0
BUILDING,2150.00,0.63,1540.00,11.44,10.00,11.23,0.0,-1.5708,0.0
BUILDING,2150.00,10.63,1540.00,11.44,10.00,11.23,0.0,-1.5708,0.0
BUILDING,2150.00,20.63,1540.00,11.44,10.00,11.23,0.0,-1.5708,0.0
BUILDING,2150.00,30.63,1540.00,11.44,10.00,11.23,0.0,-1.5708,0.0
BUILDING,2150.00,40.63,1540.00,11.44,10.00,11.23,0.0,-1.5708,0.0
BUILDING,2150.00,50.63,1540.00,11.44,10.00,11.23,0.0,-1.5708,0.0
BUILDING,2150.00,60.63,1540.00,11.44,10.00,11.23,0.0,-1.5708,0.0
BUILDING,2150.00,70.63,1540.00,11.44,10.00,11.23,0.0,-1.5708,0.0
BUILDING,2150.00,80.63,1540.00,11.44,10.00,11.23,0.0,-1.5708,0.0
BUILDING,2150.00,-0.96,580.00,10.75,10.00,9.82,0.0,-1.5708,0.0
BUILDING,2150.00,9.04,580.00,10.75,10.00,9.82,0.0,-1.5708,0.0
BUILDING,2150.00,19.04,580.00,10.75,10.00,9.82,0.0,-1.5708,0.0
BUILDING,2150.00,29.04,580.00,10.75,10.00,9.82,0.0,-1.5708,0.0
BUILDING,2150.00,39.04,580.00,10.75,10.00,9.82,0.0,-1.5708,0.0
BUILDING,2150.00,49.04,580.00,10.75,10.00,9.82,0.0,-1.5708,0.0
BUILDING,2150.00,59.04,580.00,10.75,10.00,9.82,0.0,-1.5708,0.0
BUILDING,2150.00,69.04,580.00,10.75,10.00,9.82,0.0,-1.5708,0.0
BUILDING,2150.00,79.04,580.00,10.75,10.00,9.82,0.0,-1.5708,0.0
BUILDING,2150.00,89.04,580.00,10.75,10.00,9.82,0.0,-1.5708,0.0
BUILDING,2150.00,99.04,580.00,10.75,10.00,9.82,0.0,-1.5708,0.0
BUILDING,2150.00,109.04,580.00,10.75,10.00,9.82,0.0,-1.5708,0.0
BUILDING,2150.00,2.83,500.00,9.14,10.00,9.25,0.0,-1.5708,0.0
BUILDING,2150.00,12.83,500.00,9.14,10.00,9.25,0.0,-1.5708,0.0
BUILDING,2150.00,22.83,500.00,9.14,10.00,9.25,0.0,-1.5708,0.0
BUILDING,2150.00,32.83,500.00,9.14,10.00,9.25,0.0,-1.5708,0.0
BUILDING,2150.00,42.83,500.00,9.14,10.00,9.25,0.0,-1.5708,0.0
BUILDING,2150.00,52.83,500.00,9.14,10.00,9.25,0.0,-1.5708,0.0
BUILDING,2150.00,62.83,500.00,9.14,10.00,9.25,0.0,-1.5708,0.0
BUILDING,2150.00,72.83,500.00,9.14,10.00,9.25,0.0,-1.5708,0.0
BUILDING,2150.00,82.83,500.00,9.14,10.00,9.25,0.0,-1.5708,0.0
BUILDING,2150.00,92.83,500.00,9.14,10.00,9.25,0.0,-1.5708,0.0
BUILDING,2150.00,102.83,500.00,9.14,10.00,9.25,0.0,-1.5708,0.0
BUILDING,2150.00,112.83,500.00,9.14,10.00,9.25,0.0,-1.5708,0.0
BUILDING,2150.00,5.77,420.00,12.24,10.00,12.39,0.0,-1.5708,0.0
BUILDING,2150.00,15.77,420.00,12.24,10.00,12.39,0.0,-1.5708,0.0
BUILDING,2150.00,25.77,420.00,12.24,10.00,12.39,0.0,-1.5708,0.0
BUILDING,2150.00,35.77,420.00,12.24,10.00,12.39,0.0,-1.5708,0.0
BUILDING,2150.00,45.77,420.00,12.24,10.00,12.39,0.0,-1.5708,0.0
BUILDING,2150.00,55.77,420.00,12.24,10.00,12.39,0.0,-1.5708,0.0
BUILDING,2150.00,65.77,420.00,12.24,10.00,12.39,0.0,-1.5708,0.0
BUILDING,2150.00,75.77,420.00,12.24,10.00,12.39,0.0,-1.5708,0.0
BUILDING,2150.00,85.77,420.00,12.24,10.00,12.39,0.0,-1.5708,0.0
BUILDING,2150.00,95.77,420.00,12.24,10.00,12.39,0.0,-1.5708,0.0
BUILDING,2150.00,105.77,420.00,12.24,10.00,12.39,0.0,-1.5708,0.0
BUILDING,2150.00,115.77,420.00,12.24,10.00,12.39,0.0,-1.5708,0.0
BUILDING,2150.00,-6.93,1780.00,13.32,10.00,13.84,0.0,-1.5708,0.0
BUILDING,2150.00,3.07,1780.00,13.32,10.00,13.84,0.0,-1.5708,0.0
BUILDING,2150.00,13.07,1780.00,13.32,10.00,13.84,0.0,-1.5708,0.0
BUILDING,2150.00,23.07,1780.00,13.32,10.00,13.84,0.0,-1.5708,0.0
BUILDING,2150.00,33.07,1780.00,13.32,10.00,13.84,0.0,-1.5708,0.0
BUILDING,2150.00,43.07,1780.00,13.32,10.00,13.84,0.0,-1.5708,0.0
BUILDING,2150.00,53.07,1780.00,13.32,10.00,13.84,0.0,-1.5708,0.0
BUILDING,2150.00,63.07,1780.00,13.32,10.00,13.84,0.0,-1.5708,0.0
BUILDING,2150.00,73.07,1780.00,13.32,10.00,13.84,0.0,-1.5708,0.0
BUILDING,2150.00,7.17,340.00,12.24,10.00,12.01,0.0,-1.5708,0.0
BUILDING,2150.00,17.17,340.00,12.24,10.00,12.01,0.0,-1.5708,0.0
BUILDING,2150.00,27.17,340.00,12.24,10.00,12.01,0.0,-1.5708,0.0
BUILDING,2150.00,37.17,340.00,12.24,10.00,12.01,0.0,-1.5708,0.0
BUILDING,2150.00,47.17,340.00,12.24,10.00,12.01,0.0,-1.5708,0.0
BUILDING,2150.00,57.17,340.00,12.24,10.00,12.01,0.0,-1.5708,0.0
BUILDING,2150.00,67.17,340.00,12.24,10.00,12.01,0.0,-1.5708,0.0
BUILDING,2150.00,77.17,340.00,12.24,10.00,12.01,0.0,-1.5708,0.0
BUILDING,2150.00,87.17,340.00,12.24,10.00,12.01,0.0,-1.5708,0.0
BUILDING,2150.00,97.17,340.00,12.24,10.00,12.01,0.0,-1.5708,0.0
BUILDING,2150.00,107.17,340.00,12.24,10.00,12.01,0.0,-1.5708,0.0
BUILDING,2150.00,117.17,340.00,12.24,10.00,12.01,0.0,-1.5708,0.0
ENEMY,2154.58,140.20,492.00,3.8,3.8,3.8,0.0,0.0,0.0
BUILDING,2150.00,-6.39,1860.00,12.21,10.00,11.12,0.0,-1.5708,0.0
BUILDING,2150.00,3.61,1860.00,12.21,10.00,11.12,0.0,-1.5708,0.0
BUILDING,2150.00,13.61,1860.00,12.21,10.00,11.12,0.0,-1.5708,0.0
BUILDING,2150.00,23.61,1860.00,12.21,10.00,11.12,0.0,-1.5708,0.0
BUILDING,2150.00,33.61,1860.00,12.21,10.00,11.12,0.0,-1.5708,0.0
BUILDING,2150.00,43.61,1860.00,12.21,10.00,11.12,0.0,-1.5708,0.0
BUILDING,2150.00,53.61,1860.00,12.21,10.00,11.12,0.0,-1.5708,0.0
BUILDING,2150.00,63.61,1860.00,12.21,10.00,11.12,0.0,-1.5708,0.0
BUILDING,2150.00,73.61,1860.00,12.21,10.00,11.12,0.0,-1.5708,0.0
BUILDING,2150.00,83.61,1860.00,12.21,10.00,11.12,0.0,-1.5708,0.0
BUILDING,2150.00,93.61,1860.00,12.21,10.00,11.12,0.0,-1.5708,0.0
BUILDING,2150.00,103.61,1860.00,12.21,10.00,11.12,0.0,-1.5708,0.0
BUILDING,2150.00,6.54,260.00,10.09,10.00,10.51,0.0,-1.5708,0.0
BUILDING,2150.00,16.54,260.00,10.09,10.00,10.51,0.0,-1.5708,0.0
BUILDING,2150.00,26.54,260.00,10.09,10.00,10.51,0.0,-1.5708,0.0
BUILDING,2150.00,36.54,260.00,10.09,10.00,10.51,0.0,-1.5708,0.0
BUILDING,2150.00,46.54,260.00,10.09,10.00,10.51,0.0,-1.5708,0.0
BUILDING,2150.00,56.54,260.00,10.09,10.00,10.51,0.0,-1.5708,0.0
BUILDING,2150.00,66.54,260.00,10.09,10.00,10.51,0.0,-1.5708,0.0
BUILDING,2150.00,76.54,260.00,10.09,10.00,10.51,0.0,-1.5708,0.0
BUILDING,2150.00,86.54,260.00,10.09,10.00,10.51,0.0,-1.5708,0.0
BUILDING,2150.00,96.54,260.00,10.09,10.00,10.51,0.0,-1.5708,0.0
BUILDING,2150.00,106.54,260.00,10.09,10.00,10.51,0.0,-1.5708,0.0
BUILDING,2150.00,116.54,260.00,10.09,10.00,10.51,0.0,-1.5708,0.0
BUILDING,2150.00,-5.64,1940.00,9.51,10.00,11.56,0.0,-1.5708,0.0
BUILDING,2150.00,4.36,1940.00,9.51,10.00,11.56,0.0,-1.5708,0.0
BUILDING,2150.00,14.36,1940.00,9.51,10.00,11.56,0.0,-1.5708,0.0
BUILDING,2150.00,24.36,1940.00,9.51,10.00,11.56,0.0,-1.5708,0.0
BUILDING,2150.00,34.36,1940.00,9.51,10.00,11.56,0.0,-1.5708,0.0
BUILDING,2150.00,44.36,1940.00,9.51,10.00,11.56,0.0,-1.5708,0.0
BUILDING,2150.00,54.36,1940.00,9.51,10.00,11.56,0.0,-1.5708,0.0
BUILDING,2150.00,64.36,1940.00,9.51,10.00,11.56,0.0,-1.5708,0.0
BUILDING,2150.00,74.36,1940.00,9.51,10.00,11.56,0.0,-1.5708,0.0
BUILDING,2150.00,84.36,1940.00,9.51,10.00,11.56,0.0,-1.5708,0.0
BUILDING,2150.00,94.36,1940.00,9.51,10.00,11.56,0.0,-1.5708,0.0
BUILDING,2150.00,104.36,1940.00,9.51,10.00,11.56,0.0,-1.5708,0.0
BUILDING,2150.00,-4.54,2020.00,11.97,10.00,10.41,0.0,-1.5708,0.0
BUILDING,2150.00,5.46,2020.00,11.97,10.00,10.41,0.0,-1.5708,0.0
BUILDING,2150.00,15.46,2020.00,11.97,10.00,10.41,0.0,-1.5708,0.0
BUILDING,2150.00,25.46,2020.00,11.97,10.00,10.41,0.0,-1.5708,0.0
BUILDING,2150.00,35.46,2020.00,11.97,10.00,10.41,0.0,-1.5708,0.0
BUILDING,2150.00,45.46,2020.00,11.97,10.00,10.41,0.0,-1.5708,0.0
BUILDING,2150.00,55.46,2020.00,11.97,10.00,10.41,0.0,-1.5708,0.0
BUILDING,2150.00,65.46,2020.00,11.97,10.00,10.41,0.0,-1.5708,0.0
BUILDING,2150.00,75.46,2020.00,11.97,10.00,10.41,0.0,-1.5708,0.0
BUILDING,2150.00,85.46,2020.00,11.97,10.00,10.41,0.0,-1.5708,0.0
BUILDING,2150.00,95.46,2020.00,11.97,10.00,10.41,0.0,-1.5708,0.0
BUILDING,2150.00,105.46,2020.00,11.97,10.00,10.41,0.0,-1.5708,0.0
BUILDING,2230.00,-13.17,900.00,9.94,10.00,11.59,0.0,-1.5708,0.0
BUILDING,2230.00,-3.17,900.00,9.94,10.00,11.59,0.0,-1.5708,0.0
BUILDING,2230.00,6.83,900.00,9.94,10.00,11.59,0.0,-1.5708,0.0
BUILDING,2230.00,-14.05,1300.00,12.30,10.00,12.40,0.0,-1.5708,0.0
BUILDING,2230.00,-4.05,1300.00,12.30,10.00,12.40,0.0,-1.5708,0.0
BUILDING,2230.00,5.95,1300.00,12.30,10.00,12.40,0.0,-1.5708,0.0
BUILDING,2230.00,15.95,1300.00,12.30,10.00,12.40,0.0,-1.5708,0.0
BUILDING,2230.00,-10.91,820.00,10.30,10.00,11.09,0.0,-1.5708,0.0
BUILDING,2230.00,-0.91,820.00,10.30,10.00,11.09,0.0,-1.5708,0.0
BUILDING,2230.00,9.09,820.00,10.30,10.00,11.09,0.0,-1.5708,0.0
BUILDING,2230.00,19.09,820.00,10.30,10.00,11.09,0.0,-1.5708,0.0
BUILDING,2230.00,29.09,820.00,10.30,10.00,11.09,0.0,-1.5708,0.0
BUILDING,2230.00,39.09,820.00,10.30,10.00,11.09,0.0,-1.5708,0.0
BUILDING,2230.00,49.09,820.00,10.30,10.00,11.09,0.0,-1.5708,0.0
BUILDING,2230.00,59.09,820.00,10.30,10.00,11.09,0.0,-1.5708,0.0
BUILDING,2230.00,69.09,820.00,10.30,10.00,11.09,0.0,-1.5708,0.0
BUILDING,2230.00,-13.12,1380.00,13.97,10.00,13.08,0.0,-1.5708,0.0
BUILDING,2230.00,-3.12,1380.00,13.97,10.00,13.08,0.0,-1.5708,0.0
BUILDING,2230.00,6.88,1380.00,13.97,10.00,13.08,0.0,-1.5708,0.0
BUILDING,2230.00,16.88,1380.00,13.97,10.00,13.08,0.0,-1.5708,0.0
BUILDING,2230.00,26.88,1380.00,13.97,10.00,13.08,0.0,-1.5708,0.0
BUILDING,2230.00,36.88,1380.00,13.97,10.00,13.08,0.0,-1.5708,0.0
BUILDING,2230.00,46.88,1380.00,13.97,10.00,13.08,0.0,-1.5708,0.0
BUILDING,2230.00,56.88,1380.00,13.97,10.00,13.08,0.0,-1.5708,0.0
BUILDING,2230.00,66.88,1380.00,13.97,10.00,13.08,0.0,-1.5708,0.0
BUILDING,2230.00,76.88,1380.00,13.97,10.00,13.08,0.0,-1.5708,0.0
BUILDING,2230.00,86.88,1380.00,13.97,10.00,13.08,0.0,-1.5708,0.0
BUILDING,2230.00,-11.77,1460.00,12.92,10.00,13.53,0.0,-1.5708,0.0
BUILDING,2230.00,-1.77,1460.00,12.92,10.00,13.53,0.0,-1.5708,0.0
BUILDING,2230.00,8.23,1460.00,12.92,10.00,13.53,0.0,-1.5708,0.0
BUILDING,2230.00,18.23,1460.00,12.92,10.00,13.53,0.0,-1.5708,0.0
BUILDING,2230.00,28.23,1460.00,12.92,10.00,13.53,0.0,-1.5708,0.0
BUILDING,2230.00,38.23,1460.00,12.92,10.00,13.53,0.0,-1.5708,0.0
BUILDING,2230.00,48.23,1460.00,12.92,10.00,13.53,0.0,-1.5708,0.0
BUILDING,2230.00,58.23,1460.00,12.92,10.00,13.53,0.0,-1.5708,0.0
BUILDING,2230.00,68.23,1460.00,12.92,10.00,13.53,0.0,-1.5708,0.0
BUILDING,2230.00,78.23,1460.00,12.92,10.00,13.53,0.0,-1.5708,0.0
BUILDING,2230.00,88.23,1460.00,12.92,10.00,13.53,0.0,-1.5708,0.0
BUILDING,2230.00,98.23,1460.00,12.92,10.00,13.53,0.0,-1.5708,0.0
BUILDING,2230.00,-3.50,660.00,13.20,10.00,13.38,0.0,-1.5708,0.0
BUILDING,2230.00,6.50,660.00,13.20,10.00,13.38,0.0,-1.5708,0.0
BUILDING,2230.00,16.50,660.00,13.20,10.00,13.38,0.0,-1.5708,0.0
BUILDING,2230.00,26.50,660.00,13.20,10.00,13.38,0.0,-1.5708,0.0
BUILDING,2230.00,36.50,660.00,13.20,10.00,13.38,0.0,-1.5708,0.0
BUILDING,2230.00,46.50,660.00,13.20,10.00,13.38,0.0,-1.5708,0.0
BUILDING,2230.00,56.50,660.00,13.20,10.00,13.38,0.0,-1.5708,0.0
BUILDING,2230.00,66.50,660.00,13.20,10.00,13.38,0.0,-1.5708,0.0
BUILDING,2230.00,76.50,660.00,13.20,10.00,13.38,0.0,-1.5708,0.0
BUILDING,2230.00,86.50,660.00,13.20,10.00,13.38,0.0,-1.5708,0.0
BUILDING,2230.00,96.50,660.00,13.20,10.00,13.38,0.0,-1.5708,0.0
BUILDING,2230.00,-10.07,1540.00,12.70,10.00,12.63,0.0,-1.5708,0.0
BUILDING,2230.00,-0.07,1540.00,12.70,10.00,12.63,0.0,-1.5708,0.0
BUILDING,2230.00,9.93,1540.00,12.70,10.00,12.63,0.0,-1.5708,0.0
BUILDING,2230.00,19.93,1540.00,12.70,10.00,12.63,0.0,-1.5708,0.0
BUILDING,2230.00,29.93,1540.00,12.70,10.00,12.63,0.0,-1.5708,0.0
BUILDING,2230.00,39.93,1540.00,12.70,10.00,12.63,0.0,-1.5708,0.0
BUILDING,2230.00,49.93,1540.00,12.70,10.00,12.63,0.0,-1.5708,0.0
BUILDING,2230.00,59.93,1540.00,12.70,10.00,12.63,0.0,-1.5708,0.0
BUILDING,2230.00,-6.35,1700.00,10.78,10.00,12.72,0.0,-1.5708,0.0
BUILDING,2230.00,3.65,1700.00,10.78,10.00,12.72,0.0,-1.5708,0.0
BUILDING,2230.00,13.65,1700.00,10.78,10.00,12.72,0.0,-1.5708,0.0
BUILDING,2230.00,23.65,1700.00,10.78,10.00,12.72,0.0,-1.5708,0.0
BUILDING,2230.00,33.65,1700.00,10.78,10.00,12.72,0.0,-1.5708,0.0
BUILDING,2230.00,43.65,1700.00,10.78,10.00,12.72,0.0,-1.5708,0.0
BUILDING,2230.00,53.65,1700.00,10.78,10.00,12.72,0.0,-1.5708,0.0
BUILDING,2230.00,63.65,1700.00,10.78,10.00,12.72,0.0,-1.5708,0.0
BUILDING,2230.00,73.65,1700.00,10.78,10.00,12.72,0.0,-1.5708,0.0
BUILDING,2230.00,83.65,1700.00,10.78,10.00,12.72,0.0,-1.5708,0.0
BUILDING,2230.00,-4.81,1780.00,11.93,10.00,11.32,0.0,-1.5708,0.0
BUILDING,2230.00,5.19,1780.00,11.93,10.00,11.32,0.0,-1.5708,0.0
BUILDING,2230.00,15.19,1780.00,11.93,10.00,11.32,0.0,-1.5708,0.0
BUILDING,2230.00,25.19,1780.00,11.93,10.00,11.32,0.0,-1.5708,0.0
BUILDING,2230.00,35.19,1780.00,11.93,10.00,11.32,0.0,-1.5708,0.0
BUILDING,2230.00,45.19,1780.00,11.93,10.00,11.32,0.0,-1.5708,0.0
BUILDING,2230.00,55.19,1780.00,11.93,10.00,11.32,0.0,-1.5708,0.0
BUILDING,2230.00,65.19,1780.00,11.93,10.00,11.32,0.0,-1.5708,0.0
BUILDING,2230.00,75.19,1780.00,11.93,10.00,11.32,0.0,-1.5708,0.0
BUILDING,2230.00,85.19,1780.00,11.93,10.00,11.32,0.0,-1.5708,0.0
BUILDING,2230.00,95.19,1780.00,11.93,10.00,11.32,0.0,-1.5708,0.0
BUILDING,2230.00,105.19,1780.00,11.93,10.00,11.32,0.0,-1.5708,0.0
BUILDING,2230.00,6.87,340.00,11.92,10.00,13.72,0.0,-1.5708,0.0
BUILDING,2230.00,16.87,340.00,11.92,10.00,13.72,0.0,-1.5708,0.0
BUILDING,2230.00,26.87,340.00,11.92,10.00,13.72,0.0,-1.5708,0.0
BUILDING,2230.00,36.87,340.00,11.92,10.00,13.72,0.0,-1.5708,0.0
BUILDING,2230.00,46.87,340.00,11.92,10.00,13.72,0.0,-1.5708,0.0
BUILDING,2230.00,56.87,340.00,11.92,10.00,13.72,0.0,-1.5708,0.0
BUILDING,2230.00,66.87,340.00,11.92,10.00,13.72,0.0,-1.5708,0.0
BUILDING,2230.00,76.87,340.00,11.92,10.00,13.72,0.0,-1.5708,0.0
BUILDING,2230.00,86.87,340.00,11.92,10.00,13.72,0.0,-1.5708,0.0
BUILDING,2230.00,96.87,340.00,11.92,10.00,13.72,0.0,-1.5708,0.0
BUILDING,2230.00,106.87,340.00,11.92,10.00,13.72,0.0,-1.5708,0.0
BUILDING,2230.00,116.87,340.00,11.92,10.00,13.72,0.0,-1.5708,0.0
BUILDING,2230.00,4.68,260.00,10.91,10.00,10.49,0.0,-1.5708,0.0
BUILDING,2230.00,14.68,260.00,10.91,10.00,10.49,0.0,-1.5708,0.0
BUILDING,2230.00,24.68,260.00,10.91,10.00,10.49,0.0,-1.5708,0.0
BUILDING,2230.00,34.68,260.00,10.91,10.00,10.49,0.0,-1.5708,0.0
BUILDING,2230.00,44.68,260.00,10.91,10.00,10.49,0.0,-1.5708,0.0
BUILDING,2230.00,54.68,260.00,10.91,10.00,10.49,0.0,-1.5708,0.0
BUILDING,2230.00,64.68,260.00,10.91,10.00,10.49,0.0,-1.5708,0.0
BUILDING,2230.00,74.68,260.00,10.91,10.00,10.49,0.0,-1.5708,0.0
BUILDING,2230.00,84.68,260.00,10.91,10.00,10.49,0.0,-1.5708,0.0
BUILDING,2230.00,94.68,260.00,10.91,10.00,10.49,0.0,-1.5708,0.0
BUILDING,2230.00,104.68,260.00,10.91,10.00,10.49,0.0,-1.5708,0.0
BUILDING,2230.00,114.68,260.00,10.91,10.00,10.49,0.0,-1.5708,0.0
BUILDING,2230.00,0.64,180.00,10.71,10.00,13.94,0.0,-1.5708,0.0
BUILDING,2230.00,10.64,180.00,10.71,10.00,13.94,0.0,-1.5708,0.0
BUILDING,2230.00,20.64,180.00,10.71,10.00,13.94,0.0,-1.5708,0.0
BUILDING,2230.00,30.64,180.00,10.71,10.00,13.94,0.0,-1.5708,0.0
BUILDING,2230.00,40.64,180.00,10.71,10.00,13.94,0.0,-1.5708,0.0
BUILDING,2230.00,50.64,180.00,10.71,10.00,13.94,0.0,-1.5708,0.0
BUILDING,2230.00,60.64,180.00,10.71,10.00,13.94,0.0,-1.5708,0.0
BUILDING,2230.00,70.64,180.00,10.71,10.00,13.94,0.0,-1.5708,0.0
BUILDING,2230.00,80.64,180.00,10.71,10.00,13.94,0.0,-1.5708,0.0
BUILDING,2230.00,90.64,180.00,10.71,10.00,13.94,0.0,-1.5708,0.0
BUILDING,2230.00,100.64,180.00,10.71,10.00,13.94,0.0,-1.5708,0.0
BUILDING,2230.00,110.64,180.00,10.71,10.00,13.94,0.0,-1.5708,0.0
BUILDING,2310.00,-13.01,900.00,10.57,10.00,9.29,0.0,-1.5708,0.0
BUILDING,2310.00,-3.01,900.00,10.57,10.00,9.29,0.0,-1.5708,0.0
BUILDING,2310.00,-14.75,1300.00,11.88,10.00,9.79,0.0,-1.5708,0.0
BUILDING,2310.00,-4.75,1300.00,11.88,10.00,9.79,0.0,-1.5708,0.0
BUILDING,2310.00,-14.44,1380.00,12.17,10.00,11.02,0.0,-1.5708,0.0
BUILDING,2310.00,-4.44,1380.00,12.17,10.00,11.02,0.0,-1.5708,0.0
BUILDING,2310.00,5.56,1380.00,12.17,10.00,11.02,0.0,-1.5708,0.0
BUILDING,2310.00,15.56,1380.00,12.17,10.00,11.02,0.0,-1.5708,0.0
BUILDING,2310.00,25.56,1380.00,12.17,10.00,11.02,0.0,-1.5708,0.0
BUILDING,2310.00,35.56,1380.00,12.17,10.00,11.02,0.0,-1.5708,0.0
BUILDING,2310.00,45.56,1380.00,12.17,10.00,11.02,0.0,-1.5708,0.0
BUILDING,2310.00,55.56,1380.00,12.17,10.00,11.02,0.0,-1.5708,0.0
BUILDING,2310.00,65.56,1380.00,12.17,10.00,11.02,0.0,-1.5708,0.0
BUILDING,2310.00,-6.76,740.00,11.67,10.00,12.65,0.0,-1.5708,0.0
BUILDING,2310.00,3.24,740.00,11.67,10.00,12.65,0.0,-1.5708,0.0
BUILDING,2310.00,13.24,740.00,11.67,10.00,12.65,0.0,-1.5708,0.0
BUILDING,2310.00,23.24,740.00,11.67,10.00,12.65,0.0,-1.5708,0.0
BUILDING,2310.00,33.24,740.00,11.67,10.00,12.65,0.0,-1.5708,0.0
BUILDING,2310.00,43.24,740.00,11.67,10.00,12.65,0.0,-1.5708,0.0
BUILDING,2310.00,53.24,740.00,11.67,10.00,12.65,0.0,-1.5708,0.0
BUILDING,2310.00,63.24,740.00,11.67,10.00,12.65,0.0,-1.5708,0.0
BUILDING,2310.00,73.24,740.00,11.67,10.00,12.65,0.0,-1.5708,0.0
BUILDING,2310.00,-12.22,1540.00,12.38,10.00,12.13,0.0,-1.5708,0.0
BUILDING,2310.00,-2.22,1540.00,12.38,10.00,12.13,0.0,-1.5708,0.0
BUILDING,2310.00,7.78,1540.00,12.38,10.00,12.13,0.0,-1.5708,0.0
BUILDING,2310.00,17.78,1540.00,12.38,10.00,12.13,0.0,-1.5708,0.0
BUILDING,2310.00,27.78,1540.00,12.38,10.00,12.13,0.0,-1.5708,0.0
BUILDING,2310.00,37.78,1540.00,12.38,10.00,12.13,0.0,-1.5708,0.0
BUILDING,2310.00,47.78,1540.00,12.38,10.00,12.13,0.0,-1.5708,0.0
BUILDING,2310.00,1.45,580.00,10.56,10.00,9.51,0.0,-1.5708,0.0
BUILDING,2310.00,11.45,580.00,10.56,10.00,9.51,0.0,-1.5708,0.0
BUILDING,2310.00,21.45,580.00,10.56,10.00,9.51,0.0,-1.5708,0.0
BUILDING,2310.00,31.45,580.00,10.56,10.00,9.51,0.0,-1.5708,0.0
BUILDING,2310.00,41.45,580.00,10.56,10.00,9.51,0.0,-1.5708,0.0
BUILDING,2310.00,51.45,580.00,10.56,10.00,9.51,0.0,-1.5708,0.0
BUILDING,2310.00,61.45,580.00,10.56,10.00,9.51,0.0,-1.5708,0.0
BUILDING,2310.00,71.45,580.00,10.56,10.00,9.51,0.0,-1.5708,0.0
BUILDING,2310.00,81.45,580.00,10.56,10.00,9.51,0.0,-1.5708,0.0
BUILDING,2310.00,91.45,580.00,10.56,10.00,9.51,0.0,-1.5708,0.0
BUILDING,2310.00,101.45,580.00,10.56,10.00,9.51,0.0,-1.5708,0.0
BUILDING,2310.00,111.45,580.00,10.56,10.00,9.51,0.0,-1.5708,0.0
BUILDING,2310.00,-10.07,1620.00,13.12,10.00,10.49,0.0,-1.5708,0.0
BUILDING,2310.00,-0.07,1620.00,13.12,10.00,10.49,0.0,-1.5708,0.0
BUILDING,2310.00,9.93,1620.00,13.12,10.00,10.49,0.0,-1.5708,0.0
BUILDING,2310.00,19.93,1620.00,13.12,10.00,10.49,0.0,-1.5708,0.0
BUILDING,2310.00,29.93,1620.00,13.12,10.00,10.49,0.0,-1.5708,0.0
BUILDING,2310.00,39.93,1620.00,13.12,10.00,10.49,0.0,-1.5708,0.0
BUILDING,2310.00,49.93,1620.00,13.12,10.00,10.49,0.0,-1.5708,0.0
BUILDING,2310.00,-7.44,1700.00,11.17,10.00,12.43,0.0,-1.5708,0.0
BUILDING,2310.00,2.56,1700.00,11.17,10.00,12.43,0.0,-1.5708,0.0
BUILDING,2310.00,12.56,1700.00,11.17,10.00,12.43,0.0,-1.5708,0.0
BUILDING,2310.00,22.56,1700.00,11.17,10.00,12.43,0.0,-1.5708,0.0
BUILDING,2310.00,32.56,1700.00,11.17,10.00,12.43,0.0,-1.5708,0.0
BUILDING,2310.00,42.56,1700.00,11.17,10.00,12.43,0.0,-1.5708,0.0
BUILDING,2310.00,52.56,1700.00,11.17,10.00,12.43,0.0,-1.5708,0.0
BUILDING,2310.00,62.56,1700.00,11.17,10.00,12.43,0.0,-1.5708,0.0
BUILDING,2310.00,72.56,1700.00,11.17,10.00,12.43,0.0,-1.5708,0.0
BUILDING,2310.00,82.56,1700.00,11.17,10.00,12.43,0.0,-1.5708,0.0
BUILDING,2310.00,92.56,1700.00,11.17,10.00,12.43,0.0,-1.5708,0.0
BUILDING,2310.00,-4.73,1780.00,9.82,10.00,13.53,0.0,-1.5708,0.0
BUILDING,2310.00,5.27,1780.00,9.82,10.00,13.53,0.0,-1.5708,0.0
BUILDING,2310.00,15.27,1780.00,9.82,10.00,13.53,0.0,-1.5708,0.0
BUILDING,2310.00,25.27,1780.00,9.82,10.00,13.53,0.0,-1.5708,0.0
BUILDING,2310.00,35.27,1780.00,9.82,10.00,13.53,0.0,-1.5708,0.0
BUILDING,2310.00,45.27,1780.00,9.82,10.00,13.53,0.0,-1.5708,0.0
BUILDING,2310.00,55.27,1780.00,9.82,10.00,13.53,0.0,-1.5708,0.0
BUILDING,2310.00,65.27,1780.00,9.82,10.00,13.53,0.0,-1.5708,0.0
BUILDING,2310.00,75.27,1780.00,9.82,10.00,13.53,0.0,-1.5708,0.0
BUILDING,2310.00,85.27,1780.00,9.82,10.00,13.53,0.0,-1.5708,0.0
BUILDING,2310.00,95.27,1780.00,9.82,10.00,13.53,0.0,-1.5708,0.0
BUILDING,2310.00,3.66,340.00,12.64,10.00,9.66,0.0,-1.5708,0.0
BUILDING,2310.00,13.66,340.00,12.64,10.00,9.66,0.0,-1.5708,0.0
BUILDING,2310.00,23.66,340.00,12.64,10.00,9.66,0.0,-1.5708,0.0
BUILDING,2310.00,33.66,340.00,12.64,10.00,9.66,0.0,-1.5708,0.0
BUILDING,2310.00,43.66,340.00,12.64,10.00,9.66,0.0,-1.5708,0.0
BUILDING,2310.00,53.66,340.00,12.64,10.00,9.66,0.0,-1.5708,0.0
BUILDING,2310.00,63.66,340.00,12.64,10.00,9.66,0.0,-1.5708,0.0
BUILDING,2310.00,73.66,340.00,12.64,10.00,9.66,0.0,-1.5708,0.0
BUILDING,2310.00,83.66,340.00,12.64,10.00,9.66,0.0,-1.5708,0.0
BUILDING,2310.00,93.66,340.00,12.64,10.00,9.66,0.0,-1.5708,0.0
BUILDING,2310.00,103.66,340.00,12.64,10.00,9.66,0.0,-1.5708,0.0
BUILDING,2310.00,113.66,340.00,12.64,10.00,9.66,0.0,-1.5708,0.0
BUILDING,2310.00,-2.43,1860.00,9.62,10.00,12.56,0.0,-1.5708,0.0
BUILDING,2310.00,7.57,1860.00,9.62,10.00,12.56,0.0,-1.5708,0.0
BUILDING,2310.00,17.57,1860.00,9.62,10.00,12.56,0.0,-1.5708,0.0
BUILDING,2310.00,27.57,1860.00,9.62,10.00,12.56,0.0,-1.5708,0.0
BUILDING,2310.00,37.57,1860.00,9.62,10.00,12.56,0.0,-1.5708,0.0
BUILDING,2310.00,47.57,1860.00,9.62,10.00,12.56,0.0,-1.5708,0.0
BUILDING,2310.00,57.57,1860.00,9.62,10.00,12.56,0.0,-1.5708,0.0
BUILDING,2310.00,67.57,1860.00,9.62,10.00,12.56,0.0,-1.5708,0.0
BUILDING,2310.00,77.57,1860.00,9.62,10.00,12.56,0.0,-1.5708,0.0
BUILDING,2310.00,87.57,1860.00,9.62,10.00,12.56,0.0,-1.5708,0.0
BUILDING,2310.00,97.57,1860.00,9.62,10.00,12.56,0.0,-1.5708,0.0
BUILDING,2310.00,107.57,1860.00,9.62,10.00,12.56,0.0,-1.5708,0.0
BUILDING,2310.00,0.10,260.00,10.28,10.00,11.67,0.0,-1.5708,0.0
BUILDING,2310.00,10.10,260.00,10.28,10.00,11.67,0.0,-1.5708,0.0
BUILDING,2310.00,20.10,260.00,10.28,10.00,11.67,0.0,-1.5708,0.0
BUILDING,2310.00,30.10,260.00,10.28,10.00,11.67,0.0,-1.5708,0.0
BUILDING,2310.00,40.10,260.00,10.28,10.00,11.67,0.0,-1.5708,0.0
BUILDING,2310.00,50.10,260.00,10.28,10.00,11.67,0.0,-1.5708,0.0
BUILDING,2310.00,60.10,260.00,10.28,10.00,11.67,0.0,-1.5708,0.0
BUILDING,2310.00,70.10,260.00,10.28,10.00,11.67,0.0,-1.5708,0.0
BUILDING,2310.00,80.10,260.00,10.28,10.00,11.67,0.0,-1.5708,0.0
BUILDING,2310.00,90.10,260.00,10.28,10.00,11.67,0.0,-1.5708,0.0
BUILDING,2310.00,100.10,260.00,10.28,10.00,11.67,0.0,-1.5708,0.0
BUILDING,2310.00,110.10,260.00,10.28,10.00,11.67,0.0,-1.5708,0.0
ENEMY,2312.43,142.03,428.00,3.8,3.8,3.8,0.0,0.0,0.0
BUILDING,2310.00,-0.95,1940.00,9.24,10.00,9.58,0.0,-1.5708,0.0
BUILDING,2310.00,9.05,1940.00,9.24,10.00,9.58,0.0,-1.5708,0.0
BUILDING,2310.00,19.05,1940.00,9.24,10.00,9.58,0.0,-1.5708,0.0
BUILDING,2310.00,29.05,1940.00,9.24,10.00,9.58,0.0,-1.5708,0.0
BUILDING,2310.00,39.05,1940.00,9.24,10.00,9.58,0.0,-1.5708,0.0
BUILDING,2310.00,49.05,1940.00,9.24,10.00,9.58,0.0,-1.5708,0.0
BUILDING,2310.00,59.05,1940.00,9.24,10.00,9.58,0.0,-1.5708,0.0
BUILDING,2310.00,69.05,1940.00,9.24,10.00,9.58,0.0,-1.5708,0.0
BUILDING,2310.00,79.05,1940.00,9.24,10.00,9.58,0.0,-1.5708,0.0
BUILDING,2310.00,89.05,1940.00,9.24,10.00,9.58,0.0,-1.5708,0.0
BUILDING,2310.00,99.05,1940.00,9.24,10.00,9.58,0.0,-1.5708,0.0
BUILDING,2310.00,-4.72,180.00,11.37,10.00,9.77,0.0,-1.5708,0.0
BUILDING,2310.00,5.28,180.00,11.37,10.00,9.77,0.0,-1.5708,0.0
BUILDING,2310.00,15.28,180.00,11.37,10.00,9.77,0.0,-1.5708,0.0
BUILDING,2310.00,25.28,180.00,11.37,10.00,9.77,0.0,-1.5708,0.0
BUILDING,2310.00,35.28,180.00,11.37,10.00,9.77,0.0,-1.5708,0.0
BUILDING,2310.00,45.28,180.00,11.37,10.00,9.77,0.0,-1.5708,0.0
BUILDING,2310.00,55.28,180.00,11.37,10.00,9.77,0.0,-1.5708,0.0
BUILDING,2310.00,65.28,180.00,11.37,10.00,9.77,0.0,-1.5708,0.0
BUILDING,2310.00,75.28,180.00,11.37,10.00,9.77,0.0,-1.5708,0.0
BUILDING,2310.00,85.28,180.00,11.37,10.00,9.77,0.0,-1.5708,0.0
BUILDING,2310.00,95.28,180.00,11.37,10.00,9.77,0.0,-1.5708,0.0
BUILDING,2310.00,105.28,180.00,11.37,10.00,9.77,0.0,-1.5708,0.0
BUILDING,2310.00,-0.45,2020.00,11.10,10.00,9.50,0.0,-1.5708,0.0
BUILDING,2310.00,9.55,2020.00,11.10,10.00,9.50,0.0,-1.5708,0.0
BUILDING,2310.00,19.55,2020.00,11.10,10.00,9.50,0.0,-1.5708,0.0
BUILDING,2310.00,29.55,2020.00,11.10,10.00,9.50,0.0,-1.5708,0.0
BUILDING,2310.00,39.55,2020.00,11.10,10.00,9.50,0.0,-1.5708,0.0
BUILDING,2310.00,49.55,2020.00,11.10,10.00,9.50,0.0,-1.5708,0.0
BUILDING,2310.00,59.55,2020.00,11.10,10.00,9.50,0.0,-1.5708,0.0
BUILDING,2310.00,69.55,2020.00,11.10,10.00,9.50,0.0,-1.5708,0.0
BUILDING,2310.00,79.55,2020.00,11.10,10.00,9.50,0.0,-1.5708,0.0
BUILDING,2310.00,89.55,2020.00,11.10,10.00,9.50,0.0,-1.5708,0.0
BUILDING,2310.00,99.55,2020.00,11.10,10.00,9.50,0.0,-1.5708,0.0
BUILDING,2310.00,109.55,2020.00,11.10,10.00,9.50,0.0,-1.5708,0.0
BUILDING,2390.00,-12.77,900.00,10.41,10.00,12.92,0.0,-1.5708,0.0
BUILDING,2390.00,-15.28,1300.00,13.16,10.00,13.87,0.0,-1.5708,0.0
BUILDING,2390.00,-5.28,1300.00,13.16,10.00,13.87,0.0,-1.5708,0.0
BUILDING,2390.00,-10.02,820.00,9.20,10.00,11.48,0.0,-1.5708,0.0
BUILDING,2390.00,-0.02,820.00,9.20,10.00,11.48,0.0,-1.5708,0.0
BUILDING,2390.00,9.98,820.00,9.20,10.00,11.48,0.0,-1.5708,0.0
BUILDING,2390.00,19.98,820.00,9.20,10.00,11.48,0.0,-1.5708,0.0
BUILDING,2390.00,29.98,820.00,9.20,10.00,11.48,0.0,-1.5708,0.0
BUILDING,2390.00,39.98,820.00,9.20,10.00,11.48,0.0,-1.5708,0.0
BUILDING,2390.00,49.98,820.00,9.20,10.00,11.48,0.0,-1.5708,0.0
BUILDING,2390.00,59.98,820.00,9.20,10.00,11.48,0.0,-1.5708,0.0
BUILDING,2390.00,-6.43,740.00,9.06,10.00,9.45,0.0,-1.5708,0.0
BUILDING,2390.00,3.57,740.00,9.06,10.00,9.45,0.0,-1.5708,0.0
BUILDING,2390.00,13.57,740.00,9.06,10.00,9.45,0.0,-1.5708,0.0
BUILDING,2390.00,23.57,740.00,9.06,10.00,9.45,0.0,-1.5708,0.0
BUILDING,2390.00,33.57,740.00,9.06,10.00,9.45,0.0,-1.5708,0.0
BUILDING,2390.00,43.57,740.00,9.06,10.00,9.45,0.0,-1.5708,0.0
BUILDING,2390.00,53.57,740.00,9.06,10.00,9.45,0.0,-1.5708,0.0
BUILDING,2390.00,63.57,740.00,9.06,10.00,9.45,0.0,-1.5708,0.0
BUILDING,2390.00,73.57,740.00,9.06,10.00,9.45,0.0,-1.5708,0.0
BUILDING,2390.00,-15.83,1460.00,9.75,10.00,9.45,0.0,-1.5708,0.0
BUILDING,2390.00,-5.83,1460.00,9.75,10.00,9.45,0.0,-1.5708,0.0
BUILDING,2390.00,4.17,1460.00,9.75,10.00,9.45,0.0,-1.5708,0.0
BUILDING,2390.00,14.17,1460.00,9.75,10.00,9.45,0.0,-1.5708,0.0
BUILDING,2390.00,24.17,1460.00,9.75,10.00,9.45,0.0,-1.5708,0.0
BUILDING,2390.00,34.17,1460.00,9.75,10.00,9.45,0.0,-1.5708,0.0
BUILDING,2390.00,44.17,1460.00,9.75,10.00,9.45,0.0,-1.5708,0.0
BUILDING,2390.00,54.17,1460.00,9.75,10.00,9.45,0.0,-1.5708,0.0
BUILDING,2390.00,-15.21,1540.00,12.22,10.00,11.28,0.0,-1.5708,0.0
BUILDING,2390.00,-5.21,1540.00,12.22,10.00,11.28,0.0,-1.5708,0.0
BUILDING,2390.00,4.79,1540.00,12.22,10.00,11.28,0.0,-1.5708,0.0
BUILDING,2390.00,14.79,1540.00,12.22,10.00,11.28,0.0,-1.5708,0.0
BUILDING,2390.00,24.79,1540.00,12.22,10.00,11.28,0.0,-1.5708,0.0
BUILDING,2390.00,34.79,1540.00,12.22,10.00,11.28,0.0,-1.5708,0.0
BUILDING,2390.00,44.79,1540.00,12.22,10.00,11.28,0.0,-1.5708,0.0
BUILDING,2390.00,0.29,580.00,9.50,10.00,9.87,0.0,-1.5708,0.0
BUILDING,2390.00,10.29,580.00,9.50,10.00,9.87,0.0,-1.5708,0.0
BUILDING,2390.00,20.29,580.00,9.50,10.00,9.87,0.0,-1.5708,0.0
BUILDING,2390.00,30.29,580.00,9.50,10.00,9.87,0.0,-1.5708,0.0
BUILDING,2390.00,40.29,580.00,9.50,10.00,9.87,0.0,-1.5708,0.0
BUILDING,2390.00,50.29,580.00,9.50,10.00,9.87,0.0,-1.5708,0.0
BUILDING,2390.00,60.29,580.00,9.50,10.00,9.87,0.0,-1.5708,0.0
BUILDING,2390.00,70.29,580.00,9.50,10.00,9.87,0.0,-1.5708,0.0
BUILDING,2390.00,80.29,580.00,9.50,10.00,9.87,0.0,-1.5708,0.0
BUILDING,2390.00,90.29,580.00,9.50,10.00,9.87,0.0,-1.5708,0.0
BUILDING,2390.00,100.29,580.00,9.50,10.00,9.87,0.0,-1.5708,0.0
BUILDING,2390.00,110.29,580.00,9.50,10.00,9.87,0.0,-1.5708,0.0
ENEMY,2394.52,133.77,684.00,3.8,3.8,3.8,0.0,0.0,0.0
BUILDING,2390.00,-13.52,1620.00,9.58,10.00,13.26,0.0,-1.5708,0.0
BUILDING,2390.00,-3.52,1620.00,9.58,10.00,13.26,0.0,-1.5708,0.0
BUILDING,2390.00,6.48,1620.00,9.58,10.00,13.26,0.0,-1.5708,0.0
BUILDING,2390.00,16.48,1620.00,9.58,10.00,13.26,0.0,-1.5708,0.0
BUILDING,2390.00,26.48,1620.00,9.58,10.00,13.26,0.0,-1.5708,0.0
BUILDING,2390.00,36.48,1620.00,9.58,10.00,13.26,0.0,-1.5708,0.0
BUILDING,2390.00,46.48,1620.00,9.58,10.00,13.26,0.0,-1.5708,0.0
BUILDING,2390.00,56.48,1620.00,9.58,10.00,13.26,0.0,-1.5708,0.0
BUILDING,2390.00,66.48,1620.00,9.58,10.00,13.26,0.0,-1.5708,0.0
BUILDING,2390.00,76.48,1620.00,9.58,10.00,13.26,0.0,-1.5708,0.0
BUILDING,2390.00,86.48,1620.00,9.58,10.00,13.26,0.0,-1.5708,0.0
BUILDING,2390.00,1.69,500.00,12.32,10.00,9.85,0.0,-1.5708,0.0
BUILDING,2390.00,11.69,500.00,12.32,10.00,9.85,0.0,-1.5708,0.0
BUILDING,2390.00,21.69,500.00,12.32,10.00,9.85,0.0,-1.5708,0.0
BUILDING,2390.00,31.69,500.00,12.32,10.00,9.85,0.0,-1.5708,0.0
BUILDING,2390.00,41.69,500.00,12.32,10.00,9.85,0.0,-1.5708,0.0
BUILDING,2390.00,51.69,500.00,12.32,10.00,9.85,0.0,-1.5708,0.0
BUILDING,2390.00,61.69,500.00,12.32,10.00,9.85,0.0,-1.5708,0.0
BUILDING,2390.00,71.69,500.00,12.32,10.00,9.85,0.0,-1.5708,0.0
BUILDING,2390.00,81.69,500.00,12.32,10.00,9.85,0.0,-1.5708,0.0
BUILDING,2390.00,91.69,500.00,12.32,10.00,9.85,0.0,-1.5708,0.0
BUILDING,2390.00,101.69,500.00,12.32,10.00,9.85,0.0,-1.5708,0.0
BUILDING,2390.00,111.69,500.00,12.32,10.00,9.85,0.0,-1.5708,0.0
BUILDING,2390.00,-10.75,1700.00,10.34,10.00,12.67,0.0,-1.5708,0.0
BUILDING,2390.00,-0.75,1700.00,10.34,10.00,12.67,0.0,-1.5708,0.0
BUILDING,2390.00,9.25,1700.00,10.34,10.00,12.67,0.0,-1.5708,0.0
BUILDING,2390.00,19.25,1700.00,10.34,10.00,12.67,0.0,-1.5708,0.0
BUILDING,2390.00,29.25,1700.00,10.34,10.00,12.67,0.0,-1.5708,0.0
BUILDING,2390.00,39.25,1700.00,10.34,10.00,12.67,0.0,-1.5708,0.0
BUILDING,2390.00,49.25,1700.00,10.34,10.00,12.67,0.0,-1.5708,0.0
BUILDING,2390.00,59.25,1700.00,10.34,10.00,12.67,0.0,-1.5708,0.0
BUILDING,2390.00,69.25,1700.00,10.34,10.00,12.67,0.0,-1.5708,0.0
BUILDING,2390.00,79.25,1700.00,10.34,10.00,12.67,0.0,-1.5708,0.0
BUILDING,2390.00,89.25,1700.00,10.34,10.00,12.67,0.0,-1.5708,0.0
BUILDING,2390.00,1.02,420.00,11.00,10.00,13.81,0.0,-1.5708,0.0
BUILDING,2390.00,11.02,420.00,11.00,10.00,13.81,0.0,-1.5708,0.0
BUILDING,2390.00,21.02,420.00,11.00,10.00,13.81,0.0,-1.5708,0.0
BUILDING,2390.00,31.02,420.00,11.00,10.00,13.81,0.0,-1.5708,0.0
BUILDING,2390.00,41.02,420.00,11.00,10.00,13.81,0.0,-1.5708,0.0
BUILDING,2390.00,51.02,420.00,11.00,10.00,13.81,0.0,-1.5708,0.0
BUILDING,2390.00,61.02,420.00,11.00,10.00,13.81,0.0,-1.5708,0.0
BUILDING,2390.00,71.02,420.00,11.00,10.00,13.81,0.0,-1.5708,0.0
BUILDING,2390.00,81.02,420.00,11.00,10.00,13.81,0.0,-1.5708,0.0
BUILDING,2390.00,91.02,420.00,11.00,10.00,13.81,0.0,-1.5708,0.0
BUILDING,2390.00,101.02,420.00,11.00,10.00,13.81,0.0,-1.5708,0.0
BUILDING,2390.00,111.02,420.00,11.00,10.00,13.81,0.0,-1.5708,0.0
BUILDING,2390.00,-7.28,1780.00,13.00,10.00,12.24,0.0,-1.5708,0.0
BUILDING,2390.00,2.72,1780.00,13.00,10.00,12.24,0.0,-1.5708,0.0
BUILDING,2390.00,12.72,1780.00,13.00,10.00,12.24,0.0,-1.5708,0.0
BUILDING,2390.00,22.72,1780.00,13.00,10.00,12.24,0.0,-1.5708,0.0
BUILDING,2390.00,32.72,1780.00,13.00,10.00,12.24,0.0,-1.5708,0.0
BUILDING,2390.00,42.72,1780.00,13.00,10.00,12.24,0.0,-1.5708,0.0
BUILDING,2390.00,52.72,1780.00,13.00,10.00,12.24,0.0,-1.5708,0.0
BUILDING,2390.00,62.72,1780.00,13.00,10.00,12.24,0.0,-1.5708,0.0
BUILDING,2390.00,72.72,1780.00,13.00,10.00,12.24,0.0,-1.5708,0.0
BUILDING,2390.00,82.72,1780.00,13.00,10.00,12.24,0.0,-1.5708,0.0
BUILDING,2390.00,92.72,1780.00,13.00,10.00,12.24,0.0,-1.5708,0.0
BUILDING,2390.00,102.72,1780.00,13.00,10.00,12.24,0.0,-1.5708,0.0
BUILDING,2390.00,-1.70,340.00,12.63,10.00,13.91,0.0,-1.5708,0.0
BUILDING,2390.00,8.30,340.00,12.63,10.00,13.91,0.0,-1.5708,0.0
BUILDING,2390.00,18.30,340.00,12.63,10.00,13.91,0.0,-1.5708,0.0
BUILDING,2390.00,28.30,340.00,12.63,10.00,13.91,0.0,-1.5708,0.0
BUILDING,2390.00,38.30,340.00,12.63,10.00,13.91,0.0,-1.5708,0.0
BUILDING,2390.00,48.30,340.00,12.63,10.00,13.91,0.0,-1.5708,0.0
BUILDING,2390.00,58.30,340.00,12.63,10.00,13.91,0.0,-1.5708,0.0
BUILDING,2390.00,68.30,340.00,12.63,10.00,13.91,0.0,-1.5708,0.0
BUILDING,2390.00,78.30,340.00,12.63,10.00,13.91,0.0,-1.5708,0.0
BUILDING,2390.00,88.30,340.00,12.63,10.00,13.91,0.0,-1.5708,0.0
BUILDING,2390.00,98.30,340.00,12.63,10.00,13.91,0.0,-1.5708,0.0
BUILDING,2390.00,108.30,340.00,12.63,10.00,13.91,0.0,-1.5708,0.0
BUILDING,2390.00,-3.74,1860.00,11.41,10.00,11.84,0.0,-1.5708,0.0
BUILDING,2390.00,6.26,1860.00,11.41,10.00,11.84,0.0,-1.5708,0.0
BUILDING,2390.00,16.26,1860.00,11.41,10.00,11.84,0.0,-1.5708,0.0
BUILDING,2390.00,26.26,1860.00,11.41,10.00,11.84,0.0,-1.5708,0.0
BUILDING,2390.00,36.26,1860.00,11.41,10.00,11.84,0.0,-1.5708,0.0
BUILDING,2390.00,46.26,1860.00,11.41,10.00,11.84,0.0,-1.5708,0.0
BUILDING,2390.00,56.26,1860.00,11.41,10.00,11.84,0.0,-1.5708,0.0
BUILDING,2390.00,66.26,1860.00,11.41,10.00,11.84,0.0,-1.5708,0.0
BUILDING,2390.00,76.26,1860.00,11.41,10.00,11.84,0.0,-1.5708,0.0
BUILDING,2390.00,86.26,1860.00,11.41,10.00,11.84,0.0,-1.5708,0.0
BUILDING,2390.00,96.26,1860.00,11.41,10.00,11.84,0.0,-1.5708,0.0
BUILDING,2390.00,106.26,1860.00,11.41,10.00,11.84,0.0,-1.5708,0.0
BUILDING,2390.00,-5.88,260.00,12.06,10.00,13.31,0.0,-1.5708,0.0
BUILDING,2390.00,4.12,260.00,12.06,10.00,13.31,0.0,-1.5708,0.0
BUILDING,2390.00,14.12,260.00,12.06,10.00,13.31,0.0,-1.5708,0.0
BUILDING,2390.00,24.12,260.00,12.06,10.00,13.31,0.0,-1.5708,0.0
BUILDING,2390.00,34.12,260.00,12.06,10.00,13.31,0.0,-1.5708,0.0
BUILDING,2390.00,44.12,260.00,12.06,10.00,13.31,0.0,-1.5708,0.0
BUILDING,2390.00,54.12,260.00,12.06,10.00,13.31,0.0,-1.5708,0.0
BUILDING,2390.00,64.12,260.00,12.06,10.00,13.31,0.0,-1.5708,0.0
BUILDING,2390.00,74.12,260.00,12.06,10.00,13.31,0.0,-1.5708,0.0
BUILDING,2390.00,84.12,260.00,12.06,10.00,13.31,0.0,-1.5708,0.0
BUILDING,2390.00,94.12,260.00,12.06,10.00,13.31,0.0,-1.5708,0.0
BUILDING,2390.00,0.73,2020.00,9.56,10.00,11.06,0.0,-1.5708,0.0
BUILDING,2390.00,10.73,2020.00,9.56,10.00,11.06,0.0,-1.5708,0.0
BUILDING,2390.00,20.73,2020.00,9.56,10.00,11.06,0.0,-1.5708,0.0
BUILDING,2390.00,30.73,2020.00,9.56,10.00,11.06,0.0,-1.5708,0.0
BUILDING,2390.00,40.73,2020.00,9.56,10.00,11.06,0.0,-1.5708,0.0
BUILDING,2390.00,50.73,2020.00,9.56,10.00,11.06,0.0,-1.5708,0.0
BUILDING,2390.00,60.73,2020.00,9.56,10.00,11.06,0.0,-1.5708,0.0
BUILDING,2390.00,70.73,2020.00,9.56,10.00,11.06,0.0,-1.5708,0.0
BUILDING,2390.00,80.73,2020.00,9.56,10.00,11.06,0.0,-1.5708,0.0
BUILDING,2390.00,90.73,2020.00,9.56,10.00,11.06,0.0,-1.5708,0.0
BUILDING,2390.00,100.73,2020.00,9.56,10.00,11.06,0.0,-1.5708,0.0
BUILDING,2390.00,110.73,2020.00,9.56,10.00,11.06,0.0,-1.5708,0.0
ENEMY,2387.21,133.87,1836.00,3.8,3.8,3.8,0.0,0.0,0.0
BUILDING,2470.00,-12.66,900.00,11.60,10.00,12.44,0.0,-1.5708,0.0
BUILDING,2470.00,-2.66,900.00,11.60,10.00,12.44,0.0,-1.5708,0.0
BUILDING,2470.00,7.34,900.00,11.60,10.00,12.44,0.0,-1.5708,0.0
BUILDING,2470.00,-15.53,1300.00,11.41,10.00,12.32,0.0,-1.5708,0.0
BUILDING,2470.00,-10.08,820.00,13.46,10.00,12.06,0.0,-1.5708,0.0
BUILDING,2470.00,-0.08,820.00,13.46,10.00,12.06,0.0,-1.5708,0.0
BUILDING,2470.00,9.92,820.00,13.46,10.00,12.06,0.0,-1.5708,0.0
BUILDING,2470.00,19.92,820.00,13.46,10.00,12.06,0.0,-1.5708,0.0
BUILDING,2470.00,29.92,820.00,13.46,10.00,12.06,0.0,-1.5708,0.0
BUILDING,2470.00,39.92,820.00,13.46,10.00,12.06,0.0,-1.5708,0.0
BUILDING,2470.00,49.92,820.00,13.46,10.00,12.06,0.0,-1.5708,0.0
BUILDING,2470.00,59.92,820.00,13.46,10.00,12.06,0.0,-1.5708,0.0
BUILDING,2470.00,69.92,820.00,13.46,10.00,12.06,0.0,-1.5708,0.0
BUILDING,2470.00,79.92,820.00,13.46,10.00,12.06,0.0,-1.5708,0.0
BUILDING,2470.00,89.92,820.00,13.46,10.00,12.06,0.0,-1.5708,0.0
ENEMY,2470.08,121.13,876.00,3.8,3.8,3.8,0.0,0.0,0.0
BUILDING,2470.00,-16.52,1380.00,13.35,10.00,9.37,0.0,-1.5708,0.0
BUILDING,2470.00,-6.52,1380.00,13.35,10.00,9.37,0.0,-1.5708,0.0
BUILDING,2470.00,3.48,1380.00,13.35,10.00,9.37,0.0,-1.5708,0.0
BUILDING,2470.00,13.48,1380.00,13.35,10.00,9.37,0.0,-1.5708,0.0
BUILDING,2470.00,23.48,1380.00,13.35,10.00,9.37,0.0,-1.5708,0.0
BUILDING,2470.00,33.48,1380.00,13.35,10.00,9.37,0.0,-1.5708,0.0
BUILDING,2470.00,43.48,1380.00,13.35,10.00,9.37,0.0,-1.5708,0.0
BUILDING,2470.00,53.48,1380.00,13.35,10.00,9.37,0.0,-1.5708,0.0
BUILDING,2470.00,-7.05,740.00,9.25,10.00,10.11,0.0,-1.5708,0.0
BUILDING,2470.00,2.95,740.00,9.25,10.00,10.11,0.0,-1.5708,0.0
BUILDING,2470.00,12.95,740.00,9.25,10.00,10.11,0.0,-1.5708,0.0
BUILDING,2470.00,22.95,740.00,9.25,10.00,10.11,0.0,-1.5708,0.0
BUILDING,2470.00,32.95,740.00,9.25,10.00,10.11,0.0,-1.5708,0.0
BUILDING,2470.00,42.95,740.00,9.25,10.00,10.11,0.0,-1.5708,0.0
BUILDING,2470.00,52.95,740.00,9.25,10.00,10.11,0.0,-1.5708,0.0
BUILDING,2470.00,62.95,740.00,9.25,10.00,10.11,0.0,-1.5708,0.0
BUILDING,2470.00,72.95,740.00,9.25,10.00,10.11,0.0,-1.5708,0.0
BUILDING,2470.00,82.95,740.00,9.25,10.00,10.11,0.0,-1.5708,0.0
BUILDING,2470.00,92.95,740.00,9.25,10.00,10.11,0.0,-1.5708,0.0
BUILDING,2470.00,-17.61,1460.00,9.39,10.00,11.22,0.0,-1.5708,0.0
BUILDING,2470.00,-7.61,1460.00,9.39,10.00,11.22,0.0,-1.5708,0.0
BUILDING,2470.00,2.39,1460.00,9.39,10.00,11.22,0.0,-1.5708,0.0
BUILDING,2470.00,12.39,1460.00,9.39,10.00,11.22,0.0,-1.5708,0.0
BUILDING,2470.00,22.39,1460.00,9.39,10.00,11.22,0.0,-1.5708,0.0
BUILDING,2470.00,-4.32,660.00,11.24,10.00,9.59,0.0,-1.5708,0.0
BUILDING,2470.00,5.68,660.00,11.24,10.00,9.59,0.0,-1.5708,0.0
BUILDING,2470.00,15.68,660.00,11.24,10.00,9.59,0.0,-1.5708,0.0
BUILDING,2470.00,25.68,660.00,11.24,10.00,9.59,0.0,-1.5708,0.0
BUILDING,2470.00,35.68,660.00,11.24,10.00,9.59,0.0,-1.5708,0.0
BUILDING,2470.00,45.68,660.00,11.24,10.00,9.59,0.0,-1.5708,0.0
BUILDING,2470.00,55.68,660.00,11.24,10.00,9.59,0.0,-1.5708,0.0
BUILDING,2470.00,65.68,660.00,11.24,10.00,9.59,0.0,-1.5708,0.0
BUILDING,2470.00,75.68,660.00,11.24,10.00,9.59,0.0,-1.5708,0.0
BUILDING,2470.00,85.68,660.00,11.24,10.00,9.59,0.0,-1.5708,0.0
BUILDING,2470.00,95.68,660.00,11.24,10.00,9.59,0.0,-1.5708,0.0
BUILDING,2470.00,105.68,660.00,11.24,10.00,9.59,0.0,-1.5708,0.0
BUILDING,2470.00,-18.15,1540.00,11.02,10.00,9.18,0.0,-1.5708,0.0
BUILDING,2470.00,-8.15,1540.00,11.02,10.00,9.18,0.0,-1.5708,0.0
BUILDING,2470.00,1.85,1540.00,11.02,10.00,9.18,0.0,-1.5708,0.0
BUILDING,2470.00,11.85,1540.00,11.02,10.00,9.18,0.0,-1.5708,0.0
BUILDING,2470.00,-15.50,1700.00,11.81,10.00,12.27,0.0,-1.5708,0.0
BUILDING,2470.00,-5.50,1700.00,11.81,10.00,12.27,0.0,-1.5708,0.0
BUILDING,2470.00,4.50,1700.00,11.81,10.00,12.27,0.0,-1.5708,0.0
BUILDING,2470.00,14.50,1700.00,11.81,10.00,12.27,0.0,-1.5708,0.0
BUILDING,2470.00,24.50,1700.00,11.81,10.00,12.27,0.0,-1.5708,0.0
BUILDING,2470.00,34.50,1700.00,11.81,10.00,12.27,0.0,-1.5708,0.0
BUILDING,2470.00,44.50,1700.00,11.81,10.00,12.27,0.0,-1.5708,0.0
BUILDING,2470.00,54.50,1700.00,11.81,10.00,12.27,0.0,-1.5708,0.0
BUILDING,2470.00,64.50,1700.00,11.81,10.00,12.27,0.0,-1.5708,0.0
BUILDING,2470.00,-4.49,420.00,13.08,10.00,13.22,0.0,-1.5708,0.0
BUILDING,2470.00,5.51,420.00,13.08,10.00,13.22,0.0,-1.5708,0.0
BUILDING,2470.00,15.51,420.00,13.08,10.00,13.22,0.0,-1.5708,0.0
BUILDING,2470.00,25.51,420.00,13.08,10.00,13.22,0.0,-1.5708,0.0
BUILDING,2470.00,35.51,420.00,13.08,10.00,13.22,0.0,-1.5708,0.0
BUILDING,2470.00,45.51,420.00,13.08,10.00,13.22,0.0,-1.5708,0.0
BUILDING,2470.00,55.51,420.00,13.08,10.00,13.22,0.0,-1.5708,0.0
BUILDING,2470.00,65.51,420.00,13.08,10.00,13.22,0.0,-1.5708,0.0
BUILDING,2470.00,75.51,420.00,13.08,10.00,13.22,0.0,-1.5708,0.0
BUILDING,2470.00,85.51,420.00,13.08,10.00,13.22,0.0,-1.5708,0.0
BUILDING,2470.00,-7.68,340.00,12.29,10.00,12.58,0.0,-1.5708,0.0
BUILDING,2470.00,2.32,340.00,12.29,10.00,12.58,0.0,-1.5708,0.0
BUILDING,2470.00,12.32,340.00,12.29,10.00,12.58,0.0,-1.5708,0.0
BUILDING,2470.00,22.32,340.00,12.29,10.00,12.58,0.0,-1.5708,0.0
BUILDING,2470.00,32.32,340.00,12.29,10.00,12.58,0.0,-1.5708,0.0
BUILDING,2470.00,42.32,340.00,12.29,10.00,12.58,0.0,-1.5708,0.0
BUILDING,2470.00,52.32,340.00,12.29,10.00,12.58,0.0,-1.5708,0.0
BUILDING,2470.00,62.32,340.00,12.29,10.00,12.58,0.0,-1.5708,0.0
BUILDING,2470.00,72.32,340.00,12.29,10.00,12.58,0.0,-1.5708,0.0
BUILDING,2470.00,82.32,340.00,12.29,10.00,12.58,0.0,-1.5708,0.0
BUILDING,2470.00,92.32,340.00,12.29,10.00,12.58,0.0,-1.5708,0.0
BUILDING,2470.00,102.32,340.00,12.29,10.00,12.58,0.0,-1.5708,0.0
BUILDING,2470.00,-11.49,260.00,10.78,10.00,12.17,0.0,-1.5708,0.0
BUILDING,2470.00,-1.49,260.00,10.78,10.00,12.17,0.0,-1.5708,0.0
BUILDING,2470.00,8.51,260.00,10.78,10.00,12.17,0.0,-1.5708,0.0
BUILDING,2470.00,18.51,260.00,10.78,10.00,12.17,0.0,-1.5708,0.0
BUILDING,2470.00,28.51,260.00,10.78,10.00,12.17,0.0,-1.5708,0.0
BUILDING,2470.00,38.51,260.00,10.78,10.00,12.17,0.0,-1.5708,0.0
BUILDING,2470.00,48.51,260.00,10.78,10.00,12.17,0.0,-1.5708,0.0
BUILDING,2470.00,58.51,260.00,10.78,10.00,12.17,0.0,-1.5708,0.0
BUILDING,2470.00,68.51,260.00,10.78,10.00,12.17,0.0,-1.5708,0.0
BUILDING,2470.00,-3.66,1940.00,12.51,10.00,9.23,0.0,-1.5708,0.0
BUILDING,2470.00,6.34,1940.00,12.51,10.00,9.23,0.0,-1.5708,0.0
BUILDING,2470.00,16.34,1940.00,12.51,10.00,9.23,0.0,-1.5708,0.0
BUILDING,2470.00,26.34,1940.00,12.51,10.00,9.23,0.0,-1.5708,0.0
BUILDING,2470.00,36.34,1940.00,12.51,10.00,9.23,0.0,-1.5708,0.0
BUILDING,2470.00,46.34,1940.00,12.51,10.00,9.23,0.0,-1.5708,0.0
BUILDING,2470.00,56.34,1940.00,12.51,10.00,9.23,0.0,-1.5708,0.0
BUILDING,2470.00,66.34,1940.00,12.51,10.00,9.23,0.0,-1.5708,0.0
BUILDING,2470.00,76.34,1940.00,12.51,10.00,9.23,0.0,-1.5708,0.0
BUILDING,2470.00,86.34,1940.00,12.51,10.00,9.23,0.0,-1.5708,0.0
BUILDING,2470.00,96.34,1940.00,12.51,10.00,9.23,0.0,-1.5708,0.0
BUILDING,2470.00,106.34,1940.00,12.51,10.00,9.23,0.0,-1.5708,0.0
BUILDING,2470.00,-14.98,180.00,12.71,10.00,11.05,0.0,-1.5708,0.0
BUILDING,2470.00,-4.98,180.00,12.71,10.00,11.05,0.0,-1.5708,0.0
BUILDING,2470.00,5.02,180.00,12.71,10.00,11.05,0.0,-1.5708,0.0
BUILDING,2470.00,15.02,180.00,12.71,10.00,11.05,0.0,-1.5708,0.0
BUILDING,2470.00,25.02,180.00,12.71,10.00,11.05,0.0,-1.5708,0.0
BUILDING,2470.00,35.02,180.00,12.71,10.00,11.05,0.0,-1.5708,0.0
BUILDING,2470.00,45.02,180.00,12.71,10.00,11.05,0.0,-1.5708,0.0
BUILDING,2470.00,55.02,180.00,12.71,10.00,11.05,0.0,-1.5708,0.0
BUILDING,2470.00,65.02,180.00,12.71,10.00,11.05,0.0,-1.5708,0.0
BUILDING,2470.00,75.02,180.00,12.71,10.00,11.05,0.0,-1.5708,0.0
BUILDING,2470.00,85.02,180.00,12.71,10.00,11.05,0.0,-1.5708,0.0
BUILDING,2470.00,-0.52,2020.00,13.65,10.00,10.96,0.0,-1.5708,0.0
BUILDING,2470.00,9.48,2020.00,13.65,10.00,10.96,0.0,-1.5708,0.0
BUILDING,2470.00,19.48,2020.00,13.65,10.00,10.96,0.0,-1.5708,0.0
BUILDING,2470.00,29.48,2020.00,13.65,10.00,10.96,0.0,-1.5708,0.0
BUILDING,2470.00,39.48,2020.00,13.65,10.00,10.96,0.0,-1.5708,0.0
BUILDING,2470.00,49.48,2020.00,13.65,10.00,10.96,0.0,-1.5708,0.0
BUILDING,2470.00,59.48,2020.00,13.65,10.00,10.96,0.0,-1.5708,0.0
BUILDING,2470.00,69.48,2020.00,13.65,10.00,10.96,0.0,-1.5708,0.0
BUILDING,2470.00,79.48,2020.00,13.65,10.00,10.96,0.0,-1.5708,0.0
BUILDING,2470.00,89.48,2020.00,13.65,10.00,10.96,0.0,-1.5708,0.0
BUILDING,2470.00,99.48,2020.00,13.65,10.00,10.96,0.0,-1.5708,0.0
BUILDING,2550.00,-14.31,980.00,9.23,10.00,12.17,0.0,-1.5708,0.0
BUILDING,2550.00,-4.31,980.00,9.23,10.00,12.17,0.0,-1.5708,0.0
BUILDING,2550.00,5.69,980.00,9.23,10.00,12.17,0.0,-1.5708,0.0
BUILDING,2550.00,15.69,980.00,9.23,10.00,12.17,0.0,-1.5708,0.0
BUILDING,2550.00,-14.97,1220.00,11.29,10.00,11.95,0.0,-1.5708,0.0
BUILDING,2550.00,-4.97,1220.00,11.29,10.00,11.95,0.0,-1.5708,0.0
BUILDING,2550.00,5.03,1220.00,11.29,10.00,11.95,0.0,-1.5708,0.0
BUILDING,2550.00,15.03,1220.00,11.29,10.00,11.95,0.0,-1.5708,0.0
BUILDING,2550.00,-15.52,1300.00,11.77,10.00,11.16,0.0,-1.5708,0.0
BUILDING,2550.00,-18.60,1460.00,12.65,10.00,9.64,0.0,-1.5708,0.0
BUILDING,2550.00,-8.60,1460.00,12.65,10.00,9.64,0.0,-1.5708,0.0
BUILDING,2550.00,1.40,1460.00,12.65,10.00,9.64,0.0,-1.5708,0.0
BUILDING,2550.00,11.40,1460.00,12.65,10.00,9.64,0.0,-1.5708,0.0
BUILDING,2550.00,21.40,1460.00,12.65,10.00,9.64,0.0,-1.5708,0.0
BUILDING,2550.00,-7.20,660.00,11.52,10.00,10.92,0.0,-1.5708,0.0
BUILDING,2550.00,2.80,660.00,11.52,10.00,10.92,0.0,-1.5708,0.0
BUILDING,2550.00,12.80,660.00,11.52,10.00,10.92,0.0,-1.5708,0.0
BUILDING,2550.00,22.80,660.00,11.52,10.00,10.92,0.0,-1.5708,0.0
BUILDING,2550.00,32.80,660.00,11.52,10.00,10.92,0.0,-1.5708,0.0
BUILDING,2550.00,42.80,660.00,11.52,10.00,10.92,0.0,-1.5708,0.0
BUILDING,2550.00,52.80,660.00,11.52,10.00,10.92,0.0,-1.5708,0.0
BUILDING,2550.00,62.80,660.00,11.52,10.00,10.92,0.0,-1.5708,0.0
BUILDING,2550.00,72.80,660.00,11.52,10.00,10.92,0.0,-1.5708,0.0
BUILDING,2550.00,82.80,660.00,11.52,10.00,10.92,0.0,-1.5708,0.0
BUILDING,2550.00,92.80,660.00,11.52,10.00,10.92,0.0,-1.5708,0.0
BUILDING,2550.00,-21.09,1620.00,13.85,10.00,11.26,0.0,-1.5708,0.0
BUILDING,2550.00,-11.09,1620.00,13.85,10.00,11.26,0.0,-1.5708,0.0
BUILDING,2550.00,-1.09,1620.00,13.85,10.00,11.26,0.0,-1.5708,0.0
BUILDING,2550.00,8.91,1620.00,13.85,10.00,11.26,0.0,-1.5708,0.0
BUILDING,2550.00,18.91,1620.00,13.85,10.00,11.26,0.0,-1.5708,0.0
BUILDING,2550.00,-7.78,500.00,13.43,10.00,11.56,0.0,-1.5708,0.0
BUILDING,2550.00,2.22,500.00,13.43,10.00,11.56,0.0,-1.5708,0.0
BUILDING,2550.00,12.22,500.00,13.43,10.00,11.56,0.0,-1.5708,0.0
BUILDING,2550.00,22.22,500.00,13.43,10.00,11.56,0.0,-1.5708,0.0
BUILDING,2550.00,32.22,500.00,13.43,10.00,11.56,0.0,-1.5708,0.0
BUILDING,2550.00,42.22,500.00,13.43,10.00,11.56,0.0,-1.5708,0.0
BUILDING,2550.00,52.22,500.00,13.43,10.00,11.56,0.0,-1.5708,0.0
BUILDING,2550.00,62.22,500.00,13.43,10.00,11.56,0.0,-1.5708,0.0
BUILDING,2550.00,72.22,500.00,13.43,10.00,11.56,0.0,-1.5708,0.0
BUILDING,2550.00,82.22,500.00,13.43,10.00,11.56,0.0,-1.5708,0.0
BUILDING,2550.00,92.22,500.00,13.43,10.00,11.56,0.0,-1.5708,0.0
BUILDING,2550.00,102.22,500.00,13.43,10.00,11.56,0.0,-1.5708,0.0
BUILDING,2550.00,-20.37,1700.00,12.56,10.00,13.68,0.0,-1.5708,0.0
BUILDING,2550.00,-10.37,1700.00,12.56,10.00,13.68,0.0,-1.5708,0.0
BUILDING,2550.00,-0.37,1700.00,12.56,10.00,13.68,0.0,-1.5708,0.0
BUILDING,2550.00,9.63,1700.00,12.56,10.00,13.68,0.0,-1.5708,0.0
BUILDING,2550.00,19.63,1700.00,12.56,10.00,13.68,0.0,-1.5708,0.0
BUILDING,2550.00,-9.88,420.00,12.57,10.00,12.43,0.0,-1.5708,0.0
BUILDING,2550.00,0.12,420.00,12.57,10.00,12.43,0.0,-1.5708,0.0
BUILDING,2550.00,10.12,420.00,12.57,10.00,12.43,0.0,-1.5708,0.0
BUILDING,2550.00,20.12,420.00,12.57,10.00,12.43,0.0,-1.5708,0.0
BUILDING,2550.00,30.12,420.00,12.57,10.00,12.43,0.0,-1.5708,0.0
BUILDING,2550.00,40.12,420.00,12.57,10.00,12.43,0.0,-1.5708,0.0
BUILDING,2550.00,50.12,420.00,12.57,10.00,12.43,0.0,-1.5708,0.0
BUILDING,2550.00,60.12,420.00,12.57,10.00,12.43,0.0,-1.5708,0.0
BUILDING,2550.00,70.12,420.00,12.57,10.00,12.43,0.0,-1.5708,0.0
BUILDING,2550.00,80.12,420.00,12.57,10.00,12.43,0.0,-1.5708,0.0
BUILDING,2550.00,90.12,420.00,12.57,10.00,12.43,0.0,-1.5708,0.0
BUILDING,2550.00,100.12,420.00,12.57,10.00,12.43,0.0,-1.5708,0.0
BUILDING,2550.00,-17.87,1780.00,12.25,10.00,13.79,0.0,-1.5708,0.0
BUILDING,2550.00,-7.87,1780.00,12.25,10.00,13.79,0.0,-1.5708,0.0
BUILDING,2550.00,2.13,1780.00,12.25,10.00,13.79,0.0,-1.5708,0.0
BUILDING,2550.00,12.13,1780.00,12.25,10.00,13.79,0.0,-1.5708,0.0
BUILDING,2550.00,22.13,1780.00,12.25,10.00,13.79,0.0,-1.5708,0.0
BUILDING,2550.00,32.13,1780.00,12.25,10.00,13.79,0.0,-1.5708,0.0
BUILDING,2550.00,42.13,1780.00,12.25,10.00,13.79,0.0,-1.5708,0.0
BUILDING,2550.00,52.13,1780.00,12.25,10.00,13.79,0.0,-1.5708,0.0
BUILDING,2550.00,62.13,1780.00,12.25,10.00,13.79,0.0,-1.5708,0.0
BUILDING,2550.00,-12.62,340.00,12.55,10.00,12.80,0.0,-1.5708,0.0
BUILDING,2550.00,-2.62,340.00,12.55,10.00,12.80,0.0,-1.5708,0.0
BUILDING,2550.00,7.38,340.00,12.55,10.00,12.80,0.0,-1.5708,0.0
BUILDING,2550.00,17.38,340.00,12.55,10.00,12.80,0.0,-1.5708,0.0
BUILDING,2550.00,27.38,340.00,12.55,10.00,12.80,0.0,-1.5708,0.0
BUILDING,2550.00,37.38,340.00,12.55,10.00,12.80,0.0,-1.5708,0.0
BUILDING,2550.00,47.38,340.00,12.55,10.00,12.80,0.0,-1.5708,0.0
BUILDING,2550.00,57.38,340.00,12.55,10.00,12.80,0.0,-1.5708,0.0
BUILDING,2550.00,-13.84,1860.00,12.55,10.00,12.37,0.0,-1.5708,0.0
BUILDING,2550.00,-3.84,1860.00,12.55,10.00,12.37,0.0,-1.5708,0.0
BUILDING,2550.00,6.16,1860.00,12.55,10.00,12.37,0.0,-1.5708,0.0
BUILDING,2550.00,16.16,1860.00,12.55,10.00,12.37,0.0,-1.5708,0.0
BUILDING,2550.00,26.16,1860.00,12.55,10.00,12.37,0.0,-1.5708,0.0
BUILDING,2550.00,36.16,1860.00,12.55,10.00,12.37,0.0,-1.5708,0.0
BUILDING,2550.00,46.16,1860.00,12.55,10.00,12.37,0.0,-1.5708,0.0
BUILDING,2550.00,56.16,1860.00,12.55,10.00,12.37,0.0,-1.5708,0.0
BUILDING,2550.00,66.16,1860.00,12.55,10.00,12.37,0.0,-1.5708,0.0
BUILDING,2550.00,76.16,1860.00,12.55,10.00,12.37,0.0,-1.5708,0.0
BUILDING,2550.00,86.16,1860.00,12.55,10.00,12.37,0.0,-1.5708,0.0
BUILDING,2550.00,-15.29,260.00,13.04,10.00,11.61,0.0,-1.5708,0.0
BUILDING,2550.00,-5.29,260.00,13.04,10.00,11.61,0.0,-1.5708,0.0
BUILDING,2550.00,4.71,260.00,13.04,10.00,11.61,0.0,-1.5708,0.0
BUILDING,2550.00,14.71,260.00,13.04,10.00,11.61,0.0,-1.5708,0.0
BUILDING,2550.00,24.71,260.00,13.04,10.00,11.61,0.0,-1.5708,0.0
BUILDING,2550.00,34.71,260.00,13.04,10.00,11.61,0.0,-1.5708,0.0
BUILDING,2550.00,44.71,260.00,13.04,10.00,11.61,0.0,-1.5708,0.0
BUILDING,2550.00,54.71,260.00,13.04,10.00,11.61,0.0,-1.5708,0.0
ENEMY,2552.55,76.46,428.00,3.8,3.8,3.8,0.0,0.0,0.0
BUILDING,2550.00,-9.07,1940.00,13.92,10.00,12.42,0.0,-1.5708,0.0
BUILDING,2550.00,0.93,1940.00,13.92,10.00,12.42,0.0,-1.5708,0.0
BUILDING,2550.00,10.93,1940.00,13.92,10.00,12.42,0.0,-1.5708,0.0
BUILDING,2550.00,20.93,1940.00,13.92,10.00,12.42,0.0,-1.5708,0.0
BUILDING,2550.00,30.93,1940.00,13.92,10.00,12.42,0.0,-1.5708,0.0
BUILDING,2550.00,40.93,1940.00,13.92,10.00,12.42,0.0,-1.5708,0.0
BUILDING,2550.00,50.93,1940.00,13.92,10.00,12.42,0.0,-1.5708,0.0
BUILDING,2550.00,60.93,1940.00,13.92,10.00,12.42,0.0,-1.5708,0.0
BUILDING,2550.00,70.93,1940.00,13.92,10.00,12.42,0.0,-1.5708,0.0
BUILDING,2550.00,-17.24,180.00,10.02,10.00,11.71,0.0,-1.5708,0.0
BUILDING,2550.00,-7.24,180.00,10.02,10.00,11.71,0.0,-1.5708,0.0
BUILDING,2550.00,2.76,180.00,10.02,10.00,11.71,0.0,-1.5708,0.0
BUILDING,2550.00,12.76,180.00,10.02,10.00,11.71,0.0,-1.5708,0.0
BUILDING,2550.00,22.76,180.00,10.02,10.00,11.71,0.0,-1.5708,0.0
BUILDING,2550.00,32.76,180.00,10.02,10.00,11.71,0.0,-1.5708,0.0
BUILDING,2550.00,42.76,180.00,10.02,10.00,11.71,0.0,-1.5708,0.0
BUILDING,2550.00,-4.63,2020.00,13.34,10.00,12.70,0.0,-1.5708,0.0
BUILDING,2550.00,5.37,2020.00,13.34,10.00,12.70,0.0,-1.5708,0.0
BUILDING,2550.00,15.37,2020.00,13.34,10.00,12.70,0.0,-1.5708,0.0
BUILDING,2550.00,25.37,2020.00,13.34,10.00,12.70,0.0,-1.5708,0.0
BUILDING,2550.00,35.37,2020.00,13.34,10.00,12.70,0.0,-1.5708,0.0
BUILDING,2550.00,45.37,2020.00,13.34,10.00,12.70,0.0,-1.5708,0.0
BUILDING,2550.00,55.37,2020.00,13.34,10.00,12.70,0.0,-1.5708,0.0
BUILDING,2550.00,65.37,2020.00,13.34,10.00,12.70,0.0,-1.5708,0.0
BUILDING,2550.00,75.37,2020.00,13.34,10.00,12.70,0.0,-1.5708,0.0
BUILDING,2550.00,85.37,2020.00,13.34,10.00,12.70,0.0,-1.5708,0.0
BUILDING,2550.00,95.37,2020.00,13.34,10.00,12.70,0.0,-1.5708,0.0
BUILDING,2550.00,105.37,2020.00,13.34,10.00,12.70,0.0,-1.5708,0.0
BUILDING,2630.00,-15.39,1300.00,13.63,10.00,10.94,0.0,-1.5708,0.0
BUILDING,2630.00,-16.69,1380.00,9.27,10.00,12.72,0.0,-1.5708,0.0
BUILDING,2630.00,-6.69,1380.00,9.27,10.00,12.72,0.0,-1.5708,0.0
BUILDING,2630.00,3.31,1380.00,9.27,10.00,12.72,0.0,-1.5708,0.0
BUILDING,2630.00,13.31,1380.00,9.27,10.00,12.72,0.0,-1.5708,0.0
BUILDING,2630.00,23.31,1380.00,9.27,10.00,12.72,0.0,-1.5708,0.0
BUILDING,2630.00,33.31,1380.00,9.27,10.00,12.72,0.0,-1.5708,0.0
BUILDING,2630.00,43.31,1380.00,9.27,10.00,12.72,0.0,-1.5708,0.0
BUILDING,2630.00,53.31,1380.00,9.27,10.00,12.72,0.0,-1.5708,0.0
BUILDING,2630.00,63.31,1380.00,9.27,10.00,12.72,0.0,-1.5708,0.0
BUILDING,2630.00,-10.63,660.00,13.56,10.00,12.52,0.0,-1.5708,0.0
BUILDING,2630.00,-0.63,660.00,13.56,10.00,12.52,0.0,-1.5708,0.0
BUILDING,2630.00,9.37,660.00,13.56,10.00,12.52,0.0,-1.5708,0.0
BUILDING,2630.00,19.37,660.00,13.56,10.00,12.52,0.0,-1.5708,0.0
BUILDING,2630.00,29.37,660.00,13.56,10.00,12.52,0.0,-1.5708,0.0
BUILDING,2630.00,39.37,660.00,13.56,10.00,12.52,0.0,-1.5708,0.0
BUILDING,2630.00,49.37,660.00,13.56,10.00,12.52,0.0,-1.5708,0.0
BUILDING,2630.00,59.37,660.00,13.56,10.00,12.52,0.0,-1.5708,0.0
BUILDING,2630.00,-11.01,580.00,9.98,10.00,12.62,0.0,-1.5708,0.0
BUILDING,2630.00,-1.01,580.00,9.98,10.00,12.62,0.0,-1.5708,0.0
BUILDING,2630.00,8.99,580.00,9.98,10.00,12.62,0.0,-1.5708,0.0
BUILDING,2630.00,18.99,580.00,9.98,10.00,12.62,0.0,-1.5708,0.0
BUILDING,2630.00,28.99,580.00,9.98,10.00,12.62,0.0,-1.5708,0.0
BUILDING,2630.00,38.99,580.00,9.98,10.00,12.62,0.0,-1.5708,0.0
BUILDING,2630.00,48.99,580.00,9.98,10.00,12.62,0.0,-1.5708,0.0
BUILDING,2630.00,58.99,580.00,9.98,10.00,12.62,0.0,-1.5708,0.0
BUILDING,2630.00,68.99,580.00,9.98,10.00,12.62,0.0,-1.5708,0.0
BUILDING,2630.00,78.99,580.00,9.98,10.00,12.62,0.0,-1.5708,0.0
BUILDING,2630.00,88.99,580.00,9.98,10.00,12.62,0.0,-1.5708,0.0
BUILDING,2630.00,-23.26,1620.00,9.37,10.00,13.81,0.0,-1.5708,0.0
BUILDING,2630.00,-13.26,1620.00,9.37,10.00,13.81,0.0,-1.5708,0.0
BUILDING,2630.00,-3.26,1620.00,9.37,10.00,13.81,0.0,-1.5708,0.0
BUILDING,2630.00,6.74,1620.00,9.37,10.00,13.81,0.0,-1.5708,0.0
BUILDING,2630.00,16.74,1620.00,9.37,10.00,13.81,0.0,-1.5708,0.0
BUILDING,2630.00,26.74,1620.00,9.37,10.00,13.81,0.0,-1.5708,0.0
BUILDING,2630.00,36.74,1620.00,9.37,10.00,13.81,0.0,-1.5708,0.0
BUILDING,2630.00,-12.17,500.00,11.14,10.00,11.78,0.0,-1.5708,0.0
BUILDING,2630.00,-2.17,500.00,11.14,10.00,11.78,0.0,-1.5708,0.0
BUILDING,2630.00,7.83,500.00,11.14,10.00,11.78,0.0,-1.5708,0.0
BUILDING,2630.00,17.83,500.00,11.14,10.00,11.78,0.0,-1.5708,0.0
BUILDING,2630.00,27.83,500.00,11.14,10.00,11.78,0.0,-1.5708,0.0
BUILDING,2630.00,37.83,500.00,11.14,10.00,11.78,0.0,-1.5708,0.0
BUILDING,2630.00,47.83,500.00,11.14,10.00,11.78,0.0,-1.5708,0.0
BUILDING,2630.00,-24.10,1700.00,9.03,10.00,11.33,0.0,-1.5708,0.0
BUILDING,2630.00,-14.10,1700.00,9.03,10.00,11.33,0.0,-1.5708,0.0
BUILDING,2630.00,-4.10,1700.00,9.03,10.00,11.33,0.0,-1.5708,0.0
BUILDING,2630.00,5.90,1700.00,9.03,10.00,11.33,0.0,-1.5708,0.0
BUILDING,2630.00,-13.79,420.00,11.98,10.00,12.87,0.0,-1.5708,0.0
BUILDING,2630.00,-3.79,420.00,11.98,10.00,12.87,0.0,-1.5708,0.0
BUILDING,2630.00,6.21,420.00,11.98,10.00,12.87,0.0,-1.5708,0.0
BUILDING,2630.00,16.21,420.00,11.98,10.00,12.87,0.0,-1.5708,0.0
BUILDING,2630.00,26.21,420.00,11.98,10.00,12.87,0.0,-1.5708,0.0
BUILDING,2630.00,36.21,420.00,11.98,10.00,12.87,0.0,-1.5708,0.0
BUILDING,2630.00,46.21,420.00,11.98,10.00,12.87,0.0,-1.5708,0.0
BUILDING,2630.00,56.21,420.00,11.98,10.00,12.87,0.0,-1.5708,0.0
BUILDING,2630.00,-15.44,340.00,11.75,10.00,9.36,0.0,-1.5708,0.0
BUILDING,2630.00,-5.44,340.00,11.75,10.00,9.36,0.0,-1.5708,0.0
BUILDING,2630.00,4.56,340.00,11.75,10.00,9.36,0.0,-1.5708,0.0
BUILDING,2630.00,14.56,340.00,11.75,10.00,9.36,0.0,-1.5708,0.0
BUILDING,2630.00,24.56,340.00,11.75,10.00,9.36,0.0,-1.5708,0.0
BUILDING,2630.00,34.56,340.00,11.75,10.00,9.36,0.0,-1.5708,0.0
BUILDING,2630.00,44.56,340.00,11.75,10.00,9.36,0.0,-1.5708,0.0
BUILDING,2630.00,54.56,340.00,11.75,10.00,9.36,0.0,-1.5708,0.0
BUILDING,2630.00,64.56,340.00,11.75,10.00,9.36,0.0,-1.5708,0.0
BUILDING,2630.00,-20.24,1860.00,11.60,10.00,12.93,0.0,-1.5708,0.0
BUILDING,2630.00,-10.24,1860.00,11.60,10.00,12.93,0.0,-1.5708,0.0
BUILDING,2630.00,-0.24,1860.00,11.60,10.00,12.93,0.0,-1.5708,0.0
BUILDING,2630.00,9.76,1860.00,11.60,10.00,12.93,0.0,-1.5708,0.0
BUILDING,2630.00,-16.71,260.00,9.46,10.00,10.11,0.0,-1.5708,0.0
BUILDING,2630.00,-6.71,260.00,9.46,10.00,10.11,0.0,-1.5708,0.0
BUILDING,2630.00,3.29,260.00,9.46,10.00,10.11,0.0,-1.5708,0.0
BUILDING,2630.00,13.29,260.00,9.46,10.00,10.11,0.0,-1.5708,0.0
BUILDING,2630.00,23.29,260.00,9.46,10.00,10.11,0.0,-1.5708,0.0
BUILDING,2630.00,33.29,260.00,9.46,10.00,10.11,0.0,-1.5708,0.0
BUILDING,2630.00,43.29,260.00,9.46,10.00,10.11,0.0,-1.5708,0.0
BUILDING,2630.00,53.29,260.00,9.46,10.00,10.11,0.0,-1.5708,0.0
BUILDING,2630.00,-15.84,1940.00,10.47,10.00,13.75,0.0,-1.5708,0.0
BUILDING,2630.00,-5.84,1940.00,10.47,10.00,13.75,0.0,-1.5708,0.0
BUILDING,2630.00,4.16,1940.00,10.47,10.00,13.75,0.0,-1.5708,0.0
BUILDING,2630.00,14.16,1940.00,10.47,10.00,13.75,0.0,-1.5708,0.0
BUILDING,2630.00,24.16,1940.00,10.47,10.00,13.75,0.0,-1.5708,0.0
BUILDING,2630.00,34.16,1940.00,10.47,10.00,13.75,0.0,-1.5708,0.0
BUILDING,2630.00,44.16,1940.00,10.47,10.00,13.75,0.0,-1.5708,0.0
BUILDING,2630.00,-17.38,180.00,13.12,10.00,13.91,0.0,-1.5708,0.0
BUILDING,2630.00,-7.38,180.00,13.12,10.00,13.91,0.0,-1.5708,0.0
BUILDING,2630.00,2.62,180.00,13.12,10.00,13.91,0.0,-1.5708,0.0
BUILDING,2630.00,12.62,180.00,13.12,10.00,13.91,0.0,-1.5708,0.0
BUILDING,2630.00,22.62,180.00,13.12,10.00,13.91,0.0,-1.5708,0.0
BUILDING,2630.00,32.62,180.00,13.12,10.00,13.91,0.0,-1.5708,0.0
BUILDING,2630.00,42.62,180.00,13.12,10.00,13.91,0.0,-1.5708,0.0
BUILDING,2630.00,52.62,180.00,13.12,10.00,13.91,0.0,-1.5708,0.0
BUILDING,2630.00,62.62,180.00,13.12,10.00,13.91,0.0,-1.5708,0.0
ENEMY,2629.18,90.65,364.00,3.8,3.8,3.8,0.0,0.0,0.0
BUILDING,2710.00,-14.24,900.00,10.93,10.00,11.70,0.0,-1.5708,0.0
BUILDING,2710.00,-16.48,1380.00,11.23,10.00,9.22,0.0,-1.5708,0.0
BUILDING,2710.00,-6.48,1380.00,11.23,10.00,9.22,0.0,-1.5708,0.0
BUILDING,2710.00,3.52,1380.00,11.23,10.00,9.22,0.0,-1.5708,0.0
BUILDING,2710.00,13.52,1380.00,11.23,10.00,9.22,0.0,-1.5708,0.0
BUILDING,2710.00,23.52,1380.00,11.23,10.00,9.22,0.0,-1.5708,0.0
BUILDING,2710.00,33.52,1380.00,11.23,10.00,9.22,0.0,-1.5708,0.0
BUILDING,2710.00,43.52,1380.00,11.23,10.00,9.22,0.0,-1.5708,0.0
BUILDING,2710.00,53.52,1380.00,11.23,10.00,9.22,0.0,-1.5708,0.0
BUILDING,2710.00,63.52,1380.00,11.23,10.00,9.22,0.0,-1.5708,0.0
BUILDING,2710.00,-13.56,740.00,9.41,10.00,9.48,0.0,-1.5708,0.0
BUILDING,2710.00,-3.56,740.00,9.41,10.00,9.48,0.0,-1.5708,0.0
BUILDING,2710.00,6.44,740.00,9.41,10.00,9.48,0.0,-1.5708,0.0
BUILDING,2710.00,16.44,740.00,9.41,10.00,9.48,0.0,-1.5708,0.0
BUILDING,2710.00,26.44,740.00,9.41,10.00,9.48,0.0,-1.5708,0.0
BUILDING,2710.00,36.44,740.00,9.41,10.00,9.48,0.0,-1.5708,0.0
BUILDING,2710.00,46.44,740.00,9.41,10.00,9.48,0.0,-1.5708,0.0
BUILDING,2710.00,56.44,740.00,9.41,10.00,9.48,0.0,-1.5708,0.0
BUILDING,2710.00,66.44,740.00,9.41,10.00,9.48,0.0,-1.5708,0.0
BUILDING,2710.00,76.44,740.00,9.41,10.00,9.48,0.0,-1.5708,0.0
BUILDING,2710.00,-13.71,660.00,9.33,10.00,12.35,0.0,-1.5708,0.0
BUILDING,2710.00,-3.71,660.00,9.33,10.00,12.35,0.0,-1.5708,0.0
BUILDING,2710.00,6.29,660.00,9.33,10.00,12.35,0.0,-1.5708,0.0
BUILDING,2710.00,16.29,660.00,9.33,10.00,12.35,0.0,-1.5708,0.0
BUILDING,2710.00,26.29,660.00,9.33,10.00,12.35,0.0,-1.5708,0.0
BUILDING,2710.00,36.29,660.00,9.33,10.00,12.35,0.0,-1.5708,0.0
BUILDING,2710.00,46.29,660.00,9.33,10.00,12.35,0.0,-1.5708,0.0
BUILDING,2710.00,56.29,660.00,9.33,10.00,12.35,0.0,-1.5708,0.0
BUILDING,2710.00,66.29,660.00,9.33,10.00,12.35,0.0,-1.5708,0.0
BUILDING,2710.00,76.29,660.00,9.33,10.00,12.35,0.0,-1.5708,0.0
BUILDING,2710.00,86.29,660.00,9.33,10.00,12.35,0.0,-1.5708,0.0
BUILDING,2710.00,-14.20,580.00,10.03,10.00,13.14,0.0,-1.5708,0.0
BUILDING,2710.00,-4.20,580.00,10.03,10.00,13.14,0.0,-1.5708,0.0
BUILDING,2710.00,5.80,580.00,10.03,10.00,13.14,0.0,-1.5708,0.0
BUILDING,2710.00,15.80,580.00,10.03,10.00,13.14,0.0,-1.5708,0.0
BUILDING,2710.00,25.80,580.00,10.03,10.00,13.14,0.0,-1.5708,0.0
BUILDING,2710.00,35.80,580.00,10.03,10.00,13.14,0.0,-1.5708,0.0
BUILDING,2710.00,-14.87,500.00,12.73,10.00,9.77,0.0,-1.5708,0.0
BUILDING,2710.00,-4.87,500.00,12.73,10.00,9.77,0.0,-1.5708,0.0
BUILDING,2710.00,5.13,500.00,12.73,10.00,9.77,0.0,-1.5708,0.0
BUILDING,2710.00,15.13,500.00,12.73,10.00,9.77,0.0,-1.5708,0.0
BUILDING,2710.00,25.13,500.00,12.73,10.00,9.77,0.0,-1.5708,0.0
BUILDING,2710.00,35.13,500.00,12.73,10.00,9.77,0.0,-1.5708,0.0
BUILDING,2710.00,-25.96,1700.00,9.37,10.00,9.89,0.0,-1.5708,0.0
BUILDING,2710.00,-15.51,420.00,13.55,10.00,11.04,0.0,-1.5708,0.0
BUILDING,2710.00,-5.51,420.00,13.55,10.00,11.04,0.0,-1.5708,0.0
BUILDING,2710.00,4.49,420.00,13.55,10.00,11.04,0.0,-1.5708,0.0
BUILDING,2710.00,14.49,420.00,13.55,10.00,11.04,0.0,-1.5708,0.0
BUILDING,2710.00,24.49,420.00,13.55,10.00,11.04,0.0,-1.5708,0.0
BUILDING,2710.00,34.49,420.00,13.55,10.00,11.04,0.0,-1.5708,0.0
BUILDING,2710.00,-26.61,1780.00,9.08,10.00,12.37,0.0,-1.5708,0.0
BUILDING,2710.00,-16.61,1780.00,9.08,10.00,12.37,0.0,-1.5708,0.0
BUILDING,2710.00,-6.61,1780.00,9.08,10.00,12.37,0.0,-1.5708,0.0
BUILDING,2710.00,-16.00,340.00,9.32,10.00,12.73,0.0,-1.5708,0.0
BUILDING,2710.00,-6.00,340.00,9.32,10.00,12.73,0.0,-1.5708,0.0
BUILDING,2710.00,4.00,340.00,9.32,10.00,12.73,0.0,-1.5708,0.0
BUILDING,2710.00,14.00,340.00,9.32,10.00,12.73,0.0,-1.5708,0.0
BUILDING,2710.00,24.00,340.00,9.32,10.00,12.73,0.0,-1.5708,0.0
BUILDING,2710.00,34.00,340.00,9.32,10.00,12.73,0.0,-1.5708,0.0
BUILDING,2710.00,44.00,340.00,9.32,10.00,12.73,0.0,-1.5708,0.0
BUILDING,2710.00,54.00,340.00,9.32,10.00,12.73,0.0,-1.5708,0.0
BUILDING,2710.00,64.00,340.00,9.32,10.00,12.73,0.0,-1.5708,0.0
BUILDING,2710.00,-16.29,260.00,9.53,10.00,12.93,0.0,-1.5708,0.0
BUILDING,2710.00,-6.29,260.00,9.53,10.00,12.93,0.0,-1.5708,0.0
BUILDING,2710.00,3.71,260.00,9.53,10.00,12.93,0.0,-1.5708,0.0
BUILDING,2710.00,13.71,260.00,9.53,10.00,12.93,0.0,-1.5708,0.0
BUILDING,2710.00,23.71,260.00,9.53,10.00,12.93,0.0,-1.5708,0.0
BUILDING,2710.00,33.71,260.00,9.53,10.00,12.93,0.0,-1.5708,0.0
BUILDING,2710.00,43.71,260.00,9.53,10.00,12.93,0.0,-1.5708,0.0
BUILDING,2710.00,53.71,260.00,9.53,10.00,12.93,0.0,-1.5708,0.0
BUILDING,2710.00,63.71,260.00,9.53,10.00,12.93,0.0,-1.5708,0.0
BUILDING,2710.00,-22.22,1940.00,10.91,10.00,13.11,0.0,-1.5708,0.0
BUILDING,2710.00,-12.22,1940.00,10.91,10.00,13.11,0.0,-1.5708,0.0
BUILDING,2710.00,-2.22,1940.00,10.91,10.00,13.11,0.0,-1.5708,0.0
BUILDING,2710.00,7.78,1940.00,10.91,10.00,13.11,0.0,-1.5708,0.0
BUILDING,2710.00,17.78,1940.00,10.91,10.00,13.11,0.0,-1.5708,0.0
BUILDING,2710.00,27.78,1940.00,10.91,10.00,13.11,0.0,-1.5708,0.0
BUILDING,2710.00,-16.47,180.00,9.68,10.00,10.95,0.0,-1.5708,0.0
BUILDING,2710.00,-6.47,180.00,9.68,10.00,10.95,0.0,-1.5708,0.0
BUILDING,2710.00,3.53,180.00,9.68,10.00,10.95,0.0,-1.5708,0.0
BUILDING,2710.00,13.53,180.00,9.68,10.00,10.95,0.0,-1.5708,0.0
BUILDING,2710.00,23.53,180.00,9.68,10.00,10.95,0.0,-1.5708,0.0
BUILDING,2710.00,33.53,180.00,9.68,10.00,10.95,0.0,-1.5708,0.0
BUILDING,2710.00,-17.80,2020.00,9.72,10.00,12.39,0.0,-1.5708,0.0
BUILDING,2710.00,-7.80,2020.00,9.72,10.00,12.39,0.0,-1.5708,0.0
BUILDING,2710.00,2.20,2020.00,9.72,10.00,12.39,0.0,-1.5708,0.0
BUILDING,2710.00,12.20,2020.00,9.72,10.00,12.39,0.0,-1.5708,0.0
BUILDING,2710.00,22.20,2020.00,9.72,10.00,12.39,0.0,-1.5708,0.0
BUILDING,2710.00,32.20,2020.00,9.72,10.00,12.39,0.0,-1.5708,0.0
BUILDING,2710.00,42.20,2020.00,9.72,10.00,12.39,0.0,-1.5708,0.0
BUILDING,2710.00,52.20,2020.00,9.72,10.00,12.39,0.0,-1.5708,0.0
BUILDING,2710.00,62.20,2020.00,9.72,10.00,12.39,0.0,-1.5708,0.0
BUILDING,2790.00,-15.14,900.00,9.62,10.00,9.03,0.0,-1.5708,0.0
BUILDING,2790.00,-15.57,1300.00,10.52,10.00,12.74,0.0,-1.5708,0.0
BUILDING,2790.00,-15.31,820.00,13.53,10.00,13.26,0.0,-1.5708,0.0
BUILDING,2790.00,-5.31,820.00,13.53,10.00,13.26,0.0,-1.5708,0.0
BUILDING,2790.00,4.69,820.00,13.53,10.00,13.26,0.0,-1.5708,0.0
BUILDING,2790.00,14.69,820.00,13.53,10.00,13.26,0.0,-1.5708,0.0
BUILDING,2790.00,24.69,820.00,13.53,10.00,13.26,0.0,-1.5708,0.0
BUILDING,2790.00,34.69,820.00,13.53,10.00,13.26,0.0,-1.5708,0.0
BUILDING,2790.00,44.69,820.00,13.53,10.00,13.26,0.0,-1.5708,0.0
BUILDING,2790.00,54.69,820.00,13.53,10.00,13.26,0.0,-1.5708,0.0
BUILDING,2790.00,-16.55,1380.00,13.17,10.00,9.97,0.0,-1.5708,0.0
BUILDING,2790.00,-6.55,1380.00,13.17,10.00,9.97,0.0,-1.5708,0.0
BUILDING,2790.00,3.45,1380.00,13.17,10.00,9.97,0.0,-1.5708,0.0
BUILDING,2790.00,13.45,1380.00,13.17,10.00,9.97,0.0,-1.5708,0.0
BUILDING,2790.00,23.45,1380.00,13.17,10.00,9.97,0.0,-1.5708,0.0
BUILDING,2790.00,33.45,1380.00,13.17,10.00,9.97,0.0,-1.5708,0.0
BUILDING,2790.00,43.45,1380.00,13.17,10.00,9.97,0.0,-1.5708,0.0
BUILDING,2790.00,53.45,1380.00,13.17,10.00,9.97,0.0,-1.5708,0.0
BUILDING,2790.00,63.45,1380.00,13.17,10.00,9.97,0.0,-1.5708,0.0
BUILDING,2790.00,-23.41,1620.00,9.37,10.00,12.36,0.0,-1.5708,0.0
BUILDING,2790.00,-13.41,1620.00,9.37,10.00,12.36,0.0,-1.5708,0.0
BUILDING,2790.00,-3.41,1620.00,9.37,10.00,12.36,0.0,-1.5708,0.0
BUILDING,2790.00,6.59,1620.00,9.37,10.00,12.36,0.0,-1.5708,0.0
BUILDING,2790.00,16.59,1620.00,9.37,10.00,12.36,0.0,-1.5708,0.0
BUILDING,2790.00,26.59,1620.00,9.37,10.00,12.36,0.0,-1.5708,0.0
BUILDING,2790.00,-15.60,500.00,11.44,10.00,10.65,0.0,-1.5708,0.0
BUILDING,2790.00,-5.60,500.00,11.44,10.00,10.65,0.0,-1.5708,0.0
BUILDING,2790.00,4.40,500.00,11.44,10.00,10.65,0.0,-1.5708,0.0
BUILDING,2790.00,14.40,500.00,11.44,10.00,10.65,0.0,-1.5708,0.0
BUILDING,2790.00,24.40,500.00,11.44,10.00,10.65,0.0,-1.5708,0.0
BUILDING,2790.00,34.40,500.00,11.44,10.00,10.65,0.0,-1.5708,0.0
BUILDING,2790.00,44.40,500.00,11.44,10.00,10.65,0.0,-1.5708,0.0
BUILDING,2790.00,54.40,500.00,11.44,10.00,10.65,0.0,-1.5708,0.0
BUILDING,2790.00,64.40,500.00,11.44,10.00,10.65,0.0,-1.5708,0.0
BUILDING,2790.00,-26.03,1700.00,10.43,10.00,9.35,0.0,-1.5708,0.0
BUILDING,2790.00,-15.34,420.00,12.08,10.00,10.53,0.0,-1.5708,0.0
BUILDING,2790.00,-5.34,420.00,12.08,10.00,10.53,0.0,-1.5708,0.0
BUILDING,2790.00,4.66,420.00,12.08,10.00,10.53,0.0,-1.5708,0.0
BUILDING,2790.00,14.66,420.00,12.08,10.00,10.53,0.0,-1.5708,0.0
BUILDING,2790.00,24.66,420.00,12.08,10.00,10.53,0.0,-1.5708,0.0
BUILDING,2790.00,34.66,420.00,12.08,10.00,10.53,0.0,-1.5708,0.0
BUILDING,2790.00,44.66,420.00,12.08,10.00,10.53,0.0,-1.5708,0.0
BUILDING,2790.00,-27.81,1780.00,13.04,10.00,13.79,0.0,-1.5708,0.0
BUILDING,2790.00,-17.81,1780.00,13.04,10.00,13.79,0.0,-1.5708,0.0
BUILDING,2790.00,-15.17,340.00,12.56,10.00,12.20,0.0,-1.5708,0.0
BUILDING,2790.00,-5.17,340.00,12.56,10.00,12.20,0.0,-1.5708,0.0
BUILDING,2790.00,4.83,340.00,12.56,10.00,12.20,0.0,-1.5708,0.0
BUILDING,2790.00,14.83,340.00,12.56,10.00,12.20,0.0,-1.5708,0.0
BUILDING,2790.00,24.83,340.00,12.56,10.00,12.20,0.0,-1.5708,0.0
BUILDING,2790.00,34.83,340.00,12.56,10.00,12.20,0.0,-1.5708,0.0
BUILDING,2790.00,-28.12,1860.00,12.66,10.00,13.39,0.0,-1.5708,0.0
BUILDING,2790.00,-18.12,1860.00,12.66,10.00,13.39,0.0,-1.5708,0.0
BUILDING,2790.00,-8.12,1860.00,12.66,10.00,13.39,0.0,-1.5708,0.0
BUILDING,2790.00,1.88,1860.00,12.66,10.00,13.39,0.0,-1.5708,0.0
BUILDING,2790.00,11.88,1860.00,12.66,10.00,13.39,0.0,-1.5708,0.0
BUILDING,2790.00,-15.35,260.00,11.43,10.00,9.54,0.0,-1.5708,0.0
BUILDING,2790.00,-5.35,260.00,11.43,10.00,9.54,0.0,-1.5708,0.0
BUILDING,2790.00,4.65,260.00,11.43,10.00,9.54,0.0,-1.5708,0.0
BUILDING,2790.00,14.65,260.00,11.43,10.00,9.54,0.0,-1.5708,0.0
BUILDING,2790.00,24.65,260.00,11.43,10.00,9.54,0.0,-1.5708,0.0
BUILDING,2790.00,34.65,260.00,11.43,10.00,9.54,0.0,-1.5708,0.0
BUILDING,2790.00,44.65,260.00,11.43,10.00,9.54,0.0,-1.5708,0.0
BUILDING,2790.00,-26.63,1940.00,13.29,10.00,9.70,0.0,-1.5708,0.0
BUILDING,2790.00,-16.63,1940.00,13.29,10.00,9.70,0.0,-1.5708,0.0
BUILDING,2790.00,-6.63,1940.00,13.29,10.00,9.70,0.0,-1.5708,0.0
BUILDING,2790.00,-16.07,180.00,9.38,10.00,9.38,0.0,-1.5708,0.0
BUILDING,2790.00,-6.07,180.00,9.38,10.00,9.38,0.0,-1.5708,0.0
BUILDING,2790.00,3.93,180.00,9.38,10.00,9.38,0.0,-1.5708,0.0
BUILDING,2790.00,13.93,180.00,9.38,10.00,9.38,0.0,-1.5708,0.0
BUILDING,2790.00,23.93,180.00,9.38,10.00,9.38,0.0,-1.5708,0.0
BUILDING,2790.00,33.93,180.00,9.38,10.00,9.38,0.0,-1.5708,0.0
BUILDING,2790.00,43.93,180.00,9.38,10.00,9.38,0.0,-1.5708,0.0
BUILDING,2790.00,53.93,180.00,9.38,10.00,9.38,0.0,-1.5708,0.0
BUILDING,2790.00,63.93,180.00,9.38,10.00,9.38,0.0,-1.5708,0.0
BUILDING,2790.00,73.93,180.00,9.38,10.00,9.38,0.0,-1.5708,0.0
BUILDING,2790.00,-23.53,2020.00,13.06,10.00,11.89,0.0,-1.5708,0.0
BUILDING,2790.00,-13.53,2020.00,13.06,10.00,11.89,0.0,-1.5708,0.0
BUILDING,2870.00,-15.87,900.00,10.83,10.00,10.12,0.0,-1.5708,0.0
BUILDING,2870.00,-16.34,820.00,11.51,10.00,9.45,0.0,-1.5708,0.0
BUILDING,2870.00,-6.34,820.00,11.51,10.00,9.45,0.0,-1.5708,0.0
BUILDING,2870.00,3.66,820.00,11.51,10.00,9.45,0.0,-1.5708,0.0
BUILDING,2870.00,13.66,820.00,11.51,10.00,9.45,0.0,-1.5708,0.0
BUILDING,2870.00,23.66,820.00,11.51,10.00,9.45,0.0,-1.5708,0.0
BUILDING,2870.00,33.66,820.00,11.51,10.00,9.45,0.0,-1.5708,0.0
BUILDING,2870.00,43.66,820.00,11.51,10.00,9.45,0.0,-1.5708,0.0
BUILDING,2870.00,53.66,820.00,11.51,10.00,9.45,0.0,-1.5708,0.0
BUILDING,2870.00,-17.15,1380.00,13.24,10.00,13.03,0.0,-1.5708,0.0
BUILDING,2870.00,-7.15,1380.00,13.24,10.00,13.03,0.0,-1.5708,0.0
BUILDING,2870.00,2.85,1380.00,13.24,10.00,13.03,0.0,-1.5708,0.0
BUILDING,2870.00,12.85,1380.00,13.24,10.00,13.03,0.0,-1.5708,0.0
BUILDING,2870.00,22.85,1380.00,13.24,10.00,13.03,0.0,-1.5708,0.0
BUILDING,2870.00,32.85,1380.00,13.24,10.00,13.03,0.0,-1.5708,0.0
BUILDING,2870.00,-16.55,740.00,9.70,10.00,9.80,0.0,-1.5708,0.0
BUILDING,2870.00,-6.55,740.00,9.70,10.00,9.80,0.0,-1.5708,0.0
BUILDING,2870.00,3.45,740.00,9.70,10.00,9.80,0.0,-1.5708,0.0
BUILDING,2870.00,13.45,740.00,9.70,10.00,9.80,0.0,-1.5708,0.0
BUILDING,2870.00,23.45,740.00,9.70,10.00,9.80,0.0,-1.5708,0.0
BUILDING,2870.00,33.45,740.00,9.70,10.00,9.80,0.0,-1.5708,0.0
BUILDING,2870.00,43.45,740.00,9.70,10.00,9.80,0.0,-1.5708,0.0
BUILDING,2870.00,53.45,740.00,9.70,10.00,9.80,0.0,-1.5708,0.0
BUILDING,2870.00,63.45,740.00,9.70,10.00,9.80,0.0,-1.5708,0.0
BUILDING,2870.00,-18.61,1460.00,12.68,10.00,11.42,0.0,-1.5708,0.0
BUILDING,2870.00,-8.61,1460.00,12.68,10.00,11.42,0.0,-1.5708,0.0
BUILDING,2870.00,1.39,1460.00,12.68,10.00,11.42,0.0,-1.5708,0.0
BUILDING,2870.00,11.39,1460.00,12.68,10.00,11.42,0.0,-1.5708,0.0
BUILDING,2870.00,21.39,1460.00,12.68,10.00,11.42,0.0,-1.5708,0.0
BUILDING,2870.00,-16.34,660.00,10.16,10.00,10.32,0.0,-1.5708,0.0
BUILDING,2870.00,-6.34,660.00,10.16,10.00,10.32,0.0,-1.5708,0.0
BUILDING,2870.00,3.66,660.00,10.16,10.00,10.32,0.0,-1.5708,0.0
BUILDING,2870.00,13.66,660.00,10.16,10.00,10.32,0.0,-1.5708,0.0
BUILDING,2870.00,23.66,660.00,10.16,10.00,10.32,0.0,-1.5708,0.0
BUILDING,2870.00,33.66,660.00,10.16,10.00,10.32,0.0,-1.5708,0.0
BUILDING,2870.00,43.66,660.00,10.16,10.00,10.32,0.0,-1.5708,0.0
BUILDING,2870.00,53.66,660.00,10.16,10.00,10.32,0.0,-1.5708,0.0
BUILDING,2870.00,-20.51,1540.00,13.54,10.00,10.81,0.0,-1.5708,0.0
BUILDING,2870.00,-10.51,1540.00,13.54,10.00,10.81,0.0,-1.5708,0.0
BUILDING,2870.00,-0.51,1540.00,13.54,10.00,10.81,0.0,-1.5708,0.0
BUILDING,2870.00,9.49,1540.00,13.54,10.00,10.81,0.0,-1.5708,0.0
BUILDING,2870.00,19.49,1540.00,13.54,10.00,10.81,0.0,-1.5708,0.0
BUILDING,2870.00,29.49,1540.00,13.54,10.00,10.81,0.0,-1.5708,0.0
BUILDING,2870.00,39.49,1540.00,13.54,10.00,10.81,0.0,-1.5708,0.0
BUILDING,2870.00,-15.73,580.00,9.20,10.00,12.24,0.0,-1.5708,0.0
BUILDING,2870.00,-5.73,580.00,9.20,10.00,12.24,0.0,-1.5708,0.0
BUILDING,2870.00,4.27,580.00,9.20,10.00,12.24,0.0,-1.5708,0.0
BUILDING,2870.00,14.27,580.00,9.20,10.00,12.24,0.0,-1.5708,0.0
BUILDING,2870.00,24.27,580.00,9.20,10.00,12.24,0.0,-1.5708,0.0
BUILDING,2870.00,-14.92,500.00,13.17,10.00,10.32,0.0,-1.5708,0.0
BUILDING,2870.00,-4.92,500.00,13.17,10.00,10.32,0.0,-1.5708,0.0
BUILDING,2870.00,5.08,500.00,13.17,10.00,10.32,0.0,-1.5708,0.0
BUILDING,2870.00,15.08,500.00,13.17,10.00,10.32,0.0,-1.5708,0.0
BUILDING,2870.00,25.08,500.00,13.17,10.00,10.32,0.0,-1.5708,0.0
BUILDING,2870.00,35.08,500.00,13.17,10.00,10.32,0.0,-1.5708,0.0
BUILDING,2870.00,45.08,500.00,13.17,10.00,10.32,0.0,-1.5708,0.0
BUILDING,2870.00,55.08,500.00,13.17,10.00,10.32,0.0,-1.5708,0.0
BUILDING,2870.00,-25.15,1700.00,10.89,10.00,11.94,0.0,-1.5708,0.0
BUILDING,2870.00,-15.15,1700.00,10.89,10.00,11.94,0.0,-1.5708,0.0
BUILDING,2870.00,-5.15,1700.00,10.89,10.00,11.94,0.0,-1.5708,0.0
BUILDING,2870.00,4.85,1700.00,10.89,10.00,11.94,0.0,-1.5708,0.0
BUILDING,2870.00,14.85,1700.00,10.89,10.00,11.94,0.0,-1.5708,0.0
BUILDING,2870.00,24.85,1700.00,10.89,10.00,11.94,0.0,-1.5708,0.0
BUILDING,2870.00,-14.32,420.00,10.88,10.00,13.54,0.0,-1.5708,0.0
BUILDING,2870.00,-4.32,420.00,10.88,10.00,13.54,0.0,-1.5708,0.0
BUILDING,2870.00,5.68,420.00,10.88,10.00,13.54,0.0,-1.5708,0.0
BUILDING,2870.00,15.68,420.00,10.88,10.00,13.54,0.0,-1.5708,0.0
BUILDING,2870.00,25.68,420.00,10.88,10.00,13.54,0.0,-1.5708,0.0
BUILDING,2870.00,35.68,420.00,10.88,10.00,13.54,0.0,-1.5708,0.0
BUILDING,2870.00,45.68,420.00,10.88,10.00,13.54,0.0,-1.5708,0.0
BUILDING,2870.00,55.68,420.00,10.88,10.00,13.54,0.0,-1.5708,0.0
BUILDING,2870.00,-27.20,1780.00,11.43,10.00,11.41,0.0,-1.5708,0.0
BUILDING,2870.00,-17.20,1780.00,11.43,10.00,11.41,0.0,-1.5708,0.0
BUILDING,2870.00,-7.20,1780.00,11.43,10.00,11.41,0.0,-1.5708,0.0
BUILDING,2870.00,-14.39,340.00,11.20,10.00,10.15,0.0,-1.5708,0.0
BUILDING,2870.00,-4.39,340.00,11.20,10.00,10.15,0.0,-1.5708,0.0
BUILDING,2870.00,5.61,340.00,11.20,10.00,10.15,0.0,-1.5708,0.0
BUILDING,2870.00,15.61,340.00,11.20,10.00,10.15,0.0,-1.5708,0.0
BUILDING,2870.00,25.61,340.00,11.20,10.00,10.15,0.0,-1.5708,0.0
BUILDING,2870.00,35.61,340.00,11.20,10.00,10.15,0.0,-1.5708,0.0
BUILDING,2870.00,45.61,340.00,11.20,10.00,10.15,0.0,-1.5708,0.0
BUILDING,2870.00,-28.40,1860.00,9.93,10.00,10.81,0.0,-1.5708,0.0
BUILDING,2870.00,-15.43,260.00,11.07,10.00,10.65,0.0,-1.5708,0.0
BUILDING,2870.00,-5.43,260.00,11.07,10.00,10.65,0.0,-1.5708,0.0
BUILDING,2870.00,4.57,260.00,11.07,10.00,10.65,0.0,-1.5708,0.0
BUILDING,2870.00,14.57,260.00,11.07,10.00,10.65,0.0,-1.5708,0.0
BUILDING,2870.00,24.57,260.00,11.07,10.00,10.65,0.0,-1.5708,0.0
BUILDING,2870.00,34.57,260.00,11.07,10.00,10.65,0.0,-1.5708,0.0
BUILDING,2870.00,-28.31,1940.00,10.05,10.00,9.81,0.0,-1.5708,0.0
BUILDING,2870.00,-18.31,1940.00,10.05,10.00,9.81,0.0,-1.5708,0.0
BUILDING,2870.00,-8.31,1940.00,10.05,10.00,9.81,0.0,-1.5708,0.0
BUILDING,2870.00,-17.49,180.00,9.64,10.00,11.96,0.0,-1.5708,0.0
BUILDING,2870.00,-7.49,180.00,9.64,10.00,11.96,0.0,-1.5708,0.0
BUILDING,2870.00,2.51,180.00,9.64,10.00,11.96,0.0,-1.5708,0.0
BUILDING,2870.00,12.51,180.00,9.64,10.00,11.96,0.0,-1.5708,0.0
BUILDING,2870.00,22.51,180.00,9.64,10.00,11.96,0.0,-1.5708,0.0
BUILDING,2870.00,-26.77,2020.00,9.73,10.00,9.83,0.0,-1.5708,0.0
BUILDING,2870.00,-16.77,2020.00,9.73,10.00,9.83,0.0,-1.5708,0.0
BUILDING,2870.00,-6.77,2020.00,9.73,10.00,9.83,0.0,-1.5708,0.0
BUILDING,2870.00,3.23,2020.00,9.73,10.00,9.83,0.0,-1.5708,0.0
BUILDING,2870.00,13.23,2020.00,9.73,10.00,9.83,0.0,-1.5708,0.0
BUILDING,2950.00,-15.08,1060.00,12.00,10.00,11.82,0.0,-1.5708,0.0
BUILDING,2950.00,-5.08,1060.00,12.00,10.00,11.82,0.0,-1.5708,0.0
BUILDING,2950.00,4.92,1060.00,12.00,10.00,11.82,0.0,-1.5708,0.0
BUILDING,2950.00,-15.60,980.00,13.74,10.00,10.08,0.0,-1.5708,0.0
BUILDING,2950.00,-5.60,980.00,13.74,10.00,10.08,0.0,-1.5708,0.0
BUILDING,2950.00,-15.73,1220.00,9.85,10.00,13.15,0.0,-1.5708,0.0
BUILDING,2950.00,-5.73,1220.00,9.85,10.00,13.15,0.0,-1.5708,0.0
BUILDING,2950.00,4.27,1220.00,9.85,10.00,13.15,0.0,-1.5708,0.0
BUILDING,2950.00,-16.69,820.00,11.55,10.00,9.84,0.0,-1.5708,0.0
BUILDING,2950.00,-6.69,820.00,11.55,10.00,9.84,0.0,-1.5708,0.0
BUILDING,2950.00,3.31,820.00,11.55,10.00,9.84,0.0,-1.5708,0.0
BUILDING,2950.00,13.31,820.00,11.55,10.00,9.84,0.0,-1.5708,0.0
BUILDING,2950.00,23.31,820.00,11.55,10.00,9.84,0.0,-1.5708,0.0
BUILDING,2950.00,33.31,820.00,11.55,10.00,9.84,0.0,-1.5708,0.0
BUILDING,2950.00,43.31,820.00,11.55,10.00,9.84,0.0,-1.5708,0.0
BUILDING,2950.00,53.31,820.00,11.55,10.00,9.84,0.0,-1.5708,0.0
BUILDING,2950.00,63.31,820.00,11.55,10.00,9.84,0.0,-1.5708,0.0
BUILDING,2950.00,73.31,820.00,11.55,10.00,9.84,0.0,-1.5708,0.0
BUILDING,2950.00,-16.57,740.00,10.15,10.00,10.93,0.0,-1.5708,0.0
BUILDING,2950.00,-6.57,740.00,10.15,10.00,10.93,0.0,-1.5708,0.0
BUILDING,2950.00,3.43,740.00,10.15,10.00,10.93,0.0,-1.5708,0.0
BUILDING,2950.00,13.43,740.00,10.15,10.00,10.93,0.0,-1.5708,0.0
BUILDING,2950.00,23.43,740.00,10.15,10.00,10.93,0.0,-1.5708,0.0
BUILDING,2950.00,-19.80,1460.00,12.42,10.00,13.13,0.0,-1.5708,0.0
BUILDING,2950.00,-9.80,1460.00,12.42,10.00,13.13,0.0,-1.5708,0.0
BUILDING,2950.00,0.20,1460.00,12.42,10.00,13.13,0.0,-1.5708,0.0
BUILDING,2950.00,10.20,1460.00,12.42,10.00,13.13,0.0,-1.5708,0.0
BUILDING,2950.00,20.20,1460.00,12.42,10.00,13.13,0.0,-1.5708,0.0
BUILDING,2950.00,30.20,1460.00,12.42,10.00,13.13,0.0,-1.5708,0.0
BUILDING,2950.00,40.20,1460.00,12.42,10.00,13.13,0.0,-1.5708,0.0
BUILDING,2950.00,50.20,1460.00,12.42,10.00,13.13,0.0,-1.5708,0.0
BUILDING,2950.00,-15.87,660.00,12.00,10.00,13.39,0.0,-1.5708,0.0
BUILDING,2950.00,-5.87,660.00,12.00,10.00,13.39,0.0,-1.5708,0.0
BUILDING,2950.00,4.13,660.00,12.00,10.00,13.39,0.0,-1.5708,0.0
BUILDING,2950.00,14.13,660.00,12.00,10.00,13.39,0.0,-1.5708,0.0
BUILDING,2950.00,24.13,660.00,12.00,10.00,13.39,0.0,-1.5708,0.0
BUILDING,2950.00,34.13,660.00,12.00,10.00,13.39,0.0,-1.5708,0.0
BUILDING,2950.00,44.13,660.00,12.00,10.00,13.39,0.0,-1.5708,0.0
BUILDING,2950.00,54.13,660.00,12.00,10.00,13.39,0.0,-1.5708,0.0
BUILDING,2950.00,64.13,660.00,12.00,10.00,13.39,0.0,-1.5708,0.0
BUILDING,2950.00,-14.82,580.00,9.65,10.00,12.02,0.0,-1.5708,0.0
BUILDING,2950.00,-4.82,580.00,9.65,10.00,12.02,0.0,-1.5708,0.0
BUILDING,2950.00,5.18,580.00,9.65,10.00,12.02,0.0,-1.5708,0.0
BUILDING,2950.00,15.18,580.00,9.65,10.00,12.02,0.0,-1.5708,0.0
BUILDING,2950.00,25.18,580.00,9.65,10.00,12.02,0.0,-1.5708,0.0
BUILDING,2950.00,35.18,580.00,9.65,10.00,12.02,0.0,-1.5708,0.0
BUILDING,2950.00,45.18,580.00,9.65,10.00,12.02,0.0,-1.5708,0.0
BUILDING,2950.00,55.18,580.00,9.65,10.00,12.02,0.0,-1.5708,0.0
BUILDING,2950.00,65.18,580.00,9.65,10.00,12.02,0.0,-1.5708,0.0
BUILDING,2950.00,75.18,580.00,9.65,10.00,12.02,0.0,-1.5708,0.0
BUILDING,2950.00,85.18,580.00,9.65,10.00,12.02,0.0,-1.5708,0.0
BUILDING,2950.00,-24.52,1700.00,11.10,10.00,13.37,0.0,-1.5708,0.0
BUILDING,2950.00,-14.52,1700.00,11.10,10.00,13.37,0.0,-1.5708,0.0
BUILDING,2950.00,-4.52,1700.00,11.10,10.00,13.37,0.0,-1.5708,0.0
BUILDING,2950.00,5.48,1700.00,11.10,10.00,13.37,0.0,-1.5708,0.0
BUILDING,2950.00,15.48,1700.00,11.10,10.00,13.37,0.0,-1.5708,0.0
BUILDING,2950.00,25.48,1700.00,11.10,10.00,13.37,0.0,-1.5708,0.0
BUILDING,2950.00,-13.84,420.00,12.95,10.00,10.91,0.0,-1.5708,0.0
BUILDING,2950.00,-3.84,420.00,12.95,10.00,10.91,0.0,-1.5708,0.0
BUILDING,2950.00,6.16,420.00,12.95,10.00,10.91,0.0,-1.5708,0.0
BUILDING,2950.00,16.16,420.00,12.95,10.00,10.91,0.0,-1.5708,0.0
BUILDING,2950.00,26.16,420.00,12.95,10.00,10.91,0.0,-1.5708,0.0
BUILDING,2950.00,36.16,420.00,12.95,10.00,10.91,0.0,-1.5708,0.0
BUILDING,2950.00,46.16,420.00,12.95,10.00,10.91,0.0,-1.5708,0.0
BUILDING,2950.00,56.16,420.00,12.95,10.00,10.91,0.0,-1.5708,0.0
BUILDING,2950.00,66.16,420.00,12.95,10.00,10.91,0.0,-1.5708,0.0
BUILDING,2950.00,-27.12,1860.00,11.13,10.00,10.27,0.0,-1.5708,0.0
BUILDING,2950.00,-27.60,1940.00,13.38,10.00,11.04,0.0,-1.5708,0.0
BUILDING,2950.00,-17.60,1940.00,13.38,10.00,11.04,0.0,-1.5708,0.0
BUILDING,2950.00,-7.60,1940.00,13.38,10.00,11.04,0.0,-1.5708,0.0
BUILDING,2950.00,2.40,1940.00,13.38,10.00,11.04,0.0,-1.5708,0.0
BUILDING,3030.00,-16.29,900.00,11.04,10.00,9.53,0.0,-1.5708,0.0
BUILDING,3030.00,-6.29,900.00,11.04,10.00,9.53,0.0,-1.5708,0.0
BUILDING,3030.00,-17.65,1300.00,13.27,10.00,11.12,0.0,-1.5708,0.0
BUILDING,3030.00,-7.65,1300.00,13.27,10.00,11.12,0.0,-1.5708,0.0
BUILDING,3030.00,-16.44,820.00,10.99,10.00,10.02,0.0,-1.5708,0.0
BUILDING,3030.00,-6.44,820.00,10.99,10.00,10.02,0.0,-1.5708,0.0
BUILDING,3030.00,3.56,820.00,10.99,10.00,10.02,0.0,-1.5708,0.0
BUILDING,3030.00,13.56,820.00,10.99,10.00,10.02,0.0,-1.5708,0.0
BUILDING,3030.00,23.56,820.00,10.99,10.00,10.02,0.0,-1.5708,0.0
BUILDING,3030.00,33.56,820.00,10.99,10.00,10.02,0.0,-1.5708,0.0
BUILDING,3030.00,43.56,820.00,10.99,10.00,10.02,0.0,-1.5708,0.0
BUILDING,3030.00,53.56,820.00,10.99,10.00,10.02,0.0,-1.5708,0.0
BUILDING,3030.00,63.56,820.00,10.99,10.00,10.02,0.0,-1.5708,0.0
BUILDING,3030.00,73.56,820.00,10.99,10.00,10.02,0.0,-1.5708,0.0
BUILDING,3030.00,-19.67,1380.00,10.85,10.00,11.77,0.0,-1.5708,0.0
BUILDING,3030.00,-9.67,1380.00,10.85,10.00,11.77,0.0,-1.5708,0.0
BUILDING,3030.00,0.33,1380.00,10.85,10.00,11.77,0.0,-1.5708,0.0
BUILDING,3030.00,10.33,1380.00,10.85,10.00,11.77,0.0,-1.5708,0.0
BUILDING,3030.00,20.33,1380.00,10.85,10.00,11.77,0.0,-1.5708,0.0
BUILDING,3030.00,-15.94,740.00,12.87,10.00,10.99,0.0,-1.5708,0.0
BUILDING,3030.00,-5.94,740.00,12.87,10.00,10.99,0.0,-1.5708,0.0
BUILDING,3030.00,4.06,740.00,12.87,10.00,10.99,0.0,-1.5708,0.0
BUILDING,3030.00,14.06,740.00,12.87,10.00,10.99,0.0,-1.5708,0.0
BUILDING,3030.00,24.06,740.00,12.87,10.00,10.99,0.0,-1.5708,0.0
BUILDING,3030.00,34.06,740.00,12.87,10.00,10.99,0.0,-1.5708,0.0
BUILDING,3030.00,44.06,740.00,12.87,10.00,10.99,0.0,-1.5708,0.0
BUILDING,3030.00,-14.97,660.00,11.23,10.00,12.50,0.0,-1.5708,0.0
BUILDING,3030.00,-4.97,660.00,11.23,10.00,12.50,0.0,-1.5708,0.0
BUILDING,3030.00,5.03,660.00,11.23,10.00,12.50,0.0,-1.5708,0.0
BUILDING,3030.00,15.03,660.00,11.23,10.00,12.50,0.0,-1.5708,0.0
BUILDING,3030.00,25.03,660.00,11.23,10.00,12.50,0.0,-1.5708,0.0
BUILDING,3030.00,35.03,660.00,11.23,10.00,12.50,0.0,-1.5708,0.0
BUILDING,3030.00,45.03,660.00,11.23,10.00,12.50,0.0,-1.5708,0.0
BUILDING,3030.00,-23.29,1540.00,12.93,10.00,13.00,0.0,-1.5708,0.0
BUILDING,3030.00,-13.29,1540.00,12.93,10.00,13.00,0.0,-1.5708,0.0
BUILDING,3030.00,-3.29,1540.00,12.93,10.00,13.00,0.0,-1.5708,0.0
BUILDING,3030.00,6.71,1540.00,12.93,10.00,13.00,0.0,-1.5708,0.0
BUILDING,3030.00,16.71,1540.00,12.93,10.00,13.00,0.0,-1.5708,0.0
BUILDING,3030.00,-14.02,580.00,9.80,10.00,13.82,0.0,-1.5708,0.0
BUILDING,3030.00,-4.02,580.00,9.80,10.00,13.82,0.0,-1.5708,0.0
BUILDING,3030.00,5.98,580.00,9.80,10.00,13.82,0.0,-1.5708,0.0
BUILDING,3030.00,15.98,580.00,9.80,10.00,13.82,0.0,-1.5708,0.0
BUILDING,3030.00,25.98,580.00,9.80,10.00,13.82,0.0,-1.5708,0.0
BUILDING,3030.00,35.98,580.00,9.80,10.00,13.82,0.0,-1.5708,0.0
BUILDING,3030.00,-24.43,1620.00,11.36,10.00,12.00,0.0,-1.5708,0.0
BUILDING,3030.00,-14.43,1620.00,11.36,10.00,12.00,0.0,-1.5708,0.0
BUILDING,3030.00,-4.43,1620.00,11.36,10.00,12.00,0.0,-1.5708,0.0
BUILDING,3030.00,-13.80,500.00,9.40,10.00,9.19,0.0,-1.5708,0.0
BUILDING,3030.00,-3.80,500.00,9.40,10.00,9.19,0.0,-1.5708,0.0
BUILDING,3030.00,6.20,500.00,9.40,10.00,9.19,0.0,-1.5708,0.0
BUILDING,3030.00,16.20,500.00,9.40,10.00,9.19,0.0,-1.5708,0.0
BUILDING,3030.00,26.20,500.00,9.40,10.00,9.19,0.0,-1.5708,0.0
BUILDING,3030.00,36.20,500.00,9.40,10.00,9.19,0.0,-1.5708,0.0
BUILDING,3030.00,46.20,500.00,9.40,10.00,9.19,0.0,-1.5708,0.0
BUILDING,3030.00,56.20,500.00,9.40,10.00,9.19,0.0,-1.5708,0.0
BUILDING,3030.00,-14.92,420.00,10.43,10.00,13.82,0.0,-1.5708,0.0
BUILDING,3030.00,-4.92,420.00,10.43,10.00,13.82,0.0,-1.5708,0.0
BUILDING,3030.00,5.08,420.00,10.43,10.00,13.82,0.0,-1.5708,0.0
BUILDING,3030.00,15.08,420.00,10.43,10.00,13.82,0.0,-1.5708,0.0
BUILDING,3030.00,25.08,420.00,10.43,10.00,13.82,0.0,-1.5708,0.0
BUILDING,3030.00,35.08,420.00,10.43,10.00,13.82,0.0,-1.5708,0.0
BUILDING,3030.00,45.08,420.00,10.43,10.00,13.82,0.0,-1.5708,0.0
BUILDING,3030.00,55.08,420.00,10.43,10.00,13.82,0.0,-1.5708,0.0
BUILDING,3030.00,65.08,420.00,10.43,10.00,13.82,0.0,-1.5708,0.0
BUILDING,3030.00,75.08,420.00,10.43,10.00,13.82,0.0,-1.5708,0.0
BUILDING,3030.00,-17.67,340.00,11.19,10.00,10.01,0.0,-1.5708,0.0
BUILDING,3030.00,-7.67,340.00,11.19,10.00,10.01,0.0,-1.5708,0.0
BUILDING,3030.00,2.33,340.00,11.19,10.00,10.01,0.0,-1.5708,0.0
BUILDING,3030.00,12.33,340.00,11.19,10.00,10.01,0.0,-1.5708,0.0
BUILDING,3030.00,22.33,340.00,11.19,10.00,10.01,0.0,-1.5708,0.0
BUILDING,3030.00,32.33,340.00,11.19,10.00,10.01,0.0,-1.5708,0.0
BUILDING,3030.00,42.33,340.00,11.19,10.00,10.01,0.0,-1.5708,0.0
BUILDING,3030.00,-21.79,260.00,12.92,10.00,11.55,0.0,-1.5708,0.0
BUILDING,3030.00,-11.79,260.00,12.92,10.00,11.55,0.0,-1.5708,0.0
BUILDING,3030.00,-1.79,260.00,12.92,10.00,11.55,0.0,-1.5708,0.0
BUILDING,3030.00,-25.78,1940.00,9.18,10.00,10.20,0.0,-1.5708,0.0
BUILDING,3030.00,-15.78,1940.00,9.18,10.00,10.20,0.0,-1.5708,0.0
BUILDING,3030.00,-5.78,1940.00,9.18,10.00,10.20,0.0,-1.5708,0.0
BUILDING,3030.00,4.22,1940.00,9.18,10.00,10.20,0.0,-1.5708,0.0
BUILDING,3030.00,14.22,1940.00,9.18,10.00,10.20,0.0,-1.5708,0.0
BUILDING,3030.00,24.22,1940.00,9.18,10.00,10.20,0.0,-1.5708,0.0
BUILDING,3030.00,-26.54,180.00,12.90,10.00,10.77,0.0,-1.5708,0.0
BUILDING,3030.00,-16.54,180.00,12.90,10.00,10.77,0.0,-1.5708,0.0
BUILDING,3030.00,-6.54,180.00,12.90,10.00,10.77,0.0,-1.5708,0.0
BUILDING,3030.00,-25.63,2020.00,9.08,10.00,12.52,0.0,-1.5708,0.0
BUILDING,3030.00,-15.63,2020.00,9.08,10.00,12.52,0.0,-1.5708,0.0
BUILDING,3030.00,-5.63,2020.00,9.08,10.00,12.52,0.0,-1.5708,0.0
BUILDING,3030.00,4.37,2020.00,9.08,10.00,12.52,0.0,-1.5708,0.0
BUILDING,3030.00,14.37,2020.00,9.08,10.00,12.52,0.0,-1.5708,0.0
BUILDING,3110.00,-16.02,900.00,10.13,10.00,13.82,0.0,-1.5708,0.0
BUILDING,3110.00,-6.02,900.00,10.13,10.00,13.82,0.0,-1.5708,0.0
BUILDING,3110.00,-18.23,1300.00,10.31,10.00,11.04,0.0,-1.5708,0.0
BUILDING,3110.00,-15.89,820.00,10.70,10.00,9.59,0.0,-1.5708,0.0
BUILDING,3110.00,-5.89,820.00,10.70,10.00,9.59,0.0,-1.5708,0.0
BUILDING,3110.00,4.11,820.00,10.70,10.00,9.59,0.0,-1.5708,0.0
BUILDING,3110.00,14.11,820.00,10.70,10.00,9.59,0.0,-1.5708,0.0
BUILDING,3110.00,24.11,820.00,10.70,10.00,9.59,0.0,-1.5708,0.0
BUILDING,3110.00,34.11,820.00,10.70,10.00,9.59,0.0,-1.5708,0.0
BUILDING,3110.00,44.11,820.00,10.70,10.00,9.59,0.0,-1.5708,0.0
BUILDING,3110.00,-20.93,1380.00,13.07,10.00,11.87,0.0,-1.5708,0.0
BUILDING,3110.00,-10.93,1380.00,13.07,10.00,11.87,0.0,-1.5708,0.0
BUILDING,3110.00,-0.93,1380.00,13.07,10.00,11.87,0.0,-1.5708,0.0
BUILDING,3110.00,9.07,1380.00,13.07,10.00,11.87,0.0,-1.5708,0.0
BUILDING,3110.00,19.07,1380.00,13.07,10.00,11.87,0.0,-1.5708,0.0
BUILDING,3110.00,29.07,1380.00,13.07,10.00,11.87,0.0,-1.5708,0.0
BUILDING,3110.00,39.07,1380.00,13.07,10.00,11.87,0.0,-1.5708,0.0
BUILDING,3110.00,-23.68,1460.00,12.79,10.00,13.81,0.0,-1.5708,0.0
BUILDING,3110.00,-13.68,1460.00,12.79,10.00,13.81,0.0,-1.5708,0.0
BUILDING,3110.00,-3.68,1460.00,12.79,10.00,13.81,0.0,-1.5708,0.0
BUILDING,3110.00,-14.44,660.00,13.31,10.00,11.41,0.0,-1.5708,0.0
BUILDING,3110.00,-4.44,660.00,13.31,10.00,11.41,0.0,-1.5708,0.0
BUILDING,3110.00,5.56,660.00,13.31,10.00,11.41,0.0,-1.5708,0.0
BUILDING,3110.00,15.56,660.00,13.31,10.00,11.41,0.0,-1.5708,0.0
BUILDING,3110.00,25.56,660.00,13.31,10.00,11.41,0.0,-1.5708,0.0
BUILDING,3110.00,35.56,660.00,13.31,10.00,11.41,0.0,-1.5708,0.0
BUILDING,3110.00,45.56,660.00,13.31,10.00,11.41,0.0,-1.5708,0.0
BUILDING,3110.00,55.56,660.00,13.31,10.00,11.41,0.0,-1.5708,0.0
BUILDING,3110.00,65.56,660.00,13.31,10.00,11.41,0.0,-1.5708,0.0
BUILDING,3110.00,75.56,660.00,13.31,10.00,11.41,0.0,-1.5708,0.0
BUILDING,3110.00,-25.88,1540.00,12.38,10.00,10.15,0.0,-1.5708,0.0
BUILDING,3110.00,-15.88,1540.00,12.38,10.00,10.15,0.0,-1.5708,0.0
BUILDING,3110.00,-27.13,1620.00,12.50,10.00,10.32,0.0,-1.5708,0.0
BUILDING,3110.00,-15.18,500.00,13.11,10.00,9.38,0.0,-1.5708,0.0
BUILDING,3110.00,-5.18,500.00,13.11,10.00,9.38,0.0,-1.5708,0.0
BUILDING,3110.00,4.82,500.00,13.11,10.00,9.38,0.0,-1.5708,0.0
BUILDING,3110.00,14.82,500.00,13.11,10.00,9.38,0.0,-1.5708,0.0
BUILDING,3110.00,24.82,500.00,13.11,10.00,9.38,0.0,-1.5708,0.0
BUILDING,3110.00,34.82,500.00,13.11,10.00,9.38,0.0,-1.5708,0.0
BUILDING,3110.00,44.82,500.00,13.11,10.00,9.38,0.0,-1.5708,0.0
BUILDING,3110.00,54.82,500.00,13.11,10.00,9.38,0.0,-1.5708,0.0
BUILDING,3110.00,64.82,500.00,13.11,10.00,9.38,0.0,-1.5708,0.0
BUILDING,3110.00,74.82,500.00,13.11,10.00,9.38,0.0,-1.5708,0.0
BUILDING,3110.00,-27.34,1700.00,10.09,10.00,11.87,0.0,-1.5708,0.0
BUILDING,3110.00,-17.34,1700.00,10.09,10.00,11.87,0.0,-1.5708,0.0
BUILDING,3110.00,-7.34,1700.00,10.09,10.00,11.87,0.0,-1.5708,0.0
BUILDING,3110.00,-22.00,340.00,10.00,10.00,12.68,0.0,-1.5708,0.0
BUILDING,3110.00,-12.00,340.00,10.00,10.00,12.68,0.0,-1.5708,0.0
BUILDING,3110.00,-2.00,340.00,10.00,10.00,12.68,0.0,-1.5708,0.0
BUILDING,3110.00,8.00,340.00,10.00,10.00,12.68,0.0,-1.5708,0.0
BUILDING,3110.00,18.00,340.00,10.00,10.00,12.68,0.0,-1.5708,0.0
BUILDING,3110.00,28.00,340.00,10.00,10.00,12.68,0.0,-1.5708,0.0
BUILDING,3110.00,38.00,340.00,10.00,10.00,12.68,0.0,-1.5708,0.0
BUILDING,3110.00,48.00,340.00,10.00,10.00,12.68,0.0,-1.5708,0.0
BUILDING,3110.00,-25.59,1860.00,13.17,10.00,13.18,0.0,-1.5708,0.0
BUILDING,3110.00,-15.59,1860.00,13.17,10.00,13.18,0.0,-1.5708,0.0
BUILDING,3110.00,-24.41,1940.00,12.38,10.00,12.32,0.0,-1.5708,0.0
BUILDING,3110.00,-14.41,1940.00,12.38,10.00,12.32,0.0,-1.5708,0.0
BUILDING,3110.00,-23.50,2020.00,13.24,10.00,10.86,0.0,-1.5708,0.0
BUILDING,3110.00,-13.50,2020.00,13.24,10.00,10.86,0.0,-1.5708,0.0
BUILDING,3190.00,-15.67,900.00,10.99,10.00,12.75,0.0,-1.5708,0.0
BUILDING,3190.00,-5.67,900.00,10.99,10.00,12.75,0.0,-1.5708,0.0
BUILDING,3190.00,-18.45,1300.00,11.39,10.00,11.70,0.0,-1.5708,0.0
BUILDING,3190.00,-8.45,1300.00,11.39,10.00,11.70,0.0,-1.5708,0.0
BUILDING,3190.00,1.55,1300.00,11.39,10.00,11.70,0.0,-1.5708,0.0
BUILDING,3190.00,-15.42,820.00,12.88,10.00,11.29,0.0,-1.5708,0.0
BUILDING,3190.00,-5.42,820.00,12.88,10.00,11.29,0.0,-1.5708,0.0
BUILDING,3190.00,4.58,820.00,12.88,10.00,11.29,0.0,-1.5708,0.0
BUILDING,3190.00,14.58,820.00,12.88,10.00,11.29,0.0,-1.5708,0.0
BUILDING,3190.00,24.58,820.00,12.88,10.00,11.29,0.0,-1.5708,0.0
BUILDING,3190.00,34.58,820.00,12.88,10.00,11.29,0.0,-1.5708,0.0
BUILDING,3190.00,44.58,820.00,12.88,10.00,11.29,0.0,-1.5708,0.0
BUILDING,3190.00,54.58,820.00,12.88,10.00,11.29,0.0,-1.5708,0.0
BUILDING,3190.00,64.58,820.00,12.88,10.00,11.29,0.0,-1.5708,0.0
BUILDING,3190.00,74.58,820.00,12.88,10.00,11.29,0.0,-1.5708,0.0
BUILDING,3190.00,-21.68,1380.00,12.45,10.00,9.06,0.0,-1.5708,0.0
BUILDING,3190.00,-11.68,1380.00,12.45,10.00,9.06,0.0,-1.5708,0.0
BUILDING,3190.00,-1.68,1380.00,12.45,10.00,9.06,0.0,-1.5708,0.0
BUILDING,3190.00,8.32,1380.00,12.45,10.00,9.06,0.0,-1.5708,0.0
BUILDING,3190.00,18.32,1380.00,12.45,10.00,9.06,0.0,-1.5708,0.0
BUILDING,3190.00,-14.96,740.00,10.81,10.00,13.31,0.0,-1.5708,0.0
BUILDING,3190.00,-4.96,740.00,10.81,10.00,13.31,0.0,-1.5708,0.0
BUILDING,3190.00,5.04,740.00,10.81,10.00,13.31,0.0,-1.5708,0.0
BUILDING,3190.00,15.04,740.00,10.81,10.00,13.31,0.0,-1.5708,0.0
BUILDING,3190.00,25.04,740.00,10.81,10.00,13.31,0.0,-1.5708,0.0
BUILDING,3190.00,35.04,740.00,10.81,10.00,13.31,0.0,-1.5708,0.0
BUILDING,3190.00,45.04,740.00,10.81,10.00,13.31,0.0,-1.5708,0.0
BUILDING,3190.00,55.04,740.00,10.81,10.00,13.31,0.0,-1.5708,0.0
BUILDING,3190.00,-25.23,1460.00,11.36,10.00,12.07,0.0,-1.5708,0.0
BUILDING,3190.00,-15.23,1460.00,11.36,10.00,12.07,0.0,-1.5708,0.0
BUILDING,3190.00,-5.23,1460.00,11.36,10.00,12.07,0.0,-1.5708,0.0
BUILDING,3190.00,-14.82,660.00,11.10,10.00,12.76,0.0,-1.5708,0.0
BUILDING,3190.00,-4.82,660.00,11.10,10.00,12.76,0.0,-1.5708,0.0
BUILDING,3190.00,5.18,660.00,11.10,10.00,12.76,0.0,-1.5708,0.0
BUILDING,3190.00,15.18,660.00,11.10,10.00,12.76,0.0,-1.5708,0.0
BUILDING,3190.00,25.18,660.00,11.10,10.00,12.76,0.0,-1.5708,0.0
BUILDING,3190.00,35.18,660.00,11.10,10.00,12.76,0.0,-1.5708,0.0
BUILDING,3190.00,45.18,660.00,11.10,10.00,12.76,0.0,-1.5708,0.0
BUILDING,3190.00,-28.33,1540.00,9.90,10.00,9.66,0.0,-1.5708,0.0
BUILDING,3190.00,-18.33,1540.00,9.90,10.00,9.66,0.0,-1.5708,0.0
BUILDING,3190.00,-8.33,1540.00,9.90,10.00,9.66,0.0,-1.5708,0.0
BUILDING,3190.00,-15.66,580.00,12.60,10.00,13.02,0.0,-1.5708,0.0
BUILDING,3190.00,-5.66,580.00,12.60,10.00,13.02,0.0,-1.5708,0.0
BUILDING,3190.00,4.34,580.00,12.60,10.00,13.02,0.0,-1.5708,0.0
BUILDING,3190.00,14.34,580.00,12.60,10.00,13.02,0.0,-1.5708,0.0
BUILDING,3190.00,24.34,580.00,12.60,10.00,13.02,0.0,-1.5708,0.0
BUILDING,3190.00,-17.97,500.00,9.75,10.00,13.03,0.0,-1.5708,0.0
BUILDING,3190.00,-7.97,500.00,9.75,10.00,13.03,0.0,-1.5708,0.0
BUILDING,3190.00,2.03,500.00,9.75,10.00,13.03,0.0,-1.5708,0.0
BUILDING,3190.00,12.03,500.00,9.75,10.00,13.03,0.0,-1.5708,0.0
BUILDING,3190.00,22.03,500.00,9.75,10.00,13.03,0.0,-1.5708,0.0
BUILDING,3190.00,32.03,500.00,9.75,10.00,13.03,0.0,-1.5708,0.0
BUILDING,3190.00,42.03,500.00,9.75,10.00,13.03,0.0,-1.5708,0.0
BUILDING,3190.00,52.03,500.00,9.75,10.00,13.03,0.0,-1.5708,0.0
BUILDING,3190.00,62.03,500.00,9.75,10.00,13.03,0.0,-1.5708,0.0
BUILDING,3190.00,-30.68,1700.00,11.59,10.00,12.60,0.0,-1.5708,0.0
BUILDING,3190.00,-20.68,1700.00,11.59,10.00,12.60,0.0,-1.5708,0.0
BUILDING,3190.00,-10.68,1700.00,11.59,10.00,12.60,0.0,-1.5708,0.0
BUILDING,3190.00,-0.68,1700.00,11.59,10.00,12.60,0.0,-1.5708,0.0
BUILDING,3190.00,-21.82,420.00,13.29,10.00,9.24,0.0,-1.5708,0.0
BUILDING,3190.00,-11.82,420.00,13.29,10.00,9.24,0.0,-1.5708,0.0
BUILDING,3190.00,-1.82,420.00,13.29,10.00,9.24,0.0,-1.5708,0.0
BUILDING,3190.00,8.18,420.00,13.29,10.00,9.24,0.0,-1.5708,0.0
BUILDING,3190.00,18.18,420.00,13.29,10.00,9.24,0.0,-1.5708,0.0
BUILDING,3190.00,28.18,420.00,13.29,10.00,9.24,0.0,-1.5708,0.0
BUILDING,3190.00,38.18,420.00,13.29,10.00,9.24,0.0,-1.5708,0.0
BUILDING,3190.00,-29.57,1780.00,13.07,10.00,11.38,0.0,-1.5708,0.0
BUILDING,3190.00,-26.76,340.00,10.30,10.00,10.80,0.0,-1.5708,0.0
BUILDING,3190.00,-16.76,340.00,10.30,10.00,10.80,0.0,-1.5708,0.0
BUILDING,3190.00,-6.76,340.00,10.30,10.00,10.80,0.0,-1.5708,0.0
BUILDING,3190.00,-31.86,260.00,9.61,10.00,13.34,0.0,-1.5708,0.0
BUILDING,3190.00,-21.86,260.00,9.61,10.00,13.34,0.0,-1.5708,0.0
BUILDING,3190.00,-24.72,1940.00,12.25,10.00,11.69,0.0,-1.5708,0.0
BUILDING,3190.00,-14.72,1940.00,12.25,10.00,11.69,0.0,-1.5708,0.0
BUILDING,3190.00,-4.72,1940.00,12.25,10.00,11.69,0.0,-1.5708,0.0
BUILDING,3190.00,5.28,1940.00,12.25,10.00,11.69,0.0,-1.5708,0.0
BUILDING,3190.00,15.28,1940.00,12.25,10.00,11.69,0.0,-1.5708,0.0
BUILDING,3190.00,25.28,1940.00,12.25,10.00,11.69,0.0,-1.5708,0.0
BUILDING,3190.00,-36.04,180.00,12.37,10.00,11.44,0.0,-1.5708,0.0
BUILDING,3270.00,-15.43,900.00,11.11,10.00,12.06,0.0,-1.5708,0.0
BUILDING,3270.00,-5.43,900.00,11.11,10.00,12.06,0.0,-1.5708,0.0
BUILDING,3270.00,-15.34,820.00,10.14,10.00,10.58,0.0,-1.5708,0.0
BUILDING,3270.00,-5.34,820.00,10.14,10.00,10.58,0.0,-1.5708,0.0
BUILDING,3270.00,4.66,820.00,10.14,10.00,10.58,0.0,-1.5708,0.0
BUILDING,3270.00,14.66,820.00,10.14,10.00,10.58,0.0,-1.5708,0.0
BUILDING,3270.00,24.66,820.00,10.14,10.00,10.58,0.0,-1.5708,0.0
BUILDING,3270.00,34.66,820.00,10.14,10.00,10.58,0.0,-1.5708,0.0
BUILDING,3270.00,44.66,820.00,10.14,10.00,10.58,0.0,-1.5708,0.0
BUILDING,3270.00,-21.68,1380.00,10.98,10.00,13.44,0.0,-1.5708,0.0
BUILDING,3270.00,-11.68,1380.00,10.98,10.00,13.44,0.0,-1.5708,0.0
BUILDING,3270.00,-1.68,1380.00,10.98,10.00,13.44,0.0,-1.5708,0.0
BUILDING,3270.00,8.32,1380.00,10.98,10.00,13.44,0.0,-1.5708,0.0
BUILDING,3270.00,18.32,1380.00,10.98,10.00,13.44,0.0,-1.5708,0.0
BUILDING,3270.00,28.32,1380.00,10.98,10.00,13.44,0.0,-1.5708,0.0
BUILDING,3270.00,38.32,1380.00,10.98,10.00,13.44,0.0,-1.5708,0.0
BUILDING,3270.00,48.32,1380.00,10.98,10.00,13.44,0.0,-1.5708,0.0
BUILDING,3270.00,-16.16,660.00,11.07,10.00,9.92,0.0,-1.5708,0.0
BUILDING,3270.00,-6.16,660.00,11.07,10.00,9.92,0.0,-1.5708,0.0
BUILDING,3270.00,3.84,660.00,11.07,10.00,9.92,0.0,-1.5708,0.0
BUILDING,3270.00,13.84,660.00,11.07,10.00,9.92,0.0,-1.5708,0.0
BUILDING,3270.00,23.84,660.00,11.07,10.00,9.92,0.0,-1.5708,0.0
BUILDING,3270.00,33.84,660.00,11.07,10.00,9.92,0.0,-1.5708,0.0
BUILDING,3270.00,43.84,660.00,11.07,10.00,9.92,0.0,-1.5708,0.0
BUILDING,3270.00,53.84,660.00,11.07,10.00,9.92,0.0,-1.5708,0.0
BUILDING,3270.00,-18.06,580.00,12.50,10.00,9.40,0.0,-1.5708,0.0
BUILDING,3270.00,-8.06,580.00,12.50,10.00,9.40,0.0,-1.5708,0.0
BUILDING,3270.00,1.94,580.00,12.50,10.00,9.40,0.0,-1.5708,0.0
BUILDING,3270.00,11.94,580.00,12.50,10.00,9.40,0.0,-1.5708,0.0
BUILDING,3270.00,21.94,580.00,12.50,10.00,9.40,0.0,-1.5708,0.0
BUILDING,3270.00,31.94,580.00,12.50,10.00,9.40,0.0,-1.5708,0.0
BUILDING,3270.00,41.94,580.00,12.50,10.00,9.40,0.0,-1.5708,0.0
BUILDING,3270.00,51.94,580.00,12.50,10.00,9.40,0.0,-1.5708,0.0
BUILDING,3270.00,61.94,580.00,12.50,10.00,9.40,0.0,-1.5708,0.0
BUILDING,3270.00,-32.79,1620.00,13.68,10.00,11.37,0.0,-1.5708,0.0
BUILDING,3270.00,-34.04,1700.00,9.52,10.00,12.09,0.0,-1.5708,0.0
BUILDING,3270.00,-33.26,1780.00,10.24,10.00,10.42,0.0,-1.5708,0.0
BUILDING,3270.00,-30.29,340.00,9.14,10.00,12.32,0.0,-1.5708,0.0
BUILDING,3270.00,-30.68,1860.00,11.34,10.00,13.35,0.0,-1.5708,0.0
BUILDING,3270.00,-20.68,1860.00,11.34,10.00,13.35,0.0,-1.5708,0.0
BUILDING,3270.00,-34.43,260.00,13.85,10.00,12.49,0.0,-1.5708,0.0
BUILDING,3270.00,-26.98,1940.00,12.74,10.00,13.39,0.0,-1.5708,0.0
BUILDING,3270.00,-16.98,1940.00,12.74,10.00,13.39,0.0,-1.5708,0.0
BUILDING,3270.00,-6.98,1940.00,12.74,10.00,13.39,0.0,-1.5708,0.0
BUILDING,3270.00,3.02,1940.00,12.74,10.00,13.39,0.0,-1.5708,0.0
BUILDING,3270.00,13.02,1940.00,12.74,10.00,13.39,0.0,-1.5708,0.0
BUILDING,3270.00,23.02,1940.00,12.74,10.00,13.39,0.0,-1.5708,0.0
BUILDING,3270.00,-37.16,180.00,10.55,10.00,10.74,0.0,-1.5708,0.0
BUILDING,3350.00,-15.05,1060.00,11.06,10.00,9.78,0.0,-1.5708,0.0
BUILDING,3350.00,-5.05,1060.00,11.06,10.00,9.78,0.0,-1.5708,0.0
BUILDING,3350.00,-15.07,1140.00,10.72,10.00,11.35,0.0,-1.5708,0.0
BUILDING,3350.00,-15.45,900.00,12.83,10.00,12.99,0.0,-1.5708,0.0
BUILDING,3350.00,-15.73,820.00,11.06,10.00,11.80,0.0,-1.5708,0.0
BUILDING,3350.00,-5.73,820.00,11.06,10.00,11.80,0.0,-1.5708,0.0
BUILDING,3350.00,4.27,820.00,11.06,10.00,11.80,0.0,-1.5708,0.0
BUILDING,3350.00,14.27,820.00,11.06,10.00,11.80,0.0,-1.5708,0.0
BUILDING,3350.00,24.27,820.00,11.06,10.00,11.80,0.0,-1.5708,0.0
BUILDING,3350.00,34.27,820.00,11.06,10.00,11.80,0.0,-1.5708,0.0
BUILDING,3350.00,-20.99,1380.00,12.23,10.00,13.14,0.0,-1.5708,0.0
BUILDING,3350.00,-10.99,1380.00,12.23,10.00,13.14,0.0,-1.5708,0.0
BUILDING,3350.00,-0.99,1380.00,12.23,10.00,13.14,0.0,-1.5708,0.0
BUILDING,3350.00,9.01,1380.00,12.23,10.00,13.14,0.0,-1.5708,0.0
BUILDING,3350.00,19.01,1380.00,12.23,10.00,13.14,0.0,-1.5708,0.0
BUILDING,3350.00,29.01,1380.00,12.23,10.00,13.14,0.0,-1.5708,0.0
BUILDING,3350.00,39.01,1380.00,12.23,10.00,13.14,0.0,-1.5708,0.0
BUILDING,3350.00,49.01,1380.00,12.23,10.00,13.14,0.0,-1.5708,0.0
BUILDING,3350.00,-16.45,740.00,10.20,10.00,12.82,0.0,-1.5708,0.0
BUILDING,3350.00,-6.45,740.00,10.20,10.00,12.82,0.0,-1.5708,0.0
BUILDING,3350.00,3.55,740.00,10.20,10.00,12.82,0.0,-1.5708,0.0
BUILDING,3350.00,13.55,740.00,10.20,10.00,12.82,0.0,-1.5708,0.0
BUILDING,3350.00,23.55,740.00,10.20,10.00,12.82,0.0,-1.5708,0.0
BUILDING,3350.00,33.55,740.00,10.20,10.00,12.82,0.0,-1.5708,0.0
BUILDING,3350.00,43.55,740.00,10.20,10.00,12.82,0.0,-1.5708,0.0
BUILDING,3350.00,53.55,740.00,10.20,10.00,12.82,0.0,-1.5708,0.0
BUILDING,3350.00,63.55,740.00,10.20,10.00,12.82,0.0,-1.5708,0.0
BUILDING,3350.00,73.55,740.00,10.20,10.00,12.82,0.0,-1.5708,0.0
BUILDING,3350.00,-17.98,660.00,12.24,10.00,11.66,0.0,-1.5708,0.0
BUILDING,3350.00,-7.98,660.00,12.24,10.00,11.66,0.0,-1.5708,0.0
BUILDING,3350.00,2.02,660.00,12.24,10.00,11.66,0.0,-1.5708,0.0
BUILDING,3350.00,12.02,660.00,12.24,10.00,11.66,0.0,-1.5708,0.0
BUILDING,3350.00,22.02,660.00,12.24,10.00,11.66,0.0,-1.5708,0.0
BUILDING,3350.00,32.02,660.00,12.24,10.00,11.66,0.0,-1.5708,0.0
BUILDING,3350.00,-29.78,1540.00,9.91,10.00,10.45,0.0,-1.5708,0.0
BUILDING,3350.00,-20.49,580.00,12.50,10.00,11.46,0.0,-1.5708,0.0
BUILDING,3350.00,-10.49,580.00,12.50,10.00,11.46,0.0,-1.5708,0.0
BUILDING,3350.00,-0.49,580.00,12.50,10.00,11.46,0.0,-1.5708,0.0
BUILDING,3350.00,9.51,580.00,12.50,10.00,11.46,0.0,-1.5708,0.0
BUILDING,3350.00,19.51,580.00,12.50,10.00,11.46,0.0,-1.5708,0.0
BUILDING,3350.00,-33.72,1620.00,9.11,10.00,13.86,0.0,-1.5708,0.0
BUILDING,3350.00,-23.72,1620.00,9.11,10.00,13.86,0.0,-1.5708,0.0
BUILDING,3350.00,-23.88,500.00,12.64,10.00,10.16,0.0,-1.5708,0.0
BUILDING,3350.00,-13.88,500.00,12.64,10.00,10.16,0.0,-1.5708,0.0
BUILDING,3350.00,-3.88,500.00,12.64,10.00,10.16,0.0,-1.5708,0.0
BUILDING,3350.00,6.12,500.00,12.64,10.00,10.16,0.0,-1.5708,0.0
BUILDING,3350.00,16.12,500.00,12.64,10.00,10.16,0.0,-1.5708,0.0
BUILDING,3350.00,-36.13,1700.00,11.10,10.00,12.93,0.0,-1.5708,0.0
BUILDING,3350.00,-27.69,420.00,12.96,10.00,10.65,0.0,-1.5708,0.0
BUILDING,3350.00,-17.69,420.00,12.96,10.00,10.65,0.0,-1.5708,0.0
BUILDING,3350.00,-7.69,420.00,12.96,10.00,10.65,0.0,-1.5708,0.0
BUILDING,3350.00,2.31,420.00,12.96,10.00,10.65,0.0,-1.5708,0.0
BUILDING,3350.00,12.31,420.00,12.96,10.00,10.65,0.0,-1.5708,0.0
BUILDING,3350.00,-31.27,340.00,9.36,10.00,11.35,0.0,-1.5708,0.0
BUILDING,3350.00,-21.27,340.00,9.36,10.00,11.35,0.0,-1.5708,0.0
BUILDING,3350.00,-35.16,180.00,10.24,10.00,12.86,0.0,-1.5708,0.0
BUILDING,3350.00,-25.16,180.00,10.24,10.00,12.86,0.0,-1.5708,0.0
BUILDING,3430.00,-17.18,1300.00,13.68,10.00,9.79,0.0,-1.5708,0.0
BUILDING,3430.00,-7.18,1300.00,13.68,10.00,9.79,0.0,-1.5708,0.0
BUILDING,3430.00,-19.89,1380.00,10.27,10.00,12.19,0.0,-1.5708,0.0
BUILDING,3430.00,-9.89,1380.00,10.27,10.00,12.19,0.0,-1.5708,0.0
BUILDING,3430.00,0.11,1380.00,10.27,10.00,12.19,0.0,-1.5708,0.0
BUILDING,3430.00,10.11,1380.00,10.27,10.00,12.19,0.0,-1.5708,0.0
BUILDING,3430.00,-19.48,660.00,10.18,10.00,11.17,0.0,-1.5708,0.0
BUILDING,3430.00,-9.48,660.00,10.18,10.00,11.17,0.0,-1.5708,0.0
BUILDING,3430.00,0.52,660.00,10.18,10.00,11.17,0.0,-1.5708,0.0
BUILDING,3430.00,10.52,660.00,10.18,10.00,11.17,0.0,-1.5708,0.0
BUILDING,3430.00,-21.89,580.00,12.95,10.00,9.04,0.0,-1.5708,0.0
BUILDING,3430.00,-11.89,580.00,12.95,10.00,9.04,0.0,-1.5708,0.0
BUILDING,3430.00,-1.89,580.00,12.95,10.00,9.04,0.0,-1.5708,0.0
BUILDING,3430.00,8.11,580.00,12.95,10.00,9.04,0.0,-1.5708,0.0
BUILDING,3430.00,18.11,580.00,12.95,10.00,9.04,0.0,-1.5708,0.0
BUILDING,3430.00,28.11,580.00,12.95,10.00,9.04,0.0,-1.5708,0.0
BUILDING,3430.00,-24.59,500.00,9.77,10.00,12.85,0.0,-1.5708,0.0
BUILDING,3430.00,-14.59,500.00,9.77,10.00,12.85,0.0,-1.5708,0.0
BUILDING,3430.00,-4.59,500.00,9.77,10.00,12.85,0.0,-1.5708,0.0
BUILDING,3430.00,5.41,500.00,9.77,10.00,12.85,0.0,-1.5708,0.0
BUILDING,3430.00,15.41,500.00,9.77,10.00,12.85,0.0,-1.5708,0.0
BUILDING,3430.00,25.41,500.00,9.77,10.00,12.85,0.0,-1.5708,0.0
BUILDING,3430.00,-36.03,1700.00,12.09,10.00,13.65,0.0,-1.5708,0.0
BUILDING,3430.00,-26.03,1700.00,12.09,10.00,13.65,0.0,-1.5708,0.0
BUILDING,3430.00,-27.18,420.00,10.78,10.00,9.77,0.0,-1.5708,0.0
BUILDING,3430.00,-37.54,1780.00,10.16,10.00,13.91,0.0,-1.5708,0.0
BUILDING,3430.00,-30.50,260.00,9.11,10.00,10.89,0.0,-1.5708,0.0
BUILDING,3430.00,-33.56,1940.00,11.43,10.00,11.19,0.0,-1.5708,0.0
BUILDING,3430.00,-30.85,180.00,11.83,10.00,11.72,0.0,-1.5708,0.0
BUILDING,3430.00,-28.88,2020.00,13.57,10.00,11.77,0.0,-1.5708,0.0
BUILDING,3430.00,-18.88,2020.00,13.57,10.00,11.77,0.0,-1.5708,0.0
BUILDING,3430.00,-8.88,2020.00,13.57,10.00,11.77,0.0,-1.5708,0.0
BUILDING,3430.00,1.12,2020.00,13.57,10.00,11.77,0.0,-1.5708,0.0
BUILDING,3510.00,-16.04,900.00,12.67,10.00,13.41,0.0,-1.5708,0.0
BUILDING,3510.00,-6.04,900.00,12.67,10.00,13.41,0.0,-1.5708,0.0
BUILDING,3510.00,3.96,900.00,12.67,10.00,13.41,0.0,-1.5708,0.0
BUILDING,3510.00,-16.72,1300.00,10.60,10.00,9.32,0.0,-1.5708,0.0
BUILDING,3510.00,-18.80,1380.00,11.49,10.00,11.76,0.0,-1.5708,0.0
BUILDING,3510.00,-8.80,1380.00,11.49,10.00,11.76,0.0,-1.5708,0.0
BUILDING,3510.00,1.20,1380.00,11.49,10.00,11.76,0.0,-1.5708,0.0
BUILDING,3510.00,11.20,1380.00,11.49,10.00,11.76,0.0,-1.5708,0.0
BUILDING,3510.00,21.20,1380.00,11.49,10.00,11.76,0.0,-1.5708,0.0
BUILDING,3510.00,31.20,1380.00,11.49,10.00,11.76,0.0,-1.5708,0.0
BUILDING,3510.00,41.20,1380.00,11.49,10.00,11.76,0.0,-1.5708,0.0
BUILDING,3510.00,51.20,1380.00,11.49,10.00,11.76,0.0,-1.5708,0.0
BUILDING,3510.00,61.20,1380.00,11.49,10.00,11.76,0.0,-1.5708,0.0
BUILDING,3510.00,-18.35,740.00,10.61,10.00,9.48,0.0,-1.5708,0.0
BUILDING,3510.00,-8.35,740.00,10.61,10.00,9.48,0.0,-1.5708,0.0
BUILDING,3510.00,1.65,740.00,10.61,10.00,9.48,0.0,-1.5708,0.0
BUILDING,3510.00,11.65,740.00,10.61,10.00,9.48,0.0,-1.5708,0.0
BUILDING,3510.00,21.65,740.00,10.61,10.00,9.48,0.0,-1.5708,0.0
BUILDING,3510.00,31.65,740.00,10.61,10.00,9.48,0.0,-1.5708,0.0
BUILDING,3510.00,41.65,740.00,10.61,10.00,9.48,0.0,-1.5708,0.0
BUILDING,3510.00,51.65,740.00,10.61,10.00,9.48,0.0,-1.5708,0.0
BUILDING,3510.00,61.65,740.00,10.61,10.00,9.48,0.0,-1.5708,0.0
BUILDING,3510.00,-21.85,1460.00,9.89,10.00,9.16,0.0,-1.5708,0.0
BUILDING,3510.00,-11.85,1460.00,9.89,10.00,9.16,0.0,-1.5708,0.0
BUILDING,3510.00,-1.85,1460.00,9.89,10.00,9.16,0.0,-1.5708,0.0
BUILDING,3510.00,8.15,1460.00,9.89,10.00,9.16,0.0,-1.5708,0.0
BUILDING,3510.00,-19.90,660.00,11.86,10.00,13.18,0.0,-1.5708,0.0
BUILDING,3510.00,-9.90,660.00,11.86,10.00,13.18,0.0,-1.5708,0.0
BUILDING,3510.00,0.10,660.00,11.86,10.00,13.18,0.0,-1.5708,0.0
BUILDING,3510.00,10.10,660.00,11.86,10.00,13.18,0.0,-1.5708,0.0
BUILDING,3510.00,-25.71,1540.00,11.95,10.00,9.25,0.0,-1.5708,0.0
BUILDING,3510.00,-15.71,1540.00,11.95,10.00,9.25,0.0,-1.5708,0.0
BUILDING,3510.00,-5.71,1540.00,11.95,10.00,9.25,0.0,-1.5708,0.0
BUILDING,3510.00,4.29,1540.00,11.95,10.00,9.25,0.0,-1.5708,0.0
BUILDING,3510.00,14.29,1540.00,11.95,10.00,9.25,0.0,-1.5708,0.0
BUILDING,3510.00,24.29,1540.00,11.95,10.00,9.25,0.0,-1.5708,0.0
BUILDING,3510.00,-29.87,1620.00,12.28,10.00,13.64,0.0,-1.5708,0.0
BUILDING,3510.00,-22.92,500.00,9.30,10.00,11.79,0.0,-1.5708,0.0
BUILDING,3510.00,-12.92,500.00,9.30,10.00,11.79,0.0,-1.5708,0.0
BUILDING,3510.00,-2.92,500.00,9.30,10.00,11.79,0.0,-1.5708,0.0
BUILDING,3510.00,7.08,500.00,9.30,10.00,11.79,0.0,-1.5708,0.0
BUILDING,3510.00,17.08,500.00,9.30,10.00,11.79,0.0,-1.5708,0.0
BUILDING,3510.00,27.08,500.00,9.30,10.00,11.79,0.0,-1.5708,0.0
BUILDING,3510.00,37.08,500.00,9.30,10.00,11.79,0.0,-1.5708,0.0
BUILDING,3510.00,-33.59,1700.00,12.97,10.00,9.29,0.0,-1.5708,0.0
BUILDING,3510.00,-24.05,420.00,9.35,10.00,10.52,0.0,-1.5708,0.0
BUILDING,3510.00,-14.05,420.00,9.35,10.00,10.52,0.0,-1.5708,0.0
BUILDING,3510.00,-4.05,420.00,9.35,10.00,10.52,0.0,-1.5708,0.0
BUILDING,3510.00,5.95,420.00,9.35,10.00,10.52,0.0,-1.5708,0.0
BUILDING,3510.00,15.95,420.00,9.35,10.00,10.52,0.0,-1.5708,0.0
BUILDING,3510.00,25.95,420.00,9.35,10.00,10.52,0.0,-1.5708,0.0
BUILDING,3510.00,35.95,420.00,9.35,10.00,10.52,0.0,-1.5708,0.0
BUILDING,3510.00,-24.85,340.00,10.16,10.00,10.93,0.0,-1.5708,0.0
BUILDING,3510.00,-14.85,340.00,10.16,10.00,10.93,0.0,-1.5708,0.0
BUILDING,3510.00,-4.85,340.00,10.16,10.00,10.93,0.0,-1.5708,0.0
BUILDING,3510.00,5.15,340.00,10.16,10.00,10.93,0.0,-1.5708,0.0
BUILDING,3510.00,15.15,340.00,10.16,10.00,10.93,0.0,-1.5708,0.0
BUILDING,3510.00,25.15,340.00,10.16,10.00,10.93,0.0,-1.5708,0.0
BUILDING,3510.00,35.15,340.00,10.16,10.00,10.93,0.0,-1.5708,0.0
BUILDING,3510.00,-36.52,1860.00,12.13,10.00,9.89,0.0,-1.5708,0.0
BUILDING,3510.00,-25.39,260.00,12.83,10.00,11.88,0.0,-1.5708,0.0
BUILDING,3510.00,-25.83,180.00,9.83,10.00,9.90,0.0,-1.5708,0.0
BUILDING,3510.00,-31.08,2020.00,11.67,10.00,12.00,0.0,-1.5708,0.0
BUILDING,3590.00,-16.27,900.00,13.13,10.00,10.62,0.0,-1.5708,0.0
BUILDING,3590.00,-6.27,900.00,13.13,10.00,10.62,0.0,-1.5708,0.0
BUILDING,3590.00,3.73,900.00,13.13,10.00,10.62,0.0,-1.5708,0.0
BUILDING,3590.00,-16.51,1300.00,12.83,10.00,13.63,0.0,-1.5708,0.0
BUILDING,3590.00,-6.51,1300.00,12.83,10.00,13.63,0.0,-1.5708,0.0
BUILDING,3590.00,3.49,1300.00,12.83,10.00,13.63,0.0,-1.5708,0.0
BUILDING,3590.00,-18.05,1380.00,9.00,10.00,9.17,0.0,-1.5708,0.0
BUILDING,3590.00,-8.05,1380.00,9.00,10.00,9.17,0.0,-1.5708,0.0
BUILDING,3590.00,1.95,1380.00,9.00,10.00,9.17,0.0,-1.5708,0.0
BUILDING,3590.00,11.95,1380.00,9.00,10.00,9.17,0.0,-1.5708,0.0
BUILDING,3590.00,21.95,1380.00,9.00,10.00,9.17,0.0,-1.5708,0.0
BUILDING,3590.00,31.95,1380.00,9.00,10.00,9.17,0.0,-1.5708,0.0
BUILDING,3590.00,41.95,1380.00,9.00,10.00,9.17,0.0,-1.5708,0.0
BUILDING,3590.00,-18.12,740.00,13.97,10.00,10.51,0.0,-1.5708,0.0
BUILDING,3590.00,-8.12,740.00,13.97,10.00,10.51,0.0,-1.5708,0.0
BUILDING,3590.00,1.88,740.00,13.97,10.00,10.51,0.0,-1.5708,0.0
BUILDING,3590.00,11.88,740.00,13.97,10.00,10.51,0.0,-1.5708,0.0
BUILDING,3590.00,21.88,740.00,13.97,10.00,10.51,0.0,-1.5708,0.0
BUILDING,3590.00,-20.23,1460.00,9.11,10.00,13.11,0.0,-1.5708,0.0
BUILDING,3590.00,-10.23,1460.00,9.11,10.00,13.11,0.0,-1.5708,0.0
BUILDING,3590.00,-0.23,1460.00,9.11,10.00,13.11,0.0,-1.5708,0.0
BUILDING,3590.00,9.77,1460.00,9.11,10.00,13.11,0.0,-1.5708,0.0
BUILDING,3590.00,19.77,1460.00,9.11,10.00,13.11,0.0,-1.5708,0.0
BUILDING,3590.00,-18.80,660.00,11.56,10.00,11.85,0.0,-1.5708,0.0
BUILDING,3590.00,-8.80,660.00,11.56,10.00,11.85,0.0,-1.5708,0.0
BUILDING,3590.00,1.20,660.00,11.56,10.00,11.85,0.0,-1.5708,0.0
BUILDING,3590.00,11.20,660.00,11.56,10.00,11.85,0.0,-1.5708,0.0
BUILDING,3590.00,21.20,660.00,11.56,10.00,11.85,0.0,-1.5708,0.0
BUILDING,3590.00,31.20,660.00,11.56,10.00,11.85,0.0,-1.5708,0.0
BUILDING,3590.00,41.20,660.00,11.56,10.00,11.85,0.0,-1.5708,0.0
BUILDING,3590.00,51.20,660.00,11.56,10.00,11.85,0.0,-1.5708,0.0
BUILDING,3590.00,-23.04,1540.00,10.78,10.00,9.69,0.0,-1.5708,0.0
BUILDING,3590.00,-13.04,1540.00,10.78,10.00,9.69,0.0,-1.5708,0.0
BUILDING,3590.00,-3.04,1540.00,10.78,10.00,9.69,0.0,-1.5708,0.0
BUILDING,3590.00,6.96,1540.00,10.78,10.00,9.69,0.0,-1.5708,0.0
BUILDING,3590.00,16.96,1540.00,10.78,10.00,9.69,0.0,-1.5708,0.0
BUILDING,3590.00,-19.15,580.00,10.28,10.00,10.50,0.0,-1.5708,0.0
BUILDING,3590.00,-9.15,580.00,10.28,10.00,10.50,0.0,-1.5708,0.0
BUILDING,3590.00,0.85,580.00,10.28,10.00,10.50,0.0,-1.5708,0.0
BUILDING,3590.00,10.85,580.00,10.28,10.00,10.50,0.0,-1.5708,0.0
BUILDING,3590.00,20.85,580.00,10.28,10.00,10.50,0.0,-1.5708,0.0
BUILDING,3590.00,-26.26,1620.00,12.67,10.00,12.62,0.0,-1.5708,0.0
BUILDING,3590.00,-16.26,1620.00,12.67,10.00,12.62,0.0,-1.5708,0.0
BUILDING,3590.00,-19.22,500.00,12.51,10.00,13.10,0.0,-1.5708,0.0
BUILDING,3590.00,-9.22,500.00,12.51,10.00,13.10,0.0,-1.5708,0.0
BUILDING,3590.00,0.78,500.00,12.51,10.00,13.10,0.0,-1.5708,0.0
BUILDING,3590.00,10.78,500.00,12.51,10.00,13.10,0.0,-1.5708,0.0
BUILDING,3590.00,20.78,500.00,12.51,10.00,13.10,0.0,-1.5708,0.0
BUILDING,3590.00,30.78,500.00,12.51,10.00,13.10,0.0,-1.5708,0.0
BUILDING,3590.00,40.78,500.00,12.51,10.00,13.10,0.0,-1.5708,0.0
BUILDING,3590.00,50.78,500.00,12.51,10.00,13.10,0.0,-1.5708,0.0
BUILDING,3590.00,60.78,500.00,12.51,10.00,13.10,0.0,-1.5708,0.0
BUILDING,3590.00,-29.47,1700.00,12.65,10.00,11.88,0.0,-1.5708,0.0
BUILDING,3590.00,-19.23,420.00,10.74,10.00,13.09,0.0,-1.5708,0.0
BUILDING,3590.00,-9.23,420.00,10.74,10.00,13.09,0.0,-1.5708,0.0
BUILDING,3590.00,0.77,420.00,10.74,10.00,13.09,0.0,-1.5708,0.0
BUILDING,3590.00,10.77,420.00,10.74,10.00,13.09,0.0,-1.5708,0.0
BUILDING,3590.00,20.77,420.00,10.74,10.00,13.09,0.0,-1.5708,0.0
BUILDING,3590.00,30.77,420.00,10.74,10.00,13.09,0.0,-1.5708,0.0
BUILDING,3590.00,-33.42,1860.00,13.25,10.00,13.64,0.0,-1.5708,0.0
BUILDING,3590.00,-23.42,1860.00,13.25,10.00,13.64,0.0,-1.5708,0.0
BUILDING,3590.00,-13.42,1860.00,13.25,10.00,13.64,0.0,-1.5708,0.0
BUILDING,3590.00,-20.29,260.00,10.52,10.00,9.21,0.0,-1.5708,0.0
BUILDING,3590.00,-10.29,260.00,10.52,10.00,9.21,0.0,-1.5708,0.0
BUILDING,3590.00,-0.29,260.00,10.52,10.00,9.21,0.0,-1.5708,0.0
BUILDING,3590.00,-33.03,1940.00,12.49,10.00,9.77,0.0,-1.5708,0.0
BUILDING,3590.00,-23.03,1940.00,12.49,10.00,9.77,0.0,-1.5708,0.0
BUILDING,3670.00,-16.56,1300.00,9.41,10.00,11.86,0.0,-1.5708,0.0
BUILDING,3670.00,-6.56,1300.00,9.41,10.00,11.86,0.0,-1.5708,0.0
BUILDING,3670.00,-16.70,820.00,10.99,10.00,11.17,0.0,-1.5708,0.0
BUILDING,3670.00,-6.70,820.00,10.99,10.00,11.17,0.0,-1.5708,0.0
BUILDING,3670.00,3.30,820.00,10.99,10.00,11.17,0.0,-1.5708,0.0
BUILDING,3670.00,13.30,820.00,10.99,10.00,11.17,0.0,-1.5708,0.0
BUILDING,3670.00,23.30,820.00,10.99,10.00,11.17,0.0,-1.5708,0.0
BUILDING,3670.00,-16.79,740.00,11.44,10.00,12.26,0.0,-1.5708,0.0
BUILDING,3670.00,-6.79,740.00,11.44,10.00,12.26,0.0,-1.5708,0.0
BUILDING,3670.00,3.21,740.00,11.44,10.00,12.26,0.0,-1.5708,0.0
BUILDING,3670.00,13.21,740.00,11.44,10.00,12.26,0.0,-1.5708,0.0
BUILDING,3670.00,23.21,740.00,11.44,10.00,12.26,0.0,-1.5708,0.0
BUILDING,3670.00,33.21,740.00,11.44,10.00,12.26,0.0,-1.5708,0.0
BUILDING,3670.00,-19.31,1460.00,11.62,10.00,10.21,0.0,-1.5708,0.0
BUILDING,3670.00,-9.31,1460.00,11.62,10.00,10.21,0.0,-1.5708,0.0
BUILDING,3670.00,0.69,1460.00,11.62,10.00,10.21,0.0,-1.5708,0.0
BUILDING,3670.00,10.69,1460.00,11.62,10.00,10.21,0.0,-1.5708,0.0
BUILDING,3670.00,20.69,1460.00,11.62,10.00,10.21,0.0,-1.5708,0.0
BUILDING,3670.00,30.69,1460.00,11.62,10.00,10.21,0.0,-1.5708,0.0
BUILDING,3670.00,40.69,1460.00,11.62,10.00,10.21,0.0,-1.5708,0.0
BUILDING,3670.00,50.69,1460.00,11.62,10.00,10.21,0.0,-1.5708,0.0
BUILDING,3670.00,60.69,1460.00,11.62,10.00,10.21,0.0,-1.5708,0.0
BUILDING,3670.00,-16.32,660.00,13.62,10.00,9.45,0.0,-1.5708,0.0
BUILDING,3670.00,-6.32,660.00,13.62,10.00,9.45,0.0,-1.5708,0.0
BUILDING,3670.00,3.68,660.00,13.62,10.00,9.45,0.0,-1.5708,0.0
BUILDING,3670.00,13.68,660.00,13.62,10.00,9.45,0.0,-1.5708,0.0
BUILDING,3670.00,23.68,660.00,13.62,10.00,9.45,0.0,-1.5708,0.0
BUILDING,3670.00,33.68,660.00,13.62,10.00,9.45,0.0,-1.5708,0.0
BUILDING,3670.00,43.68,660.00,13.62,10.00,9.45,0.0,-1.5708,0.0
BUILDING,3670.00,53.68,660.00,13.62,10.00,9.45,0.0,-1.5708,0.0
BUILDING,3670.00,63.68,660.00,13.62,10.00,9.45,0.0,-1.5708,0.0
BUILDING,3670.00,73.68,660.00,13.62,10.00,9.45,0.0,-1.5708,0.0
BUILDING,3670.00,-21.02,1540.00,9.95,10.00,10.72,0.0,-1.5708,0.0
BUILDING,3670.00,-11.02,1540.00,9.95,10.00,10.72,0.0,-1.5708,0.0
BUILDING,3670.00,-1.02,1540.00,9.95,10.00,10.72,0.0,-1.5708,0.0
BUILDING,3670.00,8.98,1540.00,9.95,10.00,10.72,0.0,-1.5708,0.0
BUILDING,3670.00,18.98,1540.00,9.95,10.00,10.72,0.0,-1.5708,0.0
BUILDING,3670.00,-22.93,1620.00,12.08,10.00,13.95,0.0,-1.5708,0.0
BUILDING,3670.00,-12.93,1620.00,12.08,10.00,13.95,0.0,-1.5708,0.0
BUILDING,3670.00,-2.93,1620.00,12.08,10.00,13.95,0.0,-1.5708,0.0
BUILDING,3670.00,7.07,1620.00,12.08,10.00,13.95,0.0,-1.5708,0.0
BUILDING,3670.00,-14.55,500.00,13.62,10.00,10.17,0.0,-1.5708,0.0
BUILDING,3670.00,-4.55,500.00,13.62,10.00,10.17,0.0,-1.5708,0.0
BUILDING,3670.00,5.45,500.00,13.62,10.00,10.17,0.0,-1.5708,0.0
BUILDING,3670.00,15.45,500.00,13.62,10.00,10.17,0.0,-1.5708,0.0
BUILDING,3670.00,25.45,500.00,13.62,10.00,10.17,0.0,-1.5708,0.0
BUILDING,3670.00,35.45,500.00,13.62,10.00,10.17,0.0,-1.5708,0.0
BUILDING,3670.00,-24.92,1700.00,13.26,10.00,9.56,0.0,-1.5708,0.0
BUILDING,3670.00,-14.92,1700.00,13.26,10.00,9.56,0.0,-1.5708,0.0
BUILDING,3670.00,-4.92,1700.00,13.26,10.00,9.56,0.0,-1.5708,0.0
BUILDING,3670.00,5.08,1700.00,13.26,10.00,9.56,0.0,-1.5708,0.0
BUILDING,3670.00,15.08,1700.00,13.26,10.00,9.56,0.0,-1.5708,0.0
BUILDING,3670.00,25.08,1700.00,13.26,10.00,9.56,0.0,-1.5708,0.0
BUILDING,3670.00,35.08,1700.00,13.26,10.00,9.56,0.0,-1.5708,0.0
BUILDING,3670.00,-16.70,260.00,13.02,10.00,10.53,0.0,-1.5708,0.0
BUILDING,3670.00,-6.70,260.00,13.02,10.00,10.53,0.0,-1.5708,0.0
BUILDING,3670.00,3.30,260.00,13.02,10.00,10.53,0.0,-1.5708,0.0
BUILDING,3670.00,13.30,260.00,13.02,10.00,10.53,0.0,-1.5708,0.0
BUILDING,3670.00,23.30,260.00,13.02,10.00,10.53,0.0,-1.5708,0.0
BUILDING,3670.00,33.30,260.00,13.02,10.00,10.53,0.0,-1.5708,0.0
BUILDING,3670.00,43.30,260.00,13.02,10.00,10.53,0.0,-1.5708,0.0
BUILDING,3670.00,53.30,260.00,13.02,10.00,10.53,0.0,-1.5708,0.0
BUILDING,3670.00,63.30,260.00,13.02,10.00,10.53,0.0,-1.5708,0.0
BUILDING,3670.00,73.30,260.00,13.02,10.00,10.53,0.0,-1.5708,0.0
BUILDING,3670.00,-28.44,1940.00,11.69,10.00,10.02,0.0,-1.5708,0.0
BUILDING,3670.00,-18.44,1940.00,11.69,10.00,10.02,0.0,-1.5708,0.0
BUILDING,3670.00,-8.44,1940.00,11.69,10.00,10.02,0.0,-1.5708,0.0
BUILDING,3670.00,1.56,1940.00,11.69,10.00,10.02,0.0,-1.5708,0.0
BUILDING,3670.00,11.56,1940.00,11.69,10.00,10.02,0.0,-1.5708,0.0
BUILDING,3670.00,-19.67,180.00,12.12,10.00,13.96,0.0,-1.5708,0.0
BUILDING,3670.00,-9.67,180.00,12.12,10.00,13.96,0.0,-1.5708,0.0
BUILDING,3670.00,0.33,180.00,12.12,10.00,13.96,0.0,-1.5708,0.0
BUILDING,3670.00,10.33,180.00,12.12,10.00,13.96,0.0,-1.5708,0.0
BUILDING,3670.00,20.33,180.00,12.12,10.00,13.96,0.0,-1.5708,0.0
BUILDING,3670.00,30.33,180.00,12.12,10.00,13.96,0.0,-1.5708,0.0
BUILDING,3670.00,40.33,180.00,12.12,10.00,13.96,0.0,-1.5708,0.0
BUILDING,3670.00,-27.66,2020.00,11.92,10.00,12.32,0.0,-1.5708,0.0
BUILDING,3670.00,-17.66,2020.00,11.92,10.00,12.32,0.0,-1.5708,0.0
BUILDING,3670.00,-7.66,2020.00,11.92,10.00,12.32,0.0,-1.5708,0.0
BUILDING,3750.00,-15.07,1060.00,10.00,10.00,12.48,0.0,-1.5708,0.0
BUILDING,3750.00,-5.07,1060.00,10.00,10.00,12.48,0.0,-1.5708,0.0
BUILDING,3750.00,-15.08,1140.00,9.33,10.00,12.30,0.0,-1.5708,0.0
BUILDING,3750.00,-15.67,1220.00,9.10,10.00,13.34,0.0,-1.5708,0.0
BUILDING,3750.00,-15.73,900.00,11.54,10.00,12.55,0.0,-1.5708,0.0
BUILDING,3750.00,-5.73,900.00,11.54,10.00,12.55,0.0,-1.5708,0.0
BUILDING,3750.00,4.27,900.00,11.54,10.00,12.55,0.0,-1.5708,0.0
BUILDING,3750.00,-16.73,1300.00,9.93,10.00,11.50,0.0,-1.5708,0.0
BUILDING,3750.00,-17.99,1380.00,13.61,10.00,10.52,0.0,-1.5708,0.0
BUILDING,3750.00,-7.99,1380.00,13.61,10.00,10.52,0.0,-1.5708,0.0
BUILDING,3750.00,2.01,1380.00,13.61,10.00,10.52,0.0,-1.5708,0.0
BUILDING,3750.00,12.01,1380.00,13.61,10.00,10.52,0.0,-1.5708,0.0
BUILDING,3750.00,22.01,1380.00,13.61,10.00,10.52,0.0,-1.5708,0.0
BUILDING,3750.00,-19.16,1460.00,10.76,10.00,12.13,0.0,-1.5708,0.0
BUILDING,3750.00,-9.16,1460.00,10.76,10.00,12.13,0.0,-1.5708,0.0
BUILDING,3750.00,0.84,1460.00,10.76,10.00,12.13,0.0,-1.5708,0.0
BUILDING,3750.00,10.84,1460.00,10.76,10.00,12.13,0.0,-1.5708,0.0
BUILDING,3750.00,20.84,1460.00,10.76,10.00,12.13,0.0,-1.5708,0.0
BUILDING,3750.00,30.84,1460.00,10.76,10.00,12.13,0.0,-1.5708,0.0
BUILDING,3750.00,40.84,1460.00,10.76,10.00,12.13,0.0,-1.5708,0.0
BUILDING,3750.00,50.84,1460.00,10.76,10.00,12.13,0.0,-1.5708,0.0
BUILDING,3750.00,60.84,1460.00,10.76,10.00,12.13,0.0,-1.5708,0.0
BUILDING,3750.00,-20.10,1540.00,12.13,10.00,13.39,0.0,-1.5708,0.0
BUILDING,3750.00,-10.10,1540.00,12.13,10.00,13.39,0.0,-1.5708,0.0
BUILDING,3750.00,-0.10,1540.00,12.13,10.00,13.39,0.0,-1.5708,0.0
BUILDING,3750.00,-20.77,1620.00,13.75,10.00,10.13,0.0,-1.5708,0.0
BUILDING,3750.00,-10.77,1620.00,13.75,10.00,10.13,0.0,-1.5708,0.0
BUILDING,3750.00,-0.77,1620.00,13.75,10.00,10.13,0.0,-1.5708,0.0
BUILDING,3750.00,9.23,1620.00,13.75,10.00,10.13,0.0,-1.5708,0.0
BUILDING,3750.00,19.23,1620.00,13.75,10.00,10.13,0.0,-1.5708,0.0
BUILDING,3750.00,29.23,1620.00,13.75,10.00,10.13,0.0,-1.5708,0.0
BUILDING,3750.00,39.23,1620.00,13.75,10.00,10.13,0.0,-1.5708,0.0
BUILDING,3750.00,-10.26,500.00,9.44,10.00,10.91,0.0,-1.5708,0.0
BUILDING,3750.00,-0.26,500.00,9.44,10.00,10.91,0.0,-1.5708,0.0
BUILDING,3750.00,9.74,500.00,9.44,10.00,10.91,0.0,-1.5708,0.0
BUILDING,3750.00,19.74,500.00,9.44,10.00,10.91,0.0,-1.5708,0.0
BUILDING,3750.00,29.74,500.00,9.44,10.00,10.91,0.0,-1.5708,0.0
BUILDING,3750.00,39.74,500.00,9.44,10.00,10.91,0.0,-1.5708,0.0
BUILDING,3750.00,49.74,500.00,9.44,10.00,10.91,0.0,-1.5708,0.0
BUILDING,3750.00,59.74,500.00,9.44,10.00,10.91,0.0,-1.5708,0.0
BUILDING,3750.00,-21.25,1700.00,12.43,10.00,11.09,0.0,-1.5708,0.0
BUILDING,3750.00,-11.25,1700.00,12.43,10.00,11.09,0.0,-1.5708,0.0
BUILDING,3750.00,-1.25,1700.00,12.43,10.00,11.09,0.0,-1.5708,0.0
BUILDING,3750.00,8.75,1700.00,12.43,10.00,11.09,0.0,-1.5708,0.0
BUILDING,3750.00,18.75,1700.00,12.43,10.00,11.09,0.0,-1.5708,0.0
BUILDING,3750.00,28.75,1700.00,12.43,10.00,11.09,0.0,-1.5708,0.0
BUILDING,3750.00,38.75,1700.00,12.43,10.00,11.09,0.0,-1.5708,0.0
BUILDING,3750.00,48.75,1700.00,12.43,10.00,11.09,0.0,-1.5708,0.0
BUILDING,3750.00,-10.31,420.00,13.55,10.00,10.65,0.0,-1.5708,0.0
BUILDING,3750.00,-0.31,420.00,13.55,10.00,10.65,0.0,-1.5708,0.0
BUILDING,3750.00,9.69,420.00,13.55,10.00,10.65,0.0,-1.5708,0.0
BUILDING,3750.00,19.69,420.00,13.55,10.00,10.65,0.0,-1.5708,0.0
BUILDING,3750.00,29.69,420.00,13.55,10.00,10.65,0.0,-1.5708,0.0
BUILDING,3750.00,39.69,420.00,13.55,10.00,10.65,0.0,-1.5708,0.0
BUILDING,3750.00,49.69,420.00,13.55,10.00,10.65,0.0,-1.5708,0.0
BUILDING,3750.00,59.69,420.00,13.55,10.00,10.65,0.0,-1.5708,0.0
BUILDING,3750.00,69.69,420.00,13.55,10.00,10.65,0.0,-1.5708,0.0
BUILDING,3750.00,-21.63,1780.00,11.91,10.00,12.42,0.0,-1.5708,0.0
BUILDING,3750.00,-11.63,1780.00,11.91,10.00,12.42,0.0,-1.5708,0.0
BUILDING,3750.00,-1.63,1780.00,11.91,10.00,12.42,0.0,-1.5708,0.0
BUILDING,3750.00,8.37,1780.00,11.91,10.00,12.42,0.0,-1.5708,0.0
BUILDING,3750.00,-12.00,340.00,12.53,10.00,11.62,0.0,-1.5708,0.0
BUILDING,3750.00,-2.00,340.00,12.53,10.00,11.62,0.0,-1.5708,0.0
BUILDING,3750.00,8.00,340.00,12.53,10.00,11.62,0.0,-1.5708,0.0
BUILDING,3750.00,18.00,340.00,12.53,10.00,11.62,0.0,-1.5708,0.0
BUILDING,3750.00,28.00,340.00,12.53,10.00,11.62,0.0,-1.5708,0.0
BUILDING,3750.00,38.00,340.00,12.53,10.00,11.62,0.0,-1.5708,0.0
BUILDING,3750.00,48.00,340.00,12.53,10.00,11.62,0.0,-1.5708,0.0
BUILDING,3750.00,58.00,340.00,12.53,10.00,11.62,0.0,-1.5708,0.0
BUILDING,3750.00,68.00,340.00,12.53,10.00,11.62,0.0,-1.5708,0.0
BUILDING,3750.00,78.00,340.00,12.53,10.00,11.62,0.0,-1.5708,0.0
BUILDING,3750.00,88.00,340.00,12.53,10.00,11.62,0.0,-1.5708,0.0
BUILDING,3750.00,98.00,340.00,12.53,10.00,11.62,0.0,-1.5708,0.0
BUILDING,3750.00,-22.11,1940.00,13.59,10.00,10.59,0.0,-1.5708,0.0
BUILDING,3750.00,-12.11,1940.00,13.59,10.00,10.59,0.0,-1.5708,0.0
BUILDING,3750.00,-2.11,1940.00,13.59,10.00,10.59,0.0,-1.5708,0.0
BUILDING,3750.00,7.89,1940.00,13.59,10.00,10.59,0.0,-1.5708,0.0
BUILDING,3750.00,17.89,1940.00,13.59,10.00,10.59,0.0,-1.5708,0.0
BUILDING,3750.00,27.89,1940.00,13.59,10.00,10.59,0.0,-1.5708,0.0
BUILDING,3750.00,37.89,1940.00,13.59,10.00,10.59,0.0,-1.5708,0.0
BUILDING,3750.00,-21.95,2020.00,13.20,10.00,9.73,0.0,-1.5708,0.0
BUILDING,3750.00,-11.95,2020.00,13.20,10.00,9.73,0.0,-1.5708,0.0
BUILDING,3750.00,-1.95,2020.00,13.20,10.00,9.73,0.0,-1.5708,0.0
BUILDING,3750.00,8.05,2020.00,13.20,10.00,9.73,0.0,-1.5708,0.0
BUILDING,3750.00,18.05,2020.00,13.20,10.00,9.73,0.0,-1.5708,0.0
BUILDING,3830.00,-13.94,820.00,10.37,10.00,12.90,0.0,-1.5708,0.0
BUILDING,3830.00,-3.94,820.00,10.37,10.00,12.90,0.0,-1.5708,0.0
BUILDING,3830.00,6.06,820.00,10.37,10.00,12.90,0.0,-1.5708,0.0
BUILDING,3830.00,16.06,820.00,10.37,10.00,12.90,0.0,-1.5708,0.0
BUILDING,3830.00,26.06,820.00,10.37,10.00,12.90,0.0,-1.5708,0.0
BUILDING,3830.00,36.06,820.00,10.37,10.00,12.90,0.0,-1.5708,0.0
BUILDING,3830.00,46.06,820.00,10.37,10.00,12.90,0.0,-1.5708,0.0
BUILDING,3830.00,56.06,820.00,10.37,10.00,12.90,0.0,-1.5708,0.0
BUILDING,3830.00,66.06,820.00,10.37,10.00,12.90,0.0,-1.5708,0.0
BUILDING,3830.00,76.06,820.00,10.37,10.00,12.90,0.0,-1.5708,0.0
BUILDING,3830.00,86.06,820.00,10.37,10.00,12.90,0.0,-1.5708,0.0
BUILDING,3830.00,-18.25,1380.00,12.08,10.00,12.03,0.0,-1.5708,0.0
BUILDING,3830.00,-8.25,1380.00,12.08,10.00,12.03,0.0,-1.5708,0.0
BUILDING,3830.00,1.75,1380.00,12.08,10.00,12.03,0.0,-1.5708,0.0
BUILDING,3830.00,11.75,1380.00,12.08,10.00,12.03,0.0,-1.5708,0.0
BUILDING,3830.00,21.75,1380.00,12.08,10.00,12.03,0.0,-1.5708,0.0
BUILDING,3830.00,31.75,1380.00,12.08,10.00,12.03,0.0,-1.5708,0.0
BUILDING,3830.00,41.75,1380.00,12.08,10.00,12.03,0.0,-1.5708,0.0
BUILDING,3830.00,51.75,1380.00,12.08,10.00,12.03,0.0,-1.5708,0.0
BUILDING,3830.00,-12.16,740.00,12.44,10.00,10.80,0.0,-1.5708,0.0
BUILDING,3830.00,-2.16,740.00,12.44,10.00,10.80,0.0,-1.5708,0.0
BUILDING,3830.00,7.84,740.00,12.44,10.00,10.80,0.0,-1.5708,0.0
BUILDING,3830.00,17.84,740.00,12.44,10.00,10.80,0.0,-1.5708,0.0
BUILDING,3830.00,27.84,740.00,12.44,10.00,10.80,0.0,-1.5708,0.0
BUILDING,3830.00,37.84,740.00,12.44,10.00,10.80,0.0,-1.5708,0.0
BUILDING,3830.00,47.84,740.00,12.44,10.00,10.80,0.0,-1.5708,0.0
BUILDING,3830.00,57.84,740.00,12.44,10.00,10.80,0.0,-1.5708,0.0
BUILDING,3830.00,-19.49,1460.00,13.23,10.00,11.34,0.0,-1.5708,0.0
BUILDING,3830.00,-9.49,1460.00,13.23,10.00,11.34,0.0,-1.5708,0.0
BUILDING,3830.00,0.51,1460.00,13.23,10.00,11.34,0.0,-1.5708,0.0
BUILDING,3830.00,10.51,1460.00,13.23,10.00,11.34,0.0,-1.5708,0.0
BUILDING,3830.00,20.51,1460.00,13.23,10.00,11.34,0.0,-1.5708,0.0
BUILDING,3830.00,30.51,1460.00,13.23,10.00,11.34,0.0,-1.5708,0.0
BUILDING,3830.00,40.51,1460.00,13.23,10.00,11.34,0.0,-1.5708,0.0
BUILDING,3830.00,50.51,1460.00,13.23,10.00,11.34,0.0,-1.5708,0.0
BUILDING,3830.00,-10.00,660.00,11.46,10.00,9.69,0.0,-1.5708,0.0
BUILDING,3830.00,0.00,660.00,11.46,10.00,9.69,0.0,-1.5708,0.0
BUILDING,3830.00,10.00,660.00,11.46,10.00,9.69,0.0,-1.5708,0.0
BUILDING,3830.00,20.00,660.00,11.46,10.00,9.69,0.0,-1.5708,0.0
BUILDING,3830.00,30.00,660.00,11.46,10.00,9.69,0.0,-1.5708,0.0
BUILDING,3830.00,40.00,660.00,11.46,10.00,9.69,0.0,-1.5708,0.0
BUILDING,3830.00,50.00,660.00,11.46,10.00,9.69,0.0,-1.5708,0.0
BUILDING,3830.00,60.00,660.00,11.46,10.00,9.69,0.0,-1.5708,0.0
BUILDING,3830.00,70.00,660.00,11.46,10.00,9.69,0.0,-1.5708,0.0
BUILDING,3830.00,80.00,660.00,11.46,10.00,9.69,0.0,-1.5708,0.0
BUILDING,3830.00,90.00,660.00,11.46,10.00,9.69,0.0,-1.5708,0.0
BUILDING,3830.00,-20.16,1540.00,13.63,10.00,13.75,0.0,-1.5708,0.0
BUILDING,3830.00,-10.16,1540.00,13.63,10.00,13.75,0.0,-1.5708,0.0
BUILDING,3830.00,-0.16,1540.00,13.63,10.00,13.75,0.0,-1.5708,0.0
BUILDING,3830.00,-8.16,580.00,12.79,10.00,9.33,0.0,-1.5708,0.0
BUILDING,3830.00,1.84,580.00,12.79,10.00,9.33,0.0,-1.5708,0.0
BUILDING,3830.00,11.84,580.00,12.79,10.00,9.33,0.0,-1.5708,0.0
BUILDING,3830.00,21.84,580.00,12.79,10.00,9.33,0.0,-1.5708,0.0
BUILDING,3830.00,31.84,580.00,12.79,10.00,9.33,0.0,-1.5708,0.0
BUILDING,3830.00,41.84,580.00,12.79,10.00,9.33,0.0,-1.5708,0.0
BUILDING,3830.00,51.84,580.00,12.79,10.00,9.33,0.0,-1.5708,0.0
BUILDING,3830.00,61.84,580.00,12.79,10.00,9.33,0.0,-1.5708,0.0
BUILDING,3830.00,71.84,580.00,12.79,10.00,9.33,0.0,-1.5708,0.0
BUILDING,3830.00,-19.25,1700.00,13.33,10.00,13.44,0.0,-1.5708,0.0
BUILDING,3830.00,-9.25,1700.00,13.33,10.00,13.44,0.0,-1.5708,0.0
BUILDING,3830.00,0.75,1700.00,13.33,10.00,13.44,0.0,-1.5708,0.0
BUILDING,3830.00,10.75,1700.00,13.33,10.00,13.44,0.0,-1.5708,0.0
BUILDING,3830.00,20.75,1700.00,13.33,10.00,13.44,0.0,-1.5708,0.0
BUILDING,3830.00,30.75,1700.00,13.33,10.00,13.44,0.0,-1.5708,0.0
BUILDING,3830.00,-18.02,1780.00,12.60,10.00,10.97,0.0,-1.5708,0.0
BUILDING,3830.00,-8.02,1780.00,12.60,10.00,10.97,0.0,-1.5708,0.0
BUILDING,3830.00,1.98,1780.00,12.60,10.00,10.97,0.0,-1.5708,0.0
BUILDING,3830.00,11.98,1780.00,12.60,10.00,10.97,0.0,-1.5708,0.0
BUILDING,3830.00,21.98,1780.00,12.60,10.00,10.97,0.0,-1.5708,0.0
BUILDING,3830.00,31.98,1780.00,12.60,10.00,10.97,0.0,-1.5708,0.0
BUILDING,3830.00,41.98,1780.00,12.60,10.00,10.97,0.0,-1.5708,0.0
BUILDING,3830.00,-11.33,340.00,11.63,10.00,13.38,0.0,-1.5708,0.0
BUILDING,3830.00,-1.33,340.00,11.63,10.00,13.38,0.0,-1.5708,0.0
BUILDING,3830.00,8.67,340.00,11.63,10.00,13.38,0.0,-1.5708,0.0
BUILDING,3830.00,18.67,340.00,11.63,10.00,13.38,0.0,-1.5708,0.0
BUILDING,3830.00,28.67,340.00,11.63,10.00,13.38,0.0,-1.5708,0.0
BUILDING,3830.00,38.67,340.00,11.63,10.00,13.38,0.0,-1.5708,0.0
BUILDING,3830.00,48.67,340.00,11.63,10.00,13.38,0.0,-1.5708,0.0
BUILDING,3830.00,58.67,340.00,11.63,10.00,13.38,0.0,-1.5708,0.0
BUILDING,3830.00,68.67,340.00,11.63,10.00,13.38,0.0,-1.5708,0.0
BUILDING,3830.00,78.67,340.00,11.63,10.00,13.38,0.0,-1.5708,0.0
BUILDING,3830.00,88.67,340.00,11.63,10.00,13.38,0.0,-1.5708,0.0
BUILDING,3830.00,-16.73,1860.00,11.28,10.00,13.39,0.0,-1.5708,0.0
BUILDING,3830.00,-6.73,1860.00,11.28,10.00,13.39,0.0,-1.5708,0.0
BUILDING,3830.00,3.27,1860.00,11.28,10.00,13.39,0.0,-1.5708,0.0
BUILDING,3830.00,13.27,1860.00,11.28,10.00,13.39,0.0,-1.5708,0.0
BUILDING,3830.00,23.27,1860.00,11.28,10.00,13.39,0.0,-1.5708,0.0
BUILDING,3830.00,33.27,1860.00,11.28,10.00,13.39,0.0,-1.5708,0.0
BUILDING,3830.00,43.27,1860.00,11.28,10.00,13.39,0.0,-1.5708,0.0
BUILDING,3830.00,53.27,1860.00,11.28,10.00,13.39,0.0,-1.5708,0.0
BUILDING,3830.00,-15.71,260.00,10.98,10.00,12.68,0.0,-1.5708,0.0
BUILDING,3830.00,-5.71,260.00,10.98,10.00,12.68,0.0,-1.5708,0.0
BUILDING,3830.00,4.29,260.00,10.98,10.00,12.68,0.0,-1.5708,0.0
BUILDING,3830.00,14.29,260.00,10.98,10.00,12.68,0.0,-1.5708,0.0
BUILDING,3830.00,24.29,260.00,10.98,10.00,12.68,0.0,-1.5708,0.0
BUILDING,3830.00,34.29,260.00,10.98,10.00,12.68,0.0,-1.5708,0.0
BUILDING,3830.00,44.29,260.00,10.98,10.00,12.68,0.0,-1.5708,0.0
BUILDING,3830.00,54.29,260.00,10.98,10.00,12.68,0.0,-1.5708,0.0
BUILDING,3830.00,64.29,260.00,10.98,10.00,12.68,0.0,-1.5708,0.0
BUILDING,3830.00,-15.74,1940.00,13.81,10.00,9.95,0.0,-1.5708,0.0
BUILDING,3830.00,-5.74,1940.00,13.81,10.00,9.95,0.0,-1.5708,0.0
BUILDING,3830.00,4.26,1940.00,13.81,10.00,9.95,0.0,-1.5708,0.0
BUILDING,3830.00,14.26,1940.00,13.81,10.00,9.95,0.0,-1.5708,0.0
BUILDING,3830.00,24.26,1940.00,13.81,10.00,9.95,0.0,-1.5708,0.0
BUILDING,3830.00,34.26,1940.00,13.81,10.00,9.95,0.0,-1.5708,0.0
BUILDING,3830.00,44.26,1940.00,13.81,10.00,9.95,0.0,-1.5708,0.0
BUILDING,3830.00,54.26,1940.00,13.81,10.00,9.95,0.0,-1.5708,0.0
BUILDING,3830.00,64.26,1940.00,13.81,10.00,9.95,0.0,-1.5708,0.0
BUILDING,3830.00,74.26,1940.00,13.81,10.00,9.95,0.0,-1.5708,0.0
BUILDING,3910.00,-14.04,900.00,11.32,10.00,12.23,0.0,-1.5708,0.0
BUILDING,3910.00,-4.04,900.00,11.32,10.00,12.23,0.0,-1.5708,0.0
BUILDING,3910.00,-16.64,1300.00,12.89,10.00,13.69,0.0,-1.5708,0.0
BUILDING,3910.00,-12.37,820.00,10.62,10.00,9.12,0.0,-1.5708,0.0
BUILDING,3910.00,-2.37,820.00,10.62,10.00,9.12,0.0,-1.5708,0.0
BUILDING,3910.00,7.63,820.00,10.62,10.00,9.12,0.0,-1.5708,0.0
BUILDING,3910.00,17.63,820.00,10.62,10.00,9.12,0.0,-1.5708,0.0
BUILDING,3910.00,27.63,820.00,10.62,10.00,9.12,0.0,-1.5708,0.0
BUILDING,3910.00,37.63,820.00,10.62,10.00,9.12,0.0,-1.5708,0.0
BUILDING,3910.00,47.63,820.00,10.62,10.00,9.12,0.0,-1.5708,0.0
BUILDING,3910.00,57.63,820.00,10.62,10.00,9.12,0.0,-1.5708,0.0
BUILDING,3910.00,67.63,820.00,10.62,10.00,9.12,0.0,-1.5708,0.0
BUILDING,3910.00,77.63,820.00,10.62,10.00,9.12,0.0,-1.5708,0.0
BUILDING,3910.00,-7.81,660.00,12.46,10.00,13.54,0.0,-1.5708,0.0
BUILDING,3910.00,2.19,660.00,12.46,10.00,13.54,0.0,-1.5708,0.0
BUILDING,3910.00,12.19,660.00,12.46,10.00,13.54,0.0,-1.5708,0.0
BUILDING,3910.00,22.19,660.00,12.46,10.00,13.54,0.0,-1.5708,0.0
BUILDING,3910.00,32.19,660.00,12.46,10.00,13.54,0.0,-1.5708,0.0
BUILDING,3910.00,42.19,660.00,12.46,10.00,13.54,0.0,-1.5708,0.0
BUILDING,3910.00,52.19,660.00,12.46,10.00,13.54,0.0,-1.5708,0.0
BUILDING,3910.00,62.19,660.00,12.46,10.00,13.54,0.0,-1.5708,0.0
BUILDING,3910.00,72.19,660.00,12.46,10.00,13.54,0.0,-1.5708,0.0
BUILDING,3910.00,82.19,660.00,12.46,10.00,13.54,0.0,-1.5708,0.0
BUILDING,3910.00,-6.36,580.00,12.53,10.00,12.17,0.0,-1.5708,0.0
BUILDING,3910.00,3.64,580.00,12.53,10.00,12.17,0.0,-1.5708,0.0
BUILDING,3910.00,13.64,580.00,12.53,10.00,12.17,0.0,-1.5708,0.0
BUILDING,3910.00,23.64,580.00,12.53,10.00,12.17,0.0,-1.5708,0.0
BUILDING,3910.00,33.64,580.00,12.53,10.00,12.17,0.0,-1.5708,0.0
BUILDING,3910.00,43.64,580.00,12.53,10.00,12.17,0.0,-1.5708,0.0
BUILDING,3910.00,53.64,580.00,12.53,10.00,12.17,0.0,-1.5708,0.0
BUILDING,3910.00,63.64,580.00,12.53,10.00,12.17,0.0,-1.5708,0.0
BUILDING,3910.00,73.64,580.00,12.53,10.00,12.17,0.0,-1.5708,0.0
BUILDING,3910.00,-8.38,420.00,10.89,10.00,10.90,0.0,-1.5708,0.0
BUILDING,3910.00,1.62,420.00,10.89,10.00,10.90,0.0,-1.5708,0.0
BUILDING,3910.00,11.62,420.00,10.89,10.00,10.90,0.0,-1.5708,0.0
BUILDING,3910.00,21.62,420.00,10.89,10.00,10.90,0.0,-1.5708,0.0
BUILDING,3910.00,31.62,420.00,10.89,10.00,10.90,0.0,-1.5708,0.0
BUILDING,3910.00,41.62,420.00,10.89,10.00,10.90,0.0,-1.5708,0.0
BUILDING,3910.00,51.62,420.00,10.89,10.00,10.90,0.0,-1.5708,0.0
BUILDING,3910.00,61.62,420.00,10.89,10.00,10.90,0.0,-1.5708,0.0
BUILDING,3910.00,71.62,420.00,10.89,10.00,10.90,0.0,-1.5708,0.0
BUILDING,3910.00,-12.03,340.00,13.31,10.00,9.81,0.0,-1.5708,0.0
BUILDING,3910.00,-2.03,340.00,13.31,10.00,9.81,0.0,-1.5708,0.0
BUILDING,3910.00,7.97,340.00,13.31,10.00,9.81,0.0,-1.5708,0.0
BUILDING,3910.00,17.97,340.00,13.31,10.00,9.81,0.0,-1.5708,0.0
BUILDING,3910.00,27.97,340.00,13.31,10.00,9.81,0.0,-1.5708,0.0
BUILDING,3910.00,37.97,340.00,13.31,10.00,9.81,0.0,-1.5708,0.0
BUILDING,3910.00,47.97,340.00,13.31,10.00,9.81,0.0,-1.5708,0.0
BUILDING,3910.00,57.97,340.00,13.31,10.00,9.81,0.0,-1.5708,0.0
BUILDING,3910.00,67.97,340.00,13.31,10.00,9.81,0.0,-1.5708,0.0
BUILDING,3910.00,77.97,340.00,13.31,10.00,9.81,0.0,-1.5708,0.0
BUILDING,3910.00,87.97,340.00,13.31,10.00,9.81,0.0,-1.5708,0.0
BUILDING,3910.00,97.97,340.00,13.31,10.00,9.81,0.0,-1.5708,0.0
BUILDING,3910.00,-16.66,260.00,10.55,10.00,12.84,0.0,-1.5708,0.0
BUILDING,3910.00,-6.66,260.00,10.55,10.00,12.84,0.0,-1.5708,0.0
BUILDING,3910.00,3.34,260.00,10.55,10.00,12.84,0.0,-1.5708,0.0
BUILDING,3910.00,13.34,260.00,10.55,10.00,12.84,0.0,-1.5708,0.0
BUILDING,3910.00,23.34,260.00,10.55,10.00,12.84,0.0,-1.5708,0.0
BUILDING,3910.00,33.34,260.00,10.55,10.00,12.84,0.0,-1.5708,0.0
BUILDING,3910.00,43.34,260.00,10.55,10.00,12.84,0.0,-1.5708,0.0
BUILDING,3910.00,-10.98,1940.00,13.49,10.00,13.80,0.0,-1.5708,0.0
BUILDING,3910.00,-0.98,1940.00,13.49,10.00,13.80,0.0,-1.5708,0.0
BUILDING,3910.00,9.02,1940.00,13.49,10.00,13.80,0.0,-1.5708,0.0
BUILDING,3910.00,19.02,1940.00,13.49,10.00,13.80,0.0,-1.5708,0.0
BUILDING,3910.00,29.02,1940.00,13.49,10.00,13.80,0.0,-1.5708,0.0
BUILDING,3910.00,39.02,1940.00,13.49,10.00,13.80,0.0,-1.5708,0.0
BUILDING,3910.00,49.02,1940.00,13.49,10.00,13.80,0.0,-1.5708,0.0
BUILDING,3910.00,-9.21,2020.00,13.28,10.00,11.72,0.0,-1.5708,0.0
BUILDING,3910.00,0.79,2020.00,13.28,10.00,11.72,0.0,-1.5708,0.0
BUILDING,3910.00,10.79,2020.00,13.28,10.00,11.72,0.0,-1.5708,0.0
BUILDING,3910.00,20.79,2020.00,13.28,10.00,11.72,0.0,-1.5708,0.0
BUILDING,3910.00,30.79,2020.00,13.28,10.00,11.72,0.0,-1.5708,0.0
BUILDING,3910.00,40.79,2020.00,13.28,10.00,11.72,0.0,-1.5708,0.0
BUILDING,3910.00,50.79,2020.00,13.28,10.00,11.72,0.0,-1.5708,0.0
BUILDING,3910.00,60.79,2020.00,13.28,10.00,11.72,0.0,-1.5708,0.0
BUILDING,3910.00,70.79,2020.00,13.28,10.00,11.72,0.0,-1.5708,0.0
BUILDING,3910.00,80.79,2020.00,13.28,10.00,11.72,0.0,-1.5708,0.0
BUILDING,3910.00,90.79,2020.00,13.28,10.00,11.72,0.0,-1.5708,0.0
BUILDING,3990.00,-13.25,900.00,12.01,10.00,9.03,0.0,-1.5708,0.0
BUILDING,3990.00,-16.13,1300.00,9.24,10.00,9.74,0.0,-1.5708,0.0
BUILDING,3990.00,-11.20,820.00,12.33,10.00,13.19,0.0,-1.5708,0.0
BUILDING,3990.00,-1.20,820.00,12.33,10.00,13.19,0.0,-1.5708,0.0
BUILDING,3990.00,8.80,820.00,12.33,10.00,13.19,0.0,-1.5708,0.0
BUILDING,3990.00,18.80,820.00,12.33,10.00,13.19,0.0,-1.5708,0.0
BUILDING,3990.00,28.80,820.00,12.33,10.00,13.19,0.0,-1.5708,0.0
BUILDING,3990.00,38.80,820.00,12.33,10.00,13.19,0.0,-1.5708,0.0
BUILDING,3990.00,48.80,820.00,12.33,10.00,13.19,0.0,-1.5708,0.0
BUILDING,3990.00,-8.85,740.00,13.97,10.00,9.81,0.0,-1.5708,0.0
BUILDING,3990.00,1.15,740.00,13.97,10.00,9.81,0.0,-1.5708,0.0
BUILDING,3990.00,11.15,740.00,13.97,10.00,9.81,0.0,-1.5708,0.0
BUILDING,3990.00,21.15,740.00,13.97,10.00,9.81,0.0,-1.5708,0.0
BUILDING,3990.00,31.15,740.00,13.97,10.00,9.81,0.0,-1.5708,0.0
BUILDING,3990.00,41.15,740.00,13.97,10.00,9.81,0.0,-1.5708,0.0
BUILDING,3990.00,51.15,740.00,13.97,10.00,9.81,0.0,-1.5708,0.0
BUILDING,3990.00,61.15,740.00,13.97,10.00,9.81,0.0,-1.5708,0.0
BUILDING,3990.00,71.15,740.00,13.97,10.00,9.81,0.0,-1.5708,0.0
BUILDING,3990.00,81.15,740.00,13.97,10.00,9.81,0.0,-1.5708,0.0
BUILDING,3990.00,91.15,740.00,13.97,10.00,9.81,0.0,-1.5708,0.0
BUILDING,3990.00,-19.42,1460.00,11.97,10.00,12.94,0.0,-1.5708,0.0
BUILDING,3990.00,-9.42,1460.00,11.97,10.00,12.94,0.0,-1.5708,0.0
BUILDING,3990.00,0.58,1460.00,11.97,10.00,12.94,0.0,-1.5708,0.0
BUILDING,3990.00,10.58,1460.00,11.97,10.00,12.94,0.0,-1.5708,0.0
BUILDING,3990.00,20.58,1460.00,11.97,10.00,12.94,0.0,-1.5708,0.0
BUILDING,3990.00,30.58,1460.00,11.97,10.00,12.94,0.0,-1.5708,0.0
BUILDING,3990.00,40.58,1460.00,11.97,10.00,12.94,0.0,-1.5708,0.0
BUILDING,3990.00,50.58,1460.00,11.97,10.00,12.94,0.0,-1.5708,0.0
BUILDING,3990.00,60.58,1460.00,11.97,10.00,12.94,0.0,-1.5708,0.0
BUILDING,3990.00,-6.90,660.00,10.80,10.00,9.18,0.0,-1.5708,0.0
BUILDING,3990.00,3.10,660.00,10.80,10.00,9.18,0.0,-1.5708,0.0
BUILDING,3990.00,13.10,660.00,10.80,10.00,9.18,0.0,-1.5708,0.0
BUILDING,3990.00,23.10,660.00,10.80,10.00,9.18,0.0,-1.5708,0.0
BUILDING,3990.00,33.10,660.00,10.80,10.00,9.18,0.0,-1.5708,0.0
BUILDING,3990.00,43.10,660.00,10.80,10.00,9.18,0.0,-1.5708,0.0
BUILDING,3990.00,53.10,660.00,10.80,10.00,9.18,0.0,-1.5708,0.0
BUILDING,3990.00,63.10,660.00,10.80,10.00,9.18,0.0,-1.5708,0.0
BUILDING,3990.00,73.10,660.00,10.80,10.00,9.18,0.0,-1.5708,0.0
BUILDING,3990.00,83.10,660.00,10.80,10.00,9.18,0.0,-1.5708,0.0
BUILDING,3990.00,93.10,660.00,10.80,10.00,9.18,0.0,-1.5708,0.0
BUILDING,3990.00,103.10,660.00,10.80,10.00,9.18,0.0,-1.5708,0.0
BUILDING,3990.00,-20.75,1540.00,13.10,10.00,12.79,0.0,-1.5708,0.0
BUILDING,3990.00,-10.75,1540.00,13.10,10.00,12.79,0.0,-1.5708,0.0
BUILDING,3990.00,-0.75,1540.00,13.10,10.00,12.79,0.0,-1.5708,0.0
BUILDING,3990.00,9.25,1540.00,13.10,10.00,12.79,0.0,-1.5708,0.0
BUILDING,3990.00,19.25,1540.00,13.10,10.00,12.79,0.0,-1.5708,0.0
BUILDING,3990.00,29.25,1540.00,13.10,10.00,12.79,0.0,-1.5708,0.0
BUILDING,3990.00,-6.07,580.00,9.67,10.00,12.47,0.0,-1.5708,0.0
BUILDING,3990.00,3.93,580.00,9.67,10.00,12.47,0.0,-1.5708,0.0
BUILDING,3990.00,13.93,580.00,9.67,10.00,12.47,0.0,-1.5708,0.0
BUILDING,3990.00,23.93,580.00,9.67,10.00,12.47,0.0,-1.5708,0.0
BUILDING,3990.00,33.93,580.00,9.67,10.00,12.47,0.0,-1.5708,0.0
BUILDING,3990.00,43.93,580.00,9.67,10.00,12.47,0.0,-1.5708,0.0
BUILDING,3990.00,53.93,580.00,9.67,10.00,12.47,0.0,-1.5708,0.0
BUILDING,3990.00,63.93,580.00,9.67,10.00,12.47,0.0,-1.5708,0.0
BUILDING,3990.00,73.93,580.00,9.67,10.00,12.47,0.0,-1.5708,0.0
BUILDING,3990.00,83.93,580.00,9.67,10.00,12.47,0.0,-1.5708,0.0
BUILDING,3990.00,93.93,580.00,9.67,10.00,12.47,0.0,-1.5708,0.0
BUILDING,3990.00,103.93,580.00,9.67,10.00,12.47,0.0,-1.5708,0.0
BUILDING,3990.00,-20.96,1620.00,10.05,10.00,10.05,0.0,-1.5708,0.0
BUILDING,3990.00,-10.96,1620.00,10.05,10.00,10.05,0.0,-1.5708,0.0
BUILDING,3990.00,-0.96,1620.00,10.05,10.00,10.05,0.0,-1.5708,0.0
BUILDING,3990.00,9.04,1620.00,10.05,10.00,10.05,0.0,-1.5708,0.0
BUILDING,3990.00,19.04,1620.00,10.05,10.00,10.05,0.0,-1.5708,0.0
BUILDING,3990.00,29.04,1620.00,10.05,10.00,10.05,0.0,-1.5708,0.0
BUILDING,3990.00,39.04,1620.00,10.05,10.00,10.05,0.0,-1.5708,0.0
BUILDING,3990.00,-6.82,500.00,11.64,10.00,9.44,0.0,-1.5708,0.0
BUILDING,3990.00,3.18,500.00,11.64,10.00,9.44,0.0,-1.5708,0.0
BUILDING,3990.00,13.18,500.00,11.64,10.00,9.44,0.0,-1.5708,0.0
BUILDING,3990.00,23.18,500.00,11.64,10.00,9.44,0.0,-1.5708,0.0
BUILDING,3990.00,33.18,500.00,11.64,10.00,9.44,0.0,-1.5708,0.0
BUILDING,3990.00,43.18,500.00,11.64,10.00,9.44,0.0,-1.5708,0.0
BUILDING,3990.00,53.18,500.00,11.64,10.00,9.44,0.0,-1.5708,0.0
BUILDING,3990.00,63.18,500.00,11.64,10.00,9.44,0.0,-1.5708,0.0
BUILDING,3990.00,73.18,500.00,11.64,10.00,9.44,0.0,-1.5708,0.0
BUILDING,3990.00,83.18,500.00,11.64,10.00,9.44,0.0,-1.5708,0.0
BUILDING,3990.00,93.18,500.00,11.64,10.00,9.44,0.0,-1.5708,0.0
BUILDING,3990.00,103.18,500.00,11.64,10.00,9.44,0.0,-1.5708,0.0
BUILDING,3990.00,-19.62,1700.00,10.44,10.00,12.04,0.0,-1.5708,0.0
BUILDING,3990.00,-9.62,1700.00,10.44,10.00,12.04,0.0,-1.5708,0.0
BUILDING,3990.00,0.38,1700.00,10.44,10.00,12.04,0.0,-1.5708,0.0
BUILDING,3990.00,10.38,1700.00,10.44,10.00,12.04,0.0,-1.5708,0.0
BUILDING,3990.00,20.38,1700.00,10.44,10.00,12.04,0.0,-1.5708,0.0
BUILDING,3990.00,30.38,1700.00,10.44,10.00,12.04,0.0,-1.5708,0.0
BUILDING,3990.00,40.38,1700.00,10.44,10.00,12.04,0.0,-1.5708,0.0
BUILDING,3990.00,50.38,1700.00,10.44,10.00,12.04,0.0,-1.5708,0.0
BUILDING,3990.00,60.38,1700.00,10.44,10.00,12.04,0.0,-1.5708,0.0
BUILDING,3990.00,-9.19,420.00,10.77,10.00,9.65,0.0,-1.5708,0.0
BUILDING,3990.00,0.81,420.00,10.77,10.00,9.65,0.0,-1.5708,0.0
BUILDING,3990.00,10.81,420.00,10.77,10.00,9.65,0.0,-1.5708,0.0
BUILDING,3990.00,20.81,420.00,10.77,10.00,9.65,0.0,-1.5708,0.0
BUILDING,3990.00,30.81,420.00,10.77,10.00,9.65,0.0,-1.5708,0.0
BUILDING,3990.00,40.81,420.00,10.77,10.00,9.65,0.0,-1.5708,0.0
BUILDING,3990.00,50.81,420.00,10.77,10.00,9.65,0.0,-1.5708,0.0
BUILDING,3990.00,60.81,420.00,10.77,10.00,9.65,0.0,-1.5708,0.0
BUILDING,3990.00,70.81,420.00,10.77,10.00,9.65,0.0,-1.5708,0.0
BUILDING,3990.00,80.81,420.00,10.77,10.00,9.65,0.0,-1.5708,0.0
BUILDING,3990.00,90.81,420.00,10.77,10.00,9.65,0.0,-1.5708,0.0
BUILDING,3990.00,100.81,420.00,10.77,10.00,9.65,0.0,-1.5708,0.0
BUILDING,3990.00,-16.75,1780.00,11.49,10.00,13.04,0.0,-1.5708,0.0
BUILDING,3990.00,-6.75,1780.00,11.49,10.00,13.04,0.0,-1.5708,0.0
BUILDING,3990.00,3.25,1780.00,11.49,10.00,13.04,0.0,-1.5708,0.0
BUILDING,3990.00,13.25,1780.00,11.49,10.00,13.04,0.0,-1.5708,0.0
BUILDING,3990.00,23.25,1780.00,11.49,10.00,13.04,0.0,-1.5708,0.0
BUILDING,3990.00,33.25,1780.00,11.49,10.00,13.04,0.0,-1.5708,0.0
BUILDING,3990.00,43.25,1780.00,11.49,10.00,13.04,0.0,-1.5708,0.0
BUILDING,3990.00,53.25,1780.00,11.49,10.00,13.04,0.0,-1.5708,0.0
BUILDING,3990.00,63.25,1780.00,11.49,10.00,13.04,0.0,-1.5708,0.0
BUILDING,3990.00,73.25,1780.00,11.49,10.00,13.04,0.0,-1.5708,0.0
BUILDING,3990.00,-12.72,340.00,13.90,10.00,9.01,0.0,-1.5708,0.0
BUILDING,3990.00,-2.72,340.00,13.90,10.00,9.01,0.0,-1.5708,0.0
BUILDING,3990.00,7.28,340.00,13.90,10.00,9.01,0.0,-1.5708,0.0
BUILDING,3990.00,17.28,340.00,13.90,10.00,9.01,0.0,-1.5708,0.0
BUILDING,3990.00,27.28,340.00,13.90,10.00,9.01,0.0,-1.5708,0.0
BUILDING,3990.00,37.28,340.00,13.90,10.00,9.01,0.0,-1.5708,0.0
BUILDING,3990.00,47.28,340.00,13.90,10.00,9.01,0.0,-1.5708,0.0
BUILDING,3990.00,57.28,340.00,13.90,10.00,9.01,0.0,-1.5708,0.0
BUILDING,3990.00,-12.83,1860.00,12.69,10.00,10.04,0.0,-1.5708,0.0
BUILDING,3990.00,-2.83,1860.00,12.69,10.00,10.04,0.0,-1.5708,0.0
BUILDING,3990.00,7.17,1860.00,12.69,10.00,10.04,0.0,-1.5708,0.0
BUILDING,3990.00,17.17,1860.00,12.69,10.00,10.04,0.0,-1.5708,0.0
BUILDING,3990.00,27.17,1860.00,12.69,10.00,10.04,0.0,-1.5708,0.0
BUILDING,3990.00,37.17,1860.00,12.69,10.00,10.04,0.0,-1.5708,0.0
BUILDING,3990.00,-16.60,260.00,10.67,10.00,11.80,0.0,-1.5708,0.0
BUILDING,3990.00,-6.60,260.00,10.67,10.00,11.80,0.0,-1.5708,0.0
BUILDING,3990.00,3.40,260.00,10.67,10.00,11.80,0.0,-1.5708,0.0
BUILDING,3990.00,13.40,260.00,10.67,10.00,11.80,0.0,-1.5708,0.0
BUILDING,3990.00,23.40,260.00,10.67,10.00,11.80,0.0,-1.5708,0.0
BUILDING,3990.00,-8.72,1940.00,12.45,10.00,10.27,0.0,-1.5708,0.0
BUILDING,3990.00,1.28,1940.00,12.45,10.00,10.27,0.0,-1.5708,0.0
BUILDING,3990.00,11.28,1940.00,12.45,10.00,10.27,0.0,-1.5708,0.0
BUILDING,3990.00,21.28,1940.00,12.45,10.00,10.27,0.0,-1.5708,0.0
BUILDING,3990.00,31.28,1940.00,12.45,10.00,10.27,0.0,-1.5708,0.0
BUILDING,3990.00,41.28,1940.00,12.45,10.00,10.27,0.0,-1.5708,0.0
BUILDING,3990.00,51.28,1940.00,12.45,10.00,10.27,0.0,-1.5708,0.0
BUILDING,3990.00,61.28,1940.00,12.45,10.00,10.27,0.0,-1.5708,0.0
BUILDING,3990.00,71.28,1940.00,12.45,10.00,10.27,0.0,-1.5708,0.0
BUILDING,3990.00,-19.89,180.00,10.62,10.00,9.03,0.0,-1.5708,0.0
BUILDING,3990.00,-9.89,180.00,10.62,10.00,9.03,0.0,-1.5708,0.0
BUILDING,3990.00,0.11,180.00,10.62,10.00,9.03,0.0,-1.5708,0.0
BUILDING,3990.00,10.11,180.00,10.62,10.00,9.03,0.0,-1.5708,0.0
BUILDING,3990.00,20.11,180.00,10.62,10.00,9.03,0.0,-1.5708,0.0
BUILDING,3990.00,30.11,180.00,10.62,10.00,9.03,0.0,-1.5708,0.0
BUILDING,3990.00,40.11,180.00,10.62,10.00,9.03,0.0,-1.5708,0.0
BUILDING,3990.00,50.11,180.00,10.62,10.00,9.03,0.0,-1.5708,0.0
BUILDING,3990.00,-5.38,2020.00,11.84,10.00,13.80,0.0,-1.5708,0.0
BUILDING,3990.00,4.62,2020.00,11.84,10.00,13.80,0.0,-1.5708,0.0
BUILDING,3990.00,14.62,2020.00,11.84,10.00,13.80,0.0,-1.5708,0.0
BUILDING,3990.00,24.62,2020.00,11.84,10.00,13.80,0.0,-1.5708,0.0
BUILDING,3990.00,34.62,2020.00,11.84,10.00,13.80,0.0,-1.5708,0.0
BUILDING,3990.00,44.62,2020.00,11.84,10.00,13.80,0.0,-1.5708,0.0
BUILDING,3990.00,54.62,2020.00,11.84,10.00,13.80,0.0,-1.5708,0.0
BUILDING,3990.00,64.62,2020.00,11.84,10.00,13.80,0.0,-1.5708,0.0
BUILDING,3990.00,74.62,2020.00,11.84,10.00,13.80,0.0,-1.5708,0.0
BUILDING,3990.00,84.62,2020.00,11.84,10.00,13.80,0.0,-1.5708,0.0
BUILDING,3990.00,94.62,2020.00,11.84,10.00,13.80,0.0,-1.5708,0.0
BUILDING,3990.00,104.62,2020.00,11.84,10.00,13.80,0.0,-1.5708,0.0
BUILDING,4070.00,-12.75,900.00,12.23,10.00,11.41,0.0,-1.5708,0.0
BUILDING,4070.00,-10.67,820.00,11.31,10.00,13.07,0.0,-1.5708,0.0
BUILDING,4070.00,-0.67,820.00,11.31,10.00,13.07,0.0,-1.5708,0.0
BUILDING,4070.00,9.33,820.00,11.31,10.00,13.07,0.0,-1.5708,0.0
BUILDING,4070.00,19.33,820.00,11.31,10.00,13.07,0.0,-1.5708,0.0
BUILDING,4070.00,29.33,820.00,11.31,10.00,13.07,0.0,-1.5708,0.0
BUILDING,4070.00,39.33,820.00,11.31,10.00,13.07,0.0,-1.5708,0.0
BUILDING,4070.00,49.33,820.00,11.31,10.00,13.07,0.0,-1.5708,0.0
BUILDING,4070.00,59.33,820.00,11.31,10.00,13.07,0.0,-1.5708,0.0
BUILDING,4070.00,69.33,820.00,11.31,10.00,13.07,0.0,-1.5708,0.0
BUILDING,4070.00,-16.51,1380.00,10.50,10.00,12.62,0.0,-1.5708,0.0
BUILDING,4070.00,-6.51,1380.00,10.50,10.00,12.62,0.0,-1.5708,0.0
BUILDING,4070.00,3.49,1380.00,10.50,10.00,12.62,0.0,-1.5708,0.0
BUILDING,4070.00,13.49,1380.00,10.50,10.00,12.62,0.0,-1.5708,0.0
BUILDING,4070.00,23.49,1380.00,10.50,10.00,12.62,0.0,-1.5708,0.0
BUILDING,4070.00,33.49,1380.00,10.50,10.00,12.62,0.0,-1.5708,0.0
BUILDING,4070.00,43.49,1380.00,10.50,10.00,12.62,0.0,-1.5708,0.0
BUILDING,4070.00,53.49,1380.00,10.50,10.00,12.62,0.0,-1.5708,0.0
BUILDING,4070.00,63.49,1380.00,10.50,10.00,12.62,0.0,-1.5708,0.0
BUILDING,4070.00,-8.56,740.00,11.89,10.00,10.66,0.0,-1.5708,0.0
BUILDING,4070.00,1.44,740.00,11.89,10.00,10.66,0.0,-1.5708,0.0
BUILDING,4070.00,11.44,740.00,11.89,10.00,10.66,0.0,-1.5708,0.0
BUILDING,4070.00,21.44,740.00,11.89,10.00,10.66,0.0,-1.5708,0.0
BUILDING,4070.00,31.44,740.00,11.89,10.00,10.66,0.0,-1.5708,0.0
BUILDING,4070.00,41.44,740.00,11.89,10.00,10.66,0.0,-1.5708,0.0
BUILDING,4070.00,51.44,740.00,11.89,10.00,10.66,0.0,-1.5708,0.0
BUILDING,4070.00,61.44,740.00,11.89,10.00,10.66,0.0,-1.5708,0.0
BUILDING,4070.00,71.44,740.00,11.89,10.00,10.66,0.0,-1.5708,0.0
BUILDING,4070.00,-7.07,660.00,10.40,10.00,9.16,0.0,-1.5708,0.0
BUILDING,4070.00,2.93,660.00,10.40,10.00,9.16,0.0,-1.5708,0.0
BUILDING,4070.00,12.93,660.00,10.40,10.00,9.16,0.0,-1.5708,0.0
BUILDING,4070.00,22.93,660.00,10.40,10.00,9.16,0.0,-1.5708,0.0
BUILDING,4070.00,32.93,660.00,10.40,10.00,9.16,0.0,-1.5708,0.0
BUILDING,4070.00,42.93,660.00,10.40,10.00,9.16,0.0,-1.5708,0.0
BUILDING,4070.00,52.93,660.00,10.40,10.00,9.16,0.0,-1.5708,0.0
BUILDING,4070.00,62.93,660.00,10.40,10.00,9.16,0.0,-1.5708,0.0
BUILDING,4070.00,72.93,660.00,10.40,10.00,9.16,0.0,-1.5708,0.0
BUILDING,4070.00,82.93,660.00,10.40,10.00,9.16,0.0,-1.5708,0.0
BUILDING,4070.00,-19.86,1540.00,11.85,10.00,10.95,0.0,-1.5708,0.0
BUILDING,4070.00,-9.86,1540.00,11.85,10.00,10.95,0.0,-1.5708,0.0
BUILDING,4070.00,0.14,1540.00,11.85,10.00,10.95,0.0,-1.5708,0.0
BUILDING,4070.00,10.14,1540.00,11.85,10.00,10.95,0.0,-1.5708,0.0
BUILDING,4070.00,20.14,1540.00,11.85,10.00,10.95,0.0,-1.5708,0.0
BUILDING,4070.00,-20.07,1700.00,10.36,10.00,9.43,0.0,-1.5708,0.0
BUILDING,4070.00,-10.07,1700.00,10.36,10.00,9.43,0.0,-1.5708,0.0
BUILDING,4070.00,-0.07,1700.00,10.36,10.00,9.43,0.0,-1.5708,0.0
BUILDING,4070.00,-9.49,420.00,10.08,10.00,10.51,0.0,-1.5708,0.0
BUILDING,4070.00,0.51,420.00,10.08,10.00,10.51,0.0,-1.5708,0.0
BUILDING,4070.00,10.51,420.00,10.08,10.00,10.51,0.0,-1.5708,0.0
BUILDING,4070.00,20.51,420.00,10.08,10.00,10.51,0.0,-1.5708,0.0
BUILDING,4070.00,30.51,420.00,10.08,10.00,10.51,0.0,-1.5708,0.0
BUILDING,4070.00,40.51,420.00,10.08,10.00,10.51,0.0,-1.5708,0.0
BUILDING,4070.00,50.51,420.00,10.08,10.00,10.51,0.0,-1.5708,0.0
BUILDING,4070.00,60.51,420.00,10.08,10.00,10.51,0.0,-1.5708,0.0
BUILDING,4070.00,70.51,420.00,10.08,10.00,10.51,0.0,-1.5708,0.0
BUILDING,4070.00,80.51,420.00,10.08,10.00,10.51,0.0,-1.5708,0.0
BUILDING,4070.00,-14.39,260.00,13.00,10.00,13.52,0.0,-1.5708,0.0
BUILDING,4070.00,-4.39,260.00,13.00,10.00,13.52,0.0,-1.5708,0.0
BUILDING,4070.00,5.61,260.00,13.00,10.00,13.52,0.0,-1.5708,0.0
BUILDING,4070.00,15.61,260.00,13.00,10.00,13.52,0.0,-1.5708,0.0
BUILDING,4070.00,25.61,260.00,13.00,10.00,13.52,0.0,-1.5708,0.0
BUILDING,4070.00,35.61,260.00,13.00,10.00,13.52,0.0,-1.5708,0.0
BUILDING,4070.00,-8.78,1940.00,12.66,10.00,11.62,0.0,-1.5708,0.0
BUILDING,4070.00,1.22,1940.00,12.66,10.00,11.62,0.0,-1.5708,0.0
BUILDING,4070.00,11.22,1940.00,12.66,10.00,11.62,0.0,-1.5708,0.0
BUILDING,4070.00,21.22,1940.00,12.66,10.00,11.62,0.0,-1.5708,0.0
BUILDING,4070.00,31.22,1940.00,12.66,10.00,11.62,0.0,-1.5708,0.0
BUILDING,4070.00,41.22,1940.00,12.66,10.00,11.62,0.0,-1.5708,0.0
BUILDING,4070.00,51.22,1940.00,12.66,10.00,11.62,0.0,-1.5708,0.0
BUILDING,4070.00,61.22,1940.00,12.66,10.00,11.62,0.0,-1.5708,0.0
BUILDING,4070.00,71.22,1940.00,12.66,10.00,11.62,0.0,-1.5708,0.0
BUILDING,4070.00,81.22,1940.00,12.66,10.00,11.62,0.0,-1.5708,0.0
BUILDING,4070.00,91.22,1940.00,12.66,10.00,11.62,0.0,-1.5708,0.0
BUILDING,4070.00,-16.11,180.00,13.11,10.00,13.69,0.0,-1.5708,0.0
BUILDING,4070.00,-6.11,180.00,13.11,10.00,13.69,0.0,-1.5708,0.0
BUILDING,4070.00,3.89,180.00,13.11,10.00,13.69,0.0,-1.5708,0.0
BUILDING,4070.00,13.89,180.00,13.11,10.00,13.69,0.0,-1.5708,0.0
BUILDING,4070.00,23.89,180.00,13.11,10.00,13.69,0.0,-1.5708,0.0
BUILDING,4070.00,-4.19,2020.00,9.18,10.00,10.94,0.0,-1.5708,0.0
BUILDING,4070.00,5.81,2020.00,9.18,10.00,10.94,0.0,-1.5708,0.0
BUILDING,4070.00,15.81,2020.00,9.18,10.00,10.94,0.0,-1.5708,0.0
BUILDING,4070.00,25.81,2020.00,9.18,10.00,10.94,0.0,-1.5708,0.0
BUILDING,4070.00,35.81,2020.00,9.18,10.00,10.94,0.0,-1.5708,0.0
BUILDING,4070.00,45.81,2020.00,9.18,10.00,10.94,0.0,-1.5708,0.0
BUILDING,4070.00,55.81,2020.00,9.18,10.00,10.94,0.0,-1.5708,0.0
BUILDING,4070.00,65.81,2020.00,9.18,10.00,10.94,0.0,-1.5708,0.0
BUILDING,4070.00,75.81,2020.00,9.18,10.00,10.94,0.0,-1.5708,0.0
BUILDING,4070.00,85.81,2020.00,9.18,10.00,10.94,0.0,-1.5708,0.0
BUILDING,4070.00,95.81,2020.00,9.18,10.00,10.94,0.0,-1.5708,0.0
BUILDING,4070.00,105.81,2020.00,9.18,10.00,10.94,0.0,-1.5708,0.0
BUILDING,4150.00,-14.91,1060.00,13.66,10.00,12.44,0.0,-1.5708,0.0
BUILDING,4150.00,-4.91,1060.00,13.66,10.00,12.44,0.0,-1.5708,0.0
BUILDING,4150.00,5.09,1060.00,13.66,10.00,12.44,0.0,-1.5708,0.0
BUILDING,4150.00,-14.93,1140.00,13.45,10.00,9.52,0.0,-1.5708,0.0
BUILDING,4150.00,-4.93,1140.00,13.45,10.00,9.52,0.0,-1.5708,0.0
BUILDING,4150.00,5.07,1140.00,13.45,10.00,9.52,0.0,-1.5708,0.0
BUILDING,4150.00,15.07,1140.00,13.45,10.00,9.52,0.0,-1.5708,0.0
BUILDING,4150.00,-14.58,1220.00,12.19,10.00,10.05,0.0,-1.5708,0.0
BUILDING,4150.00,-4.58,1220.00,12.19,10.00,10.05,0.0,-1.5708,0.0
BUILDING,4150.00,5.42,1220.00,12.19,10.00,10.05,0.0,-1.5708,0.0
BUILDING,4150.00,-12.61,900.00,12.86,10.00,12.36,0.0,-1.5708,0.0
BUILDING,4150.00,-2.61,900.00,12.86,10.00,12.36,0.0,-1.5708,0.0
BUILDING,4150.00,7.39,900.00,12.86,10.00,12.36,0.0,-1.5708,0.0
BUILDING,4150.00,-14.47,1300.00,9.08,10.00,12.11,0.0,-1.5708,0.0
BUILDING,4150.00,-10.72,820.00,11.75,10.00,10.36,0.0,-1.5708,0.0
BUILDING,4150.00,-0.72,820.00,11.75,10.00,10.36,0.0,-1.5708,0.0
BUILDING,4150.00,9.28,820.00,11.75,10.00,10.36,0.0,-1.5708,0.0
BUILDING,4150.00,19.28,820.00,11.75,10.00,10.36,0.0,-1.5708,0.0
BUILDING,4150.00,29.28,820.00,11.75,10.00,10.36,0.0,-1.5708,0.0
BUILDING,4150.00,39.28,820.00,11.75,10.00,10.36,0.0,-1.5708,0.0
BUILDING,4150.00,49.28,820.00,11.75,10.00,10.36,0.0,-1.5708,0.0
BUILDING,4150.00,59.28,820.00,11.75,10.00,10.36,0.0,-1.5708,0.0
BUILDING,4150.00,69.28,820.00,11.75,10.00,10.36,0.0,-1.5708,0.0
BUILDING,4150.00,-8.94,740.00,9.36,10.00,12.07,0.0,-1.5708,0.0
BUILDING,4150.00,1.06,740.00,9.36,10.00,12.07,0.0,-1.5708,0.0
BUILDING,4150.00,11.06,740.00,9.36,10.00,12.07,0.0,-1.5708,0.0
BUILDING,4150.00,21.06,740.00,9.36,10.00,12.07,0.0,-1.5708,0.0
BUILDING,4150.00,31.06,740.00,9.36,10.00,12.07,0.0,-1.5708,0.0
BUILDING,4150.00,41.06,740.00,9.36,10.00,12.07,0.0,-1.5708,0.0
BUILDING,4150.00,51.06,740.00,9.36,10.00,12.07,0.0,-1.5708,0.0
BUILDING,4150.00,61.06,740.00,9.36,10.00,12.07,0.0,-1.5708,0.0
BUILDING,4150.00,71.06,740.00,9.36,10.00,12.07,0.0,-1.5708,0.0
BUILDING,4150.00,-16.23,1460.00,9.14,10.00,13.52,0.0,-1.5708,0.0
BUILDING,4150.00,-6.23,1460.00,9.14,10.00,13.52,0.0,-1.5708,0.0
BUILDING,4150.00,3.77,1460.00,9.14,10.00,13.52,0.0,-1.5708,0.0
BUILDING,4150.00,13.77,1460.00,9.14,10.00,13.52,0.0,-1.5708,0.0
BUILDING,4150.00,23.77,1460.00,9.14,10.00,13.52,0.0,-1.5708,0.0
BUILDING,4150.00,33.77,1460.00,9.14,10.00,13.52,0.0,-1.5708,0.0
BUILDING,4150.00,-7.68,660.00,11.13,10.00,9.89,0.0,-1.5708,0.0
BUILDING,4150.00,2.32,660.00,11.13,10.00,9.89,0.0,-1.5708,0.0
BUILDING,4150.00,12.32,660.00,11.13,10.00,9.89,0.0,-1.5708,0.0
BUILDING,4150.00,22.32,660.00,11.13,10.00,9.89,0.0,-1.5708,0.0
BUILDING,4150.00,32.32,660.00,11.13,10.00,9.89,0.0,-1.5708,0.0
BUILDING,4150.00,42.32,660.00,11.13,10.00,9.89,0.0,-1.5708,0.0
BUILDING,4150.00,52.32,660.00,11.13,10.00,9.89,0.0,-1.5708,0.0
BUILDING,4150.00,62.32,660.00,11.13,10.00,9.89,0.0,-1.5708,0.0
BUILDING,4150.00,-17.80,1540.00,12.50,10.00,12.08,0.0,-1.5708,0.0
BUILDING,4150.00,-7.80,1540.00,12.50,10.00,12.08,0.0,-1.5708,0.0
BUILDING,4150.00,2.20,1540.00,12.50,10.00,12.08,0.0,-1.5708,0.0
BUILDING,4150.00,12.20,1540.00,12.50,10.00,12.08,0.0,-1.5708,0.0
BUILDING,4150.00,22.20,1540.00,12.50,10.00,12.08,0.0,-1.5708,0.0
BUILDING,4150.00,32.20,1540.00,12.50,10.00,12.08,0.0,-1.5708,0.0
BUILDING,4150.00,42.20,1540.00,12.50,10.00,12.08,0.0,-1.5708,0.0
BUILDING,4150.00,52.20,1540.00,12.50,10.00,12.08,0.0,-1.5708,0.0
BUILDING,4150.00,62.20,1540.00,12.50,10.00,12.08,0.0,-1.5708,0.0
BUILDING,4150.00,-7.44,500.00,9.39,10.00,13.61,0.0,-1.5708,0.0
BUILDING,4150.00,2.56,500.00,9.39,10.00,13.61,0.0,-1.5708,0.0
BUILDING,4150.00,12.56,500.00,9.39,10.00,13.61,0.0,-1.5708,0.0
BUILDING,4150.00,22.56,500.00,9.39,10.00,13.61,0.0,-1.5708,0.0
BUILDING,4150.00,32.56,500.00,9.39,10.00,13.61,0.0,-1.5708,0.0
BUILDING,4150.00,42.56,500.00,9.39,10.00,13.61,0.0,-1.5708,0.0
BUILDING,4150.00,52.56,500.00,9.39,10.00,13.61,0.0,-1.5708,0.0
BUILDING,4150.00,62.56,500.00,9.39,10.00,13.61,0.0,-1.5708,0.0
BUILDING,4150.00,72.56,500.00,9.39,10.00,13.61,0.0,-1.5708,0.0
BUILDING,4150.00,82.56,500.00,9.39,10.00,13.61,0.0,-1.5708,0.0
BUILDING,4150.00,92.56,500.00,9.39,10.00,13.61,0.0,-1.5708,0.0
BUILDING,4150.00,102.56,500.00,9.39,10.00,13.61,0.0,-1.5708,0.0
BUILDING,4150.00,-19.25,1700.00,13.06,10.00,13.60,0.0,-1.5708,0.0
BUILDING,4150.00,-9.25,1700.00,13.06,10.00,13.60,0.0,-1.5708,0.0
BUILDING,4150.00,0.75,1700.00,13.06,10.00,13.60,0.0,-1.5708,0.0
BUILDING,4150.00,10.75,1700.00,13.06,10.00,13.60,0.0,-1.5708,0.0
BUILDING,4150.00,-8.19,420.00,12.22,10.00,12.83,0.0,-1.5708,0.0
BUILDING,4150.00,1.81,420.00,12.22,10.00,12.83,0.0,-1.5708,0.0
BUILDING,4150.00,11.81,420.00,12.22,10.00,12.83,0.0,-1.5708,0.0
BUILDING,4150.00,21.81,420.00,12.22,10.00,12.83,0.0,-1.5708,0.0
BUILDING,4150.00,31.81,420.00,12.22,10.00,12.83,0.0,-1.5708,0.0
BUILDING,4150.00,41.81,420.00,12.22,10.00,12.83,0.0,-1.5708,0.0
BUILDING,4150.00,51.81,420.00,12.22,10.00,12.83,0.0,-1.5708,0.0
BUILDING,4150.00,61.81,420.00,12.22,10.00,12.83,0.0,-1.5708,0.0
BUILDING,4150.00,71.81,420.00,12.22,10.00,12.83,0.0,-1.5708,0.0
BUILDING,4150.00,81.81,420.00,12.22,10.00,12.83,0.0,-1.5708,0.0
BUILDING,4150.00,91.81,420.00,12.22,10.00,12.83,0.0,-1.5708,0.0
BUILDING,4150.00,101.81,420.00,12.22,10.00,12.83,0.0,-1.5708,0.0
BUILDING,4150.00,-9.10,340.00,10.29,10.00,10.82,0.0,-1.5708,0.0
BUILDING,4150.00,0.90,340.00,10.29,10.00,10.82,0.0,-1.5708,0.0
BUILDING,4150.00,10.90,340.00,10.29,10.00,10.82,0.0,-1.5708,0.0
BUILDING,4150.00,20.90,340.00,10.29,10.00,10.82,0.0,-1.5708,0.0
BUILDING,4150.00,30.90,340.00,10.29,10.00,10.82,0.0,-1.5708,0.0
BUILDING,4150.00,40.90,340.00,10.29,10.00,10.82,0.0,-1.5708,0.0
BUILDING,4150.00,50.90,340.00,10.29,10.00,10.82,0.0,-1.5708,0.0
BUILDING,4150.00,60.90,340.00,10.29,10.00,10.82,0.0,-1.5708,0.0
BUILDING,4150.00,70.90,340.00,10.29,10.00,10.82,0.0,-1.5708,0.0
BUILDING,4150.00,80.90,340.00,10.29,10.00,10.82,0.0,-1.5708,0.0
BUILDING,4150.00,90.90,340.00,10.29,10.00,10.82,0.0,-1.5708,0.0
BUILDING,4150.00,100.90,340.00,10.29,10.00,10.82,0.0,-1.5708,0.0
BUILDING,4150.00,-9.88,260.00,11.27,10.00,9.15,0.0,-1.5708,0.0
BUILDING,4150.00,0.12,260.00,11.27,10.00,9.15,0.0,-1.5708,0.0
BUILDING,4150.00,10.12,260.00,11.27,10.00,9.15,0.0,-1.5708,0.0
BUILDING,4150.00,20.12,260.00,11.27,10.00,9.15,0.0,-1.5708,0.0
BUILDING,4150.00,30.12,260.00,11.27,10.00,9.15,0.0,-1.5708,0.0
BUILDING,4150.00,40.12,260.00,11.27,10.00,9.15,0.0,-1.5708,0.0
BUILDING,4150.00,50.12,260.00,11.27,10.00,9.15,0.0,-1.5708,0.0
BUILDING,4150.00,60.12,260.00,11.27,10.00,9.15,0.0,-1.5708,0.0
BUILDING,4150.00,70.12,260.00,11.27,10.00,9.15,0.0,-1.5708,0.0
BUILDING,4150.00,80.12,260.00,11.27,10.00,9.15,0.0,-1.5708,0.0
BUILDING,4150.00,-10.01,1940.00,13.23,10.00,10.41,0.0,-1.5708,0.0
BUILDING,4150.00,-0.01,1940.00,13.23,10.00,10.41,0.0,-1.5708,0.0
BUILDING,4150.00,9.99,1940.00,13.23,10.00,10.41,0.0,-1.5708,0.0
BUILDING,4150.00,19.99,1940.00,13.23,10.00,10.41,0.0,-1.5708,0.0
BUILDING,4150.00,29.99,1940.00,13.23,10.00,10.41,0.0,-1.5708,0.0
BUILDING,4150.00,39.99,1940.00,13.23,10.00,10.41,0.0,-1.5708,0.0
BUILDING,4150.00,49.99,1940.00,13.23,10.00,10.41,0.0,-1.5708,0.0
BUILDING,4150.00,59.99,1940.00,13.23,10.00,10.41,0.0,-1.5708,0.0
BUILDING,4150.00,69.99,1940.00,13.23,10.00,10.41,0.0,-1.5708,0.0
BUILDING,4150.00,79.99,1940.00,13.23,10.00,10.41,0.0,-1.5708,0.0
BUILDING,4150.00,-10.37,180.00,9.51,10.00,13.09,0.0,-1.5708,0.0
BUILDING,4150.00,-0.37,180.00,9.51,10.00,13.09,0.0,-1.5708,0.0
BUILDING,4150.00,9.63,180.00,9.51,10.00,13.09,0.0,-1.5708,0.0
BUILDING,4150.00,19.63,180.00,9.51,10.00,13.09,0.0,-1.5708,0.0
BUILDING,4150.00,29.63,180.00,9.51,10.00,13.09,0.0,-1.5708,0.0
BUILDING,4150.00,39.63,180.00,9.51,10.00,13.09,0.0,-1.5708,0.0
BUILDING,4150.00,49.63,180.00,9.51,10.00,13.09,0.0,-1.5708,0.0
BUILDING,4150.00,59.63,180.00,9.51,10.00,13.09,0.0,-1.5708,0.0
BUILDING,4150.00,69.63,180.00,9.51,10.00,13.09,0.0,-1.5708,0.0
BUILDING,4150.00,79.63,180.00,9.51,10.00,13.09,0.0,-1.5708,0.0
BUILDING,4150.00,89.63,180.00,9.51,10.00,13.09,0.0,-1.5708,0.0
BUILDING,4150.00,-5.04,2020.00,9.35,10.00,10.51,0.0,-1.5708,0.0
BUILDING,4150.00,4.96,2020.00,9.35,10.00,10.51,0.0,-1.5708,0.0
BUILDING,4150.00,14.96,2020.00,9.35,10.00,10.51,0.0,-1.5708,0.0
BUILDING,4150.00,24.96,2020.00,9.35,10.00,10.51,0.0,-1.5708,0.0
BUILDING,4150.00,34.96,2020.00,9.35,10.00,10.51,0.0,-1.5708,0.0
BUILDING,4150.00,44.96,2020.00,9.35,10.00,10.51,0.0,-1.5708,0.0
BUILDING,4150.00,54.96,2020.00,9.35,10.00,10.51,0.0,-1.5708,0.0
BUILDING,4150.00,64.96,2020.00,9.35,10.00,10.51,0.0,-1.5708,0.0
BUILDING,4150.00,74.96,2020.00,9.35,10.00,10.51,0.0,-1.5708,0.0
BUILDING,4150.00,84.96,2020.00,9.35,10.00,10.51,0.0,-1.5708,0.0
BUILDING,4150.00,94.96,2020.00,9.35,10.00,10.51,0.0,-1.5708,0.0
BUILDING,4150.00,104.96,2020.00,9.35,10.00,10.51,0.0,-1.5708,0.0
BUILDING,4230.00,-12.76,900.00,10.70,10.00,13.07,0.0,-1.5708,0.0
BUILDING,4230.00,-11.09,820.00,11.72,10.00,10.18,0.0,-1.5708,0.0
BUILDING,4230.00,-1.09,820.00,11.72,10.00,10.18,0.0,-1.5708,0.0
BUILDING,4230.00,8.91,820.00,11.72,10.00,10.18,0.0,-1.5708,0.0
BUILDING,4230.00,18.91,820.00,11.72,10.00,10.18,0.0,-1.5708,0.0
BUILDING,4230.00,28.91,820.00,11.72,10.00,10.18,0.0,-1.5708,0.0
BUILDING,4230.00,38.91,820.00,11.72,10.00,10.18,0.0,-1.5708,0.0
BUILDING,4230.00,48.91,820.00,11.72,10.00,10.18,0.0,-1.5708,0.0
BUILDING,4230.00,58.91,820.00,11.72,10.00,10.18,0.0,-1.5708,0.0
BUILDING,4230.00,68.91,820.00,11.72,10.00,10.18,0.0,-1.5708,0.0
BUILDING,4230.00,-13.53,1380.00,11.87,10.00,11.43,0.0,-1.5708,0.0
BUILDING,4230.00,-3.53,1380.00,11.87,10.00,11.43,0.0,-1.5708,0.0
BUILDING,4230.00,6.47,1380.00,11.87,10.00,11.43,0.0,-1.5708,0.0
BUILDING,4230.00,16.47,1380.00,11.87,10.00,11.43,0.0,-1.5708,0.0
BUILDING,4230.00,26.47,1380.00,11.87,10.00,11.43,0.0,-1.5708,0.0
BUILDING,4230.00,36.47,1380.00,11.87,10.00,11.43,0.0,-1.5708,0.0
BUILDING,4230.00,46.47,1380.00,11.87,10.00,11.43,0.0,-1.5708,0.0
BUILDING,4230.00,56.47,1380.00,11.87,10.00,11.43,0.0,-1.5708,0.0
BUILDING,4230.00,66.47,1380.00,11.87,10.00,11.43,0.0,-1.5708,0.0
BUILDING,4230.00,76.47,1380.00,11.87,10.00,11.43,0.0,-1.5708,0.0
BUILDING,4230.00,86.47,1380.00,11.87,10.00,11.43,0.0,-1.5708,0.0
BUILDING,4230.00,-9.43,740.00,9.49,10.00,11.23,0.0,-1.5708,0.0
BUILDING,4230.00,0.57,740.00,9.49,10.00,11.23,0.0,-1.5708,0.0
BUILDING,4230.00,10.57,740.00,9.49,10.00,11.23,0.0,-1.5708,0.0
BUILDING,4230.00,20.57,740.00,9.49,10.00,11.23,0.0,-1.5708,0.0
BUILDING,4230.00,30.57,740.00,9.49,10.00,11.23,0.0,-1.5708,0.0
BUILDING,4230.00,40.57,740.00,9.49,10.00,11.23,0.0,-1.5708,0.0
BUILDING,4230.00,50.57,740.00,9.49,10.00,11.23,0.0,-1.5708,0.0
BUILDING,4230.00,60.57,740.00,9.49,10.00,11.23,0.0,-1.5708,0.0
BUILDING,4230.00,70.57,740.00,9.49,10.00,11.23,0.0,-1.5708,0.0
BUILDING,4230.00,80.57,740.00,9.49,10.00,11.23,0.0,-1.5708,0.0
BUILDING,4230.00,90.57,740.00,9.49,10.00,11.23,0.0,-1.5708,0.0
BUILDING,4230.00,100.57,740.00,9.49,10.00,11.23,0.0,-1.5708,0.0
BUILDING,4230.00,-13.94,1460.00,9.54,10.00,13.07,0.0,-1.5708,0.0
BUILDING,4230.00,-3.94,1460.00,9.54,10.00,13.07,0.0,-1.5708,0.0
BUILDING,4230.00,6.06,1460.00,9.54,10.00,13.07,0.0,-1.5708,0.0
BUILDING,4230.00,16.06,1460.00,9.54,10.00,13.07,0.0,-1.5708,0.0
BUILDING,4230.00,26.06,1460.00,9.54,10.00,13.07,0.0,-1.5708,0.0
BUILDING,4230.00,36.06,1460.00,9.54,10.00,13.07,0.0,-1.5708,0.0
BUILDING,4230.00,46.06,1460.00,9.54,10.00,13.07,0.0,-1.5708,0.0
BUILDING,4230.00,56.06,1460.00,9.54,10.00,13.07,0.0,-1.5708,0.0
BUILDING,4230.00,66.06,1460.00,9.54,10.00,13.07,0.0,-1.5708,0.0
BUILDING,4230.00,76.06,1460.00,9.54,10.00,13.07,0.0,-1.5708,0.0
BUILDING,4230.00,-7.96,660.00,12.22,10.00,9.31,0.0,-1.5708,0.0
BUILDING,4230.00,2.04,660.00,12.22,10.00,9.31,0.0,-1.5708,0.0
BUILDING,4230.00,12.04,660.00,12.22,10.00,9.31,0.0,-1.5708,0.0
BUILDING,4230.00,22.04,660.00,12.22,10.00,9.31,0.0,-1.5708,0.0
BUILDING,4230.00,32.04,660.00,12.22,10.00,9.31,0.0,-1.5708,0.0
BUILDING,4230.00,42.04,660.00,12.22,10.00,9.31,0.0,-1.5708,0.0
BUILDING,4230.00,52.04,660.00,12.22,10.00,9.31,0.0,-1.5708,0.0
BUILDING,4230.00,62.04,660.00,12.22,10.00,9.31,0.0,-1.5708,0.0
BUILDING,4230.00,72.04,660.00,12.22,10.00,9.31,0.0,-1.5708,0.0
BUILDING,4230.00,82.04,660.00,12.22,10.00,9.31,0.0,-1.5708,0.0
BUILDING,4230.00,92.04,660.00,12.22,10.00,9.31,0.0,-1.5708,0.0
BUILDING,4230.00,-14.92,1540.00,13.52,10.00,12.18,0.0,-1.5708,0.0
BUILDING,4230.00,-4.92,1540.00,13.52,10.00,12.18,0.0,-1.5708,0.0
BUILDING,4230.00,5.08,1540.00,13.52,10.00,12.18,0.0,-1.5708,0.0
BUILDING,4230.00,15.08,1540.00,13.52,10.00,12.18,0.0,-1.5708,0.0
BUILDING,4230.00,25.08,1540.00,13.52,10.00,12.18,0.0,-1.5708,0.0
BUILDING,4230.00,35.08,1540.00,13.52,10.00,12.18,0.0,-1.5708,0.0
BUILDING,4230.00,45.08,1540.00,13.52,10.00,12.18,0.0,-1.5708,0.0
BUILDING,4230.00,55.08,1540.00,13.52,10.00,12.18,0.0,-1.5708,0.0
BUILDING,4230.00,65.08,1540.00,13.52,10.00,12.18,0.0,-1.5708,0.0
BUILDING,4230.00,75.08,1540.00,13.52,10.00,12.18,0.0,-1.5708,0.0
BUILDING,4230.00,-6.76,580.00,11.26,10.00,10.46,0.0,-1.5708,0.0
BUILDING,4230.00,3.24,580.00,11.26,10.00,10.46,0.0,-1.5708,0.0
BUILDING,4230.00,13.24,580.00,11.26,10.00,10.46,0.0,-1.5708,0.0
BUILDING,4230.00,23.24,580.00,11.26,10.00,10.46,0.0,-1.5708,0.0
BUILDING,4230.00,33.24,580.00,11.26,10.00,10.46,0.0,-1.5708,0.0
BUILDING,4230.00,43.24,580.00,11.26,10.00,10.46,0.0,-1.5708,0.0
BUILDING,4230.00,53.24,580.00,11.26,10.00,10.46,0.0,-1.5708,0.0
BUILDING,4230.00,63.24,580.00,11.26,10.00,10.46,0.0,-1.5708,0.0
BUILDING,4230.00,73.24,580.00,11.26,10.00,10.46,0.0,-1.5708,0.0
BUILDING,4230.00,83.24,580.00,11.26,10.00,10.46,0.0,-1.5708,0.0
BUILDING,4230.00,-16.06,1620.00,12.41,10.00,10.58,0.0,-1.5708,0.0
BUILDING,4230.00,-6.06,1620.00,12.41,10.00,10.58,0.0,-1.5708,0.0
BUILDING,4230.00,3.94,1620.00,12.41,10.00,10.58,0.0,-1.5708,0.0
BUILDING,4230.00,13.94,1620.00,12.41,10.00,10.58,0.0,-1.5708,0.0
BUILDING,4230.00,23.94,1620.00,12.41,10.00,10.58,0.0,-1.5708,0.0
BUILDING,4230.00,33.94,1620.00,12.41,10.00,10.58,0.0,-1.5708,0.0
BUILDING,4230.00,-16.73,1700.00,12.59,10.00,13.58,0.0,-1.5708,0.0
BUILDING,4230.00,-6.73,1700.00,12.59,10.00,13.58,0.0,-1.5708,0.0
BUILDING,4230.00,3.27,1700.00,12.59,10.00,13.58,0.0,-1.5708,0.0
BUILDING,4230.00,13.27,1700.00,12.59,10.00,13.58,0.0,-1.5708,0.0
BUILDING,4230.00,23.27,1700.00,12.59,10.00,13.58,0.0,-1.5708,0.0
BUILDING,4230.00,33.27,1700.00,12.59,10.00,13.58,0.0,-1.5708,0.0
BUILDING,4230.00,43.27,1700.00,12.59,10.00,13.58,0.0,-1.5708,0.0
BUILDING,4230.00,53.27,1700.00,12.59,10.00,13.58,0.0,-1.5708,0.0
BUILDING,4230.00,-4.93,420.00,13.93,10.00,11.02,0.0,-1.5708,0.0
BUILDING,4230.00,5.07,420.00,13.93,10.00,11.02,0.0,-1.5708,0.0
BUILDING,4230.00,15.07,420.00,13.93,10.00,11.02,0.0,-1.5708,0.0
BUILDING,4230.00,25.07,420.00,13.93,10.00,11.02,0.0,-1.5708,0.0
BUILDING,4230.00,35.07,420.00,13.93,10.00,11.02,0.0,-1.5708,0.0
BUILDING,4230.00,45.07,420.00,13.93,10.00,11.02,0.0,-1.5708,0.0
BUILDING,4230.00,55.07,420.00,13.93,10.00,11.02,0.0,-1.5708,0.0
BUILDING,4230.00,65.07,420.00,13.93,10.00,11.02,0.0,-1.5708,0.0
BUILDING,4230.00,75.07,420.00,13.93,10.00,11.02,0.0,-1.5708,0.0
BUILDING,4230.00,85.07,420.00,13.93,10.00,11.02,0.0,-1.5708,0.0
BUILDING,4230.00,95.07,420.00,13.93,10.00,11.02,0.0,-1.5708,0.0
BUILDING,4230.00,105.07,420.00,13.93,10.00,11.02,0.0,-1.5708,0.0
BUILDING,4230.00,-16.28,1780.00,13.51,10.00,13.84,0.0,-1.5708,0.0
BUILDING,4230.00,-6.28,1780.00,13.51,10.00,13.84,0.0,-1.5708,0.0
BUILDING,4230.00,3.72,1780.00,13.51,10.00,13.84,0.0,-1.5708,0.0
BUILDING,4230.00,13.72,1780.00,13.51,10.00,13.84,0.0,-1.5708,0.0
BUILDING,4230.00,23.72,1780.00,13.51,10.00,13.84,0.0,-1.5708,0.0
BUILDING,4230.00,33.72,1780.00,13.51,10.00,13.84,0.0,-1.5708,0.0
BUILDING,4230.00,43.72,1780.00,13.51,10.00,13.84,0.0,-1.5708,0.0
BUILDING,4230.00,-4.28,340.00,9.55,10.00,10.41,0.0,-1.5708,0.0
BUILDING,4230.00,5.72,340.00,9.55,10.00,10.41,0.0,-1.5708,0.0
BUILDING,4230.00,15.72,340.00,9.55,10.00,10.41,0.0,-1.5708,0.0
BUILDING,4230.00,25.72,340.00,9.55,10.00,10.41,0.0,-1.5708,0.0
BUILDING,4230.00,35.72,340.00,9.55,10.00,10.41,0.0,-1.5708,0.0
BUILDING,4230.00,45.72,340.00,9.55,10.00,10.41,0.0,-1.5708,0.0
BUILDING,4230.00,55.72,340.00,9.55,10.00,10.41,0.0,-1.5708,0.0
BUILDING,4230.00,65.72,340.00,9.55,10.00,10.41,0.0,-1.5708,0.0
BUILDING,4230.00,75.72,340.00,9.55,10.00,10.41,0.0,-1.5708,0.0
BUILDING,4230.00,85.72,340.00,9.55,10.00,10.41,0.0,-1.5708,0.0
BUILDING,4230.00,95.72,340.00,9.55,10.00,10.41,0.0,-1.5708,0.0
BUILDING,4230.00,105.72,340.00,9.55,10.00,10.41,0.0,-1.5708,0.0
BUILDING,4230.00,-14.30,1860.00,10.97,10.00,10.59,0.0,-1.5708,0.0
BUILDING,4230.00,-4.30,1860.00,10.97,10.00,10.59,0.0,-1.5708,0.0
BUILDING,4230.00,5.70,1860.00,10.97,10.00,10.59,0.0,-1.5708,0.0
BUILDING,4230.00,15.70,1860.00,10.97,10.00,10.59,0.0,-1.5708,0.0
BUILDING,4230.00,25.70,1860.00,10.97,10.00,10.59,0.0,-1.5708,0.0
BUILDING,4230.00,35.70,1860.00,10.97,10.00,10.59,0.0,-1.5708,0.0
BUILDING,4230.00,45.70,1860.00,10.97,10.00,10.59,0.0,-1.5708,0.0
BUILDING,4230.00,55.70,1860.00,10.97,10.00,10.59,0.0,-1.5708,0.0
BUILDING,4230.00,65.70,1860.00,10.97,10.00,10.59,0.0,-1.5708,0.0
BUILDING,4230.00,75.70,1860.00,10.97,10.00,10.59,0.0,-1.5708,0.0
BUILDING,4230.00,-3.95,260.00,10.06,10.00,9.87,0.0,-1.5708,0.0
BUILDING,4230.00,6.05,260.00,10.06,10.00,9.87,0.0,-1.5708,0.0
BUILDING,4230.00,16.05,260.00,10.06,10.00,9.87,0.0,-1.5708,0.0
BUILDING,4230.00,26.05,260.00,10.06,10.00,9.87,0.0,-1.5708,0.0
BUILDING,4230.00,36.05,260.00,10.06,10.00,9.87,0.0,-1.5708,0.0
BUILDING,4230.00,46.05,260.00,10.06,10.00,9.87,0.0,-1.5708,0.0
BUILDING,4230.00,56.05,260.00,10.06,10.00,9.87,0.0,-1.5708,0.0
BUILDING,4230.00,66.05,260.00,10.06,10.00,9.87,0.0,-1.5708,0.0
BUILDING,4230.00,76.05,260.00,10.06,10.00,9.87,0.0,-1.5708,0.0
BUILDING,4230.00,86.05,260.00,10.06,10.00,9.87,0.0,-1.5708,0.0
BUILDING,4230.00,96.05,260.00,10.06,10.00,9.87,0.0,-1.5708,0.0
BUILDING,4230.00,106.05,260.00,10.06,10.00,9.87,0.0,-1.5708,0.0
BUILDING,4230.00,-10.85,1940.00,13.20,10.00,9.77,0.0,-1.5708,0.0
BUILDING,4230.00,-0.85,1940.00,13.20,10.00,9.77,0.0,-1.5708,0.0
BUILDING,4230.00,9.15,1940.00,13.20,10.00,9.77,0.0,-1.5708,0.0
BUILDING,4230.00,19.15,1940.00,13.20,10.00,9.77,0.0,-1.5708,0.0
BUILDING,4230.00,29.15,1940.00,13.20,10.00,9.77,0.0,-1.5708,0.0
BUILDING,4230.00,39.15,1940.00,13.20,10.00,9.77,0.0,-1.5708,0.0
BUILDING,4230.00,49.15,1940.00,13.20,10.00,9.77,0.0,-1.5708,0.0
BUILDING,4230.00,59.15,1940.00,13.20,10.00,9.77,0.0,-1.5708,0.0
BUILDING,4230.00,69.15,1940.00,13.20,10.00,9.77,0.0,-1.5708,0.0
BUILDING,4230.00,-4.08,180.00,9.06,10.00,12.24,0.0,-1.5708,0.0
BUILDING,4230.00,5.92,180.00,9.06,10.00,12.24,0.0,-1.5708,0.0
BUILDING,4230.00,15.92,180.00,9.06,10.00,12.24,0.0,-1.5708,0.0
BUILDING,4230.00,25.92,180.00,9.06,10.00,12.24,0.0,-1.5708,0.0
BUILDING,4230.00,35.92,180.00,9.06,10.00,12.24,0.0,-1.5708,0.0
BUILDING,4230.00,45.92,180.00,9.06,10.00,12.24,0.0,-1.5708,0.0
BUILDING,4230.00,55.92,180.00,9.06,10.00,12.24,0.0,-1.5708,0.0
BUILDING,4230.00,65.92,180.00,9.06,10.00,12.24,0.0,-1.5708,0.0
BUILDING,4230.00,75.92,180.00,9.06,10.00,12.24,0.0,-1.5708,0.0
BUILDING,4230.00,85.92,180.00,9.06,10.00,12.24,0.0,-1.5708,0.0
BUILDING,4230.00,95.92,180.00,9.06,10.00,12.24,0.0,-1.5708,0.0
BUILDING,4310.00,-12.50,1380.00,12.12,10.00,11.27,0.0,-1.5708,0.0
BUILDING,4310.00,-2.50,1380.00,12.12,10.00,11.27,0.0,-1.5708,0.0
BUILDING,4310.00,7.50,1380.00,12.12,10.00,11.27,0.0,-1.5708,0.0
BUILDING,4310.00,17.50,1380.00,12.12,10.00,11.27,0.0,-1.5708,0.0
BUILDING,4310.00,27.50,1380.00,12.12,10.00,11.27,0.0,-1.5708,0.0
BUILDING,4310.00,37.50,1380.00,12.12,10.00,11.27,0.0,-1.5708,0.0
BUILDING,4310.00,47.50,1380.00,12.12,10.00,11.27,0.0,-1.5708,0.0
BUILDING,4310.00,57.50,1380.00,12.12,10.00,11.27,0.0,-1.5708,0.0
BUILDING,4310.00,67.50,1380.00,12.12,10.00,11.27,0.0,-1.5708,0.0
BUILDING,4310.00,-11.99,1460.00,9.93,10.00,12.02,0.0,-1.5708,0.0
BUILDING,4310.00,-1.99,1460.00,9.93,10.00,12.02,0.0,-1.5708,0.0
BUILDING,4310.00,8.01,1460.00,9.93,10.00,12.02,0.0,-1.5708,0.0
BUILDING,4310.00,18.01,1460.00,9.93,10.00,12.02,0.0,-1.5708,0.0
BUILDING,4310.00,28.01,1460.00,9.93,10.00,12.02,0.0,-1.5708,0.0
BUILDING,4310.00,38.01,1460.00,9.93,10.00,12.02,0.0,-1.5708,0.0
BUILDING,4310.00,48.01,1460.00,9.93,10.00,12.02,0.0,-1.5708,0.0
BUILDING,4310.00,58.01,1460.00,9.93,10.00,12.02,0.0,-1.5708,0.0
BUILDING,4310.00,-12.00,1540.00,10.35,10.00,13.63,0.0,-1.5708,0.0
BUILDING,4310.00,-2.00,1540.00,10.35,10.00,13.63,0.0,-1.5708,0.0
BUILDING,4310.00,8.00,1540.00,10.35,10.00,13.63,0.0,-1.5708,0.0
BUILDING,4310.00,18.00,1540.00,10.35,10.00,13.63,0.0,-1.5708,0.0
BUILDING,4310.00,28.00,1540.00,10.35,10.00,13.63,0.0,-1.5708,0.0
BUILDING,4310.00,38.00,1540.00,10.35,10.00,13.63,0.0,-1.5708,0.0
BUILDING,4310.00,48.00,1540.00,10.35,10.00,13.63,0.0,-1.5708,0.0
BUILDING,4310.00,58.00,1540.00,10.35,10.00,13.63,0.0,-1.5708,0.0
BUILDING,4310.00,68.00,1540.00,10.35,10.00,13.63,0.0,-1.5708,0.0
BUILDING,4310.00,78.00,1540.00,10.35,10.00,13.63,0.0,-1.5708,0.0
BUILDING,4310.00,88.00,1540.00,10.35,10.00,13.63,0.0,-1.5708,0.0
BUILDING,4310.00,-4.95,580.00,11.84,10.00,12.52,0.0,-1.5708,0.0
BUILDING,4310.00,5.05,580.00,11.84,10.00,12.52,0.0,-1.5708,0.0
BUILDING,4310.00,15.05,580.00,11.84,10.00,12.52,0.0,-1.5708,0.0
BUILDING,4310.00,25.05,580.00,11.84,10.00,12.52,0.0,-1.5708,0.0
BUILDING,4310.00,35.05,580.00,11.84,10.00,12.52,0.0,-1.5708,0.0
BUILDING,4310.00,45.05,580.00,11.84,10.00,12.52,0.0,-1.5708,0.0
BUILDING,4310.00,55.05,580.00,11.84,10.00,12.52,0.0,-1.5708,0.0
BUILDING,4310.00,65.05,580.00,11.84,10.00,12.52,0.0,-1.5708,0.0
BUILDING,4310.00,75.05,580.00,11.84,10.00,12.52,0.0,-1.5708,0.0
BUILDING,4310.00,85.05,580.00,11.84,10.00,12.52,0.0,-1.5708,0.0
BUILDING,4310.00,-12.41,1620.00,9.40,10.00,12.65,0.0,-1.5708,0.0
BUILDING,4310.00,-2.41,1620.00,9.40,10.00,12.65,0.0,-1.5708,0.0
BUILDING,4310.00,7.59,1620.00,9.40,10.00,12.65,0.0,-1.5708,0.0
BUILDING,4310.00,17.59,1620.00,9.40,10.00,12.65,0.0,-1.5708,0.0
BUILDING,4310.00,27.59,1620.00,9.40,10.00,12.65,0.0,-1.5708,0.0
BUILDING,4310.00,37.59,1620.00,9.40,10.00,12.65,0.0,-1.5708,0.0
BUILDING,4310.00,47.59,1620.00,9.40,10.00,12.65,0.0,-1.5708,0.0
BUILDING,4310.00,57.59,1620.00,9.40,10.00,12.65,0.0,-1.5708,0.0
BUILDING,4310.00,67.59,1620.00,9.40,10.00,12.65,0.0,-1.5708,0.0
BUILDING,4310.00,77.59,1620.00,9.40,10.00,12.65,0.0,-1.5708,0.0
BUILDING,4310.00,87.59,1620.00,9.40,10.00,12.65,0.0,-1.5708,0.0
BUILDING,4310.00,97.59,1620.00,9.40,10.00,12.65,0.0,-1.5708,0.0
BUILDING,4310.00,-0.32,420.00,9.39,10.00,13.45,0.0,-1.5708,0.0
BUILDING,4310.00,9.68,420.00,9.39,10.00,13.45,0.0,-1.5708,0.0
BUILDING,4310.00,19.68,420.00,9.39,10.00,13.45,0.0,-1.5708,0.0
BUILDING,4310.00,29.68,420.00,9.39,10.00,13.45,0.0,-1.5708,0.0
BUILDING,4310.00,39.68,420.00,9.39,10.00,13.45,0.0,-1.5708,0.0
BUILDING,4310.00,49.68,420.00,9.39,10.00,13.45,0.0,-1.5708,0.0
BUILDING,4310.00,59.68,420.00,9.39,10.00,13.45,0.0,-1.5708,0.0
BUILDING,4310.00,69.68,420.00,9.39,10.00,13.45,0.0,-1.5708,0.0
BUILDING,4310.00,79.68,420.00,9.39,10.00,13.45,0.0,-1.5708,0.0
BUILDING,4310.00,89.68,420.00,9.39,10.00,13.45,0.0,-1.5708,0.0
BUILDING,4310.00,99.68,420.00,9.39,10.00,13.45,0.0,-1.5708,0.0
BUILDING,4310.00,109.68,420.00,9.39,10.00,13.45,0.0,-1.5708,0.0
BUILDING,4310.00,-12.92,1780.00,12.32,10.00,12.34,0.0,-1.5708,0.0
BUILDING,4310.00,-2.92,1780.00,12.32,10.00,12.34,0.0,-1.5708,0.0
BUILDING,4310.00,7.08,1780.00,12.32,10.00,12.34,0.0,-1.5708,0.0
BUILDING,4310.00,17.08,1780.00,12.32,10.00,12.34,0.0,-1.5708,0.0
BUILDING,4310.00,27.08,1780.00,12.32,10.00,12.34,0.0,-1.5708,0.0
BUILDING,4310.00,37.08,1780.00,12.32,10.00,12.34,0.0,-1.5708,0.0
BUILDING,4310.00,47.08,1780.00,12.32,10.00,12.34,0.0,-1.5708,0.0
BUILDING,4310.00,57.08,1780.00,12.32,10.00,12.34,0.0,-1.5708,0.0
BUILDING,4310.00,67.08,1780.00,12.32,10.00,12.34,0.0,-1.5708,0.0
BUILDING,4310.00,77.08,1780.00,12.32,10.00,12.34,0.0,-1.5708,0.0
BUILDING,4310.00,87.08,1780.00,12.32,10.00,12.34,0.0,-1.5708,0.0
BUILDING,4310.00,1.26,340.00,10.56,10.00,9.26,0.0,-1.5708,0.0
BUILDING,4310.00,11.26,340.00,10.56,10.00,9.26,0.0,-1.5708,0.0
BUILDING,4310.00,21.26,340.00,10.56,10.00,9.26,0.0,-1.5708,0.0
BUILDING,4310.00,31.26,340.00,10.56,10.00,9.26,0.0,-1.5708,0.0
BUILDING,4310.00,41.26,340.00,10.56,10.00,9.26,0.0,-1.5708,0.0
BUILDING,4310.00,51.26,340.00,10.56,10.00,9.26,0.0,-1.5708,0.0
BUILDING,4310.00,61.26,340.00,10.56,10.00,9.26,0.0,-1.5708,0.0
BUILDING,4310.00,71.26,340.00,10.56,10.00,9.26,0.0,-1.5708,0.0
BUILDING,4310.00,81.26,340.00,10.56,10.00,9.26,0.0,-1.5708,0.0
BUILDING,4310.00,91.26,340.00,10.56,10.00,9.26,0.0,-1.5708,0.0
BUILDING,4310.00,101.26,340.00,10.56,10.00,9.26,0.0,-1.5708,0.0
BUILDING,4310.00,111.26,340.00,10.56,10.00,9.26,0.0,-1.5708,0.0
BUILDING,4310.00,1.78,260.00,13.53,10.00,11.87,0.0,-1.5708,0.0
BUILDING,4310.00,11.78,260.00,13.53,10.00,11.87,0.0,-1.5708,0.0
BUILDING,4310.00,21.78,260.00,13.53,10.00,11.87,0.0,-1.5708,0.0
BUILDING,4310.00,31.78,260.00,13.53,10.00,11.87,0.0,-1.5708,0.0
BUILDING,4310.00,41.78,260.00,13.53,10.00,11.87,0.0,-1.5708,0.0
BUILDING,4310.00,51.78,260.00,13.53,10.00,11.87,0.0,-1.5708,0.0
BUILDING,4310.00,61.78,260.00,13.53,10.00,11.87,0.0,-1.5708,0.0
BUILDING,4310.00,71.78,260.00,13.53,10.00,11.87,0.0,-1.5708,0.0
BUILDING,4310.00,81.78,260.00,13.53,10.00,11.87,0.0,-1.5708,0.0
BUILDING,4310.00,91.78,260.00,13.53,10.00,11.87,0.0,-1.5708,0.0
BUILDING,4310.00,101.78,260.00,13.53,10.00,11.87,0.0,-1.5708,0.0
BUILDING,4310.00,111.78,260.00,13.53,10.00,11.87,0.0,-1.5708,0.0
BUILDING,4310.00,-10.02,1940.00,10.45,10.00,9.18,0.0,-1.5708,0.0
BUILDING,4310.00,-0.02,1940.00,10.45,10.00,9.18,0.0,-1.5708,0.0
BUILDING,4310.00,9.98,1940.00,10.45,10.00,9.18,0.0,-1.5708,0.0
BUILDING,4310.00,19.98,1940.00,10.45,10.00,9.18,0.0,-1.5708,0.0
BUILDING,4310.00,29.98,1940.00,10.45,10.00,9.18,0.0,-1.5708,0.0
BUILDING,4310.00,39.98,1940.00,10.45,10.00,9.18,0.0,-1.5708,0.0
BUILDING,4310.00,49.98,1940.00,10.45,10.00,9.18,0.0,-1.5708,0.0
BUILDING,4310.00,59.98,1940.00,10.45,10.00,9.18,0.0,-1.5708,0.0
BUILDING,4310.00,69.98,1940.00,10.45,10.00,9.18,0.0,-1.5708,0.0
BUILDING,4390.00,-13.15,900.00,13.04,10.00,12.12,0.0,-1.5708,0.0
BUILDING,4390.00,-3.15,900.00,13.04,10.00,12.12,0.0,-1.5708,0.0
BUILDING,4390.00,6.85,900.00,13.04,10.00,12.12,0.0,-1.5708,0.0
BUILDING,4390.00,-13.40,1300.00,13.26,10.00,10.39,0.0,-1.5708,0.0
BUILDING,4390.00,-11.33,820.00,9.07,10.00,9.56,0.0,-1.5708,0.0
BUILDING,4390.00,-1.33,820.00,9.07,10.00,9.56,0.0,-1.5708,0.0
BUILDING,4390.00,8.67,820.00,9.07,10.00,9.56,0.0,-1.5708,0.0
BUILDING,4390.00,18.67,820.00,9.07,10.00,9.56,0.0,-1.5708,0.0
BUILDING,4390.00,28.67,820.00,9.07,10.00,9.56,0.0,-1.5708,0.0
BUILDING,4390.00,38.67,820.00,9.07,10.00,9.56,0.0,-1.5708,0.0
BUILDING,4390.00,48.67,820.00,9.07,10.00,9.56,0.0,-1.5708,0.0
BUILDING,4390.00,58.67,820.00,9.07,10.00,9.56,0.0,-1.5708,0.0
BUILDING,4390.00,68.67,820.00,9.07,10.00,9.56,0.0,-1.5708,0.0
BUILDING,4390.00,-12.18,1380.00,12.30,10.00,10.85,0.0,-1.5708,0.0
BUILDING,4390.00,-2.18,1380.00,12.30,10.00,10.85,0.0,-1.5708,0.0
BUILDING,4390.00,7.82,1380.00,12.30,10.00,10.85,0.0,-1.5708,0.0
BUILDING,4390.00,17.82,1380.00,12.30,10.00,10.85,0.0,-1.5708,0.0
BUILDING,4390.00,27.82,1380.00,12.30,10.00,10.85,0.0,-1.5708,0.0
BUILDING,4390.00,37.82,1380.00,12.30,10.00,10.85,0.0,-1.5708,0.0
BUILDING,4390.00,47.82,1380.00,12.30,10.00,10.85,0.0,-1.5708,0.0
BUILDING,4390.00,57.82,1380.00,12.30,10.00,10.85,0.0,-1.5708,0.0
BUILDING,4390.00,-10.95,1460.00,13.00,10.00,13.31,0.0,-1.5708,0.0
BUILDING,4390.00,-0.95,1460.00,13.00,10.00,13.31,0.0,-1.5708,0.0
BUILDING,4390.00,9.05,1460.00,13.00,10.00,13.31,0.0,-1.5708,0.0
BUILDING,4390.00,19.05,1460.00,13.00,10.00,13.31,0.0,-1.5708,0.0
BUILDING,4390.00,29.05,1460.00,13.00,10.00,13.31,0.0,-1.5708,0.0
BUILDING,4390.00,39.05,1460.00,13.00,10.00,13.31,0.0,-1.5708,0.0
BUILDING,4390.00,49.05,1460.00,13.00,10.00,13.31,0.0,-1.5708,0.0
BUILDING,4390.00,59.05,1460.00,13.00,10.00,13.31,0.0,-1.5708,0.0
BUILDING,4390.00,-5.66,660.00,11.98,10.00,13.11,0.0,-1.5708,0.0
BUILDING,4390.00,4.34,660.00,11.98,10.00,13.11,0.0,-1.5708,0.0
BUILDING,4390.00,14.34,660.00,11.98,10.00,13.11,0.0,-1.5708,0.0
BUILDING,4390.00,24.34,660.00,11.98,10.00,13.11,0.0,-1.5708,0.0
BUILDING,4390.00,34.34,660.00,11.98,10.00,13.11,0.0,-1.5708,0.0
BUILDING,4390.00,44.34,660.00,11.98,10.00,13.11,0.0,-1.5708,0.0
BUILDING,4390.00,54.34,660.00,11.98,10.00,13.11,0.0,-1.5708,0.0
BUILDING,4390.00,64.34,660.00,11.98,10.00,13.11,0.0,-1.5708,0.0
BUILDING,4390.00,74.34,660.00,11.98,10.00,13.11,0.0,-1.5708,0.0
BUILDING,4390.00,84.34,660.00,11.98,10.00,13.11,0.0,-1.5708,0.0
BUILDING,4390.00,-2.08,580.00,10.19,10.00,11.20,0.0,-1.5708,0.0
BUILDING,4390.00,7.92,580.00,10.19,10.00,11.20,0.0,-1.5708,0.0
BUILDING,4390.00,17.92,580.00,10.19,10.00,11.20,0.0,-1.5708,0.0
BUILDING,4390.00,27.92,580.00,10.19,10.00,11.20,0.0,-1.5708,0.0
BUILDING,4390.00,37.92,580.00,10.19,10.00,11.20,0.0,-1.5708,0.0
BUILDING,4390.00,47.92,580.00,10.19,10.00,11.20,0.0,-1.5708,0.0
BUILDING,4390.00,57.92,580.00,10.19,10.00,11.20,0.0,-1.5708,0.0
BUILDING,4390.00,67.92,580.00,10.19,10.00,11.20,0.0,-1.5708,0.0
BUILDING,4390.00,77.92,580.00,10.19,10.00,11.20,0.0,-1.5708,0.0
BUILDING,4390.00,87.92,580.00,10.19,10.00,11.20,0.0,-1.5708,0.0
BUILDING,4390.00,97.92,580.00,10.19,10.00,11.20,0.0,-1.5708,0.0
BUILDING,4390.00,107.92,580.00,10.19,10.00,11.20,0.0,-1.5708,0.0
BUILDING,4390.00,-9.19,1620.00,13.21,10.00,9.27,0.0,-1.5708,0.0
BUILDING,4390.00,0.81,1620.00,13.21,10.00,9.27,0.0,-1.5708,0.0
BUILDING,4390.00,10.81,1620.00,13.21,10.00,9.27,0.0,-1.5708,0.0
BUILDING,4390.00,20.81,1620.00,13.21,10.00,9.27,0.0,-1.5708,0.0
BUILDING,4390.00,30.81,1620.00,13.21,10.00,9.27,0.0,-1.5708,0.0
BUILDING,4390.00,40.81,1620.00,13.21,10.00,9.27,0.0,-1.5708,0.0
BUILDING,4390.00,50.81,1620.00,13.21,10.00,9.27,0.0,-1.5708,0.0
BUILDING,4390.00,60.81,1620.00,13.21,10.00,9.27,0.0,-1.5708,0.0
BUILDING,4390.00,70.81,1620.00,13.21,10.00,9.27,0.0,-1.5708,0.0
BUILDING,4390.00,80.81,1620.00,13.21,10.00,9.27,0.0,-1.5708,0.0
BUILDING,4390.00,90.81,1620.00,13.21,10.00,9.27,0.0,-1.5708,0.0
BUILDING,4390.00,100.81,1620.00,13.21,10.00,9.27,0.0,-1.5708,0.0
BUILDING,4390.00,-8.79,1700.00,10.99,10.00,10.51,0.0,-1.5708,0.0
BUILDING,4390.00,1.21,1700.00,10.99,10.00,10.51,0.0,-1.5708,0.0
BUILDING,4390.00,11.21,1700.00,10.99,10.00,10.51,0.0,-1.5708,0.0
BUILDING,4390.00,21.21,1700.00,10.99,10.00,10.51,0.0,-1.5708,0.0
BUILDING,4390.00,31.21,1700.00,10.99,10.00,10.51,0.0,-1.5708,0.0
BUILDING,4390.00,41.21,1700.00,10.99,10.00,10.51,0.0,-1.5708,0.0
BUILDING,4390.00,51.21,1700.00,10.99,10.00,10.51,0.0,-1.5708,0.0
BUILDING,4390.00,61.21,1700.00,10.99,10.00,10.51,0.0,-1.5708,0.0
BUILDING,4390.00,71.21,1700.00,10.99,10.00,10.51,0.0,-1.5708,0.0
BUILDING,4390.00,81.21,1700.00,10.99,10.00,10.51,0.0,-1.5708,0.0
BUILDING,4390.00,91.21,1700.00,10.99,10.00,10.51,0.0,-1.5708,0.0
BUILDING,4390.00,-8.50,1780.00,12.42,10.00,10.95,0.0,-1.5708,0.0
BUILDING,4390.00,1.50,1780.00,12.42,10.00,10.95,0.0,-1.5708,0.0
BUILDING,4390.00,11.50,1780.00,12.42,10.00,10.95,0.0,-1.5708,0.0
BUILDING,4390.00,21.50,1780.00,12.42,10.00,10.95,0.0,-1.5708,0.0
BUILDING,4390.00,31.50,1780.00,12.42,10.00,10.95,0.0,-1.5708,0.0
BUILDING,4390.00,41.50,1780.00,12.42,10.00,10.95,0.0,-1.5708,0.0
BUILDING,4390.00,51.50,1780.00,12.42,10.00,10.95,0.0,-1.5708,0.0
BUILDING,4390.00,61.50,1780.00,12.42,10.00,10.95,0.0,-1.5708,0.0
BUILDING,4390.00,71.50,1780.00,12.42,10.00,10.95,0.0,-1.5708,0.0
BUILDING,4390.00,81.50,1780.00,12.42,10.00,10.95,0.0,-1.5708,0.0
BUILDING,4390.00,91.50,1780.00,12.42,10.00,10.95,0.0,-1.5708,0.0
BUILDING,4390.00,5.89,340.00,9.06,10.00,13.64,0.0,-1.5708,0.0
BUILDING,4390.00,15.89,340.00,9.06,10.00,13.64,0.0,-1.5708,0.0
BUILDING,4390.00,25.89,340.00,9.06,10.00,13.64,0.0,-1.5708,0.0
BUILDING,4390.00,35.89,340.00,9.06,10.00,13.64,0.0,-1.5708,0.0
BUILDING,4390.00,45.89,340.00,9.06,10.00,13.64,0.0,-1.5708,0.0
BUILDING,4390.00,55.89,340.00,9.06,10.00,13.64,0.0,-1.5708,0.0
BUILDING,4390.00,65.89,340.00,9.06,10.00,13.64,0.0,-1.5708,0.0
BUILDING,4390.00,75.89,340.00,9.06,10.00,13.64,0.0,-1.5708,0.0
BUILDING,4390.00,85.89,340.00,9.06,10.00,13.64,0.0,-1.5708,0.0
BUILDING,4390.00,95.89,340.00,9.06,10.00,13.64,0.0,-1.5708,0.0
BUILDING,4390.00,105.89,340.00,9.06,10.00,13.64,0.0,-1.5708,0.0
BUILDING,4390.00,115.89,340.00,9.06,10.00,13.64,0.0,-1.5708,0.0
BUILDING,4390.00,-8.03,1860.00,12.41,10.00,9.21,0.0,-1.5708,0.0
BUILDING,4390.00,1.97,1860.00,12.41,10.00,9.21,0.0,-1.5708,0.0
BUILDING,4390.00,11.97,1860.00,12.41,10.00,9.21,0.0,-1.5708,0.0
BUILDING,4390.00,21.97,1860.00,12.41,10.00,9.21,0.0,-1.5708,0.0
BUILDING,4390.00,31.97,1860.00,12.41,10.00,9.21,0.0,-1.5708,0.0
BUILDING,4390.00,41.97,1860.00,12.41,10.00,9.21,0.0,-1.5708,0.0
BUILDING,4390.00,51.97,1860.00,12.41,10.00,9.21,0.0,-1.5708,0.0
BUILDING,4390.00,61.97,1860.00,12.41,10.00,9.21,0.0,-1.5708,0.0
BUILDING,4390.00,71.97,1860.00,12.41,10.00,9.21,0.0,-1.5708,0.0
BUILDING,4390.00,81.97,1860.00,12.41,10.00,9.21,0.0,-1.5708,0.0
BUILDING,4390.00,91.97,1860.00,12.41,10.00,9.21,0.0,-1.5708,0.0
BUILDING,4390.00,101.97,1860.00,12.41,10.00,9.21,0.0,-1.5708,0.0
BUILDING,4390.00,5.59,260.00,12.05,10.00,12.26,0.0,-1.5708,0.0
BUILDING,4390.00,15.59,260.00,12.05,10.00,12.26,0.0,-1.5708,0.0
BUILDING,4390.00,25.59,260.00,12.05,10.00,12.26,0.0,-1.5708,0.0
BUILDING,4390.00,35.59,260.00,12.05,10.00,12.26,0.0,-1.5708,0.0
BUILDING,4390.00,45.59,260.00,12.05,10.00,12.26,0.0,-1.5708,0.0
BUILDING,4390.00,55.59,260.00,12.05,10.00,12.26,0.0,-1.5708,0.0
BUILDING,4390.00,65.59,260.00,12.05,10.00,12.26,0.0,-1.5708,0.0
BUILDING,4390.00,75.59,260.00,12.05,10.00,12.26,0.0,-1.5708,0.0
BUILDING,4390.00,85.59,260.00,12.05,10.00,12.26,0.0,-1.5708,0.0
BUILDING,4390.00,95.59,260.00,12.05,10.00,12.26,0.0,-1.5708,0.0
BUILDING,4390.00,105.59,260.00,12.05,10.00,12.26,0.0,-1.5708,0.0
BUILDING,4390.00,115.59,260.00,12.05,10.00,12.26,0.0,-1.5708,0.0
BUILDING,4390.00,-7.13,1940.00,10.28,10.00,11.92,0.0,-1.5708,0.0
BUILDING,4390.00,2.87,1940.00,10.28,10.00,11.92,0.0,-1.5708,0.0
BUILDING,4390.00,12.87,1940.00,10.28,10.00,11.92,0.0,-1.5708,0.0
BUILDING,4390.00,22.87,1940.00,10.28,10.00,11.92,0.0,-1.5708,0.0
BUILDING,4390.00,32.87,1940.00,10.28,10.00,11.92,0.0,-1.5708,0.0
BUILDING,4390.00,42.87,1940.00,10.28,10.00,11.92,0.0,-1.5708,0.0
BUILDING,4390.00,52.87,1940.00,10.28,10.00,11.92,0.0,-1.5708,0.0
BUILDING,4390.00,62.87,1940.00,10.28,10.00,11.92,0.0,-1.5708,0.0
BUILDING,4390.00,72.87,1940.00,10.28,10.00,11.92,0.0,-1.5708,0.0
BUILDING,4390.00,3.43,180.00,12.67,10.00,11.94,0.0,-1.5708,0.0
BUILDING,4390.00,13.43,180.00,12.67,10.00,11.94,0.0,-1.5708,0.0
BUILDING,4390.00,23.43,180.00,12.67,10.00,11.94,0.0,-1.5708,0.0
BUILDING,4390.00,33.43,180.00,12.67,10.00,11.94,0.0,-1.5708,0.0
BUILDING,4390.00,43.43,180.00,12.67,10.00,11.94,0.0,-1.5708,0.0
BUILDING,4390.00,53.43,180.00,12.67,10.00,11.94,0.0,-1.5708,0.0
BUILDING,4390.00,63.43,180.00,12.67,10.00,11.94,0.0,-1.5708,0.0
BUILDING,4390.00,73.43,180.00,12.67,10.00,11.94,0.0,-1.5708,0.0
BUILDING,4390.00,83.43,180.00,12.67,10.00,11.94,0.0,-1.5708,0.0
BUILDING,4390.00,93.43,180.00,12.67,10.00,11.94,0.0,-1.5708,0.0
BUILDING,4390.00,103.43,180.00,12.67,10.00,11.94,0.0,-1.5708,0.0
BUILDING,4390.00,113.43,180.00,12.67,10.00,11.94,0.0,-1.5708,0.0
BUILDING,4390.00,-5.68,2020.00,13.97,10.00,10.57,0.0,-1.5708,0.0
BUILDING,4390.00,4.32,2020.00,13.97,10.00,10.57,0.0,-1.5708,0.0
BUILDING,4390.00,14.32,2020.00,13.97,10.00,10.57,0.0,-1.5708,0.0
BUILDING,4390.00,24.32,2020.00,13.97,10.00,10.57,0.0,-1.5708,0.0
BUILDING,4390.00,34.32,2020.00,13.97,10.00,10.57,0.0,-1.5708,0.0
BUILDING,4390.00,44.32,2020.00,13.97,10.00,10.57,0.0,-1.5708,0.0
BUILDING,4390.00,54.32,2020.00,13.97,10.00,10.57,0.0,-1.5708,0.0
BUILDING,4390.00,64.32,2020.00,13.97,10.00,10.57,0.0,-1.5708,0.0
BUILDING,4390.00,74.32,2020.00,13.97,10.00,10.57,0.0,-1.5708,0.0
BUILDING,4390.00,84.32,2020.00,13.97,10.00,10.57,0.0,-1.5708,0.0
BUILDING,4390.00,94.32,2020.00,13.97,10.00,10.57,0.0,-1.5708,0.0
BUILDING,4390.00,104.32,2020.00,13.97,10.00,10.57,0.0,-1.5708,0.0
BUILDING,4470.00,-13.05,900.00,10.10,10.00,10.42,0.0,-1.5708,0.0
BUILDING,4470.00,-3.05,900.00,10.10,10.00,10.42,0.0,-1.5708,0.0
BUILDING,4470.00,6.95,900.00,10.10,10.00,10.42,0.0,-1.5708,0.0
BUILDING,4470.00,-13.74,1300.00,9.28,10.00,11.97,0.0,-1.5708,0.0
BUILDING,4470.00,-10.78,820.00,12.19,10.00,12.54,0.0,-1.5708,0.0
BUILDING,4470.00,-0.78,820.00,12.19,10.00,12.54,0.0,-1.5708,0.0
BUILDING,4470.00,9.22,820.00,12.19,10.00,12.54,0.0,-1.5708,0.0
BUILDING,4470.00,19.22,820.00,12.19,10.00,12.54,0.0,-1.5708,0.0
BUILDING,4470.00,29.22,820.00,12.19,10.00,12.54,0.0,-1.5708,0.0
BUILDING,4470.00,39.22,820.00,12.19,10.00,12.54,0.0,-1.5708,0.0
BUILDING,4470.00,49.22,820.00,12.19,10.00,12.54,0.0,-1.5708,0.0
BUILDING,4470.00,59.22,820.00,12.19,10.00,12.54,0.0,-1.5708,0.0
BUILDING,4470.00,69.22,820.00,12.19,10.00,12.54,0.0,-1.5708,0.0
BUILDING,4470.00,79.22,820.00,12.19,10.00,12.54,0.0,-1.5708,0.0
BUILDING,4470.00,89.22,820.00,12.19,10.00,12.54,0.0,-1.5708,0.0
BUILDING,4470.00,-7.50,740.00,12.82,10.00,12.24,0.0,-1.5708,0.0
BUILDING,4470.00,2.50,740.00,12.82,10.00,12.24,0.0,-1.5708,0.0
BUILDING,4470.00,12.50,740.00,12.82,10.00,12.24,0.0,-1.5708,0.0
BUILDING,4470.00,22.50,740.00,12.82,10.00,12.24,0.0,-1.5708,0.0
BUILDING,4470.00,32.50,740.00,12.82,10.00,12.24,0.0,-1.5708,0.0
BUILDING,4470.00,42.50,740.00,12.82,10.00,12.24,0.0,-1.5708,0.0
BUILDING,4470.00,52.50,740.00,12.82,10.00,12.24,0.0,-1.5708,0.0
BUILDING,4470.00,62.50,740.00,12.82,10.00,12.24,0.0,-1.5708,0.0
BUILDING,4470.00,72.50,740.00,12.82,10.00,12.24,0.0,-1.5708,0.0
BUILDING,4470.00,82.50,740.00,12.82,10.00,12.24,0.0,-1.5708,0.0
BUILDING,4470.00,92.50,740.00,12.82,10.00,12.24,0.0,-1.5708,0.0
BUILDING,4470.00,102.50,740.00,12.82,10.00,12.24,0.0,-1.5708,0.0
BUILDING,4470.00,-11.03,1460.00,12.48,10.00,10.27,0.0,-1.5708,0.0
BUILDING,4470.00,-1.03,1460.00,12.48,10.00,10.27,0.0,-1.5708,0.0
BUILDING,4470.00,8.97,1460.00,12.48,10.00,10.27,0.0,-1.5708,0.0
BUILDING,4470.00,18.97,1460.00,12.48,10.00,10.27,0.0,-1.5708,0.0
BUILDING,4470.00,28.97,1460.00,12.48,10.00,10.27,0.0,-1.5708,0.0
BUILDING,4470.00,38.97,1460.00,12.48,10.00,10.27,0.0,-1.5708,0.0
BUILDING,4470.00,48.97,1460.00,12.48,10.00,10.27,0.0,-1.5708,0.0
BUILDING,4470.00,-9.25,1540.00,12.85,10.00,12.46,0.0,-1.5708,0.0
BUILDING,4470.00,0.75,1540.00,12.85,10.00,12.46,0.0,-1.5708,0.0
BUILDING,4470.00,10.75,1540.00,12.85,10.00,12.46,0.0,-1.5708,0.0
BUILDING,4470.00,20.75,1540.00,12.85,10.00,12.46,0.0,-1.5708,0.0
BUILDING,4470.00,30.75,1540.00,12.85,10.00,12.46,0.0,-1.5708,0.0
BUILDING,4470.00,40.75,1540.00,12.85,10.00,12.46,0.0,-1.5708,0.0
BUILDING,4470.00,50.75,1540.00,12.85,10.00,12.46,0.0,-1.5708,0.0
BUILDING,4470.00,60.75,1540.00,12.85,10.00,12.46,0.0,-1.5708,0.0
BUILDING,4470.00,70.75,1540.00,12.85,10.00,12.46,0.0,-1.5708,0.0
BUILDING,4470.00,80.75,1540.00,12.85,10.00,12.46,0.0,-1.5708,0.0
BUILDING,4470.00,-7.41,1620.00,10.39,10.00,9.31,0.0,-1.5708,0.0
BUILDING,4470.00,2.59,1620.00,10.39,10.00,9.31,0.0,-1.5708,0.0
BUILDING,4470.00,12.59,1620.00,10.39,10.00,9.31,0.0,-1.5708,0.0
BUILDING,4470.00,22.59,1620.00,10.39,10.00,9.31,0.0,-1.5708,0.0
BUILDING,4470.00,32.59,1620.00,10.39,10.00,9.31,0.0,-1.5708,0.0
BUILDING,4470.00,42.59,1620.00,10.39,10.00,9.31,0.0,-1.5708,0.0
BUILDING,4470.00,52.59,1620.00,10.39,10.00,9.31,0.0,-1.5708,0.0
BUILDING,4470.00,62.59,1620.00,10.39,10.00,9.31,0.0,-1.5708,0.0
BUILDING,4470.00,72.59,1620.00,10.39,10.00,9.31,0.0,-1.5708,0.0
BUILDING,4470.00,-5.75,1700.00,9.89,10.00,9.35,0.0,-1.5708,0.0
BUILDING,4470.00,4.25,1700.00,9.89,10.00,9.35,0.0,-1.5708,0.0
BUILDING,4470.00,14.25,1700.00,9.89,10.00,9.35,0.0,-1.5708,0.0
BUILDING,4470.00,24.25,1700.00,9.89,10.00,9.35,0.0,-1.5708,0.0
BUILDING,4470.00,34.25,1700.00,9.89,10.00,9.35,0.0,-1.5708,0.0
BUILDING,4470.00,44.25,1700.00,9.89,10.00,9.35,0.0,-1.5708,0.0
BUILDING,4470.00,54.25,1700.00,9.89,10.00,9.35,0.0,-1.5708,0.0
BUILDING,4470.00,64.25,1700.00,9.89,10.00,9.35,0.0,-1.5708,0.0
BUILDING,4470.00,74.25,1700.00,9.89,10.00,9.35,0.0,-1.5708,0.0
BUILDING,4470.00,84.25,1700.00,9.89,10.00,9.35,0.0,-1.5708,0.0
BUILDING,4470.00,94.25,1700.00,9.89,10.00,9.35,0.0,-1.5708,0.0
BUILDING,4470.00,7.54,420.00,9.89,10.00,11.46,0.0,-1.5708,0.0
BUILDING,4470.00,17.54,420.00,9.89,10.00,11.46,0.0,-1.5708,0.0
BUILDING,4470.00,27.54,420.00,9.89,10.00,11.46,0.0,-1.5708,0.0
BUILDING,4470.00,37.54,420.00,9.89,10.00,11.46,0.0,-1.5708,0.0
BUILDING,4470.00,47.54,420.00,9.89,10.00,11.46,0.0,-1.5708,0.0
BUILDING,4470.00,57.54,420.00,9.89,10.00,11.46,0.0,-1.5708,0.0
BUILDING,4470.00,67.54,420.00,9.89,10.00,11.46,0.0,-1.5708,0.0
BUILDING,4470.00,77.54,420.00,9.89,10.00,11.46,0.0,-1.5708,0.0
BUILDING,4470.00,87.54,420.00,9.89,10.00,11.46,0.0,-1.5708,0.0
BUILDING,4470.00,97.54,420.00,9.89,10.00,11.46,0.0,-1.5708,0.0
BUILDING,4470.00,107.54,420.00,9.89,10.00,11.46,0.0,-1.5708,0.0
BUILDING,4470.00,117.54,420.00,9.89,10.00,11.46,0.0,-1.5708,0.0
BUILDING,4470.00,8.15,340.00,9.53,10.00,11.21,0.0,-1.5708,0.0
BUILDING,4470.00,18.15,340.00,9.53,10.00,11.21,0.0,-1.5708,0.0
BUILDING,4470.00,28.15,340.00,9.53,10.00,11.21,0.0,-1.5708,0.0
BUILDING,4470.00,38.15,340.00,9.53,10.00,11.21,0.0,-1.5708,0.0
BUILDING,4470.00,48.15,340.00,9.53,10.00,11.21,0.0,-1.5708,0.0
BUILDING,4470.00,58.15,340.00,9.53,10.00,11.21,0.0,-1.5708,0.0
BUILDING,4470.00,68.15,340.00,9.53,10.00,11.21,0.0,-1.5708,0.0
BUILDING,4470.00,78.15,340.00,9.53,10.00,11.21,0.0,-1.5708,0.0
BUILDING,4470.00,88.15,340.00,9.53,10.00,11.21,0.0,-1.5708,0.0
BUILDING,4470.00,98.15,340.00,9.53,10.00,11.21,0.0,-1.5708,0.0
BUILDING,4470.00,108.15,340.00,9.53,10.00,11.21,0.0,-1.5708,0.0
BUILDING,4470.00,118.15,340.00,9.53,10.00,11.21,0.0,-1.5708,0.0
BUILDING,4470.00,-3.46,1860.00,11.86,10.00,10.25,0.0,-1.5708,0.0
BUILDING,4470.00,6.54,1860.00,11.86,10.00,10.25,0.0,-1.5708,0.0
BUILDING,4470.00,16.54,1860.00,11.86,10.00,10.25,0.0,-1.5708,0.0
BUILDING,4470.00,26.54,1860.00,11.86,10.00,10.25,0.0,-1.5708,0.0
BUILDING,4470.00,36.54,1860.00,11.86,10.00,10.25,0.0,-1.5708,0.0
BUILDING,4470.00,46.54,1860.00,11.86,10.00,10.25,0.0,-1.5708,0.0
BUILDING,4470.00,56.54,1860.00,11.86,10.00,10.25,0.0,-1.5708,0.0
BUILDING,4470.00,66.54,1860.00,11.86,10.00,10.25,0.0,-1.5708,0.0
BUILDING,4470.00,76.54,1860.00,11.86,10.00,10.25,0.0,-1.5708,0.0
BUILDING,4470.00,86.54,1860.00,11.86,10.00,10.25,0.0,-1.5708,0.0
BUILDING,4470.00,-2.84,1940.00,9.00,10.00,9.19,0.0,-1.5708,0.0
BUILDING,4470.00,7.16,1940.00,9.00,10.00,9.19,0.0,-1.5708,0.0
BUILDING,4470.00,17.16,1940.00,9.00,10.00,9.19,0.0,-1.5708,0.0
BUILDING,4470.00,27.16,1940.00,9.00,10.00,9.19,0.0,-1.5708,0.0
BUILDING,4470.00,37.16,1940.00,9.00,10.00,9.19,0.0,-1.5708,0.0
BUILDING,4470.00,47.16,1940.00,9.00,10.00,9.19,0.0,-1.5708,0.0
BUILDING,4470.00,57.16,1940.00,9.00,10.00,9.19,0.0,-1.5708,0.0
BUILDING,4470.00,67.16,1940.00,9.00,10.00,9.19,0.0,-1.5708,0.0
BUILDING,4470.00,77.16,1940.00,9.00,10.00,9.19,0.0,-1.5708,0.0
BUILDING,4470.00,87.16,1940.00,9.00,10.00,9.19,0.0,-1.5708,0.0
BUILDING,4470.00,97.16,1940.00,9.00,10.00,9.19,0.0,-1.5708,0.0
BUILDING,4470.00,107.16,1940.00,9.00,10.00,9.19,0.0,-1.5708,0.0
BUILDING,4470.00,2.76,180.00,13.52,10.00,11.87,0.0,-1.5708,0.0
BUILDING,4470.00,12.76,180.00,13.52,10.00,11.87,0.0,-1.5708,0.0
BUILDING,4470.00,22.76,180.00,13.52,10.00,11.87,0.0,-1.5708,0.0
BUILDING,4470.00,32.76,180.00,13.52,10.00,11.87,0.0,-1.5708,0.0
BUILDING,4470.00,42.76,180.00,13.52,10.00,11.87,0.0,-1.5708,0.0
BUILDING,4470.00,52.76,180.00,13.52,10.00,11.87,0.0,-1.5708,0.0
BUILDING,4470.00,62.76,180.00,13.52,10.00,11.87,0.0,-1.5708,0.0
BUILDING,4470.00,72.76,180.00,13.52,10.00,11.87,0.0,-1.5708,0.0
BUILDING,4470.00,82.76,180.00,13.52,10.00,11.87,0.0,-1.5708,0.0
BUILDING,4470.00,92.76,180.00,13.52,10.00,11.87,0.0,-1.5708,0.0
BUILDING,4470.00,102.76,180.00,13.52,10.00,11.87,0.0,-1.5708,0.0
BUILDING,4470.00,112.76,180.00,13.52,10.00,11.87,0.0,-1.5708,0.0
BUILDING,4550.00,-14.94,1060.00,11.02,10.00,12.64,0.0,-1.5708,0.0
BUILDING,4550.00,-4.94,1060.00,11.02,10.00,12.64,0.0,-1.5708,0.0
BUILDING,4550.00,5.06,1060.00,11.02,10.00,12.64,0.0,-1.5708,0.0
BUILDING,4550.00,15.06,1060.00,11.02,10.00,12.64,0.0,-1.5708,0.0
BUILDING,4550.00,-14.95,1140.00,9.02,10.00,13.77,0.0,-1.5708,0.0
BUILDING,4550.00,-4.95,1140.00,9.02,10.00,13.77,0.0,-1.5708,0.0
BUILDING,4550.00,-14.31,980.00,10.67,10.00,10.51,0.0,-1.5708,0.0
BUILDING,4550.00,-4.31,980.00,10.67,10.00,10.51,0.0,-1.5708,0.0
BUILDING,4550.00,5.69,980.00,10.67,10.00,10.51,0.0,-1.5708,0.0
BUILDING,4550.00,-12.71,900.00,11.67,10.00,13.80,0.0,-1.5708,0.0
BUILDING,4550.00,-2.71,900.00,11.67,10.00,13.80,0.0,-1.5708,0.0
BUILDING,4550.00,7.29,900.00,11.67,10.00,13.80,0.0,-1.5708,0.0
BUILDING,4550.00,-14.20,1300.00,12.24,10.00,9.88,0.0,-1.5708,0.0
BUILDING,4550.00,-4.20,1300.00,12.24,10.00,9.88,0.0,-1.5708,0.0
BUILDING,4550.00,5.80,1300.00,12.24,10.00,9.88,0.0,-1.5708,0.0
BUILDING,4550.00,-9.90,820.00,10.49,10.00,10.95,0.0,-1.5708,0.0
BUILDING,4550.00,0.10,820.00,10.49,10.00,10.95,0.0,-1.5708,0.0
BUILDING,4550.00,10.10,820.00,10.49,10.00,10.95,0.0,-1.5708,0.0
BUILDING,4550.00,20.10,820.00,10.49,10.00,10.95,0.0,-1.5708,0.0
BUILDING,4550.00,30.10,820.00,10.49,10.00,10.95,0.0,-1.5708,0.0
BUILDING,4550.00,40.10,820.00,10.49,10.00,10.95,0.0,-1.5708,0.0
BUILDING,4550.00,50.10,820.00,10.49,10.00,10.95,0.0,-1.5708,0.0
BUILDING,4550.00,60.10,820.00,10.49,10.00,10.95,0.0,-1.5708,0.0
BUILDING,4550.00,70.10,820.00,10.49,10.00,10.95,0.0,-1.5708,0.0
BUILDING,4550.00,-13.41,1380.00,9.42,10.00,12.16,0.0,-1.5708,0.0
BUILDING,4550.00,-3.41,1380.00,9.42,10.00,12.16,0.0,-1.5708,0.0
BUILDING,4550.00,6.59,1380.00,9.42,10.00,12.16,0.0,-1.5708,0.0
BUILDING,4550.00,16.59,1380.00,9.42,10.00,12.16,0.0,-1.5708,0.0
BUILDING,4550.00,26.59,1380.00,9.42,10.00,12.16,0.0,-1.5708,0.0
BUILDING,4550.00,36.59,1380.00,9.42,10.00,12.16,0.0,-1.5708,0.0
BUILDING,4550.00,46.59,1380.00,9.42,10.00,12.16,0.0,-1.5708,0.0
BUILDING,4550.00,56.59,1380.00,9.42,10.00,12.16,0.0,-1.5708,0.0
BUILDING,4550.00,66.59,1380.00,9.42,10.00,12.16,0.0,-1.5708,0.0
BUILDING,4550.00,-5.96,740.00,9.13,10.00,13.98,0.0,-1.5708,0.0
BUILDING,4550.00,4.04,740.00,9.13,10.00,13.98,0.0,-1.5708,0.0
BUILDING,4550.00,14.04,740.00,9.13,10.00,13.98,0.0,-1.5708,0.0
BUILDING,4550.00,24.04,740.00,9.13,10.00,13.98,0.0,-1.5708,0.0
BUILDING,4550.00,34.04,740.00,9.13,10.00,13.98,0.0,-1.5708,0.0
BUILDING,4550.00,44.04,740.00,9.13,10.00,13.98,0.0,-1.5708,0.0
BUILDING,4550.00,54.04,740.00,9.13,10.00,13.98,0.0,-1.5708,0.0
BUILDING,4550.00,64.04,740.00,9.13,10.00,13.98,0.0,-1.5708,0.0
BUILDING,4550.00,74.04,740.00,9.13,10.00,13.98,0.0,-1.5708,0.0
BUILDING,4550.00,84.04,740.00,9.13,10.00,13.98,0.0,-1.5708,0.0
BUILDING,4550.00,-12.09,1460.00,12.22,10.00,11.50,0.0,-1.5708,0.0
BUILDING,4550.00,-2.09,1460.00,12.22,10.00,11.50,0.0,-1.5708,0.0
BUILDING,4550.00,7.91,1460.00,12.22,10.00,11.50,0.0,-1.5708,0.0
BUILDING,4550.00,17.91,1460.00,12.22,10.00,11.50,0.0,-1.5708,0.0
BUILDING,4550.00,27.91,1460.00,12.22,10.00,11.50,0.0,-1.5708,0.0
BUILDING,4550.00,37.91,1460.00,12.22,10.00,11.50,0.0,-1.5708,0.0
BUILDING,4550.00,47.91,1460.00,12.22,10.00,11.50,0.0,-1.5708,0.0
BUILDING,4550.00,57.91,1460.00,12.22,10.00,11.50,0.0,-1.5708,0.0
BUILDING,4550.00,67.91,1460.00,12.22,10.00,11.50,0.0,-1.5708,0.0
BUILDING,4550.00,77.91,1460.00,12.22,10.00,11.50,0.0,-1.5708,0.0
BUILDING,4550.00,87.91,1460.00,12.22,10.00,11.50,0.0,-1.5708,0.0
BUILDING,4550.00,3.19,580.00,9.28,10.00,12.94,0.0,-1.5708,0.0
BUILDING,4550.00,13.19,580.00,9.28,10.00,12.94,0.0,-1.5708,0.0
BUILDING,4550.00,23.19,580.00,9.28,10.00,12.94,0.0,-1.5708,0.0
BUILDING,4550.00,33.19,580.00,9.28,10.00,12.94,0.0,-1.5708,0.0
BUILDING,4550.00,43.19,580.00,9.28,10.00,12.94,0.0,-1.5708,0.0
BUILDING,4550.00,53.19,580.00,9.28,10.00,12.94,0.0,-1.5708,0.0
BUILDING,4550.00,63.19,580.00,9.28,10.00,12.94,0.0,-1.5708,0.0
BUILDING,4550.00,73.19,580.00,9.28,10.00,12.94,0.0,-1.5708,0.0
BUILDING,4550.00,83.19,580.00,9.28,10.00,12.94,0.0,-1.5708,0.0
BUILDING,4550.00,93.19,580.00,9.28,10.00,12.94,0.0,-1.5708,0.0
BUILDING,4550.00,103.19,580.00,9.28,10.00,12.94,0.0,-1.5708,0.0
BUILDING,4550.00,113.19,580.00,9.28,10.00,12.94,0.0,-1.5708,0.0
BUILDING,4550.00,-7.62,1620.00,12.34,10.00,11.29,0.0,-1.5708,0.0
BUILDING,4550.00,2.38,1620.00,12.34,10.00,11.29,0.0,-1.5708,0.0
BUILDING,4550.00,12.38,1620.00,12.34,10.00,11.29,0.0,-1.5708,0.0
BUILDING,4550.00,22.38,1620.00,12.34,10.00,11.29,0.0,-1.5708,0.0
BUILDING,4550.00,32.38,1620.00,12.34,10.00,11.29,0.0,-1.5708,0.0
BUILDING,4550.00,42.38,1620.00,12.34,10.00,11.29,0.0,-1.5708,0.0
BUILDING,4550.00,52.38,1620.00,12.34,10.00,11.29,0.0,-1.5708,0.0
BUILDING,4550.00,62.38,1620.00,12.34,10.00,11.29,0.0,-1.5708,0.0
BUILDING,4550.00,72.38,1620.00,12.34,10.00,11.29,0.0,-1.5708,0.0
BUILDING,4550.00,82.38,1620.00,12.34,10.00,11.29,0.0,-1.5708,0.0
BUILDING,4550.00,92.38,1620.00,12.34,10.00,11.29,0.0,-1.5708,0.0
BUILDING,4550.00,102.38,1620.00,12.34,10.00,11.29,0.0,-1.5708,0.0
BUILDING,4550.00,-4.81,1700.00,10.16,10.00,9.36,0.0,-1.5708,0.0
BUILDING,4550.00,5.19,1700.00,10.16,10.00,9.36,0.0,-1.5708,0.0
BUILDING,4550.00,15.19,1700.00,10.16,10.00,9.36,0.0,-1.5708,0.0
BUILDING,4550.00,25.19,1700.00,10.16,10.00,9.36,0.0,-1.5708,0.0
BUILDING,4550.00,35.19,1700.00,10.16,10.00,9.36,0.0,-1.5708,0.0
BUILDING,4550.00,45.19,1700.00,10.16,10.00,9.36,0.0,-1.5708,0.0
BUILDING,4550.00,55.19,1700.00,10.16,10.00,9.36,0.0,-1.5708,0.0
BUILDING,4550.00,65.19,1700.00,10.16,10.00,9.36,0.0,-1.5708,0.0
BUILDING,4550.00,75.19,1700.00,10.16,10.00,9.36,0.0,-1.5708,0.0
BUILDING,4550.00,85.19,1700.00,10.16,10.00,9.36,0.0,-1.5708,0.0
BUILDING,4550.00,95.19,1700.00,10.16,10.00,9.36,0.0,-1.5708,0.0
BUILDING,4550.00,105.19,1700.00,10.16,10.00,9.36,0.0,-1.5708,0.0
BUILDING,4550.00,8.23,420.00,11.36,10.00,13.59,0.0,-1.5708,0.0
BUILDING,4550.00,18.23,420.00,11.36,10.00,13.59,0.0,-1.5708,0.0
BUILDING,4550.00,28.23,420.00,11.36,10.00,13.59,0.0,-1.5708,0.0
BUILDING,4550.00,38.23,420.00,11.36,10.00,13.59,0.0,-1.5708,0.0
BUILDING,4550.00,48.23,420.00,11.36,10.00,13.59,0.0,-1.5708,0.0
BUILDING,4550.00,58.23,420.00,11.36,10.00,13.59,0.0,-1.5708,0.0
BUILDING,4550.00,68.23,420.00,11.36,10.00,13.59,0.0,-1.5708,0.0
BUILDING,4550.00,78.23,420.00,11.36,10.00,13.59,0.0,-1.5708,0.0
BUILDING,4550.00,88.23,420.00,11.36,10.00,13.59,0.0,-1.5708,0.0
BUILDING,4550.00,98.23,420.00,11.36,10.00,13.59,0.0,-1.5708,0.0
BUILDING,4550.00,108.23,420.00,11.36,10.00,13.59,0.0,-1.5708,0.0
BUILDING,4550.00,118.23,420.00,11.36,10.00,13.59,0.0,-1.5708,0.0
BUILDING,4550.00,7.42,340.00,12.16,10.00,13.52,0.0,-1.5708,0.0
BUILDING,4550.00,17.42,340.00,12.16,10.00,13.52,0.0,-1.5708,0.0
BUILDING,4550.00,27.42,340.00,12.16,10.00,13.52,0.0,-1.5708,0.0
BUILDING,4550.00,37.42,340.00,12.16,10.00,13.52,0.0,-1.5708,0.0
BUILDING,4550.00,47.42,340.00,12.16,10.00,13.52,0.0,-1.5708,0.0
BUILDING,4550.00,57.42,340.00,12.16,10.00,13.52,0.0,-1.5708,0.0
BUILDING,4550.00,67.42,340.00,12.16,10.00,13.52,0.0,-1.5708,0.0
BUILDING,4550.00,77.42,340.00,12.16,10.00,13.52,0.0,-1.5708,0.0
BUILDING,4550.00,87.42,340.00,12.16,10.00,13.52,0.0,-1.5708,0.0
BUILDING,4550.00,97.42,340.00,12.16,10.00,13.52,0.0,-1.5708,0.0
BUILDING,4550.00,107.42,340.00,12.16,10.00,13.52,0.0,-1.5708,0.0
BUILDING,4550.00,117.42,340.00,12.16,10.00,13.52,0.0,-1.5708,0.0
BUILDING,4550.00,0.06,1860.00,9.85,10.00,11.96,0.0,-1.5708,0.0
BUILDING,4550.00,10.06,1860.00,9.85,10.00,11.96,0.0,-1.5708,0.0
BUILDING,4550.00,20.06,1860.00,9.85,10.00,11.96,0.0,-1.5708,0.0
BUILDING,4550.00,30.06,1860.00,9.85,10.00,11.96,0.0,-1.5708,0.0
BUILDING,4550.00,40.06,1860.00,9.85,10.00,11.96,0.0,-1.5708,0.0
BUILDING,4550.00,50.06,1860.00,9.85,10.00,11.96,0.0,-1.5708,0.0
BUILDING,4550.00,60.06,1860.00,9.85,10.00,11.96,0.0,-1.5708,0.0
BUILDING,4550.00,70.06,1860.00,9.85,10.00,11.96,0.0,-1.5708,0.0
BUILDING,4550.00,80.06,1860.00,9.85,10.00,11.96,0.0,-1.5708,0.0
BUILDING,4550.00,90.06,1860.00,9.85,10.00,11.96,0.0,-1.5708,0.0
BUILDING,4550.00,100.06,1860.00,9.85,10.00,11.96,0.0,-1.5708,0.0
BUILDING,4550.00,110.06,1860.00,9.85,10.00,11.96,0.0,-1.5708,0.0
BUILDING,4550.00,4.30,260.00,11.97,10.00,12.08,0.0,-1.5708,0.0
BUILDING,4550.00,14.30,260.00,11.97,10.00,12.08,0.0,-1.5708,0.0
BUILDING,4550.00,24.30,260.00,11.97,10.00,12.08,0.0,-1.5708,0.0
BUILDING,4550.00,34.30,260.00,11.97,10.00,12.08,0.0,-1.5708,0.0
BUILDING,4550.00,44.30,260.00,11.97,10.00,12.08,0.0,-1.5708,0.0
BUILDING,4550.00,54.30,260.00,11.97,10.00,12.08,0.0,-1.5708,0.0
BUILDING,4550.00,64.30,260.00,11.97,10.00,12.08,0.0,-1.5708,0.0
BUILDING,4550.00,74.30,260.00,11.97,10.00,12.08,0.0,-1.5708,0.0
BUILDING,4550.00,84.30,260.00,11.97,10.00,12.08,0.0,-1.5708,0.0
BUILDING,4550.00,94.30,260.00,11.97,10.00,12.08,0.0,-1.5708,0.0
BUILDING,4550.00,104.30,260.00,11.97,10.00,12.08,0.0,-1.5708,0.0
BUILDING,4550.00,114.30,260.00,11.97,10.00,12.08,0.0,-1.5708,0.0
BUILDING,4550.00,1.36,1940.00,13.06,10.00,13.91,0.0,-1.5708,0.0
BUILDING,4550.00,11.36,1940.00,13.06,10.00,13.91,0.0,-1.5708,0.0
BUILDING,4550.00,21.36,1940.00,13.06,10.00,13.91,0.0,-1.5708,0.0
BUILDING,4550.00,31.36,1940.00,13.06,10.00,13.91,0.0,-1.5708,0.0
BUILDING,4550.00,41.36,1940.00,13.06,10.00,13.91,0.0,-1.5708,0.0
BUILDING,4550.00,51.36,1940.00,13.06,10.00,13.91,0.0,-1.5708,0.0
BUILDING,4550.00,61.36,1940.00,13.06,10.00,13.91,0.0,-1.5708,0.0
BUILDING,4550.00,71.36,1940.00,13.06,10.00,13.91,0.0,-1.5708,0.0
BUILDING,4550.00,81.36,1940.00,13.06,10.00,13.91,0.0,-1.5708,0.0
BUILDING,4550.00,91.36,1940.00,13.06,10.00,13.91,0.0,-1.5708,0.0
BUILDING,4550.00,101.36,1940.00,13.06,10.00,13.91,0.0,-1.5708,0.0
BUILDING,4550.00,111.36,1940.00,13.06,10.00,13.91,0.0,-1.5708,0.0
BUILDING,4550.00,-0.38,180.00,11.88,10.00,9.69,0.0,-1.5708,0.0
BUILDING,4550.00,9.62,180.00,11.88,10.00,9.69,0.0,-1.5708,0.0
BUILDING,4550.00,19.62,180.00,11.88,10.00,9.69,0.0,-1.5708,0.0
BUILDING,4550.00,29.62,180.00,11.88,10.00,9.69,0.0,-1.5708,0.0
BUILDING,4550.00,39.62,180.00,11.88,10.00,9.69,0.0,-1.5708,0.0
BUILDING,4550.00,49.62,180.00,11.88,10.00,9.69,0.0,-1.5708,0.0
BUILDING,4550.00,59.62,180.00,11.88,10.00,9.69,0.0,-1.5708,0.0
BUILDING,4550.00,69.62,180.00,11.88,10.00,9.69,0.0,-1.5708,0.0
BUILDING,4550.00,79.62,180.00,11.88,10.00,9.69,0.0,-1.5708,0.0
BUILDING,4550.00,89.62,180.00,11.88,10.00,9.69,0.0,-1.5708,0.0
BUILDING,4550.00,99.62,180.00,11.88,10.00,9.69,0.0,-1.5708,0.0
BUILDING,4550.00,109.62,180.00,11.88,10.00,9.69,0.0,-1.5708,0.0
BUILDING,4630.00,-12.24,900.00,9.84,10.00,10.85,0.0,-1.5708,0.0
BUILDING,4630.00,-2.24,900.00,9.84,10.00,10.85,0.0,-1.5708,0.0
BUILDING,4630.00,7.76,900.00,9.84,10.00,10.85,0.0,-1.5708,0.0
BUILDING,4630.00,17.76,900.00,9.84,10.00,10.85,0.0,-1.5708,0.0
BUILDING,4630.00,-14.57,1300.00,9.67,10.00,12.96,0.0,-1.5708,0.0
BUILDING,4630.00,-9.03,820.00,9.08,10.00,11.43,0.0,-1.5708,0.0
BUILDING,4630.00,0.97,820.00,9.08,10.00,11.43,0.0,-1.5708,0.0
BUILDING,4630.00,10.97,820.00,9.08,10.00,11.43,0.0,-1.5708,0.0
BUILDING,4630.00,20.97,820.00,9.08,10.00,11.43,0.0,-1.5708,0.0
BUILDING,4630.00,30.97,820.00,9.08,10.00,11.43,0.0,-1.5708,0.0
BUILDING,4630.00,40.97,820.00,9.08,10.00,11.43,0.0,-1.5708,0.0
BUILDING,4630.00,50.97,820.00,9.08,10.00,11.43,0.0,-1.5708,0.0
BUILDING,4630.00,60.97,820.00,9.08,10.00,11.43,0.0,-1.5708,0.0
BUILDING,4630.00,70.97,820.00,9.08,10.00,11.43,0.0,-1.5708,0.0
BUILDING,4630.00,-14.31,1380.00,12.53,10.00,11.97,0.0,-1.5708,0.0
BUILDING,4630.00,-4.31,1380.00,12.53,10.00,11.97,0.0,-1.5708,0.0
BUILDING,4630.00,5.69,1380.00,12.53,10.00,11.97,0.0,-1.5708,0.0
BUILDING,4630.00,15.69,1380.00,12.53,10.00,11.97,0.0,-1.5708,0.0
BUILDING,4630.00,25.69,1380.00,12.53,10.00,11.97,0.0,-1.5708,0.0
BUILDING,4630.00,35.69,1380.00,12.53,10.00,11.97,0.0,-1.5708,0.0
BUILDING,4630.00,-4.81,740.00,12.46,10.00,10.03,0.0,-1.5708,0.0
BUILDING,4630.00,5.19,740.00,12.46,10.00,10.03,0.0,-1.5708,0.0
BUILDING,4630.00,15.19,740.00,12.46,10.00,10.03,0.0,-1.5708,0.0
BUILDING,4630.00,25.19,740.00,12.46,10.00,10.03,0.0,-1.5708,0.0
BUILDING,4630.00,35.19,740.00,12.46,10.00,10.03,0.0,-1.5708,0.0
BUILDING,4630.00,45.19,740.00,12.46,10.00,10.03,0.0,-1.5708,0.0
BUILDING,4630.00,55.19,740.00,12.46,10.00,10.03,0.0,-1.5708,0.0
BUILDING,4630.00,65.19,740.00,12.46,10.00,10.03,0.0,-1.5708,0.0
BUILDING,4630.00,75.19,740.00,12.46,10.00,10.03,0.0,-1.5708,0.0
BUILDING,4630.00,85.19,740.00,12.46,10.00,10.03,0.0,-1.5708,0.0
BUILDING,4630.00,95.19,740.00,12.46,10.00,10.03,0.0,-1.5708,0.0
BUILDING,4630.00,105.19,740.00,12.46,10.00,10.03,0.0,-1.5708,0.0
BUILDING,4630.00,-13.62,1460.00,10.20,10.00,9.87,0.0,-1.5708,0.0
BUILDING,4630.00,-3.62,1460.00,10.20,10.00,9.87,0.0,-1.5708,0.0
BUILDING,4630.00,6.38,1460.00,10.20,10.00,9.87,0.0,-1.5708,0.0
BUILDING,4630.00,16.38,1460.00,10.20,10.00,9.87,0.0,-1.5708,0.0
BUILDING,4630.00,26.38,1460.00,10.20,10.00,9.87,0.0,-1.5708,0.0
BUILDING,4630.00,36.38,1460.00,10.20,10.00,9.87,0.0,-1.5708,0.0
BUILDING,4630.00,46.38,1460.00,10.20,10.00,9.87,0.0,-1.5708,0.0
BUILDING,4630.00,56.38,1460.00,10.20,10.00,9.87,0.0,-1.5708,0.0
BUILDING,4630.00,66.38,1460.00,10.20,10.00,9.87,0.0,-1.5708,0.0
BUILDING,4630.00,-0.28,660.00,11.50,10.00,13.75,0.0,-1.5708,0.0
BUILDING,4630.00,9.72,660.00,11.50,10.00,13.75,0.0,-1.5708,0.0
BUILDING,4630.00,19.72,660.00,11.50,10.00,13.75,0.0,-1.5708,0.0
BUILDING,4630.00,29.72,660.00,11.50,10.00,13.75,0.0,-1.5708,0.0
BUILDING,4630.00,39.72,660.00,11.50,10.00,13.75,0.0,-1.5708,0.0
BUILDING,4630.00,49.72,660.00,11.50,10.00,13.75,0.0,-1.5708,0.0
BUILDING,4630.00,59.72,660.00,11.50,10.00,13.75,0.0,-1.5708,0.0
BUILDING,4630.00,69.72,660.00,11.50,10.00,13.75,0.0,-1.5708,0.0
BUILDING,4630.00,79.72,660.00,11.50,10.00,13.75,0.0,-1.5708,0.0
BUILDING,4630.00,89.72,660.00,11.50,10.00,13.75,0.0,-1.5708,0.0
BUILDING,4630.00,99.72,660.00,11.50,10.00,13.75,0.0,-1.5708,0.0
BUILDING,4630.00,109.72,660.00,11.50,10.00,13.75,0.0,-1.5708,0.0
BUILDING,4630.00,3.63,580.00,11.79,10.00,9.96,0.0,-1.5708,0.0
BUILDING,4630.00,13.63,580.00,11.79,10.00,9.96,0.0,-1.5708,0.0
BUILDING,4630.00,23.63,580.00,11.79,10.00,9.96,0.0,-1.5708,0.0
BUILDING,4630.00,33.63,580.00,11.79,10.00,9.96,0.0,-1.5708,0.0
BUILDING,4630.00,43.63,580.00,11.79,10.00,9.96,0.0,-1.5708,0.0
BUILDING,4630.00,53.63,580.00,11.79,10.00,9.96,0.0,-1.5708,0.0
BUILDING,4630.00,63.63,580.00,11.79,10.00,9.96,0.0,-1.5708,0.0
BUILDING,4630.00,73.63,580.00,11.79,10.00,9.96,0.0,-1.5708,0.0
BUILDING,4630.00,83.63,580.00,11.79,10.00,9.96,0.0,-1.5708,0.0
BUILDING,4630.00,93.63,580.00,11.79,10.00,9.96,0.0,-1.5708,0.0
BUILDING,4630.00,103.63,580.00,11.79,10.00,9.96,0.0,-1.5708,0.0
BUILDING,4630.00,113.63,580.00,11.79,10.00,9.96,0.0,-1.5708,0.0
BUILDING,4630.00,6.01,500.00,11.54,10.00,11.32,0.0,-1.5708,0.0
BUILDING,4630.00,16.01,500.00,11.54,10.00,11.32,0.0,-1.5708,0.0
BUILDING,4630.00,26.01,500.00,11.54,10.00,11.32,0.0,-1.5708,0.0
BUILDING,4630.00,36.01,500.00,11.54,10.00,11.32,0.0,-1.5708,0.0
BUILDING,4630.00,46.01,500.00,11.54,10.00,11.32,0.0,-1.5708,0.0
BUILDING,4630.00,56.01,500.00,11.54,10.00,11.32,0.0,-1.5708,0.0
BUILDING,4630.00,66.01,500.00,11.54,10.00,11.32,0.0,-1.5708,0.0
BUILDING,4630.00,76.01,500.00,11.54,10.00,11.32,0.0,-1.5708,0.0
BUILDING,4630.00,86.01,500.00,11.54,10.00,11.32,0.0,-1.5708,0.0
BUILDING,4630.00,96.01,500.00,11.54,10.00,11.32,0.0,-1.5708,0.0
BUILDING,4630.00,106.01,500.00,11.54,10.00,11.32,0.0,-1.5708,0.0
BUILDING,4630.00,116.01,500.00,11.54,10.00,11.32,0.0,-1.5708,0.0
BUILDING,4630.00,-6.26,1700.00,9.97,10.00,12.98,0.0,-1.5708,0.0
BUILDING,4630.00,3.74,1700.00,9.97,10.00,12.98,0.0,-1.5708,0.0
BUILDING,4630.00,13.74,1700.00,9.97,10.00,12.98,0.0,-1.5708,0.0
BUILDING,4630.00,23.74,1700.00,9.97,10.00,12.98,0.0,-1.5708,0.0
BUILDING,4630.00,33.74,1700.00,9.97,10.00,12.98,0.0,-1.5708,0.0
BUILDING,4630.00,43.74,1700.00,9.97,10.00,12.98,0.0,-1.5708,0.0
BUILDING,4630.00,53.74,1700.00,9.97,10.00,12.98,0.0,-1.5708,0.0
BUILDING,4630.00,63.74,1700.00,9.97,10.00,12.98,0.0,-1.5708,0.0
BUILDING,4630.00,73.74,1700.00,9.97,10.00,12.98,0.0,-1.5708,0.0
BUILDING,4630.00,-2.45,1780.00,9.80,10.00,13.61,0.0,-1.5708,0.0
BUILDING,4630.00,7.55,1780.00,9.80,10.00,13.61,0.0,-1.5708,0.0
BUILDING,4630.00,17.55,1780.00,9.80,10.00,13.61,0.0,-1.5708,0.0
BUILDING,4630.00,27.55,1780.00,9.80,10.00,13.61,0.0,-1.5708,0.0
BUILDING,4630.00,37.55,1780.00,9.80,10.00,13.61,0.0,-1.5708,0.0
BUILDING,4630.00,47.55,1780.00,9.80,10.00,13.61,0.0,-1.5708,0.0
BUILDING,4630.00,57.55,1780.00,9.80,10.00,13.61,0.0,-1.5708,0.0
BUILDING,4630.00,67.55,1780.00,9.80,10.00,13.61,0.0,-1.5708,0.0
BUILDING,4630.00,77.55,1780.00,9.80,10.00,13.61,0.0,-1.5708,0.0
BUILDING,4630.00,87.55,1780.00,9.80,10.00,13.61,0.0,-1.5708,0.0
BUILDING,4630.00,97.55,1780.00,9.80,10.00,13.61,0.0,-1.5708,0.0
BUILDING,4630.00,107.55,1780.00,9.80,10.00,13.61,0.0,-1.5708,0.0
BUILDING,4630.00,4.14,340.00,11.17,10.00,10.67,0.0,-1.5708,0.0
BUILDING,4630.00,14.14,340.00,11.17,10.00,10.67,0.0,-1.5708,0.0
BUILDING,4630.00,24.14,340.00,11.17,10.00,10.67,0.0,-1.5708,0.0
BUILDING,4630.00,34.14,340.00,11.17,10.00,10.67,0.0,-1.5708,0.0
BUILDING,4630.00,44.14,340.00,11.17,10.00,10.67,0.0,-1.5708,0.0
BUILDING,4630.00,54.14,340.00,11.17,10.00,10.67,0.0,-1.5708,0.0
BUILDING,4630.00,64.14,340.00,11.17,10.00,10.67,0.0,-1.5708,0.0
BUILDING,4630.00,74.14,340.00,11.17,10.00,10.67,0.0,-1.5708,0.0
BUILDING,4630.00,84.14,340.00,11.17,10.00,10.67,0.0,-1.5708,0.0
BUILDING,4630.00,94.14,340.00,11.17,10.00,10.67,0.0,-1.5708,0.0
BUILDING,4630.00,104.14,340.00,11.17,10.00,10.67,0.0,-1.5708,0.0
BUILDING,4630.00,114.14,340.00,11.17,10.00,10.67,0.0,-1.5708,0.0
BUILDING,4630.00,0.23,260.00,9.26,10.00,11.69,0.0,-1.5708,0.0
BUILDING,4630.00,10.23,260.00,9.26,10.00,11.69,0.0,-1.5708,0.0
BUILDING,4630.00,20.23,260.00,9.26,10.00,11.69,0.0,-1.5708,0.0
BUILDING,4630.00,30.23,260.00,9.26,10.00,11.69,0.0,-1.5708,0.0
BUILDING,4630.00,40.23,260.00,9.26,10.00,11.69,0.0,-1.5708,0.0
BUILDING,4630.00,50.23,260.00,9.26,10.00,11.69,0.0,-1.5708,0.0
BUILDING,4630.00,60.23,260.00,9.26,10.00,11.69,0.0,-1.5708,0.0
BUILDING,4630.00,70.23,260.00,9.26,10.00,11.69,0.0,-1.5708,0.0
BUILDING,4630.00,80.23,260.00,9.26,10.00,11.69,0.0,-1.5708,0.0
BUILDING,4630.00,90.23,260.00,9.26,10.00,11.69,0.0,-1.5708,0.0
BUILDING,4630.00,100.23,260.00,9.26,10.00,11.69,0.0,-1.5708,0.0
BUILDING,4630.00,110.23,260.00,9.26,10.00,11.69,0.0,-1.5708,0.0
BUILDING,4630.00,3.80,1940.00,9.58,10.00,13.48,0.0,-1.5708,0.0
BUILDING,4630.00,13.80,1940.00,9.58,10.00,13.48,0.0,-1.5708,0.0
BUILDING,4630.00,23.80,1940.00,9.58,10.00,13.48,0.0,-1.5708,0.0
BUILDING,4630.00,33.80,1940.00,9.58,10.00,13.48,0.0,-1.5708,0.0
BUILDING,4630.00,43.80,1940.00,9.58,10.00,13.48,0.0,-1.5708,0.0
BUILDING,4630.00,53.80,1940.00,9.58,10.00,13.48,0.0,-1.5708,0.0
BUILDING,4630.00,63.80,1940.00,9.58,10.00,13.48,0.0,-1.5708,0.0
BUILDING,4630.00,73.80,1940.00,9.58,10.00,13.48,0.0,-1.5708,0.0
BUILDING,4630.00,83.80,1940.00,9.58,10.00,13.48,0.0,-1.5708,0.0
BUILDING,4630.00,93.80,1940.00,9.58,10.00,13.48,0.0,-1.5708,0.0
BUILDING,4630.00,103.80,1940.00,9.58,10.00,13.48,0.0,-1.5708,0.0
BUILDING,4630.00,113.80,1940.00,9.58,10.00,13.48,0.0,-1.5708,0.0
BUILDING,4630.00,-4.50,180.00,11.10,10.00,12.74,0.0,-1.5708,0.0
BUILDING,4630.00,5.50,180.00,11.10,10.00,12.74,0.0,-1.5708,0.0
BUILDING,4630.00,15.50,180.00,11.10,10.00,12.74,0.0,-1.5708,0.0
BUILDING,4630.00,25.50,180.00,11.10,10.00,12.74,0.0,-1.5708,0.0
BUILDING,4630.00,35.50,180.00,11.10,10.00,12.74,0.0,-1.5708,0.0
BUILDING,4630.00,45.50,180.00,11.10,10.00,12.74,0.0,-1.5708,0.0
BUILDING,4630.00,55.50,180.00,11.10,10.00,12.74,0.0,-1.5708,0.0
BUILDING,4630.00,65.50,180.00,11.10,10.00,12.74,0.0,-1.5708,0.0
BUILDING,4630.00,75.50,180.00,11.10,10.00,12.74,0.0,-1.5708,0.0
BUILDING,4630.00,85.50,180.00,11.10,10.00,12.74,0.0,-1.5708,0.0
BUILDING,4630.00,95.50,180.00,11.10,10.00,12.74,0.0,-1.5708,0.0
BUILDING,4630.00,105.50,180.00,11.10,10.00,12.74,0.0,-1.5708,0.0
BUILDING,4630.00,5.07,2020.00,10.63,10.00,9.49,0.0,-1.5708,0.0
BUILDING,4630.00,15.07,2020.00,10.63,10.00,9.49,0.0,-1.5708,0.0
BUILDING,4630.00,25.07,2020.00,10.63,10.00,9.49,0.0,-1.5708,0.0
BUILDING,4630.00,35.07,2020.00,10.63,10.00,9.49,0.0,-1.5708,0.0
BUILDING,4630.00,45.07,2020.00,10.63,10.00,9.49,0.0,-1.5708,0.0
BUILDING,4630.00,55.07,2020.00,10.63,10.00,9.49,0.0,-1.5708,0.0
BUILDING,4630.00,65.07,2020.00,10.63,10.00,9.49,0.0,-1.5708,0.0
BUILDING,4630.00,75.07,2020.00,10.63,10.00,9.49,0.0,-1.5708,0.0
BUILDING,4630.00,85.07,2020.00,10.63,10.00,9.49,0.0,-1.5708,0.0
BUILDING,4630.00,95.07,2020.00,10.63,10.00,9.49,0.0,-1.5708,0.0
BUILDING,4630.00,105.07,2020.00,10.63,10.00,9.49,0.0,-1.5708,0.0
BUILDING,4630.00,115.07,2020.00,10.63,10.00,9.49,0.0,-1.5708,0.0
BUILDING,4710.00,-11.88,900.00,9.72,10.00,13.64,0.0,-1.5708,0.0
BUILDING,4710.00,-1.88,900.00,9.72,10.00,13.64,0.0,-1.5708,0.0
BUILDING,4710.00,8.12,900.00,9.72,10.00,13.64,0.0,-1.5708,0.0
BUILDING,4710.00,18.12,900.00,9.72,10.00,13.64,0.0,-1.5708,0.0
BUILDING,4710.00,-14.70,1300.00,11.29,10.00,9.97,0.0,-1.5708,0.0
BUILDING,4710.00,-4.70,1300.00,11.29,10.00,9.97,0.0,-1.5708,0.0
BUILDING,4710.00,-8.57,820.00,9.64,10.00,12.46,0.0,-1.5708,0.0
BUILDING,4710.00,1.43,820.00,9.64,10.00,12.46,0.0,-1.5708,0.0
BUILDING,4710.00,11.43,820.00,9.64,10.00,12.46,0.0,-1.5708,0.0
BUILDING,4710.00,21.43,820.00,9.64,10.00,12.46,0.0,-1.5708,0.0
BUILDING,4710.00,31.43,820.00,9.64,10.00,12.46,0.0,-1.5708,0.0
BUILDING,4710.00,41.43,820.00,9.64,10.00,12.46,0.0,-1.5708,0.0
BUILDING,4710.00,51.43,820.00,9.64,10.00,12.46,0.0,-1.5708,0.0
BUILDING,4710.00,61.43,820.00,9.64,10.00,12.46,0.0,-1.5708,0.0
BUILDING,4710.00,71.43,820.00,9.64,10.00,12.46,0.0,-1.5708,0.0
BUILDING,4710.00,81.43,820.00,9.64,10.00,12.46,0.0,-1.5708,0.0
BUILDING,4710.00,-14.92,1380.00,11.29,10.00,9.86,0.0,-1.5708,0.0
BUILDING,4710.00,-4.92,1380.00,11.29,10.00,9.86,0.0,-1.5708,0.0
BUILDING,4710.00,5.08,1380.00,11.29,10.00,9.86,0.0,-1.5708,0.0
BUILDING,4710.00,15.08,1380.00,11.29,10.00,9.86,0.0,-1.5708,0.0
BUILDING,4710.00,25.08,1380.00,11.29,10.00,9.86,0.0,-1.5708,0.0
BUILDING,4710.00,35.08,1380.00,11.29,10.00,9.86,0.0,-1.5708,0.0
BUILDING,4710.00,45.08,1380.00,11.29,10.00,9.86,0.0,-1.5708,0.0
BUILDING,4710.00,55.08,1380.00,11.29,10.00,9.86,0.0,-1.5708,0.0
BUILDING,4710.00,65.08,1380.00,11.29,10.00,9.86,0.0,-1.5708,0.0
BUILDING,4710.00,-15.00,1460.00,13.76,10.00,13.53,0.0,-1.5708,0.0
BUILDING,4710.00,-5.00,1460.00,13.76,10.00,13.53,0.0,-1.5708,0.0
BUILDING,4710.00,5.00,1460.00,13.76,10.00,13.53,0.0,-1.5708,0.0
BUILDING,4710.00,15.00,1460.00,13.76,10.00,13.53,0.0,-1.5708,0.0
BUILDING,4710.00,25.00,1460.00,13.76,10.00,13.53,0.0,-1.5708,0.0
BUILDING,4710.00,35.00,1460.00,13.76,10.00,13.53,0.0,-1.5708,0.0
BUILDING,4710.00,45.00,1460.00,13.76,10.00,13.53,0.0,-1.5708,0.0
BUILDING,4710.00,55.00,1460.00,13.76,10.00,13.53,0.0,-1.5708,0.0
BUILDING,4710.00,65.00,1460.00,13.76,10.00,13.53,0.0,-1.5708,0.0
BUILDING,4710.00,75.00,1460.00,13.76,10.00,13.53,0.0,-1.5708,0.0
BUILDING,4710.00,85.00,1460.00,13.76,10.00,13.53,0.0,-1.5708,0.0
BUILDING,4710.00,-0.74,660.00,9.43,10.00,13.28,0.0,-1.5708,0.0
BUILDING,4710.00,9.26,660.00,9.43,10.00,13.28,0.0,-1.5708,0.0
BUILDING,4710.00,19.26,660.00,9.43,10.00,13.28,0.0,-1.5708,0.0
BUILDING,4710.00,29.26,660.00,9.43,10.00,13.28,0.0,-1.5708,0.0
BUILDING,4710.00,39.26,660.00,9.43,10.00,13.28,0.0,-1.5708,0.0
BUILDING,4710.00,49.26,660.00,9.43,10.00,13.28,0.0,-1.5708,0.0
BUILDING,4710.00,59.26,660.00,9.43,10.00,13.28,0.0,-1.5708,0.0
BUILDING,4710.00,69.26,660.00,9.43,10.00,13.28,0.0,-1.5708,0.0
BUILDING,4710.00,79.26,660.00,9.43,10.00,13.28,0.0,-1.5708,0.0
BUILDING,4710.00,89.26,660.00,9.43,10.00,13.28,0.0,-1.5708,0.0
BUILDING,4710.00,99.26,660.00,9.43,10.00,13.28,0.0,-1.5708,0.0
BUILDING,4710.00,109.26,660.00,9.43,10.00,13.28,0.0,-1.5708,0.0
BUILDING,4710.00,2.08,580.00,10.40,10.00,12.65,0.0,-1.5708,0.0
BUILDING,4710.00,12.08,580.00,10.40,10.00,12.65,0.0,-1.5708,0.0
BUILDING,4710.00,22.08,580.00,10.40,10.00,12.65,0.0,-1.5708,0.0
BUILDING,4710.00,32.08,580.00,10.40,10.00,12.65,0.0,-1.5708,0.0
BUILDING,4710.00,42.08,580.00,10.40,10.00,12.65,0.0,-1.5708,0.0
BUILDING,4710.00,52.08,580.00,10.40,10.00,12.65,0.0,-1.5708,0.0
BUILDING,4710.00,62.08,580.00,10.40,10.00,12.65,0.0,-1.5708,0.0
BUILDING,4710.00,72.08,580.00,10.40,10.00,12.65,0.0,-1.5708,0.0
BUILDING,4710.00,82.08,580.00,10.40,10.00,12.65,0.0,-1.5708,0.0
BUILDING,4710.00,92.08,580.00,10.40,10.00,12.65,0.0,-1.5708,0.0
BUILDING,4710.00,102.08,580.00,10.40,10.00,12.65,0.0,-1.5708,0.0
BUILDING,4710.00,112.08,580.00,10.40,10.00,12.65,0.0,-1.5708,0.0
BUILDING,4710.00,-12.66,1620.00,11.17,10.00,10.11,0.0,-1.5708,0.0
BUILDING,4710.00,-2.66,1620.00,11.17,10.00,10.11,0.0,-1.5708,0.0
BUILDING,4710.00,7.34,1620.00,11.17,10.00,10.11,0.0,-1.5708,0.0
BUILDING,4710.00,17.34,1620.00,11.17,10.00,10.11,0.0,-1.5708,0.0
BUILDING,4710.00,27.34,1620.00,11.17,10.00,10.11,0.0,-1.5708,0.0
BUILDING,4710.00,37.34,1620.00,11.17,10.00,10.11,0.0,-1.5708,0.0
BUILDING,4710.00,47.34,1620.00,11.17,10.00,10.11,0.0,-1.5708,0.0
BUILDING,4710.00,57.34,1620.00,11.17,10.00,10.11,0.0,-1.5708,0.0
BUILDING,4710.00,-5.39,1780.00,9.20,10.00,11.35,0.0,-1.5708,0.0
BUILDING,4710.00,4.61,1780.00,9.20,10.00,11.35,0.0,-1.5708,0.0
BUILDING,4710.00,14.61,1780.00,9.20,10.00,11.35,0.0,-1.5708,0.0
BUILDING,4710.00,24.61,1780.00,9.20,10.00,11.35,0.0,-1.5708,0.0
BUILDING,4710.00,34.61,1780.00,9.20,10.00,11.35,0.0,-1.5708,0.0
BUILDING,4710.00,44.61,1780.00,9.20,10.00,11.35,0.0,-1.5708,0.0
BUILDING,4710.00,54.61,1780.00,9.20,10.00,11.35,0.0,-1.5708,0.0
BUILDING,4710.00,64.61,1780.00,9.20,10.00,11.35,0.0,-1.5708,0.0
BUILDING,4710.00,74.61,1780.00,9.20,10.00,11.35,0.0,-1.5708,0.0
BUILDING,4710.00,-0.39,340.00,10.97,10.00,13.05,0.0,-1.5708,0.0
BUILDING,4710.00,9.61,340.00,10.97,10.00,13.05,0.0,-1.5708,0.0
BUILDING,4710.00,19.61,340.00,10.97,10.00,13.05,0.0,-1.5708,0.0
BUILDING,4710.00,29.61,340.00,10.97,10.00,13.05,0.0,-1.5708,0.0
BUILDING,4710.00,39.61,340.00,10.97,10.00,13.05,0.0,-1.5708,0.0
BUILDING,4710.00,49.61,340.00,10.97,10.00,13.05,0.0,-1.5708,0.0
BUILDING,4710.00,59.61,340.00,10.97,10.00,13.05,0.0,-1.5708,0.0
BUILDING,4710.00,69.61,340.00,10.97,10.00,13.05,0.0,-1.5708,0.0
BUILDING,4710.00,79.61,340.00,10.97,10.00,13.05,0.0,-1.5708,0.0
BUILDING,4710.00,89.61,340.00,10.97,10.00,13.05,0.0,-1.5708,0.0
BUILDING,4710.00,99.61,340.00,10.97,10.00,13.05,0.0,-1.5708,0.0
BUILDING,4710.00,109.61,340.00,10.97,10.00,13.05,0.0,-1.5708,0.0
BUILDING,4710.00,-0.77,1860.00,10.20,10.00,11.79,0.0,-1.5708,0.0
BUILDING,4710.00,9.23,1860.00,10.20,10.00,11.79,0.0,-1.5708,0.0
BUILDING,4710.00,19.23,1860.00,10.20,10.00,11.79,0.0,-1.5708,0.0
BUILDING,4710.00,29.23,1860.00,10.20,10.00,11.79,0.0,-1.5708,0.0
BUILDING,4710.00,39.23,1860.00,10.20,10.00,11.79,0.0,-1.5708,0.0
BUILDING,4710.00,49.23,1860.00,10.20,10.00,11.79,0.0,-1.5708,0.0
BUILDING,4710.00,59.23,1860.00,10.20,10.00,11.79,0.0,-1.5708,0.0
BUILDING,4710.00,69.23,1860.00,10.20,10.00,11.79,0.0,-1.5708,0.0
BUILDING,4710.00,79.23,1860.00,10.20,10.00,11.79,0.0,-1.5708,0.0
BUILDING,4710.00,89.23,1860.00,10.20,10.00,11.79,0.0,-1.5708,0.0
BUILDING,4710.00,99.23,1860.00,10.20,10.00,11.79,0.0,-1.5708,0.0
BUILDING,4710.00,109.23,1860.00,10.20,10.00,11.79,0.0,-1.5708,0.0
BUILDING,4710.00,-7.96,180.00,10.20,10.00,13.99,0.0,-1.5708,0.0
BUILDING,4710.00,2.04,180.00,10.20,10.00,13.99,0.0,-1.5708,0.0
BUILDING,4710.00,12.04,180.00,10.20,10.00,13.99,0.0,-1.5708,0.0
BUILDING,4710.00,22.04,180.00,10.20,10.00,13.99,0.0,-1.5708,0.0
BUILDING,4710.00,32.04,180.00,10.20,10.00,13.99,0.0,-1.5708,0.0
BUILDING,4710.00,42.04,180.00,10.20,10.00,13.99,0.0,-1.5708,0.0
BUILDING,4710.00,52.04,180.00,10.20,10.00,13.99,0.0,-1.5708,0.0
BUILDING,4710.00,62.04,180.00,10.20,10.00,13.99,0.0,-1.5708,0.0
BUILDING,4710.00,72.04,180.00,10.20,10.00,13.99,0.0,-1.5708,0.0
BUILDING,4710.00,82.04,180.00,10.20,10.00,13.99,0.0,-1.5708,0.0
BUILDING,4710.00,6.10,2020.00,12.52,10.00,13.29,0.0,-1.5708,0.0
BUILDING,4710.00,16.10,2020.00,12.52,10.00,13.29,0.0,-1.5708,0.0
BUILDING,4710.00,26.10,2020.00,12.52,10.00,13.29,0.0,-1.5708,0.0
BUILDING,4710.00,36.10,2020.00,12.52,10.00,13.29,0.0,-1.5708,0.0
BUILDING,4710.00,46.10,2020.00,12.52,10.00,13.29,0.0,-1.5708,0.0
BUILDING,4710.00,56.10,2020.00,12.52,10.00,13.29,0.0,-1.5708,0.0
BUILDING,4710.00,66.10,2020.00,12.52,10.00,13.29,0.0,-1.5708,0.0
BUILDING,4710.00,76.10,2020.00,12.52,10.00,13.29,0.0,-1.5708,0.0
BUILDING,4710.00,86.10,2020.00,12.52,10.00,13.29,0.0,-1.5708,0.0
BUILDING,4710.00,96.10,2020.00,12.52,10.00,13.29,0.0,-1.5708,0.0
BUILDING,4710.00,106.10,2020.00,12.52,10.00,13.29,0.0,-1.5708,0.0
BUILDING,4710.00,116.10,2020.00,12.52,10.00,13.29,0.0,-1.5708,0.0
BUILDING,4790.00,-11.81,900.00,12.13,10.00,12.52,0.0,-1.5708,0.0
BUILDING,4790.00,-1.81,900.00,12.13,10.00,12.52,0.0,-1.5708,0.0
BUILDING,4790.00,8.19,900.00,12.13,10.00,12.52,0.0,-1.5708,0.0
BUILDING,4790.00,-14.59,1300.00,13.47,10.00,10.66,0.0,-1.5708,0.0
BUILDING,4790.00,-4.59,1300.00,13.47,10.00,10.66,0.0,-1.5708,0.0
BUILDING,4790.00,5.41,1300.00,13.47,10.00,10.66,0.0,-1.5708,0.0
BUILDING,4790.00,15.41,1300.00,13.47,10.00,10.66,0.0,-1.5708,0.0
BUILDING,4790.00,-8.80,820.00,12.49,10.00,12.06,0.0,-1.5708,0.0
BUILDING,4790.00,1.20,820.00,12.49,10.00,12.06,0.0,-1.5708,0.0
BUILDING,4790.00,11.20,820.00,12.49,10.00,12.06,0.0,-1.5708,0.0
BUILDING,4790.00,21.20,820.00,12.49,10.00,12.06,0.0,-1.5708,0.0
BUILDING,4790.00,31.20,820.00,12.49,10.00,12.06,0.0,-1.5708,0.0
BUILDING,4790.00,41.20,820.00,12.49,10.00,12.06,0.0,-1.5708,0.0
BUILDING,4790.00,51.20,820.00,12.49,10.00,12.06,0.0,-1.5708,0.0
BUILDING,4790.00,61.20,820.00,12.49,10.00,12.06,0.0,-1.5708,0.0
BUILDING,4790.00,71.20,820.00,12.49,10.00,12.06,0.0,-1.5708,0.0
BUILDING,4790.00,81.20,820.00,12.49,10.00,12.06,0.0,-1.5708,0.0
BUILDING,4790.00,-15.04,1380.00,9.40,10.00,13.40,0.0,-1.5708,0.0
BUILDING,4790.00,-5.04,1380.00,9.40,10.00,13.40,0.0,-1.5708,0.0
BUILDING,4790.00,4.96,1380.00,9.40,10.00,13.40,0.0,-1.5708,0.0
BUILDING,4790.00,14.96,1380.00,9.40,10.00,13.40,0.0,-1.5708,0.0
BUILDING,4790.00,24.96,1380.00,9.40,10.00,13.40,0.0,-1.5708,0.0
BUILDING,4790.00,34.96,1380.00,9.40,10.00,13.40,0.0,-1.5708,0.0
BUILDING,4790.00,44.96,1380.00,9.40,10.00,13.40,0.0,-1.5708,0.0
BUILDING,4790.00,54.96,1380.00,9.40,10.00,13.40,0.0,-1.5708,0.0
BUILDING,4790.00,64.96,1380.00,9.40,10.00,13.40,0.0,-1.5708,0.0
BUILDING,4790.00,74.96,1380.00,9.40,10.00,13.40,0.0,-1.5708,0.0
BUILDING,4790.00,-5.50,740.00,10.82,10.00,9.26,0.0,-1.5708,0.0
BUILDING,4790.00,4.50,740.00,10.82,10.00,9.26,0.0,-1.5708,0.0
BUILDING,4790.00,14.50,740.00,10.82,10.00,9.26,0.0,-1.5708,0.0
BUILDING,4790.00,24.50,740.00,10.82,10.00,9.26,0.0,-1.5708,0.0
BUILDING,4790.00,34.50,740.00,10.82,10.00,9.26,0.0,-1.5708,0.0
BUILDING,4790.00,44.50,740.00,10.82,10.00,9.26,0.0,-1.5708,0.0
BUILDING,4790.00,54.50,740.00,10.82,10.00,9.26,0.0,-1.5708,0.0
BUILDING,4790.00,64.50,740.00,10.82,10.00,9.26,0.0,-1.5708,0.0
BUILDING,4790.00,74.50,740.00,10.82,10.00,9.26,0.0,-1.5708,0.0
BUILDING,4790.00,84.50,740.00,10.82,10.00,9.26,0.0,-1.5708,0.0
BUILDING,4790.00,94.50,740.00,10.82,10.00,9.26,0.0,-1.5708,0.0
BUILDING,4790.00,104.50,740.00,10.82,10.00,9.26,0.0,-1.5708,0.0
BUILDING,4790.00,-15.76,1460.00,10.83,10.00,9.88,0.0,-1.5708,0.0
BUILDING,4790.00,-5.76,1460.00,10.83,10.00,9.88,0.0,-1.5708,0.0
BUILDING,4790.00,4.24,1460.00,10.83,10.00,9.88,0.0,-1.5708,0.0
BUILDING,4790.00,14.24,1460.00,10.83,10.00,9.88,0.0,-1.5708,0.0
BUILDING,4790.00,24.24,1460.00,10.83,10.00,9.88,0.0,-1.5708,0.0
BUILDING,4790.00,-2.68,660.00,12.87,10.00,9.69,0.0,-1.5708,0.0
BUILDING,4790.00,7.32,660.00,12.87,10.00,9.69,0.0,-1.5708,0.0
BUILDING,4790.00,17.32,660.00,12.87,10.00,9.69,0.0,-1.5708,0.0
BUILDING,4790.00,27.32,660.00,12.87,10.00,9.69,0.0,-1.5708,0.0
BUILDING,4790.00,37.32,660.00,12.87,10.00,9.69,0.0,-1.5708,0.0
BUILDING,4790.00,47.32,660.00,12.87,10.00,9.69,0.0,-1.5708,0.0
BUILDING,4790.00,57.32,660.00,12.87,10.00,9.69,0.0,-1.5708,0.0
BUILDING,4790.00,67.32,660.00,12.87,10.00,9.69,0.0,-1.5708,0.0
BUILDING,4790.00,77.32,660.00,12.87,10.00,9.69,0.0,-1.5708,0.0
BUILDING,4790.00,87.32,660.00,12.87,10.00,9.69,0.0,-1.5708,0.0
BUILDING,4790.00,97.32,660.00,12.87,10.00,9.69,0.0,-1.5708,0.0
BUILDING,4790.00,107.32,660.00,12.87,10.00,9.69,0.0,-1.5708,0.0
BUILDING,4790.00,-16.17,1540.00,11.39,10.00,13.70,0.0,-1.5708,0.0
BUILDING,4790.00,-6.17,1540.00,11.39,10.00,13.70,0.0,-1.5708,0.0
BUILDING,4790.00,3.83,1540.00,11.39,10.00,13.70,0.0,-1.5708,0.0
BUILDING,4790.00,13.83,1540.00,11.39,10.00,13.70,0.0,-1.5708,0.0
BUILDING,4790.00,23.83,1540.00,11.39,10.00,13.70,0.0,-1.5708,0.0
BUILDING,4790.00,33.83,1540.00,11.39,10.00,13.70,0.0,-1.5708,0.0
BUILDING,4790.00,43.83,1540.00,11.39,10.00,13.70,0.0,-1.5708,0.0
BUILDING,4790.00,53.83,1540.00,11.39,10.00,13.70,0.0,-1.5708,0.0
BUILDING,4790.00,63.83,1540.00,11.39,10.00,13.70,0.0,-1.5708,0.0
BUILDING,4790.00,73.83,1540.00,11.39,10.00,13.70,0.0,-1.5708,0.0
BUILDING,4790.00,-15.61,1620.00,12.80,10.00,10.60,0.0,-1.5708,0.0
BUILDING,4790.00,-5.61,1620.00,12.80,10.00,10.60,0.0,-1.5708,0.0
BUILDING,4790.00,4.39,1620.00,12.80,10.00,10.60,0.0,-1.5708,0.0
BUILDING,4790.00,14.39,1620.00,12.80,10.00,10.60,0.0,-1.5708,0.0
BUILDING,4790.00,24.39,1620.00,12.80,10.00,10.60,0.0,-1.5708,0.0
BUILDING,4790.00,34.39,1620.00,12.80,10.00,10.60,0.0,-1.5708,0.0
BUILDING,4790.00,44.39,1620.00,12.80,10.00,10.60,0.0,-1.5708,0.0
BUILDING,4790.00,54.39,1620.00,12.80,10.00,10.60,0.0,-1.5708,0.0
BUILDING,4790.00,64.39,1620.00,12.80,10.00,10.60,0.0,-1.5708,0.0
BUILDING,4790.00,74.39,1620.00,12.80,10.00,10.60,0.0,-1.5708,0.0
BUILDING,4790.00,-0.86,500.00,10.39,10.00,9.32,0.0,-1.5708,0.0
BUILDING,4790.00,9.14,500.00,10.39,10.00,9.32,0.0,-1.5708,0.0
BUILDING,4790.00,19.14,500.00,10.39,10.00,9.32,0.0,-1.5708,0.0
BUILDING,4790.00,29.14,500.00,10.39,10.00,9.32,0.0,-1.5708,0.0
BUILDING,4790.00,39.14,500.00,10.39,10.00,9.32,0.0,-1.5708,0.0
BUILDING,4790.00,49.14,500.00,10.39,10.00,9.32,0.0,-1.5708,0.0
BUILDING,4790.00,59.14,500.00,10.39,10.00,9.32,0.0,-1.5708,0.0
BUILDING,4790.00,69.14,500.00,10.39,10.00,9.32,0.0,-1.5708,0.0
BUILDING,4790.00,79.14,500.00,10.39,10.00,9.32,0.0,-1.5708,0.0
BUILDING,4790.00,89.14,500.00,10.39,10.00,9.32,0.0,-1.5708,0.0
BUILDING,4790.00,99.14,500.00,10.39,10.00,9.32,0.0,-1.5708,0.0
BUILDING,4790.00,109.14,500.00,10.39,10.00,9.32,0.0,-1.5708,0.0
BUILDING,4790.00,-13.57,1700.00,13.15,10.00,11.35,0.0,-1.5708,0.0
BUILDING,4790.00,-3.57,1700.00,13.15,10.00,11.35,0.0,-1.5708,0.0
BUILDING,4790.00,6.43,1700.00,13.15,10.00,11.35,0.0,-1.5708,0.0
BUILDING,4790.00,16.43,1700.00,13.15,10.00,11.35,0.0,-1.5708,0.0
BUILDING,4790.00,26.43,1700.00,13.15,10.00,11.35,0.0,-1.5708,0.0
BUILDING,4790.00,36.43,1700.00,13.15,10.00,11.35,0.0,-1.5708,0.0
BUILDING,4790.00,46.43,1700.00,13.15,10.00,11.35,0.0,-1.5708,0.0
BUILDING,4790.00,56.43,1700.00,13.15,10.00,11.35,0.0,-1.5708,0.0
BUILDING,4790.00,66.43,1700.00,13.15,10.00,11.35,0.0,-1.5708,0.0
BUILDING,4790.00,76.43,1700.00,13.15,10.00,11.35,0.0,-1.5708,0.0
BUILDING,4790.00,-4.54,340.00,13.00,10.00,13.73,0.0,-1.5708,0.0
BUILDING,4790.00,5.46,340.00,13.00,10.00,13.73,0.0,-1.5708,0.0
BUILDING,4790.00,15.46,340.00,13.00,10.00,13.73,0.0,-1.5708,0.0
BUILDING,4790.00,25.46,340.00,13.00,10.00,13.73,0.0,-1.5708,0.0
BUILDING,4790.00,35.46,340.00,13.00,10.00,13.73,0.0,-1.5708,0.0
BUILDING,4790.00,45.46,340.00,13.00,10.00,13.73,0.0,-1.5708,0.0
BUILDING,4790.00,55.46,340.00,13.00,10.00,13.73,0.0,-1.5708,0.0
BUILDING,4790.00,65.46,340.00,13.00,10.00,13.73,0.0,-1.5708,0.0
BUILDING,4790.00,75.46,340.00,13.00,10.00,13.73,0.0,-1.5708,0.0
BUILDING,4790.00,85.46,340.00,13.00,10.00,13.73,0.0,-1.5708,0.0
BUILDING,4790.00,95.46,340.00,13.00,10.00,13.73,0.0,-1.5708,0.0
BUILDING,4790.00,105.46,340.00,13.00,10.00,13.73,0.0,-1.5708,0.0
BUILDING,4790.00,-7.25,260.00,9.44,10.00,10.95,0.0,-1.5708,0.0
BUILDING,4790.00,2.75,260.00,9.44,10.00,10.95,0.0,-1.5708,0.0
BUILDING,4790.00,12.75,260.00,9.44,10.00,10.95,0.0,-1.5708,0.0
BUILDING,4790.00,22.75,260.00,9.44,10.00,10.95,0.0,-1.5708,0.0
BUILDING,4790.00,32.75,260.00,9.44,10.00,10.95,0.0,-1.5708,0.0
BUILDING,4790.00,42.75,260.00,9.44,10.00,10.95,0.0,-1.5708,0.0
BUILDING,4790.00,52.75,260.00,9.44,10.00,10.95,0.0,-1.5708,0.0
BUILDING,4790.00,62.75,260.00,9.44,10.00,10.95,0.0,-1.5708,0.0
BUILDING,4790.00,72.75,260.00,9.44,10.00,10.95,0.0,-1.5708,0.0
BUILDING,4790.00,82.75,260.00,9.44,10.00,10.95,0.0,-1.5708,0.0
BUILDING,4790.00,92.75,260.00,9.44,10.00,10.95,0.0,-1.5708,0.0
BUILDING,4790.00,102.75,260.00,9.44,10.00,10.95,0.0,-1.5708,0.0
BUILDING,4790.00,-9.58,180.00,10.38,10.00,12.49,0.0,-1.5708,0.0
BUILDING,4790.00,0.42,180.00,10.38,10.00,12.49,0.0,-1.5708,0.0
BUILDING,4790.00,10.42,180.00,10.38,10.00,12.49,0.0,-1.5708,0.0
BUILDING,4790.00,20.42,180.00,10.38,10.00,12.49,0.0,-1.5708,0.0
BUILDING,4790.00,30.42,180.00,10.38,10.00,12.49,0.0,-1.5708,0.0
BUILDING,4790.00,40.42,180.00,10.38,10.00,12.49,0.0,-1.5708,0.0
BUILDING,4790.00,50.42,180.00,10.38,10.00,12.49,0.0,-1.5708,0.0
BUILDING,4790.00,60.42,180.00,10.38,10.00,12.49,0.0,-1.5708,0.0
BUILDING,4790.00,70.42,180.00,10.38,10.00,12.49,0.0,-1.5708,0.0
BUILDING,4870.00,-12.14,900.00,11.37,10.00,11.10,0.0,-1.5708,0.0
BUILDING,4870.00,-2.14,900.00,11.37,10.00,11.10,0.0,-1.5708,0.0
BUILDING,4870.00,-14.34,1300.00,9.31,10.00,13.36,0.0,-1.5708,0.0
BUILDING,4870.00,-4.34,1300.00,9.31,10.00,13.36,0.0,-1.5708,0.0
BUILDING,4870.00,-14.77,1380.00,11.89,10.00,12.28,0.0,-1.5708,0.0
BUILDING,4870.00,-4.77,1380.00,11.89,10.00,12.28,0.0,-1.5708,0.0
BUILDING,4870.00,5.23,1380.00,11.89,10.00,12.28,0.0,-1.5708,0.0
BUILDING,4870.00,15.23,1380.00,11.89,10.00,12.28,0.0,-1.5708,0.0
BUILDING,4870.00,25.23,1380.00,11.89,10.00,12.28,0.0,-1.5708,0.0
BUILDING,4870.00,35.23,1380.00,11.89,10.00,12.28,0.0,-1.5708,0.0
BUILDING,4870.00,45.23,1380.00,11.89,10.00,12.28,0.0,-1.5708,0.0
BUILDING,4870.00,55.23,1380.00,11.89,10.00,12.28,0.0,-1.5708,0.0
BUILDING,4870.00,65.23,1380.00,11.89,10.00,12.28,0.0,-1.5708,0.0
BUILDING,4870.00,-7.36,740.00,12.48,10.00,13.21,0.0,-1.5708,0.0
BUILDING,4870.00,2.64,740.00,12.48,10.00,13.21,0.0,-1.5708,0.0
BUILDING,4870.00,12.64,740.00,12.48,10.00,13.21,0.0,-1.5708,0.0
BUILDING,4870.00,22.64,740.00,12.48,10.00,13.21,0.0,-1.5708,0.0
BUILDING,4870.00,32.64,740.00,12.48,10.00,13.21,0.0,-1.5708,0.0
BUILDING,4870.00,42.64,740.00,12.48,10.00,13.21,0.0,-1.5708,0.0
BUILDING,4870.00,52.64,740.00,12.48,10.00,13.21,0.0,-1.5708,0.0
BUILDING,4870.00,62.64,740.00,12.48,10.00,13.21,0.0,-1.5708,0.0
BUILDING,4870.00,72.64,740.00,12.48,10.00,13.21,0.0,-1.5708,0.0
BUILDING,4870.00,82.64,740.00,12.48,10.00,13.21,0.0,-1.5708,0.0
BUILDING,4870.00,92.64,740.00,12.48,10.00,13.21,0.0,-1.5708,0.0
BUILDING,4870.00,102.64,740.00,12.48,10.00,13.21,0.0,-1.5708,0.0
BUILDING,4870.00,-15.77,1460.00,13.49,10.00,10.53,0.0,-1.5708,0.0
BUILDING,4870.00,-5.77,1460.00,13.49,10.00,10.53,0.0,-1.5708,0.0
BUILDING,4870.00,4.23,1460.00,13.49,10.00,10.53,0.0,-1.5708,0.0
BUILDING,4870.00,14.23,1460.00,13.49,10.00,10.53,0.0,-1.5708,0.0
BUILDING,4870.00,24.23,1460.00,13.49,10.00,10.53,0.0,-1.5708,0.0
BUILDING,4870.00,34.23,1460.00,13.49,10.00,10.53,0.0,-1.5708,0.0
BUILDING,4870.00,-5.55,660.00,13.85,10.00,12.85,0.0,-1.5708,0.0
BUILDING,4870.00,4.45,660.00,13.85,10.00,12.85,0.0,-1.5708,0.0
BUILDING,4870.00,14.45,660.00,13.85,10.00,12.85,0.0,-1.5708,0.0
BUILDING,4870.00,24.45,660.00,13.85,10.00,12.85,0.0,-1.5708,0.0
BUILDING,4870.00,34.45,660.00,13.85,10.00,12.85,0.0,-1.5708,0.0
BUILDING,4870.00,44.45,660.00,13.85,10.00,12.85,0.0,-1.5708,0.0
BUILDING,4870.00,54.45,660.00,13.85,10.00,12.85,0.0,-1.5708,0.0
BUILDING,4870.00,64.45,660.00,13.85,10.00,12.85,0.0,-1.5708,0.0
BUILDING,4870.00,74.45,660.00,13.85,10.00,12.85,0.0,-1.5708,0.0
BUILDING,4870.00,84.45,660.00,13.85,10.00,12.85,0.0,-1.5708,0.0
BUILDING,4870.00,94.45,660.00,13.85,10.00,12.85,0.0,-1.5708,0.0
BUILDING,4870.00,-16.94,1540.00,13.78,10.00,12.09,0.0,-1.5708,0.0
BUILDING,4870.00,-6.94,1540.00,13.78,10.00,12.09,0.0,-1.5708,0.0
BUILDING,4870.00,3.06,1540.00,13.78,10.00,12.09,0.0,-1.5708,0.0
BUILDING,4870.00,13.06,1540.00,13.78,10.00,12.09,0.0,-1.5708,0.0
BUILDING,4870.00,23.06,1540.00,13.78,10.00,12.09,0.0,-1.5708,0.0
BUILDING,4870.00,33.06,1540.00,13.78,10.00,12.09,0.0,-1.5708,0.0
BUILDING,4870.00,43.06,1540.00,13.78,10.00,12.09,0.0,-1.5708,0.0
BUILDING,4870.00,53.06,1540.00,13.78,10.00,12.09,0.0,-1.5708,0.0
BUILDING,4870.00,-4.67,580.00,13.87,10.00,13.20,0.0,-1.5708,0.0
BUILDING,4870.00,5.33,580.00,13.87,10.00,13.20,0.0,-1.5708,0.0
BUILDING,4870.00,15.33,580.00,13.87,10.00,13.20,0.0,-1.5708,0.0
BUILDING,4870.00,25.33,580.00,13.87,10.00,13.20,0.0,-1.5708,0.0
BUILDING,4870.00,35.33,580.00,13.87,10.00,13.20,0.0,-1.5708,0.0
BUILDING,4870.00,45.33,580.00,13.87,10.00,13.20,0.0,-1.5708,0.0
BUILDING,4870.00,55.33,580.00,13.87,10.00,13.20,0.0,-1.5708,0.0
BUILDING,4870.00,65.33,580.00,13.87,10.00,13.20,0.0,-1.5708,0.0
BUILDING,4870.00,75.33,580.00,13.87,10.00,13.20,0.0,-1.5708,0.0
BUILDING,4870.00,85.33,580.00,13.87,10.00,13.20,0.0,-1.5708,0.0
BUILDING,4870.00,95.33,580.00,13.87,10.00,13.20,0.0,-1.5708,0.0
BUILDING,4870.00,-17.57,1620.00,9.81,10.00,9.58,0.0,-1.5708,0.0
BUILDING,4870.00,-7.57,1620.00,9.81,10.00,9.58,0.0,-1.5708,0.0
BUILDING,4870.00,2.43,1620.00,9.81,10.00,9.58,0.0,-1.5708,0.0
BUILDING,4870.00,12.43,1620.00,9.81,10.00,9.58,0.0,-1.5708,0.0
BUILDING,4870.00,22.43,1620.00,9.81,10.00,9.58,0.0,-1.5708,0.0
BUILDING,4870.00,-4.81,500.00,10.30,10.00,9.92,0.0,-1.5708,0.0
BUILDING,4870.00,5.19,500.00,10.30,10.00,9.92,0.0,-1.5708,0.0
BUILDING,4870.00,15.19,500.00,10.30,10.00,9.92,0.0,-1.5708,0.0
BUILDING,4870.00,25.19,500.00,10.30,10.00,9.92,0.0,-1.5708,0.0
BUILDING,4870.00,35.19,500.00,10.30,10.00,9.92,0.0,-1.5708,0.0
BUILDING,4870.00,45.19,500.00,10.30,10.00,9.92,0.0,-1.5708,0.0
BUILDING,4870.00,55.19,500.00,10.30,10.00,9.92,0.0,-1.5708,0.0
BUILDING,4870.00,65.19,500.00,10.30,10.00,9.92,0.0,-1.5708,0.0
BUILDING,4870.00,75.19,500.00,10.30,10.00,9.92,0.0,-1.5708,0.0
BUILDING,4870.00,85.19,500.00,10.30,10.00,9.92,0.0,-1.5708,0.0
BUILDING,4870.00,95.19,500.00,10.30,10.00,9.92,0.0,-1.5708,0.0
BUILDING,4870.00,105.19,500.00,10.30,10.00,9.92,0.0,-1.5708,0.0
BUILDING,4870.00,-16.96,1700.00,13.89,10.00,9.74,0.0,-1.5708,0.0
BUILDING,4870.00,-6.96,1700.00,13.89,10.00,9.74,0.0,-1.5708,0.0
BUILDING,4870.00,3.04,1700.00,13.89,10.00,9.74,0.0,-1.5708,0.0
BUILDING,4870.00,13.04,1700.00,13.89,10.00,9.74,0.0,-1.5708,0.0
BUILDING,4870.00,23.04,1700.00,13.89,10.00,9.74,0.0,-1.5708,0.0
BUILDING,4870.00,33.04,1700.00,13.89,10.00,9.74,0.0,-1.5708,0.0
BUILDING,4870.00,43.04,1700.00,13.89,10.00,9.74,0.0,-1.5708,0.0
BUILDING,4870.00,-14.65,1780.00,13.60,10.00,11.02,0.0,-1.5708,0.0
BUILDING,4870.00,-4.65,1780.00,13.60,10.00,11.02,0.0,-1.5708,0.0
BUILDING,4870.00,5.35,1780.00,13.60,10.00,11.02,0.0,-1.5708,0.0
BUILDING,4870.00,15.35,1780.00,13.60,10.00,11.02,0.0,-1.5708,0.0
BUILDING,4870.00,25.35,1780.00,13.60,10.00,11.02,0.0,-1.5708,0.0
BUILDING,4870.00,35.35,1780.00,13.60,10.00,11.02,0.0,-1.5708,0.0
BUILDING,4870.00,-7.05,340.00,13.64,10.00,9.78,0.0,-1.5708,0.0
BUILDING,4870.00,2.95,340.00,13.64,10.00,9.78,0.0,-1.5708,0.0
BUILDING,4870.00,12.95,340.00,13.64,10.00,9.78,0.0,-1.5708,0.0
BUILDING,4870.00,22.95,340.00,13.64,10.00,9.78,0.0,-1.5708,0.0
BUILDING,4870.00,32.95,340.00,13.64,10.00,9.78,0.0,-1.5708,0.0
BUILDING,4870.00,42.95,340.00,13.64,10.00,9.78,0.0,-1.5708,0.0
BUILDING,4870.00,52.95,340.00,13.64,10.00,9.78,0.0,-1.5708,0.0
BUILDING,4870.00,62.95,340.00,13.64,10.00,9.78,0.0,-1.5708,0.0
BUILDING,4870.00,72.95,340.00,13.64,10.00,9.78,0.0,-1.5708,0.0
BUILDING,4870.00,82.95,340.00,13.64,10.00,9.78,0.0,-1.5708,0.0
BUILDING,4870.00,92.95,340.00,13.64,10.00,9.78,0.0,-1.5708,0.0
BUILDING,4870.00,102.95,340.00,13.64,10.00,9.78,0.0,-1.5708,0.0
BUILDING,4870.00,-10.70,1860.00,10.66,10.00,12.53,0.0,-1.5708,0.0
BUILDING,4870.00,-0.70,1860.00,10.66,10.00,12.53,0.0,-1.5708,0.0
BUILDING,4870.00,9.30,1860.00,10.66,10.00,12.53,0.0,-1.5708,0.0
BUILDING,4870.00,19.30,1860.00,10.66,10.00,12.53,0.0,-1.5708,0.0
BUILDING,4870.00,29.30,1860.00,10.66,10.00,12.53,0.0,-1.5708,0.0
BUILDING,4870.00,39.30,1860.00,10.66,10.00,12.53,0.0,-1.5708,0.0
BUILDING,4870.00,49.30,1860.00,10.66,10.00,12.53,0.0,-1.5708,0.0
BUILDING,4870.00,59.30,1860.00,10.66,10.00,12.53,0.0,-1.5708,0.0
BUILDING,4870.00,69.30,1860.00,10.66,10.00,12.53,0.0,-1.5708,0.0
BUILDING,4870.00,79.30,1860.00,10.66,10.00,12.53,0.0,-1.5708,0.0
BUILDING,4870.00,89.30,1860.00,10.66,10.00,12.53,0.0,-1.5708,0.0
BUILDING,4870.00,-8.33,260.00,12.33,10.00,13.00,0.0,-1.5708,0.0
BUILDING,4870.00,1.67,260.00,12.33,10.00,13.00,0.0,-1.5708,0.0
BUILDING,4870.00,11.67,260.00,12.33,10.00,13.00,0.0,-1.5708,0.0
BUILDING,4870.00,21.67,260.00,12.33,10.00,13.00,0.0,-1.5708,0.0
BUILDING,4870.00,31.67,260.00,12.33,10.00,13.00,0.0,-1.5708,0.0
BUILDING,4870.00,41.67,260.00,12.33,10.00,13.00,0.0,-1.5708,0.0
BUILDING,4870.00,51.67,260.00,12.33,10.00,13.00,0.0,-1.5708,0.0
BUILDING,4870.00,61.67,260.00,12.33,10.00,13.00,0.0,-1.5708,0.0
BUILDING,4870.00,71.67,260.00,12.33,10.00,13.00,0.0,-1.5708,0.0
BUILDING,4870.00,81.67,260.00,12.33,10.00,13.00,0.0,-1.5708,0.0
BUILDING,4870.00,91.67,260.00,12.33,10.00,13.00,0.0,-1.5708,0.0
BUILDING,4870.00,101.67,260.00,12.33,10.00,13.00,0.0,-1.5708,0.0
BUILDING,4870.00,-9.24,180.00,12.66,10.00,13.50,0.0,-1.5708,0.0
BUILDING,4870.00,0.76,180.00,12.66,10.00,13.50,0.0,-1.5708,0.0
BUILDING,4870.00,10.76,180.00,12.66,10.00,13.50,0.0,-1.5708,0.0
BUILDING,4870.00,20.76,180.00,12.66,10.00,13.50,0.0,-1.5708,0.0
BUILDING,4870.00,30.76,180.00,12.66,10.00,13.50,0.0,-1.5708,0.0
BUILDING,4870.00,40.76,180.00,12.66,10.00,13.50,0.0,-1.5708,0.0
BUILDING,4870.00,50.76,180.00,12.66,10.00,13.50,0.0,-1.5708,0.0
BUILDING,4870.00,60.76,180.00,12.66,10.00,13.50,0.0,-1.5708,0.0
BUILDING,4870.00,-0.77,2020.00,9.12,10.00,12.09,0.0,-1.5708,0.0
BUILDING,4870.00,9.23,2020.00,9.12,10.00,12.09,0.0,-1.5708,0.0
BUILDING,4870.00,19.23,2020.00,9.12,10.00,12.09,0.0,-1.5708,0.0
BUILDING,4870.00,29.23,2020.00,9.12,10.00,12.09,0.0,-1.5708,0.0
BUILDING,4870.00,39.23,2020.00,9.12,10.00,12.09,0.0,-1.5708,0.0
BUILDING,4870.00,49.23,2020.00,9.12,10.00,12.09,0.0,-1.5708,0.0
BUILDING,4870.00,59.23,2020.00,9.12,10.00,12.09,0.0,-1.5708,0.0
BUILDING,4870.00,69.23,2020.00,9.12,10.00,12.09,0.0,-1.5708,0.0
BUILDING,4870.00,79.23,2020.00,9.12,10.00,12.09,0.0,-1.5708,0.0
BUILDING,4870.00,89.23,2020.00,9.12,10.00,12.09,0.0,-1.5708,0.0
BUILDING,4870.00,99.23,2020.00,9.12,10.00,12.09,0.0,-1.5708,0.0
BUILDING,4870.00,109.23,2020.00,9.12,10.00,12.09,0.0,-1.5708,0.0
BUILDING,4950.00,-14.91,1060.00,9.28,10.00,12.21,0.0,-1.5708,0.0
BUILDING,4950.00,-4.91,1060.00,9.28,10.00,12.21,0.0,-1.5708,0.0
BUILDING,4950.00,5.09,1060.00,9.28,10.00,12.21,0.0,-1.5708,0.0
BUILDING,4950.00,-14.92,1140.00,9.98,10.00,9.42,0.0,-1.5708,0.0
BUILDING,4950.00,-4.92,1140.00,9.98,10.00,9.42,0.0,-1.5708,0.0
BUILDING,4950.00,5.08,1140.00,9.98,10.00,9.42,0.0,-1.5708,0.0
BUILDING,4950.00,-14.17,980.00,13.88,10.00,10.97,0.0,-1.5708,0.0
BUILDING,4950.00,-14.50,1220.00,13.54,10.00,10.81,0.0,-1.5708,0.0
BUILDING,4950.00,-14.17,1300.00,9.06,10.00,10.72,0.0,-1.5708,0.0
BUILDING,4950.00,-4.17,1300.00,9.06,10.00,10.72,0.0,-1.5708,0.0
BUILDING,4950.00,5.83,1300.00,9.06,10.00,10.72,0.0,-1.5708,0.0
BUILDING,4950.00,-11.18,820.00,9.44,10.00,12.64,0.0,-1.5708,0.0
BUILDING,4950.00,-1.18,820.00,9.44,10.00,12.64,0.0,-1.5708,0.0
BUILDING,4950.00,8.82,820.00,9.44,10.00,12.64,0.0,-1.5708,0.0
BUILDING,4950.00,18.82,820.00,9.44,10.00,12.64,0.0,-1.5708,0.0
BUILDING,4950.00,28.82,820.00,9.44,10.00,12.64,0.0,-1.5708,0.0
BUILDING,4950.00,38.82,820.00,9.44,10.00,12.64,0.0,-1.5708,0.0
BUILDING,4950.00,48.82,820.00,9.44,10.00,12.64,0.0,-1.5708,0.0
BUILDING,4950.00,58.82,820.00,9.44,10.00,12.64,0.0,-1.5708,0.0
BUILDING,4950.00,68.82,820.00,9.44,10.00,12.64,0.0,-1.5708,0.0
BUILDING,4950.00,78.82,820.00,9.44,10.00,12.64,0.0,-1.5708,0.0
BUILDING,4950.00,88.82,820.00,9.44,10.00,12.64,0.0,-1.5708,0.0
BUILDING,4950.00,-15.31,1460.00,13.85,10.00,11.12,0.0,-1.5708,0.0
BUILDING,4950.00,-5.31,1460.00,13.85,10.00,11.12,0.0,-1.5708,0.0
BUILDING,4950.00,4.69,1460.00,13.85,10.00,11.12,0.0,-1.5708,0.0
BUILDING,4950.00,14.69,1460.00,13.85,10.00,11.12,0.0,-1.5708,0.0
BUILDING,4950.00,24.69,1460.00,13.85,10.00,11.12,0.0,-1.5708,0.0
BUILDING,4950.00,34.69,1460.00,13.85,10.00,11.12,0.0,-1.5708,0.0
BUILDING,4950.00,44.69,1460.00,13.85,10.00,11.12,0.0,-1.5708,0.0
BUILDING,4950.00,54.69,1460.00,13.85,10.00,11.12,0.0,-1.5708,0.0
BUILDING,4950.00,64.69,1460.00,13.85,10.00,11.12,0.0,-1.5708,0.0
BUILDING,4950.00,74.69,1460.00,13.85,10.00,11.12,0.0,-1.5708,0.0
BUILDING,4950.00,-8.48,660.00,11.99,10.00,9.72,0.0,-1.5708,0.0
BUILDING,4950.00,1.52,660.00,11.99,10.00,9.72,0.0,-1.5708,0.0
BUILDING,4950.00,11.52,660.00,11.99,10.00,9.72,0.0,-1.5708,0.0
BUILDING,4950.00,21.52,660.00,11.99,10.00,9.72,0.0,-1.5708,0.0
BUILDING,4950.00,31.52,660.00,11.99,10.00,9.72,0.0,-1.5708,0.0
BUILDING,4950.00,41.52,660.00,11.99,10.00,9.72,0.0,-1.5708,0.0
BUILDING,4950.00,51.52,660.00,11.99,10.00,9.72,0.0,-1.5708,0.0
BUILDING,4950.00,61.52,660.00,11.99,10.00,9.72,0.0,-1.5708,0.0
BUILDING,4950.00,71.52,660.00,11.99,10.00,9.72,0.0,-1.5708,0.0
BUILDING,4950.00,81.52,660.00,11.99,10.00,9.72,0.0,-1.5708,0.0
BUILDING,4950.00,91.52,660.00,11.99,10.00,9.72,0.0,-1.5708,0.0
BUILDING,4950.00,101.52,660.00,11.99,10.00,9.72,0.0,-1.5708,0.0
BUILDING,4950.00,-7.80,580.00,9.33,10.00,13.80,0.0,-1.5708,0.0
BUILDING,4950.00,2.20,580.00,9.33,10.00,13.80,0.0,-1.5708,0.0
BUILDING,4950.00,12.20,580.00,9.33,10.00,13.80,0.0,-1.5708,0.0
BUILDING,4950.00,22.20,580.00,9.33,10.00,13.80,0.0,-1.5708,0.0
BUILDING,4950.00,32.20,580.00,9.33,10.00,13.80,0.0,-1.5708,0.0
BUILDING,4950.00,42.20,580.00,9.33,10.00,13.80,0.0,-1.5708,0.0
BUILDING,4950.00,52.20,580.00,9.33,10.00,13.80,0.0,-1.5708,0.0
BUILDING,4950.00,62.20,580.00,9.33,10.00,13.80,0.0,-1.5708,0.0
BUILDING,4950.00,72.20,580.00,9.33,10.00,13.80,0.0,-1.5708,0.0
BUILDING,4950.00,82.20,580.00,9.33,10.00,13.80,0.0,-1.5708,0.0
BUILDING,4950.00,-18.17,1620.00,12.19,10.00,10.37,0.0,-1.5708,0.0
BUILDING,4950.00,-8.17,1620.00,12.19,10.00,10.37,0.0,-1.5708,0.0
BUILDING,4950.00,1.83,1620.00,12.19,10.00,10.37,0.0,-1.5708,0.0
BUILDING,4950.00,11.83,1620.00,12.19,10.00,10.37,0.0,-1.5708,0.0
BUILDING,4950.00,21.83,1620.00,12.19,10.00,10.37,0.0,-1.5708,0.0
BUILDING,4950.00,31.83,1620.00,12.19,10.00,10.37,0.0,-1.5708,0.0
BUILDING,4950.00,41.83,1620.00,12.19,10.00,10.37,0.0,-1.5708,0.0
BUILDING,4950.00,-7.53,500.00,12.78,10.00,9.68,0.0,-1.5708,0.0
BUILDING,4950.00,2.47,500.00,12.78,10.00,9.68,0.0,-1.5708,0.0
BUILDING,4950.00,12.47,500.00,12.78,10.00,9.68,0.0,-1.5708,0.0
BUILDING,4950.00,22.47,500.00,12.78,10.00,9.68,0.0,-1.5708,0.0
BUILDING,4950.00,32.47,500.00,12.78,10.00,9.68,0.0,-1.5708,0.0
BUILDING,4950.00,42.47,500.00,12.78,10.00,9.68,0.0,-1.5708,0.0
BUILDING,4950.00,52.47,500.00,12.78,10.00,9.68,0.0,-1.5708,0.0
BUILDING,4950.00,62.47,500.00,12.78,10.00,9.68,0.0,-1.5708,0.0
BUILDING,4950.00,72.47,500.00,12.78,10.00,9.68,0.0,-1.5708,0.0
BUILDING,4950.00,82.47,500.00,12.78,10.00,9.68,0.0,-1.5708,0.0
BUILDING,4950.00,92.47,500.00,12.78,10.00,9.68,0.0,-1.5708,0.0
BUILDING,4950.00,102.47,500.00,12.78,10.00,9.68,0.0,-1.5708,0.0
BUILDING,4950.00,-18.84,1700.00,11.45,10.00,13.11,0.0,-1.5708,0.0
BUILDING,4950.00,-8.84,1700.00,11.45,10.00,13.11,0.0,-1.5708,0.0
BUILDING,4950.00,1.16,1700.00,11.45,10.00,13.11,0.0,-1.5708,0.0
BUILDING,4950.00,11.16,1700.00,11.45,10.00,13.11,0.0,-1.5708,0.0
BUILDING,4950.00,21.16,1700.00,11.45,10.00,13.11,0.0,-1.5708,0.0
BUILDING,4950.00,31.16,1700.00,11.45,10.00,13.11,0.0,-1.5708,0.0
BUILDING,4950.00,41.16,1700.00,11.45,10.00,13.11,0.0,-1.5708,0.0
BUILDING,4950.00,51.16,1700.00,11.45,10.00,13.11,0.0,-1.5708,0.0
BUILDING,4950.00,-7.50,420.00,11.80,10.00,11.32,0.0,-1.5708,0.0
BUILDING,4950.00,2.50,420.00,11.80,10.00,11.32,0.0,-1.5708,0.0
BUILDING,4950.00,12.50,420.00,11.80,10.00,11.32,0.0,-1.5708,0.0
BUILDING,4950.00,22.50,420.00,11.80,10.00,11.32,0.0,-1.5708,0.0
BUILDING,4950.00,32.50,420.00,11.80,10.00,11.32,0.0,-1.5708,0.0
BUILDING,4950.00,42.50,420.00,11.80,10.00,11.32,0.0,-1.5708,0.0
BUILDING,4950.00,52.50,420.00,11.80,10.00,11.32,0.0,-1.5708,0.0
BUILDING,4950.00,62.50,420.00,11.80,10.00,11.32,0.0,-1.5708,0.0
BUILDING,4950.00,72.50,420.00,11.80,10.00,11.32,0.0,-1.5708,0.0
BUILDING,4950.00,82.50,420.00,11.80,10.00,11.32,0.0,-1.5708,0.0
BUILDING,4950.00,92.50,420.00,11.80,10.00,11.32,0.0,-1.5708,0.0
BUILDING,4950.00,102.50,420.00,11.80,10.00,11.32,0.0,-1.5708,0.0
BUILDING,4950.00,-18.12,1780.00,10.50,10.00,12.20,0.0,-1.5708,0.0
BUILDING,4950.00,-8.12,1780.00,10.50,10.00,12.20,0.0,-1.5708,0.0
BUILDING,4950.00,1.88,1780.00,10.50,10.00,12.20,0.0,-1.5708,0.0
BUILDING,4950.00,11.88,1780.00,10.50,10.00,12.20,0.0,-1.5708,0.0
BUILDING,4950.00,21.88,1780.00,10.50,10.00,12.20,0.0,-1.5708,0.0
BUILDING,4950.00,31.88,1780.00,10.50,10.00,12.20,0.0,-1.5708,0.0
BUILDING,4950.00,-7.55,340.00,13.46,10.00,11.09,0.0,-1.5708,0.0
BUILDING,4950.00,2.45,340.00,13.46,10.00,11.09,0.0,-1.5708,0.0
BUILDING,4950.00,12.45,340.00,13.46,10.00,11.09,0.0,-1.5708,0.0
BUILDING,4950.00,22.45,340.00,13.46,10.00,11.09,0.0,-1.5708,0.0
BUILDING,4950.00,32.45,340.00,13.46,10.00,11.09,0.0,-1.5708,0.0
BUILDING,4950.00,42.45,340.00,13.46,10.00,11.09,0.0,-1.5708,0.0
BUILDING,4950.00,52.45,340.00,13.46,10.00,11.09,0.0,-1.5708,0.0
BUILDING,4950.00,62.45,340.00,13.46,10.00,11.09,0.0,-1.5708,0.0
BUILDING,4950.00,72.45,340.00,13.46,10.00,11.09,0.0,-1.5708,0.0
BUILDING,4950.00,82.45,340.00,13.46,10.00,11.09,0.0,-1.5708,0.0
BUILDING,4950.00,92.45,340.00,13.46,10.00,11.09,0.0,-1.5708,0.0
BUILDING,4950.00,102.45,340.00,13.46,10.00,11.09,0.0,-1.5708,0.0
BUILDING,4950.00,-15.68,1860.00,9.14,10.00,12.82,0.0,-1.5708,0.0
BUILDING,4950.00,-5.68,1860.00,9.14,10.00,12.82,0.0,-1.5708,0.0
BUILDING,4950.00,4.32,1860.00,9.14,10.00,12.82,0.0,-1.5708,0.0
BUILDING,4950.00,14.32,1860.00,9.14,10.00,12.82,0.0,-1.5708,0.0
BUILDING,4950.00,24.32,1860.00,9.14,10.00,12.82,0.0,-1.5708,0.0
BUILDING,4950.00,34.32,1860.00,9.14,10.00,12.82,0.0,-1.5708,0.0
BUILDING,4950.00,-11.73,1940.00,11.91,10.00,11.83,0.0,-1.5708,0.0
BUILDING,4950.00,-1.73,1940.00,11.91,10.00,11.83,0.0,-1.5708,0.0
BUILDING,4950.00,8.27,1940.00,11.91,10.00,11.83,0.0,-1.5708,0.0
BUILDING,4950.00,18.27,1940.00,11.91,10.00,11.83,0.0,-1.5708,0.0
BUILDING,4950.00,28.27,1940.00,11.91,10.00,11.83,0.0,-1.5708,0.0
BUILDING,4950.00,38.27,1940.00,11.91,10.00,11.83,0.0,-1.5708,0.0
BUILDING,4950.00,48.27,1940.00,11.91,10.00,11.83,0.0,-1.5708,0.0
BUILDING,4950.00,58.27,1940.00,11.91,10.00,11.83,0.0,-1.5708,0.0
BUILDING,4950.00,68.27,1940.00,11.91,10.00,11.83,0.0,-1.5708,0.0
BUILDING,4950.00,-7.80,180.00,13.87,10.00,13.09,0.0,-1.5708,0.0
BUILDING,4950.00,2.20,180.00,13.87,10.00,13.09,0.0,-1.5708,0.0
BUILDING,4950.00,12.20,180.00,13.87,10.00,13.09,0.0,-1.5708,0.0
BUILDING,4950.00,22.20,180.00,13.87,10.00,13.09,0.0,-1.5708,0.0
BUILDING,4950.00,32.20,180.00,13.87,10.00,13.09,0.0,-1.5708,0.0
BUILDING,4950.00,42.20,180.00,13.87,10.00,13.09,0.0,-1.5708,0.0
BUILDING,4950.00,52.20,180.00,13.87,10.00,13.09,0.0,-1.5708,0.0
BUILDING,4950.00,62.20,180.00,13.87,10.00,13.09,0.0,-1.5708,0.0
BUILDING,4950.00,72.20,180.00,13.87,10.00,13.09,0.0,-1.5708,0.0
BUILDING,4950.00,82.20,180.00,13.87,10.00,13.09,0.0,-1.5708,0.0
BUILDING,4950.00,92.20,180.00,13.87,10.00,13.09,0.0,-1.5708,0.0
BUILDING,5030.00,-13.68,900.00,10.79,10.00,9.26,0.0,-1.5708,0.0
BUILDING,5030.00,-3.68,900.00,10.79,10.00,9.26,0.0,-1.5708,0.0
BUILDING,5030.00,-14.26,1300.00,9.24,10.00,10.46,0.0,-1.5708,0.0
BUILDING,5030.00,-4.26,1300.00,9.24,10.00,10.46,0.0,-1.5708,0.0
BUILDING,5030.00,5.74,1300.00,9.24,10.00,10.46,0.0,-1.5708,0.0
BUILDING,5030.00,-12.71,820.00,12.83,10.00,9.92,0.0,-1.5708,0.0
BUILDING,5030.00,-2.71,820.00,12.83,10.00,9.92,0.0,-1.5708,0.0
BUILDING,5030.00,7.29,820.00,12.83,10.00,9.92,0.0,-1.5708,0.0
BUILDING,5030.00,17.29,820.00,12.83,10.00,9.92,0.0,-1.5708,0.0
BUILDING,5030.00,27.29,820.00,12.83,10.00,9.92,0.0,-1.5708,0.0
BUILDING,5030.00,37.29,820.00,12.83,10.00,9.92,0.0,-1.5708,0.0
BUILDING,5030.00,47.29,820.00,12.83,10.00,9.92,0.0,-1.5708,0.0
BUILDING,5030.00,-11.70,740.00,13.13,10.00,12.42,0.0,-1.5708,0.0
BUILDING,5030.00,-1.70,740.00,13.13,10.00,12.42,0.0,-1.5708,0.0
BUILDING,5030.00,8.30,740.00,13.13,10.00,12.42,0.0,-1.5708,0.0
BUILDING,5030.00,18.30,740.00,13.13,10.00,12.42,0.0,-1.5708,0.0
BUILDING,5030.00,28.30,740.00,13.13,10.00,12.42,0.0,-1.5708,0.0
BUILDING,5030.00,38.30,740.00,13.13,10.00,12.42,0.0,-1.5708,0.0
BUILDING,5030.00,48.30,740.00,13.13,10.00,12.42,0.0,-1.5708,0.0
BUILDING,5030.00,58.30,740.00,13.13,10.00,12.42,0.0,-1.5708,0.0
BUILDING,5030.00,68.30,740.00,13.13,10.00,12.42,0.0,-1.5708,0.0
BUILDING,5030.00,-14.89,1460.00,10.81,10.00,11.67,0.0,-1.5708,0.0
BUILDING,5030.00,-4.89,1460.00,10.81,10.00,11.67,0.0,-1.5708,0.0
BUILDING,5030.00,5.11,1460.00,10.81,10.00,11.67,0.0,-1.5708,0.0
BUILDING,5030.00,15.11,1460.00,10.81,10.00,11.67,0.0,-1.5708,0.0
BUILDING,5030.00,25.11,1460.00,10.81,10.00,11.67,0.0,-1.5708,0.0
BUILDING,5030.00,35.11,1460.00,10.81,10.00,11.67,0.0,-1.5708,0.0
BUILDING,5030.00,45.11,1460.00,10.81,10.00,11.67,0.0,-1.5708,0.0
BUILDING,5030.00,55.11,1460.00,10.81,10.00,11.67,0.0,-1.5708,0.0
BUILDING,5030.00,65.11,1460.00,10.81,10.00,11.67,0.0,-1.5708,0.0
BUILDING,5030.00,75.11,1460.00,10.81,10.00,11.67,0.0,-1.5708,0.0
BUILDING,5030.00,85.11,1460.00,10.81,10.00,11.67,0.0,-1.5708,0.0
BUILDING,5030.00,-10.67,660.00,11.59,10.00,10.87,0.0,-1.5708,0.0
BUILDING,5030.00,-0.67,660.00,11.59,10.00,10.87,0.0,-1.5708,0.0
BUILDING,5030.00,9.33,660.00,11.59,10.00,10.87,0.0,-1.5708,0.0
BUILDING,5030.00,19.33,660.00,11.59,10.00,10.87,0.0,-1.5708,0.0
BUILDING,5030.00,29.33,660.00,11.59,10.00,10.87,0.0,-1.5708,0.0
BUILDING,5030.00,39.33,660.00,11.59,10.00,10.87,0.0,-1.5708,0.0
BUILDING,5030.00,49.33,660.00,11.59,10.00,10.87,0.0,-1.5708,0.0
BUILDING,5030.00,59.33,660.00,11.59,10.00,10.87,0.0,-1.5708,0.0
BUILDING,5030.00,-16.13,1540.00,9.51,10.00,9.77,0.0,-1.5708,0.0
BUILDING,5030.00,-6.13,1540.00,9.51,10.00,9.77,0.0,-1.5708,0.0
BUILDING,5030.00,3.87,1540.00,9.51,10.00,9.77,0.0,-1.5708,0.0
BUILDING,5030.00,13.87,1540.00,9.51,10.00,9.77,0.0,-1.5708,0.0
BUILDING,5030.00,23.87,1540.00,9.51,10.00,9.77,0.0,-1.5708,0.0
BUILDING,5030.00,33.87,1540.00,9.51,10.00,9.77,0.0,-1.5708,0.0
BUILDING,5030.00,-9.63,580.00,12.07,10.00,13.16,0.0,-1.5708,0.0
BUILDING,5030.00,0.37,580.00,12.07,10.00,13.16,0.0,-1.5708,0.0
BUILDING,5030.00,10.37,580.00,12.07,10.00,13.16,0.0,-1.5708,0.0
BUILDING,5030.00,20.37,580.00,12.07,10.00,13.16,0.0,-1.5708,0.0
BUILDING,5030.00,30.37,580.00,12.07,10.00,13.16,0.0,-1.5708,0.0
BUILDING,5030.00,40.37,580.00,12.07,10.00,13.16,0.0,-1.5708,0.0
BUILDING,5030.00,50.37,580.00,12.07,10.00,13.16,0.0,-1.5708,0.0
BUILDING,5030.00,60.37,580.00,12.07,10.00,13.16,0.0,-1.5708,0.0
BUILDING,5030.00,70.37,580.00,12.07,10.00,13.16,0.0,-1.5708,0.0
BUILDING,5030.00,80.37,580.00,12.07,10.00,13.16,0.0,-1.5708,0.0
BUILDING,5030.00,90.37,580.00,12.07,10.00,13.16,0.0,-1.5708,0.0
BUILDING,5030.00,100.37,580.00,12.07,10.00,13.16,0.0,-1.5708,0.0
BUILDING,5030.00,-17.72,1620.00,12.51,10.00,13.01,0.0,-1.5708,0.0
BUILDING,5030.00,-7.72,1620.00,12.51,10.00,13.01,0.0,-1.5708,0.0
BUILDING,5030.00,2.28,1620.00,12.51,10.00,13.01,0.0,-1.5708,0.0
BUILDING,5030.00,12.28,1620.00,12.51,10.00,13.01,0.0,-1.5708,0.0
BUILDING,5030.00,22.28,1620.00,12.51,10.00,13.01,0.0,-1.5708,0.0
BUILDING,5030.00,32.28,1620.00,12.51,10.00,13.01,0.0,-1.5708,0.0
BUILDING,5030.00,42.28,1620.00,12.51,10.00,13.01,0.0,-1.5708,0.0
BUILDING,5030.00,52.28,1620.00,12.51,10.00,13.01,0.0,-1.5708,0.0
BUILDING,5030.00,-19.11,1700.00,13.62,10.00,11.40,0.0,-1.5708,0.0
BUILDING,5030.00,-9.11,1700.00,13.62,10.00,11.40,0.0,-1.5708,0.0
BUILDING,5030.00,0.89,1700.00,13.62,10.00,11.40,0.0,-1.5708,0.0
BUILDING,5030.00,10.89,1700.00,13.62,10.00,11.40,0.0,-1.5708,0.0
BUILDING,5030.00,20.89,1700.00,13.62,10.00,11.40,0.0,-1.5708,0.0
BUILDING,5030.00,-7.49,420.00,13.45,10.00,11.99,0.0,-1.5708,0.0
BUILDING,5030.00,2.51,420.00,13.45,10.00,11.99,0.0,-1.5708,0.0
BUILDING,5030.00,12.51,420.00,13.45,10.00,11.99,0.0,-1.5708,0.0
BUILDING,5030.00,22.51,420.00,13.45,10.00,11.99,0.0,-1.5708,0.0
BUILDING,5030.00,32.51,420.00,13.45,10.00,11.99,0.0,-1.5708,0.0
BUILDING,5030.00,42.51,420.00,13.45,10.00,11.99,0.0,-1.5708,0.0
BUILDING,5030.00,52.51,420.00,13.45,10.00,11.99,0.0,-1.5708,0.0
BUILDING,5030.00,62.51,420.00,13.45,10.00,11.99,0.0,-1.5708,0.0
BUILDING,5030.00,72.51,420.00,13.45,10.00,11.99,0.0,-1.5708,0.0
BUILDING,5030.00,82.51,420.00,13.45,10.00,11.99,0.0,-1.5708,0.0
BUILDING,5030.00,92.51,420.00,13.45,10.00,11.99,0.0,-1.5708,0.0
BUILDING,5030.00,102.51,420.00,13.45,10.00,11.99,0.0,-1.5708,0.0
BUILDING,5030.00,-19.66,1780.00,10.52,10.00,12.72,0.0,-1.5708,0.0
BUILDING,5030.00,-9.66,1780.00,10.52,10.00,12.72,0.0,-1.5708,0.0
BUILDING,5030.00,0.34,1780.00,10.52,10.00,12.72,0.0,-1.5708,0.0
BUILDING,5030.00,10.34,1780.00,10.52,10.00,12.72,0.0,-1.5708,0.0
BUILDING,5030.00,20.34,1780.00,10.52,10.00,12.72,0.0,-1.5708,0.0
BUILDING,5030.00,30.34,1780.00,10.52,10.00,12.72,0.0,-1.5708,0.0
BUILDING,5030.00,40.34,1780.00,10.52,10.00,12.72,0.0,-1.5708,0.0
BUILDING,5030.00,50.34,1780.00,10.52,10.00,12.72,0.0,-1.5708,0.0
BUILDING,5030.00,60.34,1780.00,10.52,10.00,12.72,0.0,-1.5708,0.0
BUILDING,5030.00,-6.68,340.00,9.71,10.00,10.13,0.0,-1.5708,0.0
BUILDING,5030.00,3.32,340.00,9.71,10.00,10.13,0.0,-1.5708,0.0
BUILDING,5030.00,13.32,340.00,9.71,10.00,10.13,0.0,-1.5708,0.0
BUILDING,5030.00,23.32,340.00,9.71,10.00,10.13,0.0,-1.5708,0.0
BUILDING,5030.00,33.32,340.00,9.71,10.00,10.13,0.0,-1.5708,0.0
BUILDING,5030.00,43.32,340.00,9.71,10.00,10.13,0.0,-1.5708,0.0
BUILDING,5030.00,53.32,340.00,9.71,10.00,10.13,0.0,-1.5708,0.0
BUILDING,5030.00,63.32,340.00,9.71,10.00,10.13,0.0,-1.5708,0.0
BUILDING,5030.00,73.32,340.00,9.71,10.00,10.13,0.0,-1.5708,0.0
BUILDING,5030.00,83.32,340.00,9.71,10.00,10.13,0.0,-1.5708,0.0
BUILDING,5030.00,93.32,340.00,9.71,10.00,10.13,0.0,-1.5708,0.0
BUILDING,5030.00,103.32,340.00,9.71,10.00,10.13,0.0,-1.5708,0.0
BUILDING,5030.00,-18.84,1860.00,11.12,10.00,12.82,0.0,-1.5708,0.0
BUILDING,5030.00,-8.84,1860.00,11.12,10.00,12.82,0.0,-1.5708,0.0
BUILDING,5030.00,1.16,1860.00,11.12,10.00,12.82,0.0,-1.5708,0.0
BUILDING,5030.00,11.16,1860.00,11.12,10.00,12.82,0.0,-1.5708,0.0
BUILDING,5030.00,-6.37,260.00,12.79,10.00,9.21,0.0,-1.5708,0.0
BUILDING,5030.00,3.63,260.00,12.79,10.00,9.21,0.0,-1.5708,0.0
BUILDING,5030.00,13.63,260.00,12.79,10.00,9.21,0.0,-1.5708,0.0
BUILDING,5030.00,23.63,260.00,12.79,10.00,9.21,0.0,-1.5708,0.0
BUILDING,5030.00,33.63,260.00,12.79,10.00,9.21,0.0,-1.5708,0.0
BUILDING,5030.00,43.63,260.00,12.79,10.00,9.21,0.0,-1.5708,0.0
BUILDING,5030.00,53.63,260.00,12.79,10.00,9.21,0.0,-1.5708,0.0
BUILDING,5030.00,63.63,260.00,12.79,10.00,9.21,0.0,-1.5708,0.0
BUILDING,5030.00,73.63,260.00,12.79,10.00,9.21,0.0,-1.5708,0.0
BUILDING,5030.00,83.63,260.00,12.79,10.00,9.21,0.0,-1.5708,0.0
BUILDING,5030.00,93.63,260.00,12.79,10.00,9.21,0.0,-1.5708,0.0
BUILDING,5030.00,103.63,260.00,12.79,10.00,9.21,0.0,-1.5708,0.0
BUILDING,5030.00,-6.80,180.00,11.35,10.00,13.54,0.0,-1.5708,0.0
BUILDING,5030.00,3.20,180.00,11.35,10.00,13.54,0.0,-1.5708,0.0
BUILDING,5030.00,13.20,180.00,11.35,10.00,13.54,0.0,-1.5708,0.0
BUILDING,5030.00,23.20,180.00,11.35,10.00,13.54,0.0,-1.5708,0.0
BUILDING,5030.00,33.20,180.00,11.35,10.00,13.54,0.0,-1.5708,0.0
BUILDING,5030.00,43.20,180.00,11.35,10.00,13.54,0.0,-1.5708,0.0
BUILDING,5030.00,53.20,180.00,11.35,10.00,13.54,0.0,-1.5708,0.0
BUILDING,5030.00,63.20,180.00,11.35,10.00,13.54,0.0,-1.5708,0.0
BUILDING,5030.00,73.20,180.00,11.35,10.00,13.54,0.0,-1.5708,0.0
BUILDING,5030.00,-12.91,2020.00,12.77,10.00,12.91,0.0,-1.5708,0.0
BUILDING,5030.00,-2.91,2020.00,12.77,10.00,12.91,0.0,-1.5708,0.0
BUILDING,5030.00,7.09,2020.00,12.77,10.00,12.91,0.0,-1.5708,0.0
BUILDING,5030.00,17.09,2020.00,12.77,10.00,12.91,0.0,-1.5708,0.0
BUILDING,5030.00,27.09,2020.00,12.77,10.00,12.91,0.0,-1.5708,0.0
BUILDING,5030.00,37.09,2020.00,12.77,10.00,12.91,0.0,-1.5708,0.0
BUILDING,5110.00,-14.49,900.00,13.74,10.00,10.74,0.0,-1.5708,0.0
BUILDING,5110.00,-4.49,900.00,13.74,10.00,10.74,0.0,-1.5708,0.0
BUILDING,5110.00,5.51,900.00,13.74,10.00,10.74,0.0,-1.5708,0.0
BUILDING,5110.00,-14.72,1300.00,11.52,10.00,9.34,0.0,-1.5708,0.0
BUILDING,5110.00,-4.72,1300.00,11.52,10.00,9.34,0.0,-1.5708,0.0
BUILDING,5110.00,-14.73,1380.00,9.96,10.00,10.41,0.0,-1.5708,0.0
BUILDING,5110.00,-4.73,1380.00,9.96,10.00,10.41,0.0,-1.5708,0.0
BUILDING,5110.00,5.27,1380.00,9.96,10.00,10.41,0.0,-1.5708,0.0
BUILDING,5110.00,15.27,1380.00,9.96,10.00,10.41,0.0,-1.5708,0.0
BUILDING,5110.00,25.27,1380.00,9.96,10.00,10.41,0.0,-1.5708,0.0
BUILDING,5110.00,35.27,1380.00,9.96,10.00,10.41,0.0,-1.5708,0.0
BUILDING,5110.00,45.27,1380.00,9.96,10.00,10.41,0.0,-1.5708,0.0
BUILDING,5110.00,55.27,1380.00,9.96,10.00,10.41,0.0,-1.5708,0.0
BUILDING,5110.00,65.27,1380.00,9.96,10.00,10.41,0.0,-1.5708,0.0
BUILDING,5110.00,75.27,1380.00,9.96,10.00,10.41,0.0,-1.5708,0.0
BUILDING,5110.00,85.27,1380.00,9.96,10.00,10.41,0.0,-1.5708,0.0
BUILDING,5110.00,-13.02,740.00,9.49,10.00,10.07,0.0,-1.5708,0.0
BUILDING,5110.00,-3.02,740.00,9.49,10.00,10.07,0.0,-1.5708,0.0
BUILDING,5110.00,6.98,740.00,9.49,10.00,10.07,0.0,-1.5708,0.0
BUILDING,5110.00,16.98,740.00,9.49,10.00,10.07,0.0,-1.5708,0.0
BUILDING,5110.00,26.98,740.00,9.49,10.00,10.07,0.0,-1.5708,0.0
BUILDING,5110.00,36.98,740.00,9.49,10.00,10.07,0.0,-1.5708,0.0
BUILDING,5110.00,46.98,740.00,9.49,10.00,10.07,0.0,-1.5708,0.0
BUILDING,5110.00,56.98,740.00,9.49,10.00,10.07,0.0,-1.5708,0.0
BUILDING,5110.00,66.98,740.00,9.49,10.00,10.07,0.0,-1.5708,0.0
BUILDING,5110.00,76.98,740.00,9.49,10.00,10.07,0.0,-1.5708,0.0
BUILDING,5110.00,86.98,740.00,9.49,10.00,10.07,0.0,-1.5708,0.0
BUILDING,5110.00,-11.70,660.00,9.93,10.00,12.37,0.0,-1.5708,0.0
BUILDING,5110.00,-1.70,660.00,9.93,10.00,12.37,0.0,-1.5708,0.0
BUILDING,5110.00,8.30,660.00,9.93,10.00,12.37,0.0,-1.5708,0.0
BUILDING,5110.00,18.30,660.00,9.93,10.00,12.37,0.0,-1.5708,0.0
BUILDING,5110.00,28.30,660.00,9.93,10.00,12.37,0.0,-1.5708,0.0
BUILDING,5110.00,38.30,660.00,9.93,10.00,12.37,0.0,-1.5708,0.0
BUILDING,5110.00,48.30,660.00,9.93,10.00,12.37,0.0,-1.5708,0.0
BUILDING,5110.00,58.30,660.00,9.93,10.00,12.37,0.0,-1.5708,0.0
BUILDING,5110.00,68.30,660.00,9.93,10.00,12.37,0.0,-1.5708,0.0
BUILDING,5110.00,78.30,660.00,9.93,10.00,12.37,0.0,-1.5708,0.0
BUILDING,5110.00,88.30,660.00,9.93,10.00,12.37,0.0,-1.5708,0.0
BUILDING,5110.00,-17.07,1620.00,10.14,10.00,9.56,0.0,-1.5708,0.0
BUILDING,5110.00,-7.07,1620.00,10.14,10.00,9.56,0.0,-1.5708,0.0
BUILDING,5110.00,2.93,1620.00,10.14,10.00,9.56,0.0,-1.5708,0.0
BUILDING,5110.00,12.93,1620.00,10.14,10.00,9.56,0.0,-1.5708,0.0
BUILDING,5110.00,22.93,1620.00,10.14,10.00,9.56,0.0,-1.5708,0.0
BUILDING,5110.00,32.93,1620.00,10.14,10.00,9.56,0.0,-1.5708,0.0
BUILDING,5110.00,42.93,1620.00,10.14,10.00,9.56,0.0,-1.5708,0.0
BUILDING,5110.00,52.93,1620.00,10.14,10.00,9.56,0.0,-1.5708,0.0
BUILDING,5110.00,62.93,1620.00,10.14,10.00,9.56,0.0,-1.5708,0.0
BUILDING,5110.00,-8.20,500.00,11.60,10.00,11.48,0.0,-1.5708,0.0
BUILDING,5110.00,1.80,500.00,11.60,10.00,11.48,0.0,-1.5708,0.0
BUILDING,5110.00,11.80,500.00,11.60,10.00,11.48,0.0,-1.5708,0.0
BUILDING,5110.00,21.80,500.00,11.60,10.00,11.48,0.0,-1.5708,0.0
BUILDING,5110.00,31.80,500.00,11.60,10.00,11.48,0.0,-1.5708,0.0
BUILDING,5110.00,41.80,500.00,11.60,10.00,11.48,0.0,-1.5708,0.0
BUILDING,5110.00,51.80,500.00,11.60,10.00,11.48,0.0,-1.5708,0.0
BUILDING,5110.00,61.80,500.00,11.60,10.00,11.48,0.0,-1.5708,0.0
BUILDING,5110.00,-18.43,1700.00,9.20,10.00,10.64,0.0,-1.5708,0.0
BUILDING,5110.00,-8.43,1700.00,9.20,10.00,10.64,0.0,-1.5708,0.0
BUILDING,5110.00,1.57,1700.00,9.20,10.00,10.64,0.0,-1.5708,0.0
BUILDING,5110.00,11.57,1700.00,9.20,10.00,10.64,0.0,-1.5708,0.0
BUILDING,5110.00,21.57,1700.00,9.20,10.00,10.64,0.0,-1.5708,0.0
BUILDING,5110.00,31.57,1700.00,9.20,10.00,10.64,0.0,-1.5708,0.0
BUILDING,5110.00,41.57,1700.00,9.20,10.00,10.64,0.0,-1.5708,0.0
BUILDING,5110.00,51.57,1700.00,9.20,10.00,10.64,0.0,-1.5708,0.0
BUILDING,5110.00,61.57,1700.00,9.20,10.00,10.64,0.0,-1.5708,0.0
BUILDING,5110.00,-6.62,420.00,12.68,10.00,12.44,0.0,-1.5708,0.0
BUILDING,5110.00,3.38,420.00,12.68,10.00,12.44,0.0,-1.5708,0.0
BUILDING,5110.00,13.38,420.00,12.68,10.00,12.44,0.0,-1.5708,0.0
BUILDING,5110.00,23.38,420.00,12.68,10.00,12.44,0.0,-1.5708,0.0
BUILDING,5110.00,33.38,420.00,12.68,10.00,12.44,0.0,-1.5708,0.0
BUILDING,5110.00,43.38,420.00,12.68,10.00,12.44,0.0,-1.5708,0.0
BUILDING,5110.00,53.38,420.00,12.68,10.00,12.44,0.0,-1.5708,0.0
BUILDING,5110.00,63.38,420.00,12.68,10.00,12.44,0.0,-1.5708,0.0
BUILDING,5110.00,73.38,420.00,12.68,10.00,12.44,0.0,-1.5708,0.0
BUILDING,5110.00,83.38,420.00,12.68,10.00,12.44,0.0,-1.5708,0.0
BUILDING,5110.00,93.38,420.00,12.68,10.00,12.44,0.0,-1.5708,0.0
BUILDING,5110.00,103.38,420.00,12.68,10.00,12.44,0.0,-1.5708,0.0
BUILDING,5110.00,-19.50,1780.00,10.45,10.00,13.28,0.0,-1.5708,0.0
BUILDING,5110.00,-9.50,1780.00,10.45,10.00,13.28,0.0,-1.5708,0.0
BUILDING,5110.00,0.50,1780.00,10.45,10.00,13.28,0.0,-1.5708,0.0
BUILDING,5110.00,10.50,1780.00,10.45,10.00,13.28,0.0,-1.5708,0.0
BUILDING,5110.00,20.50,1780.00,10.45,10.00,13.28,0.0,-1.5708,0.0
BUILDING,5110.00,30.50,1780.00,10.45,10.00,13.28,0.0,-1.5708,0.0
BUILDING,5110.00,40.50,1780.00,10.45,10.00,13.28,0.0,-1.5708,0.0
BUILDING,5110.00,-5.78,340.00,13.70,10.00,10.84,0.0,-1.5708,0.0
BUILDING,5110.00,4.22,340.00,13.70,10.00,10.84,0.0,-1.5708,0.0
BUILDING,5110.00,14.22,340.00,13.70,10.00,10.84,0.0,-1.5708,0.0
BUILDING,5110.00,24.22,340.00,13.70,10.00,10.84,0.0,-1.5708,0.0
BUILDING,5110.00,34.22,340.00,13.70,10.00,10.84,0.0,-1.5708,0.0
BUILDING,5110.00,44.22,340.00,13.70,10.00,10.84,0.0,-1.5708,0.0
BUILDING,5110.00,54.22,340.00,13.70,10.00,10.84,0.0,-1.5708,0.0
BUILDING,5110.00,64.22,340.00,13.70,10.00,10.84,0.0,-1.5708,0.0
BUILDING,5110.00,74.22,340.00,13.70,10.00,10.84,0.0,-1.5708,0.0
BUILDING,5110.00,84.22,340.00,13.70,10.00,10.84,0.0,-1.5708,0.0
BUILDING,5110.00,94.22,340.00,13.70,10.00,10.84,0.0,-1.5708,0.0
BUILDING,5110.00,104.22,340.00,13.70,10.00,10.84,0.0,-1.5708,0.0
BUILDING,5110.00,-19.81,1860.00,9.53,10.00,11.19,0.0,-1.5708,0.0
BUILDING,5110.00,-9.81,1860.00,9.53,10.00,11.19,0.0,-1.5708,0.0
BUILDING,5110.00,0.19,1860.00,9.53,10.00,11.19,0.0,-1.5708,0.0
BUILDING,5110.00,10.19,1860.00,9.53,10.00,11.19,0.0,-1.5708,0.0
BUILDING,5110.00,20.19,1860.00,9.53,10.00,11.19,0.0,-1.5708,0.0
BUILDING,5110.00,30.19,1860.00,9.53,10.00,11.19,0.0,-1.5708,0.0
BUILDING,5110.00,40.19,1860.00,9.53,10.00,11.19,0.0,-1.5708,0.0
BUILDING,5110.00,50.19,1860.00,9.53,10.00,11.19,0.0,-1.5708,0.0
BUILDING,5110.00,60.19,1860.00,9.53,10.00,11.19,0.0,-1.5708,0.0
BUILDING,5110.00,-6.10,260.00,10.97,10.00,12.48,0.0,-1.5708,0.0
BUILDING,5110.00,3.90,260.00,10.97,10.00,12.48,0.0,-1.5708,0.0
BUILDING,5110.00,13.90,260.00,10.97,10.00,12.48,0.0,-1.5708,0.0
BUILDING,5110.00,23.90,260.00,10.97,10.00,12.48,0.0,-1.5708,0.0
BUILDING,5110.00,33.90,260.00,10.97,10.00,12.48,0.0,-1.5708,0.0
BUILDING,5110.00,43.90,260.00,10.97,10.00,12.48,0.0,-1.5708,0.0
BUILDING,5110.00,53.90,260.00,10.97,10.00,12.48,0.0,-1.5708,0.0
BUILDING,5110.00,63.90,260.00,10.97,10.00,12.48,0.0,-1.5708,0.0
BUILDING,5110.00,73.90,260.00,10.97,10.00,12.48,0.0,-1.5708,0.0
BUILDING,5110.00,83.90,260.00,10.97,10.00,12.48,0.0,-1.5708,0.0
BUILDING,5110.00,-16.98,2020.00,13.88,10.00,10.69,0.0,-1.5708,0.0
BUILDING,5110.00,-6.98,2020.00,13.88,10.00,10.69,0.0,-1.5708,0.0
BUILDING,5110.00,3.02,2020.00,13.88,10.00,10.69,0.0,-1.5708,0.0
BUILDING,5110.00,13.02,2020.00,13.88,10.00,10.69,0.0,-1.5708,0.0
BUILDING,5110.00,23.02,2020.00,13.88,10.00,10.69,0.0,-1.5708,0.0
BUILDING,5110.00,33.02,2020.00,13.88,10.00,10.69,0.0,-1.5708,0.0
BUILDING,5110.00,43.02,2020.00,13.88,10.00,10.69,0.0,-1.5708,0.0
BUILDING,5190.00,-15.05,900.00,12.78,10.00,13.00,0.0,-1.5708,0.0
BUILDING,5190.00,-5.05,900.00,12.78,10.00,13.00,0.0,-1.5708,0.0
BUILDING,5190.00,-15.49,1300.00,13.94,10.00,11.56,0.0,-1.5708,0.0
BUILDING,5190.00,-5.49,1300.00,13.94,10.00,11.56,0.0,-1.5708,0.0
BUILDING,5190.00,4.51,1300.00,13.94,10.00,11.56,0.0,-1.5708,0.0
BUILDING,5190.00,-14.57,820.00,10.25,10.00,11.49,0.0,-1.5708,0.0
BUILDING,5190.00,-4.57,820.00,10.25,10.00,11.49,0.0,-1.5708,0.0
BUILDING,5190.00,5.43,820.00,10.25,10.00,11.49,0.0,-1.5708,0.0
BUILDING,5190.00,15.43,820.00,10.25,10.00,11.49,0.0,-1.5708,0.0
BUILDING,5190.00,25.43,820.00,10.25,10.00,11.49,0.0,-1.5708,0.0
BUILDING,5190.00,35.43,820.00,10.25,10.00,11.49,0.0,-1.5708,0.0
BUILDING,5190.00,-15.82,1380.00,12.69,10.00,13.15,0.0,-1.5708,0.0
BUILDING,5190.00,-5.82,1380.00,12.69,10.00,13.15,0.0,-1.5708,0.0
BUILDING,5190.00,4.18,1380.00,12.69,10.00,13.15,0.0,-1.5708,0.0
BUILDING,5190.00,14.18,1380.00,12.69,10.00,13.15,0.0,-1.5708,0.0
BUILDING,5190.00,24.18,1380.00,12.69,10.00,13.15,0.0,-1.5708,0.0
BUILDING,5190.00,-13.45,740.00,10.91,10.00,12.40,0.0,-1.5708,0.0
BUILDING,5190.00,-3.45,740.00,10.91,10.00,12.40,0.0,-1.5708,0.0
BUILDING,5190.00,6.55,740.00,10.91,10.00,12.40,0.0,-1.5708,0.0
BUILDING,5190.00,16.55,740.00,10.91,10.00,12.40,0.0,-1.5708,0.0
BUILDING,5190.00,26.55,740.00,10.91,10.00,12.40,0.0,-1.5708,0.0
BUILDING,5190.00,36.55,740.00,10.91,10.00,12.40,0.0,-1.5708,0.0
BUILDING,5190.00,46.55,740.00,10.91,10.00,12.40,0.0,-1.5708,0.0
BUILDING,5190.00,-16.19,1460.00,12.80,10.00,12.31,0.0,-1.5708,0.0
BUILDING,5190.00,-6.19,1460.00,12.80,10.00,12.31,0.0,-1.5708,0.0
BUILDING,5190.00,3.81,1460.00,12.80,10.00,12.31,0.0,-1.5708,0.0
BUILDING,5190.00,13.81,1460.00,12.80,10.00,12.31,0.0,-1.5708,0.0
BUILDING,5190.00,23.81,1460.00,12.80,10.00,12.31,0.0,-1.5708,0.0
BUILDING,5190.00,-11.69,660.00,10.01,10.00,12.31,0.0,-1.5708,0.0
BUILDING,5190.00,-1.69,660.00,10.01,10.00,12.31,0.0,-1.5708,0.0
BUILDING,5190.00,8.31,660.00,10.01,10.00,12.31,0.0,-1.5708,0.0
BUILDING,5190.00,18.31,660.00,10.01,10.00,12.31,0.0,-1.5708,0.0
BUILDING,5190.00,28.31,660.00,10.01,10.00,12.31,0.0,-1.5708,0.0
BUILDING,5190.00,38.31,660.00,10.01,10.00,12.31,0.0,-1.5708,0.0
BUILDING,5190.00,48.31,660.00,10.01,10.00,12.31,0.0,-1.5708,0.0
BUILDING,5190.00,58.31,660.00,10.01,10.00,12.31,0.0,-1.5708,0.0
BUILDING,5190.00,68.31,660.00,10.01,10.00,12.31,0.0,-1.5708,0.0
BUILDING,5190.00,78.31,660.00,10.01,10.00,12.31,0.0,-1.5708,0.0
BUILDING,5190.00,-16.63,1540.00,13.05,10.00,11.70,0.0,-1.5708,0.0
BUILDING,5190.00,-6.63,1540.00,13.05,10.00,11.70,0.0,-1.5708,0.0
BUILDING,5190.00,3.37,1540.00,13.05,10.00,11.70,0.0,-1.5708,0.0
BUILDING,5190.00,13.37,1540.00,13.05,10.00,11.70,0.0,-1.5708,0.0
BUILDING,5190.00,23.37,1540.00,13.05,10.00,11.70,0.0,-1.5708,0.0
BUILDING,5190.00,33.37,1540.00,13.05,10.00,11.70,0.0,-1.5708,0.0
BUILDING,5190.00,43.37,1540.00,13.05,10.00,11.70,0.0,-1.5708,0.0
BUILDING,5190.00,-17.93,1700.00,10.57,10.00,10.88,0.0,-1.5708,0.0
BUILDING,5190.00,-7.93,1700.00,10.57,10.00,10.88,0.0,-1.5708,0.0
BUILDING,5190.00,2.07,1700.00,10.57,10.00,10.88,0.0,-1.5708,0.0
BUILDING,5190.00,12.07,1700.00,10.57,10.00,10.88,0.0,-1.5708,0.0
BUILDING,5190.00,22.07,1700.00,10.57,10.00,10.88,0.0,-1.5708,0.0
BUILDING,5190.00,32.07,1700.00,10.57,10.00,10.88,0.0,-1.5708,0.0
BUILDING,5190.00,42.07,1700.00,10.57,10.00,10.88,0.0,-1.5708,0.0
BUILDING,5190.00,-6.23,420.00,12.30,10.00,12.90,0.0,-1.5708,0.0
BUILDING,5190.00,3.77,420.00,12.30,10.00,12.90,0.0,-1.5708,0.0
BUILDING,5190.00,13.77,420.00,12.30,10.00,12.90,0.0,-1.5708,0.0
BUILDING,5190.00,23.77,420.00,12.30,10.00,12.90,0.0,-1.5708,0.0
BUILDING,5190.00,33.77,420.00,12.30,10.00,12.90,0.0,-1.5708,0.0
BUILDING,5190.00,43.77,420.00,12.30,10.00,12.90,0.0,-1.5708,0.0
BUILDING,5190.00,53.77,420.00,12.30,10.00,12.90,0.0,-1.5708,0.0
BUILDING,5190.00,63.77,420.00,12.30,10.00,12.90,0.0,-1.5708,0.0
BUILDING,5190.00,73.77,420.00,12.30,10.00,12.90,0.0,-1.5708,0.0
BUILDING,5190.00,83.77,420.00,12.30,10.00,12.90,0.0,-1.5708,0.0
BUILDING,5190.00,93.77,420.00,12.30,10.00,12.90,0.0,-1.5708,0.0
BUILDING,5190.00,103.77,420.00,12.30,10.00,12.90,0.0,-1.5708,0.0
BUILDING,5190.00,-18.69,1780.00,9.67,10.00,12.58,0.0,-1.5708,0.0
BUILDING,5190.00,-8.69,1780.00,9.67,10.00,12.58,0.0,-1.5708,0.0
BUILDING,5190.00,1.31,1780.00,9.67,10.00,12.58,0.0,-1.5708,0.0
BUILDING,5190.00,11.31,1780.00,9.67,10.00,12.58,0.0,-1.5708,0.0
BUILDING,5190.00,21.31,1780.00,9.67,10.00,12.58,0.0,-1.5708,0.0
BUILDING,5190.00,31.31,1780.00,9.67,10.00,12.58,0.0,-1.5708,0.0
BUILDING,5190.00,41.31,1780.00,9.67,10.00,12.58,0.0,-1.5708,0.0
BUILDING,5190.00,-6.32,340.00,11.45,10.00,11.77,0.0,-1.5708,0.0
BUILDING,5190.00,3.68,340.00,11.45,10.00,11.77,0.0,-1.5708,0.0
BUILDING,5190.00,13.68,340.00,11.45,10.00,11.77,0.0,-1.5708,0.0
BUILDING,5190.00,23.68,340.00,11.45,10.00,11.77,0.0,-1.5708,0.0
BUILDING,5190.00,33.68,340.00,11.45,10.00,11.77,0.0,-1.5708,0.0
BUILDING,5190.00,43.68,340.00,11.45,10.00,11.77,0.0,-1.5708,0.0
BUILDING,5190.00,53.68,340.00,11.45,10.00,11.77,0.0,-1.5708,0.0
BUILDING,5190.00,63.68,340.00,11.45,10.00,11.77,0.0,-1.5708,0.0
BUILDING,5190.00,73.68,340.00,11.45,10.00,11.77,0.0,-1.5708,0.0
BUILDING,5190.00,83.68,340.00,11.45,10.00,11.77,0.0,-1.5708,0.0
BUILDING,5190.00,93.68,340.00,11.45,10.00,11.77,0.0,-1.5708,0.0
BUILDING,5190.00,103.68,340.00,11.45,10.00,11.77,0.0,-1.5708,0.0
BUILDING,5190.00,-19.23,1860.00,13.27,10.00,11.53,0.0,-1.5708,0.0
BUILDING,5190.00,-9.23,1860.00,13.27,10.00,11.53,0.0,-1.5708,0.0
BUILDING,5190.00,0.77,1860.00,13.27,10.00,11.53,0.0,-1.5708,0.0
BUILDING,5190.00,10.77,1860.00,13.27,10.00,11.53,0.0,-1.5708,0.0
BUILDING,5190.00,20.77,1860.00,13.27,10.00,11.53,0.0,-1.5708,0.0
BUILDING,5190.00,30.77,1860.00,13.27,10.00,11.53,0.0,-1.5708,0.0
BUILDING,5190.00,40.77,1860.00,13.27,10.00,11.53,0.0,-1.5708,0.0
BUILDING,5190.00,50.77,1860.00,13.27,10.00,11.53,0.0,-1.5708,0.0
BUILDING,5190.00,-8.04,260.00,12.08,10.00,10.76,0.0,-1.5708,0.0
BUILDING,5190.00,1.96,260.00,12.08,10.00,10.76,0.0,-1.5708,0.0
BUILDING,5190.00,11.96,260.00,12.08,10.00,10.76,0.0,-1.5708,0.0
BUILDING,5190.00,21.96,260.00,12.08,10.00,10.76,0.0,-1.5708,0.0
BUILDING,5190.00,31.96,260.00,12.08,10.00,10.76,0.0,-1.5708,0.0
BUILDING,5190.00,41.96,260.00,12.08,10.00,10.76,0.0,-1.5708,0.0
BUILDING,5190.00,51.96,260.00,12.08,10.00,10.76,0.0,-1.5708,0.0
BUILDING,5190.00,61.96,260.00,12.08,10.00,10.76,0.0,-1.5708,0.0
BUILDING,5190.00,71.96,260.00,12.08,10.00,10.76,0.0,-1.5708,0.0
BUILDING,5190.00,81.96,260.00,12.08,10.00,10.76,0.0,-1.5708,0.0
BUILDING,5190.00,91.96,260.00,12.08,10.00,10.76,0.0,-1.5708,0.0
BUILDING,5190.00,-19.26,1940.00,11.95,10.00,9.64,0.0,-1.5708,0.0
BUILDING,5190.00,-9.26,1940.00,11.95,10.00,9.64,0.0,-1.5708,0.0
BUILDING,5190.00,0.74,1940.00,11.95,10.00,9.64,0.0,-1.5708,0.0
BUILDING,5190.00,10.74,1940.00,11.95,10.00,9.64,0.0,-1.5708,0.0
BUILDING,5190.00,-18.58,2020.00,10.71,10.00,9.49,0.0,-1.5708,0.0
BUILDING,5190.00,-8.58,2020.00,10.71,10.00,9.49,0.0,-1.5708,0.0
BUILDING,5190.00,1.42,2020.00,10.71,10.00,9.49,0.0,-1.5708,0.0
BUILDING,5190.00,11.42,2020.00,10.71,10.00,9.49,0.0,-1.5708,0.0
BUILDING,5190.00,21.42,2020.00,10.71,10.00,9.49,0.0,-1.5708,0.0
BUILDING,5190.00,31.42,2020.00,10.71,10.00,9.49,0.0,-1.5708,0.0
BUILDING,5190.00,41.42,2020.00,10.71,10.00,9.49,0.0,-1.5708,0.0
BUILDING,5190.00,51.42,2020.00,10.71,10.00,9.49,0.0,-1.5708,0.0
BUILDING,5190.00,61.42,2020.00,10.71,10.00,9.49,0.0,-1.5708,0.0
PLAYER,0.00,-3.00,0.00,10.0,10.0,10.0,0.0,0.0,0.0
WAYPOINT,0.00,-20.00,0.00
WAYPOINT,0.00,-20.00,100.00
WAYPOINT,0.00,-20.00,200.00
WAYPOINT,0.00,-20.00,300.00
WAYPOINT,0.00,-20.00,400.00
WAYPOINT,0.00,-20.00,500.00
WAYPOINT,0.00,-20.00,600.00
WAYPOINT,0.00,-20.00,700.00
WAYPOINT,0.00,-20.00,800.00
WAYPOINT,0.00,-20.00,900.00
WAYPOINT,0.00,-20.00,1000.00
WAYPOINT,0.00,-20.00,1100.00
WAYPOINT,100.00,-20.00,1100.00
WAYPOINT,200.00,-20.00,1100.00
WAYPOINT,300.00,-20.00,1100.00
WAYPOINT,400.00,-20.00,1100.00
WAYPOINT,500.00,-20.00,1100.00
WAYPOINT,600.00,-20.00,1100.00
WAYPOINT,700.00,-20.00,1100.00
WAYPOINT,800.00,-20.00,1100.00
WAYPOINT,900.00,-20.00,1100.00
WAYPOINT,1000.00,-20.00,1100.00
WAYPOINT,1100.00,-20.00,1100.00
WAYPOINT,1200.00,-20.00,1100.00
WAYPOINT,1300.00,-20.00,1100.00
WAYPOINT,1400.00,-20.00,1100.00
WAYPOINT,1500.00,-20.00,1100.00
WAYPOINT,1600.00,-20.00,1100.00
WAYPOINT,1700.00,-20.00,1100.00
WAYPOINT,1800.00,-20.00,1100.00
WAYPOINT,1900.00,-20.00,1100.00
WAYPOINT,2000.00,-20.00,1100.00
WAYPOINT,2100.00,-20.00,1100.00
WAYPOINT,2200.00,-20.00,1100.00
WAYPOINT,2300.00,-20.00,1100.00
WAYPOINT,2400.00,-20.00,1100.00
WAYPOINT,2500.00,-20.00,1100.00
WAYPOINT,2600.00,-20.00,1100.00
WAYPOINT,2700.00,-20.00,1100.00
WAYPOINT,2800.00,-20.00,1100.00
WAYPOINT,2900.00,-20.00,1100.00
WAYPOINT,3000.00,-20.00,1100.00
WAYPOINT,3100.00,-20.00,1100.00
WAYPOINT,3200.00,-20.00,1100.00
WAYPOINT,3300.00,-20.00,1100.00
WAYPOINT,3400.00,-20.00,1100.00
WAYPOINT,3500.00,-20.00,1100.00
WAYPOINT,3600.00,-20.00,1100.00
WAYPOINT,3700.00,-20.00,1100.00
WAYPOINT,3800.00,-20.00,1100.00
WAYPOINT,3900.00,-20.00,1100.00
WAYPOINT,4000.00,-20.00,1100.00
WAYPOINT,4100.00,-20.00,1100.00
WAYPOINT,4200.00,-20.00,1100.00
WAYPOINT,4300.00,-20.00,1100.00
WAYPOINT,4400.00,-20.00,1100.00
WAYPOINT,4500.00,-20.00,1100.00
WAYPOINT,4600.00,-20.00,1100.00
WAYPOINT,4700.00,-20.00,1100.00
WAYPOINT,4800.00,-20.00,1100.00
WAYPOINT,4900.00,-20.00,1100.00
WAYPOINT,5000.00,-20.00,1100.00
WAYPOINT,5100.00,-20.00,1100.00
WAYPOINT,5200.00,-20.00,1100.00
