# Blender 4.4.1
# www.blender.org
mtllib terrain.mtl
o GE3_Terrain
v -30.000000 -2.201431 0.000000
v -28.461538 -2.166626 0.000000
v -26.923077 -2.135105 0.000000
v -25.384615 -2.106953 0.000000
v -23.846153 -2.082200 0.000000
v -22.307692 -2.060821 0.000000
v -20.769230 -2.042737 0.000000
v -19.230770 -2.027822 0.000000
v -17.692308 -2.015902 0.000000
v -16.153847 -2.006761 0.000000
v -14.615385 -2.000143 0.000000
v -13.076923 -1.995760 0.000000
v -11.538462 -1.993297 0.000000
v -10.000000 -1.992413 0.000000
v -8.461538 -1.992751 0.000000
v -6.923077 -1.993945 0.000000
v -5.384615 -1.995622 0.000000
v -3.846154 -1.997409 0.000000
v -2.307692 -1.998942 0.000000
v -0.769231 -1.999869 0.000000
v 0.769231 -1.999858 0.000000
v 2.307692 -1.998642 0.000000
v 3.846154 -1.996038 0.000000
v 5.384615 -1.991915 0.000000
v 6.923077 -1.986195 0.000000
v 8.461538 -1.978845 0.000000
v 10.000000 -1.969881 0.000000
v 11.538462 -1.959363 0.000000
v 13.076923 -1.947390 0.000000
v 14.615385 -1.934098 0.000000
v 16.153847 -1.919656 0.000000
v 17.692308 -1.904259 0.000000
v 19.230770 -1.888127 0.000000
v 20.769230 -1.871499 0.000000
v 22.307692 -1.854625 0.000000
v 23.846153 -1.837765 0.000000
v 25.384615 -1.821184 0.000000
v 26.923077 -1.805143 0.000000
v 28.461538 -1.789899 0.000000
v 30.000000 -1.775700 0.000000
v -30.000000 -2.166128 -1.505882
v -28.461538 -2.134616 -1.505882
v -26.923077 -2.106355 -1.505882
v -25.384615 -2.081395 -1.505882
v -23.846153 -2.059730 -1.505882
v -22.307692 -2.041304 -1.505882
v -20.769230 -2.026013 -1.505882
v -19.230770 -2.013705 -1.505882
v -17.692308 -2.004186 -1.505882
v -16.153847 -1.997226 -1.505882
v -14.615385 -1.992558 -1.505882
v -13.076923 -1.989888 -1.505882
v -11.538462 -1.988898 -1.505882
v -10.000000 -1.989250 -1.505882
v -8.461538 -1.990597 -1.505882
v -6.923077 -1.992582 -1.505882
v -5.384615 -1.994847 -1.505882
v -3.846154 -1.997041 -1.505882
v -2.307692 -1.998820 -1.505882
v -0.769231 -1.999857 -1.505882
v 0.769231 -1.999847 -1.505882
v 2.307692 -1.998554 -1.505882
v 3.846154 -1.995829 -1.505882
v 5.384615 -1.991571 -1.505882
v 6.923077 -1.985728 -1.505882
v 8.461538 -1.978291 -1.505882
v 10.000000 -1.969297 -1.505882
v 11.538462 -1.958820 -1.505882
v 13.076923 -1.946971 -1.505882
v 14.615385 -1.933891 -1.505882
v 16.153847 -1.919751 -1.505882
v 17.692308 -1.904746 -1.505882
v 19.230770 -1.889086 -1.505882
v 20.769230 -1.872998 -1.505882
v 22.307692 -1.856717 -1.505882
v 23.846153 -1.840485 -1.505882
v 25.384615 -1.824541 -1.505882
v 26.923077 -1.809123 -1.505882
v 28.461538 -1.794457 -1.505882
v 30.000000 -1.780761 -1.505882
v -30.000000 -2.131344 -3.011765
v -28.461538 -2.103252 -3.011765
v -26.923077 -2.078347 -3.011765
v -25.384615 -2.056640 -3.011765
v -23.846153 -2.038096 -3.011765
v -22.307692 -2.022630 -3.011765
v -20.769230 -2.010112 -3.011765
v -19.230770 -2.000371 -3.011765
v -17.692308 -1.993198 -3.011765
v -16.153847 -1.988349 -3.011765
v -14.615385 -1.985551 -3.011765
v -13.076923 -1.984507 -3.011765
v -11.538462 -1.984902 -3.011765
v -10.000000 -1.986405 -3.011765
v -8.461538 -1.988679 -3.011765
v -6.923077 -1.991382 -3.011765
v -5.384615 -1.994174 -3.011765
v -3.846154 -1.996725 -3.011765
v -2.307692 -1.998716 -3.011765
v -0.769231 -1.999846 -3.011765
v 0.769231 -1.999838 -3.011765
v 2.307692 -1.998486 -3.011765
v 3.846154 -1.995671 -3.011765
v 5.384615 -1.991322 -3.011765
v 6.923077 -1.985410 -3.011765
v 8.461538 -1.977949 -3.011765
v 10.000000 -1.968990 -3.011765
v 11.538462 -1.958620 -3.011765
v 13.076923 -1.946956 -3.011765
v 14.615385 -1.934144 -3.011765
v 16.153847 -1.920352 -3.011765
v 17.692308 -1.905767 -3.011765
v 19.230770 -1.890591 -3.011765
v 20.769230 -1.875033 -3.011765
v 22.307692 -1.859312 -3.011765
v 23.846153 -1.843646 -3.011765
v 25.384615 -1.828248 -3.011765
v 26.923077 -1.813329 -3.011765
v 28.461538 -1.799086 -3.011765
v 30.000000 -1.785704 -3.011765
v -30.000000 -2.097406 -4.517647
v -28.461538 -2.072830 -4.517647
v -26.923077 -2.051340 -4.517647
v -25.384615 -2.032917 -4.517647
v -23.846153 -2.017494 -4.517647
v -22.307692 -2.004963 -4.517647
v -20.769230 -1.995172 -4.517647
v -19.230770 -1.987933 -4.517647
v -17.692308 -1.983025 -4.517647
v -16.153847 -1.980196 -4.517647
v -14.615385 -1.979171 -4.517647
v -13.076923 -1.979653 -4.517647
v -11.538462 -1.981334 -4.517647
v -10.000000 -1.983894 -4.517647
v -8.461538 -1.987007 -4.517647
v -6.923077 -1.990350 -4.517647
v -5.384615 -1.993605 -4.517647
v -3.846154 -1.996463 -4.517647
v -2.307692 -1.998633 -4.517647
v -0.769231 -1.999838 -4.517647
v 0.769231 -1.999831 -4.517647
v 2.307692 -1.998435 -4.517647
v 3.846154 -1.995561 -4.517647
v 5.384615 -1.991162 -4.517647
v 6.923077 -1.985232 -4.517647
v 8.461538 -1.977802 -4.517647
v 10.000000 -1.968935 -4.517647
v 11.538462 -1.958727 -4.517647
v 13.076923 -1.947299 -4.517647
v 14.615385 -1.934795 -4.517647
v 16.153847 -1.921378 -4.517647
v 17.692308 -1.907224 -4.517647
v 19.230770 -1.892520 -4.517647
v 20.769230 -1.877460 -4.517647
v 22.307692 -1.862240 -4.517647
v 23.846153 -1.847051 -4.517647
v 25.384615 -1.832083 -4.517647
v 26.923077 -1.817515 -4.517647
v 28.461538 -1.803515 -4.517647
v 30.000000 -1.790236 -4.517647
v -30.000000 -2.064632 -6.023530
v -28.461538 -2.043629 -6.023530
v -26.923077 -2.025580 -6.023530
v -25.384615 -2.010435 -6.023530
v -23.846153 -1.998102 -6.023530
v -22.307692 -1.988451 -6.023530
v -20.769230 -1.981313 -6.023530
v -19.230770 -1.976487 -6.023530
v -17.692308 -1.973743 -6.023530
v -16.153847 -1.972825 -6.023530
v -14.615385 -1.973460 -6.023530
v -13.076923 -1.975356 -6.023530
v -11.538462 -1.978213 -6.023530
v -10.000000 -1.981726 -6.023530
v -8.461538 -1.985585 -6.023530
v -6.923077 -1.989488 -6.023530
v -5.384615 -1.993139 -6.023530
v -3.846154 -1.996254 -6.023530
v -2.307692 -1.998568 -6.023530
v -0.769231 -1.999832 -6.023530
v 0.769231 -1.999826 -6.023530
v 2.307692 -1.998402 -6.023530
v 3.846154 -1.995497 -6.023530
v 5.384615 -1.991087 -6.023530
v 6.923077 -1.985184 -6.023530
v 8.461538 -1.977832 -6.023530
v 10.000000 -1.969105 -6.023530
v 11.538462 -1.959103 -6.023530
v 13.076923 -1.947946 -6.023530
v 14.615385 -1.935774 -6.023530
v 16.153847 -1.922740 -6.023530
v 17.692308 -1.909007 -6.023530
v 19.230770 -1.894745 -6.023530
v 20.769230 -1.880128 -6.023530
v 22.307692 -1.865325 -6.023530
v 23.846153 -1.850504 -6.023530
v 25.384615 -1.835825 -6.023530
v 26.923077 -1.821437 -6.023530
v 28.461538 -1.807476 -6.023530
v 30.000000 -1.794066 -6.023530
v -30.000000 -2.033322 -7.529412
v -28.461538 -2.015912 -7.529412
v -26.923077 -2.001292 -7.529412
v -25.384615 -1.989387 -7.529412
v -23.846153 -1.980081 -7.529412
v -22.307692 -1.973227 -7.529412
v -20.769230 -1.968642 -7.529412
v -19.230770 -1.966115 -7.529412
v -17.692308 -1.965413 -7.529412
v -16.153847 -1.966281 -7.529412
v -14.615385 -1.968448 -7.529412
v -13.076923 -1.971634 -7.529412
v -11.538462 -1.975550 -7.529412
v -10.000000 -1.979907 -7.529412
v -8.461538 -1.984416 -7.529412
v -6.923077 -1.988796 -7.529412
v -5.384615 -1.992775 -7.529412
v -3.846154 -1.996097 -7.529412
v -2.307692 -1.998521 -7.529412
v -0.769231 -1.999828 -7.529412
v 0.769231 -1.999823 -7.529412
v 2.307692 -1.998385 -7.529412
v 3.846154 -1.995475 -7.529412
v 5.384615 -1.991087 -7.529412
v 6.923077 -1.985250 -7.529412
v 8.461538 -1.978018 -7.529412
v 10.000000 -1.969469 -7.529412
v 11.538462 -1.959704 -7.529412
v 13.076923 -1.948840 -7.529412
v 14.615385 -1.937007 -7.529412
v 16.153847 -1.924347 -7.529412
v 17.692308 -1.911005 -7.529412
v 19.230770 -1.897134 -7.529412
v 20.769230 -1.882880 -7.529412
v 22.307692 -1.868390 -7.529412
v 23.846153 -1.853804 -7.529412
v 25.384615 -1.839251 -7.529412
v 26.923077 -1.824852 -7.529412
v 28.461538 -1.810710 -7.529412
v 30.000000 -1.796920 -7.529412
v -30.000000 -2.003754 -9.035295
v -28.461538 -1.989919 -9.035295
v -26.923077 -1.978681 -9.035295
v -25.384615 -1.969943 -9.035295
v -23.846153 -1.963571 -9.035295
v -22.307692 -1.959402 -9.035295
v -20.769230 -1.957244 -9.035295
v -19.230770 -1.956883 -9.035295
v -17.692308 -1.958084 -9.035295
v -16.153847 -1.960596 -9.035295
v -14.615385 -1.964157 -9.035295
v -13.076923 -1.968499 -9.035295
v -11.538462 -1.973350 -9.035295
v -10.000000 -1.978438 -9.035295
v -8.461538 -1.983497 -9.035295
v -6.923077 -1.988270 -9.035295
v -5.384615 -1.992511 -9.035295
v -3.846154 -1.995989 -9.035295
v -2.307692 -1.998492 -9.035295
v -0.769231 -1.999826 -9.035295
v 0.769231 -1.999822 -9.035295
v 2.307692 -1.998383 -9.035295
v 3.846154 -1.995491 -9.035295
v 5.384615 -1.991156 -9.035295
v 6.923077 -1.985417 -9.035295
v 8.461538 -1.978336 -9.035295
v 10.000000 -1.969992 -9.035295
v 11.538462 -1.960482 -9.035295
v 13.076923 -1.949917 -9.035295
v 14.615385 -1.938415 -9.035295
v 16.153847 -1.926102 -9.035295
v 17.692308 -1.913104 -9.035295
v 19.230770 -1.899549 -9.035295
v 20.769230 -1.885562 -9.035295
v 22.307692 -1.871261 -9.035295
v 23.846153 -1.856757 -9.035295
v 25.384615 -1.842149 -9.035295
v 26.923077 -1.827528 -9.035295
v 28.461538 -1.812970 -9.035295
v 30.000000 -1.798538 -9.035295
v -30.000000 -1.976179 -10.541177
v -28.461538 -1.965863 -10.541177
v -26.923077 -1.957925 -10.541177
v -25.384615 -1.952249 -10.541177
v -23.846153 -1.948688 -10.541177
v -22.307692 -1.947066 -10.541177
v -20.769230 -1.947189 -10.541177
v -19.230770 -1.948839 -10.541177
v -17.692308 -1.951787 -10.541177
v -16.153847 -1.955789 -10.541177
v -14.615385 -1.960595 -10.541177
v -13.076923 -1.965953 -10.541177
v -11.538462 -1.971609 -10.541177
v -10.000000 -1.977313 -10.541177
v -8.461538 -1.982822 -10.541177
v -6.923077 -1.987905 -10.541177
v -5.384615 -1.992342 -10.541177
v -3.846154 -1.995929 -10.541177
v -2.307692 -1.998479 -10.541177
v -0.769231 -1.999825 -10.541177
v 0.769231 -1.999822 -10.541177
v 2.307692 -1.998394 -10.541177
v 3.846154 -1.995540 -10.541177
v 5.384615 -1.991283 -10.541177
v 6.923077 -1.985668 -10.541177
v 8.461538 -1.978760 -10.541177
v 10.000000 -1.970637 -10.541177
v 11.538462 -1.961389 -10.541177
v 13.076923 -1.951115 -10.541177
v 14.615385 -1.939919 -10.541177
v 16.153847 -1.927908 -10.541177
v 17.692308 -1.915186 -10.541177
v 19.230770 -1.901858 -10.541177
v 20.769230 -1.888021 -10.541177
v 22.307692 -1.873765 -10.541177
v 23.846153 -1.859172 -10.541177
v 25.384615 -1.844313 -10.541177
v 26.923077 -1.829248 -10.541177
v 28.461538 -1.814026 -10.541177
v 30.000000 -1.798681 -10.541177
v -30.000000 -1.950820 -12.047059
v -28.461538 -1.943930 -12.047059
v -26.923077 -1.939176 -12.047059
v -25.384615 -1.936427 -12.047059
v -23.846153 -1.935524 -12.047059
v -22.307692 -1.936289 -12.047059
v -20.769230 -1.938523 -12.047059
v -19.230770 -1.942014 -12.047059
v -17.692308 -1.946539 -12.047059
v -16.153847 -1.951866 -12.047059
v -14.615385 -1.957761 -12.047059
v -13.076923 -1.963989 -12.047059
v -11.538462 -1.970318 -12.047059
v -10.000000 -1.976521 -12.047059
v -8.461538 -1.982382 -12.047059
v -6.923077 -1.987693 -12.047059
v -5.384615 -1.992262 -12.047059
v -3.846154 -1.995912 -12.047059
v -2.307692 -1.998481 -12.047059
v -0.769231 -1.999826 -12.047059
v 0.769231 -1.999824 -12.047059
v 2.307692 -1.998417 -12.047059
v 3.846154 -1.995617 -12.047059
v 5.384615 -1.991457 -12.047059
v 6.923077 -1.985985 -12.047059
v 8.461538 -1.979264 -12.047059
v 10.000000 -1.971367 -12.047059
v 11.538462 -1.962373 -12.047059
v 13.076923 -1.952368 -12.047059
v 14.615385 -1.941437 -12.047059
v 16.153847 -1.929666 -12.047059
v 17.692308 -1.917137 -12.047059
v 19.230770 -1.903927 -12.047059
v 20.769230 -1.890107 -12.047059
v 22.307692 -1.875737 -12.047059
v 23.846153 -1.860871 -12.047059
v 25.384615 -1.845551 -12.047059
v 26.923077 -1.829810 -12.047059
v 28.461538 -1.813668 -12.047059
v 30.000000 -1.797137 -12.047059
v -30.000000 -1.927867 -13.552941
v -28.461538 -1.924273 -13.552941
v -26.923077 -1.922555 -13.552941
v -25.384615 -1.922567 -13.552941
v -23.846153 -1.924148 -13.552941
v -22.307692 -1.927115 -13.552941
v -20.769230 -1.931274 -13.552941
v -19.230770 -1.936420 -13.552941
v -17.692308 -1.942340 -13.552941
v -16.153847 -1.948820 -13.552941
v -14.615385 -1.955642 -13.552941
v -13.076923 -1.962592 -13.552941
v -11.538462 -1.969461 -13.552941
v -10.000000 -1.976048 -13.552941
v -8.461538 -1.982162 -13.552941
v -6.923077 -1.987623 -13.552941
v -5.384615 -1.992265 -13.552941
v -3.846154 -1.995935 -13.552941
v -2.307692 -1.998497 -13.552941
v -0.769231 -1.999829 -13.552941
v 0.769231 -1.999827 -13.552941
v 2.307692 -1.998450 -13.552941
v 3.846154 -1.995718 -13.552941
v 5.384615 -1.991668 -13.552941
v 6.923077 -1.986349 -13.552941
v 8.461538 -1.979820 -13.552941
v 10.000000 -1.972142 -13.552941
v 11.538462 -1.963383 -13.552941
v 13.076923 -1.953610 -13.552941
v 14.615385 -1.942889 -13.552941
v 16.153847 -1.931281 -13.552941
v 17.692308 -1.918845 -13.552941
v 19.230770 -1.905630 -13.552941
v 20.769230 -1.891677 -13.552941
v 22.307692 -1.877022 -13.552941
v 23.846153 -1.861687 -13.552941
v 25.384615 -1.845687 -13.552941
v 26.923077 -1.829029 -13.552941
v 28.461538 -1.811710 -13.552941
v 30.000000 -1.793719 -13.552941
v -30.000000 -1.907474 -15.058824
v -28.461538 -1.907014 -15.058824
v -26.923077 -1.908151 -15.058824
v -25.384615 -1.910735 -15.058824
v -23.846153 -1.914599 -15.058824
v -22.307692 -1.919566 -15.058824
v -20.769230 -1.925448 -15.058824
v -19.230770 -1.932051 -15.058824
v -17.692308 -1.939178 -15.058824
v -16.153847 -1.946631 -15.058824
v -14.615385 -1.954214 -15.058824
v -13.076923 -1.961737 -15.058824
v -11.538462 -1.969015 -15.058824
v -10.000000 -1.975874 -15.058824
v -8.461538 -1.982148 -15.058824
v -6.923077 -1.987684 -15.058824
v -5.384615 -1.992342 -15.058824
v -3.846154 -1.995993 -15.058824
v -2.307692 -1.998524 -15.058824
v -0.769231 -1.999833 -15.058824
v 0.769231 -1.999831 -15.058824
v 2.307692 -1.998490 -15.058824
v 3.846154 -1.995835 -15.058824
v 5.384615 -1.991904 -15.058824
v 6.923077 -1.986742 -15.058824
v 8.461538 -1.980398 -15.058824
v 10.000000 -1.972922 -15.058824
v 11.538462 -1.964365 -15.058824
v 13.076923 -1.954775 -15.058824
v 14.615385 -1.944194 -15.058824
v 16.153847 -1.932659 -15.058824
v 17.692308 -1.920202 -15.058824
v 19.230770 -1.906844 -15.058824
v 20.769230 -1.892601 -15.058824
v 22.307692 -1.877476 -15.058824
v 23.846153 -1.861467 -15.058824
v 25.384615 -1.844564 -15.058824
v 26.923077 -1.826748 -15.058824
v 28.461538 -1.807995 -15.058824
v 30.000000 -1.788276 -15.058824
v -30.000000 -1.889757 -16.564707
v -28.461538 -1.892238 -16.564707
v -26.923077 -1.896023 -16.564707
v -25.384615 -1.900962 -16.564707
v -23.846153 -1.906891 -16.564707
v -22.307692 -1.913639 -16.564707
v -20.769230 -1.921029 -16.564707
v -19.230770 -1.928883 -16.564707
v -17.692308 -1.937021 -16.564707
v -16.153847 -1.945266 -16.564707
v -14.615385 -1.953446 -16.564707
v -13.076923 -1.961394 -16.564707
v -11.538462 -1.968952 -16.564707
v -10.000000 -1.975973 -16.564707
v -8.461538 -1.982318 -16.564707
v -6.923077 -1.987860 -16.564707
v -5.384615 -1.992483 -16.564707
v -3.846154 -1.996081 -16.564707
v -2.307692 -1.998561 -16.564707
v -0.769231 -1.999837 -16.564707
v 0.769231 -1.999836 -16.564707
v 2.307692 -1.998535 -16.564707
v 3.846154 -1.995963 -16.564707
v 5.384615 -1.992153 -16.564707
v 6.923077 -1.987143 -16.564707
v 8.461538 -1.980970 -16.564707
v 10.000000 -1.973669 -16.564707
v 11.538462 -1.965270 -16.564707
v 13.076923 -1.955800 -16.564707
v 14.615385 -1.945276 -16.564707
v 16.153847 -1.933711 -16.564707
v 17.692308 -1.921107 -16.564707
v 19.230770 -1.907460 -16.564707
v 20.769230 -1.892755 -16.564707
v 22.307692 -1.876972 -16.564707
v 23.846153 -1.860081 -16.564707
v 25.384615 -1.842048 -16.564707
v 26.923077 -1.822833 -16.564707
v 28.461538 -1.802395 -16.564707
v 30.000000 -1.780689 -16.564707
v -30.000000 -1.874796 -18.070589
v -28.461538 -1.879992 -18.070589
v -26.923077 -1.886194 -18.070589
v -25.384615 -1.893252 -18.070589
v -23.846153 -1.901010 -18.070589
v -22.307692 -1.909308 -18.070589
v -20.769230 -1.917983 -18.070589
v -19.230770 -1.926876 -18.070589
v -17.692308 -1.935826 -18.070589
v -16.153847 -1.944681 -18.070589
v -14.615385 -1.953293 -18.070589
v -13.076923 -1.961522 -18.070589
v -11.538462 -1.969238 -18.070589
v -10.000000 -1.976319 -18.070589
v -8.461538 -1.982652 -18.070589
v -6.923077 -1.988136 -18.070589
v -5.384615 -1.992678 -18.070589
v -3.846154 -1.996193 -18.070589
v -2.307692 -1.998605 -18.070589
v -0.769231 -1.999842 -18.070589
v 0.769231 -1.999842 -18.070589
v 2.307692 -1.998584 -18.070589
v 3.846154 -1.996095 -18.070589
v 5.384615 -1.992403 -18.070589
v 6.923077 -1.987534 -18.070589
v 8.461538 -1.981508 -18.070589
v 10.000000 -1.974343 -18.070589
v 11.538462 -1.966048 -18.070589
v 13.076923 -1.956624 -18.070589
v 14.615385 -1.946064 -18.070589
v 16.153847 -1.934354 -18.070589
v 17.692308 -1.921469 -18.070589
v 19.230770 -1.907375 -18.070589
v 20.769230 -1.892034 -18.070589
v 22.307692 -1.875397 -18.070589
v 23.846153 -1.857414 -18.070589
v 25.384615 -1.838027 -18.070589
v 26.923077 -1.817179 -18.070589
v 28.461538 -1.794814 -18.070589
v 30.000000 -1.770876 -18.070589
v -30.000000 -1.862626 -19.576471
v -28.461538 -1.870290 -19.576471
v -26.923077 -1.878655 -19.576471
v -25.384615 -1.887579 -19.576471
v -23.846153 -1.896917 -19.576471
v -22.307692 -1.906523 -19.576471
v -20.769230 -1.916254 -19.576471
v -19.230770 -1.925969 -19.576471
v -17.692308 -1.935534 -19.576471
v -16.153847 -1.944819 -19.576471
v -14.615385 -1.953705 -19.576471
v -13.076923 -1.962077 -19.576471
v -11.538462 -1.969833 -19.576471
v -10.000000 -1.976878 -19.576471
v -8.461538 -1.983125 -19.576471
v -6.923077 -1.988495 -19.576471
v -5.384615 -1.992917 -19.576471
v -3.846154 -1.996324 -19.576471
v -2.307692 -1.998654 -19.576471
v -0.769231 -1.999848 -19.576471
v 0.769231 -1.999847 -19.576471
v 2.307692 -1.998633 -19.576471
v 3.846154 -1.996226 -19.576471
v 5.384615 -1.992643 -19.576471
v 6.923077 -1.987894 -19.576471
v 8.461538 -1.981984 -19.576471
v 10.000000 -1.974908 -19.576471
v 11.538462 -1.966651 -19.576471
v 13.076923 -1.957191 -19.576471
v 14.615385 -1.946492 -19.576471
v 16.153847 -1.934513 -19.576471
v 17.692308 -1.921203 -19.576471
v 19.230770 -1.906502 -19.576471
v 20.769230 -1.890344 -19.576471
v 22.307692 -1.872660 -19.576471
v 23.846153 -1.853375 -19.576471
v 25.384615 -1.832417 -19.576471
v 26.923077 -1.809711 -19.576471
v 28.461538 -1.785191 -19.576471
v 30.000000 -1.758794 -19.576471
v -30.000000 -1.853246 -21.082354
v -28.461538 -1.863106 -21.082354
v -26.923077 -1.873363 -21.082354
v -25.384615 -1.883887 -21.082354
v -23.846153 -1.894546 -21.082354
v -22.307692 -1.905214 -21.082354
v -20.769230 -1.915768 -21.082354
v -19.230770 -1.926091 -21.082354
v -17.692308 -1.936074 -21.082354
v -16.153847 -1.945615 -21.082354
v -14.615385 -1.954621 -21.082354
v -13.076923 -1.963007 -21.082354
v -11.538462 -1.970695 -21.082354
v -10.000000 -1.977617 -21.082354
v -8.461538 -1.983711 -21.082354
v -6.923077 -1.988918 -21.082354
v -5.384615 -1.993187 -21.082354
v -3.846154 -1.996467 -21.082354
v -2.307692 -1.998707 -21.082354
v -0.769231 -1.999854 -21.082354
v 0.769231 -1.999853 -21.082354
v 2.307692 -1.998682 -21.082354
v 3.846154 -1.996350 -21.082354
v 5.384615 -1.992860 -21.082354
v 6.923077 -1.988207 -21.082354
v 8.461538 -1.982373 -21.082354
v 10.000000 -1.975329 -21.082354
v 11.538462 -1.967038 -21.082354
v 13.076923 -1.957448 -21.082354
v 14.615385 -1.946499 -21.082354
v 16.153847 -1.934122 -21.082354
v 17.692308 -1.920239 -21.082354
v 19.230770 -1.904765 -21.082354
v 20.769230 -1.887612 -21.082354
v 22.307692 -1.868687 -21.082354
v 23.846153 -1.847899 -21.082354
v 25.384615 -1.825160 -21.082354
v 26.923077 -1.800386 -21.082354
v 28.461538 -1.773500 -21.082354
v 30.000000 -1.744440 -21.082354
v -30.000000 -1.846614 -22.588236
v -28.461538 -1.858380 -22.588236
v -26.923077 -1.870245 -22.588236
v -25.384615 -1.882091 -22.588236
v -23.846153 -1.893807 -22.588236
v -22.307692 -1.905287 -22.588236
v -20.769230 -1.916432 -22.588236
v -19.230770 -1.927152 -22.588236
v -17.692308 -1.937364 -22.588236
v -16.153847 -1.946993 -22.588236
v -14.615385 -1.955976 -22.588236
v -13.076923 -1.964254 -22.588236
v -11.538462 -1.971776 -22.588236
v -10.000000 -1.978499 -22.588236
v -8.461538 -1.984382 -22.588236
v -6.923077 -1.989387 -22.588236
v -5.384615 -1.993478 -22.588236
v -3.846154 -1.996616 -22.588236
v -2.307692 -1.998760 -22.588236
v -0.769231 -1.999860 -22.588236
v 0.769231 -1.999858 -22.588236
v 2.307692 -1.998726 -22.588236
v 3.846154 -1.996460 -22.588236
v 5.384615 -1.993045 -22.588236
v 6.923077 -1.988454 -22.588236
v 8.461538 -1.982649 -22.588236
v 10.000000 -1.975575 -22.588236
v 11.538462 -1.967167 -22.588236
v 13.076923 -1.957350 -22.588236
v 14.615385 -1.946034 -22.588236
v 16.153847 -1.933125 -22.588236
v 17.692308 -1.918518 -22.588236
v 19.230770 -1.902107 -22.588236
v 20.769230 -1.883780 -22.588236
v 22.307692 -1.863428 -22.588236
v 23.846153 -1.840945 -22.588236
v 25.384615 -1.816230 -22.588236
v 26.923077 -1.789192 -22.588236
v 28.461538 -1.759752 -22.588236
v 30.000000 -1.727848 -22.588236
v -30.000000 -1.842646 -24.094118
v -28.461538 -1.856016 -24.094118
v -26.923077 -1.869193 -24.094118
v -25.384615 -1.882080 -24.094118
v -23.846153 -1.894586 -24.094118
v -22.307692 -1.906631 -24.094118
v -20.769230 -1.918140 -24.094118
v -19.230770 -1.929051 -24.094118
v -17.692308 -1.939310 -24.094118
v -16.153847 -1.948871 -24.094118
v -14.615385 -1.957697 -24.094118
v -13.076923 -1.965758 -24.094118
v -11.538462 -1.973027 -24.094118
v -10.000000 -1.979484 -24.094118
v -8.461538 -1.985109 -24.094118
v -6.923077 -1.989881 -24.094118
v -5.384615 -1.993776 -24.094118
v -3.846154 -1.996766 -24.094118
v -2.307692 -1.998812 -24.094118
v -0.769231 -1.999865 -24.094118
v 0.769231 -1.999863 -24.094118
v 2.307692 -1.998765 -24.094118
v 3.846154 -1.996551 -24.094118
v 5.384615 -1.993186 -24.094118
v 6.923077 -1.988620 -24.094118
v 8.461538 -1.982790 -24.094118
v 10.000000 -1.975616 -24.094118
v 11.538462 -1.967006 -24.094118
v 13.076923 -1.956856 -24.094118
v 14.615385 -1.945053 -24.094118
v 16.153847 -1.931475 -24.094118
v 17.692308 -1.915994 -24.094118
v 19.230770 -1.898483 -24.094118
v 20.769230 -1.878812 -24.094118
v 22.307692 -1.856856 -24.094118
v 23.846153 -1.832496 -24.094118
v 25.384615 -1.805626 -24.094118
v 26.923077 -1.776150 -24.094118
v 28.461538 -1.743992 -24.094118
v 30.000000 -1.709093 -24.094118
v -30.000000 -1.841224 -25.600000
v -28.461538 -1.855885 -25.600000
v -26.923077 -1.870076 -25.600000
v -25.384615 -1.883719 -25.600000
v -23.846153 -1.896751 -25.600000
v -22.307692 -1.909116 -25.600000
v -20.769230 -1.920769 -25.600000
v -19.230770 -1.931676 -25.600000
v -17.692308 -1.941812 -25.600000
v -16.153847 -1.951159 -25.600000
v -14.615385 -1.959708 -25.600000
v -13.076923 -1.967455 -25.600000
v -11.538462 -1.974397 -25.600000
v -10.000000 -1.980534 -25.600000
v -8.461538 -1.985865 -25.600000
v -6.923077 -1.990381 -25.600000
v -5.384615 -1.994071 -25.600000
v -3.846154 -1.996910 -25.600000
v -2.307692 -1.998860 -25.600000
v -0.769231 -1.999870 -25.600000
v 0.769231 -1.999868 -25.600000
v 2.307692 -1.998797 -25.600000
v 3.846154 -1.996618 -25.600000
v 5.384615 -1.993273 -25.600000
v 6.923077 -1.988690 -25.600000
v 8.461538 -1.982777 -25.600000
v 10.000000 -1.975428 -25.600000
v 11.538462 -1.966524 -25.600000
v 13.076923 -1.955935 -25.600000
v 14.615385 -1.943522 -25.600000
v 16.153847 -1.929138 -25.600000
v 17.692308 -1.912637 -25.600000
v 19.230770 -1.893869 -25.600000
v 20.769230 -1.872690 -25.600000
v 22.307692 -1.848965 -25.600000
v 23.846153 -1.822565 -25.600000
v 25.384615 -1.793380 -25.600000
v 26.923077 -1.761316 -25.600000
v 28.461538 -1.726302 -25.600000
v 30.000000 -1.688289 -25.600000
v -30.000000 -1.842194 -27.105883
v -28.461538 -1.857828 -27.105883
v -26.923077 -1.872730 -27.105883
v -25.384615 -1.886850 -27.105883
v -23.846153 -1.900148 -27.105883
v -22.307692 -1.912598 -27.105883
v -20.769230 -1.924186 -27.105883
v -19.230770 -1.934905 -27.105883
v -17.692308 -1.944760 -27.105883
v -16.153847 -1.953763 -27.105883
v -14.615385 -1.961929 -27.105883
v -13.076923 -1.969279 -27.105883
v -11.538462 -1.975833 -27.105883
v -10.000000 -1.981609 -27.105883
v -8.461538 -1.986619 -27.105883
v -6.923077 -1.990868 -27.105883
v -5.384615 -1.994350 -27.105883
v -3.846154 -1.997041 -27.105883
v -2.307692 -1.998903 -27.105883
v -0.769231 -1.999874 -27.105883
v 0.769231 -1.999871 -27.105883
v 2.307692 -1.998819 -27.105883
v 3.846154 -1.996656 -27.105883
v 5.384615 -1.993300 -27.105883
v 6.923077 -1.988651 -27.105883
v 8.461538 -1.982592 -27.105883
v 10.000000 -1.974990 -27.105883
v 11.538462 -1.965699 -27.105883
v 13.076923 -1.954562 -27.105883
v 14.615385 -1.941416 -27.105883
v 16.153847 -1.926094 -27.105883
v 17.692308 -1.908429 -27.105883
v 19.230770 -1.888256 -27.105883
v 20.769230 -1.865420 -27.105883
v 22.307692 -1.839774 -27.105883
v 23.846153 -1.811188 -27.105883
v 25.384615 -1.779552 -27.105883
v 26.923077 -1.744776 -27.105883
v 28.461538 -1.706798 -27.105883
v 30.000000 -1.665587 -27.105883
v -30.000000 -1.845367 -28.611765
v -28.461538 -1.861657 -28.611765
v -26.923077 -1.876973 -28.611765
v -25.384615 -1.891294 -28.611765
v -23.846153 -1.904608 -28.611765
v -22.307692 -1.916921 -28.611765
v -20.769230 -1.928246 -28.611765
v -19.230770 -1.938609 -28.611765
v -17.692308 -1.948042 -28.611765
v -16.153847 -1.956584 -28.611765
v -14.615385 -1.964278 -28.611765
v -13.076923 -1.971164 -28.611765
v -11.538462 -1.977283 -28.611765
v -10.000000 -1.982668 -28.611765
v -8.461538 -1.987344 -28.611765
v -6.923077 -1.991323 -28.611765
v -5.384615 -1.994601 -28.611765
v -3.846154 -1.997155 -28.611765
v -2.307692 -1.998938 -28.611765
v -0.769231 -1.999877 -28.611765
v 0.769231 -1.999873 -28.611765
v 2.307692 -1.998830 -28.611765
v 3.846154 -1.996660 -28.611765
v 5.384615 -1.993257 -28.611765
v 6.923077 -1.988493 -28.611765
v 8.461538 -1.982223 -28.611765
v 10.000000 -1.974287 -28.611765
v 11.538462 -1.964512 -28.611765
v 13.076923 -1.952719 -28.611765
v 14.615385 -1.938722 -28.611765
v 16.153847 -1.922333 -28.611765
v 17.692308 -1.903370 -28.611765
v 19.230770 -1.881656 -28.611765
v 20.769230 -1.857024 -28.611765
v 22.307692 -1.829326 -28.611765
v 23.846153 -1.798430 -28.611765
v 25.384615 -1.764230 -28.611765
v 26.923077 -1.726647 -28.611765
v 28.461538 -1.685631 -28.611765
v 30.000000 -1.641170 -28.611765
v -30.000000 -1.850527 -30.117647
v -28.461538 -1.867158 -30.117647
v -26.923077 -1.882599 -30.117647
v -25.384615 -1.896856 -30.117647
v -23.846153 -1.909950 -30.117647
v -22.307692 -1.921916 -30.117647
v -20.769230 -1.932799 -30.117647
v -19.230770 -1.942654 -30.117647
v -17.692308 -1.951541 -30.117647
v -16.153847 -1.959525 -30.117647
v -14.615385 -1.966671 -30.117647
v -13.076923 -1.973042 -30.117647
v -11.538462 -1.978693 -30.117647
v -10.000000 -1.983672 -30.117647
v -8.461538 -1.988012 -30.117647
v -6.923077 -1.991728 -30.117647
v -5.384615 -1.994816 -30.117647
v -3.846154 -1.997246 -30.117647
v -2.307692 -1.998963 -30.117647
v -0.769231 -1.999879 -30.117647
v 0.769231 -1.999874 -30.117647
v 2.307692 -1.998828 -30.117647
v 3.846154 -1.996629 -30.117647
v 5.384615 -1.993140 -30.117647
v 6.923077 -1.988208 -30.117647
v 8.461538 -1.981659 -30.117647
v 10.000000 -1.973307 -30.117647
v 11.538462 -1.962955 -30.117647
v 13.076923 -1.950400 -30.117647
v 14.615385 -1.935436 -30.117647
v 16.153847 -1.917860 -30.117647
v 17.692308 -1.897475 -30.117647
v 19.230770 -1.874094 -30.117647
v 20.769230 -1.847548 -30.117647
v 22.307692 -1.817685 -30.117647
v 23.846153 -1.784378 -30.117647
v 25.384615 -1.747531 -30.117647
v 26.923077 -1.707075 -30.117647
v 28.461538 -1.662981 -30.117647
v 30.000000 -1.615256 -30.117647
v -30.000000 -1.857432 -31.623529
v -28.461538 -1.874099 -31.623529
v -26.923077 -1.889385 -31.623529
v -25.384615 -1.903328 -31.623529
v -23.846153 -1.915981 -31.623529
v -22.307692 -1.927409 -31.623529
v -20.769230 -1.937689 -31.623529
v -19.230770 -1.946903 -31.623529
v -17.692308 -1.955139 -31.623529
v -16.153847 -1.962485 -31.623529
v -14.615385 -1.969028 -31.623529
v -13.076923 -1.974848 -31.623529
v -11.538462 -1.980015 -31.623529
v -10.000000 -1.984585 -31.623529
v -8.461538 -1.988597 -31.623529
v -6.923077 -1.992065 -31.623529
v -5.384615 -1.994982 -31.623529
v -3.846154 -1.997310 -31.623529
v -2.307692 -1.998978 -31.623529
v -0.769231 -1.999880 -31.623529
v 0.769231 -1.999873 -31.623529
v 2.307692 -1.998813 -31.623529
v 3.846154 -1.996558 -31.623529
v 5.384615 -1.992944 -31.623529
v 6.923077 -1.987788 -31.623529
v 8.461538 -1.980892 -31.623529
v 10.000000 -1.972044 -31.623529
v 11.538462 -1.961022 -31.623529
v 13.076923 -1.947604 -31.623529
v 14.615385 -1.931567 -31.623529
v 16.153847 -1.912692 -31.623529
v 17.692308 -1.890773 -31.623529
v 19.230770 -1.865619 -31.623529
v 20.769230 -1.837056 -31.623529
v 22.307692 -1.804939 -31.623529
v 23.846153 -1.769147 -31.623529
v 25.384615 -1.729595 -31.623529
v 26.923077 -1.686235 -31.623529
v 28.461538 -1.639055 -31.623529
v 30.000000 -1.588091 -31.623529
v -30.000000 -1.865816 -33.129414
v -28.461538 -1.882226 -33.129414
v -26.923077 -1.897094 -33.129414
v -25.384615 -1.910491 -33.129414
v -23.846153 -1.922502 -33.129414
v -22.307692 -1.933222 -33.129414
v -20.769230 -1.942757 -33.129414
v -19.230770 -1.951218 -33.129414
v -17.692308 -1.958718 -33.129414
v -16.153847 -1.965366 -33.129414
v -14.615385 -1.971269 -33.129414
v -13.076923 -1.976520 -33.129414
v -11.538462 -1.981200 -33.129414
v -10.000000 -1.985372 -33.129414
v -8.461538 -1.989074 -33.129414
v -6.923077 -1.992320 -33.129414
v -5.384615 -1.995093 -33.129414
v -3.846154 -1.997342 -33.129414
v -2.307692 -1.998980 -33.129414
v -0.769231 -1.999879 -33.129414
v 0.769231 -1.999871 -33.129414
v 2.307692 -1.998783 -33.129414
v 3.846154 -1.996445 -33.129414
v 5.384615 -1.992664 -33.129414
v 6.923077 -1.987232 -33.129414
v 8.461538 -1.979921 -33.129414
v 10.000000 -1.970497 -33.129414
v 11.538462 -1.958717 -33.129414
v 13.076923 -1.944342 -33.129414
v 14.615385 -1.927131 -33.129414
v 16.153847 -1.906858 -33.129414
v 17.692308 -1.883309 -33.129414
v 19.230770 -1.856290 -33.129414
v 20.769230 -1.825632 -33.129414
v 22.307692 -1.791195 -33.129414
v 23.846153 -1.752870 -33.129414
v 25.384615 -1.710590 -33.129414
v 26.923077 -1.664324 -33.129414
v 28.461538 -1.614089 -33.129414
v 30.000000 -1.559945 -33.129414
v -30.000000 -1.875397 -34.635296
v -28.461538 -1.891276 -34.635296
v -26.923077 -1.905482 -34.635296
v -25.384615 -1.918121 -34.635296
v -23.846153 -1.929309 -34.635296
v -22.307692 -1.939172 -34.635296
v -20.769230 -1.947845 -34.635296
v -19.230770 -1.955463 -34.635296
v -17.692308 -1.962163 -34.635296
v -16.153847 -1.968074 -34.635296
v -14.615385 -1.973317 -34.635296
v -13.076923 -1.977998 -34.635296
v -11.538462 -1.982204 -34.635296
v -10.000000 -1.985999 -34.635296
v -8.461538 -1.989422 -34.635296
v -6.923077 -1.992478 -34.635296
v -5.384615 -1.995139 -34.635296
v -3.846154 -1.997338 -34.635296
v -2.307692 -1.998968 -34.635296
v -0.769231 -1.999876 -34.635296
v 0.769231 -1.999868 -34.635296
v 2.307692 -1.998738 -34.635296
v 3.846154 -1.996289 -34.635296
v 5.384615 -1.992301 -34.635296
v 6.923077 -1.986537 -34.635296
v 8.461538 -1.978745 -34.635296
v 10.000000 -1.968670 -34.635296
v 11.538462 -1.956051 -34.635296
v 13.076923 -1.940630 -34.635296
v 14.615385 -1.922158 -34.635296
v 16.153847 -1.900401 -34.635296
v 17.692308 -1.875142 -34.635296
v 19.230770 -1.846188 -34.635296
v 20.769230 -1.813377 -34.635296
v 22.307692 -1.776580 -34.635296
v 23.846153 -1.735704 -34.635296
v 25.384615 -1.690700 -34.635296
v 26.923077 -1.641563 -34.635296
v 28.461538 -1.588336 -34.635296
v 30.000000 -1.531113 -34.635296
v -30.000000 -1.885882 -36.141178
v -28.461538 -1.900973 -36.141178
v -26.923077 -1.914297 -36.141178
v -25.384615 -1.925990 -36.141178
v -23.846153 -1.936199 -36.141178
v -22.307692 -1.945082 -36.141178
v -20.769230 -1.952797 -36.141178
v -19.230770 -1.959507 -36.141178
v -17.692308 -1.965365 -36.141178
v -16.153847 -1.970519 -36.141178
v -14.615385 -1.975101 -36.141178
v -13.076923 -1.979226 -36.141178
v -11.538462 -1.982984 -36.141178
v -10.000000 -1.986439 -36.141178
v -8.461538 -1.989621 -36.141178
v -6.923077 -1.992528 -36.141178
v -5.384615 -1.995115 -36.141178
v -3.846154 -1.997297 -36.141178
v -2.307692 -1.998942 -36.141178
v -0.769231 -1.999872 -36.141178
v 0.769231 -1.999862 -36.141178
v 2.307692 -1.998677 -36.141178
v 3.846154 -1.996090 -36.141178
v 5.384615 -1.991854 -36.141178
v 6.923077 -1.985705 -36.141178
v 8.461538 -1.977371 -36.141178
v 10.000000 -1.966574 -36.141178
v 11.538462 -1.953039 -36.141178
v 13.076923 -1.936496 -36.141178
v 14.615385 -1.916688 -36.141178
v 16.153847 -1.893375 -36.141178
v 17.692308 -1.866343 -36.141178
v 19.230770 -1.835405 -36.141178
v 20.769230 -1.800408 -36.141178
v 22.307692 -1.761238 -36.141178
v 23.846153 -1.717821 -36.141178
v 25.384615 -1.670131 -36.141178
v 26.923077 -1.618190 -36.141178
v 28.461538 -1.562071 -36.141178
v 30.000000 -1.501902 -36.141178
v -30.000000 -1.896966 -37.647060
v -28.461538 -1.911040 -37.647060
v -26.923077 -1.923285 -37.647060
v -25.384615 -1.933870 -37.647060
v -23.846153 -1.942972 -37.647060
v -22.307692 -1.950775 -37.647060
v -20.769230 -1.957464 -37.647060
v -19.230770 -1.963221 -37.647060
v -17.692308 -1.968219 -37.647060
v -16.153847 -1.972616 -37.647060
v -14.615385 -1.976556 -37.647060
v -13.076923 -1.980155 -37.647060
v -11.538462 -1.983505 -37.647060
v -10.000000 -1.986665 -37.647060
v -8.461538 -1.989656 -37.647060
v -6.923077 -1.992460 -37.647060
v -5.384615 -1.995015 -37.647060
v -3.846154 -1.997214 -37.647060
v -2.307692 -1.998900 -37.647060
v -0.769231 -1.999866 -37.647060
v 0.769231 -1.999855 -37.647060
v 2.307692 -1.998601 -37.647060
v 3.846154 -1.995848 -37.647060
v 5.384615 -1.991323 -37.647060
v 6.923077 -1.984740 -37.647060
v 8.461538 -1.975805 -37.647060
v 10.000000 -1.964223 -37.647060
v 11.538462 -1.949706 -37.647060
v 13.076923 -1.931974 -37.647060
v 14.615385 -1.910767 -37.647060
v 16.153847 -1.885845 -37.647060
v 17.692308 -1.856998 -37.647060
v 19.230770 -1.824049 -37.647060
v 20.769230 -1.786858 -37.647060
v 22.307692 -1.745328 -37.647060
v 23.846153 -1.699410 -37.647060
v 25.384615 -1.649103 -37.647060
v 26.923077 -1.594458 -37.647060
v 28.461538 -1.535581 -37.647060
v 30.000000 -1.472634 -37.647060
v -30.000000 -1.908344 -39.152943
v -28.461538 -1.921198 -39.152943
v -26.923077 -1.932196 -39.152943
v -25.384615 -1.941539 -39.152943
v -23.846153 -1.949432 -39.152943
v -22.307692 -1.956085 -39.152943
v -20.769230 -1.961704 -39.152943
v -19.230770 -1.966489 -39.152943
v -17.692308 -1.970628 -39.152943
v -16.153847 -1.974290 -39.152943
v -14.615385 -1.977621 -39.152943
v -13.076923 -1.980741 -39.152943
v -11.538462 -1.983736 -39.152943
v -10.000000 -1.986657 -39.152943
v -8.461538 -1.989511 -39.152943
v -6.923077 -1.992265 -39.152943
v -5.384615 -1.994836 -39.152943
v -3.846154 -1.997090 -39.152943
v -2.307692 -1.998843 -39.152943
v -0.769231 -1.999858 -39.152943
v 0.769231 -1.999846 -39.152943
v 2.307692 -1.998509 -39.152943
v 3.846154 -1.995564 -39.152943
v 5.384615 -1.990714 -39.152943
v 6.923077 -1.983649 -39.152943
v 8.461538 -1.974059 -39.152943
v 10.000000 -1.961636 -39.152943
v 11.538462 -1.946080 -39.152943
v 13.076923 -1.927106 -39.152943
v 14.615385 -1.904454 -39.152943
v 16.153847 -1.877887 -39.152943
v 17.692308 -1.847203 -39.152943
v 19.230770 -1.812238 -39.152943
v 20.769230 -1.772870 -39.152943
v 22.307692 -1.729023 -39.152943
v 23.846153 -1.680673 -39.152943
v 25.384615 -1.627848 -39.152943
v 26.923077 -1.570631 -39.152943
v 28.461538 -1.509161 -39.152943
v 30.000000 -1.443638 -39.152943
v -30.000000 -1.919712 -40.658825
v -28.461538 -1.931172 -40.658825
v -26.923077 -1.940787 -40.658825
v -25.384615 -1.948783 -40.658825
v -23.846153 -1.955395 -40.658825
v -22.307692 -1.960853 -40.658825
v -20.769230 -1.965384 -40.658825
v -19.230770 -1.969203 -40.658825
v -17.692308 -1.972507 -40.658825
v -16.153847 -1.975473 -40.658825
v -14.615385 -1.978247 -40.658825
v -13.076923 -1.980947 -40.658825
v -11.538462 -1.983651 -40.658825
v -10.000000 -1.986398 -40.658825
v -8.461538 -1.989179 -40.658825
v -6.923077 -1.991941 -40.658825
v -5.384615 -1.994575 -40.658825
v -3.846154 -1.996923 -40.658825
v -2.307692 -1.998771 -40.658825
v -0.769231 -1.999849 -40.658825
v 0.769231 -1.999835 -40.658825
v 2.307692 -1.998402 -40.658825
v 3.846154 -1.995240 -40.658825
v 5.384615 -1.990029 -40.658825
v 6.923077 -1.982441 -40.658825
v 8.461538 -1.972150 -40.658825
v 10.000000 -1.958837 -40.658825
v 11.538462 -1.942196 -40.658825
v 13.076923 -1.921941 -40.658825
v 14.615385 -1.897813 -40.658825
v 16.153847 -1.869583 -40.658825
v 17.692308 -1.837062 -40.658825
v 19.230770 -1.800101 -40.658825
v 20.769230 -1.758599 -40.658825
v 22.307692 -1.712505 -40.658825
v 23.846153 -1.661822 -40.658825
v 25.384615 -1.606608 -40.658825
v 26.923077 -1.546980 -40.658825
v 28.461538 -1.483115 -40.658825
v 30.000000 -1.415246 -40.658825
v -30.000000 -1.930774 -42.164707
v -28.461538 -1.940700 -42.164707
v -26.923077 -1.948824 -42.164707
v -25.384615 -1.955400 -42.164707
v -23.846153 -1.960687 -42.164707
v -22.307692 -1.964934 -42.164707
v -20.769230 -1.968385 -42.164707
v -19.230770 -1.971266 -42.164707
v -17.692308 -1.973780 -42.164707
v -16.153847 -1.976107 -42.164707
v -14.615385 -1.978392 -42.164707
v -13.076923 -1.980744 -42.164707
v -11.538462 -1.983231 -42.164707
v -10.000000 -1.985877 -42.164707
v -8.461538 -1.988653 -42.164707
v -6.923077 -1.991482 -42.164707
v -5.384615 -1.994232 -42.164707
v -3.846154 -1.996714 -42.164707
v -2.307692 -1.998683 -42.164707
v -0.769231 -1.999838 -42.164707
v 0.769231 -1.999822 -42.164707
v 2.307692 -1.998281 -42.164707
v 3.846154 -1.994879 -42.164707
v 5.384615 -1.989275 -42.164707
v 6.923077 -1.981127 -42.164707
v 8.461538 -1.970096 -42.164707
v 10.000000 -1.955855 -42.164707
v 11.538462 -1.938096 -42.164707
v 13.076923 -1.916534 -42.164707
v 14.615385 -1.890917 -42.164707
v 16.153847 -1.861027 -42.164707
v 17.692308 -1.826689 -42.164707
v 19.230770 -1.787776 -42.164707
v 20.769230 -1.744208 -42.164707
v 22.307692 -1.695963 -42.164707
v 23.846153 -1.643072 -42.164707
v 25.384615 -1.585628 -42.164707
v 26.923077 -1.523780 -42.164707
v 28.461538 -1.457742 -42.164707
v 30.000000 -1.387785 -42.164707
v -30.000000 -1.941244 -43.670589
v -28.461538 -1.949529 -43.670589
v -26.923077 -1.956088 -43.670589
v -25.384615 -1.961203 -43.670589
v -23.846153 -1.965151 -43.670589
v -22.307692 -1.968199 -43.670589
v -20.769230 -1.970602 -43.670589
v -19.230770 -1.972594 -43.670589
v -17.692308 -1.974383 -43.670589
v -16.153847 -1.976146 -43.670589
v -14.615385 -1.978022 -43.670589
v -13.076923 -1.980110 -43.670589
v -11.538462 -1.982463 -43.670589
v -10.000000 -1.985086 -43.670589
v -8.461538 -1.987930 -43.670589
v -6.923077 -1.990891 -43.670589
v -5.384615 -1.993808 -43.670589
v -3.846154 -1.996463 -43.670589
v -2.307692 -1.998580 -43.670589
v -0.769231 -1.999825 -43.670589
v 0.769231 -1.999809 -43.670589
v 2.307692 -1.998146 -43.670589
v 3.846154 -1.994483 -43.670589
v 5.384615 -1.988460 -43.670589
v 6.923077 -1.979721 -43.670589
v 8.461538 -1.967919 -43.670589
v 10.000000 -1.952723 -43.670589
v 11.538462 -1.933824 -43.670589
v 13.076923 -1.910946 -43.670589
v 14.615385 -1.883843 -43.670589
v 16.153847 -1.852315 -43.670589
v 17.692308 -1.816204 -43.670589
v 19.230770 -1.775405 -43.670589
v 20.769230 -1.729866 -43.670589
v 22.307692 -1.679591 -43.670589
v 23.846153 -1.624646 -43.670589
v 25.384615 -1.565154 -43.670589
v 26.923077 -1.501304 -43.670589
v 28.461538 -1.433342 -43.670589
v 30.000000 -1.361576 -43.670589
v -30.000000 -1.950854 -45.176472
v -28.461538 -1.957424 -45.176472
v -26.923077 -1.962380 -45.176472
v -25.384615 -1.966023 -45.176472
v -23.846153 -1.968647 -45.176472
v -22.307692 -1.970533 -45.176472
v -20.769230 -1.971946 -45.176472
v -19.230770 -1.973121 -45.176472
v -17.692308 -1.974267 -45.176472
v -16.153847 -1.975555 -45.176472
v -14.615385 -1.977115 -45.176472
v -13.076923 -1.979032 -45.176472
v -11.538462 -1.981342 -45.176472
v -10.000000 -1.984026 -45.176472
v -8.461538 -1.987012 -45.176472
v -6.923077 -1.990168 -45.176472
v -5.384615 -1.993305 -45.176472
v -3.846154 -1.996173 -45.176472
v -2.307692 -1.998464 -45.176472
v -0.769231 -1.999811 -45.176472
v 0.769231 -1.999793 -45.176472
v 2.307692 -1.998000 -45.176472
v 3.846154 -1.994057 -45.176472
v 5.384615 -1.987592 -45.176472
v 6.923077 -1.978237 -45.176472
v 8.461538 -1.965642 -45.176472
v 10.000000 -1.949474 -45.176472
v 11.538462 -1.929430 -45.176472
v 13.076923 -1.905241 -45.176472
v 14.615385 -1.876676 -45.176472
v 16.153847 -1.843551 -45.176472
v 17.692308 -1.805732 -45.176472
v 19.230770 -1.763137 -45.176472
v 20.769230 -1.715743 -45.176472
v 22.307692 -1.663586 -45.176472
v 23.846153 -1.606762 -45.176472
v 25.384615 -1.545432 -45.176472
v 26.923077 -1.479817 -45.176472
v 28.461538 -1.410201 -45.176472
v 30.000000 -1.336929 -45.176472
v -30.000000 -1.959356 -46.682354
v -28.461538 -1.964175 -46.682354
v -26.923077 -1.967520 -46.682354
v -25.384615 -1.969711 -46.682354
v -23.846153 -1.971055 -46.682354
v -22.307692 -1.971843 -46.682354
v -20.769230 -1.972344 -46.682354
v -19.230770 -1.972794 -46.682354
v -17.692308 -1.973396 -46.682354
v -16.153847 -1.974312 -46.682354
v -14.615385 -1.975660 -46.682354
v -13.076923 -1.977507 -46.682354
v -11.538462 -1.979867 -46.682354
v -10.000000 -1.982699 -46.682354
v -8.461538 -1.985903 -46.682354
v -6.923077 -1.989319 -46.682354
v -5.384615 -1.992727 -46.682354
v -3.846154 -1.995846 -46.682354
v -2.307692 -1.998335 -46.682354
v -0.769231 -1.999795 -46.682354
v 0.769231 -1.999776 -46.682354
v 2.307692 -1.997844 -46.682354
v 3.846154 -1.993606 -46.682354
v 5.384615 -1.986680 -46.682354
v 6.923077 -1.976694 -46.682354
v 8.461538 -1.963292 -46.682354
v 10.000000 -1.946148 -46.682354
v 11.538462 -1.924965 -46.682354
v 13.076923 -1.899487 -46.682354
v 14.615385 -1.869500 -46.682354
v 16.153847 -1.834841 -46.682354
v 17.692308 -1.795399 -46.682354
v 19.230770 -1.751120 -46.682354
v 20.769230 -1.702011 -46.682354
v 22.307692 -1.648140 -46.682354
v 23.846153 -1.589638 -46.682354
v 25.384615 -1.526698 -46.682354
v 26.923077 -1.459579 -46.682354
v 28.461538 -1.388597 -46.682354
v 30.000000 -1.314133 -46.682354
v -30.000000 -1.966526 -48.188236
v -28.461538 -1.969593 -48.188236
v -26.923077 -1.971353 -48.188236
v -25.384615 -1.972142 -48.188236
v -23.846153 -1.972278 -48.188236
v -22.307692 -1.972056 -48.188236
v -20.769230 -1.971744 -48.188236
v -19.230770 -1.971577 -48.188236
v -17.692308 -1.971748 -48.188236
v -16.153847 -1.972407 -48.188236
v -14.615385 -1.973654 -48.188236
v -13.076923 -1.975537 -48.188236
v -11.538462 -1.978046 -48.188236
v -10.000000 -1.981114 -48.188236
v -8.461538 -1.984613 -48.188236
v -6.923077 -1.988353 -48.188236
v -5.384615 -1.992081 -48.188236
v -3.846154 -1.995485 -48.188236
v -2.307692 -1.998194 -48.188236
v -0.769231 -1.999778 -48.188236
v 0.769231 -1.999759 -48.188236
v 2.307692 -1.997679 -48.188236
v 3.846154 -1.993135 -48.188236
v 5.384615 -1.985737 -48.188236
v 6.923077 -1.975108 -48.188236
v 8.461538 -1.960898 -48.188236
v 10.000000 -1.942785 -48.188236
v 11.538462 -1.920484 -48.188236
v 13.076923 -1.893756 -48.188236
v 14.615385 -1.862405 -48.188236
v 16.153847 -1.826292 -48.188236
v 17.692308 -1.785333 -48.188236
v 19.230770 -1.739503 -48.188236
v 20.769230 -1.688840 -48.188236
v 22.307692 -1.633445 -48.188236
v 23.846153 -1.573482 -48.188236
v 25.384615 -1.509181 -48.188236
v 26.923077 -1.440832 -48.188236
v 28.461538 -1.368788 -48.188236
v 30.000000 -1.293458 -48.188236
v -30.000000 -1.972171 -49.694118
v -28.461538 -1.973517 -49.694118
v -26.923077 -1.973751 -49.694118
v -25.384615 -1.973218 -49.694118
v -23.846153 -1.972241 -49.694118
v -22.307692 -1.971118 -49.694118
v -20.769230 -1.970113 -49.694118
v -19.230770 -1.969452 -49.694118
v -17.692308 -1.969317 -49.694118
v -16.153847 -1.969842 -49.694118
v -14.615385 -1.971107 -49.694118
v -13.076923 -1.973136 -49.694118
v -11.538462 -1.975894 -49.694118
v -10.000000 -1.979287 -49.694118
v -8.461538 -1.983154 -49.694118
v -6.923077 -1.987277 -49.694118
v -5.384615 -1.991372 -49.694118
v -3.846154 -1.995094 -49.694118
v -2.307692 -1.998043 -49.694118
v -0.769231 -1.999760 -49.694118
v 0.769231 -1.999740 -49.694118
v 2.307692 -1.997507 -49.694118
v 3.846154 -1.992650 -49.694118
v 5.384615 -1.984772 -49.694118
v 6.923077 -1.973501 -49.694118
v 8.461538 -1.958489 -49.694118
v 10.000000 -1.939427 -49.694118
v 11.538462 -1.916044 -49.694118
v 13.076923 -1.888119 -49.694118
v 14.615385 -1.855480 -49.694118
v 16.153847 -1.818012 -49.694118
v 17.692308 -1.775660 -49.694118
v 19.230770 -1.728431 -49.694118
v 20.769230 -1.676393 -49.694118
v 22.307692 -1.619682 -49.694118
v 23.846153 -1.558495 -49.694118
v 25.384615 -1.493095 -49.694118
v 26.923077 -1.423805 -49.694118
v 28.461538 -1.351010 -49.694118
v 30.000000 -1.275147 -49.694118
v -30.000000 -1.976128 -51.200001
v -28.461538 -1.975820 -51.200001
v -26.923077 -1.974615 -51.200001
v -25.384615 -1.972865 -51.200001
v -23.846153 -1.970896 -51.200001
v -22.307692 -1.969001 -51.200001
v -20.769230 -1.967437 -51.200001
v -19.230770 -1.966419 -51.200001
v -17.692308 -1.966114 -51.200001
v -16.153847 -1.966634 -51.200001
v -14.615385 -1.968038 -51.200001
v -13.076923 -1.970325 -51.200001
v -11.538462 -1.973432 -51.200001
v -10.000000 -1.977234 -51.200001
v -8.461538 -1.981542 -51.200001
v -6.923077 -1.986105 -51.200001
v -5.384615 -1.990609 -51.200001
v -3.846154 -1.994679 -51.200001
v -2.307692 -1.997885 -51.200001
v -0.769231 -1.999742 -51.200001
v 0.769231 -1.999721 -51.200001
v 2.307692 -1.997332 -51.200001
v 3.846154 -1.992156 -51.200001
v 5.384615 -1.983799 -51.200001
v 6.923077 -1.971891 -51.200001
v 8.461538 -1.956096 -51.200001
v 10.000000 -1.936116 -51.200001
v 11.538462 -1.911701 -51.200001
v 13.076923 -1.882648 -51.200001
v 14.615385 -1.848812 -51.200001
v 16.153847 -1.810107 -51.200001
v 17.692308 -1.766505 -51.200001
v 19.230770 -1.718045 -51.200001
v 20.769230 -1.664829 -51.200001
v 22.307692 -1.607024 -51.200001
v 23.846153 -1.544862 -51.200001
v 25.384615 -1.478637 -51.200001
v 26.923077 -1.408704 -51.200001
v 28.461538 -1.335475 -51.200001
v 30.000000 -1.259414 -51.200001
v -30.000000 -1.978268 -52.705883
v -28.461538 -1.976403 -52.705883
v -26.923077 -1.973877 -52.705883
v -25.384615 -1.971041 -52.705883
v -23.846153 -1.968219 -52.705883
v -22.307692 -1.965698 -52.705883
v -20.769230 -1.963724 -52.705883
v -19.230770 -1.962497 -52.705883
v -17.692308 -1.962162 -52.705883
v -16.153847 -1.962811 -52.705883
v -14.615385 -1.964478 -52.705883
v -13.076923 -1.967134 -52.705883
v -11.538462 -1.970687 -52.705883
v -10.000000 -1.974981 -52.705883
v -8.461538 -1.979796 -52.705883
v -6.923077 -1.984851 -52.705883
v -5.384615 -1.989801 -52.705883
v -3.846154 -1.994243 -52.705883
v -2.307692 -1.997720 -52.705883
v -0.769231 -1.999723 -52.705883
v 0.769231 -1.999701 -52.705883
v 2.307692 -1.997154 -52.705883
v 3.846154 -1.991661 -52.705883
v 5.384615 -1.982830 -52.705883
v 6.923077 -1.970302 -52.705883
v 8.461538 -1.953751 -52.705883
v 10.000000 -1.932898 -52.705883
v 11.538462 -1.907512 -52.705883
v 13.076923 -1.877416 -52.705883
v 14.615385 -1.842491 -52.705883
v 16.153847 -1.802678 -52.705883
v 17.692308 -1.757984 -52.705883
v 19.230770 -1.708477 -52.705883
v 20.769230 -1.654293 -52.705883
v 22.307692 -1.595631 -52.705883
v 23.846153 -1.532753 -52.705883
v 25.384615 -1.465986 -52.705883
v 26.923077 -1.395711 -52.705883
v 28.461538 -1.322366 -52.705883
v 30.000000 -1.246441 -52.705883
v -30.000000 -1.978498 -54.211765
v -28.461538 -1.975205 -54.211765
v -26.923077 -1.971498 -54.211765
v -25.384615 -1.967729 -54.211765
v -23.846153 -1.964213 -54.211765
v -22.307692 -1.961227 -54.211765
v -20.769230 -1.959003 -54.211765
v -19.230770 -1.957719 -54.211765
v -17.692308 -1.957500 -54.211765
v -16.153847 -1.958415 -54.211765
v -14.615385 -1.960467 -54.211765
v -13.076923 -1.963600 -54.211765
v -11.538462 -1.967691 -54.211765
v -10.000000 -1.972554 -54.211765
v -8.461538 -1.977938 -54.211765
v -6.923077 -1.983531 -54.211765
v -5.384615 -1.988959 -54.211765
v -3.846154 -1.993793 -54.211765
v -2.307692 -1.997551 -54.211765
v -0.769231 -1.999703 -54.211765
v 0.769231 -1.999682 -54.211765
v 2.307692 -1.996976 -54.211765
v 3.846154 -1.991170 -54.211765
v 5.384615 -1.981878 -54.211765
v 6.923077 -1.968752 -54.211765
v 8.461538 -1.951484 -54.211765
v 10.000000 -1.929813 -54.211765
v 11.538462 -1.903532 -54.211765
v 13.076923 -1.872490 -54.211765
v 14.615385 -1.836597 -54.211765
v 16.153847 -1.795825 -54.211765
v 17.692308 -1.750209 -54.211765
v 19.230770 -1.699853 -54.211765
v 20.769230 -1.644921 -54.211765
v 22.307692 -1.585646 -54.211765
v 23.846153 -1.522320 -54.211765
v 25.384615 -1.455296 -54.211765
v 26.923077 -1.384981 -54.211765
v 28.461538 -1.311838 -54.211765
v 30.000000 -1.236373 -54.211765
v -30.000000 -1.976765 -55.717648
v -28.461538 -1.972198 -55.717648
v -26.923077 -1.967476 -55.717648
v -25.384615 -1.962944 -55.717648
v -23.846153 -1.958907 -55.717648
v -22.307692 -1.955629 -55.717648
v -20.769230 -1.953319 -55.717648
v -19.230770 -1.952138 -55.717648
v -17.692308 -1.952184 -55.717648
v -16.153847 -1.953497 -55.717648
v -14.615385 -1.956054 -55.717648
v -13.076923 -1.959767 -55.717648
v -11.538462 -1.964483 -55.717648
v -10.000000 -1.969985 -55.717648
v -8.461538 -1.975991 -55.717648
v -6.923077 -1.982161 -55.717648
v -5.384615 -1.988094 -55.717648
v -3.846154 -1.993335 -55.717648
v -2.307692 -1.997381 -55.717648
v -0.769231 -1.999684 -55.717648
v 0.769231 -1.999662 -55.717648
v 2.307692 -1.996801 -55.717648
v 3.846154 -1.990691 -55.717648
v 5.384615 -1.980956 -55.717648
v 6.923077 -1.967265 -55.717648
v 8.461538 -1.949326 -55.717648
v 10.000000 -1.926904 -55.717648
v 11.538462 -1.899816 -55.717648
v 13.076923 -1.867939 -55.717648
v 14.615385 -1.831211 -55.717648
v 16.153847 -1.789637 -55.717648
v 17.692308 -1.743283 -55.717648
v 19.230770 -1.692284 -55.717648
v 20.769230 -1.636835 -55.717648
v 22.307692 -1.577198 -55.717648
v 23.846153 -1.513693 -55.717648
v 25.384615 -1.446697 -55.717648
v 26.923077 -1.376643 -55.717648
v 28.461538 -1.304008 -55.717648
v 30.000000 -1.229317 -55.717648
v -30.000000 -1.973053 -57.223530
v -28.461538 -1.967390 -57.223530
v -26.923077 -1.961837 -57.223530
v -25.384615 -1.956729 -57.223530
v -23.846153 -1.952357 -57.223530
v -22.307692 -1.948965 -57.223530
v -20.769230 -1.946742 -57.223530
v -19.230770 -1.945822 -57.223530
v -17.692308 -1.946278 -57.223530
v -16.153847 -1.948121 -57.223530
v -14.615385 -1.951297 -57.223530
v -13.076923 -1.955687 -57.223530
v -11.538462 -1.961107 -57.223530
v -10.000000 -1.967309 -57.223530
v -8.461538 -1.973984 -57.223530
v -6.923077 -1.980761 -57.223530
v -5.384615 -1.987217 -57.223530
v -3.846154 -1.992875 -57.223530
v -2.307692 -1.997211 -57.223530
v -0.769231 -1.999665 -57.223530
v 0.769231 -1.999643 -57.223530
v 2.307692 -1.996632 -57.223530
v 3.846154 -1.990229 -57.223530
v 5.384615 -1.980077 -57.223530
v 6.923077 -1.965859 -57.223530
v 8.461538 -1.947308 -57.223530
v 10.000000 -1.924211 -57.223530
v 11.538462 -1.896414 -57.223530
v 13.076923 -1.863822 -57.223530
v 14.615385 -1.826406 -57.223530
v 16.153847 -1.784198 -57.223530
v 17.692308 -1.737298 -57.223530
v 19.230770 -1.685870 -57.223530
v 20.769230 -1.630139 -57.223530
v 22.307692 -1.570393 -57.223530
v 23.846153 -1.506978 -57.223530
v 25.384615 -1.440294 -57.223530
v 26.923077 -1.370790 -57.223530
v 28.461538 -1.298962 -57.223530
v 30.000000 -1.225342 -57.223530
v -30.000000 -1.967387 -58.729412
v -28.461538 -1.960825 -58.729412
v -26.923077 -1.954642 -58.729412
v -25.384615 -1.949157 -58.729412
v -23.846153 -1.944642 -58.729412
v -22.307692 -1.941320 -58.729412
v -20.769230 -1.939356 -58.729412
v -19.230770 -1.938856 -58.729412
v -17.692308 -1.939864 -58.729412
v -16.153847 -1.942361 -58.729412
v -14.615385 -1.946261 -58.729412
v -13.076923 -1.951415 -58.729412
v -11.538462 -1.957608 -58.729412
v -10.000000 -1.964563 -58.729412
v -8.461538 -1.971942 -58.729412
v -6.923077 -1.979351 -58.729412
v -5.384615 -1.986342 -58.729412
v -3.846154 -1.992419 -58.729412
v -2.307692 -1.997045 -58.729412
v -0.769231 -1.999646 -58.729412
v 0.769231 -1.999624 -58.729412
v 2.307692 -1.996469 -58.729412
v 3.846154 -1.989793 -58.729412
v 5.384615 -1.979253 -58.729412
v 6.923077 -1.964556 -58.729412
v 8.461538 -1.945457 -58.729412
v 10.000000 -1.921772 -58.729412
v 11.538462 -1.893374 -58.729412
v 13.076923 -1.860199 -58.729412
v 14.615385 -1.822247 -58.729412
v 16.153847 -1.779583 -58.729412
v 17.692308 -1.732335 -58.729412
v 19.230770 -1.680696 -58.729412
v 20.769230 -1.624920 -58.729412
v 22.307692 -1.565318 -58.729412
v 23.846153 -1.502259 -58.729412
v 25.384615 -1.436161 -58.729412
v 26.923077 -1.367488 -58.729412
v 28.461538 -1.296747 -58.729412
v 30.000000 -1.224477 -58.729412
v -30.000000 -1.959829 -60.235294
v -28.461538 -1.952584 -60.235294
v -26.923077 -1.945982 -60.235294
v -25.384615 -1.940326 -60.235294
v -23.846153 -1.935866 -60.235294
v -22.307692 -1.932799 -60.235294
v -20.769230 -1.931263 -60.235294
v -19.230770 -1.931336 -60.235294
v -17.692308 -1.933031 -60.235294
v -16.153847 -1.936297 -60.235294
v -14.615385 -1.941018 -60.235294
v -13.076923 -1.947013 -60.235294
v -11.538462 -1.954038 -60.235294
v -10.000000 -1.961787 -60.235294
v -8.461538 -1.969898 -60.235294
v -6.923077 -1.977951 -60.235294
v -5.384615 -1.985481 -60.235294
v -3.846154 -1.991975 -60.235294
v -2.307692 -1.996884 -60.235294
v -0.769231 -1.999628 -60.235294
v 0.769231 -1.999607 -60.235294
v 2.307692 -1.996317 -60.235294
v 3.846154 -1.989387 -60.235294
v 5.384615 -1.978496 -60.235294
v 6.923077 -1.963373 -60.235294
v 8.461538 -1.943801 -60.235294
v 10.000000 -1.919622 -60.235294
v 11.538462 -1.890739 -60.235294
v 13.076923 -1.857120 -60.235294
v 14.615385 -1.818794 -60.235294
v 16.153847 -1.775855 -60.235294
v 17.692308 -1.728462 -60.235294
v 19.230770 -1.676833 -60.235294
v 20.769230 -1.621247 -60.235294
v 22.307692 -1.562038 -60.235294
v 23.846153 -1.499592 -60.235294
v 25.384615 -1.434343 -60.235294
v 26.923077 -1.366766 -60.235294
v 28.461538 -1.297373 -60.235294
v 30.000000 -1.226707 -60.235294
v -30.000000 -1.950479 -61.741177
v -28.461538 -1.942778 -61.741177
v -26.923077 -1.935979 -61.741177
v -25.384615 -1.930362 -61.741177
v -23.846153 -1.926154 -61.741177
v -22.307692 -1.923524 -61.741177
v -20.769230 -1.922582 -61.741177
v -19.230770 -1.923373 -61.741177
v -17.692308 -1.925880 -61.741177
v -16.153847 -1.930020 -61.741177
v -14.615385 -1.935646 -61.741177
v -13.076923 -1.942547 -61.741177
v -11.538462 -1.950449 -61.741177
v -10.000000 -1.959023 -61.741177
v -8.461538 -1.967880 -61.741177
v -6.923077 -1.976582 -61.741177
v -5.384615 -1.984646 -61.741177
v -3.846154 -1.991548 -61.741177
v -2.307692 -1.996731 -61.741177
v -0.769231 -1.999611 -61.741177
v 0.769231 -1.999591 -61.741177
v 2.307692 -1.996177 -61.741177
v 3.846154 -1.989019 -61.741177
v 5.384615 -1.977818 -61.741177
v 6.923077 -1.962328 -61.741177
v 8.461538 -1.942363 -61.741177
v 10.000000 -1.917791 -61.741177
v 11.538462 -1.888548 -61.741177
v 13.076923 -1.854629 -61.741177
v 14.615385 -1.816094 -61.741177
v 16.153847 -1.773067 -61.741177
v 17.692308 -1.725731 -61.741177
v 19.230770 -1.674332 -61.741177
v 20.769230 -1.619168 -61.741177
v 22.307692 -1.560592 -61.741177
v 23.846153 -1.499007 -61.741177
v 25.384615 -1.434855 -61.741177
v 26.923077 -1.368620 -61.741177
v 28.461538 -1.300816 -61.741177
v 30.000000 -1.231981 -61.741177
v -30.000000 -1.939475 -63.247059
v -28.461538 -1.931552 -63.247059
v -26.923077 -1.924780 -63.247059
v -25.384615 -1.919414 -63.247059
v -23.846153 -1.915653 -63.247059
v -22.307692 -1.913637 -63.247059
v -20.769230 -1.913443 -63.247059
v -19.230770 -1.915087 -63.247059
v -17.692308 -1.918519 -63.247059
v -16.153847 -1.923625 -63.247059
v -14.615385 -1.930226 -63.247059
v -13.076923 -1.938083 -63.247059
v -11.538462 -1.946897 -63.247059
v -10.000000 -1.956312 -63.247059
v -8.461538 -1.965919 -63.247059
v -6.923077 -1.975265 -63.247059
v -5.384615 -1.983851 -63.247059
v -3.846154 -1.991146 -63.247059
v -2.307692 -1.996589 -63.247059
v -0.769231 -1.999596 -63.247059
v 0.769231 -1.999576 -63.247059
v 2.307692 -1.996051 -63.247059
v 3.846154 -1.988692 -63.247059
v 5.384615 -1.977228 -63.247059
v 6.923077 -1.961438 -63.247059
v 8.461538 -1.941165 -63.247059
v 10.000000 -1.916308 -63.247059
v 11.538462 -1.886832 -63.247059
v 13.076923 -1.852763 -63.247059
v 14.615385 -1.814189 -63.247059
v 16.153847 -1.771259 -63.247059
v 17.692308 -1.724183 -63.247059
v 19.230770 -1.673227 -63.247059
v 20.769230 -1.618710 -63.247059
v 22.307692 -1.560999 -63.247059
v 23.846153 -1.500506 -63.247059
v 25.384615 -1.437682 -63.247059
v 26.923077 -1.373013 -63.247059
v 28.461538 -1.307010 -63.247059
v 30.000000 -1.240205 -63.247059
v -30.000000 -1.926988 -64.752945
v -28.461538 -1.919082 -64.752945
v -26.923077 -1.912562 -64.752945
v -25.384615 -1.907654 -64.752945
v -23.846153 -1.904527 -64.752945
v -22.307692 -1.903290 -64.752945
v -20.769230 -1.903990 -64.752945
v -19.230770 -1.906609 -64.752945
v -17.692308 -1.911064 -64.752945
v -16.153847 -1.917212 -64.752945
v -14.615385 -1.924844 -64.752945
v -13.076923 -1.933693 -64.752945
v -11.538462 -1.943437 -64.752945
v -10.000000 -1.953696 -64.752945
v -8.461538 -1.964047 -64.752945
v -6.923077 -1.974019 -64.752945
v -5.384615 -1.983108 -64.752945
v -3.846154 -1.990775 -64.752945
v -2.307692 -1.996459 -64.752945
v -0.769231 -1.999582 -64.752945
v 0.769231 -1.999563 -64.752945
v 2.307692 -1.995941 -64.752945
v 3.846154 -1.988414 -64.752945
v 5.384615 -1.976735 -64.752945
v 6.923077 -1.960716 -64.752945
v 8.461538 -1.940225 -64.752945
v 10.000000 -1.915196 -64.752945
v 11.538462 -1.885620 -64.752945
v 13.076923 -1.851551 -64.752945
v 14.615385 -1.813107 -64.752945
v 16.153847 -1.770460 -64.752945
v 17.692308 -1.723841 -64.752945
v 19.230770 -1.673537 -64.752945
v 20.769230 -1.619880 -64.752945
v 22.307692 -1.563249 -64.752945
v 23.846153 -1.504064 -64.752945
v 25.384615 -1.442778 -64.752945
v 26.923077 -1.379874 -64.752945
v 28.461538 -1.315857 -64.752945
v 30.000000 -1.251248 -64.752945
v -30.000000 -1.913221 -66.258827
v -28.461538 -1.905570 -66.258827
v -26.923077 -1.899520 -66.258827
v -25.384615 -1.895269 -66.258827
v -23.846153 -1.892954 -66.258827
v -22.307692 -1.892651 -66.258827
v -20.769230 -1.894374 -66.258827
v -19.230770 -1.898073 -66.258827
v -17.692308 -1.903634 -66.258827
v -16.153847 -1.910883 -66.258827
v -14.615385 -1.919585 -66.258827
v -13.076923 -1.929447 -66.258827
v -11.538462 -1.940123 -66.258827
v -10.000000 -1.951219 -66.258827
v -8.461538 -1.962293 -66.258827
v -6.923077 -1.972867 -66.258827
v -5.384615 -1.982428 -66.258827
v -3.846154 -1.990440 -66.258827
v -2.307692 -1.996343 -66.258827
v -0.769231 -1.999570 -66.258827
v 0.769231 -1.999551 -66.258827
v 2.307692 -1.995849 -66.258827
v 3.846154 -1.988188 -66.258827
v 5.384615 -1.976349 -66.258827
v 6.923077 -1.960173 -66.258827
v 8.461538 -1.939560 -66.258827
v 10.000000 -1.914472 -66.258827
v 11.538462 -1.884930 -66.258827
v 13.076923 -1.851014 -66.258827
v 14.615385 -1.812867 -66.258827
v 16.153847 -1.770683 -66.258827
v 17.692308 -1.724713 -66.258827
v 19.230770 -1.675258 -66.258827
v 20.769230 -1.622662 -66.258827
v 22.307692 -1.567312 -66.258827
v 23.846153 -1.509630 -66.258827
v 25.384615 -1.450068 -66.258827
v 26.923077 -1.389101 -66.258827
v 28.461538 -1.327224 -66.258827
v 30.000000 -1.264942 -66.258827
v -30.000000 -1.898404 -67.764709
v -28.461538 -1.891241 -67.764709
v -26.923077 -1.885874 -67.764709
v -25.384615 -1.882468 -67.764709
v -23.846153 -1.881127 -67.764709
v -22.307692 -1.881896 -67.764709
v -20.769230 -1.884755 -67.764709
v -19.230770 -1.889621 -67.764709
v -17.692308 -1.896352 -67.764709
v -16.153847 -1.904744 -67.764709
v -14.615385 -1.914536 -67.764709
v -13.076923 -1.925414 -67.764709
v -11.538462 -1.937012 -67.764709
v -10.000000 -1.948920 -67.764709
v -8.461538 -1.960686 -67.764709
v -6.923077 -1.971825 -67.764709
v -5.384615 -1.981824 -67.764709
v -3.846154 -1.990147 -67.764709
v -2.307692 -1.996244 -67.764709
v -0.769231 -1.999560 -67.764709
v 0.769231 -1.999542 -67.764709
v 2.307692 -1.995777 -67.764709
v 3.846154 -1.988017 -67.764709
v 5.384615 -1.976074 -67.764709
v 6.923077 -1.959819 -67.764709
v 8.461538 -1.939181 -67.764709
v 10.000000 -1.914151 -67.764709
v 11.538462 -1.884776 -67.764709
v 13.076923 -1.851164 -67.764709
v 14.615385 -1.813477 -67.764709
v 16.153847 -1.771930 -67.764709
v 17.692308 -1.726791 -67.764709
v 19.230770 -1.678370 -67.764709
v 20.769230 -1.627021 -67.764709
v 22.307692 -1.573133 -67.764709
v 23.846153 -1.517126 -67.764709
v 25.384615 -1.459447 -67.764709
v 26.923077 -1.400560 -67.764709
v 28.461538 -1.340945 -67.764709
v 30.000000 -1.281087 -67.764709
v -30.000000 -1.882794 -69.270592
v -28.461538 -1.876341 -69.270592
v -26.923077 -1.871855 -69.270592
v -25.384615 -1.869466 -69.270592
v -23.846153 -1.869247 -69.270592
v -22.307692 -1.871207 -69.270592
v -20.769230 -1.875295 -69.270592
v -19.230770 -1.881397 -69.270592
v -17.692308 -1.889341 -69.270592
v -16.153847 -1.898898 -69.270592
v -14.615385 -1.909783 -69.270592
v -13.076923 -1.921663 -69.270592
v -11.538462 -1.934155 -69.270592
v -10.000000 -1.946838 -69.270592
v -8.461538 -1.959254 -69.270592
v -6.923077 -1.970913 -69.270592
v -5.384615 -1.981305 -69.270592
v -3.846154 -1.989901 -69.270592
v -2.307692 -1.996163 -69.270592
v -0.769231 -1.999552 -69.270592
v 0.769231 -1.999535 -69.270592
v 2.307692 -1.995726 -69.270592
v 3.846154 -1.987906 -69.270592
v 5.384615 -1.975918 -69.270592
v 6.923077 -1.959661 -69.270592
v 8.461538 -1.939097 -69.270592
v 10.000000 -1.914240 -69.270592
v 11.538462 -1.885165 -69.270592
v 13.076923 -1.852002 -69.270592
v 14.615385 -1.814933 -69.270592
v 16.153847 -1.774190 -69.270592
v 17.692308 -1.730051 -69.270592
v 19.230770 -1.682835 -69.270592
v 20.769230 -1.632899 -69.270592
v 22.307692 -1.580632 -69.270592
v 23.846153 -1.526449 -69.270592
v 25.384615 -1.470785 -69.270592
v 26.923077 -1.414090 -69.270592
v 28.461538 -1.356825 -69.270592
v 30.000000 -1.299452 -69.270592
v -30.000000 -1.866667 -70.776474
v -28.461538 -1.861133 -70.776474
v -26.923077 -1.857710 -70.776474
v -25.384615 -1.856493 -70.776474
v -23.846153 -1.857521 -70.776474
v -22.307692 -1.860771 -70.776474
v -20.769230 -1.866159 -70.776474
v -19.230770 -1.873542 -70.776474
v -17.692308 -1.882723 -70.776474
v -16.153847 -1.893447 -70.776474
v -14.615385 -1.905409 -70.776474
v -13.076923 -1.918260 -70.776474
v -11.538462 -1.931604 -70.776474
v -10.000000 -1.945012 -70.776474
v -8.461538 -1.958022 -70.776474
v -6.923077 -1.970147 -70.776474
v -5.384615 -1.980881 -70.776474
v -3.846154 -1.989707 -70.776474
v -2.307692 -1.996102 -70.776474
v -0.769231 -1.999546 -70.776474
v 0.769231 -1.999531 -70.776474
v 2.307692 -1.995697 -70.776474
v 3.846154 -1.987856 -70.776474
v 5.384615 -1.975882 -70.776474
v 6.923077 -1.959705 -70.776474
v 8.461538 -1.939310 -70.776474
v 10.000000 -1.914742 -70.776474
v 11.538462 -1.886096 -70.776474
v 13.076923 -1.853523 -70.776474
v 14.615385 -1.817222 -70.776474
v 16.153847 -1.777436 -70.776474
v 17.692308 -1.734453 -70.776474
v 19.230770 -1.688596 -70.776474
v 20.769230 -1.640221 -70.776474
v 22.307692 -1.589712 -70.776474
v 23.846153 -1.537473 -70.776474
v 25.384615 -1.483927 -70.776474
v 26.923077 -1.429504 -70.776474
v 28.461538 -1.374643 -70.776474
v 30.000000 -1.319778 -70.776474
v -30.000000 -1.850315 -72.282356
v -28.461538 -1.845892 -72.282356
v -26.923077 -1.843693 -72.282356
v -25.384615 -1.843781 -72.282356
v -23.846153 -1.846160 -72.282356
v -22.307692 -1.850775 -72.282356
v -20.769230 -1.857511 -72.282356
v -19.230770 -1.866200 -72.282356
v -17.692308 -1.876618 -72.282356
v -16.153847 -1.888490 -72.282356
v -14.615385 -1.901494 -72.282356
v -13.076923 -1.915266 -72.282356
v -11.538462 -1.929404 -72.282356
v -10.000000 -1.943474 -72.282356
v -8.461538 -1.957013 -72.282356
v -6.923077 -1.969540 -72.282356
v -5.384615 -1.980560 -72.282356
v -3.846154 -1.989569 -72.282356
v -2.307692 -1.996063 -72.282356
v -0.769231 -1.999543 -72.282356
v 0.769231 -1.999529 -72.282356
v 2.307692 -1.995690 -72.282356
v 3.846154 -1.987870 -72.282356
v 5.384615 -1.975971 -72.282356
v 6.923077 -1.959950 -72.282356
v 8.461538 -1.939823 -72.282356
v 10.000000 -1.915654 -72.282356
v 11.538462 -1.887561 -72.282356
v 13.076923 -1.855712 -72.282356
v 14.615385 -1.820317 -72.282356
v 16.153847 -1.781631 -72.282356
v 17.692308 -1.739944 -72.282356
v 19.230770 -1.695581 -72.282356
v 20.769230 -1.648892 -72.282356
v 22.307692 -1.600252 -72.282356
v 23.846153 -1.550052 -72.282356
v 25.384615 -1.498695 -72.282356
v 26.923077 -1.446592 -72.282356
v 28.461538 -1.394154 -72.282356
v 30.000000 -1.341785 -72.282356
v -30.000000 -1.834043 -73.788239
v -28.461538 -1.830900 -73.788239
v -26.923077 -1.830065 -73.788239
v -25.384615 -1.831566 -73.788239
v -23.846153 -1.835374 -73.788239
v -22.307692 -1.841403 -73.788239
v -20.769230 -1.849512 -73.788239
v -19.230770 -1.859506 -73.788239
v -17.692308 -1.871140 -73.788239
v -16.153847 -1.884120 -73.788239
v -14.615385 -1.898112 -73.788239
v -13.076923 -1.912741 -73.788239
v -11.538462 -1.927600 -73.788239
v -10.000000 -1.942255 -73.788239
v -8.461538 -1.956248 -73.788239
v -6.923077 -1.969107 -73.788239
v -5.384615 -1.980349 -73.788239
v -3.846154 -1.989489 -73.788239
v -2.307692 -1.996045 -73.788239
v -0.769231 -1.999542 -73.788239
v 0.769231 -1.999529 -73.788239
v 2.307692 -1.995707 -73.788239
v 3.846154 -1.987947 -73.788239
v 5.384615 -1.976183 -73.788239
v 6.923077 -1.960398 -73.788239
v 8.461538 -1.940631 -73.788239
v 10.000000 -1.916968 -73.788239
v 11.538462 -1.889546 -73.788239
v 13.076923 -1.858544 -73.788239
v 14.615385 -1.824183 -73.788239
v 16.153847 -1.786724 -73.788239
v 17.692308 -1.746456 -73.788239
v 19.230770 -1.703700 -73.788239
v 20.769230 -1.658799 -73.788239
v 22.307692 -1.612113 -73.788239
v 23.846153 -1.564018 -73.788239
v 25.384615 -1.514893 -73.788239
v 26.923077 -1.465124 -73.788239
v 28.461538 -1.415093 -73.788239
v 30.000000 -1.365174 -73.788239
v -30.000000 -1.818160 -75.294121
v -28.461538 -1.816444 -75.294121
v -26.923077 -1.817085 -75.294121
v -25.384615 -1.820080 -75.294121
v -23.846153 -1.825369 -75.294121
v -22.307692 -1.832837 -75.294121
v -20.769230 -1.842317 -75.294121
v -19.230770 -1.853591 -75.294121
v -17.692308 -1.866396 -75.294121
v -16.153847 -1.880424 -75.294121
v -14.615385 -1.895330 -75.294121
v -13.076923 -1.910734 -75.294121
v -11.538462 -1.926228 -75.294121
v -10.000000 -1.941381 -75.294121
v -8.461538 -1.955744 -75.294121
v -6.923077 -1.968857 -75.294121
v -5.384615 -1.980254 -75.294121
v -3.846154 -1.989471 -75.294121
v -2.307692 -1.996049 -75.294121
v -0.769231 -1.999544 -75.294121
v 0.769231 -1.999532 -75.294121
v 2.307692 -1.995746 -75.294121
v 3.846154 -1.988088 -75.294121
v 5.384615 -1.976518 -75.294121
v 6.923077 -1.961044 -75.294121
v 8.461538 -1.941726 -75.294121
v 10.000000 -1.918671 -75.294121
v 11.538462 -1.892028 -75.294121
v 13.076923 -1.861986 -75.294121
v 14.615385 -1.828775 -75.294121
v 16.153847 -1.792652 -75.294121
v 17.692308 -1.753907 -75.294121
v 19.230770 -1.712852 -75.294121
v 20.769230 -1.669816 -75.294121
v 22.307692 -1.625144 -75.294121
v 23.846153 -1.579188 -75.294121
v 25.384615 -1.532307 -75.294121
v 26.923077 -1.484855 -75.294121
v 28.461538 -1.437183 -75.294121
v 30.000000 -1.389632 -75.294121
v -30.000000 -1.802981 -76.800003
v -28.461538 -1.802807 -76.800003
v -26.923077 -1.805009 -76.800003
v -25.384615 -1.809552 -76.800003
v -23.846153 -1.816345 -76.800003
v -22.307692 -1.825248 -76.800003
v -20.769230 -1.836071 -76.800003
v -19.230770 -1.848577 -76.800003
v -17.692308 -1.862486 -76.800003
v -16.153847 -1.877481 -76.800003
v -14.615385 -1.893211 -76.800003
v -13.076923 -1.909292 -76.800003
v -11.538462 -1.925322 -76.800003
v -10.000000 -1.940875 -76.800003
v -8.461538 -1.955515 -76.800003
v -6.923077 -1.968798 -76.800003
v -5.384615 -1.980278 -76.800003
v -3.846154 -1.989515 -76.800003
v -2.307692 -1.996077 -76.800003
v -0.769231 -1.999548 -76.800003
v 0.769231 -1.999538 -76.800003
v 2.307692 -1.995809 -76.800003
v 3.846154 -1.988292 -76.800003
v 5.384615 -1.976972 -76.800003
v 6.923077 -1.961882 -76.800003
v 8.461538 -1.943099 -76.800003
v 10.000000 -1.920744 -76.800003
v 11.538462 -1.894979 -76.800003
v 13.076923 -1.866000 -76.800003
v 14.615385 -1.834036 -76.800003
v 16.153847 -1.799344 -76.800003
v 17.692308 -1.762206 -76.800003
v 19.230770 -1.722920 -76.800003
v 20.769230 -1.681802 -76.800003
v 22.307692 -1.639175 -76.800003
v 23.846153 -1.595367 -76.800003
v 25.384615 -1.550709 -76.800003
v 26.923077 -1.505525 -76.800003
v 28.461538 -1.460132 -76.800003
v 30.000000 -1.414836 -76.800003
v -30.000000 -1.788814 -78.305885
v -28.461538 -1.790269 -78.305885
v -26.923077 -1.794086 -78.305885
v -25.384615 -1.800199 -78.305885
v -23.846153 -1.808491 -78.305885
v -22.307692 -1.818798 -78.305885
v -20.769230 -1.830910 -78.305885
v -19.230770 -1.844573 -78.305885
v -17.692308 -1.859499 -78.305885
v -16.153847 -1.875361 -78.305885
v -14.615385 -1.891806 -78.305885
v -13.076923 -1.908454 -78.305885
v -11.538462 -1.924907 -78.305885
v -10.000000 -1.940754 -78.305885
v -8.461538 -1.955571 -78.305885
v -6.923077 -1.968936 -78.305885
v -5.384615 -1.980424 -78.305885
v -3.846154 -1.989623 -78.305885
v -2.307692 -1.996128 -78.305885
v -0.769231 -1.999555 -78.305885
v 0.769231 -1.999546 -78.305885
v 2.307692 -1.995895 -78.305885
v 3.846154 -1.988558 -78.305885
v 5.384615 -1.977543 -78.305885
v 6.923077 -1.962904 -78.305885
v 8.461538 -1.944734 -78.305885
v 10.000000 -1.923165 -78.305885
v 11.538462 -1.898366 -78.305885
v 13.076923 -1.870537 -78.305885
v 14.615385 -1.839903 -78.305885
v 16.153847 -1.806717 -78.305885
v 17.692308 -1.771248 -78.305885
v 19.230770 -1.733779 -78.305885
v 20.769230 -1.694606 -78.305885
v 22.307692 -1.654028 -78.305885
v 23.846153 -1.612347 -78.305885
v 25.384615 -1.569863 -78.305885
v 26.923077 -1.526868 -78.305885
v 28.461538 -1.483645 -78.305885
v 30.000000 -1.440462 -78.305885
v -30.000000 -1.775961 -79.811768
v -28.461538 -1.779099 -79.811768
v -26.923077 -1.784553 -79.811768
v -25.384615 -1.792228 -79.811768
v -23.846153 -1.801983 -79.811768
v -22.307692 -1.813635 -79.811768
v -20.769230 -1.826955 -79.811768
v -19.230770 -1.841680 -79.811768
v -17.692308 -1.857512 -79.811768
v -16.153847 -1.874122 -79.811768
v -14.615385 -1.891159 -79.811768
v -13.076923 -1.908249 -79.811768
v -11.538462 -1.925005 -79.811768
v -10.000000 -1.941030 -79.811768
v -8.461538 -1.955920 -79.811768
v -6.923077 -1.969273 -79.811768
v -5.384615 -1.980694 -79.811768
v -3.846154 -1.989794 -79.811768
v -2.307692 -1.996202 -79.811768
v -0.769231 -1.999565 -79.811768
v 0.769231 -1.999557 -79.811768
v 2.307692 -1.996002 -79.811768
v 3.846154 -1.988881 -79.811768
v 5.384615 -1.978224 -79.811768
v 6.923077 -1.964098 -79.811768
v 8.461538 -1.946612 -79.811768
v 10.000000 -1.925905 -79.811768
v 11.538462 -1.902149 -79.811768
v 13.076923 -1.875543 -79.811768
v 14.615385 -1.846307 -79.811768
v 16.153847 -1.814682 -79.811768
v 17.692308 -1.780922 -79.811768
v 19.230770 -1.745293 -79.811768
v 20.769230 -1.708067 -79.811768
v 22.307692 -1.669516 -79.811768
v 23.846153 -1.629914 -79.811768
v 25.384615 -1.589528 -79.811768
v 26.923077 -1.548615 -79.811768
v 28.461538 -1.507423 -79.811768
v 30.000000 -1.466184 -79.811768
v -30.000000 -1.764709 -81.317650
v -28.461538 -1.769551 -81.317650
v -26.923077 -1.776630 -81.317650
v -25.384615 -1.785828 -81.317650
v -23.846153 -1.796981 -81.317650
v -22.307692 -1.809890 -81.317650
v -20.769230 -1.824314 -81.317650
v -19.230770 -1.839981 -81.317650
v -17.692308 -1.856589 -81.317650
v -16.153847 -1.873812 -81.317650
v -14.615385 -1.891304 -81.317650
v -13.076923 -1.908700 -81.317650
v -11.538462 -1.925629 -81.317650
v -10.000000 -1.941710 -81.317650
v -8.461538 -1.956563 -81.317650
v -6.923077 -1.969811 -81.317650
v -5.384615 -1.981085 -81.317650
v -3.846154 -1.990027 -81.317650
v -2.307692 -1.996298 -81.317650
v -0.769231 -1.999577 -81.317650
v 0.769231 -1.999570 -81.317650
v 2.307692 -1.996130 -81.317650
v 3.846154 -1.989260 -81.317650
v 5.384615 -1.979007 -81.317650
v 6.923077 -1.965452 -81.317650
v 8.461538 -1.948713 -81.317650
v 10.000000 -1.928933 -81.317650
v 11.538462 -1.906284 -81.317650
v 13.076923 -1.880958 -81.317650
v 14.615385 -1.853169 -81.317650
v 16.153847 -1.823141 -81.317650
v 17.692308 -1.791110 -81.317650
v 19.230770 -1.757321 -81.317650
v 20.769230 -1.722018 -81.317650
v 22.307692 -1.685447 -81.317650
v 23.846153 -1.647849 -81.317650
v 25.384615 -1.609456 -81.317650
v 26.923077 -1.570493 -81.317650
v 28.461538 -1.531171 -81.317650
v 30.000000 -1.491685 -81.317650
v -30.000000 -1.755329 -82.823532
v -28.461538 -1.761860 -82.823532
v -26.923077 -1.770520 -82.823532
v -25.384615 -1.781169 -82.823532
v -23.846153 -1.793627 -82.823532
v -22.307692 -1.807678 -82.823532
v -20.769230 -1.823077 -82.823532
v -19.230770 -1.839545 -82.823532
v -17.692308 -1.856783 -82.823532
v -16.153847 -1.874468 -82.823532
v -14.615385 -1.892263 -82.823532
v -13.076923 -1.909821 -82.823532
v -11.538462 -1.926784 -82.823532
v -10.000000 -1.942796 -82.823532
v -8.461538 -1.957500 -82.823532
v -6.923077 -1.970546 -82.823532
v -5.384615 -1.981596 -82.823532
v -3.846154 -1.990322 -82.823532
v -2.307692 -1.996416 -82.823532
v -0.769231 -1.999591 -82.823532
v 0.769231 -1.999586 -82.823532
v 2.307692 -1.996278 -82.823532
v 3.846154 -1.989690 -82.823532
v 5.384615 -1.979884 -82.823532
v 6.923077 -1.966951 -82.823532
v 8.461538 -1.951012 -82.823532
v 10.000000 -1.932213 -82.823532
v 11.538462 -1.910721 -82.823532
v 13.076923 -1.886719 -82.823532
v 14.615385 -1.860407 -82.823532
v 16.153847 -1.831991 -82.823532
v 17.692308 -1.801688 -82.823532
v 19.230770 -1.769715 -82.823532
v 20.769230 -1.736289 -82.823532
v 22.307692 -1.701626 -82.823532
v 23.846153 -1.665932 -82.823532
v 25.384615 -1.629406 -82.823532
v 26.923077 -1.592237 -82.823532
v 28.461538 -1.554600 -82.823532
v 30.000000 -1.516655 -82.823532
v -30.000000 -1.748069 -84.329414
v -28.461538 -1.756240 -84.329414
v -26.923077 -1.766403 -84.329414
v -25.384615 -1.778400 -84.329414
v -23.846153 -1.792039 -84.329414
v -22.307692 -1.807095 -84.329414
v -20.769230 -1.823316 -84.329414
v -19.230770 -1.840426 -84.329414
v -17.692308 -1.858128 -84.329414
v -16.153847 -1.876111 -84.329414
v -14.615385 -1.894051 -84.329414
v -13.076923 -1.911616 -84.329414
v -11.538462 -1.928472 -84.329414
v -10.000000 -1.944285 -84.329414
v -8.461538 -1.958726 -84.329414
v -6.923077 -1.971475 -84.329414
v -5.384615 -1.982222 -84.329414
v -3.846154 -1.990674 -84.329414
v -2.307692 -1.996555 -84.329414
v -0.769231 -1.999608 -84.329414
v 0.769231 -1.999604 -84.329414
v 2.307692 -1.996444 -84.329414
v 3.846154 -1.990167 -84.329414
v 5.384615 -1.980845 -84.329414
v 6.923077 -1.968576 -84.329414
v 8.461538 -1.953483 -84.329414
v 10.000000 -1.935708 -84.329414
v 11.538462 -1.915408 -84.329414
v 13.076923 -1.892757 -84.329414
v 14.615385 -1.867934 -84.329414
v 16.153847 -1.841128 -84.329414
v 17.692308 -1.812528 -84.329414
v 19.230770 -1.782326 -84.329414
v 20.769230 -1.750709 -84.329414
v 22.307692 -1.717857 -84.329414
v 23.846153 -1.683946 -84.329414
v 25.384615 -1.649139 -84.329414
v 26.923077 -1.613588 -84.329414
v 28.461538 -1.577435 -84.329414
v 30.000000 -1.540803 -84.329414
v -30.000000 -1.743151 -85.835297
v -28.461538 -1.752877 -85.835297
v -26.923077 -1.764433 -85.835297
v -25.384615 -1.777647 -85.835297
v -23.846153 -1.792316 -85.835297
v -22.307692 -1.808213 -85.835297
v -20.769230 -1.825084 -85.835297
v -19.230770 -1.842657 -85.835297
v -17.692308 -1.860646 -85.835297
v -16.153847 -1.878752 -85.835297
v -14.615385 -1.896666 -85.835297
v -13.076923 -1.914080 -85.835297
v -11.538462 -1.930683 -85.835297
v -10.000000 -1.946166 -85.835297
v -8.461538 -1.960231 -85.835297
v -6.923077 -1.972588 -85.835297
v -5.384615 -1.982958 -85.835297
v -3.846154 -1.991081 -85.835297
v -2.307692 -1.996713 -85.835297
v -0.769231 -1.999627 -85.835297
v 0.769231 -1.999623 -85.835297
v 2.307692 -1.996626 -85.835297
v 3.846154 -1.990685 -85.835297
v 5.384615 -1.981880 -85.835297
v 6.923077 -1.970311 -85.835297
v 8.461538 -1.956098 -85.835297
v 10.000000 -1.939376 -85.835297
v 11.538462 -1.920292 -85.835297
v 13.076923 -1.899000 -85.835297
v 14.615385 -1.875662 -85.835297
v 16.153847 -1.850442 -85.835297
v 17.692308 -1.823503 -85.835297
v 19.230770 -1.795006 -85.835297
v 20.769230 -1.765105 -85.835297
v 22.307692 -1.733950 -85.835297
v 23.846153 -1.701681 -85.835297
v 25.384615 -1.668424 -85.835297
v 26.923077 -1.634300 -85.835297
v 28.461538 -1.599414 -85.835297
v 30.000000 -1.563858 -85.835297
v -30.000000 -1.740768 -87.341179
v -28.461538 -1.751929 -87.341179
v -26.923077 -1.764735 -87.341179
v -25.384615 -1.779005 -87.341179
v -23.846153 -1.794531 -87.341179
v -22.307692 -1.811083 -87.341179
v -20.769230 -1.828413 -87.341179
v -19.230770 -1.846258 -87.341179
v -17.692308 -1.864343 -87.341179
v -16.153847 -1.882386 -87.341179
v -14.615385 -1.900101 -87.341179
v -13.076923 -1.917202 -87.341179
v -11.538462 -1.933403 -87.341179
v -10.000000 -1.948427 -87.341179
v -8.461538 -1.962004 -87.341179
v -6.923077 -1.973876 -87.341179
v -5.384615 -1.983798 -87.341179
v -3.846154 -1.991540 -87.341179
v -2.307692 -1.996888 -87.341179
v -0.769231 -1.999647 -87.341179
v 0.769231 -1.999645 -87.341179
v 2.307692 -1.996822 -87.341179
v 3.846154 -1.991239 -87.341179
v 5.384615 -1.982976 -87.341179
v 6.923077 -1.972135 -87.341179
v 8.461538 -1.958827 -87.341179
v 10.000000 -1.943176 -87.341179
v 11.538462 -1.925314 -87.341179
v 13.076923 -1.905376 -87.341179
v 14.615385 -1.883501 -87.341179
v 16.153847 -1.859826 -87.341179
v 17.692308 -1.834484 -87.341179
v 19.230770 -1.807606 -87.341179
v 20.769230 -1.779314 -87.341179
v 22.307692 -1.749721 -87.341179
v 23.846153 -1.718934 -87.341179
v 25.384615 -1.687046 -87.341179
v 26.923077 -1.654142 -87.341179
v 28.461538 -1.620296 -87.341179
v 30.000000 -1.585572 -87.341179
v -30.000000 -1.741078 -88.847061
v -28.461538 -1.753522 -88.847061
v -26.923077 -1.767408 -88.847061
v -25.384615 -1.782546 -88.847061
v -23.846153 -1.798730 -88.847061
v -22.307692 -1.815732 -88.847061
v -20.769230 -1.833314 -88.847061
v -19.230770 -1.851225 -88.847061
v -17.692308 -1.869207 -88.847061
v -16.153847 -1.886997 -88.847061
v -14.615385 -1.904334 -88.847061
v -13.076923 -1.920957 -88.847061
v -11.538462 -1.936611 -88.847061
v -10.000000 -1.951047 -88.847061
v -8.461538 -1.964028 -88.847061
v -6.923077 -1.975328 -88.847061
v -5.384615 -1.984732 -88.847061
v -3.846154 -1.992044 -88.847061
v -2.307692 -1.997079 -88.847061
v -0.769231 -1.999669 -88.847061
v 0.769231 -1.999668 -88.847061
v 2.307692 -1.997031 -88.847061
v 3.846154 -1.991822 -88.847061
v 5.384615 -1.984122 -88.847061
v 6.923077 -1.974027 -88.847061
v 8.461538 -1.961638 -88.847061
v 10.000000 -1.947064 -88.847061
v 11.538462 -1.930418 -88.847061
v 13.076923 -1.911813 -88.847061
v 14.615385 -1.891361 -88.847061
v 16.153847 -1.869171 -88.847061
v 17.692308 -1.845347 -88.847061
v 19.230770 -1.819984 -88.847061
v 20.769230 -1.793173 -88.847061
v 22.307692 -1.764993 -88.847061
v 23.846153 -1.735516 -88.847061
v 25.384615 -1.704802 -88.847061
v 26.923077 -1.672904 -88.847061
v 28.461538 -1.639866 -88.847061
v 30.000000 -1.605724 -88.847061
v -30.000000 -1.744206 -90.352943
v -28.461538 -1.757750 -90.352943
v -26.923077 -1.772514 -90.352943
v -25.384615 -1.788310 -90.352943
v -23.846153 -1.804932 -90.352943
v -22.307692 -1.822164 -90.352943
v -20.769230 -1.839778 -90.352943
v -19.230770 -1.857540 -90.352943
v -17.692308 -1.875212 -90.352943
v -16.153847 -1.892555 -90.352943
v -14.615385 -1.909334 -90.352943
v -13.076923 -1.925317 -90.352943
v -11.538462 -1.940279 -90.352943
v -10.000000 -1.954003 -90.352943
v -8.461538 -1.966284 -90.352943
v -6.923077 -1.976927 -90.352943
v -5.384615 -1.985752 -90.352943
v -3.846154 -1.992589 -90.352943
v -2.307692 -1.997283 -90.352943
v -0.769231 -1.999693 -90.352943
v 0.769231 -1.999692 -90.352943
v 2.307692 -1.997249 -90.352943
v 3.846154 -1.992427 -90.352943
v 5.384615 -1.985305 -90.352943
v 6.923077 -1.975966 -90.352943
v 8.461538 -1.964499 -90.352943
v 10.000000 -1.950995 -90.352943
v 11.538462 -1.935544 -90.352943
v 13.076923 -1.918236 -90.352943
v 14.615385 -1.899152 -90.352943
v 16.153847 -1.878373 -90.352943
v 17.692308 -1.855969 -90.352943
v 19.230770 -1.832004 -90.352943
v 20.769230 -1.806533 -90.352943
v 22.307692 -1.779603 -90.352943
v 23.846153 -1.751252 -90.352943
v 25.384615 -1.721509 -90.352943
v 26.923077 -1.690397 -90.352943
v 28.461538 -1.657933 -90.352943
v 30.000000 -1.624128 -90.352943
v -30.000000 -1.750237 -91.858826
v -28.461538 -1.764668 -91.858826
v -26.923077 -1.780086 -91.858826
v -25.384615 -1.796306 -91.858826
v -23.846153 -1.813132 -91.858826
v -22.307692 -1.830358 -91.858826
v -20.769230 -1.847774 -91.858826
v -19.230770 -1.865164 -91.858826
v -17.692308 -1.882316 -91.858826
v -16.153847 -1.899017 -91.858826
v -14.615385 -1.915059 -91.858826
v -13.076923 -1.930242 -91.858826
v -11.538462 -1.944372 -91.858826
v -10.000000 -1.957265 -91.858826
v -8.461538 -1.968748 -91.858826
v -6.923077 -1.978659 -91.858826
v -5.384615 -1.986846 -91.858826
v -3.846154 -1.993169 -91.858826
v -2.307692 -1.997500 -91.858826
v -0.769231 -1.999718 -91.858826
v 0.769231 -1.999717 -91.858826
v 2.307692 -1.997474 -91.858826
v 3.846154 -1.993049 -91.858826
v 5.384615 -1.986511 -91.858826
v 6.923077 -1.977930 -91.858826
v 8.461538 -1.967379 -91.858826
v 10.000000 -1.954926 -91.858826
v 11.538462 -1.940638 -91.858826
v 13.076923 -1.924575 -91.858826
v 14.615385 -1.906790 -91.858826
v 16.153847 -1.887332 -91.858826
v 17.692308 -1.866238 -91.858826
v 19.230770 -1.843539 -91.858826
v 20.769230 -1.819255 -91.858826
v 22.307692 -1.793402 -91.858826
v 23.846153 -1.765985 -91.858826
v 25.384615 -1.737005 -91.858826
v 26.923077 -1.706457 -91.858826
v 28.461538 -1.674335 -91.858826
v 30.000000 -1.640627 -91.858826
v -30.000000 -1.759218 -93.364708
v -28.461538 -1.774297 -93.364708
v -26.923077 -1.790122 -93.364708
v -25.384615 -1.806516 -93.364708
v -23.846153 -1.823295 -93.364708
v -22.307692 -1.840269 -93.364708
v -20.769230 -1.857249 -93.364708
v -19.230770 -1.874042 -93.364708
v -17.692308 -1.890463 -93.364708
v -16.153847 -1.906327 -93.364708
v -14.615385 -1.921458 -93.364708
v -13.076923 -1.935686 -93.364708
v -11.538462 -1.948851 -93.364708
v -10.000000 -1.960802 -93.364708
v -8.461538 -1.971397 -93.364708
v -6.923077 -1.980505 -93.364708
v -5.384615 -1.988003 -93.364708
v -3.846154 -1.993778 -93.364708
v -2.307692 -1.997725 -93.364708
v -0.769231 -1.999743 -93.364708
v 0.769231 -1.999743 -93.364708
v 2.307692 -1.997704 -93.364708
v 3.846154 -1.993680 -93.364708
v 5.384615 -1.987726 -93.364708
v 6.923077 -1.979898 -93.364708
v 8.461538 -1.970245 -93.364708
v 10.000000 -1.958814 -93.364708
v 11.538462 -1.945642 -93.364708
v 13.076923 -1.930761 -93.364708
v 14.615385 -1.914194 -93.364708
v 16.153847 -1.895954 -93.364708
v 17.692308 -1.876047 -93.364708
v 19.230770 -1.854470 -93.364708
v 20.769230 -1.831212 -93.364708
v 22.307692 -1.806255 -93.364708
v 23.846153 -1.779578 -93.364708
v 25.384615 -1.751153 -93.364708
v 26.923077 -1.720951 -93.364708
v 28.461538 -1.688943 -93.364708
v 30.000000 -1.655104 -93.364708
v -30.000000 -1.771155 -94.870590
v -28.461538 -1.786620 -94.870590
v -26.923077 -1.802587 -94.870590
v -25.384615 -1.818889 -94.870590
v -23.846153 -1.835360 -94.870590
v -22.307692 -1.851829 -94.870590
v -20.769230 -1.868131 -94.870590
v -19.230770 -1.884101 -94.870590
v -17.692308 -1.899581 -94.870590
v -16.153847 -1.914419 -94.870590
v -14.615385 -1.928469 -94.870590
v -13.076923 -1.941596 -94.870590
v -11.538462 -1.953672 -94.870590
v -10.000000 -1.964577 -94.870590
v -8.461538 -1.974203 -94.870590
v -6.923077 -1.982446 -94.870590
v -5.384615 -1.989211 -94.870590
v -3.846154 -1.994410 -94.870590
v -2.307692 -1.997957 -94.870590
v -0.769231 -1.999770 -94.870590
v 0.769231 -1.999769 -94.870590
v 2.307692 -1.997936 -94.870590
v 3.846154 -1.994313 -94.870590
v 5.384615 -1.988939 -94.870590
v 6.923077 -1.981848 -94.870590
v 8.461538 -1.973068 -94.870590
v 10.000000 -1.962617 -94.870590
v 11.538462 -1.950505 -94.870590
v 13.076923 -1.936731 -94.870590
v 14.615385 -1.921286 -94.870590
v 16.153847 -1.904150 -94.870590
v 17.692308 -1.885298 -94.870590
v 19.230770 -1.864693 -94.870590
v 20.769230 -1.842292 -94.870590
v 22.307692 -1.818050 -94.870590
v 23.846153 -1.791916 -94.870590
v 25.384615 -1.763840 -94.870590
v 26.923077 -1.733771 -94.870590
v 28.461538 -1.701664 -94.870590
v 30.000000 -1.667480 -94.870590
v -30.000000 -1.786013 -96.376472
v -28.461538 -1.801585 -96.376472
v -26.923077 -1.817412 -96.376472
v -25.384615 -1.833346 -96.376472
v -23.846153 -1.849239 -96.376472
v -22.307692 -1.864948 -96.376472
v -20.769230 -1.880330 -96.376472
v -19.230770 -1.895253 -96.376472
v -17.692308 -1.909589 -96.376472
v -16.153847 -1.923217 -96.376472
v -14.615385 -1.936026 -96.376472
v -13.076923 -1.947913 -96.376472
v -11.538462 -1.958784 -96.376472
v -10.000000 -1.968552 -96.376472
v -8.461538 -1.977135 -96.376472
v -6.923077 -1.984460 -96.376472
v -5.384615 -1.990457 -96.376472
v -3.846154 -1.995057 -96.376472
v -2.307692 -1.998193 -96.376472
v -0.769231 -1.999796 -96.376472
v 0.769231 -1.999795 -96.376472
v 2.307692 -1.998168 -96.376472
v 3.846154 -1.994942 -96.376472
v 5.384615 -1.990135 -96.376472
v 6.923077 -1.983760 -96.376472
v 8.461538 -1.975817 -96.376472
v 10.000000 -1.966296 -96.376472
v 11.538462 -1.955175 -96.376472
v 13.076923 -1.942423 -96.376472
v 14.615385 -1.927997 -96.376472
v 16.153847 -1.911844 -96.376472
v 17.692308 -1.893907 -96.376472
v 19.230770 -1.874117 -96.376472
v 20.769230 -1.852403 -96.376472
v 22.307692 -1.828691 -96.376472
v 23.846153 -1.802908 -96.376472
v 25.384615 -1.774982 -96.376472
v 26.923077 -1.744844 -96.376472
v 28.461538 -1.712437 -96.376472
v 30.000000 -1.677712 -96.376472
v -30.000000 -1.803719 -97.882355
v -28.461538 -1.819100 -97.882355
v -26.923077 -1.834495 -97.882355
v -25.384615 -1.849777 -97.882355
v -23.846153 -1.864822 -97.882355
v -22.307692 -1.879513 -97.882355
v -20.769230 -1.893738 -97.882355
v -19.230770 -1.907395 -97.882355
v -17.692308 -1.920389 -97.882355
v -16.153847 -1.932634 -97.882355
v -14.615385 -1.944052 -97.882355
v -13.076923 -1.954574 -97.882355
v -11.538462 -1.964137 -97.882355
v -10.000000 -1.972684 -97.882355
v -8.461538 -1.980164 -97.882355
v -6.923077 -1.986528 -97.882355
v -5.384615 -1.991727 -97.882355
v -3.846154 -1.995713 -97.882355
v -2.307692 -1.998431 -97.882355
v -0.769231 -1.999823 -97.882355
v 0.769231 -1.999821 -97.882355
v 2.307692 -1.998398 -97.882355
v 3.846154 -1.995559 -97.882355
v 5.384615 -1.991303 -97.882355
v 6.923077 -1.985614 -97.882355
v 8.461538 -1.978465 -97.882355
v 10.000000 -1.969814 -97.882355
v 11.538462 -1.959609 -97.882355
v 13.076923 -1.947784 -97.882355
v 14.615385 -1.934265 -97.882355
v 16.153847 -1.918967 -97.882355
v 17.692308 -1.901799 -97.882355
v 19.230770 -1.882665 -97.882355
v 20.769230 -1.861467 -97.882355
v 22.307692 -1.838107 -97.882355
v 23.846153 -1.812488 -97.882355
v 25.384615 -1.784522 -97.882355
v 26.923077 -1.754128 -97.882355
v 28.461538 -1.721238 -97.882355
v 30.000000 -1.685799 -97.882355
v -30.000000 -1.824159 -99.388237
v -28.461538 -1.839041 -99.388237
v -26.923077 -1.853705 -99.388237
v -25.384615 -1.868048 -99.388237
v -23.846153 -1.881973 -99.388237
v -22.307692 -1.895393 -99.388237
v -20.769230 -1.908228 -99.388237
v -19.230770 -1.920410 -99.388237
v -17.692308 -1.931876 -99.388237
v -16.153847 -1.942577 -99.388237
v -14.615385 -1.952466 -99.388237
v -13.076923 -1.961509 -99.388237
v -11.538462 -1.969673 -99.388237
v -10.000000 -1.976932 -99.388237
v -8.461538 -1.983258 -99.388237
v -6.923077 -1.988627 -99.388237
v -5.384615 -1.993009 -99.388237
v -3.846154 -1.996370 -99.388237
v -2.307692 -1.998668 -99.388237
v -0.769231 -1.999849 -99.388237
v 0.769231 -1.999847 -99.388237
v 2.307692 -1.998622 -99.388237
v 3.846154 -1.996160 -99.388237
v 5.384615 -1.992431 -99.388237
v 6.923077 -1.987392 -99.388237
v 8.461538 -1.980985 -99.388237
v 10.000000 -1.973138 -99.388237
v 11.538462 -1.963764 -99.388237
v 13.076923 -1.952766 -99.388237
v 14.615385 -1.940037 -99.388237
v 16.153847 -1.925460 -99.388237
v 17.692308 -1.908915 -99.388237
v 19.230770 -1.890280 -99.388237
v 20.769230 -1.869430 -99.388237
v 22.307692 -1.846246 -99.388237
v 23.846153 -1.820615 -99.388237
v 25.384615 -1.792434 -99.388237
v 26.923077 -1.761613 -99.388237
v 28.461538 -1.728080 -99.388237
v 30.000000 -1.691779 -99.388237
v -30.000000 -1.847180 -100.894119
v -28.461538 -1.861250 -100.894119
v -26.923077 -1.874881 -100.894119
v -25.384615 -1.887999 -100.894119
v -23.846153 -1.900537 -100.894119
v -22.307692 -1.912440 -100.894119
v -20.769230 -1.923663 -100.894119
v -19.230770 -1.934170 -100.894119
v -17.692308 -1.943937 -100.894119
v -16.153847 -1.952945 -100.894119
v -14.615385 -1.961183 -100.894119
v -13.076923 -1.968648 -100.894119
v -11.538462 -1.975337 -100.894119
v -10.000000 -1.981250 -100.894119
v -8.461538 -1.986384 -100.894119
v -6.923077 -1.990735 -100.894119
v -5.384615 -1.994288 -100.894119
v -3.846154 -1.997023 -100.894119
v -2.307692 -1.998902 -100.894119
v -0.769231 -1.999875 -100.894119
v 0.769231 -1.999872 -100.894119
v 2.307692 -1.998840 -100.894119
v 3.846154 -1.996737 -100.894119
v 5.384615 -1.993507 -100.894119
v 6.923077 -1.989076 -100.894119
v 8.461538 -1.983355 -100.894119
v 10.000000 -1.976238 -100.894119
v 11.538462 -1.967606 -100.894119
v 13.076923 -1.957328 -100.894119
v 14.615385 -1.945267 -100.894119
v 16.153847 -1.931277 -100.894119
v 17.692308 -1.915210 -100.894119
v 19.230770 -1.896917 -100.894119
v 20.769230 -1.876253 -100.894119
v 22.307692 -1.853082 -100.894119
v 23.846153 -1.827276 -100.894119
v 25.384615 -1.798721 -100.894119
v 26.923077 -1.767323 -100.894119
v 28.461538 -1.733008 -100.894119
v 30.000000 -1.695727 -100.894119
v -30.000000 -1.872596 -102.400002
v -28.461538 -1.885536 -102.400002
v -26.923077 -1.897834 -102.400002
v -25.384615 -1.909446 -102.400002
v -23.846153 -1.920338 -102.400002
v -22.307692 -1.930490 -102.400002
v -20.769230 -1.939890 -102.400002
v -19.230770 -1.948540 -102.400002
v -17.692308 -1.956449 -102.400002
v -16.153847 -1.963632 -102.400002
v -14.615385 -1.970113 -102.400002
v -13.076923 -1.975917 -102.400002
v -11.538462 -1.981069 -102.400002
v -10.000000 -1.985594 -102.400002
v -8.461538 -1.989510 -102.400002
v -6.923077 -1.992830 -102.400002
v -5.384615 -1.995553 -102.400002
v -3.846154 -1.997663 -102.400002
v -2.307692 -1.999130 -102.400002
v -0.769231 -1.999900 -102.400002
v 0.769231 -1.999897 -102.400002
v 2.307692 -1.999048 -102.400002
v 3.846154 -1.997285 -102.400002
v 5.384615 -1.994521 -102.400002
v 6.923077 -1.990652 -102.400002
v 8.461538 -1.985554 -102.400002
v 10.000000 -1.979088 -102.400002
v 11.538462 -1.971103 -102.400002
v 13.076923 -1.961438 -102.400002
v 14.615385 -1.949923 -102.400002
v 16.153847 -1.936385 -102.400002
v 17.692308 -1.920652 -102.400002
v 19.230770 -1.902552 -102.400002
v 20.769230 -1.881922 -102.400002
v 22.307692 -1.858611 -102.400002
v 23.846153 -1.832482 -102.400002
v 25.384615 -1.803414 -102.400002
v 26.923077 -1.771313 -102.400002
v 28.461538 -1.736107 -102.400002
v 30.000000 -1.697756 -102.400002
v -30.000000 -1.900186 -103.905884
v -28.461538 -1.911682 -103.905884
v -26.923077 -1.922353 -103.905884
v -25.384615 -1.932187 -103.905884
v -23.846153 -1.941186 -103.905884
v -22.307692 -1.949365 -103.905884
v -20.769230 -1.956749 -103.905884
v -19.230770 -1.963374 -103.905884
v -17.692308 -1.969285 -103.905884
v -16.153847 -1.974530 -103.905884
v -14.615385 -1.979164 -103.905884
v -13.076923 -1.983240 -103.905884
v -11.538462 -1.986810 -103.905884
v -10.000000 -1.989919 -103.905884
v -8.461538 -1.992605 -103.905884
v -6.923077 -1.994892 -103.905884
v -5.384615 -1.996789 -103.905884
v -3.846154 -1.998286 -103.905884
v -2.307692 -1.999350 -103.905884
v -0.769231 -1.999924 -103.905884
v 0.769231 -1.999920 -103.905884
v 2.307692 -1.999244 -103.905884
v 3.846154 -1.997799 -103.905884
v 5.384615 -1.995466 -103.905884
v 6.923077 -1.992107 -103.905884
v 8.461538 -1.987564 -103.905884
v 10.000000 -1.981668 -103.905884
v 11.538462 -1.974233 -103.905884
v 13.076923 -1.965070 -103.905884
v 14.615385 -1.953979 -103.905884
v 16.153847 -1.940763 -103.905884
v 17.692308 -1.925225 -103.905884
v 19.230770 -1.907177 -103.905884
v 20.769230 -1.886441 -103.905884
v 22.307692 -1.862854 -103.905884
v 23.846153 -1.836272 -103.905884
v 25.384615 -1.806574 -103.905884
v 26.923077 -1.773668 -103.905884
v 28.461538 -1.737491 -103.905884
v 30.000000 -1.698014 -103.905884
v -30.000000 -1.929701 -105.411766
v -28.461538 -1.939445 -105.411766
v -26.923077 -1.948205 -105.411766
v -25.384615 -1.956002 -105.411766
v -23.846153 -1.962876 -105.411766
v -22.307692 -1.968879 -105.411766
v -20.769230 -1.974070 -105.411766
v -19.230770 -1.978523 -105.411766
v -17.692308 -1.982316 -105.411766
v -16.153847 -1.985529 -105.411766
v -14.615385 -1.988245 -105.411766
v -13.076923 -1.990545 -105.411766
v -11.538462 -1.992503 -105.411766
v -10.000000 -1.994183 -105.411766
v -8.461538 -1.995637 -105.411766
v -6.923077 -1.996899 -105.411766
v -5.384615 -1.997985 -105.411766
v -3.846154 -1.998885 -105.411766
v -2.307692 -1.999561 -105.411766
v -0.769231 -1.999946 -105.411766
v 0.769231 -1.999941 -105.411766
v 2.307692 -1.999428 -105.411766
v 3.846154 -1.998276 -105.411766
v 5.384615 -1.996334 -105.411766
v 6.923077 -1.993429 -105.411766
v 8.461538 -1.989373 -105.411766
v 10.000000 -1.983961 -105.411766
v 11.538462 -1.976979 -105.411766
v 13.076923 -1.968207 -105.411766
v 14.615385 -1.957422 -105.411766
v 16.153847 -1.944401 -105.411766
v 17.692308 -1.928930 -105.411766
v 19.230770 -1.910805 -105.411766
v 20.769230 -1.889835 -105.411766
v 22.307692 -1.865852 -105.411766
v 23.846153 -1.838710 -105.411766
v 25.384615 -1.808289 -105.411766
v 26.923077 -1.774505 -105.411766
v 28.461538 -1.737307 -105.411766
v 30.000000 -1.696680 -105.411766
v -30.000000 -1.960865 -106.917648
v -28.461538 -1.968561 -106.917648
v -26.923077 -1.975138 -106.917648
v -25.384615 -1.980658 -106.917648
v -23.846153 -1.985194 -106.917648
v -22.307692 -1.988835 -106.917648
v -20.769230 -1.991680 -106.917648
v -19.230770 -1.993835 -106.917648
v -17.692308 -1.995410 -106.917648
v -16.153847 -1.996516 -106.917648
v -14.615385 -1.997264 -106.917648
v -13.076923 -1.997758 -106.917648
v -11.538462 -1.998090 -106.917648
v -10.000000 -1.998342 -106.917648
v -8.461538 -1.998576 -106.917648
v -6.923077 -1.998833 -106.917648
v -5.384615 -1.999130 -106.917648
v -3.846154 -1.999454 -106.917648
v -2.307692 -1.999759 -106.917648
v -0.769231 -1.999968 -106.917648
v 0.769231 -1.999961 -106.917648
v 2.307692 -1.999597 -106.917648
v 3.846154 -1.998711 -106.917648
v 5.384615 -1.997117 -106.917648
v 6.923077 -1.994611 -106.917648
v 8.461538 -1.990969 -106.917648
v 10.000000 -1.985956 -106.917648
v 11.538462 -1.979330 -106.917648
v 13.076923 -1.970843 -106.917648
v 14.615385 -1.960249 -106.917648
v 16.153847 -1.947305 -106.917648
v 17.692308 -1.931782 -106.917648
v 19.230770 -1.913462 -106.917648
v 20.769230 -1.892150 -106.917648
v 22.307692 -1.867671 -106.917648
v 23.846153 -1.839883 -106.917648
v 25.384615 -1.808674 -106.917648
v 26.923077 -1.773968 -106.917648
v 28.461538 -1.735729 -106.917648
v 30.000000 -1.693965 -106.917648
v -30.000000 -1.993380 -108.423531
v -28.461538 -1.998747 -108.423531
v -26.923077 -2.002891 -108.423531
v -25.384615 -2.005909 -108.423531
v -23.846153 -2.007916 -108.423531
v -22.307692 -2.009036 -108.423531
v -20.769230 -2.009402 -108.423531
v -19.230770 -2.009155 -108.423531
v -17.692308 -2.008435 -108.423531
v -16.153847 -2.007383 -108.423531
v -14.615385 -2.006132 -108.423531
v -13.076923 -2.004807 -108.423531
v -11.538462 -2.003518 -108.423531
v -10.000000 -2.002358 -108.423531
v -8.461538 -2.001396 -108.423531
v -6.923077 -2.000676 -108.423531
v -5.384615 -2.000213 -108.423531
v -3.846154 -1.999988 -108.423531
v -2.307692 -1.999944 -108.423531
v -0.769231 -1.999987 -108.423531
v 0.769231 -1.999980 -108.423531
v 2.307692 -1.999750 -108.423531
v 3.846154 -1.999101 -108.423531
v 5.384615 -1.997813 -108.423531
v 6.923077 -1.995645 -108.423531
v 8.461538 -1.992346 -108.423531
v 10.000000 -1.987648 -108.423531
v 11.538462 -1.981283 -108.423531
v 13.076923 -1.972979 -108.423531
v 14.615385 -1.962468 -108.423531
v 16.153847 -1.949494 -108.423531
v 17.692308 -1.933811 -108.423531
v 19.230770 -1.915196 -108.423531
v 20.769230 -1.893448 -108.423531
v 22.307692 -1.868397 -108.423531
v 23.846153 -1.839903 -108.423531
v 25.384615 -1.807865 -108.423531
v 26.923077 -1.772223 -108.423531
v 28.461538 -1.732959 -108.423531
v 30.000000 -1.690103 -108.423531
v -30.000000 -2.026931 -109.929413
v -28.461538 -2.029708 -109.929413
v -26.923077 -2.031188 -109.929413
v -25.384615 -2.031507 -109.929413
v -23.846153 -2.030818 -109.929413
v -22.307692 -2.029279 -109.929413
v -20.769230 -2.027060 -109.929413
v -19.230770 -2.024332 -109.929413
v -17.692308 -2.021265 -109.929413
v -16.153847 -2.018023 -109.929413
v -14.615385 -2.014763 -109.929413
v -13.076923 -2.011626 -109.929413
v -11.538462 -2.008736 -109.929413
v -10.000000 -2.006192 -109.929413
v -8.461538 -2.004070 -109.929413
v -6.923077 -2.002412 -109.929413
v -5.384615 -2.001226 -109.929413
v -3.846154 -2.000484 -109.929413
v -2.307692 -2.000114 -109.929413
v -0.769231 -2.000005 -109.929413
v 0.769231 -1.999997 -109.929413
v 2.307692 -1.999887 -109.929413
v 3.846154 -1.999445 -109.929413
v 5.384615 -1.998417 -109.929413
v 6.923077 -1.996530 -109.929413
v 8.461538 -1.993501 -109.929413
v 10.000000 -1.989036 -109.929413
v 11.538462 -1.982841 -109.929413
v 13.076923 -1.974624 -109.929413
v 14.615385 -1.964099 -109.929413
v 16.153847 -1.950995 -109.929413
v 17.692308 -1.935061 -109.929413
v 19.230770 -1.916067 -109.929413
v 20.769230 -1.893813 -109.929413
v 22.307692 -1.868134 -109.929413
v 23.846153 -1.838900 -109.929413
v 25.384615 -1.806023 -109.929413
v 26.923077 -1.769461 -109.929413
v 28.461538 -1.729218 -109.929413
v 30.000000 -1.685350 -109.929413
v -30.000000 -2.061190 -111.435295
v -28.461538 -2.061139 -111.435295
v -26.923077 -2.059750 -111.435295
v -25.384615 -2.057198 -111.435295
v -23.846153 -2.053671 -111.435295
v -22.307692 -2.049365 -111.435295
v -20.769230 -2.044481 -111.435295
v -19.230770 -2.039218 -111.435295
v -17.692308 -2.033774 -111.435295
v -16.153847 -2.028335 -111.435295
v -14.615385 -2.023076 -111.435295
v -13.076923 -2.018152 -111.435295
v -11.538462 -2.013696 -111.435295
v -10.000000 -2.009812 -111.435295
v -8.461538 -2.006576 -111.435295
v -6.923077 -2.004025 -111.435295
v -5.384615 -2.002160 -111.435295
v -3.846154 -2.000937 -111.435295
v -2.307692 -2.000268 -111.435295
v -0.769231 -2.000021 -111.435295
v 0.769231 -2.000011 -111.435295
v 2.307692 -2.000007 -111.435295
v 3.846154 -1.999741 -111.435295
v 5.384615 -1.998928 -111.435295
v 6.923077 -1.997263 -111.435295
v 8.461538 -1.994435 -111.435295
v 10.000000 -1.990125 -111.435295
v 11.538462 -1.984016 -111.435295
v 13.076923 -1.975797 -111.435295
v 14.615385 -1.965169 -111.435295
v 16.153847 -1.951853 -111.435295
v 17.692308 -1.935590 -111.435295
v 19.230770 -1.916152 -111.435295
v 20.769230 -1.893343 -111.435295
v 22.307692 -1.867006 -111.435295
v 23.846153 -1.837023 -111.435295
v 25.384615 -1.803325 -111.435295
v 26.923077 -1.765891 -111.435295
v 28.461538 -1.724749 -111.435295
v 30.000000 -1.679982 -111.435295
v -30.000000 -2.095820 -112.941177
v -28.461538 -2.092731 -112.941177
v -26.923077 -2.088296 -112.941177
v -25.384615 -2.082730 -112.941177
v -23.846153 -2.076254 -112.941177
v -22.307692 -2.069099 -112.941177
v -20.769230 -2.061495 -112.941177
v -19.230770 -2.053671 -112.941177
v -17.692308 -2.045844 -112.941177
v -16.153847 -2.038223 -112.941177
v -14.615385 -2.030995 -112.941177
v -13.076923 -2.024326 -112.941177
v -11.538462 -2.018355 -112.941177
v -10.000000 -2.013187 -112.941177
v -8.461538 -2.008894 -112.941177
v -6.923077 -2.005505 -112.941177
v -5.384615 -2.003008 -112.941177
v -3.846154 -2.001344 -112.941177
v -2.307692 -2.000406 -112.941177
v -0.769231 -2.000035 -112.941177
v 0.769231 -2.000024 -112.941177
v 2.307692 -2.000109 -112.941177
v 3.846154 -1.999989 -112.941177
v 5.384615 -1.999346 -112.941177
v 6.923077 -1.997847 -112.941177
v 8.461538 -1.995154 -112.941177
v 10.000000 -1.990924 -112.941177
v 11.538462 -1.984823 -112.941177
v 13.076923 -1.976523 -112.941177
v 14.615385 -1.965718 -112.941177
v 16.153847 -1.952120 -112.941177
v 17.692308 -1.935470 -112.941177
v 19.230770 -1.915543 -112.941177
v 20.769230 -1.892152 -112.941177
v 22.307692 -1.865150 -112.941177
v 23.846153 -1.834438 -112.941177
v 25.384615 -1.799967 -112.941177
v 26.923077 -1.761737 -112.941177
v 28.461538 -1.719806 -112.941177
v 30.000000 -1.674286 -112.941177
v -30.000000 -2.130482 -114.447060
v -28.461538 -2.124174 -114.447060
v -26.923077 -2.116548 -114.447060
v -25.384615 -2.107853 -114.447060
v -23.846153 -2.098348 -114.447060
v -22.307692 -2.088292 -114.447060
v -20.769230 -2.077944 -114.447060
v -19.230770 -2.067556 -114.447060
v -17.692308 -2.057367 -114.447060
v -16.153847 -2.047599 -114.447060
v -14.615385 -2.038452 -114.447060
v -13.076923 -2.030098 -114.447060
v -11.538462 -2.022676 -114.447060
v -10.000000 -2.016292 -114.447060
v -8.461538 -2.011007 -114.447060
v -6.923077 -2.006841 -114.447060
v -5.384615 -2.003766 -114.447060
v -3.846154 -2.001704 -114.447060
v -2.307692 -2.000525 -114.447060
v -0.769231 -2.000047 -114.447060
v 0.769231 -2.000035 -114.447060
v 2.307692 -2.000193 -114.447060
v 3.846154 -2.000189 -114.447060
v 5.384615 -1.999673 -114.447060
v 6.923077 -1.998286 -114.447060
v 8.461538 -1.995665 -114.447060
v 10.000000 -1.991449 -114.447060
v 11.538462 -1.985285 -114.447060
v 13.076923 -1.976838 -114.447060
v 14.615385 -1.965793 -114.447060
v 16.153847 -1.951859 -114.447060
v 17.692308 -1.934782 -114.447060
v 19.230770 -1.914342 -114.447060
v 20.769230 -1.890364 -114.447060
v 22.307692 -1.862718 -114.447060
v 23.846153 -1.831323 -114.447060
v 25.384615 -1.796153 -114.447060
v 26.923077 -1.757236 -114.447060
v 28.461538 -1.714656 -114.447060
v 30.000000 -1.668555 -114.447060
v -30.000000 -2.164840 -115.952942
v -28.461538 -2.155165 -115.952942
v -26.923077 -2.144233 -115.952942
v -25.384615 -2.132330 -115.952942
v -23.846153 -2.119745 -115.952942
v -22.307692 -2.106766 -115.952942
v -20.769230 -2.093677 -115.952942
v -19.230770 -2.080750 -115.952942
v -17.692308 -2.068242 -115.952942
v -16.153847 -2.056385 -115.952942
v -14.615385 -2.045387 -115.952942
v -13.076923 -2.035422 -115.952942
v -11.538462 -2.026628 -115.952942
v -10.000000 -2.019104 -115.952942
v -8.461538 -2.012902 -115.952942
v -6.923077 -2.008026 -115.952942
v -5.384615 -2.004430 -115.952942
v -3.846154 -2.002014 -115.952942
v -2.307692 -2.000626 -115.952942
v -0.769231 -2.000057 -115.952942
v 0.769231 -2.000044 -115.952942
v 2.307692 -2.000260 -115.952942
v 3.846154 -2.000342 -115.952942
v 5.384615 -1.999912 -115.952942
v 6.923077 -1.998587 -115.952942
v 8.461538 -1.995981 -115.952942
v 10.000000 -1.991717 -115.952942
v 11.538462 -1.985433 -115.952942
v 13.076923 -1.976783 -115.952942
v 14.615385 -1.965448 -115.952942
v 16.153847 -1.951143 -115.952942
v 17.692308 -1.933617 -115.952942
v 19.230770 -1.912663 -115.952942
v 20.769230 -1.888118 -115.952942
v 22.307692 -1.859872 -115.952942
v 23.846153 -1.827867 -115.952942
v 25.384615 -1.792101 -115.952942
v 26.923077 -1.752629 -115.952942
v 28.461538 -1.709568 -115.952942
v 30.000000 -1.663089 -115.952942
v -30.000000 -2.198562 -117.458824
v -28.461538 -2.185407 -117.458824
v -26.923077 -2.171092 -117.458824
v -25.384615 -2.155933 -117.458824
v -23.846153 -2.140249 -117.458824
v -22.307692 -2.124356 -117.458824
v -20.769230 -2.108557 -117.458824
v -19.230770 -2.093142 -117.458824
v -17.692308 -2.078379 -117.458824
v -16.153847 -2.064511 -117.458824
v -14.615385 -2.051747 -117.458824
v -13.076923 -2.040261 -117.458824
v -11.538462 -2.030186 -117.458824
v -10.000000 -2.021609 -117.458824
v -8.461538 -2.014570 -117.458824
v -6.923077 -2.009055 -117.458824
v -5.384615 -2.004997 -117.458824
v -3.846154 -2.002275 -117.458824
v -2.307692 -2.000710 -117.458824
v -0.769231 -2.000066 -117.458824
v 0.769231 -2.000051 -117.458824
v 2.307692 -2.000310 -117.458824
v 3.846154 -2.000450 -117.458824
v 5.384615 -2.000068 -117.458824
v 6.923077 -1.998757 -117.458824
v 8.461538 -1.996116 -117.458824
v 10.000000 -1.991755 -117.458824
v 11.538462 -1.985300 -117.458824
v 13.076923 -1.976404 -117.458824
v 14.615385 -1.964749 -117.458824
v 16.153847 -1.950053 -117.458824
v 17.692308 -1.932077 -117.458824
v 19.230770 -1.910627 -117.458824
v 20.769230 -1.885558 -117.458824
v 22.307692 -1.856782 -117.458824
v 23.846153 -1.824264 -117.458824
v 25.384615 -1.788031 -117.458824
v 26.923077 -1.748165 -117.458824
v 28.461538 -1.704815 -117.458824
v 30.000000 -1.658183 -117.458824
v -30.000000 -2.231332 -118.964706
v -28.461538 -2.214620 -118.964706
v -26.923077 -2.196877 -118.964706
v -25.384615 -2.178449 -118.964706
v -23.846153 -2.159681 -118.964706
v -22.307692 -2.140911 -118.964706
v -20.769230 -2.122460 -118.964706
v -19.230770 -2.104632 -118.964706
v -17.692308 -2.087703 -118.964706
v -16.153847 -2.071919 -118.964706
v -14.615385 -2.057491 -118.964706
v -13.076923 -2.044586 -118.964706
v -11.538462 -2.033329 -118.964706
v -10.000000 -2.023795 -118.964706
v -8.461538 -2.016004 -118.964706
v -6.923077 -2.009925 -118.964706
v -5.384615 -2.005468 -118.964706
v -3.846154 -2.002487 -118.964706
v -2.307692 -2.000776 -118.964706
v -0.769231 -2.000072 -118.964706
v 0.769231 -2.000056 -118.964706
v 2.307692 -2.000344 -118.964706
v 3.846154 -2.000516 -118.964706
v 5.384615 -2.000147 -118.964706
v 6.923077 -1.998810 -118.964706
v 8.461538 -1.996090 -118.964706
v 10.000000 -1.991588 -118.964706
v 11.538462 -1.984926 -118.964706
v 13.076923 -1.975755 -118.964706
v 14.615385 -1.963763 -118.964706
v 16.153847 -1.948676 -118.964706
v 17.692308 -1.930268 -118.964706
v 19.230770 -1.908363 -118.964706
v 20.769230 -1.882836 -118.964706
v 22.307692 -1.853622 -118.964706
v 23.846153 -1.820714 -118.964706
v 25.384615 -1.784165 -118.964706
v 26.923077 -1.744090 -118.964706
v 28.461538 -1.700666 -118.964706
v 30.000000 -1.654128 -118.964706
v -30.000000 -2.262847 -120.470589
v -28.461538 -2.242540 -120.470589
v -26.923077 -2.221360 -120.470589
v -25.384615 -2.199684 -120.470589
v -23.846153 -2.177878 -120.470589
v -22.307692 -2.156298 -120.470589
v -20.769230 -2.135280 -120.470589
v -19.230770 -2.115136 -120.470589
v -17.692308 -2.096149 -120.470589
v -16.153847 -2.078564 -120.470589
v -14.615385 -2.062587 -120.470589
v -13.076923 -2.048377 -120.470589
v -11.538462 -2.036047 -120.470589
v -10.000000 -2.025655 -120.470589
v -8.461538 -2.017203 -120.470589
v -6.923077 -2.010637 -120.470589
v -5.384615 -2.005844 -120.470589
v -3.846154 -2.002650 -120.470589
v -2.307692 -2.000824 -120.470589
v -0.769231 -2.000076 -120.470589
v 0.769231 -2.000059 -120.470589
v 2.307692 -2.000363 -120.470589
v 3.846154 -2.000543 -120.470589
v 5.384615 -2.000155 -120.470589
v 6.923077 -1.998757 -120.470589
v 8.461538 -1.995924 -120.470589
v 10.000000 -1.991248 -120.470589
v 11.538462 -1.984353 -120.470589
v 13.076923 -1.974893 -120.470589
v 14.615385 -1.962564 -120.470589
v 16.153847 -1.947104 -120.470589
v 17.692308 -1.928303 -120.470589
v 19.230770 -1.906004 -120.470589
v 20.769230 -1.880106 -120.470589
v 22.307692 -1.850570 -120.470589
v 23.846153 -1.817416 -120.470589
v 25.384615 -1.780726 -120.470589
v 26.923077 -1.740645 -120.470589
v 28.461538 -1.697381 -120.470589
v 30.000000 -1.651201 -120.470589
v -30.000000 -2.292827 -121.976471
v -28.461538 -2.268923 -121.976471
v -26.923077 -2.244336 -121.976471
v -25.384615 -2.219466 -121.976471
v -23.846153 -2.194698 -121.976471
v -22.307692 -2.170403 -121.976471
v -20.769230 -2.146928 -121.976471
v -19.230770 -2.124589 -121.976471
v -17.692308 -2.103669 -121.976471
v -16.153847 -2.084411 -121.976471
v -14.615385 -2.067013 -121.976471
v -13.076923 -2.051622 -121.976471
v -11.538462 -2.038334 -121.976471
v -10.000000 -2.027189 -121.976471
v -8.461538 -2.018169 -121.976471
v -6.923077 -2.011194 -121.976471
v -5.384615 -2.006127 -121.976471
v -3.846154 -2.002768 -121.976471
v -2.307692 -2.000857 -121.976471
v -0.769231 -2.000079 -121.976471
v 0.769231 -2.000060 -121.976471
v 2.307692 -2.000368 -121.976471
v 3.846154 -2.000536 -121.976471
v 5.384615 -2.000102 -121.976471
v 6.923077 -1.998614 -121.976471
v 8.461538 -1.995639 -121.976471
v 10.000000 -1.990770 -121.976471
v 11.538462 -1.983629 -121.976471
v 13.076923 -1.973880 -121.976471
v 14.615385 -1.961229 -121.976471
v 16.153847 -1.945431 -121.976471
v 17.692308 -1.926295 -121.976471
v 19.230770 -1.903684 -121.976471
v 20.769230 -1.877524 -121.976471
v 22.307692 -1.847802 -121.976471
v 23.846153 -1.814565 -121.976471
v 25.384615 -1.777927 -121.976471
v 26.923077 -1.738063 -121.976471
v 28.461538 -1.695210 -121.976471
v 30.000000 -1.649662 -121.976471
v -30.000000 -2.321018 -123.482353
v -28.461538 -2.293552 -123.482353
v -26.923077 -2.265622 -123.482353
v -25.384615 -2.237644 -123.482353
v -23.846153 -2.210021 -123.482353
v -22.307692 -2.183133 -123.482353
v -20.769230 -2.157333 -123.482353
v -19.230770 -2.132939 -123.482353
v -17.692308 -2.110230 -123.482353
v -16.153847 -2.089441 -123.482353
v -14.615385 -2.070759 -123.482353
v -13.076923 -2.054317 -123.482353
v -11.538462 -2.040192 -123.482353
v -10.000000 -2.028403 -123.482353
v -8.461538 -2.018907 -123.482353
v -6.923077 -2.011602 -123.482353
v -5.384615 -2.006322 -123.482353
v -3.846154 -2.002841 -123.482353
v -2.307692 -2.000874 -123.482353
v -0.769231 -2.000080 -123.482353
v 0.769231 -2.000060 -123.482353
v 2.307692 -2.000361 -123.482353
v 3.846154 -2.000498 -123.482353
v 5.384615 -1.999997 -123.482353
v 6.923077 -1.998397 -123.482353
v 8.461538 -1.995263 -123.482353
v 10.000000 -1.990188 -123.482353
v 11.538462 -1.982803 -123.482353
v 13.076923 -1.972780 -123.482353
v 14.615385 -1.959840 -123.482353
v 16.153847 -1.943757 -123.482353
v 17.692308 -1.924360 -123.482353
v 19.230770 -1.901539 -123.482353
v 20.769230 -1.875244 -123.482353
v 22.307692 -1.845489 -123.482353
v 23.846153 -1.812352 -123.482353
v 25.384615 -1.775976 -123.482353
v 26.923077 -1.736565 -123.482353
v 28.461538 -1.694383 -123.482353
v 30.000000 -1.649754 -123.482353
v -30.000000 -2.347192 -124.988235
v -28.461538 -2.316240 -124.988235
v -26.923077 -2.285064 -124.988235
v -25.384615 -2.254097 -124.988235
v -23.846153 -2.223753 -124.988235
v -22.307692 -2.194417 -124.988235
v -20.769230 -2.166446 -124.988235
v -19.230770 -2.140153 -124.988235
v -17.692308 -2.115812 -124.988235
v -16.153847 -2.093646 -124.988235
v -14.615385 -2.073826 -124.988235
v -13.076923 -2.056469 -124.988235
v -11.538462 -2.041630 -124.988235
v -10.000000 -2.029305 -124.988235
v -8.461538 -2.019427 -124.988235
v -6.923077 -2.011867 -124.988235
v -5.384615 -2.006433 -124.988235
v -3.846154 -2.002874 -124.988235
v -2.307692 -2.000878 -124.988235
v -0.769231 -2.000079 -124.988235
v 0.769231 -2.000059 -124.988235
v 2.307692 -2.000343 -124.988235
v 3.846154 -2.000435 -124.988235
v 5.384615 -1.999850 -124.988235
v 6.923077 -1.998124 -124.988235
v 8.461538 -1.994822 -124.988235
v 10.000000 -1.989542 -124.988235
v 11.538462 -1.981925 -124.988235
v 13.076923 -1.971657 -124.988235
v 14.615385 -1.958477 -124.988235
v 16.153847 -1.942179 -124.988235
v 17.692308 -1.922615 -124.988235
v 19.230770 -1.899701 -124.988235
v 20.769230 -1.873414 -124.988235
v 22.307692 -1.843797 -124.988235
v 23.846153 -1.810957 -124.988235
v 25.384615 -1.775065 -124.988235
v 26.923077 -1.736353 -124.988235
v 28.461538 -1.695112 -124.988235
v 30.000000 -1.651690 -124.988235
v -30.000000 -2.371156 -126.494118
v -28.461538 -2.336827 -126.494118
v -26.923077 -2.302536 -126.494118
v -25.384615 -2.268727 -126.494118
v -23.846153 -2.235822 -126.494118
v -22.307692 -2.204207 -126.494118
v -20.769230 -2.174236 -126.494118
v -19.230770 -2.146217 -126.494118
v -17.692308 -2.120412 -126.494118
v -16.153847 -2.097030 -126.494118
v -14.615385 -2.076225 -126.494118
v -13.076923 -2.058091 -126.494118
v -11.538462 -2.042662 -126.494118
v -10.000000 -2.029910 -126.494118
v -8.461538 -2.019741 -126.494118
v -6.923077 -2.012000 -126.494118
v -5.384615 -2.006469 -126.494118
v -3.846154 -2.002870 -126.494118
v -2.307692 -2.000869 -126.494118
v -0.769231 -2.000077 -126.494118
v 0.769231 -2.000057 -126.494118
v 2.307692 -2.000317 -126.494118
v 3.846154 -2.000353 -126.494118
v 5.384615 -1.999672 -126.494118
v 6.923077 -1.997813 -126.494118
v 8.461538 -1.994343 -126.494118
v 10.000000 -1.988870 -126.494118
v 11.538462 -1.981047 -126.494118
v 13.076923 -1.970578 -126.494118
v 14.615385 -1.957221 -126.494118
v 16.153847 -1.940793 -126.494118
v 17.692308 -1.921171 -126.494118
v 19.230770 -1.898297 -126.494118
v 20.769230 -1.872177 -126.494118
v 22.307692 -1.842882 -126.494118
v 23.846153 -1.810548 -126.494118
v 25.384615 -1.775371 -126.494118
v 26.923077 -1.737611 -126.494118
v 28.461538 -1.697584 -126.494118
v 30.000000 -1.655660 -126.494118
v -30.000000 -2.392751 -128.000000
v -28.461538 -2.355189 -128.000000
v -26.923077 -2.317944 -128.000000
v -25.384615 -2.281469 -128.000000
v -23.846153 -2.246184 -128.000000
v -22.307692 -2.212478 -128.000000
v -20.769230 -2.180696 -128.000000
v -19.230770 -2.151135 -128.000000
v -17.692308 -2.124043 -128.000000
v -16.153847 -2.099612 -128.000000
v -14.615385 -2.077976 -128.000000
v -13.076923 -2.059206 -128.000000
v -11.538462 -2.043312 -128.000000
v -10.000000 -2.030238 -128.000000
v -8.461538 -2.019866 -128.000000
v -6.923077 -2.012013 -128.000000
v -5.384615 -2.006437 -128.000000
v -3.846154 -2.002835 -128.000000
v -2.307692 -2.000850 -128.000000
v -0.769231 -2.000075 -128.000000
v 0.769231 -2.000053 -128.000000
v 2.307692 -2.000285 -128.000000
v 3.846154 -2.000256 -128.000000
v 5.384615 -1.999476 -128.000000
v 6.923077 -1.997483 -128.000000
v 8.461538 -1.993855 -128.000000
v 10.000000 -1.988212 -128.000000
v 11.538462 -1.980222 -128.000000
v 13.076923 -1.969609 -128.000000
v 14.615385 -1.956152 -128.000000
v 16.153847 -1.939692 -128.000000
v 17.692308 -1.920135 -128.000000
v 19.230770 -1.897449 -128.000000
v 20.769230 -1.871667 -128.000000
v 22.307692 -1.842888 -128.000000
v 23.846153 -1.811276 -128.000000
v 25.384615 -1.777053 -128.000000
v 26.923077 -1.740502 -128.000000
v 28.461538 -1.701960 -128.000000
v 30.000000 -1.661817 -128.000000
v -30.000000 -2.411854 -129.505890
v -28.461538 -2.371236 -129.505890
v -26.923077 -2.331227 -129.505890
v -25.384615 -2.292283 -129.505890
v -23.846153 -2.254824 -129.505890
v -22.307692 -2.219230 -129.505890
v -20.769230 -2.185836 -129.505890
v -19.230770 -2.154927 -129.505890
v -17.692308 -2.126733 -129.505890
v -16.153847 -2.101425 -129.505890
v -14.615385 -2.079113 -129.505890
v -13.076923 -2.059846 -129.505890
v -11.538462 -2.043606 -129.505890
v -10.000000 -2.030312 -129.505890
v -8.461538 -2.019819 -129.505890
v -6.923077 -2.011920 -129.505890
v -5.384615 -2.006346 -129.505890
v -3.846154 -2.002773 -129.505890
v -2.307692 -2.000823 -129.505890
v -0.769231 -2.000071 -129.505890
v 0.769231 -2.000050 -129.505890
v 2.307692 -2.000248 -129.505890
v 3.846154 -2.000152 -129.505890
v 5.384615 -1.999272 -129.505890
v 6.923077 -1.997154 -129.505890
v 8.461538 -1.993387 -129.505890
v 10.000000 -1.987607 -129.505890
v 11.538462 -1.979500 -129.505890
v 13.076923 -1.968811 -129.505890
v 14.615385 -1.955344 -129.505890
v 16.153847 -1.938967 -129.505890
v 17.692308 -1.919609 -129.505890
v 19.230770 -1.897268 -129.505890
v 20.769230 -1.872005 -129.505890
v 22.307692 -1.843945 -129.505890
v 23.846153 -1.813276 -129.505890
v 25.384615 -1.780246 -129.505890
v 26.923077 -1.745159 -129.505890
v 28.461538 -1.708370 -129.505890
v 30.000000 -1.670282 -129.505890
v -30.000000 -2.428383 -131.011765
v -28.461538 -2.384913 -131.011765
v -26.923077 -2.342355 -131.011765
v -25.384615 -2.301162 -131.011765
v -23.846153 -2.261749 -131.011765
v -22.307692 -2.224485 -131.011765
v -20.769230 -2.189691 -131.011765
v -19.230770 -2.157634 -131.011765
v -17.692308 -2.128524 -131.011765
v -16.153847 -2.102509 -131.011765
v -14.615385 -2.079677 -131.011765
v -13.076923 -2.060047 -131.011765
v -11.538462 -2.043578 -131.011765
v -10.000000 -2.030161 -131.011765
v -8.461538 -2.019625 -131.011765
v -6.923077 -2.011737 -131.011765
v -5.384615 -2.006207 -131.011765
v -3.846154 -2.002689 -131.011765
v -2.307692 -2.000789 -131.011765
v -0.769231 -2.000067 -131.011765
v 0.769231 -2.000045 -131.011765
v 2.307692 -2.000210 -131.011765
v 3.846154 -2.000046 -131.011765
v 5.384615 -1.999072 -131.011765
v 6.923077 -1.996845 -131.011765
v 8.461538 -1.992968 -131.011765
v 10.000000 -1.987093 -131.011765
v 11.538462 -1.978930 -131.011765
v 13.076923 -1.968247 -131.011765
v 14.615385 -1.954872 -131.011765
v 16.153847 -1.938699 -131.011765
v 17.692308 -1.919686 -131.011765
v 19.230770 -1.897857 -131.011765
v 20.769230 -1.873299 -131.011765
v 22.307692 -1.846164 -131.011765
v 23.846153 -1.816663 -131.011765
v 25.384615 -1.785064 -131.011765
v 26.923077 -1.751689 -131.011765
v 28.461538 -1.716910 -131.011765
v 30.000000 -1.681140 -131.011765
v -30.000000 -2.442292 -132.517654
v -28.461538 -2.396203 -132.517654
v -26.923077 -2.351334 -132.517654
v -25.384615 -2.308130 -132.517654
v -23.846153 -2.266996 -132.517654
v -22.307692 -2.228289 -132.517654
v -20.769230 -2.192311 -132.517654
v -19.230770 -2.159310 -132.517654
v -17.692308 -2.129472 -132.517654
v -16.153847 -2.102921 -132.517654
v -14.615385 -2.079717 -132.517654
v -13.076923 -2.059856 -132.517654
v -11.538462 -2.043266 -132.517654
v -10.000000 -2.029815 -132.517654
v -8.461538 -2.019305 -132.517654
v -6.923077 -2.011481 -132.517654
v -5.384615 -2.006030 -132.517654
v -3.846154 -2.002590 -132.517654
v -2.307692 -2.000751 -132.517654
v -0.769231 -2.000063 -132.517654
v 0.769231 -2.000041 -132.517654
v 2.307692 -2.000171 -132.517654
v 3.846154 -1.999944 -132.517654
v 5.384615 -1.998889 -132.517654
v 6.923077 -1.996575 -132.517654
v 8.461538 -1.992623 -132.517654
v 10.000000 -1.986708 -132.517654
v 11.538462 -1.978560 -132.517654
v 13.076923 -1.967972 -132.517654
v 14.615385 -1.954800 -132.517654
v 16.153847 -1.938963 -132.517654
v 17.692308 -1.920448 -132.517654
v 19.230770 -1.899303 -132.517654
v 20.769230 -1.875643 -132.517654
v 22.307692 -1.849640 -132.517654
v 23.846153 -1.821527 -132.517654
v 25.384615 -1.791591 -132.517654
v 26.923077 -1.760170 -132.517654
v 28.461538 -1.727644 -132.517654
v 30.000000 -1.694436 -132.517654
v -30.000000 -2.453580 -134.023529
v -28.461538 -2.405126 -134.023529
v -26.923077 -2.358199 -134.023529
v -25.384615 -2.313236 -134.023529
v -23.846153 -2.270627 -134.023529
v -22.307692 -2.230711 -134.023529
v -20.769230 -2.193769 -134.023529
v -19.230770 -2.160027 -134.023529
v -17.692308 -2.129646 -134.023529
v -16.153847 -2.102723 -134.023529
v -14.615385 -2.079293 -134.023529
v -13.076923 -2.059321 -134.023529
v -11.538462 -2.042713 -134.023529
v -10.000000 -2.029308 -134.023529
v -8.461538 -2.018886 -134.023529
v -6.923077 -2.011169 -134.023529
v -5.384615 -2.005827 -134.023529
v -3.846154 -2.002481 -134.023529
v -2.307692 -2.000711 -134.023529
v -0.769231 -2.000058 -134.023529
v 0.769231 -2.000036 -134.023529
v 2.307692 -2.000135 -134.023529
v 3.846154 -1.999853 -134.023529
v 5.384615 -1.998733 -134.023529
v 6.923077 -1.996362 -134.023529
v 8.461538 -1.992381 -134.023529
v 10.000000 -1.986485 -134.023529
v 11.538462 -1.978432 -134.023529
v 13.076923 -1.968039 -134.023529
v 14.615385 -1.955189 -134.023529
v 16.153847 -1.939828 -134.023529
v 17.692308 -1.921968 -134.023529
v 19.230770 -1.901683 -134.023529
v 20.769230 -1.879111 -134.023529
v 22.307692 -1.854445 -134.023529
v 23.846153 -1.827936 -134.023529
v 25.384615 -1.799887 -134.023529
v 26.923077 -1.770645 -134.023529
v 28.461538 -1.740600 -134.023529
v 30.000000 -1.710176 -134.023529
v -30.000000 -2.462282 -135.529419
v -28.461538 -2.411736 -135.529419
v -26.923077 -2.363022 -135.529419
v -25.384615 -2.316562 -135.529419
v -23.846153 -2.272728 -135.529419
v -22.307692 -2.231839 -135.529419
v -20.769230 -2.194154 -135.529419
v -19.230770 -2.159871 -135.529419
v -17.692308 -2.129126 -135.529419
v -16.153847 -2.101990 -135.529419
v -14.615385 -2.078468 -135.529419
v -13.076923 -2.058500 -135.529419
v -11.538462 -2.041965 -135.529419
v -10.000000 -2.028677 -135.529419
v -8.461538 -2.018394 -135.529419
v -6.923077 -2.010821 -135.529419
v -5.384615 -2.005610 -135.529419
v -3.846154 -2.002369 -135.529419
v -2.307692 -2.000671 -135.529419
v -0.769231 -2.000054 -135.529419
v 0.769231 -2.000033 -135.529419
v 2.307692 -2.000103 -135.529419
v 3.846154 -1.999778 -135.529419
v 5.384615 -1.998616 -135.529419
v 6.923077 -1.996224 -135.529419
v 8.461538 -1.992265 -135.529419
v 10.000000 -1.986458 -135.529419
v 11.538462 -1.978586 -135.529419
v 13.076923 -1.968494 -135.529419
v 14.615385 -1.956091 -135.529419
v 16.153847 -1.941349 -135.529419
v 17.692308 -1.924305 -135.529419
v 19.230770 -1.905056 -135.529419
v 20.769230 -1.883760 -135.529419
v 22.307692 -1.860631 -135.529419
v 23.846153 -1.835934 -135.529419
v 25.384615 -1.809981 -135.529419
v 26.923077 -1.783129 -135.529419
v 28.461538 -1.755770 -135.529419
v 30.000000 -1.728326 -135.529419
v -30.000000 -2.468473 -137.035294
v -28.461538 -2.416123 -137.035294
v -26.923077 -2.365901 -137.035294
v -25.384615 -2.318212 -137.035294
v -23.846153 -2.273408 -137.035294
v -22.307692 -2.231782 -137.035294
v -20.769230 -2.193569 -137.035294
v -19.230770 -2.158940 -137.035294
v -17.692308 -2.128004 -137.035294
v -16.153847 -2.100803 -137.035294
v -14.615385 -2.077314 -137.035294
v -13.076923 -2.057452 -137.035294
v -11.538462 -2.041070 -137.035294
v -10.000000 -2.027960 -137.035294
v -8.461538 -2.017859 -137.035294
v -6.923077 -2.010456 -137.035294
v -5.384615 -2.005389 -137.035294
v -3.846154 -2.002260 -137.035294
v -2.307692 -2.000633 -137.035294
v -0.769231 -2.000050 -137.035294
v 0.769231 -2.000029 -137.035294
v 2.307692 -2.000078 -137.035294
v 3.846154 -1.999725 -137.035294
v 5.384615 -1.998548 -137.035294
v 6.923077 -1.996177 -137.035294
v 8.461538 -1.992296 -137.035294
v 10.000000 -1.986654 -137.035294
v 11.538462 -1.979057 -137.035294
v 13.076923 -1.969378 -137.035294
v 14.615385 -1.957550 -137.035294
v 16.153847 -1.943572 -137.035294
v 17.692308 -1.927504 -137.035294
v 19.230770 -1.909465 -137.035294
v 20.769230 -1.889630 -137.035294
v 22.307692 -1.868227 -137.035294
v 23.846153 -1.845535 -137.035294
v 25.384615 -1.821873 -137.035294
v 26.923077 -1.797600 -137.035294
v 28.461538 -1.773108 -137.035294
v 30.000000 -1.748812 -137.035294
v -30.000000 -2.472266 -138.541183
v -28.461538 -2.418409 -138.541183
v -26.923077 -2.366966 -138.541183
v -25.384615 -2.318319 -138.541183
v -23.846153 -2.272796 -138.541183
v -22.307692 -2.230665 -138.541183
v -20.769230 -2.192134 -138.541183
v -19.230770 -2.157346 -138.541183
v -17.692308 -2.126379 -138.541183
v -16.153847 -2.099249 -138.541183
v -14.615385 -2.075907 -138.541183
v -13.076923 -2.056241 -138.541183
v -11.538462 -2.040079 -138.541183
v -10.000000 -2.027195 -138.541183
v -8.461538 -2.017309 -138.541183
v -6.923077 -2.010093 -138.541183
v -5.384615 -2.005178 -138.541183
v -3.846154 -2.002159 -138.541183
v -2.307692 -2.000601 -138.541183
v -0.769231 -2.000047 -138.541183
v 0.769231 -2.000027 -138.541183
v 2.307692 -2.000062 -138.541183
v 3.846154 -1.999699 -138.541183
v 5.384615 -1.998539 -138.541183
v 6.923077 -1.996234 -138.541183
v 8.461538 -1.992496 -138.541183
v 10.000000 -1.987098 -138.541183
v 11.538462 -1.979874 -138.541183
v 13.076923 -1.970721 -138.541183
v 14.615385 -1.959600 -138.541183
v 16.153847 -1.946532 -138.541183
v 17.692308 -1.931598 -138.541183
v 19.230770 -1.914936 -138.541183
v 20.769230 -1.896736 -138.541183
v 22.307692 -1.877239 -138.541183
v 23.846153 -1.856730 -138.541183
v 25.384615 -1.835533 -138.541183
v 26.923077 -1.814006 -138.541183
v 28.461538 -1.792534 -138.541183
v 30.000000 -1.771524 -138.541183
v -30.000000 -2.473809 -140.047058
v -28.461538 -2.418750 -140.047058
v -26.923077 -2.366373 -140.047058
v -25.384615 -2.317036 -140.047058
v -23.846153 -2.271042 -140.047058
v -22.307692 -2.228631 -140.047058
v -20.769230 -2.189981 -140.047058
v -19.230770 -2.155206 -140.047058
v -17.692308 -2.124358 -140.047058
v -16.153847 -2.097422 -140.047058
v -14.615385 -2.074325 -140.047058
v -13.076923 -2.054930 -140.047058
v -11.538462 -2.039045 -140.047058
v -10.000000 -2.026424 -140.047058
v -8.461538 -2.016772 -140.047058
v -6.923077 -2.009753 -140.047058
v -5.384615 -2.004988 -140.047058
v -3.846154 -2.002073 -140.047058
v -2.307692 -2.000574 -140.047058
v -0.769231 -2.000045 -140.047058
v 0.769231 -2.000025 -140.047058
v 2.307692 -2.000056 -140.047058
v 3.846154 -1.999705 -140.047058
v 5.384615 -1.998597 -140.047058
v 6.923077 -1.996410 -140.047058
v 8.461538 -1.992881 -140.047058
v 10.000000 -1.987811 -140.047058
v 11.538462 -1.981060 -140.047058
v 13.076923 -1.972550 -140.047058
v 14.615385 -1.962267 -140.047058
v 16.153847 -1.950251 -140.047058
v 17.692308 -1.936604 -140.047058
v 19.230770 -1.921478 -140.047058
v 20.769230 -1.905077 -140.047058
v 22.307692 -1.887648 -140.047058
v 23.846153 -1.869482 -140.047058
v 25.384615 -1.850902 -140.047058
v 26.923077 -1.832260 -140.047058
v 28.461538 -1.813932 -140.047058
v 30.000000 -1.796311 -140.047058
v -30.000000 -2.473283 -141.552948
v -28.461538 -2.417326 -141.552948
v -26.923077 -2.364300 -141.552948
v -25.384615 -2.314538 -141.552948
v -23.846153 -2.268311 -141.552948
v -22.307692 -2.225832 -141.552948
v -20.769230 -2.187249 -141.552948
v -19.230770 -2.152648 -141.552948
v -17.692308 -2.122051 -141.552948
v -16.153847 -2.095418 -141.552948
v -14.615385 -2.072649 -141.552948
v -13.076923 -2.053586 -141.552948
v -11.538462 -2.038019 -141.552948
v -10.000000 -2.025684 -141.552948
v -8.461538 -2.016277 -141.552948
v -6.923077 -2.009452 -141.552948
v -5.384615 -2.004830 -141.552948
v -3.846154 -2.002007 -141.552948
v -2.307692 -2.000557 -141.552948
v -0.769231 -2.000043 -141.552948
v 0.769231 -2.000025 -141.552948
v 2.307692 -2.000062 -141.552948
v 3.846154 -1.999747 -141.552948
v 5.384615 -1.998729 -141.552948
v 6.923077 -1.996713 -141.552948
v 8.461538 -1.993465 -141.552948
v 10.000000 -1.988809 -141.552948
v 11.538462 -1.982632 -141.552948
v 13.076923 -1.974882 -141.552948
v 14.615385 -1.965563 -141.552948
v 16.153847 -1.954737 -141.552948
v 17.692308 -1.942521 -141.552948
v 19.230770 -1.929080 -141.552948
v 20.769230 -1.914627 -141.552948
v 22.307692 -1.899413 -141.552948
v 23.846153 -1.883728 -141.552948
v 25.384615 -1.867891 -141.552948
v 26.923077 -1.852246 -141.552948
v 28.461538 -1.837153 -141.552948
v 30.000000 -1.822988 -141.552948
v -30.000000 -2.470899 -143.058823
v -28.461538 -2.414346 -143.058823
v -26.923077 -2.360950 -143.058823
v -25.384615 -2.311013 -143.058823
v -23.846153 -2.264781 -143.058823
v -22.307692 -2.222433 -143.058823
v -20.769230 -2.184089 -143.058823
v -19.230770 -2.149805 -143.058823
v -17.692308 -2.119576 -143.058823
v -16.153847 -2.093335 -143.058823
v -14.615385 -2.070961 -143.058823
v -13.076923 -2.052276 -143.058823
v -11.538462 -2.037052 -143.058823
v -10.000000 -2.025015 -143.058823
v -8.461538 -2.015851 -143.058823
v -6.923077 -2.009210 -143.058823
v -5.384615 -2.004715 -143.058823
v -3.846154 -2.001966 -143.058823
v -2.307692 -2.000550 -143.058823
v -0.769231 -2.000044 -143.058823
v 0.769231 -2.000026 -143.058823
v 2.307692 -2.000081 -143.058823
v 3.846154 -1.999828 -143.058823
v 5.384615 -1.998942 -143.058823
v 6.923077 -1.997154 -143.058823
v 8.461538 -1.994257 -143.058823
v 10.000000 -1.990103 -143.058823
v 11.538462 -1.984602 -143.058823
v 13.076923 -1.977723 -143.058823
v 14.615385 -1.969492 -143.058823
v 16.153847 -1.959987 -143.058823
v 17.692308 -1.949337 -143.058823
v 19.230770 -1.937716 -143.058823
v 20.769230 -1.925342 -143.058823
v 22.307692 -1.912468 -143.058823
v 23.846153 -1.899379 -143.058823
v 25.384615 -1.886385 -143.058823
v 26.923077 -1.873817 -143.058823
v 28.461538 -1.862018 -143.058823
v 30.000000 -1.851339 -143.058823
v -30.000000 -2.466893 -144.564713
v -28.461538 -2.410037 -144.564713
v -26.923077 -2.356538 -144.564713
v -25.384615 -2.306669 -144.564713
v -23.846153 -2.260641 -144.564713
v -22.307692 -2.218606 -144.564713
v -20.769230 -2.180654 -144.564713
v -19.230770 -2.146811 -144.564713
v -17.692308 -2.117047 -144.564713
v -16.153847 -2.091272 -144.564713
v -14.615385 -2.069343 -144.564713
v -13.076923 -2.051064 -144.564713
v -11.538462 -2.036196 -144.564713
v -10.000000 -2.024454 -144.564713
v -8.461538 -2.015519 -144.564713
v -6.923077 -2.009043 -144.564713
v -5.384615 -2.004652 -144.564713
v -3.846154 -2.001956 -144.564713
v -2.307692 -2.000555 -144.564713
v -0.769231 -2.000045 -144.564713
v 0.769231 -2.000029 -144.564713
v 2.307692 -2.000115 -144.564713
v 3.846154 -1.999951 -144.564713
v 5.384615 -1.999239 -144.564713
v 6.923077 -1.997738 -144.564713
v 8.461538 -1.995266 -144.564713
v 10.000000 -1.991700 -144.564713
v 11.538462 -1.986973 -144.564713
v 13.076923 -1.981075 -144.564713
v 14.615385 -1.974048 -144.564713
v 16.153847 -1.965983 -144.564713
v 17.692308 -1.957021 -144.564713
v 19.230770 -1.947340 -144.564713
v 20.769230 -1.937159 -144.564713
v 22.307692 -1.926728 -144.564713
v 23.846153 -1.916323 -144.564713
v 25.384615 -1.906243 -144.564713
v 26.923077 -1.896799 -144.564713
v 28.461538 -1.888315 -144.564713
v 30.000000 -1.881116 -144.564713
v -30.000000 -2.461524 -146.070587
v -28.461538 -2.404647 -146.070587
v -26.923077 -2.351298 -146.070587
v -25.384615 -2.301718 -146.070587
v -23.846153 -2.256088 -146.070587
v -22.307692 -2.214528 -146.070587
v -20.769230 -2.177099 -146.070587
v -19.230770 -2.143802 -146.070587
v -17.692308 -2.114581 -146.070587
v -16.153847 -2.089324 -146.070587
v -14.615385 -2.067871 -146.070587
v -13.076923 -2.050012 -146.070587
v -11.538462 -2.035496 -146.070587
v -10.000000 -2.024035 -146.070587
v -8.461538 -2.015307 -146.070587
v -6.923077 -2.008967 -146.070587
v -5.384615 -2.004650 -146.070587
v -3.846154 -2.001980 -146.070587
v -2.307692 -2.000573 -146.070587
v -0.769231 -2.000048 -146.070587
v 0.769231 -2.000033 -146.070587
v 2.307692 -2.000165 -146.070587
v 3.846154 -2.000119 -146.070587
v 5.384615 -1.999624 -146.070587
v 6.923077 -1.998468 -146.070587
v 8.461538 -1.996493 -146.070587
v 10.000000 -1.993599 -146.070587
v 11.538462 -1.989742 -146.070587
v 13.076923 -1.984926 -146.070587
v 14.615385 -1.979211 -146.070587
v 16.153847 -1.972696 -146.070587
v 17.692308 -1.965528 -146.070587
v 19.230770 -1.957889 -146.070587
v 20.769230 -1.949993 -146.070587
v 22.307692 -1.942083 -146.070587
v 23.846153 -1.934424 -146.070587
v 25.384615 -1.927297 -146.070587
v 26.923077 -1.920994 -146.070587
v 28.461538 -1.915812 -146.070587
v 30.000000 -1.912048 -146.070587
v -30.000000 -2.455069 -147.576477
v -28.461538 -2.398436 -147.576477
v -26.923077 -2.345470 -147.576477
v -25.384615 -2.296382 -147.576477
v -23.846153 -2.251320 -147.576477
v -22.307692 -2.210376 -147.576477
v -20.769230 -2.173582 -147.576477
v -19.230770 -2.140913 -147.576477
v -17.692308 -2.112291 -147.576477
v -16.153847 -2.087587 -147.576477
v -14.615385 -2.066623 -147.576477
v -13.076923 -2.049180 -147.576477
v -11.538462 -2.034999 -147.576477
v -10.000000 -2.023790 -147.576477
v -8.461538 -2.015235 -147.576477
v -6.923077 -2.008995 -147.576477
v -5.384615 -2.004718 -147.576477
v -3.846154 -2.002042 -147.576477
v -2.307692 -2.000606 -147.576477
v -0.769231 -2.000053 -147.576477
v 0.769231 -2.000039 -147.576477
v 2.307692 -2.000232 -147.576477
v 3.846154 -2.000332 -147.576477
v 5.384615 -2.000099 -147.576477
v 6.923077 -1.999345 -147.576477
v 8.461538 -1.997938 -147.576477
v 10.000000 -1.995798 -147.576477
v 11.538462 -1.992898 -147.576477
v 13.076923 -1.989261 -147.576477
v 14.615385 -1.984953 -147.576477
v 16.153847 -1.980084 -147.576477
v 17.692308 -1.974801 -147.576477
v 19.230770 -1.969285 -147.576477
v 20.769230 -1.963743 -147.576477
v 22.307692 -1.958407 -147.576477
v 23.846153 -1.953526 -147.576477
v 25.384615 -1.949361 -147.576477
v 26.923077 -1.946179 -147.576477
v 28.461538 -1.944250 -147.576477
v 30.000000 -1.943839 -147.576477
v -30.000000 -2.447816 -149.082352
v -28.461538 -2.391672 -149.082352
v -26.923077 -2.339303 -149.082352
v -25.384615 -2.290886 -149.082352
v -23.846153 -2.246541 -149.082352
v -22.307692 -2.206328 -149.082352
v -20.769230 -2.170256 -149.082352
v -19.230770 -2.138275 -149.082352
v -17.692308 -2.110288 -149.082352
v -16.153847 -2.086149 -149.082352
v -14.615385 -2.065670 -149.082352
v -13.076923 -2.048622 -149.082352
v -11.538462 -2.034745 -149.082352
v -10.000000 -2.023749 -149.082352
v -8.461538 -2.015323 -149.082352
v -6.923077 -2.009139 -149.082352
v -5.384615 -2.004860 -149.082352
v -3.846154 -2.002145 -149.082352
v -2.307692 -2.000654 -149.082352
v -0.769231 -2.000060 -149.082352
v 0.769231 -2.000047 -149.082352
v 2.307692 -2.000314 -149.082352
v 3.846154 -2.000592 -149.082352
v 5.384615 -2.000664 -149.082352
v 6.923077 -2.000369 -149.082352
v 8.461538 -1.999596 -149.082352
v 10.000000 -1.998285 -149.082352
v 11.538462 -1.996426 -149.082352
v 13.076923 -1.994050 -149.082352
v 14.615385 -1.991235 -149.082352
v 16.153847 -1.988092 -149.082352
v 17.692308 -1.984766 -149.082352
v 19.230770 -1.981434 -149.082352
v 20.769230 -1.978291 -149.082352
v 22.307692 -1.975555 -149.082352
v 23.846153 -1.973455 -149.082352
v 25.384615 -1.972228 -149.082352
v 26.923077 -1.972116 -149.082352
v 28.461538 -1.973355 -149.082352
v 30.000000 -1.976177 -149.082352
v -30.000000 -2.440064 -150.588242
v -28.461538 -2.384631 -150.588242
v -26.923077 -2.333046 -150.588242
v -25.384615 -2.285455 -150.588242
v -23.846153 -2.241947 -150.588242
v -22.307692 -2.202557 -150.588242
v -20.769230 -2.167269 -150.588242
v -19.230770 -2.136012 -150.588242
v -17.692308 -2.108673 -150.588242
v -16.153847 -2.085093 -150.588242
v -14.615385 -2.065075 -150.588242
v -13.076923 -2.048387 -150.588242
v -11.538462 -2.034769 -150.588242
v -10.000000 -2.023936 -150.588242
v -8.461538 -2.015587 -150.588242
v -6.923077 -2.009409 -150.588242
v -5.384615 -2.005084 -150.588242
v -3.846154 -2.002291 -150.588242
v -2.307692 -2.000719 -150.588242
v -0.769231 -2.000069 -150.588242
v 0.769231 -2.000057 -150.588242
v 2.307692 -2.000414 -150.588242
v 3.846154 -2.000897 -150.588242
v 5.384615 -2.001317 -150.588242
v 6.923077 -2.001535 -150.588242
v 8.461538 -2.001459 -150.588242
v 10.000000 -2.001047 -150.588242
v 11.538462 -2.000301 -150.588242
v 13.076923 -1.999261 -150.588242
v 14.615385 -1.998008 -150.588242
v 16.153847 -1.996654 -150.588242
v 17.692308 -1.995339 -150.588242
v 19.230770 -1.994228 -150.588242
v 20.769230 -1.993504 -150.588242
v 22.307692 -1.993366 -150.588242
v 23.846153 -1.994020 -150.588242
v 25.384615 -1.995677 -150.588242
v 26.923077 -1.998547 -150.588242
v 28.461538 -2.002836 -150.588242
v 30.000000 -2.008738 -150.588242
v -30.000000 -2.432113 -152.094116
v -28.461538 -2.377586 -152.094116
v -26.923077 -2.326946 -152.094116
v -25.384615 -2.280306 -152.094116
v -23.846153 -2.237731 -152.094116
v -22.307692 -2.199229 -152.094116
v -20.769230 -2.164761 -152.094116
v -19.230770 -2.134242 -152.094116
v -17.692308 -2.107543 -152.094116
v -16.153847 -2.084496 -152.094116
v -14.615385 -2.064898 -152.094116
v -13.076923 -2.048519 -152.094116
v -11.538462 -2.035102 -152.094116
v -10.000000 -2.024372 -152.094116
v -8.461538 -2.016041 -152.094116
v -6.923077 -2.009813 -152.094116
v -5.384615 -2.005391 -152.094116
v -3.846154 -2.002481 -152.094116
v -2.307692 -2.000800 -152.094116
v -0.769231 -2.000079 -152.094116
v 0.769231 -2.000069 -152.094116
v 2.307692 -2.000530 -152.094116
v 3.846154 -2.001247 -152.094116
v 5.384615 -2.002055 -152.094116
v 6.923077 -2.002836 -152.094116
v 8.461538 -2.003515 -152.094116
v 10.000000 -2.004064 -152.094116
v 11.538462 -2.004494 -152.094116
v 13.076923 -2.004851 -152.094116
v 14.615385 -2.005216 -152.094116
v 16.153847 -2.005695 -152.094116
v 17.692308 -2.006422 -152.094116
v 19.230770 -2.007547 -152.094116
v 20.769230 -2.009237 -152.094116
v 22.307692 -2.011667 -152.094116
v 23.846153 -2.015018 -152.094116
v 25.384615 -2.019472 -152.094116
v 26.923077 -2.025207 -152.094116
v 28.461538 -2.032393 -152.094116
v 30.000000 -2.041188 -152.094116
v -30.000000 -2.424263 -153.600006
v -28.461538 -2.370808 -153.600006
v -26.923077 -2.321243 -153.600006
v -25.384615 -2.275653 -153.600006
v -23.846153 -2.234076 -153.600006
v -22.307692 -2.196499 -153.600006
v -20.769230 -2.162864 -153.600006
v -19.230770 -2.133072 -153.600006
v -17.692308 -2.106982 -153.600006
v -16.153847 -2.084423 -153.600006
v -14.615385 -2.065190 -153.600006
v -13.076923 -2.049055 -153.600006
v -11.538462 -2.035771 -153.600006
v -10.000000 -2.025074 -153.600006
v -8.461538 -2.016694 -153.600006
v -6.923077 -2.010355 -153.600006
v -5.384615 -2.005785 -153.600006
v -3.846154 -2.002717 -153.600006
v -2.307692 -2.000897 -153.600006
v -0.769231 -2.000091 -153.600006
v 0.769231 -2.000082 -153.600006
v 2.307692 -2.000662 -153.600006
v 3.846154 -2.001641 -153.600006
v 5.384615 -2.002874 -153.600006
v 6.923077 -2.004263 -153.600006
v 8.461538 -2.005748 -153.600006
v 10.000000 -2.007312 -153.600006
v 11.538462 -2.008970 -153.600006
v 13.076923 -2.010771 -153.600006
v 14.615385 -2.012791 -153.600006
v 16.153847 -2.015131 -153.600006
v 17.692308 -2.017910 -153.600006
v 19.230770 -2.021262 -153.600006
v 20.769230 -2.025333 -153.600006
v 22.307692 -2.030273 -153.600006
v 23.846153 -2.036235 -153.600006
v 25.384615 -2.043370 -153.600006
v 26.923077 -2.051820 -153.600006
v 28.461538 -2.061721 -153.600006
v 30.000000 -2.073192 -153.600006
v -30.000000 -2.416808 -155.105881
v -28.461538 -2.364558 -155.105881
v -26.923077 -2.316167 -155.105881
v -25.384615 -2.271694 -155.105881
v -23.846153 -2.231153 -155.105881
v -22.307692 -2.194511 -155.105881
v -20.769230 -2.161696 -155.105881
v -19.230770 -2.132596 -155.105881
v -17.692308 -2.107067 -155.105881
v -16.153847 -2.084932 -155.105881
v -14.615385 -2.065991 -155.105881
v -13.076923 -2.050024 -155.105881
v -11.538462 -2.036793 -155.105881
v -10.000000 -2.026053 -155.105881
v -8.461538 -2.017552 -155.105881
v -6.923077 -2.011038 -155.105881
v -5.384615 -2.006265 -155.105881
v -3.846154 -2.002997 -155.105881
v -2.307692 -2.001011 -155.105881
v -0.769231 -2.000105 -155.105881
v 0.769231 -2.000098 -155.105881
v 2.307692 -2.000809 -155.105881
v 3.846154 -2.002074 -155.105881
v 5.384615 -2.003767 -155.105881
v 6.923077 -2.005805 -155.105881
v 8.461538 -2.008140 -155.105881
v 10.000000 -2.010761 -155.105881
v 11.538462 -2.013687 -155.105881
v 13.076923 -2.016964 -155.105881
v 14.615385 -2.020661 -155.105881
v 16.153847 -2.024868 -155.105881
v 17.692308 -2.029687 -155.105881
v 19.230770 -2.035233 -155.105881
v 20.769230 -2.041627 -155.105881
v 22.307692 -2.048993 -155.105881
v 23.846153 -2.057451 -155.105881
v 25.384615 -2.067121 -155.105881
v 26.923077 -2.078109 -155.105881
v 28.461538 -2.090513 -155.105881
v 30.000000 -2.104416 -155.105881
v -30.000000 -2.410027 -156.611771
v -28.461538 -2.359085 -156.611771
v -26.923077 -2.311935 -156.611771
v -25.384615 -2.268615 -156.611771
v -23.846153 -2.229117 -156.611771
v -22.307692 -2.193394 -156.611771
v -20.769230 -2.161360 -156.611771
v -19.230770 -2.132898 -156.611771
v -17.692308 -2.107858 -156.611771
v -16.153847 -2.086069 -156.611771
v -14.615385 -2.067334 -156.611771
v -13.076923 -2.051446 -156.611771
v -11.538462 -2.038182 -156.611771
v -10.000000 -2.027315 -156.611771
v -8.461538 -2.018617 -156.611771
v -6.923077 -2.011862 -156.611771
v -5.384615 -2.006831 -156.611771
v -3.846154 -2.003321 -156.611771
v -2.307692 -2.001141 -156.611771
v -0.769231 -2.000121 -156.611771
v 0.769231 -2.000115 -156.611771
v 2.307692 -2.000971 -156.611771
v 3.846154 -2.002544 -156.611771
v 5.384615 -2.004727 -156.611771
v 6.923077 -2.007448 -156.611771
v 8.461538 -2.010669 -156.611771
v 10.000000 -2.014380 -156.611771
v 11.538462 -2.018601 -156.611771
v 13.076923 -2.023371 -156.611771
v 14.615385 -2.028748 -156.611771
v 16.153847 -2.034807 -156.611771
v 17.692308 -2.041633 -156.611771
v 19.230770 -2.049315 -156.611771
v 20.769230 -2.057950 -156.611771
v 22.307692 -2.067629 -156.611771
v 23.846153 -2.078443 -156.611771
v 25.384615 -2.090475 -156.611771
v 26.923077 -2.103796 -156.611771
v 28.461538 -2.118467 -156.611771
v 30.000000 -2.134532 -156.611771
v -30.000000 -2.404186 -158.117645
v -28.461538 -2.354618 -158.117645
v -26.923077 -2.308745 -158.117645
v -25.384615 -2.266583 -158.117645
v -23.846153 -2.228108 -158.117645
v -22.307692 -2.193260 -158.117645
v -20.769230 -2.161946 -158.117645
v -19.230770 -2.134043 -158.117645
v -17.692308 -2.109406 -158.117645
v -16.153847 -2.087867 -158.117645
v -14.615385 -2.069242 -158.117645
v -13.076923 -2.053335 -158.117645
v -11.538462 -2.039943 -158.117645
v -10.000000 -2.028862 -158.117645
v -8.461538 -2.019888 -158.117645
v -6.923077 -2.012824 -158.117645
v -5.384615 -2.007481 -158.117645
v -3.846154 -2.003687 -158.117645
v -2.307692 -2.001285 -158.117645
v -0.769231 -2.000139 -158.117645
v 0.769231 -2.000133 -158.117645
v 2.307692 -2.001145 -158.117645
v 3.846154 -2.003047 -158.117645
v 5.384615 -2.005745 -158.117645
v 6.923077 -2.009177 -158.117645
v 8.461538 -2.013309 -158.117645
v 10.000000 -2.018133 -158.117645
v 11.538462 -2.023661 -158.117645
v 13.076923 -2.029924 -158.117645
v 14.615385 -2.036967 -158.117645
v 16.153847 -2.044845 -158.117645
v 17.692308 -2.053621 -158.117645
v 19.230770 -2.063359 -158.117645
v 20.769230 -2.074126 -158.117645
v 22.307692 -2.085983 -158.117645
v 23.846153 -2.098986 -158.117645
v 25.384615 -2.113183 -158.117645
v 26.923077 -2.128608 -158.117645
v 28.461538 -2.145287 -158.117645
v 30.000000 -2.163226 -158.117645
v -30.000000 -2.399531 -159.623535
v -28.461538 -2.351369 -159.623535
v -26.923077 -2.306774 -159.623535
v -25.384615 -2.265744 -159.623535
v -23.846153 -2.228243 -159.623535
v -22.307692 -2.194202 -159.623535
v -20.769230 -2.163523 -159.623535
v -19.230770 -2.136085 -159.623535
v -17.692308 -2.111747 -159.623535
v -16.153847 -2.090350 -159.623535
v -14.615385 -2.071725 -159.623535
v -13.076923 -2.055694 -159.623535
v -11.538462 -2.042076 -159.623535
v -10.000000 -2.030690 -159.623535
v -8.461538 -2.021360 -159.623535
v -6.923077 -2.013919 -159.623535
v -5.384615 -2.008210 -159.623535
v -3.846154 -2.004092 -159.623535
v -2.307692 -2.001443 -159.623535
v -0.769231 -2.000157 -159.623535
v 0.769231 -2.000153 -159.623535
v 2.307692 -2.001330 -159.623535
v 3.846154 -2.003577 -159.623535
v 5.384615 -2.006811 -159.623535
v 6.923077 -2.010975 -159.623535
v 8.461538 -2.016036 -159.623535
v 10.000000 -2.021981 -159.623535
v 11.538462 -2.028815 -159.623535
v 13.076923 -2.036556 -159.623535
v 14.615385 -2.045231 -159.623535
v 16.153847 -2.054874 -159.623535
v 17.692308 -2.065523 -159.623535
v 19.230770 -2.077214 -159.623535
v 20.769230 -2.089983 -159.623535
v 22.307692 -2.103858 -159.623535
v 23.846153 -2.118860 -159.623535
v 25.384615 -2.135002 -159.623535
v 26.923077 -2.152284 -159.623535
v 28.461538 -2.170691 -159.623535
v 30.000000 -2.190199 -159.623535
v -30.000000 -2.396281 -161.129410
v -28.461538 -2.349522 -161.129410
v -26.923077 -2.306174 -161.129410
v -25.384615 -2.266222 -161.129410
v -23.846153 -2.229619 -161.129410
v -22.307692 -2.196292 -161.129410
v -20.769230 -2.166143 -161.129410
v -19.230770 -2.139057 -161.129410
v -17.692308 -2.114899 -161.129410
v -16.153847 -2.093526 -161.129410
v -14.615385 -2.074785 -161.129410
v -13.076923 -2.058519 -161.129410
v -11.538462 -2.044572 -161.129410
v -10.000000 -2.032789 -161.129410
v -8.461538 -2.023024 -161.129410
v -6.923077 -2.015139 -161.129410
v -5.384615 -2.009012 -161.129410
v -3.846154 -2.004534 -161.129410
v -2.307692 -2.001613 -161.129410
v -0.769231 -2.000178 -161.129410
v 0.769231 -2.000174 -161.129410
v 2.307692 -2.001525 -161.129410
v 3.846154 -2.004131 -161.129410
v 5.384615 -2.007915 -161.129410
v 6.923077 -2.012822 -161.129410
v 8.461538 -2.018818 -161.129410
v 10.000000 -2.025883 -161.129410
v 11.538462 -2.034008 -161.129410
v 13.076923 -2.043194 -161.129410
v 14.615385 -2.053450 -161.129410
v 16.153847 -2.064784 -161.129410
v 17.692308 -2.077208 -161.129410
v 19.230770 -2.090728 -161.129410
v 20.769230 -2.105346 -161.129410
v 22.307692 -2.121058 -161.129410
v 23.846153 -2.137851 -161.129410
v 25.384615 -2.155700 -161.129410
v 26.923077 -2.174571 -161.129410
v 28.461538 -2.194415 -161.129410
v 30.000000 -2.215174 -161.129410
v -30.000000 -2.394628 -162.635300
v -28.461538 -2.349235 -162.635300
v -26.923077 -2.307072 -162.635300
v -25.384615 -2.268113 -162.635300
v -23.846153 -2.232308 -162.635300
v -22.307692 -2.199581 -162.635300
v -20.769230 -2.169840 -162.635300
v -19.230770 -2.142976 -162.635300
v -17.692308 -2.118870 -162.635300
v -16.153847 -2.097393 -162.635300
v -14.615385 -2.078413 -162.635300
v -13.076923 -2.061798 -162.635300
v -11.538462 -2.047416 -162.635300
v -10.000000 -2.035145 -162.635300
v -8.461538 -2.024866 -162.635300
v -6.923077 -2.016476 -162.635300
v -5.384615 -2.009881 -162.635300
v -3.846154 -2.005008 -162.635300
v -2.307692 -2.001794 -162.635300
v -0.769231 -2.000199 -162.635300
v 0.769231 -2.000196 -162.635300
v 2.307692 -2.001727 -162.635300
v 3.846154 -2.004701 -162.635300
v 5.384615 -2.009044 -162.635300
v 6.923077 -2.014700 -162.635300
v 8.461538 -2.021628 -162.635300
v 10.000000 -2.029796 -162.635300
v 11.538462 -2.039181 -162.635300
v 13.076923 -2.049765 -162.635300
v 14.615385 -2.061533 -162.635300
v 16.153847 -2.074466 -162.635300
v 17.692308 -2.088547 -162.635300
v 19.230770 -2.103752 -162.635300
v 20.769230 -2.120049 -162.635300
v 22.307692 -2.137399 -162.635300
v 23.846153 -2.155754 -162.635300
v 25.384615 -2.175056 -162.635300
v 26.923077 -2.195236 -162.635300
v 28.461538 -2.216213 -162.635300
v 30.000000 -2.237899 -162.635300
v -30.000000 -2.394732 -164.141174
v -28.461538 -2.350635 -164.141174
v -26.923077 -2.309565 -164.141174
v -25.384615 -2.271490 -164.141174
v -23.846153 -2.236358 -164.141174
v -22.307692 -2.204098 -164.141174
v -20.769230 -2.174624 -164.141174
v -19.230770 -2.147842 -164.141174
v -17.692308 -2.123647 -164.141174
v -16.153847 -2.101932 -164.141174
v -14.615385 -2.082587 -164.141174
v -13.076923 -2.065507 -164.141174
v -11.538462 -2.050589 -164.141174
v -10.000000 -2.037739 -164.141174
v -8.461538 -2.026872 -164.141174
v -6.923077 -2.017915 -164.141174
v -5.384615 -2.010809 -164.141174
v -3.846154 -2.005509 -164.141174
v -2.307692 -2.001984 -164.141174
v -0.769231 -2.000221 -164.141174
v 0.769231 -2.000219 -164.141174
v 2.307692 -2.001935 -164.141174
v 3.846154 -2.005281 -164.141174
v 5.384615 -2.010186 -164.141174
v 6.923077 -2.016587 -164.141174
v 8.461538 -2.024432 -164.141174
v 10.000000 -2.033677 -164.141174
v 11.538462 -2.044278 -164.141174
v 13.076923 -2.056196 -164.141174
v 14.615385 -2.069389 -164.141174
v 16.153847 -2.083812 -164.141174
v 17.692308 -2.099416 -164.141174
v 19.230770 -2.116143 -164.141174
v 20.769230 -2.133929 -164.141174
v 22.307692 -2.152701 -164.141174
v 23.846153 -2.172378 -164.141174
v 25.384615 -2.192866 -164.141174
v 26.923077 -2.214065 -164.141174
v 28.461538 -2.235866 -164.141174
v 30.000000 -2.258150 -164.141174
v -30.000000 -2.396719 -165.647064
v -28.461538 -2.353817 -165.647064
v -26.923077 -2.313720 -165.647064
v -25.384615 -2.276394 -165.647064
v -23.846153 -2.241791 -165.647064
v -22.307692 -2.209847 -165.647064
v -20.769230 -2.180489 -165.647064
v -19.230770 -2.153637 -165.647064
v -17.692308 -2.129207 -165.647064
v -16.153847 -2.107115 -165.647064
v -14.615385 -2.087278 -165.647064
v -13.076923 -2.069617 -165.647064
v -11.538462 -2.054061 -165.647064
v -10.000000 -2.040547 -165.647064
v -8.461538 -2.029021 -165.647064
v -6.923077 -2.019444 -165.647064
v -5.384615 -2.011785 -165.647064
v -3.846154 -2.006032 -165.647064
v -2.307692 -2.002181 -165.647064
v -0.769231 -2.000243 -165.647064
v 0.769231 -2.000242 -165.647064
v 2.307692 -2.002145 -165.647064
v 3.846154 -2.005866 -165.647064
v 5.384615 -2.011329 -165.647064
v 6.923077 -2.018462 -165.647064
v 8.461538 -2.027200 -165.647064
v 10.000000 -2.037481 -165.647064
v 11.538462 -2.049241 -165.647064
v 13.076923 -2.062414 -165.647064
v 14.615385 -2.076931 -165.647064
v 16.153847 -2.092718 -165.647064
v 17.692308 -2.109692 -165.647064
v 19.230770 -2.127764 -165.647064
v 20.769230 -2.146836 -165.647064
v 22.307692 -2.166802 -165.647064
v 23.846153 -2.187546 -165.647064
v 25.384615 -2.208946 -165.647064
v 26.923077 -2.230870 -165.647064
v 28.461538 -2.253181 -165.647064
v 30.000000 -2.275737 -165.647064
v -30.000000 -2.400681 -167.152939
v -28.461538 -2.358842 -167.152939
v -26.923077 -2.319572 -167.152939
v -25.384615 -2.282840 -167.152939
v -23.846153 -2.248603 -167.152939
v -22.307692 -2.216810 -167.152939
v -20.769230 -2.187404 -167.152939
v -19.230770 -2.160324 -167.152939
v -17.692308 -2.135509 -167.152939
v -16.153847 -2.112901 -167.152939
v -14.615385 -2.092444 -167.152939
v -13.076923 -2.074091 -167.152939
v -11.538462 -2.057800 -167.152939
v -10.000000 -2.043541 -167.152939
v -8.461538 -2.031292 -167.152939
v -6.923077 -2.021045 -167.152939
v -5.384615 -2.012800 -167.152939
v -3.846154 -2.006571 -167.152939
v -2.307692 -2.002382 -167.152939
v -0.769231 -2.000267 -167.152939
v 0.769231 -2.000266 -167.152939
v 2.307692 -2.002356 -167.152939
v 3.846154 -2.006448 -167.152939
v 5.384615 -2.012459 -167.152939
v 6.923077 -2.020303 -167.152939
v 8.461538 -2.029900 -167.152939
v 10.000000 -2.041166 -167.152939
v 11.538462 -2.054012 -167.152939
v 13.076923 -2.068347 -167.152939
v 14.615385 -2.084073 -167.152939
v 16.153847 -2.101082 -167.152939
v 17.692308 -2.119261 -167.152939
v 19.230770 -2.138487 -167.152939
v 20.769230 -2.158630 -167.152939
v 22.307692 -2.179550 -167.152939
v 23.846153 -2.201102 -167.152939
v 25.384615 -2.223133 -167.152939
v 26.923077 -2.245485 -167.152939
v 28.461538 -2.267997 -167.152939
v 30.000000 -2.290505 -167.152939
v -30.000000 -2.406667 -168.658829
v -28.461538 -2.365735 -168.658829
v -26.923077 -2.327124 -168.658829
v -25.384615 -2.290810 -168.658829
v -23.846153 -2.256763 -168.658829
v -22.307692 -2.224945 -168.658829
v -20.769230 -2.195320 -168.658829
v -19.230770 -2.167850 -168.658829
v -17.692308 -2.142499 -168.658829
v -16.153847 -2.119236 -168.658829
v -14.615385 -2.098036 -168.658829
v -13.076923 -2.078883 -168.658829
v -11.538462 -2.061767 -168.658829
v -10.000000 -2.046689 -168.658829
v -8.461538 -2.033660 -168.658829
v -6.923077 -2.022701 -168.658829
v -5.384615 -2.013842 -168.658829
v -3.846154 -2.007121 -168.658829
v -2.307692 -2.002586 -168.658829
v -0.769231 -2.000290 -168.658829
v 0.769231 -2.000289 -168.658829
v 2.307692 -2.002564 -168.658829
v 3.846154 -2.007021 -168.658829
v 5.384615 -2.013562 -168.658829
v 6.923077 -2.022089 -168.658829
v 8.461538 -2.032500 -168.658829
v 10.000000 -2.044687 -168.658829
v 11.538462 -2.058537 -168.658829
v 13.076923 -2.073928 -168.658829
v 14.615385 -2.090732 -168.658829
v 16.153847 -2.108811 -168.658829
v 17.692308 -2.128017 -168.658829
v 19.230770 -2.148196 -168.658829
v 20.769230 -2.169185 -168.658829
v 22.307692 -2.190814 -168.658829
v 23.846153 -2.212909 -168.658829
v 25.384615 -2.235290 -168.658829
v 26.923077 -2.257776 -168.658829
v 28.461538 -2.280184 -168.658829
v 30.000000 -2.302336 -168.658829
v -30.000000 -2.414692 -170.164703
v -28.461538 -2.374485 -170.164703
v -26.923077 -2.336346 -170.164703
v -25.384615 -2.300261 -170.164703
v -23.846153 -2.266214 -170.164703
v -22.307692 -2.234189 -170.164703
v -20.769230 -2.204170 -170.164703
v -19.230770 -2.176146 -170.164703
v -17.692308 -2.150108 -170.164703
v -16.153847 -2.126055 -170.164703
v -14.615385 -2.103995 -170.164703
v -13.076923 -2.083941 -170.164703
v -11.538462 -2.065917 -170.164703
v -10.000000 -2.049956 -170.164703
v -8.461538 -2.036098 -170.164703
v -6.923077 -2.024394 -170.164703
v -5.384615 -2.014898 -170.164703
v -3.846154 -2.007674 -170.164703
v -2.307692 -2.002789 -170.164703
v -0.769231 -2.000313 -170.164703
v 0.769231 -2.000312 -170.164703
v 2.307692 -2.002769 -170.164703
v 3.846154 -2.007578 -170.164703
v 5.384615 -2.014627 -170.164703
v 6.923077 -2.023799 -170.164703
v 8.461538 -2.034970 -170.164703
v 10.000000 -2.048005 -170.164703
v 11.538462 -2.062763 -170.164703
v 13.076923 -2.079093 -170.164703
v 14.615385 -2.096835 -170.164703
v 16.153847 -2.115819 -170.164703
v 17.692308 -2.135864 -170.164703
v 19.230770 -2.156786 -170.164703
v 20.769230 -2.178391 -170.164703
v 22.307692 -2.200481 -170.164703
v 23.846153 -2.222853 -170.164703
v 25.384615 -2.245306 -170.164703
v 26.923077 -2.267638 -170.164703
v 28.461538 -2.289650 -170.164703
v 30.000000 -2.311150 -170.164703
v -30.000000 -2.424729 -171.670593
v -28.461538 -2.385047 -171.670593
v -26.923077 -2.347176 -171.670593
v -25.384615 -2.311117 -171.670593
v -23.846153 -2.276875 -171.670593
v -22.307692 -2.244455 -171.670593
v -20.769230 -2.213866 -171.670593
v -19.230770 -2.185126 -171.670593
v -17.692308 -2.158255 -171.670593
v -16.153847 -2.133285 -171.670593
v -14.615385 -2.110254 -171.670593
v -13.076923 -2.089208 -171.670593
v -11.538462 -2.070204 -171.670593
v -10.000000 -2.053304 -171.670593
v -8.461538 -2.038578 -171.670593
v -6.923077 -2.026102 -171.670593
v -5.384615 -2.015957 -171.670593
v -3.846154 -2.008225 -171.670593
v -2.307692 -2.002990 -171.670593
v -0.769231 -2.000335 -171.670593
v 0.769231 -2.000335 -171.670593
v 2.307692 -2.002966 -171.670593
v 3.846154 -2.008112 -171.670593
v 5.384615 -2.015640 -171.670593
v 6.923077 -2.025413 -171.670593
v 8.461538 -2.037279 -171.670593
v 10.000000 -2.051079 -171.670593
v 11.538462 -2.066641 -171.670593
v 13.076923 -2.083783 -171.670593
v 14.615385 -2.102312 -171.670593
v 16.153847 -2.122028 -171.670593
v 17.692308 -2.142719 -171.670593
v 19.230770 -2.164169 -171.670593
v 20.769230 -2.186156 -171.670593
v 22.307692 -2.208457 -171.670593
v 23.846153 -2.230845 -171.670593
v 25.384615 -2.253098 -171.670593
v 26.923077 -2.274999 -171.670593
v 28.461538 -2.296336 -171.670593
v 30.000000 -2.316910 -171.670593
v -30.000000 -2.436713 -173.176468
v -28.461538 -2.397339 -173.176468
v -26.923077 -2.359520 -173.176468
v -25.384615 -2.323279 -173.176468
v -23.846153 -2.288640 -173.176468
v -22.307692 -2.255636 -173.176468
v -20.769230 -2.224304 -173.176468
v -19.230770 -2.194691 -173.176468
v -17.692308 -2.166849 -173.176468
v -16.153847 -2.140842 -173.176468
v -14.615385 -2.116740 -173.176468
v -13.076923 -2.094623 -173.176468
v -11.538462 -2.074576 -173.176468
v -10.000000 -2.056692 -173.176468
v -8.461538 -2.041069 -173.176468
v -6.923077 -2.027806 -173.176468
v -5.384615 -2.017005 -173.176468
v -3.846154 -2.008766 -173.176468
v -2.307692 -2.003187 -173.176468
v -0.769231 -2.000357 -173.176468
v 0.769231 -2.000356 -173.176468
v 2.307692 -2.003154 -173.176468
v 3.846154 -2.008616 -173.176468
v 5.384615 -2.016590 -173.176468
v 6.923077 -2.026911 -173.176468
v 8.461538 -2.039402 -173.176468
v 10.000000 -2.053875 -173.176468
v 11.538462 -2.070127 -173.176468
v 13.076923 -2.087944 -173.176468
v 14.615385 -2.107103 -173.176468
v 16.153847 -2.127371 -173.176468
v 17.692308 -2.148508 -173.176468
v 19.230770 -2.170269 -173.176468
v 20.769230 -2.192406 -173.176468
v 22.307692 -2.214671 -173.176468
v 23.846153 -2.236820 -173.176468
v 25.384615 -2.258614 -173.176468
v 26.923077 -2.279821 -173.176468
v 28.461538 -2.300223 -173.176468
v 30.000000 -2.319616 -173.176468
v -30.000000 -2.450541 -174.682358
v -28.461538 -2.411245 -174.682358
v -26.923077 -2.373256 -174.682358
v -25.384615 -2.336618 -174.682358
v -23.846153 -2.301382 -174.682358
v -22.307692 -2.267609 -174.682358
v -20.769230 -2.235365 -174.682358
v -19.230770 -2.204729 -174.682358
v -17.692308 -2.175787 -174.682358
v -16.153847 -2.148635 -174.682358
v -14.615385 -2.123375 -174.682358
v -13.076923 -2.100117 -174.682358
v -11.538462 -2.078979 -174.682358
v -10.000000 -2.060079 -174.682358
v -8.461538 -2.043540 -174.682358
v -6.923077 -2.029484 -174.682358
v -5.384615 -2.018029 -174.682358
v -3.846154 -2.009291 -174.682358
v -2.307692 -2.003376 -174.682358
v -0.769231 -2.000378 -174.682358
v 0.769231 -2.000376 -174.682358
v 2.307692 -2.003331 -174.682358
v 3.846154 -2.009085 -174.682358
v 5.384615 -2.017463 -174.682358
v 6.923077 -2.028274 -174.682358
v 8.461538 -2.041313 -174.682358
v 10.000000 -2.056359 -174.682358
v 11.538462 -2.073179 -174.682358
v 13.076923 -2.091530 -174.682358
v 14.615385 -2.111155 -174.682358
v 16.153847 -2.131793 -174.682358
v 17.692308 -2.153174 -174.682358
v 19.230770 -2.175029 -174.682358
v 20.769230 -2.197087 -174.682358
v 22.307692 -2.219078 -174.682358
v 23.846153 -2.240743 -174.682358
v 25.384615 -2.261829 -174.682358
v 26.923077 -2.282097 -174.682358
v 28.461538 -2.301326 -174.682358
v 30.000000 -2.319312 -174.682358
v -30.000000 -2.466072 -176.188232
v -28.461538 -2.426617 -176.188232
v -26.923077 -2.388231 -176.188232
v -25.384615 -2.350982 -176.188232
v -23.846153 -2.314952 -176.188232
v -22.307692 -2.280229 -176.188232
v -20.769230 -2.246915 -176.188232
v -19.230770 -2.215119 -176.188232
v -17.692308 -2.184960 -176.188232
v -16.153847 -2.156567 -176.188232
v -14.615385 -2.130075 -176.188232
v -13.076923 -2.105623 -176.188232
v -11.538462 -2.083357 -176.188232
v -10.000000 -2.063421 -176.188232
v -8.461538 -2.045960 -176.188232
v -6.923077 -2.031114 -176.188232
v -5.384615 -2.019017 -176.188232
v -3.846154 -2.009793 -176.188232
v -2.307692 -2.003555 -176.188232
v -0.769231 -2.000398 -176.188232
v 0.769231 -2.000396 -176.188232
v 2.307692 -2.003494 -176.188232
v 3.846154 -2.009513 -176.188232
v 5.384615 -2.018250 -176.188232
v 6.923077 -2.029488 -176.188232
v 8.461538 -2.042989 -176.188232
v 10.000000 -2.058503 -176.188232
v 11.538462 -2.075765 -176.188232
v 13.076923 -2.094501 -176.188232
v 14.615385 -2.114426 -176.188232
v 16.153847 -2.135248 -176.188232
v 17.692308 -2.156675 -176.188232
v 19.230770 -2.178411 -176.188232
v 20.769230 -2.200165 -176.188232
v 22.307692 -2.221654 -176.188232
v 23.846153 -2.242602 -176.188232
v 25.384615 -2.262751 -176.188232
v 26.923077 -2.281857 -176.188232
v 28.461538 -2.299700 -176.188232
v 30.000000 -2.316081 -176.188232
v -30.000000 -2.483133 -177.694122
v -28.461538 -2.443278 -177.694122
v -26.923077 -2.404267 -177.694122
v -25.384615 -2.366198 -177.694122
v -23.846153 -2.329182 -177.694122
v -22.307692 -2.293342 -177.694122
v -20.769230 -2.258809 -177.694122
v -19.230770 -2.225727 -177.694122
v -17.692308 -2.194250 -177.694122
v -16.153847 -2.164537 -177.694122
v -14.615385 -2.136754 -177.694122
v -13.076923 -2.111069 -177.694122
v -11.538462 -2.087654 -177.694122
v -10.000000 -2.066675 -177.694122
v -8.461538 -2.048297 -177.694122
v -6.923077 -2.032676 -177.694122
v -5.384615 -2.019955 -177.694122
v -3.846154 -2.010266 -177.694122
v -2.307692 -2.003722 -177.694122
v -0.769231 -2.000416 -177.694122
v 0.769231 -2.000413 -177.694122
v 2.307692 -2.003641 -177.694122
v 3.846154 -2.009894 -177.694122
v 5.384615 -2.018942 -177.694122
v 6.923077 -2.030536 -177.694122
v 8.461538 -2.044410 -177.694122
v 10.000000 -2.060282 -177.694122
v 11.538462 -2.077856 -177.694122
v 13.076923 -2.096827 -177.694122
v 14.615385 -2.116883 -177.694122
v 16.153847 -2.137707 -177.694122
v 17.692308 -2.158982 -177.694122
v 19.230770 -2.180392 -177.694122
v 20.769230 -2.201630 -177.694122
v 22.307692 -2.222399 -177.694122
v 23.846153 -2.242417 -177.694122
v 25.384615 -2.261419 -177.694122
v 26.923077 -2.279163 -177.694122
v 28.461538 -2.295433 -177.694122
v 30.000000 -2.310041 -177.694122
v -30.000000 -2.501516 -179.199997
v -28.461538 -2.461022 -179.199997
v -26.923077 -2.421164 -179.199997
v -25.384615 -2.382073 -179.199997
v -23.846153 -2.343892 -179.199997
v -22.307692 -2.306776 -179.199997
v -20.769230 -2.270892 -179.199997
v -19.230770 -2.236416 -179.199997
v -17.692308 -2.203535 -179.199997
v -16.153847 -2.172440 -179.199997
v -14.615385 -2.143324 -179.199997
v -13.076923 -2.116384 -179.199997
v -11.538462 -2.091813 -179.199997
v -10.000000 -2.069799 -179.199997
v -8.461538 -2.050522 -179.199997
v -6.923077 -2.034148 -179.199997
v -5.384615 -2.020831 -179.199997
v -3.846154 -2.010702 -179.199997
v -2.307692 -2.003874 -179.199997
v -0.769231 -2.000432 -179.199997
v 0.769231 -2.000428 -179.199997
v 2.307692 -2.003770 -179.199997
v 3.846154 -2.010224 -179.199997
v 5.384615 -2.019530 -179.199997
v 6.923077 -2.031408 -179.199997
v 8.461538 -2.045561 -179.199997
v 10.000000 -2.061676 -179.199997
v 11.538462 -2.079428 -179.199997
v 13.076923 -2.098485 -179.199997
v 14.615385 -2.118505 -179.199997
v 16.153847 -2.139151 -179.199997
v 17.692308 -2.160083 -179.199997
v 19.230770 -2.180969 -179.199997
v 20.769230 -2.201490 -179.199997
v 22.307692 -2.221340 -179.199997
v 23.846153 -2.240231 -179.199997
v 25.384615 -2.257899 -179.199997
v 26.923077 -2.274108 -179.199997
v 28.461538 -2.288650 -179.199997
v 30.000000 -2.301352 -179.199997
v -30.000000 -2.520988 -180.705887
v -28.461538 -2.479619 -180.705887
v -26.923077 -2.438702 -180.705887
v -25.384615 -2.398398 -180.705887
v -23.846153 -2.358886 -180.705887
v -22.307692 -2.320353 -180.705887
v -20.769230 -2.283002 -180.705887
v -19.230770 -2.247042 -180.705887
v -17.692308 -2.212691 -180.705887
v -16.153847 -2.180168 -180.705887
v -14.615385 -2.149697 -180.705887
v -13.076923 -2.121495 -180.705887
v -11.538462 -2.095778 -180.705887
v -10.000000 -2.072750 -180.705887
v -8.461538 -2.052603 -180.705887
v -6.923077 -2.035512 -180.705887
v -5.384615 -2.021633 -180.705887
v -3.846154 -2.011098 -180.705887
v -2.307692 -2.004011 -180.705887
v -0.769231 -2.000447 -180.705887
v 0.769231 -2.000442 -180.705887
v 2.307692 -2.003880 -180.705887
v 3.846154 -2.010498 -180.705887
v 5.384615 -2.020006 -180.705887
v 6.923077 -2.032092 -180.705887
v 8.461538 -2.046428 -180.705887
v 10.000000 -2.062671 -180.705887
v 11.538462 -2.080468 -180.705887
v 13.076923 -2.099459 -180.705887
v 14.615385 -2.119282 -180.705887
v 16.153847 -2.139574 -180.705887
v 17.692308 -2.159981 -180.705887
v 19.230770 -2.180159 -180.705887
v 20.769230 -2.199776 -180.705887
v 22.307692 -2.218524 -180.705887
v 23.846153 -2.236114 -180.705887
v 25.384615 -2.252287 -180.705887
v 26.923077 -2.266816 -180.705887
v 28.461538 -2.279506 -180.705887
v 30.000000 -2.290203 -180.705887
v -30.000000 -2.541287 -182.211761
v -28.461538 -2.498819 -182.211761
v -26.923077 -2.456642 -182.211761
v -25.384615 -2.414951 -182.211761
v -23.846153 -2.373958 -182.211761
v -22.307692 -2.333888 -182.211761
v -20.769230 -2.294974 -182.211761
v -19.230770 -2.257459 -182.211761
v -17.692308 -2.221591 -182.211761
v -16.153847 -2.187617 -182.211761
v -14.615385 -2.155784 -182.211761
v -13.076923 -2.126333 -182.211761
v -11.538462 -2.099495 -182.211761
v -10.000000 -2.075488 -182.211761
v -8.461538 -2.054513 -182.211761
v -6.923077 -2.036749 -182.211761
v -5.384615 -2.022352 -182.211761
v -3.846154 -2.011447 -182.211761
v -2.307692 -2.004129 -182.211761
v -0.769231 -2.000459 -182.211761
v 0.769231 -2.000453 -182.211761
v 2.307692 -2.003969 -182.211761
v 3.846154 -2.010714 -182.211761
v 5.384615 -2.020365 -182.211761
v 6.923077 -2.032581 -182.211761
v 8.461538 -2.047002 -182.211761
v 10.000000 -2.063257 -182.211761
v 11.538462 -2.080967 -182.211761
v 13.076923 -2.099746 -182.211761
v 14.615385 -2.119212 -182.211761
v 16.153847 -2.138985 -182.211761
v 17.692308 -2.158697 -182.211761
v 19.230770 -2.177994 -182.211761
v 20.769230 -2.196540 -182.211761
v 22.307692 -2.214024 -182.211761
v 23.846153 -2.230163 -182.211761
v 25.384615 -2.244707 -182.211761
v 26.923077 -2.257440 -182.211761
v 28.461538 -2.268188 -182.211761
v 30.000000 -2.276815 -182.211761
v -30.000000 -2.562133 -183.717651
v -28.461538 -2.518356 -183.717651
v -26.923077 -2.474734 -183.717651
v -25.384615 -2.431499 -183.717651
v -23.846153 -2.388898 -183.717651
v -22.307692 -2.347188 -183.717651
v -20.769230 -2.306638 -183.717651
v -19.230770 -2.267520 -183.717651
v -17.692308 -2.230110 -183.717651
v -16.153847 -2.194680 -183.717651
v -14.615385 -2.161500 -183.717651
v -13.076923 -2.130829 -183.717651
v -11.538462 -2.102912 -183.717651
v -10.000000 -2.077975 -183.717651
v -8.461538 -2.056226 -183.717651
v -6.923077 -2.037843 -183.717651
v -5.384615 -2.022977 -183.717651
v -3.846154 -2.011745 -183.717651
v -2.307692 -2.004228 -183.717651
v -0.769231 -2.000469 -183.717651
v 0.769231 -2.000462 -183.717651
v 2.307692 -2.004036 -183.717651
v 3.846154 -2.010868 -183.717651
v 5.384615 -2.020603 -183.717651
v 6.923077 -2.032869 -183.717651
v 8.461538 -2.047278 -183.717651
v 10.000000 -2.063431 -183.717651
v 11.538462 -2.080923 -183.717651
v 13.076923 -2.099350 -183.717651
v 14.615385 -2.118309 -183.717651
v 16.153847 -2.137407 -183.717651
v 17.692308 -2.156266 -183.717651
v 19.230770 -2.174526 -183.717651
v 20.769230 -2.191851 -183.717651
v 22.307692 -2.207933 -183.717651
v 23.846153 -2.222497 -183.717651
v 25.384615 -2.235306 -183.717651
v 26.923077 -2.246161 -183.717651
v 28.461538 -2.254908 -183.717651
v 30.000000 -2.261439 -183.717651
v -30.000000 -2.583228 -185.223526
v -28.461538 -2.537948 -185.223526
v -26.923077 -2.492718 -185.223526
v -25.384615 -2.447805 -185.223526
v -23.846153 -2.403490 -185.223526
v -22.307692 -2.360065 -185.223526
v -20.769230 -2.317828 -185.223526
v -19.230770 -2.277081 -185.223526
v -17.692308 -2.238126 -185.223526
v -16.153847 -2.201258 -185.223526
v -14.615385 -2.166765 -185.223526
v -13.076923 -2.134921 -185.223526
v -11.538462 -2.105980 -185.223526
v -10.000000 -2.080176 -185.223526
v -8.461538 -2.057716 -185.223526
v -6.923077 -2.038776 -185.223526
v -5.384615 -2.023499 -185.223526
v -3.846154 -2.011987 -185.223526
v -2.307692 -2.004306 -185.223526
v -0.769231 -2.000477 -185.223526
v 0.769231 -2.000468 -185.223526
v 2.307692 -2.004081 -185.223526
v 3.846154 -2.010960 -185.223526
v 5.384615 -2.020718 -185.223526
v 6.923077 -2.032955 -185.223526
v 8.461538 -2.047254 -185.223526
v 10.000000 -2.063192 -185.223526
v 11.538462 -2.080343 -185.223526
v 13.076923 -2.098282 -185.223526
v 14.615385 -2.116594 -185.223526
v 16.153847 -2.134873 -185.223526
v 17.692308 -2.152737 -185.223526
v 19.230770 -2.169823 -185.223526
v 20.769230 -2.185799 -185.223526
v 22.307692 -2.200364 -185.223526
v 23.846153 -2.213256 -185.223526
v 25.384615 -2.224253 -185.223526
v 26.923077 -2.233179 -185.223526
v 28.461538 -2.239902 -185.223526
v 30.000000 -2.244344 -185.223526
v -30.000000 -2.604261 -186.729416
v -28.461538 -2.557309 -186.729416
v -26.923077 -2.510330 -186.729416
v -25.384615 -2.463629 -186.729416
v -23.846153 -2.417520 -186.729416
v -22.307692 -2.372327 -186.729416
v -20.769230 -2.328378 -186.729416
v -19.230770 -2.286001 -186.729416
v -17.692308 -2.245521 -186.729416
v -16.153847 -2.207253 -186.729416
v -14.615385 -2.171500 -186.729416
v -13.076923 -2.138547 -186.729416
v -11.538462 -2.108655 -186.729416
v -10.000000 -2.082059 -186.729416
v -8.461538 -2.058964 -186.729416
v -6.923077 -2.039538 -186.729416
v -5.384615 -2.023911 -186.729416
v -3.846154 -2.012171 -186.729416
v -2.307692 -2.004362 -186.729416
v -0.769231 -2.000482 -186.729416
v 0.769231 -2.000472 -186.729416
v 2.307692 -2.004103 -186.729416
v 3.846154 -2.010987 -186.729416
v 5.384615 -2.020708 -186.729416
v 6.923077 -2.032837 -186.729416
v 8.461538 -2.046933 -186.729416
v 10.000000 -2.062549 -186.729416
v 11.538462 -2.079240 -186.729416
v 13.076923 -2.096566 -186.729416
v 14.615385 -2.114100 -186.729416
v 16.153847 -2.131432 -186.729416
v 17.692308 -2.148175 -186.729416
v 19.230770 -2.163970 -186.729416
v 20.769230 -2.178491 -186.729416
v 22.307692 -2.191450 -186.729416
v 23.846153 -2.202600 -186.729416
v 25.384615 -2.211740 -186.729416
v 26.923077 -2.218717 -186.729416
v 28.461538 -2.223428 -186.729416
v 30.000000 -2.225823 -186.729416
v -30.000000 -2.624917 -188.235291
v -28.461538 -2.576145 -188.235291
v -26.923077 -2.527304 -188.235291
v -25.384615 -2.478733 -188.235291
v -23.846153 -2.430777 -188.235291
v -22.307692 -2.383790 -188.235291
v -20.769230 -2.338130 -188.235291
v -19.230770 -2.294146 -188.235291
v -17.692308 -2.252184 -188.235291
v -16.153847 -2.212576 -188.235291
v -14.615385 -2.175636 -188.235291
v -13.076923 -2.141655 -188.235291
v -11.538462 -2.110898 -188.235291
v -10.000000 -2.083597 -188.235291
v -8.461538 -2.059950 -188.235291
v -6.923077 -2.040115 -188.235291
v -5.384615 -2.024207 -188.235291
v -3.846154 -2.012293 -188.235291
v -2.307692 -2.004395 -188.235291
v -0.769231 -2.000484 -188.235291
v 0.769231 -2.000473 -188.235291
v 2.307692 -2.004101 -188.235291
v 3.846154 -2.010950 -188.235291
v 5.384615 -2.020575 -188.235291
v 6.923077 -2.032520 -188.235291
v 8.461538 -2.046321 -188.235291
v 10.000000 -2.061512 -188.235291
v 11.538462 -2.077632 -188.235291
v 13.076923 -2.094230 -188.235291
v 14.615385 -2.110870 -188.235291
v 16.153847 -2.127141 -188.235291
v 17.692308 -2.142656 -188.235291
v 19.230770 -2.157064 -188.235291
v 20.769230 -2.170049 -188.235291
v 22.307692 -2.181339 -188.235291
v 23.846153 -2.190707 -188.235291
v 25.384615 -2.197973 -188.235291
v 26.923077 -2.203014 -188.235291
v 28.461538 -2.205755 -188.235291
v 30.000000 -2.206180 -188.235291
v -30.000000 -2.644875 -189.741180
v -28.461538 -2.594166 -189.741180
v -26.923077 -2.543378 -189.741180
v -25.384615 -2.492882 -189.741180
v -23.846153 -2.443054 -189.741180
v -22.307692 -2.394278 -189.741180
v -20.769230 -2.346933 -189.741180
v -19.230770 -2.301391 -189.741180
v -17.692308 -2.258014 -189.741180
v -16.153847 -2.217146 -189.741180
v -14.615385 -2.179108 -189.741180
v -13.076923 -2.144196 -189.741180
v -11.538462 -2.112673 -189.741180
v -10.000000 -2.084766 -189.741180
v -8.461538 -2.060660 -189.741180
v -6.923077 -2.040501 -189.741180
v -5.384615 -2.024383 -189.741180
v -3.846154 -2.012352 -189.741180
v -2.307692 -2.004405 -189.741180
v -0.769231 -2.000484 -189.741180
v 0.769231 -2.000471 -189.741180
v 2.307692 -2.004076 -189.741180
v 3.846154 -2.010849 -189.741180
v 5.384615 -2.020320 -189.741180
v 6.923077 -2.032008 -189.741180
v 8.461538 -2.045429 -189.741180
v 10.000000 -2.060100 -189.741180
v 11.538462 -2.075548 -189.741180
v 13.076923 -2.091313 -189.741180
v 14.615385 -2.106957 -189.741180
v 16.153847 -2.122069 -189.741180
v 17.692308 -2.136269 -189.741180
v 19.230770 -2.149216 -189.741180
v 20.769230 -2.160609 -189.741180
v 22.307692 -2.170193 -189.741180
v 23.846153 -2.177766 -189.741180
v 25.384615 -2.183174 -189.741180
v 26.923077 -2.186321 -189.741180
v 28.461538 -2.187168 -189.741180
v 30.000000 -2.185730 -189.741180
v -30.000000 -2.663819 -191.247055
v -28.461538 -2.611087 -191.247055
v -26.923077 -2.558297 -191.247055
v -25.384615 -2.505852 -191.247055
v -23.846153 -2.454159 -191.247055
v -22.307692 -2.403623 -191.247055
v -20.769230 -2.354647 -191.247055
v -19.230770 -2.307620 -191.247055
v -17.692308 -2.262916 -191.247055
v -16.153847 -2.220888 -191.247055
v -14.615385 -2.181862 -191.247055
v -13.076923 -2.146131 -191.247055
v -11.538462 -2.113953 -191.247055
v -10.000000 -2.085546 -191.247055
v -8.461538 -2.061083 -191.247055
v -6.923077 -2.040688 -191.247055
v -5.384615 -2.024435 -191.247055
v -3.846154 -2.012347 -191.247055
v -2.307692 -2.004392 -191.247055
v -0.769231 -2.000481 -191.247055
v 0.769231 -2.000467 -191.247055
v 2.307692 -2.004028 -191.247055
v 3.846154 -2.010686 -191.247055
v 5.384615 -2.019947 -191.247055
v 6.923077 -2.031309 -191.247055
v 8.461538 -2.044270 -191.247055
v 10.000000 -2.058333 -191.247055
v 11.538462 -2.073018 -191.247055
v 13.076923 -2.087860 -191.247055
v 14.615385 -2.102421 -191.247055
v 16.153847 -2.116296 -191.247055
v 17.692308 -2.129115 -191.247055
v 19.230770 -2.140549 -191.247055
v 20.769230 -2.150317 -191.247055
v 22.307692 -2.158187 -191.247055
v 23.846153 -2.163980 -191.247055
v 25.384615 -2.167572 -191.247055
v 26.923077 -2.168900 -191.247055
v 28.461538 -2.167955 -191.247055
v 30.000000 -2.164790 -191.247055
v -30.000000 -2.681441 -192.752945
v -28.461538 -2.626630 -192.752945
v -26.923077 -2.571816 -192.752945
v -25.384615 -2.517432 -192.752945
v -23.846153 -2.463908 -192.752945
v -22.307692 -2.411673 -192.752945
v -20.769230 -2.361146 -192.752945
v -19.230770 -2.312731 -192.752945
v -17.692308 -2.266810 -192.752945
v -16.153847 -2.223742 -192.752945
v -14.615385 -2.183850 -192.752945
v -13.076923 -2.147426 -192.752945
v -11.538462 -2.114716 -192.752945
v -10.000000 -2.085926 -192.752945
v -8.461538 -2.061210 -192.752945
v -6.923077 -2.040672 -192.752945
v -5.384615 -2.024364 -192.752945
v -3.846154 -2.012278 -192.752945
v -2.307692 -2.004355 -192.752945
v -0.769231 -2.000475 -192.752945
v 0.769231 -2.000461 -192.752945
v 2.307692 -2.003957 -192.752945
v 3.846154 -2.010464 -192.752945
v 5.384615 -2.019462 -192.752945
v 6.923077 -2.030433 -192.752945
v 8.461538 -2.042861 -192.752945
v 10.000000 -2.056239 -192.752945
v 11.538462 -2.070081 -192.752945
v 13.076923 -2.083923 -192.752945
v 14.615385 -2.097331 -192.752945
v 16.153847 -2.109909 -192.752945
v 17.692308 -2.121300 -192.752945
v 19.230770 -2.131194 -192.752945
v 20.769230 -2.139330 -192.752945
v 22.307692 -2.145501 -192.752945
v 23.846153 -2.149557 -192.752945
v 25.384615 -2.151406 -192.752945
v 26.923077 -2.151014 -192.752945
v 28.461538 -2.148410 -192.752945
v 30.000000 -2.143681 -192.752945
v -30.000000 -2.697443 -194.258820
v -28.461538 -2.640534 -194.258820
v -26.923077 -2.583709 -194.258820
v -25.384615 -2.527424 -194.258820
v -23.846153 -2.472135 -194.258820
v -22.307692 -2.418288 -194.258820
v -20.769230 -2.366317 -194.258820
v -19.230770 -2.316634 -194.258820
v -17.692308 -2.269628 -194.258820
v -16.153847 -2.225655 -194.258820
v -14.615385 -2.185037 -194.258820
v -13.076923 -2.148056 -194.258820
v -11.538462 -2.114946 -194.258820
v -10.000000 -2.085895 -194.258820
v -8.461538 -2.061038 -194.258820
v -6.923077 -2.040454 -194.258820
v -5.384615 -2.024168 -194.258820
v -3.846154 -2.012146 -194.258820
v -2.307692 -2.004295 -194.258820
v -0.769231 -2.000468 -194.258820
v 0.769231 -2.000451 -194.258820
v 2.307692 -2.003865 -194.258820
v 3.846154 -2.010185 -194.258820
v 5.384615 -2.018872 -194.258820
v 6.923077 -2.029394 -194.258820
v 8.461538 -2.041222 -194.258820
v 10.000000 -2.053847 -194.258820
v 11.538462 -2.066779 -194.258820
v 13.076923 -2.079559 -194.258820
v 14.615385 -2.091762 -194.258820
v 16.153847 -2.103003 -194.258820
v 17.692308 -2.112942 -194.258820
v 19.230770 -2.121290 -194.258820
v 20.769230 -2.127811 -194.258820
v 22.307692 -2.132326 -194.258820
v 23.846153 -2.134713 -194.258820
v 25.384615 -2.134914 -194.258820
v 26.923077 -2.132930 -194.258820
v 28.461538 -2.128822 -194.258820
v 30.000000 -2.122715 -194.258820
v -30.000000 -2.711547 -195.764709
v -28.461538 -2.652555 -195.764709
v -26.923077 -2.593764 -195.764709
v -25.384615 -2.535652 -195.764709
v -23.846153 -2.478694 -195.764709
v -22.307692 -2.423350 -195.764709
v -20.769230 -2.370065 -195.764709
v -19.230770 -2.319256 -195.764709
v -17.692308 -2.271313 -195.764709
v -16.153847 -2.226589 -195.764709
v -14.615385 -2.185397 -195.764709
v -13.076923 -2.148006 -195.764709
v -11.538462 -2.114635 -195.764709
v -10.000000 -2.085451 -195.764709
v -8.461538 -2.060566 -195.764709
v -6.923077 -2.040034 -195.764709
v -5.384615 -2.023850 -195.764709
v -3.846154 -2.011951 -195.764709
v -2.307692 -2.004214 -195.764709
v -0.769231 -2.000457 -195.764709
v 0.769231 -2.000440 -195.764709
v 2.307692 -2.003754 -195.764709
v 3.846154 -2.009853 -195.764709
v 5.384615 -2.018185 -195.764709
v 6.923077 -2.028205 -195.764709
v 8.461538 -2.039377 -195.764709
v 10.000000 -2.051191 -195.764709
v 11.538462 -2.063160 -195.764709
v 13.076923 -2.074832 -195.764709
v 14.615385 -2.085793 -195.764709
v 16.153847 -2.095675 -195.764709
v 17.692308 -2.104160 -195.764709
v 19.230770 -2.110980 -195.764709
v 20.769230 -2.115927 -195.764709
v 22.307692 -2.118850 -195.764709
v 23.846153 -2.119663 -195.764709
v 25.384615 -2.118336 -195.764709
v 26.923077 -2.114908 -195.764709
v 28.461538 -2.109475 -195.764709
v 30.000000 -2.102194 -195.764709
v -30.000000 -2.723496 -197.270584
v -28.461538 -2.662473 -197.270584
v -26.923077 -2.601795 -197.270584
v -25.384615 -2.541959 -197.270584
v -23.846153 -2.483456 -197.270584
v -22.307692 -2.426758 -197.270584
v -20.769230 -2.372312 -197.270584
v -19.230770 -2.320539 -197.270584
v -17.692308 -2.271826 -197.270584
v -16.153847 -2.226517 -197.270584
v -14.615385 -2.184914 -197.270584
v -13.076923 -2.147269 -197.270584
v -11.538462 -2.113782 -197.270584
v -10.000000 -2.084597 -197.270584
v -8.461538 -2.059799 -197.270584
v -6.923077 -2.039417 -197.270584
v -5.384615 -2.023414 -197.270584
v -3.846154 -2.011696 -197.270584
v -2.307692 -2.004111 -197.270584
v -0.769231 -2.000444 -197.270584
v 0.769231 -2.000426 -197.270584
v 2.307692 -2.003623 -197.270584
v 3.846154 -2.009473 -197.270584
v 5.384615 -2.017411 -197.270584
v 6.923077 -2.026882 -197.270584
v 8.461538 -2.037352 -197.270584
v 10.000000 -2.048310 -197.270584
v 11.538462 -2.059275 -197.270584
v 13.076923 -2.069808 -197.270584
v 14.615385 -2.079509 -197.270584
v 16.153847 -2.088032 -197.270584
v 17.692308 -2.095078 -197.270584
v 19.230770 -2.100409 -197.270584
v 20.769230 -2.103845 -197.270584
v 22.307692 -2.105267 -197.270584
v 23.846153 -2.104618 -197.270584
v 25.384615 -2.101907 -197.270584
v 26.923077 -2.097204 -197.270584
v 28.461538 -2.090640 -197.270584
v 30.000000 -2.082406 -197.270584
v -30.000000 -2.733059 -198.776474
v -28.461538 -2.670092 -198.776474
v -26.923077 -2.607639 -198.776474
v -25.384615 -2.546215 -198.776474
v -23.846153 -2.486319 -198.776474
v -22.307692 -2.428431 -198.776474
v -20.769230 -2.373000 -198.776474
v -19.230770 -2.320444 -198.776474
v -17.692308 -2.271142 -198.776474
v -16.153847 -2.225426 -198.776474
v -14.615385 -2.183583 -198.776474
v -13.076923 -2.145846 -198.776474
v -11.538462 -2.112392 -198.776474
v -10.000000 -2.083339 -198.776474
v -8.461538 -2.058746 -198.776474
v -6.923077 -2.038609 -198.776474
v -5.384615 -2.022864 -198.776474
v -3.846154 -2.011385 -198.776474
v -2.307692 -2.003988 -198.776474
v -0.769231 -2.000430 -198.776474
v 0.769231 -2.000411 -198.776474
v 2.307692 -2.003476 -198.776474
v 3.846154 -2.009050 -198.776474
v 5.384615 -2.016558 -198.776474
v 6.923077 -2.025445 -198.776474
v 8.461538 -2.035174 -198.776474
v 10.000000 -2.045241 -198.776474
v 11.538462 -2.055177 -198.776474
v 13.076923 -2.064555 -198.776474
v 14.615385 -2.072998 -198.776474
v 16.153847 -2.080177 -198.776474
v 17.692308 -2.085824 -198.776474
v 19.230770 -2.089725 -198.776474
v 20.769230 -2.091734 -198.776474
v 22.307692 -2.091762 -198.776474
v 23.846153 -2.089788 -198.776474
v 25.384615 -2.085852 -198.776474
v 26.923077 -2.080059 -198.776474
v 28.461538 -2.072574 -198.776474
v 30.000000 -2.063618 -198.776474
v -30.000000 -2.740034 -200.282349
v -28.461538 -2.675244 -200.282349
v -26.923077 -2.611161 -200.282349
v -25.384615 -2.548312 -200.282349
v -23.846153 -2.487203 -200.282349
v -22.307692 -2.428313 -200.282349
v -20.769230 -2.372092 -200.282349
v -19.230770 -2.318949 -200.282349
v -17.692308 -2.269251 -200.282349
v -16.153847 -2.223317 -200.282349
v -14.615385 -2.181413 -200.282349
v -13.076923 -2.143749 -200.282349
v -11.538462 -2.110478 -200.282349
v -10.000000 -2.081691 -200.282349
v -8.461538 -2.057416 -200.282349
v -6.923077 -2.037620 -200.282349
v -5.384615 -2.022207 -200.282349
v -3.846154 -2.011021 -200.282349
v -2.307692 -2.003847 -200.282349
v -0.769231 -2.000413 -200.282349
v 0.769231 -2.000393 -200.282349
v 2.307692 -2.003314 -200.282349
v 3.846154 -2.008589 -200.282349
v 5.384615 -2.015640 -200.282349
v 6.923077 -2.023912 -200.282349
v 8.461538 -2.032872 -200.282349
v 10.000000 -2.042027 -200.282349
v 11.538462 -2.050921 -200.282349
v 13.076923 -2.059146 -200.282349
v 14.615385 -2.066346 -200.282349
v 16.153847 -2.072219 -200.282349
v 17.692308 -2.076521 -200.282349
v 19.230770 -2.079073 -200.282349
v 20.769230 -2.079757 -200.282349
v 22.307692 -2.078519 -200.282349
v 23.846153 -2.075370 -200.282349
v 25.384615 -2.070385 -200.282349
v 26.923077 -2.063701 -200.282349
v 28.461538 -2.055514 -200.282349
v 30.000000 -2.046076 -200.282349
v -30.000000 -2.744252 -201.788239
v -28.461538 -2.677795 -201.788239
v -26.923077 -2.612258 -201.788239
v -25.384615 -2.548175 -201.788239
v -23.846153 -2.486053 -201.788239
v -22.307692 -2.426372 -201.788239
v -20.769230 -2.369571 -201.788239
v -19.230770 -2.316050 -201.788239
v -17.692308 -2.266161 -201.788239
v -16.153847 -2.220203 -201.788239
v -14.615385 -2.178420 -201.788239
v -13.076923 -2.140998 -201.788239
v -11.538462 -2.108061 -201.788239
v -10.000000 -2.079671 -201.788239
v -8.461538 -2.055826 -201.788239
v -6.923077 -2.036462 -201.788239
v -5.384615 -2.021452 -201.788239
v -3.846154 -2.010609 -201.788239
v -2.307692 -2.003689 -201.788239
v -0.769231 -2.000395 -201.788239
v 0.769231 -2.000374 -201.788239
v 2.307692 -2.003138 -201.788239
v 3.846154 -2.008096 -201.788239
v 5.384615 -2.014669 -201.788239
v 6.923077 -2.022303 -201.788239
v 8.461538 -2.030477 -201.788239
v 10.000000 -2.038710 -201.788239
v 11.538462 -2.046564 -201.788239
v 13.076923 -2.053653 -201.788239
v 14.615385 -2.059643 -201.788239
v 16.153847 -2.064261 -201.788239
v 17.692308 -2.067294 -201.788239
v 19.230770 -2.068593 -201.788239
v 20.769230 -2.068071 -201.788239
v 22.307692 -2.065710 -201.788239
v 23.846153 -2.061553 -201.788239
v 25.384615 -2.055706 -201.788239
v 26.923077 -2.048338 -201.788239
v 28.461538 -2.039675 -201.788239
v 30.000000 -2.029994 -201.788239
v -30.000000 -2.745579 -203.294113
v -28.461538 -2.677643 -203.294113
v -26.923077 -2.610857 -203.294113
v -25.384615 -2.545755 -203.294113
v -23.846153 -2.482844 -203.294113
v -22.307692 -2.422596 -203.294113
v -20.769230 -2.365441 -203.294113
v -19.230770 -2.311763 -203.294113
v -17.692308 -2.261894 -203.294113
v -16.153847 -2.216111 -203.294113
v -14.615385 -2.174634 -203.294113
v -13.076923 -2.137620 -203.294113
v -11.538462 -2.105166 -203.294113
v -10.000000 -2.077302 -203.294113
v -8.461538 -2.053994 -203.294113
v -6.923077 -2.035149 -203.294113
v -5.384615 -2.020607 -203.294113
v -3.846154 -2.010154 -203.294113
v -2.307692 -2.003517 -203.294113
v -0.769231 -2.000375 -203.294113
v 0.769231 -2.000353 -203.294113
v 2.307692 -2.002953 -203.294113
v 3.846154 -2.007579 -203.294113
v 5.384615 -2.013656 -203.294113
v 6.923077 -2.020639 -203.294113
v 8.461538 -2.028020 -203.294113
v 10.000000 -2.035334 -203.294113
v 11.538462 -2.042164 -203.294113
v 13.076923 -2.048146 -203.294113
v 14.615385 -2.052976 -203.294113
v 16.153847 -2.056409 -203.294113
v 17.692308 -2.058262 -203.294113
v 19.230770 -2.058419 -203.294113
v 20.769230 -2.056826 -203.294113
v 22.307692 -2.053497 -203.294113
v 23.846153 -2.048507 -203.294113
v 25.384615 -2.041995 -203.294113
v 26.923077 -2.034156 -203.294113
v 28.461538 -2.025244 -203.294113
v 30.000000 -2.015560 -203.294113
v -30.000000 -2.743920 -204.800003
v -28.461538 -2.674722 -204.800003
v -26.923077 -2.606916 -204.800003
v -25.384615 -2.541034 -204.800003
v -23.846153 -2.477576 -204.800003
v -22.307692 -2.417002 -204.800003
v -20.769230 -2.359729 -204.800003
v -19.230770 -2.306120 -204.800003
v -17.692308 -2.256486 -204.800003
v -16.153847 -2.211080 -204.800003
v -14.615385 -2.170093 -204.800003
v -13.076923 -2.133653 -204.800003
v -11.538462 -2.101826 -204.800003
v -10.000000 -2.074610 -204.800003
v -8.461538 -2.051942 -204.800003
v -6.923077 -2.033695 -204.800003
v -5.384615 -2.019683 -204.800003
v -3.846154 -2.009661 -204.800003
v -2.307692 -2.003333 -204.800003
v -0.769231 -2.000353 -204.800003
v 0.769231 -2.000332 -204.800003
v 2.307692 -2.002759 -204.800003
v 3.846154 -2.007042 -204.800003
v 5.384615 -2.012614 -204.800003
v 6.923077 -2.018942 -204.800003
v 8.461538 -2.025533 -204.800003
v 10.000000 -2.031941 -204.800003
v 11.538462 -2.037775 -204.800003
v 13.076923 -2.042697 -204.800003
v 14.615385 -2.046430 -204.800003
v 16.153847 -2.048760 -204.800003
v 17.692308 -2.049537 -204.800003
v 19.230770 -2.048676 -204.800003
v 20.769230 -2.046158 -204.800003
v 22.307692 -2.042027 -204.800003
v 23.846153 -2.036388 -204.800003
v 25.384615 -2.029410 -204.800003
v 26.923077 -2.021315 -204.800003
v 28.461538 -2.012379 -204.800003
v 30.000000 -2.002925 -204.800003
v -30.000000 -2.739218 -206.305878
v -28.461538 -2.669003 -206.305878
v -26.923077 -2.600430 -206.305878
v -25.384615 -2.534024 -206.305878
v -23.846153 -2.470275 -206.305878
v -22.307692 -2.409629 -206.305878
v -20.769230 -2.352481 -206.305878
v -19.230770 -2.299174 -206.305878
v -17.692308 -2.249993 -206.305878
v -16.153847 -2.205163 -206.305878
v -14.615385 -2.164847 -206.305878
v -13.076923 -2.129141 -206.305878
v -11.538462 -2.098078 -206.305878
v -10.000000 -2.071628 -206.305878
v -8.461538 -2.049694 -206.305878
v -6.923077 -2.032120 -206.305878
v -5.384615 -2.018691 -206.305878
v -3.846154 -2.009137 -206.305878
v -2.307692 -2.003138 -206.305878
v -0.769231 -2.000331 -206.305878
v 0.769231 -2.000309 -206.305878
v 2.307692 -2.002559 -206.305878
v 3.846154 -2.006494 -206.305878
v 5.384615 -2.011558 -206.305878
v 6.923077 -2.017233 -206.305878
v 8.461538 -2.023046 -206.305878
v 10.000000 -2.028575 -206.305878
v 11.538462 -2.033453 -206.305878
v 13.076923 -2.037371 -206.305878
v 14.615385 -2.040084 -206.305878
v 16.153847 -2.041407 -206.305878
v 17.692308 -2.041224 -206.305878
v 19.230770 -2.039482 -206.305878
v 20.769230 -2.036193 -206.305878
v 22.307692 -2.031431 -206.305878
v 23.846153 -2.025332 -206.305878
v 25.384615 -2.018090 -206.305878
v 26.923077 -2.009950 -206.305878
v 28.461538 -2.001209 -206.305878
v 30.000000 -1.992206 -206.305878
v -30.000000 -2.731457 -207.811768
v -28.461538 -2.660494 -207.811768
v -26.923077 -2.591425 -207.811768
v -25.384615 -2.524769 -207.811768
v -23.846153 -2.460997 -207.811768
v -22.307692 -2.400537 -207.811768
v -20.769230 -2.343763 -207.811768
v -19.230770 -2.290992 -207.811768
v -17.692308 -2.242480 -207.811768
v -16.153847 -2.198423 -207.811768
v -14.615385 -2.158953 -207.811768
v -13.076923 -2.124134 -207.811768
v -11.538462 -2.093967 -207.811768
v -10.000000 -2.068390 -207.811768
v -8.461538 -2.047276 -207.811768
v -6.923077 -2.030441 -207.811768
v -5.384615 -2.017642 -207.811768
v -3.846154 -2.008587 -207.811768
v -2.307692 -2.002936 -207.811768
v -0.769231 -2.000308 -207.811768
v 0.769231 -2.000287 -207.811768
v 2.307692 -2.002356 -207.811768
v 3.846154 -2.005941 -207.811768
v 5.384615 -2.010499 -207.811768
v 6.923077 -2.015532 -207.811768
v 8.461538 -2.020590 -207.811768
v 10.000000 -2.025276 -207.811768
v 11.538462 -2.029250 -207.811768
v 13.076923 -2.032234 -207.811768
v 14.615385 -2.034013 -207.811768
v 16.153847 -2.034437 -207.811768
v 17.692308 -2.033420 -207.811768
v 19.230770 -2.030940 -207.811768
v 20.769230 -2.027040 -207.811768
v 22.307692 -2.021823 -207.811768
v 23.846153 -2.015452 -207.811768
v 25.384615 -2.008143 -207.811768
v 26.923077 -2.000163 -207.811768
v 28.461538 -1.991825 -207.811768
v 30.000000 -1.983480 -207.811768
v -30.000000 -2.720663 -209.317642
v -28.461538 -2.649238 -209.317642
v -26.923077 -2.579964 -209.317642
v -25.384615 -2.513340 -209.317642
v -23.846153 -2.449822 -209.317642
v -22.307692 -2.389814 -209.317642
v -20.769230 -2.333663 -209.317642
v -19.230770 -2.281658 -209.317642
v -17.692308 -2.234028 -209.317642
v -16.153847 -2.190934 -209.317642
v -14.615385 -2.152477 -209.317642
v -13.076923 -2.118690 -209.317642
v -11.538462 -2.089540 -209.317642
v -10.000000 -2.064934 -209.317642
v -8.461538 -2.044718 -209.317642
v -6.923077 -2.028679 -209.317642
v -5.384615 -2.016550 -209.317642
v -3.846154 -2.008019 -209.317642
v -2.307692 -2.002728 -209.317642
v -0.769231 -2.000285 -209.317642
v 0.769231 -2.000263 -209.317642
v 2.307692 -2.002152 -209.317642
v 3.846154 -2.005389 -209.317642
v 5.384615 -2.009451 -209.317642
v 6.923077 -2.013861 -209.317642
v 8.461538 -2.018195 -209.317642
v 10.000000 -2.022082 -209.317642
v 11.538462 -2.025214 -209.317642
v 13.076923 -2.027344 -209.317642
v 14.615385 -2.028288 -209.317642
v 16.153847 -2.027927 -209.317642
v 17.692308 -2.026208 -209.317642
v 19.230770 -2.023139 -209.317642
v 20.769230 -2.018792 -209.317642
v 22.307692 -2.013297 -209.317642
v 23.846153 -2.006838 -209.317642
v 25.384615 -1.999655 -209.317642
v 26.923077 -1.992029 -209.317642
v 28.461538 -1.984287 -209.317642
v 30.000000 -1.976789 -209.317642
v -30.000000 -2.706898 -210.823532
v -28.461538 -2.635318 -210.823532
v -26.923077 -2.566139 -210.823532
v -25.384615 -2.499841 -210.823532
v -23.846153 -2.436857 -210.823532
v -22.307692 -2.377564 -210.823532
v -20.769230 -2.322284 -210.823532
v -19.230770 -2.271273 -210.823532
v -17.692308 -2.224728 -210.823532
v -16.153847 -2.182780 -210.823532
v -14.615385 -2.145494 -210.823532
v -13.076923 -2.112870 -210.823532
v -11.538462 -2.084848 -210.823532
v -10.000000 -2.061302 -210.823532
v -8.461538 -2.042049 -210.823532
v -6.923077 -2.026854 -210.823532
v -5.384615 -2.015428 -210.823532
v -3.846154 -2.007439 -210.823532
v -2.307692 -2.002518 -210.823532
v -0.769231 -2.000262 -210.823532
v 0.769231 -2.000240 -210.823532
v 2.307692 -2.001949 -210.823532
v 3.846154 -2.004845 -210.823532
v 5.384615 -2.008426 -210.823532
v 6.923077 -2.012239 -210.823532
v 8.461538 -2.015887 -210.823532
v 10.000000 -2.019031 -210.823532
v 11.538462 -2.021392 -210.823532
v 13.076923 -2.022755 -210.823532
v 14.615385 -2.022968 -210.823532
v 16.153847 -2.021945 -210.823532
v 17.692308 -2.019661 -210.823532
v 19.230770 -2.016155 -210.823532
v 20.769230 -2.011524 -210.823532
v 22.307692 -2.005922 -210.823532
v 23.846153 -1.999556 -210.823532
v 25.384615 -1.992679 -210.823532
v 26.923077 -1.985588 -210.823532
v 28.461538 -1.978617 -210.823532
v 30.000000 -1.972131 -210.823532
v -30.000000 -2.690270 -212.329407
v -28.461538 -2.618851 -212.329407
v -26.923077 -2.550074 -212.329407
v -25.384615 -2.484398 -212.329407
v -23.846153 -2.422229 -212.329407
v -22.307692 -2.363915 -212.329407
v -20.769230 -2.309746 -212.329407
v -19.230770 -2.259948 -212.329407
v -17.692308 -2.214684 -212.329407
v -16.153847 -2.174050 -212.329407
v -14.615385 -2.138081 -212.329407
v -13.076923 -2.106743 -212.329407
v -11.538462 -2.079945 -212.329407
v -10.000000 -2.057534 -212.329407
v -8.461538 -2.039301 -212.329407
v -6.923077 -2.024988 -212.329407
v -5.384615 -2.014288 -212.329407
v -3.846154 -2.006855 -212.329407
v -2.307692 -2.002307 -212.329407
v -0.769231 -2.000238 -212.329407
v 0.769231 -2.000217 -212.329407
v 2.307692 -2.001751 -212.329407
v 3.846154 -2.004316 -212.329407
v 5.384615 -2.007435 -212.329407
v 6.923077 -2.010684 -212.329407
v 8.461538 -2.013693 -212.329407
v 10.000000 -2.016155 -212.329407
v 11.538462 -2.017823 -212.329407
v 13.076923 -2.018514 -212.329407
v 14.615385 -2.018108 -212.329407
v 16.153847 -2.016548 -212.329407
v 17.692308 -2.013839 -212.329407
v 19.230770 -2.010047 -212.329407
v 20.769230 -2.005292 -212.329407
v 22.307692 -1.999750 -212.329407
v 23.846153 -1.993644 -212.329407
v 25.384615 -1.987242 -212.329407
v 26.923077 -1.980849 -212.329407
v 28.461538 -1.974803 -212.329407
v 30.000000 -1.969470 -212.329407
v -30.000000 -2.670920 -213.835297
v -28.461538 -2.599986 -213.835297
v -26.923077 -2.531924 -213.835297
v -25.384615 -2.467166 -213.835297
v -23.846153 -2.406089 -213.835297
v -22.307692 -2.349010 -213.835297
v -20.769230 -2.296185 -213.835297
v -19.230770 -2.247808 -213.835297
v -17.692308 -2.204007 -213.835297
v -16.153847 -2.164845 -213.835297
v -14.615385 -2.130323 -213.835297
v -13.076923 -2.100378 -213.835297
v -11.538462 -2.074888 -213.835297
v -10.000000 -2.053674 -213.835297
v -8.461538 -2.036506 -213.835297
v -6.923077 -2.023103 -213.835297
v -5.384615 -2.013144 -213.835297
v -3.846154 -2.006272 -213.835297
v -2.307692 -2.002099 -213.835297
v -0.769231 -2.000215 -213.835297
v 0.769231 -2.000195 -213.835297
v 2.307692 -2.001558 -213.835297
v 3.846154 -2.003807 -213.835297
v 5.384615 -2.006490 -213.835297
v 6.923077 -2.009212 -213.835297
v 8.461538 -2.011635 -213.835297
v 10.000000 -2.013484 -213.835297
v 11.538462 -2.014544 -213.835297
v 13.076923 -2.014663 -213.835297
v 14.615385 -2.013751 -213.835297
v 16.153847 -2.011782 -213.835297
v 17.692308 -2.008788 -213.835297
v 19.230770 -2.004857 -213.835297
v 20.769230 -2.000133 -213.835297
v 22.307692 -1.994807 -213.835297
v 23.846153 -1.989118 -213.835297
v 25.384615 -1.983341 -213.835297
v 26.923077 -1.977787 -213.835297
v 28.461538 -1.972796 -213.835297
v 30.000000 -1.968727 -213.835297
v -30.000000 -2.649026 -215.341171
v -28.461538 -2.578906 -215.341171
v -26.923077 -2.511870 -215.341171
v -25.384615 -2.448323 -215.341171
v -23.846153 -2.388607 -215.341171
v -22.307692 -2.333009 -215.341171
v -20.769230 -2.281749 -215.341171
v -19.230770 -2.234987 -215.341171
v -17.692308 -2.192816 -215.341171
v -16.153847 -2.155267 -215.341171
v -14.615385 -2.122308 -215.341171
v -13.076923 -2.093847 -215.341171
v -11.538462 -2.069734 -215.341171
v -10.000000 -2.049767 -215.341171
v -8.461538 -2.033695 -215.341171
v -6.923077 -2.021220 -215.341171
v -5.384615 -2.012009 -215.341171
v -3.846154 -2.005697 -215.341171
v -2.307692 -2.001894 -215.341171
v -0.769231 -2.000193 -215.341171
v 0.769231 -2.000174 -215.341171
v 2.307692 -2.001374 -215.341171
v 3.846154 -2.003323 -215.341171
v 5.384615 -2.005599 -215.341171
v 6.923077 -2.007838 -215.341171
v 8.461538 -2.009734 -215.341171
v 10.000000 -2.011044 -215.341171
v 11.538462 -2.011583 -215.341171
v 13.076923 -2.011232 -215.341171
v 14.615385 -2.009932 -215.341171
v 16.153847 -2.007681 -215.341171
v 17.692308 -2.004536 -215.341171
v 19.230770 -2.000609 -215.341171
v 20.769230 -1.996060 -215.341171
v 22.307692 -1.991096 -215.341171
v 23.846153 -1.985962 -215.341171
v 25.384615 -1.980942 -215.341171
v 26.923077 -1.976347 -215.341171
v 28.461538 -1.972512 -215.341171
v 30.000000 -1.969789 -215.341171
v -30.000000 -2.624802 -216.847061
v -28.461538 -2.555821 -216.847061
v -26.923077 -2.490119 -216.847061
v -25.384615 -2.428065 -216.847061
v -23.846153 -2.369970 -216.847061
v -22.307692 -2.316085 -216.847061
v -20.769230 -2.266596 -216.847061
v -19.230770 -2.221626 -216.847061
v -17.692308 -2.181236 -216.847061
v -16.153847 -2.145423 -216.847061
v -14.615385 -2.114126 -216.847061
v -13.076923 -2.087223 -216.847061
v -11.538462 -2.064542 -216.847061
v -10.000000 -2.045857 -216.847061
v -8.461538 -2.030899 -216.847061
v -6.923077 -2.019359 -216.847061
v -5.384615 -2.010895 -216.847061
v -3.846154 -2.005138 -216.847061
v -2.307692 -2.001697 -216.847061
v -0.769231 -2.000172 -216.847061
v 0.769231 -2.000153 -216.847061
v 2.307692 -2.001200 -216.847061
v 3.846154 -2.002870 -216.847061
v 5.384615 -2.004773 -216.847061
v 6.923077 -2.006576 -216.847061
v 8.461538 -2.008008 -216.847061
v 10.000000 -2.008854 -216.847061
v 11.538462 -2.008965 -216.847061
v 13.076923 -2.008249 -216.847061
v 14.615385 -2.006674 -216.847061
v 16.153847 -2.004265 -216.847061
v 17.692308 -2.001101 -216.847061
v 19.230770 -1.997311 -216.847061
v 20.769230 -1.993070 -216.847061
v 22.307692 -1.988595 -216.847061
v 23.846153 -1.984139 -216.847061
v 25.384615 -1.979986 -216.847061
v 26.923077 -1.976442 -216.847061
v 28.461538 -1.973837 -216.847061
v 30.000000 -1.972508 -216.847061
v -30.000000 -2.598490 -218.352936
v -28.461538 -2.530969 -218.352936
v -26.923077 -2.466896 -218.352936
v -25.384615 -2.406607 -218.352936
v -23.846153 -2.350378 -218.352936
v -22.307692 -2.298422 -218.352936
v -20.769230 -2.250890 -218.352936
v -19.230770 -2.207872 -218.352936
v -17.692308 -2.169394 -218.352936
v -16.153847 -2.135423 -218.352936
v -14.615385 -2.105867 -218.352936
v -13.076923 -2.080581 -218.352936
v -11.538462 -2.059368 -218.352936
v -10.000000 -2.041986 -218.352936
v -8.461538 -2.028150 -218.352936
v -6.923077 -2.017542 -218.352936
v -5.384615 -2.009815 -218.352936
v -3.846154 -2.004599 -218.352936
v -2.307692 -2.001508 -218.352936
v -0.769231 -2.000151 -218.352936
v 0.769231 -2.000134 -218.352936
v 2.307692 -2.001038 -218.352936
v 3.846154 -2.002451 -218.352936
v 5.384615 -2.004018 -218.352936
v 6.923077 -2.005437 -218.352936
v 8.461538 -2.006468 -218.352936
v 10.000000 -2.006931 -218.352936
v 11.538462 -2.006705 -218.352936
v 13.076923 -2.005727 -218.352936
v 14.615385 -2.003990 -218.352936
v 16.153847 -2.001543 -218.352936
v 17.692308 -1.998482 -218.352936
v 19.230770 -1.994951 -218.352936
v 20.769230 -1.991138 -218.352936
v 22.307692 -1.987264 -218.352936
v 23.846153 -1.983585 -218.352936
v 25.384615 -1.980382 -218.352936
v 26.923077 -1.977956 -218.352936
v 28.461538 -1.976621 -218.352936
v 30.000000 -1.976701 -218.352936
v -30.000000 -2.570358 -219.858826
v -28.461538 -2.504606 -219.858826
v -26.923077 -2.442447 -219.858826
v -25.384615 -2.384179 -219.858826
v -23.846153 -2.330041 -219.858826
v -22.307692 -2.280211 -219.858826
v -20.769230 -2.234805 -219.858826
v -19.230770 -2.193877 -219.858826
v -17.692308 -2.157421 -219.858826
v -16.153847 -2.125376 -219.858826
v -14.615385 -2.097623 -219.858826
v -13.076923 -2.073992 -219.858826
v -11.538462 -2.054269 -219.858826
v -10.000000 -2.038195 -219.858826
v -8.461538 -2.025476 -219.858826
v -6.923077 -2.015787 -219.858826
v -5.384615 -2.008779 -219.858826
v -3.846154 -2.004086 -219.858826
v -2.307692 -2.001330 -219.858826
v -0.769231 -2.000132 -219.858826
v 0.769231 -2.000116 -219.858826
v 2.307692 -2.000888 -219.858826
v 3.846154 -2.002071 -219.858826
v 5.384615 -2.003340 -219.858826
v 6.923077 -2.004428 -219.858826
v 8.461538 -2.005127 -219.858826
v 10.000000 -2.005287 -219.858826
v 11.538462 -2.004815 -219.858826
v 13.076923 -2.003676 -219.858826
v 14.615385 -2.001885 -219.858826
v 16.153847 -1.999509 -219.858826
v 17.692308 -1.996663 -219.858826
v 19.230770 -1.993501 -219.858826
v 20.769230 -1.990216 -219.858826
v 22.307692 -1.987036 -219.858826
v 23.846153 -1.984211 -219.858826
v 25.384615 -1.982017 -219.858826
v 26.923077 -1.980744 -219.858826
v 28.461538 -1.980690 -219.858826
v 30.000000 -1.982158 -219.858826
v -30.000000 -2.540699 -221.364700
v -28.461538 -2.477012 -221.364700
v -26.923077 -2.417032 -221.364700
v -25.384615 -2.361020 -221.364700
v -23.846153 -2.309179 -221.364700
v -22.307692 -2.261650 -221.364700
v -20.769230 -2.218513 -221.364700
v -19.230770 -2.179790 -221.364700
v -17.692308 -2.145447 -221.364700
v -16.153847 -2.115391 -221.364700
v -14.615385 -2.089481 -221.364700
v -13.076923 -2.067528 -221.364700
v -11.538462 -2.049299 -221.364700
v -10.000000 -2.034526 -221.364700
v -8.461538 -2.022906 -221.364700
v -6.923077 -2.014112 -221.364700
v -5.384615 -2.007798 -221.364700
v -3.846154 -2.003604 -221.364700
v -2.307692 -2.001164 -221.364700
v -0.769231 -2.000115 -221.364700
v 0.769231 -2.000099 -221.364700
v 2.307692 -2.000754 -221.364700
v 3.846154 -2.001733 -221.364700
v 5.384615 -2.002745 -221.364700
v 6.923077 -2.003556 -221.364700
v 8.461538 -2.003990 -221.364700
v 10.000000 -2.003926 -221.364700
v 11.538462 -2.003298 -221.364700
v 13.076923 -2.002093 -221.364700
v 14.615385 -2.000349 -221.364700
v 16.153847 -1.998147 -221.364700
v 17.692308 -1.995615 -221.364700
v 19.230770 -1.992914 -221.364700
v 20.769230 -1.990243 -221.364700
v 22.307692 -1.987824 -221.364700
v 23.846153 -1.985906 -221.364700
v 25.384615 -1.984752 -221.364700
v 26.923077 -1.984637 -221.364700
v 28.461538 -1.985840 -221.364700
v 30.000000 -1.988643 -221.364700
v -30.000000 -2.509821 -222.870590
v -28.461538 -2.448476 -222.870590
v -26.923077 -2.390920 -222.870590
v -25.384615 -2.337378 -222.870590
v -23.846153 -2.288015 -222.870590
v -22.307692 -2.242936 -222.870590
v -20.769230 -2.202189 -222.870590
v -19.230770 -2.165764 -222.870590
v -17.692308 -2.133597 -222.870590
v -16.153847 -2.105572 -222.870590
v -14.615385 -2.081526 -222.870590
v -13.076923 -2.061253 -222.870590
v -11.538462 -2.044508 -222.870590
v -10.000000 -2.031014 -222.870590
v -8.461538 -2.020464 -222.870590
v -6.923077 -2.012534 -222.870590
v -5.384615 -2.006881 -222.870590
v -3.846154 -2.003157 -222.870590
v -2.307692 -2.001012 -222.870590
v -0.769231 -2.000099 -222.870590
v 0.769231 -2.000085 -222.870590
v 2.307692 -2.000635 -222.870590
v 3.846154 -2.001437 -222.870590
v 5.384615 -2.002234 -222.870590
v 6.923077 -2.002824 -222.870590
v 8.461538 -2.003061 -222.870590
v 10.000000 -2.002849 -222.870590
v 11.538462 -2.002150 -222.870590
v 13.076923 -2.000970 -222.870590
v 14.615385 -1.999363 -222.870590
v 16.153847 -1.997426 -222.870590
v 17.692308 -1.995292 -222.870590
v 19.230770 -1.993130 -222.870590
v 20.769230 -1.991134 -222.870590
v 22.307692 -1.989525 -222.870590
v 23.846153 -1.988539 -222.870590
v 25.384615 -1.988427 -222.870590
v 26.923077 -1.989444 -222.870590
v 28.461538 -1.991849 -222.870590
v 30.000000 -1.995896 -222.870590
v -30.000000 -2.478049 -224.376465
v -28.461538 -2.419298 -224.376465
v -26.923077 -2.364387 -224.376465
v -25.384615 -2.313503 -224.376465
v -23.846153 -2.266773 -224.376465
v -22.307692 -2.224269 -224.376465
v -20.769230 -2.186006 -224.376465
v -19.230770 -2.151945 -224.376465
v -17.692308 -2.121996 -224.376465
v -16.153847 -2.096021 -224.376465
v -14.615385 -2.073840 -224.376465
v -13.076923 -2.055233 -224.376465
v -11.538462 -2.039944 -224.376465
v -10.000000 -2.027693 -224.376465
v -8.461538 -2.018174 -224.376465
v -6.923077 -2.011066 -224.376465
v -5.384615 -2.006036 -224.376465
v -3.846154 -2.002750 -224.376465
v -2.307692 -2.000874 -224.376465
v -0.769231 -2.000085 -224.376465
v 0.769231 -2.000072 -224.376465
v 2.307692 -2.000531 -224.376465
v 3.846154 -2.001186 -224.376465
v 5.384615 -2.001811 -224.376465
v 6.923077 -2.002234 -224.376465
v 8.461538 -2.002337 -224.376465
v 10.000000 -2.002053 -224.376465
v 11.538462 -2.001361 -224.376465
v 13.076923 -2.000288 -224.376465
v 14.615385 -1.998900 -224.376465
v 16.153847 -1.997304 -224.376465
v 17.692308 -1.995638 -224.376465
v 19.230770 -1.994070 -224.376465
v 20.769230 -1.992792 -224.376465
v 22.307692 -1.992014 -224.376465
v 23.846153 -1.991960 -224.376465
v 25.384615 -1.992862 -224.376465
v 26.923077 -1.994956 -224.376465
v 28.461538 -1.998474 -224.376465
v 30.000000 -2.003643 -224.376465
v -30.000000 -2.445715 -225.882355
v -28.461538 -2.389786 -225.882355
v -26.923077 -2.337712 -225.882355
v -25.384615 -2.289644 -225.882355
v -23.846153 -2.245675 -225.882355
v -22.307692 -2.205842 -225.882355
v -20.769230 -2.170130 -225.882355
v -19.230770 -2.138474 -225.882355
v -17.692308 -2.110760 -225.882355
v -16.153847 -2.086834 -225.882355
v -14.615385 -2.066498 -225.882355
v -13.076923 -2.049523 -225.882355
v -11.538462 -2.035649 -225.882355
v -10.000000 -2.024594 -225.882355
v -8.461538 -2.016055 -225.882355
v -6.923077 -2.009720 -225.882355
v -5.384615 -2.005270 -225.882355
v -3.846154 -2.002385 -225.882355
v -2.307692 -2.000752 -225.882355
v -0.769231 -2.000072 -225.882355
v 0.769231 -2.000061 -225.882355
v 2.307692 -2.000445 -225.882355
v 3.846154 -2.000980 -225.882355
v 5.384615 -2.001474 -225.882355
v 6.923077 -2.001783 -225.882355
v 8.461538 -2.001816 -225.882355
v 10.000000 -2.001526 -225.882355
v 11.538462 -2.000914 -225.882355
v 13.076923 -2.000019 -225.882355
v 14.615385 -1.998920 -225.882355
v 16.153847 -1.997727 -225.882355
v 17.692308 -1.996580 -225.882355
v 19.230770 -1.995644 -225.882355
v 20.769230 -1.995103 -225.882355
v 22.307692 -1.995153 -225.882355
v 23.846153 -1.996002 -225.882355
v 25.384615 -1.997863 -225.882355
v 26.923077 -2.000945 -225.882355
v 28.461538 -2.005456 -225.882355
v 30.000000 -2.011592 -225.882355
v -30.000000 -2.413154 -227.388229
v -28.461538 -2.360244 -227.388229
v -26.923077 -2.311171 -227.388229
v -25.384615 -2.266049 -227.388229
v -23.846153 -2.224936 -227.388229
v -22.307692 -2.187841 -227.388229
v -20.769230 -2.154720 -227.388229
v -19.230770 -2.125484 -227.388229
v -17.692308 -2.100000 -227.388229
v -16.153847 -2.078097 -227.388229
v -14.615385 -2.059568 -227.388229
v -13.076923 -2.044176 -227.388229
v -11.538462 -2.031660 -227.388229
v -10.000000 -2.021741 -227.388229
v -8.461538 -2.014124 -227.388229
v -6.923077 -2.008507 -227.388229
v -5.384615 -2.004587 -227.388229
v -3.846154 -2.002064 -227.388229
v -2.307692 -2.000647 -227.388229
v -0.769231 -2.000062 -227.388229
v 0.769231 -2.000051 -227.388229
v 2.307692 -2.000375 -227.388229
v 3.846154 -2.000819 -227.388229
v 5.384615 -2.001222 -227.388229
v 6.923077 -2.001467 -227.388229
v 8.461538 -2.001487 -227.388229
v 10.000000 -2.001255 -227.388229
v 11.538462 -2.000786 -227.388229
v 13.076923 -2.000132 -227.388229
v 14.615385 -1.999376 -227.388229
v 16.153847 -1.998632 -227.388229
v 17.692308 -1.998038 -227.388229
v 19.230770 -1.997750 -227.388229
v 20.769230 -1.997939 -227.388229
v 22.307692 -1.998789 -227.388229
v 23.846153 -2.000487 -227.388229
v 25.384615 -2.003221 -227.388229
v 26.923077 -2.007176 -227.388229
v 28.461538 -2.012530 -227.388229
v 30.000000 -2.019447 -227.388229
v -30.000000 -2.380702 -228.894119
v -28.461538 -2.330976 -228.894119
v -26.923077 -2.285034 -228.894119
v -25.384615 -2.242955 -228.894119
v -23.846153 -2.204766 -228.894119
v -22.307692 -2.170445 -228.894119
v -20.769230 -2.139926 -228.894119
v -19.230770 -2.113099 -228.894119
v -17.692308 -2.089815 -228.894119
v -16.153847 -2.069890 -228.894119
v -14.615385 -2.053110 -228.894119
v -13.076923 -2.039236 -228.894119
v -11.538462 -2.028010 -228.894119
v -10.000000 -2.019157 -228.894119
v -8.461538 -2.012393 -228.894119
v -6.923077 -2.007433 -228.894119
v -5.384615 -2.003991 -228.894119
v -3.846154 -2.001788 -228.894119
v -2.307692 -2.000558 -228.894119
v -0.769231 -2.000053 -228.894119
v 0.769231 -2.000044 -228.894119
v 2.307692 -2.000321 -228.894119
v 3.846154 -2.000701 -228.894119
v 5.384615 -2.001052 -228.894119
v 6.923077 -2.001281 -228.894119
v 8.461538 -2.001340 -228.894119
v 10.000000 -2.001220 -228.894119
v 11.538462 -2.000948 -228.894119
v 13.076923 -2.000583 -228.894119
v 14.615385 -2.000213 -228.894119
v 16.153847 -1.999947 -228.894119
v 17.692308 -1.999918 -228.894119
v 19.230770 -2.000272 -228.894119
v 20.769230 -2.001165 -228.894119
v 22.307692 -2.002761 -228.894119
v 23.846153 -2.005225 -228.894119
v 25.384615 -2.008720 -228.894119
v 26.923077 -2.013402 -228.894119
v 28.461538 -2.019420 -228.894119
v 30.000000 -2.026906 -228.894119
v -30.000000 -2.348686 -230.399994
v -28.461538 -2.302275 -230.399994
v -26.923077 -2.259561 -230.399994
v -25.384615 -2.220589 -230.399994
v -23.846153 -2.185357 -230.399994
v -22.307692 -2.153819 -230.399994
v -20.769230 -2.125886 -230.399994
v -19.230770 -2.101432 -230.399994
v -17.692308 -2.080294 -230.399994
v -16.153847 -2.062281 -230.399994
v -14.615385 -2.047176 -230.399994
v -13.076923 -2.034741 -230.399994
v -11.538462 -2.024723 -230.399994
v -10.000000 -2.016857 -230.399994
v -8.461538 -2.010874 -230.399994
v -6.923077 -2.006505 -230.399994
v -5.384615 -2.003485 -230.399994
v -3.846154 -2.001559 -230.399994
v -2.307692 -2.000487 -230.399994
v -0.769231 -2.000046 -230.399994
v 0.769231 -2.000039 -230.399994
v 2.307692 -2.000282 -230.399994
v 3.846154 -2.000626 -230.399994
v 5.384615 -2.000959 -230.399994
v 6.923077 -2.001214 -230.399994
v 8.461538 -2.001359 -230.399994
v 10.000000 -2.001398 -230.399994
v 11.538462 -2.001366 -230.399994
v 13.076923 -2.001327 -230.399994
v 14.615385 -2.001367 -230.399994
v 16.153847 -2.001591 -230.399994
v 17.692308 -2.002121 -230.399994
v 19.230770 -2.003088 -230.399994
v 20.769230 -2.004633 -230.399994
v 22.307692 -2.006896 -230.399994
v 23.846153 -2.010019 -230.399994
v 25.384615 -2.014136 -230.399994
v 26.923077 -2.019376 -230.399994
v 28.461538 -2.025853 -230.399994
v 30.000000 -2.033671 -230.399994
v -30.000000 -2.317423 -231.905884
v -28.461538 -2.274423 -231.905884
v -26.923077 -2.234998 -231.905884
v -25.384615 -2.199163 -231.905884
v -23.846153 -2.166892 -231.905884
v -22.307692 -2.138113 -231.905884
v -20.769230 -2.112723 -231.905884
v -19.230770 -2.090580 -231.905884
v -17.692308 -2.071514 -231.905884
v -16.153847 -2.055329 -231.905884
v -14.615385 -2.041809 -231.905884
v -13.076923 -2.030720 -231.905884
v -11.538462 -2.021819 -231.905884
v -10.000000 -2.014853 -231.905884
v -8.461538 -2.009572 -231.905884
v -6.923077 -2.005724 -231.905884
v -5.384615 -2.003068 -231.905884
v -3.846154 -2.001376 -231.905884
v -2.307692 -2.000431 -231.905884
v -0.769231 -2.000041 -231.905884
v 0.769231 -2.000035 -231.905884
v 2.307692 -2.000259 -231.905884
v 3.846154 -2.000589 -231.905884
v 5.384615 -2.000938 -231.905884
v 6.923077 -2.001255 -231.905884
v 8.461538 -2.001525 -231.905884
v 10.000000 -2.001760 -231.905884
v 11.538462 -2.002001 -231.905884
v 13.076923 -2.002310 -231.905884
v 14.615385 -2.002769 -231.905884
v 16.153847 -2.003476 -231.905884
v 17.692308 -2.004538 -231.905884
v 19.230770 -2.006071 -231.905884
v 20.769230 -2.008192 -231.905884
v 22.307692 -2.011020 -231.905884
v 23.846153 -2.014669 -231.905884
v 25.384615 -2.019245 -231.905884
v 26.923077 -2.024847 -231.905884
v 28.461538 -2.031557 -231.905884
v 30.000000 -2.039447 -231.905884
v -30.000000 -2.287215 -233.411758
v -28.461538 -2.247683 -233.411758
v -26.923077 -2.211573 -233.411758
v -25.384615 -2.178872 -233.411758
v -23.846153 -2.149531 -233.411758
v -22.307692 -2.123462 -233.411758
v -20.769230 -2.100544 -233.411758
v -19.230770 -2.080628 -233.411758
v -17.692308 -2.063539 -233.411758
v -16.153847 -2.049081 -233.411758
v -14.615385 -2.037041 -233.411758
v -13.076923 -2.027194 -233.411758
v -11.538462 -2.019310 -233.411758
v -10.000000 -2.013152 -233.411758
v -8.461538 -2.008488 -233.411758
v -6.923077 -2.005090 -233.411758
v -5.384615 -2.002741 -233.411758
v -3.846154 -2.001237 -233.411758
v -2.307692 -2.000391 -233.411758
v -0.769231 -2.000038 -233.411758
v 0.769231 -2.000033 -233.411758
v 2.307692 -2.000250 -233.411758
v 3.846154 -2.000588 -233.411758
v 5.384615 -2.000980 -233.411758
v 6.923077 -2.001392 -233.411758
v 8.461538 -2.001818 -233.411758
v 10.000000 -2.002276 -233.411758
v 11.538462 -2.002808 -233.411758
v 13.076923 -2.003473 -233.411758
v 14.615385 -2.004346 -233.411758
v 16.153847 -2.005510 -233.411758
v 17.692308 -2.007058 -233.411758
v 19.230770 -2.009085 -233.411758
v 20.769230 -2.011687 -233.411758
v 22.307692 -2.014954 -233.411758
v 23.846153 -2.018974 -233.411758
v 25.384615 -2.023824 -233.411758
v 26.923077 -2.029571 -233.411758
v 28.461538 -2.036268 -233.411758
v 30.000000 -2.043954 -233.411758
v -30.000000 -2.258341 -234.917648
v -28.461538 -2.222299 -234.917648
v -26.923077 -2.189493 -234.917648
v -25.384615 -2.159890 -234.917648
v -23.846153 -2.133419 -234.917648
v -22.307692 -2.109979 -234.917648
v -20.769230 -2.089440 -234.917648
v -19.230770 -2.071645 -234.917648
v -17.692308 -2.056420 -234.917648
v -16.153847 -2.043571 -234.917648
v -14.615385 -2.032894 -234.917648
v -13.076923 -2.024176 -234.917648
v -11.538462 -2.017201 -234.917648
v -10.000000 -2.011754 -234.917648
v -8.461538 -2.007621 -234.917648
v -6.923077 -2.004601 -234.917648
v -5.384615 -2.002500 -234.917648
v -3.846154 -2.001142 -234.917648
v -2.307692 -2.000367 -234.917648
v -0.769231 -2.000036 -234.917648
v 0.769231 -2.000032 -234.917648
v 2.307692 -2.000253 -234.917648
v 3.846154 -2.000618 -234.917648
v 5.384615 -2.001079 -234.917648
v 6.923077 -2.001610 -234.917648
v 8.461538 -2.002214 -234.917648
v 10.000000 -2.002912 -234.917648
v 11.538462 -2.003742 -234.917648
v 13.076923 -2.004757 -234.917648
v 14.615385 -2.006019 -234.917648
v 16.153847 -2.007598 -234.917648
v 17.692308 -2.009566 -234.917648
v 19.230770 -2.011996 -234.917648
v 20.769230 -2.014960 -234.917648
v 22.307692 -2.018521 -234.917648
v 23.846153 -2.022737 -234.917648
v 25.384615 -2.027656 -234.917648
v 26.923077 -2.033314 -234.917648
v 28.461538 -2.039735 -234.917648
v 30.000000 -2.046927 -234.917648
v -30.000000 -2.231059 -236.423523
v -28.461538 -2.198488 -236.423523
v -26.923077 -2.168941 -236.423523
v -25.384615 -2.142366 -236.423523
v -23.846153 -2.118676 -236.423523
v -22.307692 -2.097760 -236.423523
v -20.769230 -2.079481 -236.423523
v -19.230770 -2.063681 -236.423523
v -17.692308 -2.050189 -236.423523
v -16.153847 -2.038819 -236.423523
v -14.615385 -2.029378 -236.423523
v -13.076923 -2.021669 -236.423523
v -11.538462 -2.015492 -236.423523
v -10.000000 -2.010654 -236.423523
v -8.461538 -2.006966 -236.423523
v -6.923077 -2.004250 -236.423523
v -5.384615 -2.002341 -236.423523
v -3.846154 -2.001087 -236.423523
v -2.307692 -2.000356 -236.423523
v -0.769231 -2.000036 -236.423523
v 0.769231 -2.000033 -236.423523
v 2.307692 -2.000267 -236.423523
v 3.846154 -2.000676 -236.423523
v 5.384615 -2.001223 -236.423523
v 6.923077 -2.001893 -236.423523
v 8.461538 -2.002689 -236.423523
v 10.000000 -2.003631 -236.423523
v 11.538462 -2.004753 -236.423523
v 13.076923 -2.006096 -236.423523
v 14.615385 -2.007708 -236.423523
v 16.153847 -2.009640 -236.423523
v 17.692308 -2.011944 -236.423523
v 19.230770 -2.014668 -236.423523
v 20.769230 -2.017856 -236.423523
v 22.307692 -2.021546 -236.423523
v 23.846153 -2.025765 -236.423523
v 25.384615 -2.030531 -236.423523
v 26.923077 -2.035852 -236.423523
v 28.461538 -2.041721 -236.423523
v 30.000000 -2.048120 -236.423523
v -30.000000 -2.205596 -237.929413
v -28.461538 -2.176440 -237.929413
v -26.923077 -2.150074 -237.929413
v -25.384615 -2.126425 -237.929413
v -23.846153 -2.105399 -237.929413
v -22.307692 -2.086877 -237.929413
v -20.769230 -2.070719 -237.929413
v -19.230770 -2.056771 -237.929413
v -17.692308 -2.044868 -237.929413
v -16.153847 -2.034836 -237.929413
v -14.615385 -2.026495 -237.929413
v -13.076923 -2.019667 -237.929413
v -11.538462 -2.014174 -237.929413
v -10.000000 -2.009844 -237.929413
v -8.461538 -2.006514 -237.929413
v -6.923077 -2.004032 -237.929413
v -5.384615 -2.002258 -237.929413
v -3.846154 -2.001069 -237.929413
v -2.307692 -2.000359 -237.929413
v -0.769231 -2.000037 -237.929413
v 0.769231 -2.000035 -237.929413
v 2.307692 -2.000290 -237.929413
v 3.846154 -2.000756 -237.929413
v 5.384615 -2.001403 -237.929413
v 6.923077 -2.002222 -237.929413
v 8.461538 -2.003214 -237.929413
v 10.000000 -2.004396 -237.929413
v 11.538462 -2.005790 -237.929413
v 13.076923 -2.007426 -237.929413
v 14.615385 -2.009331 -237.929413
v 16.153847 -2.011539 -237.929413
v 17.692308 -2.014077 -237.929413
v 19.230770 -2.016967 -237.929413
v 20.769230 -2.020226 -237.929413
v 22.307692 -2.023863 -237.929413
v 23.846153 -2.027876 -237.929413
v 25.384615 -2.032255 -237.929413
v 26.923077 -2.036978 -237.929413
v 28.461538 -2.042012 -237.929413
v 30.000000 -2.047314 -237.929413
v -30.000000 -2.182149 -239.435287
v -28.461538 -2.156318 -239.435287
v -26.923077 -2.133018 -239.435287
v -25.384615 -2.112166 -239.435287
v -23.846153 -2.093661 -239.435287
v -22.307692 -2.077379 -239.435287
v -20.769230 -2.063184 -239.435287
v -19.230770 -2.050930 -239.435287
v -17.692308 -2.040460 -239.435287
v -16.153847 -2.031615 -239.435287
v -14.615385 -2.024235 -239.435287
v -13.076923 -2.018158 -239.435287
v -11.538462 -2.013232 -239.435287
v -10.000000 -2.009309 -239.435287
v -8.461538 -2.006252 -239.435287
v -6.923077 -2.003935 -239.435287
v -5.384615 -2.002245 -239.435287
v -3.846154 -2.001085 -239.435287
v -2.307692 -2.000371 -239.435287
v -0.769231 -2.000040 -239.435287
v 0.769231 -2.000038 -239.435287
v 2.307692 -2.000321 -239.435287
v 3.846154 -2.000852 -239.435287
v 5.384615 -2.001608 -239.435287
v 6.923077 -2.002579 -239.435287
v 8.461538 -2.003763 -239.435287
v 10.000000 -2.005167 -239.435287
v 11.538462 -2.006802 -239.435287
v 13.076923 -2.008679 -239.435287
v 14.615385 -2.010808 -239.435287
v 16.153847 -2.013198 -239.435287
v 17.692308 -2.015851 -239.435287
v 19.230770 -2.018764 -239.435287
v 20.769230 -2.021924 -239.435287
v 22.307692 -2.025313 -239.435287
v 23.846153 -2.028900 -239.435287
v 25.384615 -2.032647 -239.435287
v 26.923077 -2.036505 -239.435287
v 28.461538 -2.040417 -239.435287
v 30.000000 -2.044317 -239.435287
v -30.000000 -2.160879 -240.941177
v -28.461538 -2.138247 -240.941177
v -26.923077 -2.117870 -240.941177
v -25.384615 -2.099658 -240.941177
v -23.846153 -2.083506 -240.941177
v -22.307692 -2.069292 -240.941177
v -20.769230 -2.056888 -240.941177
v -19.230770 -2.046156 -240.941177
v -17.692308 -2.036954 -240.941177
v -16.153847 -2.029141 -240.941177
v -14.615385 -2.022575 -240.941177
v -13.076923 -2.017119 -240.941177
v -11.538462 -2.012645 -240.941177
v -10.000000 -2.009030 -240.941177
v -8.461538 -2.006164 -240.941177
v -6.923077 -2.003947 -240.941177
v -5.384615 -2.002293 -240.941177
v -3.846154 -2.001129 -240.941177
v -2.307692 -2.000394 -240.941177
v -0.769231 -2.000043 -240.941177
v 0.769231 -2.000041 -240.941177
v 2.307692 -2.000357 -240.941177
v 3.846154 -2.000959 -240.941177
v 5.384615 -2.001827 -240.941177
v 6.923077 -2.002945 -240.941177
v 8.461538 -2.004307 -240.941177
v 10.000000 -2.005905 -240.941177
v 11.538462 -2.007736 -240.941177
v 13.076923 -2.009791 -240.941177
v 14.615385 -2.012058 -240.941177
v 16.153847 -2.014522 -240.941177
v 17.692308 -2.017159 -240.941177
v 19.230770 -2.019937 -240.941177
v 20.769230 -2.022817 -240.941177
v 22.307692 -2.025751 -240.941177
v 23.846153 -2.028683 -240.941177
v 25.384615 -2.031546 -240.941177
v 26.923077 -2.034269 -240.941177
v 28.461538 -2.036772 -240.941177
v 30.000000 -2.038970 -240.941177
v -30.000000 -2.141911 -242.447052
v -28.461538 -2.122321 -242.447052
v -26.923077 -2.104696 -242.447052
v -25.384615 -2.088942 -242.447052
v -23.846153 -2.074955 -242.447052
v -22.307692 -2.062621 -242.447052
v -20.769230 -2.051820 -242.447052
v -19.230770 -2.042429 -242.447052
v -17.692308 -2.034324 -242.447052
v -16.153847 -2.027381 -242.447052
v -14.615385 -2.021484 -242.447052
v -13.076923 -2.016520 -242.447052
v -11.538462 -2.012385 -242.447052
v -10.000000 -2.008984 -242.447052
v -8.461538 -2.006232 -242.447052
v -6.923077 -2.004056 -242.447052
v -5.384615 -2.002394 -242.447052
v -3.846154 -2.001196 -242.447052
v -2.307692 -2.000423 -242.447052
v -0.769231 -2.000046 -242.447052
v 0.769231 -2.000046 -242.447052
v 2.307692 -2.000397 -242.447052
v 3.846154 -2.001071 -242.447052
v 5.384615 -2.002046 -242.447052
v 6.923077 -2.003301 -242.447052
v 8.461538 -2.004816 -242.447052
v 10.000000 -2.006571 -242.447052
v 11.538462 -2.008541 -242.447052
v 13.076923 -2.010697 -242.447052
v 14.615385 -2.013005 -242.447052
v 16.153847 -2.015422 -242.447052
v 17.692308 -2.017897 -242.447052
v 19.230770 -2.020372 -242.447052
v 20.769230 -2.022780 -242.447052
v 22.307692 -2.025046 -242.447052
v 23.846153 -2.027087 -242.447052
v 25.384615 -2.028813 -242.447052
v 26.923077 -2.030131 -242.447052
v 28.461538 -2.030942 -242.447052
v 30.000000 -2.031147 -242.447052
v -30.000000 -2.125332 -243.952942
v -28.461538 -2.108597 -243.952942
v -26.923077 -2.093525 -243.952942
v -25.384615 -2.080026 -243.952942
v -23.846153 -2.068000 -243.952942
v -22.307692 -2.057343 -243.952942
v -20.769230 -2.047949 -243.952942
v -19.230770 -2.039712 -243.952942
v -17.692308 -2.032527 -243.952942
v -16.153847 -2.026296 -243.952942
v -14.615385 -2.020923 -243.952942
v -13.076923 -2.016324 -243.952942
v -11.538462 -2.012419 -243.952942
v -10.000000 -2.009142 -243.952942
v -8.461538 -2.006433 -243.952942
v -6.923077 -2.004245 -243.952942
v -5.384615 -2.002537 -243.952942
v -3.846154 -2.001283 -243.952942
v -2.307692 -2.000458 -243.952942
v -0.769231 -2.000051 -243.952942
v 0.769231 -2.000050 -243.952942
v 2.307692 -2.000437 -243.952942
v 3.846154 -2.001182 -243.952942
v 5.384615 -2.002256 -243.952942
v 6.923077 -2.003628 -243.952942
v 8.461538 -2.005263 -243.952942
v 10.000000 -2.007125 -243.952942
v 11.538462 -2.009167 -243.952942
v 13.076923 -2.011337 -243.952942
v 14.615385 -2.013576 -243.952942
v 16.153847 -2.015813 -243.952942
v 17.692308 -2.017972 -243.952942
v 19.230770 -2.019968 -243.952942
v 20.769230 -2.021704 -243.952942
v 22.307692 -2.023082 -243.952942
v 23.846153 -2.023995 -243.952942
v 25.384615 -2.024333 -243.952942
v 26.923077 -2.023981 -243.952942
v 28.461538 -2.022827 -243.952942
v 30.000000 -2.020759 -243.952942
v -30.000000 -2.111190 -245.458817
v -28.461538 -2.097096 -245.458817
v -26.923077 -2.084359 -245.458817
v -25.384615 -2.072892 -245.458817
v -23.846153 -2.062608 -245.458817
v -22.307692 -2.053415 -245.458817
v -20.769230 -2.045224 -245.458817
v -19.230770 -2.037950 -245.458817
v -17.692308 -2.031511 -245.458817
v -16.153847 -2.025831 -245.458817
v -14.615385 -2.020842 -245.458817
v -13.076923 -2.016486 -245.458817
v -11.538462 -2.012711 -245.458817
v -10.000000 -2.009475 -245.458817
v -8.461538 -2.006745 -245.458817
v -6.923077 -2.004497 -245.458817
v -5.384615 -2.002713 -245.458817
v -3.846154 -2.001381 -245.458817
v -2.307692 -2.000496 -245.458817
v -0.769231 -2.000055 -245.458817
v 0.769231 -2.000054 -245.458817
v 2.307692 -2.000476 -245.458817
v 3.846154 -2.001285 -245.458817
v 5.384615 -2.002443 -245.458817
v 6.923077 -2.003905 -245.458817
v 8.461538 -2.005620 -245.458817
v 10.000000 -2.007530 -245.458817
v 11.538462 -2.009567 -245.458817
v 13.076923 -2.011653 -245.458817
v 14.615385 -2.013703 -245.458817
v 16.153847 -2.015620 -245.458817
v 17.692308 -2.017301 -245.458817
v 19.230770 -2.018632 -245.458817
v 20.769230 -2.019495 -245.458817
v 22.307692 -2.019765 -245.458817
v 23.846153 -2.019315 -245.458817
v 25.384615 -2.018016 -245.458817
v 26.923077 -2.015739 -245.458817
v 28.461538 -2.012359 -245.458817
v 30.000000 -2.007757 -245.458817
v -30.000000 -2.099493 -246.964706
v -28.461538 -2.087803 -246.964706
v -26.923077 -2.077161 -246.964706
v -25.384615 -2.067492 -246.964706
v -23.846153 -2.058720 -246.964706
v -22.307692 -2.050771 -246.964706
v -20.769230 -2.043577 -246.964706
v -19.230770 -2.037074 -246.964706
v -17.692308 -2.031206 -246.964706
v -16.153847 -2.025923 -246.964706
v -14.615385 -2.021184 -246.964706
v -13.076923 -2.016957 -246.964706
v -11.538462 -2.013217 -246.964706
v -10.000000 -2.009948 -246.964706
v -8.461538 -2.007142 -246.964706
v -6.923077 -2.004795 -246.964706
v -5.384615 -2.002908 -246.964706
v -3.846154 -2.001486 -246.964706
v -2.307692 -2.000535 -246.964706
v -0.769231 -2.000059 -246.964706
v 0.769231 -2.000059 -246.964706
v 2.307692 -2.000512 -246.964706
v 3.846154 -2.001375 -246.964706
v 5.384615 -2.002596 -246.964706
v 6.923077 -2.004116 -246.964706
v 8.461538 -2.005861 -246.964706
v 10.000000 -2.007753 -246.964706
v 11.538462 -2.009697 -246.964706
v 13.076923 -2.011593 -246.964706
v 14.615385 -2.013326 -246.964706
v 16.153847 -2.014775 -246.964706
v 17.692308 -2.015808 -246.964706
v 19.230770 -2.016289 -246.964706
v 20.769230 -2.016074 -246.964706
v 22.307692 -2.015018 -246.964706
v 23.846153 -2.012975 -246.964706
v 25.384615 -2.009801 -246.964706
v 26.923077 -2.005356 -246.964706
v 28.461538 -1.999507 -246.964706
v 30.000000 -1.992131 -246.964706
v -30.000000 -2.090208 -248.470581
v -28.461538 -2.080667 -248.470581
v -26.923077 -2.071867 -248.470581
v -25.384615 -2.063749 -248.470581
v -23.846153 -2.056252 -248.470581
v -22.307692 -2.049325 -248.470581
v -20.769230 -2.042920 -248.470581
v -19.230770 -2.037000 -248.470581
v -17.692308 -2.031534 -248.470581
v -16.153847 -2.026499 -248.470581
v -14.615385 -2.021883 -248.470581
v -13.076923 -2.017680 -248.470581
v -11.538462 -2.013892 -248.470581
v -10.000000 -2.010526 -248.470581
v -8.461538 -2.007596 -248.470581
v -6.923077 -2.005119 -248.470581
v -5.384615 -2.003112 -248.470581
v -3.846154 -2.001592 -248.470581
v -2.307692 -2.000573 -248.470581
v -0.769231 -2.000063 -248.470581
v 0.769231 -2.000062 -248.470581
v 2.307692 -2.000541 -248.470581
v 3.846154 -2.001445 -248.470581
v 5.384615 -2.002705 -248.470581
v 6.923077 -2.004241 -248.470581
v 8.461538 -2.005961 -248.470581
v 10.000000 -2.007760 -248.470581
v 11.538462 -2.009519 -248.470581
v 13.076923 -2.011110 -248.470581
v 14.615385 -2.012393 -248.470581
v 16.153847 -2.013220 -248.470581
v 17.692308 -2.013434 -248.470581
v 19.230770 -2.012877 -248.470581
v 20.769230 -2.011382 -248.470581
v 22.307692 -2.008788 -248.470581
v 23.846153 -2.004931 -248.470581
v 25.384615 -1.999656 -248.470581
v 26.923077 -1.992816 -248.470581
v 28.461538 -1.984275 -248.470581
v 30.000000 -1.973910 -248.470581
v -30.000000 -2.083265 -249.976471
v -28.461538 -2.075601 -249.976471
v -26.923077 -2.068380 -249.976471
v -25.384615 -2.061559 -249.976471
v -23.846153 -2.055098 -249.976471
v -22.307692 -2.048969 -249.976471
v -20.769230 -2.043150 -249.976471
v -19.230770 -2.037630 -249.976471
v -17.692308 -2.032404 -249.976471
v -16.153847 -2.027480 -249.976471
v -14.615385 -2.022871 -249.976471
v -13.076923 -2.018597 -249.976471
v -11.538462 -2.014687 -249.976471
v -10.000000 -2.011170 -249.976471
v -8.461538 -2.008080 -249.976471
v -6.923077 -2.005451 -249.976471
v -5.384615 -2.003313 -249.976471
v -3.846154 -2.001692 -249.976471
v -2.307692 -2.000607 -249.976471
v -0.769231 -2.000067 -249.976471
v 0.769231 -2.000065 -249.976471
v 2.307692 -2.000564 -249.976471
v 3.846154 -2.001490 -249.976471
v 5.384615 -2.002759 -249.976471
v 6.923077 -2.004267 -249.976471
v 8.461538 -2.005898 -249.976471
v 10.000000 -2.007522 -249.976471
v 11.538462 -2.008996 -249.976471
v 13.076923 -2.010162 -249.976471
v 14.615385 -2.010858 -249.976471
v 16.153847 -2.010907 -249.976471
v 17.692308 -2.010133 -249.976471
v 19.230770 -2.008351 -249.976471
v 20.769230 -2.005381 -249.976471
v 22.307692 -2.001043 -249.976471
v 23.846153 -1.995163 -249.976471
v 25.384615 -1.987578 -249.976471
v 26.923077 -1.978137 -249.976471
v 28.461538 -1.966705 -249.976471
v 30.000000 -1.953165 -249.976471
v -30.000000 -2.078555 -251.482346
v -28.461538 -2.072487 -251.482346
v -26.923077 -2.066575 -251.482346
v -25.384615 -2.060794 -251.482346
v -23.846153 -2.055131 -251.482346
v -22.307692 -2.049581 -251.482346
v -20.769230 -2.044150 -251.482346
v -19.230770 -2.038855 -251.482346
v -17.692308 -2.033719 -251.482346
v -16.153847 -2.028778 -251.482346
v -14.615385 -2.024071 -251.482346
v -13.076923 -2.019646 -251.482346
v -11.538462 -2.015552 -251.482346
v -10.000000 -2.011842 -251.482346
v -8.461538 -2.008565 -251.482346
v -6.923077 -2.005770 -251.482346
v -5.384615 -2.003498 -251.482346
v -3.846154 -2.001780 -251.482346
v -2.307692 -2.000636 -251.482346
v -0.769231 -2.000070 -251.482346
v 0.769231 -2.000067 -251.482346
v 2.307692 -2.000576 -251.482346
v 3.846154 -2.001505 -251.482346
v 5.384615 -2.002747 -251.482346
v 6.923077 -2.004176 -251.482346
v 8.461538 -2.005651 -251.482346
v 10.000000 -2.007015 -251.482346
v 11.538462 -2.008098 -251.482346
v 13.076923 -2.008718 -251.482346
v 14.615385 -2.008686 -251.482346
v 16.153847 -2.007803 -251.482346
v 17.692308 -2.005869 -251.482346
v 19.230770 -2.002685 -251.482346
v 20.769230 -1.998051 -251.482346
v 22.307692 -1.991776 -251.482346
v 23.846153 -1.983680 -251.482346
v 25.384615 -1.973595 -251.482346
v 26.923077 -1.961370 -251.482346
v 28.461538 -1.946874 -251.482346
v 30.000000 -1.930004 -251.482346
v -30.000000 -2.075935 -252.988235
v -28.461538 -2.071175 -252.988235
v -26.923077 -2.066298 -252.988235
v -25.384615 -2.061303 -252.988235
v -23.846153 -2.056204 -252.988235
v -22.307692 -2.051021 -252.988235
v -20.769230 -2.045791 -252.988235
v -19.230770 -2.040557 -252.988235
v -17.692308 -2.035373 -252.988235
v -16.153847 -2.030300 -252.988235
v -14.615385 -2.025406 -252.988235
v -13.076923 -2.020761 -252.988235
v -11.538462 -2.016436 -252.988235
v -10.000000 -2.012501 -252.988235
v -8.461538 -2.009023 -252.988235
v -6.923077 -2.006059 -252.988235
v -5.384615 -2.003657 -252.988235
v -3.846154 -2.001850 -252.988235
v -2.307692 -2.000656 -252.988235
v -0.769231 -2.000071 -252.988235
v 0.769231 -2.000068 -252.988235
v 2.307692 -2.000577 -252.988235
v 3.846154 -2.001485 -252.988235
v 5.384615 -2.002663 -252.988235
v 6.923077 -2.003958 -252.988235
v 8.461538 -2.005204 -252.988235
v 10.000000 -2.006218 -252.988235
v 11.538462 -2.006803 -252.988235
v 13.076923 -2.006752 -252.988235
v 14.615385 -2.005852 -252.988235
v 16.153847 -2.003883 -252.988235
v 17.692308 -2.000627 -252.988235
v 19.230770 -1.995867 -252.988235
v 20.769230 -1.989393 -252.988235
v 22.307692 -1.981005 -252.988235
v 23.846153 -1.970517 -252.988235
v 25.384615 -1.957763 -252.988235
v 26.923077 -1.942596 -252.988235
v 28.461538 -1.924897 -252.988235
v 30.000000 -1.904573 -252.988235
v -30.000000 -2.075229 -254.494110
v -28.461538 -2.071487 -254.494110
v -26.923077 -2.067374 -254.494110
v -25.384615 -2.062916 -254.494110
v -23.846153 -2.058154 -254.494110
v -22.307692 -2.053138 -254.494110
v -20.769230 -2.047932 -254.494110
v -19.230770 -2.042611 -254.494110
v -17.692308 -2.037255 -254.494110
v -16.153847 -2.031953 -254.494110
v -14.615385 -2.026796 -254.494110
v -13.076923 -2.021876 -254.494110
v -11.538462 -2.017286 -254.494110
v -10.000000 -2.013110 -254.494110
v -8.461538 -2.009425 -254.494110
v -6.923077 -2.006297 -254.494110
v -5.384615 -2.003778 -254.494110
v -3.846154 -2.001897 -254.494110
v -2.307692 -2.000667 -254.494110
v -0.769231 -2.000072 -254.494110
v 0.769231 -2.000068 -254.494110
v 2.307692 -2.000564 -254.494110
v 3.846154 -2.001426 -254.494110
v 5.384615 -2.002497 -254.494110
v 6.923077 -2.003601 -254.494110
v 8.461538 -2.004543 -254.494110
v 10.000000 -2.005114 -254.494110
v 11.538462 -2.005091 -254.494110
v 13.076923 -2.004246 -254.494110
v 14.615385 -2.002341 -254.494110
v 16.153847 -1.999139 -254.494110
v 17.692308 -1.994404 -254.494110
v 19.230770 -1.987907 -254.494110
v 20.769230 -1.979430 -254.494110
v 22.307692 -1.968768 -254.494110
v 23.846153 -1.955735 -254.494110
v 25.384615 -1.940168 -254.494110
v 26.923077 -1.921932 -254.494110
v 28.461538 -1.900918 -254.494110
v 30.000000 -1.877056 -254.494110
v -30.000000 -2.076230 -256.000000
v -28.461538 -2.073219 -256.000000
v -26.923077 -2.069606 -256.000000
v -25.384615 -2.065444 -256.000000
v -23.846153 -2.060805 -256.000000
v -22.307692 -2.055768 -256.000000
v -20.769230 -2.050427 -256.000000
v -19.230770 -2.044885 -256.000000
v -17.692308 -2.039250 -256.000000
v -16.153847 -2.033636 -256.000000
v -14.615385 -2.028158 -256.000000
v -13.076923 -2.022927 -256.000000
v -11.538462 -2.018051 -256.000000
v -10.000000 -2.013628 -256.000000
v -8.461538 -2.009744 -256.000000
v -6.923077 -2.006468 -256.000000
v -5.384615 -2.003850 -256.000000
v -3.846154 -2.001916 -256.000000
v -2.307692 -2.000666 -256.000000
v -0.769231 -2.000071 -256.000000
v 0.769231 -2.000066 -256.000000
v 2.307692 -2.000537 -256.000000
v 3.846154 -2.001325 -256.000000
v 5.384615 -2.002246 -256.000000
v 6.923077 -2.003097 -256.000000
v 8.461538 -2.003657 -256.000000
v 10.000000 -2.003691 -256.000000
v 11.538462 -2.002953 -256.000000
v 13.076923 -2.001191 -256.000000
v 14.615385 -1.998149 -256.000000
v 16.153847 -1.993572 -256.000000
v 17.692308 -1.987212 -256.000000
v 19.230770 -1.978831 -256.000000
v 20.769230 -1.968205 -256.000000
v 22.307692 -1.955128 -256.000000
v 23.846153 -1.939420 -256.000000
v 25.384615 -1.920925 -256.000000
v 26.923077 -1.899521 -256.000000
v 28.461538 -1.875118 -256.000000
v 30.000000 -1.847666 -256.000000
v -30.000000 -2.078706 -257.505890
v -28.461538 -2.076146 -257.505890
v -26.923077 -2.072778 -257.505890
v -25.384615 -2.068686 -257.505890
v -23.846153 -2.063970 -257.505890
v -22.307692 -2.058742 -257.505890
v -20.769230 -2.053124 -257.505890
v -19.230770 -2.047246 -257.505890
v -17.692308 -2.041244 -257.505890
v -16.153847 -2.035254 -257.505890
v -14.615385 -2.029413 -257.505890
v -13.076923 -2.023848 -257.505890
v -11.538462 -2.018681 -257.505890
v -10.000000 -2.014020 -257.505890
v -8.461538 -2.009954 -257.505890
v -6.923077 -2.006553 -257.505890
v -5.384615 -2.003864 -257.505890
v -3.846154 -2.001901 -257.505890
v -2.307692 -2.000652 -257.505890
v -0.769231 -2.000068 -257.505890
v 0.769231 -2.000062 -257.505890
v 2.307692 -2.000494 -257.505890
v 3.846154 -2.001178 -257.505890
v 5.384615 -2.001902 -257.505890
v 6.923077 -2.002438 -257.505890
v 8.461538 -2.002539 -257.505890
v 10.000000 -2.001943 -257.505890
v 11.538462 -2.000384 -257.505890
v 13.076923 -1.997588 -257.505890
v 14.615385 -1.993283 -257.505890
v 16.153847 -1.987200 -257.505890
v 17.692308 -1.979081 -257.505890
v 19.230770 -1.968683 -257.505890
v 20.769230 -1.955781 -257.505890
v 22.307692 -1.940172 -257.505890
v 23.846153 -1.921684 -257.505890
v 25.384615 -1.900174 -257.505890
v 26.923077 -1.875536 -257.505890
v 28.461538 -1.847704 -257.505890
v 30.000000 -1.816651 -257.505890
v -30.000000 -2.082402 -259.011780
v -28.461538 -2.080025 -259.011780
v -26.923077 -2.076662 -259.011780
v -25.384615 -2.072429 -259.011780
v -23.846153 -2.067456 -259.011780
v -22.307692 -2.061884 -259.011780
v -20.769230 -2.055866 -259.011780
v -19.230770 -2.049558 -259.011780
v -17.692308 -2.043120 -259.011780
v -16.153847 -2.036710 -259.011780
v -14.615385 -2.030481 -259.011780
v -13.076923 -2.024577 -259.011780
v -11.538462 -2.019129 -259.011780
v -10.000000 -2.014250 -259.011780
v -8.461538 -2.010031 -259.011780
v -6.923077 -2.006539 -259.011780
v -5.384615 -2.003810 -259.011780
v -3.846154 -2.001849 -259.011780
v -2.307692 -2.000624 -259.011780
v -0.769231 -2.000064 -259.011780
v 0.769231 -2.000057 -259.011780
v 2.307692 -2.000434 -259.011780
v 3.846154 -2.000983 -259.011780
v 5.384615 -2.001464 -259.011780
v 6.923077 -2.001623 -259.011780
v 8.461538 -2.001185 -259.011780
v 10.000000 -1.999870 -259.011780
v 11.538462 -1.997387 -259.011780
v 13.076923 -1.993445 -259.011780
v 14.615385 -1.987759 -259.011780
v 16.153847 -1.980051 -259.011780
v 17.692308 -1.970055 -259.011780
v 19.230770 -1.957525 -259.011780
v 20.769230 -1.942241 -259.011780
v 22.307692 -1.924007 -259.011780
v 23.846153 -1.902661 -259.011780
v 25.384615 -1.878080 -259.011780
v 26.923077 -1.850176 -259.011780
v 28.461538 -1.818909 -259.011780
v 30.000000 -1.784282 -259.011780
v -30.000000 -2.087046 -260.517639
v -28.461538 -2.084599 -260.517639
v -26.923077 -2.081020 -260.517639
v -25.384615 -2.076454 -260.517639
v -23.846153 -2.071063 -260.517639
v -22.307692 -2.065018 -260.517639
v -20.769230 -2.058499 -260.517639
v -19.230770 -2.051688 -260.517639
v -17.692308 -2.044765 -260.517639
v -16.153847 -2.037909 -260.517639
v -14.615385 -2.031288 -260.517639
v -13.076923 -2.025056 -260.517639
v -11.538462 -2.019350 -260.517639
v -10.000000 -2.014287 -260.517639
v -8.461538 -2.009953 -260.517639
v -6.923077 -2.006410 -260.517639
v -5.384615 -2.003682 -260.517639
v -3.846154 -2.001756 -260.517639
v -2.307692 -2.000580 -260.517639
v -0.769231 -2.000058 -260.517639
v 0.769231 -2.000049 -260.517639
v 2.307692 -2.000357 -260.517639
v 3.846154 -2.000739 -260.517639
v 5.384615 -2.000930 -260.517639
v 6.923077 -2.000648 -260.517639
v 8.461538 -1.999598 -260.517639
v 10.000000 -1.997475 -260.517639
v 11.538462 -1.993971 -260.517639
v 13.076923 -1.988781 -260.517639
v 14.615385 -1.981608 -260.517639
v 16.153847 -1.972167 -260.517639
v 17.692308 -1.960190 -260.517639
v 19.230770 -1.945435 -260.517639
v 20.769230 -1.927685 -260.517639
v 22.307692 -1.906758 -260.517639
v 23.846153 -1.882508 -260.517639
v 25.384615 -1.854830 -260.517639
v 26.923077 -1.823662 -260.517639
v 28.461538 -1.788992 -260.517639
v 30.000000 -1.750854 -260.517639
v -30.000000 -2.092351 -262.023529
v -28.461538 -2.089602 -262.023529
v -26.923077 -2.085605 -262.023529
v -25.384615 -2.080538 -262.023529
v -23.846153 -2.074592 -262.023529
v -22.307692 -2.067968 -262.023529
v -20.769230 -2.060871 -262.023529
v -19.230770 -2.053504 -262.023529
v -17.692308 -2.046071 -262.023529
v -16.153847 -2.038764 -262.023529
v -14.615385 -2.031762 -262.023529
v -13.076923 -2.025229 -262.023529
v -11.538462 -2.019304 -262.023529
v -10.000000 -2.014101 -262.023529
v -8.461538 -2.009702 -262.023529
v -6.923077 -2.006156 -262.023529
v -5.384615 -2.003472 -262.023529
v -3.846154 -2.001618 -262.023529
v -2.307692 -2.000519 -262.023529
v -0.769231 -2.000050 -262.023529
v 0.769231 -2.000040 -262.023529
v 2.307692 -2.000262 -262.023529
v 3.846154 -2.000445 -262.023529
v 5.384615 -2.000299 -262.023529
v 6.923077 -1.999517 -262.023529
v 8.461538 -1.997781 -262.023529
v 10.000000 -1.994767 -262.023529
v 11.538462 -1.990152 -262.023529
v 13.076923 -1.983621 -262.023529
v 14.615385 -1.974867 -262.023529
v 16.153847 -1.963602 -262.023529
v 17.692308 -1.949561 -262.023529
v 19.230770 -1.932506 -262.023529
v 20.769230 -1.912232 -262.023529
v 22.307692 -1.888572 -262.023529
v 23.846153 -1.861398 -262.023529
v 25.384615 -1.830630 -262.023529
v 26.923077 -1.796234 -262.023529
v 28.461538 -1.758227 -262.023529
v 30.000000 -1.716679 -262.023529
v -30.000000 -2.098024 -263.529419
v -28.461538 -2.094762 -263.529419
v -26.923077 -2.090170 -263.529419
v -25.384615 -2.084458 -263.529419
v -23.846153 -2.077847 -263.529419
v -22.307692 -2.070562 -263.529419
v -20.769230 -2.062833 -263.529419
v -19.230770 -2.054884 -263.529419
v -17.692308 -2.046935 -263.529419
v -16.153847 -2.039190 -263.529419
v -14.615385 -2.031839 -263.529419
v -13.076923 -2.025047 -263.529419
v -11.538462 -2.018953 -263.529419
v -10.000000 -2.013667 -263.529419
v -8.461538 -2.009260 -263.529419
v -6.923077 -2.005766 -263.529419
v -5.384615 -2.003176 -263.529419
v -3.846154 -2.001435 -263.529419
v -2.307692 -2.000440 -263.529419
v -0.769231 -2.000039 -263.529419
v 0.769231 -2.000028 -263.529419
v 2.307692 -2.000149 -263.529419
v 3.846154 -2.000102 -263.529419
v 5.384615 -1.999574 -263.529419
v 6.923077 -1.998233 -263.529419
v 8.461538 -1.995742 -263.529419
v 10.000000 -1.991761 -263.529419
v 11.538462 -1.985955 -263.529419
v 13.076923 -1.977999 -263.529419
v 14.615385 -1.967584 -263.529419
v 16.153847 -1.954422 -263.529419
v 17.692308 -1.938252 -263.529419
v 19.230770 -1.918846 -263.529419
v 20.769230 -1.896015 -263.529419
v 22.307692 -1.869608 -263.529419
v 23.846153 -1.839522 -263.529419
v 25.384615 -1.805703 -263.529419
v 26.923077 -1.768147 -263.529419
v 28.461538 -1.726906 -263.529419
v 30.000000 -1.682084 -263.529419
v -30.000000 -2.103766 -265.035309
v -28.461538 -2.099807 -265.035309
v -26.923077 -2.094471 -265.035309
v -25.384615 -2.087998 -265.035309
v -23.846153 -2.080636 -265.035309
v -22.307692 -2.072635 -265.035309
v -20.769230 -2.064245 -265.035309
v -19.230770 -2.055710 -265.035309
v -17.692308 -2.047261 -265.035309
v -16.153847 -2.039114 -265.035309
v -14.615385 -2.031460 -265.035309
v -13.076923 -2.024467 -265.035309
v -11.538462 -2.018268 -265.035309
v -10.000000 -2.012964 -265.035309
v -8.461538 -2.008614 -265.035309
v -6.923077 -2.005233 -265.035309
v -5.384615 -2.002789 -265.035309
v -3.846154 -2.001204 -265.035309
v -2.307692 -2.000345 -265.035309
v -0.769231 -2.000027 -265.035309
v 0.769231 -2.000015 -265.035309
v 2.307692 -2.000017 -265.035309
v 3.846154 -1.999711 -265.035309
v 5.384615 -1.998756 -265.035309
v 6.923077 -1.996802 -265.035309
v 8.461538 -1.993493 -265.035309
v 10.000000 -1.988477 -265.035309
v 11.538462 -1.981409 -265.035309
v 13.076923 -1.971959 -265.035309
v 14.615385 -1.959817 -265.035309
v 16.153847 -1.944701 -265.035309
v 17.692308 -1.926358 -265.035309
v 19.230770 -1.904575 -265.035309
v 20.769230 -1.879178 -265.035309
v 22.307692 -1.850040 -265.035309
v 23.846153 -1.817084 -265.035309
v 25.384615 -1.780285 -265.035309
v 26.923077 -1.739672 -265.035309
v 28.461538 -1.695331 -265.035309
v 30.000000 -1.647405 -265.035309
v -30.000000 -2.109281 -266.541168
v -28.461538 -2.104470 -266.541168
v -26.923077 -2.098269 -266.541168
v -25.384615 -2.090947 -266.541168
v -23.846153 -2.082776 -266.541168
v -22.307692 -2.074031 -266.541168
v -20.769230 -2.064978 -266.541168
v -19.230770 -2.055876 -266.541168
v -17.692308 -2.046965 -266.541168
v -16.153847 -2.038467 -266.541168
v -14.615385 -2.030575 -266.541168
v -13.076923 -2.023451 -266.541168
v -11.538462 -2.017223 -266.541168
v -10.000000 -2.011977 -266.541168
v -8.461538 -2.007755 -266.541168
v -6.923077 -2.004551 -266.541168
v -5.384615 -2.002311 -266.541168
v -3.846154 -2.000924 -266.541168
v -2.307692 -2.000231 -266.541168
v -0.769231 -2.000013 -266.541168
v 0.769231 -2.000000 -266.541168
v 2.307692 -1.999869 -266.541168
v 3.846154 -1.999274 -266.541168
v 5.384615 -1.997851 -266.541168
v 6.923077 -1.995233 -266.541168
v 8.461538 -1.991050 -266.541168
v 10.000000 -1.984938 -266.541168
v 11.538462 -1.976548 -266.541168
v 13.076923 -1.965549 -266.541168
v 14.615385 -1.951633 -266.541168
v 16.153847 -1.934525 -266.541168
v 17.692308 -1.913988 -266.541168
v 19.230770 -1.889823 -266.541168
v 20.769230 -1.861879 -266.541168
v 22.307692 -1.830054 -266.541168
v 23.846153 -1.794299 -266.541168
v 25.384615 -1.754621 -266.541168
v 26.923077 -1.711083 -266.541168
v 28.461538 -1.663809 -266.541168
v 30.000000 -1.612979 -266.541168
v -30.000000 -2.114278 -268.047058
v -28.461538 -2.108490 -268.047058
v -26.923077 -2.101335 -268.047058
v -25.384615 -2.093106 -268.047058
v -23.846153 -2.084099 -268.047058
v -22.307692 -2.074608 -268.047058
v -20.769230 -2.064914 -268.047058
v -19.230770 -2.055285 -268.047058
v -17.692308 -2.045971 -268.047058
v -16.153847 -2.037193 -268.047058
v -14.615385 -2.029141 -268.047058
v -13.076923 -2.021972 -268.047058
v -11.538462 -2.015799 -268.047058
v -10.000000 -2.010694 -268.047058
v -8.461538 -2.006676 -268.047058
v -6.923077 -2.003719 -268.047058
v -5.384615 -2.001738 -268.047058
v -3.846154 -2.000597 -268.047058
v -2.307692 -2.000100 -268.047058
v -0.769231 -1.999997 -268.047058
v 0.769231 -1.999982 -268.047058
v 2.307692 -1.999705 -268.047058
v 3.846154 -1.998793 -268.047058
v 5.384615 -1.996865 -268.047058
v 6.923077 -1.993538 -268.047058
v 8.461538 -1.988431 -268.047058
v 10.000000 -1.981174 -268.047058
v 11.538462 -1.971415 -268.047058
v 13.076923 -1.958824 -268.047058
v 14.615385 -1.943103 -268.047058
v 16.153847 -1.923988 -268.047058
v 17.692308 -1.901256 -268.047058
v 19.230770 -1.874730 -268.047058
v 20.769230 -1.844284 -268.047058
v 22.307692 -1.809843 -268.047058
v 23.846153 -1.771389 -268.047058
v 25.384615 -1.728962 -268.047058
v 26.923077 -1.682663 -268.047058
v 28.461538 -1.632651 -268.047058
v 30.000000 -1.579146 -268.047058
v -30.000000 -2.118478 -269.552948
v -28.461538 -2.111622 -269.552948
v -26.923077 -2.103454 -269.552948
v -25.384615 -2.094291 -269.552948
v -23.846153 -2.084449 -269.552948
v -22.307692 -2.074236 -269.552948
v -20.769230 -2.063948 -269.552948
v -19.230770 -2.053858 -269.552948
v -17.692308 -2.044217 -269.552948
v -16.153847 -2.035246 -269.552948
v -14.615385 -2.027128 -269.552948
v -13.076923 -2.020008 -269.552948
v -11.538462 -2.013983 -269.552948
v -10.000000 -2.009107 -269.552948
v -8.461538 -2.005376 -269.552948
v -6.923077 -2.002736 -269.552948
v -5.384615 -2.001074 -269.552948
v -3.846154 -2.000222 -269.552948
v -2.307692 -1.999952 -269.552948
v -0.769231 -1.999979 -269.552948
v 0.769231 -1.999963 -269.552948
v 2.307692 -1.999524 -269.552948
v 3.846154 -1.998271 -269.552948
v 5.384615 -1.995806 -269.552948
v 6.923077 -1.991731 -269.552948
v 8.461538 -1.985659 -269.552948
v 10.000000 -1.977217 -269.552948
v 11.538462 -1.966054 -269.552948
v 13.076923 -1.951847 -269.552948
v 14.615385 -1.934307 -269.552948
v 16.153847 -1.913187 -269.552948
v 17.692308 -1.888283 -269.552948
v 19.230770 -1.859443 -269.552948
v 20.769230 -1.826564 -269.552948
v 22.307692 -1.789605 -269.552948
v 23.846153 -1.748579 -269.552948
v 25.384615 -1.703562 -269.552948
v 26.923077 -1.654691 -269.552948
v 28.461538 -1.602163 -269.552948
v 30.000000 -1.546237 -269.552948
v -30.000000 -2.121617 -271.058838
v -28.461538 -2.113636 -271.058838
v -26.923077 -2.104429 -271.058838
v -25.384615 -2.094336 -271.058838
v -23.846153 -2.083688 -271.058838
v -22.307692 -2.072806 -271.058838
v -20.769230 -2.061993 -271.058838
v -19.230770 -2.051526 -271.058838
v -17.692308 -2.041654 -271.058838
v -16.153847 -2.032592 -271.058838
v -14.615385 -2.024513 -271.058838
v -13.076923 -2.017545 -271.058838
v -11.538462 -2.011770 -271.058838
v -10.000000 -2.007216 -271.058838
v -8.461538 -2.003855 -271.058838
v -6.923077 -2.001604 -271.058838
v -5.384615 -2.000321 -271.058838
v -3.846154 -1.999802 -271.058838
v -2.307692 -1.999788 -271.058838
v -0.769231 -1.999960 -271.058838
v 0.769231 -1.999943 -271.058838
v 2.307692 -1.999330 -271.058838
v 3.846154 -1.997714 -271.058838
v 5.384615 -1.994681 -271.058838
v 6.923077 -1.989826 -271.058838
v 8.461538 -1.982758 -271.058838
v 10.000000 -1.973103 -271.058838
v 11.538462 -1.960515 -271.058838
v 13.076923 -1.944683 -271.058838
v 14.615385 -1.925330 -271.058838
v 16.153847 -1.902229 -271.058838
v 17.692308 -1.875198 -271.058838
v 19.230770 -1.844111 -271.058838
v 20.769230 -1.808896 -271.058838
v 22.307692 -1.769541 -271.058838
v 23.846153 -1.726096 -271.058838
v 25.384615 -1.678672 -271.058838
v 26.923077 -1.627443 -271.058838
v 28.461538 -1.572644 -271.058838
v 30.000000 -1.514571 -271.058838
v -30.000000 -2.123453 -272.564697
v -28.461538 -2.114322 -272.564697
v -26.923077 -2.104084 -272.564697
v -25.384615 -2.093095 -272.564697
v -23.846153 -2.081698 -272.564697
v -22.307692 -2.070224 -272.564697
v -20.769230 -2.058978 -272.564697
v -19.230770 -2.048238 -272.564697
v -17.692308 -2.038247 -272.564697
v -16.153847 -2.029208 -272.564697
v -14.615385 -2.021283 -272.564697
v -13.076923 -2.014580 -272.564697
v -11.538462 -2.009160 -272.564697
v -10.000000 -2.005025 -272.564697
v -8.461538 -2.002119 -272.564697
v -6.923077 -2.000330 -272.564697
v -5.384615 -1.999482 -272.564697
v -3.846154 -1.999340 -272.564697
v -2.307692 -1.999609 -272.564697
v -0.769231 -1.999938 -272.564697
v 0.769231 -1.999920 -272.564697
v 2.307692 -1.999124 -272.564697
v 3.846154 -1.997125 -272.564697
v 5.384615 -1.993501 -272.564697
v 6.923077 -1.987842 -272.564697
v 8.461538 -1.979755 -272.564697
v 10.000000 -1.968871 -272.564697
v 11.538462 -1.954853 -272.564697
v 13.076923 -1.937401 -272.564697
v 14.615385 -1.916260 -272.564697
v 16.153847 -1.891222 -272.564697
v 17.692308 -1.862131 -272.564697
v 19.230770 -1.828888 -272.564697
v 20.769230 -1.791455 -272.564697
v 22.307692 -1.749852 -272.564697
v 23.846153 -1.704165 -272.564697
v 25.384615 -1.654540 -272.564697
v 26.923077 -1.601189 -272.564697
v 28.461538 -1.544383 -272.564697
v 30.000000 -1.484453 -272.564697
v -30.000000 -2.123768 -274.070587
v -28.461538 -2.113499 -274.070587
v -26.923077 -2.102268 -274.070587
v -25.384615 -2.090445 -274.070587
v -23.846153 -2.078384 -274.070587
v -22.307692 -2.066417 -274.070587
v -20.769230 -2.054852 -274.070587
v -19.230770 -2.043959 -274.070587
v -17.692308 -2.033974 -274.070587
v -16.153847 -2.025086 -274.070587
v -14.615385 -2.017438 -274.070587
v -13.076923 -2.011118 -274.070587
v -11.538462 -2.006161 -274.070587
v -10.000000 -2.002542 -274.070587
v -8.461538 -2.000177 -274.070587
v -6.923077 -1.998920 -274.070587
v -5.384615 -1.998563 -274.070587
v -3.846154 -1.998838 -274.070587
v -2.307692 -1.999417 -274.070587
v -0.769231 -1.999916 -274.070587
v 0.769231 -1.999897 -274.070587
v 2.307692 -1.998907 -274.070587
v 3.846154 -1.996510 -274.070587
v 5.384615 -1.992277 -274.070587
v 6.923077 -1.985797 -274.070587
v 8.461538 -1.976679 -274.070587
v 10.000000 -1.964562 -274.070587
v 11.538462 -1.949122 -274.070587
v 13.076923 -1.930076 -274.070587
v 14.615385 -1.907188 -274.070587
v 16.153847 -1.880276 -274.070587
v 17.692308 -1.849212 -274.070587
v 19.230770 -1.813928 -274.070587
v 20.769230 -1.774417 -274.070587
v 22.307692 -1.730735 -274.070587
v 23.846153 -1.683002 -274.070587
v 25.384615 -1.631402 -274.070587
v 26.923077 -1.576182 -274.070587
v 28.461538 -1.517649 -274.070587
v 30.000000 -1.456168 -274.070587
v -30.000000 -2.122370 -275.576477
v -28.461538 -2.111007 -275.576477
v -26.923077 -2.098855 -275.576477
v -25.384615 -2.086290 -275.576477
v -23.846153 -2.073673 -275.576477
v -22.307692 -2.061337 -275.576477
v -20.769230 -2.049582 -275.576477
v -19.230770 -2.038673 -275.576477
v -17.692308 -2.028831 -275.576477
v -16.153847 -2.020229 -275.576477
v -14.615385 -2.012987 -275.576477
v -13.076923 -2.007171 -275.576477
v -11.538462 -2.002788 -275.576477
v -10.000000 -1.999784 -275.576477
v -8.461538 -1.998042 -275.576477
v -6.923077 -1.997385 -275.576477
v -5.384615 -1.997571 -275.576477
v -3.846154 -1.998301 -275.576477
v -2.307692 -1.999213 -275.576477
v -0.769231 -1.999892 -275.576477
v 0.769231 -1.999872 -275.576477
v 2.307692 -1.998681 -275.576477
v 3.846154 -1.995874 -275.576477
v 5.384615 -1.991021 -275.576477
v 6.923077 -1.983711 -275.576477
v 8.461538 -1.973560 -275.576477
v 10.000000 -1.960219 -275.576477
v 11.538462 -1.943380 -275.576477
v 13.076923 -1.922780 -275.576477
v 14.615385 -1.898206 -275.576477
v 16.153847 -1.869503 -275.576477
v 17.692308 -1.836574 -275.576477
v 19.230770 -1.799381 -275.576477
v 20.769230 -1.757952 -275.576477
v 22.307692 -1.712379 -275.576477
v 23.846153 -1.662816 -275.576477
v 25.384615 -1.609484 -275.576477
v 26.923077 -1.552662 -275.576477
v 28.461538 -1.492694 -275.576477
v 30.000000 -1.429974 -275.576477
v -30.000000 -2.119099 -277.082367
v -28.461538 -2.106722 -277.082367
v -26.923077 -2.093748 -277.082367
v -25.384615 -2.080560 -277.082367
v -23.846153 -2.067518 -277.082367
v -22.307692 -2.054953 -277.082367
v -20.769230 -2.043157 -277.082367
v -19.230770 -2.032381 -277.082367
v -17.692308 -2.022829 -277.082367
v -16.153847 -2.014654 -277.082367
v -14.615385 -2.007952 -277.082367
v -13.076923 -2.002762 -277.082367
v -11.538462 -1.999062 -277.082367
v -10.000000 -1.996767 -277.082367
v -8.461538 -1.995729 -277.082367
v -6.923077 -1.995736 -277.082367
v -5.384615 -1.996515 -277.082367
v -3.846154 -1.997733 -277.082367
v -2.307692 -1.998999 -277.082367
v -0.769231 -1.999867 -277.082367
v 0.769231 -1.999847 -277.082367
v 2.307692 -1.998449 -277.082367
v 3.846154 -1.995225 -277.082367
v 5.384615 -1.989745 -277.082367
v 6.923077 -1.981605 -277.082367
v 8.461538 -1.970430 -277.082367
v 10.000000 -1.955887 -277.082367
v 11.538462 -1.937686 -277.082367
v 13.076923 -1.915588 -277.082367
v 14.615385 -1.889406 -277.082367
v 16.153847 -1.859013 -277.082367
v 17.692308 -1.824343 -277.082367
v 19.230770 -1.785394 -277.082367
v 20.769230 -1.742226 -277.082367
v 22.307692 -1.694966 -277.082367
v 23.846153 -1.643804 -277.082367
v 25.384615 -1.588994 -277.082367
v 26.923077 -1.530850 -277.082367
v 28.461538 -1.469744 -277.082367
v 30.000000 -1.406102 -277.082367
v -30.000000 -2.113832 -278.588226
v -28.461538 -2.100549 -278.588226
v -26.923077 -2.086880 -278.588226
v -25.384615 -2.073211 -278.588226
v -23.846153 -2.059898 -278.588226
v -22.307692 -2.047262 -278.588226
v -20.769230 -2.035585 -278.588226
v -19.230770 -2.025100 -278.588226
v -17.692308 -2.015992 -278.588226
v -16.153847 -2.008389 -278.588226
v -14.615385 -2.002363 -278.588226
v -13.076923 -1.997921 -278.588226
v -11.538462 -1.995012 -278.588226
v -10.000000 -1.993518 -278.588226
v -8.461538 -1.993258 -278.588226
v -6.923077 -1.993989 -278.588226
v -5.384615 -1.995404 -278.588226
v -3.846154 -1.997140 -278.588226
v -2.307692 -1.998776 -278.588226
v -0.769231 -1.999842 -278.588226
v 0.769231 -1.999820 -278.588226
v 2.307692 -1.998213 -278.588226
v 3.846154 -1.994569 -278.588226
v 5.384615 -1.988463 -278.588226
v 6.923077 -1.979500 -278.588226
v 8.461538 -1.967322 -278.588226
v 10.000000 -1.951610 -278.588226
v 11.538462 -1.932099 -278.588226
v 13.076923 -1.908574 -278.588226
v 14.615385 -1.880877 -278.588226
v 16.153847 -1.848912 -278.588226
v 17.692308 -1.812644 -278.588226
v 19.230770 -1.772106 -278.588226
v 20.769230 -1.727393 -278.588226
v 22.307692 -1.678665 -278.588226
v 23.846153 -1.626146 -278.588226
v 25.384615 -1.570123 -278.588226
v 26.923077 -1.510941 -278.588226
v 28.461538 -1.449000 -278.588226
v 30.000000 -1.384752 -278.588226
v -30.000000 -2.106480 -280.094116
v -28.461538 -2.092429 -280.094116
v -26.923077 -2.078219 -280.094116
v -25.384615 -2.064232 -280.094116
v -23.846153 -2.050817 -280.094116
v -22.307692 -2.038283 -280.094116
v -20.769230 -2.026896 -280.094116
v -19.230770 -2.016869 -280.094116
v -17.692308 -2.008362 -280.094116
v -16.153847 -2.001479 -280.094116
v -14.615385 -1.996260 -280.094116
v -13.076923 -1.992686 -280.094116
v -11.538462 -1.990670 -280.094116
v -10.000000 -1.990063 -280.094116
v -8.461538 -1.990652 -280.094116
v -6.923077 -1.992159 -280.094116
v -5.384615 -1.994249 -280.094116
v -3.846154 -1.996528 -280.094116
v -2.307692 -1.998548 -280.094116
v -0.769231 -1.999815 -280.094116
v 0.769231 -1.999794 -280.094116
v 2.307692 -1.997975 -280.094116
v 3.846154 -1.993912 -280.094116
v 5.384615 -1.987187 -280.094116
v 6.923077 -1.977419 -280.094116
v 8.461538 -1.964266 -280.094116
v 10.000000 -1.947433 -280.094116
v 11.538462 -1.926677 -280.094116
v 13.076923 -1.901810 -280.094116
v 14.615385 -1.872707 -280.094116
v 16.153847 -1.839302 -280.094116
v 17.692308 -1.801594 -280.094116
v 19.230770 -1.759649 -280.094116
v 20.769230 -1.713596 -280.094116
v 22.307692 -1.663629 -280.094116
v 23.846153 -1.610005 -280.094116
v 25.384615 -1.553039 -280.094116
v 26.923077 -1.493106 -280.094116
v 28.461538 -1.430630 -280.094116
v 30.000000 -1.366086 -280.094116
v -30.000000 -2.096991 -281.600006
v -28.461538 -2.082337 -281.600006
v -26.923077 -2.067761 -281.600006
v -25.384615 -2.053639 -281.600006
v -23.846153 -2.040307 -281.600006
v -22.307692 -2.028059 -281.600006
v -20.769230 -2.017139 -281.600006
v -19.230770 -2.007739 -281.600006
v -17.692308 -1.999993 -281.600006
v -16.153847 -1.993975 -281.600006
v -14.615385 -1.989696 -281.600006
v -13.076923 -1.987102 -281.600006
v -11.538462 -1.986076 -281.600006
v -10.000000 -1.986436 -281.600006
v -8.461538 -1.987935 -281.600006
v -6.923077 -1.990265 -281.600006
v -5.384615 -1.993061 -281.600006
v -3.846154 -1.995902 -281.600006
v -2.307692 -1.998317 -281.600006
v -0.769231 -1.999789 -281.600006
v 0.769231 -1.999767 -281.600006
v 2.307692 -1.997738 -281.600006
v 3.846154 -1.993261 -281.600006
v 5.384615 -1.985932 -281.600006
v 6.923077 -1.975384 -281.600006
v 8.461538 -1.961297 -281.600006
v 10.000000 -1.943399 -281.600006
v 11.538462 -1.921475 -281.600006
v 13.076923 -1.895367 -281.600006
v 14.615385 -1.864979 -281.600006
v 16.153847 -1.830280 -281.600006
v 17.692308 -1.791302 -281.600006
v 19.230770 -1.748143 -281.600006
v 20.769230 -1.700966 -281.600006
v 22.307692 -1.649997 -281.600006
v 23.846153 -1.595523 -281.600006
v 25.384615 -1.537887 -281.600006
v 26.923077 -1.477487 -281.600006
v 28.461538 -1.414772 -281.600006
v 30.000000 -1.350233 -281.600006
v -30.000000 -2.085354 -283.105896
v -28.461538 -2.070284 -283.105896
v -26.923077 -2.055538 -283.105896
v -25.384615 -2.041477 -283.105896
v -23.846153 -2.028425 -283.105896
v -22.307692 -2.016653 -283.105896
v -20.769230 -2.006384 -283.105896
v -19.230770 -1.997783 -283.105896
v -17.692308 -1.990955 -283.105896
v -16.153847 -1.985944 -283.105896
v -14.615385 -1.982728 -283.105896
v -13.076923 -1.981222 -283.105896
v -11.538462 -1.981275 -283.105896
v -10.000000 -1.982671 -283.105896
v -8.461538 -1.985134 -283.105896
v -6.923077 -1.988326 -283.105896
v -5.384615 -1.991853 -283.105896
v -3.846154 -1.995270 -283.105896
v -2.307692 -1.998084 -283.105896
v -0.769231 -1.999763 -283.105896
v 0.769231 -1.999741 -283.105896
v 2.307692 -1.997504 -283.105896
v 3.846154 -1.992623 -283.105896
v 5.384615 -1.984709 -283.105896
v 6.923077 -1.973415 -283.105896
v 8.461538 -1.958444 -283.105896
v 10.000000 -1.939551 -283.105896
v 11.538462 -1.916548 -283.105896
v 13.076923 -1.889309 -283.105896
v 14.615385 -1.857771 -283.105896
v 16.153847 -1.821934 -283.105896
v 17.692308 -1.781866 -283.105896
v 19.230770 -1.737695 -283.105896
v 20.769230 -1.689617 -283.105896
v 22.307692 -1.637887 -283.105896
v 23.846153 -1.582819 -283.105896
v 25.384615 -1.524783 -283.105896
v 26.923077 -1.464197 -283.105896
v 28.461538 -1.401528 -283.105896
v 30.000000 -1.337280 -283.105896
v -30.000000 -2.071596 -284.611755
v -28.461538 -2.056319 -284.611755
v -26.923077 -2.041612 -284.611755
v -25.384615 -2.027823 -284.611755
v -23.846153 -2.015253 -284.611755
v -22.307692 -2.004153 -284.611755
v -20.769230 -1.994719 -284.611755
v -19.230770 -1.987085 -284.611755
v -17.692308 -1.981329 -284.611755
v -16.153847 -1.977460 -284.611755
v -14.615385 -1.975424 -284.611755
v -13.076923 -1.975103 -284.611755
v -11.538462 -1.976314 -284.611755
v -10.000000 -1.978808 -284.611755
v -8.461538 -1.982279 -284.611755
v -6.923077 -1.986362 -284.611755
v -5.384615 -1.990637 -284.611755
v -3.846154 -1.994637 -284.611755
v -2.307692 -1.997853 -284.611755
v -0.769231 -1.999737 -284.611755
v 0.769231 -1.999715 -284.611755
v 2.307692 -1.997276 -284.611755
v 3.846154 -1.992006 -284.611755
v 5.384615 -1.983533 -284.611755
v 6.923077 -1.971535 -284.611755
v 8.461538 -1.955738 -284.611755
v 10.000000 -1.935927 -284.611755
v 11.538462 -1.911945 -284.611755
v 13.076923 -1.883698 -284.611755
v 14.615385 -1.851153 -284.611755
v 16.153847 -1.814346 -284.611755
v 17.692308 -1.773374 -284.611755
v 19.230770 -1.728400 -284.611755
v 20.769230 -1.679647 -284.611755
v 22.307692 -1.627397 -284.611755
v 23.846153 -1.571991 -284.611755
v 25.384615 -1.513818 -284.611755
v 26.923077 -1.453316 -284.611755
v 28.461538 -1.390963 -284.611755
v 30.000000 -1.327276 -284.611755
v -30.000000 -2.055784 -286.117645
v -28.461538 -2.040524 -286.117645
v -26.923077 -2.026080 -286.117645
v -25.384615 -2.012779 -286.117645
v -23.846153 -2.000900 -286.117645
v -22.307692 -1.990667 -286.117645
v -20.769230 -1.982248 -286.117645
v -19.230770 -1.975747 -286.117645
v -17.692308 -1.971207 -286.117645
v -16.153847 -1.968607 -286.117645
v -14.615385 -1.967858 -286.117645
v -13.076923 -1.968810 -286.117645
v -11.538462 -1.971245 -286.117645
v -10.000000 -1.974887 -286.117645
v -8.461538 -1.979400 -286.117645
v -6.923077 -1.984394 -286.117645
v -5.384615 -1.989426 -286.117645
v -3.846154 -1.994012 -286.117645
v -2.307692 -1.997626 -286.117645
v -0.769231 -1.999712 -286.117645
v 0.769231 -1.999690 -286.117645
v 2.307692 -1.997057 -286.117645
v 3.846154 -1.991415 -286.117645
v 5.384615 -1.982416 -286.117645
v 6.923077 -1.969761 -286.117645
v 8.461538 -1.953207 -286.117645
v 10.000000 -1.932566 -286.117645
v 11.538462 -1.907714 -286.117645
v 13.076923 -1.878588 -286.117645
v 14.615385 -1.845189 -286.117645
v 16.153847 -1.807584 -286.117645
v 17.692308 -1.765903 -286.117645
v 19.230770 -1.720335 -286.117645
v 20.769230 -1.671133 -286.117645
v 22.307692 -1.618604 -286.117645
v 23.846153 -1.563107 -286.117645
v 25.384615 -1.505052 -286.117645
v 26.923077 -1.444890 -286.117645
v 28.461538 -1.383109 -286.117645
v 30.000000 -1.320228 -286.117645
v -30.000000 -2.038023 -287.623535
v -28.461538 -2.023016 -287.623535
v -26.923077 -2.009065 -287.623535
v -25.384615 -1.996473 -287.623535
v -23.846153 -1.985494 -287.623535
v -22.307692 -1.976322 -287.623535
v -20.769230 -1.969093 -287.623535
v -19.230770 -1.963881 -287.623535
v -17.692308 -1.960695 -287.623535
v -16.153847 -1.959478 -287.623535
v -14.615385 -1.960110 -287.623535
v -13.076923 -1.962408 -287.623535
v -11.538462 -1.966123 -287.623535
v -10.000000 -1.970951 -287.623535
v -8.461538 -1.976529 -287.623535
v -6.923077 -1.982443 -287.623535
v -5.384615 -1.988234 -287.623535
v -3.846154 -1.993400 -287.623535
v -2.307692 -1.997405 -287.623535
v -0.769231 -1.999687 -287.623535
v 0.769231 -1.999666 -287.623535
v 2.307692 -1.996848 -287.623535
v 3.846154 -1.990857 -287.623535
v 5.384615 -1.981369 -287.623535
v 6.923077 -1.968114 -287.623535
v 8.461538 -1.950876 -287.623535
v 10.000000 -1.929501 -287.623535
v 11.538462 -1.903895 -287.623535
v 13.076923 -1.874028 -287.623535
v 14.615385 -1.839934 -287.623535
v 16.153847 -1.801709 -287.623535
v 17.692308 -1.759512 -287.623535
v 19.230770 -1.713562 -287.623535
v 20.769230 -1.664135 -287.623535
v 22.307692 -1.611559 -287.623535
v 23.846153 -1.556212 -287.623535
v 25.384615 -1.498517 -287.623535
v 26.923077 -1.438933 -287.623535
v 28.461538 -1.377956 -287.623535
v 30.000000 -1.316105 -287.623535
v -30.000000 -2.018455 -289.129425
v -28.461538 -2.003946 -289.129425
v -26.923077 -1.990722 -289.129425
v -25.384615 -1.979060 -289.129425
v -23.846153 -1.969185 -289.129425
v -22.307692 -1.961261 -289.129425
v -20.769230 -1.955390 -289.129425
v -19.230770 -1.951612 -289.129425
v -17.692308 -1.949902 -289.129425
v -16.153847 -1.950170 -289.129425
v -14.615385 -1.952264 -289.129425
v -13.076923 -1.955968 -289.129425
v -11.538462 -1.961005 -289.129425
v -10.000000 -1.967043 -289.129425
v -8.461538 -1.973697 -289.129425
v -6.923077 -1.980533 -289.129425
v -5.384615 -1.987074 -289.129425
v -3.846154 -1.992808 -289.129425
v -2.307692 -1.997193 -289.129425
v -0.769231 -1.999664 -289.129425
v 0.769231 -1.999643 -289.129425
v 2.307692 -1.996652 -289.129425
v 3.846154 -1.990338 -289.129425
v 5.384615 -1.980404 -289.129425
v 6.923077 -1.966610 -289.129425
v 8.461538 -1.948770 -289.129425
v 10.000000 -1.926762 -289.129425
v 11.538462 -1.900525 -289.129425
v 13.076923 -1.870060 -289.129425
v 14.615385 -1.835431 -289.129425
v 16.153847 -1.796766 -289.129425
v 17.692308 -1.754250 -289.129425
v 19.230770 -1.708126 -289.129425
v 20.769230 -1.658691 -289.129425
v 22.307692 -1.606292 -289.129425
v 23.846153 -1.551322 -289.129425
v 25.384615 -1.494210 -289.129425
v 26.923077 -1.435425 -289.129425
v 28.461538 -1.375461 -289.129425
v 30.000000 -1.314832 -289.129425
v -30.000000 -1.997258 -290.635284
v -28.461538 -1.983494 -290.635284
v -26.923077 -1.971230 -290.635284
v -25.384615 -1.960716 -290.635284
v -23.846153 -1.952143 -290.635284
v -22.307692 -1.945643 -290.635284
v -20.769230 -1.941284 -290.635284
v -19.230770 -1.939072 -290.635284
v -17.692308 -1.938948 -290.635284
v -16.153847 -1.940788 -290.635284
v -14.615385 -1.944408 -290.635284
v -13.076923 -1.949563 -290.635284
v -11.538462 -1.955948 -290.635284
v -10.000000 -1.963208 -290.635284
v -8.461538 -1.970937 -290.635284
v -6.923077 -1.978683 -290.635284
v -5.384615 -1.985959 -290.635284
v -3.846154 -1.992244 -290.635284
v -2.307692 -1.996993 -290.635284
v -0.769231 -1.999642 -290.635284
v 0.769231 -1.999622 -290.635284
v 2.307692 -1.996471 -290.635284
v 3.846154 -1.989863 -290.635284
v 5.384615 -1.979531 -290.635284
v 6.923077 -1.965263 -290.635284
v 8.461538 -1.946908 -290.635284
v 10.000000 -1.924375 -290.635284
v 11.538462 -1.897633 -290.635284
v 13.076923 -1.866716 -290.635284
v 14.615385 -1.831718 -290.635284
v 16.153847 -1.792791 -290.635284
v 17.692308 -1.750148 -290.635284
v 19.230770 -1.704052 -290.635284
v 20.769230 -1.654819 -290.635284
v 22.307692 -1.602809 -290.635284
v 23.846153 -1.548425 -290.635284
v 25.384615 -1.492104 -290.635284
v 26.923077 -1.434313 -290.635284
v 28.461538 -1.375543 -290.635284
v 30.000000 -1.316301 -290.635284
v -30.000000 -1.974640 -292.141174
v -28.461538 -1.961868 -292.141174
v -26.923077 -1.950794 -292.141174
v -25.384615 -1.941636 -292.141174
v -23.846153 -1.934553 -292.141174
v -22.307692 -1.929641 -292.141174
v -20.769230 -1.926934 -292.141174
v -19.230770 -1.926404 -292.141174
v -17.692308 -1.927956 -292.141174
v -16.153847 -1.931437 -292.141174
v -14.615385 -1.936632 -292.141174
v -13.076923 -1.943265 -292.141174
v -11.538462 -1.951010 -292.141174
v -10.000000 -1.959490 -292.141174
v -8.461538 -1.968279 -292.141174
v -6.923077 -1.976915 -292.141174
v -5.384615 -1.984902 -292.141174
v -3.846154 -1.991713 -292.141174
v -2.307692 -1.996806 -292.141174
v -0.769231 -1.999622 -292.141174
v 0.769231 -1.999603 -292.141174
v 2.307692 -1.996307 -292.141174
v 3.846154 -1.989438 -292.141174
v 5.384615 -1.978758 -292.141174
v 6.923077 -1.964088 -292.141174
v 8.461538 -1.945309 -292.141174
v 10.000000 -1.922360 -292.141174
v 11.538462 -1.895244 -292.141174
v 13.076923 -1.864022 -292.141174
v 14.615385 -1.828817 -292.141174
v 16.153847 -1.789806 -292.141174
v 17.692308 -1.747222 -292.141174
v 19.230770 -1.701348 -292.141174
v 20.769230 -1.652514 -292.141174
v 22.307692 -1.601090 -292.141174
v 23.846153 -1.547485 -292.141174
v 25.384615 -1.492137 -292.141174
v 26.923077 -1.435510 -292.141174
v 28.461538 -1.378087 -292.141174
v 30.000000 -1.320363 -292.141174
v -30.000000 -1.950840 -293.647064
v -28.461538 -1.939300 -293.647064
v -26.923077 -1.929637 -293.647064
v -25.384615 -1.922033 -293.647064
v -23.846153 -1.916612 -293.647064
v -22.307692 -1.913436 -293.647064
v -20.769230 -1.912504 -293.647064
v -19.230770 -1.913752 -293.647064
v -17.692308 -1.917055 -293.647064
v -16.153847 -1.922227 -293.647064
v -14.615385 -1.929024 -293.647064
v -13.076923 -1.937148 -293.647064
v -11.538462 -1.946249 -293.647064
v -10.000000 -1.955930 -293.647064
v -8.461538 -1.965755 -293.647064
v -6.923077 -1.975250 -293.647064
v -5.384615 -1.983914 -293.647064
v -3.846154 -1.991222 -293.647064
v -2.307692 -1.996634 -293.647064
v -0.769231 -1.999603 -293.647064
v 0.769231 -1.999586 -293.647064
v 2.307692 -1.996162 -293.647064
v 3.846154 -1.989066 -293.647064
v 5.384615 -1.978093 -293.647064
v 6.923077 -1.963095 -293.647064
v 8.461538 -1.943985 -293.647064
v 10.000000 -1.920734 -293.647064
v 11.538462 -1.893374 -293.647064
v 13.076923 -1.861995 -293.647064
v 14.615385 -1.826743 -293.647064
v 16.153847 -1.787819 -293.647064
v 17.692308 -1.745473 -293.647064
v 19.230770 -1.700004 -293.647064
v 20.769230 -1.651751 -293.647064
v 22.307692 -1.601093 -293.647064
v 23.846153 -1.548438 -293.647064
v 25.384615 -1.494222 -293.647064
v 26.923077 -1.438902 -293.647064
v 28.461538 -1.382947 -293.647064
v 30.000000 -1.326837 -293.647064
v -30.000000 -1.926122 -295.152954
v -28.461538 -1.916046 -295.152954
v -26.923077 -1.908000 -295.152954
v -25.384615 -1.902131 -295.152954
v -23.846153 -1.898528 -295.152954
v -22.307692 -1.897217 -295.152954
v -20.769230 -1.898162 -295.152954
v -19.230770 -1.901266 -295.152954
v -17.692308 -1.906372 -295.152954
v -16.153847 -1.913265 -295.152954
v -14.615385 -1.921677 -295.152954
v -13.076923 -1.931284 -295.152954
v -11.538462 -1.941719 -295.152954
v -10.000000 -1.952571 -295.152954
v -8.461538 -1.963393 -295.152954
v -6.923077 -1.973705 -295.152954
v -5.384615 -1.983006 -295.152954
v -3.846154 -1.990775 -295.152954
v -2.307692 -1.996480 -295.152954
v -0.769231 -1.999587 -295.152954
v 0.769231 -1.999570 -295.152954
v 2.307692 -1.996036 -295.152954
v 3.846154 -1.988751 -295.152954
v 5.384615 -1.977541 -295.152954
v 6.923077 -1.962292 -295.152954
v 8.461538 -1.942947 -295.152954
v 10.000000 -1.919508 -295.152954
v 11.538462 -1.892035 -295.152954
v 13.076923 -1.860642 -295.152954
v 14.615385 -1.825498 -295.152954
v 16.153847 -1.786824 -295.152954
v 17.692308 -1.744885 -295.152954
v 19.230770 -1.699990 -295.152954
v 20.769230 -1.652485 -295.152954
v 22.307692 -1.602751 -295.152954
v 23.846153 -1.551194 -295.152954
v 25.384615 -1.498243 -295.152954
v 26.923077 -1.444342 -295.152954
v 28.461538 -1.389945 -295.152954
v 30.000000 -1.335511 -295.152954
v -30.000000 -1.900771 -296.658813
v -28.461538 -1.892376 -296.658813
v -26.923077 -1.886138 -296.658813
v -25.384615 -1.882168 -296.658813
v -23.846153 -1.880518 -296.658813
v -22.307692 -1.881178 -296.658813
v -20.769230 -1.884081 -296.658813
v -19.230770 -1.889095 -296.658813
v -17.692308 -1.896035 -296.658813
v -16.153847 -1.904660 -296.658813
v -14.615385 -1.914675 -296.658813
v -13.076923 -1.925741 -296.658813
v -11.538462 -1.937474 -296.658813
v -10.000000 -1.949452 -296.658813
v -8.461538 -1.961220 -296.658813
v -6.923077 -1.972300 -296.658813
v -5.384615 -1.982190 -296.658813
v -3.846154 -1.990378 -296.658813
v -2.307692 -1.996345 -296.658813
v -0.769231 -1.999573 -296.658813
v 0.769231 -1.999557 -296.658813
v 2.307692 -1.995932 -296.658813
v 3.846154 -1.988496 -296.658813
v 5.384615 -1.977108 -296.658813
v 6.923077 -1.961686 -296.658813
v 8.461538 -1.942202 -296.658813
v 10.000000 -1.918688 -296.658813
v 11.538462 -1.891228 -296.658813
v 13.076923 -1.859960 -296.658813
v 14.615385 -1.825074 -296.658813
v 16.153847 -1.786803 -296.658813
v 17.692308 -1.745426 -296.658813
v 19.230770 -1.701259 -296.658813
v 20.769230 -1.654650 -296.658813
v 22.307692 -1.605978 -296.658813
v 23.846153 -1.555642 -296.658813
v 25.384615 -1.504059 -296.658813
v 26.923077 -1.451660 -296.658813
v 28.461538 -1.398877 -296.658813
v 30.000000 -1.346146 -296.658813
v -30.000000 -1.875090 -298.164703
v -28.461538 -1.868576 -298.164703
v -26.923077 -1.864316 -298.164703
v -25.384615 -1.862385 -298.164703
v -23.846153 -1.862799 -298.164703
v -22.307692 -1.865515 -298.164703
v -20.769230 -1.870431 -298.164703
v -19.230770 -1.877387 -298.164703
v -17.692308 -1.886169 -298.164703
v -16.153847 -1.896513 -298.164703
v -14.615385 -1.908104 -298.164703
v -13.076923 -1.920587 -298.164703
v -11.538462 -1.933565 -298.164703
v -10.000000 -1.946609 -298.164703
v -8.461538 -1.959263 -298.164703
v -6.923077 -1.971048 -298.164703
v -5.384615 -1.981473 -298.164703
v -3.846154 -1.990034 -298.164703
v -2.307692 -1.996230 -298.164703
v -0.769231 -1.999561 -298.164703
v 0.769231 -1.999547 -298.164703
v 2.307692 -1.995851 -298.164703
v 3.846154 -1.988303 -298.164703
v 5.384615 -1.976797 -298.164703
v 6.923077 -1.961279 -298.164703
v 8.461538 -1.941752 -298.164703
v 10.000000 -1.918272 -298.164703
v 11.538462 -1.890949 -298.164703
v 13.076923 -1.859940 -298.164703
v 14.615385 -1.825450 -298.164703
v 16.153847 -1.787726 -298.164703
v 17.692308 -1.747052 -298.164703
v 19.230770 -1.703748 -298.164703
v 20.769230 -1.658162 -298.164703
v 22.307692 -1.610665 -298.164703
v 23.846153 -1.561646 -298.164703
v 25.384615 -1.511508 -298.164703
v 26.923077 -1.460660 -298.164703
v 28.461538 -1.409514 -298.164703
v 30.000000 -1.358477 -298.164703
v -30.000000 -1.849394 -299.670593
v -28.461538 -1.844937 -299.670593
v -26.923077 -1.842802 -299.670593
v -25.384615 -1.843026 -299.670593
v -23.846153 -1.845592 -299.670593
v -22.307692 -1.850421 -299.670593
v -20.769230 -1.857381 -299.670593
v -19.230770 -1.866286 -299.670593
v -17.692308 -1.876896 -299.670593
v -16.153847 -1.888925 -299.670593
v -14.615385 -1.902043 -299.670593
v -13.076923 -1.915881 -299.670593
v -11.538462 -1.930036 -299.670593
v -10.000000 -1.944074 -299.670593
v -8.461538 -1.957542 -299.670593
v -6.923077 -1.969965 -299.670593
v -5.384615 -1.980863 -299.670593
v -3.846154 -1.989749 -299.670593
v -2.307692 -1.996137 -299.670593
v -0.769231 -1.999552 -299.670593
v 0.769231 -1.999539 -299.670593
v 2.307692 -1.995792 -299.670593
v 3.846154 -1.988174 -299.670593
v 5.384615 -1.976608 -299.670593
v 6.923077 -1.961072 -299.670593
v 8.461538 -1.941595 -299.670593
v 10.000000 -1.918257 -299.670593
v 11.538462 -1.891189 -299.670593
v 13.076923 -1.860563 -299.670593
v 14.615385 -1.826597 -299.670593
v 16.153847 -1.789548 -299.670593
v 17.692308 -1.749702 -299.670593
v 19.230770 -1.707379 -299.670593
v 20.769230 -1.662920 -299.670593
v 22.307692 -1.616686 -299.670593
v 23.846153 -1.569054 -299.670593
v 25.384615 -1.520406 -299.670593
v 26.923077 -1.471129 -299.670593
v 28.461538 -1.421609 -299.670593
v 30.000000 -1.372223 -299.670593
v -30.000000 -1.824007 -301.176483
v -28.461538 -1.821760 -301.176483
v -26.923077 -1.821869 -301.176483
v -25.384615 -1.824337 -301.176483
v -23.846153 -1.829112 -301.176483
v -22.307692 -1.836085 -301.176483
v -20.769230 -1.845095 -301.176483
v -19.230770 -1.855929 -301.176483
v -17.692308 -1.868328 -301.176483
v -16.153847 -1.881988 -301.176483
v -14.615385 -1.896565 -301.176483
v -13.076923 -1.911681 -301.176483
v -11.538462 -1.926930 -301.176483
v -10.000000 -1.941878 -301.176483
v -8.461538 -1.956077 -301.176483
v -6.923077 -1.969063 -301.176483
v -5.384615 -1.980368 -301.176483
v -3.846154 -1.989523 -301.176483
v -2.307692 -1.996066 -301.176483
v -0.769231 -1.999545 -301.176483
v 0.769231 -1.999534 -301.176483
v 2.307692 -1.995756 -301.176483
v 3.846154 -1.988108 -301.176483
v 5.384615 -1.976542 -301.176483
v 6.923077 -1.961064 -301.176483
v 8.461538 -1.941726 -301.176483
v 10.000000 -1.918632 -301.176483
v 11.538462 -1.891927 -301.176483
v 13.076923 -1.861800 -301.176483
v 14.615385 -1.828475 -301.176483
v 16.153847 -1.792214 -301.176483
v 17.692308 -1.753303 -301.176483
v 19.230770 -1.712056 -301.176483
v 20.769230 -1.668805 -301.176483
v 22.307692 -1.623899 -301.176483
v 23.846153 -1.577694 -301.176483
v 25.384615 -1.530552 -301.176483
v 26.923077 -1.482834 -301.176483
v 28.461538 -1.434897 -301.176483
v 30.000000 -1.387087 -301.176483
v -30.000000 -1.799255 -302.682343
v -28.461538 -1.799340 -302.682343
v -26.923077 -1.801784 -302.682343
v -25.384615 -1.806556 -302.682343
v -23.846153 -1.813570 -302.682343
v -22.307692 -1.822689 -302.682343
v -20.769230 -1.833727 -302.682343
v -19.230770 -1.846447 -302.682343
v -17.692308 -1.860573 -302.682343
v -16.153847 -1.875786 -302.682343
v -14.615385 -1.891735 -302.682343
v -13.076923 -1.908036 -302.682343
v -11.538462 -1.924282 -302.682343
v -10.000000 -1.940045 -302.682343
v -8.461538 -1.954884 -302.682343
v -6.923077 -1.968350 -302.682343
v -5.384615 -1.979991 -302.682343
v -3.846154 -1.989360 -302.682343
v -2.307692 -1.996018 -302.682343
v -0.769231 -1.999541 -302.682343
v 0.769231 -1.999531 -302.682343
v 2.307692 -1.995743 -302.682343
v 3.846154 -1.988105 -302.682343
v 5.384615 -1.976596 -302.682343
v 6.923077 -1.961249 -302.682343
v 8.461538 -1.942137 -302.682343
v 10.000000 -1.919381 -302.682343
v 11.538462 -1.893142 -302.682343
v 13.076923 -1.863616 -302.682343
v 14.615385 -1.831035 -302.682343
v 16.153847 -1.795658 -302.682343
v 17.692308 -1.757769 -302.682343
v 19.230770 -1.717673 -302.682343
v 20.769230 -1.675689 -302.682343
v 22.307692 -1.632147 -302.682343
v 23.846153 -1.587382 -302.682343
v 25.384615 -1.541732 -302.682343
v 26.923077 -1.495530 -302.682343
v 28.461538 -1.449102 -302.682343
v 30.000000 -1.402762 -302.682343
v -30.000000 -1.775460 -304.188232
v -28.461538 -1.777970 -304.188232
v -26.923077 -1.782809 -304.188232
v -25.384615 -1.789913 -304.188232
v -23.846153 -1.799166 -304.188232
v -22.307692 -1.810405 -304.188232
v -20.769230 -1.823421 -304.188232
v -19.230770 -1.837959 -304.188232
v -17.692308 -1.853727 -304.188232
v -16.153847 -1.870397 -304.188232
v -14.615385 -1.887613 -304.188232
v -13.076923 -1.904989 -304.188232
v -11.538462 -1.922123 -304.188232
v -10.000000 -1.938594 -304.188232
v -8.461538 -1.953975 -304.188232
v -6.923077 -1.967833 -304.188232
v -5.384615 -1.979736 -304.188232
v -3.846154 -1.989261 -304.188232
v -2.307692 -1.995994 -304.188232
v -0.769231 -1.999540 -304.188232
v 0.769231 -1.999531 -304.188232
v 2.307692 -1.995753 -304.188232
v 3.846154 -1.988163 -304.188232
v 5.384615 -1.976768 -304.188232
v 6.923077 -1.961620 -304.188232
v 8.461538 -1.942813 -304.188232
v 10.000000 -1.920484 -304.188232
v 11.538462 -1.894801 -304.188232
v 13.076923 -1.865968 -304.188232
v 14.615385 -1.834217 -304.188232
v 16.153847 -1.799804 -304.188232
v 17.692308 -1.763005 -304.188232
v 19.230770 -1.724112 -304.188232
v 20.769230 -1.683427 -304.188232
v 22.307692 -1.641260 -304.188232
v 23.846153 -1.597921 -304.188232
v 25.384615 -1.553722 -304.188232
v 26.923077 -1.508964 -304.188232
v 28.461538 -1.463941 -304.188232
v 30.000000 -1.418935 -304.188232
v -30.000000 -1.752941 -305.694122
v -28.461538 -1.757935 -305.694122
v -26.923077 -1.765195 -305.694122
v -25.384615 -1.774627 -305.694122
v -23.846153 -1.786088 -305.694122
v -22.307692 -1.799392 -305.694122
v -20.769230 -1.814309 -305.694122
v -19.230770 -1.830571 -305.694122
v -17.692308 -1.847874 -305.694122
v -16.153847 -1.865886 -305.694122
v -14.615385 -1.884246 -305.694122
v -13.076923 -1.902575 -305.694122
v -11.538462 -1.920476 -305.694122
v -10.000000 -1.937542 -305.694122
v -8.461538 -1.953360 -305.694122
v -6.923077 -1.967517 -305.694122
v -5.384615 -1.979605 -305.694122
v -3.846154 -1.989225 -305.694122
v -2.307692 -1.995992 -305.694122
v -0.769231 -1.999541 -305.694122
v 0.769231 -1.999533 -305.694122
v 2.307692 -1.995786 -305.694122
v 3.846154 -1.988282 -305.694122
v 5.384615 -1.977051 -305.694122
v 6.923077 -1.962168 -305.694122
v 8.461538 -1.943740 -305.694122
v 10.000000 -1.921915 -305.694122
v 11.538462 -1.896868 -305.694122
v 13.076923 -1.868806 -305.694122
v 14.615385 -1.837956 -305.694122
v 16.153847 -1.804568 -305.694122
v 17.692308 -1.768906 -305.694122
v 19.230770 -1.731245 -305.694122
v 20.769230 -1.691868 -305.694122
v 22.307692 -1.651061 -305.694122
v 23.846153 -1.609107 -305.694122
v 25.384615 -1.566288 -305.694122
v 26.923077 -1.522875 -305.694122
v 28.461538 -1.479128 -305.694122
v 30.000000 -1.435294 -305.694122
v -30.000000 -1.732001 -307.200012
v -28.461538 -1.739503 -307.200012
v -26.923077 -1.749177 -307.200012
v -25.384615 -1.760901 -307.200012
v -23.846153 -1.774509 -307.200012
v -22.307692 -1.789794 -307.200012
v -20.769230 -1.806510 -307.200012
v -19.230770 -1.824378 -307.200012
v -17.692308 -1.843089 -307.200012
v -16.153847 -1.862307 -307.200012
v -14.615385 -1.881675 -307.200012
v -13.076923 -1.900821 -307.200012
v -11.538462 -1.919359 -307.200012
v -10.000000 -1.936898 -307.200012
v -8.461538 -1.953043 -307.200012
v -6.923077 -1.967404 -307.200012
v -5.384615 -1.979598 -307.200012
v -3.846154 -1.989253 -307.200012
v -2.307692 -1.996014 -307.200012
v -0.769231 -1.999545 -307.200012
v 0.769231 -1.999538 -307.200012
v 2.307692 -1.995840 -307.200012
v 3.846154 -1.988457 -307.200012
v 5.384615 -1.977441 -307.200012
v 6.923077 -1.962880 -307.200012
v 8.461538 -1.944897 -307.200012
v 10.000000 -1.923645 -307.200012
v 11.538462 -1.899303 -307.200012
v 13.076923 -1.872074 -307.200012
v 14.615385 -1.842180 -307.200012
v 16.153847 -1.809859 -307.200012
v 17.692308 -1.775360 -307.200012
v 19.230770 -1.738938 -307.200012
v 20.769230 -1.700853 -307.200012
v 22.307692 -1.661366 -307.200012
v 23.846153 -1.620731 -307.200012
v 25.384615 -1.579198 -307.200012
v 26.923077 -1.537005 -307.200012
v 28.461538 -1.494379 -307.200012
v 30.000000 -1.451533 -307.200012
v -30.000000 -1.712928 -308.705872
v -28.461538 -1.722927 -308.705872
v -26.923077 -1.734974 -308.705872
v -25.384615 -1.748921 -308.705872
v -23.846153 -1.764583 -308.705872
v -22.307692 -1.781735 -308.705872
v -20.769230 -1.800122 -308.705872
v -19.230770 -1.819458 -308.705872
v -17.692308 -1.839429 -308.705872
v -16.153847 -1.859703 -308.705872
v -14.615385 -1.879929 -308.705872
v -13.076923 -1.899746 -308.705872
v -11.538462 -1.918782 -308.705872
v -10.000000 -1.936666 -308.705872
v -8.461538 -1.953025 -308.705872
v -6.923077 -1.967493 -308.705872
v -5.384615 -1.979713 -308.705872
v -3.846154 -1.989343 -308.705872
v -2.307692 -1.996058 -308.705872
v -0.769231 -1.999551 -308.705872
v 0.769231 -1.999545 -308.705872
v 2.307692 -1.995914 -308.705872
v 3.846154 -1.988685 -308.705872
v 5.384615 -1.977928 -308.705872
v 6.923077 -1.963744 -308.705872
v 8.461538 -1.946263 -308.705872
v 10.000000 -1.925642 -308.705872
v 11.538462 -1.902060 -308.705872
v 13.076923 -1.875712 -308.705872
v 14.615385 -1.846811 -308.705872
v 16.153847 -1.815580 -308.705872
v 17.692308 -1.782248 -308.705872
v 19.230770 -1.747051 -308.705872
v 20.769230 -1.710220 -308.705872
v 22.307692 -1.671989 -308.705872
v 23.846153 -1.632582 -308.705872
v 25.384615 -1.592215 -308.705872
v 26.923077 -1.551096 -308.705872
v 28.461538 -1.509416 -308.705872
v 30.000000 -1.467354 -308.705872
v -30.000000 -1.695988 -310.211761
v -28.461538 -1.708436 -310.211761
v -26.923077 -1.722779 -310.211761
v -25.384615 -1.738849 -310.211761
v -23.846153 -1.756442 -310.211761
v -22.307692 -1.775324 -310.211761
v -20.769230 -1.795231 -310.211761
v -19.230770 -1.815873 -310.211761
v -17.692308 -1.836939 -310.211761
v -16.153847 -1.858103 -310.211761
v -14.615385 -1.879025 -310.211761
v -13.076923 -1.899358 -310.211761
v -11.538462 -1.918749 -310.211761
v -10.000000 -1.936846 -310.211761
v -8.461538 -1.953303 -310.211761
v -6.923077 -1.967779 -310.211761
v -5.384615 -1.979947 -310.211761
v -3.846154 -1.989494 -310.211761
v -2.307692 -1.996123 -310.211761
v -0.769231 -1.999559 -310.211761
v 0.769231 -1.999555 -310.211761
v 2.307692 -1.996007 -310.211761
v 3.846154 -1.988962 -310.211761
v 5.384615 -1.978504 -310.211761
v 6.923077 -1.964742 -310.211761
v 8.461538 -1.947813 -310.211761
v 10.000000 -1.927870 -310.211761
v 11.538462 -1.905089 -310.211761
v 13.076923 -1.879655 -310.211761
v 14.615385 -1.851767 -310.211761
v 16.153847 -1.821630 -310.211761
v 17.692308 -1.789451 -310.211761
v 19.230770 -1.755440 -310.211761
v 20.769230 -1.719803 -310.211761
v 22.307692 -1.682742 -310.211761
v 23.846153 -1.644450 -310.211761
v 25.384615 -1.605111 -310.211761
v 26.923077 -1.564898 -310.211761
v 28.461538 -1.523971 -310.211761
v 30.000000 -1.482475 -310.211761
v -30.000000 -1.681422 -311.717651
v -28.461538 -1.696235 -311.717651
v -26.923077 -1.712764 -311.717651
v -25.384615 -1.730824 -311.717651
v -23.846153 -1.750199 -311.717651
v -22.307692 -1.770646 -311.717651
v -20.769230 -1.791899 -311.717651
v -19.230770 -1.813667 -311.717651
v -17.692308 -1.835649 -311.717651
v -16.153847 -1.857525 -311.717651
v -14.615385 -1.878972 -311.717651
v -13.076923 -1.899659 -311.717651
v -11.538462 -1.919254 -311.717651
v -10.000000 -1.937432 -311.717651
v -8.461538 -1.953870 -311.717651
v -6.923077 -1.968258 -311.717651
v -5.384615 -1.980296 -311.717651
v -3.846154 -1.989701 -311.717651
v -2.307692 -1.996208 -311.717651
v -0.769231 -1.999570 -311.717651
v 0.769231 -1.999566 -311.717651
v 2.307692 -1.996117 -311.717651
v 3.846154 -1.989283 -311.717651
v 5.384615 -1.979159 -311.717651
v 6.923077 -1.965859 -311.717651
v 8.461538 -1.949519 -311.717651
v 10.000000 -1.930291 -311.717651
v 11.538462 -1.908338 -311.717651
v 13.076923 -1.883836 -311.717651
v 14.615385 -1.856963 -311.717651
v 16.153847 -1.827905 -311.717651
v 17.692308 -1.796844 -311.717651
v 19.230770 -1.763963 -311.717651
v 20.769230 -1.729439 -311.717651
v 22.307692 -1.693442 -311.717651
v 23.846153 -1.656133 -311.717651
v 25.384615 -1.617664 -311.717651
v 26.923077 -1.578174 -311.717651
v 28.461538 -1.537792 -311.717651
v 30.000000 -1.496632 -311.717651
v -30.000000 -1.669442 -313.223541
v -28.461538 -1.686500 -313.223541
v -26.923077 -1.705072 -313.223541
v -25.384615 -1.724960 -313.223541
v -23.846153 -1.745940 -313.223541
v -22.307692 -1.767765 -313.223541
v -20.769230 -1.790169 -313.223541
v -19.230770 -1.812869 -313.223541
v -17.692308 -1.835571 -313.223541
v -16.153847 -1.857972 -313.223541
v -14.615385 -1.879764 -313.223541
v -13.076923 -1.900639 -313.223541
v -11.538462 -1.920288 -313.223541
v -10.000000 -1.938412 -313.223541
v -8.461538 -1.954716 -313.223541
v -6.923077 -1.968919 -313.223541
v -5.384615 -1.980752 -313.223541
v -3.846154 -1.989962 -313.223541
v -2.307692 -1.996311 -313.223541
v -0.769231 -1.999582 -313.223541
v 0.769231 -1.999580 -313.223541
v 2.307692 -1.996242 -313.223541
v 3.846154 -1.989643 -313.223541
v 5.384615 -1.979881 -313.223541
v 6.923077 -1.967074 -313.223541
v 8.461538 -1.951354 -313.223541
v 10.000000 -1.932863 -313.223541
v 11.538462 -1.911754 -313.223541
v 13.076923 -1.888184 -313.223541
v 14.615385 -1.862313 -313.223541
v 16.153847 -1.834300 -313.223541
v 17.692308 -1.804304 -313.223541
v 19.230770 -1.772477 -313.223541
v 20.769230 -1.738966 -313.223541
v 22.307692 -1.703908 -313.223541
v 23.846153 -1.667434 -313.223541
v 25.384615 -1.629662 -313.223541
v 26.923077 -1.590701 -313.223541
v 28.461538 -1.550646 -313.223541
v 30.000000 -1.509586 -313.223541
v -30.000000 -1.660227 -314.729401
v -28.461538 -1.679376 -314.729401
v -26.923077 -1.699816 -314.729401
v -25.384615 -1.721342 -314.729401
v -23.846153 -1.743725 -314.729401
v -22.307692 -1.766719 -314.729401
v -20.769230 -1.790063 -314.729401
v -19.230770 -1.813485 -314.729401
v -17.692308 -1.836704 -314.729401
v -16.153847 -1.859434 -314.729401
v -14.615385 -1.881388 -314.729401
v -13.076923 -1.902281 -314.729401
v -11.538462 -1.921833 -314.729401
v -10.000000 -1.939769 -314.729401
v -8.461538 -1.955827 -314.729401
v -6.923077 -1.969753 -314.729401
v -5.384615 -1.981310 -314.729401
v -3.846154 -1.990272 -314.729401
v -2.307692 -1.996432 -314.729401
v -0.769231 -1.999596 -314.729401
v 0.769231 -1.999595 -314.729401
v 2.307692 -1.996380 -314.729401
v 3.846154 -1.990035 -314.729401
v 5.384615 -1.980660 -314.729401
v 6.923077 -1.968369 -314.729401
v 8.461538 -1.953287 -314.729401
v 10.000000 -1.935546 -314.729401
v 11.538462 -1.915281 -314.729401
v 13.076923 -1.892630 -314.729401
v 14.615385 -1.867729 -314.729401
v 16.153847 -1.840713 -314.729401
v 17.692308 -1.811710 -314.729401
v 19.230770 -1.780844 -314.729401
v 20.769230 -1.748230 -314.729401
v 22.307692 -1.713973 -314.729401
v 23.846153 -1.678171 -314.729401
v 25.384615 -1.640911 -314.729401
v 26.923077 -1.602273 -314.729401
v 28.461538 -1.562323 -314.729401
v 30.000000 -1.521124 -314.729401
v -30.000000 -1.653921 -316.235291
v -28.461538 -1.674974 -316.235291
v -26.923077 -1.697079 -316.235291
v -25.384615 -1.720026 -316.235291
v -23.846153 -1.743589 -316.235291
v -22.307692 -1.767525 -316.235291
v -20.769230 -1.791584 -316.235291
v -19.230770 -1.815507 -316.235291
v -17.692308 -1.839029 -316.235291
v -16.153847 -1.861887 -316.235291
v -14.615385 -1.883817 -316.235291
v -13.076923 -1.904560 -316.235291
v -11.538462 -1.923863 -316.235291
v -10.000000 -1.941483 -316.235291
v -8.461538 -1.957184 -316.235291
v -6.923077 -1.970746 -316.235291
v -5.384615 -1.981959 -316.235291
v -3.846154 -1.990627 -316.235291
v -2.307692 -1.996567 -316.235291
v -0.769231 -1.999612 -316.235291
v 0.769231 -1.999611 -316.235291
v 2.307692 -1.996530 -316.235291
v 3.846154 -1.990454 -316.235291
v 5.384615 -1.981482 -316.235291
v 6.923077 -1.969723 -316.235291
v 8.461538 -1.955289 -316.235291
v 10.000000 -1.938297 -316.235291
v 11.538462 -1.918864 -316.235291
v 13.076923 -1.897103 -316.235291
v 14.615385 -1.873127 -316.235291
v 16.153847 -1.847042 -316.235291
v 17.692308 -1.818947 -316.235291
v 19.230770 -1.788933 -316.235291
v 20.769230 -1.757084 -316.235291
v 22.307692 -1.723476 -316.235291
v 23.846153 -1.688173 -316.235291
v 25.384615 -1.651233 -316.235291
v 26.923077 -1.612707 -316.235291
v 28.461538 -1.572638 -316.235291
v 30.000000 -1.531062 -316.235291
v -30.000000 -1.650630 -317.741180
v -28.461538 -1.673369 -317.741180
v -26.923077 -1.696908 -317.741180
v -25.384615 -1.721039 -317.741180
v -23.846153 -1.745538 -317.741180
v -22.307692 -1.770175 -317.741180
v -20.769230 -1.794711 -317.741180
v -19.230770 -1.818905 -317.741180
v -17.692308 -1.842513 -317.741180
v -16.153847 -1.865296 -317.741180
v -14.615385 -1.887015 -317.741180
v -13.076923 -1.907441 -317.741180
v -11.538462 -1.926349 -317.741180
v -10.000000 -1.943526 -317.741180
v -8.461538 -1.958768 -317.741180
v -6.923077 -1.971883 -317.741180
v -5.384615 -1.982690 -317.741180
v -3.846154 -1.991020 -317.741180
v -2.307692 -1.996716 -317.741180
v -0.769231 -1.999629 -317.741180
v 0.769231 -1.999629 -317.741180
v 2.307692 -1.996688 -317.741180
v 3.846154 -1.990893 -317.741180
v 5.384615 -1.982336 -317.741180
v 6.923077 -1.971115 -317.741180
v 8.461538 -1.957328 -317.741180
v 10.000000 -1.941074 -317.741180
v 11.538462 -1.922446 -317.741180
v 13.076923 -1.901535 -317.741180
v 14.615385 -1.878424 -317.741180
v 16.153847 -1.853190 -317.741180
v 17.692308 -1.825901 -317.741180
v 19.230770 -1.796619 -317.741180
v 20.769230 -1.765395 -317.741180
v 22.307692 -1.732272 -317.741180
v 23.846153 -1.697288 -317.741180
v 25.384615 -1.660471 -317.741180
v 26.923077 -1.621847 -317.741180
v 28.461538 -1.581435 -317.741180
v 30.000000 -1.539253 -317.741180
v -30.000000 -1.650422 -319.247070
v -28.461538 -1.674601 -319.247070
v -26.923077 -1.699320 -319.247070
v -25.384615 -1.724375 -319.247070
v -23.846153 -1.749553 -319.247070
v -22.307692 -1.774635 -319.247070
v -20.769230 -1.799402 -319.247070
v -19.230770 -1.823632 -319.247070
v -17.692308 -1.847107 -319.247070
v -16.153847 -1.869611 -319.247070
v -14.615385 -1.890936 -319.247070
v -13.076923 -1.910882 -319.247070
v -11.538462 -1.929253 -319.247070
v -10.000000 -1.945869 -319.247070
v -8.461538 -1.960554 -319.247070
v -6.923077 -1.973147 -319.247070
v -5.384615 -1.983492 -319.247070
v -3.846154 -1.991447 -319.247070
v -2.307692 -1.996875 -319.247070
v -0.769231 -1.999648 -319.247070
v 0.769231 -1.999647 -319.247070
v 2.307692 -1.996853 -319.247070
v 3.846154 -1.991345 -319.247070
v 5.384615 -1.983207 -319.247070
v 6.923077 -1.972524 -319.247070
v 8.461538 -1.959374 -319.247070
v 10.000000 -1.943834 -319.247070
v 11.538462 -1.925975 -319.247070
v 13.076923 -1.905859 -319.247070
v 14.615385 -1.883540 -319.247070
v 16.153847 -1.859065 -319.247070
v 17.692308 -1.832471 -319.247070
v 19.230770 -1.803788 -319.247070
v 20.769230 -1.773037 -319.247070
v 22.307692 -1.740233 -319.247070
v 23.846153 -1.705383 -319.247070
v 25.384615 -1.668491 -319.247070
v 26.923077 -1.629560 -319.247070
v 28.461538 -1.588590 -319.247070
v 30.000000 -1.545583 -319.247070
v -30.000000 -1.653323 -320.752930
v -28.461538 -1.678672 -320.752930
v -26.923077 -1.704297 -320.752930
v -25.384615 -1.730001 -320.752930
v -23.846153 -1.755586 -320.752930
v -22.307692 -1.780851 -320.752930
v -20.769230 -1.805597 -320.752930
v -19.230770 -1.829626 -320.752930
v -17.692308 -1.852747 -320.752930
v -16.153847 -1.874773 -320.752930
v -14.615385 -1.895525 -320.752930
v -13.076923 -1.914833 -320.752930
v -11.538462 -1.932535 -320.752930
v -10.000000 -1.948478 -320.752930
v -8.461538 -1.962518 -320.752930
v -6.923077 -1.974519 -320.752930
v -5.384615 -1.984354 -320.752930
v -3.846154 -1.991900 -320.752930
v -2.307692 -1.997042 -320.752930
v -0.769231 -1.999667 -320.752930
v 0.769231 -1.999666 -320.752930
v 2.307692 -1.997022 -320.752930
v 3.846154 -1.991804 -320.752930
v 5.384615 -1.984085 -320.752930
v 6.923077 -1.973929 -320.752930
v 8.461538 -1.961397 -320.752930
v 10.000000 -1.946539 -320.752930
v 11.538462 -1.929399 -320.752930
v 13.076923 -1.910012 -320.752930
v 14.615385 -1.888401 -320.752930
v 16.153847 -1.864582 -320.752930
v 17.692308 -1.838562 -320.752930
v 19.230770 -1.810339 -320.752930
v 20.769230 -1.779905 -320.752930
v 22.307692 -1.747246 -320.752930
v 23.846153 -1.712346 -320.752930
v 25.384615 -1.675185 -320.752930
v 26.923077 -1.635745 -320.752930
v 28.461538 -1.594012 -320.752930
v 30.000000 -1.549975 -320.752930
v -30.000000 -1.659320 -322.258820
v -28.461538 -1.685547 -322.258820
v -26.923077 -1.711785 -322.258820
v -25.384615 -1.737851 -322.258820
v -23.846153 -1.763563 -322.258820
v -22.307692 -1.788742 -322.258820
v -20.769230 -1.813213 -322.258820
v -19.230770 -1.836806 -322.258820
v -17.692308 -1.859357 -322.258820
v -16.153847 -1.880711 -322.258820
v -14.615385 -1.900718 -322.258820
v -13.076923 -1.919241 -322.258820
v -11.538462 -1.936148 -322.258820
v -10.000000 -1.951317 -322.258820
v -8.461538 -1.964631 -322.258820
v -6.923077 -1.975981 -322.258820
v -5.384615 -1.985262 -322.258820
v -3.846154 -1.992374 -322.258820
v -2.307692 -1.997216 -322.258820
v -0.769231 -1.999686 -322.258820
v 0.769231 -1.999685 -322.258820
v 2.307692 -1.997192 -322.258820
v 3.846154 -1.992264 -322.258820
v 5.384615 -1.984955 -322.258820
v 6.923077 -1.975311 -322.258820
v 8.461538 -1.963367 -322.258820
v 10.000000 -1.949149 -322.258820
v 11.538462 -1.932671 -322.258820
v 13.076923 -1.913936 -322.258820
v 14.615385 -1.892940 -322.258820
v 16.153847 -1.869666 -322.258820
v 17.692308 -1.844091 -322.258820
v 19.230770 -1.816182 -322.258820
v 20.769230 -1.785906 -322.258820
v 22.307692 -1.753221 -322.258820
v 23.846153 -1.718089 -322.258820
v 25.384615 -1.680470 -322.258820
v 26.923077 -1.640331 -322.258820
v 28.461538 -1.597644 -322.258820
v 30.000000 -1.552392 -322.258820
v -30.000000 -1.668357 -323.764709
v -28.461538 -1.695155 -323.764709
v -26.923077 -1.721701 -323.764709
v -25.384615 -1.747831 -323.764709
v -23.846153 -1.773385 -323.764709
v -22.307692 -1.798209 -323.764709
v -20.769230 -1.822154 -323.764709
v -19.230770 -1.845078 -323.764709
v -17.692308 -1.866850 -323.764709
v -16.153847 -1.887344 -323.764709
v -14.615385 -1.906445 -323.764709
v -13.076923 -1.924045 -323.764709
v -11.538462 -1.940043 -323.764709
v -10.000000 -1.954345 -323.764709
v -8.461538 -1.966863 -323.764709
v -6.923077 -1.977511 -323.764709
v -5.384615 -1.986205 -323.764709
v -3.846154 -1.992861 -323.764709
v -2.307692 -1.997392 -323.764709
v -0.769231 -1.999706 -323.764709
v 0.769231 -1.999705 -323.764709
v 2.307692 -1.997361 -323.764709
v 3.846154 -1.992718 -323.764709
v 5.384615 -1.985807 -323.764709
v 6.923077 -1.976651 -323.764709
v 8.461538 -1.965259 -323.764709
v 10.000000 -1.951629 -323.764709
v 11.538462 -1.935744 -323.764709
v 13.076923 -1.917579 -323.764709
v 14.615385 -1.897096 -323.764709
v 16.153847 -1.874249 -323.764709
v 17.692308 -1.848985 -323.764709
v 19.230770 -1.821245 -323.764709
v 20.769230 -1.790966 -323.764709
v 22.307692 -1.758088 -323.764709
v 23.846153 -1.722549 -323.764709
v 25.384615 -1.684295 -323.764709
v 26.923077 -1.643279 -323.764709
v 28.461538 -1.599467 -323.764709
v 30.000000 -1.552836 -323.764709
v -30.000000 -1.680341 -325.270599
v -28.461538 -1.707387 -325.270599
v -26.923077 -1.733928 -325.270599
v -25.384615 -1.759821 -325.270599
v -23.846153 -1.784931 -325.270599
v -22.307692 -1.809131 -325.270599
v -20.769230 -1.832301 -325.270599
v -19.230770 -1.854333 -325.270599
v -17.692308 -1.875125 -325.270599
v -16.153847 -1.894585 -325.270599
v -14.615385 -1.912628 -325.270599
v -13.076923 -1.929179 -325.270599
v -11.538462 -1.944166 -325.270599
v -10.000000 -1.957523 -325.270599
v -8.461538 -1.969185 -325.270599
v -6.923077 -1.979089 -325.270599
v -5.384615 -1.987170 -325.270599
v -3.846154 -1.993356 -325.270599
v -2.307692 -1.997571 -325.270599
v -0.769231 -1.999726 -325.270599
v 0.769231 -1.999724 -325.270599
v 2.307692 -1.997528 -325.270599
v 3.846154 -1.993159 -325.270599
v 5.384615 -1.986627 -325.270599
v 6.923077 -1.977930 -325.270599
v 8.461538 -1.967047 -325.270599
v 10.000000 -1.953945 -325.270599
v 11.538462 -1.938580 -325.270599
v 13.076923 -1.920893 -325.270599
v 14.615385 -1.900817 -325.270599
v 16.153847 -1.878276 -325.270599
v 17.692308 -1.853188 -325.270599
v 19.230770 -1.825468 -325.270599
v 20.769230 -1.795032 -325.270599
v 22.307692 -1.761797 -325.270599
v 23.846153 -1.725687 -325.270599
v 25.384615 -1.686633 -325.270599
v 26.923077 -1.644582 -325.270599
v 28.461538 -1.599494 -325.270599
v 30.000000 -1.551348 -325.270599
v -30.000000 -1.695138 -326.776459
v -28.461538 -1.722103 -326.776459
v -26.923077 -1.748320 -326.776459
v -25.384615 -1.773673 -326.776459
v -23.846153 -1.798055 -326.776459
v -22.307692 -1.821369 -326.776459
v -20.769230 -1.843526 -326.776459
v -19.230770 -1.864451 -326.776459
v -17.692308 -1.884074 -326.776459
v -16.153847 -1.902336 -326.776459
v -14.615385 -1.919186 -326.776459
v -13.076923 -1.934575 -326.776459
v -11.538462 -1.948462 -326.776459
v -10.000000 -1.960806 -326.776459
v -8.461538 -1.971565 -326.776459
v -6.923077 -1.980694 -326.776459
v -5.384615 -1.988143 -326.776459
v -3.846154 -1.993851 -326.776459
v -2.307692 -1.997747 -326.776459
v -0.769231 -1.999745 -326.776459
v 0.769231 -1.999743 -326.776459
v 2.307692 -1.997689 -326.776459
v 3.846154 -1.993582 -326.776459
v 5.384615 -1.987407 -326.776459
v 6.923077 -1.979132 -326.776459
v 8.461538 -1.968707 -326.776459
v 10.000000 -1.956070 -326.776459
v 11.538462 -1.941144 -326.776459
v 13.076923 -1.923839 -326.776459
v 14.615385 -1.904059 -326.776459
v 16.153847 -1.881700 -326.776459
v 17.692308 -1.856653 -326.776459
v 19.230770 -1.828811 -326.776459
v 20.769230 -1.798068 -326.776459
v 22.307692 -1.764324 -326.776459
v 23.846153 -1.727491 -326.776459
v 25.384615 -1.687491 -326.776459
v 26.923077 -1.644266 -326.776459
v 28.461538 -1.597776 -326.776459
v 30.000000 -1.548007 -326.776459
v -30.000000 -1.712580 -328.282349
v -28.461538 -1.739128 -328.282349
v -26.923077 -1.764703 -328.282349
v -25.384615 -1.789218 -328.282349
v -23.846153 -1.812595 -328.282349
v -22.307692 -1.834769 -328.282349
v -20.769230 -1.855686 -328.282349
v -19.230770 -1.875301 -328.282349
v -17.692308 -1.893582 -328.282349
v -16.153847 -1.910499 -328.282349
v -14.615385 -1.926032 -328.282349
v -13.076923 -1.940163 -328.282349
v -11.538462 -1.952875 -328.282349
v -10.000000 -1.964152 -328.282349
v -8.461538 -1.973972 -328.282349
v -6.923077 -1.982305 -328.282349
v -5.384615 -1.989112 -328.282349
v -3.846154 -1.994340 -328.282349
v -2.307692 -1.997920 -328.282349
v -0.769231 -1.999764 -328.282349
v 0.769231 -1.999761 -328.282349
v 2.307692 -1.997842 -328.282349
v 3.846154 -1.993982 -328.282349
v 5.384615 -1.988136 -328.282349
v 6.923077 -1.980242 -328.282349
v 8.461538 -1.970221 -328.282349
v 10.000000 -1.957978 -328.282349
v 11.538462 -1.943406 -328.282349
v 13.076923 -1.926385 -328.282349
v 14.615385 -1.906790 -328.282349
v 16.153847 -1.884490 -328.282349
v 17.692308 -1.859353 -328.282349
v 19.230770 -1.831251 -328.282349
v 20.769230 -1.800060 -328.282349
v 22.307692 -1.765668 -328.282349
v 23.846153 -1.727975 -328.282349
v 25.384615 -1.686902 -328.282349
v 26.923077 -1.642388 -328.282349
v 28.461538 -1.594399 -328.282349
v 30.000000 -1.542928 -328.282349
v -30.000000 -1.732464 -329.788239
v -28.461538 -1.758261 -329.788239
v -26.923077 -1.782880 -329.788239
v -25.384615 -1.806264 -329.788239
v -23.846153 -1.828368 -329.788239
v -22.307692 -1.849162 -329.788239
v -20.769230 -1.868625 -329.788239
v -19.230770 -1.886747 -329.788239
v -17.692308 -1.903526 -329.788239
v -16.153847 -1.918967 -329.788239
v -14.615385 -1.933078 -329.788239
v -13.076923 -1.945870 -329.788239
v -11.538462 -1.957349 -329.788239
v -10.000000 -1.967519 -329.788239
v -8.461538 -1.976374 -329.788239
v -6.923077 -1.983900 -329.788239
v -5.384615 -1.990064 -329.788239
v -3.846154 -1.994817 -329.788239
v -2.307692 -1.998088 -329.788239
v -0.769231 -1.999782 -329.788239
v 0.769231 -1.999778 -329.788239
v 2.307692 -1.997987 -329.788239
v 3.846154 -1.994354 -329.788239
v 5.384615 -1.988805 -329.788239
v 6.923077 -1.981247 -329.788239
v 8.461538 -1.971571 -329.788239
v 10.000000 -1.959648 -329.788239
v 11.538462 -1.945343 -329.788239
v 13.076923 -1.928505 -329.788239
v 14.615385 -1.908984 -329.788239
v 16.153847 -1.886624 -329.788239
v 17.692308 -1.861272 -329.788239
v 19.230770 -1.832780 -329.788239
v 20.769230 -1.801013 -329.788239
v 22.307692 -1.765848 -329.788239
v 23.846153 -1.727181 -329.788239
v 25.384615 -1.684929 -329.788239
v 26.923077 -1.639038 -329.788239
v 28.461538 -1.589481 -329.788239
v 30.000000 -1.536265 -329.788239
v -30.000000 -1.754556 -331.294128
v -28.461538 -1.779273 -331.294128
v -26.923077 -1.802629 -331.294128
v -25.384615 -1.824602 -331.294128
v -23.846153 -1.845181 -331.294128
v -22.307692 -1.864369 -331.294128
v -20.769230 -1.882182 -331.294128
v -19.230770 -1.898642 -331.294128
v -17.692308 -1.913781 -331.294128
v -16.153847 -1.927634 -331.294128
v -14.615385 -1.940236 -331.294128
v -13.076923 -1.951624 -331.294128
v -11.538462 -1.961825 -331.294128
v -10.000000 -1.970862 -331.294128
v -8.461538 -1.978743 -331.294128
v -6.923077 -1.985460 -331.294128
v -5.384615 -1.990987 -331.294128
v -3.846154 -1.995275 -331.294128
v -2.307692 -1.998247 -331.294128
v -0.769231 -1.999799 -331.294128
v 0.769231 -1.999794 -331.294128
v 2.307692 -1.998120 -331.294128
v 3.846154 -1.994693 -331.294128
v 5.384615 -1.989407 -331.294128
v 6.923077 -1.982138 -331.294128
v 8.461538 -1.972743 -331.294128
v 10.000000 -1.961066 -331.294128
v 11.538462 -1.946938 -331.294128
v 13.076923 -1.930186 -331.294128
v 14.615385 -1.910630 -331.294128
v 16.153847 -1.888095 -331.294128
v 17.692308 -1.862410 -331.294128
v 19.230770 -1.833412 -331.294128
v 20.769230 -1.800955 -331.294128
v 22.307692 -1.764910 -331.294128
v 23.846153 -1.725173 -331.294128
v 25.384615 -1.681663 -331.294128
v 26.923077 -1.634334 -331.294128
v 28.461538 -1.583171 -331.294128
v 30.000000 -1.528199 -331.294128
v -30.000000 -1.778596 -332.799988
v -28.461538 -1.801912 -332.799988
v -26.923077 -1.823713 -332.799988
v -25.384615 -1.844009 -332.799988
v -23.846153 -1.862826 -332.799988
v -22.307692 -1.880203 -332.799988
v -20.769230 -1.896189 -332.799988
v -19.230770 -1.910840 -332.799988
v -17.692308 -1.924220 -332.799988
v -16.153847 -1.936391 -332.799988
v -14.615385 -1.947416 -332.799988
v -13.076923 -1.957353 -332.799988
v -11.538462 -1.966250 -332.799988
v -10.000000 -1.974142 -332.799988
v -8.461538 -1.981048 -332.799988
v -6.923077 -1.986966 -332.799988
v -5.384615 -1.991872 -332.799988
v -3.846154 -1.995710 -332.799988
v -2.307692 -1.998397 -332.799988
v -0.769231 -1.999815 -332.799988
v 0.769231 -1.999809 -332.799988
v 2.307692 -1.998241 -332.799988
v 3.846154 -1.994996 -332.799988
v 5.384615 -1.989936 -332.799988
v 6.923077 -1.982905 -332.799988
v 8.461538 -1.973728 -332.799988
v 10.000000 -1.962219 -332.799988
v 11.538462 -1.948183 -332.799988
v 13.076923 -1.931418 -332.799988
v 14.615385 -1.911726 -332.799988
v 16.153847 -1.888910 -332.799988
v 17.692308 -1.862784 -332.799988
v 19.230770 -1.833176 -332.799988
v 20.769230 -1.799931 -332.799988
v 22.307692 -1.762920 -332.799988
v 23.846153 -1.722040 -332.799988
v 25.384615 -1.677219 -332.799988
v 26.923077 -1.628421 -332.799988
v 28.461538 -1.575648 -332.799988
v 30.000000 -1.518946 -332.799988
v -30.000000 -1.804299 -334.305878
v -28.461538 -1.825909 -334.305878
v -26.923077 -1.845877 -334.305878
v -25.384615 -1.864250 -334.305878
v -23.846153 -1.881090 -334.305878
v -22.307692 -1.896470 -334.305878
v -20.769230 -1.910475 -334.305878
v -19.230770 -1.923192 -334.305878
v -17.692308 -1.934714 -334.305878
v -16.153847 -1.945132 -334.305878
v -14.615385 -1.954532 -334.305878
v -13.076923 -1.962990 -334.305878
v -11.538462 -1.970570 -334.305878
v -10.000000 -1.977319 -334.305878
v -8.461538 -1.983263 -334.305878
v -6.923077 -1.988401 -334.305878
v -5.384615 -1.992706 -334.305878
v -3.846154 -1.996117 -334.305878
v -2.307692 -1.998536 -334.305878
v -0.769231 -1.999829 -334.305878
v 0.769231 -1.999822 -334.305878
v 2.307692 -1.998349 -334.305878
v 3.846154 -1.995260 -334.305878
v 5.384615 -1.990388 -334.305878
v 6.923077 -1.983542 -334.305878
v 8.461538 -1.974519 -334.305878
v 10.000000 -1.963103 -334.305878
v 11.538462 -1.949072 -334.305878
v 13.076923 -1.932204 -334.305878
v 14.615385 -1.912279 -334.305878
v 16.153847 -1.889085 -334.305878
v 17.692308 -1.862424 -334.305878
v 19.230770 -1.832117 -334.305878
v 20.769230 -1.798007 -334.305878
v 22.307692 -1.759966 -334.305878
v 23.846153 -1.717896 -334.305878
v 25.384615 -1.671738 -334.305878
v 26.923077 -1.621471 -334.305878
v 28.461538 -1.567117 -334.305878
v 30.000000 -1.508743 -334.305878
v -30.000000 -1.831362 -335.811768
v -28.461538 -1.850979 -335.811768
v -26.923077 -1.868858 -335.811768
v -25.384615 -1.885083 -335.811768
v -23.846153 -1.899753 -335.811768
v -22.307692 -1.912976 -335.811768
v -20.769230 -1.924868 -335.811768
v -19.230770 -1.935549 -335.811768
v -17.692308 -1.945140 -335.811768
v -16.153847 -1.953754 -335.811768
v -14.615385 -1.961498 -335.811768
v -13.076923 -1.968467 -335.811768
v -11.538462 -1.974735 -335.811768
v -10.000000 -1.980357 -335.811768
v -8.461538 -1.985362 -335.811768
v -6.923077 -1.989749 -335.811768
v -5.384615 -1.993482 -335.811768
v -3.846154 -1.996491 -335.811768
v -2.307692 -1.998662 -335.811768
v -0.769231 -1.999842 -335.811768
v 0.769231 -1.999834 -335.811768
v 2.307692 -1.998442 -335.811768
v 3.846154 -1.995484 -335.811768
v 5.384615 -1.990759 -335.811768
v 6.923077 -1.984047 -335.811768
v 8.461538 -1.975113 -335.811768
v 10.000000 -1.963717 -335.811768
v 11.538462 -1.949612 -335.811768
v 13.076923 -1.932554 -335.811768
v 14.615385 -1.912309 -335.811768
v 16.153847 -1.888652 -335.811768
v 17.692308 -1.861376 -335.811768
v 19.230770 -1.830299 -335.811768
v 20.769230 -1.795266 -335.811768
v 22.307692 -1.756153 -335.811768
v 23.846153 -1.712873 -335.811768
v 25.384615 -1.665382 -335.811768
v 26.923077 -1.613677 -335.811768
v 28.461538 -1.557803 -335.811768
v 30.000000 -1.497855 -335.811768
v -30.000000 -1.859470 -337.317657
v -28.461538 -1.876827 -337.317657
v -26.923077 -1.892384 -337.317657
v -25.384615 -1.906261 -337.317657
v -23.846153 -1.918594 -337.317657
v -22.307692 -1.929524 -337.317657
v -20.769230 -1.939199 -337.317657
v -19.230770 -1.947767 -337.317657
v -17.692308 -1.955374 -337.317657
v -16.153847 -1.962156 -337.317657
v -14.615385 -1.968236 -337.317657
v -13.076923 -1.973722 -337.317657
v -11.538462 -1.978698 -337.317657
v -10.000000 -1.983222 -337.317657
v -8.461538 -1.987324 -337.317657
v -6.923077 -1.990995 -337.317657
v -5.384615 -1.994192 -337.317657
v -3.846154 -1.996828 -337.317657
v -2.307692 -1.998774 -337.317657
v -0.769231 -1.999853 -337.317657
v 0.769231 -1.999844 -337.317657
v 2.307692 -1.998520 -337.317657
v 3.846154 -1.995666 -337.317657
v 5.384615 -1.991048 -337.317657
v 6.923077 -1.984418 -337.317657
v 8.461538 -1.975512 -337.317657
v 10.000000 -1.964065 -337.317657
v 11.538462 -1.949810 -337.317657
v 13.076923 -1.932487 -337.317657
v 14.615385 -1.911845 -337.317657
v 16.153847 -1.887653 -337.317657
v 17.692308 -1.859699 -337.317657
v 19.230770 -1.827801 -337.317657
v 20.769230 -1.791808 -337.317657
v 22.307692 -1.751606 -337.317657
v 23.846153 -1.707124 -337.317657
v 25.384615 -1.658332 -337.317657
v 26.923077 -1.605252 -337.317657
v 28.461538 -1.547954 -337.317657
v 30.000000 -1.486559 -337.317657
v -30.000000 -1.888294 -338.823517
v -28.461538 -1.903152 -338.823517
v -26.923077 -1.916180 -338.823517
v -25.384615 -1.927539 -338.823517
v -23.846153 -1.937395 -338.823517
v -22.307692 -1.945924 -338.823517
v -20.769230 -1.953303 -338.823517
v -19.230770 -1.959706 -338.823517
v -17.692308 -1.965301 -338.823517
v -16.153847 -1.970243 -338.823517
v -14.615385 -1.974670 -338.823517
v -13.076923 -1.978698 -338.823517
v -11.538462 -1.982417 -338.823517
v -10.000000 -1.985885 -338.823517
v -8.461538 -1.989127 -338.823517
v -6.923077 -1.992127 -338.823517
v -5.384615 -1.994828 -338.823517
v -3.846154 -1.997126 -338.823517
v -2.307692 -1.998871 -338.823517
v -0.769231 -1.999863 -338.823517
v 0.769231 -1.999852 -338.823517
v 2.307692 -1.998582 -338.823517
v 3.846154 -1.995805 -338.823517
v 5.384615 -1.991256 -338.823517
v 6.923077 -1.984656 -338.823517
v 8.461538 -1.975720 -338.823517
v 10.000000 -1.964158 -338.823517
v 11.538462 -1.949686 -338.823517
v 13.076923 -1.932029 -338.823517
v 14.615385 -1.910926 -338.823517
v 16.153847 -1.886142 -338.823517
v 17.692308 -1.857463 -338.823517
v 19.230770 -1.824713 -338.823517
v 20.769230 -1.787747 -338.823517
v 22.307692 -1.746466 -338.823517
v 23.846153 -1.700815 -338.823517
v 25.384615 -1.650786 -338.823517
v 26.923077 -1.596425 -338.823517
v 28.461538 -1.537828 -338.823517
v 30.000000 -1.475150 -338.823517
v -30.000000 -1.917505 -340.329407
v -28.461538 -1.929651 -340.329407
v -26.923077 -1.939976 -340.329407
v -25.384615 -1.948672 -340.329407
v -23.846153 -1.955941 -340.329407
v -22.307692 -1.961990 -340.329407
v -20.769230 -1.967021 -340.329407
v -19.230770 -1.971234 -340.329407
v -17.692308 -1.974813 -340.329407
v -16.153847 -1.977930 -340.329407
v -14.615385 -1.980734 -340.329407
v -13.076923 -1.983345 -340.329407
v -11.538462 -1.985855 -340.329407
v -10.000000 -1.988321 -340.329407
v -8.461538 -1.990757 -340.329407
v -6.923077 -1.993137 -340.329407
v -5.384615 -1.995386 -340.329407
v -3.846154 -1.997383 -340.329407
v -2.307692 -1.998953 -340.329407
v -0.769231 -1.999871 -340.329407
v 0.769231 -1.999859 -340.329407
v 2.307692 -1.998629 -340.329407
v 3.846154 -1.995901 -340.329407
v 5.384615 -1.991383 -340.329407
v 6.923077 -1.984767 -340.329407
v 8.461538 -1.975746 -340.329407
v 10.000000 -1.964011 -340.329407
v 11.538462 -1.949262 -340.329407
v 13.076923 -1.931213 -340.329407
v 14.615385 -1.909600 -340.329407
v 16.153847 -1.884183 -340.329407
v 17.692308 -1.854753 -340.329407
v 19.230770 -1.821139 -340.329407
v 20.769230 -1.783212 -340.329407
v 22.307692 -1.740887 -340.329407
v 23.846153 -1.694129 -340.329407
v 25.384615 -1.642954 -340.329407
v 26.923077 -1.587435 -340.329407
v 28.461538 -1.527699 -340.329407
v 30.000000 -1.463930 -340.329407
v -30.000000 -1.946773 -341.835297
v -28.461538 -1.956027 -341.835297
v -26.923077 -1.963502 -341.835297
v -25.384615 -1.969425 -341.835297
v -23.846153 -1.974029 -341.835297
v -22.307692 -1.977547 -341.835297
v -20.769230 -1.980207 -341.835297
v -19.230770 -1.982227 -341.835297
v -17.692308 -1.983811 -341.835297
v -16.153847 -1.985138 -341.835297
v -14.615385 -1.986366 -341.835297
v -13.076923 -1.987617 -341.835297
v -11.538462 -1.988981 -341.835297
v -10.000000 -1.990507 -341.835297
v -8.461538 -1.992199 -341.835297
v -6.923077 -1.994015 -341.835297
v -5.384615 -1.995862 -341.835297
v -3.846154 -1.997597 -341.835297
v -2.307692 -1.999019 -341.835297
v -0.769231 -1.999877 -341.835297
v 0.769231 -1.999864 -341.835297
v 2.307692 -1.998660 -341.835297
v 3.846154 -1.995957 -341.835297
v 5.384615 -1.991433 -341.835297
v 6.923077 -1.984758 -341.835297
v 8.461538 -1.975602 -341.835297
v 10.000000 -1.963643 -341.835297
v 11.538462 -1.948567 -341.835297
v 13.076923 -1.930083 -341.835297
v 14.615385 -1.907923 -341.835297
v 16.153847 -1.881849 -341.835297
v 17.692308 -1.851660 -341.835297
v 19.230770 -1.817196 -341.835297
v 20.769230 -1.778342 -341.835297
v 22.307692 -1.735033 -341.835297
v 23.846153 -1.687257 -341.835297
v 25.384615 -1.635056 -341.835297
v 26.923077 -1.578532 -341.835297
v 28.461538 -1.517842 -341.835297
v 30.000000 -1.453204 -341.835297
v -30.000000 -1.975772 -343.341187
v -28.461538 -1.981988 -343.341187
v -26.923077 -1.986502 -343.341187
v -25.384615 -1.989574 -343.341187
v -23.846153 -1.991463 -343.341187
v -22.307692 -1.992430 -343.341187
v -20.769230 -1.992723 -343.341187
v -19.230770 -1.992576 -343.341187
v -17.692308 -1.992205 -343.341187
v -16.153847 -1.991799 -343.341187
v -14.615385 -1.991515 -343.341187
v -13.076923 -1.991478 -343.341187
v -11.538462 -1.991769 -343.341187
v -10.000000 -1.992428 -343.341187
v -8.461538 -1.993444 -343.341187
v -6.923077 -1.994758 -343.341187
v -5.384615 -1.996255 -343.341187
v -3.846154 -1.997767 -343.341187
v -2.307692 -1.999070 -343.341187
v -0.769231 -1.999882 -343.341187
v 0.769231 -1.999867 -343.341187
v 2.307692 -1.998677 -343.341187
v 3.846154 -1.995974 -343.341187
v 5.384615 -1.991410 -343.341187
v 6.923077 -1.984636 -343.341187
v 8.461538 -1.975303 -343.341187
v 10.000000 -1.963077 -343.341187
v 11.538462 -1.947637 -343.341187
v 13.076923 -1.928686 -343.341187
v 14.615385 -1.905958 -343.341187
v 16.153847 -1.879222 -343.341187
v 17.692308 -1.848286 -343.341187
v 19.230770 -1.813006 -343.341187
v 20.769230 -1.773283 -343.341187
v 22.307692 -1.729076 -343.341187
v 23.846153 -1.680398 -343.341187
v 25.384615 -1.627318 -343.341187
v 26.923077 -1.569968 -343.341187
v 28.461538 -1.508537 -343.341187
v 30.000000 -1.443276 -343.341187
v -30.000000 -2.004189 -344.847046
v -28.461538 -2.007257 -344.847046
v -26.923077 -2.008733 -344.847046
v -25.384615 -2.008907 -344.847046
v -23.846153 -2.008066 -344.847046
v -22.307692 -2.006490 -344.847046
v -20.769230 -2.004446 -344.847046
v -19.230770 -2.002182 -344.847046
v -17.692308 -1.999920 -344.847046
v -16.153847 -1.997853 -344.847046
v -14.615385 -1.996140 -344.847046
v -13.076923 -1.994898 -344.847046
v -11.538462 -1.994200 -344.847046
v -10.000000 -1.994072 -344.847046
v -8.461538 -1.994486 -344.847046
v -6.923077 -1.995362 -344.847046
v -5.384615 -1.996563 -344.847046
v -3.846154 -1.997895 -344.847046
v -2.307692 -1.999105 -344.847046
v -0.769231 -1.999884 -344.847046
v 0.769231 -1.999868 -344.847046
v 2.307692 -1.998680 -344.847046
v 3.846154 -1.995954 -344.847046
v 5.384615 -1.991321 -344.847046
v 6.923077 -1.984413 -344.847046
v 8.461538 -1.974868 -344.847046
v 10.000000 -1.962342 -344.847046
v 11.538462 -1.946510 -344.847046
v 13.076923 -1.927075 -344.847046
v 14.615385 -1.903776 -344.847046
v 16.153847 -1.876390 -344.847046
v 17.692308 -1.844741 -344.847046
v 19.230770 -1.808699 -344.847046
v 20.769230 -1.768191 -344.847046
v 22.307692 -1.723196 -344.847046
v 23.846153 -1.673755 -344.847046
v 25.384615 -1.619968 -344.847046
v 26.923077 -1.561996 -344.847046
v 28.461538 -1.500061 -344.847046
v 30.000000 -1.434446 -344.847046
v -30.000000 -2.031725 -346.352936
v -28.461538 -2.031570 -346.352936
v -26.923077 -2.029967 -346.352936
v -25.384615 -2.027232 -346.352936
v -23.846153 -2.023675 -346.352936
v -22.307692 -2.019595 -346.352936
v -20.769230 -2.015270 -346.352936
v -19.230770 -2.010960 -346.352936
v -17.692308 -2.006891 -346.352936
v -16.153847 -2.003256 -346.352936
v -14.615385 -2.000208 -346.352936
v -13.076923 -1.997857 -346.352936
v -11.538462 -1.996263 -346.352936
v -10.000000 -1.995433 -346.352936
v -8.461538 -1.995323 -346.352936
v -6.923077 -1.995829 -346.352936
v -5.384615 -1.996788 -346.352936
v -3.846154 -1.997980 -346.352936
v -2.307692 -1.999125 -346.352936
v -0.769231 -1.999885 -346.352936
v 0.769231 -1.999868 -346.352936
v 2.307692 -1.998669 -346.352936
v 3.846154 -1.995901 -346.352936
v 5.384615 -1.991173 -346.352936
v 6.923077 -1.984102 -346.352936
v 8.461538 -1.974318 -346.352936
v 10.000000 -1.961469 -346.352936
v 11.538462 -1.945230 -346.352936
v 13.076923 -1.925308 -346.352936
v 14.615385 -1.901450 -346.352936
v 16.153847 -1.873446 -346.352936
v 17.692308 -1.841136 -346.352936
v 19.230770 -1.804412 -346.352936
v 20.769230 -1.763221 -346.352936
v 22.307692 -1.717572 -346.352936
v 23.846153 -1.667532 -346.352936
v 25.384615 -1.613232 -346.352936
v 26.923077 -1.554863 -346.352936
v 28.461538 -1.492681 -346.352936
v 30.000000 -1.426999 -346.352936
v -30.000000 -2.058100 -347.858826
v -28.461538 -2.054686 -347.858826
v -26.923077 -2.049998 -347.858826
v -25.384615 -2.044376 -347.858826
v -23.846153 -2.038149 -347.858826
v -22.307692 -2.031628 -347.858826
v -20.769230 -2.025106 -347.858826
v -19.230770 -2.018843 -347.858826
v -17.692308 -2.013069 -347.858826
v -16.153847 -2.007972 -347.858826
v -14.615385 -2.003697 -347.858826
v -13.076923 -2.000341 -347.858826
v -11.538462 -1.997950 -347.858826
v -10.000000 -1.996511 -347.858826
v -8.461538 -1.995957 -347.858826
v -6.923077 -1.996160 -347.858826
v -5.384615 -1.996932 -347.858826
v -3.846154 -1.998025 -347.858826
v -2.307692 -1.999131 -347.858826
v -0.769231 -1.999885 -347.858826
v 0.769231 -1.999867 -347.858826
v 2.307692 -1.998647 -347.858826
v 3.846154 -1.995818 -347.858826
v 5.384615 -1.990974 -347.858826
v 6.923077 -1.983719 -347.858826
v 8.461538 -1.973676 -347.858826
v 10.000000 -1.960492 -347.858826
v 11.538462 -1.943844 -347.858826
v 13.076923 -1.923447 -347.858826
v 14.615385 -1.899060 -347.858826
v 16.153847 -1.870488 -347.858826
v 17.692308 -1.837590 -347.858826
v 19.230770 -1.800281 -347.858826
v 20.769230 -1.758534 -347.858826
v 22.307692 -1.712384 -347.858826
v 23.846153 -1.661930 -347.858826
v 25.384615 -1.607331 -347.858826
v 26.923077 -1.548811 -347.858826
v 28.461538 -1.486655 -347.858826
v 30.000000 -1.421207 -347.858826
v -30.000000 -2.083061 -349.364716
v -28.461538 -2.076388 -349.364716
v -26.923077 -2.068644 -349.364716
v -25.384615 -2.060189 -349.364716
v -23.846153 -2.051365 -349.364716
v -22.307692 -2.042497 -349.364716
v -20.769230 -2.033881 -349.364716
v -19.230770 -2.025780 -349.364716
v -17.692308 -2.018419 -349.364716
v -16.153847 -2.011980 -349.364716
v -14.615385 -2.006596 -349.364716
v -13.076923 -2.002348 -349.364716
v -11.538462 -1.999264 -349.364716
v -10.000000 -1.997309 -349.364716
v -8.461538 -1.996393 -349.364716
v -6.923077 -1.996361 -349.364716
v -5.384615 -1.997000 -349.364716
v -3.846154 -1.998033 -349.364716
v -2.307692 -1.999124 -349.364716
v -0.769231 -1.999883 -349.364716
v 0.769231 -1.999864 -349.364716
v 2.307692 -1.998616 -349.364716
v 3.846154 -1.995712 -349.364716
v 5.384615 -1.990734 -349.364716
v 6.923077 -1.983280 -349.364716
v 8.461538 -1.972968 -349.364716
v 10.000000 -1.959447 -349.364716
v 11.538462 -1.942402 -349.364716
v 13.076923 -1.921557 -349.364716
v 14.615385 -1.896686 -349.364716
v 16.153847 -1.867614 -349.364716
v 17.692308 -1.834220 -349.364716
v 19.230770 -1.796443 -349.364716
v 20.769230 -1.754286 -349.364716
v 22.307692 -1.707810 -349.364716
v 23.846153 -1.657144 -349.364716
v 25.384615 -1.602478 -349.364716
v 26.923077 -1.544066 -349.364716
v 28.461538 -1.482222 -349.364716
v 30.000000 -1.417321 -349.364716
v -30.000000 -2.106379 -350.870575
v -28.461538 -2.096484 -350.870575
v -26.923077 -2.085748 -350.870575
v -25.384615 -2.074544 -350.870575
v -23.846153 -2.063228 -350.870575
v -22.307692 -2.052129 -350.870575
v -20.769230 -2.041544 -350.870575
v -19.230770 -2.031736 -350.870575
v -17.692308 -2.022922 -350.870575
v -16.153847 -2.015271 -350.870575
v -14.615385 -2.008904 -350.870575
v -13.076923 -2.003883 -350.870575
v -11.538462 -2.000212 -350.870575
v -10.000000 -1.997837 -350.870575
v -8.461538 -1.996640 -350.870575
v -6.923077 -1.996440 -350.870575
v -5.384615 -1.996996 -350.870575
v -3.846154 -1.998006 -350.870575
v -2.307692 -1.999106 -350.870575
v -0.769231 -1.999880 -350.870575
v 0.769231 -1.999860 -350.870575
v 2.307692 -1.998575 -350.870575
v 3.846154 -1.995585 -350.870575
v 5.384615 -1.990463 -350.870575
v 6.923077 -1.982802 -350.870575
v 8.461538 -1.972221 -350.870575
v 10.000000 -1.958374 -350.870575
v 11.538462 -1.940955 -350.870575
v 13.076923 -1.919705 -350.870575
v 14.615385 -1.894412 -350.870575
v 16.153847 -1.864924 -350.870575
v 17.692308 -1.831143 -350.870575
v 19.230770 -1.793035 -350.870575
v 20.769230 -1.750630 -350.870575
v 22.307692 -1.704019 -350.870575
v 23.846153 -1.653359 -350.870575
v 25.384615 -1.598872 -350.870575
v 26.923077 -1.540840 -350.870575
v 28.461538 -1.479605 -350.870575
v 30.000000 -1.415567 -350.870575
v -30.000000 -2.127858 -352.376465
v -28.461538 -2.114816 -352.376465
v -26.923077 -2.101183 -352.376465
v -25.384615 -2.087346 -352.376465
v -23.846153 -2.073665 -352.376465
v -22.307692 -2.060472 -352.376465
v -20.769230 -2.048064 -352.376465
v -19.230770 -2.036695 -352.376465
v -17.692308 -2.026572 -352.376465
v -16.153847 -2.017850 -352.376465
v -14.615385 -2.010632 -352.376465
v -13.076923 -2.004958 -352.376465
v -11.538462 -2.000810 -352.376465
v -10.000000 -1.998109 -352.376465
v -8.461538 -1.996710 -352.376465
v -6.923077 -1.996407 -352.376465
v -5.384615 -1.996929 -352.376465
v -3.846154 -1.997948 -352.376465
v -2.307692 -1.999078 -352.376465
v -0.769231 -1.999876 -352.376465
v 0.769231 -1.999856 -352.376465
v 2.307692 -1.998529 -352.376465
v 3.846154 -1.995445 -352.376465
v 5.384615 -1.990173 -352.376465
v 6.923077 -1.982304 -352.376465
v 8.461538 -1.971462 -352.376465
v 10.000000 -1.957311 -352.376465
v 11.538462 -1.939557 -352.376465
v 13.076923 -1.917956 -352.376465
v 14.615385 -1.892320 -352.376465
v 16.153847 -1.862516 -352.376465
v 17.692308 -1.828474 -352.376465
v 19.230770 -1.790188 -352.376465
v 20.769230 -1.747713 -352.376465
v 22.307692 -1.701172 -352.376465
v 23.846153 -1.650751 -352.376465
v 25.384615 -1.596699 -352.376465
v 26.923077 -1.539325 -352.376465
v 28.461538 -1.479000 -352.376465
v 30.000000 -1.416143 -352.376465
v -30.000000 -2.147335 -353.882355
v -28.461538 -2.131254 -353.882355
v -26.923077 -2.114852 -353.882355
v -25.384615 -2.098522 -353.882355
v -23.846153 -2.082628 -353.882355
v -22.307692 -2.067501 -353.882355
v -20.769230 -2.053431 -353.882355
v -19.230770 -2.040659 -353.882355
v -17.692308 -2.029381 -353.882355
v -16.153847 -2.019735 -353.882355
v -14.615385 -2.011800 -353.882355
v -13.076923 -2.005595 -353.882355
v -11.538462 -2.001080 -353.882355
v -10.000000 -1.998145 -353.882355
v -8.461538 -1.996620 -353.882355
v -6.923077 -1.996272 -353.882355
v -5.384615 -1.996805 -353.882355
v -3.846154 -1.997865 -353.882355
v -2.307692 -1.999041 -353.882355
v -0.769231 -1.999871 -353.882355
v 0.769231 -1.999850 -353.882355
v 2.307692 -1.998478 -353.882355
v 3.846154 -1.995297 -353.882355
v 5.384615 -1.989874 -353.882355
v 6.923077 -1.981805 -353.882355
v 8.461538 -1.970722 -353.882355
v 10.000000 -1.956299 -353.882355
v 11.538462 -1.938259 -353.882355
v 13.076923 -1.916378 -353.882355
v 14.615385 -1.890489 -353.882355
v 16.153847 -1.860486 -353.882355
v 17.692308 -1.826324 -353.882355
v 19.230770 -1.788024 -353.882355
v 20.769230 -1.745672 -353.882355
v 22.307692 -1.699418 -353.882355
v 23.846153 -1.649476 -353.882355
v 25.384615 -1.596122 -353.882355
v 26.923077 -1.539692 -353.882355
v 28.461538 -1.480575 -353.882355
v 30.000000 -1.419215 -353.882355
v -30.000000 -2.164685 -355.388245
v -28.461538 -2.145705 -355.388245
v -26.923077 -2.126689 -355.388245
v -25.384615 -2.108032 -355.388245
v -23.846153 -2.090099 -355.388245
v -22.307692 -2.073212 -355.388245
v -20.769230 -2.057652 -355.388245
v -19.230770 -2.043648 -355.388245
v -17.692308 -2.031375 -355.388245
v -16.153847 -2.020953 -355.388245
v -14.615385 -2.012439 -355.388245
v -13.076923 -2.005826 -355.388245
v -11.538462 -2.001047 -355.388245
v -10.000000 -1.997967 -355.388245
v -8.461538 -1.996389 -355.388245
v -6.923077 -1.996051 -355.388245
v -5.384615 -1.996635 -355.388245
v -3.846154 -1.997761 -355.388245
v -2.307692 -1.998998 -355.388245
v -0.769231 -1.999866 -355.388245
v 0.769231 -1.999845 -355.388245
v 2.307692 -1.998425 -355.388245
v 3.846154 -1.995147 -355.388245
v 5.384615 -1.989580 -355.388245
v 6.923077 -1.981326 -355.388245
v 8.461538 -1.970028 -355.388245
v 10.000000 -1.955377 -355.388245
v 11.538462 -1.937113 -355.388245
v 13.076923 -1.915035 -355.388245
v 14.615385 -1.888999 -355.388245
v 16.153847 -1.858925 -355.388245
v 17.692308 -1.824797 -355.388245
v 19.230770 -1.786662 -355.388245
v 20.769230 -1.744634 -355.388245
v 22.307692 -1.698892 -355.388245
v 23.846153 -1.649676 -355.388245
v 25.384615 -1.597287 -355.388245
v 26.923077 -1.542082 -355.388245
v 28.461538 -1.484472 -355.388245
v 30.000000 -1.424916 -355.388245
v -30.000000 -2.179819 -356.894104
v -28.461538 -2.158111 -356.894104
v -26.923077 -2.136661 -356.894104
v -25.384615 -2.115866 -356.894104
v -23.846153 -2.096082 -356.894104
v -22.307692 -2.077625 -356.894104
v -20.769230 -2.060759 -356.894104
v -19.230770 -2.045697 -356.894104
v -17.692308 -2.032595 -356.894104
v -16.153847 -2.021548 -356.894104
v -14.615385 -2.012589 -356.894104
v -13.076923 -2.005687 -356.894104
v -11.538462 -2.000745 -356.894104
v -10.000000 -1.997603 -356.894104
v -8.461538 -1.996036 -356.894104
v -6.923077 -1.995759 -356.894104
v -5.384615 -1.996428 -356.894104
v -3.846154 -1.997641 -356.894104
v -2.307692 -1.998951 -356.894104
v -0.769231 -1.999860 -356.894104
v 0.769231 -1.999839 -356.894104
v 2.307692 -1.998372 -356.894104
v 3.846154 -1.995001 -356.894104
v 5.384615 -1.989301 -356.894104
v 6.923077 -1.980884 -356.894104
v 8.461538 -1.969410 -356.894104
v 10.000000 -1.954584 -356.894104
v 11.538462 -1.936170 -356.894104
v 13.076923 -1.913989 -356.894104
v 14.615385 -1.887923 -356.894104
v 16.153847 -1.857919 -356.894104
v 17.692308 -1.823987 -356.894104
v 19.230770 -1.786205 -356.894104
v 20.769230 -1.744712 -356.894104
v 22.307692 -1.699712 -356.894104
v 23.846153 -1.651472 -356.894104
v 25.384615 -1.600313 -356.894104
v 26.923077 -1.546613 -356.894104
v 28.461538 -1.490798 -356.894104
v 30.000000 -1.433339 -356.894104
v -30.000000 -2.192688 -358.399994
v -28.461538 -2.168447 -358.399994
v -26.923077 -2.144768 -358.399994
v -25.384615 -2.122040 -358.399994
v -23.846153 -2.100611 -358.399994
v -22.307692 -2.080782 -358.399994
v -20.769230 -2.062802 -358.399994
v -19.230770 -2.046861 -358.399994
v -17.692308 -2.033095 -358.399994
v -16.153847 -2.021572 -358.399994
v -14.615385 -2.012300 -358.399994
v -13.076923 -2.005221 -358.399994
v -11.538462 -2.000212 -358.399994
v -10.000000 -1.997084 -358.399994
v -8.461538 -1.995588 -358.399994
v -6.923077 -1.995413 -358.399994
v -5.384615 -1.996194 -358.399994
v -3.846154 -1.997512 -358.399994
v -2.307692 -1.998901 -358.399994
v -0.769231 -1.999855 -358.399994
v 0.769231 -1.999833 -358.399994
v 2.307692 -1.998321 -358.399994
v 3.846154 -1.994865 -358.399994
v 5.384615 -1.989050 -358.399994
v 6.923077 -1.980501 -358.399994
v 8.461538 -1.968895 -358.399994
v 10.000000 -1.953958 -358.399994
v 11.538462 -1.935478 -358.399994
v 13.076923 -1.913299 -358.399994
v 14.615385 -1.887330 -358.399994
v 16.153847 -1.857545 -358.399994
v 17.692308 -1.823983 -358.399994
v 19.230770 -1.786747 -358.399994
v 20.769230 -1.746002 -358.399994
v 22.307692 -1.701978 -358.399994
v 23.846153 -1.654961 -358.399994
v 25.384615 -1.605294 -358.399994
v 26.923077 -1.553369 -358.399994
v 28.461538 -1.499625 -358.399994
v 30.000000 -1.444542 -358.399994
v -30.000000 -2.203282 -359.905884
v -28.461538 -2.176728 -359.905884
v -26.923077 -2.151042 -359.905884
v -25.384615 -2.126602 -359.905884
v -23.846153 -2.103744 -359.905884
v -22.307692 -2.082749 -359.905884
v -20.769230 -2.063848 -359.905884
v -19.230770 -2.047209 -359.905884
v -17.692308 -2.032941 -359.905884
v -16.153847 -2.021088 -359.905884
v -14.615385 -2.011630 -359.905884
v -13.076923 -2.004480 -359.905884
v -11.538462 -1.999489 -359.905884
v -10.000000 -1.996443 -359.905884
v -8.461538 -1.995068 -359.905884
v -6.923077 -1.995031 -359.905884
v -5.384615 -1.995946 -359.905884
v -3.846154 -1.997380 -359.905884
v -2.307692 -1.998852 -359.905884
v -0.769231 -1.999849 -359.905884
v 0.769231 -1.999828 -359.905884
v 2.307692 -1.998275 -359.905884
v 3.846154 -1.994746 -359.905884
v 5.384615 -1.988838 -359.905884
v 6.923077 -1.980194 -359.905884
v 8.461538 -1.968510 -359.905884
v 10.000000 -1.953535 -359.905884
v 11.538462 -1.935080 -359.905884
v 13.076923 -1.913017 -359.905884
v 14.615385 -1.887282 -359.905884
v 16.153847 -1.857874 -359.905884
v 17.692308 -1.824859 -359.905884
v 19.230770 -1.788366 -359.905884
v 20.769230 -1.748586 -359.905884
v 22.307692 -1.705768 -359.905884
v 23.846153 -1.660218 -359.905884
v 25.384615 -1.612295 -359.905884
v 26.923077 -1.562403 -359.905884
v 28.461538 -1.510991 -359.905884
v 30.000000 -1.458541 -359.905884
v -30.000000 -2.211632 -361.411774
v -28.461538 -2.183004 -361.411774
v -26.923077 -2.155547 -361.411774
v -25.384615 -2.129627 -361.411774
v -23.846153 -2.105561 -361.411774
v -22.307692 -2.083612 -361.411774
v -20.769230 -2.063985 -361.411774
v -19.230770 -2.046825 -361.411774
v -17.692308 -2.032214 -361.411774
v -16.153847 -2.020169 -361.411774
v -14.615385 -2.010641 -361.411774
v -13.076923 -2.003518 -361.411774
v -11.538462 -1.998623 -361.411774
v -10.000000 -1.995717 -361.411774
v -8.461538 -1.994504 -361.411774
v -6.923077 -1.994631 -361.411774
v -5.384615 -1.995695 -361.411774
v -3.846154 -1.997249 -361.411774
v -2.307692 -1.998805 -361.411774
v -0.769231 -1.999844 -361.411774
v 0.769231 -1.999823 -361.411774
v 2.307692 -1.998235 -361.411774
v 3.846154 -1.994649 -361.411774
v 5.384615 -1.988677 -361.411774
v 6.923077 -1.979982 -361.411774
v 8.461538 -1.968280 -361.411774
v 10.000000 -1.953347 -361.411774
v 11.538462 -1.935019 -361.411774
v 13.076923 -1.913193 -361.411774
v 14.615385 -1.887832 -361.411774
v 16.153847 -1.858963 -361.411774
v 17.692308 -1.826678 -361.411774
v 19.230770 -1.791127 -361.411774
v 20.769230 -1.752525 -361.411774
v 22.307692 -1.711139 -361.411774
v 23.846153 -1.667291 -361.411774
v 25.384615 -1.621353 -361.411774
v 26.923077 -1.573738 -361.411774
v 28.461538 -1.524896 -361.411774
v 30.000000 -1.475312 -361.411774
v -30.000000 -2.217804 -362.917633
v -28.461538 -2.187358 -362.917633
v -26.923077 -2.158380 -362.917633
v -25.384615 -2.131218 -362.917633
v -23.846153 -2.106170 -362.917633
v -22.307692 -2.083475 -362.917633
v -20.769230 -2.063314 -362.917633
v -19.230770 -2.045805 -362.917633
v -17.692308 -2.031002 -362.917633
v -16.153847 -2.018894 -362.917633
v -14.615385 -2.009404 -362.917633
v -13.076923 -2.002394 -362.917633
v -11.538462 -1.997661 -362.917633
v -10.000000 -1.994944 -362.917633
v -8.461538 -1.993925 -362.917633
v -6.923077 -1.994233 -362.917633
v -5.384615 -1.995454 -362.917633
v -3.846154 -1.997128 -362.917633
v -2.307692 -1.998763 -362.917633
v -0.769231 -1.999840 -362.917633
v 0.769231 -1.999819 -362.917633
v 2.307692 -1.998205 -362.917633
v 3.846154 -1.994580 -362.917633
v 5.384615 -1.988577 -362.917633
v 6.923077 -1.979880 -362.917633
v 8.461538 -1.968229 -362.917633
v 10.000000 -1.953424 -362.917633
v 11.538462 -1.935328 -362.917633
v 13.076923 -1.913866 -362.917633
v 14.615385 -1.889027 -362.917633
v 16.153847 -1.860863 -362.917633
v 17.692308 -1.829489 -362.917633
v 19.230770 -1.795077 -362.917633
v 20.769230 -1.757861 -362.917633
v 22.307692 -1.718126 -362.917633
v 23.846153 -1.676204 -362.917633
v 25.384615 -1.632476 -362.917633
v 26.923077 -1.587360 -362.917633
v 28.461538 -1.541305 -362.917633
v 30.000000 -1.494791 -362.917633
v -30.000000 -2.221906 -364.423523
v -28.461538 -2.189907 -364.423523
v -26.923077 -2.159662 -364.423523
v -25.384615 -2.131500 -364.423523
v -23.846153 -2.105695 -364.423523
v -22.307692 -2.082462 -364.423523
v -20.769230 -2.061953 -364.423523
v -19.230770 -2.044258 -364.423523
v -17.692308 -2.029404 -364.423523
v -16.153847 -2.017350 -364.423523
v -14.615385 -2.007995 -364.423523
v -13.076923 -2.001172 -364.423523
v -11.538462 -1.996655 -364.423523
v -10.000000 -1.994163 -364.423523
v -8.461538 -1.993358 -364.423523
v -6.923077 -1.993857 -364.423523
v -5.384615 -1.995233 -364.423523
v -3.846154 -1.997021 -364.423523
v -2.307692 -1.998728 -364.423523
v -0.769231 -1.999836 -364.423523
v 0.769231 -1.999816 -364.423523
v 2.307692 -1.998185 -364.423523
v 3.846154 -1.994545 -364.423523
v 5.384615 -1.988548 -364.423523
v 6.923077 -1.979903 -364.423523
v 8.461538 -1.968375 -364.423523
v 10.000000 -1.953791 -364.423523
v 11.538462 -1.936040 -364.423523
v 13.076923 -1.915073 -364.423523
v 14.615385 -1.890904 -364.423523
v 16.153847 -1.863610 -364.423523
v 17.692308 -1.833326 -364.423523
v 19.230770 -1.800246 -364.423523
v 20.769230 -1.764618 -364.423523
v 22.307692 -1.726739 -364.423523
v 23.846153 -1.686952 -364.423523
v 25.384615 -1.645641 -364.423523
v 26.923077 -1.603223 -364.423523
v 28.461538 -1.560144 -364.423523
v 30.000000 -1.516874 -364.423523
v -30.000000 -2.224079 -365.929413
v -28.461538 -2.190798 -365.929413
v -26.923077 -2.159545 -365.929413
v -25.384615 -2.130625 -365.929413
v -23.846153 -2.104284 -365.929413
v -22.307692 -2.080711 -365.929413
v -20.769230 -2.060030 -365.929413
v -19.230770 -2.042302 -365.929413
v -17.692308 -2.027524 -365.929413
v -16.153847 -2.015630 -365.929413
v -14.615385 -2.006491 -365.929413
v -13.076923 -1.999915 -365.929413
v -11.538462 -1.995657 -365.929413
v -10.000000 -1.993413 -365.929413
v -8.461538 -1.992833 -365.929413
v -6.923077 -1.993522 -365.929413
v -5.384615 -1.995044 -365.929413
v -3.846154 -1.996935 -365.929413
v -2.307692 -1.998701 -365.929413
v -0.769231 -1.999834 -365.929413
v 0.769231 -1.999814 -365.929413
v 2.307692 -1.998178 -365.929413
v 3.846154 -1.994547 -365.929413
v 5.384615 -1.988598 -365.929413
v 6.923077 -1.980064 -365.929413
v 8.461538 -1.968737 -365.929413
v 10.000000 -1.954471 -365.929413
v 11.538462 -1.937179 -365.929413
v 13.076923 -1.916839 -365.929413
v 14.615385 -1.893489 -365.929413
v 16.153847 -1.867228 -365.929413
v 17.692308 -1.838211 -365.929413
v 19.230770 -1.806646 -365.929413
v 20.769230 -1.772796 -365.929413
v 22.307692 -1.736966 -365.929413
v 23.846153 -1.699504 -365.929413
v 25.384615 -1.660794 -365.929413
v 26.923077 -1.621249 -365.929413
v 28.461538 -1.581306 -365.929413
v 30.000000 -1.541422 -365.929413
v -30.000000 -2.224496 -367.435303
v -28.461538 -2.190209 -367.435303
v -26.923077 -2.158204 -367.435303
v -25.384615 -2.128760 -367.435303
v -23.846153 -2.102097 -367.435303
v -22.307692 -2.078372 -367.435303
v -20.769230 -2.057683 -367.435303
v -19.230770 -2.040061 -367.435303
v -17.692308 -2.025474 -367.435303
v -16.153847 -2.013830 -367.435303
v -14.615385 -2.004973 -367.435303
v -13.076923 -1.998691 -367.435303
v -11.538462 -1.994717 -367.435303
v -10.000000 -1.992734 -367.435303
v -8.461538 -1.992378 -367.435303
v -6.923077 -1.993246 -367.435303
v -5.384615 -1.994900 -367.435303
v -3.846154 -1.996875 -367.435303
v -2.307692 -1.998686 -367.435303
v -0.769231 -1.999833 -367.435303
v 0.769231 -1.999814 -367.435303
v 2.307692 -1.998185 -367.435303
v 3.846154 -1.994592 -367.435303
v 5.384615 -1.988736 -367.435303
v 6.923077 -1.980375 -367.435303
v 8.461538 -1.969330 -367.435303
v 10.000000 -1.955479 -367.435303
v 11.538462 -1.938763 -367.435303
v 13.076923 -1.919183 -367.435303
v 14.615385 -1.896799 -367.435303
v 16.153847 -1.871730 -367.435303
v 17.692308 -1.844146 -367.435303
v 19.230770 -1.814272 -367.435303
v 20.769230 -1.782376 -367.435303
v 22.307692 -1.748770 -367.435303
v 23.846153 -1.713802 -367.435303
v 25.384615 -1.677853 -367.435303
v 26.923077 -1.641327 -367.435303
v 28.461538 -1.604648 -367.435303
v 30.000000 -1.568254 -367.435303
v -30.000000 -2.223362 -368.941162
v -28.461538 -2.188340 -368.941162
v -26.923077 -2.155833 -368.941162
v -25.384615 -2.126093 -368.941162
v -23.846153 -2.099309 -368.941162
v -22.307692 -2.075609 -368.941162
v -20.769230 -2.055061 -368.941162
v -19.230770 -2.037667 -368.941162
v -17.692308 -2.023368 -368.941162
v -16.153847 -2.012046 -368.941162
v -14.615385 -2.003522 -368.941162
v -13.076923 -1.997564 -368.941162
v -11.538462 -1.993889 -368.941162
v -10.000000 -1.992165 -368.941162
v -8.461538 -1.992020 -368.941162
v -6.923077 -1.993048 -368.941162
v -5.384615 -1.994810 -368.941162
v -3.846154 -1.996847 -368.941162
v -2.307692 -1.998683 -368.941162
v -0.769231 -1.999834 -368.941162
v 0.769231 -1.999816 -368.941162
v 2.307692 -1.998209 -368.941162
v 3.846154 -1.994683 -368.941162
v 5.384615 -1.988966 -368.941162
v 6.923077 -1.980845 -368.941162
v 8.461538 -1.970164 -368.941162
v 10.000000 -1.956828 -368.941162
v 11.538462 -1.940804 -368.941162
v 13.076923 -1.922114 -368.941162
v 14.615385 -1.900839 -368.941162
v 16.153847 -1.877113 -368.941162
v 17.692308 -1.851122 -368.941162
v 19.230770 -1.823098 -368.941162
v 20.769230 -1.793316 -368.941162
v 22.307692 -1.762089 -368.941162
v 23.846153 -1.729762 -368.941162
v 25.384615 -1.696707 -368.941162
v 26.923077 -1.663315 -368.941162
v 28.461538 -1.629995 -368.941162
v 30.000000 -1.597160 -368.941162
v -30.000000 -2.220907 -370.447052
v -28.461538 -2.185416 -370.447052
v -26.923077 -2.152648 -370.447052
v -25.384615 -2.122825 -370.447052
v -23.846153 -2.096107 -370.447052
v -22.307692 -2.072591 -370.447052
v -20.769230 -2.052315 -370.447052
v -19.230770 -2.035254 -370.447052
v -17.692308 -2.021322 -370.447052
v -16.153847 -2.010377 -370.447052
v -14.615385 -2.002220 -370.447052
v -13.076923 -1.996600 -370.447052
v -11.538462 -1.993221 -370.447052
v -10.000000 -1.991742 -370.447052
v -8.461538 -1.991786 -370.447052
v -6.923077 -1.992945 -370.447052
v -5.384615 -1.994785 -370.447052
v -3.846154 -1.996856 -370.447052
v -2.307692 -1.998695 -370.447052
v -0.769231 -1.999836 -370.447052
v 0.769231 -1.999819 -370.447052
v 2.307692 -1.998249 -370.447052
v 3.846154 -1.994823 -370.447052
v 5.384615 -1.989295 -370.447052
v 6.923077 -1.981479 -370.447052
v 8.461538 -1.971246 -370.447052
v 10.000000 -1.958526 -370.447052
v 11.538462 -1.943307 -370.447052
v 13.076923 -1.925634 -370.447052
v 14.615385 -1.905603 -370.447052
v 16.153847 -1.883363 -370.447052
v 17.692308 -1.859110 -370.447052
v 19.230770 -1.833082 -370.447052
v 20.769230 -1.805556 -370.447052
v 22.307692 -1.776841 -370.447052
v 23.846153 -1.747276 -370.447052
v 25.384615 -1.717219 -370.447052
v 26.923077 -1.687045 -370.447052
v 28.461538 -1.657142 -370.447052
v 30.000000 -1.627899 -370.447052
v -30.000000 -2.217384 -371.952942
v -28.461538 -2.181677 -371.952942
v -26.923077 -2.148875 -371.952942
v -25.384615 -2.119168 -371.952942
v -23.846153 -2.092685 -371.952942
v -22.307692 -2.069493 -371.952942
v -20.769230 -2.049601 -371.952942
v -19.230770 -2.032957 -371.952942
v -17.692308 -2.019452 -371.952942
v -16.153847 -2.008919 -371.952942
v -14.615385 -2.001144 -371.952942
v -13.076923 -1.995861 -371.952942
v -11.538462 -1.992762 -371.952942
v -10.000000 -1.991501 -371.952942
v -8.461538 -1.991700 -371.952942
v -6.923077 -1.992952 -371.952942
v -5.384615 -1.994834 -371.952942
v -3.846154 -1.996905 -371.952942
v -2.307692 -1.998722 -371.952942
v -0.769231 -1.999840 -371.952942
v 0.769231 -1.999825 -371.952942
v 2.307692 -1.998308 -371.952942
v 3.846154 -1.995014 -371.952942
v 5.384615 -1.989725 -371.952942
v 6.923077 -1.982282 -371.952942
v 8.461538 -1.972580 -371.952942
v 10.000000 -1.960574 -371.952942
v 11.538462 -1.946271 -371.952942
v 13.076923 -1.929734 -371.952942
v 14.615385 -1.911075 -371.952942
v 16.153847 -1.890453 -371.952942
v 17.692308 -1.868069 -371.952942
v 19.230770 -1.844165 -371.952942
v 20.769230 -1.819015 -371.952942
v 22.307692 -1.792922 -371.952942
v 23.846153 -1.766211 -371.952942
v 25.384615 -1.739226 -371.952942
v 26.923077 -1.712321 -371.952942
v 28.461538 -1.685858 -371.952942
v 30.000000 -1.660199 -371.952942
v -30.000000 -2.213063 -373.458832
v -28.461538 -2.177380 -373.458832
v -26.923077 -2.144753 -373.458832
v -25.384615 -2.115340 -373.458832
v -23.846153 -2.089240 -373.458832
v -22.307692 -2.066491 -373.458832
v -20.769230 -2.047074 -373.458832
v -19.230770 -2.030911 -373.458832
v -17.692308 -2.017870 -373.458832
v -16.153847 -2.007768 -373.458832
v -14.615385 -2.000372 -373.458832
v -13.076923 -1.995407 -373.458832
v -11.538462 -1.992557 -373.458832
v -10.000000 -1.991475 -373.458832
v -8.461538 -1.991783 -373.458832
v -6.923077 -1.993084 -373.458832
v -5.384615 -1.994963 -373.458832
v -3.846154 -1.996999 -373.458832
v -2.307692 -1.998767 -373.458832
v -0.769231 -1.999846 -373.458832
v 0.769231 -1.999832 -373.458832
v 2.307692 -1.998385 -373.458832
v 3.846154 -1.995257 -373.458832
v 5.384615 -1.990259 -373.458832
v 6.923077 -1.983255 -373.458832
v 8.461538 -1.974166 -373.458832
v 10.000000 -1.962968 -373.458832
v 11.538462 -1.949686 -373.458832
v 13.076923 -1.934398 -373.458832
v 14.615385 -1.917228 -373.458832
v 16.153847 -1.898341 -373.458832
v 17.692308 -1.877942 -373.458832
v 19.230770 -1.856271 -373.458832
v 20.769230 -1.833595 -373.458832
v 22.307692 -1.810206 -373.458832
v 23.846153 -1.786414 -373.458832
v 25.384615 -1.762543 -373.458832
v 26.923077 -1.738924 -373.458832
v 28.461538 -1.715889 -373.458832
v 30.000000 -1.693770 -373.458832
v -30.000000 -2.208229 -374.964691
v -28.461538 -2.172789 -374.964691
v -26.923077 -2.140525 -374.964691
v -25.384615 -2.111564 -374.964691
v -23.846153 -2.085972 -374.964691
v -22.307692 -2.063762 -374.964691
v -20.769230 -2.044886 -374.964691
v -19.230770 -2.029245 -374.964691
v -17.692308 -2.016686 -374.964691
v -16.153847 -2.007010 -374.964691
v -14.615385 -1.999974 -374.964691
v -13.076923 -1.995292 -374.964691
v -11.538462 -1.992647 -374.964691
v -10.000000 -1.991692 -374.964691
v -8.461538 -1.992056 -374.964691
v -6.923077 -1.993352 -374.964691
v -5.384615 -1.995181 -374.964691
v -3.846154 -1.997140 -374.964691
v -2.307692 -1.998829 -374.964691
v -0.769231 -1.999855 -374.964691
v 0.769231 -1.999841 -374.964691
v 2.307692 -1.998481 -374.964691
v 3.846154 -1.995554 -374.964691
v 5.384615 -1.990896 -374.964691
v 6.923077 -1.984398 -374.964691
v 8.461538 -1.976000 -374.964691
v 10.000000 -1.965699 -374.964691
v 11.538462 -1.953536 -374.964691
v 13.076923 -1.939601 -374.964691
v 14.615385 -1.924024 -374.964691
v 16.153847 -1.906975 -374.964691
v 17.692308 -1.888658 -374.964691
v 19.230770 -1.869307 -374.964691
v 20.769230 -1.849178 -374.964691
v 22.307692 -1.828550 -374.964691
v 23.846153 -1.807712 -374.964691
v 25.384615 -1.786966 -374.964691
v 26.923077 -1.766615 -374.964691
v 28.461538 -1.746960 -374.964691
v 30.000000 -1.728298 -374.964691
v -30.000000 -2.203175 -376.470581
v -28.461538 -2.168176 -376.470581
v -26.923077 -2.136440 -376.470581
v -25.384615 -2.108061 -376.470581
v -23.846153 -2.083079 -376.470581
v -22.307692 -2.061477 -376.470581
v -20.769230 -2.043186 -376.470581
v -19.230770 -2.028084 -376.470581
v -17.692308 -2.016004 -376.470581
v -16.153847 -2.006732 -376.470581
v -14.615385 -2.000015 -376.470581
v -13.076923 -1.995567 -376.470581
v -11.538462 -1.993068 -376.470581
v -10.000000 -1.992178 -376.470581
v -8.461538 -1.992535 -376.470581
v -6.923077 -1.993766 -376.470581
v -5.384615 -1.995492 -376.470581
v -3.846154 -1.997331 -376.470581
v -2.307692 -1.998910 -376.470581
v -0.769231 -1.999865 -376.470581
v 0.769231 -1.999853 -376.470581
v 2.307692 -1.998597 -376.470581
v 3.846154 -1.995904 -376.470581
v 5.384615 -1.991636 -376.470581
v 6.923077 -1.985705 -376.470581
v 8.461538 -1.978074 -376.470581
v 10.000000 -1.968754 -376.470581
v 11.538462 -1.957799 -376.470581
v 13.076923 -1.945308 -376.470581
v 14.615385 -1.931415 -376.470581
v 16.153847 -1.916291 -376.470581
v 17.692308 -1.900133 -376.470581
v 19.230770 -1.883166 -376.470581
v 20.769230 -1.865634 -376.470581
v 22.307692 -1.847794 -376.470581
v 23.846153 -1.829916 -376.470581
v 25.384615 -1.812273 -376.470581
v 26.923077 -1.795138 -376.470581
v 28.461538 -1.778780 -376.470581
v 30.000000 -1.763460 -376.470581
v -30.000000 -2.198198 -377.976471
v -28.461538 -2.163812 -377.976471
v -26.923077 -2.132740 -377.976471
v -25.384615 -2.105049 -377.976471
v -23.846153 -2.080750 -377.976471
v -22.307692 -2.059802 -377.976471
v -20.769230 -2.042113 -377.976471
v -19.230770 -2.027546 -377.976471
v -17.692308 -2.015918 -377.976471
v -16.153847 -2.007007 -377.976471
v -14.615385 -2.000555 -377.976471
v -13.076923 -1.996275 -377.976471
v -11.538462 -1.993852 -377.976471
v -10.000000 -1.992954 -377.976471
v -8.461538 -1.993234 -377.976471
v -6.923077 -1.994335 -377.976471
v -5.384615 -1.995900 -377.976471
v -3.846154 -1.997573 -377.976471
v -2.307692 -1.999010 -377.976471
v -0.769231 -1.999877 -377.976471
v 0.769231 -1.999867 -377.976471
v 2.307692 -1.998732 -377.976471
v 3.846154 -1.996307 -377.976471
v 5.384615 -1.992475 -377.976471
v 6.923077 -1.987172 -377.976471
v 8.461538 -1.980376 -377.976471
v 10.000000 -1.972113 -377.976471
v 11.538462 -1.962446 -377.976471
v 13.076923 -1.951478 -377.976471
v 14.615385 -1.939345 -377.976471
v 16.153847 -1.926213 -377.976471
v 17.692308 -1.912271 -377.976471
v 19.230770 -1.897731 -377.976471
v 20.769230 -1.882817 -377.976471
v 22.307692 -1.867767 -377.976471
v 23.846153 -1.852823 -377.976471
v 25.384615 -1.838229 -377.976471
v 26.923077 -1.824227 -377.976471
v 28.461538 -1.811049 -377.976471
v 30.000000 -1.798918 -377.976471
v -30.000000 -2.193594 -379.482361
v -28.461538 -2.159964 -379.482361
v -26.923077 -2.129666 -379.482361
v -25.384615 -2.102739 -379.482361
v -23.846153 -2.079169 -379.482361
v -22.307692 -2.058892 -379.482361
v -20.769230 -2.041800 -379.482361
v -19.230770 -2.027738 -379.482361
v -17.692308 -2.016516 -379.482361
v -16.153847 -2.007904 -379.482361
v -14.615385 -2.001645 -379.482361
v -13.076923 -1.997453 -379.482361
v -11.538462 -1.995024 -379.482361
v -10.000000 -1.994037 -379.482361
v -8.461538 -1.994162 -379.482361
v -6.923077 -1.995063 -379.482361
v -5.384615 -1.996407 -379.482361
v -3.846154 -1.997867 -379.482361
v -2.307692 -1.999128 -379.482361
v -0.769231 -1.999892 -379.482361
v 0.769231 -1.999883 -379.482361
v 2.307692 -1.998886 -379.482361
v 3.846154 -1.996759 -379.482361
v 5.384615 -1.993409 -379.482361
v 6.923077 -1.988789 -379.482361
v 8.461538 -1.982891 -379.482361
v 10.000000 -1.975752 -379.482361
v 11.538462 -1.967441 -379.482361
v 13.076923 -1.958062 -379.482361
v 14.615385 -1.947749 -379.482361
v 16.153847 -1.936658 -379.482361
v 17.692308 -1.924967 -379.482361
v 19.230770 -1.912870 -379.482361
v 20.769230 -1.900571 -379.482361
v 22.307692 -1.888282 -379.482361
v 23.846153 -1.876217 -379.482361
v 25.384615 -1.864589 -379.482361
v 26.923077 -1.853603 -379.482361
v 28.461538 -1.843457 -379.482361
v 30.000000 -1.834333 -379.482361
v -30.000000 -2.189653 -380.988220
v -28.461538 -2.156891 -380.988220
v -26.923077 -2.127446 -380.988220
v -25.384615 -2.101330 -380.988220
v -23.846153 -2.078506 -380.988220
v -22.307692 -2.058892 -380.988220
v -20.769230 -2.042363 -380.988220
v -19.230770 -2.028756 -380.988220
v -17.692308 -2.017872 -380.988220
v -16.153847 -2.009480 -380.988220
v -14.615385 -2.003326 -380.988220
v -13.076923 -1.999132 -380.988220
v -11.538462 -1.996605 -380.988220
v -10.000000 -1.995439 -380.988220
v -8.461538 -1.995326 -380.988220
v -6.923077 -1.995953 -380.988220
v -5.384615 -1.997014 -380.988220
v -3.846154 -1.998213 -380.988220
v -2.307692 -1.999266 -380.988220
v -0.769231 -1.999909 -380.988220
v 0.769231 -1.999901 -380.988220
v 2.307692 -1.999057 -380.988220
v 3.846154 -1.997259 -380.988220
v 5.384615 -1.994432 -380.988220
v 6.923077 -1.990544 -380.988220
v 8.461538 -1.985601 -380.988220
v 10.000000 -1.979643 -380.988220
v 11.538462 -1.972744 -380.988220
v 13.076923 -1.965006 -380.988220
v 14.615385 -1.956553 -380.988220
v 16.153847 -1.947533 -380.988220
v 17.692308 -1.938105 -380.988220
v 19.230770 -1.928444 -380.988220
v 20.769230 -1.918730 -380.988220
v 22.307692 -1.909147 -380.988220
v 23.846153 -1.899878 -380.988220
v 25.384615 -1.891100 -380.988220
v 26.923077 -1.882986 -380.988220
v 28.461538 -1.875693 -380.988220
v 30.000000 -1.869367 -380.988220
v -30.000000 -2.186655 -382.494110
v -28.461538 -2.154840 -382.494110
v -26.923077 -2.126295 -382.494110
v -25.384615 -2.101006 -382.494110
v -23.846153 -2.078917 -382.494110
v -22.307692 -2.059930 -382.494110
v -20.769230 -2.043909 -382.494110
v -19.230770 -2.030683 -382.494110
v -17.692308 -2.020050 -382.494110
v -16.153847 -2.011783 -382.494110
v -14.615385 -2.005632 -382.494110
v -13.076923 -2.001333 -382.494110
v -11.538462 -1.998606 -382.494110
v -10.000000 -1.997167 -382.494110
v -8.461538 -1.996728 -382.494110
v -6.923077 -1.997005 -382.494110
v -5.384615 -1.997721 -382.494110
v -3.846154 -1.998610 -382.494110
v -2.307692 -1.999422 -382.494110
v -0.769231 -1.999928 -382.494110
v 0.769231 -1.999921 -382.494110
v 2.307692 -1.999246 -382.494110
v 3.846154 -1.997803 -382.494110
v 5.384615 -1.995537 -382.494110
v 6.923077 -1.992425 -382.494110
v 8.461538 -1.988483 -382.494110
v 10.000000 -1.983754 -382.494110
v 11.538462 -1.978310 -382.494110
v 13.076923 -1.972247 -382.494110
v 14.615385 -1.965679 -382.494110
v 16.153847 -1.958738 -382.494110
v 17.692308 -1.951564 -382.494110
v 19.230770 -1.944308 -382.494110
v 20.769230 -1.937123 -382.494110
v 22.307692 -1.930162 -382.494110
v 23.846153 -1.923577 -382.494110
v 25.384615 -1.917509 -382.494110
v 26.923077 -1.912093 -382.494110
v 28.461538 -1.907449 -382.494110
v 30.000000 -1.903683 -382.494110
v -30.000000 -2.184861 -384.000000
v -28.461538 -2.154042 -384.000000
v -26.923077 -2.126410 -384.000000
v -25.384615 -2.101934 -384.000000
v -23.846153 -2.080541 -384.000000
v -22.307692 -2.062119 -384.000000
v -20.769230 -2.046525 -384.000000
v -19.230770 -2.033585 -384.000000
v -17.692308 -2.023099 -384.000000
v -16.153847 -2.014846 -384.000000
v -14.615385 -2.008586 -384.000000
v -13.076923 -2.004068 -384.000000
v -11.538462 -2.001034 -384.000000
v -10.000000 -1.999221 -384.000000
v -8.461538 -1.998367 -384.000000
v -6.923077 -1.998217 -384.000000
v -5.384615 -1.998524 -384.000000
v -3.846154 -1.999055 -384.000000
v -2.307692 -1.999595 -384.000000
v -0.769231 -1.999948 -384.000000
v 0.769231 -1.999943 -384.000000
v 2.307692 -1.999449 -384.000000
v 3.846154 -1.998388 -384.000000
v 5.384615 -1.996714 -384.000000
v 6.923077 -1.994416 -384.000000
v 8.461538 -1.991513 -384.000000
v 10.000000 -1.988049 -384.000000
v 11.538462 -1.984089 -384.000000
v 13.076923 -1.979720 -384.000000
v 14.615385 -1.975042 -384.000000
v 16.153847 -1.970168 -384.000000
v 17.692308 -1.965215 -384.000000
v 19.230770 -1.960309 -384.000000
v 20.769230 -1.955572 -384.000000
v 22.307692 -1.951126 -384.000000
v 23.846153 -1.947087 -384.000000
v 25.384615 -1.943562 -384.000000
v 26.923077 -1.940646 -384.000000
v 28.461538 -1.938422 -384.000000
v 30.000000 -1.936960 -384.000000
v -30.000000 -2.184516 -385.505890
v -28.461538 -2.154704 -385.505890
v -26.923077 -2.127969 -385.505890
v -25.384615 -2.104261 -385.505890
v -23.846153 -2.083495 -385.505890
v -22.307692 -2.065552 -385.505890
v -20.769230 -2.050283 -385.505890
v -19.230770 -2.037516 -385.505890
v -17.692308 -2.027056 -385.505890
v -16.153847 -2.018692 -385.505890
v -14.615385 -2.012199 -385.505890
v -13.076923 -2.007344 -385.505890
v -11.538462 -2.003890 -385.505890
v -10.000000 -2.001599 -385.505890
v -8.461538 -2.000239 -385.505890
v -6.923077 -1.999584 -385.505890
v -5.384615 -1.999420 -385.505890
v -3.846154 -1.999547 -385.505890
v -2.307692 -1.999785 -385.505890
v -0.769231 -1.999971 -385.505890
v 0.769231 -1.999966 -385.505890
v 2.307692 -1.999667 -385.505890
v 3.846154 -1.999007 -385.505890
v 5.384615 -1.997954 -385.505890
v 6.923077 -1.996500 -385.505890
v 8.461538 -1.994665 -385.505890
v 10.000000 -1.992488 -385.505890
v 11.538462 -1.990028 -385.505890
v 13.076923 -1.987355 -385.505890
v 14.615385 -1.984554 -385.505890
v 16.153847 -1.981714 -385.505890
v 17.692308 -1.978929 -385.505890
v 19.230770 -1.976293 -385.505890
v 20.769230 -1.973900 -385.505890
v 22.307692 -1.971837 -385.505890
v 23.846153 -1.970183 -385.505890
v 25.384615 -1.969009 -385.505890
v 26.923077 -1.968374 -385.505890
v 28.461538 -1.968323 -385.505890
v 30.000000 -1.968889 -385.505890
v -30.000000 -2.185839 -387.011780
v -28.461538 -2.157012 -387.011780
v -26.923077 -2.131123 -387.011780
v -25.384615 -2.108110 -387.011780
v -23.846153 -2.087877 -387.011780
v -22.307692 -2.070301 -387.011780
v -20.769230 -2.055235 -387.011780
v -19.230770 -2.042510 -387.011780
v -17.692308 -2.031942 -387.011780
v -16.153847 -2.023332 -387.011780
v -14.615385 -2.016473 -387.011780
v -13.076923 -2.011155 -387.011780
v -11.538462 -2.007164 -387.011780
v -10.000000 -2.004292 -387.011780
v -8.461538 -2.002334 -387.011780
v -6.923077 -2.001098 -387.011780
v -5.384615 -2.000403 -387.011780
v -3.846154 -2.000082 -387.011780
v -2.307692 -1.999989 -387.011780
v -0.769231 -1.999995 -387.011780
v 0.769231 -1.999991 -387.011780
v 2.307692 -1.999897 -387.011780
v 3.846154 -1.999657 -387.011780
v 5.384615 -1.999246 -387.011780
v 6.923077 -1.998658 -387.011780
v 8.461538 -1.997909 -387.011780
v 10.000000 -1.997031 -387.011780
v 11.538462 -1.996070 -387.011780
v 13.076923 -1.995080 -387.011780
v 14.615385 -1.994123 -387.011780
v 16.153847 -1.993265 -387.011780
v 17.692308 -1.992572 -387.011780
v 19.230770 -1.992108 -387.011780
v 20.769230 -1.991931 -387.011780
v 22.307692 -1.992095 -387.011780
v 23.846153 -1.992644 -387.011780
v 25.384615 -1.993611 -387.011780
v 26.923077 -1.995018 -387.011780
v 28.461538 -1.996876 -387.011780
v 30.000000 -1.999181 -387.011780
v -30.000000 -2.189021 -388.517639
v -28.461538 -2.161122 -388.517639
v -26.923077 -2.135999 -388.517639
v -25.384615 -2.113578 -388.517639
v -23.846153 -2.093759 -388.517639
v -22.307692 -2.076419 -388.517639
v -20.769230 -2.061414 -388.517639
v -19.230770 -2.048586 -388.517639
v -17.692308 -2.037762 -388.517639
v -16.153847 -2.028761 -388.517639
v -14.615385 -2.021399 -388.517639
v -13.076923 -2.015488 -388.517639
v -11.538462 -2.010843 -388.517639
v -10.000000 -2.007284 -388.517639
v -8.461538 -2.004640 -388.517639
v -6.923077 -2.002749 -388.517639
v -5.384615 -2.001466 -388.517639
v -3.846154 -2.000657 -388.517639
v -2.307692 -2.000207 -388.517639
v -0.769231 -2.000020 -388.517639
v 0.769231 -2.000017 -388.517639
v 2.307692 -2.000136 -388.517639
v 3.846154 -2.000331 -388.517639
v 5.384615 -2.000577 -388.517639
v 6.923077 -2.000869 -388.517639
v 8.461538 -2.001214 -388.517639
v 10.000000 -2.001634 -388.517639
v 11.538462 -2.002157 -388.517639
v 13.076923 -2.002818 -388.517639
v 14.615385 -2.003656 -388.517639
v 16.153847 -2.004709 -388.517639
v 17.692308 -2.006013 -388.517639
v 19.230770 -2.007599 -388.517639
v 20.769230 -2.009492 -388.517639
v 22.307692 -2.011709 -388.517639
v 23.846153 -2.014259 -388.517639
v 25.384615 -2.017139 -388.517639
v 26.923077 -2.020336 -388.517639
v 28.461538 -2.023825 -388.517639
v 30.000000 -2.027572 -388.517639
v -30.000000 -2.194221 -390.023529
v -28.461538 -2.167163 -390.023529
v -26.923077 -2.142695 -390.023529
v -25.384615 -2.120737 -390.023529
v -23.846153 -2.101190 -390.023529
v -22.307692 -2.083933 -390.023529
v -20.769230 -2.068833 -390.023529
v -19.230770 -2.055742 -390.023529
v -17.692308 -2.044506 -390.023529
v -16.153847 -2.034965 -390.023529
v -14.615385 -2.026957 -390.023529
v -13.076923 -2.020322 -390.023529
v -11.538462 -2.014905 -390.023529
v -10.000000 -2.010558 -390.023529
v -8.461538 -2.007140 -390.023529
v -6.923077 -2.004526 -390.023529
v -5.384615 -2.002601 -390.023529
v -3.846154 -2.001266 -390.023529
v -2.307692 -2.000437 -390.023529
v -0.769231 -2.000047 -390.023529
v 0.769231 -2.000045 -390.023529
v 2.307692 -2.000384 -390.023529
v 3.846154 -2.001023 -390.023529
v 5.384615 -2.001937 -390.023529
v 6.923077 -2.003113 -390.023529
v 8.461538 -2.004550 -390.023529
v 10.000000 -2.006252 -390.023529
v 11.538462 -2.008230 -390.023529
v 13.076923 -2.010497 -390.023529
v 14.615385 -2.013062 -390.023529
v 16.153847 -2.015936 -390.023529
v 17.692308 -2.019122 -390.023529
v 19.230770 -2.022618 -390.023529
v 20.769230 -2.026416 -390.023529
v 22.307692 -2.030495 -390.023529
v 23.846153 -2.034829 -390.023529
v 25.384615 -2.039381 -390.023529
v 26.923077 -2.044103 -390.023529
v 28.461538 -2.048939 -390.023529
v 30.000000 -2.053824 -390.023529
v -30.000000 -2.201565 -391.529419
v -28.461538 -2.175228 -391.529419
v -26.923077 -2.151276 -391.529419
v -25.384615 -2.129630 -391.529419
v -23.846153 -2.110192 -391.529419
v -22.307692 -2.092850 -391.529419
v -20.769230 -2.077483 -391.529419
v -19.230770 -2.063962 -391.529419
v -17.692308 -2.052150 -391.529419
v -16.153847 -2.041913 -391.529419
v -14.615385 -2.033116 -391.529419
v -13.076923 -2.025628 -391.529419
v -11.538462 -2.019324 -391.529419
v -10.000000 -2.014088 -391.529419
v -8.461538 -2.009816 -391.529419
v -6.923077 -2.006413 -391.529419
v -5.384615 -2.003798 -391.529419
v -3.846154 -2.001903 -391.529419
v -2.307692 -2.000675 -391.529419
v -0.769231 -2.000074 -391.529419
v 0.769231 -2.000073 -391.529419
v 2.307692 -2.000637 -391.529419
v 3.846154 -2.001726 -391.529419
v 5.384615 -2.003311 -391.529419
v 6.923077 -2.005368 -391.529419
v 8.461538 -2.007883 -391.529419
v 10.000000 -2.010841 -391.529419
v 11.538462 -2.014231 -391.529419
v 13.076923 -2.018039 -391.529419
v 14.615385 -2.022248 -391.529419
v 16.153847 -2.026836 -391.529419
v 17.692308 -2.031774 -391.529419
v 19.230770 -2.037025 -391.529419
v 20.769230 -2.042545 -391.529419
v 22.307692 -2.048280 -391.529419
v 23.846153 -2.054169 -391.529419
v 25.384615 -2.060141 -391.529419
v 26.923077 -2.066117 -391.529419
v 28.461538 -2.072011 -391.529419
v 30.000000 -2.077734 -391.529419
v -30.000000 -2.211142 -393.035309
v -28.461538 -2.185378 -393.035309
v -26.923077 -2.161779 -393.035309
v -25.384615 -2.140270 -393.035309
v -23.846153 -2.120760 -393.035309
v -22.307692 -2.103151 -393.035309
v -20.769230 -2.087336 -393.035309
v -19.230770 -2.073207 -393.035309
v -17.692308 -2.060653 -393.035309
v -16.153847 -2.049564 -393.035309
v -14.615385 -2.039835 -393.035309
v -13.076923 -2.031365 -393.035309
v -11.538462 -2.024064 -393.035309
v -10.000000 -2.017848 -393.035309
v -8.461538 -2.012645 -393.035309
v -6.923077 -2.008395 -393.035309
v -5.384615 -2.005047 -393.035309
v -3.846154 -2.002564 -393.035309
v -2.307692 -2.000921 -393.035309
v -0.769231 -2.000102 -393.035309
v 0.769231 -2.000101 -393.035309
v 2.307692 -2.000893 -393.035309
v 3.846154 -2.002434 -393.035309
v 5.384615 -2.004686 -393.035309
v 6.923077 -2.007612 -393.035309
v 8.461538 -2.011180 -393.035309
v 10.000000 -2.015355 -393.035309
v 11.538462 -2.020100 -393.035309
v 13.076923 -2.025373 -393.035309
v 14.615385 -2.031127 -393.035309
v 16.153847 -2.037307 -393.035309
v 17.692308 -2.043849 -393.035309
v 19.230770 -2.050684 -393.035309
v 20.769230 -2.057733 -393.035309
v 22.307692 -2.064907 -393.035309
v 23.846153 -2.072112 -393.035309
v 25.384615 -2.079247 -393.035309
v 26.923077 -2.086202 -393.035309
v 28.461538 -2.092868 -393.035309
v 30.000000 -2.099129 -393.035309
v -30.000000 -2.223005 -394.541168
v -28.461538 -2.197638 -394.541168
v -26.923077 -2.174206 -394.541168
v -25.384615 -2.152640 -394.541168
v -23.846153 -2.132864 -394.541168
v -22.307692 -2.114793 -394.541168
v -20.769230 -2.098342 -394.541168
v -19.230770 -2.083426 -394.541168
v -17.692308 -2.069960 -394.541168
v -16.153847 -2.057864 -394.541168
v -14.615385 -2.047063 -394.541168
v -13.076923 -2.037491 -394.541168
v -11.538462 -2.029087 -394.541168
v -10.000000 -2.021804 -394.541168
v -8.461538 -2.015602 -394.541168
v -6.923077 -2.010453 -394.541168
v -5.384615 -2.006336 -394.541168
v -3.846154 -2.003242 -394.541168
v -2.307692 -2.001172 -394.541168
v -0.769231 -2.000131 -394.541168
v 0.769231 -2.000130 -394.541168
v 2.307692 -2.001150 -394.541168
v 3.846154 -2.003140 -394.541168
v 5.384615 -2.006048 -394.541168
v 6.923077 -2.009823 -394.541168
v 8.461538 -2.014410 -394.541168
v 10.000000 -2.019751 -394.541168
v 11.538462 -2.025781 -394.541168
v 13.076923 -2.032429 -394.541168
v 14.615385 -2.039614 -394.541168
v 16.153847 -2.047249 -394.541168
v 17.692308 -2.055237 -394.541168
v 19.230770 -2.063474 -394.541168
v 20.769230 -2.071846 -394.541168
v 22.307692 -2.080235 -394.541168
v 23.846153 -2.088512 -394.541168
v 25.384615 -2.096549 -394.541168
v 26.923077 -2.104211 -394.541168
v 28.461538 -2.111364 -394.541168
v 30.000000 -2.117876 -394.541168
v -30.000000 -2.237165 -396.047058
v -28.461538 -2.211997 -396.047058
v -26.923077 -2.188526 -396.047058
v -25.384615 -2.166696 -396.047058
v -23.846153 -2.146446 -396.047058
v -22.307692 -2.127712 -396.047058
v -20.769230 -2.110432 -396.047058
v -19.230770 -2.094548 -396.047058
v -17.692308 -2.080003 -396.047058
v -16.153847 -2.066748 -396.047058
v -14.615385 -2.054742 -396.047058
v -13.076923 -2.043951 -396.047058
v -11.538462 -2.034349 -396.047058
v -10.000000 -2.025921 -396.047058
v -8.461538 -2.018660 -396.047058
v -6.923077 -2.012567 -396.047058
v -5.384615 -2.007652 -396.047058
v -3.846154 -2.003931 -396.047058
v -2.307692 -2.001425 -396.047058
v -0.769231 -2.000160 -396.047058
v 0.769231 -2.000159 -396.047058
v 2.307692 -2.001405 -396.047058
v 3.846154 -2.003836 -396.047058
v 5.384615 -2.007384 -396.047058
v 6.923077 -2.011979 -396.047058
v 8.461538 -2.017541 -396.047058
v 10.000000 -2.023986 -396.047058
v 11.538462 -2.031219 -396.047058
v 13.076923 -2.039137 -396.047058
v 14.615385 -2.047629 -396.047058
v 16.153847 -2.056572 -396.047058
v 17.692308 -2.065836 -396.047058
v 19.230770 -2.075283 -396.047058
v 20.769230 -2.084768 -396.047058
v 22.307692 -2.094139 -396.047058
v 23.846153 -2.103243 -396.047058
v 25.384615 -2.111923 -396.047058
v 26.923077 -2.120024 -396.047058
v 28.461538 -2.127391 -396.047058
v 30.000000 -2.133877 -396.047058
v -30.000000 -2.253595 -397.552948
v -28.461538 -2.228407 -397.552948
v -26.923077 -2.204676 -397.552948
v -25.384615 -2.182362 -397.552948
v -23.846153 -2.161423 -397.552948
v -22.307692 -2.141821 -397.552948
v -20.769230 -2.123518 -397.552948
v -19.230770 -2.106485 -397.552948
v -17.692308 -2.090698 -397.552948
v -16.153847 -2.076140 -397.552948
v -14.615385 -2.062804 -397.552948
v -13.076923 -2.050687 -397.552948
v -11.538462 -2.039801 -397.552948
v -10.000000 -2.030160 -397.552948
v -8.461538 -2.021789 -397.552948
v -6.923077 -2.014719 -397.552948
v -5.384615 -2.008984 -397.552948
v -3.846154 -2.004624 -397.552948
v -2.307692 -2.001678 -397.552948
v -0.769231 -2.000188 -397.552948
v 0.769231 -2.000187 -397.552948
v 2.307692 -2.001655 -397.552948
v 3.846154 -2.004515 -397.552948
v 5.384615 -2.008681 -397.552948
v 6.923077 -2.014058 -397.552948
v 8.461538 -2.020542 -397.552948
v 10.000000 -2.028018 -397.552948
v 11.538462 -2.036362 -397.552948
v 13.076923 -2.045438 -397.552948
v 14.615385 -2.055100 -397.552948
v 16.153847 -2.065194 -397.552948
v 17.692308 -2.075555 -397.552948
v 19.230770 -2.086015 -397.552948
v 20.769230 -2.096395 -397.552948
v 22.307692 -2.106519 -397.552948
v 23.846153 -2.116205 -397.552948
v 25.384615 -2.125276 -397.552948
v 26.923077 -2.133555 -397.552948
v 28.461538 -2.140875 -397.552948
v 30.000000 -2.147077 -397.552948
v -30.000000 -2.272228 -399.058838
v -28.461538 -2.246785 -399.058838
v -26.923077 -2.222561 -399.058838
v -25.384615 -2.199535 -399.058838
v -23.846153 -2.177690 -399.058838
v -22.307692 -2.157011 -399.058838
v -20.769230 -2.137494 -399.058838
v -19.230770 -2.119138 -399.058838
v -17.692308 -2.101954 -399.058838
v -16.153847 -2.085957 -399.058838
v -14.615385 -2.071173 -399.058838
v -13.076923 -2.057637 -399.058838
v -11.538462 -2.045390 -399.058838
v -10.000000 -2.034479 -399.058838
v -8.461538 -2.024959 -399.058838
v -6.923077 -2.016885 -399.058838
v -5.384615 -2.010317 -399.058838
v -3.846154 -2.005313 -399.058838
v -2.307692 -2.001929 -399.058838
v -0.769231 -2.000216 -399.058838
v 0.769231 -2.000215 -399.058838
v 2.307692 -2.001899 -399.058838
v 3.846154 -2.005172 -399.058838
v 5.384615 -2.009926 -399.058838
v 6.923077 -2.016042 -399.058838
v 8.461538 -2.023385 -399.058838
v 10.000000 -2.031811 -399.058838
v 11.538462 -2.041163 -399.058838
v 13.076923 -2.051273 -399.058838
v 14.615385 -2.061962 -399.058838
v 16.153847 -2.073042 -399.058838
v 17.692308 -2.084317 -399.058838
v 19.230770 -2.095586 -399.058838
v 20.769230 -2.106647 -399.058838
v 22.307692 -2.117293 -399.058838
v 23.846153 -2.127323 -399.058838
v 25.384615 -2.136539 -399.058838
v 26.923077 -2.144750 -399.058838
v 28.461538 -2.151779 -399.058838
v 30.000000 -2.157460 -399.058838
v -30.000000 -2.292958 -400.564697
v -28.461538 -2.267014 -400.564697
v -26.923077 -2.242055 -400.564697
v -25.384615 -2.218086 -400.564697
v -23.846153 -2.195114 -400.564697
v -22.307692 -2.173156 -400.564697
v -20.769230 -2.152238 -400.564697
v -19.230770 -2.132394 -400.564697
v -17.692308 -2.113665 -400.564697
v -16.153847 -2.096104 -400.564697
v -14.615385 -2.079771 -400.564697
v -13.076923 -2.064732 -400.564697
v -11.538462 -2.051062 -400.564697
v -10.000000 -2.038837 -400.564697
v -8.461538 -2.028137 -400.564697
v -6.923077 -2.019045 -400.564697
v -5.384615 -2.011638 -400.564697
v -3.846154 -2.005992 -400.564697
v -2.307692 -2.002174 -400.564697
v -0.769231 -2.000243 -400.564697
v 0.769231 -2.000242 -400.564697
v 2.307692 -2.002132 -400.564697
v 3.846154 -2.005799 -400.564697
v 5.384615 -2.011107 -400.564697
v 6.923077 -2.017910 -400.564697
v 8.461538 -2.026042 -400.564697
v 10.000000 -2.035329 -400.564697
v 11.538462 -2.045580 -400.564697
v 13.076923 -2.056593 -400.564697
v 14.615385 -2.068158 -400.564697
v 16.153847 -2.080054 -400.564697
v 17.692308 -2.092056 -400.564697
v 19.230770 -2.103934 -400.564697
v 20.769230 -2.115458 -400.564697
v 22.307692 -2.126403 -400.564697
v 23.846153 -2.136546 -400.564697
v 25.384615 -2.145675 -400.564697
v 26.923077 -2.153589 -400.564697
v 28.461538 -2.160103 -400.564697
v 30.000000 -2.165050 -400.564697
v -30.000000 -2.315643 -402.070587
v -28.461538 -2.288942 -402.070587
v -26.923077 -2.263004 -402.070587
v -25.384615 -2.237859 -402.070587
v -23.846153 -2.213545 -402.070587
v -22.307692 -2.190111 -402.070587
v -20.769230 -2.167615 -402.070587
v -19.230770 -2.146125 -402.070587
v -17.692308 -2.125719 -402.070587
v -16.153847 -2.106483 -402.070587
v -14.615385 -2.088511 -402.070587
v -13.076923 -2.071902 -402.070587
v -11.538462 -2.056759 -402.070587
v -10.000000 -2.043188 -402.070587
v -8.461538 -2.031293 -402.070587
v -6.923077 -2.021176 -402.070587
v -5.384615 -2.012934 -402.070587
v -3.846154 -2.006654 -402.070587
v -2.307692 -2.002412 -402.070587
v -0.769231 -2.000269 -402.070587
v 0.769231 -2.000267 -402.070587
v 2.307692 -2.002355 -402.070587
v 3.846154 -2.006391 -402.070587
v 5.384615 -2.012213 -402.070587
v 6.923077 -2.019645 -402.070587
v 8.461538 -2.028490 -402.070587
v 10.000000 -2.038541 -402.070587
v 11.538462 -2.049574 -402.070587
v 13.076923 -2.061355 -402.070587
v 14.615385 -2.073641 -402.070587
v 16.153847 -2.086181 -402.070587
v 17.692308 -2.098722 -402.070587
v 19.230770 -2.111008 -402.070587
v 20.769230 -2.122788 -402.070587
v 22.307692 -2.133815 -402.070587
v 23.846153 -2.143854 -402.070587
v 25.384615 -2.152679 -402.070587
v 26.923077 -2.160084 -402.070587
v 28.461538 -2.165883 -402.070587
v 30.000000 -2.169910 -402.070587
v -30.000000 -2.340105 -403.576477
v -28.461538 -2.312388 -403.576477
v -26.923077 -2.285227 -403.576477
v -25.384615 -2.258678 -403.576477
v -23.846153 -2.232813 -403.576477
v -22.307692 -2.207715 -403.576477
v -20.769230 -2.183475 -403.576477
v -19.230770 -2.160198 -403.576477
v -17.692308 -2.137997 -403.576477
v -16.153847 -2.116991 -403.576477
v -14.615385 -2.097306 -403.576477
v -13.076923 -2.079073 -403.576477
v -11.538462 -2.062423 -403.576477
v -10.000000 -2.047487 -403.576477
v -8.461538 -2.034392 -403.576477
v -6.923077 -2.023257 -403.576477
v -5.384615 -2.014191 -403.576477
v -3.846154 -2.007292 -403.576477
v -2.307692 -2.002640 -403.576477
v -0.769231 -2.000294 -403.576477
v 0.769231 -2.000292 -403.576477
v 2.307692 -2.002563 -403.576477
v 3.846154 -2.006941 -403.576477
v 5.384615 -2.013233 -403.576477
v 6.923077 -2.021232 -403.576477
v 8.461538 -2.030708 -403.576477
v 10.000000 -2.041421 -403.576477
v 11.538462 -2.053115 -403.576477
v 13.076923 -2.065523 -403.576477
v 14.615385 -2.078373 -403.576477
v 16.153847 -2.091385 -403.576477
v 17.692308 -2.104279 -403.576477
v 19.230770 -2.116779 -403.576477
v 20.769230 -2.128613 -403.576477
v 22.307692 -2.139519 -403.576477
v 23.846153 -2.149250 -403.576477
v 25.384615 -2.157574 -403.576477
v 26.923077 -2.164283 -403.576477
v 28.461538 -2.169192 -403.576477
v 30.000000 -2.172143 -403.576477
v -30.000000 -2.366132 -405.082367
v -28.461538 -2.337143 -405.082367
v -26.923077 -2.308517 -405.082367
v -25.384615 -2.280345 -405.082367
v -23.846153 -2.252732 -405.082367
v -22.307692 -2.225794 -405.082367
v -20.769230 -2.199661 -405.082367
v -19.230770 -2.174471 -405.082367
v -17.692308 -2.150372 -405.082367
v -16.153847 -2.127517 -405.082367
v -14.615385 -2.106064 -405.082367
v -13.076923 -2.086170 -405.082367
v -11.538462 -2.067996 -405.082367
v -10.000000 -2.051692 -405.082367
v -8.461538 -2.037403 -405.082367
v -6.923077 -2.025265 -405.082367
v -5.384615 -2.015397 -405.082367
v -3.846154 -2.007900 -405.082367
v -2.307692 -2.002855 -405.082367
v -0.769231 -2.000318 -405.082367
v 0.769231 -2.000314 -405.082367
v 2.307692 -2.002755 -405.082367
v 3.846154 -2.007445 -405.082367
v 5.384615 -2.014159 -405.082367
v 6.923077 -2.022656 -405.082367
v 8.461538 -2.032677 -405.082367
v 10.000000 -2.043947 -405.082367
v 11.538462 -2.056176 -405.082367
v 13.076923 -2.069071 -405.082367
v 14.615385 -2.082327 -405.082367
v 16.153847 -2.095641 -405.082367
v 17.692308 -2.108709 -405.082367
v 19.230770 -2.121236 -405.082367
v 20.769230 -2.132933 -405.082367
v 22.307692 -2.143528 -405.082367
v 23.846153 -2.152766 -405.082367
v 25.384615 -2.160413 -405.082367
v 26.923077 -2.166262 -405.082367
v 28.461538 -2.170136 -405.082367
v 30.000000 -2.171889 -405.082367
v -30.000000 -2.393484 -406.588226
v -28.461538 -2.362971 -406.588226
v -26.923077 -2.332650 -406.588226
v -25.384615 -2.302646 -406.588226
v -23.846153 -2.273100 -406.588226
v -22.307692 -2.244165 -406.588226
v -20.769230 -2.216006 -406.588226
v -19.230770 -2.188796 -406.588226
v -17.692308 -2.162717 -406.588226
v -16.153847 -2.137953 -406.588226
v -14.615385 -2.114693 -406.588226
v -13.076923 -2.093121 -406.588226
v -11.538462 -2.073418 -406.588226
v -10.000000 -2.055756 -406.588226
v -8.461538 -2.040296 -406.588226
v -6.923077 -2.027182 -406.588226
v -5.384615 -2.016539 -406.588226
v -3.846154 -2.008471 -406.588226
v -2.307692 -2.003056 -406.588226
v -0.769231 -2.000340 -406.588226
v 0.769231 -2.000335 -406.588226
v 2.307692 -2.002930 -406.588226
v 3.846154 -2.007898 -406.588226
v 5.384615 -2.014982 -406.588226
v 6.923077 -2.023908 -406.588226
v 8.461538 -2.034383 -406.588226
v 10.000000 -2.046100 -406.588226
v 11.538462 -2.058740 -406.588226
v 13.076923 -2.071979 -406.588226
v 14.615385 -2.085488 -406.588226
v 16.153847 -2.098938 -406.588226
v 17.692308 -2.112008 -406.588226
v 19.230770 -2.124384 -406.588226
v 20.769230 -2.135768 -406.588226
v 22.307692 -2.145879 -406.588226
v 23.846153 -2.154459 -406.588226
v 25.384615 -2.161277 -406.588226
v 26.923077 -2.166131 -406.588226
v 28.461538 -2.168855 -406.588226
v 30.000000 -2.169318 -406.588226
v -30.000000 -2.421895 -408.094116
v -28.461538 -2.389615 -408.094116
v -26.923077 -2.357380 -408.094116
v -25.384615 -2.325352 -408.094116
v -23.846153 -2.293707 -408.094116
v -22.307692 -2.262636 -408.094116
v -20.769230 -2.232337 -408.094116
v -19.230770 -2.203021 -408.094116
v -17.692308 -2.174900 -408.094116
v -16.153847 -2.148189 -408.094116
v -14.615385 -2.123103 -408.094116
v -13.076923 -2.099851 -408.094116
v -11.538462 -2.078634 -408.094116
v -10.000000 -2.059639 -408.094116
v -8.461538 -2.043040 -408.094116
v -6.923077 -2.028986 -408.094116
v -5.384615 -2.017606 -408.094116
v -3.846154 -2.009001 -408.094116
v -2.307692 -2.003240 -408.094116
v -0.769231 -2.000359 -408.094116
v 0.769231 -2.000353 -408.094116
v 2.307692 -2.003086 -408.094116
v 3.846154 -2.008296 -408.094116
v 5.384615 -2.015697 -408.094116
v 6.923077 -2.024977 -408.094116
v 8.461538 -2.035815 -408.094116
v 10.000000 -2.047869 -408.094116
v 11.538462 -2.060795 -408.094116
v 13.076923 -2.074239 -408.094116
v 14.615385 -2.087849 -408.094116
v 16.153847 -2.101278 -408.094116
v 17.692308 -2.114187 -408.094116
v 19.230770 -2.126250 -408.094116
v 20.769230 -2.137160 -408.094116
v 22.307692 -2.146634 -408.094116
v 23.846153 -2.154414 -408.094116
v 25.384615 -2.160276 -408.094116
v 26.923077 -2.164028 -408.094116
v 28.461538 -2.165518 -408.094116
v 30.000000 -2.164637 -408.094116
v -30.000000 -2.451075 -409.600006
v -28.461538 -2.416801 -409.600006
v -26.923077 -2.382451 -409.600006
v -25.384615 -2.348225 -409.600006
v -23.846153 -2.314336 -409.600006
v -22.307692 -2.281010 -409.600006
v -20.769230 -2.248482 -409.600006
v -19.230770 -2.216995 -409.600006
v -17.692308 -2.186791 -409.600006
v -16.153847 -2.158115 -409.600006
v -14.615385 -2.131204 -409.600006
v -13.076923 -2.106290 -409.600006
v -11.538462 -2.083589 -409.600006
v -10.000000 -2.063301 -409.600006
v -8.461538 -2.045607 -409.600006
v -6.923077 -2.030660 -409.600006
v -5.384615 -2.018588 -409.600006
v -3.846154 -2.009484 -409.600006
v -2.307692 -2.003407 -409.600006
v -0.769231 -2.000377 -409.600006
v 0.769231 -2.000370 -409.600006
v 2.307692 -2.003222 -409.600006
v 3.846154 -2.008638 -409.600006
v 5.384615 -2.016297 -409.600006
v 6.923077 -2.025858 -409.600006
v 8.461538 -2.036964 -409.600006
v 10.000000 -2.049248 -409.600006
v 11.538462 -2.062335 -409.600006
v 13.076923 -2.075850 -409.600006
v 14.615385 -2.089418 -409.600006
v 16.153847 -2.102677 -409.600006
v 17.692308 -2.115273 -409.600006
v 19.230770 -2.126874 -409.600006
v 20.769230 -2.137168 -409.600006
v 22.307692 -2.145873 -409.600006
v 23.846153 -2.152736 -409.600006
v 25.384615 -2.157543 -409.600006
v 26.923077 -2.160116 -409.600006
v 28.461538 -2.160323 -409.600006
v 30.000000 -2.158075 -409.600006
v -30.000000 -2.480719 -411.105896
v -28.461538 -2.444240 -411.105896
v -26.923077 -2.407594 -411.105896
v -25.384615 -2.371018 -411.105896
v -23.846153 -2.334763 -411.105896
v -22.307692 -2.299089 -411.105896
v -20.769230 -2.264266 -411.105896
v -19.230770 -2.230567 -411.105896
v -17.692308 -2.198263 -411.105896
v -16.153847 -2.167625 -411.105896
v -14.615385 -2.138911 -411.105896
v -13.076923 -2.112370 -411.105896
v -11.538462 -2.088231 -411.105896
v -10.000000 -2.066704 -411.105896
v -8.461538 -2.047971 -411.105896
v -6.923077 -2.032188 -411.105896
v -5.384615 -2.019475 -411.105896
v -3.846154 -2.009915 -411.105896
v -2.307692 -2.003554 -411.105896
v -0.769231 -2.000392 -411.105896
v 0.769231 -2.000384 -411.105896
v 2.307692 -2.003336 -411.105896
v 3.846154 -2.008919 -411.105896
v 5.384615 -2.016780 -411.105896
v 6.923077 -2.026546 -411.105896
v 8.461538 -2.037829 -411.105896
v 10.000000 -2.050234 -411.105896
v 11.538462 -2.063364 -411.105896
v 13.076923 -2.076819 -411.105896
v 14.615385 -2.090211 -411.105896
v 16.153847 -2.103162 -411.105896
v 17.692308 -2.115309 -411.105896
v 19.230770 -2.126317 -411.105896
v 20.769230 -2.135873 -411.105896
v 22.307692 -2.143699 -411.105896
v 23.846153 -2.149554 -411.105896
v 25.384615 -2.153235 -411.105896
v 26.923077 -2.154584 -411.105896
v 28.461538 -2.153490 -411.105896
v 30.000000 -2.149889 -411.105896
v -30.000000 -2.510505 -412.611755
v -28.461538 -2.471634 -412.611755
v -26.923077 -2.432535 -412.611755
v -25.384615 -2.393483 -412.611755
v -23.846153 -2.354765 -412.611755
v -22.307692 -2.316676 -412.611755
v -20.769230 -2.279517 -412.611755
v -19.230770 -2.243590 -412.611755
v -17.692308 -2.209193 -412.611755
v -16.153847 -2.176618 -412.611755
v -14.615385 -2.146142 -412.611755
v -13.076923 -2.118028 -412.611755
v -11.538462 -2.092514 -412.611755
v -10.000000 -2.069813 -412.611755
v -8.461538 -2.050111 -412.611755
v -6.923077 -2.033556 -412.611755
v -5.384615 -2.020259 -412.611755
v -3.846154 -2.010291 -412.611755
v -2.307692 -2.003680 -412.611755
v -0.769231 -2.000405 -412.611755
v 0.769231 -2.000396 -412.611755
v 2.307692 -2.003428 -412.611755
v 3.846154 -2.009140 -412.611755
v 5.384615 -2.017145 -412.611755
v 6.923077 -2.027039 -412.611755
v 8.461538 -2.038409 -412.611755
v 10.000000 -2.050832 -412.611755
v 11.538462 -2.063890 -412.611755
v 13.076923 -2.077166 -412.611755
v 14.615385 -2.090256 -412.611755
v 16.153847 -2.102773 -412.611755
v 17.692308 -2.114352 -412.611755
v 19.230770 -2.124653 -412.611755
v 20.769230 -2.133370 -412.611755
v 22.307692 -2.140234 -412.611755
v 23.846153 -2.145016 -412.611755
v 25.384615 -2.147530 -412.611755
v 26.923077 -2.147640 -412.611755
v 28.461538 -2.145260 -412.611755
v 30.000000 -2.140353 -412.611755
v -30.000000 -2.540107 -414.117645
v -28.461538 -2.498681 -414.117645
v -26.923077 -2.456999 -414.117645
v -25.384615 -2.415372 -414.117645
v -23.846153 -2.374122 -414.117645
v -22.307692 -2.333577 -414.117645
v -20.769230 -2.294067 -414.117645
v -19.230770 -2.255923 -414.117645
v -17.692308 -2.219463 -414.117645
v -16.153847 -2.184999 -414.117645
v -14.615385 -2.152823 -414.117645
v -13.076923 -2.123206 -414.117645
v -11.538462 -2.096393 -414.117645
v -10.000000 -2.072600 -414.117645
v -8.461538 -2.052005 -414.117645
v -6.923077 -2.034750 -414.117645
v -5.384615 -2.020933 -414.117645
v -3.846154 -2.010609 -414.117645
v -2.307692 -2.003784 -414.117645
v -0.769231 -2.000416 -414.117645
v 0.769231 -2.000405 -414.117645
v 2.307692 -2.003497 -414.117645
v 3.846154 -2.009299 -414.117645
v 5.384615 -2.017390 -414.117645
v 6.923077 -2.027340 -414.117645
v 8.461538 -2.038708 -414.117645
v 10.000000 -2.051051 -414.117645
v 11.538462 -2.063929 -414.117645
v 13.076923 -2.076914 -414.117645
v 14.615385 -2.089590 -414.117645
v 16.153847 -2.101564 -414.117645
v 17.692308 -2.112470 -414.117645
v 19.230770 -2.121973 -414.117645
v 20.769230 -2.129774 -414.117645
v 22.307692 -2.135616 -414.117645
v 23.846153 -2.139287 -414.117645
v 25.384615 -2.140622 -414.117645
v 26.923077 -2.139510 -414.117645
v 28.461538 -2.135890 -414.117645
v 30.000000 -2.129758 -414.117645
v -30.000000 -2.569191 -415.623535
v -28.461538 -2.525077 -415.623535
v -26.923077 -2.480711 -415.623535
v -25.384615 -2.436440 -415.623535
v -23.846153 -2.392618 -415.623535
v -22.307692 -2.349606 -415.623535
v -20.769230 -2.307760 -415.623535
v -19.230770 -2.267432 -415.623535
v -17.692308 -2.228964 -415.623535
v -16.153847 -2.192680 -415.623535
v -14.615385 -2.158884 -415.623535
v -13.076923 -2.127852 -415.623535
v -11.538462 -2.099833 -415.623535
v -10.000000 -2.075037 -415.623535
v -8.461538 -2.053636 -415.623535
v -6.923077 -2.035760 -415.623535
v -5.384615 -2.021492 -415.623535
v -3.846154 -2.010866 -415.623535
v -2.307692 -2.003866 -415.623535
v -0.769231 -2.000423 -415.623535
v 0.769231 -2.000411 -415.623535
v 2.307692 -2.003544 -415.623535
v 3.846154 -2.009396 -415.623535
v 5.384615 -2.017519 -415.623535
v 6.923077 -2.027453 -415.623535
v 8.461538 -2.038736 -415.623535
v 10.000000 -2.050905 -415.623535
v 11.538462 -2.063506 -415.623535
v 13.076923 -2.076098 -415.623535
v 14.615385 -2.088260 -415.623535
v 16.153847 -2.099597 -415.623535
v 17.692308 -2.109746 -415.623535
v 19.230770 -2.118379 -415.623535
v 20.769230 -2.125209 -415.623535
v 22.307692 -2.129996 -415.623535
v 23.846153 -2.132546 -415.623535
v 25.384615 -2.132720 -415.623535
v 26.923077 -2.130431 -415.623535
v 28.461538 -2.125650 -415.623535
v 30.000000 -2.118404 -415.623535
v -30.000000 -2.597427 -417.129425
v -28.461538 -2.550523 -417.129425
v -26.923077 -2.503403 -417.129425
v -25.384615 -2.456450 -417.129425
v -23.846153 -2.410049 -417.129425
v -22.307692 -2.364586 -417.129425
v -20.769230 -2.320444 -417.129425
v -19.230770 -2.277995 -417.129425
v -17.692308 -2.237596 -417.129425
v -16.153847 -2.199582 -417.129425
v -14.615385 -2.164264 -417.129425
v -13.076923 -2.131922 -417.129425
v -11.538462 -2.102800 -417.129425
v -10.000000 -2.077103 -417.129425
v -8.461538 -2.054991 -417.129425
v -6.923077 -2.036580 -417.129425
v -5.384615 -2.021933 -417.129425
v -3.846154 -2.011062 -417.129425
v -2.307692 -2.003926 -417.129425
v -0.769231 -2.000429 -417.129425
v 0.769231 -2.000415 -417.129425
v 2.307692 -2.003569 -417.129425
v 3.846154 -2.009433 -417.129425
v 5.384615 -2.017532 -417.129425
v 6.923077 -2.027383 -417.129425
v 8.461538 -2.038503 -417.129425
v 10.000000 -2.050413 -417.129425
v 11.538462 -2.062648 -417.129425
v 13.076923 -2.074758 -417.129425
v 14.615385 -2.086322 -417.129425
v 16.153847 -2.096946 -417.129425
v 17.692308 -2.106272 -417.129425
v 19.230770 -2.113986 -417.129425
v 20.769230 -2.119815 -417.129425
v 22.307692 -2.123538 -417.129425
v 23.846153 -2.124986 -417.129425
v 25.384615 -2.124043 -417.129425
v 26.923077 -2.120654 -417.129425
v 28.461538 -2.114818 -417.129425
v 30.000000 -2.106596 -417.129425
v -30.000000 -2.624493 -418.635284
v -28.461538 -2.574729 -418.635284
v -26.923077 -2.524820 -418.635284
v -25.384615 -2.475179 -418.635284
v -23.846153 -2.426220 -418.635284
v -22.307692 -2.378354 -418.635284
v -20.769230 -2.331985 -418.635284
v -19.230770 -2.287500 -418.635284
v -17.692308 -2.245270 -418.635284
v -16.153847 -2.205636 -418.635284
v -14.615385 -2.168912 -418.635284
v -13.076923 -2.135378 -418.635284
v -11.538462 -2.105269 -418.635284
v -10.000000 -2.078782 -418.635284
v -8.461538 -2.056061 -418.635284
v -6.923077 -2.037204 -418.635284
v -5.384615 -2.022253 -418.635284
v -3.846154 -2.011195 -418.635284
v -2.307692 -2.003963 -418.635284
v -0.769231 -2.000432 -418.635284
v 0.769231 -2.000417 -418.635284
v 2.307692 -2.003572 -418.635284
v 3.846154 -2.009412 -418.635284
v 5.384615 -2.017436 -418.635284
v 6.923077 -2.027141 -418.635284
v 8.461538 -2.038026 -418.635284
v 10.000000 -2.049600 -418.635284
v 11.538462 -2.061389 -418.635284
v 13.076923 -2.072943 -418.635284
v 14.615385 -2.083839 -418.635284
v 16.153847 -2.093690 -418.635284
v 17.692308 -2.102150 -418.635284
v 19.230770 -2.108917 -418.635284
v 20.769230 -2.113739 -418.635284
v 22.307692 -2.116416 -418.635284
v 23.846153 -2.116805 -418.635284
v 25.384615 -2.114818 -418.635284
v 26.923077 -2.110430 -418.635284
v 28.461538 -2.103673 -418.635284
v 30.000000 -2.094641 -418.635284
v -30.000000 -2.650076 -420.141174
v -28.461538 -2.597419 -420.141174
v -26.923077 -2.544719 -420.141174
v -25.384615 -2.492417 -420.141174
v -23.846153 -2.440953 -420.141174
v -22.307692 -2.390761 -420.141174
v -20.769230 -2.342259 -420.141174
v -19.230770 -2.295850 -420.141174
v -17.692308 -2.251909 -420.141174
v -16.153847 -2.210784 -420.141174
v -14.615385 -2.172787 -420.141174
v -13.076923 -2.138190 -420.141174
v -11.538462 -2.107222 -420.141174
v -10.000000 -2.080062 -420.141174
v -8.461538 -2.056840 -420.141174
v -6.923077 -2.037630 -420.141174
v -5.384615 -2.022451 -420.141174
v -3.846154 -2.011266 -420.141174
v -2.307692 -2.003977 -420.141174
v -0.769231 -2.000432 -420.141174
v 0.769231 -2.000416 -420.141174
v 2.307692 -2.003554 -420.141174
v 3.846154 -2.009334 -420.141174
v 5.384615 -2.017236 -420.141174
v 6.923077 -2.026736 -420.141174
v 8.461538 -2.037321 -420.141174
v 10.000000 -2.048492 -420.141174
v 11.538462 -2.059770 -420.141174
v 13.076923 -2.070705 -420.141174
v 14.615385 -2.080881 -420.141174
v 16.153847 -2.089919 -420.141174
v 17.692308 -2.097488 -420.141174
v 19.230770 -2.103304 -420.141174
v 20.769230 -2.107136 -420.141174
v 22.307692 -2.108809 -420.141174
v 23.846153 -2.108208 -420.141174
v 25.384615 -2.105275 -420.141174
v 26.923077 -2.100015 -420.141174
v 28.461538 -2.092495 -420.141174
v 30.000000 -2.082841 -420.141174
v -30.000000 -2.673879 -421.647064
v -28.461538 -2.618331 -421.647064
v -26.923077 -2.562873 -421.647064
v -25.384615 -2.507972 -421.647064
v -23.846153 -2.454088 -421.647064
v -22.307692 -2.401674 -421.647064
v -20.769230 -2.351161 -421.647064
v -19.230770 -2.302960 -421.647064
v -17.692308 -2.257451 -421.647064
v -16.153847 -2.214981 -421.647064
v -14.615385 -2.175855 -421.647064
v -13.076923 -2.140339 -421.647064
v -11.538462 -2.108645 -421.647064
v -10.000000 -2.080938 -421.647064
v -8.461538 -2.057325 -421.647064
v -6.923077 -2.037858 -421.647064
v -5.384615 -2.022530 -421.647064
v -3.846154 -2.011275 -421.647064
v -2.307692 -2.003970 -421.647064
v -0.769231 -2.000430 -421.647064
v 0.769231 -2.000413 -421.647064
v 2.307692 -2.003516 -421.647064
v 3.846154 -2.009205 -421.647064
v 5.384615 -2.016939 -421.647064
v 6.923077 -2.026183 -421.647064
v 8.461538 -2.036412 -421.647064
v 10.000000 -2.047122 -421.647064
v 11.538462 -2.057835 -421.647064
v 13.076923 -2.068105 -421.647064
v 14.615385 -2.077524 -421.647064
v 16.153847 -2.085728 -421.647064
v 17.692308 -2.092402 -421.647064
v 19.230770 -2.097284 -421.647064
v 20.769230 -2.100166 -421.647064
v 22.307692 -2.100901 -421.647064
v 23.846153 -2.099402 -421.647064
v 25.384615 -2.095643 -421.647064
v 26.923077 -2.089662 -421.647064
v 28.461538 -2.081557 -421.647064
v 30.000000 -2.071487 -421.647064
v -30.000000 -2.695628 -423.152954
v -28.461538 -2.637230 -423.152954
v -26.923077 -2.579082 -423.152954
v -25.384615 -2.521674 -423.152954
v -23.846153 -2.465486 -423.152954
v -22.307692 -2.410981 -423.152954
v -20.769230 -2.358603 -423.152954
v -19.230770 -2.308765 -423.152954
v -17.692308 -2.261847 -423.152954
v -16.153847 -2.218192 -423.152954
v -14.615385 -2.178097 -423.152954
v -13.076923 -2.141812 -423.152954
v -11.538462 -2.109535 -423.152954
v -10.000000 -2.081408 -423.152954
v -8.461538 -2.057518 -423.152954
v -6.923077 -2.037890 -423.152954
v -5.384615 -2.022491 -423.152954
v -3.846154 -2.011226 -423.152954
v -2.307692 -2.003941 -423.152954
v -0.769231 -2.000426 -423.152954
v 0.769231 -2.000408 -423.152954
v 2.307692 -2.003459 -423.152954
v 3.846154 -2.009027 -423.152954
v 5.384615 -2.016555 -423.152954
v 6.923077 -2.025496 -423.152954
v 8.461538 -2.035321 -423.152954
v 10.000000 -2.045525 -423.152954
v 11.538462 -2.055631 -423.152954
v 13.076923 -2.065204 -423.152954
v 14.615385 -2.073848 -423.152954
v 16.153847 -2.081215 -423.152954
v 17.692308 -2.087010 -423.152954
v 19.230770 -2.090995 -423.152954
v 20.769230 -2.092989 -423.152954
v 22.307692 -2.092874 -423.152954
v 23.846153 -2.090591 -423.152954
v 25.384615 -2.086149 -423.152954
v 26.923077 -2.079615 -423.152954
v 28.461538 -2.071121 -423.152954
v 30.000000 -2.060857 -423.152954
v -30.000000 -2.715073 -424.658813
v -28.461538 -2.653900 -424.658813
v -26.923077 -2.593165 -424.658813
v -25.384615 -2.533376 -424.658813
v -23.846153 -2.475027 -424.658813
v -22.307692 -2.418591 -424.658813
v -20.769230 -2.364516 -424.658813
v -19.230770 -2.313215 -424.658813
v -17.692308 -2.265065 -424.658813
v -16.153847 -2.220399 -424.658813
v -14.615385 -2.179501 -424.658813
v -13.076923 -2.142606 -424.658813
v -11.538462 -2.109892 -424.658813
v -10.000000 -2.081478 -424.658813
v -8.461538 -2.057425 -424.658813
v -6.923077 -2.037733 -424.658813
v -5.384615 -2.022339 -424.658813
v -3.846154 -2.011119 -424.658813
v -2.307692 -2.003893 -424.658813
v -0.769231 -2.000419 -424.658813
v 0.769231 -2.000400 -424.658813
v 2.307692 -2.003386 -424.658813
v 3.846154 -2.008806 -424.658813
v 5.384615 -2.016093 -424.658813
v 6.923077 -2.024693 -424.658813
v 8.461538 -2.034075 -424.658813
v 10.000000 -2.043736 -424.658813
v 11.538462 -2.053210 -424.658813
v 13.076923 -2.062069 -424.658813
v 14.615385 -2.069935 -424.658813
v 16.153847 -2.076481 -424.658813
v 17.692308 -2.081433 -424.658813
v 19.230770 -2.084580 -424.658813
v 20.769230 -2.085768 -424.658813
v 22.307692 -2.084909 -424.658813
v 23.846153 -2.081977 -424.658813
v 25.384615 -2.077010 -424.658813
v 26.923077 -2.070109 -424.658813
v 28.461538 -2.061436 -424.658813
v 30.000000 -2.051211 -424.658813
v -30.000000 -2.731992 -426.164703
v -28.461538 -2.668157 -426.164703
v -26.923077 -2.604971 -426.164703
v -25.384615 -2.542957 -426.164703
v -23.846153 -2.482618 -426.164703
v -22.307692 -2.424433 -426.164703
v -20.769230 -2.368850 -426.164703
v -19.230770 -2.316278 -426.164703
v -17.692308 -2.267085 -426.164703
v -16.153847 -2.221593 -426.164703
v -14.615385 -2.180069 -426.164703
v -13.076923 -2.142729 -426.164703
v -11.538462 -2.109726 -426.164703
v -10.000000 -2.081158 -426.164703
v -8.461538 -2.057057 -426.164703
v -6.923077 -2.037394 -426.164703
v -5.384615 -2.022079 -426.164703
v -3.846154 -2.010960 -426.164703
v -2.307692 -2.003826 -426.164703
v -0.769231 -2.000411 -426.164703
v 0.769231 -2.000391 -426.164703
v 2.307692 -2.003297 -426.164703
v 3.846154 -2.008546 -426.164703
v 5.384615 -2.015563 -426.164703
v 6.923077 -2.023792 -426.164703
v 8.461538 -2.032701 -426.164703
v 10.000000 -2.041797 -426.164703
v 11.538462 -2.050623 -426.164703
v 13.076923 -2.058767 -426.164703
v 14.615385 -2.065871 -426.164703
v 16.153847 -2.071628 -426.164703
v 17.692308 -2.075791 -426.164703
v 19.230770 -2.078176 -426.164703
v 20.769230 -2.078659 -426.164703
v 22.307692 -2.077182 -426.164703
v 23.846153 -2.073750 -426.164703
v 25.384615 -2.068433 -426.164703
v 26.923077 -2.061363 -426.164703
v 28.461538 -2.052730 -426.164703
v 30.000000 -2.042783 -426.164703
v -30.000000 -2.746196 -427.670593
v -28.461538 -2.679847 -427.670593
v -26.923077 -2.614379 -427.670593
v -25.384615 -2.550324 -427.670593
v -23.846153 -2.488192 -427.670593
v -22.307692 -2.428462 -427.670593
v -20.769230 -2.371578 -427.670593
v -19.230770 -2.317941 -427.670593
v -17.692308 -2.267907 -427.670593
v -16.153847 -2.221781 -427.670593
v -14.615385 -2.179813 -427.670593
v -13.076923 -2.142194 -427.670593
v -11.538462 -2.109054 -427.670593
v -10.000000 -2.080463 -427.670593
v -8.461538 -2.056426 -427.670593
v -6.923077 -2.036884 -427.670593
v -5.384615 -2.021720 -427.670593
v -3.846154 -2.010752 -427.670593
v -2.307692 -2.003743 -427.670593
v -0.769231 -2.000401 -427.670593
v 0.769231 -2.000380 -427.670593
v 2.307692 -2.003195 -427.670593
v 3.846154 -2.008254 -427.670593
v 5.384615 -2.014977 -427.670593
v 6.923077 -2.022810 -427.670593
v 8.461538 -2.031229 -427.670593
v 10.000000 -2.039748 -427.670593
v 11.538462 -2.047925 -427.670593
v 13.076923 -2.055368 -427.670593
v 14.615385 -2.061739 -427.670593
v 16.153847 -2.066758 -427.670593
v 17.692308 -2.070204 -427.670593
v 19.230770 -2.071920 -427.670593
v 20.769230 -2.071815 -427.670593
v 22.307692 -2.069860 -427.670593
v 23.846153 -2.066092 -427.670593
v 25.384615 -2.060611 -427.670593
v 26.923077 -2.053578 -427.670593
v 28.461538 -2.045212 -427.670593
v 30.000000 -2.035785 -427.670593
v -30.000000 -2.757530 -429.176483
v -28.461538 -2.688849 -429.176483
v -26.923077 -2.621297 -429.176483
v -25.384615 -2.555413 -429.176483
v -23.846153 -2.491708 -429.176483
v -22.307692 -2.430655 -429.176483
v -20.769230 -2.372692 -429.176483
v -19.230770 -2.318209 -429.176483
v -17.692308 -2.267544 -429.176483
v -16.153847 -2.220984 -429.176483
v -14.615385 -2.178756 -429.176483
v -13.076923 -2.141025 -429.176483
v -11.538462 -2.107898 -429.176483
v -10.000000 -2.079413 -429.176483
v -8.461538 -2.055548 -429.176483
v -6.923077 -2.036216 -429.176483
v -5.384615 -2.021269 -429.176483
v -3.846154 -2.010499 -429.176483
v -2.307692 -2.003644 -429.176483
v -0.769231 -2.000389 -429.176483
v 0.769231 -2.000368 -429.176483
v 2.307692 -2.003082 -429.176483
v 3.846154 -2.007935 -429.176483
v 5.384615 -2.014348 -429.176483
v 6.923077 -2.021770 -429.176483
v 8.461538 -2.029688 -429.176483
v 10.000000 -2.037630 -429.176483
v 11.538462 -2.045171 -429.176483
v 13.076923 -2.051941 -429.176483
v 14.615385 -2.057625 -429.176483
v 16.153847 -2.061970 -429.176483
v 17.692308 -2.064784 -429.176483
v 19.230770 -2.065941 -429.176483
v 20.769230 -2.065378 -429.176483
v 22.307692 -2.063099 -429.176483
v 23.846153 -2.059169 -429.176483
v 25.384615 -2.053718 -429.176483
v 26.923077 -2.046935 -429.176483
v 28.461538 -2.039061 -429.176483
v 30.000000 -2.030393 -429.176483
v -30.000000 -2.765877 -430.682343
v -28.461538 -2.695077 -430.682343
v -26.923077 -2.625669 -430.682343
v -25.384615 -2.558190 -430.682343
v -23.846153 -2.493150 -430.682343
v -22.307692 -2.431014 -430.682343
v -20.769230 -2.372208 -430.682343
v -19.230770 -2.317106 -430.682343
v -17.692308 -2.266026 -430.682343
v -16.153847 -2.219234 -430.682343
v -14.615385 -2.176930 -430.682343
v -13.076923 -2.139256 -430.682343
v -11.538462 -2.106286 -430.682343
v -10.000000 -2.078032 -430.682343
v -8.461538 -2.054443 -430.682343
v -6.923077 -2.035403 -430.682343
v -5.384615 -2.020735 -430.682343
v -3.846154 -2.010207 -430.682343
v -2.307692 -2.003533 -430.682343
v -0.769231 -2.000376 -430.682343
v 0.769231 -2.000355 -430.682343
v 2.307692 -2.002960 -430.682343
v 3.846154 -2.007596 -430.682343
v 5.384615 -2.013687 -430.682343
v 6.923077 -2.020691 -430.682343
v 8.461538 -2.028108 -430.682343
v 10.000000 -2.035484 -430.682343
v 11.538462 -2.042414 -430.682343
v 13.076923 -2.048552 -430.682343
v 14.615385 -2.053609 -430.682343
v 16.153847 -2.057360 -430.682343
v 17.692308 -2.059643 -430.682343
v 19.230770 -2.060361 -430.682343
v 20.769230 -2.059483 -430.682343
v 22.307692 -2.057041 -430.682343
v 23.846153 -2.053131 -430.682343
v 25.384615 -2.047909 -430.682343
v 26.923077 -2.041587 -430.682343
v 28.461538 -2.034431 -430.682343
v 30.000000 -2.026756 -430.682343
v -30.000000 -2.771160 -432.188232
v -28.461538 -2.698483 -432.188232
v -26.923077 -2.627467 -432.188232
v -25.384615 -2.558651 -432.188232
v -23.846153 -2.492532 -432.188232
v -22.307692 -2.429566 -432.188232
v -20.769230 -2.370161 -432.188232
v -19.230770 -2.314672 -432.188232
v -17.692308 -2.263398 -432.188232
v -16.153847 -2.216575 -432.188232
v -14.615385 -2.174380 -432.188232
v -13.076923 -2.136924 -432.188232
v -11.538462 -2.104253 -432.188232
v -10.000000 -2.076351 -432.188232
v -8.461538 -2.053134 -432.188232
v -6.923077 -2.034461 -432.188232
v -5.384615 -2.020130 -432.188232
v -3.846154 -2.009882 -432.188232
v -2.307692 -2.003410 -432.188232
v -0.769231 -2.000362 -432.188232
v 0.769231 -2.000340 -432.188232
v 2.307692 -2.002832 -432.188232
v 3.846154 -2.007243 -432.188232
v 5.384615 -2.013006 -432.188232
v 6.923077 -2.019593 -432.188232
v 8.461538 -2.026520 -432.188232
v 10.000000 -2.033351 -432.188232
v 11.538462 -2.039707 -432.188232
v 13.076923 -2.045267 -432.188232
v 14.615385 -2.049769 -432.188232
v 16.153847 -2.053018 -432.188232
v 17.692308 -2.054882 -432.188232
v 19.230770 -2.055293 -432.188232
v 20.769230 -2.054250 -432.188232
v 22.307692 -2.051815 -432.188232
v 23.846153 -2.048110 -432.188232
v 25.384615 -2.043314 -432.188232
v 26.923077 -2.037664 -432.188232
v 28.461538 -2.031444 -432.188232
v 30.000000 -2.024982 -432.188232
v -30.000000 -2.773341 -433.694122
v -28.461538 -2.699053 -433.694122
v -26.923077 -2.626704 -433.694122
v -25.384615 -2.556822 -433.694122
v -23.846153 -2.489893 -433.694122
v -22.307692 -2.426359 -433.694122
v -20.769230 -2.366606 -433.694122
v -19.230770 -2.310968 -433.694122
v -17.692308 -2.259718 -433.694122
v -16.153847 -2.213065 -433.694122
v -14.615385 -2.171157 -433.694122
v -13.076923 -2.134077 -433.694122
v -11.538462 -2.101840 -433.694122
v -10.000000 -2.074400 -433.694122
v -8.461538 -2.051647 -433.694122
v -6.923077 -2.033410 -433.694122
v -5.384615 -2.019464 -433.694122
v -3.846154 -2.009529 -433.694122
v -2.307692 -2.003279 -433.694122
v -0.769231 -2.000347 -433.694122
v 0.769231 -2.000325 -433.694122
v 2.307692 -2.002699 -433.694122
v 3.846154 -2.006882 -433.694122
v 5.384615 -2.012319 -433.694122
v 6.923077 -2.018497 -433.694122
v 8.461538 -2.024952 -433.694122
v 10.000000 -2.031271 -433.694122
v 11.538462 -2.037101 -433.694122
v 13.076923 -2.042147 -433.694122
v 14.615385 -2.046178 -433.694122
v 16.153847 -2.049027 -433.694122
v 17.692308 -2.050592 -433.694122
v 19.230770 -2.050836 -433.694122
v 20.769230 -2.049785 -433.694122
v 22.307692 -2.047529 -433.694122
v 23.846153 -2.044213 -433.694122
v 25.384615 -2.040041 -433.694122
v 26.923077 -2.035266 -433.694122
v 28.461538 -2.030188 -433.694122
v 30.000000 -2.025146 -433.694122
v -30.000000 -2.772422 -435.200012
v -28.461538 -2.696814 -435.200012
v -26.923077 -2.623421 -435.200012
v -25.384615 -2.552760 -435.200012
v -23.846153 -2.485302 -435.200012
v -22.307692 -2.421467 -435.200012
v -20.769230 -2.361620 -435.200012
v -19.230770 -2.306069 -435.200012
v -17.692308 -2.255059 -435.200012
v -16.153847 -2.208771 -435.200012
v -14.615385 -2.167323 -435.200012
v -13.076923 -2.130767 -435.200012
v -11.538462 -2.099090 -435.200012
v -10.000000 -2.072216 -435.200012
v -8.461538 -2.050006 -435.200012
v -6.923077 -2.032268 -435.200012
v -5.384615 -2.018750 -435.200012
v -3.846154 -2.009156 -435.200012
v -2.307692 -2.003142 -435.200012
v -0.769231 -2.000332 -435.200012
v 0.769231 -2.000310 -435.200012
v 2.307692 -2.002565 -435.200012
v 3.846154 -2.006521 -435.200012
v 5.384615 -2.011637 -435.200012
v 6.923077 -2.017422 -435.200012
v 8.461538 -2.023433 -435.200012
v 10.000000 -2.029282 -435.200012
v 11.538462 -2.034643 -435.200012
v 13.076923 -2.039251 -435.200012
v 14.615385 -2.042902 -435.200012
v 16.153847 -2.045462 -435.200012
v 17.692308 -2.046856 -435.200012
v 19.230770 -2.047077 -435.200012
v 20.769230 -2.046178 -435.200012
v 22.307692 -2.044272 -435.200012
v 23.846153 -2.041528 -435.200012
v 25.384615 -2.038167 -435.200012
v 26.923077 -2.034460 -435.200012
v 28.461538 -2.030715 -435.200012
v 30.000000 -2.027282 -435.200012
v -30.000000 -2.768447 -436.705872
v -28.461538 -2.691826 -436.705872
v -26.923077 -2.617694 -436.705872
v -25.384615 -2.546551 -436.705872
v -23.846153 -2.478848 -436.705872
v -22.307692 -2.414983 -436.705872
v -20.769230 -2.355295 -436.705872
v -19.230770 -2.300064 -436.705872
v -17.692308 -2.249505 -436.705872
v -16.153847 -2.203770 -436.705872
v -14.615385 -2.162946 -436.705872
v -13.076923 -2.127054 -436.705872
v -11.538462 -2.096052 -436.705872
v -10.000000 -2.069836 -436.705872
v -8.461538 -2.048243 -436.705872
v -6.923077 -2.031054 -436.705872
v -5.384615 -2.018000 -436.705872
v -3.846154 -2.008767 -436.705872
v -2.307692 -2.003001 -436.705872
v -0.769231 -2.000316 -436.705872
v 0.769231 -2.000294 -436.705872
v 2.307692 -2.002431 -436.705872
v 3.846154 -2.006164 -436.705872
v 5.384615 -2.010974 -436.705872
v 6.923077 -2.016388 -436.705872
v 8.461538 -2.021990 -436.705872
v 10.000000 -2.027419 -436.705872
v 11.538462 -2.032377 -436.705872
v 13.076923 -2.036629 -436.705872
v 14.615385 -2.040002 -436.705872
v 16.153847 -2.042388 -436.705872
v 17.692308 -2.043745 -436.705872
v 19.230770 -2.044089 -436.705872
v 20.769230 -2.043500 -436.705872
v 22.307692 -2.042113 -436.705872
v 23.846153 -2.040116 -436.705872
v 25.384615 -2.037745 -436.705872
v 26.923077 -2.035283 -436.705872
v 28.461538 -2.033046 -436.705872
v 30.000000 -2.031386 -436.705872
v -30.000000 -2.761501 -438.211761
v -28.461538 -2.684188 -438.211761
v -26.923077 -2.609630 -438.211761
v -25.384615 -2.538308 -438.211761
v -23.846153 -2.470648 -438.211761
v -22.307692 -2.407023 -438.211761
v -20.769230 -2.347743 -438.211761
v -19.230770 -2.293057 -438.211761
v -17.692308 -2.243152 -438.211761
v -16.153847 -2.198148 -438.211761
v -14.615385 -2.158101 -438.211761
v -13.076923 -2.123001 -438.211761
v -11.538462 -2.092778 -438.211761
v -10.000000 -2.067302 -438.211761
v -8.461538 -2.046385 -438.211761
v -6.923077 -2.029789 -438.211761
v -5.384615 -2.017227 -438.211761
v -3.846154 -2.008371 -438.211761
v -2.307692 -2.002859 -438.211761
v -0.769231 -2.000300 -438.211761
v 0.769231 -2.000279 -438.211761
v 2.307692 -2.002300 -438.211761
v 3.846154 -2.005819 -438.211761
v 5.384615 -2.010339 -438.211761
v 6.923077 -2.015411 -438.211761
v 8.461538 -2.020647 -438.211761
v 10.000000 -2.025713 -438.211761
v 11.538462 -2.030343 -438.211761
v 13.076923 -2.034328 -438.211761
v 14.615385 -2.037528 -438.211761
v 16.153847 -2.039862 -438.211761
v 17.692308 -2.041315 -438.211761
v 19.230770 -2.041929 -438.211761
v 20.769230 -2.041805 -438.211761
v 22.307692 -2.041099 -438.211761
v 23.846153 -2.040013 -438.211761
v 25.384615 -2.038798 -438.211761
v 26.923077 -2.037740 -438.211761
v 28.461538 -2.037163 -438.211761
v 30.000000 -2.037414 -438.211761
v -30.000000 -2.751704 -439.717651
v -28.461538 -2.674031 -439.717651
v -26.923077 -2.599368 -439.717651
v -25.384615 -2.528171 -439.717651
v -23.846153 -2.460840 -439.717651
v -22.307692 -2.397718 -439.717651
v -20.769230 -2.339088 -439.717651
v -19.230770 -2.285166 -439.717651
v -17.692308 -2.236106 -439.717651
v -16.153847 -2.191998 -439.717651
v -14.615385 -2.152866 -439.717651
v -13.076923 -2.118673 -439.717651
v -11.538462 -2.089321 -439.717651
v -10.000000 -2.064654 -439.717651
v -8.461538 -2.044464 -439.717651
v -6.923077 -2.028494 -439.717651
v -5.384615 -2.016443 -439.717651
v -3.846154 -2.007973 -439.717651
v -2.307692 -2.002718 -439.717651
v -0.769231 -2.000285 -439.717651
v 0.769231 -2.000264 -439.717651
v 2.307692 -2.002174 -439.717651
v 3.846154 -2.005491 -439.717651
v 5.384615 -2.009743 -439.717651
v 6.923077 -2.014508 -439.717651
v 8.461538 -2.019426 -439.717651
v 10.000000 -2.024194 -439.717651
v 11.538462 -2.028573 -439.717651
v 13.076923 -2.032387 -439.717651
v 14.615385 -2.035522 -439.717651
v 16.153847 -2.037926 -439.717651
v 17.692308 -2.039609 -439.717651
v 19.230770 -2.040635 -439.717651
v 20.769230 -2.041126 -439.717651
v 22.307692 -2.041253 -439.717651
v 23.846153 -2.041230 -439.717651
v 25.384615 -2.041317 -439.717651
v 26.923077 -2.041803 -439.717651
v 28.461538 -2.043011 -439.717651
v 30.000000 -2.045284 -439.717651
v -30.000000 -2.739215 -441.223541
v -28.461538 -2.661520 -441.223541
v -26.923077 -2.587072 -441.223541
v -25.384615 -2.516302 -441.223541
v -23.846153 -2.449580 -441.223541
v -22.307692 -2.387219 -441.223541
v -20.769230 -2.329469 -441.223541
v -19.230770 -2.276515 -441.223541
v -17.692308 -2.228478 -441.223541
v -16.153847 -2.185417 -441.223541
v -14.615385 -2.147327 -441.223541
v -13.076923 -2.114141 -441.223541
v -11.538462 -2.085737 -441.223541
v -10.000000 -2.061935 -441.223541
v -8.461538 -2.042511 -441.223541
v -6.923077 -2.027189 -441.223541
v -5.384615 -2.015660 -441.223541
v -3.846154 -2.007580 -441.223541
v -2.307692 -2.002579 -441.223541
v -0.769231 -2.000270 -441.223541
v 0.769231 -2.000250 -441.223541
v 2.307692 -2.002054 -441.223541
v 3.846154 -2.005186 -441.223541
v 5.384615 -2.009196 -441.223541
v 6.923077 -2.013694 -441.223541
v 8.461538 -2.018348 -441.223541
v 10.000000 -2.022886 -441.223541
v 11.538462 -2.027098 -441.223541
v 13.076923 -2.030838 -441.223541
v 14.615385 -2.034018 -441.223541
v 16.153847 -2.036614 -441.223541
v 17.692308 -2.038656 -441.223541
v 19.230770 -2.040232 -441.223541
v 20.769230 -2.041477 -441.223541
v 22.307692 -2.042575 -441.223541
v 23.846153 -2.043751 -441.223541
v 25.384615 -2.045267 -441.223541
v 26.923077 -2.047413 -441.223541
v 28.461538 -2.050505 -441.223541
v 30.000000 -2.054877 -441.223541
v -30.000000 -2.724228 -442.729401
v -28.461538 -2.646847 -442.729401
v -26.923077 -2.572933 -442.729401
v -25.384615 -2.502885 -442.729401
v -23.846153 -2.437044 -442.729401
v -22.307692 -2.375689 -442.729401
v -20.769230 -2.319036 -442.729401
v -19.230770 -2.267239 -442.729401
v -17.692308 -2.220388 -442.729401
v -16.153847 -2.178509 -442.729401
v -14.615385 -2.141568 -442.729401
v -13.076923 -2.109474 -442.729401
v -11.538462 -2.082080 -442.729401
v -10.000000 -2.059188 -442.729401
v -8.461538 -2.040554 -442.729401
v -6.923077 -2.025895 -442.729401
v -5.384615 -2.014892 -442.729401
v -3.846154 -2.007198 -442.729401
v -2.307692 -2.002446 -442.729401
v -0.769231 -2.000256 -442.729401
v 0.769231 -2.000237 -442.729401
v 2.307692 -2.001944 -442.729401
v 3.846154 -2.004907 -442.729401
v 5.384615 -2.008707 -442.729401
v 6.923077 -2.012981 -442.729401
v 8.461538 -2.017429 -442.729401
v 10.000000 -2.021809 -442.729401
v 11.538462 -2.025940 -442.729401
v 13.076923 -2.029703 -442.729401
v 14.615385 -2.033038 -442.729401
v 16.153847 -2.035944 -442.729401
v 17.692308 -2.038471 -442.729401
v 19.230770 -2.040722 -442.729401
v 20.769230 -2.042849 -442.729401
v 22.307692 -2.045043 -442.729401
v 23.846153 -2.047534 -442.729401
v 25.384615 -2.050583 -442.729401
v 26.923077 -2.054477 -442.729401
v 28.461538 -2.059522 -442.729401
v 30.000000 -2.066038 -442.729401
v -30.000000 -2.706967 -444.235291
v -28.461538 -2.630234 -444.235291
v -26.923077 -2.557164 -444.235291
v -25.384615 -2.488123 -444.235291
v -23.846153 -2.423420 -444.235291
v -22.307692 -2.363300 -444.235291
v -20.769230 -2.307946 -444.235291
v -19.230770 -2.257479 -444.235291
v -17.692308 -2.211957 -444.235291
v -16.153847 -2.171377 -444.235291
v -14.615385 -2.135678 -444.235291
v -13.076923 -2.104744 -444.235291
v -11.538462 -2.078407 -444.235291
v -10.000000 -2.056453 -444.235291
v -8.461538 -2.038626 -444.235291
v -6.923077 -2.024632 -444.235291
v -5.384615 -2.014149 -444.235291
v -3.846154 -2.006833 -444.235291
v -2.307692 -2.002321 -444.235291
v -0.769231 -2.000242 -444.235291
v 0.769231 -2.000225 -444.235291
v 2.307692 -2.001844 -444.235291
v 3.846154 -2.004659 -444.235291
v 5.384615 -2.008282 -444.235291
v 6.923077 -2.012380 -444.235291
v 8.461538 -2.016682 -444.235291
v 10.000000 -2.020977 -444.235291
v 11.538462 -2.025114 -444.235291
v 13.076923 -2.028999 -444.235291
v 14.615385 -2.032595 -444.235291
v 16.153847 -2.035923 -444.235291
v 17.692308 -2.039050 -444.235291
v 19.230770 -2.042094 -444.235291
v 20.769230 -2.045215 -444.235291
v 22.307692 -2.048611 -444.235291
v 23.846153 -2.052511 -444.235291
v 25.384615 -2.057173 -444.235291
v 26.923077 -2.062875 -444.235291
v 28.461538 -2.069910 -444.235291
v 30.000000 -2.078581 -444.235291
v -30.000000 -2.687683 -445.741180
v -28.461538 -2.611923 -445.741180
v -26.923077 -2.539995 -445.741180
v -25.384615 -2.472234 -445.741180
v -23.846153 -2.408910 -445.741180
v -22.307692 -2.350238 -445.741180
v -20.769230 -2.296365 -445.741180
v -19.230770 -2.247380 -445.741180
v -17.692308 -2.203311 -445.741180
v -16.153847 -2.164127 -445.741180
v -14.615385 -2.129743 -445.741180
v -13.076923 -2.100020 -445.741180
v -11.538462 -2.074772 -445.741180
v -10.000000 -2.053772 -445.741180
v -8.461538 -2.036752 -445.741180
v -6.923077 -2.023417 -445.741180
v -5.384615 -2.013443 -445.741180
v -3.846154 -2.006489 -445.741180
v -2.307692 -2.002204 -445.741180
v -0.769231 -2.000230 -445.741180
v 0.769231 -2.000214 -445.741180
v 2.307692 -2.001756 -445.741180
v 3.846154 -2.004447 -445.741180
v 5.384615 -2.007927 -445.741180
v 6.923077 -2.011898 -445.741180
v 8.461538 -2.016118 -445.741180
v 10.000000 -2.020403 -445.741180
v 11.538462 -2.024631 -445.741180
v 13.076923 -2.028731 -445.741180
v 14.615385 -2.032690 -445.741180
v 16.153847 -2.036544 -445.741180
v 17.692308 -2.040378 -445.741180
v 19.230770 -2.044317 -445.741180
v 20.769230 -2.048528 -445.741180
v 22.307692 -2.053210 -445.741180
v 23.846153 -2.058590 -445.741180
v 25.384615 -2.064918 -445.741180
v 26.923077 -2.072458 -445.741180
v 28.461538 -2.081488 -445.741180
v 30.000000 -2.092288 -445.741180
v -30.000000 -2.666651 -447.247070
v -28.461538 -2.592176 -447.247070
v -26.923077 -2.521675 -447.247070
v -25.384615 -2.455444 -447.247070
v -23.846153 -2.393723 -447.247070
v -22.307692 -2.336689 -447.247070
v -20.769230 -2.284458 -447.247070
v -19.230770 -2.237087 -447.247070
v -17.692308 -2.194575 -447.247070
v -16.153847 -2.156865 -447.247070
v -14.615385 -2.123849 -447.247070
v -13.076923 -2.095370 -447.247070
v -11.538462 -2.071227 -447.247070
v -10.000000 -2.051182 -447.247070
v -8.461538 -2.034962 -447.247070
v -6.923077 -2.022269 -447.247070
v -5.384615 -2.012783 -447.247070
v -3.846154 -2.006173 -447.247070
v -2.307692 -2.002098 -447.247070
v -0.769231 -2.000220 -447.247070
v 0.769231 -2.000204 -447.247070
v 2.307692 -2.001681 -447.247070
v 3.846154 -2.004271 -447.247070
v 5.384615 -2.007648 -447.247070
v 6.923077 -2.011542 -447.247070
v 8.461538 -2.015741 -447.247070
v 10.000000 -2.020091 -447.247070
v 11.538462 -2.024493 -447.247070
v 13.076923 -2.028898 -447.247070
v 14.615385 -2.033314 -447.247070
v 16.153847 -2.037790 -447.247070
v 17.692308 -2.042422 -447.247070
v 19.230770 -2.047343 -447.247070
v 20.769230 -2.052721 -447.247070
v 22.307692 -2.058753 -447.247070
v 23.846153 -2.065659 -447.247070
v 25.384615 -2.073675 -447.247070
v 26.923077 -2.083053 -447.247070
v 28.461538 -2.094048 -447.247070
v 30.000000 -2.106916 -447.247070
v -30.000000 -2.644166 -448.752930
v -28.461538 -2.571272 -448.752930
v -26.923077 -2.502460 -448.752930
v -25.384615 -2.437993 -448.752930
v -23.846153 -2.378074 -448.752930
v -22.307692 -2.322847 -448.752930
v -20.769230 -2.272395 -448.752930
v -19.230770 -2.226746 -448.752930
v -17.692308 -2.185872 -448.752930
v -16.153847 -2.149693 -448.752930
v -14.615385 -2.118079 -448.752930
v -13.076923 -2.090860 -448.752930
v -11.538462 -2.067822 -448.752930
v -10.000000 -2.048720 -448.752930
v -8.461538 -2.033278 -448.752930
v -6.923077 -2.021202 -448.752930
v -5.384615 -2.012179 -448.752930
v -3.846154 -2.005887 -448.752930
v -2.307692 -2.002004 -448.752930
v -0.769231 -2.000210 -448.752930
v 0.769231 -2.000196 -448.752930
v 2.307692 -2.001620 -448.752930
v 3.846154 -2.004135 -448.752930
v 5.384615 -2.007446 -448.752930
v 6.923077 -2.011314 -448.752930
v 8.461538 -2.015555 -448.752930
v 10.000000 -2.020041 -448.752930
v 11.538462 -2.024695 -448.752930
v 13.076923 -2.029490 -448.752930
v 14.615385 -2.034447 -448.752930
v 16.153847 -2.039628 -448.752930
v 17.692308 -2.045136 -448.752930
v 19.230770 -2.051108 -448.752930
v 20.769230 -2.057709 -448.752930
v 22.307692 -2.065130 -448.752930
v 23.846153 -2.073580 -448.752930
v 25.384615 -2.083281 -448.752930
v 26.923077 -2.094463 -448.752930
v 28.461538 -2.107359 -448.752930
v 30.000000 -2.122199 -448.752930
v -30.000000 -2.620538 -450.258820
v -28.461538 -2.549498 -450.258820
v -26.923077 -2.482617 -450.258820
v -25.384615 -2.420121 -450.258820
v -23.846153 -2.362180 -450.258820
v -22.307692 -2.308902 -450.258820
v -20.769230 -2.260342 -450.258820
v -19.230770 -2.216500 -450.258820
v -17.692308 -2.177322 -450.258820
v -16.153847 -2.142708 -450.258820
v -14.615385 -2.112513 -450.258820
v -13.076923 -2.086551 -450.258820
v -11.538462 -2.064602 -450.258820
v -10.000000 -2.046418 -450.258820
v -8.461538 -2.031724 -450.258820
v -6.923077 -2.020231 -450.258820
v -5.384615 -2.011637 -450.258820
v -3.846154 -2.005636 -450.258820
v -2.307692 -2.001923 -450.258820
v -0.769231 -2.000202 -450.258820
v 0.769231 -2.000189 -450.258820
v 2.307692 -2.001574 -450.258820
v 3.846154 -2.004040 -450.258820
v 5.384615 -2.007324 -450.258820
v 6.923077 -2.011216 -450.258820
v 8.461538 -2.015559 -450.258820
v 10.000000 -2.020248 -450.258820
v 11.538462 -2.025228 -450.258820
v 13.076923 -2.030487 -450.258820
v 14.615385 -2.036059 -450.258820
v 16.153847 -2.042015 -450.258820
v 17.692308 -2.048461 -450.258820
v 19.230770 -2.055532 -450.258820
v 20.769230 -2.063390 -450.258820
v 22.307692 -2.072214 -450.258820
v 23.846153 -2.082200 -450.258820
v 25.384615 -2.093549 -450.258820
v 26.923077 -2.106471 -450.258820
v 28.461538 -2.121172 -450.258820
v 30.000000 -2.137851 -450.258820
v -30.000000 -2.596085 -451.764709
v -28.461538 -2.527149 -451.764709
v -26.923077 -2.462414 -451.764709
v -25.384615 -2.402071 -451.764709
v -23.846153 -2.346254 -451.764709
v -22.307692 -2.295043 -451.764709
v -20.769230 -2.248461 -451.764709
v -19.230770 -2.206485 -451.764709
v -17.692308 -2.169038 -451.764709
v -16.153847 -2.136003 -451.764709
v -14.615385 -2.107222 -451.764709
v -13.076923 -2.082498 -451.764709
v -11.538462 -2.061609 -451.764709
v -10.000000 -2.044306 -451.764709
v -8.461538 -2.030319 -451.764709
v -6.923077 -2.019368 -451.764709
v -5.384615 -2.011166 -451.764709
v -3.846154 -2.005423 -451.764709
v -2.307692 -2.001857 -451.764709
v -0.769231 -2.000196 -451.764709
v 0.769231 -2.000184 -451.764709
v 2.307692 -2.001542 -451.764709
v 3.846154 -2.003985 -451.764709
v 5.384615 -2.007280 -451.764709
v 6.923077 -2.011245 -451.764709
v 8.461538 -2.015747 -451.764709
v 10.000000 -2.020703 -451.764709
v 11.538462 -2.026073 -451.764709
v 13.076923 -2.031862 -451.764709
v 14.615385 -2.038111 -451.764709
v 16.153847 -2.044896 -451.764709
v 17.692308 -2.052323 -451.764709
v 19.230770 -2.060523 -451.764709
v 20.769230 -2.069648 -451.764709
v 22.307692 -2.079864 -451.764709
v 23.846153 -2.091348 -451.764709
v 25.384615 -2.104281 -451.764709
v 26.923077 -2.118846 -451.764709
v 28.461538 -2.135221 -451.764709
v 30.000000 -2.153575 -451.764709
v -30.000000 -2.571132 -453.270599
v -28.461538 -2.504522 -453.270599
v -26.923077 -2.442119 -453.270599
v -25.384615 -2.384080 -453.270599
v -23.846153 -2.330508 -453.270599
v -22.307692 -2.281451 -453.270599
v -20.769230 -2.236909 -453.270599
v -19.230770 -2.196832 -453.270599
v -17.692308 -2.161129 -453.270599
v -16.153847 -2.129665 -453.270599
v -14.615385 -2.102273 -453.270599
v -13.076923 -2.078753 -453.270599
v -11.538462 -2.058880 -453.270599
v -10.000000 -2.042408 -453.270599
v -8.461538 -2.029078 -453.270599
v -6.923077 -2.018622 -453.270599
v -5.384615 -2.010769 -453.270599
v -3.846154 -2.005250 -453.270599
v -2.307692 -2.001805 -453.270599
v -0.769231 -2.000192 -453.270599
v 0.769231 -2.000181 -453.270599
v 2.307692 -2.001525 -453.270599
v 3.846154 -2.003972 -453.270599
v 5.384615 -2.007314 -453.270599
v 6.923077 -2.011397 -453.270599
v 8.461538 -2.016110 -453.270599
v 10.000000 -2.021389 -453.270599
v 11.538462 -2.027207 -453.270599
v 13.076923 -2.033580 -453.270599
v 14.615385 -2.040554 -453.270599
v 16.153847 -2.048206 -453.270599
v 17.692308 -2.056639 -453.270599
v 19.230770 -2.065975 -453.270599
v 20.769230 -2.076353 -453.270599
v 22.307692 -2.087923 -453.270599
v 23.846153 -2.100840 -453.270599
v 25.384615 -2.115262 -453.270599
v 26.923077 -2.131344 -453.270599
v 28.461538 -2.149232 -453.270599
v 30.000000 -2.169063 -453.270599
v -30.000000 -2.546005 -454.776459
v -28.461538 -2.481910 -454.776459
v -26.923077 -2.421995 -454.776459
v -25.384615 -2.366382 -454.776459
v -23.846153 -2.315143 -454.776459
v -22.307692 -2.268301 -454.776459
v -20.769230 -2.225830 -454.776459
v -19.230770 -2.187663 -454.776459
v -17.692308 -2.153691 -454.776459
v -16.153847 -2.123770 -454.776459
v -14.615385 -2.097727 -454.776459
v -13.076923 -2.075359 -454.776459
v -11.538462 -2.056445 -454.776459
v -10.000000 -2.040747 -454.776459
v -8.461538 -2.028016 -454.776459
v -6.923077 -2.018001 -454.776459
v -5.384615 -2.010450 -454.776459
v -3.846154 -2.005117 -454.776459
v -2.307692 -2.001769 -454.776459
v -0.769231 -2.000189 -454.776459
v 0.769231 -2.000180 -454.776459
v 2.307692 -2.001524 -454.776459
v 3.846154 -2.003998 -454.776459
v 5.384615 -2.007423 -454.776459
v 6.923077 -2.011666 -454.776459
v 8.461538 -2.016637 -454.776459
v 10.000000 -2.022286 -454.776459
v 11.538462 -2.028600 -454.776459
v 13.076923 -2.035598 -454.776459
v 14.615385 -2.043330 -454.776459
v 16.153847 -2.051871 -454.776459
v 17.692308 -2.061314 -454.776459
v 19.230770 -2.071771 -454.776459
v 20.769230 -2.083364 -454.776459
v 22.307692 -2.096224 -454.776459
v 23.846153 -2.110482 -454.776459
v 25.384615 -2.126269 -454.776459
v 26.923077 -2.143710 -454.776459
v 28.461538 -2.162921 -454.776459
v 30.000000 -2.184004 -454.776459
v -30.000000 -2.521021 -456.282349
v -28.461538 -2.459601 -456.282349
v -26.923077 -2.402296 -456.282349
v -25.384615 -2.349198 -456.282349
v -23.846153 -2.300351 -456.282349
v -22.307692 -2.255754 -456.282349
v -20.769230 -2.215360 -456.282349
v -19.230770 -2.179086 -456.282349
v -17.692308 -2.146812 -456.282349
v -16.153847 -2.118387 -456.282349
v -14.615385 -2.093634 -456.282349
v -13.076923 -2.072353 -456.282349
v -11.538462 -2.054330 -456.282349
v -10.000000 -2.039337 -456.282349
v -8.461538 -2.027142 -456.282349
v -6.923077 -2.017509 -456.282349
v -5.384615 -2.010211 -456.282349
v -3.846154 -2.005025 -456.282349
v -2.307692 -2.001747 -456.282349
v -0.769231 -2.000188 -456.282349
v 0.769231 -2.000180 -456.282349
v 2.307692 -2.001536 -456.282349
v 3.846154 -2.004061 -456.282349
v 5.384615 -2.007600 -456.282349
v 6.923077 -2.012042 -456.282349
v 8.461538 -2.017312 -456.282349
v 10.000000 -2.023372 -456.282349
v 11.538462 -2.030217 -456.282349
v 13.076923 -2.037869 -456.282349
v 14.615385 -2.046377 -456.282349
v 16.153847 -2.055808 -456.282349
v 17.692308 -2.066245 -456.282349
v 19.230770 -2.077785 -456.282349
v 20.769230 -2.090531 -456.282349
v 22.307692 -2.104591 -456.282349
v 23.846153 -2.120070 -456.282349
v 25.384615 -2.137071 -456.282349
v 26.923077 -2.155688 -456.282349
v 28.461538 -2.176003 -456.282349
v 30.000000 -2.198087 -456.282349
v -30.000000 -2.496492 -457.788239
v -28.461538 -2.437868 -457.788239
v -26.923077 -2.383261 -457.788239
v -25.384615 -2.332736 -457.788239
v -23.846153 -2.286309 -457.788239
v -22.307692 -2.243958 -457.788239
v -20.769230 -2.205620 -457.788239
v -19.230770 -2.171199 -457.788239
v -17.692308 -2.140568 -457.788239
v -16.153847 -2.113572 -457.788239
v -14.615385 -2.090035 -457.788239
v -13.076923 -2.069764 -457.788239
v -11.538462 -2.052553 -457.788239
v -10.000000 -2.038190 -457.788239
v -8.461538 -2.026460 -457.788239
v -6.923077 -2.017149 -457.788239
v -5.384615 -2.010052 -457.788239
v -3.846154 -2.004976 -457.788239
v -2.307692 -2.001740 -457.788239
v -0.769231 -2.000188 -457.788239
v 0.769231 -2.000181 -457.788239
v 2.307692 -2.001562 -457.788239
v 3.846154 -2.004159 -457.788239
v 5.384615 -2.007841 -457.788239
v 6.923077 -2.012514 -457.788239
v 8.461538 -2.018115 -457.788239
v 10.000000 -2.024617 -457.788239
v 11.538462 -2.032018 -457.788239
v 13.076923 -2.040339 -457.788239
v 14.615385 -2.049623 -457.788239
v 16.153847 -2.059927 -457.788239
v 17.692308 -2.071322 -457.788239
v 19.230770 -2.083885 -457.788239
v 20.769230 -2.097698 -457.788239
v 22.307692 -2.112844 -457.788239
v 23.846153 -2.129399 -457.788239
v 25.384615 -2.147438 -457.788239
v 26.923077 -2.167021 -457.788239
v 28.461538 -2.188198 -457.788239
v 30.000000 -2.211006 -457.788239
v -30.000000 -2.472711 -459.294128
v -28.461538 -2.416971 -459.294128
v -26.923077 -2.365117 -459.294128
v -25.384615 -2.317186 -459.294128
v -23.846153 -2.273175 -459.294128
v -22.307692 -2.233043 -459.294128
v -20.769230 -2.196715 -459.294128
v -19.230770 -2.164085 -459.294128
v -17.692308 -2.135022 -459.294128
v -16.153847 -2.109371 -459.294128
v -14.615385 -2.086962 -459.294128
v -13.076923 -2.067612 -459.294128
v -11.538462 -2.051127 -459.294128
v -10.000000 -2.037313 -459.294128
v -8.461538 -2.025974 -459.294128
v -6.923077 -2.016920 -459.294128
v -5.384615 -2.009973 -459.294128
v -3.846154 -2.004966 -459.294128
v -2.307692 -2.001748 -459.294128
v -0.769231 -2.000190 -459.294128
v 0.769231 -2.000185 -459.294128
v 2.307692 -2.001600 -459.294128
v 3.846154 -2.004289 -459.294128
v 5.384615 -2.008138 -459.294128
v 6.923077 -2.013068 -459.294128
v 8.461538 -2.019027 -459.294128
v 10.000000 -2.025991 -459.294128
v 11.538462 -2.033958 -459.294128
v 13.076923 -2.042948 -459.294128
v 14.615385 -2.052991 -459.294128
v 16.153847 -2.064135 -459.294128
v 17.692308 -2.076430 -459.294128
v 19.230770 -2.089935 -459.294128
v 20.769230 -2.104706 -459.294128
v 22.307692 -2.120798 -459.294128
v 23.846153 -2.138261 -459.294128
v 25.384615 -2.157136 -459.294128
v 26.923077 -2.177454 -459.294128
v 28.461538 -2.199231 -459.294128
v 30.000000 -2.222470 -459.294128
v -30.000000 -2.449955 -460.799988
v -28.461538 -2.397148 -460.799988
v -26.923077 -2.348065 -460.799988
v -25.384615 -2.302721 -460.799988
v -23.846153 -2.261092 -460.799988
v -22.307692 -2.223125 -460.799988
v -20.769230 -2.188735 -460.799988
v -19.230770 -2.157811 -460.799988
v -17.692308 -2.130222 -460.799988
v -16.153847 -2.105818 -460.799988
v -14.615385 -2.084438 -460.799988
v -13.076923 -2.065909 -460.799988
v -11.538462 -2.050056 -460.799988
v -10.000000 -2.036704 -460.799988
v -8.461538 -2.025680 -460.799988
v -6.923077 -2.016820 -460.799988
v -5.384615 -2.009971 -460.799988
v -3.846154 -2.004994 -460.799988
v -2.307692 -2.001768 -460.799988
v -0.769231 -2.000194 -460.799988
v 0.769231 -2.000189 -460.799988
v 2.307692 -2.001649 -460.799988
v 3.846154 -2.004446 -460.799988
v 5.384615 -2.008482 -460.799988
v 6.923077 -2.013689 -460.799988
v 8.461538 -2.020022 -460.799988
v 10.000000 -2.027457 -460.799988
v 11.538462 -2.035991 -460.799988
v 13.076923 -2.045633 -460.799988
v 14.615385 -2.056404 -460.799988
v 16.153847 -2.068332 -460.799988
v 17.692308 -2.081451 -460.799988
v 19.230770 -2.095793 -460.799988
v 20.769230 -2.111391 -460.799988
v 22.307692 -2.128270 -460.799988
v 23.846153 -2.146451 -460.799988
v 25.384615 -2.165942 -460.799988
v 26.923077 -2.186743 -460.799988
v 28.461538 -2.208837 -460.799988
v 30.000000 -2.232197 -460.799988
v -30.000000 -2.428476 -462.305878
v -28.461538 -2.378616 -462.305878
v -26.923077 -2.332288 -462.305878
v -25.384615 -2.289487 -462.305878
v -23.846153 -2.250179 -462.305878
v -22.307692 -2.214296 -462.305878
v -20.769230 -2.181749 -462.305878
v -19.230770 -2.152428 -462.305878
v -17.692308 -2.126203 -462.305878
v -16.153847 -2.102935 -462.305878
v -14.615385 -2.082472 -462.305878
v -13.076923 -2.064659 -462.305878
v -11.538462 -2.049340 -462.305878
v -10.000000 -2.036361 -462.305878
v -8.461538 -2.025575 -462.305878
v -6.923077 -2.016844 -462.305878
v -5.384615 -2.010041 -462.305878
v -3.846154 -2.005058 -462.305878
v -2.307692 -2.001801 -462.305878
v -0.769231 -2.000198 -462.305878
v 0.769231 -2.000195 -462.305878
v 2.307692 -2.001707 -462.305878
v 3.846154 -2.004625 -462.305878
v 5.384615 -2.008864 -462.305878
v 6.923077 -2.014361 -462.305878
v 8.461538 -2.021075 -462.305878
v 10.000000 -2.028980 -462.305878
v 11.538462 -2.038065 -462.305878
v 13.076923 -2.048329 -462.305878
v 14.615385 -2.059777 -462.305878
v 16.153847 -2.072418 -462.305878
v 17.692308 -2.086263 -462.305878
v 19.230770 -2.101321 -462.305878
v 20.769230 -2.117594 -462.305878
v 22.307692 -2.135080 -462.305878
v 23.846153 -2.153769 -462.305878
v 25.384615 -2.173637 -462.305878
v 26.923077 -2.194653 -462.305878
v 28.461538 -2.216770 -462.305878
v 30.000000 -2.239932 -462.305878
v -30.000000 -2.408500 -463.811768
v -28.461538 -2.361562 -463.811768
v -26.923077 -2.317939 -463.811768
v -25.384615 -2.277611 -463.811768
v -23.846153 -2.240531 -463.811768
v -22.307692 -2.206627 -463.811768
v -20.769230 -2.175809 -463.811768
v -19.230770 -2.147969 -463.811768
v -17.692308 -2.122985 -463.811768
v -16.153847 -2.100729 -463.811768
v -14.615385 -2.081064 -463.811768
v -13.076923 -2.063856 -463.811768
v -11.538462 -2.048969 -463.811768
v -10.000000 -2.036274 -463.811768
v -8.461538 -2.025648 -463.811768
v -6.923077 -2.016982 -463.811768
v -5.384615 -2.010178 -463.811768
v -3.846154 -2.005154 -463.811768
v -2.307692 -2.001845 -463.811768
v -0.769231 -2.000204 -463.811768
v 0.769231 -2.000201 -463.811768
v 2.307692 -2.001773 -463.811768
v 3.846154 -2.004822 -463.811768
v 5.384615 -2.009273 -463.811768
v 6.923077 -2.015066 -463.811768
v 8.461538 -2.022159 -463.811768
v 10.000000 -2.030520 -463.811768
v 11.538462 -2.040129 -463.811768
v 13.076923 -2.050969 -463.811768
v 14.615385 -2.063027 -463.811768
v 16.153847 -2.076292 -463.811768
v 17.692308 -2.090748 -463.811768
v 19.230770 -2.106379 -463.811768
v 20.769230 -2.123158 -463.811768
v 22.307692 -2.141054 -463.811768
v 23.846153 -2.160024 -463.811768
v 25.384615 -2.180016 -463.811768
v 26.923077 -2.200967 -463.811768
v 28.461538 -2.222803 -463.811768
v 30.000000 -2.245438 -463.811768
v -30.000000 -2.390221 -465.317657
v -28.461538 -2.346145 -465.317657
v -26.923077 -2.305145 -465.317657
v -25.384615 -2.267188 -465.317657
v -23.846153 -2.232220 -465.317657
v -22.307692 -2.200169 -465.317657
v -20.769230 -2.170946 -465.317657
v -19.230770 -2.144450 -465.317657
v -17.692308 -2.120571 -465.317657
v -16.153847 -2.099195 -465.317657
v -14.615385 -2.080206 -465.317657
v -13.076923 -2.063488 -465.317657
v -11.538462 -2.048929 -465.317657
v -10.000000 -2.036427 -465.317657
v -8.461538 -2.025888 -465.317657
v -6.923077 -2.017227 -465.317657
v -5.384615 -2.010375 -465.317657
v -3.846154 -2.005279 -465.317657
v -2.307692 -2.001898 -465.317657
v -0.769231 -2.000211 -465.317657
v 0.769231 -2.000209 -465.317657
v 2.307692 -2.001844 -465.317657
v 3.846154 -2.005031 -465.317657
v 5.384615 -2.009697 -465.317657
v 6.923077 -2.015785 -465.317657
v 8.461538 -2.023245 -465.317657
v 10.000000 -2.032038 -465.317657
v 11.538462 -2.042129 -465.317657
v 13.076923 -2.053484 -465.317657
v 14.615385 -2.066070 -465.317657
v 16.153847 -2.079852 -465.317657
v 17.692308 -2.094789 -465.317657
v 19.230770 -2.110835 -465.317657
v 20.769230 -2.127935 -465.317657
v 22.307692 -2.146027 -465.317657
v 23.846153 -2.165039 -465.317657
v 25.384615 -2.184890 -465.317657
v 26.923077 -2.205487 -465.317657
v 28.461538 -2.226730 -465.317657
v 30.000000 -2.248510 -465.317657
v -30.000000 -2.373800 -466.823517
v -28.461538 -2.332494 -466.823517
v -26.923077 -2.294003 -466.823517
v -25.384615 -2.258288 -466.823517
v -23.846153 -2.225294 -466.823517
v -22.307692 -2.194948 -466.823517
v -20.769230 -2.167170 -466.823517
v -19.230770 -2.141869 -466.823517
v -17.692308 -2.118950 -466.823517
v -16.153847 -2.098317 -466.823517
v -14.615385 -2.079874 -466.823517
v -13.076923 -2.063530 -466.823517
v -11.538462 -2.049199 -466.823517
v -10.000000 -2.036803 -466.823517
v -8.461538 -2.026277 -466.823517
v -6.923077 -2.017565 -466.823517
v -5.384615 -2.010624 -466.823517
v -3.846154 -2.005427 -466.823517
v -2.307692 -2.001959 -466.823517
v -0.769231 -2.000218 -466.823517
v 0.769231 -2.000217 -466.823517
v 2.307692 -2.001920 -466.823517
v 3.846154 -2.005246 -466.823517
v 5.384615 -2.010127 -466.823517
v 6.923077 -2.016498 -466.823517
v 8.461538 -2.024304 -466.823517
v 10.000000 -2.033492 -466.823517
v 11.538462 -2.044011 -466.823517
v 13.076923 -2.055807 -466.823517
v 14.615385 -2.068825 -466.823517
v 16.153847 -2.083003 -466.823517
v 17.692308 -2.098273 -466.823517
v 19.230770 -2.114560 -466.823517
v 20.769230 -2.131782 -466.823517
v 22.307692 -2.149845 -466.823517
v 23.846153 -2.168650 -466.823517
v 25.384615 -2.188086 -466.823517
v 26.923077 -2.208036 -466.823517
v 28.461538 -2.228376 -466.823517
v 30.000000 -2.248974 -466.823517
v -30.000000 -2.359362 -468.329407
v -28.461538 -2.320700 -468.329407
v -26.923077 -2.284577 -468.329407
v -25.384615 -2.250952 -468.329407
v -23.846153 -2.219770 -468.329407
v -22.307692 -2.190967 -468.329407
v -20.769230 -2.164471 -468.329407
v -19.230770 -2.140206 -468.329407
v -17.692308 -2.118096 -468.329407
v -16.153847 -2.098064 -468.329407
v -14.615385 -2.080039 -468.329407
v -13.076923 -2.063954 -468.329407
v -11.538462 -2.049750 -468.329407
v -10.000000 -2.037377 -468.329407
v -8.461538 -2.026797 -468.329407
v -6.923077 -2.017982 -468.329407
v -5.384615 -2.010916 -468.329407
v -3.846154 -2.005594 -468.329407
v -2.307692 -2.002025 -468.329407
v -0.769231 -2.000226 -468.329407
v 0.769231 -2.000225 -468.329407
v 2.307692 -2.001996 -468.329407
v 3.846154 -2.005461 -468.329407
v 5.384615 -2.010548 -468.329407
v 6.923077 -2.017185 -468.329407
v 8.461538 -2.025306 -468.329407
v 10.000000 -2.034842 -468.329407
v 11.538462 -2.045723 -468.329407
v 13.076923 -2.057873 -468.329407
v 14.615385 -2.071211 -468.329407
v 16.153847 -2.085649 -468.329407
v 17.692308 -2.101093 -468.329407
v 19.230770 -2.117437 -468.329407
v 20.769230 -2.134569 -468.329407
v 22.307692 -2.152370 -468.329407
v 23.846153 -2.170711 -468.329407
v 25.384615 -2.189456 -468.329407
v 26.923077 -2.208465 -468.329407
v 28.461538 -2.227592 -468.329407
v 30.000000 -2.246689 -468.329407
v -30.000000 -2.346997 -469.835297
v -28.461538 -2.310823 -469.835297
v -26.923077 -2.276901 -469.835297
v -25.384615 -2.245191 -469.835297
v -23.846153 -2.215644 -469.835297
v -22.307692 -2.188206 -469.835297
v -20.769230 -2.162819 -469.835297
v -19.230770 -2.139425 -469.835297
v -17.692308 -2.117968 -469.835297
v -16.153847 -2.098396 -469.835297
v -14.615385 -2.080660 -469.835297
v -13.076923 -2.064722 -469.835297
v -11.538462 -2.050550 -469.835297
v -10.000000 -2.038122 -469.835297
v -8.461538 -2.027427 -469.835297
v -6.923077 -2.018464 -469.835297
v -5.384615 -2.011240 -469.835297
v -3.846154 -2.005774 -469.835297
v -2.307692 -2.002094 -469.835297
v -0.769231 -2.000235 -469.835297
v 0.769231 -2.000234 -469.835297
v 2.307692 -2.002072 -469.835297
v 3.846154 -2.005670 -469.835297
v 5.384615 -2.010949 -469.835297
v 6.923077 -2.017827 -469.835297
v 8.461538 -2.026223 -469.835297
v 10.000000 -2.036049 -469.835297
v 11.538462 -2.047214 -469.835297
v 13.076923 -2.059617 -469.835297
v 14.615385 -2.073153 -469.835297
v 16.153847 -2.087705 -469.835297
v 17.692308 -2.103150 -469.835297
v 19.230770 -2.119355 -469.835297
v 20.769230 -2.136181 -469.835297
v 22.307692 -2.153479 -469.835297
v 23.846153 -2.171097 -469.835297
v 25.384615 -2.188874 -469.835297
v 26.923077 -2.206651 -469.835297
v 28.461538 -2.224264 -469.835297
v 30.000000 -2.241553 -469.835297
v -30.000000 -2.336752 -471.341187
v -28.461538 -2.302885 -471.341187
v -26.923077 -2.270975 -471.341187
v -25.384615 -2.240987 -471.341187
v -23.846153 -2.212883 -471.341187
v -22.307692 -2.186622 -471.341187
v -20.769230 -2.162164 -471.341187
v -19.230770 -2.139472 -471.341187
v -17.692308 -2.118512 -471.341187
v -16.153847 -2.099257 -471.341187
v -14.615385 -2.081687 -471.341187
v -13.076923 -2.065789 -471.341187
v -11.538462 -2.051560 -471.341187
v -10.000000 -2.039007 -471.341187
v -8.461538 -2.028143 -471.341187
v -6.923077 -2.018992 -471.341187
v -5.384615 -2.011585 -471.341187
v -3.846154 -2.005962 -471.341187
v -2.307692 -2.002165 -471.341187
v -0.769231 -2.000243 -471.341187
v 0.769231 -2.000242 -471.341187
v 2.307692 -2.002145 -471.341187
v 3.846154 -2.005866 -471.341187
v 5.384615 -2.011317 -471.341187
v 6.923077 -2.018404 -471.341187
v 8.461538 -2.027025 -471.341187
v 10.000000 -2.037074 -471.341187
v 11.538462 -2.048434 -471.341187
v 13.076923 -2.060981 -471.341187
v 14.615385 -2.074580 -471.341187
v 16.153847 -2.089089 -471.341187
v 17.692308 -2.104356 -471.341187
v 19.230770 -2.120220 -471.341187
v 20.769230 -2.136515 -471.341187
v 22.307692 -2.153069 -471.341187
v 23.846153 -2.169703 -471.341187
v 25.384615 -2.186240 -471.341187
v 26.923077 -2.202502 -471.341187
v 28.461538 -2.218312 -471.341187
v 30.000000 -2.233500 -471.341187
v -30.000000 -2.328637 -472.847046
v -28.461538 -2.296873 -472.847046
v -26.923077 -2.266766 -472.847046
v -25.384615 -2.238292 -472.847046
v -23.846153 -2.211428 -472.847046
v -22.307692 -2.186149 -472.847046
v -20.769230 -2.162436 -472.847046
v -19.230770 -2.140276 -472.847046
v -17.692308 -2.119659 -472.847046
v -16.153847 -2.100585 -472.847046
v -14.615385 -2.083062 -472.847046
v -13.076923 -2.067106 -472.847046
v -11.538462 -2.052740 -472.847046
v -10.000000 -2.039997 -472.847046
v -8.461538 -2.028918 -472.847046
v -6.923077 -2.019548 -472.847046
v -5.384615 -2.011941 -472.847046
v -3.846154 -2.006150 -472.847046
v -2.307692 -2.002235 -472.847046
v -0.769231 -2.000251 -472.847046
v 0.769231 -2.000250 -472.847046
v 2.307692 -2.002212 -472.847046
v 3.846154 -2.006044 -472.847046
v 5.384615 -2.011642 -472.847046
v 6.923077 -2.018897 -472.847046
v 8.461538 -2.027686 -472.847046
v 10.000000 -2.037880 -472.847046
v 11.538462 -2.049338 -472.847046
v 13.076923 -2.061908 -472.847046
v 14.615385 -2.075429 -472.847046
v 16.153847 -2.089731 -472.847046
v 17.692308 -2.104633 -472.847046
v 19.230770 -2.119949 -472.847046
v 20.769230 -2.135488 -472.847046
v 22.307692 -2.151054 -472.847046
v 23.846153 -2.166451 -472.847046
v 25.384615 -2.181483 -472.847046
v 26.923077 -2.195957 -472.847046
v 28.461538 -2.209690 -472.847046
v 30.000000 -2.222505 -472.847046
v -30.000000 -2.322623 -474.352936
v -28.461538 -2.292737 -474.352936
v -26.923077 -2.264210 -474.352936
v -25.384615 -2.237032 -474.352936
v -23.846153 -2.211197 -474.352936
v -22.307692 -2.186702 -474.352936
v -20.769230 -2.163551 -474.352936
v -19.230770 -2.141754 -474.352936
v -17.692308 -2.121331 -474.352936
v -16.153847 -2.102308 -474.352936
v -14.615385 -2.084722 -474.352936
v -13.076923 -2.068616 -474.352936
v -11.538462 -2.054042 -474.352936
v -10.000000 -2.041057 -474.352936
v -8.461538 -2.029726 -474.352936
v -6.923077 -2.020115 -474.352936
v -5.384615 -2.012295 -474.352936
v -3.846154 -2.006334 -474.352936
v -2.307692 -2.002301 -474.352936
v -0.769231 -2.000258 -474.352936
v 0.769231 -2.000257 -474.352936
v 2.307692 -2.002271 -474.352936
v 3.846154 -2.006196 -474.352936
v 5.384615 -2.011912 -474.352936
v 6.923077 -2.019288 -474.352936
v 8.461538 -2.028180 -474.352936
v 10.000000 -2.038435 -474.352936
v 11.538462 -2.049885 -474.352936
v 13.076923 -2.062351 -474.352936
v 14.615385 -2.075644 -474.352936
v 16.153847 -2.089567 -474.352936
v 17.692308 -2.103914 -474.352936
v 19.230770 -2.118474 -474.352936
v 20.769230 -2.133033 -474.352936
v 22.307692 -2.147375 -474.352936
v 23.846153 -2.161286 -474.352936
v 25.384615 -2.174558 -474.352936
v 26.923077 -2.186990 -474.352936
v 28.461538 -2.198391 -474.352936
v 30.000000 -2.208585 -474.352936
v -30.000000 -2.318642 -475.858826
v -28.461538 -2.290393 -475.858826
v -26.923077 -2.263211 -475.858826
v -25.384615 -2.237104 -475.858826
v -23.846153 -2.212085 -475.858826
v -22.307692 -2.188175 -475.858826
v -20.769230 -2.165404 -475.858826
v -19.230770 -2.143809 -475.858826
v -17.692308 -2.123437 -475.858826
v -16.153847 -2.104345 -475.858826
v -14.615385 -2.086595 -475.858826
v -13.076923 -2.070260 -475.858826
v -11.538462 -2.055417 -475.858826
v -10.000000 -2.042148 -475.858826
v -8.461538 -2.030537 -475.858826
v -6.923077 -2.020671 -475.858826
v -5.384615 -2.012635 -475.858826
v -3.846154 -2.006507 -475.858826
v -2.307692 -2.002362 -475.858826
v -0.769231 -2.000264 -475.858826
v 0.769231 -2.000263 -475.858826
v 2.307692 -2.002321 -475.858826
v 3.846154 -2.006318 -475.858826
v 5.384615 -2.012115 -475.858826
v 6.923077 -2.019559 -475.858826
v 8.461538 -2.028484 -475.858826
v 10.000000 -2.038707 -475.858826
v 11.538462 -2.050036 -475.858826
v 13.076923 -2.062265 -475.858826
v 14.615385 -2.075177 -475.858826
v 16.153847 -2.088548 -475.858826
v 17.692308 -2.102149 -475.858826
v 19.230770 -2.115746 -475.858826
v 20.769230 -2.129104 -475.858826
v 22.307692 -2.141991 -475.858826
v 23.846153 -2.154181 -475.858826
v 25.384615 -2.165454 -475.858826
v 26.923077 -2.175606 -475.858826
v 28.461538 -2.184444 -475.858826
v 30.000000 -2.191796 -475.858826
v -30.000000 -2.316588 -477.364716
v -28.461538 -2.289725 -477.364716
v -26.923077 -2.263647 -477.364716
v -25.384615 -2.238382 -477.364716
v -23.846153 -2.213966 -477.364716
v -22.307692 -2.190446 -477.364716
v -20.769230 -2.167879 -477.364716
v -19.230770 -2.146332 -477.364716
v -17.692308 -2.125880 -477.364716
v -16.153847 -2.106608 -477.364716
v -14.615385 -2.088607 -477.364716
v -13.076923 -2.071975 -477.364716
v -11.538462 -2.056815 -477.364716
v -10.000000 -2.043230 -477.364716
v -8.461538 -2.031324 -477.364716
v -6.923077 -2.021198 -477.364716
v -5.384615 -2.012948 -477.364716
v -3.846154 -2.006662 -477.364716
v -2.307692 -2.002415 -477.364716
v -0.769231 -2.000270 -477.364716
v 0.769231 -2.000268 -477.364716
v 2.307692 -2.002359 -477.364716
v 3.846154 -2.006404 -477.364716
v 5.384615 -2.012242 -477.364716
v 6.923077 -2.019697 -477.364716
v 8.461538 -2.028576 -477.364716
v 10.000000 -2.038671 -477.364716
v 11.538462 -2.049762 -477.364716
v 13.076923 -2.061615 -477.364716
v 14.615385 -2.073988 -477.364716
v 16.153847 -2.086634 -477.364716
v 17.692308 -2.099299 -477.364716
v 19.230770 -2.111729 -477.364716
v 20.769230 -2.123674 -477.364716
v 22.307692 -2.134888 -477.364716
v 23.846153 -2.145134 -477.364716
v 25.384615 -2.154189 -477.364716
v 26.923077 -2.161844 -477.364716
v 28.461538 -2.167914 -477.364716
v 30.000000 -2.172233 -477.364716
v -30.000000 -2.316320 -478.870575
v -28.461538 -2.290586 -478.870575
v -26.923077 -2.265367 -478.870575
v -25.384615 -2.240715 -478.870575
v -23.846153 -2.216692 -478.870575
v -22.307692 -2.193375 -478.870575
v -20.769230 -2.170847 -478.870575
v -19.230770 -2.149205 -478.870575
v -17.692308 -2.128553 -478.870575
v -16.153847 -2.109004 -478.870575
v -14.615385 -2.090678 -478.870575
v -13.076923 -2.073696 -478.870575
v -11.538462 -2.058183 -478.870575
v -10.000000 -2.044264 -478.870575
v -8.461538 -2.032057 -478.870575
v -6.923077 -2.021676 -478.870575
v -5.384615 -2.013224 -478.870575
v -3.846154 -2.006794 -478.870575
v -2.307692 -2.002458 -478.870575
v -0.769231 -2.000274 -478.870575
v 0.769231 -2.000271 -478.870575
v 2.307692 -2.002383 -478.870575
v 3.846154 -2.006449 -478.870575
v 5.384615 -2.012285 -478.870575
v 6.923077 -2.019688 -478.870575
v 8.461538 -2.028439 -478.870575
v 10.000000 -2.038304 -478.870575
v 11.538462 -2.049035 -478.870575
v 13.076923 -2.060372 -478.870575
v 14.615385 -2.072050 -478.870575
v 16.153847 -2.083797 -478.870575
v 17.692308 -2.095341 -478.870575
v 19.230770 -2.106410 -478.870575
v 20.769230 -2.116739 -478.870575
v 22.307692 -2.126074 -478.870575
v 23.846153 -2.134172 -478.870575
v 25.384615 -2.140808 -478.870575
v 26.923077 -2.145779 -478.870575
v 28.461538 -2.148904 -478.870575
v 30.000000 -2.150031 -478.870575
v -30.000000 -2.317665 -480.376465
v -28.461538 -2.292799 -480.376465
v -26.923077 -2.268196 -480.376465
v -25.384615 -2.243934 -480.376465
v -23.846153 -2.220104 -480.376465
v -22.307692 -2.196810 -480.376465
v -20.769230 -2.174167 -480.376465
v -19.230770 -2.152301 -480.376465
v -17.692308 -2.131345 -480.376465
v -16.153847 -2.111439 -480.376465
v -14.615385 -2.092727 -480.376465
v -13.076923 -2.075356 -480.376465
v -11.538462 -2.059469 -480.376465
v -10.000000 -2.045209 -480.376465
v -8.461538 -2.032706 -480.376465
v -6.923077 -2.022085 -480.376465
v -5.384615 -2.013451 -480.376465
v -3.846154 -2.006896 -480.376465
v -2.307692 -2.002490 -480.376465
v -0.769231 -2.000277 -480.376465
v 0.769231 -2.000273 -480.376465
v 2.307692 -2.002392 -480.376465
v 3.846154 -2.006449 -480.376465
v 5.384615 -2.012234 -480.376465
v 6.923077 -2.019519 -480.376465
v 8.461538 -2.028057 -480.376465
v 10.000000 -2.037588 -480.376465
v 11.538462 -2.047836 -480.376465
v 13.076923 -2.058518 -480.376465
v 14.615385 -2.069345 -480.376465
v 16.153847 -2.080025 -480.376465
v 17.692308 -2.090268 -480.376465
v 19.230770 -2.099790 -480.376465
v 20.769230 -2.108315 -480.376465
v 22.307692 -2.115582 -480.376465
v 23.846153 -2.121348 -480.376465
v 25.384615 -2.125391 -480.376465
v 26.923077 -2.127513 -480.376465
v 28.461538 -2.127548 -480.376465
v 30.000000 -2.125361 -480.376465
v -30.000000 -2.320419 -481.882355
v -28.461538 -2.296162 -481.882355
v -26.923077 -2.271938 -481.882355
v -25.384615 -2.247851 -481.882355
v -23.846153 -2.224024 -481.882355
v -22.307692 -2.200589 -481.882355
v -20.769230 -2.177693 -481.882355
v -19.230770 -2.155489 -481.882355
v -17.692308 -2.134140 -481.882355
v -16.153847 -2.113811 -481.882355
v -14.615385 -2.094672 -481.882355
v -13.076923 -2.076888 -481.882355
v -11.538462 -2.060621 -481.882355
v -10.000000 -2.046027 -481.882355
v -8.461538 -2.033246 -481.882355
v -6.923077 -2.022407 -481.882355
v -5.384615 -2.013618 -481.882355
v -3.846154 -2.006964 -481.882355
v -2.307692 -2.002507 -481.882355
v -0.769231 -2.000278 -481.882355
v 0.769231 -2.000273 -481.882355
v 2.307692 -2.002384 -481.882355
v 3.846154 -2.006399 -481.882355
v 5.384615 -2.012084 -481.882355
v 6.923077 -2.019182 -481.882355
v 8.461538 -2.027420 -481.882355
v 10.000000 -2.036509 -481.882355
v 11.538462 -2.046151 -481.882355
v 13.076923 -2.056040 -481.882355
v 14.615385 -2.065864 -481.882355
v 16.153847 -2.075316 -481.882355
v 17.692308 -2.084090 -481.882355
v 19.230770 -2.091891 -481.882355
v 20.769230 -2.098439 -481.882355
v 22.307692 -2.103469 -481.882355
v 23.846153 -2.106742 -481.882355
v 25.384615 -2.108042 -481.882355
v 26.923077 -2.107184 -481.882355
v 28.461538 -2.104018 -481.882355
v 30.000000 -2.098429 -481.882355
v -30.000000 -2.324351 -483.388245
v -28.461538 -2.300452 -483.388245
v -26.923077 -2.276378 -483.388245
v -25.384615 -2.252266 -483.388245
v -23.846153 -2.228265 -483.388245
v -22.307692 -2.204542 -483.388245
v -20.769230 -2.181271 -483.388245
v -19.230770 -2.158635 -483.388245
v -17.692308 -2.136822 -483.388245
v -16.153847 -2.116025 -483.388245
v -14.615385 -2.096431 -483.388245
v -13.076923 -2.078227 -483.388245
v -11.538462 -2.061588 -483.388245
v -10.000000 -2.046679 -483.388245
v -8.461538 -2.033649 -483.388245
v -6.923077 -2.022625 -483.388245
v -5.384615 -2.013714 -483.388245
v -3.846154 -2.006993 -483.388245
v -2.307692 -2.002509 -483.388245
v -0.769231 -2.000277 -483.388245
v 0.769231 -2.000271 -483.388245
v 2.307692 -2.002357 -483.388245
v 3.846154 -2.006298 -483.388245
v 5.384615 -2.011830 -483.388245
v 6.923077 -2.018670 -483.388245
v 8.461538 -2.026518 -483.388245
v 10.000000 -2.035061 -483.388245
v 11.538462 -2.043976 -483.388245
v 13.076923 -2.052936 -483.388245
v 14.615385 -2.061613 -483.388245
v 16.153847 -2.069682 -483.388245
v 17.692308 -2.076829 -483.388245
v 19.230770 -2.082752 -483.388245
v 20.769230 -2.087168 -483.388245
v 22.307692 -2.089814 -483.388245
v 23.846153 -2.090457 -483.388245
v 25.384615 -2.088894 -483.388245
v 26.923077 -2.084955 -483.388245
v 28.461538 -2.078511 -483.388245
v 30.000000 -2.069472 -483.388245
v -30.000000 -2.329208 -484.894104
v -28.461538 -2.305427 -484.894104
v -26.923077 -2.281290 -484.894104
v -25.384615 -2.256965 -484.894104
v -23.846153 -2.232634 -484.894104
v -22.307692 -2.208492 -484.894104
v -20.769230 -2.184744 -484.894104
v -19.230770 -2.161601 -484.894104
v -17.692308 -2.139275 -484.894104
v -16.153847 -2.117980 -484.894104
v -14.615385 -2.097925 -484.894104
v -13.076923 -2.079309 -484.894104
v -11.538462 -2.062321 -484.894104
v -10.000000 -2.047131 -484.894104
v -8.461538 -2.033890 -484.894104
v -6.923077 -2.022724 -484.894104
v -5.384615 -2.013731 -484.894104
v -3.846154 -2.006978 -484.894104
v -2.307692 -2.002494 -484.894104
v -0.769231 -2.000274 -484.894104
v 0.769231 -2.000268 -484.894104
v 2.307692 -2.002311 -484.894104
v 3.846154 -2.006141 -484.894104
v 5.384615 -2.011467 -484.894104
v 6.923077 -2.017978 -484.894104
v 8.461538 -2.025348 -484.894104
v 10.000000 -2.033240 -484.894104
v 11.538462 -2.041310 -484.894104
v 13.076923 -2.049213 -484.894104
v 14.615385 -2.056604 -484.894104
v 16.153847 -2.063150 -484.894104
v 17.692308 -2.068527 -484.894104
v 19.230770 -2.072430 -484.894104
v 20.769230 -2.074579 -484.894104
v 22.307692 -2.074718 -484.894104
v 23.846153 -2.072623 -484.894104
v 25.384615 -2.068106 -484.894104
v 26.923077 -2.061019 -484.894104
v 28.461538 -2.051255 -484.894104
v 30.000000 -2.038753 -484.894104
v -30.000000 -2.334721 -486.399994
v -28.461538 -2.310831 -486.399994
v -26.923077 -2.286434 -486.399994
v -25.384615 -2.261729 -486.399994
v -23.846153 -2.236930 -486.399994
v -22.307692 -2.212262 -486.399994
v -20.769230 -2.187958 -486.399994
v -19.230770 -2.164252 -486.399994
v -17.692308 -2.141383 -486.399994
v -16.153847 -2.119583 -486.399994
v -14.615385 -2.099077 -486.399994
v -13.076923 -2.080075 -486.399994
v -11.538462 -2.062774 -486.399994
v -10.000000 -2.047348 -486.399994
v -8.461538 -2.033946 -486.399994
v -6.923077 -2.022688 -486.399994
v -5.384615 -2.013661 -486.399994
v -3.846154 -2.006915 -486.399994
v -2.307692 -2.002461 -486.399994
v -0.769231 -2.000269 -486.399994
v 0.769231 -2.000261 -486.399994
v 2.307692 -2.002245 -486.399994
v 3.846154 -2.005929 -486.399994
v 5.384615 -2.010994 -486.399994
v 6.923077 -2.017105 -486.399994
v 8.461538 -2.023909 -486.399994
v 10.000000 -2.031049 -486.399994
v 11.538462 -2.038162 -486.399994
v 13.076923 -2.044885 -486.399994
v 14.615385 -2.050865 -486.399994
v 16.153847 -2.055757 -486.399994
v 17.692308 -2.059237 -486.399994
v 19.230770 -2.061000 -486.399994
v 20.769230 -2.060770 -486.399994
v 22.307692 -2.058302 -486.399994
v 23.846153 -2.053388 -486.399994
v 25.384615 -2.045859 -486.399994
v 26.923077 -2.035589 -486.399994
v 28.461538 -2.022500 -486.399994
v 30.000000 -2.006561 -486.399994
v -30.000000 -2.340602 -487.905884
v -28.461538 -2.316397 -487.905884
v -26.923077 -2.291564 -487.905884
v -25.384615 -2.266335 -487.905884
v -23.846153 -2.240954 -487.905884
v -22.307692 -2.215674 -487.905884
v -20.769230 -2.190756 -487.905884
v -19.230770 -2.166458 -487.905884
v -17.692308 -2.143037 -487.905884
v -16.153847 -2.120744 -487.905884
v -14.615385 -2.099814 -487.905884
v -13.076923 -2.080468 -487.905884
v -11.538462 -2.062907 -487.905884
v -10.000000 -2.047302 -487.905884
v -8.461538 -2.033798 -487.905884
v -6.923077 -2.022506 -487.905884
v -5.384615 -2.013496 -487.905884
v -3.846154 -2.006801 -487.905884
v -2.307692 -2.002409 -487.905884
v -0.769231 -2.000262 -487.905884
v 0.769231 -2.000253 -487.905884
v 2.307692 -2.002159 -487.905884
v 3.846154 -2.005660 -487.905884
v 5.384615 -2.010411 -487.905884
v 6.923077 -2.016051 -487.905884
v 8.461538 -2.022205 -487.905884
v 10.000000 -2.028497 -487.905884
v 11.538462 -2.034546 -487.905884
v 13.076923 -2.039978 -487.905884
v 14.615385 -2.044430 -487.905884
v 16.153847 -2.047556 -487.905884
v 17.692308 -2.049028 -487.905884
v 19.230770 -2.048550 -487.905884
v 20.769230 -2.045853 -487.905884
v 22.307692 -2.040707 -487.905884
v 23.846153 -2.032923 -487.905884
v 25.384615 -2.022354 -487.905884
v 26.923077 -2.008902 -487.905884
v 28.461538 -1.992517 -487.905884
v 30.000000 -1.973204 -487.905884
v -30.000000 -2.346560 -489.411774
v -28.461538 -2.321854 -489.411774
v -26.923077 -2.296432 -489.411774
v -25.384615 -2.270559 -489.411774
v -23.846153 -2.244506 -489.411774
v -22.307692 -2.218556 -489.411774
v -20.769230 -2.192990 -489.411774
v -19.230770 -2.168091 -489.411774
v -17.692308 -2.144132 -489.411774
v -16.153847 -2.121376 -489.411774
v -14.615385 -2.100070 -489.411774
v -13.076923 -2.080438 -489.411774
v -11.538462 -2.062681 -489.411774
v -10.000000 -2.046966 -489.411774
v -8.461538 -2.033429 -489.411774
v -6.923077 -2.022166 -489.411774
v -5.384615 -2.013231 -489.411774
v -3.846154 -2.006634 -489.411774
v -2.307692 -2.002337 -489.411774
v -0.769231 -2.000253 -489.411774
v 0.769231 -2.000242 -489.411774
v 2.307692 -2.002052 -489.411774
v 3.846154 -2.005335 -489.411774
v 5.384615 -2.009719 -489.411774
v 6.923077 -2.014819 -489.411774
v 8.461538 -2.020244 -489.411774
v 10.000000 -2.025596 -489.411774
v 11.538462 -2.030484 -489.411774
v 13.076923 -2.034524 -489.411774
v 14.615385 -2.037347 -489.411774
v 16.153847 -2.038608 -489.411774
v 17.692308 -2.037983 -489.411774
v 19.230770 -2.035184 -489.411774
v 20.769230 -2.029958 -489.411774
v 22.307692 -2.022090 -489.411774
v 23.846153 -2.011415 -489.411774
v 25.384615 -1.997810 -489.411774
v 26.923077 -1.981209 -489.411774
v 28.461538 -1.961594 -489.411774
v 30.000000 -1.939004 -489.411774
v -30.000000 -2.352294 -490.917633
v -28.461538 -2.326928 -490.917633
v -26.923077 -2.300793 -490.917633
v -25.384615 -2.274182 -490.917633
v -23.846153 -2.247395 -490.917633
v -22.307692 -2.220739 -490.917633
v -20.769230 -2.194518 -490.917633
v -19.230770 -2.169032 -490.917633
v -17.692308 -2.144570 -490.917633
v -16.153847 -2.121403 -490.917633
v -14.615385 -2.099785 -490.917633
v -13.076923 -2.079940 -490.917633
v -11.538462 -2.062064 -490.917633
v -10.000000 -2.046319 -490.917633
v -8.461538 -2.032825 -490.917633
v -6.923077 -2.021662 -490.917633
v -5.384615 -2.012863 -490.917633
v -3.846154 -2.006413 -490.917633
v -2.307692 -2.002244 -490.917633
v -0.769231 -2.000241 -490.917633
v 0.769231 -2.000229 -490.917633
v 2.307692 -2.001925 -490.917633
v 3.846154 -2.004953 -490.917633
v 5.384615 -2.008919 -490.917633
v 6.923077 -2.013417 -490.917633
v 8.461538 -2.018036 -490.917633
v 10.000000 -2.022365 -490.917633
v 11.538462 -2.026004 -490.917633
v 13.076923 -2.028562 -490.917633
v 14.615385 -2.029671 -490.917633
v 16.153847 -2.028987 -490.917633
v 17.692308 -2.026196 -490.917633
v 19.230770 -2.021021 -490.917633
v 20.769230 -2.013227 -490.917633
v 22.307692 -2.002623 -490.917633
v 23.846153 -1.989064 -490.917633
v 25.384615 -1.972461 -490.917633
v 26.923077 -1.952777 -490.917633
v 28.461538 -1.930030 -490.917633
v 30.000000 -1.904297 -490.917633
v -30.000000 -2.357508 -492.423523
v -28.461538 -2.331352 -492.423523
v -26.923077 -2.304406 -492.423523
v -25.384615 -2.276992 -492.423523
v -23.846153 -2.249435 -492.423523
v -22.307692 -2.222066 -492.423523
v -20.769230 -2.195208 -492.423523
v -19.230770 -2.169174 -492.423523
v -17.692308 -2.144264 -492.423523
v -16.153847 -2.120758 -492.423523
v -14.615385 -2.098907 -492.423523
v -13.076923 -2.078935 -492.423523
v -11.538462 -2.061031 -492.423523
v -10.000000 -2.045342 -492.423523
v -8.461538 -2.031975 -492.423523
v -6.923077 -2.020988 -492.423523
v -5.384615 -2.012388 -492.423523
v -3.846154 -2.006135 -492.423523
v -2.307692 -2.002132 -492.423523
v -0.769231 -2.000227 -492.423523
v 0.769231 -2.000214 -492.423523
v 2.307692 -2.001777 -492.423523
v 3.846154 -2.004517 -492.423523
v 5.384615 -2.008017 -492.423523
v 6.923077 -2.011852 -492.423523
v 8.461538 -2.015596 -492.423523
v 10.000000 -2.018828 -492.423523
v 11.538462 -2.021141 -492.423523
v 13.076923 -2.022142 -492.423523
v 14.615385 -2.021466 -492.423523
v 16.153847 -2.018775 -492.423523
v 17.692308 -2.013770 -492.423523
v 19.230770 -2.006189 -492.423523
v 20.769230 -1.995817 -492.423523
v 22.307692 -1.982486 -492.423523
v 23.846153 -1.966084 -492.423523
v 25.384615 -1.946549 -492.423523
v 26.923077 -1.923880 -492.423523
v 28.461538 -1.898132 -492.423523
v 30.000000 -1.869419 -492.423523
v -30.000000 -2.361910 -493.929413
v -28.461538 -2.334864 -493.929413
v -26.923077 -2.307040 -493.929413
v -25.384615 -2.278787 -493.929413
v -23.846153 -2.250456 -493.929413
v -22.307692 -2.222393 -493.929413
v -20.769230 -2.194939 -493.929413
v -19.230770 -2.168418 -493.929413
v -17.692308 -2.143138 -493.929413
v -16.153847 -2.119379 -493.929413
v -14.615385 -2.097392 -493.929413
v -13.076923 -2.077394 -493.929413
v -11.538462 -2.059560 -493.929413
v -10.000000 -2.044024 -493.929413
v -8.461538 -2.030872 -493.929413
v -6.923077 -2.020139 -493.929413
v -5.384615 -2.011807 -493.929413
v -3.846154 -2.005803 -493.929413
v -2.307692 -2.001999 -493.929413
v -0.769231 -2.000211 -493.929413
v 0.769231 -2.000196 -493.929413
v 2.307692 -2.001611 -493.929413
v 3.846154 -2.004030 -493.929413
v 5.384615 -2.007018 -493.929413
v 6.923077 -2.010135 -493.929413
v 8.461538 -2.012942 -493.929413
v 10.000000 -2.015012 -493.929413
v 11.538462 -2.015933 -493.929413
v 13.076923 -2.015317 -493.929413
v 14.615385 -2.012803 -493.929413
v 16.153847 -2.008066 -493.929413
v 17.692308 -2.000820 -493.929413
v 19.230770 -1.990826 -493.929413
v 20.769230 -1.977890 -493.929413
v 22.307692 -1.961874 -493.929413
v 23.846153 -1.942695 -493.929413
v 25.384615 -1.920326 -493.929413
v 26.923077 -1.894800 -493.929413
v 28.461538 -1.866211 -493.929413
v 30.000000 -1.834710 -493.929413
v -30.000000 -2.365220 -495.435303
v -28.461538 -2.337215 -495.435303
v -26.923077 -2.308478 -495.435303
v -25.384615 -2.279382 -495.435303
v -23.846153 -2.250297 -495.435303
v -22.307692 -2.221587 -495.435303
v -20.769230 -2.193604 -495.435303
v -19.230770 -2.166681 -495.435303
v -17.692308 -2.141127 -495.435303
v -16.153847 -2.117220 -495.435303
v -14.615385 -2.095207 -495.435303
v -13.076923 -2.075292 -495.435303
v -11.538462 -2.057638 -495.435303
v -10.000000 -2.042358 -495.435303
v -8.461538 -2.029514 -495.435303
v -6.923077 -2.019117 -495.435303
v -5.384615 -2.011118 -495.435303
v -3.846154 -2.005415 -495.435303
v -2.307692 -2.001847 -495.435303
v -0.769231 -2.000193 -495.435303
v 0.769231 -2.000177 -495.435303
v 2.307692 -2.001426 -495.435303
v 3.846154 -2.003494 -495.435303
v 5.384615 -2.005930 -495.435303
v 6.923077 -2.008279 -495.435303
v 8.461538 -2.010096 -495.435303
v 10.000000 -2.010949 -495.435303
v 11.538462 -2.010427 -495.435303
v 13.076923 -2.008148 -495.435303
v 14.615385 -2.003761 -495.435303
v 16.153847 -1.996957 -495.435303
v 17.692308 -1.987468 -495.435303
v 19.230770 -1.975077 -495.435303
v 20.769230 -1.959619 -495.435303
v 22.307692 -1.940985 -495.435303
v 23.846153 -1.919124 -495.435303
v 25.384615 -1.894045 -495.435303
v 26.923077 -1.865818 -495.435303
v 28.461538 -1.834574 -495.435303
v 30.000000 -1.800505 -495.435303
v -30.000000 -2.367172 -496.941162
v -28.461538 -2.338174 -496.941162
v -26.923077 -2.308521 -496.941162
v -25.384615 -2.278607 -496.941162
v -23.846153 -2.248820 -496.941162
v -22.307692 -2.219536 -496.941162
v -20.769230 -2.191114 -496.941162
v -19.230770 -2.163893 -496.941162
v -17.692308 -2.138178 -496.941162
v -16.153847 -2.114245 -496.941162
v -14.615385 -2.092327 -496.941162
v -13.076923 -2.072617 -496.941162
v -11.538462 -2.055258 -496.941162
v -10.000000 -2.040340 -496.941162
v -8.461538 -2.027901 -496.941162
v -6.923077 -2.017923 -496.941162
v -5.384615 -2.010326 -496.941162
v -3.846154 -2.004975 -496.941162
v -2.307692 -2.001675 -496.941162
v -0.769231 -2.000172 -496.941162
v 0.769231 -2.000155 -496.941162
v 2.307692 -2.001223 -496.941162
v 3.846154 -2.002914 -496.941162
v 5.384615 -2.004761 -496.941162
v 6.923077 -2.006300 -496.941162
v 8.461538 -2.007082 -496.941162
v 10.000000 -2.006675 -496.941162
v 11.538462 -2.004672 -496.941162
v 13.076923 -2.000701 -496.941162
v 14.615385 -1.994425 -496.941162
v 16.153847 -1.985552 -496.941162
v 17.692308 -1.973839 -496.941162
v 19.230770 -1.959093 -496.941162
v 20.769230 -1.941179 -496.941162
v 22.307692 -1.920019 -496.941162
v 23.846153 -1.895598 -496.941162
v 25.384615 -1.867960 -496.941162
v 26.923077 -1.837213 -496.941162
v 28.461538 -1.803526 -496.941162
v 30.000000 -1.767128 -496.941162
v -30.000000 -2.367521 -498.447052
v -28.461538 -2.337528 -498.447052
v -26.923077 -2.306989 -498.447052
v -25.384615 -2.276314 -498.447052
v -23.846153 -2.245903 -498.447052
v -22.307692 -2.216142 -498.447052
v -20.769230 -2.187396 -498.447052
v -19.230770 -2.159999 -498.447052
v -17.692308 -2.134255 -498.447052
v -16.153847 -2.110428 -498.447052
v -14.615385 -2.088740 -498.447052
v -13.076923 -2.069363 -498.447052
v -11.538462 -2.052419 -498.447052
v -10.000000 -2.037974 -498.447052
v -8.461538 -2.026038 -498.447052
v -6.923077 -2.016561 -498.447052
v -5.384615 -2.009433 -498.447052
v -3.846154 -2.004485 -498.447052
v -2.307692 -2.001486 -498.447052
v -0.769231 -2.000150 -498.447052
v 0.769231 -2.000132 -498.447052
v 2.307692 -2.001006 -498.447052
v 3.846154 -2.002295 -498.447052
v 5.384615 -2.003520 -498.447052
v 6.923077 -2.004215 -498.447052
v 8.461538 -2.003926 -498.447052
v 10.000000 -2.002227 -498.447052
v 11.538462 -1.998720 -498.447052
v 13.076923 -1.993044 -498.447052
v 14.615385 -1.984882 -498.447052
v 16.153847 -1.973961 -498.447052
v 17.692308 -1.960064 -498.447052
v 19.230770 -1.943028 -498.447052
v 20.769230 -1.922747 -498.447052
v 22.307692 -1.899179 -498.447052
v 23.846153 -1.872343 -498.447052
v 25.384615 -1.842321 -498.447052
v 26.923077 -1.809257 -498.447052
v 28.461538 -1.773357 -498.447052
v 30.000000 -1.734888 -498.447052
v -30.000000 -2.366044 -499.952942
v -28.461538 -2.335092 -499.952942
v -26.923077 -2.303728 -499.952942
v -25.384615 -2.272377 -499.952942
v -23.846153 -2.241448 -499.952942
v -22.307692 -2.211332 -499.952942
v -20.769230 -2.182394 -499.952942
v -19.230770 -2.154963 -499.952942
v -17.692308 -2.129335 -499.952942
v -16.153847 -2.105760 -499.952942
v -14.615385 -2.084442 -499.952942
v -13.076923 -2.065533 -499.952942
v -11.538462 -2.049129 -499.952942
v -10.000000 -2.035269 -499.952942
v -8.461538 -2.023933 -499.952942
v -6.923077 -2.015040 -499.952942
v -5.384615 -2.008446 -499.952942
v -3.846154 -2.003947 -499.952942
v -2.307692 -2.001280 -499.952942
v -0.769231 -2.000126 -499.952942
v 0.769231 -2.000107 -499.952942
v 2.307692 -2.000775 -499.952942
v 3.846154 -2.001641 -499.952942
v 5.384615 -2.002220 -499.952942
v 6.923077 -2.002042 -499.952942
v 8.461538 -2.000658 -499.952942
v 10.000000 -1.997648 -499.952942
v 11.538462 -1.992628 -499.952942
v 13.076923 -1.985251 -499.952942
v 14.615385 -1.975222 -499.952942
v 16.153847 -1.962294 -499.952942
v 17.692308 -1.946276 -499.952942
v 19.230770 -1.927036 -499.952942
v 20.769230 -1.904502 -499.952942
v 22.307692 -1.878665 -499.952942
v 23.846153 -1.849581 -499.952942
v 25.384615 -1.817369 -499.952942
v 26.923077 -1.782209 -499.952942
v 28.461538 -1.744345 -499.952942
v 30.000000 -1.704077 -499.952942
v -30.000000 -2.362549 -501.458832
v -28.461538 -2.330704 -501.458832
v -26.923077 -2.298608 -501.458832
v -25.384615 -2.266695 -501.458832
v -23.846153 -2.235379 -501.458832
v -22.307692 -2.205052 -501.458832
v -20.769230 -2.176073 -501.458832
v -19.230770 -2.148766 -501.458832
v -17.692308 -2.123411 -501.458832
v -16.153847 -2.100242 -501.458832
v -14.615385 -2.079442 -501.458832
v -13.076923 -2.061139 -501.458832
v -11.538462 -2.045401 -501.458832
v -10.000000 -2.032238 -501.458832
v -8.461538 -2.021599 -501.458832
v -6.923077 -2.013369 -501.458832
v -5.384615 -2.007370 -501.458832
v -3.846154 -2.003366 -501.458832
v -2.307692 -2.001060 -501.458832
v -0.769231 -2.000100 -501.458832
v 0.769231 -2.000080 -501.458832
v 2.307692 -2.000532 -501.458832
v 3.846154 -2.000958 -501.458832
v 5.384615 -2.000871 -501.458832
v 6.923077 -1.999802 -501.458832
v 8.461538 -1.997308 -501.458832
v 10.000000 -1.992981 -501.458832
v 11.538462 -1.986452 -501.458832
v 13.076923 -1.977397 -501.458832
v 14.615385 -1.965540 -501.458832
v 16.153847 -1.950664 -501.458832
v 17.692308 -1.932608 -501.458832
v 19.230770 -1.911270 -501.458832
v 20.769230 -1.886615 -501.458832
v 22.307692 -1.858669 -501.458832
v 23.846153 -1.827524 -501.458832
v 25.384615 -1.793334 -501.458832
v 26.923077 -1.756316 -501.458832
v 28.461538 -1.716748 -501.458832
v 30.000000 -1.674963 -501.458832
v -30.000000 -2.356872 -502.964691
v -28.461538 -2.324236 -502.964691
v -26.923077 -2.291531 -502.964691
v -25.384615 -2.259195 -502.964691
v -23.846153 -2.227646 -502.964691
v -22.307692 -2.197271 -502.964691
v -20.769230 -2.168421 -502.964691
v -19.230770 -2.141407 -502.964691
v -17.692308 -2.116492 -502.964691
v -16.153847 -2.093890 -502.964691
v -14.615385 -2.073760 -502.964691
v -13.076923 -2.056202 -502.964691
v -11.538462 -2.041256 -502.964691
v -10.000000 -2.028901 -502.964691
v -8.461538 -2.019051 -502.964691
v -6.923077 -2.011559 -502.964691
v -5.384615 -2.006214 -502.964691
v -3.846154 -2.002746 -502.964691
v -2.307692 -2.000827 -502.964691
v -0.769231 -2.000073 -502.964691
v 0.769231 -2.000052 -502.964691
v 2.307692 -2.000280 -502.964691
v 3.846154 -2.000254 -502.964691
v 5.384615 -1.999486 -502.964691
v 6.923077 -1.997515 -502.964691
v 8.461538 -1.993907 -502.964691
v 10.000000 -1.988271 -502.964691
v 11.538462 -1.980253 -502.964691
v 13.076923 -1.969555 -502.964691
v 14.615385 -1.955928 -502.964691
v 16.153847 -1.939182 -502.964691
v 17.692308 -1.919189 -502.964691
v 19.230770 -1.895881 -502.964691
v 20.769230 -1.869256 -502.964691
v 22.307692 -1.839378 -502.964691
v 23.846153 -1.806373 -502.964691
v 25.384615 -1.770431 -502.964691
v 26.923077 -1.731804 -502.964691
v 28.461538 -1.690801 -502.964691
v 30.000000 -1.647786 -502.964691
v -30.000000 -2.348886 -504.470581
v -28.461538 -2.315590 -504.470581
v -26.923077 -2.282425 -504.470581
v -25.384615 -2.249833 -504.470581
v -23.846153 -2.218225 -504.470581
v -22.307692 -2.187983 -504.470581
v -20.769230 -2.159443 -504.470581
v -19.230770 -2.132901 -504.470581
v -17.692308 -2.108601 -504.470581
v -16.153847 -2.086731 -504.470581
v -14.615385 -2.067424 -504.470581
v -13.076923 -2.050751 -504.470581
v -11.538462 -2.036721 -504.470581
v -10.000000 -2.025280 -504.470581
v -8.461538 -2.016309 -504.470581
v -6.923077 -2.009626 -504.470581
v -5.384615 -2.004988 -504.470581
v -3.846154 -2.002093 -504.470581
v -2.307692 -2.000582 -504.470581
v -0.769231 -2.000045 -504.470581
v 0.769231 -2.000024 -504.470581
v 2.307692 -2.000021 -504.470581
v 3.846154 -1.999533 -504.470581
v 5.384615 -1.998078 -504.470581
v 6.923077 -1.995203 -504.470581
v 8.461538 -1.990489 -504.470581
v 10.000000 -1.983561 -504.470581
v 11.538462 -1.974091 -504.470581
v 13.076923 -1.961802 -504.470581
v 14.615385 -1.946477 -504.470581
v 16.153847 -1.927957 -504.470581
v 17.692308 -1.906145 -504.470581
v 19.230770 -1.881009 -504.470581
v 20.769230 -1.852583 -504.470581
v 22.307692 -1.820965 -504.470581
v 23.846153 -1.786315 -504.470581
v 25.384615 -1.748859 -504.470581
v 26.923077 -1.708879 -504.470581
v 28.461538 -1.666714 -504.470581
v 30.000000 -1.622756 -504.470581
v -30.000000 -2.338498 -505.976471
v -28.461538 -2.304703 -505.976471
v -26.923077 -2.271255 -505.976471
v -25.384615 -2.238592 -505.976471
v -23.846153 -2.207119 -505.976471
v -22.307692 -2.177203 -505.976471
v -20.769230 -2.149167 -505.976471
v -19.230770 -2.123285 -505.976471
v -17.692308 -2.099777 -505.976471
v -16.153847 -2.078806 -505.976471
v -14.615385 -2.060476 -505.976471
v -13.076923 -2.044825 -505.976471
v -11.538462 -2.031830 -505.976471
v -10.000000 -2.021404 -505.976471
v -8.461538 -2.013394 -505.976471
v -6.923077 -2.007585 -505.976471
v -5.384615 -2.003702 -505.976471
v -3.846154 -2.001413 -505.976471
v -2.307692 -2.000329 -505.976471
v -0.769231 -2.000016 -505.976471
v 0.769231 -1.999994 -505.976471
v 2.307692 -1.999757 -505.976471
v 3.846154 -1.998804 -505.976471
v 5.384615 -1.996661 -505.976471
v 6.923077 -1.992889 -505.976471
v 8.461538 -1.987086 -505.976471
v 10.000000 -1.978898 -505.976471
v 11.538462 -1.968022 -505.976471
v 13.076923 -1.954212 -505.976471
v 14.615385 -1.937277 -505.976471
v 16.153847 -1.917093 -505.976471
v 17.692308 -1.893597 -505.976471
v 19.230770 -1.866792 -505.976471
v 20.769230 -1.836745 -505.976471
v 22.307692 -1.803589 -505.976471
v 23.846153 -1.767520 -505.976471
v 25.384615 -1.728792 -505.976471
v 26.923077 -1.687719 -505.976471
v 28.461538 -1.644666 -505.976471
v 30.000000 -1.600048 -505.976471
v -30.000000 -2.325655 -507.482361
v -28.461538 -2.291549 -507.482361
v -26.923077 -2.258016 -507.482361
v -25.384615 -2.225487 -507.482361
v -23.846153 -2.194356 -507.482361
v -22.307692 -2.164973 -507.482361
v -20.769230 -2.137640 -507.482361
v -19.230770 -2.112610 -507.482361
v -17.692308 -2.090075 -507.482361
v -16.153847 -2.070170 -507.482361
v -14.615385 -2.052964 -507.482361
v -13.076923 -2.038467 -507.482361
v -11.538462 -2.026621 -507.482361
v -10.000000 -2.017305 -507.482361
v -8.461538 -2.010331 -507.482361
v -6.923077 -2.005455 -507.482361
v -5.384615 -2.002368 -507.482361
v -3.846154 -2.000711 -507.482361
v -2.307692 -2.000069 -507.482361
v -0.769231 -1.999986 -507.482361
v 0.769231 -1.999964 -507.482361
v 2.307692 -1.999491 -507.482361
v 3.846154 -1.998073 -507.482361
v 5.384615 -1.995248 -507.482361
v 6.923077 -1.990594 -507.482361
v 8.461538 -1.983730 -507.482361
v 10.000000 -1.974326 -507.482361
v 11.538462 -1.962107 -507.482361
v 13.076923 -1.946855 -507.482361
v 14.615385 -1.928414 -507.482361
v 16.153847 -1.906691 -507.482361
v 17.692308 -1.881658 -507.482361
v 19.230770 -1.853353 -507.482361
v 20.769230 -1.821877 -507.482361
v 22.307692 -1.787397 -507.482361
v 23.846153 -1.750137 -507.482361
v 25.384615 -1.710385 -507.482361
v 26.923077 -1.668478 -507.482361
v 28.461538 -1.624806 -507.482361
v 30.000000 -1.579803 -507.482361
v -30.000000 -2.310341 -508.988220
v -28.461538 -2.276135 -508.988220
v -26.923077 -2.242736 -508.988220
v -25.384615 -2.210562 -508.988220
v -23.846153 -2.179991 -508.988220
v -22.307692 -2.151355 -508.988220
v -20.769230 -2.124932 -508.988220
v -19.230770 -2.100947 -508.988220
v -17.692308 -2.079564 -508.988220
v -16.153847 -2.060885 -508.988220
v -14.615385 -2.044950 -508.988220
v -13.076923 -2.031731 -508.988220
v -11.538462 -2.021139 -508.988220
v -10.000000 -2.013018 -508.988220
v -8.461538 -2.007149 -508.988220
v -6.923077 -2.003254 -508.988220
v -5.384615 -2.000998 -508.988220
v -3.846154 -1.999994 -508.988220
v -2.307692 -1.999806 -508.988220
v -0.769231 -1.999956 -508.988220
v 0.769231 -1.999935 -508.988220
v 2.307692 -1.999225 -508.988220
v 3.846154 -1.997347 -508.988220
v 5.384615 -1.993853 -508.988220
v 6.923077 -1.988340 -508.988220
v 8.461538 -1.980453 -508.988220
v 10.000000 -1.969888 -508.988220
v 11.538462 -1.956398 -508.988220
v 13.076923 -1.939799 -508.988220
v 14.615385 -1.919966 -508.988220
v 16.153847 -1.896841 -508.988220
v 17.692308 -1.870430 -508.988220
v 19.230770 -1.840805 -508.988220
v 20.769230 -1.808100 -508.988220
v 22.307692 -1.772512 -508.988220
v 23.846153 -1.734296 -508.988220
v 25.384615 -1.693764 -508.988220
v 26.923077 -1.651278 -508.988220
v 28.461538 -1.607248 -508.988220
v 30.000000 -1.562123 -508.988220
v -30.000000 -2.292583 -510.494110
v -28.461538 -2.258508 -510.494110
v -26.923077 -2.225476 -510.494110
v -25.384615 -2.193890 -510.494110
v -23.846153 -2.164108 -510.494110
v -22.307692 -2.136436 -510.494110
v -20.769230 -2.111129 -510.494110
v -19.230770 -2.088380 -510.494110
v -17.692308 -2.068323 -510.494110
v -16.153847 -2.051027 -510.494110
v -14.615385 -2.036498 -510.494110
v -13.076923 -2.024674 -510.494110
v -11.538462 -2.015432 -510.494110
v -10.000000 -2.008582 -510.494110
v -8.461538 -2.003875 -510.494110
v -6.923077 -2.001004 -510.494110
v -5.384615 -1.999605 -510.494110
v -3.846154 -1.999269 -510.494110
v -2.307692 -1.999541 -510.494110
v -0.769231 -1.999927 -510.494110
v 0.769231 -1.999905 -510.494110
v 2.307692 -1.998963 -510.494110
v 3.846154 -1.996633 -510.494110
v 5.384615 -1.992489 -510.494110
v 6.923077 -1.986150 -510.494110
v 8.461538 -1.977287 -510.494110
v 10.000000 -1.965625 -510.494110
v 11.538462 -1.950950 -510.494110
v 13.076923 -1.933107 -510.494110
v 14.615385 -1.912009 -510.494110
v 16.153847 -1.887629 -510.494110
v 17.692308 -1.860008 -510.494110
v 19.230770 -1.829249 -510.494110
v 20.769230 -1.795518 -510.494110
v 22.307692 -1.759041 -510.494110
v 23.846153 -1.720101 -510.494110
v 25.384615 -1.679030 -510.494110
v 26.923077 -1.636212 -510.494110
v 28.461538 -1.592071 -510.494110
v 30.000000 -1.547069 -510.494110
v -30.000000 -2.272444 -512.000000
v -28.461538 -2.238749 -512.000000
v -26.923077 -2.206331 -512.000000
v -25.384615 -2.175574 -512.000000
v -23.846153 -2.146811 -512.000000
v -22.307692 -2.120324 -512.000000
v -20.769230 -2.096336 -512.000000
v -19.230770 -2.075010 -512.000000
v -17.692308 -2.056447 -512.000000
v -16.153847 -2.040681 -512.000000
v -14.615385 -2.027684 -512.000000
v -13.076923 -2.017360 -512.000000
v -11.538462 -2.009552 -512.000000
v -10.000000 -2.004039 -512.000000
v -8.461538 -2.000542 -512.000000
v -6.923077 -1.998725 -512.000000
v -5.384615 -1.998203 -512.000000
v -3.846154 -1.998544 -512.000000
v -2.307692 -1.999277 -512.000000
v -0.769231 -1.999897 -512.000000
v 0.769231 -1.999876 -512.000000
v 2.307692 -1.998706 -512.000000
v 3.846154 -1.995938 -512.000000
v 5.384615 -1.991169 -512.000000
v 6.923077 -1.984043 -512.000000
v 8.461538 -1.974260 -512.000000
v 10.000000 -1.961576 -512.000000
v 11.538462 -1.945809 -512.000000
v 13.076923 -1.926838 -512.000000
v 14.615385 -1.904608 -512.000000
v 16.153847 -1.879128 -512.000000
v 17.692308 -1.850470 -512.000000
v 19.230770 -1.818768 -512.000000
v 20.769230 -1.784217 -512.000000
v 22.307692 -1.747069 -512.000000
v 23.846153 -1.707630 -512.000000
v 25.384615 -1.666254 -512.000000
v 26.923077 -1.623338 -512.000000
v 28.461538 -1.579319 -512.000000
v 30.000000 -1.534665 -512.000000
v -30.000000 -2.250031 -513.505859
v -28.461538 -2.216974 -513.505859
v -26.923077 -2.185425 -513.505859
v -25.384615 -2.155741 -513.505859
v -23.846153 -2.128230 -513.505859
v -22.307692 -2.103144 -513.505859
v -20.769230 -2.080675 -513.505859
v -19.230770 -2.060951 -513.505859
v -17.692308 -2.044039 -513.505859
v -16.153847 -2.029940 -513.505859
v -14.615385 -2.018588 -513.505859
v -13.076923 -2.009857 -513.505859
v -11.538462 -2.003555 -513.505859
v -10.000000 -1.999432 -513.505859
v -8.461538 -1.997180 -513.505859
v -6.923077 -1.996440 -513.505859
v -5.384615 -1.996804 -513.505859
v -3.846154 -1.997824 -513.505859
v -2.307692 -1.999017 -513.505859
v -0.769231 -1.999868 -513.505859
v 0.769231 -1.999847 -513.505859
v 2.307692 -1.998456 -513.505859
v 3.846154 -1.995268 -513.505859
v 5.384615 -1.989905 -513.505859
v 6.923077 -1.982038 -513.505859
v 8.461538 -1.971399 -513.505859
v 10.000000 -1.957776 -513.505859
v 11.538462 -1.941019 -513.505859
v 13.076923 -1.921042 -513.505859
v 14.615385 -1.897823 -513.505859
v 16.153847 -1.871402 -513.505859
v 17.692308 -1.841883 -513.505859
v 19.230770 -1.809430 -513.505859
v 20.769230 -1.774263 -513.505859
v 22.307692 -1.736658 -513.505859
v 23.846153 -1.696939 -513.505859
v 25.384615 -1.655478 -513.505859
v 26.923077 -1.612682 -513.505859
v 28.461538 -1.568997 -513.505859
v 30.000000 -1.524893 -513.505859
v -30.000000 -2.225482 -515.011780
v -28.461538 -2.193334 -515.011780
v -26.923077 -2.162911 -515.011780
v -25.384615 -2.134546 -515.011780
v -23.846153 -2.108517 -515.011780
v -22.307692 -2.085042 -515.011780
v -20.769230 -2.064281 -515.011780
v -19.230770 -2.046328 -515.011780
v -17.692308 -2.031213 -515.011780
v -16.153847 -2.018902 -515.011780
v -14.615385 -2.009296 -515.011780
v -13.076923 -2.002236 -515.011780
v -11.538462 -1.997498 -515.011780
v -10.000000 -1.994805 -515.011780
v -8.461538 -1.993822 -515.011780
v -6.923077 -1.994170 -515.011780
v -5.384615 -1.995422 -515.011780
v -3.846154 -1.997118 -515.011780
v -2.307692 -1.998762 -515.011780
v -0.769231 -1.999840 -515.011780
v 0.769231 -1.999820 -515.011780
v 2.307692 -1.998217 -515.011780
v 3.846154 -1.994630 -515.011780
v 5.384615 -1.988708 -515.011780
v 6.923077 -1.980154 -515.011780
v 8.461538 -1.968730 -515.011780
v 10.000000 -1.954257 -515.011780
v 11.538462 -1.936620 -515.011780
v 13.076923 -1.915765 -515.011780
v 14.615385 -1.891702 -515.011780
v 16.153847 -1.864504 -515.011780
v 17.692308 -1.834302 -515.011780
v 19.230770 -1.801287 -515.011780
v 20.769230 -1.765703 -515.011780
v 22.307692 -1.727845 -515.011780
v 23.846153 -1.688054 -515.011780
v 25.384615 -1.646713 -515.011780
v 26.923077 -1.604238 -515.011780
v 28.461538 -1.561076 -515.011780
v 30.000000 -1.517695 -515.011780
v -30.000000 -2.198977 -516.517639
v -28.461538 -2.168009 -516.517639
v -26.923077 -2.138971 -516.517639
v -25.384615 -2.112167 -516.517639
v -23.846153 -2.087841 -516.517639
v -22.307692 -2.066179 -516.517639
v -20.769230 -2.047304 -516.517639
v -19.230770 -2.031276 -516.517639
v -17.692308 -2.018088 -516.517639
v -16.153847 -2.007672 -516.517639
v -14.615385 -1.999897 -516.517639
v -13.076923 -1.994570 -516.517639
v -11.538462 -1.991441 -516.517639
v -10.000000 -1.990203 -516.517639
v -8.461538 -1.990502 -516.517639
v -6.923077 -1.991938 -516.517639
v -5.384615 -1.994072 -516.517639
v -3.846154 -1.996431 -516.517639
v -2.307692 -1.998517 -516.517639
v -0.769231 -1.999813 -516.517639
v 0.769231 -1.999793 -516.517639
v 2.307692 -1.997991 -516.517639
v 3.846154 -1.994030 -516.517639
v 5.384615 -1.987590 -516.517639
v 6.923077 -1.978407 -516.517639
v 8.461538 -1.966274 -516.517639
v 10.000000 -1.951047 -516.517639
v 11.538462 -1.932643 -516.517639
v 13.076923 -1.911042 -516.517639
v 14.615385 -1.886285 -516.517639
v 16.153847 -1.858473 -516.517639
v 17.692308 -1.827764 -516.517639
v 19.230770 -1.794372 -516.517639
v 20.769230 -1.758562 -516.517639
v 22.307692 -1.720645 -516.517639
v 23.846153 -1.680975 -516.517639
v 25.384615 -1.639941 -516.517639
v 26.923077 -1.597964 -516.517639
v 28.461538 -1.555488 -516.517639
v 30.000000 -1.512977 -516.517639
v -30.000000 -2.170727 -518.023560
v -28.461538 -2.141209 -518.023560
v -26.923077 -2.113810 -518.023560
v -25.384615 -2.088800 -518.023560
v -23.846153 -2.066390 -518.023560
v -22.307692 -2.046728 -518.023560
v -20.769230 -2.029903 -518.023560
v -19.230770 -2.015937 -518.023560
v -17.692308 -2.004791 -518.023560
v -16.153847 -1.996361 -518.023560
v -14.615385 -1.990483 -518.023560
v -13.076923 -1.986935 -518.023560
v -11.538462 -1.985441 -518.023560
v -10.000000 -1.985671 -518.023560
v -8.461538 -1.987251 -518.023560
v -6.923077 -1.989766 -518.023560
v -5.384615 -1.992765 -518.023560
v -3.846154 -1.995771 -518.023560
v -2.307692 -1.998283 -518.023560
v -0.769231 -1.999787 -518.023560
v 0.769231 -1.999769 -518.023560
v 2.307692 -1.997779 -518.023560
v 3.846154 -1.993472 -518.023560
v 5.384615 -1.986559 -518.023560
v 6.923077 -1.976809 -518.023560
v 8.461538 -1.964049 -518.023560
v 10.000000 -1.948168 -518.023560
v 11.538462 -1.929116 -518.023560
v 13.076923 -1.906904 -518.023560
v 14.615385 -1.881600 -518.023560
v 16.153847 -1.853335 -518.023560
v 17.692308 -1.822290 -518.023560
v 19.230770 -1.788700 -518.023560
v 20.769230 -1.752845 -518.023560
v 22.307692 -1.715049 -518.023560
v 23.846153 -1.675675 -518.023560
v 25.384615 -1.635115 -518.023560
v 26.923077 -1.593788 -518.023560
v 28.461538 -1.552135 -518.023560
v 30.000000 -1.510606 -518.023560
v -30.000000 -2.140971 -519.529419
v -28.461538 -2.113170 -519.529419
v -26.923077 -2.087656 -519.529419
v -25.384615 -2.064662 -519.529419
v -23.846153 -2.044364 -519.529419
v -22.307692 -2.026875 -519.529419
v -20.769230 -2.012245 -519.529419
v -19.230770 -2.000463 -519.529419
v -17.692308 -1.991452 -519.529419
v -16.153847 -1.985077 -519.529419
v -14.615385 -1.981145 -519.529419
v -13.076923 -1.979406 -519.529419
v -11.538462 -1.979559 -519.529419
v -10.000000 -1.981254 -519.529419
v -8.461538 -1.984101 -519.529419
v -6.923077 -1.987674 -519.529419
v -5.384615 -1.991515 -519.529419
v -3.846154 -1.995143 -519.529419
v -2.307692 -1.998061 -519.529419
v -0.769231 -1.999763 -519.529419
v 0.769231 -1.999745 -519.529419
v 2.307692 -1.997583 -519.529419
v 3.846154 -1.992961 -519.529419
v 5.384615 -1.985624 -519.529419
v 6.923077 -1.975374 -519.529419
v 8.461538 -1.962072 -519.529419
v 10.000000 -1.945640 -519.529419
v 11.538462 -1.926058 -519.529419
v 13.076923 -1.903368 -519.529419
v 14.615385 -1.877666 -519.529419
v 16.153847 -1.849106 -519.529419
v 17.692308 -1.817889 -519.529419
v 19.230770 -1.784267 -519.529419
v 20.769230 -1.748535 -519.529419
v 22.307692 -1.711025 -519.529419
v 23.846153 -1.672101 -519.529419
v 25.384615 -1.632158 -519.529419
v 26.923077 -1.591608 -519.529419
v 28.461538 -1.550882 -519.529419
v 30.000000 -1.510416 -519.529419
v -30.000000 -2.109978 -521.035278
v -28.461538 -2.084151 -521.035278
v -26.923077 -2.060753 -521.035278
v -25.384615 -2.039982 -521.035278
v -23.846153 -2.021977 -521.035278
v -22.307692 -2.006813 -521.035278
v -20.769230 -1.994504 -521.035278
v -19.230770 -1.985003 -521.035278
v -17.692308 -1.978202 -521.035278
v -16.153847 -1.973934 -521.035278
v -14.615385 -1.971977 -521.035278
v -13.076923 -1.972057 -521.035278
v -11.538462 -1.973851 -521.035278
v -10.000000 -1.976994 -521.035278
v -8.461538 -1.981083 -521.035278
v -6.923077 -1.985682 -521.035278
v -5.384615 -1.990332 -521.035278
v -3.846154 -1.994553 -521.035278
v -2.307692 -1.997855 -521.035278
v -0.769231 -1.999741 -521.035278
v 0.769231 -1.999724 -521.035278
v 2.307692 -1.997405 -521.035278
v 3.846154 -1.992501 -521.035278
v 5.384615 -1.984791 -521.035278
v 6.923077 -1.974110 -521.035278
v 8.461538 -1.960354 -521.035278
v 10.000000 -1.943474 -521.035278
v 11.538462 -1.923483 -521.035278
v 13.076923 -1.900447 -521.035278
v 14.615385 -1.874490 -521.035278
v 16.153847 -1.845785 -521.035278
v 17.692308 -1.814551 -521.035278
v 19.230770 -1.781054 -521.035278
v 20.769230 -1.745596 -521.035278
v 22.307692 -1.708516 -521.035278
v 23.846153 -1.670176 -521.035278
v 25.384615 -1.630967 -521.035278
v 26.923077 -1.591292 -521.035278
v 28.461538 -1.551566 -521.035278
v 30.000000 -1.512211 -521.035278
v -30.000000 -2.078038 -522.541199
v -28.461538 -2.054427 -522.541199
v -26.923077 -2.033361 -522.541199
v -25.384615 -2.015002 -522.541199
v -23.846153 -1.999448 -522.541199
v -22.307692 -1.986740 -522.541199
v -20.769230 -1.976855 -522.541199
v -19.230770 -1.969713 -522.541199
v -17.692308 -1.965173 -522.541199
v -16.153847 -1.963040 -522.541199
v -14.615385 -1.963068 -522.541199
v -13.076923 -1.964959 -522.541199
v -11.538462 -1.968373 -522.541199
v -10.000000 -1.972932 -522.541199
v -8.461538 -1.978224 -522.541199
v -6.923077 -1.983809 -522.541199
v -5.384615 -1.989228 -522.541199
v -3.846154 -1.994007 -522.541199
v -2.307692 -1.997665 -522.541199
v -0.769231 -1.999721 -522.541199
v 0.769231 -1.999705 -522.541199
v 2.307692 -1.997246 -522.541199
v 3.846154 -1.992095 -522.541199
v 5.384615 -1.984066 -522.541199
v 6.923077 -1.973026 -522.541199
v 8.461538 -1.958902 -522.541199
v 10.000000 -1.941679 -522.541199
v 11.538462 -1.921395 -522.541199
v 13.076923 -1.898144 -522.541199
v 14.615385 -1.872068 -522.541199
v 16.153847 -1.843359 -522.541199
v 17.692308 -1.812252 -522.541199
v 19.230770 -1.779020 -522.541199
v 20.769230 -1.743971 -522.541199
v 22.307692 -1.707444 -522.541199
v 23.846153 -1.669798 -522.541199
v 25.384615 -1.631413 -522.541199
v 26.923077 -1.592680 -522.541199
v 28.461538 -1.553998 -522.541199
v 30.000000 -1.515764 -522.541199
v -30.000000 -2.045461 -524.047058
v -28.461538 -2.024290 -524.047058
v -26.923077 -2.005751 -524.047058
v -25.384615 -1.989968 -524.047058
v -23.846153 -1.977002 -524.047058
v -22.307692 -1.966856 -524.047058
v -20.769230 -1.959475 -524.047058
v -19.230770 -1.954744 -524.047058
v -17.692308 -1.952495 -524.047058
v -16.153847 -1.952505 -524.047058
v -14.615385 -1.954505 -524.047058
v -13.076923 -1.958181 -524.047058
v -11.538462 -1.963177 -524.047058
v -10.000000 -1.969107 -524.047058
v -8.461538 -1.975551 -524.047058
v -6.923077 -1.982072 -524.047058
v -5.384615 -1.988212 -524.047058
v -3.846154 -1.993509 -524.047058
v -2.307692 -1.997494 -524.047058
v -0.769231 -1.999703 -524.047058
v 0.769231 -1.999689 -524.047058
v 2.307692 -1.997107 -524.047058
v 3.846154 -1.991746 -524.047058
v 5.384615 -1.983451 -524.047058
v 6.923077 -1.972124 -524.047058
v 8.461538 -1.957722 -524.047058
v 10.000000 -1.940258 -524.047058
v 11.538462 -1.919796 -524.047058
v 13.076923 -1.896451 -524.047058
v 14.615385 -1.870385 -524.047058
v 16.153847 -1.841804 -524.047058
v 17.692308 -1.810953 -524.047058
v 19.230770 -1.778110 -524.047058
v 20.769230 -1.743585 -524.047058
v 22.307692 -1.707712 -524.047058
v 23.846153 -1.670843 -524.047058
v 25.384615 -1.633345 -524.047058
v 26.923077 -1.595592 -524.047058
v 28.461538 -1.557961 -524.047058
v 30.000000 -1.520827 -524.047058
v -30.000000 -2.012569 -525.552917
v -28.461538 -1.994040 -525.552917
v -26.923077 -1.978200 -525.552917
v -25.384615 -1.965133 -525.552917
v -23.846153 -1.954865 -525.552917
v -22.307692 -1.947363 -525.552917
v -20.769230 -1.942538 -525.552917
v -19.230770 -1.940247 -525.552917
v -17.692308 -1.940293 -525.552917
v -16.153847 -1.942431 -525.552917
v -14.615385 -1.946373 -525.552917
v -13.076923 -1.951789 -525.552917
v -11.538462 -1.958313 -525.552917
v -10.000000 -1.965552 -525.552917
v -8.461538 -1.973088 -525.552917
v -6.923077 -1.980484 -525.552917
v -5.384615 -1.987293 -525.552917
v -3.846154 -1.993063 -525.552917
v -2.307692 -1.997342 -525.552917
v -0.769231 -1.999687 -525.552917
v 0.769231 -1.999674 -525.552917
v 2.307692 -1.996990 -525.552917
v 3.846154 -1.991455 -525.552917
v 5.384615 -1.982950 -525.552917
v 6.923077 -1.971408 -525.552917
v 8.461538 -1.956814 -525.552917
v 10.000000 -1.939207 -525.552917
v 11.538462 -1.918676 -525.552917
v 13.076923 -1.895353 -525.552917
v 14.615385 -1.869416 -525.552917
v 16.153847 -1.841082 -525.552917
v 17.692308 -1.810600 -525.552917
v 19.230770 -1.778252 -525.552917
v 20.769230 -1.744344 -525.552917
v 22.307692 -1.709203 -525.552917
v 23.846153 -1.673168 -525.552917
v 25.384615 -1.636590 -525.552917
v 26.923077 -1.599823 -525.552917
v 28.461538 -1.563221 -525.552917
v 30.000000 -1.527131 -525.552917
v -30.000000 -1.979695 -527.058838
v -28.461538 -1.963984 -527.058838
v -26.923077 -1.950987 -527.058838
v -25.384615 -1.940750 -527.058838
v -23.846153 -1.933261 -527.058838
v -22.307692 -1.928456 -527.058838
v -20.769230 -1.926215 -527.058838
v -19.230770 -1.926365 -527.058838
v -17.692308 -1.928687 -527.058838
v -16.153847 -1.932916 -527.058838
v -14.615385 -1.938748 -527.058838
v -13.076923 -1.945841 -527.058838
v -11.538462 -1.953824 -527.058838
v -10.000000 -1.962301 -527.058838
v -8.461538 -1.970856 -527.058838
v -6.923077 -1.979060 -527.058838
v -5.384615 -1.986478 -527.058838
v -3.846154 -1.992672 -527.058838
v -2.307692 -1.997211 -527.058838
v -0.769231 -1.999674 -527.058838
v 0.769231 -1.999662 -527.058838
v 2.307692 -1.996893 -527.058838
v 3.846154 -1.991223 -527.058838
v 5.384615 -1.982563 -527.058838
v 6.923077 -1.970875 -527.058838
v 8.461538 -1.956173 -527.058838
v 10.000000 -1.938519 -527.058838
v 11.538462 -1.918021 -527.058838
v 13.076923 -1.894827 -527.058838
v 14.615385 -1.869126 -527.058838
v 16.153847 -1.841142 -527.058838
v 17.692308 -1.811127 -527.058838
v 19.230770 -1.779360 -527.058838
v 20.769230 -1.746140 -527.058838
v 22.307692 -1.711782 -527.058838
v 23.846153 -1.676612 -527.058838
v 25.384615 -1.640959 -527.058838
v 26.923077 -1.605154 -527.058838
v 28.461538 -1.569526 -527.058838
v 30.000000 -1.534392 -527.058838
v -30.000000 -1.947174 -528.564697
v -28.461538 -1.934430 -528.564697
v -26.923077 -1.924390 -528.564697
v -25.384615 -1.917065 -528.564697
v -23.846153 -1.912410 -528.564697
v -22.307692 -1.910326 -528.564697
v -20.769230 -1.910666 -528.564697
v -19.230770 -1.913234 -528.564697
v -17.692308 -1.917789 -528.564697
v -16.153847 -1.924050 -528.564697
v -14.615385 -1.931700 -528.564697
v -13.076923 -1.940391 -528.564697
v -11.538462 -1.949749 -528.564697
v -10.000000 -1.959379 -528.564697
v -8.461538 -1.968872 -528.564697
v -6.923077 -1.977810 -528.564697
v -5.384615 -1.985772 -528.564697
v -3.846154 -1.992339 -528.564697
v -2.307692 -1.997101 -528.564697
v -0.769231 -1.999663 -528.564697
v 0.769231 -1.999652 -528.564697
v 2.307692 -1.996819 -528.564697
v 3.846154 -1.991050 -528.564697
v 5.384615 -1.982288 -528.564697
v 6.923077 -1.970523 -528.564697
v 8.461538 -1.955794 -528.564697
v 10.000000 -1.938181 -528.564697
v 11.538462 -1.917809 -528.564697
v 13.076923 -1.894840 -528.564697
v 14.615385 -1.869470 -528.564697
v 16.153847 -1.841925 -528.564697
v 17.692308 -1.812455 -528.564697
v 19.230770 -1.781334 -528.564697
v 20.769230 -1.748851 -528.564697
v 22.307692 -1.715304 -528.564697
v 23.846153 -1.681000 -528.564697
v 25.384615 -1.646248 -528.564697
v 26.923077 -1.611352 -528.564697
v 28.461538 -1.576611 -528.564697
v 30.000000 -1.542313 -528.564697
v -30.000000 -1.915342 -530.070618
v -28.461538 -1.905681 -530.070618
v -26.923077 -1.898683 -530.070618
v -25.384615 -1.894321 -530.070618
v -23.846153 -1.892520 -530.070618
v -22.307692 -1.893153 -530.070618
v -20.769230 -1.896045 -530.070618
v -19.230770 -1.900981 -530.070618
v -17.692308 -1.907702 -530.070618
v -16.153847 -1.915914 -530.070618
v -14.615385 -1.925293 -530.070618
v -13.076923 -1.935486 -530.070618
v -11.538462 -1.946121 -530.070618
v -10.000000 -1.956810 -530.070618
v -8.461538 -1.967151 -530.070618
v -6.923077 -1.976743 -530.070618
v -5.384615 -1.985179 -530.070618
v -3.846154 -1.992065 -530.070618
v -2.307692 -1.997013 -530.070618
v -0.769231 -1.999654 -530.070618
v 0.769231 -1.999645 -530.070618
v 2.307692 -1.996765 -530.070618
v 3.846154 -1.990935 -530.070618
v 5.384615 -1.982123 -530.070618
v 6.923077 -1.970346 -530.070618
v 8.461538 -1.955663 -530.070618
v 10.000000 -1.938174 -530.070618
v 11.538462 -1.918014 -530.070618
v 13.076923 -1.895354 -530.070618
v 14.615385 -1.870394 -530.070618
v 16.153847 -1.843359 -530.070618
v 17.692308 -1.814495 -530.070618
v 19.230770 -1.784064 -530.070618
v 20.769230 -1.752340 -530.070618
v 22.307692 -1.719606 -530.070618
v 23.846153 -1.686145 -530.070618
v 25.384615 -1.652241 -530.070618
v 26.923077 -1.618172 -530.070618
v 28.461538 -1.584205 -530.070618
v 30.000000 -1.550596 -530.070618
v -30.000000 -1.884529 -531.576477
v -28.461538 -1.878034 -531.576477
v -26.923077 -1.874126 -531.576477
v -25.384615 -1.872747 -531.576477
v -23.846153 -1.873791 -531.576477
v -22.307692 -1.877104 -531.576477
v -20.769230 -1.882493 -531.576477
v -19.230770 -1.889721 -531.576477
v -17.692308 -1.898517 -531.576477
v -16.153847 -1.908580 -531.576477
v -14.615385 -1.919580 -531.576477
v -13.076923 -1.931165 -531.576477
v -11.538462 -1.942968 -531.576477
v -10.000000 -1.954610 -531.576477
v -8.461538 -1.965704 -531.576477
v -6.923077 -1.975862 -531.576477
v -5.384615 -1.984703 -531.576477
v -3.846154 -1.991851 -531.576477
v -2.307692 -1.996947 -531.576477
v -0.769231 -1.999648 -531.576477
v 0.769231 -1.999640 -531.576477
v 2.307692 -1.996733 -531.576477
v 3.846154 -1.990876 -531.576477
v 5.384615 -1.982064 -531.576477
v 6.923077 -1.970336 -531.576477
v 8.461538 -1.955768 -531.576477
v 10.000000 -1.938475 -531.576477
v 11.538462 -1.918602 -531.576477
v 13.076923 -1.896323 -531.576477
v 14.615385 -1.871838 -531.576477
v 16.153847 -1.845367 -531.576477
v 17.692308 -1.817147 -531.576477
v 19.230770 -1.787428 -531.576477
v 20.769230 -1.756465 -531.576477
v 22.307692 -1.724520 -531.576477
v 23.846153 -1.691852 -531.576477
v 25.384615 -1.658718 -531.576477
v 26.923077 -1.625365 -531.576477
v 28.461538 -1.592031 -531.576477
v 30.000000 -1.558939 -531.576477
v -30.000000 -1.855053 -533.082336
v -28.461538 -1.851771 -533.082336
v -26.923077 -1.850969 -533.082336
v -25.384615 -1.852557 -533.082336
v -23.846153 -1.856405 -533.082336
v -22.307692 -1.862335 -533.082336
v -20.769230 -1.870135 -533.082336
v -19.230770 -1.879555 -533.082336
v -17.692308 -1.890315 -533.082336
v -16.153847 -1.902109 -533.082336
v -14.615385 -1.914606 -533.082336
v -13.076923 -1.927460 -533.082336
v -11.538462 -1.940311 -533.082336
v -10.000000 -1.952793 -533.082336
v -8.461538 -1.964536 -533.082336
v -6.923077 -1.975173 -533.082336
v -5.384615 -1.984342 -533.082336
v -3.846154 -1.991697 -533.082336
v -2.307692 -1.996902 -533.082336
v -0.769231 -1.999644 -533.082336
v 0.769231 -1.999637 -533.082336
v 2.307692 -1.996721 -533.082336
v 3.846154 -1.990870 -533.082336
v 5.384615 -1.982105 -533.082336
v 6.923077 -1.970481 -533.082336
v 8.461538 -1.956091 -533.082336
v 10.000000 -1.939059 -533.082336
v 11.538462 -1.919534 -533.082336
v 13.076923 -1.897694 -533.082336
v 14.615385 -1.873732 -533.082336
v 16.153847 -1.847862 -533.082336
v 17.692308 -1.820306 -533.082336
v 19.230770 -1.791298 -533.082336
v 20.769230 -1.761074 -533.082336
v 22.307692 -1.729870 -533.082336
v 23.846153 -1.697920 -533.082336
v 25.384615 -1.665451 -533.082336
v 26.923077 -1.632681 -533.082336
v 28.461538 -1.599815 -533.082336
v 30.000000 -1.567043 -533.082336
v -30.000000 -1.827218 -534.588257
v -28.461538 -1.827160 -534.588257
v -26.923077 -1.829442 -534.588257
v -25.384615 -1.833950 -534.588257
v -23.846153 -1.840528 -534.588257
v -22.307692 -1.848981 -534.588257
v -20.769230 -1.859082 -534.588257
v -19.230770 -1.870571 -534.588257
v -17.692308 -1.883162 -534.588257
v -16.153847 -1.896549 -534.588257
v -14.615385 -1.910405 -534.588257
v -13.076923 -1.924392 -534.588257
v -11.538462 -1.938162 -534.588257
v -10.000000 -1.951366 -534.588257
v -8.461538 -1.963651 -534.588257
v -6.923077 -1.974674 -534.588257
v -5.384615 -1.984098 -534.588257
v -3.846154 -1.991602 -534.588257
v -2.307692 -1.996878 -534.588257
v -0.769231 -1.999643 -534.588257
v 0.769231 -1.999637 -534.588257
v 2.307692 -1.996728 -534.588257
v 3.846154 -1.990915 -534.588257
v 5.384615 -1.982238 -534.588257
v 6.923077 -1.970769 -534.588257
v 8.461538 -1.956611 -534.588257
v 10.000000 -1.939893 -534.588257
v 11.538462 -1.920769 -534.588257
v 13.076923 -1.899410 -534.588257
v 14.615385 -1.876004 -534.588257
v 16.153847 -1.850751 -534.588257
v 17.692308 -1.823859 -534.588257
v 19.230770 -1.795541 -534.588257
v 20.769230 -1.766010 -534.588257
v 22.307692 -1.735476 -534.588257
v 23.846153 -1.704145 -534.588257
v 25.384615 -1.672214 -534.588257
v 26.923077 -1.639871 -534.588257
v 28.461538 -1.607287 -534.588257
v 30.000000 -1.574623 -534.588257
v -30.000000 -1.801306 -536.094116
v -28.461538 -1.804444 -536.094116
v -26.923077 -1.809756 -536.094116
v -25.384615 -1.817102 -536.094116
v -23.846153 -1.826307 -536.094116
v -22.307692 -1.837162 -536.094116
v -20.769230 -1.849427 -536.094116
v -19.230770 -1.862839 -536.094116
v -17.692308 -1.877111 -536.094116
v -16.153847 -1.891937 -536.094116
v -14.615385 -1.907002 -536.094116
v -13.076923 -1.921976 -536.094116
v -11.538462 -1.936530 -536.094116
v -10.000000 -1.950330 -536.094116
v -8.461538 -1.963048 -536.094116
v -6.923077 -1.974364 -536.094116
v -5.384615 -1.983968 -536.094116
v -3.846154 -1.991564 -536.094116
v -2.307692 -1.996875 -536.094116
v -0.769231 -1.999643 -536.094116
v 0.769231 -1.999639 -536.094116
v 2.307692 -1.996753 -536.094116
v 3.846154 -1.991007 -536.094116
v 5.384615 -1.982456 -536.094116
v 6.923077 -1.971185 -536.094116
v 8.461538 -1.957305 -536.094116
v 10.000000 -1.940946 -536.094116
v 11.538462 -1.922259 -536.094116
v 13.076923 -1.901410 -536.094116
v 14.615385 -1.878575 -536.094116
v 16.153847 -1.853939 -536.094116
v 17.692308 -1.827691 -536.094116
v 19.230770 -1.800020 -536.094116
v 20.769230 -1.771114 -536.094116
v 22.307692 -1.741158 -536.094116
v 23.846153 -1.710326 -536.094116
v 25.384615 -1.678786 -536.094116
v 26.923077 -1.646693 -536.094116
v 28.461538 -1.614189 -536.094116
v 30.000000 -1.581402 -536.094116
v -30.000000 -1.777576 -537.599976
v -28.461538 -1.783847 -537.599976
v -26.923077 -1.792097 -537.599976
v -25.384615 -1.802167 -537.599976
v -23.846153 -1.813865 -537.599976
v -22.307692 -1.826973 -537.599976
v -20.769230 -1.841244 -537.599976
v -19.230770 -1.856414 -537.599976
v -17.692308 -1.872197 -537.599976
v -16.153847 -1.888297 -537.599976
v -14.615385 -1.904408 -537.599976
v -13.076923 -1.920218 -537.599976
v -11.538462 -1.935412 -537.599976
v -10.000000 -1.949682 -537.599976
v -8.461538 -1.962723 -537.599976
v -6.923077 -1.974238 -537.599976
v -5.384615 -1.983947 -537.599976
v -3.846154 -1.991581 -537.599976
v -2.307692 -1.996891 -537.599976
v -0.769231 -1.999646 -537.599976
v 0.769231 -1.999643 -537.599976
v 2.307692 -1.996795 -537.599976
v 3.846154 -1.991141 -537.599976
v 5.384615 -1.982749 -537.599976
v 6.923077 -1.971714 -537.599976
v 8.461538 -1.958147 -537.599976
v 10.000000 -1.942180 -537.599976
v 11.538462 -1.923956 -537.599976
v 13.076923 -1.903630 -537.599976
v 14.615385 -1.881365 -537.599976
v 16.153847 -1.857326 -537.599976
v 17.692308 -1.831681 -537.599976
v 19.230770 -1.804595 -537.599976
v 20.769230 -1.776229 -537.599976
v 22.307692 -1.746738 -537.599976
v 23.846153 -1.716267 -537.599976
v 25.384615 -1.684952 -537.599976
v 26.923077 -1.652918 -537.599976
v 28.461538 -1.620276 -537.599976
v 30.000000 -1.587127 -537.599976
v -30.000000 -1.756258 -539.105896
v -28.461538 -1.765561 -539.105896
v -26.923077 -1.776623 -539.105896
v -25.384615 -1.789272 -539.105896
v -23.846153 -1.803303 -539.105896
v -22.307692 -1.818490 -539.105896
v -20.769230 -1.834588 -539.105896
v -19.230770 -1.851331 -539.105896
v -17.692308 -1.868443 -539.105896
v -16.153847 -1.885639 -539.105896
v -14.615385 -1.902626 -539.105896
v -13.076923 -1.919112 -539.105896
v -11.538462 -1.934803 -539.105896
v -10.000000 -1.949414 -539.105896
v -8.461538 -1.962665 -539.105896
v -6.923077 -1.974289 -539.105896
v -5.384615 -1.984030 -539.105896
v -3.846154 -1.991650 -539.105896
v -2.307692 -1.996925 -539.105896
v -0.769231 -1.999651 -539.105896
v 0.769231 -1.999648 -539.105896
v 2.307692 -1.996851 -539.105896
v 3.846154 -1.991311 -539.105896
v 5.384615 -1.983107 -539.105896
v 6.923077 -1.972337 -539.105896
v 8.461538 -1.959111 -539.105896
v 10.000000 -1.943556 -539.105896
v 11.538462 -1.925807 -539.105896
v 13.076923 -1.906003 -539.105896
v 14.615385 -1.884290 -539.105896
v 16.153847 -1.860812 -539.105896
v 17.692308 -1.835713 -539.105896
v 19.230770 -1.809131 -539.105896
v 20.769230 -1.781200 -539.105896
v 22.307692 -1.752043 -539.105896
v 23.846153 -1.721777 -539.105896
v 25.384615 -1.690507 -539.105896
v 26.923077 -1.658328 -539.105896
v 28.461538 -1.625323 -539.105896
v 30.000000 -1.591563 -539.105896
v -30.000000 -1.737551 -540.611755
v -28.461538 -1.749748 -540.611755
v -26.923077 -1.763466 -540.611755
v -25.384615 -1.778518 -540.611755
v -23.846153 -1.794694 -540.611755
v -22.307692 -1.811766 -540.611755
v -20.769230 -1.829490 -540.611755
v -19.230770 -1.847608 -540.611755
v -17.692308 -1.865855 -540.611755
v -16.153847 -1.883959 -540.611755
v -14.615385 -1.901647 -540.611755
v -13.076923 -1.918646 -540.611755
v -11.538462 -1.934688 -540.611755
v -10.000000 -1.949511 -540.611755
v -8.461538 -1.962864 -540.611755
v -6.923077 -1.974507 -540.611755
v -5.384615 -1.984211 -540.611755
v -3.846154 -1.991766 -540.611755
v -2.307692 -1.996975 -540.611755
v -0.769231 -1.999657 -540.611755
v 0.769231 -1.999655 -540.611755
v 2.307692 -1.996920 -540.611755
v 3.846154 -1.991513 -540.611755
v 5.384615 -1.983519 -540.611755
v 6.923077 -1.973035 -540.611755
v 8.461538 -1.960169 -540.611755
v 10.000000 -1.945036 -540.611755
v 11.538462 -1.927760 -540.611755
v 13.076923 -1.908462 -540.611755
v 14.615385 -1.887267 -540.611755
v 16.153847 -1.864298 -540.611755
v 17.692308 -1.839670 -540.611755
v 19.230770 -1.813495 -540.611755
v 20.769230 -1.785876 -540.611755
v 22.307692 -1.756909 -540.611755
v 23.846153 -1.726679 -540.611755
v 25.384615 -1.695262 -540.611755
v 26.923077 -1.662725 -540.611755
v 28.461538 -1.629123 -540.611755
v 30.000000 -1.594505 -540.611755
v -30.000000 -1.721619 -542.117676
v -28.461538 -1.736540 -542.117676
v -26.923077 -1.752723 -542.117676
v -25.384615 -1.769976 -542.117676
v -23.846153 -1.788087 -542.117676
v -22.307692 -1.806829 -542.117676
v -20.769230 -1.825964 -542.117676
v -19.230770 -1.845246 -542.117676
v -17.692308 -1.864423 -542.117676
v -16.153847 -1.883242 -542.117676
v -14.615385 -1.901450 -542.117676
v -13.076923 -1.918799 -542.117676
v -11.538462 -1.935045 -542.117676
v -10.000000 -1.949955 -542.117676
v -8.461538 -1.963304 -542.117676
v -6.923077 -1.974879 -542.117676
v -5.384615 -1.984482 -542.117676
v -3.846154 -1.991926 -542.117676
v -2.307692 -1.997039 -542.117676
v -0.769231 -1.999665 -542.117676
v 0.769231 -1.999664 -542.117676
v 2.307692 -1.997000 -542.117676
v 3.846154 -1.991741 -542.117676
v 5.384615 -1.983973 -542.117676
v 6.923077 -1.973790 -542.117676
v 8.461538 -1.961290 -542.117676
v 10.000000 -1.946579 -542.117676
v 11.538462 -1.929760 -542.117676
v 13.076923 -1.910939 -542.117676
v 14.615385 -1.890214 -542.117676
v 16.153847 -1.867684 -542.117676
v 17.692308 -1.843438 -542.117676
v 19.230770 -1.817557 -542.117676
v 20.769230 -1.790117 -542.117676
v 22.307692 -1.761181 -542.117676
v 23.846153 -1.730808 -542.117676
v 25.384615 -1.699045 -542.117676
v 26.923077 -1.665932 -542.117676
v 28.461538 -1.631500 -542.117676
v 30.000000 -1.595776 -542.117676
v -30.000000 -1.708589 -543.623535
v -28.461538 -1.726030 -543.623535
v -26.923077 -1.744462 -543.623535
v -25.384615 -1.763690 -543.623535
v -23.846153 -1.783504 -543.623535
v -22.307692 -1.803683 -543.623535
v -20.769230 -1.824000 -543.623535
v -19.230770 -1.844224 -543.623535
v -17.692308 -1.864120 -543.623535
v -16.153847 -1.883457 -543.623535
v -14.615385 -1.902004 -543.623535
v -13.076923 -1.919540 -543.623535
v -11.538462 -1.935848 -543.623535
v -10.000000 -1.950722 -543.623535
v -8.461538 -1.963965 -543.623535
v -6.923077 -1.975393 -543.623535
v -5.384615 -1.984833 -543.623535
v -3.846154 -1.992124 -543.623535
v -2.307692 -1.997117 -543.623535
v -0.769231 -1.999675 -543.623535
v 0.769231 -1.999673 -543.623535
v 2.307692 -1.997088 -543.623535
v 3.846154 -1.991988 -543.623535
v 5.384615 -1.984457 -543.623535
v 6.923077 -1.974581 -543.623535
v 8.461538 -1.962447 -543.623535
v 10.000000 -1.948143 -543.623535
v 11.538462 -1.931756 -543.623535
v 13.076923 -1.913367 -543.623535
v 14.615385 -1.893051 -543.623535
v 16.153847 -1.870878 -543.623535
v 17.692308 -1.846910 -543.623535
v 19.230770 -1.821199 -543.623535
v 20.769230 -1.793790 -543.623535
v 22.307692 -1.764720 -543.623535
v 23.846153 -1.734018 -543.623535
v 25.384615 -1.701704 -543.623535
v 26.923077 -1.667795 -543.623535
v 28.461538 -1.632302 -543.623535
v 30.000000 -1.595233 -543.623535
v -30.000000 -1.698550 -545.129395
v -28.461538 -1.718277 -545.129395
v -26.923077 -1.738715 -545.129395
v -25.384615 -1.759670 -545.129395
v -23.846153 -1.780937 -545.129395
v -22.307692 -1.802308 -545.129395
v -20.769230 -1.823569 -545.129395
v -19.230770 -1.844506 -545.129395
v -17.692308 -1.864907 -545.129395
v -16.153847 -1.884563 -545.129395
v -14.615385 -1.903270 -545.129395
v -13.076923 -1.920833 -545.129395
v -11.538462 -1.937064 -545.129395
v -10.000000 -1.951784 -545.129395
v -8.461538 -1.964826 -545.129395
v -6.923077 -1.976032 -545.129395
v -5.384615 -1.985254 -545.129395
v -3.846154 -1.992354 -545.129395
v -2.307692 -1.997205 -545.129395
v -0.769231 -1.999685 -545.129395
v 0.769231 -1.999684 -545.129395
v 2.307692 -1.997182 -545.129395
v 3.846154 -1.992249 -545.129395
v 5.384615 -1.984959 -545.129395
v 6.923077 -1.975388 -545.129395
v 8.461538 -1.963608 -545.129395
v 10.000000 -1.949689 -545.129395
v 11.538462 -1.933695 -545.129395
v 13.076923 -1.915683 -545.129395
v 14.615385 -1.895701 -545.129395
v 16.153847 -1.873791 -545.129395
v 17.692308 -1.849986 -545.129395
v 19.230770 -1.824310 -545.129395
v 20.769230 -1.796778 -545.129395
v 22.307692 -1.767400 -545.129395
v 23.846153 -1.736178 -545.129395
v 25.384615 -1.703110 -545.129395
v 26.923077 -1.668190 -545.129395
v 28.461538 -1.631411 -545.129395
v 30.000000 -1.592767 -545.129395
v -30.000000 -1.691549 -546.635315
v -28.461538 -1.713303 -546.635315
v -26.923077 -1.735482 -546.635315
v -25.384615 -1.757897 -546.635315
v -23.846153 -1.780355 -546.635315
v -22.307692 -1.802661 -546.635315
v -20.769230 -1.824619 -546.635315
v -19.230770 -1.846038 -546.635315
v -17.692308 -1.866728 -546.635315
v -16.153847 -1.886506 -546.635315
v -14.615385 -1.905197 -546.635315
v -13.076923 -1.922632 -546.635315
v -11.538462 -1.938654 -546.635315
v -10.000000 -1.953111 -546.635315
v -8.461538 -1.965863 -546.635315
v -6.923077 -1.976779 -546.635315
v -5.384615 -1.985734 -546.635315
v -3.846154 -1.992611 -546.635315
v -2.307692 -1.997301 -546.635315
v -0.769231 -1.999696 -546.635315
v 0.769231 -1.999695 -546.635315
v 2.307692 -1.997281 -546.635315
v 3.846154 -1.992516 -546.635315
v 5.384615 -1.985466 -546.635315
v 6.923077 -1.976191 -546.635315
v 8.461538 -1.964746 -546.635315
v 10.000000 -1.951179 -546.635315
v 11.538462 -1.935528 -546.635315
v 13.076923 -1.917826 -546.635315
v 14.615385 -1.898093 -546.635315
v 16.153847 -1.876341 -546.635315
v 17.692308 -1.852576 -546.635315
v 19.230770 -1.826791 -546.635315
v 20.769230 -1.798976 -546.635315
v 22.307692 -1.769114 -546.635315
v 23.846153 -1.737182 -546.635315
v 25.384615 -1.703158 -546.635315
v 26.923077 -1.667018 -546.635315
v 28.461538 -1.628741 -546.635315
v 30.000000 -1.588308 -546.635315
v -30.000000 -1.687594 -548.141174
v -28.461538 -1.711093 -548.141174
v -26.923077 -1.734729 -548.141174
v -25.384615 -1.758323 -548.141174
v -23.846153 -1.781697 -548.141174
v -22.307692 -1.804675 -548.141174
v -20.769230 -1.827081 -548.141174
v -19.230770 -1.848749 -548.141174
v -17.692308 -1.869514 -548.141174
v -16.153847 -1.889223 -548.141174
v -14.615385 -1.907727 -548.141174
v -13.076923 -1.924888 -548.141174
v -11.538462 -1.940575 -548.141174
v -10.000000 -1.954667 -548.141174
v -8.461538 -1.967050 -548.141174
v -6.923077 -1.977615 -548.141174
v -5.384615 -1.986261 -548.141174
v -3.846154 -1.992889 -548.141174
v -2.307692 -1.997403 -548.141174
v -0.769231 -1.999707 -548.141174
v 0.769231 -1.999707 -548.141174
v 2.307692 -1.997381 -548.141174
v 3.846154 -1.992784 -548.141174
v 5.384615 -1.985966 -548.141174
v 6.923077 -1.976972 -548.141174
v 8.461538 -1.965833 -548.141174
v 10.000000 -1.952574 -548.141174
v 11.538462 -1.937208 -548.141174
v 13.076923 -1.919739 -548.141174
v 14.615385 -1.900160 -548.141174
v 16.153847 -1.878454 -548.141174
v 17.692308 -1.854597 -548.141174
v 19.230770 -1.828557 -548.141174
v 20.769230 -1.800296 -548.141174
v 22.307692 -1.769773 -548.141174
v 23.846153 -1.736946 -548.141174
v 25.384615 -1.701772 -548.141174
v 26.923077 -1.664214 -548.141174
v 28.461538 -1.624239 -548.141174
v 30.000000 -1.581824 -548.141174
v -30.000000 -1.686652 -549.647034
v -28.461538 -1.711595 -549.647034
v -26.923077 -1.736389 -549.647034
v -25.384615 -1.760870 -549.647034
v -23.846153 -1.784879 -549.647034
v -22.307692 -1.808261 -549.647034
v -20.769230 -1.830867 -549.647034
v -19.230770 -1.852553 -549.647034
v -17.692308 -1.873185 -549.647034
v -16.153847 -1.892638 -549.647034
v -14.615385 -1.910794 -549.647034
v -13.076923 -1.927542 -549.647034
v -11.538462 -1.942781 -549.647034
v -10.000000 -1.956417 -549.647034
v -8.461538 -1.968359 -549.647034
v -6.923077 -1.978522 -549.647034
v -5.384615 -1.986824 -549.647034
v -3.846154 -1.993181 -549.647034
v -2.307692 -1.997509 -549.647034
v -0.769231 -1.999719 -549.647034
v 0.769231 -1.999718 -549.647034
v 2.307692 -1.997480 -549.647034
v 3.846154 -1.993046 -549.647034
v 5.384615 -1.986449 -549.647034
v 6.923077 -1.977710 -549.647034
v 8.461538 -1.966842 -549.647034
v 10.000000 -1.953840 -549.647034
v 11.538462 -1.938692 -549.647034
v 13.076923 -1.921372 -549.647034
v 14.615385 -1.901845 -549.647034
v 16.153847 -1.880066 -549.647034
v 17.692308 -1.855983 -549.647034
v 19.230770 -1.829537 -549.647034
v 20.769230 -1.800668 -549.647034
v 22.307692 -1.769312 -549.647034
v 23.846153 -1.735409 -549.647034
v 25.384615 -1.698902 -549.647034
v 26.923077 -1.659742 -549.647034
v 28.461538 -1.617890 -549.647034
v 30.000000 -1.573320 -549.647034
v -30.000000 -1.688651 -551.152954
v -28.461538 -1.714720 -551.152954
v -26.923077 -1.740362 -551.152954
v -25.384615 -1.765432 -551.152954
v -23.846153 -1.789792 -551.152954
v -22.307692 -1.813312 -551.152954
v -20.769230 -1.835870 -551.152954
v -19.230770 -1.857350 -551.152954
v -17.692308 -1.877649 -551.152954
v -16.153847 -1.896670 -551.152954
v -14.615385 -1.914325 -551.152954
v -13.076923 -1.930534 -551.152954
v -11.538462 -1.945222 -551.152954
v -10.000000 -1.958320 -551.152954
v -8.461538 -1.969761 -551.152954
v -6.923077 -1.979479 -551.152954
v -5.384615 -1.987410 -551.152954
v -3.846154 -1.993481 -551.152954
v -2.307692 -1.997617 -551.152954
v -0.769231 -1.999731 -551.152954
v 0.769231 -1.999729 -551.152954
v 2.307692 -1.997577 -551.152954
v 3.846154 -1.993296 -551.152954
v 5.384615 -1.986902 -551.152954
v 6.923077 -1.978391 -551.152954
v 8.461538 -1.967749 -551.152954
v 10.000000 -1.954946 -551.152954
v 11.538462 -1.939941 -551.152954
v 13.076923 -1.922679 -551.152954
v 14.615385 -1.903097 -551.152954
v 16.153847 -1.881122 -551.152954
v 17.692308 -1.856675 -551.152954
v 19.230770 -1.829675 -551.152954
v 20.769230 -1.800039 -551.152954
v 22.307692 -1.767684 -551.152954
v 23.846153 -1.732536 -551.152954
v 25.384615 -1.694527 -551.152954
v 26.923077 -1.653599 -551.152954
v 28.461538 -1.609713 -551.152954
v 30.000000 -1.562844 -551.152954
v -30.000000 -1.693478 -552.658813
v -28.461538 -1.720346 -552.658813
v -26.923077 -1.746520 -552.658813
v -25.384615 -1.771877 -552.658813
v -23.846153 -1.796305 -552.658813
v -22.307692 -1.819701 -552.658813
v -20.769230 -1.841970 -552.658813
v -19.230770 -1.863030 -552.658813
v -17.692308 -1.882805 -552.658813
v -16.153847 -1.901229 -552.658813
v -14.615385 -1.918245 -552.658813
v -13.076923 -1.933800 -552.658813
v -11.538462 -1.947845 -552.658813
v -10.000000 -1.960335 -552.658813
v -8.461538 -1.971225 -552.658813
v -6.923077 -1.980467 -552.658813
v -5.384615 -1.988006 -552.658813
v -3.846154 -1.993782 -552.658813
v -2.307692 -1.997723 -552.658813
v -0.769231 -1.999742 -552.658813
v 0.769231 -1.999740 -552.658813
v 2.307692 -1.997668 -552.658813
v 3.846154 -1.993530 -552.658813
v 5.384615 -1.987315 -552.658813
v 6.923077 -1.978996 -552.658813
v 8.461538 -1.968532 -552.658813
v 10.000000 -1.955864 -552.658813
v 11.538462 -1.940921 -552.658813
v 13.076923 -1.923622 -552.658813
v 14.615385 -1.903874 -552.658813
v 16.153847 -1.881579 -552.658813
v 17.692308 -1.856633 -552.658813
v 19.230770 -1.828933 -552.658813
v 20.769230 -1.798377 -552.658813
v 22.307692 -1.764869 -552.658813
v 23.846153 -1.728320 -552.658813
v 25.384615 -1.688655 -552.658813
v 26.923077 -1.645817 -552.658813
v 28.461538 -1.599764 -552.658813
v 30.000000 -1.550479 -552.658813
v -30.000000 -1.700986 -554.164734
v -28.461538 -1.728319 -554.164734
v -26.923077 -1.754705 -554.164734
v -25.384615 -1.780050 -554.164734
v -23.846153 -1.804267 -554.164734
v -22.307692 -1.827283 -554.164734
v -20.769230 -1.849034 -554.164734
v -19.230770 -1.869468 -554.164734
v -17.692308 -1.888542 -554.164734
v -16.153847 -1.906219 -554.164734
v -14.615385 -1.922470 -554.164734
v -13.076923 -1.937271 -554.164734
v -11.538462 -1.950596 -554.164734
v -10.000000 -1.962423 -554.164734
v -8.461538 -1.972723 -554.164734
v -6.923077 -1.981464 -554.164734
v -5.384615 -1.988601 -554.164734
v -3.846154 -1.994079 -554.164734
v -2.307692 -1.997826 -554.164734
v -0.769231 -1.999753 -554.164734
v 0.769231 -1.999751 -554.164734
v 2.307692 -1.997753 -554.164734
v 3.846154 -1.993741 -554.164734
v 5.384615 -1.987679 -554.164734
v 6.923077 -1.979512 -554.164734
v 8.461538 -1.969171 -554.164734
v 10.000000 -1.956569 -554.164734
v 11.538462 -1.941605 -554.164734
v 13.076923 -1.924170 -554.164734
v 14.615385 -1.904145 -554.164734
v 16.153847 -1.881406 -554.164734
v 17.692308 -1.855829 -554.164734
v 19.230770 -1.827290 -554.164734
v 20.769230 -1.795672 -554.164734
v 22.307692 -1.760866 -554.164734
v 23.846153 -1.722777 -554.164734
v 25.384615 -1.681327 -554.164734
v 26.923077 -1.636456 -554.164734
v 28.461538 -1.588133 -554.164734
v 30.000000 -1.536349 -554.164734
v -30.000000 -1.710991 -555.670593
v -28.461538 -1.738453 -555.670593
v -26.923077 -1.764736 -555.670593
v -25.384615 -1.789773 -555.670593
v -23.846153 -1.813509 -555.670593
v -22.307692 -1.835900 -555.670593
v -20.769230 -1.856916 -555.670593
v -19.230770 -1.876536 -555.670593
v -17.692308 -1.894745 -555.670593
v -16.153847 -1.911540 -555.670593
v -14.615385 -1.926918 -555.670593
v -13.076923 -1.940878 -555.670593
v -11.538462 -1.953421 -555.670593
v -10.000000 -1.964540 -555.670593
v -8.461538 -1.974225 -555.670593
v -6.923077 -1.982451 -555.670593
v -5.384615 -1.989182 -555.670593
v -3.846154 -1.994365 -555.670593
v -2.307692 -1.997925 -555.670593
v -0.769231 -1.999764 -555.670593
v 0.769231 -1.999760 -555.670593
v 2.307692 -1.997829 -555.670593
v 3.846154 -1.993925 -555.670593
v 5.384615 -1.987985 -555.670593
v 6.923077 -1.979928 -555.670593
v 8.461538 -1.969652 -555.670593
v 10.000000 -1.957042 -555.670593
v 11.538462 -1.941971 -555.670593
v 13.076923 -1.924300 -555.670593
v 14.615385 -1.903887 -555.670593
v 16.153847 -1.880585 -555.670593
v 17.692308 -1.854250 -555.670593
v 19.230770 -1.824742 -555.670593
v 20.769230 -1.791931 -555.670593
v 22.307692 -1.755701 -555.670593
v 23.846153 -1.715952 -555.670593
v 25.384615 -1.672607 -555.670593
v 26.923077 -1.625612 -555.670593
v 28.461538 -1.574943 -555.670593
v 30.000000 -1.520609 -555.670593
v -30.000000 -1.723280 -557.176453
v -28.461538 -1.750538 -557.176453
v -26.923077 -1.776407 -557.176453
v -25.384615 -1.800852 -557.176453
v -23.846153 -1.823848 -557.176453
v -22.307692 -1.845385 -557.176453
v -20.769230 -1.865463 -557.176453
v -19.230770 -1.884094 -557.176453
v -17.692308 -1.901296 -557.176453
v -16.153847 -1.917090 -557.176453
v -14.615385 -1.931502 -557.176453
v -13.076923 -1.944553 -557.176453
v -11.538462 -1.956265 -557.176453
v -10.000000 -1.966647 -557.176453
v -8.461538 -1.975700 -557.176453
v -6.923077 -1.983408 -557.176453
v -5.384615 -1.989738 -557.176453
v -3.846154 -1.994634 -557.176453
v -2.307692 -1.998016 -557.176453
v -0.769231 -1.999773 -557.176453
v 0.769231 -1.999768 -557.176453
v 2.307692 -1.997894 -557.176453
v 3.846154 -1.994077 -557.176453
v 5.384615 -1.988227 -557.176453
v 6.923077 -1.980231 -557.176453
v 8.461538 -1.969959 -557.176453
v 10.000000 -1.957268 -557.176453
v 11.538462 -1.942002 -557.176453
v 13.076923 -1.923998 -557.176453
v 14.615385 -1.903089 -557.176453
v 16.153847 -1.879110 -557.176453
v 17.692308 -1.851899 -557.176453
v 19.230770 -1.821303 -557.176453
v 20.769230 -1.787184 -557.176453
v 22.307692 -1.749421 -557.176453
v 23.846153 -1.707914 -557.176453
v 25.384615 -1.662590 -557.176453
v 26.923077 -1.613406 -557.176453
v 28.461538 -1.560351 -557.176453
v 30.000000 -1.503451 -557.176453
v -30.000000 -1.737609 -558.682373
v -28.461538 -1.764338 -558.682373
v -26.923077 -1.789495 -558.682373
v -25.384615 -1.813075 -558.682373
v -23.846153 -1.835088 -558.682373
v -22.307692 -1.855557 -558.682373
v -20.769230 -1.874515 -558.682373
v -19.230770 -1.892004 -558.682373
v -17.692308 -1.908071 -558.682373
v -16.153847 -1.922766 -558.682373
v -14.615385 -1.936136 -558.682373
v -13.076923 -1.948228 -558.682373
v -11.538462 -1.959075 -558.682373
v -10.000000 -1.968704 -558.682373
v -8.461538 -1.977122 -558.682373
v -6.923077 -1.984318 -558.682373
v -5.384615 -1.990258 -558.682373
v -3.846154 -1.994882 -558.682373
v -2.307692 -1.998097 -558.682373
v -0.769231 -1.999781 -558.682373
v 0.769231 -1.999776 -558.682373
v 2.307692 -1.997947 -558.682373
v 3.846154 -1.994196 -558.682373
v 5.384615 -1.988399 -558.682373
v 6.923077 -1.980415 -558.682373
v 8.461538 -1.970085 -558.682373
v 10.000000 -1.957237 -558.682373
v 11.538462 -1.941690 -558.682373
v 13.076923 -1.923257 -558.682373
v 14.615385 -1.901750 -558.682373
v 16.153847 -1.876987 -558.682373
v 17.692308 -1.848793 -558.682373
v 19.230770 -1.817005 -558.682373
v 20.769230 -1.781480 -558.682373
v 22.307692 -1.742096 -558.682373
v 23.846153 -1.698757 -558.682373
v 25.384615 -1.651399 -558.682373
v 26.923077 -1.599991 -558.682373
v 28.461538 -1.544541 -558.682373
v 30.000000 -1.485097 -558.682373
v -30.000000 -1.753714 -560.188232
v -28.461538 -1.779600 -560.188232
v -26.923077 -1.803759 -560.188232
v -25.384615 -1.826220 -560.188232
v -23.846153 -1.847026 -560.188232
v -22.307692 -1.866234 -560.188232
v -20.769230 -1.883908 -560.188232
v -19.230770 -1.900122 -560.188232
v -17.692308 -1.914948 -560.188232
v -16.153847 -1.928464 -560.188232
v -14.615385 -1.940738 -560.188232
v -13.076923 -1.951834 -560.188232
v -11.538462 -1.961800 -560.188232
v -10.000000 -1.970672 -560.188232
v -8.461538 -1.978464 -560.188232
v -6.923077 -1.985163 -560.188232
v -5.384615 -1.990733 -560.188232
v -3.846154 -1.995103 -560.188232
v -2.307692 -1.998169 -560.188232
v -0.769231 -1.999788 -560.188232
v 0.769231 -1.999781 -560.188232
v 2.307692 -1.997988 -560.188232
v 3.846154 -1.994277 -560.188232
v 5.384615 -1.988496 -560.188232
v 6.923077 -1.980474 -560.188232
v 8.461538 -1.970022 -560.188232
v 10.000000 -1.956944 -560.188232
v 11.538462 -1.941032 -560.188232
v 13.076923 -1.922080 -560.188232
v 14.615385 -1.899881 -560.188232
v 16.153847 -1.874238 -560.188232
v 17.692308 -1.844966 -560.188232
v 19.230770 -1.811898 -560.188232
v 20.769230 -1.774887 -560.188232
v 22.307692 -1.733816 -560.188232
v 23.846153 -1.688597 -560.188232
v 25.384615 -1.639177 -560.188232
v 26.923077 -1.585543 -560.188232
v 28.461538 -1.527724 -560.188232
v 30.000000 -1.465792 -560.188232
v -30.000000 -1.771307 -561.694092
v -28.461538 -1.796053 -561.694092
v -26.923077 -1.818948 -561.694092
v -25.384615 -1.840055 -561.694092
v -23.846153 -1.859452 -561.694092
v -22.307692 -1.877227 -561.694092
v -20.769230 -1.893478 -561.694092
v -19.230770 -1.908304 -561.694092
v -17.692308 -1.921807 -561.694092
v -16.153847 -1.934085 -561.694092
v -14.615385 -1.945225 -561.694092
v -13.076923 -1.955308 -561.694092
v -11.538462 -1.964392 -561.694092
v -10.000000 -1.972518 -561.694092
v -8.461538 -1.979701 -561.694092
v -6.923077 -1.985928 -561.694092
v -5.384615 -1.991153 -561.694092
v -3.846154 -1.995294 -561.694092
v -2.307692 -1.998228 -561.694092
v -0.769231 -1.999794 -561.694092
v 0.769231 -1.999786 -561.694092
v 2.307692 -1.998015 -561.694092
v 3.846154 -1.994319 -561.694092
v 5.384615 -1.988516 -561.694092
v 6.923077 -1.980404 -561.694092
v 8.461538 -1.969770 -561.694092
v 10.000000 -1.956389 -561.694092
v 11.538462 -1.940034 -561.694092
v 13.076923 -1.920478 -561.694092
v 14.615385 -1.897501 -561.694092
v 16.153847 -1.870894 -561.694092
v 17.692308 -1.840465 -561.694092
v 19.230770 -1.806046 -561.694092
v 20.769230 -1.767492 -561.694092
v 22.307692 -1.724693 -561.694092
v 23.846153 -1.677571 -561.694092
v 25.384615 -1.626092 -561.694092
v 26.923077 -1.570262 -561.694092
v 28.461538 -1.510134 -561.694092
v 30.000000 -1.445810 -561.694092
v -30.000000 -1.790087 -563.200012
v -28.461538 -1.813416 -563.200012
v -26.923077 -1.834802 -563.200012
v -25.384615 -1.854344 -563.200012
v -23.846153 -1.872153 -563.200012
v -22.307692 -1.888349 -563.200012
v -20.769230 -1.903060 -563.200012
v -19.230770 -1.916412 -563.200012
v -17.692308 -1.928530 -563.200012
v -16.153847 -1.939531 -563.200012
v -14.615385 -1.949521 -563.200012
v -13.076923 -1.958589 -563.200012
v -11.538462 -1.966804 -563.200012
v -10.000000 -1.974207 -563.200012
v -8.461538 -1.980812 -563.200012
v -6.923077 -1.986600 -563.200012
v -5.384615 -1.991512 -563.200012
v -3.846154 -1.995450 -563.200012
v -2.307692 -1.998274 -563.200012
v -0.769231 -1.999797 -563.200012
v 0.769231 -1.999788 -563.200012
v 2.307692 -1.998027 -563.200012
v 3.846154 -1.994321 -563.200012
v 5.384615 -1.988456 -563.200012
v 6.923077 -1.980206 -563.200012
v 8.461538 -1.969328 -563.200012
v 10.000000 -1.955577 -563.200012
v 11.538462 -1.938706 -563.200012
v 13.076923 -1.918471 -563.200012
v 14.615385 -1.894641 -563.200012
v 16.153847 -1.866999 -563.200012
v 17.692308 -1.835352 -563.200012
v 19.230770 -1.799530 -563.200012
v 20.769230 -1.759398 -563.200012
v 22.307692 -1.714854 -563.200012
v 23.846153 -1.665838 -563.200012
v 25.384615 -1.612333 -563.200012
v 26.923077 -1.554369 -563.200012
v 28.461538 -1.492027 -563.200012
v 30.000000 -1.425438 -563.200012
v -30.000000 -1.809743 -564.705872
v -28.461538 -1.831401 -564.705872
v -26.923077 -1.851059 -564.705872
v -25.384615 -1.868850 -564.705872
v -23.846153 -1.884919 -564.705872
v -22.307692 -1.899416 -564.705872
v -20.769230 -1.912495 -564.705872
v -19.230770 -1.924309 -564.705872
v -17.692308 -1.935004 -564.705872
v -16.153847 -1.944712 -564.705872
v -14.615385 -1.953553 -564.705872
v -13.076923 -1.961624 -564.705872
v -11.538462 -1.968996 -564.705872
v -10.000000 -1.975712 -564.705872
v -8.461538 -1.981779 -564.705872
v -6.923077 -1.987166 -564.705872
v -5.384615 -1.991802 -564.705872
v -3.846154 -1.995570 -564.705872
v -2.307692 -1.998307 -564.705872
v -0.769231 -1.999800 -564.705872
v 0.769231 -1.999789 -564.705872
v 2.307692 -1.998025 -564.705872
v 3.846154 -1.994282 -564.705872
v 5.384615 -1.988319 -564.705872
v 6.923077 -1.979881 -564.705872
v 8.461538 -1.968704 -564.705872
v 10.000000 -1.954520 -564.705872
v 11.538462 -1.937066 -564.705872
v 13.076923 -1.916087 -564.705872
v 14.615385 -1.891341 -564.705872
v 16.153847 -1.862610 -564.705872
v 17.692308 -1.829699 -564.705872
v 19.230770 -1.792446 -564.705872
v 20.769230 -1.750724 -564.705872
v 22.307692 -1.704446 -564.705872
v 23.846153 -1.653570 -564.705872
v 25.384615 -1.598103 -564.705872
v 26.923077 -1.538100 -564.705872
v 28.461538 -1.473671 -564.705872
v 30.000000 -1.404981 -564.705872
v -30.000000 -1.829957 -566.211792
v -28.461538 -1.849717 -566.211792
v -26.923077 -1.867456 -566.211792
v -25.384615 -1.883339 -566.211792
v -23.846153 -1.897543 -566.211792
v -22.307692 -1.910247 -566.211792
v -20.769230 -1.921632 -566.211792
v -19.230770 -1.931869 -566.211792
v -17.692308 -1.941124 -566.211792
v -16.153847 -1.949544 -566.211792
v -14.615385 -1.957255 -566.211792
v -13.076923 -1.964361 -566.211792
v -11.538462 -1.970933 -566.211792
v -10.000000 -1.977008 -566.211792
v -8.461538 -1.982584 -566.211792
v -6.923077 -1.987617 -566.211792
v -5.384615 -1.992019 -566.211792
v -3.846154 -1.995651 -566.211792
v -2.307692 -1.998325 -566.211792
v -0.769231 -1.999801 -566.211792
v 0.769231 -1.999789 -566.211792
v 2.307692 -1.998007 -566.211792
v 3.846154 -1.994202 -566.211792
v 5.384615 -1.988105 -566.211792
v 6.923077 -1.979434 -566.211792
v 8.461538 -1.967905 -566.211792
v 10.000000 -1.953233 -566.211792
v 11.538462 -1.935139 -566.211792
v 13.076923 -1.913361 -566.211792
v 14.615385 -1.887652 -566.211792
v 16.153847 -1.857793 -566.211792
v 17.692308 -1.823594 -566.211792
v 19.230770 -1.784901 -566.211792
v 20.769230 -1.741601 -566.211792
v 22.307692 -1.693626 -566.211792
v 23.846153 -1.640955 -566.211792
v 25.384615 -1.583619 -566.211792
v 26.923077 -1.521703 -566.211792
v 28.461538 -1.455348 -566.211792
v 30.000000 -1.384753 -566.211792
v -30.000000 -1.850412 -567.717651
v -28.461538 -1.868077 -567.717651
v -26.923077 -1.883735 -567.717651
v -25.384615 -1.897583 -567.717651
v -23.846153 -1.909827 -567.717651
v -22.307692 -1.920674 -567.717651
v -20.769230 -1.930325 -567.717651
v -19.230770 -1.938972 -567.717651
v -17.692308 -1.946795 -567.717651
v -16.153847 -1.953950 -567.717651
v -14.615385 -1.960570 -567.717651
v -13.076923 -1.966759 -567.717651
v -11.538462 -1.972584 -567.717651
v -10.000000 -1.978074 -567.717651
v -8.461538 -1.983215 -567.717651
v -6.923077 -1.987947 -567.717651
v -5.384615 -1.992159 -567.717651
v -3.846154 -1.995691 -567.717651
v -2.307692 -1.998328 -567.717651
v -0.769231 -1.999800 -567.717651
v 0.769231 -1.999786 -567.717651
v 2.307692 -1.997975 -567.717651
v 3.846154 -1.994084 -567.717651
v 5.384615 -1.987817 -567.717651
v 6.923077 -1.978872 -567.717651
v 8.461538 -1.966944 -567.717651
v 10.000000 -1.951735 -567.717651
v 11.538462 -1.932956 -567.717651
v 13.076923 -1.910337 -567.717651
v 14.615385 -1.883631 -567.717651
v 16.153847 -1.852623 -567.717651
v 17.692308 -1.817131 -567.717651
v 19.230770 -1.777014 -567.717651
v 20.769230 -1.732174 -567.717651
v 22.307692 -1.682565 -567.717651
v 23.846153 -1.628190 -567.717651
v 25.384615 -1.569109 -567.717651
v 26.923077 -1.505436 -567.717651
v 28.461538 -1.437346 -567.717651
v 30.000000 -1.365070 -567.717651
v -30.000000 -1.870792 -569.223511
v -28.461538 -1.886198 -569.223511
v -26.923077 -1.899646 -569.223511
v -25.384615 -1.911363 -569.223511
v -23.846153 -1.921584 -569.223511
v -22.307692 -1.930536 -569.223511
v -20.769230 -1.938443 -569.223511
v -19.230770 -1.945511 -569.223511
v -17.692308 -1.951930 -569.223511
v -16.153847 -1.957864 -569.223511
v -14.615385 -1.963447 -569.223511
v -13.076923 -1.968780 -569.223511
v -11.538462 -1.973924 -569.223511
v -10.000000 -1.978894 -569.223511
v -8.461538 -1.983663 -569.223511
v -6.923077 -1.988150 -569.223511
v -5.384615 -1.992221 -569.223511
v -3.846154 -1.995691 -569.223511
v -2.307692 -1.998316 -569.223511
v -0.769231 -1.999797 -569.223511
v 0.769231 -1.999782 -569.223511
v 2.307692 -1.997930 -569.223511
v 3.846154 -1.993929 -569.223511
v 5.384615 -1.987461 -569.223511
v 6.923077 -1.978204 -569.223511
v 8.461538 -1.965838 -569.223511
v 10.000000 -1.950052 -569.223511
v 11.538462 -1.930551 -569.223511
v 13.076923 -1.907063 -569.223511
v 14.615385 -1.879344 -569.223511
v 16.153847 -1.847185 -569.223511
v 17.692308 -1.810416 -569.223511
v 19.230770 -1.768911 -569.223511
v 20.769230 -1.722595 -569.223511
v 22.307692 -1.671442 -569.223511
v 23.846153 -1.615483 -569.223511
v 25.384615 -1.554807 -569.223511
v 26.923077 -1.489562 -569.223511
v 28.461538 -1.419955 -569.223511
v 30.000000 -1.346251 -569.223511
v -30.000000 -1.890794 -570.729431
v -28.461538 -1.903811 -570.729431
v -26.923077 -1.914953 -570.729431
v -25.384615 -1.924476 -570.729431
v -23.846153 -1.932638 -570.729431
v -22.307692 -1.939689 -570.729431
v -20.769230 -1.945866 -570.729431
v -19.230770 -1.951389 -570.729431
v -17.692308 -1.956454 -570.729431
v -16.153847 -1.961229 -570.729431
v -14.615385 -1.965846 -570.729431
v -13.076923 -1.970398 -570.729431
v -11.538462 -1.974935 -570.729431
v -10.000000 -1.979459 -570.729431
v -8.461538 -1.983923 -570.729431
v -6.923077 -1.988224 -570.729431
v -5.384615 -1.992205 -570.729431
v -3.846154 -1.995651 -570.729431
v -2.307692 -1.998290 -570.729431
v -0.769231 -1.999793 -570.729431
v 0.769231 -1.999777 -570.729431
v 2.307692 -1.997871 -570.729431
v 3.846154 -1.993739 -570.729431
v 5.384615 -1.987043 -570.729431
v 6.923077 -1.977442 -570.729431
v 8.461538 -1.964605 -570.729431
v 10.000000 -1.948212 -570.729431
v 11.538462 -1.927966 -570.729431
v 13.076923 -1.903595 -570.729431
v 14.615385 -1.874862 -570.729431
v 16.153847 -1.841569 -570.729431
v 17.692308 -1.803560 -570.729431
v 19.230770 -1.760729 -570.729431
v 20.769230 -1.713022 -570.729431
v 22.307692 -1.660440 -570.729431
v 23.846153 -1.603044 -570.729431
v 25.384615 -1.540951 -570.729431
v 26.923077 -1.474344 -570.729431
v 28.461538 -1.403463 -570.729431
v 30.000000 -1.328609 -570.729431
v -30.000000 -1.910129 -572.235291
v -28.461538 -1.920661 -572.235291
v -26.923077 -1.929435 -572.235291
v -25.384615 -1.936733 -572.235291
v -23.846153 -1.942833 -572.235291
v -22.307692 -1.948002 -572.235291
v -20.769230 -1.952490 -572.235291
v -19.230770 -1.956525 -572.235291
v -17.692308 -1.960307 -572.235291
v -16.153847 -1.964001 -572.235291
v -14.615385 -1.967735 -572.235291
v -13.076923 -1.971591 -572.235291
v -11.538462 -1.975605 -572.235291
v -10.000000 -1.979762 -572.235291
v -8.461538 -1.983992 -572.235291
v -6.923077 -1.988170 -572.235291
v -5.384615 -1.992110 -572.235291
v -3.846154 -1.995571 -572.235291
v -2.307692 -1.998250 -572.235291
v -0.769231 -1.999787 -572.235291
v 0.769231 -1.999770 -572.235291
v 2.307692 -1.997800 -572.235291
v 3.846154 -1.993519 -572.235291
v 5.384615 -1.986570 -572.235291
v 6.923077 -1.976600 -572.235291
v 8.461538 -1.963267 -572.235291
v 10.000000 -1.946247 -572.235291
v 11.538462 -1.925245 -572.235291
v 13.076923 -1.899993 -572.235291
v 14.615385 -1.870263 -572.235291
v 16.153847 -1.835872 -572.235291
v 17.692308 -1.796681 -572.235291
v 19.230770 -1.752607 -572.235291
v 20.769230 -1.703620 -572.235291
v 22.307692 -1.649749 -572.235291
v 23.846153 -1.591084 -572.235291
v 25.384615 -1.527777 -572.235291
v 26.923077 -1.460041 -572.235291
v 28.461538 -1.388152 -572.235291
v 30.000000 -1.312444 -572.235291
v -30.000000 -1.928523 -573.741150
v -28.461538 -1.936513 -573.741150
v -26.923077 -1.942892 -573.741150
v -25.384615 -1.947966 -573.741150
v -23.846153 -1.952030 -573.741150
v -22.307692 -1.955364 -573.741150
v -20.769230 -1.958228 -573.741150
v -19.230770 -1.960854 -573.741150
v -17.692308 -1.963440 -573.741150
v -16.153847 -1.966147 -573.741150
v -14.615385 -1.969093 -573.741150
v -13.076923 -1.972348 -573.741150
v -11.538462 -1.975930 -573.741150
v -10.000000 -1.979803 -573.741150
v -8.461538 -1.983874 -573.741150
v -6.923077 -1.987990 -573.741150
v -5.384615 -1.991941 -573.741150
v -3.846154 -1.995454 -573.741150
v -2.307692 -1.998196 -573.741150
v -0.769231 -1.999780 -573.741150
v 0.769231 -1.999762 -573.741150
v 2.307692 -1.997718 -573.741150
v 3.846154 -1.993272 -573.741150
v 5.384615 -1.986051 -573.741150
v 6.923077 -1.975692 -573.741150
v 8.461538 -1.961847 -573.741150
v 10.000000 -1.944193 -573.741150
v 11.538462 -1.922437 -573.741150
v 13.076923 -1.896320 -573.741150
v 14.615385 -1.865628 -573.741150
v 16.153847 -1.830194 -573.741150
v 17.692308 -1.789900 -573.741150
v 19.230770 -1.744687 -573.741150
v 20.769230 -1.694552 -573.741150
v 22.307692 -1.639554 -573.741150
v 23.846153 -1.579814 -573.741150
v 25.384615 -1.515516 -573.741150
v 26.923077 -1.446906 -573.741150
v 28.461538 -1.374293 -573.741150
v 30.000000 -1.298044 -573.741150
v -30.000000 -1.945729 -575.247070
v -28.461538 -1.951154 -575.247070
v -26.923077 -1.955145 -575.247070
v -25.384615 -1.958028 -575.247070
v -23.846153 -1.960111 -575.247070
v -22.307692 -1.961684 -575.247070
v -20.769230 -1.963012 -575.247070
v -19.230770 -1.964325 -575.247070
v -17.692308 -1.965820 -575.247070
v -16.153847 -1.967647 -575.247070
v -14.615385 -1.969911 -575.247070
v -13.076923 -1.972667 -575.247070
v -11.538462 -1.975911 -575.247070
v -10.000000 -1.979586 -575.247070
v -8.461538 -1.983573 -575.247070
v -6.923077 -1.987691 -575.247070
v -5.384615 -1.991702 -575.247070
v -3.846154 -1.995302 -575.247070
v -2.307692 -1.998132 -575.247070
v -0.769231 -1.999772 -575.247070
v 0.769231 -1.999753 -575.247070
v 2.307692 -1.997628 -575.247070
v 3.846154 -1.993004 -575.247070
v 5.384615 -1.985497 -575.247070
v 6.923077 -1.974736 -575.247070
v 8.461538 -1.960373 -575.247070
v 10.000000 -1.942088 -575.247070
v 11.538462 -1.919593 -575.247070
v 13.076923 -1.892644 -575.247070
v 14.615385 -1.861041 -575.247070
v 16.153847 -1.824637 -575.247070
v 17.692308 -1.783339 -575.247070
v 19.230770 -1.737113 -575.247070
v 20.769230 -1.685983 -575.247070
v 22.307692 -1.630041 -575.247070
v 23.846153 -1.569438 -575.247070
v 25.384615 -1.504391 -575.247070
v 26.923077 -1.435178 -575.247070
v 28.461538 -1.362140 -575.247070
v 30.000000 -1.285676 -575.247070
v -30.000000 -1.961525 -576.752930
v -28.461538 -1.964398 -576.752930
v -26.923077 -1.966043 -576.752930
v -25.384615 -1.966798 -576.752930
v -23.846153 -1.966982 -576.752930
v -22.307692 -1.966891 -576.752930
v -20.769230 -1.966790 -576.752930
v -19.230770 -1.966907 -576.752930
v -17.692308 -1.967427 -576.752930
v -16.153847 -1.968492 -576.752930
v -14.615385 -1.970189 -576.752930
v -13.076923 -1.972552 -576.752930
v -11.538462 -1.975558 -576.752930
v -10.000000 -1.979122 -576.752930
v -8.461538 -1.983099 -576.752930
v -6.923077 -1.987280 -576.752930
v -5.384615 -1.991398 -576.752930
v -3.846154 -1.995119 -576.752930
v -2.307692 -1.998056 -576.752930
v -0.769231 -1.999762 -576.752930
v 0.769231 -1.999743 -576.752930
v 2.307692 -1.997530 -576.752930
v 3.846154 -1.992718 -576.752930
v 5.384615 -1.984916 -576.752930
v 6.923077 -1.973750 -576.752930
v 8.461538 -1.958873 -576.752930
v 10.000000 -1.939970 -576.752930
v 11.538462 -1.916766 -576.752930
v 13.076923 -1.889032 -576.752930
v 14.615385 -1.856587 -576.752930
v 16.153847 -1.819306 -576.752930
v 17.692308 -1.777121 -576.752930
v 19.230770 -1.730025 -576.752930
v 20.769230 -1.678074 -576.752930
v 22.307692 -1.621388 -576.752930
v 23.846153 -1.560152 -576.752930
v 25.384615 -1.494614 -576.752930
v 26.923077 -1.425083 -576.752930
v 28.461538 -1.351930 -576.752930
v 30.000000 -1.275582 -576.752930
v -30.000000 -1.975718 -578.258850
v -28.461538 -1.976089 -578.258850
v -26.923077 -1.975460 -578.258850
v -25.384615 -1.974179 -578.258850
v -23.846153 -1.972573 -578.258850
v -22.307692 -1.970937 -578.258850
v -20.769230 -1.969534 -578.258850
v -19.230770 -1.968583 -578.258850
v -17.692308 -1.968260 -578.258850
v -16.153847 -1.968688 -578.258850
v -14.615385 -1.969937 -578.258850
v -13.076923 -1.972019 -578.258850
v -11.538462 -1.974885 -578.258850
v -10.000000 -1.978425 -578.258850
v -8.461538 -1.982464 -578.258850
v -6.923077 -1.986768 -578.258850
v -5.384615 -1.991035 -578.258850
v -3.846154 -1.994909 -578.258850
v -2.307692 -1.997972 -578.258850
v -0.769231 -1.999752 -578.258850
v 0.769231 -1.999732 -578.258850
v 2.307692 -1.997427 -578.258850
v 3.846154 -1.992422 -578.258850
v 5.384615 -1.984322 -578.258850
v 6.923077 -1.972753 -578.258850
v 8.461538 -1.957374 -578.258850
v 10.000000 -1.937880 -578.258850
v 11.538462 -1.914011 -578.258850
v 13.076923 -1.885555 -578.258850
v 14.615385 -1.852352 -578.258850
v 16.153847 -1.814302 -578.258850
v 17.692308 -1.771364 -578.258850
v 19.230770 -1.723560 -578.258850
v 20.769230 -1.670977 -578.258850
v 22.307692 -1.613765 -578.258850
v 23.846153 -1.552140 -578.258850
v 25.384615 -1.486380 -578.258850
v 26.923077 -1.416826 -578.258850
v 28.461538 -1.343874 -578.258850
v 30.000000 -1.267979 -578.258850
v -30.000000 -1.988150 -579.764709
v -28.461538 -1.986102 -579.764709
v -26.923077 -1.983302 -579.764709
v -25.384615 -1.980105 -579.764709
v -23.846153 -1.976839 -579.764709
v -22.307692 -1.973797 -579.764709
v -20.769230 -1.971234 -579.764709
v -19.230770 -1.969358 -579.764709
v -17.692308 -1.968330 -579.764709
v -16.153847 -1.968254 -579.764709
v -14.615385 -1.969178 -579.764709
v -13.076923 -1.971090 -579.764709
v -11.538462 -1.973915 -579.764709
v -10.000000 -1.977515 -579.764709
v -8.461538 -1.981686 -579.764709
v -6.923077 -1.986165 -579.764709
v -5.384615 -1.990624 -579.764709
v -3.846154 -1.994677 -579.764709
v -2.307692 -1.997880 -579.764709
v -0.769231 -1.999741 -579.764709
v 0.769231 -1.999720 -579.764709
v 2.307692 -1.997320 -579.764709
v 3.846154 -1.992121 -579.764709
v 5.384615 -1.983725 -579.764709
v 6.923077 -1.971765 -579.764709
v 8.461538 -1.955907 -579.764709
v 10.000000 -1.935861 -579.764709
v 11.538462 -1.911383 -579.764709
v 13.076923 -1.882281 -579.764709
v 14.615385 -1.848420 -579.764709
v 16.153847 -1.809726 -579.764709
v 17.692308 -1.766185 -579.764709
v 19.230770 -1.717851 -579.764709
v 20.769230 -1.664839 -579.764709
v 22.307692 -1.607330 -579.764709
v 23.846153 -1.545571 -579.764709
v 25.384615 -1.479868 -579.764709
v 26.923077 -1.410590 -579.764709
v 28.461538 -1.338158 -579.764709
v 30.000000 -1.263049 -579.764709
v -30.000000 -1.998698 -581.270569
v -28.461538 -1.994346 -581.270569
v -26.923077 -1.989506 -581.270569
v -25.384615 -1.984536 -581.270569
v -23.846153 -1.979761 -581.270569
v -22.307692 -1.975468 -581.270569
v -20.769230 -1.971900 -581.270569
v -19.230770 -1.969252 -581.270569
v -17.692308 -1.967664 -581.270569
v -16.153847 -1.967220 -581.270569
v -14.615385 -1.967943 -581.270569
v -13.076923 -1.969796 -581.270569
v -11.538462 -1.972676 -581.270569
v -10.000000 -1.976415 -581.270569
v -8.461538 -1.980783 -581.270569
v -6.923077 -1.985487 -581.270569
v -5.384615 -1.990173 -581.270569
v -3.846154 -1.994427 -581.270569
v -2.307692 -1.997784 -581.270569
v -0.769231 -1.999730 -581.270569
v 0.769231 -1.999708 -581.270569
v 2.307692 -1.997213 -581.270569
v 3.846154 -1.991821 -581.270569
v 5.384615 -1.983139 -581.270569
v 6.923077 -1.970806 -581.270569
v 8.461538 -1.954503 -581.270569
v 10.000000 -1.933953 -581.270569
v 11.538462 -1.908934 -581.270569
v 13.076923 -1.879277 -581.270569
v 14.615385 -1.844872 -581.270569
v 16.153847 -1.805672 -581.270569
v 17.692308 -1.761694 -581.270569
v 19.230770 -1.713019 -581.270569
v 20.769230 -1.659793 -581.270569
v 22.307692 -1.602227 -581.270569
v 23.846153 -1.540596 -581.270569
v 25.384615 -1.475234 -581.270569
v 26.923077 -1.406533 -581.270569
v 28.461538 -1.334938 -581.270569
v 30.000000 -1.260944 -581.270569
v -30.000000 -2.007276 -582.776489
v -28.461538 -2.000763 -582.776489
v -26.923077 -1.994040 -582.776489
v -25.384615 -1.987462 -582.776489
v -23.846153 -1.981347 -582.776489
v -22.307692 -1.975972 -582.776489
v -20.769230 -1.971565 -582.776489
v -19.230770 -1.968302 -582.776489
v -17.692308 -1.966303 -582.776489
v -16.153847 -1.965628 -582.776489
v -14.615385 -1.966274 -582.776489
v -13.076923 -1.968175 -582.776489
v -11.538462 -1.971200 -582.776489
v -10.000000 -1.975154 -582.776489
v -8.461538 -1.979778 -582.776489
v -6.923077 -1.984750 -582.776489
v -5.384615 -1.989691 -582.776489
v -3.846154 -1.994165 -582.776489
v -2.307692 -1.997685 -582.776489
v -0.769231 -1.999718 -582.776489
v 0.769231 -1.999696 -582.776489
v 2.307692 -1.997107 -582.776489
v 3.846154 -1.991528 -582.776489
v 5.384615 -1.982575 -582.776489
v 6.923077 -1.969897 -582.776489
v 8.461538 -1.953190 -582.776489
v 10.000000 -1.932198 -582.776489
v 11.538462 -1.906719 -582.776489
v 13.076923 -1.876609 -582.776489
v 14.615385 -1.841787 -582.776489
v 16.153847 -1.802232 -582.776489
v 17.692308 -1.757992 -582.776489
v 19.230770 -1.709176 -582.776489
v 20.769230 -1.655960 -582.776489
v 22.307692 -1.598584 -582.776489
v 23.846153 -1.537348 -582.776489
v 25.384615 -1.472611 -582.776489
v 26.923077 -1.404786 -582.776489
v 28.461538 -1.334338 -582.776489
v 30.000000 -1.261775 -582.776489
v -30.000000 -2.013835 -584.282349
v -28.461538 -2.005333 -584.282349
v -26.923077 -1.996906 -584.282349
v -25.384615 -1.988903 -584.282349
v -23.846153 -1.981631 -584.282349
v -22.307692 -1.975353 -584.282349
v -20.769230 -1.970279 -584.282349
v -19.230770 -1.966564 -584.282349
v -17.692308 -1.964304 -584.282349
v -16.153847 -1.963532 -584.282349
v -14.615385 -1.964219 -584.282349
v -13.076923 -1.966271 -584.282349
v -11.538462 -1.969527 -584.282349
v -10.000000 -1.973763 -584.282349
v -8.461538 -1.978694 -584.282349
v -6.923077 -1.983971 -584.282349
v -5.384615 -1.989191 -584.282349
v -3.846154 -1.993897 -584.282349
v -2.307692 -1.997585 -584.282349
v -0.769231 -1.999707 -584.282349
v 0.769231 -1.999685 -584.282349
v 2.307692 -1.997004 -584.282349
v 3.846154 -1.991250 -584.282349
v 5.384615 -1.982046 -584.282349
v 6.923077 -1.969057 -584.282349
v 8.461538 -1.951998 -584.282349
v 10.000000 -1.930633 -584.282349
v 11.538462 -1.904786 -584.282349
v 13.076923 -1.874338 -584.282349
v 14.615385 -1.839236 -584.282349
v 16.153847 -1.799489 -584.282349
v 17.692308 -1.755171 -584.282349
v 19.230770 -1.706423 -584.282349
v 20.769230 -1.653448 -584.282349
v 22.307692 -1.596510 -584.282349
v 23.846153 -1.535936 -584.282349
v 25.384615 -1.472105 -584.282349
v 26.923077 -1.405449 -584.282349
v 28.461538 -1.336446 -584.282349
v 30.000000 -1.265617 -584.282349
v -30.000000 -2.018369 -585.788208
v -28.461538 -2.008071 -585.788208
v -26.923077 -1.998137 -585.788208
v -25.384615 -1.988906 -585.788208
v -23.846153 -1.980671 -585.788208
v -22.307692 -1.973677 -585.788208
v -20.769230 -1.968112 -585.788208
v -19.230770 -1.964108 -585.788208
v -17.692308 -1.961734 -585.788208
v -16.153847 -1.960997 -585.788208
v -14.615385 -1.961839 -585.788208
v -13.076923 -1.964135 -585.788208
v -11.538462 -1.967699 -585.788208
v -10.000000 -1.972277 -585.788208
v -8.461538 -1.977557 -585.788208
v -6.923077 -1.983168 -585.788208
v -5.384615 -1.988684 -585.788208
v -3.846154 -1.993630 -585.788208
v -2.307692 -1.997486 -585.788208
v -0.769231 -1.999696 -585.788208
v 0.769231 -1.999674 -585.788208
v 2.307692 -1.996908 -585.788208
v 3.846154 -1.990992 -585.788208
v 5.384615 -1.981564 -585.788208
v 6.923077 -1.968307 -585.788208
v 8.461538 -1.950955 -585.788208
v 10.000000 -1.929297 -585.788208
v 11.538462 -1.903183 -585.788208
v 13.076923 -1.872521 -585.788208
v 14.615385 -1.837286 -585.788208
v 16.153847 -1.797515 -585.788208
v 17.692308 -1.753313 -585.788208
v 19.230770 -1.704846 -585.788208
v 20.769230 -1.652344 -585.788208
v 22.307692 -1.596095 -585.788208
v 23.846153 -1.536446 -585.788208
v 25.384615 -1.473795 -585.788208
v 26.923077 -1.408589 -585.788208
v 28.461538 -1.341317 -585.788208
v 30.000000 -1.272506 -585.788208
v -30.000000 -2.020907 -587.294128
v -28.461538 -2.009026 -587.294128
v -26.923077 -1.997799 -587.294128
v -25.384615 -1.987549 -587.294128
v -23.846153 -1.978552 -587.294128
v -22.307692 -1.971031 -587.294128
v -20.769230 -1.965152 -587.294128
v -19.230770 -1.961019 -587.294128
v -17.692308 -1.958674 -587.294128
v -16.153847 -1.958096 -587.294128
v -14.615385 -1.959197 -587.294128
v -13.076923 -1.961825 -587.294128
v -11.538462 -1.965762 -587.294128
v -10.000000 -1.970732 -587.294128
v -8.461538 -1.976396 -587.294128
v -6.923077 -1.982361 -587.294128
v -5.384615 -1.988182 -587.294128
v -3.846154 -1.993369 -587.294128
v -2.307692 -1.997391 -587.294128
v -0.769231 -1.999685 -587.294128
v 0.769231 -1.999664 -587.294128
v 2.307692 -1.996819 -587.294128
v 3.846154 -1.990760 -587.294128
v 5.384615 -1.981140 -587.294128
v 6.923077 -1.967664 -587.294128
v 8.461538 -1.950087 -587.294128
v 10.000000 -1.928225 -587.294128
v 11.538462 -1.901953 -587.294128
v 13.076923 -1.871209 -587.294128
v 14.615385 -1.835995 -587.294128
v 16.153847 -1.796377 -587.294128
v 17.692308 -1.752487 -587.294128
v 19.230770 -1.704517 -587.294128
v 20.769230 -1.652719 -587.294128
v 22.307692 -1.597405 -587.294128
v 23.846153 -1.538938 -587.294128
v 25.384615 -1.477732 -587.294128
v 26.923077 -1.414243 -587.294128
v 28.461538 -1.348967 -587.294128
v 30.000000 -1.282434 -587.294128
v -30.000000 -2.021520 -588.799988
v -28.461538 -2.008285 -588.799988
v -26.923077 -1.995987 -588.799988
v -25.384615 -1.984934 -588.799988
v -23.846153 -1.975379 -588.799988
v -22.307692 -1.967522 -588.799988
v -20.769230 -1.961501 -588.799988
v -19.230770 -1.957395 -588.799988
v -17.692308 -1.955215 -588.799988
v -16.153847 -1.954911 -588.799988
v -14.615385 -1.956366 -588.799988
v -13.076923 -1.959399 -588.799988
v -11.538462 -1.963768 -588.799988
v -10.000000 -1.969168 -588.799988
v -8.461538 -1.975239 -588.799988
v -6.923077 -1.981569 -588.799988
v -5.384615 -1.987697 -588.799988
v -3.846154 -1.993121 -588.799988
v -2.307692 -1.997303 -588.799988
v -0.769231 -1.999676 -588.799988
v 0.769231 -1.999654 -588.799988
v 2.307692 -1.996742 -588.799988
v 3.846154 -1.990561 -588.799988
v 5.384615 -1.980787 -588.799988
v 6.923077 -1.967145 -588.799988
v 8.461538 -1.949418 -588.799988
v 10.000000 -1.927446 -588.799988
v 11.538462 -1.901134 -588.799988
v 13.076923 -1.870446 -588.799988
v 14.615385 -1.835413 -588.799988
v 16.153847 -1.796129 -588.799988
v 17.692308 -1.752749 -588.799988
v 19.230770 -1.705490 -588.799988
v 20.769230 -1.654626 -588.799988
v 22.307692 -1.600485 -588.799988
v 23.846153 -1.543447 -588.799988
v 25.384615 -1.483934 -588.799988
v 26.923077 -1.422411 -588.799988
v 28.461538 -1.359376 -588.799988
v 30.000000 -1.295354 -588.799988
v -30.000000 -2.020314 -590.305908
v -28.461538 -2.005964 -590.305908
v -26.923077 -1.992828 -590.305908
v -25.384615 -1.981190 -590.305908
v -23.846153 -1.971281 -590.305908
v -22.307692 -1.963274 -590.305908
v -20.769230 -1.957280 -590.305908
v -19.230770 -1.953346 -590.305908
v -17.692308 -1.951456 -590.305908
v -16.153847 -1.951530 -590.305908
v -14.615385 -1.953422 -590.305908
v -13.076923 -1.956923 -590.305908
v -11.538462 -1.961766 -590.305908
v -10.000000 -1.967624 -590.305908
v -8.461538 -1.974116 -590.305908
v -6.923077 -1.980813 -590.305908
v -5.384615 -1.987242 -590.305908
v -3.846154 -1.992893 -590.305908
v -2.307692 -1.997223 -590.305908
v -0.769231 -1.999667 -590.305908
v 0.769231 -1.999646 -590.305908
v 2.307692 -1.996677 -590.305908
v 3.846154 -1.990400 -590.305908
v 5.384615 -1.980513 -590.305908
v 6.923077 -1.966767 -590.305908
v 8.461538 -1.948970 -590.305908
v 10.000000 -1.926990 -590.305908
v 11.538462 -1.900759 -590.305908
v 13.076923 -1.870271 -590.305908
v 14.615385 -1.835582 -590.305908
v 16.153847 -1.796811 -590.305908
v 17.692308 -1.754139 -590.305908
v 19.230770 -1.707802 -590.305908
v 20.769230 -1.658093 -590.305908
v 22.307692 -1.605356 -590.305908
v 23.846153 -1.549979 -590.305908
v 25.384615 -1.492393 -590.305908
v 26.923077 -1.433063 -590.305908
v 28.461538 -1.372486 -590.305908
v 30.000000 -1.311181 -590.305908
v -30.000000 -2.017431 -591.811768
v -28.461538 -2.002213 -591.811768
v -26.923077 -1.988472 -591.811768
v -25.384615 -1.976468 -591.811768
v -23.846153 -1.966405 -591.811768
v -22.307692 -1.958427 -591.811768
v -20.769230 -1.952617 -591.811768
v -19.230770 -1.948991 -591.811768
v -17.692308 -1.947505 -591.811768
v -16.153847 -1.948047 -591.811768
v -14.615385 -1.950444 -591.811768
v -13.076923 -1.954463 -591.811768
v -11.538462 -1.959811 -591.811768
v -10.000000 -1.966141 -591.811768
v -8.461538 -1.973055 -591.811768
v -6.923077 -1.980112 -591.811768
v -5.384615 -1.986828 -591.811768
v -3.846154 -1.992689 -591.811768
v -2.307692 -1.997154 -591.811768
v -0.769231 -1.999660 -591.811768
v 0.769231 -1.999640 -591.811768
v 2.307692 -1.996626 -591.811768
v 3.846154 -1.990282 -591.811768
v 5.384615 -1.980329 -591.811768
v 6.923077 -1.966544 -591.811768
v 8.461538 -1.948762 -591.811768
v 10.000000 -1.926880 -591.811768
v 11.538462 -1.900857 -591.811768
v 13.076923 -1.870713 -591.811768
v 14.615385 -1.836532 -591.811768
v 16.153847 -1.798455 -591.811768
v 17.692308 -1.756684 -591.811768
v 19.230770 -1.711474 -591.811768
v 20.769230 -1.663133 -591.811768
v 22.307692 -1.612014 -591.811768
v 23.846153 -1.558514 -591.811768
v 25.384615 -1.503066 -591.811768
v 26.923077 -1.446133 -591.811768
v 28.461538 -1.388205 -591.811768
v 30.000000 -1.329788 -591.811768
v -30.000000 -2.013046 -593.317627
v -28.461538 -1.997209 -593.317627
v -26.923077 -1.983096 -593.317627
v -25.384615 -1.970939 -593.317627
v -23.846153 -1.960914 -593.317627
v -22.307692 -1.953135 -593.317627
v -20.769230 -1.947655 -593.317627
v -19.230770 -1.944459 -593.317627
v -17.692308 -1.943473 -593.317627
v -16.153847 -1.944559 -593.317627
v -14.615385 -1.947516 -593.317627
v -13.076923 -1.952085 -593.317627
v -11.538462 -1.957955 -593.317627
v -10.000000 -1.964759 -593.317627
v -8.461538 -1.972087 -593.317627
v -6.923077 -1.979486 -593.317627
v -5.384615 -1.986468 -593.317627
v -3.846154 -1.992518 -593.317627
v -2.307692 -1.997097 -593.317627
v -0.769231 -1.999654 -593.317627
v 0.769231 -1.999635 -593.317627
v 2.307692 -1.996591 -593.317627
v 3.846154 -1.990211 -593.317627
v 5.384615 -1.980242 -593.317627
v 6.923077 -1.966487 -593.317627
v 8.461538 -1.948809 -593.317627
v 10.000000 -1.927135 -593.317627
v 11.538462 -1.901448 -593.317627
v 13.076923 -1.871795 -593.317627
v 14.615385 -1.838284 -593.317627
v 16.153847 -1.801077 -593.317627
v 17.692308 -1.760395 -593.317627
v 19.230770 -1.716507 -593.317627
v 20.769230 -1.669733 -593.317627
v 22.307692 -1.620432 -593.317627
v 23.846153 -1.569006 -593.317627
v 25.384615 -1.515883 -593.317627
v 26.923077 -1.461523 -593.317627
v 28.461538 -1.406402 -593.317627
v 30.000000 -1.351012 -593.317627
v -30.000000 -2.007365 -594.823547
v -28.461538 -1.991157 -594.823547
v -26.923077 -1.976897 -594.823547
v -25.384615 -1.964792 -594.823547
v -23.846153 -1.954986 -594.823547
v -22.307692 -1.947563 -594.823547
v -20.769230 -1.942542 -594.823547
v -19.230770 -1.939883 -594.823547
v -17.692308 -1.939479 -594.823547
v -16.153847 -1.941166 -594.823547
v -14.615385 -1.944719 -594.823547
v -13.076923 -1.949859 -594.823547
v -11.538462 -1.956252 -594.823547
v -10.000000 -1.963520 -594.823547
v -8.461538 -1.971240 -594.823547
v -6.923077 -1.978954 -594.823547
v -5.384615 -1.986172 -594.823547
v -3.846154 -1.992383 -594.823547
v -2.307692 -1.997055 -594.823547
v -0.769231 -1.999650 -594.823547
v 0.769231 -1.999632 -594.823547
v 2.307692 -1.996575 -594.823547
v 3.846154 -1.990192 -594.823547
v 5.384615 -1.980259 -594.823547
v 6.923077 -1.966606 -594.823547
v 8.461538 -1.949125 -594.823547
v 10.000000 -1.927768 -594.823547
v 11.538462 -1.902546 -594.823547
v 13.076923 -1.873530 -594.823547
v 14.615385 -1.840847 -594.823547
v 16.153847 -1.804681 -594.823547
v 17.692308 -1.765265 -594.823547
v 19.230770 -1.722883 -594.823547
v 20.769230 -1.677860 -594.823547
v 22.307692 -1.630559 -594.823547
v 23.846153 -1.581380 -594.823547
v 25.384615 -1.530745 -594.823547
v 26.923077 -1.479104 -594.823547
v 28.461538 -1.426917 -594.823547
v 30.000000 -1.374657 -594.823547
v -30.000000 -2.000620 -596.329407
v -28.461538 -1.984280 -596.329407
v -26.923077 -1.970093 -596.329407
v -25.384615 -1.958232 -596.329407
v -23.846153 -1.948810 -596.329407
v -22.307692 -1.941881 -596.329407
v -20.769230 -1.937435 -596.329407
v -19.230770 -1.935398 -596.329407
v -17.692308 -1.935640 -596.329407
v -16.153847 -1.937969 -596.329407
v -14.615385 -1.942138 -596.329407
v -13.076923 -1.947849 -596.329407
v -11.538462 -1.954753 -596.329407
v -10.000000 -1.962460 -596.329407
v -8.461538 -1.970540 -596.329407
v -6.923077 -1.978533 -596.329407
v -5.384615 -1.985951 -596.329407
v -3.846154 -1.992289 -596.329407
v -2.307692 -1.997029 -596.329407
v -0.769231 -1.999648 -596.329407
v 0.769231 -1.999631 -596.329407
v 2.307692 -1.996577 -596.329407
v 3.846154 -1.990228 -596.329407
v 5.384615 -1.980385 -596.329407
v 6.923077 -1.966909 -596.329407
v 8.461538 -1.949717 -596.329407
v 10.000000 -1.928789 -596.329407
v 11.538462 -1.904160 -596.329407
v 13.076923 -1.875921 -596.329407
v 14.615385 -1.844221 -596.329407
v 16.153847 -1.809257 -596.329407
v 17.692308 -1.771276 -596.329407
v 19.230770 -1.730568 -596.329407
v 20.769230 -1.687461 -596.329407
v 22.307692 -1.642321 -596.329407
v 23.846153 -1.595537 -596.329407
v 25.384615 -1.547525 -596.329407
v 26.923077 -1.498718 -596.329407
v 28.461538 -1.449558 -596.329407
v 30.000000 -1.400493 -596.329407
v -30.000000 -1.993066 -597.835266
v -28.461538 -1.976825 -597.835266
v -26.923077 -1.962912 -597.835266
v -25.384615 -1.951471 -597.835266
v -23.846153 -1.942583 -597.835266
v -22.307692 -1.936269 -597.835266
v -20.769230 -1.932490 -597.835266
v -19.230770 -1.931144 -597.835266
v -17.692308 -1.932074 -597.835266
v -16.153847 -1.935067 -597.835266
v -14.615385 -1.939854 -597.835266
v -13.076923 -1.946121 -597.835266
v -11.538462 -1.953508 -597.835266
v -10.000000 -1.961616 -597.835266
v -8.461538 -1.970013 -597.835266
v -6.923077 -1.978240 -597.835266
v -5.384615 -1.985814 -597.835266
v -3.846154 -1.992242 -597.835266
v -2.307692 -1.997021 -597.835266
v -0.769231 -1.999649 -597.835266
v 0.769231 -1.999633 -597.835266
v 2.307692 -1.996600 -597.835266
v 3.846154 -1.990321 -597.835266
v 5.384615 -1.980625 -597.835266
v 6.923077 -1.967400 -597.835266
v 8.461538 -1.950592 -597.835266
v 10.000000 -1.930202 -597.835266
v 11.538462 -1.906289 -597.835266
v 13.076923 -1.878965 -597.835266
v 14.615385 -1.848392 -597.835266
v 16.153847 -1.814782 -597.835266
v 17.692308 -1.778389 -597.835266
v 19.230770 -1.739507 -597.835266
v 20.769230 -1.698464 -597.835266
v 22.307692 -1.655619 -597.835266
v 23.846153 -1.611355 -597.835266
v 25.384615 -1.566070 -597.835266
v 26.923077 -1.520180 -597.835266
v 28.461538 -1.474104 -597.835266
v 30.000000 -1.428262 -597.835266
v -30.000000 -1.984975 -599.341187
v -28.461538 -1.969048 -599.341187
v -26.923077 -1.955597 -599.341187
v -25.384615 -1.944733 -599.341187
v -23.846153 -1.936506 -599.341187
v -22.307692 -1.930907 -599.341187
v -20.769230 -1.927866 -599.341187
v -19.230770 -1.927258 -599.341187
v -17.692308 -1.928899 -599.341187
v -16.153847 -1.932556 -599.341187
v -14.615385 -1.937944 -599.341187
v -13.076923 -1.944736 -599.341187
v -11.538462 -1.952564 -599.341187
v -10.000000 -1.961023 -599.341187
v -8.461538 -1.969683 -599.341187
v -6.923077 -1.978089 -599.341187
v -5.384615 -1.985770 -599.341187
v -3.846154 -1.992246 -599.341187
v -2.307692 -1.997033 -599.341187
v -0.769231 -1.999651 -599.341187
v 0.769231 -1.999637 -599.341187
v 2.307692 -1.996644 -599.341187
v 3.846154 -1.990473 -599.341187
v 5.384615 -1.980981 -599.341187
v 6.923077 -1.968083 -599.341187
v 8.461538 -1.951749 -599.341187
v 10.000000 -1.932005 -599.341187
v 11.538462 -1.908928 -599.341187
v 13.076923 -1.882647 -599.341187
v 14.615385 -1.853338 -599.341187
v 16.153847 -1.821220 -599.341187
v 17.692308 -1.786553 -599.341187
v 19.230770 -1.749630 -599.341187
v 20.769230 -1.710776 -599.341187
v 22.307692 -1.670339 -599.341187
v 23.846153 -1.628688 -599.341187
v 25.384615 -1.586205 -599.341187
v 26.923077 -1.543281 -599.341187
v 28.461538 -1.500310 -599.341187
v 30.000000 -1.457682 -599.341187
v -30.000000 -1.976637 -600.847046
v -28.461538 -1.961218 -600.847046
v -26.923077 -1.948395 -600.847046
v -25.384615 -1.938243 -600.847046
v -23.846153 -1.930782 -600.847046
v -22.307692 -1.925974 -600.847046
v -20.769230 -1.923721 -600.847046
v -19.230770 -1.923872 -600.847046
v -17.692308 -1.926226 -600.847046
v -16.153847 -1.930528 -600.847046
v -14.615385 -1.936483 -600.847046
v -13.076923 -1.943752 -600.847046
v -11.538462 -1.951962 -600.847046
v -10.000000 -1.960711 -600.847046
v -8.461538 -1.969570 -600.847046
v -6.923077 -1.978094 -600.847046
v -5.384615 -1.985826 -600.847046
v -3.846154 -1.992303 -600.847046
v -2.307692 -1.997064 -600.847046
v -0.769231 -1.999656 -600.847046
v 0.769231 -1.999643 -600.847046
v 2.307692 -1.996710 -600.847046
v 3.846154 -1.990685 -600.847046
v 5.384615 -1.981453 -600.847046
v 6.923077 -1.968956 -600.847046
v 8.461538 -1.953186 -600.847046
v 10.000000 -1.934190 -600.847046
v 11.538462 -1.912063 -600.847046
v 13.076923 -1.886946 -600.847046
v 14.615385 -1.859024 -600.847046
v 16.153847 -1.828523 -600.847046
v 17.692308 -1.795702 -600.847046
v 19.230770 -1.760852 -600.847046
v 20.769230 -1.724286 -600.847046
v 22.307692 -1.686342 -600.847046
v 23.846153 -1.647371 -600.847046
v 25.384615 -1.607732 -600.847046
v 26.923077 -1.567790 -600.847046
v 28.461538 -1.527911 -600.847046
v 30.000000 -1.488451 -600.847046
v -30.000000 -1.968346 -602.352966
v -28.461538 -1.953611 -602.352966
v -26.923077 -1.941556 -602.352966
v -25.384615 -1.932227 -602.352966
v -23.846153 -1.925613 -602.352966
v -22.307692 -1.921646 -602.352966
v -20.769230 -1.920205 -602.352966
v -19.230770 -1.921117 -602.352966
v -17.692308 -1.924162 -602.352966
v -16.153847 -1.929071 -602.352966
v -14.615385 -1.935539 -602.352966
v -13.076923 -1.943220 -602.352966
v -11.538462 -1.951743 -602.352966
v -10.000000 -1.960706 -602.352966
v -8.461538 -1.969691 -602.352966
v -6.923077 -1.978264 -602.352966
v -5.384615 -1.985987 -602.352966
v -3.846154 -1.992416 -602.352966
v -2.307692 -1.997117 -602.352966
v -0.769231 -1.999663 -602.352966
v 0.769231 -1.999651 -602.352966
v 2.307692 -1.996797 -602.352966
v 3.846154 -1.990956 -602.352966
v 5.384615 -1.982042 -602.352966
v 6.923077 -1.970017 -602.352966
v 8.461538 -1.954897 -602.352966
v 10.000000 -1.936746 -602.352966
v 11.538462 -1.915673 -602.352966
v 13.076923 -1.891830 -602.352966
v 14.615385 -1.865407 -602.352966
v 16.153847 -1.836631 -602.352966
v 17.692308 -1.805758 -602.352966
v 19.230770 -1.773070 -602.352966
v 20.769230 -1.738870 -602.352966
v 22.307692 -1.703477 -602.352966
v 23.846153 -1.667221 -602.352966
v 25.384615 -1.630436 -602.352966
v 26.923077 -1.593460 -602.352966
v 28.461538 -1.556624 -602.352966
v 30.000000 -1.520251 -602.352966
v -30.000000 -1.960405 -603.858826
v -28.461538 -1.946502 -603.858826
v -26.923077 -1.935332 -603.858826
v -25.384615 -1.926908 -603.858826
v -23.846153 -1.921193 -603.858826
v -22.307692 -1.918093 -603.858826
v -20.769230 -1.917463 -603.858826
v -19.230770 -1.919113 -603.858826
v -17.692308 -1.922805 -603.858826
v -16.153847 -1.928263 -603.858826
v -14.615385 -1.935172 -603.858826
v -13.076923 -1.943188 -603.858826
v -11.538462 -1.951939 -603.858826
v -10.000000 -1.961032 -603.858826
v -8.461538 -1.970061 -603.858826
v -6.923077 -1.978610 -603.858826
v -5.384615 -1.986257 -603.858826
v -3.846154 -1.992587 -603.858826
v -2.307692 -1.997191 -603.858826
v -0.769231 -1.999673 -603.858826
v 0.769231 -1.999662 -603.858826
v 2.307692 -1.996906 -603.858826
v 3.846154 -1.991287 -603.858826
v 5.384615 -1.982744 -603.858826
v 6.923077 -1.971260 -603.858826
v 8.461538 -1.956872 -603.858826
v 10.000000 -1.939656 -603.858826
v 11.538462 -1.919732 -603.858826
v 13.076923 -1.897260 -603.858826
v 14.615385 -1.872432 -603.858826
v 16.153847 -1.845471 -603.858826
v 17.692308 -1.816627 -603.858826
v 19.230770 -1.786170 -603.858826
v 20.769230 -1.754387 -603.858826
v 22.307692 -1.721575 -603.858826
v 23.846153 -1.688040 -603.858826
v 25.384615 -1.654090 -603.858826
v 26.923077 -1.620028 -603.858826
v 28.461538 -1.586154 -603.858826
v 30.000000 -1.552752 -603.858826
v -30.000000 -1.953115 -605.364685
v -28.461538 -1.940164 -605.364685
v -26.923077 -1.929964 -605.364685
v -25.384615 -1.922502 -605.364685
v -23.846153 -1.917711 -605.364685
v -22.307692 -1.915475 -605.364685
v -20.769230 -1.915631 -605.364685
v -19.230770 -1.917971 -605.364685
v -17.692308 -1.922247 -605.364685
v -16.153847 -1.928175 -605.364685
v -14.615385 -1.935438 -605.364685
v -13.076923 -1.943694 -605.364685
v -11.538462 -1.952577 -605.364685
v -10.000000 -1.961707 -605.364685
v -8.461538 -1.970692 -605.364685
v -6.923077 -1.979135 -605.364685
v -5.384615 -1.986640 -605.364685
v -3.846154 -1.992817 -605.364685
v -2.307692 -1.997286 -605.364685
v -0.769231 -1.999685 -605.364685
v 0.769231 -1.999675 -605.364685
v 2.307692 -1.997036 -605.364685
v 3.846154 -1.991676 -605.364685
v 5.384615 -1.983555 -605.364685
v 6.923077 -1.972678 -605.364685
v 8.461538 -1.959095 -605.364685
v 10.000000 -1.942895 -605.364685
v 11.538462 -1.924207 -605.364685
v 13.076923 -1.903190 -605.364685
v 14.615385 -1.880037 -605.364685
v 16.153847 -1.854964 -605.364685
v 17.692308 -1.828209 -605.364685
v 19.230770 -1.800027 -605.364685
v 20.769230 -1.770685 -605.364685
v 22.307692 -1.740456 -605.364685
v 23.846153 -1.709620 -605.364685
v 25.384615 -1.678452 -605.364685
v 26.923077 -1.647223 -605.364685
v 28.461538 -1.616196 -605.364685
v 30.000000 -1.585620 -605.364685
v -30.000000 -1.946771 -606.870605
v -28.461538 -1.934860 -606.870605
v -26.923077 -1.925688 -606.870605
v -25.384615 -1.919212 -606.870605
v -23.846153 -1.915342 -606.870605
v -22.307692 -1.913942 -606.870605
v -20.769230 -1.914832 -606.870605
v -19.230770 -1.917792 -606.870605
v -17.692308 -1.922566 -606.870605
v -16.153847 -1.928868 -606.870605
v -14.615385 -1.936381 -606.870605
v -13.076923 -1.944770 -606.870605
v -11.538462 -1.953679 -606.870605
v -10.000000 -1.962744 -606.870605
v -8.461538 -1.971590 -606.870605
v -6.923077 -1.979845 -606.870605
v -5.384615 -1.987137 -606.870605
v -3.846154 -1.993106 -606.870605
v -2.307692 -1.997403 -606.870605
v -0.769231 -1.999699 -606.870605
v 0.769231 -1.999691 -606.870605
v 2.307692 -1.997187 -606.870605
v 3.846154 -1.992120 -606.870605
v 5.384615 -1.984470 -606.870605
v 6.923077 -1.974259 -606.870605
v 8.461538 -1.961550 -606.870605
v 10.000000 -1.946439 -606.870605
v 11.538462 -1.929058 -606.870605
v 13.076923 -1.909567 -606.870605
v 14.615385 -1.888152 -606.870605
v 16.153847 -1.865019 -606.870605
v 17.692308 -1.840391 -606.870605
v 19.230770 -1.814504 -606.870605
v 20.769230 -1.787602 -606.870605
v 22.307692 -1.759931 -606.870605
v 23.846153 -1.731741 -606.870605
v 25.384615 -1.703274 -606.870605
v 26.923077 -1.674767 -606.870605
v 28.461538 -1.646445 -606.870605
v 30.000000 -1.618517 -606.870605
v -30.000000 -1.941657 -608.376465
v -28.461538 -1.930845 -608.376465
v -26.923077 -1.922724 -608.376465
v -25.384615 -1.917228 -608.376465
v -23.846153 -1.914247 -608.376465
v -22.307692 -1.913626 -608.376465
v -20.769230 -1.915174 -608.376465
v -19.230770 -1.918661 -608.376465
v -17.692308 -1.923829 -608.376465
v -16.153847 -1.930391 -608.376465
v -14.615385 -1.938037 -608.376465
v -13.076923 -1.946440 -608.376465
v -11.538462 -1.955261 -608.376465
v -10.000000 -1.964151 -608.376465
v -8.461538 -1.972760 -608.376465
v -6.923077 -1.980740 -608.376465
v -5.384615 -1.987747 -608.376465
v -3.846154 -1.993453 -608.376465
v -2.307692 -1.997541 -608.376465
v -0.769231 -1.999716 -608.376465
v 0.769231 -1.999709 -608.376465
v 2.307692 -1.997358 -608.376465
v 3.846154 -1.992616 -608.376465
v 5.384615 -1.985482 -608.376465
v 6.923077 -1.975992 -608.376465
v 8.461538 -1.964215 -608.376465
v 10.000000 -1.950255 -608.376465
v 11.538462 -1.934242 -608.376465
v 13.076923 -1.916332 -608.376465
v 14.615385 -1.896700 -608.376465
v 16.153847 -1.875539 -608.376465
v 17.692308 -1.853054 -608.376465
v 19.230770 -1.829458 -608.376465
v 20.769230 -1.804968 -608.376465
v 22.307692 -1.779804 -608.376465
v 23.846153 -1.754180 -608.376465
v 25.384615 -1.728305 -608.376465
v 26.923077 -1.702380 -608.376465
v 28.461538 -1.676591 -608.376465
v 30.000000 -1.651112 -608.376465
v -30.000000 -1.938043 -609.882324
v -28.461538 -1.928353 -609.882324
v -26.923077 -1.921275 -609.882324
v -25.384615 -1.916724 -609.882324
v -23.846153 -1.914570 -609.882324
v -22.307692 -1.914647 -609.882324
v -20.769230 -1.916751 -609.882324
v -19.230770 -1.920653 -609.882324
v -17.692308 -1.926091 -609.882324
v -16.153847 -1.932784 -609.882324
v -14.615385 -1.940431 -609.882324
v -13.076923 -1.948721 -609.882324
v -11.538462 -1.957330 -609.882324
v -10.000000 -1.965932 -609.882324
v -8.461538 -1.974202 -609.882324
v -6.923077 -1.981818 -609.882324
v -5.384615 -1.988469 -609.882324
v -3.846154 -1.993856 -609.882324
v -2.307692 -1.997699 -609.882324
v -0.769231 -1.999735 -609.882324
v 0.769231 -1.999729 -609.882324
v 2.307692 -1.997547 -609.882324
v 3.846154 -1.993161 -609.882324
v 5.384615 -1.986583 -609.882324
v 6.923077 -1.977860 -609.882324
v 8.461538 -1.967068 -609.882324
v 10.000000 -1.954309 -609.882324
v 11.538462 -1.939710 -609.882324
v 13.076923 -1.923419 -609.882324
v 14.615385 -1.905598 -609.882324
v 16.153847 -1.886421 -609.882324
v 17.692308 -1.866072 -609.882324
v 19.230770 -1.844739 -609.882324
v 20.769230 -1.822610 -609.882324
v 22.307692 -1.799874 -609.882324
v 23.846153 -1.776710 -609.882324
v 25.384615 -1.753293 -609.882324
v 26.923077 -1.729785 -609.882324
v 28.461538 -1.706336 -609.882324
v 30.000000 -1.683081 -609.882324
v -30.000000 -1.936180 -611.388245
v -28.461538 -1.927600 -611.388245
v -26.923077 -1.921526 -611.388245
v -25.384615 -1.917852 -611.388245
v -23.846153 -1.916436 -611.388245
v -22.307692 -1.917101 -611.388245
v -20.769230 -1.919641 -611.388245
v -19.230770 -1.923822 -611.388245
v -17.692308 -1.929390 -611.388245
v -16.153847 -1.936071 -611.388245
v -14.615385 -1.943580 -611.388245
v -13.076923 -1.951619 -611.388245
v -11.538462 -1.959888 -611.388245
v -10.000000 -1.968084 -611.388245
v -8.461538 -1.975910 -611.388245
v -6.923077 -1.983075 -611.388245
v -5.384615 -1.989298 -611.388245
v -3.846154 -1.994314 -611.388245
v -2.307692 -1.997876 -611.388245
v -0.769231 -1.999756 -611.388245
v 0.769231 -1.999751 -611.388245
v 2.307692 -1.997753 -611.388245
v 3.846154 -1.993749 -611.388245
v 5.384615 -1.987763 -611.388245
v 6.923077 -1.979848 -611.388245
v 8.461538 -1.970081 -611.388245
v 10.000000 -1.958562 -611.388245
v 11.538462 -1.945411 -611.388245
v 13.076923 -1.930761 -611.388245
v 14.615385 -1.914758 -611.388245
v 16.153847 -1.897557 -611.388245
v 17.692308 -1.879316 -611.388245
v 19.230770 -1.860195 -611.388245
v 20.769230 -1.840351 -611.388245
v 22.307692 -1.819940 -611.388245
v 23.846153 -1.799106 -611.388245
v 25.384615 -1.777988 -611.388245
v 26.923077 -1.756711 -611.388245
v 28.461538 -1.735386 -611.388245
v 30.000000 -1.714114 -611.388245
v -30.000000 -1.936292 -612.894104
v -28.461538 -1.928778 -612.894104
v -26.923077 -1.923635 -612.894104
v -25.384615 -1.920742 -612.894104
v -23.846153 -1.919947 -612.894104
v -22.307692 -1.921069 -612.894104
v -20.769230 -1.923898 -612.894104
v -19.230770 -1.928208 -612.894104
v -17.692308 -1.933751 -612.894104
v -16.153847 -1.940267 -612.894104
v -14.615385 -1.947486 -612.894104
v -13.076923 -1.955132 -612.894104
v -11.538462 -1.962928 -612.894104
v -10.000000 -1.970600 -612.894104
v -8.461538 -1.977878 -612.894104
v -6.923077 -1.984504 -612.894104
v -5.384615 -1.990229 -612.894104
v -3.846154 -1.994823 -612.894104
v -2.307692 -1.998071 -612.894104
v -0.769231 -1.999779 -612.894104
v 0.769231 -1.999775 -612.894104
v 2.307692 -1.997974 -612.894104
v 3.846154 -1.994375 -612.894104
v 5.384615 -1.989011 -612.894104
v 6.923077 -1.981936 -612.894104
v 8.461538 -1.973226 -612.894104
v 10.000000 -1.962974 -612.894104
v 11.538462 -1.951288 -612.894104
v 13.076923 -1.938285 -612.894104
v 14.615385 -1.924091 -612.894104
v 16.153847 -1.908837 -612.894104
v 17.692308 -1.892654 -612.894104
v 19.230770 -1.875672 -612.894104
v 20.769230 -1.858015 -612.894104
v 22.307692 -1.839804 -612.894104
v 23.846153 -1.821149 -612.894104
v 25.384615 -1.802150 -612.894104
v 26.923077 -1.782897 -612.894104
v 28.461538 -1.763466 -612.894104
v 30.000000 -1.743920 -612.894104
v -30.000000 -1.938579 -614.400024
v -28.461538 -1.932051 -614.400024
v -26.923077 -1.927734 -614.400024
v -25.384615 -1.925498 -614.400024
v -23.846153 -1.925182 -614.400024
v -22.307692 -1.926605 -614.400024
v -20.769230 -1.929563 -614.400024
v -19.230770 -1.933834 -614.400024
v -17.692308 -1.939185 -614.400024
v -16.153847 -1.945371 -614.400024
v -14.615385 -1.952143 -614.400024
v -13.076923 -1.959249 -614.400024
v -11.538462 -1.966438 -614.400024
v -10.000000 -1.973466 -614.400024
v -8.461538 -1.980094 -614.400024
v -6.923077 -1.986095 -614.400024
v -5.384615 -1.991257 -614.400024
v -3.846154 -1.995380 -614.400024
v -2.307692 -1.998283 -614.400024
v -0.769231 -1.999804 -614.400024
v 0.769231 -1.999801 -614.400024
v 2.307692 -1.998208 -614.400024
v 3.846154 -1.995035 -614.400024
v 5.384615 -1.990316 -614.400024
v 6.923077 -1.984106 -614.400024
v 8.461538 -1.976474 -614.400024
v 10.000000 -1.967502 -614.400024
v 11.538462 -1.957284 -614.400024
v 13.076923 -1.945917 -614.400024
v 14.615385 -1.933505 -614.400024
v 16.153847 -1.920150 -614.400024
v 17.692308 -1.905955 -614.400024
v 19.230770 -1.891018 -614.400024
v 20.769230 -1.875429 -614.400024
v 22.307692 -1.859273 -614.400024
v 23.846153 -1.842625 -614.400024
v 25.384615 -1.825549 -614.400024
v 26.923077 -1.808099 -614.400024
v 28.461538 -1.790316 -614.400024
v 30.000000 -1.772231 -614.400024
v -30.000000 -1.943208 -615.905884
v -28.461538 -1.937554 -615.905884
v -26.923077 -1.933929 -615.905884
v -25.384615 -1.932196 -615.905884
v -23.846153 -1.932195 -615.905884
v -22.307692 -1.933745 -615.905884
v -20.769230 -1.936651 -615.905884
v -19.230770 -1.940704 -615.905884
v -17.692308 -1.945684 -615.905884
v -16.153847 -1.951370 -615.905884
v -14.615385 -1.957533 -615.905884
v -13.076923 -1.963950 -615.905884
v -11.538462 -1.970399 -615.905884
v -10.000000 -1.976664 -615.905884
v -8.461538 -1.982542 -615.905884
v -6.923077 -1.987838 -615.905884
v -5.384615 -1.992372 -615.905884
v -3.846154 -1.995979 -615.905884
v -2.307692 -1.998509 -615.905884
v -0.769231 -1.999830 -615.905884
v 0.769231 -1.999828 -615.905884
v 2.307692 -1.998453 -615.905884
v 3.846154 -1.995721 -615.905884
v 5.384615 -1.991665 -615.905884
v 6.923077 -1.986336 -615.905884
v 8.461538 -1.979792 -615.905884
v 10.000000 -1.972103 -615.905884
v 11.538462 -1.963341 -615.905884
v 13.076923 -1.953583 -615.905884
v 14.615385 -1.942906 -615.905884
v 16.153847 -1.931384 -615.905884
v 17.692308 -1.919089 -615.905884
v 19.230770 -1.906083 -615.905884
v 20.769230 -1.892424 -615.905884
v 22.307692 -1.878161 -615.905884
v 23.846153 -1.863333 -615.905884
v 25.384615 -1.847969 -615.905884
v 26.923077 -1.832088 -615.905884
v 28.461538 -1.815699 -615.905884
v 30.000000 -1.798805 -615.905884
v -30.000000 -1.950312 -617.411743
v -28.461538 -1.945388 -617.411743
v -26.923077 -1.942293 -617.411743
v -25.384615 -1.940887 -617.411743
v -23.846153 -1.941013 -617.411743
v -22.307692 -1.942499 -617.411743
v -20.769230 -1.945159 -617.411743
v -19.230770 -1.948802 -617.411743
v -17.692308 -1.953228 -617.411743
v -16.153847 -1.958237 -617.411743
v -14.615385 -1.963629 -617.411743
v -13.076923 -1.969208 -617.411743
v -11.538462 -1.974783 -617.411743
v -10.000000 -1.980172 -617.411743
v -8.461538 -1.985204 -617.411743
v -6.923077 -1.989717 -617.411743
v -5.384615 -1.993566 -617.411743
v -3.846154 -1.996615 -617.411743
v -2.307692 -1.998748 -617.411743
v -0.769231 -1.999857 -617.411743
v 0.769231 -1.999856 -617.411743
v 2.307692 -1.998707 -617.411743
v 3.846154 -1.996427 -617.411743
v 5.384615 -1.993046 -617.411743
v 6.923077 -1.988605 -617.411743
v 8.461538 -1.983149 -617.411743
v 10.000000 -1.976730 -617.411743
v 11.538462 -1.969399 -617.411743
v 13.076923 -1.961207 -617.411743
v 14.615385 -1.952203 -617.411743
v 16.153847 -1.942431 -617.411743
v 17.692308 -1.931928 -617.411743
v 19.230770 -1.920725 -617.411743
v 20.769230 -1.908842 -617.411743
v 22.307692 -1.896294 -617.411743
v 23.846153 -1.883085 -617.411743
v 25.384615 -1.869210 -617.411743
v 26.923077 -1.854657 -617.411743
v 28.461538 -1.839406 -617.411743
v 30.000000 -1.823429 -617.411743
v -30.000000 -1.959988 -618.917664
v -28.461538 -1.955620 -618.917664
v -26.923077 -1.952866 -618.917664
v -25.384615 -1.951589 -618.917664
v -23.846153 -1.951638 -618.917664
v -22.307692 -1.952852 -618.917664
v -20.769230 -1.955062 -618.917664
v -19.230770 -1.958096 -618.917664
v -17.692308 -1.961778 -618.917664
v -16.153847 -1.965933 -618.917664
v -14.615385 -1.970390 -618.917664
v -13.076923 -1.974985 -618.917664
v -11.538462 -1.979558 -618.917664
v -10.000000 -1.983962 -618.917664
v -8.461538 -1.988057 -618.917664
v -6.923077 -1.991718 -618.917664
v -5.384615 -1.994827 -618.917664
v -3.846154 -1.997284 -618.917664
v -2.307692 -1.998996 -618.917664
v -0.769231 -1.999886 -618.917664
v 0.769231 -1.999885 -618.917664
v 2.307692 -1.998967 -618.917664
v 3.846154 -1.997146 -618.917664
v 5.384615 -1.994444 -618.917664
v 6.923077 -1.990890 -618.917664
v 8.461538 -1.986511 -618.917664
v 10.000000 -1.981338 -618.917664
v 11.538462 -1.975399 -618.917664
v 13.076923 -1.968716 -618.917664
v 14.615385 -1.961308 -618.917664
v 16.153847 -1.953186 -618.917664
v 17.692308 -1.944354 -618.917664
v 19.230770 -1.934807 -618.917664
v 20.769230 -1.924533 -618.917664
v 22.307692 -1.913511 -618.917664
v 23.846153 -1.901711 -618.917664
v 25.384615 -1.889097 -618.917664
v 26.923077 -1.875626 -618.917664
v 28.461538 -1.861252 -618.917664
v 30.000000 -1.845924 -618.917664
v -30.000000 -1.972294 -620.423523
v -28.461538 -1.968283 -620.423523
v -26.923077 -1.965658 -620.423523
v -25.384615 -1.964291 -620.423523
v -23.846153 -1.964043 -620.423523
v -22.307692 -1.964767 -620.423523
v -20.769230 -1.966315 -620.423523
v -19.230770 -1.968536 -620.423523
v -17.692308 -1.971282 -620.423523
v -16.153847 -1.974406 -620.423523
v -14.615385 -1.977769 -620.423523
v -13.076923 -1.981237 -620.423523
v -11.538462 -1.984687 -620.423523
v -10.000000 -1.988002 -620.423523
v -8.461538 -1.991079 -620.423523
v -6.923077 -1.993821 -620.423523
v -5.384615 -1.996146 -620.423523
v -3.846154 -1.997978 -620.423523
v -2.307692 -1.999253 -620.423523
v -0.769231 -1.999915 -620.423523
v 0.769231 -1.999914 -620.423523
v 2.307692 -1.999231 -620.423523
v 3.846154 -1.997871 -620.423523
v 5.384615 -1.995847 -620.423523
v 6.923077 -1.993169 -620.423523
v 8.461538 -1.989846 -620.423523
v 10.000000 -1.985885 -620.423523
v 11.538462 -1.981284 -620.423523
v 13.076923 -1.976038 -620.423523
v 14.615385 -1.970134 -620.423523
v 16.153847 -1.963548 -620.423523
v 17.692308 -1.956251 -620.423523
v 19.230770 -1.948205 -620.423523
v 20.769230 -1.939360 -620.423523
v 22.307692 -1.929665 -620.423523
v 23.846153 -1.919057 -620.423523
v 25.384615 -1.907472 -620.423523
v 26.923077 -1.894839 -620.423523
v 28.461538 -1.881088 -620.423523
v 30.000000 -1.866149 -620.423523
v -30.000000 -1.987250 -621.929382
v -28.461538 -1.983370 -621.929382
v -26.923077 -1.980644 -621.929382
v -25.384615 -1.978954 -621.929382
v -23.846153 -1.978176 -621.929382
v -22.307692 -1.978184 -621.929382
v -20.769230 -1.978851 -621.929382
v -19.230770 -1.980054 -621.929382
v -17.692308 -1.981673 -621.929382
v -16.153847 -1.983593 -621.929382
v -14.615385 -1.985707 -621.929382
v -13.076923 -1.987914 -621.929382
v -11.538462 -1.990125 -621.929382
v -10.000000 -1.992258 -621.929382
v -8.461538 -1.994240 -621.929382
v -6.923077 -1.996009 -621.929382
v -5.384615 -1.997508 -621.929382
v -3.846154 -1.998691 -621.929382
v -2.307692 -1.999516 -621.929382
v -0.769231 -1.999945 -621.929382
v 0.769231 -1.999944 -621.929382
v 2.307692 -1.999496 -621.929382
v 3.846154 -1.998596 -621.929382
v 5.384615 -1.997241 -621.929382
v 6.923077 -1.995421 -621.929382
v 8.461538 -1.993123 -621.929382
v 10.000000 -1.990325 -621.929382
v 11.538462 -1.986998 -621.929382
v 13.076923 -1.983106 -621.929382
v 14.615385 -1.978600 -621.929382
v 16.153847 -1.973425 -621.929382
v 17.692308 -1.967517 -621.929382
v 19.230770 -1.960803 -621.929382
v 20.769230 -1.953202 -621.929382
v 22.307692 -1.944630 -621.929382
v 23.846153 -1.934996 -621.929382
v 25.384615 -1.924207 -621.929382
v 26.923077 -1.912170 -621.929382
v 28.461538 -1.898796 -621.929382
v 30.000000 -1.883997 -621.929382
v -30.000000 -2.004834 -623.435303
v -28.461538 -2.000841 -623.435303
v -26.923077 -1.997766 -623.435303
v -25.384615 -1.995507 -623.435303
v -23.846153 -1.993958 -623.435303
v -22.307692 -1.993018 -623.435303
v -20.769230 -1.992586 -623.435303
v -19.230770 -1.992567 -623.435303
v -17.692308 -1.992872 -623.435303
v -16.153847 -1.993420 -623.435303
v -14.615385 -1.994137 -623.435303
v -13.076923 -1.994958 -623.435303
v -11.538462 -1.995825 -623.435303
v -10.000000 -1.996690 -623.435303
v -8.461538 -1.997513 -623.435303
v -6.923077 -1.998260 -623.435303
v -5.384615 -1.998903 -623.435303
v -3.846154 -1.999417 -623.435303
v -2.307692 -1.999781 -623.435303
v -0.769231 -1.999975 -623.435303
v 0.769231 -1.999974 -623.435303
v 2.307692 -1.999759 -623.435303
v 3.846154 -1.999313 -623.435303
v 5.384615 -1.998612 -623.435303
v 6.923077 -1.997624 -623.435303
v 8.461538 -1.996309 -623.435303
v 10.000000 -1.994618 -623.435303
v 11.538462 -1.992490 -623.435303
v 13.076923 -1.989855 -623.435303
v 14.615385 -1.986632 -623.435303
v 16.153847 -1.982733 -623.435303
v 17.692308 -1.978058 -623.435303
v 19.230770 -1.972501 -623.435303
v 20.769230 -1.965953 -623.435303
v 22.307692 -1.958297 -623.435303
v 23.846153 -1.949417 -623.435303
v 25.384615 -1.939198 -623.435303
v 26.923077 -1.927525 -623.435303
v 28.461538 -1.914292 -623.435303
v 30.000000 -1.899401 -623.435303
v -30.000000 -2.024985 -624.941162
v -28.461538 -2.020618 -624.941162
v -26.923077 -2.016934 -624.941162
v -25.384615 -2.013850 -624.941162
v -23.846153 -2.011286 -624.941162
v -22.307692 -2.009164 -624.941162
v -20.769230 -2.007415 -624.941162
v -19.230770 -2.005975 -624.941162
v -17.692308 -2.004787 -624.941162
v -16.153847 -2.003804 -624.941162
v -14.615385 -2.002987 -624.941162
v -13.076923 -2.002305 -624.941162
v -11.538462 -2.001734 -624.941162
v -10.000000 -2.001258 -624.941162
v -8.461538 -2.000867 -624.941162
v -6.923077 -2.000554 -624.941162
v -5.384615 -2.000315 -624.941162
v -3.846154 -2.000148 -624.941162
v -2.307692 -2.000047 -624.941162
v -0.769231 -2.000005 -624.941162
v 0.769231 -2.000003 -624.941162
v 2.307692 -2.000019 -624.941162
v 3.846154 -2.000016 -624.941162
v 5.384615 -1.999947 -624.941162
v 6.923077 -1.999757 -624.941162
v 8.461538 -1.999377 -624.941162
v 10.000000 -1.998725 -624.941162
v 11.538462 -1.997710 -624.941162
v 13.076923 -1.996227 -624.941162
v 14.615385 -1.994163 -624.941162
v 16.153847 -1.991395 -624.941162
v 17.692308 -1.987790 -624.941162
v 19.230770 -1.983214 -624.941162
v 20.769230 -1.977524 -624.941162
v 22.307692 -1.970580 -624.941162
v 23.846153 -1.962241 -624.941162
v 25.384615 -1.952371 -624.941162
v 26.923077 -1.940841 -624.941162
v 28.461538 -1.927531 -624.941162
v 30.000000 -1.912336 -624.941162
v -30.000000 -2.047604 -626.447083
v -28.461538 -2.042587 -626.447083
v -26.923077 -2.038025 -626.447083
v -25.384615 -2.033858 -626.447083
v -23.846153 -2.030031 -626.447083
v -22.307692 -2.026498 -626.447083
v -20.769230 -2.023220 -626.447083
v -19.230770 -2.020166 -626.447083
v -17.692308 -2.017314 -626.447083
v -16.153847 -2.014652 -626.447083
v -14.615385 -2.012176 -626.447083
v -13.076923 -2.009888 -626.447083
v -11.538462 -2.007797 -626.447083
v -10.000000 -2.005919 -626.447083
v -8.461538 -2.004269 -626.447083
v -6.923077 -2.002868 -626.447083
v -5.384615 -2.001733 -626.447083
v -3.846154 -2.000878 -626.447083
v -2.307692 -2.000312 -626.447083
v -0.769231 -2.000034 -626.447083
v 0.769231 -2.000032 -626.447083
v 2.307692 -2.000273 -626.447083
v 3.846154 -2.000697 -626.447083
v 5.384615 -2.001235 -626.447083
v 6.923077 -2.001802 -626.447083
v 8.461538 -2.002297 -626.447083
v 10.000000 -2.002610 -626.447083
v 11.538462 -2.002613 -626.447083
v 13.076923 -2.002170 -626.447083
v 14.615385 -2.001133 -626.447083
v 16.153847 -1.999346 -626.447083
v 17.692308 -1.996647 -626.447083
v 19.230770 -1.992870 -626.447083
v 20.769230 -1.987848 -626.447083
v 22.307692 -1.981414 -626.447083
v 23.846153 -1.973410 -626.447083
v 25.384615 -1.963681 -626.447083
v 26.923077 -1.952087 -626.447083
v 28.461538 -1.938501 -626.447083
v 30.000000 -1.922814 -626.447083
v -30.000000 -2.072551 -627.952942
v -28.461538 -2.066602 -627.952942
v -26.923077 -2.060889 -627.952942
v -25.384615 -2.055378 -627.952942
v -23.846153 -2.050045 -627.952942
v -22.307692 -2.044876 -627.952942
v -20.769230 -2.039864 -627.952942
v -19.230770 -2.035015 -627.952942
v -17.692308 -2.030342 -627.952942
v -16.153847 -2.025867 -627.952942
v -14.615385 -2.021619 -627.952942
v -13.076923 -2.017636 -627.952942
v -11.538462 -2.013958 -627.952942
v -10.000000 -2.010627 -627.952942
v -8.461538 -2.007688 -627.952942
v -6.923077 -2.005180 -627.952942
v -5.384615 -2.003141 -627.952942
v -3.846154 -2.001599 -627.952942
v -2.307692 -2.000571 -627.952942
v -0.769231 -2.000062 -627.952942
v 0.769231 -2.000061 -627.952942
v 2.307692 -2.000517 -627.952942
v 3.846154 -2.001351 -627.952942
v 5.384615 -2.002464 -627.952942
v 6.923077 -2.003739 -627.952942
v 8.461538 -2.005047 -627.952942
v 10.000000 -2.006241 -627.952942
v 11.538462 -2.007162 -627.952942
v 13.076923 -2.007639 -627.952942
v 14.615385 -2.007493 -627.952942
v 16.153847 -2.006535 -627.952942
v 17.692308 -2.004574 -627.952942
v 19.230770 -2.001417 -627.952942
v 20.769230 -1.996874 -627.952942
v 22.307692 -1.990759 -627.952942
v 23.846153 -1.982893 -627.952942
v 25.384615 -1.973113 -627.952942
v 26.923077 -1.961268 -627.952942
v 28.461538 -1.947229 -627.952942
v 30.000000 -1.930888 -627.952942
v -30.000000 -2.099653 -629.458801
v -28.461538 -2.092484 -629.458801
v -26.923077 -2.085345 -629.458801
v -25.384615 -2.078234 -629.458801
v -23.846153 -2.071159 -629.458801
v -22.307692 -2.064138 -629.458801
v -20.769230 -2.057201 -629.458801
v -19.230770 -2.050388 -629.458801
v -17.692308 -2.043749 -629.458801
v -16.153847 -2.037341 -629.458801
v -14.615385 -2.031227 -629.458801
v -13.076923 -2.025476 -629.458801
v -11.538462 -2.020156 -629.458801
v -10.000000 -2.015339 -629.458801
v -8.461538 -2.011089 -629.458801
v -6.923077 -2.007468 -629.458801
v -5.384615 -2.004527 -629.458801
v -3.846154 -2.002304 -629.458801
v -2.307692 -2.000823 -629.458801
v -0.769231 -2.000090 -629.458801
v 0.769231 -2.000088 -629.458801
v 2.307692 -2.000751 -629.458801
v 3.846154 -2.001972 -629.458801
v 5.384615 -2.003622 -629.458801
v 6.923077 -2.005553 -629.458801
v 8.461538 -2.007602 -629.458801
v 10.000000 -2.009589 -629.458801
v 11.538462 -2.011322 -629.458801
v 13.076923 -2.012596 -629.458801
v 14.615385 -2.013200 -629.458801
v 16.153847 -2.012918 -629.458801
v 17.692308 -2.011530 -629.458801
v 19.230770 -2.008820 -629.458801
v 20.769230 -2.004576 -629.458801
v 22.307692 -1.998595 -629.458801
v 23.846153 -1.990688 -629.458801
v 25.384615 -1.980681 -629.458801
v 26.923077 -1.968420 -629.458801
v 28.461538 -1.953776 -629.458801
v 30.000000 -1.936648 -629.458801
v -30.000000 -2.128699 -630.964722
v -28.461538 -2.120024 -630.964722
v -26.923077 -2.111191 -630.964722
v -25.384615 -2.102231 -630.964722
v -23.846153 -2.093186 -630.964722
v -22.307692 -2.084110 -630.964722
v -20.769230 -2.075071 -630.964722
v -19.230770 -2.066142 -630.964722
v -17.692308 -2.057411 -630.964722
v -16.153847 -2.048967 -630.964722
v -14.615385 -2.040908 -630.964722
v -13.076923 -2.033331 -630.964722
v -11.538462 -2.026334 -630.964722
v -10.000000 -2.020008 -630.964722
v -8.461538 -2.014442 -630.964722
v -6.923077 -2.009711 -630.964722
v -5.384615 -2.005877 -630.964722
v -3.846154 -2.002987 -630.964722
v -2.307692 -2.001066 -630.964722
v -0.769231 -2.000117 -630.964722
v 0.769231 -2.000113 -630.964722
v 2.307692 -2.000972 -630.964722
v 3.846154 -2.002555 -630.964722
v 5.384615 -2.004701 -630.964722
v 6.923077 -2.007230 -630.964722
v 8.461538 -2.009945 -630.964722
v 10.000000 -2.012631 -630.964722
v 11.538462 -2.015065 -630.964722
v 13.076923 -2.017010 -630.964722
v 14.615385 -2.018225 -630.964722
v 16.153847 -2.018467 -630.964722
v 17.692308 -2.017491 -630.964722
v 19.230770 -2.015060 -630.964722
v 20.769230 -2.010945 -630.964722
v 22.307692 -2.004931 -630.964722
v 23.846153 -1.996818 -630.964722
v 25.384615 -1.986429 -630.964722
v 26.923077 -1.973611 -630.964722
v 28.461538 -1.958239 -630.964722
v 30.000000 -1.940221 -630.964722
v -30.000000 -2.159452 -632.470581
v -28.461538 -2.148988 -632.470581
v -26.923077 -2.138200 -632.470581
v -25.384615 -2.127153 -632.470581
v -23.846153 -2.115926 -632.470581
v -22.307692 -2.104609 -632.470581
v -20.769230 -2.093306 -632.470581
v -19.230770 -2.082129 -632.470581
v -17.692308 -2.071197 -632.470581
v -16.153847 -2.060635 -632.470581
v -14.615385 -2.050570 -632.470581
v -13.076923 -2.041128 -632.470581
v -11.538462 -2.032430 -632.470581
v -10.000000 -2.024591 -632.470581
v -8.461538 -2.017714 -632.470581
v -6.923077 -2.011887 -632.470581
v -5.384615 -2.007180 -632.470581
v -3.846154 -2.003642 -632.470581
v -2.307692 -2.001298 -632.470581
v -0.769231 -2.000142 -632.470581
v 0.769231 -2.000138 -632.470581
v 2.307692 -2.001178 -632.470581
v 3.846154 -2.003094 -632.470581
v 5.384615 -2.005692 -632.470581
v 6.923077 -2.008757 -632.470581
v 8.461538 -2.012058 -632.470581
v 10.000000 -2.015349 -632.470581
v 11.538462 -2.018372 -632.470581
v 13.076923 -2.020862 -632.470581
v 14.615385 -2.022549 -632.470581
v 16.153847 -2.023166 -632.470581
v 17.692308 -2.022448 -632.470581
v 19.230770 -2.020138 -632.470581
v 20.769230 -2.015996 -632.470581
v 22.307692 -2.009794 -632.470581
v 23.846153 -2.001331 -632.470581
v 25.384615 -1.990429 -632.470581
v 26.923077 -1.976938 -632.470581
v 28.461538 -1.960745 -632.470581
v 30.000000 -1.941769 -632.470581
v -30.000000 -2.191644 -633.976440
v -28.461538 -2.179119 -633.976440
v -26.923077 -2.166128 -633.976440
v -25.384615 -2.152771 -633.976440
v -23.846153 -2.139166 -633.976440
v -22.307692 -2.125440 -633.976440
v -20.769230 -2.111734 -633.976440
v -19.230770 -2.098194 -633.976440
v -17.692308 -2.084974 -633.976440
v -16.153847 -2.072231 -633.976440
v -14.615385 -2.060119 -633.976440
v -13.076923 -2.048790 -633.976440
v -11.538462 -2.038388 -633.976440
v -10.000000 -2.029044 -633.976440
v -8.461538 -2.020874 -633.976440
v -6.923077 -2.013975 -633.976440
v -5.384615 -2.008423 -633.976440
v -3.846154 -2.004263 -633.976440
v -2.307692 -2.001516 -633.976440
v -0.769231 -2.000165 -633.976440
v 0.769231 -2.000160 -633.976440
v 2.307692 -2.001368 -633.976440
v 3.846154 -2.003587 -633.976440
v 5.384615 -2.006588 -633.976440
v 6.923077 -2.010124 -633.976440
v 8.461538 -2.013930 -633.976440
v 10.000000 -2.017727 -633.976440
v 11.538462 -2.021227 -633.976440
v 13.076923 -2.024137 -633.976440
v 14.615385 -2.026163 -633.976440
v 16.153847 -2.027014 -633.976440
v 17.692308 -2.026407 -633.976440
v 19.230770 -2.024074 -633.976440
v 20.769230 -2.019761 -633.976440
v 22.307692 -2.013239 -633.976440
v 23.846153 -2.004303 -633.976440
v 25.384615 -1.992781 -633.976440
v 26.923077 -1.978532 -633.976440
v 28.461538 -1.961453 -633.976440
v 30.000000 -1.941484 -633.976440
v -30.000000 -2.224984 -635.482361
v -28.461538 -2.210140 -635.482361
v -26.923077 -2.194713 -635.482361
v -25.384615 -2.178844 -635.482361
v -23.846153 -2.162686 -635.482361
v -22.307692 -2.146405 -635.482361
v -20.769230 -2.130177 -635.482361
v -19.230770 -2.114183 -635.482361
v -17.692308 -2.098611 -635.482361
v -16.153847 -2.083644 -635.482361
v -14.615385 -2.069465 -635.482361
v -13.076923 -2.056247 -635.482361
v -11.538462 -2.044152 -635.482361
v -10.000000 -2.033325 -635.482361
v -8.461538 -2.023894 -635.482361
v -6.923077 -2.015959 -635.482361
v -5.384615 -2.009594 -635.482361
v -3.846154 -2.004845 -635.482361
v -2.307692 -2.001719 -635.482361
v -0.769231 -2.000187 -635.482361
v 0.769231 -2.000180 -635.482361
v 2.307692 -2.001540 -635.482361
v 3.846154 -2.004029 -635.482361
v 5.384615 -2.007385 -635.482361
v 6.923077 -2.011325 -635.482361
v 8.461538 -2.015553 -635.482361
v 10.000000 -2.019758 -635.482361
v 11.538462 -2.023625 -635.482361
v 13.076923 -2.026834 -635.482361
v 14.615385 -2.029069 -635.482361
v 16.153847 -2.030020 -635.482361
v 17.692308 -2.029392 -635.482361
v 19.230770 -2.026902 -635.482361
v 20.769230 -2.022295 -635.482361
v 22.307692 -2.015339 -635.482361
v 23.846153 -2.005832 -635.482361
v 25.384615 -1.993610 -635.482361
v 26.923077 -1.978544 -635.482361
v 28.461538 -1.960550 -635.482361
v 30.000000 -1.939587 -635.482361
v -30.000000 -2.259165 -636.988220
v -28.461538 -2.241760 -636.988220
v -26.923077 -2.223686 -636.988220
v -25.384615 -2.205122 -636.988220
v -23.846153 -2.186260 -636.988220
v -22.307692 -2.167301 -636.988220
v -20.769230 -2.148458 -636.988220
v -19.230770 -2.129944 -636.988220
v -17.692308 -2.111976 -636.988220
v -16.153847 -2.094766 -636.988220
v -14.615385 -2.078519 -636.988220
v -13.076923 -2.063427 -636.988220
v -11.538462 -2.049668 -636.988220
v -10.000000 -2.037397 -636.988220
v -8.461538 -2.026746 -636.988220
v -6.923077 -2.017819 -636.988220
v -5.384615 -2.010686 -636.988220
v -3.846154 -2.005382 -636.988220
v -2.307692 -2.001904 -636.988220
v -0.769231 -2.000207 -636.988220
v 0.769231 -2.000199 -636.988220
v 2.307692 -2.001693 -636.988220
v 3.846154 -2.004418 -636.988220
v 5.384615 -2.008077 -636.988220
v 6.923077 -2.012354 -636.988220
v 8.461538 -2.016920 -636.988220
v 10.000000 -2.021438 -636.988220
v 11.538462 -2.025564 -636.988220
v 13.076923 -2.028956 -636.988220
v 14.615385 -2.031279 -636.988220
v 16.153847 -2.032209 -636.988220
v 17.692308 -2.031437 -636.988220
v 19.230770 -2.028677 -636.988220
v 20.769230 -2.023671 -636.988220
v 22.307692 -2.016188 -636.988220
v 23.846153 -2.006037 -636.988220
v 25.384615 -1.993062 -636.988220
v 26.923077 -1.977154 -636.988220
v 28.461538 -1.958247 -636.988220
v 30.000000 -1.936323 -636.988220
v -30.000000 -2.293861 -638.494141
v -28.461538 -2.273676 -638.494141
v -26.923077 -2.252768 -638.494141
v -25.384615 -2.231352 -638.494141
v -23.846153 -2.209659 -638.494141
v -22.307692 -2.187927 -638.494141
v -20.769230 -2.166400 -638.494141
v -19.230770 -2.145324 -638.494141
v -17.692308 -2.124943 -638.494141
v -16.153847 -2.105492 -638.494141
v -14.615385 -2.087197 -638.494141
v -13.076923 -2.070266 -638.494141
v -11.538462 -2.054887 -638.494141
v -10.000000 -2.041223 -638.494141
v -8.461538 -2.029408 -638.494141
v -6.923077 -2.019542 -638.494141
v -5.384615 -2.011688 -638.494141
v -3.846154 -2.005872 -638.494141
v -2.307692 -2.002072 -638.494141
v -0.769231 -2.000225 -638.494141
v 0.769231 -2.000215 -638.494141
v 2.307692 -2.001827 -638.494141
v 3.846154 -2.004753 -638.494141
v 5.384615 -2.008662 -638.494141
v 6.923077 -2.013208 -638.494141
v 8.461538 -2.018032 -638.494141
v 10.000000 -2.022768 -638.494141
v 11.538462 -2.027051 -638.494141
v 13.076923 -2.030518 -638.494141
v 14.615385 -2.032818 -638.494141
v 16.153847 -2.033615 -638.494141
v 17.692308 -2.032595 -638.494141
v 19.230770 -2.029468 -638.494141
v 20.769230 -2.023978 -638.494141
v 22.307692 -2.015901 -638.494141
v 23.846153 -2.005058 -638.494141
v 25.384615 -1.991308 -638.494141
v 26.923077 -1.974561 -638.494141
v 28.461538 -1.954774 -638.494141
v 30.000000 -1.931956 -638.494141
v -30.000000 -2.328738 -640.000000
v -28.461538 -2.305580 -640.000000
v -26.923077 -2.281676 -640.000000
v -25.384615 -2.257280 -640.000000
v -23.846153 -2.232659 -640.000000
v -22.307692 -2.208084 -640.000000
v -20.769230 -2.183833 -640.000000
v -19.230770 -2.160178 -640.000000
v -17.692308 -2.137390 -640.000000
v -16.153847 -2.115723 -640.000000
v -14.615385 -2.095421 -640.000000
v -13.076923 -2.076702 -640.000000
v -11.538462 -2.059764 -640.000000
v -10.000000 -2.044771 -640.000000
v -8.461538 -2.031856 -640.000000
v -6.923077 -2.021112 -640.000000
v -5.384615 -2.012594 -640.000000
v -3.846154 -2.006309 -640.000000
v -2.307692 -2.002220 -640.000000
v -0.769231 -2.000240 -640.000000
v 0.769231 -2.000229 -640.000000
v 2.307692 -2.001940 -640.000000
v 3.846154 -2.005032 -640.000000
v 5.384615 -2.009141 -640.000000
v 6.923077 -2.013890 -640.000000
v 8.461538 -2.018892 -640.000000
v 10.000000 -2.023757 -640.000000
v 11.538462 -2.028100 -640.000000
v 13.076923 -2.031542 -640.000000
v 14.615385 -2.033719 -640.000000
v 16.153847 -2.034287 -640.000000
v 17.692308 -2.032929 -640.000000
v 19.230770 -2.029358 -640.000000
v 20.769230 -2.023321 -640.000000
v 22.307692 -2.014608 -640.000000
v 23.846153 -2.003052 -640.000000
v 25.384615 -1.988532 -640.000000
v 26.923077 -1.970980 -640.000000
v 28.461538 -1.950379 -640.000000
v 30.000000 -1.926767 -640.000000
